ai_log_id,timestamp,session_id,customer_id,component,action,tool_name,input_reference,output_reference,result,latency_ms,model_version
AI-LOG-100001,2026-09-01T00:44:54,SESS-61750,SYN-U-12787,FRAUD_ENGINE,TRANSACTION_RISK_SCORING,xgb_fraud_predict,REF-SYN-U-12787-HASH-0000,risk_score=91,SUCCESS,20.9,fraud-xgb-1.0.0
AI-LOG-100002,2026-09-01T01:02:16,SESS-91685,SYN-U-16288,FRAUD_ENGINE,TRANSACTION_RISK_SCORING,xgb_fraud_predict,REF-SYN-U-16288-HASH-0001,risk_score=75,SUCCESS,18.89,fraud-xgb-1.0.0
AI-LOG-100003,2026-09-01T02:19:07,SESS-83746,SYN-U-18735,FRAUD_ENGINE,TRANSACTION_RISK_SCORING,xgb_fraud_predict,REF-SYN-U-18735-HASH-0002,risk_score=20,FLAGGED,18.3,fraud-xgb-1.0.0
AI-LOG-100004,2026-09-01T02:27:07,SESS-31758,SYN-U-15494,CREDIT_ENGINE,CREDIT_READINESS_ASSESSMENT,xgb_credit_evaluate,REF-SYN-U-15494-HASH-0003,credit_score=64,SUCCESS,24.8,credit-xgb-1.0.0
AI-LOG-100005,2026-09-01T02:54:34,SESS-56972,SYN-U-13289,CREDIT_ENGINE,CREDIT_READINESS_ASSESSMENT,xgb_credit_evaluate,REF-SYN-U-13289-HASH-0004,credit_score=96,SUCCESS,25.68,credit-xgb-1.0.0
AI-LOG-100006,2026-09-01T03:21:24,SESS-48778,SYN-U-13318,ANOMALY_ENGINE,BEHAVIORAL_OUTLIER_SCAN,iforest_score,REF-SYN-U-13318-HASH-0005,anomaly_flag=0,SUCCESS,14.28,anomaly-iforest-1.0.0
AI-LOG-100007,2026-09-01T03:28:20,SESS-55445,SYN-U-19180,FRAUD_ENGINE,TRANSACTION_RISK_SCORING,xgb_fraud_predict,REF-SYN-U-19180-HASH-0006,risk_score=6,SUCCESS,19.8,fraud-xgb-1.0.0
AI-LOG-100008,2026-09-01T05:31:32,SESS-98568,SYN-U-16457,ANOMALY_ENGINE,BEHAVIORAL_OUTLIER_SCAN,iforest_score,REF-SYN-U-16457-HASH-0007,anomaly_flag=0,SUCCESS,10.59,anomaly-iforest-1.0.0
AI-LOG-100009,2026-09-01T05:39:02,SESS-53490,SYN-U-10369,FRAUD_ENGINE,TRANSACTION_RISK_SCORING,xgb_fraud_predict,REF-SYN-U-10369-HASH-0008,risk_score=90,SUCCESS,23.33,fraud-xgb-1.0.0
AI-LOG-100010,2026-09-01T06:30:22,SESS-41485,SYN-U-19843,FRAUD_ENGINE,TRANSACTION_RISK_SCORING,xgb_fraud_predict,REF-SYN-U-19843-HASH-0009,risk_score=9,SUCCESS,28.57,fraud-xgb-1.0.0
AI-LOG-100011,2026-09-01T06:32:21,SESS-81756,SYN-U-18125,FRAUD_ENGINE,TRANSACTION_RISK_SCORING,xgb_fraud_predict,REF-SYN-U-18125-HASH-000A,risk_score=11,SUCCESS,16.92,fraud-xgb-1.0.0
AI-LOG-100012,2026-09-01T06:41:08,SESS-71894,SYN-U-14099,FRAUD_ENGINE,TRANSACTION_RISK_SCORING,xgb_fraud_predict,REF-SYN-U-14099-HASH-000B,risk_score=44,SUCCESS,22.01,fraud-xgb-1.0.0
AI-LOG-100013,2026-09-01T07:05:59,SESS-37301,SYN-U-19651,VOICE_AI,VOICE_INTENT_DISPATCH,create_case,REF-SYN-U-19651-HASH-000C,tool_dispatched=create_case,SUCCESS,232.1,voice-agent-v1
AI-LOG-100014,2026-09-01T07:24:27,SESS-37158,SYN-U-13101,ANOMALY_ENGINE,BEHAVIORAL_OUTLIER_SCAN,iforest_score,REF-SYN-U-13101-HASH-000D,anomaly_flag=0,SUCCESS,10.14,anomaly-iforest-1.0.0
AI-LOG-100015,2026-09-01T07:37:08,SESS-92391,SYN-U-10551,ANOMALY_ENGINE,BEHAVIORAL_OUTLIER_SCAN,iforest_score,REF-SYN-U-10551-HASH-000E,anomaly_flag=0,SUCCESS,8.91,anomaly-iforest-1.0.0
AI-LOG-100016,2026-09-01T07:49:04,SESS-74049,SYN-U-16485,ANOMALY_ENGINE,BEHAVIORAL_OUTLIER_SCAN,iforest_score,REF-SYN-U-16485-HASH-000F,anomaly_flag=0,SUCCESS,13.92,anomaly-iforest-1.0.0
AI-LOG-100017,2026-09-01T08:16:32,SESS-11277,SYN-U-11368,FRAUD_ENGINE,TRANSACTION_RISK_SCORING,xgb_fraud_predict,REF-SYN-U-11368-HASH-0010,risk_score=74,SUCCESS,19.77,fraud-xgb-1.0.0
AI-LOG-100018,2026-09-01T09:21:22,SESS-64463,SYN-U-14718,FRAUD_ENGINE,TRANSACTION_RISK_SCORING,xgb_fraud_predict,REF-SYN-U-14718-HASH-0011,risk_score=41,FLAGGED,17.39,fraud-xgb-1.0.0
AI-LOG-100019,2026-09-01T09:40:47,SESS-93937,SYN-U-13527,CREDIT_ENGINE,CREDIT_READINESS_ASSESSMENT,xgb_credit_evaluate,REF-SYN-U-13527-HASH-0012,credit_score=86,SUCCESS,18.19,credit-xgb-1.0.0
AI-LOG-100020,2026-09-01T09:51:27,SESS-87692,SYN-U-17341,ANOMALY_ENGINE,BEHAVIORAL_OUTLIER_SCAN,iforest_score,REF-SYN-U-17341-HASH-0013,anomaly_flag=0,SUCCESS,11.99,anomaly-iforest-1.0.0
AI-LOG-100021,2026-09-01T10:08:38,SESS-52811,SYN-U-12215,FRAUD_ENGINE,TRANSACTION_RISK_SCORING,xgb_fraud_predict,REF-SYN-U-12215-HASH-0014,risk_score=5,SUCCESS,16.21,fraud-xgb-1.0.0
AI-LOG-100022,2026-09-01T10:12:59,SESS-26682,SYN-U-10970,VOICE_AI,VOICE_INTENT_DISPATCH,get_balance,REF-SYN-U-10970-HASH-0015,tool_dispatched=get_balance,SUCCESS,240.88,voice-agent-v1
AI-LOG-100023,2026-09-01T12:58:50,SESS-78135,SYN-U-15350,FRAUD_ENGINE,TRANSACTION_RISK_SCORING,xgb_fraud_predict,REF-SYN-U-15350-HASH-0016,risk_score=93,SUCCESS,21.48,fraud-xgb-1.0.0
AI-LOG-100024,2026-09-01T14:29:00,SESS-36708,SYN-U-13007,FRAUD_ENGINE,TRANSACTION_RISK_SCORING,xgb_fraud_predict,REF-SYN-U-13007-HASH-0017,risk_score=80,SUCCESS,16.5,fraud-xgb-1.0.0
AI-LOG-100025,2026-09-01T17:26:23,SESS-34432,SYN-U-18880,ANOMALY_ENGINE,BEHAVIORAL_OUTLIER_SCAN,iforest_score,REF-SYN-U-18880-HASH-0018,anomaly_flag=0,SUCCESS,18.66,anomaly-iforest-1.0.0
AI-LOG-100026,2026-09-01T18:24:16,SESS-18418,SYN-U-11009,FRAUD_ENGINE,TRANSACTION_RISK_SCORING,xgb_fraud_predict,REF-SYN-U-11009-HASH-0019,risk_score=60,SUCCESS,19.27,fraud-xgb-1.0.0
AI-LOG-100027,2026-09-01T18:24:34,SESS-76226,SYN-U-15966,FRAUD_ENGINE,TRANSACTION_RISK_SCORING,xgb_fraud_predict,REF-SYN-U-15966-HASH-001A,risk_score=54,SUCCESS,19.55,fraud-xgb-1.0.0
AI-LOG-100028,2026-09-01T18:27:25,SESS-10404,SYN-U-19983,REPORT_COPILOT,DISPUTE_SUMMARIZATION,case_copilot_summarize,REF-SYN-U-19983-HASH-001B,draft_summary_generated,SUCCESS,149.71,case-copilot-v1
AI-LOG-100029,2026-09-01T19:22:01,SESS-84834,SYN-U-14712,FRAUD_ENGINE,TRANSACTION_RISK_SCORING,xgb_fraud_predict,REF-SYN-U-14712-HASH-001C,risk_score=55,SUCCESS,16.1,fraud-xgb-1.0.0
AI-LOG-100030,2026-09-01T19:27:07,SESS-35749,SYN-U-18369,ANOMALY_ENGINE,BEHAVIORAL_OUTLIER_SCAN,iforest_score,REF-SYN-U-18369-HASH-001D,anomaly_flag=0,SUCCESS,10.24,anomaly-iforest-1.0.0
AI-LOG-100031,2026-09-01T19:36:47,SESS-39336,SYN-U-16038,CREDIT_ENGINE,CREDIT_READINESS_ASSESSMENT,xgb_credit_evaluate,REF-SYN-U-16038-HASH-001E,credit_score=49,SUCCESS,19.92,credit-xgb-1.0.0
AI-LOG-100032,2026-09-01T20:04:12,SESS-58573,SYN-U-10507,FRAUD_ENGINE,TRANSACTION_RISK_SCORING,xgb_fraud_predict,REF-SYN-U-10507-HASH-001F,risk_score=81,SUCCESS,16.23,fraud-xgb-1.0.0
AI-LOG-100033,2026-09-01T21:34:52,SESS-50538,SYN-U-12880,CREDIT_ENGINE,CREDIT_READINESS_ASSESSMENT,xgb_credit_evaluate,REF-SYN-U-12880-HASH-0020,credit_score=56,SUCCESS,17.14,credit-xgb-1.0.0
AI-LOG-100034,2026-09-01T22:07:31,SESS-78310,SYN-U-12891,FRAUD_ENGINE,TRANSACTION_RISK_SCORING,xgb_fraud_predict,REF-SYN-U-12891-HASH-0021,risk_score=9,FLAGGED,12.29,fraud-xgb-1.0.0
AI-LOG-100035,2026-09-01T22:15:43,SESS-50377,SYN-U-12746,FRAUD_ENGINE,TRANSACTION_RISK_SCORING,xgb_fraud_predict,REF-SYN-U-12746-HASH-0022,risk_score=8,SUCCESS,12.29,fraud-xgb-1.0.0
AI-LOG-100036,2026-09-01T22:43:55,SESS-71479,SYN-U-18437,ANOMALY_ENGINE,BEHAVIORAL_OUTLIER_SCAN,iforest_score,REF-SYN-U-18437-HASH-0023,anomaly_flag=0,SUCCESS,12.48,anomaly-iforest-1.0.0
AI-LOG-100037,2026-09-01T23:55:03,SESS-89605,SYN-U-18088,REPORT_COPILOT,DISPUTE_SUMMARIZATION,case_copilot_summarize,REF-SYN-U-18088-HASH-0024,draft_summary_generated,SUCCESS,232.85,case-copilot-v1
AI-LOG-100038,2026-09-02T00:53:53,SESS-37753,SYN-U-19620,FRAUD_ENGINE,TRANSACTION_RISK_SCORING,xgb_fraud_predict,REF-SYN-U-19620-HASH-0025,risk_score=89,SUCCESS,16.61,fraud-xgb-1.0.0
AI-LOG-100039,2026-09-02T01:31:39,SESS-38632,SYN-U-17559,CREDIT_ENGINE,CREDIT_READINESS_ASSESSMENT,xgb_credit_evaluate,REF-SYN-U-17559-HASH-0026,credit_score=69,SUCCESS,34.7,credit-xgb-1.0.0
AI-LOG-100040,2026-09-02T03:29:29,SESS-11855,SYN-U-11863,FRAUD_ENGINE,TRANSACTION_RISK_SCORING,xgb_fraud_predict,REF-SYN-U-11863-HASH-0027,risk_score=89,SUCCESS,17.31,fraud-xgb-1.0.0
AI-LOG-100041,2026-09-02T04:53:22,SESS-64188,SYN-U-15856,ANOMALY_ENGINE,BEHAVIORAL_OUTLIER_SCAN,iforest_score,REF-SYN-U-15856-HASH-0028,anomaly_flag=0,SUCCESS,17.8,anomaly-iforest-1.0.0
AI-LOG-100042,2026-09-02T05:24:43,SESS-94113,SYN-U-17057,CREDIT_ENGINE,CREDIT_READINESS_ASSESSMENT,xgb_credit_evaluate,REF-SYN-U-17057-HASH-0029,credit_score=43,SUCCESS,30.01,credit-xgb-1.0.0
AI-LOG-100043,2026-09-02T05:46:09,SESS-92279,SYN-U-16193,REPORT_COPILOT,DISPUTE_SUMMARIZATION,case_copilot_summarize,REF-SYN-U-16193-HASH-002A,draft_summary_generated,SUCCESS,298.28,case-copilot-v1
AI-LOG-100044,2026-09-02T05:51:50,SESS-48687,SYN-U-19571,FRAUD_ENGINE,TRANSACTION_RISK_SCORING,xgb_fraud_predict,REF-SYN-U-19571-HASH-002B,risk_score=65,SUCCESS,20.42,fraud-xgb-1.0.0
AI-LOG-100045,2026-09-02T06:11:37,SESS-14257,SYN-U-19198,FRAUD_ENGINE,TRANSACTION_RISK_SCORING,xgb_fraud_predict,REF-SYN-U-19198-HASH-002C,risk_score=44,SUCCESS,17.8,fraud-xgb-1.0.0
AI-LOG-100046,2026-09-02T06:15:50,SESS-76586,SYN-U-11774,ANOMALY_ENGINE,BEHAVIORAL_OUTLIER_SCAN,iforest_score,REF-SYN-U-11774-HASH-002D,anomaly_flag=0,SUCCESS,13.32,anomaly-iforest-1.0.0
AI-LOG-100047,2026-09-02T06:31:06,SESS-61030,SYN-U-10603,VOICE_AI,VOICE_INTENT_DISPATCH,get_transaction,REF-SYN-U-10603-HASH-002E,tool_dispatched=get_transaction,SUCCESS,245.6,voice-agent-v1
AI-LOG-100048,2026-09-02T07:59:21,SESS-16846,SYN-U-15885,FRAUD_ENGINE,TRANSACTION_RISK_SCORING,xgb_fraud_predict,REF-SYN-U-15885-HASH-002F,risk_score=24,FLAGGED,13.21,fraud-xgb-1.0.0
AI-LOG-100049,2026-09-02T08:00:50,SESS-60864,SYN-U-12884,VOICE_AI,VOICE_INTENT_DISPATCH,get_transaction,REF-SYN-U-12884-HASH-0030,tool_dispatched=get_transaction,SUCCESS,176.7,voice-agent-v1
AI-LOG-100050,2026-09-02T09:36:32,SESS-41785,SYN-U-18471,ANOMALY_ENGINE,BEHAVIORAL_OUTLIER_SCAN,iforest_score,REF-SYN-U-18471-HASH-0031,anomaly_flag=0,SUCCESS,10.65,anomaly-iforest-1.0.0
AI-LOG-100051,2026-09-02T11:03:03,SESS-84252,SYN-U-12904,ANOMALY_ENGINE,BEHAVIORAL_OUTLIER_SCAN,iforest_score,REF-SYN-U-12904-HASH-0032,anomaly_flag=0,SUCCESS,9.0,anomaly-iforest-1.0.0
AI-LOG-100052,2026-09-02T12:10:35,SESS-78369,SYN-U-14962,VOICE_AI,VOICE_INTENT_DISPATCH,create_case,REF-SYN-U-14962-HASH-0033,tool_dispatched=create_case,SUCCESS,131.63,voice-agent-v1
AI-LOG-100053,2026-09-02T14:02:25,SESS-37385,SYN-U-17175,ANOMALY_ENGINE,BEHAVIORAL_OUTLIER_SCAN,iforest_score,REF-SYN-U-17175-HASH-0034,anomaly_flag=0,SUCCESS,9.34,anomaly-iforest-1.0.0
AI-LOG-100054,2026-09-02T14:10:11,SESS-71392,SYN-U-12107,FRAUD_ENGINE,TRANSACTION_RISK_SCORING,xgb_fraud_predict,REF-SYN-U-12107-HASH-0035,risk_score=74,SUCCESS,8.49,fraud-xgb-1.0.0
AI-LOG-100055,2026-09-02T15:13:53,SESS-46450,SYN-U-11382,FRAUD_ENGINE,TRANSACTION_RISK_SCORING,xgb_fraud_predict,REF-SYN-U-11382-HASH-0036,risk_score=44,FLAGGED,17.94,fraud-xgb-1.0.0
AI-LOG-100056,2026-09-02T16:42:28,SESS-68520,SYN-U-11591,ANOMALY_ENGINE,BEHAVIORAL_OUTLIER_SCAN,iforest_score,REF-SYN-U-11591-HASH-0037,anomaly_flag=0,SUCCESS,14.02,anomaly-iforest-1.0.0
AI-LOG-100057,2026-09-02T17:43:00,SESS-13161,SYN-U-14096,CREDIT_ENGINE,CREDIT_READINESS_ASSESSMENT,xgb_credit_evaluate,REF-SYN-U-14096-HASH-0038,credit_score=89,SUCCESS,18.5,credit-xgb-1.0.0
AI-LOG-100058,2026-09-02T17:55:53,SESS-84200,SYN-U-10307,FRAUD_ENGINE,TRANSACTION_RISK_SCORING,xgb_fraud_predict,REF-SYN-U-10307-HASH-0039,risk_score=54,SUCCESS,15.1,fraud-xgb-1.0.0
AI-LOG-100059,2026-09-02T18:49:00,SESS-14028,SYN-U-12730,ANOMALY_ENGINE,BEHAVIORAL_OUTLIER_SCAN,iforest_score,REF-SYN-U-12730-HASH-003A,anomaly_flag=1,FLAGGED,11.96,anomaly-iforest-1.0.0
AI-LOG-100060,2026-09-02T19:55:40,SESS-70324,SYN-U-16725,VOICE_AI,VOICE_INTENT_DISPATCH,get_balance,REF-SYN-U-16725-HASH-003B,tool_dispatched=get_balance,SUCCESS,192.35,voice-agent-v1
AI-LOG-100061,2026-09-02T20:34:00,SESS-48950,SYN-U-12776,FRAUD_ENGINE,TRANSACTION_RISK_SCORING,xgb_fraud_predict,REF-SYN-U-12776-HASH-003C,risk_score=20,SUCCESS,20.96,fraud-xgb-1.0.0
AI-LOG-100062,2026-09-02T23:33:24,SESS-22986,SYN-U-14270,ANOMALY_ENGINE,BEHAVIORAL_OUTLIER_SCAN,iforest_score,REF-SYN-U-14270-HASH-003D,anomaly_flag=0,SUCCESS,6.47,anomaly-iforest-1.0.0
AI-LOG-100063,2026-09-03T01:02:15,SESS-25652,SYN-U-11518,FRAUD_ENGINE,TRANSACTION_RISK_SCORING,xgb_fraud_predict,REF-SYN-U-11518-HASH-003E,risk_score=69,SUCCESS,20.95,fraud-xgb-1.0.0
AI-LOG-100064,2026-09-03T01:09:03,SESS-77197,SYN-U-16950,CREDIT_ENGINE,CREDIT_READINESS_ASSESSMENT,xgb_credit_evaluate,REF-SYN-U-16950-HASH-003F,credit_score=56,SUCCESS,26.37,credit-xgb-1.0.0
AI-LOG-100065,2026-09-03T01:09:04,SESS-26459,SYN-U-16762,VOICE_AI,VOICE_INTENT_DISPATCH,get_balance,REF-SYN-U-16762-HASH-0040,tool_dispatched=get_balance,SUCCESS,208.05,voice-agent-v1
AI-LOG-100066,2026-09-03T01:14:52,SESS-95601,SYN-U-19483,VOICE_AI,VOICE_INTENT_DISPATCH,create_case,REF-SYN-U-19483-HASH-0041,tool_dispatched=create_case,SUCCESS,222.87,voice-agent-v1
AI-LOG-100067,2026-09-03T02:32:44,SESS-76744,SYN-U-14452,ANOMALY_ENGINE,BEHAVIORAL_OUTLIER_SCAN,iforest_score,REF-SYN-U-14452-HASH-0042,anomaly_flag=0,SUCCESS,12.79,anomaly-iforest-1.0.0
AI-LOG-100068,2026-09-03T02:51:22,SESS-74022,SYN-U-11769,REPORT_COPILOT,DISPUTE_SUMMARIZATION,case_copilot_summarize,REF-SYN-U-11769-HASH-0043,draft_summary_generated,SUCCESS,230.3,case-copilot-v1
AI-LOG-100069,2026-09-03T03:45:33,SESS-21628,SYN-U-17470,FRAUD_ENGINE,TRANSACTION_RISK_SCORING,xgb_fraud_predict,REF-SYN-U-17470-HASH-0044,risk_score=37,SUCCESS,14.77,fraud-xgb-1.0.0
AI-LOG-100070,2026-09-03T03:55:33,SESS-50855,SYN-U-10637,CREDIT_ENGINE,CREDIT_READINESS_ASSESSMENT,xgb_credit_evaluate,REF-SYN-U-10637-HASH-0045,credit_score=45,SUCCESS,27.14,credit-xgb-1.0.0
AI-LOG-100071,2026-09-03T04:22:16,SESS-12398,SYN-U-10293,FRAUD_ENGINE,TRANSACTION_RISK_SCORING,xgb_fraud_predict,REF-SYN-U-10293-HASH-0046,risk_score=66,FLAGGED,17.13,fraud-xgb-1.0.0
AI-LOG-100072,2026-09-03T05:03:17,SESS-43521,SYN-U-11035,ANOMALY_ENGINE,BEHAVIORAL_OUTLIER_SCAN,iforest_score,REF-SYN-U-11035-HASH-0047,anomaly_flag=0,SUCCESS,7.5,anomaly-iforest-1.0.0
AI-LOG-100073,2026-09-03T05:47:41,SESS-60315,SYN-U-15180,ANOMALY_ENGINE,BEHAVIORAL_OUTLIER_SCAN,iforest_score,REF-SYN-U-15180-HASH-0048,anomaly_flag=1,FLAGGED,6.32,anomaly-iforest-1.0.0
AI-LOG-100074,2026-09-03T06:40:03,SESS-14415,SYN-U-10618,FRAUD_ENGINE,TRANSACTION_RISK_SCORING,xgb_fraud_predict,REF-SYN-U-10618-HASH-0049,risk_score=39,SUCCESS,20.74,fraud-xgb-1.0.0
AI-LOG-100075,2026-09-03T07:03:52,SESS-95225,SYN-U-11899,REPORT_COPILOT,DISPUTE_SUMMARIZATION,case_copilot_summarize,REF-SYN-U-11899-HASH-004A,draft_summary_generated,SUCCESS,269.45,case-copilot-v1
AI-LOG-100076,2026-09-03T07:16:10,SESS-89571,SYN-U-19353,CREDIT_ENGINE,CREDIT_READINESS_ASSESSMENT,xgb_credit_evaluate,REF-SYN-U-19353-HASH-004B,credit_score=82,SUCCESS,27.25,credit-xgb-1.0.0
AI-LOG-100077,2026-09-03T08:20:46,SESS-72619,SYN-U-19598,FRAUD_ENGINE,TRANSACTION_RISK_SCORING,xgb_fraud_predict,REF-SYN-U-19598-HASH-004C,risk_score=19,SUCCESS,20.04,fraud-xgb-1.0.0
AI-LOG-100078,2026-09-03T08:25:09,SESS-27182,SYN-U-15732,ANOMALY_ENGINE,BEHAVIORAL_OUTLIER_SCAN,iforest_score,REF-SYN-U-15732-HASH-004D,anomaly_flag=0,SUCCESS,12.18,anomaly-iforest-1.0.0
AI-LOG-100079,2026-09-03T09:04:08,SESS-70592,SYN-U-10272,FRAUD_ENGINE,TRANSACTION_RISK_SCORING,xgb_fraud_predict,REF-SYN-U-10272-HASH-004E,risk_score=75,SUCCESS,18.37,fraud-xgb-1.0.0
AI-LOG-100080,2026-09-03T10:54:51,SESS-23297,SYN-U-12145,ANOMALY_ENGINE,BEHAVIORAL_OUTLIER_SCAN,iforest_score,REF-SYN-U-12145-HASH-004F,anomaly_flag=0,SUCCESS,10.81,anomaly-iforest-1.0.0
AI-LOG-100081,2026-09-03T11:35:31,SESS-21481,SYN-U-13467,CREDIT_ENGINE,CREDIT_READINESS_ASSESSMENT,xgb_credit_evaluate,REF-SYN-U-13467-HASH-0050,credit_score=55,SUCCESS,19.66,credit-xgb-1.0.0
AI-LOG-100082,2026-09-03T12:09:16,SESS-84064,SYN-U-17003,VOICE_AI,VOICE_INTENT_DISPATCH,get_transaction,REF-SYN-U-17003-HASH-0051,tool_dispatched=get_transaction,SUCCESS,213.44,voice-agent-v1
AI-LOG-100083,2026-09-03T12:45:18,SESS-68477,SYN-U-16830,FRAUD_ENGINE,TRANSACTION_RISK_SCORING,xgb_fraud_predict,REF-SYN-U-16830-HASH-0052,risk_score=7,BLOCKED,15.03,fraud-xgb-1.0.0
AI-LOG-100084,2026-09-03T13:14:03,SESS-69843,SYN-U-11184,VOICE_AI,VOICE_INTENT_DISPATCH,create_case,REF-SYN-U-11184-HASH-0053,tool_dispatched=create_case,SUCCESS,104.87,voice-agent-v1
AI-LOG-100085,2026-09-03T14:21:53,SESS-97051,SYN-U-11333,FRAUD_ENGINE,TRANSACTION_RISK_SCORING,xgb_fraud_predict,REF-SYN-U-11333-HASH-0054,risk_score=47,SUCCESS,16.46,fraud-xgb-1.0.0
AI-LOG-100086,2026-09-03T16:03:03,SESS-46427,SYN-U-17584,FRAUD_ENGINE,TRANSACTION_RISK_SCORING,xgb_fraud_predict,REF-SYN-U-17584-HASH-0055,risk_score=83,SUCCESS,27.25,fraud-xgb-1.0.0
AI-LOG-100087,2026-09-03T16:21:39,SESS-80819,SYN-U-12367,CREDIT_ENGINE,CREDIT_READINESS_ASSESSMENT,xgb_credit_evaluate,REF-SYN-U-12367-HASH-0056,credit_score=84,SUCCESS,19.6,credit-xgb-1.0.0
AI-LOG-100088,2026-09-03T16:21:58,SESS-77308,SYN-U-17382,FRAUD_ENGINE,TRANSACTION_RISK_SCORING,xgb_fraud_predict,REF-SYN-U-17382-HASH-0057,risk_score=18,SUCCESS,23.56,fraud-xgb-1.0.0
AI-LOG-100089,2026-09-03T17:28:31,SESS-86756,SYN-U-15480,FRAUD_ENGINE,TRANSACTION_RISK_SCORING,xgb_fraud_predict,REF-SYN-U-15480-HASH-0058,risk_score=43,SUCCESS,22.47,fraud-xgb-1.0.0
AI-LOG-100090,2026-09-03T18:32:20,SESS-77384,SYN-U-17067,FRAUD_ENGINE,TRANSACTION_RISK_SCORING,xgb_fraud_predict,REF-SYN-U-17067-HASH-0059,risk_score=85,FLAGGED,14.87,fraud-xgb-1.0.0
AI-LOG-100091,2026-09-03T19:21:19,SESS-10622,SYN-U-13337,VOICE_AI,VOICE_INTENT_DISPATCH,create_case,REF-SYN-U-13337-HASH-005A,tool_dispatched=create_case,SUCCESS,85.56,voice-agent-v1
AI-LOG-100092,2026-09-03T19:52:57,SESS-24469,SYN-U-13522,FRAUD_ENGINE,TRANSACTION_RISK_SCORING,xgb_fraud_predict,REF-SYN-U-13522-HASH-005B,risk_score=65,SUCCESS,21.69,fraud-xgb-1.0.0
AI-LOG-100093,2026-09-03T19:59:06,SESS-77449,SYN-U-11909,ANOMALY_ENGINE,BEHAVIORAL_OUTLIER_SCAN,iforest_score,REF-SYN-U-11909-HASH-005C,anomaly_flag=0,SUCCESS,13.86,anomaly-iforest-1.0.0
AI-LOG-100094,2026-09-03T20:49:28,SESS-41566,SYN-U-18280,FRAUD_ENGINE,TRANSACTION_RISK_SCORING,xgb_fraud_predict,REF-SYN-U-18280-HASH-005D,risk_score=8,SUCCESS,22.15,fraud-xgb-1.0.0
AI-LOG-100095,2026-09-03T20:56:15,SESS-84379,SYN-U-14180,ANOMALY_ENGINE,BEHAVIORAL_OUTLIER_SCAN,iforest_score,REF-SYN-U-14180-HASH-005E,anomaly_flag=0,SUCCESS,13.46,anomaly-iforest-1.0.0
AI-LOG-100096,2026-09-03T21:01:09,SESS-59641,SYN-U-12191,CREDIT_ENGINE,CREDIT_READINESS_ASSESSMENT,xgb_credit_evaluate,REF-SYN-U-12191-HASH-005F,credit_score=41,SUCCESS,23.32,credit-xgb-1.0.0
AI-LOG-100097,2026-09-03T22:58:40,SESS-15817,SYN-U-15673,CREDIT_ENGINE,CREDIT_READINESS_ASSESSMENT,xgb_credit_evaluate,REF-SYN-U-15673-HASH-0060,credit_score=83,SUCCESS,21.33,credit-xgb-1.0.0
AI-LOG-100098,2026-09-03T23:59:12,SESS-78255,SYN-U-12234,CREDIT_ENGINE,CREDIT_READINESS_ASSESSMENT,xgb_credit_evaluate,REF-SYN-U-12234-HASH-0061,credit_score=92,SUCCESS,25.03,credit-xgb-1.0.0
AI-LOG-100099,2026-09-04T00:07:49,SESS-20575,SYN-U-10811,FRAUD_ENGINE,TRANSACTION_RISK_SCORING,xgb_fraud_predict,REF-SYN-U-10811-HASH-0062,risk_score=23,SUCCESS,22.83,fraud-xgb-1.0.0
AI-LOG-100100,2026-09-04T00:19:04,SESS-70552,SYN-U-12643,ANOMALY_ENGINE,BEHAVIORAL_OUTLIER_SCAN,iforest_score,REF-SYN-U-12643-HASH-0063,anomaly_flag=0,SUCCESS,11.79,anomaly-iforest-1.0.0
AI-LOG-100101,2026-09-04T02:08:03,SESS-25093,SYN-U-11629,FRAUD_ENGINE,TRANSACTION_RISK_SCORING,xgb_fraud_predict,REF-SYN-U-11629-HASH-0064,risk_score=31,SUCCESS,14.43,fraud-xgb-1.0.0
AI-LOG-100102,2026-09-04T03:40:56,SESS-44364,SYN-U-16510,FRAUD_ENGINE,TRANSACTION_RISK_SCORING,xgb_fraud_predict,REF-SYN-U-16510-HASH-0065,risk_score=93,SUCCESS,12.16,fraud-xgb-1.0.0
AI-LOG-100103,2026-09-04T04:36:33,SESS-24536,SYN-U-13449,REPORT_COPILOT,DISPUTE_SUMMARIZATION,case_copilot_summarize,REF-SYN-U-13449-HASH-0066,draft_summary_generated,SUCCESS,260.37,case-copilot-v1
AI-LOG-100104,2026-09-04T06:36:31,SESS-19082,SYN-U-11972,ANOMALY_ENGINE,BEHAVIORAL_OUTLIER_SCAN,iforest_score,REF-SYN-U-11972-HASH-0067,anomaly_flag=0,SUCCESS,15.78,anomaly-iforest-1.0.0
AI-LOG-100105,2026-09-04T07:10:42,SESS-56915,SYN-U-11308,VOICE_AI,VOICE_INTENT_DISPATCH,get_balance,REF-SYN-U-11308-HASH-0068,tool_dispatched=get_balance,SUCCESS,229.39,voice-agent-v1
AI-LOG-100106,2026-09-04T09:21:15,SESS-61086,SYN-U-13207,VOICE_AI,VOICE_INTENT_DISPATCH,create_case,REF-SYN-U-13207-HASH-0069,tool_dispatched=create_case,SUCCESS,125.73,voice-agent-v1
AI-LOG-100107,2026-09-04T10:05:32,SESS-43402,SYN-U-18914,FRAUD_ENGINE,TRANSACTION_RISK_SCORING,xgb_fraud_predict,REF-SYN-U-18914-HASH-006A,risk_score=20,SUCCESS,25.27,fraud-xgb-1.0.0
AI-LOG-100108,2026-09-04T10:59:47,SESS-41296,SYN-U-12795,VOICE_AI,VOICE_INTENT_DISPATCH,get_transaction,REF-SYN-U-12795-HASH-006B,tool_dispatched=get_transaction,SUCCESS,248.11,voice-agent-v1
AI-LOG-100109,2026-09-04T11:03:32,SESS-81501,SYN-U-15140,FRAUD_ENGINE,TRANSACTION_RISK_SCORING,xgb_fraud_predict,REF-SYN-U-15140-HASH-006C,risk_score=36,SUCCESS,21.39,fraud-xgb-1.0.0
AI-LOG-100110,2026-09-04T12:28:04,SESS-64562,SYN-U-16227,ANOMALY_ENGINE,BEHAVIORAL_OUTLIER_SCAN,iforest_score,REF-SYN-U-16227-HASH-006D,anomaly_flag=0,SUCCESS,13.14,anomaly-iforest-1.0.0
AI-LOG-100111,2026-09-04T13:27:20,SESS-57537,SYN-U-19418,VOICE_AI,VOICE_INTENT_DISPATCH,get_balance,REF-SYN-U-19418-HASH-006E,tool_dispatched=get_balance,SUCCESS,220.15,voice-agent-v1
AI-LOG-100112,2026-09-04T14:04:42,SESS-55214,SYN-U-18951,VOICE_AI,VOICE_INTENT_DISPATCH,get_transaction,REF-SYN-U-18951-HASH-006F,tool_dispatched=get_transaction,SUCCESS,173.6,voice-agent-v1
AI-LOG-100113,2026-09-04T14:24:24,SESS-69507,SYN-U-16840,FRAUD_ENGINE,TRANSACTION_RISK_SCORING,xgb_fraud_predict,REF-SYN-U-16840-HASH-0070,risk_score=50,SUCCESS,12.71,fraud-xgb-1.0.0
AI-LOG-100114,2026-09-04T15:01:25,SESS-15035,SYN-U-11483,FRAUD_ENGINE,TRANSACTION_RISK_SCORING,xgb_fraud_predict,REF-SYN-U-11483-HASH-0071,risk_score=48,SUCCESS,23.31,fraud-xgb-1.0.0
AI-LOG-100115,2026-09-04T15:44:01,SESS-92542,SYN-U-18675,ANOMALY_ENGINE,BEHAVIORAL_OUTLIER_SCAN,iforest_score,REF-SYN-U-18675-HASH-0072,anomaly_flag=0,SUCCESS,17.45,anomaly-iforest-1.0.0
AI-LOG-100116,2026-09-04T17:01:29,SESS-75147,SYN-U-13145,ANOMALY_ENGINE,BEHAVIORAL_OUTLIER_SCAN,iforest_score,REF-SYN-U-13145-HASH-0073,anomaly_flag=0,SUCCESS,11.35,anomaly-iforest-1.0.0
AI-LOG-100117,2026-09-04T17:06:49,SESS-53697,SYN-U-13732,FRAUD_ENGINE,TRANSACTION_RISK_SCORING,xgb_fraud_predict,REF-SYN-U-13732-HASH-0074,risk_score=5,SUCCESS,20.04,fraud-xgb-1.0.0
AI-LOG-100118,2026-09-04T18:06:57,SESS-72620,SYN-U-16938,CREDIT_ENGINE,CREDIT_READINESS_ASSESSMENT,xgb_credit_evaluate,REF-SYN-U-16938-HASH-0075,credit_score=55,SUCCESS,25.51,credit-xgb-1.0.0
AI-LOG-100119,2026-09-04T20:24:22,SESS-35936,SYN-U-19471,CREDIT_ENGINE,CREDIT_READINESS_ASSESSMENT,xgb_credit_evaluate,REF-SYN-U-19471-HASH-0076,credit_score=68,SUCCESS,28.17,credit-xgb-1.0.0
AI-LOG-100120,2026-09-04T20:38:01,SESS-32649,SYN-U-12658,REPORT_COPILOT,DISPUTE_SUMMARIZATION,case_copilot_summarize,REF-SYN-U-12658-HASH-0077,draft_summary_generated,SUCCESS,199.12,case-copilot-v1
AI-LOG-100121,2026-09-04T20:39:29,SESS-84293,SYN-U-17527,CREDIT_ENGINE,CREDIT_READINESS_ASSESSMENT,xgb_credit_evaluate,REF-SYN-U-17527-HASH-0078,credit_score=76,SUCCESS,16.96,credit-xgb-1.0.0
AI-LOG-100122,2026-09-04T20:57:18,SESS-95812,SYN-U-17767,VOICE_AI,VOICE_INTENT_DISPATCH,get_balance,REF-SYN-U-17767-HASH-0079,tool_dispatched=get_balance,SUCCESS,196.83,voice-agent-v1
AI-LOG-100123,2026-09-04T21:08:00,SESS-72177,SYN-U-11056,VOICE_AI,VOICE_INTENT_DISPATCH,get_balance,REF-SYN-U-11056-HASH-007A,tool_dispatched=get_balance,SUCCESS,249.19,voice-agent-v1
AI-LOG-100124,2026-09-04T22:21:24,SESS-22085,SYN-U-10824,FRAUD_ENGINE,TRANSACTION_RISK_SCORING,xgb_fraud_predict,REF-SYN-U-10824-HASH-007B,risk_score=61,SUCCESS,20.08,fraud-xgb-1.0.0
AI-LOG-100125,2026-09-04T22:33:42,SESS-65849,SYN-U-10261,ANOMALY_ENGINE,BEHAVIORAL_OUTLIER_SCAN,iforest_score,REF-SYN-U-10261-HASH-007C,anomaly_flag=0,SUCCESS,12.28,anomaly-iforest-1.0.0
AI-LOG-100126,2026-09-05T00:43:43,SESS-40194,SYN-U-11506,FRAUD_ENGINE,TRANSACTION_RISK_SCORING,xgb_fraud_predict,REF-SYN-U-11506-HASH-007D,risk_score=17,SUCCESS,24.55,fraud-xgb-1.0.0
AI-LOG-100127,2026-09-05T00:53:37,SESS-98561,SYN-U-10211,CREDIT_ENGINE,CREDIT_READINESS_ASSESSMENT,xgb_credit_evaluate,REF-SYN-U-10211-HASH-007E,credit_score=91,SUCCESS,33.19,credit-xgb-1.0.0
AI-LOG-100128,2026-09-05T01:23:30,SESS-16727,SYN-U-10088,CREDIT_ENGINE,CREDIT_READINESS_ASSESSMENT,xgb_credit_evaluate,REF-SYN-U-10088-HASH-007F,credit_score=50,SUCCESS,24.29,credit-xgb-1.0.0
AI-LOG-100129,2026-09-05T03:07:50,SESS-42226,SYN-U-14924,FRAUD_ENGINE,TRANSACTION_RISK_SCORING,xgb_fraud_predict,REF-SYN-U-14924-HASH-0080,risk_score=39,SUCCESS,13.6,fraud-xgb-1.0.0
AI-LOG-100130,2026-09-05T03:58:49,SESS-31636,SYN-U-17281,ANOMALY_ENGINE,BEHAVIORAL_OUTLIER_SCAN,iforest_score,REF-SYN-U-17281-HASH-0081,anomaly_flag=0,SUCCESS,17.83,anomaly-iforest-1.0.0
AI-LOG-100131,2026-09-05T04:48:57,SESS-13978,SYN-U-13325,CREDIT_ENGINE,CREDIT_READINESS_ASSESSMENT,xgb_credit_evaluate,REF-SYN-U-13325-HASH-0082,credit_score=40,SUCCESS,14.89,credit-xgb-1.0.0
AI-LOG-100132,2026-09-05T04:58:45,SESS-97020,SYN-U-10088,VOICE_AI,VOICE_INTENT_DISPATCH,get_transaction,REF-SYN-U-10088-HASH-0083,tool_dispatched=get_transaction,SUCCESS,187.16,voice-agent-v1
AI-LOG-100133,2026-09-05T05:19:11,SESS-19763,SYN-U-14198,CREDIT_ENGINE,CREDIT_READINESS_ASSESSMENT,xgb_credit_evaluate,REF-SYN-U-14198-HASH-0084,credit_score=52,SUCCESS,26.43,credit-xgb-1.0.0
AI-LOG-100134,2026-09-05T05:21:16,SESS-64588,SYN-U-17921,CREDIT_ENGINE,CREDIT_READINESS_ASSESSMENT,xgb_credit_evaluate,REF-SYN-U-17921-HASH-0085,credit_score=44,SUCCESS,20.45,credit-xgb-1.0.0
AI-LOG-100135,2026-09-05T06:03:29,SESS-66984,SYN-U-14627,FRAUD_ENGINE,TRANSACTION_RISK_SCORING,xgb_fraud_predict,REF-SYN-U-14627-HASH-0086,risk_score=27,BLOCKED,13.77,fraud-xgb-1.0.0
AI-LOG-100136,2026-09-05T06:30:50,SESS-36830,SYN-U-15258,FRAUD_ENGINE,TRANSACTION_RISK_SCORING,xgb_fraud_predict,REF-SYN-U-15258-HASH-0087,risk_score=38,SUCCESS,19.56,fraud-xgb-1.0.0
AI-LOG-100137,2026-09-05T06:59:41,SESS-85276,SYN-U-13478,CREDIT_ENGINE,CREDIT_READINESS_ASSESSMENT,xgb_credit_evaluate,REF-SYN-U-13478-HASH-0088,credit_score=76,SUCCESS,24.92,credit-xgb-1.0.0
AI-LOG-100138,2026-09-05T07:09:29,SESS-99428,SYN-U-19585,FRAUD_ENGINE,TRANSACTION_RISK_SCORING,xgb_fraud_predict,REF-SYN-U-19585-HASH-0089,risk_score=49,BLOCKED,21.04,fraud-xgb-1.0.0
AI-LOG-100139,2026-09-05T08:40:38,SESS-17497,SYN-U-19923,ANOMALY_ENGINE,BEHAVIORAL_OUTLIER_SCAN,iforest_score,REF-SYN-U-19923-HASH-008A,anomaly_flag=0,SUCCESS,5.0,anomaly-iforest-1.0.0
AI-LOG-100140,2026-09-05T09:20:47,SESS-85606,SYN-U-14812,ANOMALY_ENGINE,BEHAVIORAL_OUTLIER_SCAN,iforest_score,REF-SYN-U-14812-HASH-008B,anomaly_flag=0,SUCCESS,14.15,anomaly-iforest-1.0.0
AI-LOG-100141,2026-09-05T10:33:50,SESS-99770,SYN-U-15227,CREDIT_ENGINE,CREDIT_READINESS_ASSESSMENT,xgb_credit_evaluate,REF-SYN-U-15227-HASH-008C,credit_score=77,SUCCESS,23.81,credit-xgb-1.0.0
AI-LOG-100142,2026-09-05T11:55:41,SESS-65138,SYN-U-12592,VOICE_AI,VOICE_INTENT_DISPATCH,get_transaction,REF-SYN-U-12592-HASH-008D,tool_dispatched=get_transaction,SUCCESS,190.99,voice-agent-v1
AI-LOG-100143,2026-09-05T12:00:17,SESS-43935,SYN-U-16264,ANOMALY_ENGINE,BEHAVIORAL_OUTLIER_SCAN,iforest_score,REF-SYN-U-16264-HASH-008E,anomaly_flag=0,SUCCESS,9.39,anomaly-iforest-1.0.0
AI-LOG-100144,2026-09-05T13:07:14,SESS-68349,SYN-U-15574,FRAUD_ENGINE,TRANSACTION_RISK_SCORING,xgb_fraud_predict,REF-SYN-U-15574-HASH-008F,risk_score=37,SUCCESS,19.66,fraud-xgb-1.0.0
AI-LOG-100145,2026-09-05T13:28:45,SESS-59219,SYN-U-11947,ANOMALY_ENGINE,BEHAVIORAL_OUTLIER_SCAN,iforest_score,REF-SYN-U-11947-HASH-0090,anomaly_flag=0,SUCCESS,13.2,anomaly-iforest-1.0.0
AI-LOG-100146,2026-09-05T13:51:12,SESS-45754,SYN-U-10203,ANOMALY_ENGINE,BEHAVIORAL_OUTLIER_SCAN,iforest_score,REF-SYN-U-10203-HASH-0091,anomaly_flag=0,SUCCESS,12.85,anomaly-iforest-1.0.0
AI-LOG-100147,2026-09-05T13:57:52,SESS-14815,SYN-U-13300,VOICE_AI,VOICE_INTENT_DISPATCH,get_transaction,REF-SYN-U-13300-HASH-0092,tool_dispatched=get_transaction,SUCCESS,181.24,voice-agent-v1
AI-LOG-100148,2026-09-05T15:00:02,SESS-10351,SYN-U-12351,FRAUD_ENGINE,TRANSACTION_RISK_SCORING,xgb_fraud_predict,REF-SYN-U-12351-HASH-0093,risk_score=63,SUCCESS,25.28,fraud-xgb-1.0.0
AI-LOG-100149,2026-09-05T17:03:11,SESS-76954,SYN-U-14935,VOICE_AI,VOICE_INTENT_DISPATCH,create_case,REF-SYN-U-14935-HASH-0094,tool_dispatched=create_case,SUCCESS,275.36,voice-agent-v1
AI-LOG-100150,2026-09-05T18:13:34,SESS-65832,SYN-U-16447,FRAUD_ENGINE,TRANSACTION_RISK_SCORING,xgb_fraud_predict,REF-SYN-U-16447-HASH-0095,risk_score=74,SUCCESS,19.13,fraud-xgb-1.0.0
AI-LOG-100151,2026-09-05T19:11:13,SESS-18850,SYN-U-17834,ANOMALY_ENGINE,BEHAVIORAL_OUTLIER_SCAN,iforest_score,REF-SYN-U-17834-HASH-0096,anomaly_flag=1,FLAGGED,14.25,anomaly-iforest-1.0.0
AI-LOG-100152,2026-09-05T19:24:17,SESS-28649,SYN-U-10644,FRAUD_ENGINE,TRANSACTION_RISK_SCORING,xgb_fraud_predict,REF-SYN-U-10644-HASH-0097,risk_score=71,SUCCESS,19.64,fraud-xgb-1.0.0
AI-LOG-100153,2026-09-05T19:35:21,SESS-30813,SYN-U-18201,VOICE_AI,VOICE_INTENT_DISPATCH,get_transaction,REF-SYN-U-18201-HASH-0098,tool_dispatched=get_transaction,SUCCESS,133.54,voice-agent-v1
AI-LOG-100154,2026-09-05T19:37:03,SESS-92164,SYN-U-16309,ANOMALY_ENGINE,BEHAVIORAL_OUTLIER_SCAN,iforest_score,REF-SYN-U-16309-HASH-0099,anomaly_flag=1,FLAGGED,8.65,anomaly-iforest-1.0.0
AI-LOG-100155,2026-09-05T21:15:01,SESS-27169,SYN-U-10414,FRAUD_ENGINE,TRANSACTION_RISK_SCORING,xgb_fraud_predict,REF-SYN-U-10414-HASH-009A,risk_score=18,SUCCESS,16.42,fraud-xgb-1.0.0
AI-LOG-100156,2026-09-05T21:22:29,SESS-27561,SYN-U-16494,FRAUD_ENGINE,TRANSACTION_RISK_SCORING,xgb_fraud_predict,REF-SYN-U-16494-HASH-009B,risk_score=33,SUCCESS,9.66,fraud-xgb-1.0.0
AI-LOG-100157,2026-09-05T21:41:44,SESS-31479,SYN-U-10675,FRAUD_ENGINE,TRANSACTION_RISK_SCORING,xgb_fraud_predict,REF-SYN-U-10675-HASH-009C,risk_score=35,FLAGGED,20.99,fraud-xgb-1.0.0
AI-LOG-100158,2026-09-05T21:44:33,SESS-94742,SYN-U-10585,REPORT_COPILOT,DISPUTE_SUMMARIZATION,case_copilot_summarize,REF-SYN-U-10585-HASH-009D,draft_summary_generated,SUCCESS,139.36,case-copilot-v1
AI-LOG-100159,2026-09-05T22:18:42,SESS-11811,SYN-U-19252,CREDIT_ENGINE,CREDIT_READINESS_ASSESSMENT,xgb_credit_evaluate,REF-SYN-U-19252-HASH-009E,credit_score=78,SUCCESS,35.82,credit-xgb-1.0.0
AI-LOG-100160,2026-09-05T22:53:01,SESS-58648,SYN-U-16986,CREDIT_ENGINE,CREDIT_READINESS_ASSESSMENT,xgb_credit_evaluate,REF-SYN-U-16986-HASH-009F,credit_score=82,SUCCESS,32.28,credit-xgb-1.0.0
AI-LOG-100161,2026-09-05T23:09:53,SESS-33949,SYN-U-13467,REPORT_COPILOT,DISPUTE_SUMMARIZATION,case_copilot_summarize,REF-SYN-U-13467-HASH-00A0,draft_summary_generated,SUCCESS,224.53,case-copilot-v1
AI-LOG-100162,2026-09-05T23:59:08,SESS-88870,SYN-U-11259,ANOMALY_ENGINE,BEHAVIORAL_OUTLIER_SCAN,iforest_score,REF-SYN-U-11259-HASH-00A1,anomaly_flag=0,SUCCESS,16.26,anomaly-iforest-1.0.0
AI-LOG-100163,2026-09-06T01:13:31,SESS-67343,SYN-U-17440,FRAUD_ENGINE,TRANSACTION_RISK_SCORING,xgb_fraud_predict,REF-SYN-U-17440-HASH-00A2,risk_score=55,SUCCESS,14.54,fraud-xgb-1.0.0
AI-LOG-100164,2026-09-06T02:40:50,SESS-61657,SYN-U-17853,FRAUD_ENGINE,TRANSACTION_RISK_SCORING,xgb_fraud_predict,REF-SYN-U-17853-HASH-00A3,risk_score=28,SUCCESS,15.77,fraud-xgb-1.0.0
AI-LOG-100165,2026-09-06T07:07:37,SESS-71476,SYN-U-19810,FRAUD_ENGINE,TRANSACTION_RISK_SCORING,xgb_fraud_predict,REF-SYN-U-19810-HASH-00A4,risk_score=46,BLOCKED,21.38,fraud-xgb-1.0.0
AI-LOG-100166,2026-09-06T07:29:03,SESS-48565,SYN-U-10713,CREDIT_ENGINE,CREDIT_READINESS_ASSESSMENT,xgb_credit_evaluate,REF-SYN-U-10713-HASH-00A5,credit_score=53,SUCCESS,21.12,credit-xgb-1.0.0
AI-LOG-100167,2026-09-06T07:32:57,SESS-41196,SYN-U-16404,ANOMALY_ENGINE,BEHAVIORAL_OUTLIER_SCAN,iforest_score,REF-SYN-U-16404-HASH-00A6,anomaly_flag=0,SUCCESS,6.96,anomaly-iforest-1.0.0
AI-LOG-100168,2026-09-06T08:04:20,SESS-49494,SYN-U-19987,FRAUD_ENGINE,TRANSACTION_RISK_SCORING,xgb_fraud_predict,REF-SYN-U-19987-HASH-00A7,risk_score=28,SUCCESS,18.1,fraud-xgb-1.0.0
AI-LOG-100169,2026-09-06T08:19:33,SESS-23174,SYN-U-17499,REPORT_COPILOT,DISPUTE_SUMMARIZATION,case_copilot_summarize,REF-SYN-U-17499-HASH-00A8,draft_summary_generated,SUCCESS,184.52,case-copilot-v1
AI-LOG-100170,2026-09-06T08:25:27,SESS-85630,SYN-U-18275,CREDIT_ENGINE,CREDIT_READINESS_ASSESSMENT,xgb_credit_evaluate,REF-SYN-U-18275-HASH-00A9,credit_score=96,SUCCESS,25.0,credit-xgb-1.0.0
AI-LOG-100171,2026-09-06T09:21:16,SESS-19730,SYN-U-14137,VOICE_AI,VOICE_INTENT_DISPATCH,get_transaction,REF-SYN-U-14137-HASH-00AA,tool_dispatched=get_transaction,SUCCESS,189.1,voice-agent-v1
AI-LOG-100172,2026-09-06T09:33:42,SESS-23144,SYN-U-16448,ANOMALY_ENGINE,BEHAVIORAL_OUTLIER_SCAN,iforest_score,REF-SYN-U-16448-HASH-00AB,anomaly_flag=0,SUCCESS,6.12,anomaly-iforest-1.0.0
AI-LOG-100173,2026-09-06T10:10:45,SESS-57508,SYN-U-11311,FRAUD_ENGINE,TRANSACTION_RISK_SCORING,xgb_fraud_predict,REF-SYN-U-11311-HASH-00AC,risk_score=20,SUCCESS,13.33,fraud-xgb-1.0.0
AI-LOG-100174,2026-09-06T10:22:58,SESS-15809,SYN-U-15036,VOICE_AI,VOICE_INTENT_DISPATCH,get_transaction,REF-SYN-U-15036-HASH-00AD,tool_dispatched=get_transaction,SUCCESS,151.51,voice-agent-v1
AI-LOG-100175,2026-09-06T12:13:27,SESS-99207,SYN-U-11921,FRAUD_ENGINE,TRANSACTION_RISK_SCORING,xgb_fraud_predict,REF-SYN-U-11921-HASH-00AE,risk_score=87,SUCCESS,25.33,fraud-xgb-1.0.0
AI-LOG-100176,2026-09-06T13:25:42,SESS-36152,SYN-U-12165,CREDIT_ENGINE,CREDIT_READINESS_ASSESSMENT,xgb_credit_evaluate,REF-SYN-U-12165-HASH-00AF,credit_score=91,SUCCESS,21.48,credit-xgb-1.0.0
AI-LOG-100177,2026-09-06T14:34:53,SESS-15287,SYN-U-15899,ANOMALY_ENGINE,BEHAVIORAL_OUTLIER_SCAN,iforest_score,REF-SYN-U-15899-HASH-00B0,anomaly_flag=1,FLAGGED,9.39,anomaly-iforest-1.0.0
AI-LOG-100178,2026-09-06T14:53:21,SESS-63991,SYN-U-19324,FRAUD_ENGINE,TRANSACTION_RISK_SCORING,xgb_fraud_predict,REF-SYN-U-19324-HASH-00B1,risk_score=8,SUCCESS,17.46,fraud-xgb-1.0.0
AI-LOG-100179,2026-09-06T14:54:15,SESS-69810,SYN-U-18072,VOICE_AI,VOICE_INTENT_DISPATCH,create_case,REF-SYN-U-18072-HASH-00B2,tool_dispatched=create_case,SUCCESS,139.15,voice-agent-v1
AI-LOG-100180,2026-09-06T15:31:25,SESS-45435,SYN-U-16153,REPORT_COPILOT,DISPUTE_SUMMARIZATION,case_copilot_summarize,REF-SYN-U-16153-HASH-00B3,draft_summary_generated,SUCCESS,264.24,case-copilot-v1
AI-LOG-100181,2026-09-06T16:08:41,SESS-80515,SYN-U-19342,FRAUD_ENGINE,TRANSACTION_RISK_SCORING,xgb_fraud_predict,REF-SYN-U-19342-HASH-00B4,risk_score=46,SUCCESS,23.47,fraud-xgb-1.0.0
AI-LOG-100182,2026-09-06T16:23:13,SESS-62263,SYN-U-19769,CREDIT_ENGINE,CREDIT_READINESS_ASSESSMENT,xgb_credit_evaluate,REF-SYN-U-19769-HASH-00B5,credit_score=41,SUCCESS,22.84,credit-xgb-1.0.0
AI-LOG-100183,2026-09-06T17:23:03,SESS-53988,SYN-U-18008,VOICE_AI,VOICE_INTENT_DISPATCH,get_balance,REF-SYN-U-18008-HASH-00B6,tool_dispatched=get_balance,SUCCESS,173.23,voice-agent-v1
AI-LOG-100184,2026-09-06T17:42:53,SESS-93739,SYN-U-14648,CREDIT_ENGINE,CREDIT_READINESS_ASSESSMENT,xgb_credit_evaluate,REF-SYN-U-14648-HASH-00B7,credit_score=87,SUCCESS,25.09,credit-xgb-1.0.0
AI-LOG-100185,2026-09-06T18:26:28,SESS-83847,SYN-U-11010,VOICE_AI,VOICE_INTENT_DISPATCH,get_balance,REF-SYN-U-11010-HASH-00B8,tool_dispatched=get_balance,SUCCESS,182.45,voice-agent-v1
AI-LOG-100186,2026-09-06T18:53:12,SESS-96628,SYN-U-16565,ANOMALY_ENGINE,BEHAVIORAL_OUTLIER_SCAN,iforest_score,REF-SYN-U-16565-HASH-00B9,anomaly_flag=0,SUCCESS,18.99,anomaly-iforest-1.0.0
AI-LOG-100187,2026-09-06T19:57:44,SESS-59608,SYN-U-17687,FRAUD_ENGINE,TRANSACTION_RISK_SCORING,xgb_fraud_predict,REF-SYN-U-17687-HASH-00BA,risk_score=35,SUCCESS,12.34,fraud-xgb-1.0.0
AI-LOG-100188,2026-09-06T20:24:08,SESS-20742,SYN-U-17820,FRAUD_ENGINE,TRANSACTION_RISK_SCORING,xgb_fraud_predict,REF-SYN-U-17820-HASH-00BB,risk_score=36,SUCCESS,17.23,fraud-xgb-1.0.0
AI-LOG-100189,2026-09-06T21:35:12,SESS-94537,SYN-U-18812,ANOMALY_ENGINE,BEHAVIORAL_OUTLIER_SCAN,iforest_score,REF-SYN-U-18812-HASH-00BC,anomaly_flag=0,SUCCESS,13.44,anomaly-iforest-1.0.0
AI-LOG-100190,2026-09-06T21:40:22,SESS-91936,SYN-U-17872,CREDIT_ENGINE,CREDIT_READINESS_ASSESSMENT,xgb_credit_evaluate,REF-SYN-U-17872-HASH-00BD,credit_score=55,SUCCESS,27.83,credit-xgb-1.0.0
AI-LOG-100191,2026-09-06T22:13:24,SESS-95428,SYN-U-13953,FRAUD_ENGINE,TRANSACTION_RISK_SCORING,xgb_fraud_predict,REF-SYN-U-13953-HASH-00BE,risk_score=44,SUCCESS,25.32,fraud-xgb-1.0.0
AI-LOG-100192,2026-09-06T22:43:09,SESS-50302,SYN-U-13399,ANOMALY_ENGINE,BEHAVIORAL_OUTLIER_SCAN,iforest_score,REF-SYN-U-13399-HASH-00BF,anomaly_flag=0,SUCCESS,19.03,anomaly-iforest-1.0.0
AI-LOG-100193,2026-09-06T23:23:48,SESS-18683,SYN-U-10768,FRAUD_ENGINE,TRANSACTION_RISK_SCORING,xgb_fraud_predict,REF-SYN-U-10768-HASH-00C0,risk_score=73,SUCCESS,19.83,fraud-xgb-1.0.0
AI-LOG-100194,2026-09-07T00:31:22,SESS-38938,SYN-U-16475,FRAUD_ENGINE,TRANSACTION_RISK_SCORING,xgb_fraud_predict,REF-SYN-U-16475-HASH-00C1,risk_score=57,SUCCESS,10.06,fraud-xgb-1.0.0
AI-LOG-100195,2026-09-07T01:20:59,SESS-25912,SYN-U-10153,CREDIT_ENGINE,CREDIT_READINESS_ASSESSMENT,xgb_credit_evaluate,REF-SYN-U-10153-HASH-00C2,credit_score=59,SUCCESS,20.02,credit-xgb-1.0.0
AI-LOG-100196,2026-09-07T01:46:00,SESS-90285,SYN-U-16248,FRAUD_ENGINE,TRANSACTION_RISK_SCORING,xgb_fraud_predict,REF-SYN-U-16248-HASH-00C3,risk_score=81,SUCCESS,16.19,fraud-xgb-1.0.0
AI-LOG-100197,2026-09-07T02:05:34,SESS-45673,SYN-U-19251,FRAUD_ENGINE,TRANSACTION_RISK_SCORING,xgb_fraud_predict,REF-SYN-U-19251-HASH-00C4,risk_score=9,SUCCESS,20.52,fraud-xgb-1.0.0
AI-LOG-100198,2026-09-07T02:11:44,SESS-65244,SYN-U-11586,FRAUD_ENGINE,TRANSACTION_RISK_SCORING,xgb_fraud_predict,REF-SYN-U-11586-HASH-00C5,risk_score=73,SUCCESS,22.03,fraud-xgb-1.0.0
AI-LOG-100199,2026-09-07T02:27:49,SESS-29088,SYN-U-10835,CREDIT_ENGINE,CREDIT_READINESS_ASSESSMENT,xgb_credit_evaluate,REF-SYN-U-10835-HASH-00C6,credit_score=70,SUCCESS,22.33,credit-xgb-1.0.0
AI-LOG-100200,2026-09-07T02:35:27,SESS-66339,SYN-U-11864,FRAUD_ENGINE,TRANSACTION_RISK_SCORING,xgb_fraud_predict,REF-SYN-U-11864-HASH-00C7,risk_score=31,SUCCESS,20.64,fraud-xgb-1.0.0
AI-LOG-100201,2026-09-07T03:56:49,SESS-67596,SYN-U-11325,FRAUD_ENGINE,TRANSACTION_RISK_SCORING,xgb_fraud_predict,REF-SYN-U-11325-HASH-00C8,risk_score=7,SUCCESS,17.11,fraud-xgb-1.0.0
AI-LOG-100202,2026-09-07T03:58:55,SESS-87230,SYN-U-12635,CREDIT_ENGINE,CREDIT_READINESS_ASSESSMENT,xgb_credit_evaluate,REF-SYN-U-12635-HASH-00C9,credit_score=69,SUCCESS,36.68,credit-xgb-1.0.0
AI-LOG-100203,2026-09-07T04:03:40,SESS-23649,SYN-U-15019,FRAUD_ENGINE,TRANSACTION_RISK_SCORING,xgb_fraud_predict,REF-SYN-U-15019-HASH-00CA,risk_score=11,SUCCESS,22.92,fraud-xgb-1.0.0
AI-LOG-100204,2026-09-07T04:16:10,SESS-85860,SYN-U-19315,VOICE_AI,VOICE_INTENT_DISPATCH,get_balance,REF-SYN-U-19315-HASH-00CB,tool_dispatched=get_balance,SUCCESS,241.8,voice-agent-v1
AI-LOG-100205,2026-09-07T04:23:53,SESS-95892,SYN-U-17518,FRAUD_ENGINE,TRANSACTION_RISK_SCORING,xgb_fraud_predict,REF-SYN-U-17518-HASH-00CC,risk_score=92,SUCCESS,17.63,fraud-xgb-1.0.0
AI-LOG-100206,2026-09-07T05:08:59,SESS-47400,SYN-U-10482,FRAUD_ENGINE,TRANSACTION_RISK_SCORING,xgb_fraud_predict,REF-SYN-U-10482-HASH-00CD,risk_score=48,SUCCESS,19.9,fraud-xgb-1.0.0
AI-LOG-100207,2026-09-07T06:18:47,SESS-99776,SYN-U-12529,CREDIT_ENGINE,CREDIT_READINESS_ASSESSMENT,xgb_credit_evaluate,REF-SYN-U-12529-HASH-00CE,credit_score=74,SUCCESS,18.39,credit-xgb-1.0.0
AI-LOG-100208,2026-09-07T06:59:13,SESS-36264,SYN-U-10355,FRAUD_ENGINE,TRANSACTION_RISK_SCORING,xgb_fraud_predict,REF-SYN-U-10355-HASH-00CF,risk_score=33,SUCCESS,25.11,fraud-xgb-1.0.0
AI-LOG-100209,2026-09-07T07:33:07,SESS-70891,SYN-U-13935,FRAUD_ENGINE,TRANSACTION_RISK_SCORING,xgb_fraud_predict,REF-SYN-U-13935-HASH-00D0,risk_score=44,SUCCESS,16.46,fraud-xgb-1.0.0
AI-LOG-100210,2026-09-07T08:25:33,SESS-58258,SYN-U-16126,VOICE_AI,VOICE_INTENT_DISPATCH,create_case,REF-SYN-U-16126-HASH-00D1,tool_dispatched=create_case,SUCCESS,188.73,voice-agent-v1
AI-LOG-100211,2026-09-07T09:04:55,SESS-88724,SYN-U-19222,ANOMALY_ENGINE,BEHAVIORAL_OUTLIER_SCAN,iforest_score,REF-SYN-U-19222-HASH-00D2,anomaly_flag=0,SUCCESS,10.42,anomaly-iforest-1.0.0
AI-LOG-100212,2026-09-07T09:21:47,SESS-84303,SYN-U-18395,ANOMALY_ENGINE,BEHAVIORAL_OUTLIER_SCAN,iforest_score,REF-SYN-U-18395-HASH-00D3,anomaly_flag=0,SUCCESS,12.98,anomaly-iforest-1.0.0
AI-LOG-100213,2026-09-07T10:07:03,SESS-10602,SYN-U-16320,REPORT_COPILOT,DISPUTE_SUMMARIZATION,case_copilot_summarize,REF-SYN-U-16320-HASH-00D4,draft_summary_generated,SUCCESS,278.88,case-copilot-v1
AI-LOG-100214,2026-09-07T10:39:35,SESS-29503,SYN-U-14804,CREDIT_ENGINE,CREDIT_READINESS_ASSESSMENT,xgb_credit_evaluate,REF-SYN-U-14804-HASH-00D5,credit_score=54,SUCCESS,27.11,credit-xgb-1.0.0
AI-LOG-100215,2026-09-07T11:06:32,SESS-17321,SYN-U-11583,FRAUD_ENGINE,TRANSACTION_RISK_SCORING,xgb_fraud_predict,REF-SYN-U-11583-HASH-00D6,risk_score=78,SUCCESS,17.06,fraud-xgb-1.0.0
AI-LOG-100216,2026-09-07T11:34:53,SESS-93704,SYN-U-10177,FRAUD_ENGINE,TRANSACTION_RISK_SCORING,xgb_fraud_predict,REF-SYN-U-10177-HASH-00D7,risk_score=43,SUCCESS,21.07,fraud-xgb-1.0.0
AI-LOG-100217,2026-09-07T12:12:31,SESS-32455,SYN-U-12073,FRAUD_ENGINE,TRANSACTION_RISK_SCORING,xgb_fraud_predict,REF-SYN-U-12073-HASH-00D8,risk_score=79,SUCCESS,17.96,fraud-xgb-1.0.0
AI-LOG-100218,2026-09-07T13:00:37,SESS-83967,SYN-U-15033,FRAUD_ENGINE,TRANSACTION_RISK_SCORING,xgb_fraud_predict,REF-SYN-U-15033-HASH-00D9,risk_score=46,SUCCESS,23.5,fraud-xgb-1.0.0
AI-LOG-100219,2026-09-07T13:14:00,SESS-27803,SYN-U-17021,FRAUD_ENGINE,TRANSACTION_RISK_SCORING,xgb_fraud_predict,REF-SYN-U-17021-HASH-00DA,risk_score=22,SUCCESS,14.94,fraud-xgb-1.0.0
AI-LOG-100220,2026-09-07T13:45:02,SESS-73114,SYN-U-14975,VOICE_AI,VOICE_INTENT_DISPATCH,create_case,REF-SYN-U-14975-HASH-00DB,tool_dispatched=create_case,SUCCESS,161.98,voice-agent-v1
AI-LOG-100221,2026-09-07T13:52:04,SESS-79474,SYN-U-11835,VOICE_AI,VOICE_INTENT_DISPATCH,get_transaction,REF-SYN-U-11835-HASH-00DC,tool_dispatched=get_transaction,SUCCESS,184.31,voice-agent-v1
AI-LOG-100222,2026-09-07T14:46:11,SESS-86912,SYN-U-10862,VOICE_AI,VOICE_INTENT_DISPATCH,create_case,REF-SYN-U-10862-HASH-00DD,tool_dispatched=create_case,SUCCESS,162.13,voice-agent-v1
AI-LOG-100223,2026-09-07T14:49:33,SESS-38615,SYN-U-12661,FRAUD_ENGINE,TRANSACTION_RISK_SCORING,xgb_fraud_predict,REF-SYN-U-12661-HASH-00DE,risk_score=59,FLAGGED,21.57,fraud-xgb-1.0.0
AI-LOG-100224,2026-09-07T15:16:41,SESS-80530,SYN-U-14356,FRAUD_ENGINE,TRANSACTION_RISK_SCORING,xgb_fraud_predict,REF-SYN-U-14356-HASH-00DF,risk_score=19,SUCCESS,16.93,fraud-xgb-1.0.0
AI-LOG-100225,2026-09-07T16:40:27,SESS-59494,SYN-U-14860,REPORT_COPILOT,DISPUTE_SUMMARIZATION,case_copilot_summarize,REF-SYN-U-14860-HASH-00E0,draft_summary_generated,SUCCESS,202.41,case-copilot-v1
AI-LOG-100226,2026-09-07T17:06:04,SESS-62536,SYN-U-12895,FRAUD_ENGINE,TRANSACTION_RISK_SCORING,xgb_fraud_predict,REF-SYN-U-12895-HASH-00E1,risk_score=48,SUCCESS,14.59,fraud-xgb-1.0.0
AI-LOG-100227,2026-09-07T17:40:57,SESS-92011,SYN-U-14060,FRAUD_ENGINE,TRANSACTION_RISK_SCORING,xgb_fraud_predict,REF-SYN-U-14060-HASH-00E2,risk_score=27,SUCCESS,23.42,fraud-xgb-1.0.0
AI-LOG-100228,2026-09-07T18:24:24,SESS-21197,SYN-U-19938,FRAUD_ENGINE,TRANSACTION_RISK_SCORING,xgb_fraud_predict,REF-SYN-U-19938-HASH-00E3,risk_score=93,SUCCESS,16.29,fraud-xgb-1.0.0
AI-LOG-100229,2026-09-07T18:25:13,SESS-92265,SYN-U-18862,CREDIT_ENGINE,CREDIT_READINESS_ASSESSMENT,xgb_credit_evaluate,REF-SYN-U-18862-HASH-00E4,credit_score=78,SUCCESS,32.81,credit-xgb-1.0.0
AI-LOG-100230,2026-09-07T18:30:34,SESS-88949,SYN-U-16602,FRAUD_ENGINE,TRANSACTION_RISK_SCORING,xgb_fraud_predict,REF-SYN-U-16602-HASH-00E5,risk_score=88,SUCCESS,20.12,fraud-xgb-1.0.0
AI-LOG-100231,2026-09-07T20:24:16,SESS-97353,SYN-U-12913,ANOMALY_ENGINE,BEHAVIORAL_OUTLIER_SCAN,iforest_score,REF-SYN-U-12913-HASH-00E6,anomaly_flag=0,SUCCESS,9.28,anomaly-iforest-1.0.0
AI-LOG-100232,2026-09-07T20:27:31,SESS-60701,SYN-U-10650,VOICE_AI,VOICE_INTENT_DISPATCH,get_transaction,REF-SYN-U-10650-HASH-00E7,tool_dispatched=get_transaction,SUCCESS,156.55,voice-agent-v1
AI-LOG-100233,2026-09-07T20:43:40,SESS-99212,SYN-U-11909,FRAUD_ENGINE,TRANSACTION_RISK_SCORING,xgb_fraud_predict,REF-SYN-U-11909-HASH-00E8,risk_score=88,SUCCESS,20.9,fraud-xgb-1.0.0
AI-LOG-100234,2026-09-07T20:56:26,SESS-75865,SYN-U-19368,CREDIT_ENGINE,CREDIT_READINESS_ASSESSMENT,xgb_credit_evaluate,REF-SYN-U-19368-HASH-00E9,credit_score=53,SUCCESS,24.69,credit-xgb-1.0.0
AI-LOG-100235,2026-09-07T21:03:54,SESS-89539,SYN-U-19209,FRAUD_ENGINE,TRANSACTION_RISK_SCORING,xgb_fraud_predict,REF-SYN-U-19209-HASH-00EA,risk_score=61,SUCCESS,22.31,fraud-xgb-1.0.0
AI-LOG-100236,2026-09-07T21:27:19,SESS-69500,SYN-U-14700,FRAUD_ENGINE,TRANSACTION_RISK_SCORING,xgb_fraud_predict,REF-SYN-U-14700-HASH-00EB,risk_score=53,BLOCKED,19.06,fraud-xgb-1.0.0
AI-LOG-100237,2026-09-07T21:49:25,SESS-66086,SYN-U-19051,CREDIT_ENGINE,CREDIT_READINESS_ASSESSMENT,xgb_credit_evaluate,REF-SYN-U-19051-HASH-00EC,credit_score=95,SUCCESS,27.57,credit-xgb-1.0.0
AI-LOG-100238,2026-09-07T21:57:22,SESS-55546,SYN-U-18710,FRAUD_ENGINE,TRANSACTION_RISK_SCORING,xgb_fraud_predict,REF-SYN-U-18710-HASH-00ED,risk_score=58,SUCCESS,12.38,fraud-xgb-1.0.0
AI-LOG-100239,2026-09-07T21:58:47,SESS-12573,SYN-U-19994,VOICE_AI,VOICE_INTENT_DISPATCH,get_transaction,REF-SYN-U-19994-HASH-00EE,tool_dispatched=get_transaction,SUCCESS,184.9,voice-agent-v1
AI-LOG-100240,2026-09-07T23:17:22,SESS-14149,SYN-U-11897,VOICE_AI,VOICE_INTENT_DISPATCH,get_balance,REF-SYN-U-11897-HASH-00EF,tool_dispatched=get_balance,SUCCESS,206.58,voice-agent-v1
AI-LOG-100241,2026-09-07T23:27:24,SESS-33533,SYN-U-16309,ANOMALY_ENGINE,BEHAVIORAL_OUTLIER_SCAN,iforest_score,REF-SYN-U-16309-HASH-00F0,anomaly_flag=0,SUCCESS,15.12,anomaly-iforest-1.0.0
AI-LOG-100242,2026-09-08T01:55:20,SESS-17180,SYN-U-16139,VOICE_AI,VOICE_INTENT_DISPATCH,get_balance,REF-SYN-U-16139-HASH-00F1,tool_dispatched=get_balance,SUCCESS,140.41,voice-agent-v1
AI-LOG-100243,2026-09-08T02:01:25,SESS-96284,SYN-U-12690,ANOMALY_ENGINE,BEHAVIORAL_OUTLIER_SCAN,iforest_score,REF-SYN-U-12690-HASH-00F2,anomaly_flag=0,SUCCESS,13.77,anomaly-iforest-1.0.0
AI-LOG-100244,2026-09-08T02:41:40,SESS-96429,SYN-U-11961,CREDIT_ENGINE,CREDIT_READINESS_ASSESSMENT,xgb_credit_evaluate,REF-SYN-U-11961-HASH-00F3,credit_score=62,SUCCESS,31.74,credit-xgb-1.0.0
AI-LOG-100245,2026-09-08T03:21:28,SESS-58091,SYN-U-14385,FRAUD_ENGINE,TRANSACTION_RISK_SCORING,xgb_fraud_predict,REF-SYN-U-14385-HASH-00F4,risk_score=78,SUCCESS,22.29,fraud-xgb-1.0.0
AI-LOG-100246,2026-09-08T04:18:23,SESS-24849,SYN-U-12722,FRAUD_ENGINE,TRANSACTION_RISK_SCORING,xgb_fraud_predict,REF-SYN-U-12722-HASH-00F5,risk_score=16,SUCCESS,22.4,fraud-xgb-1.0.0
AI-LOG-100247,2026-09-08T05:04:56,SESS-19843,SYN-U-10658,VOICE_AI,VOICE_INTENT_DISPATCH,create_case,REF-SYN-U-10658-HASH-00F6,tool_dispatched=create_case,SUCCESS,169.33,voice-agent-v1
AI-LOG-100248,2026-09-08T05:39:05,SESS-64574,SYN-U-11025,FRAUD_ENGINE,TRANSACTION_RISK_SCORING,xgb_fraud_predict,REF-SYN-U-11025-HASH-00F7,risk_score=31,SUCCESS,24.51,fraud-xgb-1.0.0
AI-LOG-100249,2026-09-08T05:40:37,SESS-72808,SYN-U-19829,FRAUD_ENGINE,TRANSACTION_RISK_SCORING,xgb_fraud_predict,REF-SYN-U-19829-HASH-00F8,risk_score=7,SUCCESS,14.04,fraud-xgb-1.0.0
AI-LOG-100250,2026-09-08T07:02:21,SESS-62287,SYN-U-11795,FRAUD_ENGINE,TRANSACTION_RISK_SCORING,xgb_fraud_predict,REF-SYN-U-11795-HASH-00F9,risk_score=25,SUCCESS,18.18,fraud-xgb-1.0.0
AI-LOG-100251,2026-09-08T08:02:48,SESS-48716,SYN-U-17858,FRAUD_ENGINE,TRANSACTION_RISK_SCORING,xgb_fraud_predict,REF-SYN-U-17858-HASH-00FA,risk_score=16,SUCCESS,16.06,fraud-xgb-1.0.0
AI-LOG-100252,2026-09-08T09:29:35,SESS-42744,SYN-U-16739,ANOMALY_ENGINE,BEHAVIORAL_OUTLIER_SCAN,iforest_score,REF-SYN-U-16739-HASH-00FB,anomaly_flag=0,SUCCESS,10.55,anomaly-iforest-1.0.0
AI-LOG-100253,2026-09-08T10:40:53,SESS-20138,SYN-U-19432,VOICE_AI,VOICE_INTENT_DISPATCH,create_case,REF-SYN-U-19432-HASH-00FC,tool_dispatched=create_case,SUCCESS,202.87,voice-agent-v1
AI-LOG-100254,2026-09-08T11:28:09,SESS-36529,SYN-U-16474,FRAUD_ENGINE,TRANSACTION_RISK_SCORING,xgb_fraud_predict,REF-SYN-U-16474-HASH-00FD,risk_score=28,FLAGGED,16.07,fraud-xgb-1.0.0
AI-LOG-100255,2026-09-08T11:29:58,SESS-71642,SYN-U-12790,ANOMALY_ENGINE,BEHAVIORAL_OUTLIER_SCAN,iforest_score,REF-SYN-U-12790-HASH-00FE,anomaly_flag=0,SUCCESS,12.76,anomaly-iforest-1.0.0
AI-LOG-100256,2026-09-08T12:00:35,SESS-29677,SYN-U-19199,ANOMALY_ENGINE,BEHAVIORAL_OUTLIER_SCAN,iforest_score,REF-SYN-U-19199-HASH-00FF,anomaly_flag=0,SUCCESS,9.79,anomaly-iforest-1.0.0
AI-LOG-100257,2026-09-08T12:32:07,SESS-29373,SYN-U-16818,FRAUD_ENGINE,TRANSACTION_RISK_SCORING,xgb_fraud_predict,REF-SYN-U-16818-HASH-0100,risk_score=62,SUCCESS,15.83,fraud-xgb-1.0.0
AI-LOG-100258,2026-09-08T13:43:26,SESS-48678,SYN-U-19763,FRAUD_ENGINE,TRANSACTION_RISK_SCORING,xgb_fraud_predict,REF-SYN-U-19763-HASH-0101,risk_score=79,SUCCESS,18.4,fraud-xgb-1.0.0
AI-LOG-100259,2026-09-08T15:21:04,SESS-80209,SYN-U-17090,FRAUD_ENGINE,TRANSACTION_RISK_SCORING,xgb_fraud_predict,REF-SYN-U-17090-HASH-0102,risk_score=80,SUCCESS,21.51,fraud-xgb-1.0.0
AI-LOG-100260,2026-09-08T15:34:53,SESS-39832,SYN-U-17249,ANOMALY_ENGINE,BEHAVIORAL_OUTLIER_SCAN,iforest_score,REF-SYN-U-17249-HASH-0103,anomaly_flag=0,SUCCESS,14.37,anomaly-iforest-1.0.0
AI-LOG-100261,2026-09-08T16:12:53,SESS-68828,SYN-U-10118,FRAUD_ENGINE,TRANSACTION_RISK_SCORING,xgb_fraud_predict,REF-SYN-U-10118-HASH-0104,risk_score=12,SUCCESS,15.46,fraud-xgb-1.0.0
AI-LOG-100262,2026-09-08T16:29:28,SESS-22012,SYN-U-12405,ANOMALY_ENGINE,BEHAVIORAL_OUTLIER_SCAN,iforest_score,REF-SYN-U-12405-HASH-0105,anomaly_flag=0,SUCCESS,3.54,anomaly-iforest-1.0.0
AI-LOG-100263,2026-09-08T17:03:09,SESS-54665,SYN-U-16714,CREDIT_ENGINE,CREDIT_READINESS_ASSESSMENT,xgb_credit_evaluate,REF-SYN-U-16714-HASH-0106,credit_score=95,SUCCESS,29.87,credit-xgb-1.0.0
AI-LOG-100264,2026-09-08T18:08:55,SESS-35309,SYN-U-12237,ANOMALY_ENGINE,BEHAVIORAL_OUTLIER_SCAN,iforest_score,REF-SYN-U-12237-HASH-0107,anomaly_flag=0,SUCCESS,8.24,anomaly-iforest-1.0.0
AI-LOG-100265,2026-09-08T18:23:35,SESS-16125,SYN-U-16615,FRAUD_ENGINE,TRANSACTION_RISK_SCORING,xgb_fraud_predict,REF-SYN-U-16615-HASH-0108,risk_score=26,FLAGGED,16.77,fraud-xgb-1.0.0
AI-LOG-100266,2026-09-08T18:25:49,SESS-14673,SYN-U-16929,FRAUD_ENGINE,TRANSACTION_RISK_SCORING,xgb_fraud_predict,REF-SYN-U-16929-HASH-0109,risk_score=39,SUCCESS,24.76,fraud-xgb-1.0.0
AI-LOG-100267,2026-09-08T18:37:51,SESS-19091,SYN-U-10893,FRAUD_ENGINE,TRANSACTION_RISK_SCORING,xgb_fraud_predict,REF-SYN-U-10893-HASH-010A,risk_score=50,SUCCESS,13.08,fraud-xgb-1.0.0
AI-LOG-100268,2026-09-08T22:09:59,SESS-45201,SYN-U-16365,FRAUD_ENGINE,TRANSACTION_RISK_SCORING,xgb_fraud_predict,REF-SYN-U-16365-HASH-010B,risk_score=72,SUCCESS,19.18,fraud-xgb-1.0.0
AI-LOG-100269,2026-09-09T00:08:16,SESS-54215,SYN-U-11264,ANOMALY_ENGINE,BEHAVIORAL_OUTLIER_SCAN,iforest_score,REF-SYN-U-11264-HASH-010C,anomaly_flag=0,SUCCESS,16.09,anomaly-iforest-1.0.0
AI-LOG-100270,2026-09-09T00:43:15,SESS-17549,SYN-U-13492,FRAUD_ENGINE,TRANSACTION_RISK_SCORING,xgb_fraud_predict,REF-SYN-U-13492-HASH-010D,risk_score=92,SUCCESS,23.02,fraud-xgb-1.0.0
AI-LOG-100271,2026-09-09T04:31:17,SESS-44575,SYN-U-19537,ANOMALY_ENGINE,BEHAVIORAL_OUTLIER_SCAN,iforest_score,REF-SYN-U-19537-HASH-010E,anomaly_flag=0,SUCCESS,10.85,anomaly-iforest-1.0.0
AI-LOG-100272,2026-09-09T05:35:04,SESS-70450,SYN-U-10189,FRAUD_ENGINE,TRANSACTION_RISK_SCORING,xgb_fraud_predict,REF-SYN-U-10189-HASH-010F,risk_score=63,SUCCESS,18.57,fraud-xgb-1.0.0
AI-LOG-100273,2026-09-09T05:47:56,SESS-16437,SYN-U-19925,FRAUD_ENGINE,TRANSACTION_RISK_SCORING,xgb_fraud_predict,REF-SYN-U-19925-HASH-0110,risk_score=59,FLAGGED,23.32,fraud-xgb-1.0.0
AI-LOG-100274,2026-09-09T06:01:07,SESS-15662,SYN-U-10072,FRAUD_ENGINE,TRANSACTION_RISK_SCORING,xgb_fraud_predict,REF-SYN-U-10072-HASH-0111,risk_score=94,SUCCESS,16.55,fraud-xgb-1.0.0
AI-LOG-100275,2026-09-09T06:53:52,SESS-28467,SYN-U-10978,FRAUD_ENGINE,TRANSACTION_RISK_SCORING,xgb_fraud_predict,REF-SYN-U-10978-HASH-0112,risk_score=94,SUCCESS,23.76,fraud-xgb-1.0.0
AI-LOG-100276,2026-09-09T06:54:20,SESS-52037,SYN-U-11181,CREDIT_ENGINE,CREDIT_READINESS_ASSESSMENT,xgb_credit_evaluate,REF-SYN-U-11181-HASH-0113,credit_score=49,SUCCESS,16.25,credit-xgb-1.0.0
AI-LOG-100277,2026-09-09T08:35:18,SESS-70111,SYN-U-16500,CREDIT_ENGINE,CREDIT_READINESS_ASSESSMENT,xgb_credit_evaluate,REF-SYN-U-16500-HASH-0114,credit_score=91,SUCCESS,27.87,credit-xgb-1.0.0
AI-LOG-100278,2026-09-09T09:07:22,SESS-39318,SYN-U-11415,REPORT_COPILOT,DISPUTE_SUMMARIZATION,case_copilot_summarize,REF-SYN-U-11415-HASH-0115,draft_summary_generated,SUCCESS,169.62,case-copilot-v1
AI-LOG-100279,2026-09-09T09:25:04,SESS-58852,SYN-U-11079,FRAUD_ENGINE,TRANSACTION_RISK_SCORING,xgb_fraud_predict,REF-SYN-U-11079-HASH-0116,risk_score=56,SUCCESS,13.37,fraud-xgb-1.0.0
AI-LOG-100280,2026-09-09T09:35:13,SESS-39487,SYN-U-18275,FRAUD_ENGINE,TRANSACTION_RISK_SCORING,xgb_fraud_predict,REF-SYN-U-18275-HASH-0117,risk_score=65,SUCCESS,17.43,fraud-xgb-1.0.0
AI-LOG-100281,2026-09-09T11:22:30,SESS-19164,SYN-U-10966,REPORT_COPILOT,DISPUTE_SUMMARIZATION,case_copilot_summarize,REF-SYN-U-10966-HASH-0118,draft_summary_generated,SUCCESS,197.39,case-copilot-v1
AI-LOG-100282,2026-09-09T11:56:11,SESS-83669,SYN-U-11235,ANOMALY_ENGINE,BEHAVIORAL_OUTLIER_SCAN,iforest_score,REF-SYN-U-11235-HASH-0119,anomaly_flag=0,SUCCESS,15.12,anomaly-iforest-1.0.0
AI-LOG-100283,2026-09-09T12:39:19,SESS-23290,SYN-U-15775,FRAUD_ENGINE,TRANSACTION_RISK_SCORING,xgb_fraud_predict,REF-SYN-U-15775-HASH-011A,risk_score=87,FLAGGED,16.08,fraud-xgb-1.0.0
AI-LOG-100284,2026-09-09T13:07:16,SESS-79213,SYN-U-15608,VOICE_AI,VOICE_INTENT_DISPATCH,create_case,REF-SYN-U-15608-HASH-011B,tool_dispatched=create_case,SUCCESS,162.46,voice-agent-v1
AI-LOG-100285,2026-09-09T13:48:33,SESS-10158,SYN-U-15641,ANOMALY_ENGINE,BEHAVIORAL_OUTLIER_SCAN,iforest_score,REF-SYN-U-15641-HASH-011C,anomaly_flag=0,SUCCESS,15.04,anomaly-iforest-1.0.0
AI-LOG-100286,2026-09-09T17:58:01,SESS-85095,SYN-U-12355,FRAUD_ENGINE,TRANSACTION_RISK_SCORING,xgb_fraud_predict,REF-SYN-U-12355-HASH-011D,risk_score=49,FLAGGED,21.62,fraud-xgb-1.0.0
AI-LOG-100287,2026-09-09T19:24:02,SESS-69294,SYN-U-13410,REPORT_COPILOT,DISPUTE_SUMMARIZATION,case_copilot_summarize,REF-SYN-U-13410-HASH-011E,draft_summary_generated,SUCCESS,212.43,case-copilot-v1
AI-LOG-100288,2026-09-09T22:40:21,SESS-94410,SYN-U-15903,FRAUD_ENGINE,TRANSACTION_RISK_SCORING,xgb_fraud_predict,REF-SYN-U-15903-HASH-011F,risk_score=90,SUCCESS,20.16,fraud-xgb-1.0.0
AI-LOG-100289,2026-09-09T22:59:38,SESS-16995,SYN-U-15362,FRAUD_ENGINE,TRANSACTION_RISK_SCORING,xgb_fraud_predict,REF-SYN-U-15362-HASH-0120,risk_score=14,SUCCESS,19.47,fraud-xgb-1.0.0
AI-LOG-100290,2026-09-09T23:00:59,SESS-98502,SYN-U-15267,ANOMALY_ENGINE,BEHAVIORAL_OUTLIER_SCAN,iforest_score,REF-SYN-U-15267-HASH-0121,anomaly_flag=0,SUCCESS,13.61,anomaly-iforest-1.0.0
AI-LOG-100291,2026-09-09T23:15:30,SESS-14008,SYN-U-11435,FRAUD_ENGINE,TRANSACTION_RISK_SCORING,xgb_fraud_predict,REF-SYN-U-11435-HASH-0122,risk_score=10,SUCCESS,17.2,fraud-xgb-1.0.0
AI-LOG-100292,2026-09-10T01:57:18,SESS-37573,SYN-U-19148,FRAUD_ENGINE,TRANSACTION_RISK_SCORING,xgb_fraud_predict,REF-SYN-U-19148-HASH-0123,risk_score=17,SUCCESS,22.36,fraud-xgb-1.0.0
AI-LOG-100293,2026-09-10T03:38:08,SESS-21353,SYN-U-12723,CREDIT_ENGINE,CREDIT_READINESS_ASSESSMENT,xgb_credit_evaluate,REF-SYN-U-12723-HASH-0124,credit_score=85,SUCCESS,32.96,credit-xgb-1.0.0
AI-LOG-100294,2026-09-10T03:45:15,SESS-85122,SYN-U-17595,ANOMALY_ENGINE,BEHAVIORAL_OUTLIER_SCAN,iforest_score,REF-SYN-U-17595-HASH-0125,anomaly_flag=0,SUCCESS,10.01,anomaly-iforest-1.0.0
AI-LOG-100295,2026-09-10T04:00:16,SESS-98519,SYN-U-17811,ANOMALY_ENGINE,BEHAVIORAL_OUTLIER_SCAN,iforest_score,REF-SYN-U-17811-HASH-0126,anomaly_flag=0,SUCCESS,13.43,anomaly-iforest-1.0.0
AI-LOG-100296,2026-09-10T04:30:45,SESS-64577,SYN-U-19686,CREDIT_ENGINE,CREDIT_READINESS_ASSESSMENT,xgb_credit_evaluate,REF-SYN-U-19686-HASH-0127,credit_score=51,SUCCESS,24.76,credit-xgb-1.0.0
AI-LOG-100297,2026-09-10T04:55:10,SESS-89640,SYN-U-12714,CREDIT_ENGINE,CREDIT_READINESS_ASSESSMENT,xgb_credit_evaluate,REF-SYN-U-12714-HASH-0128,credit_score=69,SUCCESS,24.15,credit-xgb-1.0.0
AI-LOG-100298,2026-09-10T04:56:37,SESS-13655,SYN-U-14463,ANOMALY_ENGINE,BEHAVIORAL_OUTLIER_SCAN,iforest_score,REF-SYN-U-14463-HASH-0129,anomaly_flag=0,SUCCESS,15.65,anomaly-iforest-1.0.0
AI-LOG-100299,2026-09-10T05:23:04,SESS-62710,SYN-U-12544,ANOMALY_ENGINE,BEHAVIORAL_OUTLIER_SCAN,iforest_score,REF-SYN-U-12544-HASH-012A,anomaly_flag=1,FLAGGED,12.82,anomaly-iforest-1.0.0
AI-LOG-100300,2026-09-10T05:26:44,SESS-34919,SYN-U-15340,CREDIT_ENGINE,CREDIT_READINESS_ASSESSMENT,xgb_credit_evaluate,REF-SYN-U-15340-HASH-012B,credit_score=43,SUCCESS,29.3,credit-xgb-1.0.0
AI-LOG-100301,2026-09-10T05:59:42,SESS-52269,SYN-U-11200,FRAUD_ENGINE,TRANSACTION_RISK_SCORING,xgb_fraud_predict,REF-SYN-U-11200-HASH-012C,risk_score=33,BLOCKED,20.02,fraud-xgb-1.0.0
AI-LOG-100302,2026-09-10T07:35:01,SESS-13030,SYN-U-15220,FRAUD_ENGINE,TRANSACTION_RISK_SCORING,xgb_fraud_predict,REF-SYN-U-15220-HASH-012D,risk_score=49,SUCCESS,19.48,fraud-xgb-1.0.0
AI-LOG-100303,2026-09-10T07:49:03,SESS-86904,SYN-U-14409,FRAUD_ENGINE,TRANSACTION_RISK_SCORING,xgb_fraud_predict,REF-SYN-U-14409-HASH-012E,risk_score=38,SUCCESS,21.07,fraud-xgb-1.0.0
AI-LOG-100304,2026-09-10T07:57:05,SESS-21449,SYN-U-15755,VOICE_AI,VOICE_INTENT_DISPATCH,get_transaction,REF-SYN-U-15755-HASH-012F,tool_dispatched=get_transaction,SUCCESS,207.4,voice-agent-v1
AI-LOG-100305,2026-09-10T07:57:26,SESS-64903,SYN-U-10457,CREDIT_ENGINE,CREDIT_READINESS_ASSESSMENT,xgb_credit_evaluate,REF-SYN-U-10457-HASH-0130,credit_score=74,SUCCESS,29.72,credit-xgb-1.0.0
AI-LOG-100306,2026-09-10T08:07:52,SESS-50560,SYN-U-16873,CREDIT_ENGINE,CREDIT_READINESS_ASSESSMENT,xgb_credit_evaluate,REF-SYN-U-16873-HASH-0131,credit_score=84,SUCCESS,17.58,credit-xgb-1.0.0
AI-LOG-100307,2026-09-10T08:59:59,SESS-75786,SYN-U-18492,FRAUD_ENGINE,TRANSACTION_RISK_SCORING,xgb_fraud_predict,REF-SYN-U-18492-HASH-0132,risk_score=39,SUCCESS,14.85,fraud-xgb-1.0.0
AI-LOG-100308,2026-09-10T10:12:42,SESS-45388,SYN-U-13828,ANOMALY_ENGINE,BEHAVIORAL_OUTLIER_SCAN,iforest_score,REF-SYN-U-13828-HASH-0133,anomaly_flag=0,SUCCESS,8.92,anomaly-iforest-1.0.0
AI-LOG-100309,2026-09-10T11:32:15,SESS-91183,SYN-U-12349,VOICE_AI,VOICE_INTENT_DISPATCH,get_balance,REF-SYN-U-12349-HASH-0134,tool_dispatched=get_balance,SUCCESS,183.63,voice-agent-v1
AI-LOG-100310,2026-09-10T11:46:36,SESS-84657,SYN-U-10029,VOICE_AI,VOICE_INTENT_DISPATCH,create_case,REF-SYN-U-10029-HASH-0135,tool_dispatched=create_case,SUCCESS,252.77,voice-agent-v1
AI-LOG-100311,2026-09-10T13:07:31,SESS-96370,SYN-U-14331,ANOMALY_ENGINE,BEHAVIORAL_OUTLIER_SCAN,iforest_score,REF-SYN-U-14331-HASH-0136,anomaly_flag=0,SUCCESS,7.07,anomaly-iforest-1.0.0
AI-LOG-100312,2026-09-10T14:23:17,SESS-10354,SYN-U-11086,VOICE_AI,VOICE_INTENT_DISPATCH,get_transaction,REF-SYN-U-11086-HASH-0137,tool_dispatched=get_transaction,SUCCESS,183.19,voice-agent-v1
AI-LOG-100313,2026-09-10T14:24:31,SESS-49084,SYN-U-14391,ANOMALY_ENGINE,BEHAVIORAL_OUTLIER_SCAN,iforest_score,REF-SYN-U-14391-HASH-0138,anomaly_flag=0,SUCCESS,13.91,anomaly-iforest-1.0.0
AI-LOG-100314,2026-09-10T14:41:55,SESS-49165,SYN-U-17019,ANOMALY_ENGINE,BEHAVIORAL_OUTLIER_SCAN,iforest_score,REF-SYN-U-17019-HASH-0139,anomaly_flag=0,SUCCESS,6.35,anomaly-iforest-1.0.0
AI-LOG-100315,2026-09-10T15:42:13,SESS-72766,SYN-U-12447,FRAUD_ENGINE,TRANSACTION_RISK_SCORING,xgb_fraud_predict,REF-SYN-U-12447-HASH-013A,risk_score=60,SUCCESS,8.51,fraud-xgb-1.0.0
AI-LOG-100316,2026-09-10T16:21:34,SESS-82836,SYN-U-12022,FRAUD_ENGINE,TRANSACTION_RISK_SCORING,xgb_fraud_predict,REF-SYN-U-12022-HASH-013B,risk_score=70,SUCCESS,15.18,fraud-xgb-1.0.0
AI-LOG-100317,2026-09-10T16:39:47,SESS-95026,SYN-U-10101,FRAUD_ENGINE,TRANSACTION_RISK_SCORING,xgb_fraud_predict,REF-SYN-U-10101-HASH-013C,risk_score=77,SUCCESS,12.01,fraud-xgb-1.0.0
AI-LOG-100318,2026-09-10T17:17:26,SESS-95015,SYN-U-14688,CREDIT_ENGINE,CREDIT_READINESS_ASSESSMENT,xgb_credit_evaluate,REF-SYN-U-14688-HASH-013D,credit_score=69,SUCCESS,28.69,credit-xgb-1.0.0
AI-LOG-100319,2026-09-10T19:32:09,SESS-37229,SYN-U-18760,VOICE_AI,VOICE_INTENT_DISPATCH,get_balance,REF-SYN-U-18760-HASH-013E,tool_dispatched=get_balance,SUCCESS,207.56,voice-agent-v1
AI-LOG-100320,2026-09-10T19:35:04,SESS-85964,SYN-U-18650,ANOMALY_ENGINE,BEHAVIORAL_OUTLIER_SCAN,iforest_score,REF-SYN-U-18650-HASH-013F,anomaly_flag=0,SUCCESS,7.76,anomaly-iforest-1.0.0
AI-LOG-100321,2026-09-10T19:43:34,SESS-62282,SYN-U-14956,ANOMALY_ENGINE,BEHAVIORAL_OUTLIER_SCAN,iforest_score,REF-SYN-U-14956-HASH-0140,anomaly_flag=0,SUCCESS,11.03,anomaly-iforest-1.0.0
AI-LOG-100322,2026-09-10T22:01:38,SESS-42024,SYN-U-16937,ANOMALY_ENGINE,BEHAVIORAL_OUTLIER_SCAN,iforest_score,REF-SYN-U-16937-HASH-0141,anomaly_flag=1,FLAGGED,9.76,anomaly-iforest-1.0.0
AI-LOG-100323,2026-09-10T22:02:06,SESS-35175,SYN-U-18227,FRAUD_ENGINE,TRANSACTION_RISK_SCORING,xgb_fraud_predict,REF-SYN-U-18227-HASH-0142,risk_score=37,SUCCESS,19.51,fraud-xgb-1.0.0
AI-LOG-100324,2026-09-10T22:34:14,SESS-91439,SYN-U-13045,REPORT_COPILOT,DISPUTE_SUMMARIZATION,case_copilot_summarize,REF-SYN-U-13045-HASH-0143,draft_summary_generated,SUCCESS,185.72,case-copilot-v1
AI-LOG-100325,2026-09-10T23:30:58,SESS-44090,SYN-U-12708,FRAUD_ENGINE,TRANSACTION_RISK_SCORING,xgb_fraud_predict,REF-SYN-U-12708-HASH-0144,risk_score=71,SUCCESS,17.87,fraud-xgb-1.0.0
AI-LOG-100326,2026-09-10T23:45:49,SESS-77717,SYN-U-16455,ANOMALY_ENGINE,BEHAVIORAL_OUTLIER_SCAN,iforest_score,REF-SYN-U-16455-HASH-0145,anomaly_flag=0,SUCCESS,8.31,anomaly-iforest-1.0.0
AI-LOG-100327,2026-09-11T00:21:22,SESS-64420,SYN-U-18895,CREDIT_ENGINE,CREDIT_READINESS_ASSESSMENT,xgb_credit_evaluate,REF-SYN-U-18895-HASH-0146,credit_score=68,SUCCESS,24.02,credit-xgb-1.0.0
AI-LOG-100328,2026-09-11T03:00:33,SESS-80352,SYN-U-16401,ANOMALY_ENGINE,BEHAVIORAL_OUTLIER_SCAN,iforest_score,REF-SYN-U-16401-HASH-0147,anomaly_flag=0,SUCCESS,8.13,anomaly-iforest-1.0.0
AI-LOG-100329,2026-09-11T03:01:21,SESS-42866,SYN-U-11199,FRAUD_ENGINE,TRANSACTION_RISK_SCORING,xgb_fraud_predict,REF-SYN-U-11199-HASH-0148,risk_score=23,BLOCKED,23.69,fraud-xgb-1.0.0
AI-LOG-100330,2026-09-11T06:56:30,SESS-59452,SYN-U-13786,CREDIT_ENGINE,CREDIT_READINESS_ASSESSMENT,xgb_credit_evaluate,REF-SYN-U-13786-HASH-0149,credit_score=49,SUCCESS,18.77,credit-xgb-1.0.0
AI-LOG-100331,2026-09-11T09:17:43,SESS-79327,SYN-U-13636,VOICE_AI,VOICE_INTENT_DISPATCH,get_transaction,REF-SYN-U-13636-HASH-014A,tool_dispatched=get_transaction,SUCCESS,166.16,voice-agent-v1
AI-LOG-100332,2026-09-11T10:53:43,SESS-51237,SYN-U-18112,ANOMALY_ENGINE,BEHAVIORAL_OUTLIER_SCAN,iforest_score,REF-SYN-U-18112-HASH-014B,anomaly_flag=0,SUCCESS,9.97,anomaly-iforest-1.0.0
AI-LOG-100333,2026-09-11T11:00:29,SESS-31756,SYN-U-15498,REPORT_COPILOT,DISPUTE_SUMMARIZATION,case_copilot_summarize,REF-SYN-U-15498-HASH-014C,draft_summary_generated,SUCCESS,237.69,case-copilot-v1
AI-LOG-100334,2026-09-11T14:31:59,SESS-11854,SYN-U-17087,FRAUD_ENGINE,TRANSACTION_RISK_SCORING,xgb_fraud_predict,REF-SYN-U-17087-HASH-014D,risk_score=43,SUCCESS,19.83,fraud-xgb-1.0.0
AI-LOG-100335,2026-09-11T15:14:01,SESS-31674,SYN-U-11601,FRAUD_ENGINE,TRANSACTION_RISK_SCORING,xgb_fraud_predict,REF-SYN-U-11601-HASH-014E,risk_score=86,SUCCESS,13.43,fraud-xgb-1.0.0
AI-LOG-100336,2026-09-11T20:14:41,SESS-29551,SYN-U-13154,VOICE_AI,VOICE_INTENT_DISPATCH,get_transaction,REF-SYN-U-13154-HASH-014F,tool_dispatched=get_transaction,SUCCESS,150.62,voice-agent-v1
AI-LOG-100337,2026-09-11T20:25:18,SESS-55712,SYN-U-16971,VOICE_AI,VOICE_INTENT_DISPATCH,get_transaction,REF-SYN-U-16971-HASH-0150,tool_dispatched=get_transaction,SUCCESS,152.3,voice-agent-v1
AI-LOG-100338,2026-09-11T20:48:33,SESS-20604,SYN-U-18618,ANOMALY_ENGINE,BEHAVIORAL_OUTLIER_SCAN,iforest_score,REF-SYN-U-18618-HASH-0151,anomaly_flag=1,FLAGGED,10.5,anomaly-iforest-1.0.0
AI-LOG-100339,2026-09-11T21:40:07,SESS-98068,SYN-U-13525,CREDIT_ENGINE,CREDIT_READINESS_ASSESSMENT,xgb_credit_evaluate,REF-SYN-U-13525-HASH-0152,credit_score=49,SUCCESS,19.08,credit-xgb-1.0.0
AI-LOG-100340,2026-09-11T23:21:05,SESS-43622,SYN-U-13776,REPORT_COPILOT,DISPUTE_SUMMARIZATION,case_copilot_summarize,REF-SYN-U-13776-HASH-0153,draft_summary_generated,SUCCESS,295.85,case-copilot-v1
AI-LOG-100341,2026-09-12T00:57:18,SESS-62158,SYN-U-14444,CREDIT_ENGINE,CREDIT_READINESS_ASSESSMENT,xgb_credit_evaluate,REF-SYN-U-14444-HASH-0154,credit_score=46,SUCCESS,17.58,credit-xgb-1.0.0
AI-LOG-100342,2026-09-12T01:22:41,SESS-87650,SYN-U-14082,ANOMALY_ENGINE,BEHAVIORAL_OUTLIER_SCAN,iforest_score,REF-SYN-U-14082-HASH-0155,anomaly_flag=0,SUCCESS,12.23,anomaly-iforest-1.0.0
AI-LOG-100343,2026-09-12T01:48:34,SESS-12503,SYN-U-10559,ANOMALY_ENGINE,BEHAVIORAL_OUTLIER_SCAN,iforest_score,REF-SYN-U-10559-HASH-0156,anomaly_flag=0,SUCCESS,18.28,anomaly-iforest-1.0.0
AI-LOG-100344,2026-09-12T02:15:44,SESS-69564,SYN-U-18543,FRAUD_ENGINE,TRANSACTION_RISK_SCORING,xgb_fraud_predict,REF-SYN-U-18543-HASH-0157,risk_score=63,SUCCESS,17.23,fraud-xgb-1.0.0
AI-LOG-100345,2026-09-12T02:45:23,SESS-62421,SYN-U-10775,FRAUD_ENGINE,TRANSACTION_RISK_SCORING,xgb_fraud_predict,REF-SYN-U-10775-HASH-0158,risk_score=21,SUCCESS,15.34,fraud-xgb-1.0.0
AI-LOG-100346,2026-09-12T02:58:54,SESS-75440,SYN-U-17751,ANOMALY_ENGINE,BEHAVIORAL_OUTLIER_SCAN,iforest_score,REF-SYN-U-17751-HASH-0159,anomaly_flag=0,SUCCESS,8.17,anomaly-iforest-1.0.0
AI-LOG-100347,2026-09-12T03:02:26,SESS-24463,SYN-U-10500,REPORT_COPILOT,DISPUTE_SUMMARIZATION,case_copilot_summarize,REF-SYN-U-10500-HASH-015A,draft_summary_generated,SUCCESS,193.72,case-copilot-v1
AI-LOG-100348,2026-09-12T03:27:56,SESS-24273,SYN-U-16425,ANOMALY_ENGINE,BEHAVIORAL_OUTLIER_SCAN,iforest_score,REF-SYN-U-16425-HASH-015B,anomaly_flag=0,SUCCESS,11.27,anomaly-iforest-1.0.0
AI-LOG-100349,2026-09-12T05:09:15,SESS-45694,SYN-U-16142,ANOMALY_ENGINE,BEHAVIORAL_OUTLIER_SCAN,iforest_score,REF-SYN-U-16142-HASH-015C,anomaly_flag=0,SUCCESS,10.05,anomaly-iforest-1.0.0
AI-LOG-100350,2026-09-12T06:08:24,SESS-30766,SYN-U-18003,CREDIT_ENGINE,CREDIT_READINESS_ASSESSMENT,xgb_credit_evaluate,REF-SYN-U-18003-HASH-015D,credit_score=53,SUCCESS,22.42,credit-xgb-1.0.0
AI-LOG-100351,2026-09-12T06:55:48,SESS-83705,SYN-U-17749,FRAUD_ENGINE,TRANSACTION_RISK_SCORING,xgb_fraud_predict,REF-SYN-U-17749-HASH-015E,risk_score=82,SUCCESS,19.94,fraud-xgb-1.0.0
AI-LOG-100352,2026-09-12T07:19:38,SESS-62377,SYN-U-12973,ANOMALY_ENGINE,BEHAVIORAL_OUTLIER_SCAN,iforest_score,REF-SYN-U-12973-HASH-015F,anomaly_flag=0,SUCCESS,13.63,anomaly-iforest-1.0.0
AI-LOG-100353,2026-09-12T07:29:32,SESS-68574,SYN-U-19768,FRAUD_ENGINE,TRANSACTION_RISK_SCORING,xgb_fraud_predict,REF-SYN-U-19768-HASH-0160,risk_score=59,SUCCESS,22.5,fraud-xgb-1.0.0
AI-LOG-100354,2026-09-12T08:04:34,SESS-54968,SYN-U-11952,ANOMALY_ENGINE,BEHAVIORAL_OUTLIER_SCAN,iforest_score,REF-SYN-U-11952-HASH-0161,anomaly_flag=0,SUCCESS,7.36,anomaly-iforest-1.0.0
AI-LOG-100355,2026-09-12T08:24:12,SESS-56772,SYN-U-15698,VOICE_AI,VOICE_INTENT_DISPATCH,get_transaction,REF-SYN-U-15698-HASH-0162,tool_dispatched=get_transaction,SUCCESS,230.83,voice-agent-v1
AI-LOG-100356,2026-09-12T10:20:19,SESS-56919,SYN-U-16396,FRAUD_ENGINE,TRANSACTION_RISK_SCORING,xgb_fraud_predict,REF-SYN-U-16396-HASH-0163,risk_score=40,SUCCESS,17.6,fraud-xgb-1.0.0
AI-LOG-100357,2026-09-12T10:29:19,SESS-82221,SYN-U-16127,CREDIT_ENGINE,CREDIT_READINESS_ASSESSMENT,xgb_credit_evaluate,REF-SYN-U-16127-HASH-0164,credit_score=71,SUCCESS,38.46,credit-xgb-1.0.0
AI-LOG-100358,2026-09-12T12:19:34,SESS-19591,SYN-U-18582,FRAUD_ENGINE,TRANSACTION_RISK_SCORING,xgb_fraud_predict,REF-SYN-U-18582-HASH-0165,risk_score=92,BLOCKED,18.75,fraud-xgb-1.0.0
AI-LOG-100359,2026-09-12T12:34:21,SESS-75334,SYN-U-12715,ANOMALY_ENGINE,BEHAVIORAL_OUTLIER_SCAN,iforest_score,REF-SYN-U-12715-HASH-0166,anomaly_flag=0,SUCCESS,11.83,anomaly-iforest-1.0.0
AI-LOG-100360,2026-09-12T13:07:39,SESS-19313,SYN-U-19648,FRAUD_ENGINE,TRANSACTION_RISK_SCORING,xgb_fraud_predict,REF-SYN-U-19648-HASH-0167,risk_score=20,SUCCESS,22.15,fraud-xgb-1.0.0
AI-LOG-100361,2026-09-12T13:36:38,SESS-62678,SYN-U-18549,ANOMALY_ENGINE,BEHAVIORAL_OUTLIER_SCAN,iforest_score,REF-SYN-U-18549-HASH-0168,anomaly_flag=0,SUCCESS,11.08,anomaly-iforest-1.0.0
AI-LOG-100362,2026-09-12T14:04:45,SESS-24954,SYN-U-17249,FRAUD_ENGINE,TRANSACTION_RISK_SCORING,xgb_fraud_predict,REF-SYN-U-17249-HASH-0169,risk_score=16,SUCCESS,20.99,fraud-xgb-1.0.0
AI-LOG-100363,2026-09-12T14:30:19,SESS-58613,SYN-U-15828,FRAUD_ENGINE,TRANSACTION_RISK_SCORING,xgb_fraud_predict,REF-SYN-U-15828-HASH-016A,risk_score=74,SUCCESS,27.09,fraud-xgb-1.0.0
AI-LOG-100364,2026-09-12T14:32:17,SESS-46226,SYN-U-16210,FRAUD_ENGINE,TRANSACTION_RISK_SCORING,xgb_fraud_predict,REF-SYN-U-16210-HASH-016B,risk_score=63,SUCCESS,20.71,fraud-xgb-1.0.0
AI-LOG-100365,2026-09-12T15:31:15,SESS-88306,SYN-U-12091,VOICE_AI,VOICE_INTENT_DISPATCH,get_balance,REF-SYN-U-12091-HASH-016C,tool_dispatched=get_balance,SUCCESS,123.83,voice-agent-v1
AI-LOG-100366,2026-09-12T16:26:25,SESS-51963,SYN-U-12185,ANOMALY_ENGINE,BEHAVIORAL_OUTLIER_SCAN,iforest_score,REF-SYN-U-12185-HASH-016D,anomaly_flag=0,SUCCESS,6.83,anomaly-iforest-1.0.0
AI-LOG-100367,2026-09-12T17:43:25,SESS-44303,SYN-U-12869,VOICE_AI,VOICE_INTENT_DISPATCH,get_balance,REF-SYN-U-12869-HASH-016E,tool_dispatched=get_balance,SUCCESS,178.48,voice-agent-v1
AI-LOG-100368,2026-09-12T18:26:45,SESS-68525,SYN-U-19281,FRAUD_ENGINE,TRANSACTION_RISK_SCORING,xgb_fraud_predict,REF-SYN-U-19281-HASH-016F,risk_score=60,SUCCESS,14.36,fraud-xgb-1.0.0
AI-LOG-100369,2026-09-12T18:48:37,SESS-37019,SYN-U-18209,ANOMALY_ENGINE,BEHAVIORAL_OUTLIER_SCAN,iforest_score,REF-SYN-U-18209-HASH-0170,anomaly_flag=0,SUCCESS,15.4,anomaly-iforest-1.0.0
AI-LOG-100370,2026-09-12T19:15:51,SESS-57005,SYN-U-12352,VOICE_AI,VOICE_INTENT_DISPATCH,get_balance,REF-SYN-U-12352-HASH-0171,tool_dispatched=get_balance,SUCCESS,210.3,voice-agent-v1
AI-LOG-100371,2026-09-12T19:39:40,SESS-14409,SYN-U-15350,FRAUD_ENGINE,TRANSACTION_RISK_SCORING,xgb_fraud_predict,REF-SYN-U-15350-HASH-0172,risk_score=23,SUCCESS,18.01,fraud-xgb-1.0.0
AI-LOG-100372,2026-09-12T20:05:14,SESS-63168,SYN-U-13137,CREDIT_ENGINE,CREDIT_READINESS_ASSESSMENT,xgb_credit_evaluate,REF-SYN-U-13137-HASH-0173,credit_score=89,SUCCESS,20.0,credit-xgb-1.0.0
AI-LOG-100373,2026-09-12T22:11:07,SESS-89358,SYN-U-10919,FRAUD_ENGINE,TRANSACTION_RISK_SCORING,xgb_fraud_predict,REF-SYN-U-10919-HASH-0174,risk_score=30,SUCCESS,23.02,fraud-xgb-1.0.0
AI-LOG-100374,2026-09-12T22:12:41,SESS-31338,SYN-U-11635,ANOMALY_ENGINE,BEHAVIORAL_OUTLIER_SCAN,iforest_score,REF-SYN-U-11635-HASH-0175,anomaly_flag=0,SUCCESS,12.88,anomaly-iforest-1.0.0
AI-LOG-100375,2026-09-12T22:50:49,SESS-17811,SYN-U-10016,VOICE_AI,VOICE_INTENT_DISPATCH,create_case,REF-SYN-U-10016-HASH-0176,tool_dispatched=create_case,SUCCESS,241.66,voice-agent-v1
AI-LOG-100376,2026-09-12T22:59:10,SESS-62286,SYN-U-10644,ANOMALY_ENGINE,BEHAVIORAL_OUTLIER_SCAN,iforest_score,REF-SYN-U-10644-HASH-0177,anomaly_flag=0,SUCCESS,14.05,anomaly-iforest-1.0.0
AI-LOG-100377,2026-09-13T00:53:08,SESS-95322,SYN-U-14500,VOICE_AI,VOICE_INTENT_DISPATCH,create_case,REF-SYN-U-14500-HASH-0178,tool_dispatched=create_case,SUCCESS,156.63,voice-agent-v1
AI-LOG-100378,2026-09-13T01:57:14,SESS-34975,SYN-U-12257,ANOMALY_ENGINE,BEHAVIORAL_OUTLIER_SCAN,iforest_score,REF-SYN-U-12257-HASH-0179,anomaly_flag=0,SUCCESS,13.21,anomaly-iforest-1.0.0
AI-LOG-100379,2026-09-13T02:33:39,SESS-16673,SYN-U-17843,ANOMALY_ENGINE,BEHAVIORAL_OUTLIER_SCAN,iforest_score,REF-SYN-U-17843-HASH-017A,anomaly_flag=0,SUCCESS,12.61,anomaly-iforest-1.0.0
AI-LOG-100380,2026-09-13T03:32:51,SESS-15793,SYN-U-16685,VOICE_AI,VOICE_INTENT_DISPATCH,create_case,REF-SYN-U-16685-HASH-017B,tool_dispatched=create_case,SUCCESS,71.81,voice-agent-v1
AI-LOG-100381,2026-09-13T04:02:08,SESS-47556,SYN-U-12029,ANOMALY_ENGINE,BEHAVIORAL_OUTLIER_SCAN,iforest_score,REF-SYN-U-12029-HASH-017C,anomaly_flag=0,SUCCESS,16.99,anomaly-iforest-1.0.0
AI-LOG-100382,2026-09-13T04:27:42,SESS-78281,SYN-U-19769,FRAUD_ENGINE,TRANSACTION_RISK_SCORING,xgb_fraud_predict,REF-SYN-U-19769-HASH-017D,risk_score=46,SUCCESS,21.91,fraud-xgb-1.0.0
AI-LOG-100383,2026-09-13T04:51:05,SESS-86928,SYN-U-10122,FRAUD_ENGINE,TRANSACTION_RISK_SCORING,xgb_fraud_predict,REF-SYN-U-10122-HASH-017E,risk_score=71,SUCCESS,18.76,fraud-xgb-1.0.0
AI-LOG-100384,2026-09-13T04:53:09,SESS-52620,SYN-U-13395,CREDIT_ENGINE,CREDIT_READINESS_ASSESSMENT,xgb_credit_evaluate,REF-SYN-U-13395-HASH-017F,credit_score=90,SUCCESS,33.08,credit-xgb-1.0.0
AI-LOG-100385,2026-09-13T05:17:47,SESS-63321,SYN-U-16409,REPORT_COPILOT,DISPUTE_SUMMARIZATION,case_copilot_summarize,REF-SYN-U-16409-HASH-0180,draft_summary_generated,SUCCESS,207.53,case-copilot-v1
AI-LOG-100386,2026-09-13T05:24:49,SESS-87851,SYN-U-11292,FRAUD_ENGINE,TRANSACTION_RISK_SCORING,xgb_fraud_predict,REF-SYN-U-11292-HASH-0181,risk_score=70,SUCCESS,17.38,fraud-xgb-1.0.0
AI-LOG-100387,2026-09-13T07:17:58,SESS-67826,SYN-U-14809,FRAUD_ENGINE,TRANSACTION_RISK_SCORING,xgb_fraud_predict,REF-SYN-U-14809-HASH-0182,risk_score=53,SUCCESS,12.26,fraud-xgb-1.0.0
AI-LOG-100388,2026-09-13T07:24:32,SESS-55482,SYN-U-13448,REPORT_COPILOT,DISPUTE_SUMMARIZATION,case_copilot_summarize,REF-SYN-U-13448-HASH-0183,draft_summary_generated,SUCCESS,216.68,case-copilot-v1
AI-LOG-100389,2026-09-13T07:45:14,SESS-10019,SYN-U-19989,FRAUD_ENGINE,TRANSACTION_RISK_SCORING,xgb_fraud_predict,REF-SYN-U-19989-HASH-0184,risk_score=79,SUCCESS,17.65,fraud-xgb-1.0.0
AI-LOG-100390,2026-09-13T08:19:38,SESS-45211,SYN-U-11837,FRAUD_ENGINE,TRANSACTION_RISK_SCORING,xgb_fraud_predict,REF-SYN-U-11837-HASH-0185,risk_score=62,SUCCESS,16.22,fraud-xgb-1.0.0
AI-LOG-100391,2026-09-13T08:54:02,SESS-98147,SYN-U-19995,ANOMALY_ENGINE,BEHAVIORAL_OUTLIER_SCAN,iforest_score,REF-SYN-U-19995-HASH-0186,anomaly_flag=1,FLAGGED,7.54,anomaly-iforest-1.0.0
AI-LOG-100392,2026-09-13T09:16:06,SESS-63467,SYN-U-11730,FRAUD_ENGINE,TRANSACTION_RISK_SCORING,xgb_fraud_predict,REF-SYN-U-11730-HASH-0187,risk_score=53,SUCCESS,19.31,fraud-xgb-1.0.0
AI-LOG-100393,2026-09-13T09:51:20,SESS-31703,SYN-U-18284,VOICE_AI,VOICE_INTENT_DISPATCH,get_transaction,REF-SYN-U-18284-HASH-0188,tool_dispatched=get_transaction,SUCCESS,170.64,voice-agent-v1
AI-LOG-100394,2026-09-13T10:06:13,SESS-76734,SYN-U-14480,ANOMALY_ENGINE,BEHAVIORAL_OUTLIER_SCAN,iforest_score,REF-SYN-U-14480-HASH-0189,anomaly_flag=0,SUCCESS,14.63,anomaly-iforest-1.0.0
AI-LOG-100395,2026-09-13T10:06:57,SESS-16621,SYN-U-12654,ANOMALY_ENGINE,BEHAVIORAL_OUTLIER_SCAN,iforest_score,REF-SYN-U-12654-HASH-018A,anomaly_flag=0,SUCCESS,12.5,anomaly-iforest-1.0.0
AI-LOG-100396,2026-09-13T10:48:46,SESS-78456,SYN-U-19860,CREDIT_ENGINE,CREDIT_READINESS_ASSESSMENT,xgb_credit_evaluate,REF-SYN-U-19860-HASH-018B,credit_score=43,SUCCESS,20.57,credit-xgb-1.0.0
AI-LOG-100397,2026-09-13T11:36:01,SESS-73679,SYN-U-11435,CREDIT_ENGINE,CREDIT_READINESS_ASSESSMENT,xgb_credit_evaluate,REF-SYN-U-11435-HASH-018C,credit_score=82,SUCCESS,30.52,credit-xgb-1.0.0
AI-LOG-100398,2026-09-13T12:07:19,SESS-20612,SYN-U-13065,CREDIT_ENGINE,CREDIT_READINESS_ASSESSMENT,xgb_credit_evaluate,REF-SYN-U-13065-HASH-018D,credit_score=71,SUCCESS,28.54,credit-xgb-1.0.0
AI-LOG-100399,2026-09-13T12:07:20,SESS-36458,SYN-U-19548,VOICE_AI,VOICE_INTENT_DISPATCH,get_transaction,REF-SYN-U-19548-HASH-018E,tool_dispatched=get_transaction,SUCCESS,138.83,voice-agent-v1
AI-LOG-100400,2026-09-13T17:08:59,SESS-42441,SYN-U-13879,ANOMALY_ENGINE,BEHAVIORAL_OUTLIER_SCAN,iforest_score,REF-SYN-U-13879-HASH-018F,anomaly_flag=0,SUCCESS,4.64,anomaly-iforest-1.0.0
AI-LOG-100401,2026-09-13T17:27:58,SESS-66279,SYN-U-13663,CREDIT_ENGINE,CREDIT_READINESS_ASSESSMENT,xgb_credit_evaluate,REF-SYN-U-13663-HASH-0190,credit_score=87,SUCCESS,34.6,credit-xgb-1.0.0
AI-LOG-100402,2026-09-13T18:59:29,SESS-84081,SYN-U-10224,VOICE_AI,VOICE_INTENT_DISPATCH,get_transaction,REF-SYN-U-10224-HASH-0191,tool_dispatched=get_transaction,SUCCESS,156.65,voice-agent-v1
AI-LOG-100403,2026-09-13T21:09:40,SESS-77015,SYN-U-16305,FRAUD_ENGINE,TRANSACTION_RISK_SCORING,xgb_fraud_predict,REF-SYN-U-16305-HASH-0192,risk_score=40,SUCCESS,18.99,fraud-xgb-1.0.0
AI-LOG-100404,2026-09-13T21:21:50,SESS-37878,SYN-U-11713,ANOMALY_ENGINE,BEHAVIORAL_OUTLIER_SCAN,iforest_score,REF-SYN-U-11713-HASH-0193,anomaly_flag=0,SUCCESS,10.95,anomaly-iforest-1.0.0
AI-LOG-100405,2026-09-13T21:41:12,SESS-15441,SYN-U-10127,ANOMALY_ENGINE,BEHAVIORAL_OUTLIER_SCAN,iforest_score,REF-SYN-U-10127-HASH-0194,anomaly_flag=0,SUCCESS,10.95,anomaly-iforest-1.0.0
AI-LOG-100406,2026-09-13T21:45:58,SESS-67668,SYN-U-19494,FRAUD_ENGINE,TRANSACTION_RISK_SCORING,xgb_fraud_predict,REF-SYN-U-19494-HASH-0195,risk_score=89,SUCCESS,12.21,fraud-xgb-1.0.0
AI-LOG-100407,2026-09-13T22:24:04,SESS-54564,SYN-U-13802,FRAUD_ENGINE,TRANSACTION_RISK_SCORING,xgb_fraud_predict,REF-SYN-U-13802-HASH-0196,risk_score=18,SUCCESS,16.0,fraud-xgb-1.0.0
AI-LOG-100408,2026-09-13T23:01:30,SESS-32744,SYN-U-18633,ANOMALY_ENGINE,BEHAVIORAL_OUTLIER_SCAN,iforest_score,REF-SYN-U-18633-HASH-0197,anomaly_flag=0,SUCCESS,16.6,anomaly-iforest-1.0.0
AI-LOG-100409,2026-09-13T23:27:44,SESS-79227,SYN-U-16456,VOICE_AI,VOICE_INTENT_DISPATCH,create_case,REF-SYN-U-16456-HASH-0198,tool_dispatched=create_case,SUCCESS,246.71,voice-agent-v1
AI-LOG-100410,2026-09-14T01:00:55,SESS-16152,SYN-U-13313,REPORT_COPILOT,DISPUTE_SUMMARIZATION,case_copilot_summarize,REF-SYN-U-13313-HASH-0199,draft_summary_generated,SUCCESS,238.52,case-copilot-v1
AI-LOG-100411,2026-09-14T01:28:13,SESS-33524,SYN-U-19134,CREDIT_ENGINE,CREDIT_READINESS_ASSESSMENT,xgb_credit_evaluate,REF-SYN-U-19134-HASH-019A,credit_score=55,SUCCESS,15.12,credit-xgb-1.0.0
AI-LOG-100412,2026-09-14T01:30:18,SESS-84319,SYN-U-10773,FRAUD_ENGINE,TRANSACTION_RISK_SCORING,xgb_fraud_predict,REF-SYN-U-10773-HASH-019B,risk_score=34,SUCCESS,23.09,fraud-xgb-1.0.0
AI-LOG-100413,2026-09-14T02:02:27,SESS-12559,SYN-U-13316,FRAUD_ENGINE,TRANSACTION_RISK_SCORING,xgb_fraud_predict,REF-SYN-U-13316-HASH-019C,risk_score=45,SUCCESS,15.54,fraud-xgb-1.0.0
AI-LOG-100414,2026-09-14T02:14:09,SESS-92473,SYN-U-11899,CREDIT_ENGINE,CREDIT_READINESS_ASSESSMENT,xgb_credit_evaluate,REF-SYN-U-11899-HASH-019D,credit_score=67,SUCCESS,17.21,credit-xgb-1.0.0
AI-LOG-100415,2026-09-14T02:58:35,SESS-52576,SYN-U-10221,ANOMALY_ENGINE,BEHAVIORAL_OUTLIER_SCAN,iforest_score,REF-SYN-U-10221-HASH-019E,anomaly_flag=0,SUCCESS,14.8,anomaly-iforest-1.0.0
AI-LOG-100416,2026-09-14T03:47:18,SESS-47201,SYN-U-12417,ANOMALY_ENGINE,BEHAVIORAL_OUTLIER_SCAN,iforest_score,REF-SYN-U-12417-HASH-019F,anomaly_flag=0,SUCCESS,13.24,anomaly-iforest-1.0.0
AI-LOG-100417,2026-09-14T04:05:24,SESS-94366,SYN-U-17568,FRAUD_ENGINE,TRANSACTION_RISK_SCORING,xgb_fraud_predict,REF-SYN-U-17568-HASH-01A0,risk_score=48,SUCCESS,20.3,fraud-xgb-1.0.0
AI-LOG-100418,2026-09-14T04:31:31,SESS-12289,SYN-U-18807,FRAUD_ENGINE,TRANSACTION_RISK_SCORING,xgb_fraud_predict,REF-SYN-U-18807-HASH-01A1,risk_score=94,SUCCESS,18.38,fraud-xgb-1.0.0
AI-LOG-100419,2026-09-14T04:42:40,SESS-27351,SYN-U-18111,FRAUD_ENGINE,TRANSACTION_RISK_SCORING,xgb_fraud_predict,REF-SYN-U-18111-HASH-01A2,risk_score=71,SUCCESS,19.61,fraud-xgb-1.0.0
AI-LOG-100420,2026-09-14T05:51:49,SESS-74635,SYN-U-11808,REPORT_COPILOT,DISPUTE_SUMMARIZATION,case_copilot_summarize,REF-SYN-U-11808-HASH-01A3,draft_summary_generated,SUCCESS,234.89,case-copilot-v1
AI-LOG-100421,2026-09-14T06:05:50,SESS-43578,SYN-U-13524,VOICE_AI,VOICE_INTENT_DISPATCH,get_transaction,REF-SYN-U-13524-HASH-01A4,tool_dispatched=get_transaction,SUCCESS,177.17,voice-agent-v1
AI-LOG-100422,2026-09-14T08:35:56,SESS-56346,SYN-U-17637,ANOMALY_ENGINE,BEHAVIORAL_OUTLIER_SCAN,iforest_score,REF-SYN-U-17637-HASH-01A5,anomaly_flag=0,SUCCESS,9.74,anomaly-iforest-1.0.0
AI-LOG-100423,2026-09-14T08:36:41,SESS-38430,SYN-U-10467,REPORT_COPILOT,DISPUTE_SUMMARIZATION,case_copilot_summarize,REF-SYN-U-10467-HASH-01A6,draft_summary_generated,SUCCESS,191.39,case-copilot-v1
AI-LOG-100424,2026-09-14T09:16:15,SESS-81091,SYN-U-18000,VOICE_AI,VOICE_INTENT_DISPATCH,create_case,REF-SYN-U-18000-HASH-01A7,tool_dispatched=create_case,SUCCESS,174.09,voice-agent-v1
AI-LOG-100425,2026-09-14T09:36:06,SESS-55768,SYN-U-16462,CREDIT_ENGINE,CREDIT_READINESS_ASSESSMENT,xgb_credit_evaluate,REF-SYN-U-16462-HASH-01A8,credit_score=58,SUCCESS,26.85,credit-xgb-1.0.0
AI-LOG-100426,2026-09-14T10:12:06,SESS-85474,SYN-U-15847,CREDIT_ENGINE,CREDIT_READINESS_ASSESSMENT,xgb_credit_evaluate,REF-SYN-U-15847-HASH-01A9,credit_score=46,SUCCESS,17.9,credit-xgb-1.0.0
AI-LOG-100427,2026-09-14T10:19:04,SESS-11942,SYN-U-16847,VOICE_AI,VOICE_INTENT_DISPATCH,create_case,REF-SYN-U-16847-HASH-01AA,tool_dispatched=create_case,SUCCESS,153.86,voice-agent-v1
AI-LOG-100428,2026-09-14T12:04:09,SESS-65175,SYN-U-15596,CREDIT_ENGINE,CREDIT_READINESS_ASSESSMENT,xgb_credit_evaluate,REF-SYN-U-15596-HASH-01AB,credit_score=61,SUCCESS,27.07,credit-xgb-1.0.0
AI-LOG-100429,2026-09-14T12:29:42,SESS-57495,SYN-U-14269,FRAUD_ENGINE,TRANSACTION_RISK_SCORING,xgb_fraud_predict,REF-SYN-U-14269-HASH-01AC,risk_score=70,SUCCESS,17.93,fraud-xgb-1.0.0
AI-LOG-100430,2026-09-14T13:16:01,SESS-30502,SYN-U-15083,ANOMALY_ENGINE,BEHAVIORAL_OUTLIER_SCAN,iforest_score,REF-SYN-U-15083-HASH-01AD,anomaly_flag=0,SUCCESS,14.83,anomaly-iforest-1.0.0
AI-LOG-100431,2026-09-14T13:34:36,SESS-78373,SYN-U-12530,ANOMALY_ENGINE,BEHAVIORAL_OUTLIER_SCAN,iforest_score,REF-SYN-U-12530-HASH-01AE,anomaly_flag=0,SUCCESS,13.9,anomaly-iforest-1.0.0
AI-LOG-100432,2026-09-14T13:37:52,SESS-52766,SYN-U-10735,CREDIT_ENGINE,CREDIT_READINESS_ASSESSMENT,xgb_credit_evaluate,REF-SYN-U-10735-HASH-01AF,credit_score=66,SUCCESS,32.75,credit-xgb-1.0.0
AI-LOG-100433,2026-09-14T14:38:30,SESS-21706,SYN-U-12631,FRAUD_ENGINE,TRANSACTION_RISK_SCORING,xgb_fraud_predict,REF-SYN-U-12631-HASH-01B0,risk_score=72,SUCCESS,11.29,fraud-xgb-1.0.0
AI-LOG-100434,2026-09-14T14:39:31,SESS-19874,SYN-U-17645,ANOMALY_ENGINE,BEHAVIORAL_OUTLIER_SCAN,iforest_score,REF-SYN-U-17645-HASH-01B1,anomaly_flag=1,FLAGGED,4.33,anomaly-iforest-1.0.0
AI-LOG-100435,2026-09-14T15:44:43,SESS-28920,SYN-U-12641,CREDIT_ENGINE,CREDIT_READINESS_ASSESSMENT,xgb_credit_evaluate,REF-SYN-U-12641-HASH-01B2,credit_score=70,SUCCESS,21.66,credit-xgb-1.0.0
AI-LOG-100436,2026-09-14T15:48:36,SESS-46874,SYN-U-11599,ANOMALY_ENGINE,BEHAVIORAL_OUTLIER_SCAN,iforest_score,REF-SYN-U-11599-HASH-01B3,anomaly_flag=1,FLAGGED,11.65,anomaly-iforest-1.0.0
AI-LOG-100437,2026-09-14T16:17:41,SESS-93209,SYN-U-14873,CREDIT_ENGINE,CREDIT_READINESS_ASSESSMENT,xgb_credit_evaluate,REF-SYN-U-14873-HASH-01B4,credit_score=78,SUCCESS,25.62,credit-xgb-1.0.0
AI-LOG-100438,2026-09-14T16:51:13,SESS-34278,SYN-U-18319,FRAUD_ENGINE,TRANSACTION_RISK_SCORING,xgb_fraud_predict,REF-SYN-U-18319-HASH-01B5,risk_score=38,SUCCESS,17.81,fraud-xgb-1.0.0
AI-LOG-100439,2026-09-14T17:03:25,SESS-47506,SYN-U-10144,FRAUD_ENGINE,TRANSACTION_RISK_SCORING,xgb_fraud_predict,REF-SYN-U-10144-HASH-01B6,risk_score=15,SUCCESS,21.71,fraud-xgb-1.0.0
AI-LOG-100440,2026-09-14T18:11:59,SESS-42122,SYN-U-18643,CREDIT_ENGINE,CREDIT_READINESS_ASSESSMENT,xgb_credit_evaluate,REF-SYN-U-18643-HASH-01B7,credit_score=55,SUCCESS,22.63,credit-xgb-1.0.0
AI-LOG-100441,2026-09-14T19:17:57,SESS-87407,SYN-U-19407,FRAUD_ENGINE,TRANSACTION_RISK_SCORING,xgb_fraud_predict,REF-SYN-U-19407-HASH-01B8,risk_score=12,SUCCESS,17.12,fraud-xgb-1.0.0
AI-LOG-100442,2026-09-14T19:54:07,SESS-85511,SYN-U-13213,FRAUD_ENGINE,TRANSACTION_RISK_SCORING,xgb_fraud_predict,REF-SYN-U-13213-HASH-01B9,risk_score=15,SUCCESS,14.28,fraud-xgb-1.0.0
AI-LOG-100443,2026-09-14T20:35:05,SESS-63430,SYN-U-18653,VOICE_AI,VOICE_INTENT_DISPATCH,get_transaction,REF-SYN-U-18653-HASH-01BA,tool_dispatched=get_transaction,SUCCESS,101.27,voice-agent-v1
AI-LOG-100444,2026-09-14T21:08:53,SESS-36108,SYN-U-16370,FRAUD_ENGINE,TRANSACTION_RISK_SCORING,xgb_fraud_predict,REF-SYN-U-16370-HASH-01BB,risk_score=56,SUCCESS,23.97,fraud-xgb-1.0.0
AI-LOG-100445,2026-09-14T21:41:32,SESS-95419,SYN-U-12730,ANOMALY_ENGINE,BEHAVIORAL_OUTLIER_SCAN,iforest_score,REF-SYN-U-12730-HASH-01BC,anomaly_flag=0,SUCCESS,12.83,anomaly-iforest-1.0.0
AI-LOG-100446,2026-09-14T22:03:54,SESS-83183,SYN-U-11261,REPORT_COPILOT,DISPUTE_SUMMARIZATION,case_copilot_summarize,REF-SYN-U-11261-HASH-01BD,draft_summary_generated,SUCCESS,173.23,case-copilot-v1
AI-LOG-100447,2026-09-14T22:17:59,SESS-96924,SYN-U-19235,VOICE_AI,VOICE_INTENT_DISPATCH,get_balance,REF-SYN-U-19235-HASH-01BE,tool_dispatched=get_balance,SUCCESS,120.46,voice-agent-v1
AI-LOG-100448,2026-09-14T22:21:36,SESS-86932,SYN-U-15502,ANOMALY_ENGINE,BEHAVIORAL_OUTLIER_SCAN,iforest_score,REF-SYN-U-15502-HASH-01BF,anomaly_flag=0,SUCCESS,9.61,anomaly-iforest-1.0.0
AI-LOG-100449,2026-09-14T22:52:56,SESS-30587,SYN-U-10710,REPORT_COPILOT,DISPUTE_SUMMARIZATION,case_copilot_summarize,REF-SYN-U-10710-HASH-01C0,draft_summary_generated,SUCCESS,259.56,case-copilot-v1
AI-LOG-100450,2026-09-14T22:58:30,SESS-94503,SYN-U-12066,CREDIT_ENGINE,CREDIT_READINESS_ASSESSMENT,xgb_credit_evaluate,REF-SYN-U-12066-HASH-01C1,credit_score=52,SUCCESS,33.39,credit-xgb-1.0.0
AI-LOG-100451,2026-09-14T23:03:18,SESS-98764,SYN-U-13858,CREDIT_ENGINE,CREDIT_READINESS_ASSESSMENT,xgb_credit_evaluate,REF-SYN-U-13858-HASH-01C2,credit_score=57,SUCCESS,10.7,credit-xgb-1.0.0
AI-LOG-100452,2026-09-14T23:20:17,SESS-70747,SYN-U-14143,FRAUD_ENGINE,TRANSACTION_RISK_SCORING,xgb_fraud_predict,REF-SYN-U-14143-HASH-01C3,risk_score=65,SUCCESS,13.94,fraud-xgb-1.0.0
AI-LOG-100453,2026-09-14T23:59:57,SESS-36549,SYN-U-15046,CREDIT_ENGINE,CREDIT_READINESS_ASSESSMENT,xgb_credit_evaluate,REF-SYN-U-15046-HASH-01C4,credit_score=69,SUCCESS,26.51,credit-xgb-1.0.0
AI-LOG-100454,2026-09-15T00:11:12,SESS-10259,SYN-U-12372,FRAUD_ENGINE,TRANSACTION_RISK_SCORING,xgb_fraud_predict,REF-SYN-U-12372-HASH-01C5,risk_score=32,SUCCESS,22.38,fraud-xgb-1.0.0
AI-LOG-100455,2026-09-15T00:31:28,SESS-96463,SYN-U-15957,CREDIT_ENGINE,CREDIT_READINESS_ASSESSMENT,xgb_credit_evaluate,REF-SYN-U-15957-HASH-01C6,credit_score=41,SUCCESS,30.47,credit-xgb-1.0.0
AI-LOG-100456,2026-09-15T00:33:13,SESS-27960,SYN-U-16387,CREDIT_ENGINE,CREDIT_READINESS_ASSESSMENT,xgb_credit_evaluate,REF-SYN-U-16387-HASH-01C7,credit_score=87,SUCCESS,31.1,credit-xgb-1.0.0
AI-LOG-100457,2026-09-15T00:35:57,SESS-11575,SYN-U-16389,FRAUD_ENGINE,TRANSACTION_RISK_SCORING,xgb_fraud_predict,REF-SYN-U-16389-HASH-01C8,risk_score=64,SUCCESS,17.92,fraud-xgb-1.0.0
AI-LOG-100458,2026-09-15T01:12:03,SESS-76746,SYN-U-13702,FRAUD_ENGINE,TRANSACTION_RISK_SCORING,xgb_fraud_predict,REF-SYN-U-13702-HASH-01C9,risk_score=88,SUCCESS,26.09,fraud-xgb-1.0.0
AI-LOG-100459,2026-09-15T03:37:42,SESS-50646,SYN-U-16108,REPORT_COPILOT,DISPUTE_SUMMARIZATION,case_copilot_summarize,REF-SYN-U-16108-HASH-01CA,draft_summary_generated,SUCCESS,193.55,case-copilot-v1
AI-LOG-100460,2026-09-15T04:12:57,SESS-12939,SYN-U-11458,VOICE_AI,VOICE_INTENT_DISPATCH,get_balance,REF-SYN-U-11458-HASH-01CB,tool_dispatched=get_balance,SUCCESS,210.77,voice-agent-v1
AI-LOG-100461,2026-09-15T04:15:51,SESS-93203,SYN-U-19644,VOICE_AI,VOICE_INTENT_DISPATCH,get_balance,REF-SYN-U-19644-HASH-01CC,tool_dispatched=get_balance,SUCCESS,155.74,voice-agent-v1
AI-LOG-100462,2026-09-15T06:34:00,SESS-15251,SYN-U-11081,REPORT_COPILOT,DISPUTE_SUMMARIZATION,case_copilot_summarize,REF-SYN-U-11081-HASH-01CD,draft_summary_generated,SUCCESS,246.81,case-copilot-v1
AI-LOG-100463,2026-09-15T07:35:06,SESS-83777,SYN-U-18033,VOICE_AI,VOICE_INTENT_DISPATCH,create_case,REF-SYN-U-18033-HASH-01CE,tool_dispatched=create_case,SUCCESS,204.65,voice-agent-v1
AI-LOG-100464,2026-09-15T07:37:50,SESS-63330,SYN-U-10389,ANOMALY_ENGINE,BEHAVIORAL_OUTLIER_SCAN,iforest_score,REF-SYN-U-10389-HASH-01CF,anomaly_flag=0,SUCCESS,8.81,anomaly-iforest-1.0.0
AI-LOG-100465,2026-09-15T07:55:42,SESS-52989,SYN-U-18495,FRAUD_ENGINE,TRANSACTION_RISK_SCORING,xgb_fraud_predict,REF-SYN-U-18495-HASH-01D0,risk_score=10,SUCCESS,16.0,fraud-xgb-1.0.0
AI-LOG-100466,2026-09-15T08:13:42,SESS-11324,SYN-U-15871,ANOMALY_ENGINE,BEHAVIORAL_OUTLIER_SCAN,iforest_score,REF-SYN-U-15871-HASH-01D1,anomaly_flag=0,SUCCESS,13.98,anomaly-iforest-1.0.0
AI-LOG-100467,2026-09-15T08:43:25,SESS-29141,SYN-U-17584,CREDIT_ENGINE,CREDIT_READINESS_ASSESSMENT,xgb_credit_evaluate,REF-SYN-U-17584-HASH-01D2,credit_score=88,SUCCESS,30.73,credit-xgb-1.0.0
AI-LOG-100468,2026-09-15T09:17:44,SESS-79288,SYN-U-16233,FRAUD_ENGINE,TRANSACTION_RISK_SCORING,xgb_fraud_predict,REF-SYN-U-16233-HASH-01D3,risk_score=51,FLAGGED,24.71,fraud-xgb-1.0.0
AI-LOG-100469,2026-09-15T09:39:30,SESS-95906,SYN-U-15251,ANOMALY_ENGINE,BEHAVIORAL_OUTLIER_SCAN,iforest_score,REF-SYN-U-15251-HASH-01D4,anomaly_flag=0,SUCCESS,13.48,anomaly-iforest-1.0.0
AI-LOG-100470,2026-09-15T10:07:48,SESS-70076,SYN-U-18080,REPORT_COPILOT,DISPUTE_SUMMARIZATION,case_copilot_summarize,REF-SYN-U-18080-HASH-01D5,draft_summary_generated,SUCCESS,158.75,case-copilot-v1
AI-LOG-100471,2026-09-15T10:18:46,SESS-77632,SYN-U-16011,REPORT_COPILOT,DISPUTE_SUMMARIZATION,case_copilot_summarize,REF-SYN-U-16011-HASH-01D6,draft_summary_generated,SUCCESS,267.95,case-copilot-v1
AI-LOG-100472,2026-09-15T10:57:46,SESS-14206,SYN-U-14636,ANOMALY_ENGINE,BEHAVIORAL_OUTLIER_SCAN,iforest_score,REF-SYN-U-14636-HASH-01D7,anomaly_flag=0,SUCCESS,8.41,anomaly-iforest-1.0.0
AI-LOG-100473,2026-09-15T11:04:09,SESS-96314,SYN-U-19498,FRAUD_ENGINE,TRANSACTION_RISK_SCORING,xgb_fraud_predict,REF-SYN-U-19498-HASH-01D8,risk_score=73,SUCCESS,15.92,fraud-xgb-1.0.0
AI-LOG-100474,2026-09-15T11:31:29,SESS-57226,SYN-U-18986,REPORT_COPILOT,DISPUTE_SUMMARIZATION,case_copilot_summarize,REF-SYN-U-18986-HASH-01D9,draft_summary_generated,SUCCESS,239.18,case-copilot-v1
AI-LOG-100475,2026-09-15T11:41:42,SESS-77382,SYN-U-11953,FRAUD_ENGINE,TRANSACTION_RISK_SCORING,xgb_fraud_predict,REF-SYN-U-11953-HASH-01DA,risk_score=67,SUCCESS,13.51,fraud-xgb-1.0.0
AI-LOG-100476,2026-09-15T11:56:43,SESS-31867,SYN-U-14440,ANOMALY_ENGINE,BEHAVIORAL_OUTLIER_SCAN,iforest_score,REF-SYN-U-14440-HASH-01DB,anomaly_flag=0,SUCCESS,13.74,anomaly-iforest-1.0.0
AI-LOG-100477,2026-09-15T12:28:52,SESS-85097,SYN-U-13104,FRAUD_ENGINE,TRANSACTION_RISK_SCORING,xgb_fraud_predict,REF-SYN-U-13104-HASH-01DC,risk_score=91,FLAGGED,10.67,fraud-xgb-1.0.0
AI-LOG-100478,2026-09-15T13:51:58,SESS-67127,SYN-U-19661,FRAUD_ENGINE,TRANSACTION_RISK_SCORING,xgb_fraud_predict,REF-SYN-U-19661-HASH-01DD,risk_score=36,SUCCESS,15.77,fraud-xgb-1.0.0
AI-LOG-100479,2026-09-15T17:41:17,SESS-56552,SYN-U-13623,CREDIT_ENGINE,CREDIT_READINESS_ASSESSMENT,xgb_credit_evaluate,REF-SYN-U-13623-HASH-01DE,credit_score=59,SUCCESS,18.19,credit-xgb-1.0.0
AI-LOG-100480,2026-09-15T17:59:23,SESS-57248,SYN-U-13409,VOICE_AI,VOICE_INTENT_DISPATCH,get_transaction,REF-SYN-U-13409-HASH-01DF,tool_dispatched=get_transaction,SUCCESS,153.71,voice-agent-v1
AI-LOG-100481,2026-09-15T18:12:03,SESS-87753,SYN-U-19111,CREDIT_ENGINE,CREDIT_READINESS_ASSESSMENT,xgb_credit_evaluate,REF-SYN-U-19111-HASH-01E0,credit_score=72,SUCCESS,16.38,credit-xgb-1.0.0
AI-LOG-100482,2026-09-15T18:37:59,SESS-90560,SYN-U-18528,FRAUD_ENGINE,TRANSACTION_RISK_SCORING,xgb_fraud_predict,REF-SYN-U-18528-HASH-01E1,risk_score=89,SUCCESS,15.44,fraud-xgb-1.0.0
AI-LOG-100483,2026-09-15T19:44:39,SESS-26667,SYN-U-14044,CREDIT_ENGINE,CREDIT_READINESS_ASSESSMENT,xgb_credit_evaluate,REF-SYN-U-14044-HASH-01E2,credit_score=43,SUCCESS,17.31,credit-xgb-1.0.0
AI-LOG-100484,2026-09-15T21:22:41,SESS-57967,SYN-U-16324,REPORT_COPILOT,DISPUTE_SUMMARIZATION,case_copilot_summarize,REF-SYN-U-16324-HASH-01E3,draft_summary_generated,SUCCESS,262.93,case-copilot-v1
AI-LOG-100485,2026-09-15T22:51:35,SESS-13004,SYN-U-13598,FRAUD_ENGINE,TRANSACTION_RISK_SCORING,xgb_fraud_predict,REF-SYN-U-13598-HASH-01E4,risk_score=29,SUCCESS,10.51,fraud-xgb-1.0.0
AI-LOG-100486,2026-09-15T23:02:01,SESS-82294,SYN-U-11409,REPORT_COPILOT,DISPUTE_SUMMARIZATION,case_copilot_summarize,REF-SYN-U-11409-HASH-01E5,draft_summary_generated,SUCCESS,156.16,case-copilot-v1
AI-LOG-100487,2026-09-16T01:23:51,SESS-35939,SYN-U-12635,FRAUD_ENGINE,TRANSACTION_RISK_SCORING,xgb_fraud_predict,REF-SYN-U-12635-HASH-01E6,risk_score=72,SUCCESS,8.8,fraud-xgb-1.0.0
AI-LOG-100488,2026-09-16T01:36:56,SESS-22939,SYN-U-15283,VOICE_AI,VOICE_INTENT_DISPATCH,get_transaction,REF-SYN-U-15283-HASH-01E7,tool_dispatched=get_transaction,SUCCESS,188.17,voice-agent-v1
AI-LOG-100489,2026-09-16T02:00:36,SESS-50719,SYN-U-11730,FRAUD_ENGINE,TRANSACTION_RISK_SCORING,xgb_fraud_predict,REF-SYN-U-11730-HASH-01E8,risk_score=25,SUCCESS,9.92,fraud-xgb-1.0.0
AI-LOG-100490,2026-09-16T05:23:02,SESS-35765,SYN-U-16951,ANOMALY_ENGINE,BEHAVIORAL_OUTLIER_SCAN,iforest_score,REF-SYN-U-16951-HASH-01E9,anomaly_flag=0,SUCCESS,13.68,anomaly-iforest-1.0.0
AI-LOG-100491,2026-09-16T05:30:39,SESS-20343,SYN-U-15358,REPORT_COPILOT,DISPUTE_SUMMARIZATION,case_copilot_summarize,REF-SYN-U-15358-HASH-01EA,draft_summary_generated,SUCCESS,182.37,case-copilot-v1
AI-LOG-100492,2026-09-16T05:52:29,SESS-16253,SYN-U-11690,REPORT_COPILOT,DISPUTE_SUMMARIZATION,case_copilot_summarize,REF-SYN-U-11690-HASH-01EB,draft_summary_generated,SUCCESS,215.24,case-copilot-v1
AI-LOG-100493,2026-09-16T06:17:47,SESS-54576,SYN-U-19950,ANOMALY_ENGINE,BEHAVIORAL_OUTLIER_SCAN,iforest_score,REF-SYN-U-19950-HASH-01EC,anomaly_flag=0,SUCCESS,19.45,anomaly-iforest-1.0.0
AI-LOG-100494,2026-09-16T07:55:06,SESS-60503,SYN-U-16117,CREDIT_ENGINE,CREDIT_READINESS_ASSESSMENT,xgb_credit_evaluate,REF-SYN-U-16117-HASH-01ED,credit_score=74,SUCCESS,25.46,credit-xgb-1.0.0
AI-LOG-100495,2026-09-16T09:30:21,SESS-59315,SYN-U-10012,VOICE_AI,VOICE_INTENT_DISPATCH,create_case,REF-SYN-U-10012-HASH-01EE,tool_dispatched=create_case,SUCCESS,117.71,voice-agent-v1
AI-LOG-100496,2026-09-16T09:54:04,SESS-84240,SYN-U-12368,FRAUD_ENGINE,TRANSACTION_RISK_SCORING,xgb_fraud_predict,REF-SYN-U-12368-HASH-01EF,risk_score=74,SUCCESS,20.15,fraud-xgb-1.0.0
AI-LOG-100497,2026-09-16T10:11:34,SESS-27262,SYN-U-11440,VOICE_AI,VOICE_INTENT_DISPATCH,get_balance,REF-SYN-U-11440-HASH-01F0,tool_dispatched=get_balance,SUCCESS,182.34,voice-agent-v1
AI-LOG-100498,2026-09-16T10:45:41,SESS-20392,SYN-U-13851,FRAUD_ENGINE,TRANSACTION_RISK_SCORING,xgb_fraud_predict,REF-SYN-U-13851-HASH-01F1,risk_score=54,SUCCESS,21.4,fraud-xgb-1.0.0
AI-LOG-100499,2026-09-16T10:47:50,SESS-80426,SYN-U-10085,FRAUD_ENGINE,TRANSACTION_RISK_SCORING,xgb_fraud_predict,REF-SYN-U-10085-HASH-01F2,risk_score=19,SUCCESS,19.72,fraud-xgb-1.0.0
AI-LOG-100500,2026-09-16T11:40:58,SESS-34610,SYN-U-17574,CREDIT_ENGINE,CREDIT_READINESS_ASSESSMENT,xgb_credit_evaluate,REF-SYN-U-17574-HASH-01F3,credit_score=80,SUCCESS,23.3,credit-xgb-1.0.0
AI-LOG-100501,2026-09-16T11:51:42,SESS-79085,SYN-U-18754,ANOMALY_ENGINE,BEHAVIORAL_OUTLIER_SCAN,iforest_score,REF-SYN-U-18754-HASH-01F4,anomaly_flag=0,SUCCESS,13.61,anomaly-iforest-1.0.0
AI-LOG-100502,2026-09-16T12:32:42,SESS-55420,SYN-U-16152,CREDIT_ENGINE,CREDIT_READINESS_ASSESSMENT,xgb_credit_evaluate,REF-SYN-U-16152-HASH-01F5,credit_score=42,SUCCESS,29.05,credit-xgb-1.0.0
AI-LOG-100503,2026-09-16T12:39:12,SESS-23862,SYN-U-17689,FRAUD_ENGINE,TRANSACTION_RISK_SCORING,xgb_fraud_predict,REF-SYN-U-17689-HASH-01F6,risk_score=77,SUCCESS,18.23,fraud-xgb-1.0.0
AI-LOG-100504,2026-09-16T13:10:59,SESS-95895,SYN-U-12149,CREDIT_ENGINE,CREDIT_READINESS_ASSESSMENT,xgb_credit_evaluate,REF-SYN-U-12149-HASH-01F7,credit_score=57,SUCCESS,21.1,credit-xgb-1.0.0
AI-LOG-100505,2026-09-16T15:16:57,SESS-82690,SYN-U-10465,CREDIT_ENGINE,CREDIT_READINESS_ASSESSMENT,xgb_credit_evaluate,REF-SYN-U-10465-HASH-01F8,credit_score=65,SUCCESS,30.0,credit-xgb-1.0.0
AI-LOG-100506,2026-09-16T16:09:09,SESS-67243,SYN-U-15957,FRAUD_ENGINE,TRANSACTION_RISK_SCORING,xgb_fraud_predict,REF-SYN-U-15957-HASH-01F9,risk_score=65,SUCCESS,21.53,fraud-xgb-1.0.0
AI-LOG-100507,2026-09-16T16:56:41,SESS-73380,SYN-U-11376,ANOMALY_ENGINE,BEHAVIORAL_OUTLIER_SCAN,iforest_score,REF-SYN-U-11376-HASH-01FA,anomaly_flag=0,SUCCESS,13.69,anomaly-iforest-1.0.0
AI-LOG-100508,2026-09-16T17:54:07,SESS-97155,SYN-U-16220,FRAUD_ENGINE,TRANSACTION_RISK_SCORING,xgb_fraud_predict,REF-SYN-U-16220-HASH-01FB,risk_score=28,SUCCESS,14.83,fraud-xgb-1.0.0
AI-LOG-100509,2026-09-16T18:14:49,SESS-70935,SYN-U-15211,VOICE_AI,VOICE_INTENT_DISPATCH,create_case,REF-SYN-U-15211-HASH-01FC,tool_dispatched=create_case,SUCCESS,100.27,voice-agent-v1
AI-LOG-100510,2026-09-16T20:24:10,SESS-55338,SYN-U-11554,REPORT_COPILOT,DISPUTE_SUMMARIZATION,case_copilot_summarize,REF-SYN-U-11554-HASH-01FD,draft_summary_generated,SUCCESS,213.07,case-copilot-v1
AI-LOG-100511,2026-09-16T21:00:48,SESS-37773,SYN-U-14864,FRAUD_ENGINE,TRANSACTION_RISK_SCORING,xgb_fraud_predict,REF-SYN-U-14864-HASH-01FE,risk_score=64,SUCCESS,13.31,fraud-xgb-1.0.0
AI-LOG-100512,2026-09-16T22:03:52,SESS-61282,SYN-U-18353,CREDIT_ENGINE,CREDIT_READINESS_ASSESSMENT,xgb_credit_evaluate,REF-SYN-U-18353-HASH-01FF,credit_score=96,SUCCESS,11.45,credit-xgb-1.0.0
AI-LOG-100513,2026-09-16T22:04:25,SESS-78980,SYN-U-11851,VOICE_AI,VOICE_INTENT_DISPATCH,get_transaction,REF-SYN-U-11851-HASH-0200,tool_dispatched=get_transaction,SUCCESS,178.36,voice-agent-v1
AI-LOG-100514,2026-09-16T23:19:11,SESS-38706,SYN-U-15490,FRAUD_ENGINE,TRANSACTION_RISK_SCORING,xgb_fraud_predict,REF-SYN-U-15490-HASH-0201,risk_score=70,SUCCESS,22.76,fraud-xgb-1.0.0
AI-LOG-100515,2026-09-17T00:37:40,SESS-23318,SYN-U-17988,FRAUD_ENGINE,TRANSACTION_RISK_SCORING,xgb_fraud_predict,REF-SYN-U-17988-HASH-0202,risk_score=65,SUCCESS,14.98,fraud-xgb-1.0.0
AI-LOG-100516,2026-09-17T01:12:52,SESS-48552,SYN-U-18034,FRAUD_ENGINE,TRANSACTION_RISK_SCORING,xgb_fraud_predict,REF-SYN-U-18034-HASH-0203,risk_score=37,SUCCESS,22.24,fraud-xgb-1.0.0
AI-LOG-100517,2026-09-17T01:35:32,SESS-40295,SYN-U-19282,FRAUD_ENGINE,TRANSACTION_RISK_SCORING,xgb_fraud_predict,REF-SYN-U-19282-HASH-0204,risk_score=33,SUCCESS,23.92,fraud-xgb-1.0.0
AI-LOG-100518,2026-09-17T01:36:20,SESS-80939,SYN-U-11406,CREDIT_ENGINE,CREDIT_READINESS_ASSESSMENT,xgb_credit_evaluate,REF-SYN-U-11406-HASH-0205,credit_score=62,SUCCESS,15.15,credit-xgb-1.0.0
AI-LOG-100519,2026-09-17T01:56:42,SESS-56681,SYN-U-12564,FRAUD_ENGINE,TRANSACTION_RISK_SCORING,xgb_fraud_predict,REF-SYN-U-12564-HASH-0206,risk_score=21,SUCCESS,17.66,fraud-xgb-1.0.0
AI-LOG-100520,2026-09-17T02:45:11,SESS-49430,SYN-U-10955,CREDIT_ENGINE,CREDIT_READINESS_ASSESSMENT,xgb_credit_evaluate,REF-SYN-U-10955-HASH-0207,credit_score=51,SUCCESS,29.49,credit-xgb-1.0.0
AI-LOG-100521,2026-09-17T03:38:09,SESS-70085,SYN-U-17365,ANOMALY_ENGINE,BEHAVIORAL_OUTLIER_SCAN,iforest_score,REF-SYN-U-17365-HASH-0208,anomaly_flag=0,SUCCESS,9.67,anomaly-iforest-1.0.0
AI-LOG-100522,2026-09-17T05:47:25,SESS-35696,SYN-U-19601,FRAUD_ENGINE,TRANSACTION_RISK_SCORING,xgb_fraud_predict,REF-SYN-U-19601-HASH-0209,risk_score=87,SUCCESS,15.69,fraud-xgb-1.0.0
AI-LOG-100523,2026-09-17T05:50:34,SESS-30342,SYN-U-10080,FRAUD_ENGINE,TRANSACTION_RISK_SCORING,xgb_fraud_predict,REF-SYN-U-10080-HASH-020A,risk_score=93,SUCCESS,20.91,fraud-xgb-1.0.0
AI-LOG-100524,2026-09-17T05:54:29,SESS-18953,SYN-U-18997,ANOMALY_ENGINE,BEHAVIORAL_OUTLIER_SCAN,iforest_score,REF-SYN-U-18997-HASH-020B,anomaly_flag=0,SUCCESS,10.92,anomaly-iforest-1.0.0
AI-LOG-100525,2026-09-17T08:20:42,SESS-34569,SYN-U-18848,CREDIT_ENGINE,CREDIT_READINESS_ASSESSMENT,xgb_credit_evaluate,REF-SYN-U-18848-HASH-020C,credit_score=96,SUCCESS,11.17,credit-xgb-1.0.0
AI-LOG-100526,2026-09-17T09:12:57,SESS-47097,SYN-U-17324,ANOMALY_ENGINE,BEHAVIORAL_OUTLIER_SCAN,iforest_score,REF-SYN-U-17324-HASH-020D,anomaly_flag=0,SUCCESS,10.85,anomaly-iforest-1.0.0
AI-LOG-100527,2026-09-17T09:30:48,SESS-54150,SYN-U-19015,ANOMALY_ENGINE,BEHAVIORAL_OUTLIER_SCAN,iforest_score,REF-SYN-U-19015-HASH-020E,anomaly_flag=1,FLAGGED,10.37,anomaly-iforest-1.0.0
AI-LOG-100528,2026-09-17T10:59:24,SESS-54656,SYN-U-12522,ANOMALY_ENGINE,BEHAVIORAL_OUTLIER_SCAN,iforest_score,REF-SYN-U-12522-HASH-020F,anomaly_flag=0,SUCCESS,14.56,anomaly-iforest-1.0.0
AI-LOG-100529,2026-09-17T11:25:33,SESS-76419,SYN-U-12279,FRAUD_ENGINE,TRANSACTION_RISK_SCORING,xgb_fraud_predict,REF-SYN-U-12279-HASH-0210,risk_score=58,SUCCESS,18.5,fraud-xgb-1.0.0
AI-LOG-100530,2026-09-17T11:31:07,SESS-40741,SYN-U-15861,CREDIT_ENGINE,CREDIT_READINESS_ASSESSMENT,xgb_credit_evaluate,REF-SYN-U-15861-HASH-0211,credit_score=64,SUCCESS,24.01,credit-xgb-1.0.0
AI-LOG-100531,2026-09-17T11:41:13,SESS-22852,SYN-U-15915,ANOMALY_ENGINE,BEHAVIORAL_OUTLIER_SCAN,iforest_score,REF-SYN-U-15915-HASH-0212,anomaly_flag=0,SUCCESS,17.62,anomaly-iforest-1.0.0
AI-LOG-100532,2026-09-17T12:46:24,SESS-79654,SYN-U-15382,REPORT_COPILOT,DISPUTE_SUMMARIZATION,case_copilot_summarize,REF-SYN-U-15382-HASH-0213,draft_summary_generated,SUCCESS,212.06,case-copilot-v1
AI-LOG-100533,2026-09-17T15:13:21,SESS-93010,SYN-U-15993,CREDIT_ENGINE,CREDIT_READINESS_ASSESSMENT,xgb_credit_evaluate,REF-SYN-U-15993-HASH-0214,credit_score=88,SUCCESS,25.08,credit-xgb-1.0.0
AI-LOG-100534,2026-09-17T15:27:23,SESS-29603,SYN-U-10758,FRAUD_ENGINE,TRANSACTION_RISK_SCORING,xgb_fraud_predict,REF-SYN-U-10758-HASH-0215,risk_score=7,SUCCESS,13.63,fraud-xgb-1.0.0
AI-LOG-100535,2026-09-17T15:32:38,SESS-85755,SYN-U-14268,VOICE_AI,VOICE_INTENT_DISPATCH,get_balance,REF-SYN-U-14268-HASH-0216,tool_dispatched=get_balance,SUCCESS,126.45,voice-agent-v1
AI-LOG-100536,2026-09-17T16:38:08,SESS-64676,SYN-U-15303,ANOMALY_ENGINE,BEHAVIORAL_OUTLIER_SCAN,iforest_score,REF-SYN-U-15303-HASH-0217,anomaly_flag=0,SUCCESS,9.77,anomaly-iforest-1.0.0
AI-LOG-100537,2026-09-17T16:44:55,SESS-70371,SYN-U-19346,CREDIT_ENGINE,CREDIT_READINESS_ASSESSMENT,xgb_credit_evaluate,REF-SYN-U-19346-HASH-0218,credit_score=81,SUCCESS,23.81,credit-xgb-1.0.0
AI-LOG-100538,2026-09-17T17:31:46,SESS-13584,SYN-U-13837,VOICE_AI,VOICE_INTENT_DISPATCH,get_balance,REF-SYN-U-13837-HASH-0219,tool_dispatched=get_balance,SUCCESS,189.32,voice-agent-v1
AI-LOG-100539,2026-09-17T17:47:07,SESS-63316,SYN-U-14970,FRAUD_ENGINE,TRANSACTION_RISK_SCORING,xgb_fraud_predict,REF-SYN-U-14970-HASH-021A,risk_score=6,SUCCESS,15.11,fraud-xgb-1.0.0
AI-LOG-100540,2026-09-17T17:59:22,SESS-44829,SYN-U-16245,CREDIT_ENGINE,CREDIT_READINESS_ASSESSMENT,xgb_credit_evaluate,REF-SYN-U-16245-HASH-021B,credit_score=40,SUCCESS,19.27,credit-xgb-1.0.0
AI-LOG-100541,2026-09-17T18:58:40,SESS-13538,SYN-U-19408,VOICE_AI,VOICE_INTENT_DISPATCH,get_transaction,REF-SYN-U-19408-HASH-021C,tool_dispatched=get_transaction,SUCCESS,109.01,voice-agent-v1
AI-LOG-100542,2026-09-17T21:01:59,SESS-94006,SYN-U-12689,FRAUD_ENGINE,TRANSACTION_RISK_SCORING,xgb_fraud_predict,REF-SYN-U-12689-HASH-021D,risk_score=49,SUCCESS,19.39,fraud-xgb-1.0.0
AI-LOG-100543,2026-09-17T21:41:25,SESS-63018,SYN-U-13918,ANOMALY_ENGINE,BEHAVIORAL_OUTLIER_SCAN,iforest_score,REF-SYN-U-13918-HASH-021E,anomaly_flag=0,SUCCESS,14.61,anomaly-iforest-1.0.0
AI-LOG-100544,2026-09-17T21:43:39,SESS-21655,SYN-U-11135,ANOMALY_ENGINE,BEHAVIORAL_OUTLIER_SCAN,iforest_score,REF-SYN-U-11135-HASH-021F,anomaly_flag=0,SUCCESS,10.17,anomaly-iforest-1.0.0
AI-LOG-100545,2026-09-18T00:25:54,SESS-95289,SYN-U-16977,REPORT_COPILOT,DISPUTE_SUMMARIZATION,case_copilot_summarize,REF-SYN-U-16977-HASH-0220,draft_summary_generated,SUCCESS,262.45,case-copilot-v1
AI-LOG-100546,2026-09-18T00:42:11,SESS-26231,SYN-U-11084,CREDIT_ENGINE,CREDIT_READINESS_ASSESSMENT,xgb_credit_evaluate,REF-SYN-U-11084-HASH-0221,credit_score=97,SUCCESS,21.76,credit-xgb-1.0.0
AI-LOG-100547,2026-09-18T01:12:17,SESS-16596,SYN-U-18435,ANOMALY_ENGINE,BEHAVIORAL_OUTLIER_SCAN,iforest_score,REF-SYN-U-18435-HASH-0222,anomaly_flag=0,SUCCESS,10.76,anomaly-iforest-1.0.0
AI-LOG-100548,2026-09-18T03:01:21,SESS-30445,SYN-U-10224,CREDIT_ENGINE,CREDIT_READINESS_ASSESSMENT,xgb_credit_evaluate,REF-SYN-U-10224-HASH-0223,credit_score=81,SUCCESS,24.04,credit-xgb-1.0.0
AI-LOG-100549,2026-09-18T03:37:31,SESS-32522,SYN-U-12535,FRAUD_ENGINE,TRANSACTION_RISK_SCORING,xgb_fraud_predict,REF-SYN-U-12535-HASH-0224,risk_score=62,SUCCESS,21.62,fraud-xgb-1.0.0
AI-LOG-100550,2026-09-18T03:45:21,SESS-94503,SYN-U-12473,ANOMALY_ENGINE,BEHAVIORAL_OUTLIER_SCAN,iforest_score,REF-SYN-U-12473-HASH-0225,anomaly_flag=0,SUCCESS,11.93,anomaly-iforest-1.0.0
AI-LOG-100551,2026-09-18T04:13:49,SESS-40119,SYN-U-16385,CREDIT_ENGINE,CREDIT_READINESS_ASSESSMENT,xgb_credit_evaluate,REF-SYN-U-16385-HASH-0226,credit_score=51,SUCCESS,23.18,credit-xgb-1.0.0
AI-LOG-100552,2026-09-18T04:25:11,SESS-80655,SYN-U-10540,FRAUD_ENGINE,TRANSACTION_RISK_SCORING,xgb_fraud_predict,REF-SYN-U-10540-HASH-0227,risk_score=28,SUCCESS,15.11,fraud-xgb-1.0.0
AI-LOG-100553,2026-09-18T04:58:04,SESS-34373,SYN-U-19388,CREDIT_ENGINE,CREDIT_READINESS_ASSESSMENT,xgb_credit_evaluate,REF-SYN-U-19388-HASH-0228,credit_score=59,SUCCESS,29.95,credit-xgb-1.0.0
AI-LOG-100554,2026-09-18T06:48:26,SESS-21502,SYN-U-19588,VOICE_AI,VOICE_INTENT_DISPATCH,get_transaction,REF-SYN-U-19588-HASH-0229,tool_dispatched=get_transaction,SUCCESS,184.05,voice-agent-v1
AI-LOG-100555,2026-09-18T07:21:11,SESS-91353,SYN-U-15555,CREDIT_ENGINE,CREDIT_READINESS_ASSESSMENT,xgb_credit_evaluate,REF-SYN-U-15555-HASH-022A,credit_score=89,SUCCESS,13.26,credit-xgb-1.0.0
AI-LOG-100556,2026-09-18T07:44:46,SESS-44163,SYN-U-16485,VOICE_AI,VOICE_INTENT_DISPATCH,create_case,REF-SYN-U-16485-HASH-022B,tool_dispatched=create_case,SUCCESS,221.53,voice-agent-v1
AI-LOG-100557,2026-09-18T09:00:13,SESS-43595,SYN-U-11382,CREDIT_ENGINE,CREDIT_READINESS_ASSESSMENT,xgb_credit_evaluate,REF-SYN-U-11382-HASH-022C,credit_score=41,SUCCESS,20.03,credit-xgb-1.0.0
AI-LOG-100558,2026-09-18T09:54:12,SESS-42595,SYN-U-14271,FRAUD_ENGINE,TRANSACTION_RISK_SCORING,xgb_fraud_predict,REF-SYN-U-14271-HASH-022D,risk_score=52,SUCCESS,21.05,fraud-xgb-1.0.0
AI-LOG-100559,2026-09-18T09:58:08,SESS-66425,SYN-U-11651,FRAUD_ENGINE,TRANSACTION_RISK_SCORING,xgb_fraud_predict,REF-SYN-U-11651-HASH-022E,risk_score=22,SUCCESS,21.51,fraud-xgb-1.0.0
AI-LOG-100560,2026-09-18T10:39:30,SESS-29222,SYN-U-13950,ANOMALY_ENGINE,BEHAVIORAL_OUTLIER_SCAN,iforest_score,REF-SYN-U-13950-HASH-022F,anomaly_flag=0,SUCCESS,14.68,anomaly-iforest-1.0.0
AI-LOG-100561,2026-09-18T12:16:15,SESS-65914,SYN-U-15382,FRAUD_ENGINE,TRANSACTION_RISK_SCORING,xgb_fraud_predict,REF-SYN-U-15382-HASH-0230,risk_score=24,SUCCESS,15.96,fraud-xgb-1.0.0
AI-LOG-100562,2026-09-18T12:50:54,SESS-21695,SYN-U-17683,ANOMALY_ENGINE,BEHAVIORAL_OUTLIER_SCAN,iforest_score,REF-SYN-U-17683-HASH-0231,anomaly_flag=1,FLAGGED,17.75,anomaly-iforest-1.0.0
AI-LOG-100563,2026-09-18T12:56:19,SESS-48165,SYN-U-15770,CREDIT_ENGINE,CREDIT_READINESS_ASSESSMENT,xgb_credit_evaluate,REF-SYN-U-15770-HASH-0232,credit_score=64,SUCCESS,15.73,credit-xgb-1.0.0
AI-LOG-100564,2026-09-18T16:44:35,SESS-96399,SYN-U-17324,VOICE_AI,VOICE_INTENT_DISPATCH,get_balance,REF-SYN-U-17324-HASH-0233,tool_dispatched=get_balance,SUCCESS,193.55,voice-agent-v1
AI-LOG-100565,2026-09-18T16:58:41,SESS-19928,SYN-U-15678,FRAUD_ENGINE,TRANSACTION_RISK_SCORING,xgb_fraud_predict,REF-SYN-U-15678-HASH-0234,risk_score=63,SUCCESS,16.06,fraud-xgb-1.0.0
AI-LOG-100566,2026-09-18T17:16:39,SESS-68379,SYN-U-10506,ANOMALY_ENGINE,BEHAVIORAL_OUTLIER_SCAN,iforest_score,REF-SYN-U-10506-HASH-0235,anomaly_flag=0,SUCCESS,11.21,anomaly-iforest-1.0.0
AI-LOG-100567,2026-09-18T17:48:13,SESS-94487,SYN-U-19748,CREDIT_ENGINE,CREDIT_READINESS_ASSESSMENT,xgb_credit_evaluate,REF-SYN-U-19748-HASH-0236,credit_score=56,SUCCESS,24.56,credit-xgb-1.0.0
AI-LOG-100568,2026-09-18T18:14:56,SESS-84793,SYN-U-14153,ANOMALY_ENGINE,BEHAVIORAL_OUTLIER_SCAN,iforest_score,REF-SYN-U-14153-HASH-0237,anomaly_flag=0,SUCCESS,13.67,anomaly-iforest-1.0.0
AI-LOG-100569,2026-09-18T18:22:12,SESS-50075,SYN-U-12794,CREDIT_ENGINE,CREDIT_READINESS_ASSESSMENT,xgb_credit_evaluate,REF-SYN-U-12794-HASH-0238,credit_score=41,SUCCESS,28.86,credit-xgb-1.0.0
AI-LOG-100570,2026-09-18T19:39:36,SESS-65988,SYN-U-12303,REPORT_COPILOT,DISPUTE_SUMMARIZATION,case_copilot_summarize,REF-SYN-U-12303-HASH-0239,draft_summary_generated,SUCCESS,177.16,case-copilot-v1
AI-LOG-100571,2026-09-18T19:42:32,SESS-75039,SYN-U-16588,ANOMALY_ENGINE,BEHAVIORAL_OUTLIER_SCAN,iforest_score,REF-SYN-U-16588-HASH-023A,anomaly_flag=0,SUCCESS,12.79,anomaly-iforest-1.0.0
AI-LOG-100572,2026-09-18T19:46:09,SESS-36087,SYN-U-13639,FRAUD_ENGINE,TRANSACTION_RISK_SCORING,xgb_fraud_predict,REF-SYN-U-13639-HASH-023B,risk_score=23,SUCCESS,12.32,fraud-xgb-1.0.0
AI-LOG-100573,2026-09-18T20:42:09,SESS-10827,SYN-U-16477,ANOMALY_ENGINE,BEHAVIORAL_OUTLIER_SCAN,iforest_score,REF-SYN-U-16477-HASH-023C,anomaly_flag=0,SUCCESS,8.13,anomaly-iforest-1.0.0
AI-LOG-100574,2026-09-18T20:42:17,SESS-96395,SYN-U-16566,CREDIT_ENGINE,CREDIT_READINESS_ASSESSMENT,xgb_credit_evaluate,REF-SYN-U-16566-HASH-023D,credit_score=45,SUCCESS,25.71,credit-xgb-1.0.0
AI-LOG-100575,2026-09-18T20:55:12,SESS-96860,SYN-U-12404,VOICE_AI,VOICE_INTENT_DISPATCH,create_case,REF-SYN-U-12404-HASH-023E,tool_dispatched=create_case,SUCCESS,204.83,voice-agent-v1
AI-LOG-100576,2026-09-18T21:04:49,SESS-64605,SYN-U-10622,FRAUD_ENGINE,TRANSACTION_RISK_SCORING,xgb_fraud_predict,REF-SYN-U-10622-HASH-023F,risk_score=58,SUCCESS,10.82,fraud-xgb-1.0.0
AI-LOG-100577,2026-09-18T22:41:46,SESS-82145,SYN-U-12890,VOICE_AI,VOICE_INTENT_DISPATCH,get_transaction,REF-SYN-U-12890-HASH-0240,tool_dispatched=get_transaction,SUCCESS,241.38,voice-agent-v1
AI-LOG-100578,2026-09-18T23:53:33,SESS-59317,SYN-U-15586,ANOMALY_ENGINE,BEHAVIORAL_OUTLIER_SCAN,iforest_score,REF-SYN-U-15586-HASH-0241,anomaly_flag=0,SUCCESS,11.11,anomaly-iforest-1.0.0
AI-LOG-100579,2026-09-19T00:25:17,SESS-17472,SYN-U-13537,VOICE_AI,VOICE_INTENT_DISPATCH,create_case,REF-SYN-U-13537-HASH-0242,tool_dispatched=create_case,SUCCESS,165.31,voice-agent-v1
AI-LOG-100580,2026-09-19T00:40:57,SESS-70656,SYN-U-16563,FRAUD_ENGINE,TRANSACTION_RISK_SCORING,xgb_fraud_predict,REF-SYN-U-16563-HASH-0243,risk_score=27,SUCCESS,16.9,fraud-xgb-1.0.0
AI-LOG-100581,2026-09-19T00:56:30,SESS-18848,SYN-U-11056,FRAUD_ENGINE,TRANSACTION_RISK_SCORING,xgb_fraud_predict,REF-SYN-U-11056-HASH-0244,risk_score=58,BLOCKED,15.97,fraud-xgb-1.0.0
AI-LOG-100582,2026-09-19T02:09:23,SESS-30994,SYN-U-14096,CREDIT_ENGINE,CREDIT_READINESS_ASSESSMENT,xgb_credit_evaluate,REF-SYN-U-14096-HASH-0245,credit_score=71,SUCCESS,11.95,credit-xgb-1.0.0
AI-LOG-100583,2026-09-19T02:09:44,SESS-55689,SYN-U-18185,ANOMALY_ENGINE,BEHAVIORAL_OUTLIER_SCAN,iforest_score,REF-SYN-U-18185-HASH-0246,anomaly_flag=0,SUCCESS,5.1,anomaly-iforest-1.0.0
AI-LOG-100584,2026-09-19T02:18:12,SESS-59856,SYN-U-15651,FRAUD_ENGINE,TRANSACTION_RISK_SCORING,xgb_fraud_predict,REF-SYN-U-15651-HASH-0247,risk_score=49,SUCCESS,17.56,fraud-xgb-1.0.0
AI-LOG-100585,2026-09-19T02:34:45,SESS-88577,SYN-U-11086,FRAUD_ENGINE,TRANSACTION_RISK_SCORING,xgb_fraud_predict,REF-SYN-U-11086-HASH-0248,risk_score=66,SUCCESS,19.07,fraud-xgb-1.0.0
AI-LOG-100586,2026-09-19T04:19:39,SESS-75367,SYN-U-18202,FRAUD_ENGINE,TRANSACTION_RISK_SCORING,xgb_fraud_predict,REF-SYN-U-18202-HASH-0249,risk_score=72,SUCCESS,20.92,fraud-xgb-1.0.0
AI-LOG-100587,2026-09-19T05:13:52,SESS-62249,SYN-U-11405,FRAUD_ENGINE,TRANSACTION_RISK_SCORING,xgb_fraud_predict,REF-SYN-U-11405-HASH-024A,risk_score=44,SUCCESS,14.08,fraud-xgb-1.0.0
AI-LOG-100588,2026-09-19T05:41:42,SESS-96908,SYN-U-15136,FRAUD_ENGINE,TRANSACTION_RISK_SCORING,xgb_fraud_predict,REF-SYN-U-15136-HASH-024B,risk_score=8,SUCCESS,11.34,fraud-xgb-1.0.0
AI-LOG-100589,2026-09-19T06:21:46,SESS-82669,SYN-U-18697,FRAUD_ENGINE,TRANSACTION_RISK_SCORING,xgb_fraud_predict,REF-SYN-U-18697-HASH-024C,risk_score=57,SUCCESS,17.92,fraud-xgb-1.0.0
AI-LOG-100590,2026-09-19T06:47:48,SESS-71911,SYN-U-12087,REPORT_COPILOT,DISPUTE_SUMMARIZATION,case_copilot_summarize,REF-SYN-U-12087-HASH-024D,draft_summary_generated,SUCCESS,202.88,case-copilot-v1
AI-LOG-100591,2026-09-19T06:48:11,SESS-74560,SYN-U-13862,VOICE_AI,VOICE_INTENT_DISPATCH,get_balance,REF-SYN-U-13862-HASH-024E,tool_dispatched=get_balance,SUCCESS,162.14,voice-agent-v1
AI-LOG-100592,2026-09-19T07:51:13,SESS-93429,SYN-U-12693,VOICE_AI,VOICE_INTENT_DISPATCH,create_case,REF-SYN-U-12693-HASH-024F,tool_dispatched=create_case,SUCCESS,242.99,voice-agent-v1
AI-LOG-100593,2026-09-19T08:29:15,SESS-86040,SYN-U-15456,VOICE_AI,VOICE_INTENT_DISPATCH,get_transaction,REF-SYN-U-15456-HASH-0250,tool_dispatched=get_transaction,SUCCESS,195.84,voice-agent-v1
AI-LOG-100594,2026-09-19T08:46:45,SESS-74303,SYN-U-19183,ANOMALY_ENGINE,BEHAVIORAL_OUTLIER_SCAN,iforest_score,REF-SYN-U-19183-HASH-0251,anomaly_flag=0,SUCCESS,10.25,anomaly-iforest-1.0.0
AI-LOG-100595,2026-09-19T12:27:34,SESS-60377,SYN-U-13445,CREDIT_ENGINE,CREDIT_READINESS_ASSESSMENT,xgb_credit_evaluate,REF-SYN-U-13445-HASH-0252,credit_score=42,SUCCESS,25.13,credit-xgb-1.0.0
AI-LOG-100596,2026-09-19T12:36:22,SESS-84990,SYN-U-19066,CREDIT_ENGINE,CREDIT_READINESS_ASSESSMENT,xgb_credit_evaluate,REF-SYN-U-19066-HASH-0253,credit_score=67,SUCCESS,24.19,credit-xgb-1.0.0
AI-LOG-100597,2026-09-19T13:19:15,SESS-27089,SYN-U-12624,ANOMALY_ENGINE,BEHAVIORAL_OUTLIER_SCAN,iforest_score,REF-SYN-U-12624-HASH-0254,anomaly_flag=0,SUCCESS,12.37,anomaly-iforest-1.0.0
AI-LOG-100598,2026-09-19T13:33:45,SESS-22051,SYN-U-10729,CREDIT_ENGINE,CREDIT_READINESS_ASSESSMENT,xgb_credit_evaluate,REF-SYN-U-10729-HASH-0255,credit_score=74,SUCCESS,10.92,credit-xgb-1.0.0
AI-LOG-100599,2026-09-19T14:19:33,SESS-65243,SYN-U-15127,FRAUD_ENGINE,TRANSACTION_RISK_SCORING,xgb_fraud_predict,REF-SYN-U-15127-HASH-0256,risk_score=74,SUCCESS,15.09,fraud-xgb-1.0.0
AI-LOG-100600,2026-09-19T14:31:16,SESS-31779,SYN-U-14599,CREDIT_ENGINE,CREDIT_READINESS_ASSESSMENT,xgb_credit_evaluate,REF-SYN-U-14599-HASH-0257,credit_score=59,SUCCESS,27.61,credit-xgb-1.0.0
AI-LOG-100601,2026-09-19T14:42:37,SESS-26484,SYN-U-12219,VOICE_AI,VOICE_INTENT_DISPATCH,get_transaction,REF-SYN-U-12219-HASH-0258,tool_dispatched=get_transaction,SUCCESS,218.86,voice-agent-v1
AI-LOG-100602,2026-09-19T15:21:41,SESS-17380,SYN-U-15001,CREDIT_ENGINE,CREDIT_READINESS_ASSESSMENT,xgb_credit_evaluate,REF-SYN-U-15001-HASH-0259,credit_score=69,SUCCESS,29.32,credit-xgb-1.0.0
AI-LOG-100603,2026-09-19T16:09:50,SESS-53887,SYN-U-14528,FRAUD_ENGINE,TRANSACTION_RISK_SCORING,xgb_fraud_predict,REF-SYN-U-14528-HASH-025A,risk_score=63,SUCCESS,16.18,fraud-xgb-1.0.0
AI-LOG-100604,2026-09-19T17:00:51,SESS-95547,SYN-U-16977,CREDIT_ENGINE,CREDIT_READINESS_ASSESSMENT,xgb_credit_evaluate,REF-SYN-U-16977-HASH-025B,credit_score=89,SUCCESS,21.1,credit-xgb-1.0.0
AI-LOG-100605,2026-09-19T18:06:15,SESS-39688,SYN-U-18422,REPORT_COPILOT,DISPUTE_SUMMARIZATION,case_copilot_summarize,REF-SYN-U-18422-HASH-025C,draft_summary_generated,SUCCESS,156.5,case-copilot-v1
AI-LOG-100606,2026-09-19T18:55:00,SESS-49903,SYN-U-18089,FRAUD_ENGINE,TRANSACTION_RISK_SCORING,xgb_fraud_predict,REF-SYN-U-18089-HASH-025D,risk_score=12,SUCCESS,21.5,fraud-xgb-1.0.0
AI-LOG-100607,2026-09-19T20:40:48,SESS-22688,SYN-U-19769,FRAUD_ENGINE,TRANSACTION_RISK_SCORING,xgb_fraud_predict,REF-SYN-U-19769-HASH-025E,risk_score=35,SUCCESS,11.98,fraud-xgb-1.0.0
AI-LOG-100608,2026-09-19T20:42:26,SESS-14592,SYN-U-14907,FRAUD_ENGINE,TRANSACTION_RISK_SCORING,xgb_fraud_predict,REF-SYN-U-14907-HASH-025F,risk_score=77,SUCCESS,17.45,fraud-xgb-1.0.0
AI-LOG-100609,2026-09-19T22:25:10,SESS-14044,SYN-U-10070,CREDIT_ENGINE,CREDIT_READINESS_ASSESSMENT,xgb_credit_evaluate,REF-SYN-U-10070-HASH-0260,credit_score=43,SUCCESS,31.87,credit-xgb-1.0.0
AI-LOG-100610,2026-09-19T22:34:46,SESS-69820,SYN-U-17817,FRAUD_ENGINE,TRANSACTION_RISK_SCORING,xgb_fraud_predict,REF-SYN-U-17817-HASH-0261,risk_score=38,SUCCESS,23.89,fraud-xgb-1.0.0
AI-LOG-100611,2026-09-20T00:17:14,SESS-88467,SYN-U-11061,FRAUD_ENGINE,TRANSACTION_RISK_SCORING,xgb_fraud_predict,REF-SYN-U-11061-HASH-0262,risk_score=44,SUCCESS,15.24,fraud-xgb-1.0.0
AI-LOG-100612,2026-09-20T00:27:45,SESS-40732,SYN-U-10370,CREDIT_ENGINE,CREDIT_READINESS_ASSESSMENT,xgb_credit_evaluate,REF-SYN-U-10370-HASH-0263,credit_score=68,SUCCESS,24.93,credit-xgb-1.0.0
AI-LOG-100613,2026-09-20T01:51:52,SESS-61103,SYN-U-13267,REPORT_COPILOT,DISPUTE_SUMMARIZATION,case_copilot_summarize,REF-SYN-U-13267-HASH-0264,draft_summary_generated,SUCCESS,288.32,case-copilot-v1
AI-LOG-100614,2026-09-20T01:55:15,SESS-10194,SYN-U-15128,ANOMALY_ENGINE,BEHAVIORAL_OUTLIER_SCAN,iforest_score,REF-SYN-U-15128-HASH-0265,anomaly_flag=0,SUCCESS,7.74,anomaly-iforest-1.0.0
AI-LOG-100615,2026-09-20T02:00:55,SESS-98442,SYN-U-16178,FRAUD_ENGINE,TRANSACTION_RISK_SCORING,xgb_fraud_predict,REF-SYN-U-16178-HASH-0266,risk_score=87,SUCCESS,15.9,fraud-xgb-1.0.0
AI-LOG-100616,2026-09-20T03:28:44,SESS-50348,SYN-U-12804,CREDIT_ENGINE,CREDIT_READINESS_ASSESSMENT,xgb_credit_evaluate,REF-SYN-U-12804-HASH-0267,credit_score=48,SUCCESS,12.57,credit-xgb-1.0.0
AI-LOG-100617,2026-09-20T03:35:00,SESS-81770,SYN-U-12796,FRAUD_ENGINE,TRANSACTION_RISK_SCORING,xgb_fraud_predict,REF-SYN-U-12796-HASH-0268,risk_score=90,SUCCESS,21.04,fraud-xgb-1.0.0
AI-LOG-100618,2026-09-20T04:00:43,SESS-96388,SYN-U-13782,REPORT_COPILOT,DISPUTE_SUMMARIZATION,case_copilot_summarize,REF-SYN-U-13782-HASH-0269,draft_summary_generated,SUCCESS,119.73,case-copilot-v1
AI-LOG-100619,2026-09-20T04:15:44,SESS-91672,SYN-U-18345,FRAUD_ENGINE,TRANSACTION_RISK_SCORING,xgb_fraud_predict,REF-SYN-U-18345-HASH-026A,risk_score=66,SUCCESS,15.7,fraud-xgb-1.0.0
AI-LOG-100620,2026-09-20T04:38:16,SESS-10530,SYN-U-14342,FRAUD_ENGINE,TRANSACTION_RISK_SCORING,xgb_fraud_predict,REF-SYN-U-14342-HASH-026B,risk_score=42,FLAGGED,21.94,fraud-xgb-1.0.0
AI-LOG-100621,2026-09-20T05:08:07,SESS-90779,SYN-U-13749,ANOMALY_ENGINE,BEHAVIORAL_OUTLIER_SCAN,iforest_score,REF-SYN-U-13749-HASH-026C,anomaly_flag=0,SUCCESS,14.08,anomaly-iforest-1.0.0
AI-LOG-100622,2026-09-20T05:09:46,SESS-86652,SYN-U-13019,CREDIT_ENGINE,CREDIT_READINESS_ASSESSMENT,xgb_credit_evaluate,REF-SYN-U-13019-HASH-026D,credit_score=85,SUCCESS,32.47,credit-xgb-1.0.0
AI-LOG-100623,2026-09-20T05:47:57,SESS-62803,SYN-U-10559,ANOMALY_ENGINE,BEHAVIORAL_OUTLIER_SCAN,iforest_score,REF-SYN-U-10559-HASH-026E,anomaly_flag=0,SUCCESS,9.29,anomaly-iforest-1.0.0
AI-LOG-100624,2026-09-20T05:48:39,SESS-28002,SYN-U-11860,CREDIT_ENGINE,CREDIT_READINESS_ASSESSMENT,xgb_credit_evaluate,REF-SYN-U-11860-HASH-026F,credit_score=87,SUCCESS,16.33,credit-xgb-1.0.0
AI-LOG-100625,2026-09-20T07:28:38,SESS-36447,SYN-U-12739,FRAUD_ENGINE,TRANSACTION_RISK_SCORING,xgb_fraud_predict,REF-SYN-U-12739-HASH-0270,risk_score=31,SUCCESS,19.8,fraud-xgb-1.0.0
AI-LOG-100626,2026-09-20T08:23:35,SESS-34272,SYN-U-19198,FRAUD_ENGINE,TRANSACTION_RISK_SCORING,xgb_fraud_predict,REF-SYN-U-19198-HASH-0271,risk_score=70,SUCCESS,23.77,fraud-xgb-1.0.0
AI-LOG-100627,2026-09-20T08:34:45,SESS-36671,SYN-U-13459,CREDIT_ENGINE,CREDIT_READINESS_ASSESSMENT,xgb_credit_evaluate,REF-SYN-U-13459-HASH-0272,credit_score=64,SUCCESS,27.42,credit-xgb-1.0.0
AI-LOG-100628,2026-09-20T09:42:08,SESS-97420,SYN-U-14583,REPORT_COPILOT,DISPUTE_SUMMARIZATION,case_copilot_summarize,REF-SYN-U-14583-HASH-0273,draft_summary_generated,SUCCESS,277.98,case-copilot-v1
AI-LOG-100629,2026-09-20T10:32:18,SESS-18981,SYN-U-10862,REPORT_COPILOT,DISPUTE_SUMMARIZATION,case_copilot_summarize,REF-SYN-U-10862-HASH-0274,draft_summary_generated,SUCCESS,210.61,case-copilot-v1
AI-LOG-100630,2026-09-20T10:34:59,SESS-68983,SYN-U-19682,FRAUD_ENGINE,TRANSACTION_RISK_SCORING,xgb_fraud_predict,REF-SYN-U-19682-HASH-0275,risk_score=81,FLAGGED,15.93,fraud-xgb-1.0.0
AI-LOG-100631,2026-09-20T11:08:04,SESS-41303,SYN-U-18081,ANOMALY_ENGINE,BEHAVIORAL_OUTLIER_SCAN,iforest_score,REF-SYN-U-18081-HASH-0276,anomaly_flag=0,SUCCESS,10.24,anomaly-iforest-1.0.0
AI-LOG-100632,2026-09-20T11:08:37,SESS-49855,SYN-U-19478,CREDIT_ENGINE,CREDIT_READINESS_ASSESSMENT,xgb_credit_evaluate,REF-SYN-U-19478-HASH-0277,credit_score=62,SUCCESS,19.99,credit-xgb-1.0.0
AI-LOG-100633,2026-09-20T11:26:29,SESS-54422,SYN-U-12146,FRAUD_ENGINE,TRANSACTION_RISK_SCORING,xgb_fraud_predict,REF-SYN-U-12146-HASH-0278,risk_score=16,SUCCESS,15.07,fraud-xgb-1.0.0
AI-LOG-100634,2026-09-20T11:35:49,SESS-51741,SYN-U-15938,VOICE_AI,VOICE_INTENT_DISPATCH,create_case,REF-SYN-U-15938-HASH-0279,tool_dispatched=create_case,SUCCESS,148.99,voice-agent-v1
AI-LOG-100635,2026-09-20T13:39:02,SESS-39924,SYN-U-19075,REPORT_COPILOT,DISPUTE_SUMMARIZATION,case_copilot_summarize,REF-SYN-U-19075-HASH-027A,draft_summary_generated,SUCCESS,160.21,case-copilot-v1
AI-LOG-100636,2026-09-20T13:46:14,SESS-79459,SYN-U-11928,FRAUD_ENGINE,TRANSACTION_RISK_SCORING,xgb_fraud_predict,REF-SYN-U-11928-HASH-027B,risk_score=85,SUCCESS,20.3,fraud-xgb-1.0.0
AI-LOG-100637,2026-09-20T13:51:34,SESS-41404,SYN-U-12222,CREDIT_ENGINE,CREDIT_READINESS_ASSESSMENT,xgb_credit_evaluate,REF-SYN-U-12222-HASH-027C,credit_score=93,SUCCESS,24.44,credit-xgb-1.0.0
AI-LOG-100638,2026-09-20T13:55:31,SESS-85542,SYN-U-18607,CREDIT_ENGINE,CREDIT_READINESS_ASSESSMENT,xgb_credit_evaluate,REF-SYN-U-18607-HASH-027D,credit_score=51,SUCCESS,16.0,credit-xgb-1.0.0
AI-LOG-100639,2026-09-20T14:23:04,SESS-60624,SYN-U-19249,ANOMALY_ENGINE,BEHAVIORAL_OUTLIER_SCAN,iforest_score,REF-SYN-U-19249-HASH-027E,anomaly_flag=0,SUCCESS,15.05,anomaly-iforest-1.0.0
AI-LOG-100640,2026-09-20T14:36:39,SESS-58864,SYN-U-18976,REPORT_COPILOT,DISPUTE_SUMMARIZATION,case_copilot_summarize,REF-SYN-U-18976-HASH-027F,draft_summary_generated,SUCCESS,240.51,case-copilot-v1
AI-LOG-100641,2026-09-20T14:41:36,SESS-54706,SYN-U-17567,CREDIT_ENGINE,CREDIT_READINESS_ASSESSMENT,xgb_credit_evaluate,REF-SYN-U-17567-HASH-0280,credit_score=64,SUCCESS,25.95,credit-xgb-1.0.0
AI-LOG-100642,2026-09-20T14:53:42,SESS-40269,SYN-U-19181,CREDIT_ENGINE,CREDIT_READINESS_ASSESSMENT,xgb_credit_evaluate,REF-SYN-U-19181-HASH-0281,credit_score=75,SUCCESS,23.56,credit-xgb-1.0.0
AI-LOG-100643,2026-09-20T14:54:36,SESS-33868,SYN-U-10109,FRAUD_ENGINE,TRANSACTION_RISK_SCORING,xgb_fraud_predict,REF-SYN-U-10109-HASH-0282,risk_score=87,SUCCESS,14.65,fraud-xgb-1.0.0
AI-LOG-100644,2026-09-20T14:59:21,SESS-67156,SYN-U-11192,ANOMALY_ENGINE,BEHAVIORAL_OUTLIER_SCAN,iforest_score,REF-SYN-U-11192-HASH-0283,anomaly_flag=0,SUCCESS,11.8,anomaly-iforest-1.0.0
AI-LOG-100645,2026-09-20T15:06:40,SESS-80579,SYN-U-19198,ANOMALY_ENGINE,BEHAVIORAL_OUTLIER_SCAN,iforest_score,REF-SYN-U-19198-HASH-0284,anomaly_flag=0,SUCCESS,13.94,anomaly-iforest-1.0.0
AI-LOG-100646,2026-09-20T16:03:58,SESS-24820,SYN-U-12779,FRAUD_ENGINE,TRANSACTION_RISK_SCORING,xgb_fraud_predict,REF-SYN-U-12779-HASH-0285,risk_score=90,SUCCESS,24.56,fraud-xgb-1.0.0
AI-LOG-100647,2026-09-20T16:04:56,SESS-62884,SYN-U-17192,REPORT_COPILOT,DISPUTE_SUMMARIZATION,case_copilot_summarize,REF-SYN-U-17192-HASH-0286,draft_summary_generated,SUCCESS,215.04,case-copilot-v1
AI-LOG-100648,2026-09-20T17:18:21,SESS-42996,SYN-U-18261,CREDIT_ENGINE,CREDIT_READINESS_ASSESSMENT,xgb_credit_evaluate,REF-SYN-U-18261-HASH-0287,credit_score=91,SUCCESS,26.4,credit-xgb-1.0.0
AI-LOG-100649,2026-09-20T17:18:58,SESS-36953,SYN-U-14101,CREDIT_ENGINE,CREDIT_READINESS_ASSESSMENT,xgb_credit_evaluate,REF-SYN-U-14101-HASH-0288,credit_score=54,SUCCESS,20.23,credit-xgb-1.0.0
AI-LOG-100650,2026-09-20T18:32:58,SESS-26298,SYN-U-11404,ANOMALY_ENGINE,BEHAVIORAL_OUTLIER_SCAN,iforest_score,REF-SYN-U-11404-HASH-0289,anomaly_flag=0,SUCCESS,10.1,anomaly-iforest-1.0.0
AI-LOG-100651,2026-09-20T18:45:11,SESS-18865,SYN-U-11895,FRAUD_ENGINE,TRANSACTION_RISK_SCORING,xgb_fraud_predict,REF-SYN-U-11895-HASH-028A,risk_score=16,SUCCESS,22.37,fraud-xgb-1.0.0
AI-LOG-100652,2026-09-20T18:45:14,SESS-70020,SYN-U-16625,ANOMALY_ENGINE,BEHAVIORAL_OUTLIER_SCAN,iforest_score,REF-SYN-U-16625-HASH-028B,anomaly_flag=0,SUCCESS,14.03,anomaly-iforest-1.0.0
AI-LOG-100653,2026-09-20T19:33:13,SESS-98553,SYN-U-19955,FRAUD_ENGINE,TRANSACTION_RISK_SCORING,xgb_fraud_predict,REF-SYN-U-19955-HASH-028C,risk_score=8,SUCCESS,17.8,fraud-xgb-1.0.0
AI-LOG-100654,2026-09-20T19:35:43,SESS-79659,SYN-U-11629,VOICE_AI,VOICE_INTENT_DISPATCH,create_case,REF-SYN-U-11629-HASH-028D,tool_dispatched=create_case,SUCCESS,262.3,voice-agent-v1
AI-LOG-100655,2026-09-20T19:44:46,SESS-48681,SYN-U-16049,ANOMALY_ENGINE,BEHAVIORAL_OUTLIER_SCAN,iforest_score,REF-SYN-U-16049-HASH-028E,anomaly_flag=0,SUCCESS,15.63,anomaly-iforest-1.0.0
AI-LOG-100656,2026-09-20T20:48:32,SESS-95558,SYN-U-18280,FRAUD_ENGINE,TRANSACTION_RISK_SCORING,xgb_fraud_predict,REF-SYN-U-18280-HASH-028F,risk_score=36,SUCCESS,21.79,fraud-xgb-1.0.0
AI-LOG-100657,2026-09-20T20:50:18,SESS-61641,SYN-U-12185,ANOMALY_ENGINE,BEHAVIORAL_OUTLIER_SCAN,iforest_score,REF-SYN-U-12185-HASH-0290,anomaly_flag=0,SUCCESS,10.65,anomaly-iforest-1.0.0
AI-LOG-100658,2026-09-20T22:14:32,SESS-12420,SYN-U-11801,ANOMALY_ENGINE,BEHAVIORAL_OUTLIER_SCAN,iforest_score,REF-SYN-U-11801-HASH-0291,anomaly_flag=0,SUCCESS,7.67,anomaly-iforest-1.0.0
AI-LOG-100659,2026-09-20T23:14:08,SESS-96284,SYN-U-19403,FRAUD_ENGINE,TRANSACTION_RISK_SCORING,xgb_fraud_predict,REF-SYN-U-19403-HASH-0292,risk_score=66,SUCCESS,16.37,fraud-xgb-1.0.0
AI-LOG-100660,2026-09-20T23:53:09,SESS-29763,SYN-U-19928,ANOMALY_ENGINE,BEHAVIORAL_OUTLIER_SCAN,iforest_score,REF-SYN-U-19928-HASH-0293,anomaly_flag=0,SUCCESS,9.39,anomaly-iforest-1.0.0
AI-LOG-100661,2026-09-21T00:08:21,SESS-16814,SYN-U-10156,FRAUD_ENGINE,TRANSACTION_RISK_SCORING,xgb_fraud_predict,REF-SYN-U-10156-HASH-0294,risk_score=10,SUCCESS,11.62,fraud-xgb-1.0.0
AI-LOG-100662,2026-09-21T00:14:30,SESS-35717,SYN-U-18443,VOICE_AI,VOICE_INTENT_DISPATCH,get_balance,REF-SYN-U-18443-HASH-0295,tool_dispatched=get_balance,SUCCESS,276.68,voice-agent-v1
AI-LOG-100663,2026-09-21T00:16:48,SESS-80189,SYN-U-18316,ANOMALY_ENGINE,BEHAVIORAL_OUTLIER_SCAN,iforest_score,REF-SYN-U-18316-HASH-0296,anomaly_flag=0,SUCCESS,15.11,anomaly-iforest-1.0.0
AI-LOG-100664,2026-09-21T01:06:07,SESS-45223,SYN-U-10954,ANOMALY_ENGINE,BEHAVIORAL_OUTLIER_SCAN,iforest_score,REF-SYN-U-10954-HASH-0297,anomaly_flag=0,SUCCESS,12.32,anomaly-iforest-1.0.0
AI-LOG-100665,2026-09-21T01:23:57,SESS-72367,SYN-U-17420,ANOMALY_ENGINE,BEHAVIORAL_OUTLIER_SCAN,iforest_score,REF-SYN-U-17420-HASH-0298,anomaly_flag=0,SUCCESS,11.56,anomaly-iforest-1.0.0
AI-LOG-100666,2026-09-21T01:29:08,SESS-46764,SYN-U-17083,CREDIT_ENGINE,CREDIT_READINESS_ASSESSMENT,xgb_credit_evaluate,REF-SYN-U-17083-HASH-0299,credit_score=42,SUCCESS,26.92,credit-xgb-1.0.0
AI-LOG-100667,2026-09-21T02:01:29,SESS-24476,SYN-U-17583,REPORT_COPILOT,DISPUTE_SUMMARIZATION,case_copilot_summarize,REF-SYN-U-17583-HASH-029A,draft_summary_generated,SUCCESS,177.26,case-copilot-v1
AI-LOG-100668,2026-09-21T02:03:07,SESS-35629,SYN-U-11397,FRAUD_ENGINE,TRANSACTION_RISK_SCORING,xgb_fraud_predict,REF-SYN-U-11397-HASH-029B,risk_score=45,SUCCESS,20.65,fraud-xgb-1.0.0
AI-LOG-100669,2026-09-21T02:26:28,SESS-55881,SYN-U-12552,FRAUD_ENGINE,TRANSACTION_RISK_SCORING,xgb_fraud_predict,REF-SYN-U-12552-HASH-029C,risk_score=5,SUCCESS,20.45,fraud-xgb-1.0.0
AI-LOG-100670,2026-09-21T02:59:57,SESS-71788,SYN-U-13268,ANOMALY_ENGINE,BEHAVIORAL_OUTLIER_SCAN,iforest_score,REF-SYN-U-13268-HASH-029D,anomaly_flag=0,SUCCESS,13.34,anomaly-iforest-1.0.0
AI-LOG-100671,2026-09-21T04:05:43,SESS-61325,SYN-U-18689,FRAUD_ENGINE,TRANSACTION_RISK_SCORING,xgb_fraud_predict,REF-SYN-U-18689-HASH-029E,risk_score=23,SUCCESS,24.96,fraud-xgb-1.0.0
AI-LOG-100672,2026-09-21T06:25:48,SESS-81547,SYN-U-18052,ANOMALY_ENGINE,BEHAVIORAL_OUTLIER_SCAN,iforest_score,REF-SYN-U-18052-HASH-029F,anomaly_flag=0,SUCCESS,11.94,anomaly-iforest-1.0.0
AI-LOG-100673,2026-09-21T06:45:41,SESS-62588,SYN-U-12995,VOICE_AI,VOICE_INTENT_DISPATCH,create_case,REF-SYN-U-12995-HASH-02A0,tool_dispatched=create_case,SUCCESS,169.79,voice-agent-v1
AI-LOG-100674,2026-09-21T07:19:32,SESS-58539,SYN-U-11855,VOICE_AI,VOICE_INTENT_DISPATCH,get_balance,REF-SYN-U-11855-HASH-02A1,tool_dispatched=get_balance,SUCCESS,201.85,voice-agent-v1
AI-LOG-100675,2026-09-21T07:42:41,SESS-14000,SYN-U-19851,VOICE_AI,VOICE_INTENT_DISPATCH,get_balance,REF-SYN-U-19851-HASH-02A2,tool_dispatched=get_balance,SUCCESS,155.3,voice-agent-v1
AI-LOG-100676,2026-09-21T08:16:45,SESS-67078,SYN-U-16944,FRAUD_ENGINE,TRANSACTION_RISK_SCORING,xgb_fraud_predict,REF-SYN-U-16944-HASH-02A3,risk_score=82,SUCCESS,14.84,fraud-xgb-1.0.0
AI-LOG-100677,2026-09-21T09:58:23,SESS-70166,SYN-U-19516,CREDIT_ENGINE,CREDIT_READINESS_ASSESSMENT,xgb_credit_evaluate,REF-SYN-U-19516-HASH-02A4,credit_score=88,SUCCESS,21.22,credit-xgb-1.0.0
AI-LOG-100678,2026-09-21T11:10:17,SESS-49304,SYN-U-18031,VOICE_AI,VOICE_INTENT_DISPATCH,get_transaction,REF-SYN-U-18031-HASH-02A5,tool_dispatched=get_transaction,SUCCESS,229.54,voice-agent-v1
AI-LOG-100679,2026-09-21T12:03:04,SESS-10671,SYN-U-12450,FRAUD_ENGINE,TRANSACTION_RISK_SCORING,xgb_fraud_predict,REF-SYN-U-12450-HASH-02A6,risk_score=18,SUCCESS,18.34,fraud-xgb-1.0.0
AI-LOG-100680,2026-09-21T13:35:33,SESS-98369,SYN-U-19287,CREDIT_ENGINE,CREDIT_READINESS_ASSESSMENT,xgb_credit_evaluate,REF-SYN-U-19287-HASH-02A7,credit_score=44,SUCCESS,26.61,credit-xgb-1.0.0
AI-LOG-100681,2026-09-21T13:51:24,SESS-34432,SYN-U-10280,CREDIT_ENGINE,CREDIT_READINESS_ASSESSMENT,xgb_credit_evaluate,REF-SYN-U-10280-HASH-02A8,credit_score=82,SUCCESS,25.47,credit-xgb-1.0.0
AI-LOG-100682,2026-09-21T14:46:02,SESS-49045,SYN-U-16527,CREDIT_ENGINE,CREDIT_READINESS_ASSESSMENT,xgb_credit_evaluate,REF-SYN-U-16527-HASH-02A9,credit_score=79,SUCCESS,38.2,credit-xgb-1.0.0
AI-LOG-100683,2026-09-21T14:53:05,SESS-49975,SYN-U-17709,FRAUD_ENGINE,TRANSACTION_RISK_SCORING,xgb_fraud_predict,REF-SYN-U-17709-HASH-02AA,risk_score=10,SUCCESS,14.26,fraud-xgb-1.0.0
AI-LOG-100684,2026-09-21T15:10:19,SESS-13101,SYN-U-14336,CREDIT_ENGINE,CREDIT_READINESS_ASSESSMENT,xgb_credit_evaluate,REF-SYN-U-14336-HASH-02AB,credit_score=49,SUCCESS,29.17,credit-xgb-1.0.0
AI-LOG-100685,2026-09-21T16:03:12,SESS-10503,SYN-U-17314,FRAUD_ENGINE,TRANSACTION_RISK_SCORING,xgb_fraud_predict,REF-SYN-U-17314-HASH-02AC,risk_score=52,SUCCESS,26.79,fraud-xgb-1.0.0
AI-LOG-100686,2026-09-21T16:47:59,SESS-58532,SYN-U-10541,ANOMALY_ENGINE,BEHAVIORAL_OUTLIER_SCAN,iforest_score,REF-SYN-U-10541-HASH-02AD,anomaly_flag=0,SUCCESS,12.23,anomaly-iforest-1.0.0
AI-LOG-100687,2026-09-21T17:41:40,SESS-83830,SYN-U-13360,CREDIT_ENGINE,CREDIT_READINESS_ASSESSMENT,xgb_credit_evaluate,REF-SYN-U-13360-HASH-02AE,credit_score=81,SUCCESS,14.36,credit-xgb-1.0.0
AI-LOG-100688,2026-09-21T18:20:49,SESS-66649,SYN-U-10501,CREDIT_ENGINE,CREDIT_READINESS_ASSESSMENT,xgb_credit_evaluate,REF-SYN-U-10501-HASH-02AF,credit_score=61,SUCCESS,26.58,credit-xgb-1.0.0
AI-LOG-100689,2026-09-21T18:26:41,SESS-16702,SYN-U-16076,FRAUD_ENGINE,TRANSACTION_RISK_SCORING,xgb_fraud_predict,REF-SYN-U-16076-HASH-02B0,risk_score=5,SUCCESS,15.96,fraud-xgb-1.0.0
AI-LOG-100690,2026-09-21T19:13:09,SESS-16200,SYN-U-14857,FRAUD_ENGINE,TRANSACTION_RISK_SCORING,xgb_fraud_predict,REF-SYN-U-14857-HASH-02B1,risk_score=68,SUCCESS,13.34,fraud-xgb-1.0.0
AI-LOG-100691,2026-09-21T20:23:52,SESS-12494,SYN-U-18177,VOICE_AI,VOICE_INTENT_DISPATCH,create_case,REF-SYN-U-18177-HASH-02B2,tool_dispatched=create_case,SUCCESS,207.64,voice-agent-v1
AI-LOG-100692,2026-09-21T23:28:28,SESS-10367,SYN-U-17192,REPORT_COPILOT,DISPUTE_SUMMARIZATION,case_copilot_summarize,REF-SYN-U-17192-HASH-02B3,draft_summary_generated,SUCCESS,292.38,case-copilot-v1
AI-LOG-100693,2026-09-21T23:34:48,SESS-19215,SYN-U-14765,FRAUD_ENGINE,TRANSACTION_RISK_SCORING,xgb_fraud_predict,REF-SYN-U-14765-HASH-02B4,risk_score=30,SUCCESS,12.92,fraud-xgb-1.0.0
AI-LOG-100694,2026-09-21T23:56:22,SESS-84530,SYN-U-13855,ANOMALY_ENGINE,BEHAVIORAL_OUTLIER_SCAN,iforest_score,REF-SYN-U-13855-HASH-02B5,anomaly_flag=0,SUCCESS,12.32,anomaly-iforest-1.0.0
AI-LOG-100695,2026-09-22T00:22:28,SESS-99481,SYN-U-11804,FRAUD_ENGINE,TRANSACTION_RISK_SCORING,xgb_fraud_predict,REF-SYN-U-11804-HASH-02B6,risk_score=49,SUCCESS,18.64,fraud-xgb-1.0.0
AI-LOG-100696,2026-09-22T01:46:32,SESS-80616,SYN-U-18059,CREDIT_ENGINE,CREDIT_READINESS_ASSESSMENT,xgb_credit_evaluate,REF-SYN-U-18059-HASH-02B7,credit_score=60,SUCCESS,17.73,credit-xgb-1.0.0
AI-LOG-100697,2026-09-22T02:59:49,SESS-92241,SYN-U-16777,ANOMALY_ENGINE,BEHAVIORAL_OUTLIER_SCAN,iforest_score,REF-SYN-U-16777-HASH-02B8,anomaly_flag=0,SUCCESS,15.82,anomaly-iforest-1.0.0
AI-LOG-100698,2026-09-22T03:10:03,SESS-41481,SYN-U-14263,CREDIT_ENGINE,CREDIT_READINESS_ASSESSMENT,xgb_credit_evaluate,REF-SYN-U-14263-HASH-02B9,credit_score=94,SUCCESS,29.13,credit-xgb-1.0.0
AI-LOG-100699,2026-09-22T03:44:15,SESS-26739,SYN-U-18365,ANOMALY_ENGINE,BEHAVIORAL_OUTLIER_SCAN,iforest_score,REF-SYN-U-18365-HASH-02BA,anomaly_flag=0,SUCCESS,15.0,anomaly-iforest-1.0.0
AI-LOG-100700,2026-09-22T03:45:02,SESS-39480,SYN-U-17087,ANOMALY_ENGINE,BEHAVIORAL_OUTLIER_SCAN,iforest_score,REF-SYN-U-17087-HASH-02BB,anomaly_flag=0,SUCCESS,14.23,anomaly-iforest-1.0.0
AI-LOG-100701,2026-09-22T04:23:40,SESS-42229,SYN-U-17220,VOICE_AI,VOICE_INTENT_DISPATCH,create_case,REF-SYN-U-17220-HASH-02BC,tool_dispatched=create_case,SUCCESS,210.66,voice-agent-v1
AI-LOG-100702,2026-09-22T04:45:32,SESS-86694,SYN-U-18500,ANOMALY_ENGINE,BEHAVIORAL_OUTLIER_SCAN,iforest_score,REF-SYN-U-18500-HASH-02BD,anomaly_flag=0,SUCCESS,11.22,anomaly-iforest-1.0.0
AI-LOG-100703,2026-09-22T04:48:52,SESS-14005,SYN-U-18601,ANOMALY_ENGINE,BEHAVIORAL_OUTLIER_SCAN,iforest_score,REF-SYN-U-18601-HASH-02BE,anomaly_flag=0,SUCCESS,11.88,anomaly-iforest-1.0.0
AI-LOG-100704,2026-09-22T05:54:24,SESS-87184,SYN-U-12774,FRAUD_ENGINE,TRANSACTION_RISK_SCORING,xgb_fraud_predict,REF-SYN-U-12774-HASH-02BF,risk_score=41,SUCCESS,16.48,fraud-xgb-1.0.0
AI-LOG-100705,2026-09-22T06:38:01,SESS-82933,SYN-U-14199,VOICE_AI,VOICE_INTENT_DISPATCH,get_transaction,REF-SYN-U-14199-HASH-02C0,tool_dispatched=get_transaction,SUCCESS,155.45,voice-agent-v1
AI-LOG-100706,2026-09-22T07:36:47,SESS-33576,SYN-U-10122,ANOMALY_ENGINE,BEHAVIORAL_OUTLIER_SCAN,iforest_score,REF-SYN-U-10122-HASH-02C1,anomaly_flag=0,SUCCESS,13.67,anomaly-iforest-1.0.0
AI-LOG-100707,2026-09-22T08:46:19,SESS-15535,SYN-U-17688,FRAUD_ENGINE,TRANSACTION_RISK_SCORING,xgb_fraud_predict,REF-SYN-U-17688-HASH-02C2,risk_score=69,SUCCESS,22.11,fraud-xgb-1.0.0
AI-LOG-100708,2026-09-22T09:44:10,SESS-96422,SYN-U-12681,CREDIT_ENGINE,CREDIT_READINESS_ASSESSMENT,xgb_credit_evaluate,REF-SYN-U-12681-HASH-02C3,credit_score=61,SUCCESS,29.74,credit-xgb-1.0.0
AI-LOG-100709,2026-09-22T11:04:26,SESS-53244,SYN-U-16964,ANOMALY_ENGINE,BEHAVIORAL_OUTLIER_SCAN,iforest_score,REF-SYN-U-16964-HASH-02C4,anomaly_flag=0,SUCCESS,14.79,anomaly-iforest-1.0.0
AI-LOG-100710,2026-09-22T11:25:11,SESS-84384,SYN-U-18281,CREDIT_ENGINE,CREDIT_READINESS_ASSESSMENT,xgb_credit_evaluate,REF-SYN-U-18281-HASH-02C5,credit_score=49,SUCCESS,16.15,credit-xgb-1.0.0
AI-LOG-100711,2026-09-22T13:07:57,SESS-16566,SYN-U-15864,FRAUD_ENGINE,TRANSACTION_RISK_SCORING,xgb_fraud_predict,REF-SYN-U-15864-HASH-02C6,risk_score=54,SUCCESS,21.26,fraud-xgb-1.0.0
AI-LOG-100712,2026-09-22T13:16:47,SESS-26939,SYN-U-17258,ANOMALY_ENGINE,BEHAVIORAL_OUTLIER_SCAN,iforest_score,REF-SYN-U-17258-HASH-02C7,anomaly_flag=0,SUCCESS,14.26,anomaly-iforest-1.0.0
AI-LOG-100713,2026-09-22T13:26:18,SESS-25256,SYN-U-16504,ANOMALY_ENGINE,BEHAVIORAL_OUTLIER_SCAN,iforest_score,REF-SYN-U-16504-HASH-02C8,anomaly_flag=0,SUCCESS,15.95,anomaly-iforest-1.0.0
AI-LOG-100714,2026-09-22T13:46:46,SESS-56479,SYN-U-11624,CREDIT_ENGINE,CREDIT_READINESS_ASSESSMENT,xgb_credit_evaluate,REF-SYN-U-11624-HASH-02C9,credit_score=94,SUCCESS,34.57,credit-xgb-1.0.0
AI-LOG-100715,2026-09-22T13:48:59,SESS-33102,SYN-U-17625,REPORT_COPILOT,DISPUTE_SUMMARIZATION,case_copilot_summarize,REF-SYN-U-17625-HASH-02CA,draft_summary_generated,SUCCESS,260.53,case-copilot-v1
AI-LOG-100716,2026-09-22T14:05:58,SESS-29136,SYN-U-14077,VOICE_AI,VOICE_INTENT_DISPATCH,get_balance,REF-SYN-U-14077-HASH-02CB,tool_dispatched=get_balance,SUCCESS,127.19,voice-agent-v1
AI-LOG-100717,2026-09-22T14:30:44,SESS-77438,SYN-U-17882,FRAUD_ENGINE,TRANSACTION_RISK_SCORING,xgb_fraud_predict,REF-SYN-U-17882-HASH-02CC,risk_score=18,SUCCESS,16.89,fraud-xgb-1.0.0
AI-LOG-100718,2026-09-22T14:41:22,SESS-93928,SYN-U-17984,ANOMALY_ENGINE,BEHAVIORAL_OUTLIER_SCAN,iforest_score,REF-SYN-U-17984-HASH-02CD,anomaly_flag=0,SUCCESS,10.08,anomaly-iforest-1.0.0
AI-LOG-100719,2026-09-22T16:04:59,SESS-11599,SYN-U-17512,ANOMALY_ENGINE,BEHAVIORAL_OUTLIER_SCAN,iforest_score,REF-SYN-U-17512-HASH-02CE,anomaly_flag=0,SUCCESS,14.86,anomaly-iforest-1.0.0
AI-LOG-100720,2026-09-22T16:12:10,SESS-38703,SYN-U-10379,REPORT_COPILOT,DISPUTE_SUMMARIZATION,case_copilot_summarize,REF-SYN-U-10379-HASH-02CF,draft_summary_generated,SUCCESS,167.24,case-copilot-v1
AI-LOG-100721,2026-09-22T16:40:00,SESS-18139,SYN-U-16839,ANOMALY_ENGINE,BEHAVIORAL_OUTLIER_SCAN,iforest_score,REF-SYN-U-16839-HASH-02D0,anomaly_flag=0,SUCCESS,12.8,anomaly-iforest-1.0.0
AI-LOG-100722,2026-09-22T17:53:04,SESS-76517,SYN-U-11709,REPORT_COPILOT,DISPUTE_SUMMARIZATION,case_copilot_summarize,REF-SYN-U-11709-HASH-02D1,draft_summary_generated,SUCCESS,202.57,case-copilot-v1
AI-LOG-100723,2026-09-22T18:19:08,SESS-81184,SYN-U-19501,FRAUD_ENGINE,TRANSACTION_RISK_SCORING,xgb_fraud_predict,REF-SYN-U-19501-HASH-02D2,risk_score=6,SUCCESS,22.25,fraud-xgb-1.0.0
AI-LOG-100724,2026-09-22T18:28:11,SESS-25233,SYN-U-15944,CREDIT_ENGINE,CREDIT_READINESS_ASSESSMENT,xgb_credit_evaluate,REF-SYN-U-15944-HASH-02D3,credit_score=83,SUCCESS,24.02,credit-xgb-1.0.0
AI-LOG-100725,2026-09-22T18:31:36,SESS-30737,SYN-U-16235,FRAUD_ENGINE,TRANSACTION_RISK_SCORING,xgb_fraud_predict,REF-SYN-U-16235-HASH-02D4,risk_score=86,SUCCESS,20.98,fraud-xgb-1.0.0
AI-LOG-100726,2026-09-22T18:37:32,SESS-53118,SYN-U-11016,FRAUD_ENGINE,TRANSACTION_RISK_SCORING,xgb_fraud_predict,REF-SYN-U-11016-HASH-02D5,risk_score=93,SUCCESS,20.78,fraud-xgb-1.0.0
AI-LOG-100727,2026-09-22T19:34:44,SESS-67546,SYN-U-14000,CREDIT_ENGINE,CREDIT_READINESS_ASSESSMENT,xgb_credit_evaluate,REF-SYN-U-14000-HASH-02D6,credit_score=52,SUCCESS,19.54,credit-xgb-1.0.0
AI-LOG-100728,2026-09-22T19:45:58,SESS-69474,SYN-U-18459,VOICE_AI,VOICE_INTENT_DISPATCH,create_case,REF-SYN-U-18459-HASH-02D7,tool_dispatched=create_case,SUCCESS,156.42,voice-agent-v1
AI-LOG-100729,2026-09-22T19:46:41,SESS-51018,SYN-U-18572,FRAUD_ENGINE,TRANSACTION_RISK_SCORING,xgb_fraud_predict,REF-SYN-U-18572-HASH-02D8,risk_score=87,SUCCESS,15.74,fraud-xgb-1.0.0
AI-LOG-100730,2026-09-22T20:04:12,SESS-57019,SYN-U-11882,FRAUD_ENGINE,TRANSACTION_RISK_SCORING,xgb_fraud_predict,REF-SYN-U-11882-HASH-02D9,risk_score=73,SUCCESS,17.2,fraud-xgb-1.0.0
AI-LOG-100731,2026-09-22T20:57:00,SESS-21466,SYN-U-13919,FRAUD_ENGINE,TRANSACTION_RISK_SCORING,xgb_fraud_predict,REF-SYN-U-13919-HASH-02DA,risk_score=49,SUCCESS,20.33,fraud-xgb-1.0.0
AI-LOG-100732,2026-09-22T21:03:41,SESS-29815,SYN-U-13888,VOICE_AI,VOICE_INTENT_DISPATCH,get_balance,REF-SYN-U-13888-HASH-02DB,tool_dispatched=get_balance,SUCCESS,183.85,voice-agent-v1
AI-LOG-100733,2026-09-22T21:31:48,SESS-47688,SYN-U-19250,FRAUD_ENGINE,TRANSACTION_RISK_SCORING,xgb_fraud_predict,REF-SYN-U-19250-HASH-02DC,risk_score=25,SUCCESS,13.25,fraud-xgb-1.0.0
AI-LOG-100734,2026-09-22T22:06:17,SESS-86076,SYN-U-18937,REPORT_COPILOT,DISPUTE_SUMMARIZATION,case_copilot_summarize,REF-SYN-U-18937-HASH-02DD,draft_summary_generated,SUCCESS,235.83,case-copilot-v1
AI-LOG-100735,2026-09-22T22:06:28,SESS-82778,SYN-U-13670,FRAUD_ENGINE,TRANSACTION_RISK_SCORING,xgb_fraud_predict,REF-SYN-U-13670-HASH-02DE,risk_score=8,BLOCKED,14.61,fraud-xgb-1.0.0
AI-LOG-100736,2026-09-22T22:45:53,SESS-59985,SYN-U-14941,CREDIT_ENGINE,CREDIT_READINESS_ASSESSMENT,xgb_credit_evaluate,REF-SYN-U-14941-HASH-02DF,credit_score=58,SUCCESS,16.05,credit-xgb-1.0.0
AI-LOG-100737,2026-09-23T00:35:54,SESS-91013,SYN-U-11882,ANOMALY_ENGINE,BEHAVIORAL_OUTLIER_SCAN,iforest_score,REF-SYN-U-11882-HASH-02E0,anomaly_flag=0,SUCCESS,9.8,anomaly-iforest-1.0.0
AI-LOG-100738,2026-09-23T01:40:07,SESS-42864,SYN-U-19809,VOICE_AI,VOICE_INTENT_DISPATCH,get_transaction,REF-SYN-U-19809-HASH-02E1,tool_dispatched=get_transaction,SUCCESS,153.41,voice-agent-v1
AI-LOG-100739,2026-09-23T04:29:55,SESS-22802,SYN-U-19231,CREDIT_ENGINE,CREDIT_READINESS_ASSESSMENT,xgb_credit_evaluate,REF-SYN-U-19231-HASH-02E2,credit_score=62,SUCCESS,23.24,credit-xgb-1.0.0
AI-LOG-100740,2026-09-23T05:34:38,SESS-55477,SYN-U-11005,FRAUD_ENGINE,TRANSACTION_RISK_SCORING,xgb_fraud_predict,REF-SYN-U-11005-HASH-02E3,risk_score=35,SUCCESS,16.73,fraud-xgb-1.0.0
AI-LOG-100741,2026-09-23T06:40:54,SESS-73071,SYN-U-11189,FRAUD_ENGINE,TRANSACTION_RISK_SCORING,xgb_fraud_predict,REF-SYN-U-11189-HASH-02E4,risk_score=14,SUCCESS,16.18,fraud-xgb-1.0.0
AI-LOG-100742,2026-09-23T09:07:42,SESS-50191,SYN-U-14579,ANOMALY_ENGINE,BEHAVIORAL_OUTLIER_SCAN,iforest_score,REF-SYN-U-14579-HASH-02E5,anomaly_flag=0,SUCCESS,13.0,anomaly-iforest-1.0.0
AI-LOG-100743,2026-09-23T09:21:31,SESS-45032,SYN-U-16721,VOICE_AI,VOICE_INTENT_DISPATCH,get_transaction,REF-SYN-U-16721-HASH-02E6,tool_dispatched=get_transaction,SUCCESS,155.84,voice-agent-v1
AI-LOG-100744,2026-09-23T09:46:24,SESS-12170,SYN-U-12817,FRAUD_ENGINE,TRANSACTION_RISK_SCORING,xgb_fraud_predict,REF-SYN-U-12817-HASH-02E7,risk_score=20,BLOCKED,26.35,fraud-xgb-1.0.0
AI-LOG-100745,2026-09-23T10:20:46,SESS-10489,SYN-U-14780,FRAUD_ENGINE,TRANSACTION_RISK_SCORING,xgb_fraud_predict,REF-SYN-U-14780-HASH-02E8,risk_score=72,SUCCESS,9.25,fraud-xgb-1.0.0
AI-LOG-100746,2026-09-23T11:49:54,SESS-34320,SYN-U-13742,FRAUD_ENGINE,TRANSACTION_RISK_SCORING,xgb_fraud_predict,REF-SYN-U-13742-HASH-02E9,risk_score=75,SUCCESS,15.27,fraud-xgb-1.0.0
AI-LOG-100747,2026-09-23T12:00:43,SESS-66294,SYN-U-13207,CREDIT_ENGINE,CREDIT_READINESS_ASSESSMENT,xgb_credit_evaluate,REF-SYN-U-13207-HASH-02EA,credit_score=78,SUCCESS,33.08,credit-xgb-1.0.0
AI-LOG-100748,2026-09-23T12:52:33,SESS-61434,SYN-U-12981,CREDIT_ENGINE,CREDIT_READINESS_ASSESSMENT,xgb_credit_evaluate,REF-SYN-U-12981-HASH-02EB,credit_score=97,SUCCESS,22.06,credit-xgb-1.0.0
AI-LOG-100749,2026-09-23T13:10:39,SESS-90098,SYN-U-14139,FRAUD_ENGINE,TRANSACTION_RISK_SCORING,xgb_fraud_predict,REF-SYN-U-14139-HASH-02EC,risk_score=63,SUCCESS,19.86,fraud-xgb-1.0.0
AI-LOG-100750,2026-09-23T14:05:24,SESS-84966,SYN-U-13645,FRAUD_ENGINE,TRANSACTION_RISK_SCORING,xgb_fraud_predict,REF-SYN-U-13645-HASH-02ED,risk_score=50,FLAGGED,14.18,fraud-xgb-1.0.0
AI-LOG-100751,2026-09-23T14:17:40,SESS-66847,SYN-U-18359,FRAUD_ENGINE,TRANSACTION_RISK_SCORING,xgb_fraud_predict,REF-SYN-U-18359-HASH-02EE,risk_score=81,SUCCESS,14.89,fraud-xgb-1.0.0
AI-LOG-100752,2026-09-23T14:54:23,SESS-73309,SYN-U-17307,ANOMALY_ENGINE,BEHAVIORAL_OUTLIER_SCAN,iforest_score,REF-SYN-U-17307-HASH-02EF,anomaly_flag=0,SUCCESS,13.27,anomaly-iforest-1.0.0
AI-LOG-100753,2026-09-23T20:38:16,SESS-49643,SYN-U-11987,FRAUD_ENGINE,TRANSACTION_RISK_SCORING,xgb_fraud_predict,REF-SYN-U-11987-HASH-02F0,risk_score=47,SUCCESS,21.89,fraud-xgb-1.0.0
AI-LOG-100754,2026-09-23T21:58:50,SESS-44420,SYN-U-11587,VOICE_AI,VOICE_INTENT_DISPATCH,get_transaction,REF-SYN-U-11587-HASH-02F1,tool_dispatched=get_transaction,SUCCESS,216.59,voice-agent-v1
AI-LOG-100755,2026-09-23T22:12:37,SESS-67483,SYN-U-13831,CREDIT_ENGINE,CREDIT_READINESS_ASSESSMENT,xgb_credit_evaluate,REF-SYN-U-13831-HASH-02F2,credit_score=86,SUCCESS,20.2,credit-xgb-1.0.0
AI-LOG-100756,2026-09-23T22:25:59,SESS-37249,SYN-U-12389,FRAUD_ENGINE,TRANSACTION_RISK_SCORING,xgb_fraud_predict,REF-SYN-U-12389-HASH-02F3,risk_score=47,SUCCESS,15.57,fraud-xgb-1.0.0
AI-LOG-100757,2026-09-24T00:42:20,SESS-60999,SYN-U-14609,CREDIT_ENGINE,CREDIT_READINESS_ASSESSMENT,xgb_credit_evaluate,REF-SYN-U-14609-HASH-02F4,credit_score=47,SUCCESS,25.25,credit-xgb-1.0.0
AI-LOG-100758,2026-09-24T00:45:02,SESS-60606,SYN-U-15301,ANOMALY_ENGINE,BEHAVIORAL_OUTLIER_SCAN,iforest_score,REF-SYN-U-15301-HASH-02F5,anomaly_flag=0,SUCCESS,13.94,anomaly-iforest-1.0.0
AI-LOG-100759,2026-09-24T00:55:58,SESS-26740,SYN-U-13557,VOICE_AI,VOICE_INTENT_DISPATCH,create_case,REF-SYN-U-13557-HASH-02F6,tool_dispatched=create_case,SUCCESS,154.25,voice-agent-v1
AI-LOG-100760,2026-09-24T01:26:20,SESS-27858,SYN-U-12175,REPORT_COPILOT,DISPUTE_SUMMARIZATION,case_copilot_summarize,REF-SYN-U-12175-HASH-02F7,draft_summary_generated,SUCCESS,230.28,case-copilot-v1
AI-LOG-100761,2026-09-24T01:50:55,SESS-91919,SYN-U-17406,FRAUD_ENGINE,TRANSACTION_RISK_SCORING,xgb_fraud_predict,REF-SYN-U-17406-HASH-02F8,risk_score=68,SUCCESS,17.25,fraud-xgb-1.0.0
AI-LOG-100762,2026-09-24T02:30:46,SESS-26820,SYN-U-10757,ANOMALY_ENGINE,BEHAVIORAL_OUTLIER_SCAN,iforest_score,REF-SYN-U-10757-HASH-02F9,anomaly_flag=0,SUCCESS,7.56,anomaly-iforest-1.0.0
AI-LOG-100763,2026-09-24T02:36:23,SESS-19509,SYN-U-11968,VOICE_AI,VOICE_INTENT_DISPATCH,create_case,REF-SYN-U-11968-HASH-02FA,tool_dispatched=create_case,SUCCESS,163.85,voice-agent-v1
AI-LOG-100764,2026-09-24T02:57:19,SESS-14594,SYN-U-14982,ANOMALY_ENGINE,BEHAVIORAL_OUTLIER_SCAN,iforest_score,REF-SYN-U-14982-HASH-02FB,anomaly_flag=0,SUCCESS,13.58,anomaly-iforest-1.0.0
AI-LOG-100765,2026-09-24T03:29:52,SESS-93988,SYN-U-18118,FRAUD_ENGINE,TRANSACTION_RISK_SCORING,xgb_fraud_predict,REF-SYN-U-18118-HASH-02FC,risk_score=11,SUCCESS,18.48,fraud-xgb-1.0.0
AI-LOG-100766,2026-09-24T05:36:38,SESS-96916,SYN-U-11714,FRAUD_ENGINE,TRANSACTION_RISK_SCORING,xgb_fraud_predict,REF-SYN-U-11714-HASH-02FD,risk_score=52,SUCCESS,22.58,fraud-xgb-1.0.0
AI-LOG-100767,2026-09-24T05:38:41,SESS-84639,SYN-U-19621,CREDIT_ENGINE,CREDIT_READINESS_ASSESSMENT,xgb_credit_evaluate,REF-SYN-U-19621-HASH-02FE,credit_score=47,SUCCESS,21.89,credit-xgb-1.0.0
AI-LOG-100768,2026-09-24T08:30:54,SESS-22355,SYN-U-13907,FRAUD_ENGINE,TRANSACTION_RISK_SCORING,xgb_fraud_predict,REF-SYN-U-13907-HASH-02FF,risk_score=41,SUCCESS,14.77,fraud-xgb-1.0.0
AI-LOG-100769,2026-09-24T09:07:34,SESS-45934,SYN-U-18471,VOICE_AI,VOICE_INTENT_DISPATCH,get_transaction,REF-SYN-U-18471-HASH-0300,tool_dispatched=get_transaction,SUCCESS,245.55,voice-agent-v1
AI-LOG-100770,2026-09-24T09:46:35,SESS-83859,SYN-U-12569,ANOMALY_ENGINE,BEHAVIORAL_OUTLIER_SCAN,iforest_score,REF-SYN-U-12569-HASH-0301,anomaly_flag=0,SUCCESS,9.54,anomaly-iforest-1.0.0
AI-LOG-100771,2026-09-24T10:59:56,SESS-12121,SYN-U-19982,FRAUD_ENGINE,TRANSACTION_RISK_SCORING,xgb_fraud_predict,REF-SYN-U-19982-HASH-0302,risk_score=53,FLAGGED,23.15,fraud-xgb-1.0.0
AI-LOG-100772,2026-09-24T11:26:33,SESS-52591,SYN-U-14162,VOICE_AI,VOICE_INTENT_DISPATCH,get_transaction,REF-SYN-U-14162-HASH-0303,tool_dispatched=get_transaction,SUCCESS,165.93,voice-agent-v1
AI-LOG-100773,2026-09-24T11:34:24,SESS-73532,SYN-U-12191,ANOMALY_ENGINE,BEHAVIORAL_OUTLIER_SCAN,iforest_score,REF-SYN-U-12191-HASH-0304,anomaly_flag=1,FLAGGED,18.88,anomaly-iforest-1.0.0
AI-LOG-100774,2026-09-24T11:55:09,SESS-86380,SYN-U-14508,FRAUD_ENGINE,TRANSACTION_RISK_SCORING,xgb_fraud_predict,REF-SYN-U-14508-HASH-0305,risk_score=18,SUCCESS,19.95,fraud-xgb-1.0.0
AI-LOG-100775,2026-09-24T12:26:00,SESS-99918,SYN-U-14946,FRAUD_ENGINE,TRANSACTION_RISK_SCORING,xgb_fraud_predict,REF-SYN-U-14946-HASH-0306,risk_score=38,FLAGGED,16.84,fraud-xgb-1.0.0
AI-LOG-100776,2026-09-24T15:32:42,SESS-80809,SYN-U-13609,VOICE_AI,VOICE_INTENT_DISPATCH,get_transaction,REF-SYN-U-13609-HASH-0307,tool_dispatched=get_transaction,SUCCESS,215.56,voice-agent-v1
AI-LOG-100777,2026-09-24T15:57:52,SESS-21485,SYN-U-15561,FRAUD_ENGINE,TRANSACTION_RISK_SCORING,xgb_fraud_predict,REF-SYN-U-15561-HASH-0308,risk_score=84,SUCCESS,24.17,fraud-xgb-1.0.0
AI-LOG-100778,2026-09-24T18:19:08,SESS-54585,SYN-U-19279,FRAUD_ENGINE,TRANSACTION_RISK_SCORING,xgb_fraud_predict,REF-SYN-U-19279-HASH-0309,risk_score=10,SUCCESS,21.89,fraud-xgb-1.0.0
AI-LOG-100779,2026-09-24T18:31:13,SESS-24505,SYN-U-13566,FRAUD_ENGINE,TRANSACTION_RISK_SCORING,xgb_fraud_predict,REF-SYN-U-13566-HASH-030A,risk_score=94,SUCCESS,10.95,fraud-xgb-1.0.0
AI-LOG-100780,2026-09-24T18:49:48,SESS-46851,SYN-U-11497,CREDIT_ENGINE,CREDIT_READINESS_ASSESSMENT,xgb_credit_evaluate,REF-SYN-U-11497-HASH-030B,credit_score=50,SUCCESS,10.49,credit-xgb-1.0.0
AI-LOG-100781,2026-09-24T20:01:44,SESS-82450,SYN-U-18154,ANOMALY_ENGINE,BEHAVIORAL_OUTLIER_SCAN,iforest_score,REF-SYN-U-18154-HASH-030C,anomaly_flag=0,SUCCESS,17.0,anomaly-iforest-1.0.0
AI-LOG-100782,2026-09-24T20:28:01,SESS-44663,SYN-U-12158,VOICE_AI,VOICE_INTENT_DISPATCH,get_transaction,REF-SYN-U-12158-HASH-030D,tool_dispatched=get_transaction,SUCCESS,152.04,voice-agent-v1
AI-LOG-100783,2026-09-24T22:16:08,SESS-69492,SYN-U-13292,VOICE_AI,VOICE_INTENT_DISPATCH,get_balance,REF-SYN-U-13292-HASH-030E,tool_dispatched=get_balance,SUCCESS,160.27,voice-agent-v1
AI-LOG-100784,2026-09-24T23:11:59,SESS-74100,SYN-U-10318,FRAUD_ENGINE,TRANSACTION_RISK_SCORING,xgb_fraud_predict,REF-SYN-U-10318-HASH-030F,risk_score=29,FLAGGED,17.55,fraud-xgb-1.0.0
AI-LOG-100785,2026-09-24T23:36:52,SESS-74447,SYN-U-14655,FRAUD_ENGINE,TRANSACTION_RISK_SCORING,xgb_fraud_predict,REF-SYN-U-14655-HASH-0310,risk_score=7,SUCCESS,20.87,fraud-xgb-1.0.0
AI-LOG-100786,2026-09-24T23:55:40,SESS-11342,SYN-U-13369,FRAUD_ENGINE,TRANSACTION_RISK_SCORING,xgb_fraud_predict,REF-SYN-U-13369-HASH-0311,risk_score=71,SUCCESS,21.92,fraud-xgb-1.0.0
AI-LOG-100787,2026-09-24T23:58:11,SESS-41302,SYN-U-11642,FRAUD_ENGINE,TRANSACTION_RISK_SCORING,xgb_fraud_predict,REF-SYN-U-11642-HASH-0312,risk_score=88,SUCCESS,19.12,fraud-xgb-1.0.0
AI-LOG-100788,2026-09-25T00:53:42,SESS-54642,SYN-U-14093,CREDIT_ENGINE,CREDIT_READINESS_ASSESSMENT,xgb_credit_evaluate,REF-SYN-U-14093-HASH-0313,credit_score=54,SUCCESS,26.77,credit-xgb-1.0.0
AI-LOG-100789,2026-09-25T03:09:19,SESS-12431,SYN-U-10076,CREDIT_ENGINE,CREDIT_READINESS_ASSESSMENT,xgb_credit_evaluate,REF-SYN-U-10076-HASH-0314,credit_score=63,SUCCESS,26.25,credit-xgb-1.0.0
AI-LOG-100790,2026-09-25T03:43:39,SESS-41574,SYN-U-17122,FRAUD_ENGINE,TRANSACTION_RISK_SCORING,xgb_fraud_predict,REF-SYN-U-17122-HASH-0315,risk_score=30,SUCCESS,12.93,fraud-xgb-1.0.0
AI-LOG-100791,2026-09-25T04:07:05,SESS-85599,SYN-U-18805,FRAUD_ENGINE,TRANSACTION_RISK_SCORING,xgb_fraud_predict,REF-SYN-U-18805-HASH-0316,risk_score=52,SUCCESS,16.03,fraud-xgb-1.0.0
AI-LOG-100792,2026-09-25T05:48:14,SESS-59092,SYN-U-13824,FRAUD_ENGINE,TRANSACTION_RISK_SCORING,xgb_fraud_predict,REF-SYN-U-13824-HASH-0317,risk_score=68,SUCCESS,17.52,fraud-xgb-1.0.0
AI-LOG-100793,2026-09-25T06:20:46,SESS-37019,SYN-U-14414,VOICE_AI,VOICE_INTENT_DISPATCH,create_case,REF-SYN-U-14414-HASH-0318,tool_dispatched=create_case,SUCCESS,175.44,voice-agent-v1
AI-LOG-100794,2026-09-25T07:07:33,SESS-17613,SYN-U-14192,VOICE_AI,VOICE_INTENT_DISPATCH,create_case,REF-SYN-U-14192-HASH-0319,tool_dispatched=create_case,SUCCESS,176.73,voice-agent-v1
AI-LOG-100795,2026-09-25T07:19:57,SESS-25267,SYN-U-13027,FRAUD_ENGINE,TRANSACTION_RISK_SCORING,xgb_fraud_predict,REF-SYN-U-13027-HASH-031A,risk_score=26,BLOCKED,12.69,fraud-xgb-1.0.0
AI-LOG-100796,2026-09-25T08:35:50,SESS-79103,SYN-U-14883,FRAUD_ENGINE,TRANSACTION_RISK_SCORING,xgb_fraud_predict,REF-SYN-U-14883-HASH-031B,risk_score=9,SUCCESS,19.95,fraud-xgb-1.0.0
AI-LOG-100797,2026-09-25T09:38:46,SESS-48635,SYN-U-12977,VOICE_AI,VOICE_INTENT_DISPATCH,create_case,REF-SYN-U-12977-HASH-031C,tool_dispatched=create_case,SUCCESS,200.41,voice-agent-v1
AI-LOG-100798,2026-09-25T10:02:53,SESS-39596,SYN-U-14562,VOICE_AI,VOICE_INTENT_DISPATCH,create_case,REF-SYN-U-14562-HASH-031D,tool_dispatched=create_case,SUCCESS,140.01,voice-agent-v1
AI-LOG-100799,2026-09-25T11:31:01,SESS-54296,SYN-U-15245,CREDIT_ENGINE,CREDIT_READINESS_ASSESSMENT,xgb_credit_evaluate,REF-SYN-U-15245-HASH-031E,credit_score=62,SUCCESS,23.23,credit-xgb-1.0.0
AI-LOG-100800,2026-09-25T12:14:07,SESS-46467,SYN-U-18268,FRAUD_ENGINE,TRANSACTION_RISK_SCORING,xgb_fraud_predict,REF-SYN-U-18268-HASH-031F,risk_score=76,SUCCESS,16.24,fraud-xgb-1.0.0
AI-LOG-100801,2026-09-25T13:00:50,SESS-11350,SYN-U-15222,CREDIT_ENGINE,CREDIT_READINESS_ASSESSMENT,xgb_credit_evaluate,REF-SYN-U-15222-HASH-0320,credit_score=64,SUCCESS,16.42,credit-xgb-1.0.0
AI-LOG-100802,2026-09-25T14:06:55,SESS-57522,SYN-U-10245,CREDIT_ENGINE,CREDIT_READINESS_ASSESSMENT,xgb_credit_evaluate,REF-SYN-U-10245-HASH-0321,credit_score=73,SUCCESS,24.01,credit-xgb-1.0.0
AI-LOG-100803,2026-09-25T17:34:45,SESS-28616,SYN-U-16980,CREDIT_ENGINE,CREDIT_READINESS_ASSESSMENT,xgb_credit_evaluate,REF-SYN-U-16980-HASH-0322,credit_score=48,SUCCESS,22.31,credit-xgb-1.0.0
AI-LOG-100804,2026-09-25T20:19:33,SESS-64321,SYN-U-18506,ANOMALY_ENGINE,BEHAVIORAL_OUTLIER_SCAN,iforest_score,REF-SYN-U-18506-HASH-0323,anomaly_flag=0,SUCCESS,9.48,anomaly-iforest-1.0.0
AI-LOG-100805,2026-09-25T20:46:59,SESS-40578,SYN-U-15791,ANOMALY_ENGINE,BEHAVIORAL_OUTLIER_SCAN,iforest_score,REF-SYN-U-15791-HASH-0324,anomaly_flag=0,SUCCESS,12.23,anomaly-iforest-1.0.0
AI-LOG-100806,2026-09-25T21:10:53,SESS-28233,SYN-U-11232,CREDIT_ENGINE,CREDIT_READINESS_ASSESSMENT,xgb_credit_evaluate,REF-SYN-U-11232-HASH-0325,credit_score=74,SUCCESS,22.81,credit-xgb-1.0.0
AI-LOG-100807,2026-09-25T21:32:44,SESS-87898,SYN-U-18003,CREDIT_ENGINE,CREDIT_READINESS_ASSESSMENT,xgb_credit_evaluate,REF-SYN-U-18003-HASH-0326,credit_score=42,SUCCESS,28.86,credit-xgb-1.0.0
AI-LOG-100808,2026-09-25T23:08:07,SESS-58541,SYN-U-13166,CREDIT_ENGINE,CREDIT_READINESS_ASSESSMENT,xgb_credit_evaluate,REF-SYN-U-13166-HASH-0327,credit_score=59,SUCCESS,30.42,credit-xgb-1.0.0
AI-LOG-100809,2026-09-25T23:46:10,SESS-68574,SYN-U-16793,FRAUD_ENGINE,TRANSACTION_RISK_SCORING,xgb_fraud_predict,REF-SYN-U-16793-HASH-0328,risk_score=26,SUCCESS,22.6,fraud-xgb-1.0.0
AI-LOG-100810,2026-09-26T01:37:44,SESS-44465,SYN-U-13360,ANOMALY_ENGINE,BEHAVIORAL_OUTLIER_SCAN,iforest_score,REF-SYN-U-13360-HASH-0329,anomaly_flag=0,SUCCESS,14.04,anomaly-iforest-1.0.0
AI-LOG-100811,2026-09-26T03:19:24,SESS-56584,SYN-U-19847,ANOMALY_ENGINE,BEHAVIORAL_OUTLIER_SCAN,iforest_score,REF-SYN-U-19847-HASH-032A,anomaly_flag=0,SUCCESS,15.22,anomaly-iforest-1.0.0
AI-LOG-100812,2026-09-26T03:48:32,SESS-98041,SYN-U-11778,VOICE_AI,VOICE_INTENT_DISPATCH,get_balance,REF-SYN-U-11778-HASH-032B,tool_dispatched=get_balance,SUCCESS,151.13,voice-agent-v1
AI-LOG-100813,2026-09-26T03:56:59,SESS-39488,SYN-U-12446,ANOMALY_ENGINE,BEHAVIORAL_OUTLIER_SCAN,iforest_score,REF-SYN-U-12446-HASH-032C,anomaly_flag=0,SUCCESS,7.47,anomaly-iforest-1.0.0
AI-LOG-100814,2026-09-26T04:00:17,SESS-84951,SYN-U-18294,FRAUD_ENGINE,TRANSACTION_RISK_SCORING,xgb_fraud_predict,REF-SYN-U-18294-HASH-032D,risk_score=16,SUCCESS,26.03,fraud-xgb-1.0.0
AI-LOG-100815,2026-09-26T04:42:46,SESS-26796,SYN-U-12228,FRAUD_ENGINE,TRANSACTION_RISK_SCORING,xgb_fraud_predict,REF-SYN-U-12228-HASH-032E,risk_score=61,SUCCESS,15.07,fraud-xgb-1.0.0
AI-LOG-100816,2026-09-26T05:36:06,SESS-70620,SYN-U-14615,FRAUD_ENGINE,TRANSACTION_RISK_SCORING,xgb_fraud_predict,REF-SYN-U-14615-HASH-032F,risk_score=46,SUCCESS,23.41,fraud-xgb-1.0.0
AI-LOG-100817,2026-09-26T06:04:01,SESS-38323,SYN-U-14653,ANOMALY_ENGINE,BEHAVIORAL_OUTLIER_SCAN,iforest_score,REF-SYN-U-14653-HASH-0330,anomaly_flag=0,SUCCESS,13.38,anomaly-iforest-1.0.0
AI-LOG-100818,2026-09-26T06:52:01,SESS-30454,SYN-U-10953,ANOMALY_ENGINE,BEHAVIORAL_OUTLIER_SCAN,iforest_score,REF-SYN-U-10953-HASH-0331,anomaly_flag=0,SUCCESS,9.34,anomaly-iforest-1.0.0
AI-LOG-100819,2026-09-26T07:22:28,SESS-18775,SYN-U-10294,CREDIT_ENGINE,CREDIT_READINESS_ASSESSMENT,xgb_credit_evaluate,REF-SYN-U-10294-HASH-0332,credit_score=79,SUCCESS,24.46,credit-xgb-1.0.0
AI-LOG-100820,2026-09-26T07:34:54,SESS-33659,SYN-U-17306,ANOMALY_ENGINE,BEHAVIORAL_OUTLIER_SCAN,iforest_score,REF-SYN-U-17306-HASH-0333,anomaly_flag=0,SUCCESS,18.83,anomaly-iforest-1.0.0
AI-LOG-100821,2026-09-26T07:51:03,SESS-96538,SYN-U-16799,ANOMALY_ENGINE,BEHAVIORAL_OUTLIER_SCAN,iforest_score,REF-SYN-U-16799-HASH-0334,anomaly_flag=0,SUCCESS,10.98,anomaly-iforest-1.0.0
AI-LOG-100822,2026-09-26T09:28:25,SESS-31711,SYN-U-12630,ANOMALY_ENGINE,BEHAVIORAL_OUTLIER_SCAN,iforest_score,REF-SYN-U-12630-HASH-0335,anomaly_flag=0,SUCCESS,6.83,anomaly-iforest-1.0.0
AI-LOG-100823,2026-09-26T09:44:11,SESS-13851,SYN-U-17685,FRAUD_ENGINE,TRANSACTION_RISK_SCORING,xgb_fraud_predict,REF-SYN-U-17685-HASH-0336,risk_score=80,SUCCESS,17.22,fraud-xgb-1.0.0
AI-LOG-100824,2026-09-26T09:50:24,SESS-17877,SYN-U-19370,VOICE_AI,VOICE_INTENT_DISPATCH,get_balance,REF-SYN-U-19370-HASH-0337,tool_dispatched=get_balance,SUCCESS,233.67,voice-agent-v1
AI-LOG-100825,2026-09-26T10:07:14,SESS-60709,SYN-U-11065,FRAUD_ENGINE,TRANSACTION_RISK_SCORING,xgb_fraud_predict,REF-SYN-U-11065-HASH-0338,risk_score=28,SUCCESS,18.16,fraud-xgb-1.0.0
AI-LOG-100826,2026-09-26T10:10:06,SESS-73396,SYN-U-18072,FRAUD_ENGINE,TRANSACTION_RISK_SCORING,xgb_fraud_predict,REF-SYN-U-18072-HASH-0339,risk_score=82,SUCCESS,17.92,fraud-xgb-1.0.0
AI-LOG-100827,2026-09-26T10:43:40,SESS-30639,SYN-U-19004,ANOMALY_ENGINE,BEHAVIORAL_OUTLIER_SCAN,iforest_score,REF-SYN-U-19004-HASH-033A,anomaly_flag=0,SUCCESS,6.05,anomaly-iforest-1.0.0
AI-LOG-100828,2026-09-26T11:25:48,SESS-83908,SYN-U-10938,VOICE_AI,VOICE_INTENT_DISPATCH,get_transaction,REF-SYN-U-10938-HASH-033B,tool_dispatched=get_transaction,SUCCESS,215.58,voice-agent-v1
AI-LOG-100829,2026-09-26T11:34:13,SESS-54414,SYN-U-16712,CREDIT_ENGINE,CREDIT_READINESS_ASSESSMENT,xgb_credit_evaluate,REF-SYN-U-16712-HASH-033C,credit_score=86,SUCCESS,40.2,credit-xgb-1.0.0
AI-LOG-100830,2026-09-26T13:41:19,SESS-76324,SYN-U-16630,VOICE_AI,VOICE_INTENT_DISPATCH,get_transaction,REF-SYN-U-16630-HASH-033D,tool_dispatched=get_transaction,SUCCESS,181.55,voice-agent-v1
AI-LOG-100831,2026-09-26T14:44:43,SESS-20668,SYN-U-10820,FRAUD_ENGINE,TRANSACTION_RISK_SCORING,xgb_fraud_predict,REF-SYN-U-10820-HASH-033E,risk_score=61,SUCCESS,17.11,fraud-xgb-1.0.0
AI-LOG-100832,2026-09-26T14:53:52,SESS-41866,SYN-U-13413,VOICE_AI,VOICE_INTENT_DISPATCH,get_transaction,REF-SYN-U-13413-HASH-033F,tool_dispatched=get_transaction,SUCCESS,213.65,voice-agent-v1
AI-LOG-100833,2026-09-26T15:04:16,SESS-89339,SYN-U-19455,VOICE_AI,VOICE_INTENT_DISPATCH,get_balance,REF-SYN-U-19455-HASH-0340,tool_dispatched=get_balance,SUCCESS,211.58,voice-agent-v1
AI-LOG-100834,2026-09-26T15:40:47,SESS-95672,SYN-U-10447,FRAUD_ENGINE,TRANSACTION_RISK_SCORING,xgb_fraud_predict,REF-SYN-U-10447-HASH-0341,risk_score=93,SUCCESS,9.99,fraud-xgb-1.0.0
AI-LOG-100835,2026-09-26T15:59:56,SESS-34091,SYN-U-18718,REPORT_COPILOT,DISPUTE_SUMMARIZATION,case_copilot_summarize,REF-SYN-U-18718-HASH-0342,draft_summary_generated,SUCCESS,257.71,case-copilot-v1
AI-LOG-100836,2026-09-26T16:20:53,SESS-27067,SYN-U-11659,VOICE_AI,VOICE_INTENT_DISPATCH,get_balance,REF-SYN-U-11659-HASH-0343,tool_dispatched=get_balance,SUCCESS,171.26,voice-agent-v1
AI-LOG-100837,2026-09-26T16:36:02,SESS-55103,SYN-U-14459,ANOMALY_ENGINE,BEHAVIORAL_OUTLIER_SCAN,iforest_score,REF-SYN-U-14459-HASH-0344,anomaly_flag=0,SUCCESS,14.92,anomaly-iforest-1.0.0
AI-LOG-100838,2026-09-26T17:25:41,SESS-71433,SYN-U-14041,FRAUD_ENGINE,TRANSACTION_RISK_SCORING,xgb_fraud_predict,REF-SYN-U-14041-HASH-0345,risk_score=84,SUCCESS,20.17,fraud-xgb-1.0.0
AI-LOG-100839,2026-09-26T17:57:25,SESS-14934,SYN-U-17117,FRAUD_ENGINE,TRANSACTION_RISK_SCORING,xgb_fraud_predict,REF-SYN-U-17117-HASH-0346,risk_score=66,FLAGGED,10.69,fraud-xgb-1.0.0
AI-LOG-100840,2026-09-26T19:43:36,SESS-75323,SYN-U-10957,CREDIT_ENGINE,CREDIT_READINESS_ASSESSMENT,xgb_credit_evaluate,REF-SYN-U-10957-HASH-0347,credit_score=43,SUCCESS,24.18,credit-xgb-1.0.0
AI-LOG-100841,2026-09-26T19:57:55,SESS-29300,SYN-U-10464,CREDIT_ENGINE,CREDIT_READINESS_ASSESSMENT,xgb_credit_evaluate,REF-SYN-U-10464-HASH-0348,credit_score=83,SUCCESS,23.02,credit-xgb-1.0.0
AI-LOG-100842,2026-09-26T23:29:17,SESS-45300,SYN-U-13804,REPORT_COPILOT,DISPUTE_SUMMARIZATION,case_copilot_summarize,REF-SYN-U-13804-HASH-0349,draft_summary_generated,SUCCESS,237.14,case-copilot-v1
AI-LOG-100843,2026-09-26T23:35:31,SESS-82911,SYN-U-10988,ANOMALY_ENGINE,BEHAVIORAL_OUTLIER_SCAN,iforest_score,REF-SYN-U-10988-HASH-034A,anomaly_flag=0,SUCCESS,14.55,anomaly-iforest-1.0.0
AI-LOG-100844,2026-09-27T00:35:37,SESS-49376,SYN-U-10861,VOICE_AI,VOICE_INTENT_DISPATCH,create_case,REF-SYN-U-10861-HASH-034B,tool_dispatched=create_case,SUCCESS,337.8,voice-agent-v1
AI-LOG-100845,2026-09-27T02:27:57,SESS-39714,SYN-U-10631,CREDIT_ENGINE,CREDIT_READINESS_ASSESSMENT,xgb_credit_evaluate,REF-SYN-U-10631-HASH-034C,credit_score=47,SUCCESS,29.61,credit-xgb-1.0.0
AI-LOG-100846,2026-09-27T02:48:53,SESS-71251,SYN-U-15619,FRAUD_ENGINE,TRANSACTION_RISK_SCORING,xgb_fraud_predict,REF-SYN-U-15619-HASH-034D,risk_score=87,SUCCESS,19.26,fraud-xgb-1.0.0
AI-LOG-100847,2026-09-27T03:17:45,SESS-52729,SYN-U-12169,VOICE_AI,VOICE_INTENT_DISPATCH,create_case,REF-SYN-U-12169-HASH-034E,tool_dispatched=create_case,SUCCESS,141.06,voice-agent-v1
AI-LOG-100848,2026-09-27T03:22:58,SESS-18467,SYN-U-17138,ANOMALY_ENGINE,BEHAVIORAL_OUTLIER_SCAN,iforest_score,REF-SYN-U-17138-HASH-034F,anomaly_flag=0,SUCCESS,5.9,anomaly-iforest-1.0.0
AI-LOG-100849,2026-09-27T05:04:15,SESS-77602,SYN-U-15027,ANOMALY_ENGINE,BEHAVIORAL_OUTLIER_SCAN,iforest_score,REF-SYN-U-15027-HASH-0350,anomaly_flag=0,SUCCESS,11.28,anomaly-iforest-1.0.0
AI-LOG-100850,2026-09-27T05:20:45,SESS-48149,SYN-U-11892,ANOMALY_ENGINE,BEHAVIORAL_OUTLIER_SCAN,iforest_score,REF-SYN-U-11892-HASH-0351,anomaly_flag=0,SUCCESS,16.8,anomaly-iforest-1.0.0
AI-LOG-100851,2026-09-27T05:41:21,SESS-76656,SYN-U-18521,ANOMALY_ENGINE,BEHAVIORAL_OUTLIER_SCAN,iforest_score,REF-SYN-U-18521-HASH-0352,anomaly_flag=0,SUCCESS,14.78,anomaly-iforest-1.0.0
AI-LOG-100852,2026-09-27T05:54:51,SESS-98551,SYN-U-17539,ANOMALY_ENGINE,BEHAVIORAL_OUTLIER_SCAN,iforest_score,REF-SYN-U-17539-HASH-0353,anomaly_flag=0,SUCCESS,7.38,anomaly-iforest-1.0.0
AI-LOG-100853,2026-09-27T05:56:47,SESS-78800,SYN-U-18923,ANOMALY_ENGINE,BEHAVIORAL_OUTLIER_SCAN,iforest_score,REF-SYN-U-18923-HASH-0354,anomaly_flag=0,SUCCESS,10.65,anomaly-iforest-1.0.0
AI-LOG-100854,2026-09-27T06:48:41,SESS-95666,SYN-U-11312,ANOMALY_ENGINE,BEHAVIORAL_OUTLIER_SCAN,iforest_score,REF-SYN-U-11312-HASH-0355,anomaly_flag=0,SUCCESS,7.71,anomaly-iforest-1.0.0
AI-LOG-100855,2026-09-27T06:49:43,SESS-73860,SYN-U-12356,REPORT_COPILOT,DISPUTE_SUMMARIZATION,case_copilot_summarize,REF-SYN-U-12356-HASH-0356,draft_summary_generated,SUCCESS,245.42,case-copilot-v1
AI-LOG-100856,2026-09-27T06:54:10,SESS-74792,SYN-U-11012,CREDIT_ENGINE,CREDIT_READINESS_ASSESSMENT,xgb_credit_evaluate,REF-SYN-U-11012-HASH-0357,credit_score=84,SUCCESS,28.71,credit-xgb-1.0.0
AI-LOG-100857,2026-09-27T07:14:39,SESS-87580,SYN-U-15383,ANOMALY_ENGINE,BEHAVIORAL_OUTLIER_SCAN,iforest_score,REF-SYN-U-15383-HASH-0358,anomaly_flag=0,SUCCESS,10.83,anomaly-iforest-1.0.0
AI-LOG-100858,2026-09-27T07:33:42,SESS-89364,SYN-U-16687,VOICE_AI,VOICE_INTENT_DISPATCH,get_transaction,REF-SYN-U-16687-HASH-0359,tool_dispatched=get_transaction,SUCCESS,185.63,voice-agent-v1
AI-LOG-100859,2026-09-27T07:57:22,SESS-15703,SYN-U-18519,ANOMALY_ENGINE,BEHAVIORAL_OUTLIER_SCAN,iforest_score,REF-SYN-U-18519-HASH-035A,anomaly_flag=0,SUCCESS,9.03,anomaly-iforest-1.0.0
AI-LOG-100860,2026-09-27T08:01:43,SESS-82374,SYN-U-14711,FRAUD_ENGINE,TRANSACTION_RISK_SCORING,xgb_fraud_predict,REF-SYN-U-14711-HASH-035B,risk_score=41,SUCCESS,14.68,fraud-xgb-1.0.0
AI-LOG-100861,2026-09-27T10:13:35,SESS-57129,SYN-U-16570,FRAUD_ENGINE,TRANSACTION_RISK_SCORING,xgb_fraud_predict,REF-SYN-U-16570-HASH-035C,risk_score=55,SUCCESS,11.1,fraud-xgb-1.0.0
AI-LOG-100862,2026-09-27T10:58:41,SESS-55997,SYN-U-14747,FRAUD_ENGINE,TRANSACTION_RISK_SCORING,xgb_fraud_predict,REF-SYN-U-14747-HASH-035D,risk_score=58,SUCCESS,21.84,fraud-xgb-1.0.0
AI-LOG-100863,2026-09-27T11:55:03,SESS-34388,SYN-U-14913,CREDIT_ENGINE,CREDIT_READINESS_ASSESSMENT,xgb_credit_evaluate,REF-SYN-U-14913-HASH-035E,credit_score=68,SUCCESS,26.53,credit-xgb-1.0.0
AI-LOG-100864,2026-09-27T12:07:42,SESS-90080,SYN-U-18768,FRAUD_ENGINE,TRANSACTION_RISK_SCORING,xgb_fraud_predict,REF-SYN-U-18768-HASH-035F,risk_score=43,FLAGGED,21.45,fraud-xgb-1.0.0
AI-LOG-100865,2026-09-27T12:17:44,SESS-47888,SYN-U-11343,CREDIT_ENGINE,CREDIT_READINESS_ASSESSMENT,xgb_credit_evaluate,REF-SYN-U-11343-HASH-0360,credit_score=75,SUCCESS,26.88,credit-xgb-1.0.0
AI-LOG-100866,2026-09-27T13:07:38,SESS-66524,SYN-U-10104,ANOMALY_ENGINE,BEHAVIORAL_OUTLIER_SCAN,iforest_score,REF-SYN-U-10104-HASH-0361,anomaly_flag=0,SUCCESS,6.53,anomaly-iforest-1.0.0
AI-LOG-100867,2026-09-27T13:42:31,SESS-69000,SYN-U-18329,FRAUD_ENGINE,TRANSACTION_RISK_SCORING,xgb_fraud_predict,REF-SYN-U-18329-HASH-0362,risk_score=34,SUCCESS,18.59,fraud-xgb-1.0.0
AI-LOG-100868,2026-09-27T14:02:29,SESS-44952,SYN-U-16786,ANOMALY_ENGINE,BEHAVIORAL_OUTLIER_SCAN,iforest_score,REF-SYN-U-16786-HASH-0363,anomaly_flag=0,SUCCESS,11.36,anomaly-iforest-1.0.0
AI-LOG-100869,2026-09-27T14:03:17,SESS-73918,SYN-U-17466,REPORT_COPILOT,DISPUTE_SUMMARIZATION,case_copilot_summarize,REF-SYN-U-17466-HASH-0364,draft_summary_generated,SUCCESS,196.75,case-copilot-v1
AI-LOG-100870,2026-09-27T14:15:06,SESS-80070,SYN-U-13461,FRAUD_ENGINE,TRANSACTION_RISK_SCORING,xgb_fraud_predict,REF-SYN-U-13461-HASH-0365,risk_score=31,SUCCESS,15.37,fraud-xgb-1.0.0
AI-LOG-100871,2026-09-27T14:32:39,SESS-64273,SYN-U-14367,VOICE_AI,VOICE_INTENT_DISPATCH,get_balance,REF-SYN-U-14367-HASH-0366,tool_dispatched=get_balance,SUCCESS,170.53,voice-agent-v1
AI-LOG-100872,2026-09-27T14:45:35,SESS-78331,SYN-U-13232,REPORT_COPILOT,DISPUTE_SUMMARIZATION,case_copilot_summarize,REF-SYN-U-13232-HASH-0367,draft_summary_generated,SUCCESS,240.78,case-copilot-v1
AI-LOG-100873,2026-09-27T14:46:06,SESS-16865,SYN-U-10326,CREDIT_ENGINE,CREDIT_READINESS_ASSESSMENT,xgb_credit_evaluate,REF-SYN-U-10326-HASH-0368,credit_score=94,SUCCESS,31.66,credit-xgb-1.0.0
AI-LOG-100874,2026-09-27T14:59:35,SESS-22710,SYN-U-12531,FRAUD_ENGINE,TRANSACTION_RISK_SCORING,xgb_fraud_predict,REF-SYN-U-12531-HASH-0369,risk_score=84,SUCCESS,15.66,fraud-xgb-1.0.0
AI-LOG-100875,2026-09-27T16:35:48,SESS-24994,SYN-U-19692,FRAUD_ENGINE,TRANSACTION_RISK_SCORING,xgb_fraud_predict,REF-SYN-U-19692-HASH-036A,risk_score=47,SUCCESS,16.65,fraud-xgb-1.0.0
AI-LOG-100876,2026-09-27T17:20:17,SESS-75629,SYN-U-19315,CREDIT_ENGINE,CREDIT_READINESS_ASSESSMENT,xgb_credit_evaluate,REF-SYN-U-19315-HASH-036B,credit_score=63,SUCCESS,23.37,credit-xgb-1.0.0
AI-LOG-100877,2026-09-27T18:18:38,SESS-15549,SYN-U-15325,CREDIT_ENGINE,CREDIT_READINESS_ASSESSMENT,xgb_credit_evaluate,REF-SYN-U-15325-HASH-036C,credit_score=71,SUCCESS,27.46,credit-xgb-1.0.0
AI-LOG-100878,2026-09-27T19:53:44,SESS-97832,SYN-U-11831,FRAUD_ENGINE,TRANSACTION_RISK_SCORING,xgb_fraud_predict,REF-SYN-U-11831-HASH-036D,risk_score=14,SUCCESS,11.76,fraud-xgb-1.0.0
AI-LOG-100879,2026-09-27T21:45:38,SESS-27072,SYN-U-12255,FRAUD_ENGINE,TRANSACTION_RISK_SCORING,xgb_fraud_predict,REF-SYN-U-12255-HASH-036E,risk_score=30,SUCCESS,18.0,fraud-xgb-1.0.0
AI-LOG-100880,2026-09-27T21:59:35,SESS-23586,SYN-U-14931,REPORT_COPILOT,DISPUTE_SUMMARIZATION,case_copilot_summarize,REF-SYN-U-14931-HASH-036F,draft_summary_generated,SUCCESS,165.14,case-copilot-v1
AI-LOG-100881,2026-09-27T22:28:24,SESS-35949,SYN-U-13845,VOICE_AI,VOICE_INTENT_DISPATCH,create_case,REF-SYN-U-13845-HASH-0370,tool_dispatched=create_case,SUCCESS,201.88,voice-agent-v1
AI-LOG-100882,2026-09-27T22:31:34,SESS-72779,SYN-U-19744,FRAUD_ENGINE,TRANSACTION_RISK_SCORING,xgb_fraud_predict,REF-SYN-U-19744-HASH-0371,risk_score=83,SUCCESS,13.96,fraud-xgb-1.0.0
AI-LOG-100883,2026-09-27T22:38:18,SESS-79010,SYN-U-11962,FRAUD_ENGINE,TRANSACTION_RISK_SCORING,xgb_fraud_predict,REF-SYN-U-11962-HASH-0372,risk_score=17,SUCCESS,23.09,fraud-xgb-1.0.0
AI-LOG-100884,2026-09-27T22:43:06,SESS-53897,SYN-U-16064,CREDIT_ENGINE,CREDIT_READINESS_ASSESSMENT,xgb_credit_evaluate,REF-SYN-U-16064-HASH-0373,credit_score=83,SUCCESS,22.07,credit-xgb-1.0.0
AI-LOG-100885,2026-09-27T22:55:02,SESS-29121,SYN-U-19043,CREDIT_ENGINE,CREDIT_READINESS_ASSESSMENT,xgb_credit_evaluate,REF-SYN-U-19043-HASH-0374,credit_score=84,SUCCESS,29.74,credit-xgb-1.0.0
AI-LOG-100886,2026-09-27T23:17:16,SESS-79644,SYN-U-10924,REPORT_COPILOT,DISPUTE_SUMMARIZATION,case_copilot_summarize,REF-SYN-U-10924-HASH-0375,draft_summary_generated,SUCCESS,248.33,case-copilot-v1
AI-LOG-100887,2026-09-28T00:20:33,SESS-73269,SYN-U-17944,ANOMALY_ENGINE,BEHAVIORAL_OUTLIER_SCAN,iforest_score,REF-SYN-U-17944-HASH-0376,anomaly_flag=0,SUCCESS,12.43,anomaly-iforest-1.0.0
AI-LOG-100888,2026-09-28T02:49:58,SESS-68796,SYN-U-12602,REPORT_COPILOT,DISPUTE_SUMMARIZATION,case_copilot_summarize,REF-SYN-U-12602-HASH-0377,draft_summary_generated,SUCCESS,184.92,case-copilot-v1
AI-LOG-100889,2026-09-28T03:03:09,SESS-69746,SYN-U-19505,CREDIT_ENGINE,CREDIT_READINESS_ASSESSMENT,xgb_credit_evaluate,REF-SYN-U-19505-HASH-0378,credit_score=97,SUCCESS,29.56,credit-xgb-1.0.0
AI-LOG-100890,2026-09-28T04:06:03,SESS-94052,SYN-U-10215,VOICE_AI,VOICE_INTENT_DISPATCH,get_transaction,REF-SYN-U-10215-HASH-0379,tool_dispatched=get_transaction,SUCCESS,217.89,voice-agent-v1
AI-LOG-100891,2026-09-28T04:06:38,SESS-76811,SYN-U-13624,FRAUD_ENGINE,TRANSACTION_RISK_SCORING,xgb_fraud_predict,REF-SYN-U-13624-HASH-037A,risk_score=47,SUCCESS,23.15,fraud-xgb-1.0.0
AI-LOG-100892,2026-09-28T04:13:08,SESS-54035,SYN-U-19157,ANOMALY_ENGINE,BEHAVIORAL_OUTLIER_SCAN,iforest_score,REF-SYN-U-19157-HASH-037B,anomaly_flag=0,SUCCESS,14.97,anomaly-iforest-1.0.0
AI-LOG-100893,2026-09-28T04:20:07,SESS-52313,SYN-U-10411,REPORT_COPILOT,DISPUTE_SUMMARIZATION,case_copilot_summarize,REF-SYN-U-10411-HASH-037C,draft_summary_generated,SUCCESS,166.12,case-copilot-v1
AI-LOG-100894,2026-09-28T04:45:41,SESS-99171,SYN-U-18215,REPORT_COPILOT,DISPUTE_SUMMARIZATION,case_copilot_summarize,REF-SYN-U-18215-HASH-037D,draft_summary_generated,SUCCESS,139.18,case-copilot-v1
AI-LOG-100895,2026-09-28T05:14:11,SESS-48948,SYN-U-19417,FRAUD_ENGINE,TRANSACTION_RISK_SCORING,xgb_fraud_predict,REF-SYN-U-19417-HASH-037E,risk_score=46,SUCCESS,20.13,fraud-xgb-1.0.0
AI-LOG-100896,2026-09-28T05:18:48,SESS-67046,SYN-U-12776,FRAUD_ENGINE,TRANSACTION_RISK_SCORING,xgb_fraud_predict,REF-SYN-U-12776-HASH-037F,risk_score=76,SUCCESS,19.57,fraud-xgb-1.0.0
AI-LOG-100897,2026-09-28T06:31:03,SESS-42757,SYN-U-17025,FRAUD_ENGINE,TRANSACTION_RISK_SCORING,xgb_fraud_predict,REF-SYN-U-17025-HASH-0380,risk_score=19,SUCCESS,17.02,fraud-xgb-1.0.0
AI-LOG-100898,2026-09-28T06:34:30,SESS-21365,SYN-U-10996,VOICE_AI,VOICE_INTENT_DISPATCH,get_transaction,REF-SYN-U-10996-HASH-0381,tool_dispatched=get_transaction,SUCCESS,195.67,voice-agent-v1
AI-LOG-100899,2026-09-28T06:38:11,SESS-41610,SYN-U-12529,CREDIT_ENGINE,CREDIT_READINESS_ASSESSMENT,xgb_credit_evaluate,REF-SYN-U-12529-HASH-0382,credit_score=56,SUCCESS,17.76,credit-xgb-1.0.0
AI-LOG-100900,2026-09-28T06:43:36,SESS-79531,SYN-U-10991,FRAUD_ENGINE,TRANSACTION_RISK_SCORING,xgb_fraud_predict,REF-SYN-U-10991-HASH-0383,risk_score=17,FLAGGED,13.46,fraud-xgb-1.0.0
AI-LOG-100901,2026-09-28T07:20:12,SESS-28012,SYN-U-17125,FRAUD_ENGINE,TRANSACTION_RISK_SCORING,xgb_fraud_predict,REF-SYN-U-17125-HASH-0384,risk_score=76,SUCCESS,15.8,fraud-xgb-1.0.0
AI-LOG-100902,2026-09-28T07:43:12,SESS-77606,SYN-U-11757,VOICE_AI,VOICE_INTENT_DISPATCH,get_balance,REF-SYN-U-11757-HASH-0385,tool_dispatched=get_balance,SUCCESS,127.46,voice-agent-v1
AI-LOG-100903,2026-09-28T08:46:18,SESS-75138,SYN-U-14750,REPORT_COPILOT,DISPUTE_SUMMARIZATION,case_copilot_summarize,REF-SYN-U-14750-HASH-0386,draft_summary_generated,SUCCESS,241.01,case-copilot-v1
AI-LOG-100904,2026-09-28T09:26:57,SESS-20838,SYN-U-16405,VOICE_AI,VOICE_INTENT_DISPATCH,get_balance,REF-SYN-U-16405-HASH-0387,tool_dispatched=get_balance,SUCCESS,143.71,voice-agent-v1
AI-LOG-100905,2026-09-28T10:01:32,SESS-26966,SYN-U-14909,ANOMALY_ENGINE,BEHAVIORAL_OUTLIER_SCAN,iforest_score,REF-SYN-U-14909-HASH-0388,anomaly_flag=0,SUCCESS,15.86,anomaly-iforest-1.0.0
AI-LOG-100906,2026-09-28T10:58:47,SESS-53025,SYN-U-13174,CREDIT_ENGINE,CREDIT_READINESS_ASSESSMENT,xgb_credit_evaluate,REF-SYN-U-13174-HASH-0389,credit_score=65,SUCCESS,26.68,credit-xgb-1.0.0
AI-LOG-100907,2026-09-28T11:18:37,SESS-32432,SYN-U-11360,VOICE_AI,VOICE_INTENT_DISPATCH,get_balance,REF-SYN-U-11360-HASH-038A,tool_dispatched=get_balance,SUCCESS,99.29,voice-agent-v1
AI-LOG-100908,2026-09-28T11:54:16,SESS-94088,SYN-U-13468,FRAUD_ENGINE,TRANSACTION_RISK_SCORING,xgb_fraud_predict,REF-SYN-U-13468-HASH-038B,risk_score=52,BLOCKED,12.05,fraud-xgb-1.0.0
AI-LOG-100909,2026-09-28T13:42:21,SESS-13800,SYN-U-12390,REPORT_COPILOT,DISPUTE_SUMMARIZATION,case_copilot_summarize,REF-SYN-U-12390-HASH-038C,draft_summary_generated,SUCCESS,258.07,case-copilot-v1
AI-LOG-100910,2026-09-28T15:25:12,SESS-47729,SYN-U-17097,FRAUD_ENGINE,TRANSACTION_RISK_SCORING,xgb_fraud_predict,REF-SYN-U-17097-HASH-038D,risk_score=68,SUCCESS,19.6,fraud-xgb-1.0.0
AI-LOG-100911,2026-09-28T15:31:29,SESS-97982,SYN-U-13329,VOICE_AI,VOICE_INTENT_DISPATCH,get_balance,REF-SYN-U-13329-HASH-038E,tool_dispatched=get_balance,SUCCESS,107.29,voice-agent-v1
AI-LOG-100912,2026-09-28T16:22:54,SESS-93387,SYN-U-17150,CREDIT_ENGINE,CREDIT_READINESS_ASSESSMENT,xgb_credit_evaluate,REF-SYN-U-17150-HASH-038F,credit_score=43,SUCCESS,23.57,credit-xgb-1.0.0
AI-LOG-100913,2026-09-28T16:23:41,SESS-28529,SYN-U-13258,ANOMALY_ENGINE,BEHAVIORAL_OUTLIER_SCAN,iforest_score,REF-SYN-U-13258-HASH-0390,anomaly_flag=0,SUCCESS,16.48,anomaly-iforest-1.0.0
AI-LOG-100914,2026-09-28T16:50:10,SESS-84165,SYN-U-14857,ANOMALY_ENGINE,BEHAVIORAL_OUTLIER_SCAN,iforest_score,REF-SYN-U-14857-HASH-0391,anomaly_flag=0,SUCCESS,14.47,anomaly-iforest-1.0.0
AI-LOG-100915,2026-09-28T18:59:58,SESS-49901,SYN-U-13392,ANOMALY_ENGINE,BEHAVIORAL_OUTLIER_SCAN,iforest_score,REF-SYN-U-13392-HASH-0392,anomaly_flag=0,SUCCESS,16.48,anomaly-iforest-1.0.0
AI-LOG-100916,2026-09-28T19:34:36,SESS-92245,SYN-U-11028,VOICE_AI,VOICE_INTENT_DISPATCH,get_balance,REF-SYN-U-11028-HASH-0393,tool_dispatched=get_balance,SUCCESS,238.11,voice-agent-v1
AI-LOG-100917,2026-09-28T20:29:48,SESS-24488,SYN-U-12025,FRAUD_ENGINE,TRANSACTION_RISK_SCORING,xgb_fraud_predict,REF-SYN-U-12025-HASH-0394,risk_score=31,SUCCESS,17.35,fraud-xgb-1.0.0
AI-LOG-100918,2026-09-28T20:39:49,SESS-41577,SYN-U-19480,REPORT_COPILOT,DISPUTE_SUMMARIZATION,case_copilot_summarize,REF-SYN-U-19480-HASH-0395,draft_summary_generated,SUCCESS,247.09,case-copilot-v1
AI-LOG-100919,2026-09-28T22:49:44,SESS-72795,SYN-U-18410,REPORT_COPILOT,DISPUTE_SUMMARIZATION,case_copilot_summarize,REF-SYN-U-18410-HASH-0396,draft_summary_generated,SUCCESS,250.62,case-copilot-v1
AI-LOG-100920,2026-09-28T23:23:37,SESS-58282,SYN-U-11837,FRAUD_ENGINE,TRANSACTION_RISK_SCORING,xgb_fraud_predict,REF-SYN-U-11837-HASH-0397,risk_score=41,SUCCESS,14.03,fraud-xgb-1.0.0
AI-LOG-100921,2026-09-29T00:19:02,SESS-90896,SYN-U-12079,FRAUD_ENGINE,TRANSACTION_RISK_SCORING,xgb_fraud_predict,REF-SYN-U-12079-HASH-0398,risk_score=24,SUCCESS,27.23,fraud-xgb-1.0.0
AI-LOG-100922,2026-09-29T00:59:42,SESS-57894,SYN-U-16619,VOICE_AI,VOICE_INTENT_DISPATCH,get_transaction,REF-SYN-U-16619-HASH-0399,tool_dispatched=get_transaction,SUCCESS,190.22,voice-agent-v1
AI-LOG-100923,2026-09-29T01:08:44,SESS-73539,SYN-U-18075,FRAUD_ENGINE,TRANSACTION_RISK_SCORING,xgb_fraud_predict,REF-SYN-U-18075-HASH-039A,risk_score=22,SUCCESS,22.74,fraud-xgb-1.0.0
AI-LOG-100924,2026-09-29T03:13:51,SESS-42779,SYN-U-14286,ANOMALY_ENGINE,BEHAVIORAL_OUTLIER_SCAN,iforest_score,REF-SYN-U-14286-HASH-039B,anomaly_flag=0,SUCCESS,11.83,anomaly-iforest-1.0.0
AI-LOG-100925,2026-09-29T03:17:47,SESS-59360,SYN-U-16705,FRAUD_ENGINE,TRANSACTION_RISK_SCORING,xgb_fraud_predict,REF-SYN-U-16705-HASH-039C,risk_score=59,SUCCESS,13.83,fraud-xgb-1.0.0
AI-LOG-100926,2026-09-29T03:50:03,SESS-17163,SYN-U-11093,VOICE_AI,VOICE_INTENT_DISPATCH,get_transaction,REF-SYN-U-11093-HASH-039D,tool_dispatched=get_transaction,SUCCESS,164.59,voice-agent-v1
AI-LOG-100927,2026-09-29T04:40:33,SESS-49156,SYN-U-12566,ANOMALY_ENGINE,BEHAVIORAL_OUTLIER_SCAN,iforest_score,REF-SYN-U-12566-HASH-039E,anomaly_flag=0,SUCCESS,4.79,anomaly-iforest-1.0.0
AI-LOG-100928,2026-09-29T05:43:25,SESS-41438,SYN-U-12768,ANOMALY_ENGINE,BEHAVIORAL_OUTLIER_SCAN,iforest_score,REF-SYN-U-12768-HASH-039F,anomaly_flag=1,FLAGGED,16.71,anomaly-iforest-1.0.0
AI-LOG-100929,2026-09-29T06:28:32,SESS-39576,SYN-U-10400,FRAUD_ENGINE,TRANSACTION_RISK_SCORING,xgb_fraud_predict,REF-SYN-U-10400-HASH-03A0,risk_score=45,SUCCESS,16.4,fraud-xgb-1.0.0
AI-LOG-100930,2026-09-29T06:31:10,SESS-68933,SYN-U-12056,VOICE_AI,VOICE_INTENT_DISPATCH,create_case,REF-SYN-U-12056-HASH-03A1,tool_dispatched=create_case,SUCCESS,171.08,voice-agent-v1
AI-LOG-100931,2026-09-29T07:34:56,SESS-57004,SYN-U-18611,CREDIT_ENGINE,CREDIT_READINESS_ASSESSMENT,xgb_credit_evaluate,REF-SYN-U-18611-HASH-03A2,credit_score=44,SUCCESS,27.72,credit-xgb-1.0.0
AI-LOG-100932,2026-09-29T08:20:10,SESS-60388,SYN-U-14134,FRAUD_ENGINE,TRANSACTION_RISK_SCORING,xgb_fraud_predict,REF-SYN-U-14134-HASH-03A3,risk_score=6,SUCCESS,21.67,fraud-xgb-1.0.0
AI-LOG-100933,2026-09-29T08:21:48,SESS-24754,SYN-U-18927,ANOMALY_ENGINE,BEHAVIORAL_OUTLIER_SCAN,iforest_score,REF-SYN-U-18927-HASH-03A4,anomaly_flag=0,SUCCESS,10.36,anomaly-iforest-1.0.0
AI-LOG-100934,2026-09-29T08:43:57,SESS-47223,SYN-U-10339,CREDIT_ENGINE,CREDIT_READINESS_ASSESSMENT,xgb_credit_evaluate,REF-SYN-U-10339-HASH-03A5,credit_score=75,SUCCESS,31.57,credit-xgb-1.0.0
AI-LOG-100935,2026-09-29T09:27:18,SESS-58843,SYN-U-11947,CREDIT_ENGINE,CREDIT_READINESS_ASSESSMENT,xgb_credit_evaluate,REF-SYN-U-11947-HASH-03A6,credit_score=43,SUCCESS,22.07,credit-xgb-1.0.0
AI-LOG-100936,2026-09-29T09:52:26,SESS-97523,SYN-U-16708,VOICE_AI,VOICE_INTENT_DISPATCH,create_case,REF-SYN-U-16708-HASH-03A7,tool_dispatched=create_case,SUCCESS,173.24,voice-agent-v1
AI-LOG-100937,2026-09-29T10:04:18,SESS-21162,SYN-U-14205,FRAUD_ENGINE,TRANSACTION_RISK_SCORING,xgb_fraud_predict,REF-SYN-U-14205-HASH-03A8,risk_score=18,SUCCESS,25.09,fraud-xgb-1.0.0
AI-LOG-100938,2026-09-29T10:35:41,SESS-31016,SYN-U-11554,CREDIT_ENGINE,CREDIT_READINESS_ASSESSMENT,xgb_credit_evaluate,REF-SYN-U-11554-HASH-03A9,credit_score=67,SUCCESS,31.55,credit-xgb-1.0.0
AI-LOG-100939,2026-09-29T11:12:00,SESS-86971,SYN-U-10287,FRAUD_ENGINE,TRANSACTION_RISK_SCORING,xgb_fraud_predict,REF-SYN-U-10287-HASH-03AA,risk_score=94,SUCCESS,13.62,fraud-xgb-1.0.0
AI-LOG-100940,2026-09-29T12:01:04,SESS-80440,SYN-U-10290,FRAUD_ENGINE,TRANSACTION_RISK_SCORING,xgb_fraud_predict,REF-SYN-U-10290-HASH-03AB,risk_score=67,SUCCESS,10.15,fraud-xgb-1.0.0
AI-LOG-100941,2026-09-29T12:42:07,SESS-52859,SYN-U-17531,REPORT_COPILOT,DISPUTE_SUMMARIZATION,case_copilot_summarize,REF-SYN-U-17531-HASH-03AC,draft_summary_generated,SUCCESS,185.49,case-copilot-v1
AI-LOG-100942,2026-09-29T12:43:43,SESS-90379,SYN-U-13732,ANOMALY_ENGINE,BEHAVIORAL_OUTLIER_SCAN,iforest_score,REF-SYN-U-13732-HASH-03AD,anomaly_flag=0,SUCCESS,16.76,anomaly-iforest-1.0.0
AI-LOG-100943,2026-09-29T13:22:34,SESS-55854,SYN-U-16876,REPORT_COPILOT,DISPUTE_SUMMARIZATION,case_copilot_summarize,REF-SYN-U-16876-HASH-03AE,draft_summary_generated,SUCCESS,278.04,case-copilot-v1
AI-LOG-100944,2026-09-29T13:31:13,SESS-53279,SYN-U-11651,VOICE_AI,VOICE_INTENT_DISPATCH,create_case,REF-SYN-U-11651-HASH-03AF,tool_dispatched=create_case,SUCCESS,188.8,voice-agent-v1
AI-LOG-100945,2026-09-29T15:03:51,SESS-15033,SYN-U-10064,CREDIT_ENGINE,CREDIT_READINESS_ASSESSMENT,xgb_credit_evaluate,REF-SYN-U-10064-HASH-03B0,credit_score=64,SUCCESS,15.36,credit-xgb-1.0.0
AI-LOG-100946,2026-09-29T15:34:06,SESS-94815,SYN-U-15402,VOICE_AI,VOICE_INTENT_DISPATCH,get_balance,REF-SYN-U-15402-HASH-03B1,tool_dispatched=get_balance,SUCCESS,169.18,voice-agent-v1
AI-LOG-100947,2026-09-29T15:54:47,SESS-41756,SYN-U-16275,FRAUD_ENGINE,TRANSACTION_RISK_SCORING,xgb_fraud_predict,REF-SYN-U-16275-HASH-03B2,risk_score=89,SUCCESS,18.57,fraud-xgb-1.0.0
AI-LOG-100948,2026-09-29T16:23:41,SESS-89515,SYN-U-14015,FRAUD_ENGINE,TRANSACTION_RISK_SCORING,xgb_fraud_predict,REF-SYN-U-14015-HASH-03B3,risk_score=76,SUCCESS,20.97,fraud-xgb-1.0.0
AI-LOG-100949,2026-09-29T18:12:17,SESS-72066,SYN-U-16086,REPORT_COPILOT,DISPUTE_SUMMARIZATION,case_copilot_summarize,REF-SYN-U-16086-HASH-03B4,draft_summary_generated,SUCCESS,201.96,case-copilot-v1
AI-LOG-100950,2026-09-29T18:26:25,SESS-86906,SYN-U-17320,ANOMALY_ENGINE,BEHAVIORAL_OUTLIER_SCAN,iforest_score,REF-SYN-U-17320-HASH-03B5,anomaly_flag=1,FLAGGED,11.74,anomaly-iforest-1.0.0
AI-LOG-100951,2026-09-29T19:52:46,SESS-64505,SYN-U-16074,ANOMALY_ENGINE,BEHAVIORAL_OUTLIER_SCAN,iforest_score,REF-SYN-U-16074-HASH-03B6,anomaly_flag=0,SUCCESS,13.46,anomaly-iforest-1.0.0
AI-LOG-100952,2026-09-29T22:13:00,SESS-11839,SYN-U-12900,FRAUD_ENGINE,TRANSACTION_RISK_SCORING,xgb_fraud_predict,REF-SYN-U-12900-HASH-03B7,risk_score=36,SUCCESS,14.11,fraud-xgb-1.0.0
AI-LOG-100953,2026-09-29T22:42:16,SESS-82797,SYN-U-10728,ANOMALY_ENGINE,BEHAVIORAL_OUTLIER_SCAN,iforest_score,REF-SYN-U-10728-HASH-03B8,anomaly_flag=0,SUCCESS,17.53,anomaly-iforest-1.0.0
AI-LOG-100954,2026-09-29T22:52:17,SESS-79873,SYN-U-11918,CREDIT_ENGINE,CREDIT_READINESS_ASSESSMENT,xgb_credit_evaluate,REF-SYN-U-11918-HASH-03B9,credit_score=71,SUCCESS,33.68,credit-xgb-1.0.0
AI-LOG-100955,2026-09-29T22:58:49,SESS-83807,SYN-U-17487,ANOMALY_ENGINE,BEHAVIORAL_OUTLIER_SCAN,iforest_score,REF-SYN-U-17487-HASH-03BA,anomaly_flag=0,SUCCESS,15.21,anomaly-iforest-1.0.0
AI-LOG-100956,2026-09-29T23:00:41,SESS-99318,SYN-U-19619,ANOMALY_ENGINE,BEHAVIORAL_OUTLIER_SCAN,iforest_score,REF-SYN-U-19619-HASH-03BB,anomaly_flag=0,SUCCESS,9.42,anomaly-iforest-1.0.0
AI-LOG-100957,2026-09-29T23:05:23,SESS-17732,SYN-U-16114,ANOMALY_ENGINE,BEHAVIORAL_OUTLIER_SCAN,iforest_score,REF-SYN-U-16114-HASH-03BC,anomaly_flag=1,FLAGGED,16.9,anomaly-iforest-1.0.0
AI-LOG-100958,2026-09-29T23:54:20,SESS-64910,SYN-U-18990,FRAUD_ENGINE,TRANSACTION_RISK_SCORING,xgb_fraud_predict,REF-SYN-U-18990-HASH-03BD,risk_score=85,SUCCESS,27.54,fraud-xgb-1.0.0
AI-LOG-100959,2026-09-30T01:22:02,SESS-35175,SYN-U-15552,VOICE_AI,VOICE_INTENT_DISPATCH,get_balance,REF-SYN-U-15552-HASH-03BE,tool_dispatched=get_balance,SUCCESS,196.13,voice-agent-v1
AI-LOG-100960,2026-09-30T01:41:51,SESS-51734,SYN-U-16482,FRAUD_ENGINE,TRANSACTION_RISK_SCORING,xgb_fraud_predict,REF-SYN-U-16482-HASH-03BF,risk_score=74,SUCCESS,18.73,fraud-xgb-1.0.0
AI-LOG-100961,2026-09-30T01:53:35,SESS-24278,SYN-U-11751,CREDIT_ENGINE,CREDIT_READINESS_ASSESSMENT,xgb_credit_evaluate,REF-SYN-U-11751-HASH-03C0,credit_score=89,SUCCESS,26.12,credit-xgb-1.0.0
AI-LOG-100962,2026-09-30T02:02:47,SESS-95851,SYN-U-11285,FRAUD_ENGINE,TRANSACTION_RISK_SCORING,xgb_fraud_predict,REF-SYN-U-11285-HASH-03C1,risk_score=44,BLOCKED,15.69,fraud-xgb-1.0.0
AI-LOG-100963,2026-09-30T02:38:37,SESS-43780,SYN-U-19429,ANOMALY_ENGINE,BEHAVIORAL_OUTLIER_SCAN,iforest_score,REF-SYN-U-19429-HASH-03C2,anomaly_flag=0,SUCCESS,11.58,anomaly-iforest-1.0.0
AI-LOG-100964,2026-09-30T03:10:40,SESS-21358,SYN-U-18089,ANOMALY_ENGINE,BEHAVIORAL_OUTLIER_SCAN,iforest_score,REF-SYN-U-18089-HASH-03C3,anomaly_flag=1,FLAGGED,10.35,anomaly-iforest-1.0.0
AI-LOG-100965,2026-09-30T04:18:13,SESS-52140,SYN-U-17195,FRAUD_ENGINE,TRANSACTION_RISK_SCORING,xgb_fraud_predict,REF-SYN-U-17195-HASH-03C4,risk_score=25,SUCCESS,24.14,fraud-xgb-1.0.0
AI-LOG-100966,2026-09-30T04:32:17,SESS-47037,SYN-U-18114,ANOMALY_ENGINE,BEHAVIORAL_OUTLIER_SCAN,iforest_score,REF-SYN-U-18114-HASH-03C5,anomaly_flag=0,SUCCESS,12.15,anomaly-iforest-1.0.0
AI-LOG-100967,2026-09-30T04:45:05,SESS-91687,SYN-U-14600,ANOMALY_ENGINE,BEHAVIORAL_OUTLIER_SCAN,iforest_score,REF-SYN-U-14600-HASH-03C6,anomaly_flag=0,SUCCESS,11.27,anomaly-iforest-1.0.0
AI-LOG-100968,2026-09-30T04:59:06,SESS-34965,SYN-U-10083,ANOMALY_ENGINE,BEHAVIORAL_OUTLIER_SCAN,iforest_score,REF-SYN-U-10083-HASH-03C7,anomaly_flag=0,SUCCESS,12.92,anomaly-iforest-1.0.0
AI-LOG-100969,2026-09-30T05:17:10,SESS-41668,SYN-U-12467,ANOMALY_ENGINE,BEHAVIORAL_OUTLIER_SCAN,iforest_score,REF-SYN-U-12467-HASH-03C8,anomaly_flag=0,SUCCESS,12.47,anomaly-iforest-1.0.0
AI-LOG-100970,2026-09-30T05:51:48,SESS-91257,SYN-U-13537,FRAUD_ENGINE,TRANSACTION_RISK_SCORING,xgb_fraud_predict,REF-SYN-U-13537-HASH-03C9,risk_score=79,SUCCESS,14.35,fraud-xgb-1.0.0
AI-LOG-100971,2026-09-30T06:24:08,SESS-34330,SYN-U-11188,FRAUD_ENGINE,TRANSACTION_RISK_SCORING,xgb_fraud_predict,REF-SYN-U-11188-HASH-03CA,risk_score=92,SUCCESS,15.77,fraud-xgb-1.0.0
AI-LOG-100972,2026-09-30T06:26:14,SESS-68581,SYN-U-18948,CREDIT_ENGINE,CREDIT_READINESS_ASSESSMENT,xgb_credit_evaluate,REF-SYN-U-18948-HASH-03CB,credit_score=78,SUCCESS,19.32,credit-xgb-1.0.0
AI-LOG-100973,2026-09-30T07:26:26,SESS-45700,SYN-U-19821,ANOMALY_ENGINE,BEHAVIORAL_OUTLIER_SCAN,iforest_score,REF-SYN-U-19821-HASH-03CC,anomaly_flag=0,SUCCESS,8.61,anomaly-iforest-1.0.0
AI-LOG-100974,2026-09-30T08:10:55,SESS-62111,SYN-U-16704,ANOMALY_ENGINE,BEHAVIORAL_OUTLIER_SCAN,iforest_score,REF-SYN-U-16704-HASH-03CD,anomaly_flag=1,FLAGGED,12.2,anomaly-iforest-1.0.0
AI-LOG-100975,2026-09-30T08:35:55,SESS-30512,SYN-U-10846,FRAUD_ENGINE,TRANSACTION_RISK_SCORING,xgb_fraud_predict,REF-SYN-U-10846-HASH-03CE,risk_score=43,SUCCESS,16.24,fraud-xgb-1.0.0
AI-LOG-100976,2026-09-30T10:16:20,SESS-35167,SYN-U-17942,FRAUD_ENGINE,TRANSACTION_RISK_SCORING,xgb_fraud_predict,REF-SYN-U-17942-HASH-03CF,risk_score=6,SUCCESS,21.0,fraud-xgb-1.0.0
AI-LOG-100977,2026-09-30T11:24:40,SESS-26346,SYN-U-13848,REPORT_COPILOT,DISPUTE_SUMMARIZATION,case_copilot_summarize,REF-SYN-U-13848-HASH-03D0,draft_summary_generated,SUCCESS,201.17,case-copilot-v1
AI-LOG-100978,2026-09-30T11:40:23,SESS-78491,SYN-U-15541,FRAUD_ENGINE,TRANSACTION_RISK_SCORING,xgb_fraud_predict,REF-SYN-U-15541-HASH-03D1,risk_score=70,SUCCESS,19.35,fraud-xgb-1.0.0
AI-LOG-100979,2026-09-30T12:01:34,SESS-77005,SYN-U-13640,REPORT_COPILOT,DISPUTE_SUMMARIZATION,case_copilot_summarize,REF-SYN-U-13640-HASH-03D2,draft_summary_generated,SUCCESS,176.07,case-copilot-v1
AI-LOG-100980,2026-09-30T12:14:33,SESS-12192,SYN-U-19177,FRAUD_ENGINE,TRANSACTION_RISK_SCORING,xgb_fraud_predict,REF-SYN-U-19177-HASH-03D3,risk_score=81,SUCCESS,20.52,fraud-xgb-1.0.0
AI-LOG-100981,2026-09-30T12:37:15,SESS-42718,SYN-U-18811,VOICE_AI,VOICE_INTENT_DISPATCH,get_balance,REF-SYN-U-18811-HASH-03D4,tool_dispatched=get_balance,SUCCESS,132.69,voice-agent-v1
AI-LOG-100982,2026-09-30T13:52:07,SESS-94820,SYN-U-11960,FRAUD_ENGINE,TRANSACTION_RISK_SCORING,xgb_fraud_predict,REF-SYN-U-11960-HASH-03D5,risk_score=25,FLAGGED,17.83,fraud-xgb-1.0.0
AI-LOG-100983,2026-09-30T14:12:44,SESS-46910,SYN-U-15584,VOICE_AI,VOICE_INTENT_DISPATCH,get_balance,REF-SYN-U-15584-HASH-03D6,tool_dispatched=get_balance,SUCCESS,175.44,voice-agent-v1
AI-LOG-100984,2026-09-30T14:36:34,SESS-70774,SYN-U-10532,ANOMALY_ENGINE,BEHAVIORAL_OUTLIER_SCAN,iforest_score,REF-SYN-U-10532-HASH-03D7,anomaly_flag=1,FLAGGED,12.47,anomaly-iforest-1.0.0
AI-LOG-100985,2026-09-30T14:58:53,SESS-97735,SYN-U-12102,FRAUD_ENGINE,TRANSACTION_RISK_SCORING,xgb_fraud_predict,REF-SYN-U-12102-HASH-03D8,risk_score=78,SUCCESS,13.74,fraud-xgb-1.0.0
AI-LOG-100986,2026-09-30T15:16:49,SESS-36942,SYN-U-13835,ANOMALY_ENGINE,BEHAVIORAL_OUTLIER_SCAN,iforest_score,REF-SYN-U-13835-HASH-03D9,anomaly_flag=0,SUCCESS,12.13,anomaly-iforest-1.0.0
AI-LOG-100987,2026-09-30T16:08:02,SESS-20274,SYN-U-16022,FRAUD_ENGINE,TRANSACTION_RISK_SCORING,xgb_fraud_predict,REF-SYN-U-16022-HASH-03DA,risk_score=13,SUCCESS,19.93,fraud-xgb-1.0.0
AI-LOG-100988,2026-09-30T16:33:03,SESS-43786,SYN-U-11736,ANOMALY_ENGINE,BEHAVIORAL_OUTLIER_SCAN,iforest_score,REF-SYN-U-11736-HASH-03DB,anomaly_flag=0,SUCCESS,11.92,anomaly-iforest-1.0.0
AI-LOG-100989,2026-09-30T17:53:30,SESS-16937,SYN-U-17016,FRAUD_ENGINE,TRANSACTION_RISK_SCORING,xgb_fraud_predict,REF-SYN-U-17016-HASH-03DC,risk_score=34,SUCCESS,14.52,fraud-xgb-1.0.0
AI-LOG-100990,2026-09-30T18:34:37,SESS-55541,SYN-U-12478,FRAUD_ENGINE,TRANSACTION_RISK_SCORING,xgb_fraud_predict,REF-SYN-U-12478-HASH-03DD,risk_score=8,SUCCESS,19.08,fraud-xgb-1.0.0
AI-LOG-100991,2026-09-30T19:26:33,SESS-15093,SYN-U-13227,VOICE_AI,VOICE_INTENT_DISPATCH,create_case,REF-SYN-U-13227-HASH-03DE,tool_dispatched=create_case,SUCCESS,231.06,voice-agent-v1
AI-LOG-100992,2026-09-30T19:50:53,SESS-72612,SYN-U-15120,CREDIT_ENGINE,CREDIT_READINESS_ASSESSMENT,xgb_credit_evaluate,REF-SYN-U-15120-HASH-03DF,credit_score=48,SUCCESS,15.52,credit-xgb-1.0.0
AI-LOG-100993,2026-09-30T20:30:31,SESS-80097,SYN-U-11181,FRAUD_ENGINE,TRANSACTION_RISK_SCORING,xgb_fraud_predict,REF-SYN-U-11181-HASH-03E0,risk_score=67,SUCCESS,20.02,fraud-xgb-1.0.0
AI-LOG-100994,2026-09-30T20:45:32,SESS-33241,SYN-U-19917,ANOMALY_ENGINE,BEHAVIORAL_OUTLIER_SCAN,iforest_score,REF-SYN-U-19917-HASH-03E1,anomaly_flag=0,SUCCESS,14.75,anomaly-iforest-1.0.0
AI-LOG-100995,2026-09-30T20:49:15,SESS-44667,SYN-U-19352,VOICE_AI,VOICE_INTENT_DISPATCH,get_balance,REF-SYN-U-19352-HASH-03E2,tool_dispatched=get_balance,SUCCESS,236.04,voice-agent-v1
AI-LOG-100996,2026-09-30T21:08:04,SESS-93541,SYN-U-19262,FRAUD_ENGINE,TRANSACTION_RISK_SCORING,xgb_fraud_predict,REF-SYN-U-19262-HASH-03E3,risk_score=10,SUCCESS,14.65,fraud-xgb-1.0.0
AI-LOG-100997,2026-09-30T21:26:02,SESS-42878,SYN-U-18236,REPORT_COPILOT,DISPUTE_SUMMARIZATION,case_copilot_summarize,REF-SYN-U-18236-HASH-03E4,draft_summary_generated,SUCCESS,108.41,case-copilot-v1
AI-LOG-100998,2026-09-30T21:52:08,SESS-67718,SYN-U-10500,ANOMALY_ENGINE,BEHAVIORAL_OUTLIER_SCAN,iforest_score,REF-SYN-U-10500-HASH-03E5,anomaly_flag=0,SUCCESS,15.11,anomaly-iforest-1.0.0
AI-LOG-100999,2026-09-30T22:52:31,SESS-68986,SYN-U-15057,ANOMALY_ENGINE,BEHAVIORAL_OUTLIER_SCAN,iforest_score,REF-SYN-U-15057-HASH-03E6,anomaly_flag=0,SUCCESS,12.32,anomaly-iforest-1.0.0
AI-LOG-101000,2026-09-30T23:43:48,SESS-81251,SYN-U-14676,REPORT_COPILOT,DISPUTE_SUMMARIZATION,case_copilot_summarize,REF-SYN-U-14676-HASH-03E7,draft_summary_generated,SUCCESS,170.43,case-copilot-v1
