complaint_id,customer_id,created_at,complaint_text,category,priority,assigned_team,initial_status,resolution_type,resolution_time_minutes,escalated
SYN-CMP-10001,SYN-U-12787,2026-01-01T03:55:16,International online transaction toggle keeps turning off automatically in settings.,CARD,MEDIUM,CARD_SERVICES,RECEIVED,REFUNDED,516,0
SYN-CMP-10002,SYN-U-16288,2026-01-01T05:36:22,Agent deducted fee but the cash-out transaction timed out without dispensing cash.,CASH_OUT,MEDIUM,TRANSACTION_OPERATIONS,RECEIVED,EXPLAINED,1199,0
SYN-CMP-10003,SYN-U-18735,2026-01-01T05:38:54,NID verification pending for more than 48 hours.,ACCOUNT,LOW,DISPUTES,RECEIVED,EXPLAINED,2431,0
SYN-CMP-10004,SYN-U-15494,2026-01-01T07:20:11,"Payment to merchant showed failed on app, but BDT 1,200 deducted from my Upay balance.",PAYMENT,HIGH,TRANSACTION_OPERATIONS,RECEIVED,REFUNDED,1513,0
SYN-CMP-10005,SYN-U-13289,2026-01-01T08:16:58,Money was deducted from my account but the grocery merchant did not receive payment confirmation.,PAYMENT,MEDIUM,TRANSACTION_OPERATIONS,RECEIVED,REFUNDED,1566,0
SYN-CMP-10006,SYN-U-13318,2026-01-01T09:44:55,"Suspicious login notification received from unfamiliar device, someone tried to cash out.",FRAUD,CRITICAL,FRAUD_INVESTIGATION,RECEIVED,REVERSED,2863,1
SYN-CMP-10007,SYN-U-19180,2026-01-01T09:46:07,Money was deducted from my account but the grocery merchant did not receive payment confirmation.,PAYMENT,MEDIUM,TRANSACTION_OPERATIONS,RECEIVED,REVERSED,849,0
SYN-CMP-10008,SYN-U-16457,2026-01-01T10:26:29,App says account dormant even though I received funds two weeks ago.,ACCOUNT,MEDIUM,DISPUTES,RECEIVED,IN_PROGRESS,404,0
SYN-CMP-10009,SYN-U-10369,2026-01-01T16:35:25,Upay mobile app crashes immediately on splash screen after latest update.,TECHNICAL,LOW,TECH_SUPPORT,RECEIVED,REFUNDED,1308,0
SYN-CMP-10010,SYN-U-19843,2026-01-01T19:29:59,Partial refund received instead of full transaction amount.,REFUND,MEDIUM,DISPUTES,RECEIVED,REFUNDED,1208,0
SYN-CMP-10011,SYN-U-18125,2026-01-01T20:06:06,NID verification pending for more than 48 hours.,ACCOUNT,LOW,DISPUTES,RECEIVED,IN_PROGRESS,2164,0
SYN-CMP-10012,SYN-U-14099,2026-01-01T21:30:29,Biometric fingerprint login is not working on my new Android device.,ACCOUNT,MEDIUM,DISPUTES,RECEIVED,IN_PROGRESS,651,0
SYN-CMP-10013,SYN-U-19651,2026-01-01T21:34:41,International online transaction toggle keeps turning off automatically in settings.,CARD,LOW,CARD_SERVICES,RECEIVED,REVERSED,652,0
SYN-CMP-10014,SYN-U-13101,2026-01-01T23:42:34,Endorsement limit not updating after submitting updated passport copy.,CARD,MEDIUM,CARD_SERVICES,RECEIVED,EXPLAINED,1163,0
SYN-CMP-10015,SYN-U-10551,2026-01-02T00:00:21,Card charged USD 45.00 for an online software transaction that I cancelled.,CARD,LOW,CARD_SERVICES,RECEIVED,REFUNDED,951,0
SYN-CMP-10016,SYN-U-16485,2026-01-02T00:31:51,Duplicate payment charged for the same restaurant QR transaction.,PAYMENT,MEDIUM,TRANSACTION_OPERATIONS,RECEIVED,EXPLAINED,794,0
SYN-CMP-10017,SYN-U-11368,2026-01-02T00:35:38,E-commerce merchant payment processed twice during checkout.,PAYMENT,LOW,TRANSACTION_OPERATIONS,RECEIVED,EXPLAINED,1181,0
SYN-CMP-10018,SYN-U-14718,2026-01-02T01:08:08,"Payment to merchant showed failed on app, but BDT 1,200 deducted from my Upay balance.",PAYMENT,MEDIUM,TRANSACTION_OPERATIONS,RECEIVED,REVERSED,321,0
SYN-CMP-10019,SYN-U-13527,2026-01-02T03:54:35,Bank deposit to Upay wallet via internet banking hasn't reflected after 4 hours.,TRANSFER,MEDIUM,TRANSACTION_OPERATIONS,RECEIVED,EXPLAINED,2262,0
SYN-CMP-10020,SYN-U-17341,2026-01-02T04:03:34,"Payment to merchant showed failed on app, but BDT 1,200 deducted from my Upay balance.",PAYMENT,HIGH,TRANSACTION_OPERATIONS,RECEIVED,REVERSED,643,0
SYN-CMP-10021,SYN-U-12215,2026-01-02T04:36:47,"Payment to merchant showed failed on app, but BDT 1,200 deducted from my Upay balance.",PAYMENT,HIGH,TRANSACTION_OPERATIONS,RECEIVED,EXPLAINED,2707,0
SYN-CMP-10022,SYN-U-10970,2026-01-02T05:12:21,International online transaction toggle keeps turning off automatically in settings.,CARD,MEDIUM,CARD_SERVICES,RECEIVED,EXPLAINED,175,0
SYN-CMP-10023,SYN-U-15350,2026-01-02T06:24:22,"Paid utility electricity bill through app yesterday, but bill status still shows unpaid.",PAYMENT,HIGH,TRANSACTION_OPERATIONS,RECEIVED,REFUNDED,1350,0
SYN-CMP-10024,SYN-U-13007,2026-01-02T07:46:45,Need clarification on loyalty reward cashback points calculation.,OTHER,LOW,DISPUTES,RECEIVED,DECLINED,1502,0
SYN-CMP-10025,SYN-U-18880,2026-01-02T11:05:30,Cash-out fee charged higher than standard 1.4% rate at the agent point.,CASH_OUT,MEDIUM,TRANSACTION_OPERATIONS,RECEIVED,REFUNDED,771,0
SYN-CMP-10026,SYN-U-11009,2026-01-02T11:51:24,Biometric fingerprint login is not working on my new Android device.,ACCOUNT,MEDIUM,DISPUTES,RECEIVED,REFUNDED,2040,0
SYN-CMP-10027,SYN-U-15966,2026-01-02T12:06:24,"Fund transfer to my linked commercial bank account failed, money not credited yet.",TRANSFER,LOW,TRANSACTION_OPERATIONS,RECEIVED,EXPLAINED,753,0
SYN-CMP-10028,SYN-U-19983,2026-01-02T13:38:15,Biometric fingerprint login is not working on my new Android device.,ACCOUNT,MEDIUM,DISPUTES,RECEIVED,EXPLAINED,1970,0
SYN-CMP-10029,SYN-U-14712,2026-01-02T13:56:01,Network connection error occurred during transaction processing screen.,TECHNICAL,MEDIUM,TECH_SUPPORT,RECEIVED,EXPLAINED,1119,0
SYN-CMP-10030,SYN-U-18369,2026-01-02T14:03:31,Money was deducted from my account but the grocery merchant did not receive payment confirmation.,PAYMENT,LOW,TRANSACTION_OPERATIONS,RECEIVED,EXPLAINED,1837,0
SYN-CMP-10031,SYN-U-16038,2026-01-02T14:17:27,Network connection error occurred during transaction processing screen.,TECHNICAL,LOW,TECH_SUPPORT,RECEIVED,EXPLAINED,29,0
SYN-CMP-10032,SYN-U-10507,2026-01-02T14:48:12,Card charged USD 45.00 for an online software transaction that I cancelled.,CARD,MEDIUM,CARD_SERVICES,RECEIVED,UNBLOCK_ACCOUNT,116,0
SYN-CMP-10033,SYN-U-12880,2026-01-02T15:24:40,"Merchant initiated refund 5 business days ago, but balance is not credited.",REFUND,LOW,DISPUTES,RECEIVED,REFUNDED,2153,0
SYN-CMP-10034,SYN-U-12891,2026-01-02T17:09:43,Duplicate payment charged for the same restaurant QR transaction.,PAYMENT,LOW,TRANSACTION_OPERATIONS,RECEIVED,REFUNDED,802,0
SYN-CMP-10035,SYN-U-12746,2026-01-02T18:38:20,E-commerce merchant payment processed twice during checkout.,PAYMENT,MEDIUM,TRANSACTION_OPERATIONS,RECEIVED,EXPLAINED,2868,0
SYN-CMP-10036,SYN-U-18437,2026-01-02T18:43:11,"Payment to merchant showed failed on app, but BDT 1,200 deducted from my Upay balance.",PAYMENT,HIGH,TRANSACTION_OPERATIONS,RECEIVED,REFUNDED,245,0
SYN-CMP-10037,SYN-U-18088,2026-01-02T20:34:00,Money was deducted from my account but the grocery merchant did not receive payment confirmation.,PAYMENT,MEDIUM,TRANSACTION_OPERATIONS,RECEIVED,EXPLAINED,2596,0
SYN-CMP-10038,SYN-U-19620,2026-01-02T20:49:57,Phishing message led to account takeover and repeated cash-out attempts.,FRAUD,CRITICAL,FRAUD_INVESTIGATION,RECEIVED,REFUNDED,553,1
SYN-CMP-10039,SYN-U-17559,2026-01-03T01:00:55,"Unauthorized send money transaction of BDT 15,000 sent from my account at 3:00 AM.",FRAUD,CRITICAL,FRAUD_INVESTIGATION,RECEIVED,REFUNDED,1252,0
SYN-CMP-10040,SYN-U-11863,2026-01-03T02:38:30,E-commerce merchant payment processed twice during checkout.,PAYMENT,MEDIUM,TRANSACTION_OPERATIONS,RECEIVED,EXPLAINED,689,0
SYN-CMP-10041,SYN-U-15856,2026-01-03T03:14:57,E-commerce merchant payment processed twice during checkout.,PAYMENT,LOW,TRANSACTION_OPERATIONS,RECEIVED,REFUNDED,320,0
SYN-CMP-10042,SYN-U-17057,2026-01-03T05:22:34,Phishing message led to account takeover and repeated cash-out attempts.,FRAUD,HIGH,FRAUD_INVESTIGATION,RECEIVED,UNBLOCK_ACCOUNT,2248,1
SYN-CMP-10043,SYN-U-16193,2026-01-03T06:13:10,Card charged USD 45.00 for an online software transaction that I cancelled.,CARD,MEDIUM,CARD_SERVICES,RECEIVED,REFUNDED,685,0
SYN-CMP-10044,SYN-U-19571,2026-01-03T11:15:50,"Received a scam call asking for OTP, shortly after BDT 8,500 was transferred out.",FRAUD,CRITICAL,FRAUD_INVESTIGATION,RECEIVED,REFUNDED,1749,1
SYN-CMP-10045,SYN-U-19198,2026-01-03T12:16:35,"Merchant initiated refund 5 business days ago, but balance is not credited.",REFUND,LOW,DISPUTES,RECEIVED,REFUNDED,2348,0
SYN-CMP-10046,SYN-U-11774,2026-01-03T15:22:09,E-commerce merchant payment processed twice during checkout.,PAYMENT,HIGH,TRANSACTION_OPERATIONS,RECEIVED,UNBLOCK_ACCOUNT,2272,1
SYN-CMP-10047,SYN-U-10603,2026-01-03T15:45:59,Inter-wallet transfer delayed during peak evening banking clearing hour.,TRANSFER,LOW,TRANSACTION_OPERATIONS,RECEIVED,EXPLAINED,2561,0
SYN-CMP-10048,SYN-U-15885,2026-01-03T15:47:51,"Received a scam call asking for OTP, shortly after BDT 8,500 was transferred out.",FRAUD,CRITICAL,FRAUD_INVESTIGATION,RECEIVED,EXPLAINED,721,0
SYN-CMP-10049,SYN-U-12884,2026-01-03T16:40:32,"Accidentally transferred BDT 3,500 to a wrong mobile number.",TRANSFER,MEDIUM,TRANSACTION_OPERATIONS,RECEIVED,REVERSED,1728,0
SYN-CMP-10050,SYN-U-18471,2026-01-03T18:32:03,"Payment to merchant showed failed on app, but BDT 1,200 deducted from my Upay balance.",PAYMENT,LOW,TRANSACTION_OPERATIONS,RECEIVED,IN_PROGRESS,1753,0
SYN-CMP-10051,SYN-U-12904,2026-01-03T19:02:17,Partial refund received instead of full transaction amount.,REFUND,LOW,DISPUTES,RECEIVED,DECLINED,1282,0
SYN-CMP-10052,SYN-U-14962,2026-01-03T20:00:24,Partial refund received instead of full transaction amount.,REFUND,LOW,DISPUTES,RECEIVED,EXPLAINED,1752,0
SYN-CMP-10053,SYN-U-17175,2026-01-03T20:11:17,Card charged USD 45.00 for an online software transaction that I cancelled.,CARD,MEDIUM,CARD_SERVICES,RECEIVED,IN_PROGRESS,830,0
SYN-CMP-10054,SYN-U-12107,2026-01-03T22:19:55,Cancelled e-commerce order refund amount is missing BDT 250 processing fee.,REFUND,LOW,DISPUTES,RECEIVED,EXPLAINED,164,0
SYN-CMP-10055,SYN-U-11382,2026-01-03T22:21:25,"Payment to merchant showed failed on app, but BDT 1,200 deducted from my Upay balance.",PAYMENT,MEDIUM,TRANSACTION_OPERATIONS,RECEIVED,IN_PROGRESS,1141,0
SYN-CMP-10056,SYN-U-11591,2026-01-03T23:52:46,Inquiry regarding upcoming Eid merchant promo discounts.,OTHER,LOW,DISPUTES,RECEIVED,EXPLAINED,559,0
SYN-CMP-10057,SYN-U-14096,2026-01-04T02:06:50,Money was deducted from my account but the grocery merchant did not receive payment confirmation.,PAYMENT,HIGH,TRANSACTION_OPERATIONS,RECEIVED,EXPLAINED,939,0
SYN-CMP-10058,SYN-U-10307,2026-01-04T02:36:13,Inter-wallet transfer delayed during peak evening banking clearing hour.,TRANSFER,MEDIUM,TRANSACTION_OPERATIONS,RECEIVED,REFUNDED,1702,0
SYN-CMP-10059,SYN-U-12730,2026-01-04T08:18:42,E-commerce merchant payment processed twice during checkout.,PAYMENT,HIGH,TRANSACTION_OPERATIONS,RECEIVED,REFUNDED,1969,0
SYN-CMP-10060,SYN-U-16725,2026-01-04T10:14:19,Network connection error occurred during transaction processing screen.,TECHNICAL,LOW,TECH_SUPPORT,RECEIVED,REFUNDED,412,0
SYN-CMP-10061,SYN-U-12776,2026-01-04T10:30:17,NID verification pending for more than 48 hours.,ACCOUNT,MEDIUM,DISPUTES,RECEIVED,EXPLAINED,2361,0
SYN-CMP-10062,SYN-U-14270,2026-01-04T11:47:34,Bank deposit to Upay wallet via internet banking hasn't reflected after 4 hours.,TRANSFER,LOW,TRANSACTION_OPERATIONS,RECEIVED,EXPLAINED,1099,0
SYN-CMP-10063,SYN-U-11518,2026-01-04T12:29:46,"Unauthorized send money transaction of BDT 15,000 sent from my account at 3:00 AM.",FRAUD,HIGH,FRAUD_INVESTIGATION,RECEIVED,DECLINED,199,1
SYN-CMP-10064,SYN-U-16950,2026-01-04T12:35:26,Upay mobile app crashes immediately on splash screen after latest update.,TECHNICAL,LOW,TECH_SUPPORT,RECEIVED,REFUNDED,1705,0
SYN-CMP-10065,SYN-U-16762,2026-01-04T12:58:46,Upay mobile app crashes immediately on splash screen after latest update.,TECHNICAL,LOW,TECH_SUPPORT,RECEIVED,REVERSED,1879,0
SYN-CMP-10066,SYN-U-19483,2026-01-04T13:28:52,NID verification pending for more than 48 hours.,ACCOUNT,LOW,DISPUTES,RECEIVED,UNBLOCK_ACCOUNT,1406,0
SYN-CMP-10067,SYN-U-14452,2026-01-04T14:08:40,Partial refund received instead of full transaction amount.,REFUND,LOW,DISPUTES,RECEIVED,REFUNDED,2346,0
SYN-CMP-10068,SYN-U-11769,2026-01-04T16:21:10,Cancelled e-commerce order refund amount is missing BDT 250 processing fee.,REFUND,LOW,DISPUTES,RECEIVED,DECLINED,1577,0
SYN-CMP-10069,SYN-U-17470,2026-01-04T16:26:03,SMS OTP is taking over 5 minutes to arrive during login attempt.,TECHNICAL,LOW,TECH_SUPPORT,RECEIVED,EXPLAINED,498,0
SYN-CMP-10070,SYN-U-10637,2026-01-04T17:22:42,Phishing message led to account takeover and repeated cash-out attempts.,FRAUD,HIGH,FRAUD_INVESTIGATION,RECEIVED,EXPLAINED,97,0
SYN-CMP-10071,SYN-U-10293,2026-01-04T17:26:47,Cancelled e-commerce order refund amount is missing BDT 250 processing fee.,REFUND,LOW,DISPUTES,RECEIVED,IN_PROGRESS,2656,0
SYN-CMP-10072,SYN-U-11035,2026-01-04T18:25:35,Phishing message led to account takeover and repeated cash-out attempts.,FRAUD,CRITICAL,FRAUD_INVESTIGATION,RECEIVED,REFUNDED,1823,1
SYN-CMP-10073,SYN-U-15180,2026-01-04T18:57:03,Network connection error occurred during transaction processing screen.,TECHNICAL,MEDIUM,TECH_SUPPORT,RECEIVED,REFUNDED,2243,0
SYN-CMP-10074,SYN-U-10618,2026-01-04T19:06:01,Network connection error occurred during transaction processing screen.,TECHNICAL,LOW,TECH_SUPPORT,RECEIVED,UNBLOCK_ACCOUNT,2257,0
SYN-CMP-10075,SYN-U-11899,2026-01-04T19:21:08,My account has been temporarily restricted after entering wrong PIN 3 times.,ACCOUNT,MEDIUM,DISPUTES,RECEIVED,REFUNDED,1052,0
SYN-CMP-10076,SYN-U-19353,2026-01-04T19:50:21,Card charged USD 45.00 for an online software transaction that I cancelled.,CARD,LOW,CARD_SERVICES,RECEIVED,IN_PROGRESS,325,0
SYN-CMP-10077,SYN-U-19598,2026-01-04T20:45:39,"Received a scam call asking for OTP, shortly after BDT 8,500 was transferred out.",FRAUD,CRITICAL,FRAUD_INVESTIGATION,RECEIVED,EXPLAINED,866,0
SYN-CMP-10078,SYN-U-15732,2026-01-04T20:45:46,Inquiry regarding upcoming Eid merchant promo discounts.,OTHER,LOW,DISPUTES,RECEIVED,EXPLAINED,47,0
SYN-CMP-10079,SYN-U-10272,2026-01-04T22:35:44,"Failed cash out attempt at agent, but funds debited from balance.",CASH_OUT,LOW,TRANSACTION_OPERATIONS,RECEIVED,REFUNDED,360,0
SYN-CMP-10080,SYN-U-12145,2026-01-05T01:51:43,"Suspicious login notification received from unfamiliar device, someone tried to cash out.",FRAUD,CRITICAL,FRAUD_INVESTIGATION,RECEIVED,REVERSED,1466,0
SYN-CMP-10081,SYN-U-13467,2026-01-05T02:23:15,Agent deducted fee but the cash-out transaction timed out without dispensing cash.,CASH_OUT,MEDIUM,TRANSACTION_OPERATIONS,RECEIVED,REFUNDED,318,0
SYN-CMP-10082,SYN-U-17003,2026-01-05T04:50:38,"Payment to merchant showed failed on app, but BDT 1,200 deducted from my Upay balance.",PAYMENT,LOW,TRANSACTION_OPERATIONS,RECEIVED,REVERSED,2527,0
SYN-CMP-10083,SYN-U-16830,2026-01-05T05:15:04,Inquiry regarding upcoming Eid merchant promo discounts.,OTHER,MEDIUM,DISPUTES,RECEIVED,REFUNDED,873,0
SYN-CMP-10084,SYN-U-11184,2026-01-05T05:15:56,"Fund transfer to my linked commercial bank account failed, money not credited yet.",TRANSFER,LOW,TRANSACTION_OPERATIONS,RECEIVED,REFUNDED,1268,0
SYN-CMP-10085,SYN-U-11333,2026-01-05T07:51:48,"Paid utility electricity bill through app yesterday, but bill status still shows unpaid.",PAYMENT,MEDIUM,TRANSACTION_OPERATIONS,RECEIVED,REFUNDED,848,0
SYN-CMP-10086,SYN-U-17584,2026-01-05T09:49:34,Want to temporarily freeze my physical card due to lost wallet.,CARD,MEDIUM,CARD_SERVICES,RECEIVED,EXPLAINED,868,0
SYN-CMP-10087,SYN-U-12367,2026-01-05T10:50:36,"Payment to merchant showed failed on app, but BDT 1,200 deducted from my Upay balance.",PAYMENT,MEDIUM,TRANSACTION_OPERATIONS,RECEIVED,REFUNDED,1702,0
SYN-CMP-10088,SYN-U-17382,2026-01-05T11:41:06,Duplicate payment charged for the same restaurant QR transaction.,PAYMENT,MEDIUM,TRANSACTION_OPERATIONS,RECEIVED,EXPLAINED,2055,0
SYN-CMP-10089,SYN-U-15480,2026-01-05T15:19:33,E-commerce merchant payment processed twice during checkout.,PAYMENT,HIGH,TRANSACTION_OPERATIONS,RECEIVED,DECLINED,2037,1
SYN-CMP-10090,SYN-U-17067,2026-01-05T15:37:09,"Accidentally transferred BDT 3,500 to a wrong mobile number.",TRANSFER,LOW,TRANSACTION_OPERATIONS,RECEIVED,DECLINED,348,0
SYN-CMP-10091,SYN-U-13337,2026-01-05T16:02:51,"Paid utility electricity bill through app yesterday, but bill status still shows unpaid.",PAYMENT,HIGH,TRANSACTION_OPERATIONS,RECEIVED,REFUNDED,670,1
SYN-CMP-10092,SYN-U-13522,2026-01-05T16:13:00,Upay mobile app crashes immediately on splash screen after latest update.,TECHNICAL,LOW,TECH_SUPPORT,RECEIVED,EXPLAINED,1838,0
SYN-CMP-10093,SYN-U-11909,2026-01-05T20:03:49,Cash-out fee charged higher than standard 1.4% rate at the agent point.,CASH_OUT,LOW,TRANSACTION_OPERATIONS,RECEIVED,REFUNDED,1981,0
SYN-CMP-10094,SYN-U-18280,2026-01-05T22:35:41,Bank deposit to Upay wallet via internet banking hasn't reflected after 4 hours.,TRANSFER,LOW,TRANSACTION_OPERATIONS,RECEIVED,EXPLAINED,142,0
SYN-CMP-10095,SYN-U-14180,2026-01-05T22:36:55,"Payment to merchant showed failed on app, but BDT 1,200 deducted from my Upay balance.",PAYMENT,LOW,TRANSACTION_OPERATIONS,RECEIVED,REVERSED,2672,0
SYN-CMP-10096,SYN-U-12191,2026-01-05T23:28:58,International online transaction toggle keeps turning off automatically in settings.,CARD,LOW,CARD_SERVICES,RECEIVED,REVERSED,63,0
SYN-CMP-10097,SYN-U-15673,2026-01-06T00:17:14,E-commerce merchant payment processed twice during checkout.,PAYMENT,HIGH,TRANSACTION_OPERATIONS,RECEIVED,UNBLOCK_ACCOUNT,508,0
SYN-CMP-10098,SYN-U-12234,2026-01-06T00:51:18,"Paid utility electricity bill through app yesterday, but bill status still shows unpaid.",PAYMENT,LOW,TRANSACTION_OPERATIONS,RECEIVED,REFUNDED,1247,0
SYN-CMP-10099,SYN-U-10811,2026-01-06T03:00:21,Phishing message led to account takeover and repeated cash-out attempts.,FRAUD,CRITICAL,FRAUD_INVESTIGATION,RECEIVED,EXPLAINED,681,0
SYN-CMP-10100,SYN-U-12643,2026-01-06T09:52:01,Duplicate payment charged for the same restaurant QR transaction.,PAYMENT,MEDIUM,TRANSACTION_OPERATIONS,RECEIVED,REVERSED,2700,0
SYN-CMP-10101,SYN-U-11629,2026-01-06T10:35:18,Duplicate payment charged for the same restaurant QR transaction.,PAYMENT,MEDIUM,TRANSACTION_OPERATIONS,RECEIVED,EXPLAINED,525,0
SYN-CMP-10102,SYN-U-16510,2026-01-06T10:59:59,Agent confirmed cash-out successful on terminal but I did not receive SMS confirmation.,CASH_OUT,MEDIUM,TRANSACTION_OPERATIONS,RECEIVED,EXPLAINED,1121,0
SYN-CMP-10103,SYN-U-13449,2026-01-06T13:34:02,"Payment to merchant showed failed on app, but BDT 1,200 deducted from my Upay balance.",PAYMENT,HIGH,TRANSACTION_OPERATIONS,RECEIVED,EXPLAINED,330,0
SYN-CMP-10104,SYN-U-11972,2026-01-06T14:40:54,Requesting official annual account statement for tax filing purposes.,OTHER,MEDIUM,DISPUTES,RECEIVED,EXPLAINED,2455,0
SYN-CMP-10105,SYN-U-11308,2026-01-06T16:39:09,"Merchant initiated refund 5 business days ago, but balance is not credited.",REFUND,LOW,DISPUTES,RECEIVED,REVERSED,1694,0
SYN-CMP-10106,SYN-U-13207,2026-01-06T17:21:59,My account has been temporarily restricted after entering wrong PIN 3 times.,ACCOUNT,LOW,DISPUTES,RECEIVED,REFUNDED,328,0
SYN-CMP-10107,SYN-U-18914,2026-01-06T19:34:03,Inquiry regarding upcoming Eid merchant promo discounts.,OTHER,LOW,DISPUTES,RECEIVED,REFUNDED,1304,0
SYN-CMP-10108,SYN-U-12795,2026-01-06T19:37:07,E-commerce merchant payment processed twice during checkout.,PAYMENT,HIGH,TRANSACTION_OPERATIONS,RECEIVED,DECLINED,1761,1
SYN-CMP-10109,SYN-U-15140,2026-01-06T20:07:41,"Accidentally transferred BDT 3,500 to a wrong mobile number.",TRANSFER,LOW,TRANSACTION_OPERATIONS,RECEIVED,EXPLAINED,2001,0
SYN-CMP-10110,SYN-U-16227,2026-01-06T20:34:56,"Paid utility electricity bill through app yesterday, but bill status still shows unpaid.",PAYMENT,MEDIUM,TRANSACTION_OPERATIONS,RECEIVED,EXPLAINED,2143,0
SYN-CMP-10111,SYN-U-19418,2026-01-06T23:43:05,"Fund transfer to my linked commercial bank account failed, money not credited yet.",TRANSFER,MEDIUM,TRANSACTION_OPERATIONS,RECEIVED,IN_PROGRESS,2074,0
SYN-CMP-10112,SYN-U-18951,2026-01-07T00:31:37,Inter-wallet transfer delayed during peak evening banking clearing hour.,TRANSFER,MEDIUM,TRANSACTION_OPERATIONS,RECEIVED,REFUNDED,985,0
SYN-CMP-10113,SYN-U-16840,2026-01-07T02:52:40,Duplicate payment charged for the same restaurant QR transaction.,PAYMENT,MEDIUM,TRANSACTION_OPERATIONS,RECEIVED,UNBLOCK_ACCOUNT,502,0
SYN-CMP-10114,SYN-U-11483,2026-01-07T04:44:28,Phishing message led to account takeover and repeated cash-out attempts.,FRAUD,CRITICAL,FRAUD_INVESTIGATION,RECEIVED,EXPLAINED,2622,1
SYN-CMP-10115,SYN-U-18675,2026-01-07T09:43:15,Inquiry regarding upcoming Eid merchant promo discounts.,OTHER,LOW,DISPUTES,RECEIVED,EXPLAINED,2852,0
SYN-CMP-10116,SYN-U-13145,2026-01-07T10:56:56,"Fund transfer to my linked commercial bank account failed, money not credited yet.",TRANSFER,LOW,TRANSACTION_OPERATIONS,RECEIVED,EXPLAINED,15,0
SYN-CMP-10117,SYN-U-13732,2026-01-07T12:35:01,"Paid utility electricity bill through app yesterday, but bill status still shows unpaid.",PAYMENT,HIGH,TRANSACTION_OPERATIONS,RECEIVED,EXPLAINED,1351,0
SYN-CMP-10118,SYN-U-16938,2026-01-07T16:04:23,"Accidentally transferred BDT 3,500 to a wrong mobile number.",TRANSFER,LOW,TRANSACTION_OPERATIONS,RECEIVED,EXPLAINED,1760,0
SYN-CMP-10119,SYN-U-19471,2026-01-07T17:38:42,International online transaction toggle keeps turning off automatically in settings.,CARD,MEDIUM,CARD_SERVICES,RECEIVED,REFUNDED,745,0
SYN-CMP-10120,SYN-U-12658,2026-01-07T17:45:00,"Paid utility electricity bill through app yesterday, but bill status still shows unpaid.",PAYMENT,MEDIUM,TRANSACTION_OPERATIONS,RECEIVED,EXPLAINED,1869,0
SYN-CMP-10121,SYN-U-17527,2026-01-07T17:52:14,"Suspicious login notification received from unfamiliar device, someone tried to cash out.",FRAUD,HIGH,FRAUD_INVESTIGATION,RECEIVED,REFUNDED,968,0
SYN-CMP-10122,SYN-U-17767,2026-01-07T19:24:25,My account has been temporarily restricted after entering wrong PIN 3 times.,ACCOUNT,LOW,DISPUTES,RECEIVED,EXPLAINED,2570,0
SYN-CMP-10123,SYN-U-11056,2026-01-07T19:49:18,E-commerce merchant payment processed twice during checkout.,PAYMENT,MEDIUM,TRANSACTION_OPERATIONS,RECEIVED,EXPLAINED,410,0
SYN-CMP-10124,SYN-U-10824,2026-01-07T22:30:14,"Payment to merchant showed failed on app, but BDT 1,200 deducted from my Upay balance.",PAYMENT,MEDIUM,TRANSACTION_OPERATIONS,RECEIVED,EXPLAINED,599,0
SYN-CMP-10125,SYN-U-10261,2026-01-08T02:20:48,E-commerce merchant payment processed twice during checkout.,PAYMENT,LOW,TRANSACTION_OPERATIONS,RECEIVED,UNBLOCK_ACCOUNT,191,0
SYN-CMP-10126,SYN-U-11506,2026-01-08T02:46:59,"Payment to merchant showed failed on app, but BDT 1,200 deducted from my Upay balance.",PAYMENT,HIGH,TRANSACTION_OPERATIONS,RECEIVED,REFUNDED,492,0
SYN-CMP-10127,SYN-U-10211,2026-01-08T07:33:38,"Suspicious login notification received from unfamiliar device, someone tried to cash out.",FRAUD,CRITICAL,FRAUD_INVESTIGATION,RECEIVED,IN_PROGRESS,2597,1
SYN-CMP-10128,SYN-U-10088,2026-01-08T07:45:44,NID verification pending for more than 48 hours.,ACCOUNT,LOW,DISPUTES,RECEIVED,REFUNDED,2435,0
SYN-CMP-10129,SYN-U-14924,2026-01-08T09:48:15,"Payment to merchant showed failed on app, but BDT 1,200 deducted from my Upay balance.",PAYMENT,MEDIUM,TRANSACTION_OPERATIONS,RECEIVED,REFUNDED,1445,0
SYN-CMP-10130,SYN-U-17281,2026-01-08T10:49:45,Agent confirmed cash-out successful on terminal but I did not receive SMS confirmation.,CASH_OUT,LOW,TRANSACTION_OPERATIONS,RECEIVED,REFUNDED,1939,0
SYN-CMP-10131,SYN-U-13325,2026-01-08T11:14:32,Money was deducted from my account but the grocery merchant did not receive payment confirmation.,PAYMENT,MEDIUM,TRANSACTION_OPERATIONS,RECEIVED,EXPLAINED,1788,0
SYN-CMP-10132,SYN-U-10088,2026-01-08T11:33:25,Cash-out fee charged higher than standard 1.4% rate at the agent point.,CASH_OUT,LOW,TRANSACTION_OPERATIONS,RECEIVED,REFUNDED,630,0
SYN-CMP-10133,SYN-U-14198,2026-01-08T12:58:05,"Paid utility electricity bill through app yesterday, but bill status still shows unpaid.",PAYMENT,MEDIUM,TRANSACTION_OPERATIONS,RECEIVED,REFUNDED,1861,0
SYN-CMP-10134,SYN-U-17921,2026-01-08T13:29:19,Cash-out fee charged higher than standard 1.4% rate at the agent point.,CASH_OUT,LOW,TRANSACTION_OPERATIONS,RECEIVED,REFUNDED,2286,0
SYN-CMP-10135,SYN-U-14627,2026-01-08T16:12:03,"Received a scam call asking for OTP, shortly after BDT 8,500 was transferred out.",FRAUD,HIGH,FRAUD_INVESTIGATION,RECEIVED,EXPLAINED,245,0
SYN-CMP-10136,SYN-U-15258,2026-01-08T17:20:07,Bank deposit to Upay wallet via internet banking hasn't reflected after 4 hours.,TRANSFER,LOW,TRANSACTION_OPERATIONS,RECEIVED,EXPLAINED,1112,0
SYN-CMP-10137,SYN-U-13478,2026-01-08T20:05:19,Cancelled e-commerce order refund amount is missing BDT 250 processing fee.,REFUND,MEDIUM,DISPUTES,RECEIVED,UNBLOCK_ACCOUNT,780,0
SYN-CMP-10138,SYN-U-19585,2026-01-08T21:00:29,Network connection error occurred during transaction processing screen.,TECHNICAL,LOW,TECH_SUPPORT,RECEIVED,DECLINED,1731,0
SYN-CMP-10139,SYN-U-19923,2026-01-08T22:19:01,Phishing message led to account takeover and repeated cash-out attempts.,FRAUD,CRITICAL,FRAUD_INVESTIGATION,RECEIVED,EXPLAINED,1473,0
SYN-CMP-10140,SYN-U-14812,2026-01-08T22:23:14,"Accidentally transferred BDT 3,500 to a wrong mobile number.",TRANSFER,MEDIUM,TRANSACTION_OPERATIONS,RECEIVED,REFUNDED,1913,0
SYN-CMP-10141,SYN-U-15227,2026-01-08T22:24:24,Cash-out fee charged higher than standard 1.4% rate at the agent point.,CASH_OUT,LOW,TRANSACTION_OPERATIONS,RECEIVED,EXPLAINED,1532,0
SYN-CMP-10142,SYN-U-12592,2026-01-08T22:31:53,Inquiry regarding upcoming Eid merchant promo discounts.,OTHER,LOW,DISPUTES,RECEIVED,EXPLAINED,245,0
SYN-CMP-10143,SYN-U-16264,2026-01-08T22:59:34,"Failed cash out attempt at agent, but funds debited from balance.",CASH_OUT,LOW,TRANSACTION_OPERATIONS,RECEIVED,REFUNDED,2176,0
SYN-CMP-10144,SYN-U-15574,2026-01-09T02:10:39,Network connection error occurred during transaction processing screen.,TECHNICAL,LOW,TECH_SUPPORT,RECEIVED,REFUNDED,1612,0
SYN-CMP-10145,SYN-U-11947,2026-01-09T04:21:33,SMS OTP is taking over 5 minutes to arrive during login attempt.,TECHNICAL,MEDIUM,TECH_SUPPORT,RECEIVED,REFUNDED,1529,0
SYN-CMP-10146,SYN-U-10203,2026-01-09T04:51:02,Endorsement limit not updating after submitting updated passport copy.,CARD,MEDIUM,CARD_SERVICES,RECEIVED,REFUNDED,886,0
SYN-CMP-10147,SYN-U-13300,2026-01-09T05:07:04,Unable to update my registered primary phone number and email in settings.,ACCOUNT,LOW,DISPUTES,RECEIVED,EXPLAINED,1626,0
SYN-CMP-10148,SYN-U-12351,2026-01-09T07:00:51,SMS OTP is taking over 5 minutes to arrive during login attempt.,TECHNICAL,LOW,TECH_SUPPORT,RECEIVED,EXPLAINED,2263,0
SYN-CMP-10149,SYN-U-14935,2026-01-09T07:19:40,"Fund transfer to my linked commercial bank account failed, money not credited yet.",TRANSFER,MEDIUM,TRANSACTION_OPERATIONS,RECEIVED,REVERSED,1681,0
SYN-CMP-10150,SYN-U-16447,2026-01-09T12:15:42,E-commerce merchant payment processed twice during checkout.,PAYMENT,MEDIUM,TRANSACTION_OPERATIONS,RECEIVED,UNBLOCK_ACCOUNT,2154,0
SYN-CMP-10151,SYN-U-17834,2026-01-09T19:15:52,Money was deducted from my account but the grocery merchant did not receive payment confirmation.,PAYMENT,LOW,TRANSACTION_OPERATIONS,RECEIVED,REFUNDED,2743,0
SYN-CMP-10152,SYN-U-10644,2026-01-09T19:33:57,International online transaction toggle keeps turning off automatically in settings.,CARD,LOW,CARD_SERVICES,RECEIVED,EXPLAINED,2022,0
SYN-CMP-10153,SYN-U-18201,2026-01-09T20:32:31,Biometric fingerprint login is not working on my new Android device.,ACCOUNT,LOW,DISPUTES,RECEIVED,REFUNDED,2685,0
SYN-CMP-10154,SYN-U-16309,2026-01-09T21:01:56,Unable to update my registered primary phone number and email in settings.,ACCOUNT,LOW,DISPUTES,RECEIVED,EXPLAINED,1077,0
SYN-CMP-10155,SYN-U-10414,2026-01-09T21:33:45,Inquiry regarding upcoming Eid merchant promo discounts.,OTHER,MEDIUM,DISPUTES,RECEIVED,REFUNDED,137,0
SYN-CMP-10156,SYN-U-16494,2026-01-09T21:39:53,"Paid utility electricity bill through app yesterday, but bill status still shows unpaid.",PAYMENT,HIGH,TRANSACTION_OPERATIONS,RECEIVED,EXPLAINED,1602,1
SYN-CMP-10157,SYN-U-10675,2026-01-10T01:26:18,Duplicate payment charged for the same restaurant QR transaction.,PAYMENT,MEDIUM,TRANSACTION_OPERATIONS,RECEIVED,REFUNDED,97,0
SYN-CMP-10158,SYN-U-10585,2026-01-10T04:07:26,Cash-out fee charged higher than standard 1.4% rate at the agent point.,CASH_OUT,LOW,TRANSACTION_OPERATIONS,RECEIVED,EXPLAINED,437,0
SYN-CMP-10159,SYN-U-19252,2026-01-10T04:19:59,Money was deducted from my account but the grocery merchant did not receive payment confirmation.,PAYMENT,MEDIUM,TRANSACTION_OPERATIONS,RECEIVED,DECLINED,2254,0
SYN-CMP-10160,SYN-U-16986,2026-01-10T05:49:14,Phishing message led to account takeover and repeated cash-out attempts.,FRAUD,CRITICAL,FRAUD_INVESTIGATION,RECEIVED,REFUNDED,2820,1
SYN-CMP-10161,SYN-U-13467,2026-01-10T06:29:49,NID verification pending for more than 48 hours.,ACCOUNT,MEDIUM,DISPUTES,RECEIVED,UNBLOCK_ACCOUNT,1404,0
SYN-CMP-10162,SYN-U-11259,2026-01-10T06:34:47,"Fund transfer to my linked commercial bank account failed, money not credited yet.",TRANSFER,LOW,TRANSACTION_OPERATIONS,RECEIVED,REFUNDED,1252,0
SYN-CMP-10163,SYN-U-17440,2026-01-10T06:44:06,Duplicate payment charged for the same restaurant QR transaction.,PAYMENT,LOW,TRANSACTION_OPERATIONS,RECEIVED,REFUNDED,2048,0
SYN-CMP-10164,SYN-U-17853,2026-01-10T07:47:30,Duplicate payment charged for the same restaurant QR transaction.,PAYMENT,MEDIUM,TRANSACTION_OPERATIONS,RECEIVED,REVERSED,202,0
SYN-CMP-10165,SYN-U-19810,2026-01-10T09:56:30,"Payment to merchant showed failed on app, but BDT 1,200 deducted from my Upay balance.",PAYMENT,HIGH,TRANSACTION_OPERATIONS,RECEIVED,REFUNDED,822,1
SYN-CMP-10166,SYN-U-10713,2026-01-10T13:42:46,"Failed cash out attempt at agent, but funds debited from balance.",CASH_OUT,LOW,TRANSACTION_OPERATIONS,RECEIVED,UNBLOCK_ACCOUNT,1748,0
SYN-CMP-10167,SYN-U-16404,2026-01-10T13:47:53,SMS OTP is taking over 5 minutes to arrive during login attempt.,TECHNICAL,MEDIUM,TECH_SUPPORT,RECEIVED,REFUNDED,162,0
SYN-CMP-10168,SYN-U-19987,2026-01-10T14:24:43,International online transaction toggle keeps turning off automatically in settings.,CARD,MEDIUM,CARD_SERVICES,RECEIVED,REFUNDED,1793,0
SYN-CMP-10169,SYN-U-17499,2026-01-10T18:35:44,Duplicate payment charged for the same restaurant QR transaction.,PAYMENT,MEDIUM,TRANSACTION_OPERATIONS,RECEIVED,EXPLAINED,2836,0
SYN-CMP-10170,SYN-U-18275,2026-01-10T20:37:02,Duplicate payment charged for the same restaurant QR transaction.,PAYMENT,MEDIUM,TRANSACTION_OPERATIONS,RECEIVED,REVERSED,1431,0
SYN-CMP-10171,SYN-U-14137,2026-01-10T21:39:39,"Failed cash out attempt at agent, but funds debited from balance.",CASH_OUT,LOW,TRANSACTION_OPERATIONS,RECEIVED,EXPLAINED,1961,0
SYN-CMP-10172,SYN-U-16448,2026-01-10T21:54:47,NID verification pending for more than 48 hours.,ACCOUNT,MEDIUM,DISPUTES,RECEIVED,REFUNDED,1234,0
SYN-CMP-10173,SYN-U-11311,2026-01-11T00:50:08,Agent confirmed cash-out successful on terminal but I did not receive SMS confirmation.,CASH_OUT,MEDIUM,TRANSACTION_OPERATIONS,RECEIVED,REVERSED,654,0
SYN-CMP-10174,SYN-U-15036,2026-01-11T01:22:38,Bank deposit to Upay wallet via internet banking hasn't reflected after 4 hours.,TRANSFER,LOW,TRANSACTION_OPERATIONS,RECEIVED,UNBLOCK_ACCOUNT,2652,0
SYN-CMP-10175,SYN-U-11921,2026-01-11T03:10:52,Biometric fingerprint login is not working on my new Android device.,ACCOUNT,LOW,DISPUTES,RECEIVED,REVERSED,789,0
SYN-CMP-10176,SYN-U-12165,2026-01-11T08:06:09,Cancelled e-commerce order refund amount is missing BDT 250 processing fee.,REFUND,LOW,DISPUTES,RECEIVED,EXPLAINED,2138,0
SYN-CMP-10177,SYN-U-15899,2026-01-11T10:43:49,Partial refund received instead of full transaction amount.,REFUND,LOW,DISPUTES,RECEIVED,REFUNDED,2119,0
SYN-CMP-10178,SYN-U-19324,2026-01-11T11:32:31,Money was deducted from my account but the grocery merchant did not receive payment confirmation.,PAYMENT,HIGH,TRANSACTION_OPERATIONS,RECEIVED,EXPLAINED,2185,0
SYN-CMP-10179,SYN-U-18072,2026-01-11T12:18:37,Agent deducted fee but the cash-out transaction timed out without dispensing cash.,CASH_OUT,MEDIUM,TRANSACTION_OPERATIONS,RECEIVED,REFUNDED,2757,0
SYN-CMP-10180,SYN-U-16153,2026-01-11T12:53:43,"Received a scam call asking for OTP, shortly after BDT 8,500 was transferred out.",FRAUD,CRITICAL,FRAUD_INVESTIGATION,RECEIVED,REFUNDED,1273,0
SYN-CMP-10181,SYN-U-19342,2026-01-11T14:16:42,Partial refund received instead of full transaction amount.,REFUND,LOW,DISPUTES,RECEIVED,EXPLAINED,536,0
SYN-CMP-10182,SYN-U-19769,2026-01-11T14:45:03,"Unauthorized send money transaction of BDT 15,000 sent from my account at 3:00 AM.",FRAUD,CRITICAL,FRAUD_INVESTIGATION,RECEIVED,REVERSED,2274,1
SYN-CMP-10183,SYN-U-18008,2026-01-11T15:48:46,"Payment to merchant showed failed on app, but BDT 1,200 deducted from my Upay balance.",PAYMENT,LOW,TRANSACTION_OPERATIONS,RECEIVED,EXPLAINED,1564,0
SYN-CMP-10184,SYN-U-14648,2026-01-11T17:26:45,Duplicate payment charged for the same restaurant QR transaction.,PAYMENT,LOW,TRANSACTION_OPERATIONS,RECEIVED,IN_PROGRESS,2208,0
SYN-CMP-10185,SYN-U-11010,2026-01-11T19:50:43,E-commerce merchant payment processed twice during checkout.,PAYMENT,MEDIUM,TRANSACTION_OPERATIONS,RECEIVED,IN_PROGRESS,2619,0
SYN-CMP-10186,SYN-U-16565,2026-01-11T20:01:45,"Failed cash out attempt at agent, but funds debited from balance.",CASH_OUT,LOW,TRANSACTION_OPERATIONS,RECEIVED,REFUNDED,1511,0
SYN-CMP-10187,SYN-U-17687,2026-01-11T22:01:41,Cancelled e-commerce order refund amount is missing BDT 250 processing fee.,REFUND,LOW,DISPUTES,RECEIVED,UNBLOCK_ACCOUNT,1411,0
SYN-CMP-10188,SYN-U-17820,2026-01-12T01:10:41,NID verification pending for more than 48 hours.,ACCOUNT,LOW,DISPUTES,RECEIVED,REFUNDED,603,0
SYN-CMP-10189,SYN-U-18812,2026-01-12T08:44:28,Upay mobile app crashes immediately on splash screen after latest update.,TECHNICAL,MEDIUM,TECH_SUPPORT,RECEIVED,REVERSED,653,0
SYN-CMP-10190,SYN-U-17872,2026-01-12T10:09:27,Agent deducted fee but the cash-out transaction timed out without dispensing cash.,CASH_OUT,MEDIUM,TRANSACTION_OPERATIONS,RECEIVED,EXPLAINED,26,0
SYN-CMP-10191,SYN-U-13953,2026-01-12T10:14:03,Duplicate payment charged for the same restaurant QR transaction.,PAYMENT,HIGH,TRANSACTION_OPERATIONS,RECEIVED,REVERSED,1680,0
SYN-CMP-10192,SYN-U-13399,2026-01-12T11:50:46,Money was deducted from my account but the grocery merchant did not receive payment confirmation.,PAYMENT,HIGH,TRANSACTION_OPERATIONS,RECEIVED,DECLINED,363,1
SYN-CMP-10193,SYN-U-10768,2026-01-12T12:40:26,"Failed cash out attempt at agent, but funds debited from balance.",CASH_OUT,LOW,TRANSACTION_OPERATIONS,RECEIVED,REVERSED,1682,0
SYN-CMP-10194,SYN-U-16475,2026-01-12T12:51:48,Duplicate payment charged for the same restaurant QR transaction.,PAYMENT,MEDIUM,TRANSACTION_OPERATIONS,RECEIVED,REFUNDED,2636,0
SYN-CMP-10195,SYN-U-10153,2026-01-12T13:41:13,Need clarification on loyalty reward cashback points calculation.,OTHER,MEDIUM,DISPUTES,RECEIVED,EXPLAINED,1998,0
SYN-CMP-10196,SYN-U-16248,2026-01-12T14:29:05,"Paid utility electricity bill through app yesterday, but bill status still shows unpaid.",PAYMENT,LOW,TRANSACTION_OPERATIONS,RECEIVED,IN_PROGRESS,1182,0
SYN-CMP-10197,SYN-U-19251,2026-01-12T15:42:35,"Unauthorized send money transaction of BDT 15,000 sent from my account at 3:00 AM.",FRAUD,CRITICAL,FRAUD_INVESTIGATION,RECEIVED,REFUNDED,2319,1
SYN-CMP-10198,SYN-U-11586,2026-01-12T16:03:35,"Payment to merchant showed failed on app, but BDT 1,200 deducted from my Upay balance.",PAYMENT,HIGH,TRANSACTION_OPERATIONS,RECEIVED,REFUNDED,2716,1
SYN-CMP-10199,SYN-U-10835,2026-01-12T16:05:18,Cash-out fee charged higher than standard 1.4% rate at the agent point.,CASH_OUT,LOW,TRANSACTION_OPERATIONS,RECEIVED,IN_PROGRESS,1721,0
SYN-CMP-10200,SYN-U-11864,2026-01-12T16:34:17,"Payment to merchant showed failed on app, but BDT 1,200 deducted from my Upay balance.",PAYMENT,MEDIUM,TRANSACTION_OPERATIONS,RECEIVED,REVERSED,1350,0
SYN-CMP-10201,SYN-U-11325,2026-01-12T17:13:08,"Paid utility electricity bill through app yesterday, but bill status still shows unpaid.",PAYMENT,MEDIUM,TRANSACTION_OPERATIONS,RECEIVED,EXPLAINED,685,0
SYN-CMP-10202,SYN-U-12635,2026-01-12T20:28:41,Partial refund received instead of full transaction amount.,REFUND,LOW,DISPUTES,RECEIVED,IN_PROGRESS,367,0
SYN-CMP-10203,SYN-U-15019,2026-01-12T22:46:41,NID verification pending for more than 48 hours.,ACCOUNT,MEDIUM,DISPUTES,RECEIVED,EXPLAINED,2400,0
SYN-CMP-10204,SYN-U-19315,2026-01-13T03:53:23,"Merchant initiated refund 5 business days ago, but balance is not credited.",REFUND,LOW,DISPUTES,RECEIVED,REFUNDED,2685,0
SYN-CMP-10205,SYN-U-17518,2026-01-13T05:04:42,"Payment to merchant showed failed on app, but BDT 1,200 deducted from my Upay balance.",PAYMENT,MEDIUM,TRANSACTION_OPERATIONS,RECEIVED,REFUNDED,717,0
SYN-CMP-10206,SYN-U-10482,2026-01-13T05:07:12,"Merchant initiated refund 5 business days ago, but balance is not credited.",REFUND,LOW,DISPUTES,RECEIVED,EXPLAINED,49,0
SYN-CMP-10207,SYN-U-12529,2026-01-13T07:02:48,My account has been temporarily restricted after entering wrong PIN 3 times.,ACCOUNT,LOW,DISPUTES,RECEIVED,EXPLAINED,1596,0
SYN-CMP-10208,SYN-U-10355,2026-01-13T07:53:08,"Paid utility electricity bill through app yesterday, but bill status still shows unpaid.",PAYMENT,LOW,TRANSACTION_OPERATIONS,RECEIVED,UNBLOCK_ACCOUNT,2414,0
SYN-CMP-10209,SYN-U-13935,2026-01-13T08:45:08,"Suspicious login notification received from unfamiliar device, someone tried to cash out.",FRAUD,HIGH,FRAUD_INVESTIGATION,RECEIVED,REFUNDED,1695,1
SYN-CMP-10210,SYN-U-16126,2026-01-13T11:22:06,Biometric fingerprint login is not working on my new Android device.,ACCOUNT,MEDIUM,DISPUTES,RECEIVED,UNBLOCK_ACCOUNT,1079,0
SYN-CMP-10211,SYN-U-19222,2026-01-13T11:30:02,Phishing message led to account takeover and repeated cash-out attempts.,FRAUD,CRITICAL,FRAUD_INVESTIGATION,RECEIVED,EXPLAINED,1628,1
SYN-CMP-10212,SYN-U-18395,2026-01-13T13:13:16,Upay mobile app crashes immediately on splash screen after latest update.,TECHNICAL,LOW,TECH_SUPPORT,RECEIVED,EXPLAINED,2215,0
SYN-CMP-10213,SYN-U-16320,2026-01-13T13:39:20,E-commerce merchant payment processed twice during checkout.,PAYMENT,HIGH,TRANSACTION_OPERATIONS,RECEIVED,REVERSED,1917,0
SYN-CMP-10214,SYN-U-14804,2026-01-13T14:02:13,Endorsement limit not updating after submitting updated passport copy.,CARD,MEDIUM,CARD_SERVICES,RECEIVED,REVERSED,2647,0
SYN-CMP-10215,SYN-U-11583,2026-01-13T15:15:02,Upay mobile app crashes immediately on splash screen after latest update.,TECHNICAL,MEDIUM,TECH_SUPPORT,RECEIVED,REFUNDED,2584,0
SYN-CMP-10216,SYN-U-10177,2026-01-13T15:53:22,"Merchant initiated refund 5 business days ago, but balance is not credited.",REFUND,LOW,DISPUTES,RECEIVED,REFUNDED,816,0
SYN-CMP-10217,SYN-U-12073,2026-01-13T17:54:44,NID verification pending for more than 48 hours.,ACCOUNT,LOW,DISPUTES,RECEIVED,REFUNDED,1902,0
SYN-CMP-10218,SYN-U-15033,2026-01-13T19:26:15,Unable to update my registered primary phone number and email in settings.,ACCOUNT,LOW,DISPUTES,RECEIVED,REFUNDED,875,0
SYN-CMP-10219,SYN-U-17021,2026-01-13T22:35:59,App says account dormant even though I received funds two weeks ago.,ACCOUNT,LOW,DISPUTES,RECEIVED,EXPLAINED,967,0
SYN-CMP-10220,SYN-U-14975,2026-01-14T01:34:40,Inter-wallet transfer delayed during peak evening banking clearing hour.,TRANSFER,LOW,TRANSACTION_OPERATIONS,RECEIVED,UNBLOCK_ACCOUNT,2108,0
SYN-CMP-10221,SYN-U-11835,2026-01-14T01:49:24,Bank deposit to Upay wallet via internet banking hasn't reflected after 4 hours.,TRANSFER,LOW,TRANSACTION_OPERATIONS,RECEIVED,IN_PROGRESS,375,0
SYN-CMP-10222,SYN-U-10862,2026-01-14T02:48:07,Card charged USD 45.00 for an online software transaction that I cancelled.,CARD,HIGH,CARD_SERVICES,RECEIVED,EXPLAINED,765,0
SYN-CMP-10223,SYN-U-12661,2026-01-14T03:28:34,Biometric fingerprint login is not working on my new Android device.,ACCOUNT,LOW,DISPUTES,RECEIVED,EXPLAINED,1944,0
SYN-CMP-10224,SYN-U-14356,2026-01-14T03:42:16,Partial refund received instead of full transaction amount.,REFUND,MEDIUM,DISPUTES,RECEIVED,EXPLAINED,2669,0
SYN-CMP-10225,SYN-U-14860,2026-01-14T03:56:35,Bank deposit to Upay wallet via internet banking hasn't reflected after 4 hours.,TRANSFER,LOW,TRANSACTION_OPERATIONS,RECEIVED,EXPLAINED,1828,0
SYN-CMP-10226,SYN-U-12895,2026-01-14T07:25:48,Cash-out fee charged higher than standard 1.4% rate at the agent point.,CASH_OUT,MEDIUM,TRANSACTION_OPERATIONS,RECEIVED,REFUNDED,199,0
SYN-CMP-10227,SYN-U-14060,2026-01-14T08:23:44,Money was deducted from my account but the grocery merchant did not receive payment confirmation.,PAYMENT,MEDIUM,TRANSACTION_OPERATIONS,RECEIVED,DECLINED,1387,0
SYN-CMP-10228,SYN-U-19938,2026-01-14T11:39:56,Biometric fingerprint login is not working on my new Android device.,ACCOUNT,LOW,DISPUTES,RECEIVED,EXPLAINED,459,0
SYN-CMP-10229,SYN-U-18862,2026-01-14T11:55:48,"Payment to merchant showed failed on app, but BDT 1,200 deducted from my Upay balance.",PAYMENT,MEDIUM,TRANSACTION_OPERATIONS,RECEIVED,REVERSED,2028,0
SYN-CMP-10230,SYN-U-16602,2026-01-14T13:46:54,"Paid utility electricity bill through app yesterday, but bill status still shows unpaid.",PAYMENT,LOW,TRANSACTION_OPERATIONS,RECEIVED,EXPLAINED,2311,0
SYN-CMP-10231,SYN-U-12913,2026-01-14T14:57:57,"Merchant initiated refund 5 business days ago, but balance is not credited.",REFUND,LOW,DISPUTES,RECEIVED,EXPLAINED,2548,0
SYN-CMP-10232,SYN-U-10650,2026-01-14T15:42:07,Duplicate payment charged for the same restaurant QR transaction.,PAYMENT,MEDIUM,TRANSACTION_OPERATIONS,RECEIVED,IN_PROGRESS,1228,0
SYN-CMP-10233,SYN-U-11909,2026-01-14T16:22:39,Duplicate payment charged for the same restaurant QR transaction.,PAYMENT,MEDIUM,TRANSACTION_OPERATIONS,RECEIVED,REFUNDED,1656,0
SYN-CMP-10234,SYN-U-19368,2026-01-14T19:22:38,E-commerce merchant payment processed twice during checkout.,PAYMENT,MEDIUM,TRANSACTION_OPERATIONS,RECEIVED,EXPLAINED,1913,0
SYN-CMP-10235,SYN-U-19209,2026-01-14T20:38:50,"Unauthorized send money transaction of BDT 15,000 sent from my account at 3:00 AM.",FRAUD,CRITICAL,FRAUD_INVESTIGATION,RECEIVED,REFUNDED,2052,1
SYN-CMP-10236,SYN-U-14700,2026-01-14T21:36:48,My virtual dual-currency card was declined while making an international subscription payment.,CARD,HIGH,CARD_SERVICES,RECEIVED,EXPLAINED,2656,1
SYN-CMP-10237,SYN-U-19051,2026-01-14T21:50:37,"Accidentally transferred BDT 3,500 to a wrong mobile number.",TRANSFER,MEDIUM,TRANSACTION_OPERATIONS,RECEIVED,EXPLAINED,164,0
SYN-CMP-10238,SYN-U-18710,2026-01-15T00:26:38,"Paid utility electricity bill through app yesterday, but bill status still shows unpaid.",PAYMENT,HIGH,TRANSACTION_OPERATIONS,RECEIVED,REFUNDED,2223,1
SYN-CMP-10239,SYN-U-19994,2026-01-15T00:27:54,Phishing message led to account takeover and repeated cash-out attempts.,FRAUD,HIGH,FRAUD_INVESTIGATION,RECEIVED,UNBLOCK_ACCOUNT,1875,0
SYN-CMP-10240,SYN-U-11897,2026-01-15T00:34:54,Bank deposit to Upay wallet via internet banking hasn't reflected after 4 hours.,TRANSFER,LOW,TRANSACTION_OPERATIONS,RECEIVED,IN_PROGRESS,1386,0
SYN-CMP-10241,SYN-U-16309,2026-01-15T00:48:23,Duplicate payment charged for the same restaurant QR transaction.,PAYMENT,HIGH,TRANSACTION_OPERATIONS,RECEIVED,EXPLAINED,1184,0
SYN-CMP-10242,SYN-U-16139,2026-01-15T00:50:59,Inter-wallet transfer delayed during peak evening banking clearing hour.,TRANSFER,MEDIUM,TRANSACTION_OPERATIONS,RECEIVED,REFUNDED,2270,0
SYN-CMP-10243,SYN-U-12690,2026-01-15T02:13:31,"Fund transfer to my linked commercial bank account failed, money not credited yet.",TRANSFER,LOW,TRANSACTION_OPERATIONS,RECEIVED,DECLINED,1944,0
SYN-CMP-10244,SYN-U-11961,2026-01-15T05:27:37,Agent deducted fee but the cash-out transaction timed out without dispensing cash.,CASH_OUT,LOW,TRANSACTION_OPERATIONS,RECEIVED,REFUNDED,2029,0
SYN-CMP-10245,SYN-U-14385,2026-01-15T05:38:22,NID verification pending for more than 48 hours.,ACCOUNT,MEDIUM,DISPUTES,RECEIVED,EXPLAINED,606,0
SYN-CMP-10246,SYN-U-12722,2026-01-15T05:46:53,My account has been temporarily restricted after entering wrong PIN 3 times.,ACCOUNT,LOW,DISPUTES,RECEIVED,REVERSED,1420,0
SYN-CMP-10247,SYN-U-10658,2026-01-15T06:51:31,"Fund transfer to my linked commercial bank account failed, money not credited yet.",TRANSFER,LOW,TRANSACTION_OPERATIONS,RECEIVED,IN_PROGRESS,1659,0
SYN-CMP-10248,SYN-U-11025,2026-01-15T07:07:59,"Failed cash out attempt at agent, but funds debited from balance.",CASH_OUT,LOW,TRANSACTION_OPERATIONS,RECEIVED,EXPLAINED,1416,0
SYN-CMP-10249,SYN-U-19829,2026-01-15T07:22:31,"Payment to merchant showed failed on app, but BDT 1,200 deducted from my Upay balance.",PAYMENT,MEDIUM,TRANSACTION_OPERATIONS,RECEIVED,REFUNDED,338,0
SYN-CMP-10250,SYN-U-11795,2026-01-15T10:25:20,Duplicate payment charged for the same restaurant QR transaction.,PAYMENT,LOW,TRANSACTION_OPERATIONS,RECEIVED,EXPLAINED,457,0
SYN-CMP-10251,SYN-U-17858,2026-01-15T11:17:59,"Payment to merchant showed failed on app, but BDT 1,200 deducted from my Upay balance.",PAYMENT,MEDIUM,TRANSACTION_OPERATIONS,RECEIVED,REVERSED,2009,0
SYN-CMP-10252,SYN-U-16739,2026-01-15T12:51:41,"Fund transfer to my linked commercial bank account failed, money not credited yet.",TRANSFER,MEDIUM,TRANSACTION_OPERATIONS,RECEIVED,REFUNDED,1309,0
SYN-CMP-10253,SYN-U-19432,2026-01-15T15:18:03,"Payment to merchant showed failed on app, but BDT 1,200 deducted from my Upay balance.",PAYMENT,HIGH,TRANSACTION_OPERATIONS,RECEIVED,REFUNDED,1997,0
SYN-CMP-10254,SYN-U-16474,2026-01-15T16:39:14,Cash-out fee charged higher than standard 1.4% rate at the agent point.,CASH_OUT,LOW,TRANSACTION_OPERATIONS,RECEIVED,REFUNDED,571,0
SYN-CMP-10255,SYN-U-12790,2026-01-15T18:14:22,"Fund transfer to my linked commercial bank account failed, money not credited yet.",TRANSFER,LOW,TRANSACTION_OPERATIONS,RECEIVED,UNBLOCK_ACCOUNT,1231,0
SYN-CMP-10256,SYN-U-19199,2026-01-15T21:18:14,My PIN was compromised and unauthorized funds were transferred to an unknown number.,FRAUD,CRITICAL,FRAUD_INVESTIGATION,RECEIVED,DECLINED,570,0
SYN-CMP-10257,SYN-U-16818,2026-01-15T21:37:02,Agent confirmed cash-out successful on terminal but I did not receive SMS confirmation.,CASH_OUT,MEDIUM,TRANSACTION_OPERATIONS,RECEIVED,EXPLAINED,2713,0
SYN-CMP-10258,SYN-U-19763,2026-01-16T00:05:51,International online transaction toggle keeps turning off automatically in settings.,CARD,HIGH,CARD_SERVICES,RECEIVED,EXPLAINED,2606,1
SYN-CMP-10259,SYN-U-17090,2026-01-16T01:45:05,Phishing message led to account takeover and repeated cash-out attempts.,FRAUD,CRITICAL,FRAUD_INVESTIGATION,RECEIVED,EXPLAINED,1544,0
SYN-CMP-10260,SYN-U-17249,2026-01-16T02:49:59,Agent confirmed cash-out successful on terminal but I did not receive SMS confirmation.,CASH_OUT,LOW,TRANSACTION_OPERATIONS,RECEIVED,REFUNDED,480,0
SYN-CMP-10261,SYN-U-10118,2026-01-16T03:51:05,Duplicate payment charged for the same restaurant QR transaction.,PAYMENT,HIGH,TRANSACTION_OPERATIONS,RECEIVED,REVERSED,2656,0
SYN-CMP-10262,SYN-U-12405,2026-01-16T06:36:06,Agent deducted fee but the cash-out transaction timed out without dispensing cash.,CASH_OUT,MEDIUM,TRANSACTION_OPERATIONS,RECEIVED,REFUNDED,34,0
SYN-CMP-10263,SYN-U-16714,2026-01-16T06:40:53,International online transaction toggle keeps turning off automatically in settings.,CARD,MEDIUM,CARD_SERVICES,RECEIVED,REFUNDED,2716,0
SYN-CMP-10264,SYN-U-12237,2026-01-16T07:55:28,Duplicate payment charged for the same restaurant QR transaction.,PAYMENT,MEDIUM,TRANSACTION_OPERATIONS,RECEIVED,REFUNDED,2320,0
SYN-CMP-10265,SYN-U-16615,2026-01-16T09:39:24,App says account dormant even though I received funds two weeks ago.,ACCOUNT,MEDIUM,DISPUTES,RECEIVED,REFUNDED,741,0
SYN-CMP-10266,SYN-U-16929,2026-01-16T10:06:21,Network connection error occurred during transaction processing screen.,TECHNICAL,LOW,TECH_SUPPORT,RECEIVED,REFUNDED,146,0
SYN-CMP-10267,SYN-U-10893,2026-01-16T12:21:31,Phishing message led to account takeover and repeated cash-out attempts.,FRAUD,CRITICAL,FRAUD_INVESTIGATION,RECEIVED,EXPLAINED,2598,1
SYN-CMP-10268,SYN-U-16365,2026-01-16T13:05:10,App says account dormant even though I received funds two weeks ago.,ACCOUNT,LOW,DISPUTES,RECEIVED,EXPLAINED,361,0
SYN-CMP-10269,SYN-U-11264,2026-01-16T13:49:52,"Suspicious login notification received from unfamiliar device, someone tried to cash out.",FRAUD,HIGH,FRAUD_INVESTIGATION,RECEIVED,REVERSED,2716,1
SYN-CMP-10270,SYN-U-13492,2026-01-16T14:01:46,Phishing message led to account takeover and repeated cash-out attempts.,FRAUD,HIGH,FRAUD_INVESTIGATION,RECEIVED,EXPLAINED,2602,1
SYN-CMP-10271,SYN-U-19537,2026-01-16T14:56:38,Card charged USD 45.00 for an online software transaction that I cancelled.,CARD,MEDIUM,CARD_SERVICES,RECEIVED,REFUNDED,2001,0
SYN-CMP-10272,SYN-U-10189,2026-01-16T17:15:29,Agent confirmed cash-out successful on terminal but I did not receive SMS confirmation.,CASH_OUT,LOW,TRANSACTION_OPERATIONS,RECEIVED,DECLINED,317,0
SYN-CMP-10273,SYN-U-19925,2026-01-16T18:10:49,Bank deposit to Upay wallet via internet banking hasn't reflected after 4 hours.,TRANSFER,MEDIUM,TRANSACTION_OPERATIONS,RECEIVED,REFUNDED,543,0
SYN-CMP-10274,SYN-U-10072,2026-01-16T20:12:35,App says account dormant even though I received funds two weeks ago.,ACCOUNT,MEDIUM,DISPUTES,RECEIVED,REVERSED,2237,0
SYN-CMP-10275,SYN-U-10978,2026-01-16T20:14:56,Cancelled e-commerce order refund amount is missing BDT 250 processing fee.,REFUND,LOW,DISPUTES,RECEIVED,REFUNDED,1725,0
SYN-CMP-10276,SYN-U-11181,2026-01-16T22:40:50,Requesting official annual account statement for tax filing purposes.,OTHER,LOW,DISPUTES,RECEIVED,EXPLAINED,1520,0
SYN-CMP-10277,SYN-U-16500,2026-01-16T23:03:03,Want to temporarily freeze my physical card due to lost wallet.,CARD,LOW,CARD_SERVICES,RECEIVED,REFUNDED,2428,0
SYN-CMP-10278,SYN-U-11415,2026-01-17T03:28:41,Money was deducted from my account but the grocery merchant did not receive payment confirmation.,PAYMENT,MEDIUM,TRANSACTION_OPERATIONS,RECEIVED,EXPLAINED,2025,0
SYN-CMP-10279,SYN-U-11079,2026-01-17T05:18:25,International online transaction toggle keeps turning off automatically in settings.,CARD,MEDIUM,CARD_SERVICES,RECEIVED,EXPLAINED,643,0
SYN-CMP-10280,SYN-U-18275,2026-01-17T05:25:59,"Failed cash out attempt at agent, but funds debited from balance.",CASH_OUT,LOW,TRANSACTION_OPERATIONS,RECEIVED,EXPLAINED,1111,0
SYN-CMP-10281,SYN-U-10966,2026-01-17T06:07:05,"Failed cash out attempt at agent, but funds debited from balance.",CASH_OUT,LOW,TRANSACTION_OPERATIONS,RECEIVED,REFUNDED,1400,0
SYN-CMP-10282,SYN-U-11235,2026-01-17T06:10:20,Cash-out fee charged higher than standard 1.4% rate at the agent point.,CASH_OUT,LOW,TRANSACTION_OPERATIONS,RECEIVED,REFUNDED,2791,0
SYN-CMP-10283,SYN-U-15775,2026-01-17T07:19:04,Need clarification on loyalty reward cashback points calculation.,OTHER,LOW,DISPUTES,RECEIVED,IN_PROGRESS,1035,0
SYN-CMP-10284,SYN-U-15608,2026-01-17T09:55:55,Money was deducted from my account but the grocery merchant did not receive payment confirmation.,PAYMENT,HIGH,TRANSACTION_OPERATIONS,RECEIVED,IN_PROGRESS,1776,1
SYN-CMP-10285,SYN-U-15641,2026-01-17T10:11:27,"Fund transfer to my linked commercial bank account failed, money not credited yet.",TRANSFER,LOW,TRANSACTION_OPERATIONS,RECEIVED,IN_PROGRESS,665,0
SYN-CMP-10286,SYN-U-12355,2026-01-17T10:39:27,International online transaction toggle keeps turning off automatically in settings.,CARD,MEDIUM,CARD_SERVICES,RECEIVED,EXPLAINED,593,0
SYN-CMP-10287,SYN-U-13410,2026-01-17T11:38:44,Agent deducted fee but the cash-out transaction timed out without dispensing cash.,CASH_OUT,LOW,TRANSACTION_OPERATIONS,RECEIVED,UNBLOCK_ACCOUNT,2184,0
SYN-CMP-10288,SYN-U-15903,2026-01-17T12:44:32,E-commerce merchant payment processed twice during checkout.,PAYMENT,MEDIUM,TRANSACTION_OPERATIONS,RECEIVED,REVERSED,1339,0
SYN-CMP-10289,SYN-U-15362,2026-01-17T12:45:44,Agent confirmed cash-out successful on terminal but I did not receive SMS confirmation.,CASH_OUT,LOW,TRANSACTION_OPERATIONS,RECEIVED,EXPLAINED,2351,0
SYN-CMP-10290,SYN-U-15267,2026-01-17T13:30:01,Need clarification on loyalty reward cashback points calculation.,OTHER,MEDIUM,DISPUTES,RECEIVED,UNBLOCK_ACCOUNT,1024,0
SYN-CMP-10291,SYN-U-11435,2026-01-17T14:11:19,Duplicate payment charged for the same restaurant QR transaction.,PAYMENT,HIGH,TRANSACTION_OPERATIONS,RECEIVED,EXPLAINED,1937,0
SYN-CMP-10292,SYN-U-19148,2026-01-17T16:56:30,E-commerce merchant payment processed twice during checkout.,PAYMENT,MEDIUM,TRANSACTION_OPERATIONS,RECEIVED,UNBLOCK_ACCOUNT,21,0
SYN-CMP-10293,SYN-U-12723,2026-01-17T17:59:55,Agent confirmed cash-out successful on terminal but I did not receive SMS confirmation.,CASH_OUT,MEDIUM,TRANSACTION_OPERATIONS,RECEIVED,EXPLAINED,2513,0
SYN-CMP-10294,SYN-U-17595,2026-01-17T20:33:27,My virtual dual-currency card was declined while making an international subscription payment.,CARD,LOW,CARD_SERVICES,RECEIVED,DECLINED,599,0
SYN-CMP-10295,SYN-U-17811,2026-01-17T21:23:56,My account has been temporarily restricted after entering wrong PIN 3 times.,ACCOUNT,LOW,DISPUTES,RECEIVED,REFUNDED,2303,0
SYN-CMP-10296,SYN-U-19686,2026-01-17T21:31:21,"Suspicious login notification received from unfamiliar device, someone tried to cash out.",FRAUD,HIGH,FRAUD_INVESTIGATION,RECEIVED,REFUNDED,1580,1
SYN-CMP-10297,SYN-U-12714,2026-01-17T21:39:14,My PIN was compromised and unauthorized funds were transferred to an unknown number.,FRAUD,CRITICAL,FRAUD_INVESTIGATION,RECEIVED,REFUNDED,348,1
SYN-CMP-10298,SYN-U-14463,2026-01-17T22:13:03,Want to temporarily freeze my physical card due to lost wallet.,CARD,HIGH,CARD_SERVICES,RECEIVED,REFUNDED,381,1
SYN-CMP-10299,SYN-U-12544,2026-01-18T02:54:23,Agent deducted fee but the cash-out transaction timed out without dispensing cash.,CASH_OUT,MEDIUM,TRANSACTION_OPERATIONS,RECEIVED,REFUNDED,2270,0
SYN-CMP-10300,SYN-U-15340,2026-01-18T04:48:11,"Payment to merchant showed failed on app, but BDT 1,200 deducted from my Upay balance.",PAYMENT,MEDIUM,TRANSACTION_OPERATIONS,RECEIVED,EXPLAINED,2719,0
SYN-CMP-10301,SYN-U-11200,2026-01-18T07:22:53,"Unauthorized send money transaction of BDT 15,000 sent from my account at 3:00 AM.",FRAUD,CRITICAL,FRAUD_INVESTIGATION,RECEIVED,EXPLAINED,2258,0
SYN-CMP-10302,SYN-U-15220,2026-01-18T10:23:15,International online transaction toggle keeps turning off automatically in settings.,CARD,MEDIUM,CARD_SERVICES,RECEIVED,REVERSED,602,0
SYN-CMP-10303,SYN-U-14409,2026-01-18T11:18:55,"Fund transfer to my linked commercial bank account failed, money not credited yet.",TRANSFER,LOW,TRANSACTION_OPERATIONS,RECEIVED,REVERSED,2317,0
SYN-CMP-10304,SYN-U-15755,2026-01-18T14:26:21,Agent confirmed cash-out successful on terminal but I did not receive SMS confirmation.,CASH_OUT,LOW,TRANSACTION_OPERATIONS,RECEIVED,EXPLAINED,818,0
SYN-CMP-10305,SYN-U-10457,2026-01-18T17:24:19,"Received a scam call asking for OTP, shortly after BDT 8,500 was transferred out.",FRAUD,CRITICAL,FRAUD_INVESTIGATION,RECEIVED,REFUNDED,1502,1
SYN-CMP-10306,SYN-U-16873,2026-01-18T17:33:21,NID verification pending for more than 48 hours.,ACCOUNT,MEDIUM,DISPUTES,RECEIVED,EXPLAINED,522,0
SYN-CMP-10307,SYN-U-18492,2026-01-18T17:55:48,"Payment to merchant showed failed on app, but BDT 1,200 deducted from my Upay balance.",PAYMENT,HIGH,TRANSACTION_OPERATIONS,RECEIVED,UNBLOCK_ACCOUNT,285,0
SYN-CMP-10308,SYN-U-13828,2026-01-18T20:45:09,"Paid utility electricity bill through app yesterday, but bill status still shows unpaid.",PAYMENT,MEDIUM,TRANSACTION_OPERATIONS,RECEIVED,IN_PROGRESS,813,0
SYN-CMP-10309,SYN-U-12349,2026-01-18T22:27:47,Cancelled e-commerce order refund amount is missing BDT 250 processing fee.,REFUND,LOW,DISPUTES,RECEIVED,EXPLAINED,487,0
SYN-CMP-10310,SYN-U-10029,2026-01-18T22:55:56,"Payment to merchant showed failed on app, but BDT 1,200 deducted from my Upay balance.",PAYMENT,LOW,TRANSACTION_OPERATIONS,RECEIVED,DECLINED,2584,0
SYN-CMP-10311,SYN-U-14331,2026-01-18T23:15:15,My virtual dual-currency card was declined while making an international subscription payment.,CARD,MEDIUM,CARD_SERVICES,RECEIVED,UNBLOCK_ACCOUNT,1543,0
SYN-CMP-10312,SYN-U-11086,2026-01-18T23:23:26,Money was deducted from my account but the grocery merchant did not receive payment confirmation.,PAYMENT,MEDIUM,TRANSACTION_OPERATIONS,RECEIVED,EXPLAINED,2139,0
SYN-CMP-10313,SYN-U-14391,2026-01-18T23:41:36,E-commerce merchant payment processed twice during checkout.,PAYMENT,LOW,TRANSACTION_OPERATIONS,RECEIVED,REFUNDED,52,0
SYN-CMP-10314,SYN-U-17019,2026-01-19T00:48:39,"Suspicious login notification received from unfamiliar device, someone tried to cash out.",FRAUD,CRITICAL,FRAUD_INVESTIGATION,RECEIVED,UNBLOCK_ACCOUNT,1698,1
SYN-CMP-10315,SYN-U-12447,2026-01-19T02:07:25,Money was deducted from my account but the grocery merchant did not receive payment confirmation.,PAYMENT,HIGH,TRANSACTION_OPERATIONS,RECEIVED,UNBLOCK_ACCOUNT,2639,0
SYN-CMP-10316,SYN-U-12022,2026-01-19T03:36:17,Unable to update my registered primary phone number and email in settings.,ACCOUNT,LOW,DISPUTES,RECEIVED,DECLINED,1711,0
SYN-CMP-10317,SYN-U-10101,2026-01-19T07:00:42,Duplicate payment charged for the same restaurant QR transaction.,PAYMENT,MEDIUM,TRANSACTION_OPERATIONS,RECEIVED,REFUNDED,735,0
SYN-CMP-10318,SYN-U-14688,2026-01-19T07:05:07,E-commerce merchant payment processed twice during checkout.,PAYMENT,MEDIUM,TRANSACTION_OPERATIONS,RECEIVED,EXPLAINED,1127,0
SYN-CMP-10319,SYN-U-18760,2026-01-19T08:03:29,Cancelled e-commerce order refund amount is missing BDT 250 processing fee.,REFUND,LOW,DISPUTES,RECEIVED,EXPLAINED,890,0
SYN-CMP-10320,SYN-U-18650,2026-01-19T08:13:03,My PIN was compromised and unauthorized funds were transferred to an unknown number.,FRAUD,HIGH,FRAUD_INVESTIGATION,RECEIVED,REFUNDED,1357,1
SYN-CMP-10321,SYN-U-14956,2026-01-19T11:06:23,"Paid utility electricity bill through app yesterday, but bill status still shows unpaid.",PAYMENT,HIGH,TRANSACTION_OPERATIONS,RECEIVED,REFUNDED,1470,1
SYN-CMP-10322,SYN-U-16937,2026-01-19T14:45:23,Duplicate payment charged for the same restaurant QR transaction.,PAYMENT,HIGH,TRANSACTION_OPERATIONS,RECEIVED,EXPLAINED,1327,0
SYN-CMP-10323,SYN-U-18227,2026-01-19T14:46:00,Network connection error occurred during transaction processing screen.,TECHNICAL,MEDIUM,TECH_SUPPORT,RECEIVED,REFUNDED,2299,0
SYN-CMP-10324,SYN-U-13045,2026-01-19T17:29:24,Endorsement limit not updating after submitting updated passport copy.,CARD,MEDIUM,CARD_SERVICES,RECEIVED,IN_PROGRESS,341,0
SYN-CMP-10325,SYN-U-12708,2026-01-19T17:59:35,E-commerce merchant payment processed twice during checkout.,PAYMENT,MEDIUM,TRANSACTION_OPERATIONS,RECEIVED,IN_PROGRESS,944,0
SYN-CMP-10326,SYN-U-16455,2026-01-19T18:59:36,My account has been temporarily restricted after entering wrong PIN 3 times.,ACCOUNT,MEDIUM,DISPUTES,RECEIVED,EXPLAINED,181,0
SYN-CMP-10327,SYN-U-18895,2026-01-19T21:55:16,Unable to update my registered primary phone number and email in settings.,ACCOUNT,LOW,DISPUTES,RECEIVED,REFUNDED,1173,0
SYN-CMP-10328,SYN-U-16401,2026-01-19T23:21:14,Agent deducted fee but the cash-out transaction timed out without dispensing cash.,CASH_OUT,MEDIUM,TRANSACTION_OPERATIONS,RECEIVED,REFUNDED,651,0
SYN-CMP-10329,SYN-U-11199,2026-01-19T23:38:23,International online transaction toggle keeps turning off automatically in settings.,CARD,HIGH,CARD_SERVICES,RECEIVED,EXPLAINED,2297,0
SYN-CMP-10330,SYN-U-13786,2026-01-20T01:01:51,Requesting official annual account statement for tax filing purposes.,OTHER,LOW,DISPUTES,RECEIVED,REFUNDED,1135,0
SYN-CMP-10331,SYN-U-13636,2026-01-20T02:46:41,NID verification pending for more than 48 hours.,ACCOUNT,LOW,DISPUTES,RECEIVED,REVERSED,2083,0
SYN-CMP-10332,SYN-U-18112,2026-01-20T03:37:34,App says account dormant even though I received funds two weeks ago.,ACCOUNT,LOW,DISPUTES,RECEIVED,REFUNDED,818,0
SYN-CMP-10333,SYN-U-15498,2026-01-20T05:02:38,Biometric fingerprint login is not working on my new Android device.,ACCOUNT,LOW,DISPUTES,RECEIVED,UNBLOCK_ACCOUNT,524,0
SYN-CMP-10334,SYN-U-17087,2026-01-20T06:44:26,Requesting official annual account statement for tax filing purposes.,OTHER,LOW,DISPUTES,RECEIVED,UNBLOCK_ACCOUNT,1031,0
SYN-CMP-10335,SYN-U-11601,2026-01-20T07:06:15,"Unauthorized send money transaction of BDT 15,000 sent from my account at 3:00 AM.",FRAUD,HIGH,FRAUD_INVESTIGATION,RECEIVED,UNBLOCK_ACCOUNT,795,0
SYN-CMP-10336,SYN-U-13154,2026-01-20T07:23:30,My account has been temporarily restricted after entering wrong PIN 3 times.,ACCOUNT,LOW,DISPUTES,RECEIVED,REFUNDED,1831,0
SYN-CMP-10337,SYN-U-16971,2026-01-20T07:32:52,Upay mobile app crashes immediately on splash screen after latest update.,TECHNICAL,LOW,TECH_SUPPORT,RECEIVED,DECLINED,1100,0
SYN-CMP-10338,SYN-U-18618,2026-01-20T09:00:33,Need clarification on loyalty reward cashback points calculation.,OTHER,LOW,DISPUTES,RECEIVED,EXPLAINED,1227,0
SYN-CMP-10339,SYN-U-13525,2026-01-20T09:06:42,My PIN was compromised and unauthorized funds were transferred to an unknown number.,FRAUD,CRITICAL,FRAUD_INVESTIGATION,RECEIVED,REFUNDED,2276,1
SYN-CMP-10340,SYN-U-13776,2026-01-20T10:00:33,Agent deducted fee but the cash-out transaction timed out without dispensing cash.,CASH_OUT,LOW,TRANSACTION_OPERATIONS,RECEIVED,IN_PROGRESS,1704,0
SYN-CMP-10341,SYN-U-14444,2026-01-20T11:50:13,Phishing message led to account takeover and repeated cash-out attempts.,FRAUD,HIGH,FRAUD_INVESTIGATION,RECEIVED,REFUNDED,1349,1
SYN-CMP-10342,SYN-U-14082,2026-01-20T12:07:10,Inter-wallet transfer delayed during peak evening banking clearing hour.,TRANSFER,LOW,TRANSACTION_OPERATIONS,RECEIVED,REVERSED,279,0
SYN-CMP-10343,SYN-U-10559,2026-01-20T12:20:33,Phishing message led to account takeover and repeated cash-out attempts.,FRAUD,HIGH,FRAUD_INVESTIGATION,RECEIVED,UNBLOCK_ACCOUNT,1733,0
SYN-CMP-10344,SYN-U-18543,2026-01-20T12:46:54,"Unauthorized send money transaction of BDT 15,000 sent from my account at 3:00 AM.",FRAUD,CRITICAL,FRAUD_INVESTIGATION,RECEIVED,EXPLAINED,565,1
SYN-CMP-10345,SYN-U-10775,2026-01-20T13:31:38,Duplicate payment charged for the same restaurant QR transaction.,PAYMENT,MEDIUM,TRANSACTION_OPERATIONS,RECEIVED,UNBLOCK_ACCOUNT,2482,0
SYN-CMP-10346,SYN-U-17751,2026-01-20T13:58:30,My PIN was compromised and unauthorized funds were transferred to an unknown number.,FRAUD,CRITICAL,FRAUD_INVESTIGATION,RECEIVED,EXPLAINED,1258,0
SYN-CMP-10347,SYN-U-10500,2026-01-20T15:13:40,Agent confirmed cash-out successful on terminal but I did not receive SMS confirmation.,CASH_OUT,LOW,TRANSACTION_OPERATIONS,RECEIVED,EXPLAINED,2303,0
SYN-CMP-10348,SYN-U-16425,2026-01-20T16:49:06,Agent confirmed cash-out successful on terminal but I did not receive SMS confirmation.,CASH_OUT,LOW,TRANSACTION_OPERATIONS,RECEIVED,REVERSED,1607,0
SYN-CMP-10349,SYN-U-16142,2026-01-20T18:04:01,"Payment to merchant showed failed on app, but BDT 1,200 deducted from my Upay balance.",PAYMENT,MEDIUM,TRANSACTION_OPERATIONS,RECEIVED,REFUNDED,699,0
SYN-CMP-10350,SYN-U-18003,2026-01-20T19:08:56,App says account dormant even though I received funds two weeks ago.,ACCOUNT,LOW,DISPUTES,RECEIVED,EXPLAINED,1026,0
SYN-CMP-10351,SYN-U-17749,2026-01-20T20:41:16,Phishing message led to account takeover and repeated cash-out attempts.,FRAUD,HIGH,FRAUD_INVESTIGATION,RECEIVED,REVERSED,2197,1
SYN-CMP-10352,SYN-U-12973,2026-01-20T21:02:42,"Fund transfer to my linked commercial bank account failed, money not credited yet.",TRANSFER,LOW,TRANSACTION_OPERATIONS,RECEIVED,EXPLAINED,131,0
SYN-CMP-10353,SYN-U-19768,2026-01-20T21:14:58,SMS OTP is taking over 5 minutes to arrive during login attempt.,TECHNICAL,LOW,TECH_SUPPORT,RECEIVED,EXPLAINED,1795,0
SYN-CMP-10354,SYN-U-11952,2026-01-20T21:49:45,SMS OTP is taking over 5 minutes to arrive during login attempt.,TECHNICAL,LOW,TECH_SUPPORT,RECEIVED,REFUNDED,2623,0
SYN-CMP-10355,SYN-U-15698,2026-01-20T23:57:21,"Unauthorized send money transaction of BDT 15,000 sent from my account at 3:00 AM.",FRAUD,HIGH,FRAUD_INVESTIGATION,RECEIVED,REFUNDED,1390,0
SYN-CMP-10356,SYN-U-16396,2026-01-21T00:08:56,Agent deducted fee but the cash-out transaction timed out without dispensing cash.,CASH_OUT,MEDIUM,TRANSACTION_OPERATIONS,RECEIVED,EXPLAINED,2698,0
SYN-CMP-10357,SYN-U-16127,2026-01-21T01:45:37,"Paid utility electricity bill through app yesterday, but bill status still shows unpaid.",PAYMENT,MEDIUM,TRANSACTION_OPERATIONS,RECEIVED,REFUNDED,799,0
SYN-CMP-10358,SYN-U-18582,2026-01-21T02:20:44,"Paid utility electricity bill through app yesterday, but bill status still shows unpaid.",PAYMENT,HIGH,TRANSACTION_OPERATIONS,RECEIVED,REFUNDED,2767,0
SYN-CMP-10359,SYN-U-12715,2026-01-21T03:58:26,Duplicate payment charged for the same restaurant QR transaction.,PAYMENT,LOW,TRANSACTION_OPERATIONS,RECEIVED,EXPLAINED,605,0
SYN-CMP-10360,SYN-U-19648,2026-01-21T05:13:47,E-commerce merchant payment processed twice during checkout.,PAYMENT,HIGH,TRANSACTION_OPERATIONS,RECEIVED,EXPLAINED,2594,1
SYN-CMP-10361,SYN-U-18549,2026-01-21T06:37:58,"Suspicious login notification received from unfamiliar device, someone tried to cash out.",FRAUD,CRITICAL,FRAUD_INVESTIGATION,RECEIVED,EXPLAINED,471,1
SYN-CMP-10362,SYN-U-17249,2026-01-21T07:02:28,Bank deposit to Upay wallet via internet banking hasn't reflected after 4 hours.,TRANSFER,LOW,TRANSACTION_OPERATIONS,RECEIVED,EXPLAINED,1992,0
SYN-CMP-10363,SYN-U-15828,2026-01-21T07:22:35,Partial refund received instead of full transaction amount.,REFUND,LOW,DISPUTES,RECEIVED,EXPLAINED,2036,0
SYN-CMP-10364,SYN-U-16210,2026-01-21T07:27:11,Card charged USD 45.00 for an online software transaction that I cancelled.,CARD,MEDIUM,CARD_SERVICES,RECEIVED,REFUNDED,1701,0
SYN-CMP-10365,SYN-U-12091,2026-01-21T08:41:03,International online transaction toggle keeps turning off automatically in settings.,CARD,HIGH,CARD_SERVICES,RECEIVED,REFUNDED,1361,1
SYN-CMP-10366,SYN-U-12185,2026-01-21T10:24:21,"Unauthorized send money transaction of BDT 15,000 sent from my account at 3:00 AM.",FRAUD,CRITICAL,FRAUD_INVESTIGATION,RECEIVED,REFUNDED,1425,0
SYN-CMP-10367,SYN-U-12869,2026-01-21T10:40:36,"Suspicious login notification received from unfamiliar device, someone tried to cash out.",FRAUD,CRITICAL,FRAUD_INVESTIGATION,RECEIVED,REFUNDED,2587,0
SYN-CMP-10368,SYN-U-19281,2026-01-21T12:37:18,Bank deposit to Upay wallet via internet banking hasn't reflected after 4 hours.,TRANSFER,MEDIUM,TRANSACTION_OPERATIONS,RECEIVED,REFUNDED,1682,0
SYN-CMP-10369,SYN-U-18209,2026-01-21T13:23:38,Agent deducted fee but the cash-out transaction timed out without dispensing cash.,CASH_OUT,LOW,TRANSACTION_OPERATIONS,RECEIVED,EXPLAINED,67,0
SYN-CMP-10370,SYN-U-12352,2026-01-21T16:23:24,Agent confirmed cash-out successful on terminal but I did not receive SMS confirmation.,CASH_OUT,MEDIUM,TRANSACTION_OPERATIONS,RECEIVED,REFUNDED,1695,0
SYN-CMP-10371,SYN-U-15350,2026-01-21T17:59:28,SMS OTP is taking over 5 minutes to arrive during login attempt.,TECHNICAL,LOW,TECH_SUPPORT,RECEIVED,REFUNDED,2160,0
SYN-CMP-10372,SYN-U-13137,2026-01-21T20:46:31,Inter-wallet transfer delayed during peak evening banking clearing hour.,TRANSFER,LOW,TRANSACTION_OPERATIONS,RECEIVED,DECLINED,2775,0
SYN-CMP-10373,SYN-U-10919,2026-01-21T21:03:32,Money was deducted from my account but the grocery merchant did not receive payment confirmation.,PAYMENT,LOW,TRANSACTION_OPERATIONS,RECEIVED,IN_PROGRESS,2870,0
SYN-CMP-10374,SYN-U-11635,2026-01-21T23:08:37,"Payment to merchant showed failed on app, but BDT 1,200 deducted from my Upay balance.",PAYMENT,LOW,TRANSACTION_OPERATIONS,RECEIVED,REFUNDED,328,0
SYN-CMP-10375,SYN-U-10016,2026-01-21T23:23:12,"Suspicious login notification received from unfamiliar device, someone tried to cash out.",FRAUD,CRITICAL,FRAUD_INVESTIGATION,RECEIVED,REVERSED,2544,1
SYN-CMP-10376,SYN-U-10644,2026-01-21T23:48:53,"Payment to merchant showed failed on app, but BDT 1,200 deducted from my Upay balance.",PAYMENT,LOW,TRANSACTION_OPERATIONS,RECEIVED,IN_PROGRESS,1447,0
SYN-CMP-10377,SYN-U-14500,2026-01-22T01:05:12,My virtual dual-currency card was declined while making an international subscription payment.,CARD,MEDIUM,CARD_SERVICES,RECEIVED,DECLINED,2312,0
SYN-CMP-10378,SYN-U-12257,2026-01-22T01:54:40,Endorsement limit not updating after submitting updated passport copy.,CARD,HIGH,CARD_SERVICES,RECEIVED,EXPLAINED,1852,0
SYN-CMP-10379,SYN-U-17843,2026-01-22T04:15:05,"Accidentally transferred BDT 3,500 to a wrong mobile number.",TRANSFER,LOW,TRANSACTION_OPERATIONS,RECEIVED,REFUNDED,296,0
SYN-CMP-10380,SYN-U-16685,2026-01-22T06:07:07,"Payment to merchant showed failed on app, but BDT 1,200 deducted from my Upay balance.",PAYMENT,LOW,TRANSACTION_OPERATIONS,RECEIVED,EXPLAINED,1417,0
SYN-CMP-10381,SYN-U-12029,2026-01-22T07:01:16,My PIN was compromised and unauthorized funds were transferred to an unknown number.,FRAUD,CRITICAL,FRAUD_INVESTIGATION,RECEIVED,REFUNDED,1701,1
SYN-CMP-10382,SYN-U-19769,2026-01-22T09:00:52,"Merchant initiated refund 5 business days ago, but balance is not credited.",REFUND,LOW,DISPUTES,RECEIVED,UNBLOCK_ACCOUNT,2431,0
SYN-CMP-10383,SYN-U-10122,2026-01-22T10:50:46,Unable to update my registered primary phone number and email in settings.,ACCOUNT,LOW,DISPUTES,RECEIVED,UNBLOCK_ACCOUNT,1685,0
SYN-CMP-10384,SYN-U-13395,2026-01-22T10:57:39,Agent confirmed cash-out successful on terminal but I did not receive SMS confirmation.,CASH_OUT,LOW,TRANSACTION_OPERATIONS,RECEIVED,EXPLAINED,463,0
SYN-CMP-10385,SYN-U-16409,2026-01-22T11:01:15,Duplicate payment charged for the same restaurant QR transaction.,PAYMENT,LOW,TRANSACTION_OPERATIONS,RECEIVED,REFUNDED,2273,0
SYN-CMP-10386,SYN-U-11292,2026-01-22T11:07:23,Unable to update my registered primary phone number and email in settings.,ACCOUNT,LOW,DISPUTES,RECEIVED,EXPLAINED,1047,0
SYN-CMP-10387,SYN-U-14809,2026-01-22T13:37:14,Agent deducted fee but the cash-out transaction timed out without dispensing cash.,CASH_OUT,MEDIUM,TRANSACTION_OPERATIONS,RECEIVED,REFUNDED,1663,0
SYN-CMP-10388,SYN-U-13448,2026-01-22T14:24:35,Cash-out fee charged higher than standard 1.4% rate at the agent point.,CASH_OUT,LOW,TRANSACTION_OPERATIONS,RECEIVED,EXPLAINED,1830,0
SYN-CMP-10389,SYN-U-19989,2026-01-22T14:57:01,International online transaction toggle keeps turning off automatically in settings.,CARD,HIGH,CARD_SERVICES,RECEIVED,EXPLAINED,659,0
SYN-CMP-10390,SYN-U-11837,2026-01-22T14:59:06,Duplicate payment charged for the same restaurant QR transaction.,PAYMENT,MEDIUM,TRANSACTION_OPERATIONS,RECEIVED,IN_PROGRESS,486,0
SYN-CMP-10391,SYN-U-19995,2026-01-22T15:56:49,Phishing message led to account takeover and repeated cash-out attempts.,FRAUD,CRITICAL,FRAUD_INVESTIGATION,RECEIVED,REFUNDED,2453,1
SYN-CMP-10392,SYN-U-11730,2026-01-22T17:13:26,"Fund transfer to my linked commercial bank account failed, money not credited yet.",TRANSFER,MEDIUM,TRANSACTION_OPERATIONS,RECEIVED,IN_PROGRESS,1008,0
SYN-CMP-10393,SYN-U-18284,2026-01-22T21:11:35,Phishing message led to account takeover and repeated cash-out attempts.,FRAUD,CRITICAL,FRAUD_INVESTIGATION,RECEIVED,EXPLAINED,76,1
SYN-CMP-10394,SYN-U-14480,2026-01-22T22:42:28,Phishing message led to account takeover and repeated cash-out attempts.,FRAUD,HIGH,FRAUD_INVESTIGATION,RECEIVED,REVERSED,2313,0
SYN-CMP-10395,SYN-U-12654,2026-01-23T01:59:45,"Fund transfer to my linked commercial bank account failed, money not credited yet.",TRANSFER,LOW,TRANSACTION_OPERATIONS,RECEIVED,REFUNDED,2314,0
SYN-CMP-10396,SYN-U-19860,2026-01-23T03:10:24,SMS OTP is taking over 5 minutes to arrive during login attempt.,TECHNICAL,LOW,TECH_SUPPORT,RECEIVED,EXPLAINED,1926,0
SYN-CMP-10397,SYN-U-11435,2026-01-23T03:40:06,Money was deducted from my account but the grocery merchant did not receive payment confirmation.,PAYMENT,MEDIUM,TRANSACTION_OPERATIONS,RECEIVED,EXPLAINED,2096,0
SYN-CMP-10398,SYN-U-13065,2026-01-23T05:44:45,"Fund transfer to my linked commercial bank account failed, money not credited yet.",TRANSFER,LOW,TRANSACTION_OPERATIONS,RECEIVED,EXPLAINED,2095,0
SYN-CMP-10399,SYN-U-19548,2026-01-23T05:50:13,Endorsement limit not updating after submitting updated passport copy.,CARD,MEDIUM,CARD_SERVICES,RECEIVED,EXPLAINED,2489,0
SYN-CMP-10400,SYN-U-13879,2026-01-23T07:09:11,Phishing message led to account takeover and repeated cash-out attempts.,FRAUD,CRITICAL,FRAUD_INVESTIGATION,RECEIVED,EXPLAINED,723,0
SYN-CMP-10401,SYN-U-13663,2026-01-23T08:02:45,"Payment to merchant showed failed on app, but BDT 1,200 deducted from my Upay balance.",PAYMENT,LOW,TRANSACTION_OPERATIONS,RECEIVED,REVERSED,2487,0
SYN-CMP-10402,SYN-U-10224,2026-01-23T08:46:31,"Unauthorized send money transaction of BDT 15,000 sent from my account at 3:00 AM.",FRAUD,HIGH,FRAUD_INVESTIGATION,RECEIVED,REFUNDED,1859,1
SYN-CMP-10403,SYN-U-16305,2026-01-23T10:13:53,Cash-out fee charged higher than standard 1.4% rate at the agent point.,CASH_OUT,LOW,TRANSACTION_OPERATIONS,RECEIVED,REFUNDED,1384,0
SYN-CMP-10404,SYN-U-11713,2026-01-23T11:22:35,Want to temporarily freeze my physical card due to lost wallet.,CARD,LOW,CARD_SERVICES,RECEIVED,UNBLOCK_ACCOUNT,1848,0
SYN-CMP-10405,SYN-U-10127,2026-01-23T12:05:27,Endorsement limit not updating after submitting updated passport copy.,CARD,HIGH,CARD_SERVICES,RECEIVED,REFUNDED,297,1
SYN-CMP-10406,SYN-U-19494,2026-01-23T12:32:03,Want to temporarily freeze my physical card due to lost wallet.,CARD,MEDIUM,CARD_SERVICES,RECEIVED,IN_PROGRESS,2798,0
SYN-CMP-10407,SYN-U-13802,2026-01-23T15:53:32,Agent deducted fee but the cash-out transaction timed out without dispensing cash.,CASH_OUT,LOW,TRANSACTION_OPERATIONS,RECEIVED,DECLINED,2635,0
SYN-CMP-10408,SYN-U-18633,2026-01-23T16:04:38,"Payment to merchant showed failed on app, but BDT 1,200 deducted from my Upay balance.",PAYMENT,MEDIUM,TRANSACTION_OPERATIONS,RECEIVED,REFUNDED,1051,0
SYN-CMP-10409,SYN-U-16456,2026-01-23T23:17:28,Duplicate payment charged for the same restaurant QR transaction.,PAYMENT,HIGH,TRANSACTION_OPERATIONS,RECEIVED,IN_PROGRESS,1156,1
SYN-CMP-10410,SYN-U-13313,2026-01-24T01:16:31,Endorsement limit not updating after submitting updated passport copy.,CARD,MEDIUM,CARD_SERVICES,RECEIVED,EXPLAINED,2064,0
SYN-CMP-10411,SYN-U-19134,2026-01-24T01:44:28,Cancelled e-commerce order refund amount is missing BDT 250 processing fee.,REFUND,MEDIUM,DISPUTES,RECEIVED,REFUNDED,1930,0
SYN-CMP-10412,SYN-U-10773,2026-01-24T02:03:02,E-commerce merchant payment processed twice during checkout.,PAYMENT,MEDIUM,TRANSACTION_OPERATIONS,RECEIVED,REFUNDED,1781,0
SYN-CMP-10413,SYN-U-13316,2026-01-24T02:43:00,My PIN was compromised and unauthorized funds were transferred to an unknown number.,FRAUD,CRITICAL,FRAUD_INVESTIGATION,RECEIVED,UNBLOCK_ACCOUNT,715,1
SYN-CMP-10414,SYN-U-11899,2026-01-24T06:31:01,"Suspicious login notification received from unfamiliar device, someone tried to cash out.",FRAUD,CRITICAL,FRAUD_INVESTIGATION,RECEIVED,DECLINED,630,0
SYN-CMP-10415,SYN-U-10221,2026-01-24T06:45:39,My PIN was compromised and unauthorized funds were transferred to an unknown number.,FRAUD,HIGH,FRAUD_INVESTIGATION,RECEIVED,EXPLAINED,2459,0
SYN-CMP-10416,SYN-U-12417,2026-01-24T10:05:56,Card charged USD 45.00 for an online software transaction that I cancelled.,CARD,MEDIUM,CARD_SERVICES,RECEIVED,REFUNDED,927,0
SYN-CMP-10417,SYN-U-17568,2026-01-24T10:57:26,Want to temporarily freeze my physical card due to lost wallet.,CARD,MEDIUM,CARD_SERVICES,RECEIVED,REVERSED,2591,0
SYN-CMP-10418,SYN-U-18807,2026-01-24T16:33:17,"Payment to merchant showed failed on app, but BDT 1,200 deducted from my Upay balance.",PAYMENT,LOW,TRANSACTION_OPERATIONS,RECEIVED,IN_PROGRESS,763,0
SYN-CMP-10419,SYN-U-18111,2026-01-24T17:32:06,"Fund transfer to my linked commercial bank account failed, money not credited yet.",TRANSFER,LOW,TRANSACTION_OPERATIONS,RECEIVED,DECLINED,278,0
SYN-CMP-10420,SYN-U-11808,2026-01-24T20:16:27,"Payment to merchant showed failed on app, but BDT 1,200 deducted from my Upay balance.",PAYMENT,MEDIUM,TRANSACTION_OPERATIONS,RECEIVED,REVERSED,357,0
SYN-CMP-10421,SYN-U-13524,2026-01-24T20:31:39,"Paid utility electricity bill through app yesterday, but bill status still shows unpaid.",PAYMENT,LOW,TRANSACTION_OPERATIONS,RECEIVED,UNBLOCK_ACCOUNT,2614,0
SYN-CMP-10422,SYN-U-17637,2026-01-24T21:00:27,Agent confirmed cash-out successful on terminal but I did not receive SMS confirmation.,CASH_OUT,MEDIUM,TRANSACTION_OPERATIONS,RECEIVED,UNBLOCK_ACCOUNT,2237,0
SYN-CMP-10423,SYN-U-10467,2026-01-25T00:07:18,Money was deducted from my account but the grocery merchant did not receive payment confirmation.,PAYMENT,HIGH,TRANSACTION_OPERATIONS,RECEIVED,UNBLOCK_ACCOUNT,1100,0
SYN-CMP-10424,SYN-U-18000,2026-01-25T00:12:31,Inter-wallet transfer delayed during peak evening banking clearing hour.,TRANSFER,LOW,TRANSACTION_OPERATIONS,RECEIVED,UNBLOCK_ACCOUNT,2107,0
SYN-CMP-10425,SYN-U-16462,2026-01-25T00:34:14,"Paid utility electricity bill through app yesterday, but bill status still shows unpaid.",PAYMENT,MEDIUM,TRANSACTION_OPERATIONS,RECEIVED,UNBLOCK_ACCOUNT,1041,0
SYN-CMP-10426,SYN-U-15847,2026-01-25T03:11:00,Duplicate payment charged for the same restaurant QR transaction.,PAYMENT,MEDIUM,TRANSACTION_OPERATIONS,RECEIVED,IN_PROGRESS,2150,0
SYN-CMP-10427,SYN-U-16847,2026-01-25T04:28:22,Bank deposit to Upay wallet via internet banking hasn't reflected after 4 hours.,TRANSFER,LOW,TRANSACTION_OPERATIONS,RECEIVED,EXPLAINED,305,0
SYN-CMP-10428,SYN-U-15596,2026-01-25T04:41:54,"Merchant initiated refund 5 business days ago, but balance is not credited.",REFUND,MEDIUM,DISPUTES,RECEIVED,EXPLAINED,687,0
SYN-CMP-10429,SYN-U-14269,2026-01-25T05:07:30,E-commerce merchant payment processed twice during checkout.,PAYMENT,MEDIUM,TRANSACTION_OPERATIONS,RECEIVED,REFUNDED,482,0
SYN-CMP-10430,SYN-U-15083,2026-01-25T05:28:56,"Accidentally transferred BDT 3,500 to a wrong mobile number.",TRANSFER,LOW,TRANSACTION_OPERATIONS,RECEIVED,REVERSED,1664,0
SYN-CMP-10431,SYN-U-12530,2026-01-25T06:33:59,App says account dormant even though I received funds two weeks ago.,ACCOUNT,LOW,DISPUTES,RECEIVED,REFUNDED,1508,0
SYN-CMP-10432,SYN-U-10735,2026-01-25T06:35:40,My PIN was compromised and unauthorized funds were transferred to an unknown number.,FRAUD,HIGH,FRAUD_INVESTIGATION,RECEIVED,IN_PROGRESS,2383,1
SYN-CMP-10433,SYN-U-12631,2026-01-25T07:14:03,Cancelled e-commerce order refund amount is missing BDT 250 processing fee.,REFUND,MEDIUM,DISPUTES,RECEIVED,IN_PROGRESS,271,0
SYN-CMP-10434,SYN-U-17645,2026-01-25T07:52:18,"Suspicious login notification received from unfamiliar device, someone tried to cash out.",FRAUD,CRITICAL,FRAUD_INVESTIGATION,RECEIVED,REFUNDED,164,0
SYN-CMP-10435,SYN-U-12641,2026-01-25T07:52:38,E-commerce merchant payment processed twice during checkout.,PAYMENT,MEDIUM,TRANSACTION_OPERATIONS,RECEIVED,EXPLAINED,684,0
SYN-CMP-10436,SYN-U-11599,2026-01-25T10:17:18,Agent deducted fee but the cash-out transaction timed out without dispensing cash.,CASH_OUT,LOW,TRANSACTION_OPERATIONS,RECEIVED,EXPLAINED,1453,0
SYN-CMP-10437,SYN-U-14873,2026-01-25T10:20:56,Unable to update my registered primary phone number and email in settings.,ACCOUNT,LOW,DISPUTES,RECEIVED,EXPLAINED,2837,0
SYN-CMP-10438,SYN-U-18319,2026-01-25T10:29:30,Phishing message led to account takeover and repeated cash-out attempts.,FRAUD,CRITICAL,FRAUD_INVESTIGATION,RECEIVED,REFUNDED,451,1
SYN-CMP-10439,SYN-U-10144,2026-01-25T11:30:38,Money was deducted from my account but the grocery merchant did not receive payment confirmation.,PAYMENT,MEDIUM,TRANSACTION_OPERATIONS,RECEIVED,REFUNDED,2091,0
SYN-CMP-10440,SYN-U-18643,2026-01-25T12:58:46,Partial refund received instead of full transaction amount.,REFUND,LOW,DISPUTES,RECEIVED,UNBLOCK_ACCOUNT,1002,0
SYN-CMP-10441,SYN-U-19407,2026-01-25T14:51:37,Money was deducted from my account but the grocery merchant did not receive payment confirmation.,PAYMENT,MEDIUM,TRANSACTION_OPERATIONS,RECEIVED,REFUNDED,427,0
SYN-CMP-10442,SYN-U-13213,2026-01-25T15:07:58,My virtual dual-currency card was declined while making an international subscription payment.,CARD,HIGH,CARD_SERVICES,RECEIVED,REFUNDED,2511,1
SYN-CMP-10443,SYN-U-18653,2026-01-25T15:15:18,"Suspicious login notification received from unfamiliar device, someone tried to cash out.",FRAUD,CRITICAL,FRAUD_INVESTIGATION,RECEIVED,UNBLOCK_ACCOUNT,316,1
SYN-CMP-10444,SYN-U-16370,2026-01-25T18:17:50,"Paid utility electricity bill through app yesterday, but bill status still shows unpaid.",PAYMENT,MEDIUM,TRANSACTION_OPERATIONS,RECEIVED,IN_PROGRESS,551,0
SYN-CMP-10445,SYN-U-12730,2026-01-25T19:29:14,SMS OTP is taking over 5 minutes to arrive during login attempt.,TECHNICAL,LOW,TECH_SUPPORT,RECEIVED,REVERSED,2035,0
SYN-CMP-10446,SYN-U-11261,2026-01-25T20:21:32,"Unauthorized send money transaction of BDT 15,000 sent from my account at 3:00 AM.",FRAUD,HIGH,FRAUD_INVESTIGATION,RECEIVED,REFUNDED,2204,0
SYN-CMP-10447,SYN-U-19235,2026-01-25T22:03:05,E-commerce merchant payment processed twice during checkout.,PAYMENT,HIGH,TRANSACTION_OPERATIONS,RECEIVED,REFUNDED,2275,0
SYN-CMP-10448,SYN-U-15502,2026-01-25T22:03:37,"Payment to merchant showed failed on app, but BDT 1,200 deducted from my Upay balance.",PAYMENT,HIGH,TRANSACTION_OPERATIONS,RECEIVED,UNBLOCK_ACCOUNT,1545,0
SYN-CMP-10449,SYN-U-10710,2026-01-25T22:15:17,My account has been temporarily restricted after entering wrong PIN 3 times.,ACCOUNT,LOW,DISPUTES,RECEIVED,REFUNDED,1859,0
SYN-CMP-10450,SYN-U-12066,2026-01-25T22:43:46,"Payment to merchant showed failed on app, but BDT 1,200 deducted from my Upay balance.",PAYMENT,MEDIUM,TRANSACTION_OPERATIONS,RECEIVED,REVERSED,2723,0
SYN-CMP-10451,SYN-U-13858,2026-01-25T23:29:11,Money was deducted from my account but the grocery merchant did not receive payment confirmation.,PAYMENT,HIGH,TRANSACTION_OPERATIONS,RECEIVED,IN_PROGRESS,299,0
SYN-CMP-10452,SYN-U-14143,2026-01-26T01:42:05,E-commerce merchant payment processed twice during checkout.,PAYMENT,MEDIUM,TRANSACTION_OPERATIONS,RECEIVED,REFUNDED,1681,0
SYN-CMP-10453,SYN-U-15046,2026-01-26T02:50:49,Duplicate payment charged for the same restaurant QR transaction.,PAYMENT,MEDIUM,TRANSACTION_OPERATIONS,RECEIVED,UNBLOCK_ACCOUNT,2865,0
SYN-CMP-10454,SYN-U-12372,2026-01-26T03:08:52,Partial refund received instead of full transaction amount.,REFUND,MEDIUM,DISPUTES,RECEIVED,DECLINED,1734,0
SYN-CMP-10455,SYN-U-15957,2026-01-26T04:13:32,"Failed cash out attempt at agent, but funds debited from balance.",CASH_OUT,MEDIUM,TRANSACTION_OPERATIONS,RECEIVED,REFUNDED,2511,0
SYN-CMP-10456,SYN-U-16387,2026-01-26T04:49:32,Phishing message led to account takeover and repeated cash-out attempts.,FRAUD,HIGH,FRAUD_INVESTIGATION,RECEIVED,DECLINED,1675,1
SYN-CMP-10457,SYN-U-16389,2026-01-26T05:02:09,"Suspicious login notification received from unfamiliar device, someone tried to cash out.",FRAUD,CRITICAL,FRAUD_INVESTIGATION,RECEIVED,EXPLAINED,1925,1
SYN-CMP-10458,SYN-U-13702,2026-01-26T05:02:52,International online transaction toggle keeps turning off automatically in settings.,CARD,HIGH,CARD_SERVICES,RECEIVED,UNBLOCK_ACCOUNT,2819,0
SYN-CMP-10459,SYN-U-16108,2026-01-26T07:15:24,Network connection error occurred during transaction processing screen.,TECHNICAL,LOW,TECH_SUPPORT,RECEIVED,EXPLAINED,1922,0
SYN-CMP-10460,SYN-U-11458,2026-01-26T14:03:25,Cash-out fee charged higher than standard 1.4% rate at the agent point.,CASH_OUT,LOW,TRANSACTION_OPERATIONS,RECEIVED,EXPLAINED,2773,0
SYN-CMP-10461,SYN-U-19644,2026-01-26T14:58:25,My virtual dual-currency card was declined while making an international subscription payment.,CARD,LOW,CARD_SERVICES,RECEIVED,REFUNDED,244,0
SYN-CMP-10462,SYN-U-11081,2026-01-26T16:43:55,Network connection error occurred during transaction processing screen.,TECHNICAL,LOW,TECH_SUPPORT,RECEIVED,EXPLAINED,405,0
SYN-CMP-10463,SYN-U-18033,2026-01-26T18:18:15,Bank deposit to Upay wallet via internet banking hasn't reflected after 4 hours.,TRANSFER,MEDIUM,TRANSACTION_OPERATIONS,RECEIVED,EXPLAINED,901,0
SYN-CMP-10464,SYN-U-10389,2026-01-26T18:54:08,Duplicate payment charged for the same restaurant QR transaction.,PAYMENT,LOW,TRANSACTION_OPERATIONS,RECEIVED,REFUNDED,1725,0
SYN-CMP-10465,SYN-U-18495,2026-01-26T19:04:20,Agent confirmed cash-out successful on terminal but I did not receive SMS confirmation.,CASH_OUT,MEDIUM,TRANSACTION_OPERATIONS,RECEIVED,UNBLOCK_ACCOUNT,123,0
SYN-CMP-10466,SYN-U-15871,2026-01-26T23:29:03,E-commerce merchant payment processed twice during checkout.,PAYMENT,HIGH,TRANSACTION_OPERATIONS,RECEIVED,REFUNDED,349,0
SYN-CMP-10467,SYN-U-17584,2026-01-27T00:49:26,International online transaction toggle keeps turning off automatically in settings.,CARD,LOW,CARD_SERVICES,RECEIVED,IN_PROGRESS,718,0
SYN-CMP-10468,SYN-U-16233,2026-01-27T02:39:43,My account has been temporarily restricted after entering wrong PIN 3 times.,ACCOUNT,LOW,DISPUTES,RECEIVED,EXPLAINED,1738,0
SYN-CMP-10469,SYN-U-15251,2026-01-27T03:35:06,My virtual dual-currency card was declined while making an international subscription payment.,CARD,HIGH,CARD_SERVICES,RECEIVED,REFUNDED,1986,1
SYN-CMP-10470,SYN-U-18080,2026-01-27T08:52:08,My account has been temporarily restricted after entering wrong PIN 3 times.,ACCOUNT,LOW,DISPUTES,RECEIVED,EXPLAINED,1146,0
SYN-CMP-10471,SYN-U-16011,2026-01-27T08:55:28,NID verification pending for more than 48 hours.,ACCOUNT,LOW,DISPUTES,RECEIVED,REVERSED,2698,0
SYN-CMP-10472,SYN-U-14636,2026-01-27T09:05:42,My account has been temporarily restricted after entering wrong PIN 3 times.,ACCOUNT,MEDIUM,DISPUTES,RECEIVED,EXPLAINED,101,0
SYN-CMP-10473,SYN-U-19498,2026-01-27T17:08:51,Card charged USD 45.00 for an online software transaction that I cancelled.,CARD,MEDIUM,CARD_SERVICES,RECEIVED,IN_PROGRESS,233,0
SYN-CMP-10474,SYN-U-18986,2026-01-27T17:10:16,E-commerce merchant payment processed twice during checkout.,PAYMENT,MEDIUM,TRANSACTION_OPERATIONS,RECEIVED,EXPLAINED,1598,0
SYN-CMP-10475,SYN-U-11953,2026-01-27T20:12:38,Bank deposit to Upay wallet via internet banking hasn't reflected after 4 hours.,TRANSFER,LOW,TRANSACTION_OPERATIONS,RECEIVED,EXPLAINED,637,0
SYN-CMP-10476,SYN-U-14440,2026-01-27T22:12:42,My account has been temporarily restricted after entering wrong PIN 3 times.,ACCOUNT,LOW,DISPUTES,RECEIVED,UNBLOCK_ACCOUNT,1431,0
SYN-CMP-10477,SYN-U-13104,2026-01-27T22:17:50,My PIN was compromised and unauthorized funds were transferred to an unknown number.,FRAUD,HIGH,FRAUD_INVESTIGATION,RECEIVED,DECLINED,2083,1
SYN-CMP-10478,SYN-U-19661,2026-01-27T22:20:45,"Fund transfer to my linked commercial bank account failed, money not credited yet.",TRANSFER,MEDIUM,TRANSACTION_OPERATIONS,RECEIVED,REFUNDED,650,0
SYN-CMP-10479,SYN-U-13623,2026-01-27T22:31:49,Duplicate payment charged for the same restaurant QR transaction.,PAYMENT,LOW,TRANSACTION_OPERATIONS,RECEIVED,EXPLAINED,1098,0
SYN-CMP-10480,SYN-U-13409,2026-01-28T01:10:23,My virtual dual-currency card was declined while making an international subscription payment.,CARD,MEDIUM,CARD_SERVICES,RECEIVED,EXPLAINED,2041,0
SYN-CMP-10481,SYN-U-19111,2026-01-28T02:44:34,"Payment to merchant showed failed on app, but BDT 1,200 deducted from my Upay balance.",PAYMENT,MEDIUM,TRANSACTION_OPERATIONS,RECEIVED,EXPLAINED,441,0
SYN-CMP-10482,SYN-U-18528,2026-01-28T03:06:25,Card charged USD 45.00 for an online software transaction that I cancelled.,CARD,MEDIUM,CARD_SERVICES,RECEIVED,REFUNDED,189,0
SYN-CMP-10483,SYN-U-14044,2026-01-28T03:28:00,Upay mobile app crashes immediately on splash screen after latest update.,TECHNICAL,MEDIUM,TECH_SUPPORT,RECEIVED,REFUNDED,453,0
SYN-CMP-10484,SYN-U-16324,2026-01-28T04:31:18,Network connection error occurred during transaction processing screen.,TECHNICAL,LOW,TECH_SUPPORT,RECEIVED,DECLINED,2468,0
SYN-CMP-10485,SYN-U-13598,2026-01-28T04:40:34,International online transaction toggle keeps turning off automatically in settings.,CARD,LOW,CARD_SERVICES,RECEIVED,REFUNDED,82,0
SYN-CMP-10486,SYN-U-11409,2026-01-28T07:51:45,"Payment to merchant showed failed on app, but BDT 1,200 deducted from my Upay balance.",PAYMENT,MEDIUM,TRANSACTION_OPERATIONS,RECEIVED,UNBLOCK_ACCOUNT,2791,0
SYN-CMP-10487,SYN-U-12635,2026-01-28T09:31:30,Duplicate payment charged for the same restaurant QR transaction.,PAYMENT,MEDIUM,TRANSACTION_OPERATIONS,RECEIVED,UNBLOCK_ACCOUNT,1942,0
SYN-CMP-10488,SYN-U-15283,2026-01-28T09:38:18,Agent deducted fee but the cash-out transaction timed out without dispensing cash.,CASH_OUT,MEDIUM,TRANSACTION_OPERATIONS,RECEIVED,IN_PROGRESS,2710,0
SYN-CMP-10489,SYN-U-11730,2026-01-28T09:38:51,E-commerce merchant payment processed twice during checkout.,PAYMENT,HIGH,TRANSACTION_OPERATIONS,RECEIVED,REVERSED,1024,0
SYN-CMP-10490,SYN-U-16951,2026-01-28T10:51:42,NID verification pending for more than 48 hours.,ACCOUNT,LOW,DISPUTES,RECEIVED,EXPLAINED,961,0
SYN-CMP-10491,SYN-U-15358,2026-01-28T10:55:48,Cash-out fee charged higher than standard 1.4% rate at the agent point.,CASH_OUT,LOW,TRANSACTION_OPERATIONS,RECEIVED,DECLINED,1463,0
SYN-CMP-10492,SYN-U-11690,2026-01-28T14:32:31,"Payment to merchant showed failed on app, but BDT 1,200 deducted from my Upay balance.",PAYMENT,MEDIUM,TRANSACTION_OPERATIONS,RECEIVED,REFUNDED,2571,0
SYN-CMP-10493,SYN-U-19950,2026-01-28T15:33:15,Want to temporarily freeze my physical card due to lost wallet.,CARD,MEDIUM,CARD_SERVICES,RECEIVED,UNBLOCK_ACCOUNT,288,0
SYN-CMP-10494,SYN-U-16117,2026-01-28T15:40:24,App says account dormant even though I received funds two weeks ago.,ACCOUNT,MEDIUM,DISPUTES,RECEIVED,UNBLOCK_ACCOUNT,315,0
SYN-CMP-10495,SYN-U-10012,2026-01-28T18:18:20,My PIN was compromised and unauthorized funds were transferred to an unknown number.,FRAUD,CRITICAL,FRAUD_INVESTIGATION,RECEIVED,REVERSED,176,1
SYN-CMP-10496,SYN-U-12368,2026-01-28T21:31:22,Cash-out fee charged higher than standard 1.4% rate at the agent point.,CASH_OUT,MEDIUM,TRANSACTION_OPERATIONS,RECEIVED,EXPLAINED,1039,0
SYN-CMP-10497,SYN-U-11440,2026-01-28T22:04:03,"Paid utility electricity bill through app yesterday, but bill status still shows unpaid.",PAYMENT,MEDIUM,TRANSACTION_OPERATIONS,RECEIVED,DECLINED,912,0
SYN-CMP-10498,SYN-U-13851,2026-01-28T22:21:22,My account has been temporarily restricted after entering wrong PIN 3 times.,ACCOUNT,LOW,DISPUTES,RECEIVED,UNBLOCK_ACCOUNT,1754,0
SYN-CMP-10499,SYN-U-10085,2026-01-29T02:41:48,Inter-wallet transfer delayed during peak evening banking clearing hour.,TRANSFER,LOW,TRANSACTION_OPERATIONS,RECEIVED,REFUNDED,1601,0
SYN-CMP-10500,SYN-U-17574,2026-01-29T03:14:30,Partial refund received instead of full transaction amount.,REFUND,LOW,DISPUTES,RECEIVED,EXPLAINED,2374,0
SYN-CMP-10501,SYN-U-18754,2026-01-29T04:30:52,My account has been temporarily restricted after entering wrong PIN 3 times.,ACCOUNT,LOW,DISPUTES,RECEIVED,REFUNDED,438,0
SYN-CMP-10502,SYN-U-16152,2026-01-29T04:58:08,My PIN was compromised and unauthorized funds were transferred to an unknown number.,FRAUD,CRITICAL,FRAUD_INVESTIGATION,RECEIVED,REFUNDED,454,1
SYN-CMP-10503,SYN-U-17689,2026-01-29T06:52:44,Endorsement limit not updating after submitting updated passport copy.,CARD,MEDIUM,CARD_SERVICES,RECEIVED,REVERSED,1755,0
SYN-CMP-10504,SYN-U-12149,2026-01-29T07:23:09,NID verification pending for more than 48 hours.,ACCOUNT,MEDIUM,DISPUTES,RECEIVED,REVERSED,25,0
SYN-CMP-10505,SYN-U-10465,2026-01-29T13:37:29,Phishing message led to account takeover and repeated cash-out attempts.,FRAUD,HIGH,FRAUD_INVESTIGATION,RECEIVED,IN_PROGRESS,1982,1
SYN-CMP-10506,SYN-U-15957,2026-01-29T14:13:54,Bank deposit to Upay wallet via internet banking hasn't reflected after 4 hours.,TRANSFER,LOW,TRANSACTION_OPERATIONS,RECEIVED,REFUNDED,2595,0
SYN-CMP-10507,SYN-U-11376,2026-01-29T14:19:28,Card charged USD 45.00 for an online software transaction that I cancelled.,CARD,LOW,CARD_SERVICES,RECEIVED,REFUNDED,1521,0
SYN-CMP-10508,SYN-U-16220,2026-01-29T14:27:48,App says account dormant even though I received funds two weeks ago.,ACCOUNT,LOW,DISPUTES,RECEIVED,IN_PROGRESS,1712,0
SYN-CMP-10509,SYN-U-15211,2026-01-29T14:56:10,My account has been temporarily restricted after entering wrong PIN 3 times.,ACCOUNT,LOW,DISPUTES,RECEIVED,EXPLAINED,50,0
SYN-CMP-10510,SYN-U-11554,2026-01-29T18:28:04,"Payment to merchant showed failed on app, but BDT 1,200 deducted from my Upay balance.",PAYMENT,HIGH,TRANSACTION_OPERATIONS,RECEIVED,REFUNDED,2241,1
SYN-CMP-10511,SYN-U-14864,2026-01-29T19:30:53,Partial refund received instead of full transaction amount.,REFUND,MEDIUM,DISPUTES,RECEIVED,EXPLAINED,1240,0
SYN-CMP-10512,SYN-U-18353,2026-01-29T22:08:30,E-commerce merchant payment processed twice during checkout.,PAYMENT,HIGH,TRANSACTION_OPERATIONS,RECEIVED,REFUNDED,2859,0
SYN-CMP-10513,SYN-U-11851,2026-01-29T23:16:03,Inter-wallet transfer delayed during peak evening banking clearing hour.,TRANSFER,MEDIUM,TRANSACTION_OPERATIONS,RECEIVED,REFUNDED,1997,0
SYN-CMP-10514,SYN-U-15490,2026-01-30T00:41:37,"Failed cash out attempt at agent, but funds debited from balance.",CASH_OUT,LOW,TRANSACTION_OPERATIONS,RECEIVED,IN_PROGRESS,690,0
SYN-CMP-10515,SYN-U-17988,2026-01-30T00:53:28,"Received a scam call asking for OTP, shortly after BDT 8,500 was transferred out.",FRAUD,CRITICAL,FRAUD_INVESTIGATION,RECEIVED,EXPLAINED,84,0
SYN-CMP-10516,SYN-U-18034,2026-01-30T02:55:57,"Suspicious login notification received from unfamiliar device, someone tried to cash out.",FRAUD,CRITICAL,FRAUD_INVESTIGATION,RECEIVED,EXPLAINED,842,0
SYN-CMP-10517,SYN-U-19282,2026-01-30T04:52:30,"Paid utility electricity bill through app yesterday, but bill status still shows unpaid.",PAYMENT,HIGH,TRANSACTION_OPERATIONS,RECEIVED,REFUNDED,2824,0
SYN-CMP-10518,SYN-U-11406,2026-01-30T06:28:37,Inter-wallet transfer delayed during peak evening banking clearing hour.,TRANSFER,MEDIUM,TRANSACTION_OPERATIONS,RECEIVED,REFUNDED,2416,0
SYN-CMP-10519,SYN-U-12564,2026-01-30T06:47:00,"Payment to merchant showed failed on app, but BDT 1,200 deducted from my Upay balance.",PAYMENT,LOW,TRANSACTION_OPERATIONS,RECEIVED,REFUNDED,1584,0
SYN-CMP-10520,SYN-U-10955,2026-01-30T07:40:25,"Payment to merchant showed failed on app, but BDT 1,200 deducted from my Upay balance.",PAYMENT,HIGH,TRANSACTION_OPERATIONS,RECEIVED,REFUNDED,1341,0
SYN-CMP-10521,SYN-U-17365,2026-01-30T08:10:33,E-commerce merchant payment processed twice during checkout.,PAYMENT,HIGH,TRANSACTION_OPERATIONS,RECEIVED,DECLINED,947,0
SYN-CMP-10522,SYN-U-19601,2026-01-30T08:56:09,Inquiry regarding upcoming Eid merchant promo discounts.,OTHER,MEDIUM,DISPUTES,RECEIVED,REFUNDED,1080,0
SYN-CMP-10523,SYN-U-10080,2026-01-30T12:10:22,Duplicate payment charged for the same restaurant QR transaction.,PAYMENT,HIGH,TRANSACTION_OPERATIONS,RECEIVED,EXPLAINED,92,0
SYN-CMP-10524,SYN-U-18997,2026-01-30T13:03:50,Agent confirmed cash-out successful on terminal but I did not receive SMS confirmation.,CASH_OUT,LOW,TRANSACTION_OPERATIONS,RECEIVED,REVERSED,591,0
SYN-CMP-10525,SYN-U-18848,2026-01-30T13:07:55,Agent deducted fee but the cash-out transaction timed out without dispensing cash.,CASH_OUT,LOW,TRANSACTION_OPERATIONS,RECEIVED,EXPLAINED,2279,0
SYN-CMP-10526,SYN-U-17324,2026-01-30T15:20:09,Biometric fingerprint login is not working on my new Android device.,ACCOUNT,LOW,DISPUTES,RECEIVED,EXPLAINED,880,0
SYN-CMP-10527,SYN-U-19015,2026-01-30T19:39:25,My account has been temporarily restricted after entering wrong PIN 3 times.,ACCOUNT,LOW,DISPUTES,RECEIVED,REFUNDED,906,0
SYN-CMP-10528,SYN-U-12522,2026-01-30T19:59:37,Phishing message led to account takeover and repeated cash-out attempts.,FRAUD,CRITICAL,FRAUD_INVESTIGATION,RECEIVED,IN_PROGRESS,863,1
SYN-CMP-10529,SYN-U-12279,2026-01-30T20:10:13,"Payment to merchant showed failed on app, but BDT 1,200 deducted from my Upay balance.",PAYMENT,MEDIUM,TRANSACTION_OPERATIONS,RECEIVED,REFUNDED,252,0
SYN-CMP-10530,SYN-U-15861,2026-01-30T22:00:29,Duplicate payment charged for the same restaurant QR transaction.,PAYMENT,HIGH,TRANSACTION_OPERATIONS,RECEIVED,EXPLAINED,369,0
SYN-CMP-10531,SYN-U-15915,2026-01-30T22:10:08,My account has been temporarily restricted after entering wrong PIN 3 times.,ACCOUNT,LOW,DISPUTES,RECEIVED,REFUNDED,343,0
SYN-CMP-10532,SYN-U-15382,2026-01-30T22:19:49,Duplicate payment charged for the same restaurant QR transaction.,PAYMENT,MEDIUM,TRANSACTION_OPERATIONS,RECEIVED,EXPLAINED,2510,0
SYN-CMP-10533,SYN-U-15993,2026-01-30T22:24:50,"Payment to merchant showed failed on app, but BDT 1,200 deducted from my Upay balance.",PAYMENT,LOW,TRANSACTION_OPERATIONS,RECEIVED,IN_PROGRESS,459,0
SYN-CMP-10534,SYN-U-10758,2026-01-30T23:24:52,E-commerce merchant payment processed twice during checkout.,PAYMENT,MEDIUM,TRANSACTION_OPERATIONS,RECEIVED,EXPLAINED,1117,0
SYN-CMP-10535,SYN-U-14268,2026-01-30T23:44:08,Agent deducted fee but the cash-out transaction timed out without dispensing cash.,CASH_OUT,LOW,TRANSACTION_OPERATIONS,RECEIVED,EXPLAINED,2492,0
SYN-CMP-10536,SYN-U-15303,2026-01-30T23:58:17,Money was deducted from my account but the grocery merchant did not receive payment confirmation.,PAYMENT,MEDIUM,TRANSACTION_OPERATIONS,RECEIVED,EXPLAINED,1911,0
SYN-CMP-10537,SYN-U-19346,2026-01-31T01:58:57,"Paid utility electricity bill through app yesterday, but bill status still shows unpaid.",PAYMENT,HIGH,TRANSACTION_OPERATIONS,RECEIVED,EXPLAINED,398,0
SYN-CMP-10538,SYN-U-13837,2026-01-31T02:29:11,Duplicate payment charged for the same restaurant QR transaction.,PAYMENT,MEDIUM,TRANSACTION_OPERATIONS,RECEIVED,EXPLAINED,379,0
SYN-CMP-10539,SYN-U-14970,2026-01-31T03:05:34,Cash-out fee charged higher than standard 1.4% rate at the agent point.,CASH_OUT,LOW,TRANSACTION_OPERATIONS,RECEIVED,UNBLOCK_ACCOUNT,80,0
SYN-CMP-10540,SYN-U-16245,2026-01-31T04:49:54,App says account dormant even though I received funds two weeks ago.,ACCOUNT,LOW,DISPUTES,RECEIVED,UNBLOCK_ACCOUNT,1621,0
SYN-CMP-10541,SYN-U-19408,2026-01-31T05:34:50,Partial refund received instead of full transaction amount.,REFUND,MEDIUM,DISPUTES,RECEIVED,REFUNDED,978,0
SYN-CMP-10542,SYN-U-12689,2026-01-31T06:40:57,Duplicate payment charged for the same restaurant QR transaction.,PAYMENT,MEDIUM,TRANSACTION_OPERATIONS,RECEIVED,REFUNDED,649,0
SYN-CMP-10543,SYN-U-13918,2026-01-31T07:10:42,My PIN was compromised and unauthorized funds were transferred to an unknown number.,FRAUD,CRITICAL,FRAUD_INVESTIGATION,RECEIVED,REFUNDED,1092,1
SYN-CMP-10544,SYN-U-11135,2026-01-31T07:44:48,"Paid utility electricity bill through app yesterday, but bill status still shows unpaid.",PAYMENT,MEDIUM,TRANSACTION_OPERATIONS,RECEIVED,REFUNDED,622,0
SYN-CMP-10545,SYN-U-16977,2026-01-31T08:10:41,Cash-out fee charged higher than standard 1.4% rate at the agent point.,CASH_OUT,MEDIUM,TRANSACTION_OPERATIONS,RECEIVED,EXPLAINED,2856,0
SYN-CMP-10546,SYN-U-11084,2026-01-31T09:16:44,Duplicate payment charged for the same restaurant QR transaction.,PAYMENT,MEDIUM,TRANSACTION_OPERATIONS,RECEIVED,REFUNDED,2650,0
SYN-CMP-10547,SYN-U-18435,2026-01-31T10:55:07,Money was deducted from my account but the grocery merchant did not receive payment confirmation.,PAYMENT,MEDIUM,TRANSACTION_OPERATIONS,RECEIVED,EXPLAINED,1025,0
SYN-CMP-10548,SYN-U-10224,2026-01-31T12:58:00,"Failed cash out attempt at agent, but funds debited from balance.",CASH_OUT,LOW,TRANSACTION_OPERATIONS,RECEIVED,DECLINED,2441,0
SYN-CMP-10549,SYN-U-12535,2026-01-31T14:55:11,E-commerce merchant payment processed twice during checkout.,PAYMENT,MEDIUM,TRANSACTION_OPERATIONS,RECEIVED,EXPLAINED,2198,0
SYN-CMP-10550,SYN-U-12473,2026-01-31T15:32:25,Duplicate payment charged for the same restaurant QR transaction.,PAYMENT,HIGH,TRANSACTION_OPERATIONS,RECEIVED,REFUNDED,139,0
SYN-CMP-10551,SYN-U-16385,2026-01-31T15:46:11,Card charged USD 45.00 for an online software transaction that I cancelled.,CARD,LOW,CARD_SERVICES,RECEIVED,REFUNDED,1730,0
SYN-CMP-10552,SYN-U-10540,2026-01-31T18:40:41,"Payment to merchant showed failed on app, but BDT 1,200 deducted from my Upay balance.",PAYMENT,HIGH,TRANSACTION_OPERATIONS,RECEIVED,IN_PROGRESS,23,0
SYN-CMP-10553,SYN-U-19388,2026-01-31T20:14:42,Cash-out fee charged higher than standard 1.4% rate at the agent point.,CASH_OUT,LOW,TRANSACTION_OPERATIONS,RECEIVED,REFUNDED,586,0
SYN-CMP-10554,SYN-U-19588,2026-01-31T20:59:48,SMS OTP is taking over 5 minutes to arrive during login attempt.,TECHNICAL,LOW,TECH_SUPPORT,RECEIVED,REVERSED,620,0
SYN-CMP-10555,SYN-U-15555,2026-01-31T22:30:10,Agent confirmed cash-out successful on terminal but I did not receive SMS confirmation.,CASH_OUT,LOW,TRANSACTION_OPERATIONS,RECEIVED,IN_PROGRESS,2198,0
SYN-CMP-10556,SYN-U-16485,2026-01-31T23:11:42,Phishing message led to account takeover and repeated cash-out attempts.,FRAUD,CRITICAL,FRAUD_INVESTIGATION,RECEIVED,REVERSED,384,0
SYN-CMP-10557,SYN-U-11382,2026-02-01T00:35:21,Partial refund received instead of full transaction amount.,REFUND,LOW,DISPUTES,RECEIVED,REFUNDED,1481,0
SYN-CMP-10558,SYN-U-14271,2026-02-01T01:08:55,SMS OTP is taking over 5 minutes to arrive during login attempt.,TECHNICAL,MEDIUM,TECH_SUPPORT,RECEIVED,REFUNDED,2239,0
SYN-CMP-10559,SYN-U-11651,2026-02-01T01:13:36,Phishing message led to account takeover and repeated cash-out attempts.,FRAUD,HIGH,FRAUD_INVESTIGATION,RECEIVED,REVERSED,1466,1
SYN-CMP-10560,SYN-U-13950,2026-02-01T02:41:39,"Fund transfer to my linked commercial bank account failed, money not credited yet.",TRANSFER,LOW,TRANSACTION_OPERATIONS,RECEIVED,UNBLOCK_ACCOUNT,2773,0
SYN-CMP-10561,SYN-U-15382,2026-02-01T03:53:20,"Accidentally transferred BDT 3,500 to a wrong mobile number.",TRANSFER,MEDIUM,TRANSACTION_OPERATIONS,RECEIVED,REFUNDED,2786,0
SYN-CMP-10562,SYN-U-17683,2026-02-01T04:08:14,My account has been temporarily restricted after entering wrong PIN 3 times.,ACCOUNT,LOW,DISPUTES,RECEIVED,DECLINED,930,0
SYN-CMP-10563,SYN-U-15770,2026-02-01T08:04:12,Partial refund received instead of full transaction amount.,REFUND,LOW,DISPUTES,RECEIVED,REVERSED,792,0
SYN-CMP-10564,SYN-U-17324,2026-02-01T09:08:42,Agent deducted fee but the cash-out transaction timed out without dispensing cash.,CASH_OUT,MEDIUM,TRANSACTION_OPERATIONS,RECEIVED,REFUNDED,765,0
SYN-CMP-10565,SYN-U-15678,2026-02-01T09:10:59,Duplicate payment charged for the same restaurant QR transaction.,PAYMENT,LOW,TRANSACTION_OPERATIONS,RECEIVED,EXPLAINED,1986,0
SYN-CMP-10566,SYN-U-10506,2026-02-01T10:01:45,NID verification pending for more than 48 hours.,ACCOUNT,LOW,DISPUTES,RECEIVED,REFUNDED,791,0
SYN-CMP-10567,SYN-U-19748,2026-02-01T10:24:39,E-commerce merchant payment processed twice during checkout.,PAYMENT,HIGH,TRANSACTION_OPERATIONS,RECEIVED,EXPLAINED,2844,0
SYN-CMP-10568,SYN-U-14153,2026-02-01T10:29:23,Partial refund received instead of full transaction amount.,REFUND,MEDIUM,DISPUTES,RECEIVED,REFUNDED,2448,0
SYN-CMP-10569,SYN-U-12794,2026-02-01T13:40:21,"Failed cash out attempt at agent, but funds debited from balance.",CASH_OUT,LOW,TRANSACTION_OPERATIONS,RECEIVED,UNBLOCK_ACCOUNT,2870,0
SYN-CMP-10570,SYN-U-12303,2026-02-01T14:29:13,Money was deducted from my account but the grocery merchant did not receive payment confirmation.,PAYMENT,HIGH,TRANSACTION_OPERATIONS,RECEIVED,EXPLAINED,1930,1
SYN-CMP-10571,SYN-U-16588,2026-02-01T14:45:59,"Payment to merchant showed failed on app, but BDT 1,200 deducted from my Upay balance.",PAYMENT,MEDIUM,TRANSACTION_OPERATIONS,RECEIVED,EXPLAINED,332,0
SYN-CMP-10572,SYN-U-13639,2026-02-01T15:57:22,"Failed cash out attempt at agent, but funds debited from balance.",CASH_OUT,MEDIUM,TRANSACTION_OPERATIONS,RECEIVED,IN_PROGRESS,2412,0
SYN-CMP-10573,SYN-U-16477,2026-02-01T16:08:05,Biometric fingerprint login is not working on my new Android device.,ACCOUNT,MEDIUM,DISPUTES,RECEIVED,REFUNDED,2810,0
SYN-CMP-10574,SYN-U-16566,2026-02-01T18:06:33,Partial refund received instead of full transaction amount.,REFUND,LOW,DISPUTES,RECEIVED,REFUNDED,2609,0
SYN-CMP-10575,SYN-U-12404,2026-02-01T19:21:41,"Suspicious login notification received from unfamiliar device, someone tried to cash out.",FRAUD,CRITICAL,FRAUD_INVESTIGATION,RECEIVED,UNBLOCK_ACCOUNT,2449,0
SYN-CMP-10576,SYN-U-10622,2026-02-01T20:11:46,E-commerce merchant payment processed twice during checkout.,PAYMENT,MEDIUM,TRANSACTION_OPERATIONS,RECEIVED,REVERSED,2698,0
SYN-CMP-10577,SYN-U-12890,2026-02-01T22:21:51,"Paid utility electricity bill through app yesterday, but bill status still shows unpaid.",PAYMENT,MEDIUM,TRANSACTION_OPERATIONS,RECEIVED,EXPLAINED,608,0
SYN-CMP-10578,SYN-U-15586,2026-02-01T23:42:50,"Received a scam call asking for OTP, shortly after BDT 8,500 was transferred out.",FRAUD,CRITICAL,FRAUD_INVESTIGATION,RECEIVED,REFUNDED,760,1
SYN-CMP-10579,SYN-U-13537,2026-02-02T00:22:56,Endorsement limit not updating after submitting updated passport copy.,CARD,MEDIUM,CARD_SERVICES,RECEIVED,REVERSED,892,0
SYN-CMP-10580,SYN-U-16563,2026-02-02T00:31:36,Upay mobile app crashes immediately on splash screen after latest update.,TECHNICAL,LOW,TECH_SUPPORT,RECEIVED,REVERSED,870,0
SYN-CMP-10581,SYN-U-11056,2026-02-02T01:31:19,Want to temporarily freeze my physical card due to lost wallet.,CARD,MEDIUM,CARD_SERVICES,RECEIVED,IN_PROGRESS,1959,0
SYN-CMP-10582,SYN-U-14096,2026-02-02T02:11:14,"Received a scam call asking for OTP, shortly after BDT 8,500 was transferred out.",FRAUD,CRITICAL,FRAUD_INVESTIGATION,RECEIVED,EXPLAINED,2205,0
SYN-CMP-10583,SYN-U-18185,2026-02-02T02:25:54,Duplicate payment charged for the same restaurant QR transaction.,PAYMENT,HIGH,TRANSACTION_OPERATIONS,RECEIVED,REFUNDED,1115,0
SYN-CMP-10584,SYN-U-15651,2026-02-02T03:03:49,Duplicate payment charged for the same restaurant QR transaction.,PAYMENT,MEDIUM,TRANSACTION_OPERATIONS,RECEIVED,EXPLAINED,503,0
SYN-CMP-10585,SYN-U-11086,2026-02-02T04:34:14,E-commerce merchant payment processed twice during checkout.,PAYMENT,HIGH,TRANSACTION_OPERATIONS,RECEIVED,REFUNDED,2416,1
SYN-CMP-10586,SYN-U-18202,2026-02-02T07:21:14,Endorsement limit not updating after submitting updated passport copy.,CARD,MEDIUM,CARD_SERVICES,RECEIVED,UNBLOCK_ACCOUNT,1870,0
SYN-CMP-10587,SYN-U-11405,2026-02-02T07:56:06,Agent deducted fee but the cash-out transaction timed out without dispensing cash.,CASH_OUT,LOW,TRANSACTION_OPERATIONS,RECEIVED,EXPLAINED,545,0
SYN-CMP-10588,SYN-U-15136,2026-02-02T08:04:52,"Payment to merchant showed failed on app, but BDT 1,200 deducted from my Upay balance.",PAYMENT,MEDIUM,TRANSACTION_OPERATIONS,RECEIVED,DECLINED,1623,0
SYN-CMP-10589,SYN-U-18697,2026-02-02T08:16:16,Inter-wallet transfer delayed during peak evening banking clearing hour.,TRANSFER,LOW,TRANSACTION_OPERATIONS,RECEIVED,EXPLAINED,1417,0
SYN-CMP-10590,SYN-U-12087,2026-02-02T08:55:53,"Paid utility electricity bill through app yesterday, but bill status still shows unpaid.",PAYMENT,MEDIUM,TRANSACTION_OPERATIONS,RECEIVED,EXPLAINED,2537,0
SYN-CMP-10591,SYN-U-13862,2026-02-02T09:26:23,My PIN was compromised and unauthorized funds were transferred to an unknown number.,FRAUD,HIGH,FRAUD_INVESTIGATION,RECEIVED,IN_PROGRESS,298,1
SYN-CMP-10592,SYN-U-12693,2026-02-02T10:22:16,Cash-out fee charged higher than standard 1.4% rate at the agent point.,CASH_OUT,MEDIUM,TRANSACTION_OPERATIONS,RECEIVED,EXPLAINED,81,0
SYN-CMP-10593,SYN-U-15456,2026-02-02T10:25:31,E-commerce merchant payment processed twice during checkout.,PAYMENT,MEDIUM,TRANSACTION_OPERATIONS,RECEIVED,EXPLAINED,1396,0
SYN-CMP-10594,SYN-U-19183,2026-02-02T10:54:43,Biometric fingerprint login is not working on my new Android device.,ACCOUNT,MEDIUM,DISPUTES,RECEIVED,REFUNDED,2825,0
SYN-CMP-10595,SYN-U-13445,2026-02-02T11:23:44,Money was deducted from my account but the grocery merchant did not receive payment confirmation.,PAYMENT,HIGH,TRANSACTION_OPERATIONS,RECEIVED,EXPLAINED,1401,0
SYN-CMP-10596,SYN-U-19066,2026-02-02T11:49:36,Want to temporarily freeze my physical card due to lost wallet.,CARD,MEDIUM,CARD_SERVICES,RECEIVED,UNBLOCK_ACCOUNT,2412,0
SYN-CMP-10597,SYN-U-12624,2026-02-02T14:45:53,Money was deducted from my account but the grocery merchant did not receive payment confirmation.,PAYMENT,LOW,TRANSACTION_OPERATIONS,RECEIVED,REFUNDED,1625,0
SYN-CMP-10598,SYN-U-10729,2026-02-02T17:09:16,Upay mobile app crashes immediately on splash screen after latest update.,TECHNICAL,LOW,TECH_SUPPORT,RECEIVED,EXPLAINED,1503,0
SYN-CMP-10599,SYN-U-15127,2026-02-02T17:42:39,Agent confirmed cash-out successful on terminal but I did not receive SMS confirmation.,CASH_OUT,LOW,TRANSACTION_OPERATIONS,RECEIVED,EXPLAINED,1484,0
SYN-CMP-10600,SYN-U-14599,2026-02-02T20:04:21,App says account dormant even though I received funds two weeks ago.,ACCOUNT,LOW,DISPUTES,RECEIVED,REFUNDED,2296,0
SYN-CMP-10601,SYN-U-12219,2026-02-02T21:26:12,Phishing message led to account takeover and repeated cash-out attempts.,FRAUD,CRITICAL,FRAUD_INVESTIGATION,RECEIVED,EXPLAINED,276,1
SYN-CMP-10602,SYN-U-15001,2026-02-03T00:34:19,SMS OTP is taking over 5 minutes to arrive during login attempt.,TECHNICAL,LOW,TECH_SUPPORT,RECEIVED,REFUNDED,1974,0
SYN-CMP-10603,SYN-U-14528,2026-02-03T00:53:24,App says account dormant even though I received funds two weeks ago.,ACCOUNT,LOW,DISPUTES,RECEIVED,REVERSED,2266,0
SYN-CMP-10604,SYN-U-16977,2026-02-03T03:14:56,"Paid utility electricity bill through app yesterday, but bill status still shows unpaid.",PAYMENT,HIGH,TRANSACTION_OPERATIONS,RECEIVED,REFUNDED,2292,1
SYN-CMP-10605,SYN-U-18422,2026-02-03T05:33:01,"Payment to merchant showed failed on app, but BDT 1,200 deducted from my Upay balance.",PAYMENT,MEDIUM,TRANSACTION_OPERATIONS,RECEIVED,EXPLAINED,2490,0
SYN-CMP-10606,SYN-U-18089,2026-02-03T05:36:17,"Suspicious login notification received from unfamiliar device, someone tried to cash out.",FRAUD,CRITICAL,FRAUD_INVESTIGATION,RECEIVED,REFUNDED,2716,1
SYN-CMP-10607,SYN-U-19769,2026-02-03T06:14:25,Biometric fingerprint login is not working on my new Android device.,ACCOUNT,LOW,DISPUTES,RECEIVED,REFUNDED,2357,0
SYN-CMP-10608,SYN-U-14907,2026-02-03T07:09:24,Money was deducted from my account but the grocery merchant did not receive payment confirmation.,PAYMENT,HIGH,TRANSACTION_OPERATIONS,RECEIVED,UNBLOCK_ACCOUNT,2678,0
SYN-CMP-10609,SYN-U-10070,2026-02-03T08:19:39,"Unauthorized send money transaction of BDT 15,000 sent from my account at 3:00 AM.",FRAUD,CRITICAL,FRAUD_INVESTIGATION,RECEIVED,UNBLOCK_ACCOUNT,1722,0
SYN-CMP-10610,SYN-U-17817,2026-02-03T09:28:26,Phishing message led to account takeover and repeated cash-out attempts.,FRAUD,CRITICAL,FRAUD_INVESTIGATION,RECEIVED,UNBLOCK_ACCOUNT,533,0
SYN-CMP-10611,SYN-U-11061,2026-02-03T10:56:23,My virtual dual-currency card was declined while making an international subscription payment.,CARD,LOW,CARD_SERVICES,RECEIVED,REFUNDED,235,0
SYN-CMP-10612,SYN-U-10370,2026-02-03T11:27:19,Duplicate payment charged for the same restaurant QR transaction.,PAYMENT,LOW,TRANSACTION_OPERATIONS,RECEIVED,IN_PROGRESS,1517,0
SYN-CMP-10613,SYN-U-13267,2026-02-03T11:44:15,"Fund transfer to my linked commercial bank account failed, money not credited yet.",TRANSFER,LOW,TRANSACTION_OPERATIONS,RECEIVED,REFUNDED,1284,0
SYN-CMP-10614,SYN-U-15128,2026-02-03T14:12:02,Endorsement limit not updating after submitting updated passport copy.,CARD,MEDIUM,CARD_SERVICES,RECEIVED,REFUNDED,2157,0
SYN-CMP-10615,SYN-U-16178,2026-02-03T14:25:57,Duplicate payment charged for the same restaurant QR transaction.,PAYMENT,LOW,TRANSACTION_OPERATIONS,RECEIVED,REFUNDED,1419,0
SYN-CMP-10616,SYN-U-12804,2026-02-03T15:35:29,Bank deposit to Upay wallet via internet banking hasn't reflected after 4 hours.,TRANSFER,LOW,TRANSACTION_OPERATIONS,RECEIVED,UNBLOCK_ACCOUNT,2109,0
SYN-CMP-10617,SYN-U-12796,2026-02-03T16:36:48,"Paid utility electricity bill through app yesterday, but bill status still shows unpaid.",PAYMENT,LOW,TRANSACTION_OPERATIONS,RECEIVED,REVERSED,251,0
SYN-CMP-10618,SYN-U-13782,2026-02-03T16:45:41,"Failed cash out attempt at agent, but funds debited from balance.",CASH_OUT,LOW,TRANSACTION_OPERATIONS,RECEIVED,REFUNDED,206,0
SYN-CMP-10619,SYN-U-18345,2026-02-03T16:53:49,E-commerce merchant payment processed twice during checkout.,PAYMENT,LOW,TRANSACTION_OPERATIONS,RECEIVED,REFUNDED,1693,0
SYN-CMP-10620,SYN-U-14342,2026-02-03T17:35:45,"Suspicious login notification received from unfamiliar device, someone tried to cash out.",FRAUD,HIGH,FRAUD_INVESTIGATION,RECEIVED,REFUNDED,687,1
SYN-CMP-10621,SYN-U-13749,2026-02-03T18:12:59,My virtual dual-currency card was declined while making an international subscription payment.,CARD,MEDIUM,CARD_SERVICES,RECEIVED,IN_PROGRESS,1297,0
SYN-CMP-10622,SYN-U-13019,2026-02-03T21:56:26,Duplicate payment charged for the same restaurant QR transaction.,PAYMENT,HIGH,TRANSACTION_OPERATIONS,RECEIVED,UNBLOCK_ACCOUNT,1238,1
SYN-CMP-10623,SYN-U-10559,2026-02-03T22:17:38,E-commerce merchant payment processed twice during checkout.,PAYMENT,HIGH,TRANSACTION_OPERATIONS,RECEIVED,REVERSED,236,1
SYN-CMP-10624,SYN-U-11860,2026-02-04T02:39:35,"Received a scam call asking for OTP, shortly after BDT 8,500 was transferred out.",FRAUD,HIGH,FRAUD_INVESTIGATION,RECEIVED,REVERSED,1689,0
SYN-CMP-10625,SYN-U-12739,2026-02-04T03:55:58,My virtual dual-currency card was declined while making an international subscription payment.,CARD,MEDIUM,CARD_SERVICES,RECEIVED,EXPLAINED,2491,0
SYN-CMP-10626,SYN-U-19198,2026-02-04T05:01:11,Unable to update my registered primary phone number and email in settings.,ACCOUNT,LOW,DISPUTES,RECEIVED,REFUNDED,1526,0
SYN-CMP-10627,SYN-U-13459,2026-02-04T05:05:18,International online transaction toggle keeps turning off automatically in settings.,CARD,MEDIUM,CARD_SERVICES,RECEIVED,REFUNDED,2133,0
SYN-CMP-10628,SYN-U-14583,2026-02-04T08:11:45,My account has been temporarily restricted after entering wrong PIN 3 times.,ACCOUNT,LOW,DISPUTES,RECEIVED,UNBLOCK_ACCOUNT,2209,0
SYN-CMP-10629,SYN-U-10862,2026-02-04T10:55:14,"Payment to merchant showed failed on app, but BDT 1,200 deducted from my Upay balance.",PAYMENT,LOW,TRANSACTION_OPERATIONS,RECEIVED,REFUNDED,2136,0
SYN-CMP-10630,SYN-U-19682,2026-02-04T11:08:56,Inquiry regarding upcoming Eid merchant promo discounts.,OTHER,LOW,DISPUTES,RECEIVED,EXPLAINED,1693,0
SYN-CMP-10631,SYN-U-18081,2026-02-04T11:56:44,"Payment to merchant showed failed on app, but BDT 1,200 deducted from my Upay balance.",PAYMENT,LOW,TRANSACTION_OPERATIONS,RECEIVED,UNBLOCK_ACCOUNT,1097,0
SYN-CMP-10632,SYN-U-19478,2026-02-04T12:06:30,"Failed cash out attempt at agent, but funds debited from balance.",CASH_OUT,LOW,TRANSACTION_OPERATIONS,RECEIVED,EXPLAINED,2745,0
SYN-CMP-10633,SYN-U-12146,2026-02-04T14:29:06,Want to temporarily freeze my physical card due to lost wallet.,CARD,LOW,CARD_SERVICES,RECEIVED,EXPLAINED,1431,0
SYN-CMP-10634,SYN-U-15938,2026-02-04T14:46:02,"Paid utility electricity bill through app yesterday, but bill status still shows unpaid.",PAYMENT,MEDIUM,TRANSACTION_OPERATIONS,RECEIVED,EXPLAINED,538,0
SYN-CMP-10635,SYN-U-19075,2026-02-04T15:11:37,E-commerce merchant payment processed twice during checkout.,PAYMENT,LOW,TRANSACTION_OPERATIONS,RECEIVED,EXPLAINED,121,0
SYN-CMP-10636,SYN-U-11928,2026-02-04T19:25:08,Money was deducted from my account but the grocery merchant did not receive payment confirmation.,PAYMENT,MEDIUM,TRANSACTION_OPERATIONS,RECEIVED,UNBLOCK_ACCOUNT,693,0
SYN-CMP-10637,SYN-U-12222,2026-02-04T20:05:41,"Merchant initiated refund 5 business days ago, but balance is not credited.",REFUND,MEDIUM,DISPUTES,RECEIVED,EXPLAINED,2774,0
SYN-CMP-10638,SYN-U-18607,2026-02-04T20:58:28,"Fund transfer to my linked commercial bank account failed, money not credited yet.",TRANSFER,LOW,TRANSACTION_OPERATIONS,RECEIVED,EXPLAINED,2514,0
SYN-CMP-10639,SYN-U-19249,2026-02-04T21:57:54,Phishing message led to account takeover and repeated cash-out attempts.,FRAUD,CRITICAL,FRAUD_INVESTIGATION,RECEIVED,DECLINED,551,0
SYN-CMP-10640,SYN-U-18976,2026-02-04T23:01:05,Endorsement limit not updating after submitting updated passport copy.,CARD,MEDIUM,CARD_SERVICES,RECEIVED,IN_PROGRESS,1650,0
SYN-CMP-10641,SYN-U-17567,2026-02-05T00:58:59,E-commerce merchant payment processed twice during checkout.,PAYMENT,MEDIUM,TRANSACTION_OPERATIONS,RECEIVED,EXPLAINED,1592,0
SYN-CMP-10642,SYN-U-19181,2026-02-05T02:04:46,Cash-out fee charged higher than standard 1.4% rate at the agent point.,CASH_OUT,LOW,TRANSACTION_OPERATIONS,RECEIVED,UNBLOCK_ACCOUNT,2364,0
SYN-CMP-10643,SYN-U-10109,2026-02-05T02:25:25,Duplicate payment charged for the same restaurant QR transaction.,PAYMENT,LOW,TRANSACTION_OPERATIONS,RECEIVED,REFUNDED,487,0
SYN-CMP-10644,SYN-U-11192,2026-02-05T03:08:26,Upay mobile app crashes immediately on splash screen after latest update.,TECHNICAL,LOW,TECH_SUPPORT,RECEIVED,REFUNDED,1870,0
SYN-CMP-10645,SYN-U-19198,2026-02-05T03:30:44,NID verification pending for more than 48 hours.,ACCOUNT,LOW,DISPUTES,RECEIVED,REFUNDED,979,0
SYN-CMP-10646,SYN-U-12779,2026-02-05T03:58:37,International online transaction toggle keeps turning off automatically in settings.,CARD,MEDIUM,CARD_SERVICES,RECEIVED,UNBLOCK_ACCOUNT,1171,0
SYN-CMP-10647,SYN-U-17192,2026-02-05T04:00:07,SMS OTP is taking over 5 minutes to arrive during login attempt.,TECHNICAL,LOW,TECH_SUPPORT,RECEIVED,EXPLAINED,2869,0
SYN-CMP-10648,SYN-U-18261,2026-02-05T06:16:55,"Merchant initiated refund 5 business days ago, but balance is not credited.",REFUND,MEDIUM,DISPUTES,RECEIVED,EXPLAINED,104,0
SYN-CMP-10649,SYN-U-14101,2026-02-05T10:33:07,"Unauthorized send money transaction of BDT 15,000 sent from my account at 3:00 AM.",FRAUD,CRITICAL,FRAUD_INVESTIGATION,RECEIVED,REVERSED,2612,0
SYN-CMP-10650,SYN-U-11404,2026-02-05T11:32:28,"Payment to merchant showed failed on app, but BDT 1,200 deducted from my Upay balance.",PAYMENT,MEDIUM,TRANSACTION_OPERATIONS,RECEIVED,REFUNDED,1823,0
SYN-CMP-10651,SYN-U-11895,2026-02-05T14:11:45,My PIN was compromised and unauthorized funds were transferred to an unknown number.,FRAUD,CRITICAL,FRAUD_INVESTIGATION,RECEIVED,REFUNDED,471,0
SYN-CMP-10652,SYN-U-16625,2026-02-05T14:40:06,"Fund transfer to my linked commercial bank account failed, money not credited yet.",TRANSFER,LOW,TRANSACTION_OPERATIONS,RECEIVED,UNBLOCK_ACCOUNT,880,0
SYN-CMP-10653,SYN-U-19955,2026-02-05T15:43:44,E-commerce merchant payment processed twice during checkout.,PAYMENT,MEDIUM,TRANSACTION_OPERATIONS,RECEIVED,DECLINED,1700,0
SYN-CMP-10654,SYN-U-11629,2026-02-05T15:45:16,"Paid utility electricity bill through app yesterday, but bill status still shows unpaid.",PAYMENT,LOW,TRANSACTION_OPERATIONS,RECEIVED,IN_PROGRESS,1347,0
SYN-CMP-10655,SYN-U-16049,2026-02-05T16:23:48,E-commerce merchant payment processed twice during checkout.,PAYMENT,LOW,TRANSACTION_OPERATIONS,RECEIVED,REFUNDED,620,0
SYN-CMP-10656,SYN-U-18280,2026-02-05T17:14:54,SMS OTP is taking over 5 minutes to arrive during login attempt.,TECHNICAL,LOW,TECH_SUPPORT,RECEIVED,IN_PROGRESS,1506,0
SYN-CMP-10657,SYN-U-12185,2026-02-05T18:02:39,Cancelled e-commerce order refund amount is missing BDT 250 processing fee.,REFUND,MEDIUM,DISPUTES,RECEIVED,UNBLOCK_ACCOUNT,172,0
SYN-CMP-10658,SYN-U-11801,2026-02-05T20:12:18,Unable to update my registered primary phone number and email in settings.,ACCOUNT,LOW,DISPUTES,RECEIVED,REFUNDED,2612,0
SYN-CMP-10659,SYN-U-19403,2026-02-05T20:42:27,"Accidentally transferred BDT 3,500 to a wrong mobile number.",TRANSFER,LOW,TRANSACTION_OPERATIONS,RECEIVED,UNBLOCK_ACCOUNT,1008,0
SYN-CMP-10660,SYN-U-19928,2026-02-05T21:40:38,"Merchant initiated refund 5 business days ago, but balance is not credited.",REFUND,LOW,DISPUTES,RECEIVED,REFUNDED,731,0
SYN-CMP-10661,SYN-U-10156,2026-02-05T21:51:19,Want to temporarily freeze my physical card due to lost wallet.,CARD,HIGH,CARD_SERVICES,RECEIVED,REFUNDED,2840,0
SYN-CMP-10662,SYN-U-18443,2026-02-06T04:04:43,Bank deposit to Upay wallet via internet banking hasn't reflected after 4 hours.,TRANSFER,MEDIUM,TRANSACTION_OPERATIONS,RECEIVED,REFUNDED,98,0
SYN-CMP-10663,SYN-U-18316,2026-02-06T04:42:20,Inter-wallet transfer delayed during peak evening banking clearing hour.,TRANSFER,LOW,TRANSACTION_OPERATIONS,RECEIVED,EXPLAINED,1640,0
SYN-CMP-10664,SYN-U-10954,2026-02-06T06:20:17,"Unauthorized send money transaction of BDT 15,000 sent from my account at 3:00 AM.",FRAUD,CRITICAL,FRAUD_INVESTIGATION,RECEIVED,IN_PROGRESS,1798,0
SYN-CMP-10665,SYN-U-17420,2026-02-06T07:30:32,"Payment to merchant showed failed on app, but BDT 1,200 deducted from my Upay balance.",PAYMENT,HIGH,TRANSACTION_OPERATIONS,RECEIVED,EXPLAINED,893,0
SYN-CMP-10666,SYN-U-17083,2026-02-06T09:35:59,SMS OTP is taking over 5 minutes to arrive during login attempt.,TECHNICAL,LOW,TECH_SUPPORT,RECEIVED,REFUNDED,1671,0
SYN-CMP-10667,SYN-U-17583,2026-02-06T13:08:01,"Received a scam call asking for OTP, shortly after BDT 8,500 was transferred out.",FRAUD,CRITICAL,FRAUD_INVESTIGATION,RECEIVED,EXPLAINED,2617,1
SYN-CMP-10668,SYN-U-11397,2026-02-06T15:49:15,Inter-wallet transfer delayed during peak evening banking clearing hour.,TRANSFER,LOW,TRANSACTION_OPERATIONS,RECEIVED,REFUNDED,2318,0
SYN-CMP-10669,SYN-U-12552,2026-02-06T16:09:56,Cancelled e-commerce order refund amount is missing BDT 250 processing fee.,REFUND,LOW,DISPUTES,RECEIVED,EXPLAINED,2779,0
SYN-CMP-10670,SYN-U-13268,2026-02-06T17:22:14,Duplicate payment charged for the same restaurant QR transaction.,PAYMENT,HIGH,TRANSACTION_OPERATIONS,RECEIVED,REFUNDED,2300,1
SYN-CMP-10671,SYN-U-18689,2026-02-06T17:47:32,Money was deducted from my account but the grocery merchant did not receive payment confirmation.,PAYMENT,MEDIUM,TRANSACTION_OPERATIONS,RECEIVED,REFUNDED,1297,0
SYN-CMP-10672,SYN-U-18052,2026-02-06T19:33:02,Unable to update my registered primary phone number and email in settings.,ACCOUNT,MEDIUM,DISPUTES,RECEIVED,EXPLAINED,2320,0
SYN-CMP-10673,SYN-U-12995,2026-02-06T23:01:16,E-commerce merchant payment processed twice during checkout.,PAYMENT,HIGH,TRANSACTION_OPERATIONS,RECEIVED,REFUNDED,437,1
SYN-CMP-10674,SYN-U-11855,2026-02-06T23:27:09,E-commerce merchant payment processed twice during checkout.,PAYMENT,HIGH,TRANSACTION_OPERATIONS,RECEIVED,EXPLAINED,1962,1
SYN-CMP-10675,SYN-U-19851,2026-02-06T23:43:02,E-commerce merchant payment processed twice during checkout.,PAYMENT,HIGH,TRANSACTION_OPERATIONS,RECEIVED,REFUNDED,2351,0
SYN-CMP-10676,SYN-U-16944,2026-02-07T00:24:25,"Suspicious login notification received from unfamiliar device, someone tried to cash out.",FRAUD,CRITICAL,FRAUD_INVESTIGATION,RECEIVED,UNBLOCK_ACCOUNT,1936,1
SYN-CMP-10677,SYN-U-19516,2026-02-07T01:20:40,"Suspicious login notification received from unfamiliar device, someone tried to cash out.",FRAUD,CRITICAL,FRAUD_INVESTIGATION,RECEIVED,EXPLAINED,1750,1
SYN-CMP-10678,SYN-U-18031,2026-02-07T05:38:05,"Paid utility electricity bill through app yesterday, but bill status still shows unpaid.",PAYMENT,MEDIUM,TRANSACTION_OPERATIONS,RECEIVED,EXPLAINED,857,0
SYN-CMP-10679,SYN-U-12450,2026-02-07T05:46:27,My virtual dual-currency card was declined while making an international subscription payment.,CARD,HIGH,CARD_SERVICES,RECEIVED,REFUNDED,2839,1
SYN-CMP-10680,SYN-U-19287,2026-02-07T06:43:57,Bank deposit to Upay wallet via internet banking hasn't reflected after 4 hours.,TRANSFER,LOW,TRANSACTION_OPERATIONS,RECEIVED,EXPLAINED,1437,0
SYN-CMP-10681,SYN-U-10280,2026-02-07T06:54:19,Requesting official annual account statement for tax filing purposes.,OTHER,MEDIUM,DISPUTES,RECEIVED,REFUNDED,2647,0
SYN-CMP-10682,SYN-U-16527,2026-02-07T08:02:52,SMS OTP is taking over 5 minutes to arrive during login attempt.,TECHNICAL,LOW,TECH_SUPPORT,RECEIVED,REFUNDED,963,0
SYN-CMP-10683,SYN-U-17709,2026-02-07T09:01:05,My PIN was compromised and unauthorized funds were transferred to an unknown number.,FRAUD,HIGH,FRAUD_INVESTIGATION,RECEIVED,REFUNDED,275,1
SYN-CMP-10684,SYN-U-14336,2026-02-07T09:18:47,Inquiry regarding upcoming Eid merchant promo discounts.,OTHER,LOW,DISPUTES,RECEIVED,REVERSED,2722,0
SYN-CMP-10685,SYN-U-17314,2026-02-07T09:27:34,International online transaction toggle keeps turning off automatically in settings.,CARD,MEDIUM,CARD_SERVICES,RECEIVED,IN_PROGRESS,1739,0
SYN-CMP-10686,SYN-U-10541,2026-02-07T09:31:54,Card charged USD 45.00 for an online software transaction that I cancelled.,CARD,MEDIUM,CARD_SERVICES,RECEIVED,REFUNDED,1644,0
SYN-CMP-10687,SYN-U-13360,2026-02-07T09:40:13,"Paid utility electricity bill through app yesterday, but bill status still shows unpaid.",PAYMENT,LOW,TRANSACTION_OPERATIONS,RECEIVED,EXPLAINED,55,0
SYN-CMP-10688,SYN-U-10501,2026-02-07T10:23:57,E-commerce merchant payment processed twice during checkout.,PAYMENT,MEDIUM,TRANSACTION_OPERATIONS,RECEIVED,REFUNDED,1276,0
SYN-CMP-10689,SYN-U-16076,2026-02-07T10:32:22,"Merchant initiated refund 5 business days ago, but balance is not credited.",REFUND,LOW,DISPUTES,RECEIVED,UNBLOCK_ACCOUNT,2166,0
SYN-CMP-10690,SYN-U-14857,2026-02-07T10:42:55,My PIN was compromised and unauthorized funds were transferred to an unknown number.,FRAUD,CRITICAL,FRAUD_INVESTIGATION,RECEIVED,EXPLAINED,429,1
SYN-CMP-10691,SYN-U-18177,2026-02-07T11:06:09,My PIN was compromised and unauthorized funds were transferred to an unknown number.,FRAUD,CRITICAL,FRAUD_INVESTIGATION,RECEIVED,EXPLAINED,291,0
SYN-CMP-10692,SYN-U-17192,2026-02-07T12:14:24,Duplicate payment charged for the same restaurant QR transaction.,PAYMENT,MEDIUM,TRANSACTION_OPERATIONS,RECEIVED,REFUNDED,387,0
SYN-CMP-10693,SYN-U-14765,2026-02-07T13:06:26,Money was deducted from my account but the grocery merchant did not receive payment confirmation.,PAYMENT,LOW,TRANSACTION_OPERATIONS,RECEIVED,REVERSED,1497,0
SYN-CMP-10694,SYN-U-13855,2026-02-07T13:36:16,"Accidentally transferred BDT 3,500 to a wrong mobile number.",TRANSFER,LOW,TRANSACTION_OPERATIONS,RECEIVED,REVERSED,351,0
SYN-CMP-10695,SYN-U-11804,2026-02-07T15:05:58,My PIN was compromised and unauthorized funds were transferred to an unknown number.,FRAUD,CRITICAL,FRAUD_INVESTIGATION,RECEIVED,IN_PROGRESS,318,0
SYN-CMP-10696,SYN-U-18059,2026-02-07T15:17:06,"Received a scam call asking for OTP, shortly after BDT 8,500 was transferred out.",FRAUD,CRITICAL,FRAUD_INVESTIGATION,RECEIVED,REFUNDED,114,0
SYN-CMP-10697,SYN-U-16777,2026-02-07T15:21:07,E-commerce merchant payment processed twice during checkout.,PAYMENT,MEDIUM,TRANSACTION_OPERATIONS,RECEIVED,EXPLAINED,2757,0
SYN-CMP-10698,SYN-U-14263,2026-02-07T16:00:54,Duplicate payment charged for the same restaurant QR transaction.,PAYMENT,MEDIUM,TRANSACTION_OPERATIONS,RECEIVED,EXPLAINED,2689,0
SYN-CMP-10699,SYN-U-18365,2026-02-07T16:05:14,Duplicate payment charged for the same restaurant QR transaction.,PAYMENT,MEDIUM,TRANSACTION_OPERATIONS,RECEIVED,REVERSED,1273,0
SYN-CMP-10700,SYN-U-17087,2026-02-07T16:29:11,E-commerce merchant payment processed twice during checkout.,PAYMENT,LOW,TRANSACTION_OPERATIONS,RECEIVED,EXPLAINED,2507,0
SYN-CMP-10701,SYN-U-17220,2026-02-07T19:39:27,Partial refund received instead of full transaction amount.,REFUND,LOW,DISPUTES,RECEIVED,REFUNDED,2058,0
SYN-CMP-10702,SYN-U-18500,2026-02-07T21:01:46,Inter-wallet transfer delayed during peak evening banking clearing hour.,TRANSFER,LOW,TRANSACTION_OPERATIONS,RECEIVED,UNBLOCK_ACCOUNT,2126,0
SYN-CMP-10703,SYN-U-18601,2026-02-08T00:57:41,Upay mobile app crashes immediately on splash screen after latest update.,TECHNICAL,MEDIUM,TECH_SUPPORT,RECEIVED,EXPLAINED,559,0
SYN-CMP-10704,SYN-U-12774,2026-02-08T02:11:04,Upay mobile app crashes immediately on splash screen after latest update.,TECHNICAL,LOW,TECH_SUPPORT,RECEIVED,REVERSED,2489,0
SYN-CMP-10705,SYN-U-14199,2026-02-08T04:01:16,Inter-wallet transfer delayed during peak evening banking clearing hour.,TRANSFER,MEDIUM,TRANSACTION_OPERATIONS,RECEIVED,REFUNDED,699,0
SYN-CMP-10706,SYN-U-10122,2026-02-08T05:54:10,"Failed cash out attempt at agent, but funds debited from balance.",CASH_OUT,MEDIUM,TRANSACTION_OPERATIONS,RECEIVED,EXPLAINED,683,0
SYN-CMP-10707,SYN-U-17688,2026-02-08T07:14:55,E-commerce merchant payment processed twice during checkout.,PAYMENT,MEDIUM,TRANSACTION_OPERATIONS,RECEIVED,REFUNDED,1403,0
SYN-CMP-10708,SYN-U-12681,2026-02-08T13:23:39,Bank deposit to Upay wallet via internet banking hasn't reflected after 4 hours.,TRANSFER,MEDIUM,TRANSACTION_OPERATIONS,RECEIVED,REFUNDED,2036,0
SYN-CMP-10709,SYN-U-16964,2026-02-08T14:33:03,Phishing message led to account takeover and repeated cash-out attempts.,FRAUD,CRITICAL,FRAUD_INVESTIGATION,RECEIVED,REFUNDED,2111,1
SYN-CMP-10710,SYN-U-18281,2026-02-08T14:44:08,"Suspicious login notification received from unfamiliar device, someone tried to cash out.",FRAUD,CRITICAL,FRAUD_INVESTIGATION,RECEIVED,EXPLAINED,2175,1
SYN-CMP-10711,SYN-U-15864,2026-02-08T14:51:28,Bank deposit to Upay wallet via internet banking hasn't reflected after 4 hours.,TRANSFER,LOW,TRANSACTION_OPERATIONS,RECEIVED,EXPLAINED,805,0
SYN-CMP-10712,SYN-U-17258,2026-02-08T15:12:43,Duplicate payment charged for the same restaurant QR transaction.,PAYMENT,MEDIUM,TRANSACTION_OPERATIONS,RECEIVED,REVERSED,2791,0
SYN-CMP-10713,SYN-U-16504,2026-02-08T16:10:43,Inter-wallet transfer delayed during peak evening banking clearing hour.,TRANSFER,LOW,TRANSACTION_OPERATIONS,RECEIVED,REVERSED,2586,0
SYN-CMP-10714,SYN-U-11624,2026-02-08T17:18:13,Agent confirmed cash-out successful on terminal but I did not receive SMS confirmation.,CASH_OUT,LOW,TRANSACTION_OPERATIONS,RECEIVED,REFUNDED,388,0
SYN-CMP-10715,SYN-U-17625,2026-02-08T17:28:14,Agent deducted fee but the cash-out transaction timed out without dispensing cash.,CASH_OUT,MEDIUM,TRANSACTION_OPERATIONS,RECEIVED,REFUNDED,2648,0
SYN-CMP-10716,SYN-U-14077,2026-02-08T18:23:40,NID verification pending for more than 48 hours.,ACCOUNT,MEDIUM,DISPUTES,RECEIVED,EXPLAINED,262,0
SYN-CMP-10717,SYN-U-17882,2026-02-08T18:47:44,Phishing message led to account takeover and repeated cash-out attempts.,FRAUD,CRITICAL,FRAUD_INVESTIGATION,RECEIVED,UNBLOCK_ACCOUNT,985,1
SYN-CMP-10718,SYN-U-17984,2026-02-08T19:51:11,NID verification pending for more than 48 hours.,ACCOUNT,LOW,DISPUTES,RECEIVED,EXPLAINED,502,0
SYN-CMP-10719,SYN-U-17512,2026-02-08T20:03:29,Bank deposit to Upay wallet via internet banking hasn't reflected after 4 hours.,TRANSFER,MEDIUM,TRANSACTION_OPERATIONS,RECEIVED,REFUNDED,2761,0
SYN-CMP-10720,SYN-U-10379,2026-02-08T20:15:23,Network connection error occurred during transaction processing screen.,TECHNICAL,LOW,TECH_SUPPORT,RECEIVED,REVERSED,2382,0
SYN-CMP-10721,SYN-U-16839,2026-02-08T22:43:44,Biometric fingerprint login is not working on my new Android device.,ACCOUNT,LOW,DISPUTES,RECEIVED,IN_PROGRESS,2335,0
SYN-CMP-10722,SYN-U-11709,2026-02-08T23:23:05,Agent confirmed cash-out successful on terminal but I did not receive SMS confirmation.,CASH_OUT,MEDIUM,TRANSACTION_OPERATIONS,RECEIVED,EXPLAINED,2361,0
SYN-CMP-10723,SYN-U-19501,2026-02-08T23:29:12,Want to temporarily freeze my physical card due to lost wallet.,CARD,LOW,CARD_SERVICES,RECEIVED,EXPLAINED,2461,0
SYN-CMP-10724,SYN-U-15944,2026-02-09T01:49:53,Money was deducted from my account but the grocery merchant did not receive payment confirmation.,PAYMENT,MEDIUM,TRANSACTION_OPERATIONS,RECEIVED,REVERSED,807,0
SYN-CMP-10725,SYN-U-16235,2026-02-09T02:30:25,"Unauthorized send money transaction of BDT 15,000 sent from my account at 3:00 AM.",FRAUD,CRITICAL,FRAUD_INVESTIGATION,RECEIVED,REFUNDED,2353,0
SYN-CMP-10726,SYN-U-11016,2026-02-09T02:37:01,Card charged USD 45.00 for an online software transaction that I cancelled.,CARD,LOW,CARD_SERVICES,RECEIVED,REFUNDED,2589,0
SYN-CMP-10727,SYN-U-14000,2026-02-09T03:14:12,"Accidentally transferred BDT 3,500 to a wrong mobile number.",TRANSFER,LOW,TRANSACTION_OPERATIONS,RECEIVED,EXPLAINED,1832,0
SYN-CMP-10728,SYN-U-18459,2026-02-09T04:31:37,"Payment to merchant showed failed on app, but BDT 1,200 deducted from my Upay balance.",PAYMENT,MEDIUM,TRANSACTION_OPERATIONS,RECEIVED,REFUNDED,2198,0
SYN-CMP-10729,SYN-U-18572,2026-02-09T04:36:36,My PIN was compromised and unauthorized funds were transferred to an unknown number.,FRAUD,CRITICAL,FRAUD_INVESTIGATION,RECEIVED,UNBLOCK_ACCOUNT,330,1
SYN-CMP-10730,SYN-U-11882,2026-02-09T04:49:01,Duplicate payment charged for the same restaurant QR transaction.,PAYMENT,MEDIUM,TRANSACTION_OPERATIONS,RECEIVED,REFUNDED,246,0
SYN-CMP-10731,SYN-U-13919,2026-02-09T06:08:53,Card charged USD 45.00 for an online software transaction that I cancelled.,CARD,MEDIUM,CARD_SERVICES,RECEIVED,UNBLOCK_ACCOUNT,1871,0
SYN-CMP-10732,SYN-U-13888,2026-02-09T07:24:50,International online transaction toggle keeps turning off automatically in settings.,CARD,MEDIUM,CARD_SERVICES,RECEIVED,REFUNDED,2244,0
SYN-CMP-10733,SYN-U-19250,2026-02-09T08:35:53,"Received a scam call asking for OTP, shortly after BDT 8,500 was transferred out.",FRAUD,CRITICAL,FRAUD_INVESTIGATION,RECEIVED,EXPLAINED,1701,1
SYN-CMP-10734,SYN-U-18937,2026-02-09T10:27:54,Partial refund received instead of full transaction amount.,REFUND,LOW,DISPUTES,RECEIVED,EXPLAINED,2818,0
SYN-CMP-10735,SYN-U-13670,2026-02-09T12:57:34,Partial refund received instead of full transaction amount.,REFUND,MEDIUM,DISPUTES,RECEIVED,REFUNDED,1676,0
SYN-CMP-10736,SYN-U-14941,2026-02-09T17:53:04,"Unauthorized send money transaction of BDT 15,000 sent from my account at 3:00 AM.",FRAUD,CRITICAL,FRAUD_INVESTIGATION,RECEIVED,REFUNDED,99,1
SYN-CMP-10737,SYN-U-11882,2026-02-09T18:13:35,Duplicate payment charged for the same restaurant QR transaction.,PAYMENT,LOW,TRANSACTION_OPERATIONS,RECEIVED,DECLINED,305,0
SYN-CMP-10738,SYN-U-19809,2026-02-09T18:17:49,"Payment to merchant showed failed on app, but BDT 1,200 deducted from my Upay balance.",PAYMENT,HIGH,TRANSACTION_OPERATIONS,RECEIVED,IN_PROGRESS,2823,0
SYN-CMP-10739,SYN-U-19231,2026-02-09T21:00:06,Cash-out fee charged higher than standard 1.4% rate at the agent point.,CASH_OUT,LOW,TRANSACTION_OPERATIONS,RECEIVED,REFUNDED,1503,0
SYN-CMP-10740,SYN-U-11005,2026-02-09T21:48:56,"Paid utility electricity bill through app yesterday, but bill status still shows unpaid.",PAYMENT,MEDIUM,TRANSACTION_OPERATIONS,RECEIVED,EXPLAINED,2219,0
SYN-CMP-10741,SYN-U-11189,2026-02-10T01:45:24,Requesting official annual account statement for tax filing purposes.,OTHER,LOW,DISPUTES,RECEIVED,REFUNDED,531,0
SYN-CMP-10742,SYN-U-14579,2026-02-10T02:12:25,"Payment to merchant showed failed on app, but BDT 1,200 deducted from my Upay balance.",PAYMENT,LOW,TRANSACTION_OPERATIONS,RECEIVED,EXPLAINED,2496,0
SYN-CMP-10743,SYN-U-16721,2026-02-10T02:56:27,My virtual dual-currency card was declined while making an international subscription payment.,CARD,MEDIUM,CARD_SERVICES,RECEIVED,UNBLOCK_ACCOUNT,902,0
SYN-CMP-10744,SYN-U-12817,2026-02-10T03:09:18,Inquiry regarding upcoming Eid merchant promo discounts.,OTHER,LOW,DISPUTES,RECEIVED,EXPLAINED,2074,0
SYN-CMP-10745,SYN-U-14780,2026-02-10T04:45:17,Duplicate payment charged for the same restaurant QR transaction.,PAYMENT,MEDIUM,TRANSACTION_OPERATIONS,RECEIVED,REFUNDED,1003,0
SYN-CMP-10746,SYN-U-13742,2026-02-10T05:12:24,"Failed cash out attempt at agent, but funds debited from balance.",CASH_OUT,LOW,TRANSACTION_OPERATIONS,RECEIVED,EXPLAINED,621,0
SYN-CMP-10747,SYN-U-13207,2026-02-10T05:12:44,Cancelled e-commerce order refund amount is missing BDT 250 processing fee.,REFUND,LOW,DISPUTES,RECEIVED,REFUNDED,1842,0
SYN-CMP-10748,SYN-U-12981,2026-02-10T05:27:39,"Paid utility electricity bill through app yesterday, but bill status still shows unpaid.",PAYMENT,MEDIUM,TRANSACTION_OPERATIONS,RECEIVED,REFUNDED,1696,0
SYN-CMP-10749,SYN-U-14139,2026-02-10T05:43:04,"Fund transfer to my linked commercial bank account failed, money not credited yet.",TRANSFER,MEDIUM,TRANSACTION_OPERATIONS,RECEIVED,REFUNDED,2591,0
SYN-CMP-10750,SYN-U-13645,2026-02-10T06:04:01,E-commerce merchant payment processed twice during checkout.,PAYMENT,MEDIUM,TRANSACTION_OPERATIONS,RECEIVED,IN_PROGRESS,2053,0
SYN-CMP-10751,SYN-U-18359,2026-02-10T06:20:33,SMS OTP is taking over 5 minutes to arrive during login attempt.,TECHNICAL,LOW,TECH_SUPPORT,RECEIVED,EXPLAINED,2360,0
SYN-CMP-10752,SYN-U-17307,2026-02-10T08:44:39,"Received a scam call asking for OTP, shortly after BDT 8,500 was transferred out.",FRAUD,CRITICAL,FRAUD_INVESTIGATION,RECEIVED,REFUNDED,1974,1
SYN-CMP-10753,SYN-U-11987,2026-02-10T09:09:46,"Paid utility electricity bill through app yesterday, but bill status still shows unpaid.",PAYMENT,MEDIUM,TRANSACTION_OPERATIONS,RECEIVED,REVERSED,43,0
SYN-CMP-10754,SYN-U-11587,2026-02-10T12:07:41,My virtual dual-currency card was declined while making an international subscription payment.,CARD,MEDIUM,CARD_SERVICES,RECEIVED,EXPLAINED,2746,0
SYN-CMP-10755,SYN-U-13831,2026-02-10T14:46:18,Duplicate payment charged for the same restaurant QR transaction.,PAYMENT,MEDIUM,TRANSACTION_OPERATIONS,RECEIVED,EXPLAINED,1946,0
SYN-CMP-10756,SYN-U-12389,2026-02-10T14:48:43,"Payment to merchant showed failed on app, but BDT 1,200 deducted from my Upay balance.",PAYMENT,MEDIUM,TRANSACTION_OPERATIONS,RECEIVED,REVERSED,1663,0
SYN-CMP-10757,SYN-U-14609,2026-02-10T17:38:59,"Payment to merchant showed failed on app, but BDT 1,200 deducted from my Upay balance.",PAYMENT,LOW,TRANSACTION_OPERATIONS,RECEIVED,IN_PROGRESS,742,0
SYN-CMP-10758,SYN-U-15301,2026-02-10T18:38:44,"Failed cash out attempt at agent, but funds debited from balance.",CASH_OUT,LOW,TRANSACTION_OPERATIONS,RECEIVED,REFUNDED,1191,0
SYN-CMP-10759,SYN-U-13557,2026-02-10T20:56:40,My virtual dual-currency card was declined while making an international subscription payment.,CARD,MEDIUM,CARD_SERVICES,RECEIVED,REFUNDED,544,0
SYN-CMP-10760,SYN-U-12175,2026-02-10T22:14:39,App says account dormant even though I received funds two weeks ago.,ACCOUNT,LOW,DISPUTES,RECEIVED,REFUNDED,1631,0
SYN-CMP-10761,SYN-U-17406,2026-02-11T00:03:40,Duplicate payment charged for the same restaurant QR transaction.,PAYMENT,MEDIUM,TRANSACTION_OPERATIONS,RECEIVED,UNBLOCK_ACCOUNT,2021,0
SYN-CMP-10762,SYN-U-10757,2026-02-11T01:12:50,"Payment to merchant showed failed on app, but BDT 1,200 deducted from my Upay balance.",PAYMENT,MEDIUM,TRANSACTION_OPERATIONS,RECEIVED,REFUNDED,673,0
SYN-CMP-10763,SYN-U-11968,2026-02-11T01:14:02,"Received a scam call asking for OTP, shortly after BDT 8,500 was transferred out.",FRAUD,HIGH,FRAUD_INVESTIGATION,RECEIVED,REFUNDED,434,0
SYN-CMP-10764,SYN-U-14982,2026-02-11T01:59:40,"Paid utility electricity bill through app yesterday, but bill status still shows unpaid.",PAYMENT,LOW,TRANSACTION_OPERATIONS,RECEIVED,UNBLOCK_ACCOUNT,2752,0
SYN-CMP-10765,SYN-U-18118,2026-02-11T02:16:36,Agent confirmed cash-out successful on terminal but I did not receive SMS confirmation.,CASH_OUT,LOW,TRANSACTION_OPERATIONS,RECEIVED,REFUNDED,2148,0
SYN-CMP-10766,SYN-U-11714,2026-02-11T03:02:14,Phishing message led to account takeover and repeated cash-out attempts.,FRAUD,HIGH,FRAUD_INVESTIGATION,RECEIVED,IN_PROGRESS,2250,1
SYN-CMP-10767,SYN-U-19621,2026-02-11T05:49:00,"Accidentally transferred BDT 3,500 to a wrong mobile number.",TRANSFER,LOW,TRANSACTION_OPERATIONS,RECEIVED,EXPLAINED,35,0
SYN-CMP-10768,SYN-U-13907,2026-02-11T05:57:03,Partial refund received instead of full transaction amount.,REFUND,LOW,DISPUTES,RECEIVED,REFUNDED,2375,0
SYN-CMP-10769,SYN-U-18471,2026-02-11T05:57:49,Agent confirmed cash-out successful on terminal but I did not receive SMS confirmation.,CASH_OUT,MEDIUM,TRANSACTION_OPERATIONS,RECEIVED,UNBLOCK_ACCOUNT,580,0
SYN-CMP-10770,SYN-U-12569,2026-02-11T05:57:55,App says account dormant even though I received funds two weeks ago.,ACCOUNT,LOW,DISPUTES,RECEIVED,IN_PROGRESS,618,0
SYN-CMP-10771,SYN-U-19982,2026-02-11T10:30:32,SMS OTP is taking over 5 minutes to arrive during login attempt.,TECHNICAL,MEDIUM,TECH_SUPPORT,RECEIVED,EXPLAINED,2415,0
SYN-CMP-10772,SYN-U-14162,2026-02-11T13:19:59,"Unauthorized send money transaction of BDT 15,000 sent from my account at 3:00 AM.",FRAUD,CRITICAL,FRAUD_INVESTIGATION,RECEIVED,EXPLAINED,1525,0
SYN-CMP-10773,SYN-U-12191,2026-02-11T13:54:56,Cancelled e-commerce order refund amount is missing BDT 250 processing fee.,REFUND,LOW,DISPUTES,RECEIVED,DECLINED,772,0
SYN-CMP-10774,SYN-U-14508,2026-02-11T14:01:21,"Paid utility electricity bill through app yesterday, but bill status still shows unpaid.",PAYMENT,LOW,TRANSACTION_OPERATIONS,RECEIVED,EXPLAINED,85,0
SYN-CMP-10775,SYN-U-14946,2026-02-11T17:22:19,Bank deposit to Upay wallet via internet banking hasn't reflected after 4 hours.,TRANSFER,LOW,TRANSACTION_OPERATIONS,RECEIVED,UNBLOCK_ACCOUNT,122,0
SYN-CMP-10776,SYN-U-13609,2026-02-11T18:28:24,"Paid utility electricity bill through app yesterday, but bill status still shows unpaid.",PAYMENT,HIGH,TRANSACTION_OPERATIONS,RECEIVED,EXPLAINED,133,0
SYN-CMP-10777,SYN-U-15561,2026-02-11T19:21:46,International online transaction toggle keeps turning off automatically in settings.,CARD,HIGH,CARD_SERVICES,RECEIVED,REVERSED,1018,0
SYN-CMP-10778,SYN-U-19279,2026-02-11T20:17:44,Unable to update my registered primary phone number and email in settings.,ACCOUNT,LOW,DISPUTES,RECEIVED,REFUNDED,1399,0
SYN-CMP-10779,SYN-U-13566,2026-02-11T21:05:17,"Received a scam call asking for OTP, shortly after BDT 8,500 was transferred out.",FRAUD,HIGH,FRAUD_INVESTIGATION,RECEIVED,EXPLAINED,1556,0
SYN-CMP-10780,SYN-U-11497,2026-02-11T21:06:34,Partial refund received instead of full transaction amount.,REFUND,MEDIUM,DISPUTES,RECEIVED,REFUNDED,1472,0
SYN-CMP-10781,SYN-U-18154,2026-02-11T21:18:52,App says account dormant even though I received funds two weeks ago.,ACCOUNT,LOW,DISPUTES,RECEIVED,REVERSED,767,0
SYN-CMP-10782,SYN-U-12158,2026-02-11T21:46:14,SMS OTP is taking over 5 minutes to arrive during login attempt.,TECHNICAL,LOW,TECH_SUPPORT,RECEIVED,EXPLAINED,1143,0
SYN-CMP-10783,SYN-U-13292,2026-02-12T00:22:28,"Received a scam call asking for OTP, shortly after BDT 8,500 was transferred out.",FRAUD,CRITICAL,FRAUD_INVESTIGATION,RECEIVED,UNBLOCK_ACCOUNT,1677,1
SYN-CMP-10784,SYN-U-10318,2026-02-12T02:46:29,Unable to update my registered primary phone number and email in settings.,ACCOUNT,LOW,DISPUTES,RECEIVED,UNBLOCK_ACCOUNT,1789,0
SYN-CMP-10785,SYN-U-14655,2026-02-12T03:25:24,Duplicate payment charged for the same restaurant QR transaction.,PAYMENT,MEDIUM,TRANSACTION_OPERATIONS,RECEIVED,REFUNDED,2332,0
SYN-CMP-10786,SYN-U-13369,2026-02-12T06:31:38,"Unauthorized send money transaction of BDT 15,000 sent from my account at 3:00 AM.",FRAUD,CRITICAL,FRAUD_INVESTIGATION,RECEIVED,REFUNDED,1691,0
SYN-CMP-10787,SYN-U-11642,2026-02-12T07:22:04,Money was deducted from my account but the grocery merchant did not receive payment confirmation.,PAYMENT,MEDIUM,TRANSACTION_OPERATIONS,RECEIVED,REFUNDED,2369,0
SYN-CMP-10788,SYN-U-14093,2026-02-12T10:17:33,"Payment to merchant showed failed on app, but BDT 1,200 deducted from my Upay balance.",PAYMENT,LOW,TRANSACTION_OPERATIONS,RECEIVED,EXPLAINED,1637,0
SYN-CMP-10789,SYN-U-10076,2026-02-12T10:46:39,Endorsement limit not updating after submitting updated passport copy.,CARD,MEDIUM,CARD_SERVICES,RECEIVED,REFUNDED,1613,0
SYN-CMP-10790,SYN-U-17122,2026-02-12T12:15:56,"Paid utility electricity bill through app yesterday, but bill status still shows unpaid.",PAYMENT,MEDIUM,TRANSACTION_OPERATIONS,RECEIVED,REFUNDED,2002,0
SYN-CMP-10791,SYN-U-18805,2026-02-12T12:52:59,"Payment to merchant showed failed on app, but BDT 1,200 deducted from my Upay balance.",PAYMENT,LOW,TRANSACTION_OPERATIONS,RECEIVED,EXPLAINED,1390,0
SYN-CMP-10792,SYN-U-13824,2026-02-12T14:09:58,"Received a scam call asking for OTP, shortly after BDT 8,500 was transferred out.",FRAUD,CRITICAL,FRAUD_INVESTIGATION,RECEIVED,REFUNDED,2817,1
SYN-CMP-10793,SYN-U-14414,2026-02-12T16:41:42,E-commerce merchant payment processed twice during checkout.,PAYMENT,MEDIUM,TRANSACTION_OPERATIONS,RECEIVED,EXPLAINED,153,0
SYN-CMP-10794,SYN-U-14192,2026-02-12T17:05:56,Upay mobile app crashes immediately on splash screen after latest update.,TECHNICAL,MEDIUM,TECH_SUPPORT,RECEIVED,REFUNDED,2685,0
SYN-CMP-10795,SYN-U-13027,2026-02-12T17:54:48,Duplicate payment charged for the same restaurant QR transaction.,PAYMENT,MEDIUM,TRANSACTION_OPERATIONS,RECEIVED,REVERSED,72,0
SYN-CMP-10796,SYN-U-14883,2026-02-12T19:20:40,Partial refund received instead of full transaction amount.,REFUND,LOW,DISPUTES,RECEIVED,IN_PROGRESS,588,0
SYN-CMP-10797,SYN-U-12977,2026-02-12T19:34:10,E-commerce merchant payment processed twice during checkout.,PAYMENT,MEDIUM,TRANSACTION_OPERATIONS,RECEIVED,UNBLOCK_ACCOUNT,614,0
SYN-CMP-10798,SYN-U-14562,2026-02-12T20:01:55,Agent deducted fee but the cash-out transaction timed out without dispensing cash.,CASH_OUT,LOW,TRANSACTION_OPERATIONS,RECEIVED,UNBLOCK_ACCOUNT,2527,0
SYN-CMP-10799,SYN-U-15245,2026-02-13T03:55:07,App says account dormant even though I received funds two weeks ago.,ACCOUNT,MEDIUM,DISPUTES,RECEIVED,UNBLOCK_ACCOUNT,2392,0
SYN-CMP-10800,SYN-U-18268,2026-02-13T08:34:54,"Unauthorized send money transaction of BDT 15,000 sent from my account at 3:00 AM.",FRAUD,CRITICAL,FRAUD_INVESTIGATION,RECEIVED,EXPLAINED,495,1
SYN-CMP-10801,SYN-U-15222,2026-02-13T10:34:36,Money was deducted from my account but the grocery merchant did not receive payment confirmation.,PAYMENT,MEDIUM,TRANSACTION_OPERATIONS,RECEIVED,REFUNDED,1273,0
SYN-CMP-10802,SYN-U-10245,2026-02-13T11:06:15,"Failed cash out attempt at agent, but funds debited from balance.",CASH_OUT,LOW,TRANSACTION_OPERATIONS,RECEIVED,REFUNDED,2761,0
SYN-CMP-10803,SYN-U-16980,2026-02-13T12:01:42,"Suspicious login notification received from unfamiliar device, someone tried to cash out.",FRAUD,CRITICAL,FRAUD_INVESTIGATION,RECEIVED,DECLINED,2564,0
SYN-CMP-10804,SYN-U-18506,2026-02-13T12:17:11,"Payment to merchant showed failed on app, but BDT 1,200 deducted from my Upay balance.",PAYMENT,LOW,TRANSACTION_OPERATIONS,RECEIVED,REFUNDED,1530,0
SYN-CMP-10805,SYN-U-15791,2026-02-13T14:13:19,Agent confirmed cash-out successful on terminal but I did not receive SMS confirmation.,CASH_OUT,LOW,TRANSACTION_OPERATIONS,RECEIVED,EXPLAINED,969,0
SYN-CMP-10806,SYN-U-11232,2026-02-13T15:01:59,"Suspicious login notification received from unfamiliar device, someone tried to cash out.",FRAUD,CRITICAL,FRAUD_INVESTIGATION,RECEIVED,EXPLAINED,1238,0
SYN-CMP-10807,SYN-U-18003,2026-02-13T16:12:39,"Suspicious login notification received from unfamiliar device, someone tried to cash out.",FRAUD,CRITICAL,FRAUD_INVESTIGATION,RECEIVED,REVERSED,888,0
SYN-CMP-10808,SYN-U-13166,2026-02-13T19:35:56,Duplicate payment charged for the same restaurant QR transaction.,PAYMENT,MEDIUM,TRANSACTION_OPERATIONS,RECEIVED,REFUNDED,637,0
SYN-CMP-10809,SYN-U-16793,2026-02-13T20:55:51,"Received a scam call asking for OTP, shortly after BDT 8,500 was transferred out.",FRAUD,CRITICAL,FRAUD_INVESTIGATION,RECEIVED,REFUNDED,1629,0
SYN-CMP-10810,SYN-U-13360,2026-02-13T21:05:17,Agent deducted fee but the cash-out transaction timed out without dispensing cash.,CASH_OUT,MEDIUM,TRANSACTION_OPERATIONS,RECEIVED,REFUNDED,1999,0
SYN-CMP-10811,SYN-U-19847,2026-02-13T22:34:44,Phishing message led to account takeover and repeated cash-out attempts.,FRAUD,CRITICAL,FRAUD_INVESTIGATION,RECEIVED,IN_PROGRESS,2313,1
SYN-CMP-10812,SYN-U-11778,2026-02-14T02:14:48,Money was deducted from my account but the grocery merchant did not receive payment confirmation.,PAYMENT,MEDIUM,TRANSACTION_OPERATIONS,RECEIVED,IN_PROGRESS,646,0
SYN-CMP-10813,SYN-U-12446,2026-02-14T02:57:31,SMS OTP is taking over 5 minutes to arrive during login attempt.,TECHNICAL,LOW,TECH_SUPPORT,RECEIVED,EXPLAINED,1689,0
SYN-CMP-10814,SYN-U-18294,2026-02-14T04:11:29,"Received a scam call asking for OTP, shortly after BDT 8,500 was transferred out.",FRAUD,HIGH,FRAUD_INVESTIGATION,RECEIVED,UNBLOCK_ACCOUNT,1235,1
SYN-CMP-10815,SYN-U-12228,2026-02-14T05:20:02,"Received a scam call asking for OTP, shortly after BDT 8,500 was transferred out.",FRAUD,CRITICAL,FRAUD_INVESTIGATION,RECEIVED,REVERSED,250,1
SYN-CMP-10816,SYN-U-14615,2026-02-14T05:31:12,"Unauthorized send money transaction of BDT 15,000 sent from my account at 3:00 AM.",FRAUD,CRITICAL,FRAUD_INVESTIGATION,RECEIVED,REVERSED,1010,1
SYN-CMP-10817,SYN-U-14653,2026-02-14T09:36:27,"Paid utility electricity bill through app yesterday, but bill status still shows unpaid.",PAYMENT,MEDIUM,TRANSACTION_OPERATIONS,RECEIVED,EXPLAINED,53,0
SYN-CMP-10818,SYN-U-10953,2026-02-14T09:44:57,My PIN was compromised and unauthorized funds were transferred to an unknown number.,FRAUD,HIGH,FRAUD_INVESTIGATION,RECEIVED,EXPLAINED,1084,0
SYN-CMP-10819,SYN-U-10294,2026-02-14T11:20:32,"Paid utility electricity bill through app yesterday, but bill status still shows unpaid.",PAYMENT,MEDIUM,TRANSACTION_OPERATIONS,RECEIVED,EXPLAINED,346,0
SYN-CMP-10820,SYN-U-17306,2026-02-14T12:33:09,Duplicate payment charged for the same restaurant QR transaction.,PAYMENT,HIGH,TRANSACTION_OPERATIONS,RECEIVED,REFUNDED,1003,0
SYN-CMP-10821,SYN-U-16799,2026-02-14T13:18:39,"Accidentally transferred BDT 3,500 to a wrong mobile number.",TRANSFER,MEDIUM,TRANSACTION_OPERATIONS,RECEIVED,REFUNDED,39,0
SYN-CMP-10822,SYN-U-12630,2026-02-14T16:38:39,Biometric fingerprint login is not working on my new Android device.,ACCOUNT,MEDIUM,DISPUTES,RECEIVED,EXPLAINED,1593,0
SYN-CMP-10823,SYN-U-17685,2026-02-14T16:52:10,App says account dormant even though I received funds two weeks ago.,ACCOUNT,MEDIUM,DISPUTES,RECEIVED,EXPLAINED,2305,0
SYN-CMP-10824,SYN-U-19370,2026-02-14T20:06:51,International online transaction toggle keeps turning off automatically in settings.,CARD,MEDIUM,CARD_SERVICES,RECEIVED,EXPLAINED,2352,0
SYN-CMP-10825,SYN-U-11065,2026-02-14T20:24:22,E-commerce merchant payment processed twice during checkout.,PAYMENT,MEDIUM,TRANSACTION_OPERATIONS,RECEIVED,IN_PROGRESS,1252,0
SYN-CMP-10826,SYN-U-18072,2026-02-14T21:57:05,Card charged USD 45.00 for an online software transaction that I cancelled.,CARD,MEDIUM,CARD_SERVICES,RECEIVED,DECLINED,2453,0
SYN-CMP-10827,SYN-U-19004,2026-02-14T23:41:10,"Payment to merchant showed failed on app, but BDT 1,200 deducted from my Upay balance.",PAYMENT,MEDIUM,TRANSACTION_OPERATIONS,RECEIVED,UNBLOCK_ACCOUNT,733,0
SYN-CMP-10828,SYN-U-10938,2026-02-14T23:42:10,"Failed cash out attempt at agent, but funds debited from balance.",CASH_OUT,LOW,TRANSACTION_OPERATIONS,RECEIVED,DECLINED,1161,0
SYN-CMP-10829,SYN-U-16712,2026-02-15T00:12:56,Bank deposit to Upay wallet via internet banking hasn't reflected after 4 hours.,TRANSFER,MEDIUM,TRANSACTION_OPERATIONS,RECEIVED,EXPLAINED,1026,0
SYN-CMP-10830,SYN-U-16630,2026-02-15T00:38:12,"Accidentally transferred BDT 3,500 to a wrong mobile number.",TRANSFER,MEDIUM,TRANSACTION_OPERATIONS,RECEIVED,EXPLAINED,2353,0
SYN-CMP-10831,SYN-U-10820,2026-02-15T00:44:49,"Suspicious login notification received from unfamiliar device, someone tried to cash out.",FRAUD,CRITICAL,FRAUD_INVESTIGATION,RECEIVED,REFUNDED,89,1
SYN-CMP-10832,SYN-U-13413,2026-02-15T02:03:08,Money was deducted from my account but the grocery merchant did not receive payment confirmation.,PAYMENT,MEDIUM,TRANSACTION_OPERATIONS,RECEIVED,EXPLAINED,754,0
SYN-CMP-10833,SYN-U-19455,2026-02-15T02:26:33,Money was deducted from my account but the grocery merchant did not receive payment confirmation.,PAYMENT,MEDIUM,TRANSACTION_OPERATIONS,RECEIVED,REFUNDED,865,0
SYN-CMP-10834,SYN-U-10447,2026-02-15T04:22:13,"Accidentally transferred BDT 3,500 to a wrong mobile number.",TRANSFER,MEDIUM,TRANSACTION_OPERATIONS,RECEIVED,IN_PROGRESS,1312,0
SYN-CMP-10835,SYN-U-18718,2026-02-15T05:32:52,Agent confirmed cash-out successful on terminal but I did not receive SMS confirmation.,CASH_OUT,MEDIUM,TRANSACTION_OPERATIONS,RECEIVED,EXPLAINED,2265,0
SYN-CMP-10836,SYN-U-11659,2026-02-15T06:24:55,My virtual dual-currency card was declined while making an international subscription payment.,CARD,MEDIUM,CARD_SERVICES,RECEIVED,REFUNDED,2189,0
SYN-CMP-10837,SYN-U-14459,2026-02-15T07:02:02,Cancelled e-commerce order refund amount is missing BDT 250 processing fee.,REFUND,MEDIUM,DISPUTES,RECEIVED,REVERSED,945,0
SYN-CMP-10838,SYN-U-14041,2026-02-15T08:21:05,"Payment to merchant showed failed on app, but BDT 1,200 deducted from my Upay balance.",PAYMENT,LOW,TRANSACTION_OPERATIONS,RECEIVED,EXPLAINED,992,0
SYN-CMP-10839,SYN-U-17117,2026-02-15T09:20:51,"Unauthorized send money transaction of BDT 15,000 sent from my account at 3:00 AM.",FRAUD,CRITICAL,FRAUD_INVESTIGATION,RECEIVED,REFUNDED,1454,1
SYN-CMP-10840,SYN-U-10957,2026-02-15T10:52:34,"Merchant initiated refund 5 business days ago, but balance is not credited.",REFUND,MEDIUM,DISPUTES,RECEIVED,REFUNDED,2617,0
SYN-CMP-10841,SYN-U-10464,2026-02-15T12:49:43,"Payment to merchant showed failed on app, but BDT 1,200 deducted from my Upay balance.",PAYMENT,LOW,TRANSACTION_OPERATIONS,RECEIVED,REFUNDED,207,0
SYN-CMP-10842,SYN-U-13804,2026-02-15T13:06:53,Network connection error occurred during transaction processing screen.,TECHNICAL,LOW,TECH_SUPPORT,RECEIVED,UNBLOCK_ACCOUNT,2547,0
SYN-CMP-10843,SYN-U-10988,2026-02-15T14:33:23,Duplicate payment charged for the same restaurant QR transaction.,PAYMENT,HIGH,TRANSACTION_OPERATIONS,RECEIVED,EXPLAINED,988,0
SYN-CMP-10844,SYN-U-10861,2026-02-15T15:23:39,"Merchant initiated refund 5 business days ago, but balance is not credited.",REFUND,MEDIUM,DISPUTES,RECEIVED,IN_PROGRESS,263,0
SYN-CMP-10845,SYN-U-10631,2026-02-15T15:34:06,"Payment to merchant showed failed on app, but BDT 1,200 deducted from my Upay balance.",PAYMENT,LOW,TRANSACTION_OPERATIONS,RECEIVED,UNBLOCK_ACCOUNT,1355,0
SYN-CMP-10846,SYN-U-15619,2026-02-15T16:24:08,Phishing message led to account takeover and repeated cash-out attempts.,FRAUD,CRITICAL,FRAUD_INVESTIGATION,RECEIVED,REFUNDED,2101,1
SYN-CMP-10847,SYN-U-12169,2026-02-15T18:07:18,"Failed cash out attempt at agent, but funds debited from balance.",CASH_OUT,LOW,TRANSACTION_OPERATIONS,RECEIVED,REFUNDED,1017,0
SYN-CMP-10848,SYN-U-17138,2026-02-15T18:18:28,Inter-wallet transfer delayed during peak evening banking clearing hour.,TRANSFER,MEDIUM,TRANSACTION_OPERATIONS,RECEIVED,REVERSED,2136,0
SYN-CMP-10849,SYN-U-15027,2026-02-15T18:49:28,App says account dormant even though I received funds two weeks ago.,ACCOUNT,LOW,DISPUTES,RECEIVED,REFUNDED,1305,0
SYN-CMP-10850,SYN-U-11892,2026-02-15T18:52:07,Partial refund received instead of full transaction amount.,REFUND,LOW,DISPUTES,RECEIVED,REVERSED,1973,0
SYN-CMP-10851,SYN-U-18521,2026-02-15T20:37:06,Biometric fingerprint login is not working on my new Android device.,ACCOUNT,MEDIUM,DISPUTES,RECEIVED,UNBLOCK_ACCOUNT,1443,0
SYN-CMP-10852,SYN-U-17539,2026-02-15T21:13:15,"Suspicious login notification received from unfamiliar device, someone tried to cash out.",FRAUD,CRITICAL,FRAUD_INVESTIGATION,RECEIVED,REFUNDED,820,1
SYN-CMP-10853,SYN-U-18923,2026-02-15T22:47:47,E-commerce merchant payment processed twice during checkout.,PAYMENT,LOW,TRANSACTION_OPERATIONS,RECEIVED,UNBLOCK_ACCOUNT,2527,0
SYN-CMP-10854,SYN-U-11312,2026-02-16T03:19:42,"Payment to merchant showed failed on app, but BDT 1,200 deducted from my Upay balance.",PAYMENT,HIGH,TRANSACTION_OPERATIONS,RECEIVED,REFUNDED,83,0
SYN-CMP-10855,SYN-U-12356,2026-02-16T04:13:00,"Paid utility electricity bill through app yesterday, but bill status still shows unpaid.",PAYMENT,MEDIUM,TRANSACTION_OPERATIONS,RECEIVED,EXPLAINED,493,0
SYN-CMP-10856,SYN-U-11012,2026-02-16T05:13:01,Unable to update my registered primary phone number and email in settings.,ACCOUNT,LOW,DISPUTES,RECEIVED,REFUNDED,1294,0
SYN-CMP-10857,SYN-U-15383,2026-02-16T05:19:48,International online transaction toggle keeps turning off automatically in settings.,CARD,MEDIUM,CARD_SERVICES,RECEIVED,REVERSED,494,0
SYN-CMP-10858,SYN-U-16687,2026-02-16T06:46:48,Money was deducted from my account but the grocery merchant did not receive payment confirmation.,PAYMENT,LOW,TRANSACTION_OPERATIONS,RECEIVED,EXPLAINED,2211,0
SYN-CMP-10859,SYN-U-18519,2026-02-16T12:32:14,Network connection error occurred during transaction processing screen.,TECHNICAL,MEDIUM,TECH_SUPPORT,RECEIVED,EXPLAINED,1739,0
SYN-CMP-10860,SYN-U-14711,2026-02-16T14:14:39,"Failed cash out attempt at agent, but funds debited from balance.",CASH_OUT,MEDIUM,TRANSACTION_OPERATIONS,RECEIVED,REFUNDED,2684,0
SYN-CMP-10861,SYN-U-16570,2026-02-16T15:49:55,Agent confirmed cash-out successful on terminal but I did not receive SMS confirmation.,CASH_OUT,MEDIUM,TRANSACTION_OPERATIONS,RECEIVED,EXPLAINED,2428,0
SYN-CMP-10862,SYN-U-14747,2026-02-16T16:53:46,Cancelled e-commerce order refund amount is missing BDT 250 processing fee.,REFUND,LOW,DISPUTES,RECEIVED,REVERSED,1567,0
SYN-CMP-10863,SYN-U-14913,2026-02-16T20:28:14,Inter-wallet transfer delayed during peak evening banking clearing hour.,TRANSFER,LOW,TRANSACTION_OPERATIONS,RECEIVED,REFUNDED,2538,0
SYN-CMP-10864,SYN-U-18768,2026-02-16T20:40:16,"Failed cash out attempt at agent, but funds debited from balance.",CASH_OUT,LOW,TRANSACTION_OPERATIONS,RECEIVED,REFUNDED,2009,0
SYN-CMP-10865,SYN-U-11343,2026-02-17T01:59:37,My virtual dual-currency card was declined while making an international subscription payment.,CARD,MEDIUM,CARD_SERVICES,RECEIVED,UNBLOCK_ACCOUNT,2294,0
SYN-CMP-10866,SYN-U-10104,2026-02-17T03:07:46,"Paid utility electricity bill through app yesterday, but bill status still shows unpaid.",PAYMENT,HIGH,TRANSACTION_OPERATIONS,RECEIVED,IN_PROGRESS,1359,1
SYN-CMP-10867,SYN-U-18329,2026-02-17T03:33:35,E-commerce merchant payment processed twice during checkout.,PAYMENT,HIGH,TRANSACTION_OPERATIONS,RECEIVED,EXPLAINED,1294,0
SYN-CMP-10868,SYN-U-16786,2026-02-17T05:07:01,Upay mobile app crashes immediately on splash screen after latest update.,TECHNICAL,MEDIUM,TECH_SUPPORT,RECEIVED,REVERSED,1076,0
SYN-CMP-10869,SYN-U-17466,2026-02-17T05:18:52,My virtual dual-currency card was declined while making an international subscription payment.,CARD,HIGH,CARD_SERVICES,RECEIVED,REFUNDED,860,1
SYN-CMP-10870,SYN-U-13461,2026-02-17T05:40:48,"Fund transfer to my linked commercial bank account failed, money not credited yet.",TRANSFER,MEDIUM,TRANSACTION_OPERATIONS,RECEIVED,REFUNDED,2183,0
SYN-CMP-10871,SYN-U-14367,2026-02-17T07:36:17,"Payment to merchant showed failed on app, but BDT 1,200 deducted from my Upay balance.",PAYMENT,MEDIUM,TRANSACTION_OPERATIONS,RECEIVED,EXPLAINED,1549,0
SYN-CMP-10872,SYN-U-13232,2026-02-17T09:40:56,Want to temporarily freeze my physical card due to lost wallet.,CARD,LOW,CARD_SERVICES,RECEIVED,EXPLAINED,500,0
SYN-CMP-10873,SYN-U-10326,2026-02-17T13:37:06,Money was deducted from my account but the grocery merchant did not receive payment confirmation.,PAYMENT,MEDIUM,TRANSACTION_OPERATIONS,RECEIVED,REFUNDED,1588,0
SYN-CMP-10874,SYN-U-12531,2026-02-17T14:03:17,My account has been temporarily restricted after entering wrong PIN 3 times.,ACCOUNT,LOW,DISPUTES,RECEIVED,UNBLOCK_ACCOUNT,2862,0
SYN-CMP-10875,SYN-U-19692,2026-02-17T15:37:35,"Suspicious login notification received from unfamiliar device, someone tried to cash out.",FRAUD,CRITICAL,FRAUD_INVESTIGATION,RECEIVED,UNBLOCK_ACCOUNT,2671,0
SYN-CMP-10876,SYN-U-19315,2026-02-17T16:12:55,"Fund transfer to my linked commercial bank account failed, money not credited yet.",TRANSFER,LOW,TRANSACTION_OPERATIONS,RECEIVED,IN_PROGRESS,2713,0
SYN-CMP-10877,SYN-U-15325,2026-02-17T16:51:20,"Unauthorized send money transaction of BDT 15,000 sent from my account at 3:00 AM.",FRAUD,HIGH,FRAUD_INVESTIGATION,RECEIVED,IN_PROGRESS,2503,1
SYN-CMP-10878,SYN-U-11831,2026-02-17T18:34:41,"Accidentally transferred BDT 3,500 to a wrong mobile number.",TRANSFER,MEDIUM,TRANSACTION_OPERATIONS,RECEIVED,REFUNDED,257,0
SYN-CMP-10879,SYN-U-12255,2026-02-17T18:43:55,NID verification pending for more than 48 hours.,ACCOUNT,LOW,DISPUTES,RECEIVED,REVERSED,1795,0
SYN-CMP-10880,SYN-U-14931,2026-02-17T19:33:35,My virtual dual-currency card was declined while making an international subscription payment.,CARD,HIGH,CARD_SERVICES,RECEIVED,IN_PROGRESS,1999,0
SYN-CMP-10881,SYN-U-13845,2026-02-17T22:59:17,Endorsement limit not updating after submitting updated passport copy.,CARD,MEDIUM,CARD_SERVICES,RECEIVED,UNBLOCK_ACCOUNT,687,0
SYN-CMP-10882,SYN-U-19744,2026-02-17T23:25:49,Partial refund received instead of full transaction amount.,REFUND,LOW,DISPUTES,RECEIVED,REFUNDED,740,0
SYN-CMP-10883,SYN-U-11962,2026-02-18T02:43:57,Endorsement limit not updating after submitting updated passport copy.,CARD,HIGH,CARD_SERVICES,RECEIVED,REFUNDED,1556,0
SYN-CMP-10884,SYN-U-16064,2026-02-18T04:40:32,Card charged USD 45.00 for an online software transaction that I cancelled.,CARD,MEDIUM,CARD_SERVICES,RECEIVED,REVERSED,951,0
SYN-CMP-10885,SYN-U-19043,2026-02-18T05:48:50,"Paid utility electricity bill through app yesterday, but bill status still shows unpaid.",PAYMENT,MEDIUM,TRANSACTION_OPERATIONS,RECEIVED,REFUNDED,148,0
SYN-CMP-10886,SYN-U-10924,2026-02-18T06:17:52,"Paid utility electricity bill through app yesterday, but bill status still shows unpaid.",PAYMENT,LOW,TRANSACTION_OPERATIONS,RECEIVED,REFUNDED,2818,0
SYN-CMP-10887,SYN-U-17944,2026-02-18T08:38:35,"Payment to merchant showed failed on app, but BDT 1,200 deducted from my Upay balance.",PAYMENT,MEDIUM,TRANSACTION_OPERATIONS,RECEIVED,REFUNDED,855,0
SYN-CMP-10888,SYN-U-12602,2026-02-18T08:47:54,"Fund transfer to my linked commercial bank account failed, money not credited yet.",TRANSFER,MEDIUM,TRANSACTION_OPERATIONS,RECEIVED,EXPLAINED,1922,0
SYN-CMP-10889,SYN-U-19505,2026-02-18T08:59:47,"Unauthorized send money transaction of BDT 15,000 sent from my account at 3:00 AM.",FRAUD,HIGH,FRAUD_INVESTIGATION,RECEIVED,REFUNDED,753,1
SYN-CMP-10890,SYN-U-10215,2026-02-18T11:01:49,"Payment to merchant showed failed on app, but BDT 1,200 deducted from my Upay balance.",PAYMENT,MEDIUM,TRANSACTION_OPERATIONS,RECEIVED,REFUNDED,1304,0
SYN-CMP-10891,SYN-U-13624,2026-02-18T11:48:15,"Payment to merchant showed failed on app, but BDT 1,200 deducted from my Upay balance.",PAYMENT,MEDIUM,TRANSACTION_OPERATIONS,RECEIVED,EXPLAINED,1809,0
SYN-CMP-10892,SYN-U-19157,2026-02-18T13:17:02,Cancelled e-commerce order refund amount is missing BDT 250 processing fee.,REFUND,LOW,DISPUTES,RECEIVED,REFUNDED,1347,0
SYN-CMP-10893,SYN-U-10411,2026-02-18T13:42:16,App says account dormant even though I received funds two weeks ago.,ACCOUNT,LOW,DISPUTES,RECEIVED,REFUNDED,2238,0
SYN-CMP-10894,SYN-U-18215,2026-02-18T14:54:54,"Paid utility electricity bill through app yesterday, but bill status still shows unpaid.",PAYMENT,HIGH,TRANSACTION_OPERATIONS,RECEIVED,EXPLAINED,2097,1
SYN-CMP-10895,SYN-U-19417,2026-02-18T14:58:58,Bank deposit to Upay wallet via internet banking hasn't reflected after 4 hours.,TRANSFER,MEDIUM,TRANSACTION_OPERATIONS,RECEIVED,UNBLOCK_ACCOUNT,2779,0
SYN-CMP-10896,SYN-U-12776,2026-02-18T17:20:29,"Payment to merchant showed failed on app, but BDT 1,200 deducted from my Upay balance.",PAYMENT,LOW,TRANSACTION_OPERATIONS,RECEIVED,REFUNDED,1211,0
SYN-CMP-10897,SYN-U-17025,2026-02-18T18:02:25,Duplicate payment charged for the same restaurant QR transaction.,PAYMENT,HIGH,TRANSACTION_OPERATIONS,RECEIVED,EXPLAINED,2762,1
SYN-CMP-10898,SYN-U-10996,2026-02-18T18:26:36,Upay mobile app crashes immediately on splash screen after latest update.,TECHNICAL,MEDIUM,TECH_SUPPORT,RECEIVED,EXPLAINED,2685,0
SYN-CMP-10899,SYN-U-12529,2026-02-18T20:08:03,"Paid utility electricity bill through app yesterday, but bill status still shows unpaid.",PAYMENT,LOW,TRANSACTION_OPERATIONS,RECEIVED,REFUNDED,1205,0
SYN-CMP-10900,SYN-U-10991,2026-02-18T20:55:50,Money was deducted from my account but the grocery merchant did not receive payment confirmation.,PAYMENT,MEDIUM,TRANSACTION_OPERATIONS,RECEIVED,EXPLAINED,2724,0
SYN-CMP-10901,SYN-U-17125,2026-02-18T20:58:52,Duplicate payment charged for the same restaurant QR transaction.,PAYMENT,MEDIUM,TRANSACTION_OPERATIONS,RECEIVED,REFUNDED,1978,0
SYN-CMP-10902,SYN-U-11757,2026-02-18T22:01:09,Requesting official annual account statement for tax filing purposes.,OTHER,LOW,DISPUTES,RECEIVED,EXPLAINED,2845,0
SYN-CMP-10903,SYN-U-14750,2026-02-18T22:21:40,E-commerce merchant payment processed twice during checkout.,PAYMENT,HIGH,TRANSACTION_OPERATIONS,RECEIVED,REFUNDED,1686,0
SYN-CMP-10904,SYN-U-16405,2026-02-18T22:22:05,"Suspicious login notification received from unfamiliar device, someone tried to cash out.",FRAUD,CRITICAL,FRAUD_INVESTIGATION,RECEIVED,REFUNDED,2530,1
SYN-CMP-10905,SYN-U-14909,2026-02-19T00:37:12,Requesting official annual account statement for tax filing purposes.,OTHER,LOW,DISPUTES,RECEIVED,UNBLOCK_ACCOUNT,1076,0
SYN-CMP-10906,SYN-U-13174,2026-02-19T06:34:53,"Paid utility electricity bill through app yesterday, but bill status still shows unpaid.",PAYMENT,MEDIUM,TRANSACTION_OPERATIONS,RECEIVED,REFUNDED,1819,0
SYN-CMP-10907,SYN-U-11360,2026-02-19T06:45:30,Cash-out fee charged higher than standard 1.4% rate at the agent point.,CASH_OUT,LOW,TRANSACTION_OPERATIONS,RECEIVED,EXPLAINED,1034,0
SYN-CMP-10908,SYN-U-13468,2026-02-19T07:16:12,E-commerce merchant payment processed twice during checkout.,PAYMENT,MEDIUM,TRANSACTION_OPERATIONS,RECEIVED,REVERSED,2108,0
SYN-CMP-10909,SYN-U-12390,2026-02-19T07:28:25,"Unauthorized send money transaction of BDT 15,000 sent from my account at 3:00 AM.",FRAUD,HIGH,FRAUD_INVESTIGATION,RECEIVED,REFUNDED,1135,1
SYN-CMP-10910,SYN-U-17097,2026-02-19T07:46:41,My virtual dual-currency card was declined while making an international subscription payment.,CARD,MEDIUM,CARD_SERVICES,RECEIVED,IN_PROGRESS,1203,0
SYN-CMP-10911,SYN-U-13329,2026-02-19T11:26:36,Inter-wallet transfer delayed during peak evening banking clearing hour.,TRANSFER,LOW,TRANSACTION_OPERATIONS,RECEIVED,EXPLAINED,1195,0
SYN-CMP-10912,SYN-U-17150,2026-02-19T12:04:01,International online transaction toggle keeps turning off automatically in settings.,CARD,MEDIUM,CARD_SERVICES,RECEIVED,EXPLAINED,2558,0
SYN-CMP-10913,SYN-U-13258,2026-02-19T13:36:08,Agent confirmed cash-out successful on terminal but I did not receive SMS confirmation.,CASH_OUT,LOW,TRANSACTION_OPERATIONS,RECEIVED,REFUNDED,212,0
SYN-CMP-10914,SYN-U-14857,2026-02-19T13:46:36,"Merchant initiated refund 5 business days ago, but balance is not credited.",REFUND,MEDIUM,DISPUTES,RECEIVED,REFUNDED,1615,0
SYN-CMP-10915,SYN-U-13392,2026-02-19T14:33:50,NID verification pending for more than 48 hours.,ACCOUNT,LOW,DISPUTES,RECEIVED,IN_PROGRESS,2869,0
SYN-CMP-10916,SYN-U-11028,2026-02-19T16:12:40,"Paid utility electricity bill through app yesterday, but bill status still shows unpaid.",PAYMENT,MEDIUM,TRANSACTION_OPERATIONS,RECEIVED,REFUNDED,2105,0
SYN-CMP-10917,SYN-U-12025,2026-02-19T18:17:11,NID verification pending for more than 48 hours.,ACCOUNT,LOW,DISPUTES,RECEIVED,EXPLAINED,153,0
SYN-CMP-10918,SYN-U-19480,2026-02-19T19:06:22,Card charged USD 45.00 for an online software transaction that I cancelled.,CARD,MEDIUM,CARD_SERVICES,RECEIVED,EXPLAINED,309,0
SYN-CMP-10919,SYN-U-18410,2026-02-19T21:34:51,Upay mobile app crashes immediately on splash screen after latest update.,TECHNICAL,MEDIUM,TECH_SUPPORT,RECEIVED,REFUNDED,1037,0
SYN-CMP-10920,SYN-U-11837,2026-02-19T21:47:27,Bank deposit to Upay wallet via internet banking hasn't reflected after 4 hours.,TRANSFER,LOW,TRANSACTION_OPERATIONS,RECEIVED,REFUNDED,181,0
SYN-CMP-10921,SYN-U-12079,2026-02-19T22:21:55,"Suspicious login notification received from unfamiliar device, someone tried to cash out.",FRAUD,HIGH,FRAUD_INVESTIGATION,RECEIVED,UNBLOCK_ACCOUNT,601,1
SYN-CMP-10922,SYN-U-16619,2026-02-19T23:03:16,"Unauthorized send money transaction of BDT 15,000 sent from my account at 3:00 AM.",FRAUD,CRITICAL,FRAUD_INVESTIGATION,RECEIVED,UNBLOCK_ACCOUNT,2756,1
SYN-CMP-10923,SYN-U-18075,2026-02-20T00:58:36,"Received a scam call asking for OTP, shortly after BDT 8,500 was transferred out.",FRAUD,CRITICAL,FRAUD_INVESTIGATION,RECEIVED,EXPLAINED,1981,1
SYN-CMP-10924,SYN-U-14286,2026-02-20T01:05:01,"Payment to merchant showed failed on app, but BDT 1,200 deducted from my Upay balance.",PAYMENT,MEDIUM,TRANSACTION_OPERATIONS,RECEIVED,REFUNDED,763,0
SYN-CMP-10925,SYN-U-16705,2026-02-20T02:29:09,Unable to update my registered primary phone number and email in settings.,ACCOUNT,LOW,DISPUTES,RECEIVED,EXPLAINED,1214,0
SYN-CMP-10926,SYN-U-11093,2026-02-20T05:23:09,Cash-out fee charged higher than standard 1.4% rate at the agent point.,CASH_OUT,LOW,TRANSACTION_OPERATIONS,RECEIVED,REFUNDED,1113,0
SYN-CMP-10927,SYN-U-12566,2026-02-20T07:00:26,"Merchant initiated refund 5 business days ago, but balance is not credited.",REFUND,LOW,DISPUTES,RECEIVED,EXPLAINED,1657,0
SYN-CMP-10928,SYN-U-12768,2026-02-20T08:50:13,Partial refund received instead of full transaction amount.,REFUND,LOW,DISPUTES,RECEIVED,REFUNDED,1519,0
SYN-CMP-10929,SYN-U-10400,2026-02-20T13:04:36,Inter-wallet transfer delayed during peak evening banking clearing hour.,TRANSFER,LOW,TRANSACTION_OPERATIONS,RECEIVED,EXPLAINED,1888,0
SYN-CMP-10930,SYN-U-12056,2026-02-20T13:19:53,Money was deducted from my account but the grocery merchant did not receive payment confirmation.,PAYMENT,MEDIUM,TRANSACTION_OPERATIONS,RECEIVED,REFUNDED,2252,0
SYN-CMP-10931,SYN-U-18611,2026-02-20T14:21:30,My account has been temporarily restricted after entering wrong PIN 3 times.,ACCOUNT,MEDIUM,DISPUTES,RECEIVED,UNBLOCK_ACCOUNT,1291,0
SYN-CMP-10932,SYN-U-14134,2026-02-20T14:41:29,E-commerce merchant payment processed twice during checkout.,PAYMENT,MEDIUM,TRANSACTION_OPERATIONS,RECEIVED,REFUNDED,477,0
SYN-CMP-10933,SYN-U-18927,2026-02-20T16:30:14,Duplicate payment charged for the same restaurant QR transaction.,PAYMENT,MEDIUM,TRANSACTION_OPERATIONS,RECEIVED,IN_PROGRESS,2418,0
SYN-CMP-10934,SYN-U-10339,2026-02-20T16:35:48,Money was deducted from my account but the grocery merchant did not receive payment confirmation.,PAYMENT,MEDIUM,TRANSACTION_OPERATIONS,RECEIVED,EXPLAINED,1731,0
SYN-CMP-10935,SYN-U-11947,2026-02-20T17:42:29,App says account dormant even though I received funds two weeks ago.,ACCOUNT,LOW,DISPUTES,RECEIVED,EXPLAINED,2502,0
SYN-CMP-10936,SYN-U-16708,2026-02-20T19:26:06,"Paid utility electricity bill through app yesterday, but bill status still shows unpaid.",PAYMENT,LOW,TRANSACTION_OPERATIONS,RECEIVED,REVERSED,2026,0
SYN-CMP-10937,SYN-U-14205,2026-02-20T21:35:32,NID verification pending for more than 48 hours.,ACCOUNT,MEDIUM,DISPUTES,RECEIVED,UNBLOCK_ACCOUNT,2095,0
SYN-CMP-10938,SYN-U-11554,2026-02-21T00:07:32,"Paid utility electricity bill through app yesterday, but bill status still shows unpaid.",PAYMENT,MEDIUM,TRANSACTION_OPERATIONS,RECEIVED,EXPLAINED,2650,0
SYN-CMP-10939,SYN-U-10287,2026-02-21T00:35:01,My PIN was compromised and unauthorized funds were transferred to an unknown number.,FRAUD,HIGH,FRAUD_INVESTIGATION,RECEIVED,EXPLAINED,2498,0
SYN-CMP-10940,SYN-U-10290,2026-02-21T00:35:23,"Fund transfer to my linked commercial bank account failed, money not credited yet.",TRANSFER,LOW,TRANSACTION_OPERATIONS,RECEIVED,DECLINED,2197,0
SYN-CMP-10941,SYN-U-17531,2026-02-21T00:44:37,E-commerce merchant payment processed twice during checkout.,PAYMENT,HIGH,TRANSACTION_OPERATIONS,RECEIVED,REVERSED,1714,0
SYN-CMP-10942,SYN-U-13732,2026-02-21T01:36:27,"Accidentally transferred BDT 3,500 to a wrong mobile number.",TRANSFER,LOW,TRANSACTION_OPERATIONS,RECEIVED,REFUNDED,2215,0
SYN-CMP-10943,SYN-U-16876,2026-02-21T03:58:03,App says account dormant even though I received funds two weeks ago.,ACCOUNT,LOW,DISPUTES,RECEIVED,EXPLAINED,2434,0
SYN-CMP-10944,SYN-U-11651,2026-02-21T04:50:46,"Accidentally transferred BDT 3,500 to a wrong mobile number.",TRANSFER,MEDIUM,TRANSACTION_OPERATIONS,RECEIVED,REFUNDED,1207,0
SYN-CMP-10945,SYN-U-10064,2026-02-21T05:55:02,Unable to update my registered primary phone number and email in settings.,ACCOUNT,LOW,DISPUTES,RECEIVED,DECLINED,2693,0
SYN-CMP-10946,SYN-U-15402,2026-02-21T06:09:18,Money was deducted from my account but the grocery merchant did not receive payment confirmation.,PAYMENT,MEDIUM,TRANSACTION_OPERATIONS,RECEIVED,REVERSED,2656,0
SYN-CMP-10947,SYN-U-16275,2026-02-21T06:20:59,Want to temporarily freeze my physical card due to lost wallet.,CARD,HIGH,CARD_SERVICES,RECEIVED,UNBLOCK_ACCOUNT,2599,0
SYN-CMP-10948,SYN-U-14015,2026-02-21T06:33:44,"Paid utility electricity bill through app yesterday, but bill status still shows unpaid.",PAYMENT,MEDIUM,TRANSACTION_OPERATIONS,RECEIVED,EXPLAINED,2555,0
SYN-CMP-10949,SYN-U-16086,2026-02-21T09:12:45,"Paid utility electricity bill through app yesterday, but bill status still shows unpaid.",PAYMENT,HIGH,TRANSACTION_OPERATIONS,RECEIVED,EXPLAINED,797,0
SYN-CMP-10950,SYN-U-17320,2026-02-21T09:22:23,Want to temporarily freeze my physical card due to lost wallet.,CARD,LOW,CARD_SERVICES,RECEIVED,REFUNDED,2567,0
SYN-CMP-10951,SYN-U-16074,2026-02-21T12:47:29,E-commerce merchant payment processed twice during checkout.,PAYMENT,HIGH,TRANSACTION_OPERATIONS,RECEIVED,REFUNDED,2131,1
SYN-CMP-10952,SYN-U-12900,2026-02-21T17:42:42,SMS OTP is taking over 5 minutes to arrive during login attempt.,TECHNICAL,MEDIUM,TECH_SUPPORT,RECEIVED,REFUNDED,2794,0
SYN-CMP-10953,SYN-U-10728,2026-02-21T18:10:17,Endorsement limit not updating after submitting updated passport copy.,CARD,HIGH,CARD_SERVICES,RECEIVED,EXPLAINED,2458,0
SYN-CMP-10954,SYN-U-11918,2026-02-21T21:16:17,Duplicate payment charged for the same restaurant QR transaction.,PAYMENT,LOW,TRANSACTION_OPERATIONS,RECEIVED,EXPLAINED,445,0
SYN-CMP-10955,SYN-U-17487,2026-02-21T21:29:21,Unable to update my registered primary phone number and email in settings.,ACCOUNT,LOW,DISPUTES,RECEIVED,REFUNDED,221,0
SYN-CMP-10956,SYN-U-19619,2026-02-21T22:58:47,My account has been temporarily restricted after entering wrong PIN 3 times.,ACCOUNT,MEDIUM,DISPUTES,RECEIVED,REFUNDED,2073,0
SYN-CMP-10957,SYN-U-16114,2026-02-21T23:29:03,"Failed cash out attempt at agent, but funds debited from balance.",CASH_OUT,MEDIUM,TRANSACTION_OPERATIONS,RECEIVED,REFUNDED,1717,0
SYN-CMP-10958,SYN-U-18990,2026-02-22T00:21:39,E-commerce merchant payment processed twice during checkout.,PAYMENT,MEDIUM,TRANSACTION_OPERATIONS,RECEIVED,UNBLOCK_ACCOUNT,1760,0
SYN-CMP-10959,SYN-U-15552,2026-02-22T01:49:23,"Fund transfer to my linked commercial bank account failed, money not credited yet.",TRANSFER,LOW,TRANSACTION_OPERATIONS,RECEIVED,EXPLAINED,1313,0
SYN-CMP-10960,SYN-U-16482,2026-02-22T01:49:41,"Payment to merchant showed failed on app, but BDT 1,200 deducted from my Upay balance.",PAYMENT,HIGH,TRANSACTION_OPERATIONS,RECEIVED,EXPLAINED,818,0
SYN-CMP-10961,SYN-U-11751,2026-02-22T03:33:56,E-commerce merchant payment processed twice during checkout.,PAYMENT,MEDIUM,TRANSACTION_OPERATIONS,RECEIVED,EXPLAINED,1295,0
SYN-CMP-10962,SYN-U-11285,2026-02-22T04:46:13,"Payment to merchant showed failed on app, but BDT 1,200 deducted from my Upay balance.",PAYMENT,LOW,TRANSACTION_OPERATIONS,RECEIVED,IN_PROGRESS,1822,0
SYN-CMP-10963,SYN-U-19429,2026-02-22T05:08:05,App says account dormant even though I received funds two weeks ago.,ACCOUNT,MEDIUM,DISPUTES,RECEIVED,IN_PROGRESS,1191,0
SYN-CMP-10964,SYN-U-18089,2026-02-22T06:32:07,E-commerce merchant payment processed twice during checkout.,PAYMENT,HIGH,TRANSACTION_OPERATIONS,RECEIVED,UNBLOCK_ACCOUNT,68,0
SYN-CMP-10965,SYN-U-17195,2026-02-22T06:59:58,Duplicate payment charged for the same restaurant QR transaction.,PAYMENT,LOW,TRANSACTION_OPERATIONS,RECEIVED,REFUNDED,1969,0
SYN-CMP-10966,SYN-U-18114,2026-02-22T07:33:02,Want to temporarily freeze my physical card due to lost wallet.,CARD,HIGH,CARD_SERVICES,RECEIVED,REFUNDED,2355,0
SYN-CMP-10967,SYN-U-14600,2026-02-22T08:05:13,"Paid utility electricity bill through app yesterday, but bill status still shows unpaid.",PAYMENT,LOW,TRANSACTION_OPERATIONS,RECEIVED,EXPLAINED,2770,0
SYN-CMP-10968,SYN-U-10083,2026-02-22T09:04:54,Phishing message led to account takeover and repeated cash-out attempts.,FRAUD,CRITICAL,FRAUD_INVESTIGATION,RECEIVED,REFUNDED,2838,0
SYN-CMP-10969,SYN-U-12467,2026-02-22T09:54:13,"Payment to merchant showed failed on app, but BDT 1,200 deducted from my Upay balance.",PAYMENT,HIGH,TRANSACTION_OPERATIONS,RECEIVED,REFUNDED,361,1
SYN-CMP-10970,SYN-U-13537,2026-02-22T12:59:18,"Suspicious login notification received from unfamiliar device, someone tried to cash out.",FRAUD,CRITICAL,FRAUD_INVESTIGATION,RECEIVED,REFUNDED,2054,1
SYN-CMP-10971,SYN-U-11188,2026-02-22T15:30:56,Unable to update my registered primary phone number and email in settings.,ACCOUNT,LOW,DISPUTES,RECEIVED,IN_PROGRESS,2326,0
SYN-CMP-10972,SYN-U-18948,2026-02-22T18:01:27,Partial refund received instead of full transaction amount.,REFUND,LOW,DISPUTES,RECEIVED,IN_PROGRESS,1124,0
SYN-CMP-10973,SYN-U-19821,2026-02-22T20:44:23,Agent deducted fee but the cash-out transaction timed out without dispensing cash.,CASH_OUT,LOW,TRANSACTION_OPERATIONS,RECEIVED,EXPLAINED,508,0
SYN-CMP-10974,SYN-U-16704,2026-02-22T22:39:27,Upay mobile app crashes immediately on splash screen after latest update.,TECHNICAL,LOW,TECH_SUPPORT,RECEIVED,EXPLAINED,1176,0
SYN-CMP-10975,SYN-U-10846,2026-02-23T00:55:11,"Paid utility electricity bill through app yesterday, but bill status still shows unpaid.",PAYMENT,LOW,TRANSACTION_OPERATIONS,RECEIVED,UNBLOCK_ACCOUNT,1545,0
SYN-CMP-10976,SYN-U-17942,2026-02-23T02:35:23,Requesting official annual account statement for tax filing purposes.,OTHER,LOW,DISPUTES,RECEIVED,EXPLAINED,1457,0
SYN-CMP-10977,SYN-U-13848,2026-02-23T02:36:50,"Paid utility electricity bill through app yesterday, but bill status still shows unpaid.",PAYMENT,MEDIUM,TRANSACTION_OPERATIONS,RECEIVED,UNBLOCK_ACCOUNT,339,0
SYN-CMP-10978,SYN-U-15541,2026-02-23T02:37:24,Cash-out fee charged higher than standard 1.4% rate at the agent point.,CASH_OUT,LOW,TRANSACTION_OPERATIONS,RECEIVED,EXPLAINED,1258,0
SYN-CMP-10979,SYN-U-13640,2026-02-23T03:03:48,Cancelled e-commerce order refund amount is missing BDT 250 processing fee.,REFUND,LOW,DISPUTES,RECEIVED,UNBLOCK_ACCOUNT,1666,0
SYN-CMP-10980,SYN-U-19177,2026-02-23T03:07:21,Cash-out fee charged higher than standard 1.4% rate at the agent point.,CASH_OUT,MEDIUM,TRANSACTION_OPERATIONS,RECEIVED,REFUNDED,1773,0
SYN-CMP-10981,SYN-U-18811,2026-02-23T03:12:01,Duplicate payment charged for the same restaurant QR transaction.,PAYMENT,MEDIUM,TRANSACTION_OPERATIONS,RECEIVED,REFUNDED,815,0
SYN-CMP-10982,SYN-U-11960,2026-02-23T06:44:17,E-commerce merchant payment processed twice during checkout.,PAYMENT,MEDIUM,TRANSACTION_OPERATIONS,RECEIVED,REFUNDED,1858,0
SYN-CMP-10983,SYN-U-15584,2026-02-23T07:35:22,Card charged USD 45.00 for an online software transaction that I cancelled.,CARD,HIGH,CARD_SERVICES,RECEIVED,REFUNDED,52,0
SYN-CMP-10984,SYN-U-10532,2026-02-23T12:02:29,Duplicate payment charged for the same restaurant QR transaction.,PAYMENT,LOW,TRANSACTION_OPERATIONS,RECEIVED,EXPLAINED,1465,0
SYN-CMP-10985,SYN-U-12102,2026-02-23T14:49:27,SMS OTP is taking over 5 minutes to arrive during login attempt.,TECHNICAL,MEDIUM,TECH_SUPPORT,RECEIVED,REVERSED,1423,0
SYN-CMP-10986,SYN-U-13835,2026-02-23T14:55:06,Endorsement limit not updating after submitting updated passport copy.,CARD,LOW,CARD_SERVICES,RECEIVED,UNBLOCK_ACCOUNT,378,0
SYN-CMP-10987,SYN-U-16022,2026-02-23T19:51:24,Inquiry regarding upcoming Eid merchant promo discounts.,OTHER,LOW,DISPUTES,RECEIVED,REFUNDED,690,0
SYN-CMP-10988,SYN-U-11736,2026-02-23T20:52:59,Duplicate payment charged for the same restaurant QR transaction.,PAYMENT,MEDIUM,TRANSACTION_OPERATIONS,RECEIVED,UNBLOCK_ACCOUNT,1012,0
SYN-CMP-10989,SYN-U-17016,2026-02-24T01:25:57,App says account dormant even though I received funds two weeks ago.,ACCOUNT,LOW,DISPUTES,RECEIVED,REFUNDED,309,0
SYN-CMP-10990,SYN-U-12478,2026-02-24T03:24:16,"Suspicious login notification received from unfamiliar device, someone tried to cash out.",FRAUD,HIGH,FRAUD_INVESTIGATION,RECEIVED,REFUNDED,988,1
SYN-CMP-10991,SYN-U-13227,2026-02-24T03:59:18,My account has been temporarily restricted after entering wrong PIN 3 times.,ACCOUNT,LOW,DISPUTES,RECEIVED,REFUNDED,787,0
SYN-CMP-10992,SYN-U-15120,2026-02-24T04:10:57,Money was deducted from my account but the grocery merchant did not receive payment confirmation.,PAYMENT,LOW,TRANSACTION_OPERATIONS,RECEIVED,IN_PROGRESS,1026,0
SYN-CMP-10993,SYN-U-11181,2026-02-24T05:22:50,Network connection error occurred during transaction processing screen.,TECHNICAL,LOW,TECH_SUPPORT,RECEIVED,REFUNDED,1909,0
SYN-CMP-10994,SYN-U-19917,2026-02-24T06:12:00,Duplicate payment charged for the same restaurant QR transaction.,PAYMENT,LOW,TRANSACTION_OPERATIONS,RECEIVED,REVERSED,2049,0
SYN-CMP-10995,SYN-U-19352,2026-02-24T06:16:32,Phishing message led to account takeover and repeated cash-out attempts.,FRAUD,CRITICAL,FRAUD_INVESTIGATION,RECEIVED,UNBLOCK_ACCOUNT,1777,0
SYN-CMP-10996,SYN-U-19262,2026-02-24T08:11:02,"Failed cash out attempt at agent, but funds debited from balance.",CASH_OUT,MEDIUM,TRANSACTION_OPERATIONS,RECEIVED,REFUNDED,744,0
SYN-CMP-10997,SYN-U-18236,2026-02-24T08:16:46,Agent deducted fee but the cash-out transaction timed out without dispensing cash.,CASH_OUT,LOW,TRANSACTION_OPERATIONS,RECEIVED,REFUNDED,2410,0
SYN-CMP-10998,SYN-U-10500,2026-02-24T10:00:34,Card charged USD 45.00 for an online software transaction that I cancelled.,CARD,MEDIUM,CARD_SERVICES,RECEIVED,EXPLAINED,1991,0
SYN-CMP-10999,SYN-U-15057,2026-02-24T10:52:16,Upay mobile app crashes immediately on splash screen after latest update.,TECHNICAL,LOW,TECH_SUPPORT,RECEIVED,EXPLAINED,1278,0
SYN-CMP-11000,SYN-U-14676,2026-02-24T12:14:26,International online transaction toggle keeps turning off automatically in settings.,CARD,MEDIUM,CARD_SERVICES,RECEIVED,EXPLAINED,2724,0
SYN-CMP-11001,SYN-U-16993,2026-02-24T12:58:04,Phishing message led to account takeover and repeated cash-out attempts.,FRAUD,CRITICAL,FRAUD_INVESTIGATION,RECEIVED,REFUNDED,1831,1
SYN-CMP-11002,SYN-U-12025,2026-02-24T13:19:40,Money was deducted from my account but the grocery merchant did not receive payment confirmation.,PAYMENT,LOW,TRANSACTION_OPERATIONS,RECEIVED,EXPLAINED,2391,0
SYN-CMP-11003,SYN-U-11130,2026-02-24T13:54:38,Agent confirmed cash-out successful on terminal but I did not receive SMS confirmation.,CASH_OUT,LOW,TRANSACTION_OPERATIONS,RECEIVED,REFUNDED,1230,0
SYN-CMP-11004,SYN-U-12170,2026-02-24T15:10:05,"Received a scam call asking for OTP, shortly after BDT 8,500 was transferred out.",FRAUD,HIGH,FRAUD_INVESTIGATION,RECEIVED,REVERSED,746,0
SYN-CMP-11005,SYN-U-11464,2026-02-24T17:14:54,"Failed cash out attempt at agent, but funds debited from balance.",CASH_OUT,LOW,TRANSACTION_OPERATIONS,RECEIVED,UNBLOCK_ACCOUNT,59,0
SYN-CMP-11006,SYN-U-17257,2026-02-24T20:17:31,Agent deducted fee but the cash-out transaction timed out without dispensing cash.,CASH_OUT,LOW,TRANSACTION_OPERATIONS,RECEIVED,EXPLAINED,1449,0
SYN-CMP-11007,SYN-U-16591,2026-02-24T20:34:34,NID verification pending for more than 48 hours.,ACCOUNT,LOW,DISPUTES,RECEIVED,REFUNDED,170,0
SYN-CMP-11008,SYN-U-16414,2026-02-24T23:44:10,Duplicate payment charged for the same restaurant QR transaction.,PAYMENT,HIGH,TRANSACTION_OPERATIONS,RECEIVED,REFUNDED,2168,0
SYN-CMP-11009,SYN-U-19522,2026-02-24T23:44:40,Cancelled e-commerce order refund amount is missing BDT 250 processing fee.,REFUND,LOW,DISPUTES,RECEIVED,REFUNDED,1802,0
SYN-CMP-11010,SYN-U-12745,2026-02-25T05:59:07,Cancelled e-commerce order refund amount is missing BDT 250 processing fee.,REFUND,LOW,DISPUTES,RECEIVED,REVERSED,1200,0
SYN-CMP-11011,SYN-U-16263,2026-02-25T07:18:41,My PIN was compromised and unauthorized funds were transferred to an unknown number.,FRAUD,CRITICAL,FRAUD_INVESTIGATION,RECEIVED,REFUNDED,2440,1
SYN-CMP-11012,SYN-U-19264,2026-02-25T07:23:38,Phishing message led to account takeover and repeated cash-out attempts.,FRAUD,CRITICAL,FRAUD_INVESTIGATION,RECEIVED,IN_PROGRESS,1633,0
SYN-CMP-11013,SYN-U-19771,2026-02-25T08:00:04,Need clarification on loyalty reward cashback points calculation.,OTHER,MEDIUM,DISPUTES,RECEIVED,EXPLAINED,1335,0
SYN-CMP-11014,SYN-U-17187,2026-02-25T08:09:34,"Paid utility electricity bill through app yesterday, but bill status still shows unpaid.",PAYMENT,HIGH,TRANSACTION_OPERATIONS,RECEIVED,EXPLAINED,992,0
SYN-CMP-11015,SYN-U-11784,2026-02-25T10:43:15,Cash-out fee charged higher than standard 1.4% rate at the agent point.,CASH_OUT,MEDIUM,TRANSACTION_OPERATIONS,RECEIVED,REVERSED,2350,0
SYN-CMP-11016,SYN-U-11542,2026-02-25T11:22:44,International online transaction toggle keeps turning off automatically in settings.,CARD,HIGH,CARD_SERVICES,RECEIVED,REVERSED,925,0
SYN-CMP-11017,SYN-U-19865,2026-02-25T12:19:35,"Paid utility electricity bill through app yesterday, but bill status still shows unpaid.",PAYMENT,LOW,TRANSACTION_OPERATIONS,RECEIVED,EXPLAINED,927,0
SYN-CMP-11018,SYN-U-11433,2026-02-25T12:21:01,"Suspicious login notification received from unfamiliar device, someone tried to cash out.",FRAUD,CRITICAL,FRAUD_INVESTIGATION,RECEIVED,UNBLOCK_ACCOUNT,1198,1
SYN-CMP-11019,SYN-U-16544,2026-02-25T14:56:28,Bank deposit to Upay wallet via internet banking hasn't reflected after 4 hours.,TRANSFER,LOW,TRANSACTION_OPERATIONS,RECEIVED,EXPLAINED,550,0
SYN-CMP-11020,SYN-U-17530,2026-02-25T15:15:47,"Failed cash out attempt at agent, but funds debited from balance.",CASH_OUT,LOW,TRANSACTION_OPERATIONS,RECEIVED,REVERSED,2140,0
SYN-CMP-11021,SYN-U-12586,2026-02-25T16:20:36,SMS OTP is taking over 5 minutes to arrive during login attempt.,TECHNICAL,LOW,TECH_SUPPORT,RECEIVED,DECLINED,1267,0
SYN-CMP-11022,SYN-U-10445,2026-02-25T17:06:25,E-commerce merchant payment processed twice during checkout.,PAYMENT,MEDIUM,TRANSACTION_OPERATIONS,RECEIVED,EXPLAINED,2114,0
SYN-CMP-11023,SYN-U-18475,2026-02-25T17:36:21,Cancelled e-commerce order refund amount is missing BDT 250 processing fee.,REFUND,MEDIUM,DISPUTES,RECEIVED,REFUNDED,614,0
SYN-CMP-11024,SYN-U-14610,2026-02-25T18:07:40,Money was deducted from my account but the grocery merchant did not receive payment confirmation.,PAYMENT,HIGH,TRANSACTION_OPERATIONS,RECEIVED,REFUNDED,2252,1
SYN-CMP-11025,SYN-U-15914,2026-02-25T18:13:04,"Failed cash out attempt at agent, but funds debited from balance.",CASH_OUT,LOW,TRANSACTION_OPERATIONS,RECEIVED,UNBLOCK_ACCOUNT,2756,0
SYN-CMP-11026,SYN-U-18762,2026-02-25T18:27:04,E-commerce merchant payment processed twice during checkout.,PAYMENT,LOW,TRANSACTION_OPERATIONS,RECEIVED,EXPLAINED,981,0
SYN-CMP-11027,SYN-U-12098,2026-02-25T19:28:07,Agent confirmed cash-out successful on terminal but I did not receive SMS confirmation.,CASH_OUT,MEDIUM,TRANSACTION_OPERATIONS,RECEIVED,REFUNDED,2402,0
SYN-CMP-11028,SYN-U-11809,2026-02-25T19:45:02,App says account dormant even though I received funds two weeks ago.,ACCOUNT,LOW,DISPUTES,RECEIVED,EXPLAINED,1621,0
SYN-CMP-11029,SYN-U-10141,2026-02-25T20:05:18,"Payment to merchant showed failed on app, but BDT 1,200 deducted from my Upay balance.",PAYMENT,MEDIUM,TRANSACTION_OPERATIONS,RECEIVED,REFUNDED,570,0
SYN-CMP-11030,SYN-U-16010,2026-02-25T23:06:03,"Paid utility electricity bill through app yesterday, but bill status still shows unpaid.",PAYMENT,MEDIUM,TRANSACTION_OPERATIONS,RECEIVED,EXPLAINED,954,0
SYN-CMP-11031,SYN-U-10355,2026-02-25T23:20:29,NID verification pending for more than 48 hours.,ACCOUNT,LOW,DISPUTES,RECEIVED,EXPLAINED,1845,0
SYN-CMP-11032,SYN-U-19091,2026-02-26T00:46:48,Money was deducted from my account but the grocery merchant did not receive payment confirmation.,PAYMENT,MEDIUM,TRANSACTION_OPERATIONS,RECEIVED,REFUNDED,549,0
SYN-CMP-11033,SYN-U-17159,2026-02-26T01:09:32,"Paid utility electricity bill through app yesterday, but bill status still shows unpaid.",PAYMENT,HIGH,TRANSACTION_OPERATIONS,RECEIVED,UNBLOCK_ACCOUNT,497,0
SYN-CMP-11034,SYN-U-10015,2026-02-26T01:25:25,Partial refund received instead of full transaction amount.,REFUND,LOW,DISPUTES,RECEIVED,DECLINED,1801,0
SYN-CMP-11035,SYN-U-17106,2026-02-26T04:03:23,"Payment to merchant showed failed on app, but BDT 1,200 deducted from my Upay balance.",PAYMENT,HIGH,TRANSACTION_OPERATIONS,RECEIVED,UNBLOCK_ACCOUNT,2185,0
SYN-CMP-11036,SYN-U-12550,2026-02-26T07:42:45,"Merchant initiated refund 5 business days ago, but balance is not credited.",REFUND,LOW,DISPUTES,RECEIVED,EXPLAINED,2686,0
SYN-CMP-11037,SYN-U-12149,2026-02-26T08:03:42,My PIN was compromised and unauthorized funds were transferred to an unknown number.,FRAUD,CRITICAL,FRAUD_INVESTIGATION,RECEIVED,REFUNDED,1435,0
SYN-CMP-11038,SYN-U-19961,2026-02-26T09:01:11,E-commerce merchant payment processed twice during checkout.,PAYMENT,MEDIUM,TRANSACTION_OPERATIONS,RECEIVED,EXPLAINED,1818,0
SYN-CMP-11039,SYN-U-19272,2026-02-26T09:17:35,My PIN was compromised and unauthorized funds were transferred to an unknown number.,FRAUD,CRITICAL,FRAUD_INVESTIGATION,RECEIVED,REFUNDED,1209,1
SYN-CMP-11040,SYN-U-10683,2026-02-26T09:47:04,"Unauthorized send money transaction of BDT 15,000 sent from my account at 3:00 AM.",FRAUD,HIGH,FRAUD_INVESTIGATION,RECEIVED,REFUNDED,2786,1
SYN-CMP-11041,SYN-U-18675,2026-02-26T12:37:04,Inquiry regarding upcoming Eid merchant promo discounts.,OTHER,LOW,DISPUTES,RECEIVED,REVERSED,2259,0
SYN-CMP-11042,SYN-U-19642,2026-02-26T14:09:16,"Fund transfer to my linked commercial bank account failed, money not credited yet.",TRANSFER,LOW,TRANSACTION_OPERATIONS,RECEIVED,EXPLAINED,1008,0
SYN-CMP-11043,SYN-U-11629,2026-02-26T16:04:56,Phishing message led to account takeover and repeated cash-out attempts.,FRAUD,HIGH,FRAUD_INVESTIGATION,RECEIVED,REFUNDED,196,1
SYN-CMP-11044,SYN-U-16406,2026-02-26T18:17:50,Money was deducted from my account but the grocery merchant did not receive payment confirmation.,PAYMENT,LOW,TRANSACTION_OPERATIONS,RECEIVED,REFUNDED,1723,0
SYN-CMP-11045,SYN-U-15775,2026-02-26T18:45:23,Phishing message led to account takeover and repeated cash-out attempts.,FRAUD,HIGH,FRAUD_INVESTIGATION,RECEIVED,REFUNDED,307,1
SYN-CMP-11046,SYN-U-10414,2026-02-26T19:59:29,Requesting official annual account statement for tax filing purposes.,OTHER,LOW,DISPUTES,RECEIVED,REVERSED,2501,0
SYN-CMP-11047,SYN-U-13680,2026-02-27T00:38:38,NID verification pending for more than 48 hours.,ACCOUNT,MEDIUM,DISPUTES,RECEIVED,REFUNDED,650,0
SYN-CMP-11048,SYN-U-10091,2026-02-27T00:49:22,"Failed cash out attempt at agent, but funds debited from balance.",CASH_OUT,MEDIUM,TRANSACTION_OPERATIONS,RECEIVED,EXPLAINED,1661,0
SYN-CMP-11049,SYN-U-15577,2026-02-27T02:25:50,Want to temporarily freeze my physical card due to lost wallet.,CARD,MEDIUM,CARD_SERVICES,RECEIVED,DECLINED,2703,0
SYN-CMP-11050,SYN-U-11644,2026-02-27T05:00:46,Partial refund received instead of full transaction amount.,REFUND,LOW,DISPUTES,RECEIVED,EXPLAINED,1367,0
SYN-CMP-11051,SYN-U-17044,2026-02-27T05:08:20,Endorsement limit not updating after submitting updated passport copy.,CARD,LOW,CARD_SERVICES,RECEIVED,EXPLAINED,1518,0
SYN-CMP-11052,SYN-U-12141,2026-02-27T06:45:22,My virtual dual-currency card was declined while making an international subscription payment.,CARD,HIGH,CARD_SERVICES,RECEIVED,REVERSED,1029,0
SYN-CMP-11053,SYN-U-17342,2026-02-27T08:28:40,"Suspicious login notification received from unfamiliar device, someone tried to cash out.",FRAUD,CRITICAL,FRAUD_INVESTIGATION,RECEIVED,REFUNDED,2416,1
SYN-CMP-11054,SYN-U-16006,2026-02-27T10:15:58,"Accidentally transferred BDT 3,500 to a wrong mobile number.",TRANSFER,LOW,TRANSACTION_OPERATIONS,RECEIVED,REFUNDED,2784,0
SYN-CMP-11055,SYN-U-15163,2026-02-27T12:28:30,My PIN was compromised and unauthorized funds were transferred to an unknown number.,FRAUD,CRITICAL,FRAUD_INVESTIGATION,RECEIVED,EXPLAINED,2079,0
SYN-CMP-11056,SYN-U-14116,2026-02-27T13:16:20,International online transaction toggle keeps turning off automatically in settings.,CARD,MEDIUM,CARD_SERVICES,RECEIVED,DECLINED,2038,0
SYN-CMP-11057,SYN-U-14362,2026-02-27T13:59:04,Agent deducted fee but the cash-out transaction timed out without dispensing cash.,CASH_OUT,MEDIUM,TRANSACTION_OPERATIONS,RECEIVED,EXPLAINED,1327,0
SYN-CMP-11058,SYN-U-18331,2026-02-27T14:17:04,"Received a scam call asking for OTP, shortly after BDT 8,500 was transferred out.",FRAUD,HIGH,FRAUD_INVESTIGATION,RECEIVED,EXPLAINED,1846,0
SYN-CMP-11059,SYN-U-18779,2026-02-27T14:34:06,Partial refund received instead of full transaction amount.,REFUND,LOW,DISPUTES,RECEIVED,EXPLAINED,1965,0
SYN-CMP-11060,SYN-U-16095,2026-02-27T16:38:34,"Payment to merchant showed failed on app, but BDT 1,200 deducted from my Upay balance.",PAYMENT,HIGH,TRANSACTION_OPERATIONS,RECEIVED,REFUNDED,1125,1
SYN-CMP-11061,SYN-U-11153,2026-02-27T17:14:08,"Unauthorized send money transaction of BDT 15,000 sent from my account at 3:00 AM.",FRAUD,CRITICAL,FRAUD_INVESTIGATION,RECEIVED,IN_PROGRESS,371,1
SYN-CMP-11062,SYN-U-19380,2026-02-27T17:58:21,E-commerce merchant payment processed twice during checkout.,PAYMENT,MEDIUM,TRANSACTION_OPERATIONS,RECEIVED,UNBLOCK_ACCOUNT,2125,0
SYN-CMP-11063,SYN-U-16031,2026-02-27T18:30:43,"Payment to merchant showed failed on app, but BDT 1,200 deducted from my Upay balance.",PAYMENT,HIGH,TRANSACTION_OPERATIONS,RECEIVED,REFUNDED,2589,0
SYN-CMP-11064,SYN-U-18714,2026-02-27T20:01:38,"Unauthorized send money transaction of BDT 15,000 sent from my account at 3:00 AM.",FRAUD,CRITICAL,FRAUD_INVESTIGATION,RECEIVED,REFUNDED,2477,0
SYN-CMP-11065,SYN-U-17687,2026-02-27T21:06:32,"Paid utility electricity bill through app yesterday, but bill status still shows unpaid.",PAYMENT,HIGH,TRANSACTION_OPERATIONS,RECEIVED,REFUNDED,2617,0
SYN-CMP-11066,SYN-U-16623,2026-02-27T22:14:26,Agent confirmed cash-out successful on terminal but I did not receive SMS confirmation.,CASH_OUT,LOW,TRANSACTION_OPERATIONS,RECEIVED,REVERSED,2660,0
SYN-CMP-11067,SYN-U-14036,2026-02-27T23:40:01,Phishing message led to account takeover and repeated cash-out attempts.,FRAUD,HIGH,FRAUD_INVESTIGATION,RECEIVED,REFUNDED,611,1
SYN-CMP-11068,SYN-U-10420,2026-02-28T00:23:38,App says account dormant even though I received funds two weeks ago.,ACCOUNT,MEDIUM,DISPUTES,RECEIVED,IN_PROGRESS,55,0
SYN-CMP-11069,SYN-U-13536,2026-02-28T01:51:53,"Received a scam call asking for OTP, shortly after BDT 8,500 was transferred out.",FRAUD,HIGH,FRAUD_INVESTIGATION,RECEIVED,REFUNDED,2783,1
SYN-CMP-11070,SYN-U-18865,2026-02-28T02:31:49,Money was deducted from my account but the grocery merchant did not receive payment confirmation.,PAYMENT,LOW,TRANSACTION_OPERATIONS,RECEIVED,REFUNDED,2855,0
SYN-CMP-11071,SYN-U-10382,2026-02-28T03:02:35,Phishing message led to account takeover and repeated cash-out attempts.,FRAUD,HIGH,FRAUD_INVESTIGATION,RECEIVED,REFUNDED,1989,0
SYN-CMP-11072,SYN-U-17945,2026-02-28T03:28:49,Bank deposit to Upay wallet via internet banking hasn't reflected after 4 hours.,TRANSFER,LOW,TRANSACTION_OPERATIONS,RECEIVED,EXPLAINED,1394,0
SYN-CMP-11073,SYN-U-18576,2026-02-28T03:43:16,Duplicate payment charged for the same restaurant QR transaction.,PAYMENT,LOW,TRANSACTION_OPERATIONS,RECEIVED,IN_PROGRESS,1216,0
SYN-CMP-11074,SYN-U-11976,2026-02-28T06:46:57,"Accidentally transferred BDT 3,500 to a wrong mobile number.",TRANSFER,LOW,TRANSACTION_OPERATIONS,RECEIVED,REFUNDED,617,0
SYN-CMP-11075,SYN-U-12155,2026-02-28T08:25:44,"Paid utility electricity bill through app yesterday, but bill status still shows unpaid.",PAYMENT,HIGH,TRANSACTION_OPERATIONS,RECEIVED,REFUNDED,134,0
SYN-CMP-11076,SYN-U-16806,2026-02-28T09:46:55,Partial refund received instead of full transaction amount.,REFUND,LOW,DISPUTES,RECEIVED,EXPLAINED,1735,0
SYN-CMP-11077,SYN-U-11521,2026-02-28T10:21:03,Need clarification on loyalty reward cashback points calculation.,OTHER,MEDIUM,DISPUTES,RECEIVED,DECLINED,1468,0
SYN-CMP-11078,SYN-U-14477,2026-02-28T11:00:32,Duplicate payment charged for the same restaurant QR transaction.,PAYMENT,LOW,TRANSACTION_OPERATIONS,RECEIVED,REVERSED,2308,0
SYN-CMP-11079,SYN-U-14243,2026-02-28T14:35:48,Duplicate payment charged for the same restaurant QR transaction.,PAYMENT,HIGH,TRANSACTION_OPERATIONS,RECEIVED,REFUNDED,842,0
SYN-CMP-11080,SYN-U-17205,2026-02-28T14:46:47,E-commerce merchant payment processed twice during checkout.,PAYMENT,HIGH,TRANSACTION_OPERATIONS,RECEIVED,EXPLAINED,1624,0
SYN-CMP-11081,SYN-U-14675,2026-02-28T15:00:52,Want to temporarily freeze my physical card due to lost wallet.,CARD,MEDIUM,CARD_SERVICES,RECEIVED,EXPLAINED,91,0
SYN-CMP-11082,SYN-U-18495,2026-02-28T15:08:37,Duplicate payment charged for the same restaurant QR transaction.,PAYMENT,LOW,TRANSACTION_OPERATIONS,RECEIVED,EXPLAINED,1619,0
SYN-CMP-11083,SYN-U-10316,2026-02-28T15:30:42,E-commerce merchant payment processed twice during checkout.,PAYMENT,MEDIUM,TRANSACTION_OPERATIONS,RECEIVED,REFUNDED,519,0
SYN-CMP-11084,SYN-U-18399,2026-02-28T20:02:11,"Payment to merchant showed failed on app, but BDT 1,200 deducted from my Upay balance.",PAYMENT,MEDIUM,TRANSACTION_OPERATIONS,RECEIVED,REFUNDED,2436,0
SYN-CMP-11085,SYN-U-13106,2026-02-28T20:35:01,Phishing message led to account takeover and repeated cash-out attempts.,FRAUD,HIGH,FRAUD_INVESTIGATION,RECEIVED,DECLINED,1444,1
SYN-CMP-11086,SYN-U-10956,2026-02-28T22:15:53,My virtual dual-currency card was declined while making an international subscription payment.,CARD,LOW,CARD_SERVICES,RECEIVED,EXPLAINED,882,0
SYN-CMP-11087,SYN-U-19749,2026-02-28T23:58:50,"Fund transfer to my linked commercial bank account failed, money not credited yet.",TRANSFER,MEDIUM,TRANSACTION_OPERATIONS,RECEIVED,UNBLOCK_ACCOUNT,2418,0
SYN-CMP-11088,SYN-U-16061,2026-03-01T01:37:30,Want to temporarily freeze my physical card due to lost wallet.,CARD,HIGH,CARD_SERVICES,RECEIVED,REFUNDED,1533,1
SYN-CMP-11089,SYN-U-12181,2026-03-01T02:10:56,My virtual dual-currency card was declined while making an international subscription payment.,CARD,HIGH,CARD_SERVICES,RECEIVED,REFUNDED,1872,0
SYN-CMP-11090,SYN-U-10409,2026-03-01T02:56:35,Agent deducted fee but the cash-out transaction timed out without dispensing cash.,CASH_OUT,LOW,TRANSACTION_OPERATIONS,RECEIVED,REVERSED,1092,0
SYN-CMP-11091,SYN-U-15343,2026-03-01T03:53:19,Duplicate payment charged for the same restaurant QR transaction.,PAYMENT,MEDIUM,TRANSACTION_OPERATIONS,RECEIVED,REFUNDED,2182,0
SYN-CMP-11092,SYN-U-13811,2026-03-01T05:22:59,"Merchant initiated refund 5 business days ago, but balance is not credited.",REFUND,LOW,DISPUTES,RECEIVED,REVERSED,261,0
SYN-CMP-11093,SYN-U-14399,2026-03-01T07:18:26,E-commerce merchant payment processed twice during checkout.,PAYMENT,HIGH,TRANSACTION_OPERATIONS,RECEIVED,REFUNDED,240,0
SYN-CMP-11094,SYN-U-12730,2026-03-01T08:03:01,"Suspicious login notification received from unfamiliar device, someone tried to cash out.",FRAUD,CRITICAL,FRAUD_INVESTIGATION,RECEIVED,UNBLOCK_ACCOUNT,1631,1
SYN-CMP-11095,SYN-U-11344,2026-03-01T08:25:41,My PIN was compromised and unauthorized funds were transferred to an unknown number.,FRAUD,CRITICAL,FRAUD_INVESTIGATION,RECEIVED,REVERSED,80,0
SYN-CMP-11096,SYN-U-16384,2026-03-01T08:41:18,"Accidentally transferred BDT 3,500 to a wrong mobile number.",TRANSFER,MEDIUM,TRANSACTION_OPERATIONS,RECEIVED,REFUNDED,2795,0
SYN-CMP-11097,SYN-U-11636,2026-03-01T10:44:05,Money was deducted from my account but the grocery merchant did not receive payment confirmation.,PAYMENT,MEDIUM,TRANSACTION_OPERATIONS,RECEIVED,REFUNDED,2460,0
SYN-CMP-11098,SYN-U-15550,2026-03-01T10:48:57,Money was deducted from my account but the grocery merchant did not receive payment confirmation.,PAYMENT,HIGH,TRANSACTION_OPERATIONS,RECEIVED,DECLINED,1165,0
SYN-CMP-11099,SYN-U-18982,2026-03-01T12:03:06,Partial refund received instead of full transaction amount.,REFUND,LOW,DISPUTES,RECEIVED,REVERSED,1677,0
SYN-CMP-11100,SYN-U-12184,2026-03-01T17:54:44,My virtual dual-currency card was declined while making an international subscription payment.,CARD,LOW,CARD_SERVICES,RECEIVED,EXPLAINED,984,0
SYN-CMP-11101,SYN-U-16671,2026-03-01T18:12:27,E-commerce merchant payment processed twice during checkout.,PAYMENT,MEDIUM,TRANSACTION_OPERATIONS,RECEIVED,REFUNDED,1321,0
SYN-CMP-11102,SYN-U-16687,2026-03-01T20:01:38,"Fund transfer to my linked commercial bank account failed, money not credited yet.",TRANSFER,MEDIUM,TRANSACTION_OPERATIONS,RECEIVED,DECLINED,523,0
SYN-CMP-11103,SYN-U-14653,2026-03-01T23:26:09,"Suspicious login notification received from unfamiliar device, someone tried to cash out.",FRAUD,CRITICAL,FRAUD_INVESTIGATION,RECEIVED,REVERSED,807,0
SYN-CMP-11104,SYN-U-13327,2026-03-02T02:01:44,Cash-out fee charged higher than standard 1.4% rate at the agent point.,CASH_OUT,LOW,TRANSACTION_OPERATIONS,RECEIVED,EXPLAINED,869,0
SYN-CMP-11105,SYN-U-14587,2026-03-02T02:35:41,My PIN was compromised and unauthorized funds were transferred to an unknown number.,FRAUD,CRITICAL,FRAUD_INVESTIGATION,RECEIVED,UNBLOCK_ACCOUNT,452,1
SYN-CMP-11106,SYN-U-17427,2026-03-02T05:03:10,My virtual dual-currency card was declined while making an international subscription payment.,CARD,HIGH,CARD_SERVICES,RECEIVED,IN_PROGRESS,1707,0
SYN-CMP-11107,SYN-U-12256,2026-03-02T08:28:51,Duplicate payment charged for the same restaurant QR transaction.,PAYMENT,MEDIUM,TRANSACTION_OPERATIONS,RECEIVED,EXPLAINED,325,0
SYN-CMP-11108,SYN-U-14640,2026-03-02T11:23:06,E-commerce merchant payment processed twice during checkout.,PAYMENT,LOW,TRANSACTION_OPERATIONS,RECEIVED,REFUNDED,343,0
SYN-CMP-11109,SYN-U-15176,2026-03-02T11:53:44,Unable to update my registered primary phone number and email in settings.,ACCOUNT,LOW,DISPUTES,RECEIVED,EXPLAINED,123,0
SYN-CMP-11110,SYN-U-19666,2026-03-02T14:04:37,Upay mobile app crashes immediately on splash screen after latest update.,TECHNICAL,LOW,TECH_SUPPORT,RECEIVED,EXPLAINED,720,0
SYN-CMP-11111,SYN-U-18991,2026-03-02T14:44:58,"Paid utility electricity bill through app yesterday, but bill status still shows unpaid.",PAYMENT,HIGH,TRANSACTION_OPERATIONS,RECEIVED,REFUNDED,381,0
SYN-CMP-11112,SYN-U-11874,2026-03-02T15:14:11,Partial refund received instead of full transaction amount.,REFUND,LOW,DISPUTES,RECEIVED,REVERSED,441,0
SYN-CMP-11113,SYN-U-18706,2026-03-02T16:10:47,App says account dormant even though I received funds two weeks ago.,ACCOUNT,LOW,DISPUTES,RECEIVED,REFUNDED,1216,0
SYN-CMP-11114,SYN-U-12161,2026-03-02T20:01:58,"Fund transfer to my linked commercial bank account failed, money not credited yet.",TRANSFER,MEDIUM,TRANSACTION_OPERATIONS,RECEIVED,UNBLOCK_ACCOUNT,996,0
SYN-CMP-11115,SYN-U-18820,2026-03-02T20:03:22,Cash-out fee charged higher than standard 1.4% rate at the agent point.,CASH_OUT,MEDIUM,TRANSACTION_OPERATIONS,RECEIVED,EXPLAINED,2469,0
SYN-CMP-11116,SYN-U-18921,2026-03-03T05:40:08,"Accidentally transferred BDT 3,500 to a wrong mobile number.",TRANSFER,MEDIUM,TRANSACTION_OPERATIONS,RECEIVED,REVERSED,1475,0
SYN-CMP-11117,SYN-U-12786,2026-03-03T07:15:03,E-commerce merchant payment processed twice during checkout.,PAYMENT,HIGH,TRANSACTION_OPERATIONS,RECEIVED,IN_PROGRESS,1125,0
SYN-CMP-11118,SYN-U-18561,2026-03-03T09:00:05,Money was deducted from my account but the grocery merchant did not receive payment confirmation.,PAYMENT,HIGH,TRANSACTION_OPERATIONS,RECEIVED,EXPLAINED,188,0
SYN-CMP-11119,SYN-U-16878,2026-03-03T10:19:15,App says account dormant even though I received funds two weeks ago.,ACCOUNT,MEDIUM,DISPUTES,RECEIVED,DECLINED,1478,0
SYN-CMP-11120,SYN-U-11403,2026-03-03T10:31:53,Agent deducted fee but the cash-out transaction timed out without dispensing cash.,CASH_OUT,MEDIUM,TRANSACTION_OPERATIONS,RECEIVED,EXPLAINED,365,0
SYN-CMP-11121,SYN-U-16525,2026-03-03T10:35:29,E-commerce merchant payment processed twice during checkout.,PAYMENT,MEDIUM,TRANSACTION_OPERATIONS,RECEIVED,DECLINED,301,0
SYN-CMP-11122,SYN-U-16199,2026-03-03T11:03:51,Cash-out fee charged higher than standard 1.4% rate at the agent point.,CASH_OUT,MEDIUM,TRANSACTION_OPERATIONS,RECEIVED,EXPLAINED,772,0
SYN-CMP-11123,SYN-U-16312,2026-03-03T11:55:20,"Payment to merchant showed failed on app, but BDT 1,200 deducted from my Upay balance.",PAYMENT,MEDIUM,TRANSACTION_OPERATIONS,RECEIVED,REFUNDED,879,0
SYN-CMP-11124,SYN-U-19191,2026-03-03T13:13:25,My PIN was compromised and unauthorized funds were transferred to an unknown number.,FRAUD,CRITICAL,FRAUD_INVESTIGATION,RECEIVED,REFUNDED,1494,1
SYN-CMP-11125,SYN-U-19059,2026-03-03T14:10:49,"Received a scam call asking for OTP, shortly after BDT 8,500 was transferred out.",FRAUD,CRITICAL,FRAUD_INVESTIGATION,RECEIVED,REVERSED,2313,0
SYN-CMP-11126,SYN-U-18245,2026-03-03T14:28:43,Duplicate payment charged for the same restaurant QR transaction.,PAYMENT,MEDIUM,TRANSACTION_OPERATIONS,RECEIVED,EXPLAINED,2327,0
SYN-CMP-11127,SYN-U-15549,2026-03-03T16:13:03,My PIN was compromised and unauthorized funds were transferred to an unknown number.,FRAUD,HIGH,FRAUD_INVESTIGATION,RECEIVED,REVERSED,144,1
SYN-CMP-11128,SYN-U-19686,2026-03-03T17:20:29,"Paid utility electricity bill through app yesterday, but bill status still shows unpaid.",PAYMENT,HIGH,TRANSACTION_OPERATIONS,RECEIVED,REFUNDED,1031,1
SYN-CMP-11129,SYN-U-10844,2026-03-03T17:59:09,"Accidentally transferred BDT 3,500 to a wrong mobile number.",TRANSFER,LOW,TRANSACTION_OPERATIONS,RECEIVED,REFUNDED,409,0
SYN-CMP-11130,SYN-U-16252,2026-03-03T18:12:49,Duplicate payment charged for the same restaurant QR transaction.,PAYMENT,HIGH,TRANSACTION_OPERATIONS,RECEIVED,IN_PROGRESS,2220,1
SYN-CMP-11131,SYN-U-14419,2026-03-03T18:13:53,Upay mobile app crashes immediately on splash screen after latest update.,TECHNICAL,LOW,TECH_SUPPORT,RECEIVED,REFUNDED,2433,0
SYN-CMP-11132,SYN-U-11154,2026-03-03T19:12:57,SMS OTP is taking over 5 minutes to arrive during login attempt.,TECHNICAL,LOW,TECH_SUPPORT,RECEIVED,EXPLAINED,2715,0
SYN-CMP-11133,SYN-U-16527,2026-03-03T21:47:55,International online transaction toggle keeps turning off automatically in settings.,CARD,MEDIUM,CARD_SERVICES,RECEIVED,IN_PROGRESS,2775,0
SYN-CMP-11134,SYN-U-11571,2026-03-03T23:26:04,Phishing message led to account takeover and repeated cash-out attempts.,FRAUD,CRITICAL,FRAUD_INVESTIGATION,RECEIVED,REFUNDED,624,1
SYN-CMP-11135,SYN-U-18541,2026-03-04T01:20:59,Agent deducted fee but the cash-out transaction timed out without dispensing cash.,CASH_OUT,LOW,TRANSACTION_OPERATIONS,RECEIVED,EXPLAINED,1937,0
SYN-CMP-11136,SYN-U-13984,2026-03-04T01:27:24,My PIN was compromised and unauthorized funds were transferred to an unknown number.,FRAUD,CRITICAL,FRAUD_INVESTIGATION,RECEIVED,REFUNDED,1481,0
SYN-CMP-11137,SYN-U-10910,2026-03-04T03:50:28,"Paid utility electricity bill through app yesterday, but bill status still shows unpaid.",PAYMENT,MEDIUM,TRANSACTION_OPERATIONS,RECEIVED,UNBLOCK_ACCOUNT,2260,0
SYN-CMP-11138,SYN-U-17464,2026-03-04T07:11:42,App says account dormant even though I received funds two weeks ago.,ACCOUNT,MEDIUM,DISPUTES,RECEIVED,DECLINED,1271,0
SYN-CMP-11139,SYN-U-15415,2026-03-04T09:46:42,"Payment to merchant showed failed on app, but BDT 1,200 deducted from my Upay balance.",PAYMENT,MEDIUM,TRANSACTION_OPERATIONS,RECEIVED,EXPLAINED,2723,0
SYN-CMP-11140,SYN-U-12677,2026-03-04T12:02:03,Want to temporarily freeze my physical card due to lost wallet.,CARD,MEDIUM,CARD_SERVICES,RECEIVED,IN_PROGRESS,1072,0
SYN-CMP-11141,SYN-U-15846,2026-03-04T12:28:11,Unable to update my registered primary phone number and email in settings.,ACCOUNT,LOW,DISPUTES,RECEIVED,REVERSED,332,0
SYN-CMP-11142,SYN-U-16089,2026-03-04T13:13:28,Partial refund received instead of full transaction amount.,REFUND,LOW,DISPUTES,RECEIVED,UNBLOCK_ACCOUNT,2280,0
SYN-CMP-11143,SYN-U-19997,2026-03-04T14:43:47,Duplicate payment charged for the same restaurant QR transaction.,PAYMENT,HIGH,TRANSACTION_OPERATIONS,RECEIVED,REFUNDED,2234,1
SYN-CMP-11144,SYN-U-18380,2026-03-04T15:03:17,Cash-out fee charged higher than standard 1.4% rate at the agent point.,CASH_OUT,MEDIUM,TRANSACTION_OPERATIONS,RECEIVED,REFUNDED,809,0
SYN-CMP-11145,SYN-U-17532,2026-03-04T16:34:16,Cash-out fee charged higher than standard 1.4% rate at the agent point.,CASH_OUT,MEDIUM,TRANSACTION_OPERATIONS,RECEIVED,REVERSED,2316,0
SYN-CMP-11146,SYN-U-14833,2026-03-04T16:58:03,"Unauthorized send money transaction of BDT 15,000 sent from my account at 3:00 AM.",FRAUD,CRITICAL,FRAUD_INVESTIGATION,RECEIVED,REFUNDED,1732,0
SYN-CMP-11147,SYN-U-15792,2026-03-04T17:49:41,Unable to update my registered primary phone number and email in settings.,ACCOUNT,MEDIUM,DISPUTES,RECEIVED,IN_PROGRESS,2773,0
SYN-CMP-11148,SYN-U-16594,2026-03-04T18:39:09,E-commerce merchant payment processed twice during checkout.,PAYMENT,LOW,TRANSACTION_OPERATIONS,RECEIVED,REFUNDED,2771,0
SYN-CMP-11149,SYN-U-15942,2026-03-04T20:18:31,"Merchant initiated refund 5 business days ago, but balance is not credited.",REFUND,MEDIUM,DISPUTES,RECEIVED,REFUNDED,291,0
SYN-CMP-11150,SYN-U-19439,2026-03-04T21:59:11,E-commerce merchant payment processed twice during checkout.,PAYMENT,HIGH,TRANSACTION_OPERATIONS,RECEIVED,EXPLAINED,2688,0
SYN-CMP-11151,SYN-U-10033,2026-03-04T22:28:18,Money was deducted from my account but the grocery merchant did not receive payment confirmation.,PAYMENT,MEDIUM,TRANSACTION_OPERATIONS,RECEIVED,REFUNDED,48,0
SYN-CMP-11152,SYN-U-19234,2026-03-04T22:59:06,My virtual dual-currency card was declined while making an international subscription payment.,CARD,MEDIUM,CARD_SERVICES,RECEIVED,EXPLAINED,1869,0
SYN-CMP-11153,SYN-U-14074,2026-03-05T01:04:30,Biometric fingerprint login is not working on my new Android device.,ACCOUNT,LOW,DISPUTES,RECEIVED,REFUNDED,2776,0
SYN-CMP-11154,SYN-U-19510,2026-03-05T02:06:52,Money was deducted from my account but the grocery merchant did not receive payment confirmation.,PAYMENT,MEDIUM,TRANSACTION_OPERATIONS,RECEIVED,REFUNDED,2401,0
SYN-CMP-11155,SYN-U-16202,2026-03-05T03:28:11,Unable to update my registered primary phone number and email in settings.,ACCOUNT,LOW,DISPUTES,RECEIVED,IN_PROGRESS,2795,0
SYN-CMP-11156,SYN-U-16608,2026-03-05T04:00:36,E-commerce merchant payment processed twice during checkout.,PAYMENT,MEDIUM,TRANSACTION_OPERATIONS,RECEIVED,REFUNDED,2011,0
SYN-CMP-11157,SYN-U-18412,2026-03-05T07:56:01,Agent deducted fee but the cash-out transaction timed out without dispensing cash.,CASH_OUT,LOW,TRANSACTION_OPERATIONS,RECEIVED,REFUNDED,2515,0
SYN-CMP-11158,SYN-U-13896,2026-03-05T08:00:56,Inter-wallet transfer delayed during peak evening banking clearing hour.,TRANSFER,LOW,TRANSACTION_OPERATIONS,RECEIVED,REFUNDED,266,0
SYN-CMP-11159,SYN-U-15254,2026-03-05T09:33:41,"Payment to merchant showed failed on app, but BDT 1,200 deducted from my Upay balance.",PAYMENT,MEDIUM,TRANSACTION_OPERATIONS,RECEIVED,REFUNDED,1112,0
SYN-CMP-11160,SYN-U-16405,2026-03-05T13:49:18,"Received a scam call asking for OTP, shortly after BDT 8,500 was transferred out.",FRAUD,CRITICAL,FRAUD_INVESTIGATION,RECEIVED,IN_PROGRESS,685,0
SYN-CMP-11161,SYN-U-12008,2026-03-05T14:16:33,"Paid utility electricity bill through app yesterday, but bill status still shows unpaid.",PAYMENT,LOW,TRANSACTION_OPERATIONS,RECEIVED,EXPLAINED,520,0
SYN-CMP-11162,SYN-U-14553,2026-03-05T20:58:09,My PIN was compromised and unauthorized funds were transferred to an unknown number.,FRAUD,CRITICAL,FRAUD_INVESTIGATION,RECEIVED,EXPLAINED,2572,1
SYN-CMP-11163,SYN-U-13053,2026-03-05T23:03:17,"Received a scam call asking for OTP, shortly after BDT 8,500 was transferred out.",FRAUD,CRITICAL,FRAUD_INVESTIGATION,RECEIVED,DECLINED,1149,1
SYN-CMP-11164,SYN-U-16688,2026-03-06T02:38:56,"Unauthorized send money transaction of BDT 15,000 sent from my account at 3:00 AM.",FRAUD,CRITICAL,FRAUD_INVESTIGATION,RECEIVED,DECLINED,1031,0
SYN-CMP-11165,SYN-U-17249,2026-03-06T03:07:46,Partial refund received instead of full transaction amount.,REFUND,LOW,DISPUTES,RECEIVED,IN_PROGRESS,2863,0
SYN-CMP-11166,SYN-U-16493,2026-03-06T06:14:29,My virtual dual-currency card was declined while making an international subscription payment.,CARD,MEDIUM,CARD_SERVICES,RECEIVED,REFUNDED,2513,0
SYN-CMP-11167,SYN-U-12917,2026-03-06T12:22:52,Partial refund received instead of full transaction amount.,REFUND,LOW,DISPUTES,RECEIVED,REVERSED,2369,0
SYN-CMP-11168,SYN-U-18044,2026-03-06T14:59:55,Want to temporarily freeze my physical card due to lost wallet.,CARD,MEDIUM,CARD_SERVICES,RECEIVED,EXPLAINED,761,0
SYN-CMP-11169,SYN-U-16036,2026-03-06T16:22:59,"Payment to merchant showed failed on app, but BDT 1,200 deducted from my Upay balance.",PAYMENT,MEDIUM,TRANSACTION_OPERATIONS,RECEIVED,EXPLAINED,1653,0
SYN-CMP-11170,SYN-U-13838,2026-03-06T16:33:00,E-commerce merchant payment processed twice during checkout.,PAYMENT,MEDIUM,TRANSACTION_OPERATIONS,RECEIVED,REFUNDED,1484,0
SYN-CMP-11171,SYN-U-10271,2026-03-06T16:47:17,E-commerce merchant payment processed twice during checkout.,PAYMENT,HIGH,TRANSACTION_OPERATIONS,RECEIVED,REVERSED,2169,0
SYN-CMP-11172,SYN-U-15955,2026-03-06T16:54:38,Duplicate payment charged for the same restaurant QR transaction.,PAYMENT,MEDIUM,TRANSACTION_OPERATIONS,RECEIVED,EXPLAINED,454,0
SYN-CMP-11173,SYN-U-11684,2026-03-06T22:10:38,Partial refund received instead of full transaction amount.,REFUND,LOW,DISPUTES,RECEIVED,REVERSED,2226,0
SYN-CMP-11174,SYN-U-17052,2026-03-06T22:18:52,Upay mobile app crashes immediately on splash screen after latest update.,TECHNICAL,LOW,TECH_SUPPORT,RECEIVED,DECLINED,2338,0
SYN-CMP-11175,SYN-U-14476,2026-03-06T23:17:08,Biometric fingerprint login is not working on my new Android device.,ACCOUNT,MEDIUM,DISPUTES,RECEIVED,REFUNDED,2293,0
SYN-CMP-11176,SYN-U-19985,2026-03-06T23:35:03,Partial refund received instead of full transaction amount.,REFUND,LOW,DISPUTES,RECEIVED,IN_PROGRESS,2116,0
SYN-CMP-11177,SYN-U-17053,2026-03-07T00:34:47,"Failed cash out attempt at agent, but funds debited from balance.",CASH_OUT,LOW,TRANSACTION_OPERATIONS,RECEIVED,REFUNDED,2520,0
SYN-CMP-11178,SYN-U-12982,2026-03-07T01:41:05,E-commerce merchant payment processed twice during checkout.,PAYMENT,MEDIUM,TRANSACTION_OPERATIONS,RECEIVED,REFUNDED,2448,0
SYN-CMP-11179,SYN-U-12559,2026-03-07T02:38:42,Phishing message led to account takeover and repeated cash-out attempts.,FRAUD,HIGH,FRAUD_INVESTIGATION,RECEIVED,REVERSED,690,1
SYN-CMP-11180,SYN-U-11854,2026-03-07T05:03:02,My PIN was compromised and unauthorized funds were transferred to an unknown number.,FRAUD,CRITICAL,FRAUD_INVESTIGATION,RECEIVED,EXPLAINED,423,1
SYN-CMP-11181,SYN-U-14602,2026-03-07T06:32:33,Network connection error occurred during transaction processing screen.,TECHNICAL,MEDIUM,TECH_SUPPORT,RECEIVED,EXPLAINED,217,0
SYN-CMP-11182,SYN-U-19005,2026-03-07T06:58:20,E-commerce merchant payment processed twice during checkout.,PAYMENT,MEDIUM,TRANSACTION_OPERATIONS,RECEIVED,REFUNDED,2044,0
SYN-CMP-11183,SYN-U-19587,2026-03-07T07:20:27,Money was deducted from my account but the grocery merchant did not receive payment confirmation.,PAYMENT,LOW,TRANSACTION_OPERATIONS,RECEIVED,EXPLAINED,2840,0
SYN-CMP-11184,SYN-U-16480,2026-03-07T10:30:53,Biometric fingerprint login is not working on my new Android device.,ACCOUNT,LOW,DISPUTES,RECEIVED,EXPLAINED,859,0
SYN-CMP-11185,SYN-U-12306,2026-03-07T11:30:57,Unable to update my registered primary phone number and email in settings.,ACCOUNT,MEDIUM,DISPUTES,RECEIVED,EXPLAINED,2119,0
SYN-CMP-11186,SYN-U-11883,2026-03-07T11:50:04,"Payment to merchant showed failed on app, but BDT 1,200 deducted from my Upay balance.",PAYMENT,MEDIUM,TRANSACTION_OPERATIONS,RECEIVED,EXPLAINED,1021,0
SYN-CMP-11187,SYN-U-17192,2026-03-07T12:35:10,"Unauthorized send money transaction of BDT 15,000 sent from my account at 3:00 AM.",FRAUD,HIGH,FRAUD_INVESTIGATION,RECEIVED,REVERSED,1375,0
SYN-CMP-11188,SYN-U-14819,2026-03-07T12:47:28,Money was deducted from my account but the grocery merchant did not receive payment confirmation.,PAYMENT,MEDIUM,TRANSACTION_OPERATIONS,RECEIVED,REFUNDED,103,0
SYN-CMP-11189,SYN-U-14860,2026-03-07T12:53:00,Upay mobile app crashes immediately on splash screen after latest update.,TECHNICAL,LOW,TECH_SUPPORT,RECEIVED,REFUNDED,296,0
SYN-CMP-11190,SYN-U-19741,2026-03-07T12:54:06,Cancelled e-commerce order refund amount is missing BDT 250 processing fee.,REFUND,LOW,DISPUTES,RECEIVED,REFUNDED,1402,0
SYN-CMP-11191,SYN-U-15416,2026-03-07T15:10:21,"Suspicious login notification received from unfamiliar device, someone tried to cash out.",FRAUD,HIGH,FRAUD_INVESTIGATION,RECEIVED,IN_PROGRESS,1272,0
SYN-CMP-11192,SYN-U-14312,2026-03-07T16:34:14,Inter-wallet transfer delayed during peak evening banking clearing hour.,TRANSFER,LOW,TRANSACTION_OPERATIONS,RECEIVED,REVERSED,1261,0
SYN-CMP-11193,SYN-U-18000,2026-03-07T19:15:16,Money was deducted from my account but the grocery merchant did not receive payment confirmation.,PAYMENT,LOW,TRANSACTION_OPERATIONS,RECEIVED,REFUNDED,969,0
SYN-CMP-11194,SYN-U-10109,2026-03-07T22:41:30,Partial refund received instead of full transaction amount.,REFUND,LOW,DISPUTES,RECEIVED,REVERSED,2314,0
SYN-CMP-11195,SYN-U-17677,2026-03-07T22:55:07,"Payment to merchant showed failed on app, but BDT 1,200 deducted from my Upay balance.",PAYMENT,HIGH,TRANSACTION_OPERATIONS,RECEIVED,EXPLAINED,1036,0
SYN-CMP-11196,SYN-U-12057,2026-03-07T23:33:23,"Payment to merchant showed failed on app, but BDT 1,200 deducted from my Upay balance.",PAYMENT,MEDIUM,TRANSACTION_OPERATIONS,RECEIVED,UNBLOCK_ACCOUNT,2206,0
SYN-CMP-11197,SYN-U-12191,2026-03-07T23:59:22,"Payment to merchant showed failed on app, but BDT 1,200 deducted from my Upay balance.",PAYMENT,MEDIUM,TRANSACTION_OPERATIONS,RECEIVED,REFUNDED,1650,0
SYN-CMP-11198,SYN-U-12127,2026-03-08T01:05:30,Duplicate payment charged for the same restaurant QR transaction.,PAYMENT,LOW,TRANSACTION_OPERATIONS,RECEIVED,REVERSED,500,0
SYN-CMP-11199,SYN-U-10784,2026-03-08T01:48:48,Money was deducted from my account but the grocery merchant did not receive payment confirmation.,PAYMENT,MEDIUM,TRANSACTION_OPERATIONS,RECEIVED,EXPLAINED,919,0
SYN-CMP-11200,SYN-U-17924,2026-03-08T03:46:20,Bank deposit to Upay wallet via internet banking hasn't reflected after 4 hours.,TRANSFER,LOW,TRANSACTION_OPERATIONS,RECEIVED,REFUNDED,1058,0
SYN-CMP-11201,SYN-U-12326,2026-03-08T05:51:20,"Payment to merchant showed failed on app, but BDT 1,200 deducted from my Upay balance.",PAYMENT,MEDIUM,TRANSACTION_OPERATIONS,RECEIVED,REFUNDED,2017,0
SYN-CMP-11202,SYN-U-12412,2026-03-08T07:33:39,Requesting official annual account statement for tax filing purposes.,OTHER,LOW,DISPUTES,RECEIVED,DECLINED,2614,0
SYN-CMP-11203,SYN-U-14320,2026-03-08T09:39:49,Phishing message led to account takeover and repeated cash-out attempts.,FRAUD,HIGH,FRAUD_INVESTIGATION,RECEIVED,REFUNDED,2743,1
SYN-CMP-11204,SYN-U-15133,2026-03-08T09:50:56,"Failed cash out attempt at agent, but funds debited from balance.",CASH_OUT,LOW,TRANSACTION_OPERATIONS,RECEIVED,REFUNDED,955,0
SYN-CMP-11205,SYN-U-12987,2026-03-08T10:59:18,Agent deducted fee but the cash-out transaction timed out without dispensing cash.,CASH_OUT,LOW,TRANSACTION_OPERATIONS,RECEIVED,EXPLAINED,1678,0
SYN-CMP-11206,SYN-U-15545,2026-03-08T12:07:47,"Paid utility electricity bill through app yesterday, but bill status still shows unpaid.",PAYMENT,HIGH,TRANSACTION_OPERATIONS,RECEIVED,DECLINED,2178,0
SYN-CMP-11207,SYN-U-10402,2026-03-08T13:16:44,Want to temporarily freeze my physical card due to lost wallet.,CARD,HIGH,CARD_SERVICES,RECEIVED,REFUNDED,264,0
SYN-CMP-11208,SYN-U-19061,2026-03-08T13:37:14,Biometric fingerprint login is not working on my new Android device.,ACCOUNT,MEDIUM,DISPUTES,RECEIVED,REVERSED,1374,0
SYN-CMP-11209,SYN-U-10819,2026-03-08T16:49:24,"Received a scam call asking for OTP, shortly after BDT 8,500 was transferred out.",FRAUD,CRITICAL,FRAUD_INVESTIGATION,RECEIVED,EXPLAINED,1557,1
SYN-CMP-11210,SYN-U-13771,2026-03-08T17:47:17,Card charged USD 45.00 for an online software transaction that I cancelled.,CARD,MEDIUM,CARD_SERVICES,RECEIVED,EXPLAINED,1353,0
SYN-CMP-11211,SYN-U-17680,2026-03-08T18:31:58,E-commerce merchant payment processed twice during checkout.,PAYMENT,MEDIUM,TRANSACTION_OPERATIONS,RECEIVED,EXPLAINED,946,0
SYN-CMP-11212,SYN-U-12937,2026-03-08T19:02:16,Inter-wallet transfer delayed during peak evening banking clearing hour.,TRANSFER,LOW,TRANSACTION_OPERATIONS,RECEIVED,REVERSED,2765,0
SYN-CMP-11213,SYN-U-13849,2026-03-08T19:10:15,Want to temporarily freeze my physical card due to lost wallet.,CARD,LOW,CARD_SERVICES,RECEIVED,REFUNDED,2485,0
SYN-CMP-11214,SYN-U-17272,2026-03-08T19:23:26,Need clarification on loyalty reward cashback points calculation.,OTHER,LOW,DISPUTES,RECEIVED,EXPLAINED,609,0
SYN-CMP-11215,SYN-U-16574,2026-03-08T19:36:18,"Merchant initiated refund 5 business days ago, but balance is not credited.",REFUND,LOW,DISPUTES,RECEIVED,REFUNDED,2366,0
SYN-CMP-11216,SYN-U-18979,2026-03-08T20:00:22,Agent deducted fee but the cash-out transaction timed out without dispensing cash.,CASH_OUT,LOW,TRANSACTION_OPERATIONS,RECEIVED,REFUNDED,1047,0
SYN-CMP-11217,SYN-U-15361,2026-03-08T20:20:34,Inter-wallet transfer delayed during peak evening banking clearing hour.,TRANSFER,MEDIUM,TRANSACTION_OPERATIONS,RECEIVED,EXPLAINED,484,0
SYN-CMP-11218,SYN-U-16995,2026-03-08T22:19:49,"Paid utility electricity bill through app yesterday, but bill status still shows unpaid.",PAYMENT,MEDIUM,TRANSACTION_OPERATIONS,RECEIVED,REFUNDED,1506,0
SYN-CMP-11219,SYN-U-11656,2026-03-08T22:28:11,Want to temporarily freeze my physical card due to lost wallet.,CARD,LOW,CARD_SERVICES,RECEIVED,DECLINED,569,0
SYN-CMP-11220,SYN-U-14670,2026-03-09T01:36:11,Network connection error occurred during transaction processing screen.,TECHNICAL,LOW,TECH_SUPPORT,RECEIVED,REFUNDED,1992,0
SYN-CMP-11221,SYN-U-15769,2026-03-09T03:54:46,Agent deducted fee but the cash-out transaction timed out without dispensing cash.,CASH_OUT,MEDIUM,TRANSACTION_OPERATIONS,RECEIVED,REFUNDED,667,0
SYN-CMP-11222,SYN-U-12284,2026-03-09T04:00:43,"Payment to merchant showed failed on app, but BDT 1,200 deducted from my Upay balance.",PAYMENT,MEDIUM,TRANSACTION_OPERATIONS,RECEIVED,REFUNDED,2760,0
SYN-CMP-11223,SYN-U-14068,2026-03-09T04:01:49,Duplicate payment charged for the same restaurant QR transaction.,PAYMENT,HIGH,TRANSACTION_OPERATIONS,RECEIVED,EXPLAINED,18,0
SYN-CMP-11224,SYN-U-10793,2026-03-09T05:26:47,"Payment to merchant showed failed on app, but BDT 1,200 deducted from my Upay balance.",PAYMENT,MEDIUM,TRANSACTION_OPERATIONS,RECEIVED,REFUNDED,1084,0
SYN-CMP-11225,SYN-U-16542,2026-03-09T06:13:04,Money was deducted from my account but the grocery merchant did not receive payment confirmation.,PAYMENT,HIGH,TRANSACTION_OPERATIONS,RECEIVED,REFUNDED,2480,1
SYN-CMP-11226,SYN-U-18872,2026-03-09T06:40:47,E-commerce merchant payment processed twice during checkout.,PAYMENT,MEDIUM,TRANSACTION_OPERATIONS,RECEIVED,EXPLAINED,1555,0
SYN-CMP-11227,SYN-U-12800,2026-03-09T06:47:03,E-commerce merchant payment processed twice during checkout.,PAYMENT,MEDIUM,TRANSACTION_OPERATIONS,RECEIVED,REVERSED,759,0
SYN-CMP-11228,SYN-U-19073,2026-03-09T07:46:12,E-commerce merchant payment processed twice during checkout.,PAYMENT,MEDIUM,TRANSACTION_OPERATIONS,RECEIVED,REFUNDED,2018,0
SYN-CMP-11229,SYN-U-19158,2026-03-09T09:07:30,"Unauthorized send money transaction of BDT 15,000 sent from my account at 3:00 AM.",FRAUD,HIGH,FRAUD_INVESTIGATION,RECEIVED,UNBLOCK_ACCOUNT,872,0
SYN-CMP-11230,SYN-U-15762,2026-03-09T12:47:37,Duplicate payment charged for the same restaurant QR transaction.,PAYMENT,LOW,TRANSACTION_OPERATIONS,RECEIVED,REVERSED,380,0
SYN-CMP-11231,SYN-U-14537,2026-03-09T14:33:45,Inter-wallet transfer delayed during peak evening banking clearing hour.,TRANSFER,MEDIUM,TRANSACTION_OPERATIONS,RECEIVED,UNBLOCK_ACCOUNT,692,0
SYN-CMP-11232,SYN-U-19562,2026-03-09T15:42:18,Money was deducted from my account but the grocery merchant did not receive payment confirmation.,PAYMENT,LOW,TRANSACTION_OPERATIONS,RECEIVED,REVERSED,1942,0
SYN-CMP-11233,SYN-U-17470,2026-03-09T16:22:44,My account has been temporarily restricted after entering wrong PIN 3 times.,ACCOUNT,LOW,DISPUTES,RECEIVED,IN_PROGRESS,1754,0
SYN-CMP-11234,SYN-U-19655,2026-03-09T18:25:28,Agent confirmed cash-out successful on terminal but I did not receive SMS confirmation.,CASH_OUT,LOW,TRANSACTION_OPERATIONS,RECEIVED,EXPLAINED,1467,0
SYN-CMP-11235,SYN-U-17308,2026-03-09T18:49:32,Cancelled e-commerce order refund amount is missing BDT 250 processing fee.,REFUND,LOW,DISPUTES,RECEIVED,EXPLAINED,2713,0
SYN-CMP-11236,SYN-U-14303,2026-03-09T19:09:32,Money was deducted from my account but the grocery merchant did not receive payment confirmation.,PAYMENT,HIGH,TRANSACTION_OPERATIONS,RECEIVED,DECLINED,2284,1
SYN-CMP-11237,SYN-U-16822,2026-03-09T19:46:24,My virtual dual-currency card was declined while making an international subscription payment.,CARD,MEDIUM,CARD_SERVICES,RECEIVED,EXPLAINED,2472,0
SYN-CMP-11238,SYN-U-17136,2026-03-09T20:02:58,Duplicate payment charged for the same restaurant QR transaction.,PAYMENT,LOW,TRANSACTION_OPERATIONS,RECEIVED,REFUNDED,989,0
SYN-CMP-11239,SYN-U-15806,2026-03-09T21:38:06,"Received a scam call asking for OTP, shortly after BDT 8,500 was transferred out.",FRAUD,HIGH,FRAUD_INVESTIGATION,RECEIVED,UNBLOCK_ACCOUNT,18,0
SYN-CMP-11240,SYN-U-18493,2026-03-09T23:00:17,Money was deducted from my account but the grocery merchant did not receive payment confirmation.,PAYMENT,LOW,TRANSACTION_OPERATIONS,RECEIVED,UNBLOCK_ACCOUNT,1776,0
SYN-CMP-11241,SYN-U-11587,2026-03-09T23:21:17,Phishing message led to account takeover and repeated cash-out attempts.,FRAUD,CRITICAL,FRAUD_INVESTIGATION,RECEIVED,IN_PROGRESS,1967,0
SYN-CMP-11242,SYN-U-12590,2026-03-10T00:44:39,"Failed cash out attempt at agent, but funds debited from balance.",CASH_OUT,MEDIUM,TRANSACTION_OPERATIONS,RECEIVED,UNBLOCK_ACCOUNT,2201,0
SYN-CMP-11243,SYN-U-14348,2026-03-10T01:55:42,"Accidentally transferred BDT 3,500 to a wrong mobile number.",TRANSFER,LOW,TRANSACTION_OPERATIONS,RECEIVED,DECLINED,1032,0
SYN-CMP-11244,SYN-U-14571,2026-03-10T02:22:16,Money was deducted from my account but the grocery merchant did not receive payment confirmation.,PAYMENT,HIGH,TRANSACTION_OPERATIONS,RECEIVED,REFUNDED,1979,0
SYN-CMP-11245,SYN-U-19952,2026-03-10T04:59:35,Partial refund received instead of full transaction amount.,REFUND,MEDIUM,DISPUTES,RECEIVED,EXPLAINED,1308,0
SYN-CMP-11246,SYN-U-13430,2026-03-10T06:15:05,"Payment to merchant showed failed on app, but BDT 1,200 deducted from my Upay balance.",PAYMENT,MEDIUM,TRANSACTION_OPERATIONS,RECEIVED,EXPLAINED,1678,0
SYN-CMP-11247,SYN-U-13686,2026-03-10T06:38:50,NID verification pending for more than 48 hours.,ACCOUNT,MEDIUM,DISPUTES,RECEIVED,REFUNDED,1190,0
SYN-CMP-11248,SYN-U-17708,2026-03-10T08:16:44,My PIN was compromised and unauthorized funds were transferred to an unknown number.,FRAUD,CRITICAL,FRAUD_INVESTIGATION,RECEIVED,REFUNDED,2116,0
SYN-CMP-11249,SYN-U-12380,2026-03-10T10:54:29,"Merchant initiated refund 5 business days ago, but balance is not credited.",REFUND,LOW,DISPUTES,RECEIVED,EXPLAINED,2506,0
SYN-CMP-11250,SYN-U-18387,2026-03-10T11:51:32,Want to temporarily freeze my physical card due to lost wallet.,CARD,HIGH,CARD_SERVICES,RECEIVED,EXPLAINED,1260,1
SYN-CMP-11251,SYN-U-17951,2026-03-10T12:50:08,"Suspicious login notification received from unfamiliar device, someone tried to cash out.",FRAUD,HIGH,FRAUD_INVESTIGATION,RECEIVED,REVERSED,1009,1
SYN-CMP-11252,SYN-U-11797,2026-03-10T13:29:08,Inter-wallet transfer delayed during peak evening banking clearing hour.,TRANSFER,MEDIUM,TRANSACTION_OPERATIONS,RECEIVED,EXPLAINED,1820,0
SYN-CMP-11253,SYN-U-18608,2026-03-10T16:55:23,E-commerce merchant payment processed twice during checkout.,PAYMENT,LOW,TRANSACTION_OPERATIONS,RECEIVED,REFUNDED,1863,0
SYN-CMP-11254,SYN-U-17067,2026-03-10T18:42:16,My virtual dual-currency card was declined while making an international subscription payment.,CARD,MEDIUM,CARD_SERVICES,RECEIVED,EXPLAINED,2835,0
SYN-CMP-11255,SYN-U-18160,2026-03-10T19:17:16,Partial refund received instead of full transaction amount.,REFUND,LOW,DISPUTES,RECEIVED,REFUNDED,2234,0
SYN-CMP-11256,SYN-U-13076,2026-03-10T19:48:48,"Paid utility electricity bill through app yesterday, but bill status still shows unpaid.",PAYMENT,LOW,TRANSACTION_OPERATIONS,RECEIVED,DECLINED,978,0
SYN-CMP-11257,SYN-U-14620,2026-03-10T22:49:59,Duplicate payment charged for the same restaurant QR transaction.,PAYMENT,LOW,TRANSACTION_OPERATIONS,RECEIVED,REFUNDED,2122,0
SYN-CMP-11258,SYN-U-17255,2026-03-11T01:18:19,Money was deducted from my account but the grocery merchant did not receive payment confirmation.,PAYMENT,MEDIUM,TRANSACTION_OPERATIONS,RECEIVED,EXPLAINED,1674,0
SYN-CMP-11259,SYN-U-13635,2026-03-11T02:10:32,My account has been temporarily restricted after entering wrong PIN 3 times.,ACCOUNT,LOW,DISPUTES,RECEIVED,REFUNDED,2856,0
SYN-CMP-11260,SYN-U-11874,2026-03-11T06:28:06,Requesting official annual account statement for tax filing purposes.,OTHER,LOW,DISPUTES,RECEIVED,REFUNDED,1558,0
SYN-CMP-11261,SYN-U-19837,2026-03-11T07:07:19,Cash-out fee charged higher than standard 1.4% rate at the agent point.,CASH_OUT,LOW,TRANSACTION_OPERATIONS,RECEIVED,REFUNDED,1798,0
SYN-CMP-11262,SYN-U-17889,2026-03-11T07:34:39,My PIN was compromised and unauthorized funds were transferred to an unknown number.,FRAUD,CRITICAL,FRAUD_INVESTIGATION,RECEIVED,REFUNDED,385,1
SYN-CMP-11263,SYN-U-16769,2026-03-11T07:56:56,"Failed cash out attempt at agent, but funds debited from balance.",CASH_OUT,MEDIUM,TRANSACTION_OPERATIONS,RECEIVED,EXPLAINED,2317,0
SYN-CMP-11264,SYN-U-11667,2026-03-11T08:37:37,Cancelled e-commerce order refund amount is missing BDT 250 processing fee.,REFUND,LOW,DISPUTES,RECEIVED,EXPLAINED,2088,0
SYN-CMP-11265,SYN-U-11811,2026-03-11T09:21:40,"Received a scam call asking for OTP, shortly after BDT 8,500 was transferred out.",FRAUD,HIGH,FRAUD_INVESTIGATION,RECEIVED,REFUNDED,1519,0
SYN-CMP-11266,SYN-U-10049,2026-03-11T09:50:08,Cancelled e-commerce order refund amount is missing BDT 250 processing fee.,REFUND,MEDIUM,DISPUTES,RECEIVED,REFUNDED,1455,0
SYN-CMP-11267,SYN-U-15356,2026-03-11T10:07:10,Phishing message led to account takeover and repeated cash-out attempts.,FRAUD,CRITICAL,FRAUD_INVESTIGATION,RECEIVED,EXPLAINED,1960,0
SYN-CMP-11268,SYN-U-14781,2026-03-11T10:57:35,"Accidentally transferred BDT 3,500 to a wrong mobile number.",TRANSFER,LOW,TRANSACTION_OPERATIONS,RECEIVED,EXPLAINED,1403,0
SYN-CMP-11269,SYN-U-11635,2026-03-11T10:57:44,"Merchant initiated refund 5 business days ago, but balance is not credited.",REFUND,LOW,DISPUTES,RECEIVED,REFUNDED,523,0
SYN-CMP-11270,SYN-U-15082,2026-03-11T19:41:21,App says account dormant even though I received funds two weeks ago.,ACCOUNT,MEDIUM,DISPUTES,RECEIVED,EXPLAINED,342,0
SYN-CMP-11271,SYN-U-15307,2026-03-11T20:54:13,"Paid utility electricity bill through app yesterday, but bill status still shows unpaid.",PAYMENT,MEDIUM,TRANSACTION_OPERATIONS,RECEIVED,REFUNDED,1959,0
SYN-CMP-11272,SYN-U-11606,2026-03-11T21:06:28,Agent deducted fee but the cash-out transaction timed out without dispensing cash.,CASH_OUT,MEDIUM,TRANSACTION_OPERATIONS,RECEIVED,REFUNDED,1308,0
SYN-CMP-11273,SYN-U-15718,2026-03-11T23:53:05,My PIN was compromised and unauthorized funds were transferred to an unknown number.,FRAUD,CRITICAL,FRAUD_INVESTIGATION,RECEIVED,IN_PROGRESS,2066,1
SYN-CMP-11274,SYN-U-14758,2026-03-12T00:31:21,Phishing message led to account takeover and repeated cash-out attempts.,FRAUD,HIGH,FRAUD_INVESTIGATION,RECEIVED,IN_PROGRESS,1454,0
SYN-CMP-11275,SYN-U-13869,2026-03-12T04:42:31,Money was deducted from my account but the grocery merchant did not receive payment confirmation.,PAYMENT,HIGH,TRANSACTION_OPERATIONS,RECEIVED,EXPLAINED,2061,0
SYN-CMP-11276,SYN-U-19122,2026-03-12T04:58:38,"Accidentally transferred BDT 3,500 to a wrong mobile number.",TRANSFER,LOW,TRANSACTION_OPERATIONS,RECEIVED,REFUNDED,1594,0
SYN-CMP-11277,SYN-U-17645,2026-03-12T06:48:24,Money was deducted from my account but the grocery merchant did not receive payment confirmation.,PAYMENT,MEDIUM,TRANSACTION_OPERATIONS,RECEIVED,EXPLAINED,1743,0
SYN-CMP-11278,SYN-U-18439,2026-03-12T07:21:59,Money was deducted from my account but the grocery merchant did not receive payment confirmation.,PAYMENT,MEDIUM,TRANSACTION_OPERATIONS,RECEIVED,UNBLOCK_ACCOUNT,930,0
SYN-CMP-11279,SYN-U-13228,2026-03-12T07:48:47,Agent confirmed cash-out successful on terminal but I did not receive SMS confirmation.,CASH_OUT,LOW,TRANSACTION_OPERATIONS,RECEIVED,EXPLAINED,295,0
SYN-CMP-11280,SYN-U-10986,2026-03-12T09:00:54,Cash-out fee charged higher than standard 1.4% rate at the agent point.,CASH_OUT,LOW,TRANSACTION_OPERATIONS,RECEIVED,DECLINED,2585,0
SYN-CMP-11281,SYN-U-13241,2026-03-12T10:17:18,My account has been temporarily restricted after entering wrong PIN 3 times.,ACCOUNT,MEDIUM,DISPUTES,RECEIVED,REFUNDED,1559,0
SYN-CMP-11282,SYN-U-16186,2026-03-12T12:51:12,Cash-out fee charged higher than standard 1.4% rate at the agent point.,CASH_OUT,MEDIUM,TRANSACTION_OPERATIONS,RECEIVED,EXPLAINED,2115,0
SYN-CMP-11283,SYN-U-16756,2026-03-12T13:29:24,Card charged USD 45.00 for an online software transaction that I cancelled.,CARD,MEDIUM,CARD_SERVICES,RECEIVED,EXPLAINED,2195,0
SYN-CMP-11284,SYN-U-10737,2026-03-12T14:15:30,Money was deducted from my account but the grocery merchant did not receive payment confirmation.,PAYMENT,MEDIUM,TRANSACTION_OPERATIONS,RECEIVED,REFUNDED,293,0
SYN-CMP-11285,SYN-U-18741,2026-03-12T14:20:25,Cash-out fee charged higher than standard 1.4% rate at the agent point.,CASH_OUT,LOW,TRANSACTION_OPERATIONS,RECEIVED,REFUNDED,544,0
SYN-CMP-11286,SYN-U-15805,2026-03-12T15:15:23,Requesting official annual account statement for tax filing purposes.,OTHER,MEDIUM,DISPUTES,RECEIVED,REFUNDED,883,0
SYN-CMP-11287,SYN-U-10257,2026-03-12T15:35:12,Card charged USD 45.00 for an online software transaction that I cancelled.,CARD,LOW,CARD_SERVICES,RECEIVED,REFUNDED,1276,0
SYN-CMP-11288,SYN-U-13935,2026-03-12T18:07:57,NID verification pending for more than 48 hours.,ACCOUNT,LOW,DISPUTES,RECEIVED,EXPLAINED,1754,0
SYN-CMP-11289,SYN-U-16538,2026-03-12T19:51:25,Endorsement limit not updating after submitting updated passport copy.,CARD,MEDIUM,CARD_SERVICES,RECEIVED,EXPLAINED,2313,0
SYN-CMP-11290,SYN-U-10279,2026-03-12T21:29:49,Duplicate payment charged for the same restaurant QR transaction.,PAYMENT,LOW,TRANSACTION_OPERATIONS,RECEIVED,UNBLOCK_ACCOUNT,1239,0
SYN-CMP-11291,SYN-U-19102,2026-03-12T22:55:35,Biometric fingerprint login is not working on my new Android device.,ACCOUNT,MEDIUM,DISPUTES,RECEIVED,EXPLAINED,81,0
SYN-CMP-11292,SYN-U-14326,2026-03-13T00:50:28,"Paid utility electricity bill through app yesterday, but bill status still shows unpaid.",PAYMENT,HIGH,TRANSACTION_OPERATIONS,RECEIVED,REFUNDED,2601,1
SYN-CMP-11293,SYN-U-16696,2026-03-13T03:12:08,My account has been temporarily restricted after entering wrong PIN 3 times.,ACCOUNT,LOW,DISPUTES,RECEIVED,REFUNDED,2198,0
SYN-CMP-11294,SYN-U-12213,2026-03-13T09:35:03,Inter-wallet transfer delayed during peak evening banking clearing hour.,TRANSFER,LOW,TRANSACTION_OPERATIONS,RECEIVED,REFUNDED,2220,0
SYN-CMP-11295,SYN-U-10836,2026-03-13T11:17:15,Card charged USD 45.00 for an online software transaction that I cancelled.,CARD,HIGH,CARD_SERVICES,RECEIVED,DECLINED,2306,0
SYN-CMP-11296,SYN-U-13111,2026-03-13T11:26:52,Money was deducted from my account but the grocery merchant did not receive payment confirmation.,PAYMENT,LOW,TRANSACTION_OPERATIONS,RECEIVED,EXPLAINED,313,0
SYN-CMP-11297,SYN-U-14913,2026-03-13T11:40:57,Partial refund received instead of full transaction amount.,REFUND,MEDIUM,DISPUTES,RECEIVED,EXPLAINED,2178,0
SYN-CMP-11298,SYN-U-18662,2026-03-13T14:09:36,Agent deducted fee but the cash-out transaction timed out without dispensing cash.,CASH_OUT,LOW,TRANSACTION_OPERATIONS,RECEIVED,REFUNDED,396,0
SYN-CMP-11299,SYN-U-14652,2026-03-13T15:16:19,E-commerce merchant payment processed twice during checkout.,PAYMENT,MEDIUM,TRANSACTION_OPERATIONS,RECEIVED,IN_PROGRESS,560,0
SYN-CMP-11300,SYN-U-11968,2026-03-13T16:17:06,App says account dormant even though I received funds two weeks ago.,ACCOUNT,LOW,DISPUTES,RECEIVED,REFUNDED,734,0
SYN-CMP-11301,SYN-U-17702,2026-03-13T17:41:41,Agent deducted fee but the cash-out transaction timed out without dispensing cash.,CASH_OUT,LOW,TRANSACTION_OPERATIONS,RECEIVED,EXPLAINED,2262,0
SYN-CMP-11302,SYN-U-17025,2026-03-13T18:21:56,E-commerce merchant payment processed twice during checkout.,PAYMENT,MEDIUM,TRANSACTION_OPERATIONS,RECEIVED,REFUNDED,1569,0
SYN-CMP-11303,SYN-U-14169,2026-03-13T20:41:46,Endorsement limit not updating after submitting updated passport copy.,CARD,MEDIUM,CARD_SERVICES,RECEIVED,REFUNDED,1281,0
SYN-CMP-11304,SYN-U-19318,2026-03-13T21:01:20,E-commerce merchant payment processed twice during checkout.,PAYMENT,HIGH,TRANSACTION_OPERATIONS,RECEIVED,REFUNDED,222,0
SYN-CMP-11305,SYN-U-16574,2026-03-13T21:10:21,Partial refund received instead of full transaction amount.,REFUND,MEDIUM,DISPUTES,RECEIVED,REFUNDED,2395,0
SYN-CMP-11306,SYN-U-15142,2026-03-13T21:50:57,Duplicate payment charged for the same restaurant QR transaction.,PAYMENT,LOW,TRANSACTION_OPERATIONS,RECEIVED,REFUNDED,2395,0
SYN-CMP-11307,SYN-U-12849,2026-03-13T22:51:34,My PIN was compromised and unauthorized funds were transferred to an unknown number.,FRAUD,HIGH,FRAUD_INVESTIGATION,RECEIVED,EXPLAINED,764,1
SYN-CMP-11308,SYN-U-15075,2026-03-13T23:52:37,Phishing message led to account takeover and repeated cash-out attempts.,FRAUD,CRITICAL,FRAUD_INVESTIGATION,RECEIVED,REFUNDED,739,0
SYN-CMP-11309,SYN-U-10093,2026-03-14T03:02:42,Phishing message led to account takeover and repeated cash-out attempts.,FRAUD,HIGH,FRAUD_INVESTIGATION,RECEIVED,EXPLAINED,581,0
SYN-CMP-11310,SYN-U-11772,2026-03-14T07:27:50,E-commerce merchant payment processed twice during checkout.,PAYMENT,MEDIUM,TRANSACTION_OPERATIONS,RECEIVED,REVERSED,2233,0
SYN-CMP-11311,SYN-U-14028,2026-03-14T08:36:20,Biometric fingerprint login is not working on my new Android device.,ACCOUNT,LOW,DISPUTES,RECEIVED,REFUNDED,2853,0
SYN-CMP-11312,SYN-U-11481,2026-03-14T11:53:01,Requesting official annual account statement for tax filing purposes.,OTHER,LOW,DISPUTES,RECEIVED,UNBLOCK_ACCOUNT,242,0
SYN-CMP-11313,SYN-U-11800,2026-03-14T13:28:13,"Payment to merchant showed failed on app, but BDT 1,200 deducted from my Upay balance.",PAYMENT,LOW,TRANSACTION_OPERATIONS,RECEIVED,REFUNDED,1639,0
SYN-CMP-11314,SYN-U-14674,2026-03-14T16:07:14,Bank deposit to Upay wallet via internet banking hasn't reflected after 4 hours.,TRANSFER,MEDIUM,TRANSACTION_OPERATIONS,RECEIVED,EXPLAINED,1526,0
SYN-CMP-11315,SYN-U-12060,2026-03-14T16:28:19,Partial refund received instead of full transaction amount.,REFUND,LOW,DISPUTES,RECEIVED,EXPLAINED,1965,0
SYN-CMP-11316,SYN-U-10421,2026-03-14T17:08:07,"Received a scam call asking for OTP, shortly after BDT 8,500 was transferred out.",FRAUD,CRITICAL,FRAUD_INVESTIGATION,RECEIVED,REFUNDED,659,1
SYN-CMP-11317,SYN-U-15726,2026-03-14T19:34:30,"Paid utility electricity bill through app yesterday, but bill status still shows unpaid.",PAYMENT,MEDIUM,TRANSACTION_OPERATIONS,RECEIVED,IN_PROGRESS,1223,0
SYN-CMP-11318,SYN-U-18772,2026-03-14T20:12:45,My PIN was compromised and unauthorized funds were transferred to an unknown number.,FRAUD,HIGH,FRAUD_INVESTIGATION,RECEIVED,EXPLAINED,2611,0
SYN-CMP-11319,SYN-U-18058,2026-03-14T21:33:03,Agent confirmed cash-out successful on terminal but I did not receive SMS confirmation.,CASH_OUT,LOW,TRANSACTION_OPERATIONS,RECEIVED,REFUNDED,2345,0
SYN-CMP-11320,SYN-U-17062,2026-03-14T21:33:18,Want to temporarily freeze my physical card due to lost wallet.,CARD,MEDIUM,CARD_SERVICES,RECEIVED,REFUNDED,1691,0
SYN-CMP-11321,SYN-U-17275,2026-03-14T22:35:58,Duplicate payment charged for the same restaurant QR transaction.,PAYMENT,MEDIUM,TRANSACTION_OPERATIONS,RECEIVED,UNBLOCK_ACCOUNT,1493,0
SYN-CMP-11322,SYN-U-15307,2026-03-14T23:24:09,Duplicate payment charged for the same restaurant QR transaction.,PAYMENT,MEDIUM,TRANSACTION_OPERATIONS,RECEIVED,EXPLAINED,193,0
SYN-CMP-11323,SYN-U-18898,2026-03-14T23:52:52,My virtual dual-currency card was declined while making an international subscription payment.,CARD,MEDIUM,CARD_SERVICES,RECEIVED,IN_PROGRESS,2579,0
SYN-CMP-11324,SYN-U-15673,2026-03-14T23:54:58,Endorsement limit not updating after submitting updated passport copy.,CARD,HIGH,CARD_SERVICES,RECEIVED,UNBLOCK_ACCOUNT,2826,1
SYN-CMP-11325,SYN-U-15684,2026-03-15T00:38:19,"Paid utility electricity bill through app yesterday, but bill status still shows unpaid.",PAYMENT,MEDIUM,TRANSACTION_OPERATIONS,RECEIVED,REFUNDED,2658,0
SYN-CMP-11326,SYN-U-19653,2026-03-15T02:52:30,International online transaction toggle keeps turning off automatically in settings.,CARD,MEDIUM,CARD_SERVICES,RECEIVED,REFUNDED,2637,0
SYN-CMP-11327,SYN-U-14777,2026-03-15T03:45:52,E-commerce merchant payment processed twice during checkout.,PAYMENT,HIGH,TRANSACTION_OPERATIONS,RECEIVED,EXPLAINED,271,1
SYN-CMP-11328,SYN-U-11294,2026-03-15T04:21:59,Cash-out fee charged higher than standard 1.4% rate at the agent point.,CASH_OUT,LOW,TRANSACTION_OPERATIONS,RECEIVED,REFUNDED,1479,0
SYN-CMP-11329,SYN-U-17317,2026-03-15T04:46:45,My PIN was compromised and unauthorized funds were transferred to an unknown number.,FRAUD,CRITICAL,FRAUD_INVESTIGATION,RECEIVED,EXPLAINED,456,0
SYN-CMP-11330,SYN-U-17122,2026-03-15T04:54:08,My account has been temporarily restricted after entering wrong PIN 3 times.,ACCOUNT,LOW,DISPUTES,RECEIVED,REVERSED,1175,0
SYN-CMP-11331,SYN-U-14830,2026-03-15T05:01:12,Need clarification on loyalty reward cashback points calculation.,OTHER,MEDIUM,DISPUTES,RECEIVED,DECLINED,2790,0
SYN-CMP-11332,SYN-U-10099,2026-03-15T05:19:53,NID verification pending for more than 48 hours.,ACCOUNT,LOW,DISPUTES,RECEIVED,REVERSED,725,0
SYN-CMP-11333,SYN-U-10545,2026-03-15T07:05:33,My PIN was compromised and unauthorized funds were transferred to an unknown number.,FRAUD,HIGH,FRAUD_INVESTIGATION,RECEIVED,DECLINED,665,0
SYN-CMP-11334,SYN-U-18552,2026-03-15T08:45:36,E-commerce merchant payment processed twice during checkout.,PAYMENT,HIGH,TRANSACTION_OPERATIONS,RECEIVED,DECLINED,1473,0
SYN-CMP-11335,SYN-U-10310,2026-03-15T09:30:49,E-commerce merchant payment processed twice during checkout.,PAYMENT,MEDIUM,TRANSACTION_OPERATIONS,RECEIVED,REFUNDED,346,0
SYN-CMP-11336,SYN-U-15584,2026-03-15T10:33:31,Duplicate payment charged for the same restaurant QR transaction.,PAYMENT,MEDIUM,TRANSACTION_OPERATIONS,RECEIVED,UNBLOCK_ACCOUNT,793,0
SYN-CMP-11337,SYN-U-14463,2026-03-15T11:52:10,Unable to update my registered primary phone number and email in settings.,ACCOUNT,LOW,DISPUTES,RECEIVED,EXPLAINED,1928,0
SYN-CMP-11338,SYN-U-12118,2026-03-15T13:07:44,Duplicate payment charged for the same restaurant QR transaction.,PAYMENT,MEDIUM,TRANSACTION_OPERATIONS,RECEIVED,EXPLAINED,1486,0
SYN-CMP-11339,SYN-U-19870,2026-03-15T14:01:51,Biometric fingerprint login is not working on my new Android device.,ACCOUNT,MEDIUM,DISPUTES,RECEIVED,REFUNDED,1732,0
SYN-CMP-11340,SYN-U-11092,2026-03-15T14:09:10,Agent confirmed cash-out successful on terminal but I did not receive SMS confirmation.,CASH_OUT,LOW,TRANSACTION_OPERATIONS,RECEIVED,EXPLAINED,105,0
SYN-CMP-11341,SYN-U-14264,2026-03-15T17:14:22,Cash-out fee charged higher than standard 1.4% rate at the agent point.,CASH_OUT,LOW,TRANSACTION_OPERATIONS,RECEIVED,EXPLAINED,2038,0
SYN-CMP-11342,SYN-U-17745,2026-03-15T17:35:27,International online transaction toggle keeps turning off automatically in settings.,CARD,HIGH,CARD_SERVICES,RECEIVED,EXPLAINED,1662,0
SYN-CMP-11343,SYN-U-10035,2026-03-15T18:18:40,"Suspicious login notification received from unfamiliar device, someone tried to cash out.",FRAUD,HIGH,FRAUD_INVESTIGATION,RECEIVED,REFUNDED,1794,0
SYN-CMP-11344,SYN-U-12404,2026-03-15T19:06:48,SMS OTP is taking over 5 minutes to arrive during login attempt.,TECHNICAL,LOW,TECH_SUPPORT,RECEIVED,REFUNDED,1249,0
SYN-CMP-11345,SYN-U-13273,2026-03-15T19:16:28,"Paid utility electricity bill through app yesterday, but bill status still shows unpaid.",PAYMENT,MEDIUM,TRANSACTION_OPERATIONS,RECEIVED,REFUNDED,1523,0
SYN-CMP-11346,SYN-U-13752,2026-03-15T21:39:47,Agent confirmed cash-out successful on terminal but I did not receive SMS confirmation.,CASH_OUT,MEDIUM,TRANSACTION_OPERATIONS,RECEIVED,REFUNDED,1772,0
SYN-CMP-11347,SYN-U-12763,2026-03-15T22:43:29,"Received a scam call asking for OTP, shortly after BDT 8,500 was transferred out.",FRAUD,CRITICAL,FRAUD_INVESTIGATION,RECEIVED,UNBLOCK_ACCOUNT,33,0
SYN-CMP-11348,SYN-U-18436,2026-03-15T23:02:30,International online transaction toggle keeps turning off automatically in settings.,CARD,MEDIUM,CARD_SERVICES,RECEIVED,REVERSED,1011,0
SYN-CMP-11349,SYN-U-16557,2026-03-16T00:53:21,Phishing message led to account takeover and repeated cash-out attempts.,FRAUD,CRITICAL,FRAUD_INVESTIGATION,RECEIVED,EXPLAINED,2667,0
SYN-CMP-11350,SYN-U-18583,2026-03-16T02:23:15,Biometric fingerprint login is not working on my new Android device.,ACCOUNT,MEDIUM,DISPUTES,RECEIVED,REFUNDED,1841,0
SYN-CMP-11351,SYN-U-12291,2026-03-16T02:48:49,Money was deducted from my account but the grocery merchant did not receive payment confirmation.,PAYMENT,HIGH,TRANSACTION_OPERATIONS,RECEIVED,EXPLAINED,1450,0
SYN-CMP-11352,SYN-U-11408,2026-03-16T03:30:19,SMS OTP is taking over 5 minutes to arrive during login attempt.,TECHNICAL,MEDIUM,TECH_SUPPORT,RECEIVED,DECLINED,889,0
SYN-CMP-11353,SYN-U-16774,2026-03-16T04:28:48,"Unauthorized send money transaction of BDT 15,000 sent from my account at 3:00 AM.",FRAUD,HIGH,FRAUD_INVESTIGATION,RECEIVED,EXPLAINED,631,0
SYN-CMP-11354,SYN-U-18181,2026-03-16T05:17:35,Duplicate payment charged for the same restaurant QR transaction.,PAYMENT,HIGH,TRANSACTION_OPERATIONS,RECEIVED,EXPLAINED,1693,1
SYN-CMP-11355,SYN-U-18713,2026-03-16T09:32:31,My PIN was compromised and unauthorized funds were transferred to an unknown number.,FRAUD,CRITICAL,FRAUD_INVESTIGATION,RECEIVED,EXPLAINED,364,1
SYN-CMP-11356,SYN-U-15284,2026-03-16T09:49:43,Cash-out fee charged higher than standard 1.4% rate at the agent point.,CASH_OUT,LOW,TRANSACTION_OPERATIONS,RECEIVED,EXPLAINED,2834,0
SYN-CMP-11357,SYN-U-17196,2026-03-16T14:23:03,E-commerce merchant payment processed twice during checkout.,PAYMENT,HIGH,TRANSACTION_OPERATIONS,RECEIVED,REFUNDED,1773,0
SYN-CMP-11358,SYN-U-18872,2026-03-16T14:47:05,"Merchant initiated refund 5 business days ago, but balance is not credited.",REFUND,MEDIUM,DISPUTES,RECEIVED,EXPLAINED,387,0
SYN-CMP-11359,SYN-U-13111,2026-03-16T15:44:57,Unable to update my registered primary phone number and email in settings.,ACCOUNT,LOW,DISPUTES,RECEIVED,EXPLAINED,920,0
SYN-CMP-11360,SYN-U-19228,2026-03-16T15:56:38,Need clarification on loyalty reward cashback points calculation.,OTHER,MEDIUM,DISPUTES,RECEIVED,REFUNDED,473,0
SYN-CMP-11361,SYN-U-14773,2026-03-16T16:10:10,Money was deducted from my account but the grocery merchant did not receive payment confirmation.,PAYMENT,MEDIUM,TRANSACTION_OPERATIONS,RECEIVED,REFUNDED,1548,0
SYN-CMP-11362,SYN-U-13986,2026-03-16T18:10:06,Card charged USD 45.00 for an online software transaction that I cancelled.,CARD,MEDIUM,CARD_SERVICES,RECEIVED,REFUNDED,2016,0
SYN-CMP-11363,SYN-U-18836,2026-03-16T18:29:51,"Suspicious login notification received from unfamiliar device, someone tried to cash out.",FRAUD,CRITICAL,FRAUD_INVESTIGATION,RECEIVED,REFUNDED,2082,1
SYN-CMP-11364,SYN-U-10611,2026-03-16T19:12:26,Cash-out fee charged higher than standard 1.4% rate at the agent point.,CASH_OUT,MEDIUM,TRANSACTION_OPERATIONS,RECEIVED,DECLINED,60,0
SYN-CMP-11365,SYN-U-13784,2026-03-16T19:35:07,E-commerce merchant payment processed twice during checkout.,PAYMENT,MEDIUM,TRANSACTION_OPERATIONS,RECEIVED,DECLINED,1341,0
SYN-CMP-11366,SYN-U-14141,2026-03-16T20:02:56,NID verification pending for more than 48 hours.,ACCOUNT,LOW,DISPUTES,RECEIVED,EXPLAINED,372,0
SYN-CMP-11367,SYN-U-19489,2026-03-16T20:57:59,Duplicate payment charged for the same restaurant QR transaction.,PAYMENT,MEDIUM,TRANSACTION_OPERATIONS,RECEIVED,REFUNDED,2552,0
SYN-CMP-11368,SYN-U-17226,2026-03-16T22:36:19,"Payment to merchant showed failed on app, but BDT 1,200 deducted from my Upay balance.",PAYMENT,HIGH,TRANSACTION_OPERATIONS,RECEIVED,EXPLAINED,919,0
SYN-CMP-11369,SYN-U-16913,2026-03-16T23:41:30,Biometric fingerprint login is not working on my new Android device.,ACCOUNT,MEDIUM,DISPUTES,RECEIVED,REFUNDED,1186,0
SYN-CMP-11370,SYN-U-12413,2026-03-17T00:36:49,Upay mobile app crashes immediately on splash screen after latest update.,TECHNICAL,LOW,TECH_SUPPORT,RECEIVED,EXPLAINED,2289,0
SYN-CMP-11371,SYN-U-19450,2026-03-17T01:12:26,Bank deposit to Upay wallet via internet banking hasn't reflected after 4 hours.,TRANSFER,LOW,TRANSACTION_OPERATIONS,RECEIVED,EXPLAINED,1377,0
SYN-CMP-11372,SYN-U-17275,2026-03-17T01:19:16,Bank deposit to Upay wallet via internet banking hasn't reflected after 4 hours.,TRANSFER,LOW,TRANSACTION_OPERATIONS,RECEIVED,EXPLAINED,1186,0
SYN-CMP-11373,SYN-U-15626,2026-03-17T02:29:30,My virtual dual-currency card was declined while making an international subscription payment.,CARD,HIGH,CARD_SERVICES,RECEIVED,EXPLAINED,823,1
SYN-CMP-11374,SYN-U-14917,2026-03-17T03:09:33,My PIN was compromised and unauthorized funds were transferred to an unknown number.,FRAUD,HIGH,FRAUD_INVESTIGATION,RECEIVED,REFUNDED,1577,0
SYN-CMP-11375,SYN-U-15150,2026-03-17T03:25:03,Agent confirmed cash-out successful on terminal but I did not receive SMS confirmation.,CASH_OUT,LOW,TRANSACTION_OPERATIONS,RECEIVED,EXPLAINED,963,0
SYN-CMP-11376,SYN-U-17976,2026-03-17T04:05:16,Bank deposit to Upay wallet via internet banking hasn't reflected after 4 hours.,TRANSFER,MEDIUM,TRANSACTION_OPERATIONS,RECEIVED,REFUNDED,1340,0
SYN-CMP-11377,SYN-U-19937,2026-03-17T05:40:18,Biometric fingerprint login is not working on my new Android device.,ACCOUNT,MEDIUM,DISPUTES,RECEIVED,UNBLOCK_ACCOUNT,1975,0
SYN-CMP-11378,SYN-U-11837,2026-03-17T08:06:40,"Merchant initiated refund 5 business days ago, but balance is not credited.",REFUND,LOW,DISPUTES,RECEIVED,REFUNDED,2584,0
SYN-CMP-11379,SYN-U-16495,2026-03-17T10:24:20,My account has been temporarily restricted after entering wrong PIN 3 times.,ACCOUNT,MEDIUM,DISPUTES,RECEIVED,REFUNDED,905,0
SYN-CMP-11380,SYN-U-12833,2026-03-17T10:54:11,My PIN was compromised and unauthorized funds were transferred to an unknown number.,FRAUD,CRITICAL,FRAUD_INVESTIGATION,RECEIVED,IN_PROGRESS,2534,0
SYN-CMP-11381,SYN-U-19228,2026-03-17T12:39:31,Money was deducted from my account but the grocery merchant did not receive payment confirmation.,PAYMENT,MEDIUM,TRANSACTION_OPERATIONS,RECEIVED,IN_PROGRESS,2753,0
SYN-CMP-11382,SYN-U-18869,2026-03-17T12:58:35,My virtual dual-currency card was declined while making an international subscription payment.,CARD,HIGH,CARD_SERVICES,RECEIVED,UNBLOCK_ACCOUNT,1835,0
SYN-CMP-11383,SYN-U-16669,2026-03-17T14:00:16,"Merchant initiated refund 5 business days ago, but balance is not credited.",REFUND,LOW,DISPUTES,RECEIVED,DECLINED,1149,0
SYN-CMP-11384,SYN-U-15847,2026-03-17T17:53:57,"Paid utility electricity bill through app yesterday, but bill status still shows unpaid.",PAYMENT,MEDIUM,TRANSACTION_OPERATIONS,RECEIVED,EXPLAINED,120,0
SYN-CMP-11385,SYN-U-13692,2026-03-17T18:20:00,Inter-wallet transfer delayed during peak evening banking clearing hour.,TRANSFER,LOW,TRANSACTION_OPERATIONS,RECEIVED,REFUNDED,1681,0
SYN-CMP-11386,SYN-U-19829,2026-03-17T18:34:12,"Unauthorized send money transaction of BDT 15,000 sent from my account at 3:00 AM.",FRAUD,CRITICAL,FRAUD_INVESTIGATION,RECEIVED,EXPLAINED,1713,1
SYN-CMP-11387,SYN-U-15958,2026-03-17T18:55:38,Network connection error occurred during transaction processing screen.,TECHNICAL,LOW,TECH_SUPPORT,RECEIVED,EXPLAINED,1381,0
SYN-CMP-11388,SYN-U-18556,2026-03-17T22:06:47,Bank deposit to Upay wallet via internet banking hasn't reflected after 4 hours.,TRANSFER,LOW,TRANSACTION_OPERATIONS,RECEIVED,REFUNDED,1153,0
SYN-CMP-11389,SYN-U-18465,2026-03-17T22:43:02,Money was deducted from my account but the grocery merchant did not receive payment confirmation.,PAYMENT,MEDIUM,TRANSACTION_OPERATIONS,RECEIVED,EXPLAINED,1033,0
SYN-CMP-11390,SYN-U-18908,2026-03-18T04:12:16,Biometric fingerprint login is not working on my new Android device.,ACCOUNT,LOW,DISPUTES,RECEIVED,EXPLAINED,1719,0
SYN-CMP-11391,SYN-U-12547,2026-03-18T05:28:07,Money was deducted from my account but the grocery merchant did not receive payment confirmation.,PAYMENT,MEDIUM,TRANSACTION_OPERATIONS,RECEIVED,EXPLAINED,2084,0
SYN-CMP-11392,SYN-U-18862,2026-03-18T05:55:07,Inquiry regarding upcoming Eid merchant promo discounts.,OTHER,LOW,DISPUTES,RECEIVED,EXPLAINED,298,0
SYN-CMP-11393,SYN-U-10685,2026-03-18T06:41:02,Endorsement limit not updating after submitting updated passport copy.,CARD,MEDIUM,CARD_SERVICES,RECEIVED,EXPLAINED,1720,0
SYN-CMP-11394,SYN-U-19787,2026-03-18T09:43:10,Money was deducted from my account but the grocery merchant did not receive payment confirmation.,PAYMENT,MEDIUM,TRANSACTION_OPERATIONS,RECEIVED,EXPLAINED,2293,0
SYN-CMP-11395,SYN-U-10077,2026-03-18T11:15:29,Upay mobile app crashes immediately on splash screen after latest update.,TECHNICAL,MEDIUM,TECH_SUPPORT,RECEIVED,REFUNDED,2409,0
SYN-CMP-11396,SYN-U-17183,2026-03-18T12:40:31,E-commerce merchant payment processed twice during checkout.,PAYMENT,MEDIUM,TRANSACTION_OPERATIONS,RECEIVED,UNBLOCK_ACCOUNT,2512,0
SYN-CMP-11397,SYN-U-15462,2026-03-18T14:15:08,"Merchant initiated refund 5 business days ago, but balance is not credited.",REFUND,LOW,DISPUTES,RECEIVED,UNBLOCK_ACCOUNT,2796,0
SYN-CMP-11398,SYN-U-19074,2026-03-18T15:45:31,Inter-wallet transfer delayed during peak evening banking clearing hour.,TRANSFER,LOW,TRANSACTION_OPERATIONS,RECEIVED,UNBLOCK_ACCOUNT,2508,0
SYN-CMP-11399,SYN-U-16362,2026-03-18T16:01:20,App says account dormant even though I received funds two weeks ago.,ACCOUNT,LOW,DISPUTES,RECEIVED,REVERSED,1507,0
SYN-CMP-11400,SYN-U-14162,2026-03-18T16:44:19,E-commerce merchant payment processed twice during checkout.,PAYMENT,MEDIUM,TRANSACTION_OPERATIONS,RECEIVED,REFUNDED,2332,0
SYN-CMP-11401,SYN-U-14151,2026-03-18T17:26:24,"Unauthorized send money transaction of BDT 15,000 sent from my account at 3:00 AM.",FRAUD,CRITICAL,FRAUD_INVESTIGATION,RECEIVED,REFUNDED,1040,1
SYN-CMP-11402,SYN-U-16523,2026-03-18T17:53:44,E-commerce merchant payment processed twice during checkout.,PAYMENT,LOW,TRANSACTION_OPERATIONS,RECEIVED,REFUNDED,2088,0
SYN-CMP-11403,SYN-U-16288,2026-03-18T18:09:01,"Unauthorized send money transaction of BDT 15,000 sent from my account at 3:00 AM.",FRAUD,CRITICAL,FRAUD_INVESTIGATION,RECEIVED,DECLINED,2529,1
SYN-CMP-11404,SYN-U-12256,2026-03-18T19:12:44,"Paid utility electricity bill through app yesterday, but bill status still shows unpaid.",PAYMENT,MEDIUM,TRANSACTION_OPERATIONS,RECEIVED,EXPLAINED,386,0
SYN-CMP-11405,SYN-U-16438,2026-03-18T19:17:53,"Merchant initiated refund 5 business days ago, but balance is not credited.",REFUND,LOW,DISPUTES,RECEIVED,REFUNDED,530,0
SYN-CMP-11406,SYN-U-14523,2026-03-18T19:29:27,Unable to update my registered primary phone number and email in settings.,ACCOUNT,MEDIUM,DISPUTES,RECEIVED,EXPLAINED,1990,0
SYN-CMP-11407,SYN-U-14568,2026-03-18T22:03:09,Phishing message led to account takeover and repeated cash-out attempts.,FRAUD,HIGH,FRAUD_INVESTIGATION,RECEIVED,REFUNDED,729,0
SYN-CMP-11408,SYN-U-16950,2026-03-19T03:14:42,"Payment to merchant showed failed on app, but BDT 1,200 deducted from my Upay balance.",PAYMENT,MEDIUM,TRANSACTION_OPERATIONS,RECEIVED,EXPLAINED,1633,0
SYN-CMP-11409,SYN-U-10707,2026-03-19T08:09:01,Agent deducted fee but the cash-out transaction timed out without dispensing cash.,CASH_OUT,LOW,TRANSACTION_OPERATIONS,RECEIVED,REVERSED,1894,0
SYN-CMP-11410,SYN-U-19338,2026-03-19T09:24:28,Agent confirmed cash-out successful on terminal but I did not receive SMS confirmation.,CASH_OUT,LOW,TRANSACTION_OPERATIONS,RECEIVED,EXPLAINED,1609,0
SYN-CMP-11411,SYN-U-19955,2026-03-19T10:06:55,Cancelled e-commerce order refund amount is missing BDT 250 processing fee.,REFUND,MEDIUM,DISPUTES,RECEIVED,REVERSED,372,0
SYN-CMP-11412,SYN-U-13314,2026-03-19T12:24:59,Card charged USD 45.00 for an online software transaction that I cancelled.,CARD,MEDIUM,CARD_SERVICES,RECEIVED,EXPLAINED,1599,0
SYN-CMP-11413,SYN-U-16901,2026-03-19T13:08:24,E-commerce merchant payment processed twice during checkout.,PAYMENT,MEDIUM,TRANSACTION_OPERATIONS,RECEIVED,EXPLAINED,1956,0
SYN-CMP-11414,SYN-U-11237,2026-03-19T13:20:11,"Payment to merchant showed failed on app, but BDT 1,200 deducted from my Upay balance.",PAYMENT,HIGH,TRANSACTION_OPERATIONS,RECEIVED,REFUNDED,564,1
SYN-CMP-11415,SYN-U-12990,2026-03-19T13:36:34,Agent confirmed cash-out successful on terminal but I did not receive SMS confirmation.,CASH_OUT,LOW,TRANSACTION_OPERATIONS,RECEIVED,IN_PROGRESS,2186,0
SYN-CMP-11416,SYN-U-10079,2026-03-19T15:43:19,"Failed cash out attempt at agent, but funds debited from balance.",CASH_OUT,LOW,TRANSACTION_OPERATIONS,RECEIVED,DECLINED,308,0
SYN-CMP-11417,SYN-U-16176,2026-03-19T16:00:46,My account has been temporarily restricted after entering wrong PIN 3 times.,ACCOUNT,MEDIUM,DISPUTES,RECEIVED,DECLINED,799,0
SYN-CMP-11418,SYN-U-14169,2026-03-19T16:04:04,Need clarification on loyalty reward cashback points calculation.,OTHER,LOW,DISPUTES,RECEIVED,EXPLAINED,2026,0
SYN-CMP-11419,SYN-U-18875,2026-03-19T17:16:56,"Accidentally transferred BDT 3,500 to a wrong mobile number.",TRANSFER,LOW,TRANSACTION_OPERATIONS,RECEIVED,REVERSED,2493,0
SYN-CMP-11420,SYN-U-16095,2026-03-19T17:27:00,"Payment to merchant showed failed on app, but BDT 1,200 deducted from my Upay balance.",PAYMENT,MEDIUM,TRANSACTION_OPERATIONS,RECEIVED,IN_PROGRESS,601,0
SYN-CMP-11421,SYN-U-17840,2026-03-19T17:31:37,International online transaction toggle keeps turning off automatically in settings.,CARD,MEDIUM,CARD_SERVICES,RECEIVED,REFUNDED,359,0
SYN-CMP-11422,SYN-U-19153,2026-03-19T18:32:14,E-commerce merchant payment processed twice during checkout.,PAYMENT,MEDIUM,TRANSACTION_OPERATIONS,RECEIVED,UNBLOCK_ACCOUNT,1736,0
SYN-CMP-11423,SYN-U-12669,2026-03-19T19:47:12,Unable to update my registered primary phone number and email in settings.,ACCOUNT,LOW,DISPUTES,RECEIVED,EXPLAINED,2773,0
SYN-CMP-11424,SYN-U-13863,2026-03-19T20:17:43,Partial refund received instead of full transaction amount.,REFUND,LOW,DISPUTES,RECEIVED,EXPLAINED,1999,0
SYN-CMP-11425,SYN-U-18134,2026-03-19T20:39:24,Inquiry regarding upcoming Eid merchant promo discounts.,OTHER,LOW,DISPUTES,RECEIVED,REVERSED,2236,0
SYN-CMP-11426,SYN-U-13125,2026-03-19T22:43:37,My virtual dual-currency card was declined while making an international subscription payment.,CARD,LOW,CARD_SERVICES,RECEIVED,REVERSED,659,0
SYN-CMP-11427,SYN-U-19424,2026-03-19T23:12:31,International online transaction toggle keeps turning off automatically in settings.,CARD,HIGH,CARD_SERVICES,RECEIVED,REFUNDED,1705,1
SYN-CMP-11428,SYN-U-10041,2026-03-20T00:03:00,App says account dormant even though I received funds two weeks ago.,ACCOUNT,LOW,DISPUTES,RECEIVED,IN_PROGRESS,1640,0
SYN-CMP-11429,SYN-U-14644,2026-03-20T00:44:30,International online transaction toggle keeps turning off automatically in settings.,CARD,LOW,CARD_SERVICES,RECEIVED,REVERSED,2585,0
SYN-CMP-11430,SYN-U-14796,2026-03-20T01:21:33,Money was deducted from my account but the grocery merchant did not receive payment confirmation.,PAYMENT,LOW,TRANSACTION_OPERATIONS,RECEIVED,UNBLOCK_ACCOUNT,1218,0
SYN-CMP-11431,SYN-U-11000,2026-03-20T01:45:48,Duplicate payment charged for the same restaurant QR transaction.,PAYMENT,MEDIUM,TRANSACTION_OPERATIONS,RECEIVED,REFUNDED,1331,0
SYN-CMP-11432,SYN-U-19756,2026-03-20T03:14:36,Money was deducted from my account but the grocery merchant did not receive payment confirmation.,PAYMENT,MEDIUM,TRANSACTION_OPERATIONS,RECEIVED,EXPLAINED,1291,0
SYN-CMP-11433,SYN-U-13615,2026-03-20T03:26:01,"Merchant initiated refund 5 business days ago, but balance is not credited.",REFUND,LOW,DISPUTES,RECEIVED,DECLINED,172,0
SYN-CMP-11434,SYN-U-13485,2026-03-20T05:16:46,Inter-wallet transfer delayed during peak evening banking clearing hour.,TRANSFER,MEDIUM,TRANSACTION_OPERATIONS,RECEIVED,REVERSED,985,0
SYN-CMP-11435,SYN-U-14365,2026-03-20T07:49:37,Duplicate payment charged for the same restaurant QR transaction.,PAYMENT,MEDIUM,TRANSACTION_OPERATIONS,RECEIVED,DECLINED,941,0
SYN-CMP-11436,SYN-U-11389,2026-03-20T10:23:45,"Merchant initiated refund 5 business days ago, but balance is not credited.",REFUND,LOW,DISPUTES,RECEIVED,EXPLAINED,92,0
SYN-CMP-11437,SYN-U-19555,2026-03-20T10:53:35,"Merchant initiated refund 5 business days ago, but balance is not credited.",REFUND,LOW,DISPUTES,RECEIVED,REVERSED,1021,0
SYN-CMP-11438,SYN-U-18443,2026-03-20T11:23:50,E-commerce merchant payment processed twice during checkout.,PAYMENT,MEDIUM,TRANSACTION_OPERATIONS,RECEIVED,EXPLAINED,58,0
SYN-CMP-11439,SYN-U-11631,2026-03-20T12:13:34,"Received a scam call asking for OTP, shortly after BDT 8,500 was transferred out.",FRAUD,HIGH,FRAUD_INVESTIGATION,RECEIVED,EXPLAINED,1208,0
SYN-CMP-11440,SYN-U-17620,2026-03-20T15:45:49,Cash-out fee charged higher than standard 1.4% rate at the agent point.,CASH_OUT,LOW,TRANSACTION_OPERATIONS,RECEIVED,REFUNDED,2427,0
SYN-CMP-11441,SYN-U-14141,2026-03-20T15:49:14,Inquiry regarding upcoming Eid merchant promo discounts.,OTHER,LOW,DISPUTES,RECEIVED,UNBLOCK_ACCOUNT,1208,0
SYN-CMP-11442,SYN-U-14057,2026-03-20T16:46:35,"Payment to merchant showed failed on app, but BDT 1,200 deducted from my Upay balance.",PAYMENT,MEDIUM,TRANSACTION_OPERATIONS,RECEIVED,UNBLOCK_ACCOUNT,2589,0
SYN-CMP-11443,SYN-U-17259,2026-03-20T17:33:41,"Unauthorized send money transaction of BDT 15,000 sent from my account at 3:00 AM.",FRAUD,HIGH,FRAUD_INVESTIGATION,RECEIVED,EXPLAINED,1026,1
SYN-CMP-11444,SYN-U-19350,2026-03-20T19:36:22,Phishing message led to account takeover and repeated cash-out attempts.,FRAUD,HIGH,FRAUD_INVESTIGATION,RECEIVED,EXPLAINED,1564,0
SYN-CMP-11445,SYN-U-16453,2026-03-20T19:42:03,Phishing message led to account takeover and repeated cash-out attempts.,FRAUD,CRITICAL,FRAUD_INVESTIGATION,RECEIVED,REFUNDED,2872,1
SYN-CMP-11446,SYN-U-15838,2026-03-20T22:34:00,NID verification pending for more than 48 hours.,ACCOUNT,MEDIUM,DISPUTES,RECEIVED,EXPLAINED,1845,0
SYN-CMP-11447,SYN-U-11603,2026-03-20T23:04:27,Cash-out fee charged higher than standard 1.4% rate at the agent point.,CASH_OUT,LOW,TRANSACTION_OPERATIONS,RECEIVED,EXPLAINED,1647,0
SYN-CMP-11448,SYN-U-15175,2026-03-20T23:52:01,Cash-out fee charged higher than standard 1.4% rate at the agent point.,CASH_OUT,MEDIUM,TRANSACTION_OPERATIONS,RECEIVED,IN_PROGRESS,664,0
SYN-CMP-11449,SYN-U-17308,2026-03-21T05:42:19,Cancelled e-commerce order refund amount is missing BDT 250 processing fee.,REFUND,LOW,DISPUTES,RECEIVED,IN_PROGRESS,2086,0
SYN-CMP-11450,SYN-U-13113,2026-03-21T08:02:31,My PIN was compromised and unauthorized funds were transferred to an unknown number.,FRAUD,CRITICAL,FRAUD_INVESTIGATION,RECEIVED,EXPLAINED,2402,1
SYN-CMP-11451,SYN-U-14239,2026-03-21T11:40:13,"Unauthorized send money transaction of BDT 15,000 sent from my account at 3:00 AM.",FRAUD,CRITICAL,FRAUD_INVESTIGATION,RECEIVED,IN_PROGRESS,875,1
SYN-CMP-11452,SYN-U-13069,2026-03-21T11:58:22,Money was deducted from my account but the grocery merchant did not receive payment confirmation.,PAYMENT,LOW,TRANSACTION_OPERATIONS,RECEIVED,UNBLOCK_ACCOUNT,2486,0
SYN-CMP-11453,SYN-U-13856,2026-03-21T14:06:13,Unable to update my registered primary phone number and email in settings.,ACCOUNT,LOW,DISPUTES,RECEIVED,REFUNDED,1634,0
SYN-CMP-11454,SYN-U-12055,2026-03-21T15:47:28,Agent deducted fee but the cash-out transaction timed out without dispensing cash.,CASH_OUT,LOW,TRANSACTION_OPERATIONS,RECEIVED,REFUNDED,2097,0
SYN-CMP-11455,SYN-U-19379,2026-03-21T16:17:25,"Unauthorized send money transaction of BDT 15,000 sent from my account at 3:00 AM.",FRAUD,CRITICAL,FRAUD_INVESTIGATION,RECEIVED,EXPLAINED,205,0
SYN-CMP-11456,SYN-U-18081,2026-03-21T16:32:47,Agent deducted fee but the cash-out transaction timed out without dispensing cash.,CASH_OUT,LOW,TRANSACTION_OPERATIONS,RECEIVED,REFUNDED,331,0
SYN-CMP-11457,SYN-U-19511,2026-03-21T16:44:29,"Unauthorized send money transaction of BDT 15,000 sent from my account at 3:00 AM.",FRAUD,HIGH,FRAUD_INVESTIGATION,RECEIVED,REFUNDED,1292,1
SYN-CMP-11458,SYN-U-16489,2026-03-21T16:56:57,"Fund transfer to my linked commercial bank account failed, money not credited yet.",TRANSFER,LOW,TRANSACTION_OPERATIONS,RECEIVED,REFUNDED,2204,0
SYN-CMP-11459,SYN-U-17517,2026-03-21T17:20:55,"Unauthorized send money transaction of BDT 15,000 sent from my account at 3:00 AM.",FRAUD,CRITICAL,FRAUD_INVESTIGATION,RECEIVED,REFUNDED,1135,1
SYN-CMP-11460,SYN-U-16340,2026-03-21T17:22:11,Biometric fingerprint login is not working on my new Android device.,ACCOUNT,LOW,DISPUTES,RECEIVED,EXPLAINED,1115,0
SYN-CMP-11461,SYN-U-19455,2026-03-21T20:24:14,Agent confirmed cash-out successful on terminal but I did not receive SMS confirmation.,CASH_OUT,LOW,TRANSACTION_OPERATIONS,RECEIVED,EXPLAINED,2518,0
SYN-CMP-11462,SYN-U-16225,2026-03-21T21:52:25,"Unauthorized send money transaction of BDT 15,000 sent from my account at 3:00 AM.",FRAUD,CRITICAL,FRAUD_INVESTIGATION,RECEIVED,REFUNDED,83,0
SYN-CMP-11463,SYN-U-10783,2026-03-22T00:17:36,Card charged USD 45.00 for an online software transaction that I cancelled.,CARD,LOW,CARD_SERVICES,RECEIVED,REFUNDED,2811,0
SYN-CMP-11464,SYN-U-15496,2026-03-22T00:32:47,Need clarification on loyalty reward cashback points calculation.,OTHER,MEDIUM,DISPUTES,RECEIVED,EXPLAINED,1359,0
SYN-CMP-11465,SYN-U-17067,2026-03-22T00:40:08,My PIN was compromised and unauthorized funds were transferred to an unknown number.,FRAUD,HIGH,FRAUD_INVESTIGATION,RECEIVED,REFUNDED,1421,0
SYN-CMP-11466,SYN-U-17411,2026-03-22T03:10:53,Cash-out fee charged higher than standard 1.4% rate at the agent point.,CASH_OUT,MEDIUM,TRANSACTION_OPERATIONS,RECEIVED,REFUNDED,626,0
SYN-CMP-11467,SYN-U-13923,2026-03-22T03:45:11,Agent deducted fee but the cash-out transaction timed out without dispensing cash.,CASH_OUT,LOW,TRANSACTION_OPERATIONS,RECEIVED,UNBLOCK_ACCOUNT,1919,0
SYN-CMP-11468,SYN-U-12589,2026-03-22T03:55:21,Biometric fingerprint login is not working on my new Android device.,ACCOUNT,MEDIUM,DISPUTES,RECEIVED,EXPLAINED,898,0
SYN-CMP-11469,SYN-U-17192,2026-03-22T05:04:58,Biometric fingerprint login is not working on my new Android device.,ACCOUNT,LOW,DISPUTES,RECEIVED,DECLINED,407,0
SYN-CMP-11470,SYN-U-14522,2026-03-22T05:48:48,Cancelled e-commerce order refund amount is missing BDT 250 processing fee.,REFUND,MEDIUM,DISPUTES,RECEIVED,REFUNDED,2745,0
SYN-CMP-11471,SYN-U-11030,2026-03-22T08:04:29,"Received a scam call asking for OTP, shortly after BDT 8,500 was transferred out.",FRAUD,HIGH,FRAUD_INVESTIGATION,RECEIVED,REFUNDED,681,1
SYN-CMP-11472,SYN-U-18738,2026-03-22T11:17:16,"Suspicious login notification received from unfamiliar device, someone tried to cash out.",FRAUD,CRITICAL,FRAUD_INVESTIGATION,RECEIVED,REFUNDED,2589,0
SYN-CMP-11473,SYN-U-18750,2026-03-22T12:15:41,"Fund transfer to my linked commercial bank account failed, money not credited yet.",TRANSFER,MEDIUM,TRANSACTION_OPERATIONS,RECEIVED,EXPLAINED,931,0
SYN-CMP-11474,SYN-U-14667,2026-03-22T12:44:00,Money was deducted from my account but the grocery merchant did not receive payment confirmation.,PAYMENT,MEDIUM,TRANSACTION_OPERATIONS,RECEIVED,REVERSED,2607,0
SYN-CMP-11475,SYN-U-10894,2026-03-22T13:49:30,"Failed cash out attempt at agent, but funds debited from balance.",CASH_OUT,MEDIUM,TRANSACTION_OPERATIONS,RECEIVED,REFUNDED,1501,0
SYN-CMP-11476,SYN-U-12105,2026-03-22T13:51:25,"Suspicious login notification received from unfamiliar device, someone tried to cash out.",FRAUD,HIGH,FRAUD_INVESTIGATION,RECEIVED,IN_PROGRESS,140,1
SYN-CMP-11477,SYN-U-15999,2026-03-22T15:51:04,"Suspicious login notification received from unfamiliar device, someone tried to cash out.",FRAUD,HIGH,FRAUD_INVESTIGATION,RECEIVED,REFUNDED,26,1
SYN-CMP-11478,SYN-U-11454,2026-03-22T17:23:58,NID verification pending for more than 48 hours.,ACCOUNT,LOW,DISPUTES,RECEIVED,EXPLAINED,1626,0
SYN-CMP-11479,SYN-U-13307,2026-03-22T17:24:02,E-commerce merchant payment processed twice during checkout.,PAYMENT,HIGH,TRANSACTION_OPERATIONS,RECEIVED,REFUNDED,2232,0
SYN-CMP-11480,SYN-U-14076,2026-03-22T18:53:10,"Suspicious login notification received from unfamiliar device, someone tried to cash out.",FRAUD,CRITICAL,FRAUD_INVESTIGATION,RECEIVED,REFUNDED,1130,1
SYN-CMP-11481,SYN-U-10768,2026-03-22T19:00:42,Unable to update my registered primary phone number and email in settings.,ACCOUNT,LOW,DISPUTES,RECEIVED,IN_PROGRESS,935,0
SYN-CMP-11482,SYN-U-10890,2026-03-22T19:24:30,"Fund transfer to my linked commercial bank account failed, money not credited yet.",TRANSFER,LOW,TRANSACTION_OPERATIONS,RECEIVED,EXPLAINED,657,0
SYN-CMP-11483,SYN-U-13084,2026-03-22T20:55:11,"Paid utility electricity bill through app yesterday, but bill status still shows unpaid.",PAYMENT,MEDIUM,TRANSACTION_OPERATIONS,RECEIVED,EXPLAINED,2371,0
SYN-CMP-11484,SYN-U-12748,2026-03-22T21:15:34,Biometric fingerprint login is not working on my new Android device.,ACCOUNT,LOW,DISPUTES,RECEIVED,DECLINED,476,0
SYN-CMP-11485,SYN-U-14102,2026-03-22T22:57:24,Partial refund received instead of full transaction amount.,REFUND,LOW,DISPUTES,RECEIVED,REVERSED,2786,0
SYN-CMP-11486,SYN-U-10181,2026-03-22T23:39:00,NID verification pending for more than 48 hours.,ACCOUNT,LOW,DISPUTES,RECEIVED,REFUNDED,2058,0
SYN-CMP-11487,SYN-U-15088,2026-03-23T00:28:28,Money was deducted from my account but the grocery merchant did not receive payment confirmation.,PAYMENT,MEDIUM,TRANSACTION_OPERATIONS,RECEIVED,DECLINED,1702,0
SYN-CMP-11488,SYN-U-18833,2026-03-23T01:52:19,My virtual dual-currency card was declined while making an international subscription payment.,CARD,MEDIUM,CARD_SERVICES,RECEIVED,DECLINED,1838,0
SYN-CMP-11489,SYN-U-12246,2026-03-23T05:05:07,My virtual dual-currency card was declined while making an international subscription payment.,CARD,HIGH,CARD_SERVICES,RECEIVED,EXPLAINED,406,0
SYN-CMP-11490,SYN-U-14391,2026-03-23T05:07:34,Duplicate payment charged for the same restaurant QR transaction.,PAYMENT,LOW,TRANSACTION_OPERATIONS,RECEIVED,REFUNDED,137,0
SYN-CMP-11491,SYN-U-17461,2026-03-23T05:26:48,Endorsement limit not updating after submitting updated passport copy.,CARD,MEDIUM,CARD_SERVICES,RECEIVED,REFUNDED,128,0
SYN-CMP-11492,SYN-U-13200,2026-03-23T06:18:28,My account has been temporarily restricted after entering wrong PIN 3 times.,ACCOUNT,LOW,DISPUTES,RECEIVED,IN_PROGRESS,1658,0
SYN-CMP-11493,SYN-U-14628,2026-03-23T07:37:16,Bank deposit to Upay wallet via internet banking hasn't reflected after 4 hours.,TRANSFER,MEDIUM,TRANSACTION_OPERATIONS,RECEIVED,EXPLAINED,2269,0
SYN-CMP-11494,SYN-U-17746,2026-03-23T08:19:59,"Paid utility electricity bill through app yesterday, but bill status still shows unpaid.",PAYMENT,MEDIUM,TRANSACTION_OPERATIONS,RECEIVED,REVERSED,1502,0
SYN-CMP-11495,SYN-U-17291,2026-03-23T09:10:37,"Received a scam call asking for OTP, shortly after BDT 8,500 was transferred out.",FRAUD,CRITICAL,FRAUD_INVESTIGATION,RECEIVED,REFUNDED,2520,1
SYN-CMP-11496,SYN-U-15023,2026-03-23T11:43:12,Biometric fingerprint login is not working on my new Android device.,ACCOUNT,MEDIUM,DISPUTES,RECEIVED,EXPLAINED,1118,0
SYN-CMP-11497,SYN-U-15907,2026-03-23T13:47:00,Network connection error occurred during transaction processing screen.,TECHNICAL,LOW,TECH_SUPPORT,RECEIVED,REFUNDED,2037,0
SYN-CMP-11498,SYN-U-17202,2026-03-23T14:05:12,Endorsement limit not updating after submitting updated passport copy.,CARD,LOW,CARD_SERVICES,RECEIVED,EXPLAINED,157,0
SYN-CMP-11499,SYN-U-12035,2026-03-23T15:57:59,International online transaction toggle keeps turning off automatically in settings.,CARD,MEDIUM,CARD_SERVICES,RECEIVED,REFUNDED,2406,0
SYN-CMP-11500,SYN-U-11870,2026-03-23T16:13:43,Cancelled e-commerce order refund amount is missing BDT 250 processing fee.,REFUND,MEDIUM,DISPUTES,RECEIVED,UNBLOCK_ACCOUNT,1821,0
SYN-CMP-11501,SYN-U-13705,2026-03-23T16:26:58,My PIN was compromised and unauthorized funds were transferred to an unknown number.,FRAUD,CRITICAL,FRAUD_INVESTIGATION,RECEIVED,REFUNDED,2832,1
SYN-CMP-11502,SYN-U-11501,2026-03-23T16:57:01,International online transaction toggle keeps turning off automatically in settings.,CARD,MEDIUM,CARD_SERVICES,RECEIVED,REFUNDED,156,0
SYN-CMP-11503,SYN-U-18389,2026-03-23T19:36:43,Card charged USD 45.00 for an online software transaction that I cancelled.,CARD,HIGH,CARD_SERVICES,RECEIVED,EXPLAINED,1158,1
SYN-CMP-11504,SYN-U-12493,2026-03-23T23:26:00,"Merchant initiated refund 5 business days ago, but balance is not credited.",REFUND,LOW,DISPUTES,RECEIVED,REVERSED,1324,0
SYN-CMP-11505,SYN-U-11002,2026-03-24T00:48:39,Phishing message led to account takeover and repeated cash-out attempts.,FRAUD,CRITICAL,FRAUD_INVESTIGATION,RECEIVED,EXPLAINED,1483,1
SYN-CMP-11506,SYN-U-16709,2026-03-24T02:04:56,"Failed cash out attempt at agent, but funds debited from balance.",CASH_OUT,LOW,TRANSACTION_OPERATIONS,RECEIVED,DECLINED,1638,0
SYN-CMP-11507,SYN-U-13463,2026-03-24T07:26:54,Duplicate payment charged for the same restaurant QR transaction.,PAYMENT,LOW,TRANSACTION_OPERATIONS,RECEIVED,DECLINED,1811,0
SYN-CMP-11508,SYN-U-12563,2026-03-24T13:55:19,"Suspicious login notification received from unfamiliar device, someone tried to cash out.",FRAUD,CRITICAL,FRAUD_INVESTIGATION,RECEIVED,REFUNDED,1699,0
SYN-CMP-11509,SYN-U-15165,2026-03-24T14:00:26,"Suspicious login notification received from unfamiliar device, someone tried to cash out.",FRAUD,CRITICAL,FRAUD_INVESTIGATION,RECEIVED,REVERSED,131,1
SYN-CMP-11510,SYN-U-17693,2026-03-24T14:28:46,Partial refund received instead of full transaction amount.,REFUND,LOW,DISPUTES,RECEIVED,REFUNDED,1449,0
SYN-CMP-11511,SYN-U-16695,2026-03-24T14:30:04,Money was deducted from my account but the grocery merchant did not receive payment confirmation.,PAYMENT,LOW,TRANSACTION_OPERATIONS,RECEIVED,IN_PROGRESS,871,0
SYN-CMP-11512,SYN-U-16110,2026-03-24T14:51:46,Need clarification on loyalty reward cashback points calculation.,OTHER,LOW,DISPUTES,RECEIVED,REFUNDED,2212,0
SYN-CMP-11513,SYN-U-16643,2026-03-24T15:44:13,Bank deposit to Upay wallet via internet banking hasn't reflected after 4 hours.,TRANSFER,MEDIUM,TRANSACTION_OPERATIONS,RECEIVED,EXPLAINED,943,0
SYN-CMP-11514,SYN-U-15960,2026-03-24T16:30:19,"Payment to merchant showed failed on app, but BDT 1,200 deducted from my Upay balance.",PAYMENT,LOW,TRANSACTION_OPERATIONS,RECEIVED,REFUNDED,969,0
SYN-CMP-11515,SYN-U-11065,2026-03-24T17:03:22,Money was deducted from my account but the grocery merchant did not receive payment confirmation.,PAYMENT,MEDIUM,TRANSACTION_OPERATIONS,RECEIVED,EXPLAINED,2582,0
SYN-CMP-11516,SYN-U-11209,2026-03-24T17:51:37,Phishing message led to account takeover and repeated cash-out attempts.,FRAUD,CRITICAL,FRAUD_INVESTIGATION,RECEIVED,REFUNDED,1955,1
SYN-CMP-11517,SYN-U-10595,2026-03-24T18:00:06,Duplicate payment charged for the same restaurant QR transaction.,PAYMENT,LOW,TRANSACTION_OPERATIONS,RECEIVED,EXPLAINED,1147,0
SYN-CMP-11518,SYN-U-12031,2026-03-24T19:13:01,Endorsement limit not updating after submitting updated passport copy.,CARD,MEDIUM,CARD_SERVICES,RECEIVED,EXPLAINED,113,0
SYN-CMP-11519,SYN-U-13109,2026-03-24T19:19:40,Bank deposit to Upay wallet via internet banking hasn't reflected after 4 hours.,TRANSFER,LOW,TRANSACTION_OPERATIONS,RECEIVED,UNBLOCK_ACCOUNT,2154,0
SYN-CMP-11520,SYN-U-17785,2026-03-24T20:10:01,"Failed cash out attempt at agent, but funds debited from balance.",CASH_OUT,LOW,TRANSACTION_OPERATIONS,RECEIVED,REFUNDED,923,0
SYN-CMP-11521,SYN-U-16481,2026-03-24T20:18:37,Endorsement limit not updating after submitting updated passport copy.,CARD,MEDIUM,CARD_SERVICES,RECEIVED,UNBLOCK_ACCOUNT,1074,0
SYN-CMP-11522,SYN-U-11401,2026-03-24T21:43:38,Upay mobile app crashes immediately on splash screen after latest update.,TECHNICAL,MEDIUM,TECH_SUPPORT,RECEIVED,IN_PROGRESS,2459,0
SYN-CMP-11523,SYN-U-13376,2026-03-24T21:49:07,"Failed cash out attempt at agent, but funds debited from balance.",CASH_OUT,LOW,TRANSACTION_OPERATIONS,RECEIVED,EXPLAINED,285,0
SYN-CMP-11524,SYN-U-17833,2026-03-24T23:14:39,Cash-out fee charged higher than standard 1.4% rate at the agent point.,CASH_OUT,LOW,TRANSACTION_OPERATIONS,RECEIVED,UNBLOCK_ACCOUNT,2382,0
SYN-CMP-11525,SYN-U-10619,2026-03-25T01:17:37,Upay mobile app crashes immediately on splash screen after latest update.,TECHNICAL,LOW,TECH_SUPPORT,RECEIVED,EXPLAINED,292,0
SYN-CMP-11526,SYN-U-14103,2026-03-25T01:20:26,"Fund transfer to my linked commercial bank account failed, money not credited yet.",TRANSFER,LOW,TRANSACTION_OPERATIONS,RECEIVED,EXPLAINED,2086,0
SYN-CMP-11527,SYN-U-10703,2026-03-25T02:25:43,"Payment to merchant showed failed on app, but BDT 1,200 deducted from my Upay balance.",PAYMENT,MEDIUM,TRANSACTION_OPERATIONS,RECEIVED,REVERSED,141,0
SYN-CMP-11528,SYN-U-11704,2026-03-25T04:48:24,Cancelled e-commerce order refund amount is missing BDT 250 processing fee.,REFUND,LOW,DISPUTES,RECEIVED,REFUNDED,2862,0
SYN-CMP-11529,SYN-U-17820,2026-03-25T06:48:49,Phishing message led to account takeover and repeated cash-out attempts.,FRAUD,CRITICAL,FRAUD_INVESTIGATION,RECEIVED,UNBLOCK_ACCOUNT,1917,1
SYN-CMP-11530,SYN-U-12798,2026-03-25T08:02:02,Agent confirmed cash-out successful on terminal but I did not receive SMS confirmation.,CASH_OUT,LOW,TRANSACTION_OPERATIONS,RECEIVED,REFUNDED,959,0
SYN-CMP-11531,SYN-U-15493,2026-03-25T08:39:07,"Payment to merchant showed failed on app, but BDT 1,200 deducted from my Upay balance.",PAYMENT,HIGH,TRANSACTION_OPERATIONS,RECEIVED,REFUNDED,2524,1
SYN-CMP-11532,SYN-U-14810,2026-03-25T08:59:42,App says account dormant even though I received funds two weeks ago.,ACCOUNT,MEDIUM,DISPUTES,RECEIVED,REFUNDED,1388,0
SYN-CMP-11533,SYN-U-14137,2026-03-25T09:08:47,Bank deposit to Upay wallet via internet banking hasn't reflected after 4 hours.,TRANSFER,LOW,TRANSACTION_OPERATIONS,RECEIVED,UNBLOCK_ACCOUNT,2700,0
SYN-CMP-11534,SYN-U-11424,2026-03-25T09:18:52,"Payment to merchant showed failed on app, but BDT 1,200 deducted from my Upay balance.",PAYMENT,HIGH,TRANSACTION_OPERATIONS,RECEIVED,UNBLOCK_ACCOUNT,681,1
SYN-CMP-11535,SYN-U-16450,2026-03-25T09:40:49,Agent confirmed cash-out successful on terminal but I did not receive SMS confirmation.,CASH_OUT,LOW,TRANSACTION_OPERATIONS,RECEIVED,REVERSED,2027,0
SYN-CMP-11536,SYN-U-18389,2026-03-25T11:23:51,"Unauthorized send money transaction of BDT 15,000 sent from my account at 3:00 AM.",FRAUD,CRITICAL,FRAUD_INVESTIGATION,RECEIVED,IN_PROGRESS,2739,1
SYN-CMP-11537,SYN-U-15110,2026-03-25T12:24:30,Cancelled e-commerce order refund amount is missing BDT 250 processing fee.,REFUND,MEDIUM,DISPUTES,RECEIVED,REVERSED,807,0
SYN-CMP-11538,SYN-U-16382,2026-03-25T12:40:11,Agent confirmed cash-out successful on terminal but I did not receive SMS confirmation.,CASH_OUT,LOW,TRANSACTION_OPERATIONS,RECEIVED,IN_PROGRESS,604,0
SYN-CMP-11539,SYN-U-13709,2026-03-25T13:35:47,Biometric fingerprint login is not working on my new Android device.,ACCOUNT,LOW,DISPUTES,RECEIVED,UNBLOCK_ACCOUNT,1032,0
SYN-CMP-11540,SYN-U-19943,2026-03-25T14:05:22,E-commerce merchant payment processed twice during checkout.,PAYMENT,MEDIUM,TRANSACTION_OPERATIONS,RECEIVED,REFUNDED,2637,0
SYN-CMP-11541,SYN-U-13051,2026-03-25T14:51:06,"Payment to merchant showed failed on app, but BDT 1,200 deducted from my Upay balance.",PAYMENT,HIGH,TRANSACTION_OPERATIONS,RECEIVED,REFUNDED,1947,0
SYN-CMP-11542,SYN-U-19842,2026-03-25T15:07:15,"Payment to merchant showed failed on app, but BDT 1,200 deducted from my Upay balance.",PAYMENT,MEDIUM,TRANSACTION_OPERATIONS,RECEIVED,EXPLAINED,2075,0
SYN-CMP-11543,SYN-U-14467,2026-03-25T16:07:17,"Unauthorized send money transaction of BDT 15,000 sent from my account at 3:00 AM.",FRAUD,CRITICAL,FRAUD_INVESTIGATION,RECEIVED,EXPLAINED,470,0
SYN-CMP-11544,SYN-U-17000,2026-03-25T16:15:17,Duplicate payment charged for the same restaurant QR transaction.,PAYMENT,HIGH,TRANSACTION_OPERATIONS,RECEIVED,EXPLAINED,137,0
SYN-CMP-11545,SYN-U-18943,2026-03-25T17:38:51,Duplicate payment charged for the same restaurant QR transaction.,PAYMENT,MEDIUM,TRANSACTION_OPERATIONS,RECEIVED,UNBLOCK_ACCOUNT,1335,0
SYN-CMP-11546,SYN-U-17232,2026-03-25T17:55:22,Duplicate payment charged for the same restaurant QR transaction.,PAYMENT,MEDIUM,TRANSACTION_OPERATIONS,RECEIVED,UNBLOCK_ACCOUNT,1938,0
SYN-CMP-11547,SYN-U-16922,2026-03-25T18:40:08,"Payment to merchant showed failed on app, but BDT 1,200 deducted from my Upay balance.",PAYMENT,MEDIUM,TRANSACTION_OPERATIONS,RECEIVED,REFUNDED,1175,0
SYN-CMP-11548,SYN-U-13739,2026-03-25T20:52:19,My PIN was compromised and unauthorized funds were transferred to an unknown number.,FRAUD,CRITICAL,FRAUD_INVESTIGATION,RECEIVED,REVERSED,1696,1
SYN-CMP-11549,SYN-U-19727,2026-03-25T21:21:34,Network connection error occurred during transaction processing screen.,TECHNICAL,LOW,TECH_SUPPORT,RECEIVED,REFUNDED,381,0
SYN-CMP-11550,SYN-U-10661,2026-03-25T21:22:42,Money was deducted from my account but the grocery merchant did not receive payment confirmation.,PAYMENT,LOW,TRANSACTION_OPERATIONS,RECEIVED,EXPLAINED,247,0
SYN-CMP-11551,SYN-U-13306,2026-03-25T21:37:16,Duplicate payment charged for the same restaurant QR transaction.,PAYMENT,MEDIUM,TRANSACTION_OPERATIONS,RECEIVED,EXPLAINED,1850,0
SYN-CMP-11552,SYN-U-10333,2026-03-25T22:27:56,"Accidentally transferred BDT 3,500 to a wrong mobile number.",TRANSFER,LOW,TRANSACTION_OPERATIONS,RECEIVED,IN_PROGRESS,1344,0
SYN-CMP-11553,SYN-U-15566,2026-03-25T23:12:56,Cash-out fee charged higher than standard 1.4% rate at the agent point.,CASH_OUT,LOW,TRANSACTION_OPERATIONS,RECEIVED,REFUNDED,1295,0
SYN-CMP-11554,SYN-U-11292,2026-03-26T03:56:03,International online transaction toggle keeps turning off automatically in settings.,CARD,MEDIUM,CARD_SERVICES,RECEIVED,EXPLAINED,2347,0
SYN-CMP-11555,SYN-U-12571,2026-03-26T05:00:36,Duplicate payment charged for the same restaurant QR transaction.,PAYMENT,LOW,TRANSACTION_OPERATIONS,RECEIVED,REFUNDED,898,0
SYN-CMP-11556,SYN-U-13069,2026-03-26T05:45:34,"Unauthorized send money transaction of BDT 15,000 sent from my account at 3:00 AM.",FRAUD,HIGH,FRAUD_INVESTIGATION,RECEIVED,UNBLOCK_ACCOUNT,1750,1
SYN-CMP-11557,SYN-U-19810,2026-03-26T07:06:24,"Paid utility electricity bill through app yesterday, but bill status still shows unpaid.",PAYMENT,LOW,TRANSACTION_OPERATIONS,RECEIVED,REFUNDED,1325,0
SYN-CMP-11558,SYN-U-19875,2026-03-26T07:38:21,"Failed cash out attempt at agent, but funds debited from balance.",CASH_OUT,MEDIUM,TRANSACTION_OPERATIONS,RECEIVED,EXPLAINED,1990,0
SYN-CMP-11559,SYN-U-15815,2026-03-26T09:49:18,Duplicate payment charged for the same restaurant QR transaction.,PAYMENT,MEDIUM,TRANSACTION_OPERATIONS,RECEIVED,REFUNDED,1672,0
SYN-CMP-11560,SYN-U-18469,2026-03-26T12:29:09,Requesting official annual account statement for tax filing purposes.,OTHER,LOW,DISPUTES,RECEIVED,REFUNDED,1814,0
SYN-CMP-11561,SYN-U-18089,2026-03-26T12:53:02,Cancelled e-commerce order refund amount is missing BDT 250 processing fee.,REFUND,MEDIUM,DISPUTES,RECEIVED,IN_PROGRESS,2039,0
SYN-CMP-11562,SYN-U-16205,2026-03-26T16:04:49,NID verification pending for more than 48 hours.,ACCOUNT,MEDIUM,DISPUTES,RECEIVED,EXPLAINED,619,0
SYN-CMP-11563,SYN-U-18980,2026-03-26T19:59:59,Card charged USD 45.00 for an online software transaction that I cancelled.,CARD,MEDIUM,CARD_SERVICES,RECEIVED,EXPLAINED,2385,0
SYN-CMP-11564,SYN-U-17929,2026-03-26T20:03:51,"Received a scam call asking for OTP, shortly after BDT 8,500 was transferred out.",FRAUD,CRITICAL,FRAUD_INVESTIGATION,RECEIVED,EXPLAINED,1121,0
SYN-CMP-11565,SYN-U-18052,2026-03-26T23:04:15,"Payment to merchant showed failed on app, but BDT 1,200 deducted from my Upay balance.",PAYMENT,MEDIUM,TRANSACTION_OPERATIONS,RECEIVED,DECLINED,315,0
SYN-CMP-11566,SYN-U-11652,2026-03-27T02:07:31,"Payment to merchant showed failed on app, but BDT 1,200 deducted from my Upay balance.",PAYMENT,HIGH,TRANSACTION_OPERATIONS,RECEIVED,REFUNDED,1866,0
SYN-CMP-11567,SYN-U-10936,2026-03-27T02:09:33,Want to temporarily freeze my physical card due to lost wallet.,CARD,MEDIUM,CARD_SERVICES,RECEIVED,REFUNDED,1508,0
SYN-CMP-11568,SYN-U-19094,2026-03-27T04:52:38,"Payment to merchant showed failed on app, but BDT 1,200 deducted from my Upay balance.",PAYMENT,HIGH,TRANSACTION_OPERATIONS,RECEIVED,REFUNDED,1241,0
SYN-CMP-11569,SYN-U-19325,2026-03-27T05:57:53,"Accidentally transferred BDT 3,500 to a wrong mobile number.",TRANSFER,LOW,TRANSACTION_OPERATIONS,RECEIVED,REFUNDED,2861,0
SYN-CMP-11570,SYN-U-11913,2026-03-27T08:12:29,SMS OTP is taking over 5 minutes to arrive during login attempt.,TECHNICAL,LOW,TECH_SUPPORT,RECEIVED,EXPLAINED,73,0
SYN-CMP-11571,SYN-U-12501,2026-03-27T10:16:31,My PIN was compromised and unauthorized funds were transferred to an unknown number.,FRAUD,CRITICAL,FRAUD_INVESTIGATION,RECEIVED,EXPLAINED,785,1
SYN-CMP-11572,SYN-U-17989,2026-03-27T12:06:11,Unable to update my registered primary phone number and email in settings.,ACCOUNT,LOW,DISPUTES,RECEIVED,REFUNDED,2522,0
SYN-CMP-11573,SYN-U-13975,2026-03-27T13:58:50,International online transaction toggle keeps turning off automatically in settings.,CARD,LOW,CARD_SERVICES,RECEIVED,UNBLOCK_ACCOUNT,73,0
SYN-CMP-11574,SYN-U-14987,2026-03-27T14:16:26,International online transaction toggle keeps turning off automatically in settings.,CARD,HIGH,CARD_SERVICES,RECEIVED,REVERSED,2710,0
SYN-CMP-11575,SYN-U-16398,2026-03-27T15:17:53,"Paid utility electricity bill through app yesterday, but bill status still shows unpaid.",PAYMENT,MEDIUM,TRANSACTION_OPERATIONS,RECEIVED,REFUNDED,272,0
SYN-CMP-11576,SYN-U-13699,2026-03-27T17:17:13,Network connection error occurred during transaction processing screen.,TECHNICAL,LOW,TECH_SUPPORT,RECEIVED,REFUNDED,2243,0
SYN-CMP-11577,SYN-U-13715,2026-03-27T17:18:30,App says account dormant even though I received funds two weeks ago.,ACCOUNT,LOW,DISPUTES,RECEIVED,REFUNDED,1132,0
SYN-CMP-11578,SYN-U-12131,2026-03-27T18:23:24,"Failed cash out attempt at agent, but funds debited from balance.",CASH_OUT,MEDIUM,TRANSACTION_OPERATIONS,RECEIVED,REVERSED,833,0
SYN-CMP-11579,SYN-U-13813,2026-03-27T18:37:24,Inquiry regarding upcoming Eid merchant promo discounts.,OTHER,MEDIUM,DISPUTES,RECEIVED,REFUNDED,1679,0
SYN-CMP-11580,SYN-U-18862,2026-03-27T20:39:11,"Received a scam call asking for OTP, shortly after BDT 8,500 was transferred out.",FRAUD,CRITICAL,FRAUD_INVESTIGATION,RECEIVED,EXPLAINED,1578,0
SYN-CMP-11581,SYN-U-12825,2026-03-27T21:02:11,Inter-wallet transfer delayed during peak evening banking clearing hour.,TRANSFER,LOW,TRANSACTION_OPERATIONS,RECEIVED,REFUNDED,1196,0
SYN-CMP-11582,SYN-U-17995,2026-03-27T21:16:49,Phishing message led to account takeover and repeated cash-out attempts.,FRAUD,CRITICAL,FRAUD_INVESTIGATION,RECEIVED,EXPLAINED,2866,1
SYN-CMP-11583,SYN-U-16390,2026-03-27T21:54:18,Agent confirmed cash-out successful on terminal but I did not receive SMS confirmation.,CASH_OUT,LOW,TRANSACTION_OPERATIONS,RECEIVED,IN_PROGRESS,748,0
SYN-CMP-11584,SYN-U-14129,2026-03-27T21:59:24,"Received a scam call asking for OTP, shortly after BDT 8,500 was transferred out.",FRAUD,CRITICAL,FRAUD_INVESTIGATION,RECEIVED,EXPLAINED,885,1
SYN-CMP-11585,SYN-U-12298,2026-03-27T22:08:33,App says account dormant even though I received funds two weeks ago.,ACCOUNT,MEDIUM,DISPUTES,RECEIVED,EXPLAINED,1149,0
SYN-CMP-11586,SYN-U-15982,2026-03-27T23:05:53,Duplicate payment charged for the same restaurant QR transaction.,PAYMENT,MEDIUM,TRANSACTION_OPERATIONS,RECEIVED,REFUNDED,2333,0
SYN-CMP-11587,SYN-U-16361,2026-03-28T04:05:06,Duplicate payment charged for the same restaurant QR transaction.,PAYMENT,LOW,TRANSACTION_OPERATIONS,RECEIVED,REFUNDED,1997,0
SYN-CMP-11588,SYN-U-16118,2026-03-28T04:25:38,NID verification pending for more than 48 hours.,ACCOUNT,LOW,DISPUTES,RECEIVED,REFUNDED,277,0
SYN-CMP-11589,SYN-U-14726,2026-03-28T05:22:21,App says account dormant even though I received funds two weeks ago.,ACCOUNT,MEDIUM,DISPUTES,RECEIVED,REFUNDED,2289,0
SYN-CMP-11590,SYN-U-10719,2026-03-28T07:16:02,"Payment to merchant showed failed on app, but BDT 1,200 deducted from my Upay balance.",PAYMENT,MEDIUM,TRANSACTION_OPERATIONS,RECEIVED,REFUNDED,273,0
SYN-CMP-11591,SYN-U-18973,2026-03-28T07:52:00,International online transaction toggle keeps turning off automatically in settings.,CARD,MEDIUM,CARD_SERVICES,RECEIVED,EXPLAINED,812,0
SYN-CMP-11592,SYN-U-14658,2026-03-28T08:15:02,Upay mobile app crashes immediately on splash screen after latest update.,TECHNICAL,LOW,TECH_SUPPORT,RECEIVED,REFUNDED,2166,0
SYN-CMP-11593,SYN-U-16860,2026-03-28T09:54:33,Agent deducted fee but the cash-out transaction timed out without dispensing cash.,CASH_OUT,LOW,TRANSACTION_OPERATIONS,RECEIVED,UNBLOCK_ACCOUNT,1550,0
SYN-CMP-11594,SYN-U-12494,2026-03-28T11:26:14,Network connection error occurred during transaction processing screen.,TECHNICAL,MEDIUM,TECH_SUPPORT,RECEIVED,IN_PROGRESS,668,0
SYN-CMP-11595,SYN-U-14718,2026-03-28T13:46:32,My PIN was compromised and unauthorized funds were transferred to an unknown number.,FRAUD,CRITICAL,FRAUD_INVESTIGATION,RECEIVED,REFUNDED,1566,1
SYN-CMP-11596,SYN-U-14507,2026-03-28T13:48:40,"Received a scam call asking for OTP, shortly after BDT 8,500 was transferred out.",FRAUD,HIGH,FRAUD_INVESTIGATION,RECEIVED,REFUNDED,2260,0
SYN-CMP-11597,SYN-U-16594,2026-03-28T14:44:30,Money was deducted from my account but the grocery merchant did not receive payment confirmation.,PAYMENT,MEDIUM,TRANSACTION_OPERATIONS,RECEIVED,REFUNDED,2199,0
SYN-CMP-11598,SYN-U-13331,2026-03-28T16:39:00,Unable to update my registered primary phone number and email in settings.,ACCOUNT,LOW,DISPUTES,RECEIVED,REFUNDED,1101,0
SYN-CMP-11599,SYN-U-19058,2026-03-28T17:28:34,"Paid utility electricity bill through app yesterday, but bill status still shows unpaid.",PAYMENT,MEDIUM,TRANSACTION_OPERATIONS,RECEIVED,DECLINED,2271,0
SYN-CMP-11600,SYN-U-15213,2026-03-28T18:27:09,My virtual dual-currency card was declined while making an international subscription payment.,CARD,MEDIUM,CARD_SERVICES,RECEIVED,EXPLAINED,2021,0
SYN-CMP-11601,SYN-U-15077,2026-03-28T18:45:33,"Paid utility electricity bill through app yesterday, but bill status still shows unpaid.",PAYMENT,MEDIUM,TRANSACTION_OPERATIONS,RECEIVED,DECLINED,392,0
SYN-CMP-11602,SYN-U-14635,2026-03-28T18:51:27,Bank deposit to Upay wallet via internet banking hasn't reflected after 4 hours.,TRANSFER,MEDIUM,TRANSACTION_OPERATIONS,RECEIVED,UNBLOCK_ACCOUNT,25,0
SYN-CMP-11603,SYN-U-11052,2026-03-28T19:59:09,My account has been temporarily restricted after entering wrong PIN 3 times.,ACCOUNT,MEDIUM,DISPUTES,RECEIVED,DECLINED,31,0
SYN-CMP-11604,SYN-U-19287,2026-03-28T21:16:32,"Received a scam call asking for OTP, shortly after BDT 8,500 was transferred out.",FRAUD,HIGH,FRAUD_INVESTIGATION,RECEIVED,EXPLAINED,1278,1
SYN-CMP-11605,SYN-U-18102,2026-03-28T21:27:59,Duplicate payment charged for the same restaurant QR transaction.,PAYMENT,HIGH,TRANSACTION_OPERATIONS,RECEIVED,EXPLAINED,337,0
SYN-CMP-11606,SYN-U-18099,2026-03-28T23:11:06,"Payment to merchant showed failed on app, but BDT 1,200 deducted from my Upay balance.",PAYMENT,MEDIUM,TRANSACTION_OPERATIONS,RECEIVED,REVERSED,993,0
SYN-CMP-11607,SYN-U-17501,2026-03-28T23:48:48,"Suspicious login notification received from unfamiliar device, someone tried to cash out.",FRAUD,CRITICAL,FRAUD_INVESTIGATION,RECEIVED,REVERSED,742,1
SYN-CMP-11608,SYN-U-13056,2026-03-28T23:49:54,Money was deducted from my account but the grocery merchant did not receive payment confirmation.,PAYMENT,HIGH,TRANSACTION_OPERATIONS,RECEIVED,IN_PROGRESS,16,0
SYN-CMP-11609,SYN-U-19348,2026-03-29T00:36:03,"Merchant initiated refund 5 business days ago, but balance is not credited.",REFUND,LOW,DISPUTES,RECEIVED,EXPLAINED,2824,0
SYN-CMP-11610,SYN-U-18295,2026-03-29T04:19:09,My PIN was compromised and unauthorized funds were transferred to an unknown number.,FRAUD,CRITICAL,FRAUD_INVESTIGATION,RECEIVED,EXPLAINED,2363,1
SYN-CMP-11611,SYN-U-11219,2026-03-29T04:32:54,SMS OTP is taking over 5 minutes to arrive during login attempt.,TECHNICAL,MEDIUM,TECH_SUPPORT,RECEIVED,EXPLAINED,975,0
SYN-CMP-11612,SYN-U-14453,2026-03-29T05:08:35,Agent confirmed cash-out successful on terminal but I did not receive SMS confirmation.,CASH_OUT,LOW,TRANSACTION_OPERATIONS,RECEIVED,EXPLAINED,974,0
SYN-CMP-11613,SYN-U-17803,2026-03-29T06:16:13,Money was deducted from my account but the grocery merchant did not receive payment confirmation.,PAYMENT,MEDIUM,TRANSACTION_OPERATIONS,RECEIVED,EXPLAINED,200,0
SYN-CMP-11614,SYN-U-16032,2026-03-29T06:43:26,"Fund transfer to my linked commercial bank account failed, money not credited yet.",TRANSFER,LOW,TRANSACTION_OPERATIONS,RECEIVED,EXPLAINED,2346,0
SYN-CMP-11615,SYN-U-15565,2026-03-29T07:21:34,E-commerce merchant payment processed twice during checkout.,PAYMENT,MEDIUM,TRANSACTION_OPERATIONS,RECEIVED,DECLINED,2793,0
SYN-CMP-11616,SYN-U-15636,2026-03-29T10:05:42,SMS OTP is taking over 5 minutes to arrive during login attempt.,TECHNICAL,LOW,TECH_SUPPORT,RECEIVED,REFUNDED,1783,0
SYN-CMP-11617,SYN-U-16623,2026-03-29T12:37:50,Upay mobile app crashes immediately on splash screen after latest update.,TECHNICAL,LOW,TECH_SUPPORT,RECEIVED,EXPLAINED,1144,0
SYN-CMP-11618,SYN-U-14644,2026-03-29T14:31:56,"Payment to merchant showed failed on app, but BDT 1,200 deducted from my Upay balance.",PAYMENT,HIGH,TRANSACTION_OPERATIONS,RECEIVED,REFUNDED,2854,1
SYN-CMP-11619,SYN-U-17716,2026-03-29T15:15:25,Money was deducted from my account but the grocery merchant did not receive payment confirmation.,PAYMENT,LOW,TRANSACTION_OPERATIONS,RECEIVED,EXPLAINED,2158,0
SYN-CMP-11620,SYN-U-17678,2026-03-29T19:42:32,Bank deposit to Upay wallet via internet banking hasn't reflected after 4 hours.,TRANSFER,LOW,TRANSACTION_OPERATIONS,RECEIVED,EXPLAINED,296,0
SYN-CMP-11621,SYN-U-10894,2026-03-29T20:37:29,Money was deducted from my account but the grocery merchant did not receive payment confirmation.,PAYMENT,HIGH,TRANSACTION_OPERATIONS,RECEIVED,IN_PROGRESS,1106,0
SYN-CMP-11622,SYN-U-13161,2026-03-29T22:15:29,"Failed cash out attempt at agent, but funds debited from balance.",CASH_OUT,LOW,TRANSACTION_OPERATIONS,RECEIVED,EXPLAINED,1329,0
SYN-CMP-11623,SYN-U-15225,2026-03-29T22:46:14,Partial refund received instead of full transaction amount.,REFUND,LOW,DISPUTES,RECEIVED,REFUNDED,371,0
SYN-CMP-11624,SYN-U-11346,2026-03-30T01:36:52,Agent deducted fee but the cash-out transaction timed out without dispensing cash.,CASH_OUT,MEDIUM,TRANSACTION_OPERATIONS,RECEIVED,UNBLOCK_ACCOUNT,2865,0
SYN-CMP-11625,SYN-U-12206,2026-03-30T01:55:09,My account has been temporarily restricted after entering wrong PIN 3 times.,ACCOUNT,MEDIUM,DISPUTES,RECEIVED,UNBLOCK_ACCOUNT,1406,0
SYN-CMP-11626,SYN-U-11891,2026-03-30T02:24:07,SMS OTP is taking over 5 minutes to arrive during login attempt.,TECHNICAL,LOW,TECH_SUPPORT,RECEIVED,EXPLAINED,1034,0
SYN-CMP-11627,SYN-U-15184,2026-03-30T02:38:50,NID verification pending for more than 48 hours.,ACCOUNT,MEDIUM,DISPUTES,RECEIVED,REFUNDED,2777,0
SYN-CMP-11628,SYN-U-17083,2026-03-30T02:51:41,Cancelled e-commerce order refund amount is missing BDT 250 processing fee.,REFUND,LOW,DISPUTES,RECEIVED,REVERSED,2144,0
SYN-CMP-11629,SYN-U-12030,2026-03-30T03:17:51,Money was deducted from my account but the grocery merchant did not receive payment confirmation.,PAYMENT,MEDIUM,TRANSACTION_OPERATIONS,RECEIVED,REFUNDED,62,0
SYN-CMP-11630,SYN-U-19691,2026-03-30T08:03:30,"Failed cash out attempt at agent, but funds debited from balance.",CASH_OUT,MEDIUM,TRANSACTION_OPERATIONS,RECEIVED,REFUNDED,2739,0
SYN-CMP-11631,SYN-U-13842,2026-03-30T11:33:04,Card charged USD 45.00 for an online software transaction that I cancelled.,CARD,HIGH,CARD_SERVICES,RECEIVED,UNBLOCK_ACCOUNT,479,0
SYN-CMP-11632,SYN-U-19826,2026-03-30T11:58:05,App says account dormant even though I received funds two weeks ago.,ACCOUNT,MEDIUM,DISPUTES,RECEIVED,REFUNDED,2642,0
SYN-CMP-11633,SYN-U-16874,2026-03-30T12:43:02,"Failed cash out attempt at agent, but funds debited from balance.",CASH_OUT,MEDIUM,TRANSACTION_OPERATIONS,RECEIVED,REFUNDED,2109,0
SYN-CMP-11634,SYN-U-15581,2026-03-30T14:19:19,Inter-wallet transfer delayed during peak evening banking clearing hour.,TRANSFER,LOW,TRANSACTION_OPERATIONS,RECEIVED,REVERSED,2359,0
SYN-CMP-11635,SYN-U-14354,2026-03-30T16:00:07,Inter-wallet transfer delayed during peak evening banking clearing hour.,TRANSFER,LOW,TRANSACTION_OPERATIONS,RECEIVED,REFUNDED,1710,0
SYN-CMP-11636,SYN-U-19736,2026-03-30T16:20:52,"Paid utility electricity bill through app yesterday, but bill status still shows unpaid.",PAYMENT,LOW,TRANSACTION_OPERATIONS,RECEIVED,REFUNDED,2808,0
SYN-CMP-11637,SYN-U-13142,2026-03-30T17:50:57,E-commerce merchant payment processed twice during checkout.,PAYMENT,MEDIUM,TRANSACTION_OPERATIONS,RECEIVED,REVERSED,2145,0
SYN-CMP-11638,SYN-U-19040,2026-03-30T17:52:05,"Accidentally transferred BDT 3,500 to a wrong mobile number.",TRANSFER,MEDIUM,TRANSACTION_OPERATIONS,RECEIVED,EXPLAINED,2595,0
SYN-CMP-11639,SYN-U-11779,2026-03-30T22:01:32,Network connection error occurred during transaction processing screen.,TECHNICAL,MEDIUM,TECH_SUPPORT,RECEIVED,EXPLAINED,819,0
SYN-CMP-11640,SYN-U-10722,2026-03-30T22:20:17,My virtual dual-currency card was declined while making an international subscription payment.,CARD,MEDIUM,CARD_SERVICES,RECEIVED,REVERSED,2842,0
SYN-CMP-11641,SYN-U-10467,2026-03-30T22:52:41,"Paid utility electricity bill through app yesterday, but bill status still shows unpaid.",PAYMENT,LOW,TRANSACTION_OPERATIONS,RECEIVED,REFUNDED,1491,0
SYN-CMP-11642,SYN-U-16537,2026-03-31T00:15:21,E-commerce merchant payment processed twice during checkout.,PAYMENT,MEDIUM,TRANSACTION_OPERATIONS,RECEIVED,REFUNDED,1166,0
SYN-CMP-11643,SYN-U-14302,2026-03-31T02:27:17,Need clarification on loyalty reward cashback points calculation.,OTHER,LOW,DISPUTES,RECEIVED,IN_PROGRESS,1544,0
SYN-CMP-11644,SYN-U-18197,2026-03-31T02:39:39,Money was deducted from my account but the grocery merchant did not receive payment confirmation.,PAYMENT,LOW,TRANSACTION_OPERATIONS,RECEIVED,UNBLOCK_ACCOUNT,2527,0
SYN-CMP-11645,SYN-U-12285,2026-03-31T05:17:48,Need clarification on loyalty reward cashback points calculation.,OTHER,LOW,DISPUTES,RECEIVED,REVERSED,2195,0
SYN-CMP-11646,SYN-U-11992,2026-03-31T05:27:35,NID verification pending for more than 48 hours.,ACCOUNT,LOW,DISPUTES,RECEIVED,REFUNDED,549,0
SYN-CMP-11647,SYN-U-10300,2026-03-31T05:35:42,E-commerce merchant payment processed twice during checkout.,PAYMENT,MEDIUM,TRANSACTION_OPERATIONS,RECEIVED,REFUNDED,78,0
SYN-CMP-11648,SYN-U-12258,2026-03-31T06:05:20,Cash-out fee charged higher than standard 1.4% rate at the agent point.,CASH_OUT,MEDIUM,TRANSACTION_OPERATIONS,RECEIVED,EXPLAINED,170,0
SYN-CMP-11649,SYN-U-17279,2026-03-31T09:22:51,SMS OTP is taking over 5 minutes to arrive during login attempt.,TECHNICAL,LOW,TECH_SUPPORT,RECEIVED,EXPLAINED,54,0
SYN-CMP-11650,SYN-U-13201,2026-03-31T10:40:02,Duplicate payment charged for the same restaurant QR transaction.,PAYMENT,HIGH,TRANSACTION_OPERATIONS,RECEIVED,EXPLAINED,2190,1
SYN-CMP-11651,SYN-U-11923,2026-03-31T12:30:15,Bank deposit to Upay wallet via internet banking hasn't reflected after 4 hours.,TRANSFER,LOW,TRANSACTION_OPERATIONS,RECEIVED,REFUNDED,1570,0
SYN-CMP-11652,SYN-U-19285,2026-03-31T14:56:07,Duplicate payment charged for the same restaurant QR transaction.,PAYMENT,LOW,TRANSACTION_OPERATIONS,RECEIVED,REVERSED,123,0
SYN-CMP-11653,SYN-U-17541,2026-03-31T19:03:02,My PIN was compromised and unauthorized funds were transferred to an unknown number.,FRAUD,HIGH,FRAUD_INVESTIGATION,RECEIVED,EXPLAINED,2224,0
SYN-CMP-11654,SYN-U-18611,2026-03-31T22:01:06,International online transaction toggle keeps turning off automatically in settings.,CARD,HIGH,CARD_SERVICES,RECEIVED,REVERSED,2722,0
SYN-CMP-11655,SYN-U-10011,2026-04-01T01:27:56,Duplicate payment charged for the same restaurant QR transaction.,PAYMENT,MEDIUM,TRANSACTION_OPERATIONS,RECEIVED,UNBLOCK_ACCOUNT,2500,0
SYN-CMP-11656,SYN-U-14124,2026-04-01T02:35:27,"Received a scam call asking for OTP, shortly after BDT 8,500 was transferred out.",FRAUD,HIGH,FRAUD_INVESTIGATION,RECEIVED,EXPLAINED,2345,1
SYN-CMP-11657,SYN-U-10137,2026-04-01T04:32:28,Unable to update my registered primary phone number and email in settings.,ACCOUNT,MEDIUM,DISPUTES,RECEIVED,REFUNDED,103,0
SYN-CMP-11658,SYN-U-12305,2026-04-01T06:21:58,"Accidentally transferred BDT 3,500 to a wrong mobile number.",TRANSFER,LOW,TRANSACTION_OPERATIONS,RECEIVED,REFUNDED,2555,0
SYN-CMP-11659,SYN-U-19166,2026-04-01T07:30:44,"Unauthorized send money transaction of BDT 15,000 sent from my account at 3:00 AM.",FRAUD,CRITICAL,FRAUD_INVESTIGATION,RECEIVED,EXPLAINED,1498,1
SYN-CMP-11660,SYN-U-14068,2026-04-01T07:31:05,Bank deposit to Upay wallet via internet banking hasn't reflected after 4 hours.,TRANSFER,MEDIUM,TRANSACTION_OPERATIONS,RECEIVED,REFUNDED,318,0
SYN-CMP-11661,SYN-U-10445,2026-04-01T07:56:46,My account has been temporarily restricted after entering wrong PIN 3 times.,ACCOUNT,MEDIUM,DISPUTES,RECEIVED,IN_PROGRESS,1699,0
SYN-CMP-11662,SYN-U-16073,2026-04-01T11:52:21,Upay mobile app crashes immediately on splash screen after latest update.,TECHNICAL,MEDIUM,TECH_SUPPORT,RECEIVED,IN_PROGRESS,921,0
SYN-CMP-11663,SYN-U-13075,2026-04-01T14:28:44,Agent deducted fee but the cash-out transaction timed out without dispensing cash.,CASH_OUT,LOW,TRANSACTION_OPERATIONS,RECEIVED,EXPLAINED,2262,0
SYN-CMP-11664,SYN-U-10945,2026-04-01T14:38:11,My account has been temporarily restricted after entering wrong PIN 3 times.,ACCOUNT,LOW,DISPUTES,RECEIVED,REFUNDED,2607,0
SYN-CMP-11665,SYN-U-15372,2026-04-01T15:58:34,"Merchant initiated refund 5 business days ago, but balance is not credited.",REFUND,MEDIUM,DISPUTES,RECEIVED,REFUNDED,559,0
SYN-CMP-11666,SYN-U-11895,2026-04-01T16:05:21,E-commerce merchant payment processed twice during checkout.,PAYMENT,HIGH,TRANSACTION_OPERATIONS,RECEIVED,EXPLAINED,1302,0
SYN-CMP-11667,SYN-U-14560,2026-04-01T18:29:42,NID verification pending for more than 48 hours.,ACCOUNT,LOW,DISPUTES,RECEIVED,REFUNDED,2335,0
SYN-CMP-11668,SYN-U-16526,2026-04-01T21:23:28,"Merchant initiated refund 5 business days ago, but balance is not credited.",REFUND,LOW,DISPUTES,RECEIVED,EXPLAINED,2493,0
SYN-CMP-11669,SYN-U-15249,2026-04-01T21:25:33,"Payment to merchant showed failed on app, but BDT 1,200 deducted from my Upay balance.",PAYMENT,HIGH,TRANSACTION_OPERATIONS,RECEIVED,EXPLAINED,797,1
SYN-CMP-11670,SYN-U-11408,2026-04-02T01:16:24,"Payment to merchant showed failed on app, but BDT 1,200 deducted from my Upay balance.",PAYMENT,MEDIUM,TRANSACTION_OPERATIONS,RECEIVED,REFUNDED,1968,0
SYN-CMP-11671,SYN-U-16682,2026-04-02T03:25:34,E-commerce merchant payment processed twice during checkout.,PAYMENT,HIGH,TRANSACTION_OPERATIONS,RECEIVED,REVERSED,865,0
SYN-CMP-11672,SYN-U-13183,2026-04-02T03:36:56,Cancelled e-commerce order refund amount is missing BDT 250 processing fee.,REFUND,LOW,DISPUTES,RECEIVED,IN_PROGRESS,479,0
SYN-CMP-11673,SYN-U-13339,2026-04-02T04:15:14,Phishing message led to account takeover and repeated cash-out attempts.,FRAUD,CRITICAL,FRAUD_INVESTIGATION,RECEIVED,REFUNDED,1581,1
SYN-CMP-11674,SYN-U-10256,2026-04-02T05:41:34,Phishing message led to account takeover and repeated cash-out attempts.,FRAUD,CRITICAL,FRAUD_INVESTIGATION,RECEIVED,EXPLAINED,1394,0
SYN-CMP-11675,SYN-U-14920,2026-04-02T09:15:11,Network connection error occurred during transaction processing screen.,TECHNICAL,MEDIUM,TECH_SUPPORT,RECEIVED,REFUNDED,1139,0
SYN-CMP-11676,SYN-U-19956,2026-04-02T10:18:05,E-commerce merchant payment processed twice during checkout.,PAYMENT,MEDIUM,TRANSACTION_OPERATIONS,RECEIVED,REVERSED,2461,0
SYN-CMP-11677,SYN-U-19140,2026-04-02T11:17:42,Upay mobile app crashes immediately on splash screen after latest update.,TECHNICAL,LOW,TECH_SUPPORT,RECEIVED,REFUNDED,160,0
SYN-CMP-11678,SYN-U-16288,2026-04-02T13:36:57,Unable to update my registered primary phone number and email in settings.,ACCOUNT,LOW,DISPUTES,RECEIVED,REVERSED,1761,0
SYN-CMP-11679,SYN-U-15384,2026-04-02T13:50:26,Duplicate payment charged for the same restaurant QR transaction.,PAYMENT,HIGH,TRANSACTION_OPERATIONS,RECEIVED,REFUNDED,2452,1
SYN-CMP-11680,SYN-U-19971,2026-04-02T14:14:30,"Payment to merchant showed failed on app, but BDT 1,200 deducted from my Upay balance.",PAYMENT,LOW,TRANSACTION_OPERATIONS,RECEIVED,UNBLOCK_ACCOUNT,1025,0
SYN-CMP-11681,SYN-U-14926,2026-04-02T15:12:37,Inter-wallet transfer delayed during peak evening banking clearing hour.,TRANSFER,MEDIUM,TRANSACTION_OPERATIONS,RECEIVED,EXPLAINED,581,0
SYN-CMP-11682,SYN-U-13940,2026-04-02T15:24:06,Cancelled e-commerce order refund amount is missing BDT 250 processing fee.,REFUND,MEDIUM,DISPUTES,RECEIVED,IN_PROGRESS,1059,0
SYN-CMP-11683,SYN-U-15028,2026-04-02T15:27:53,Partial refund received instead of full transaction amount.,REFUND,LOW,DISPUTES,RECEIVED,IN_PROGRESS,850,0
SYN-CMP-11684,SYN-U-19550,2026-04-02T15:40:33,"Payment to merchant showed failed on app, but BDT 1,200 deducted from my Upay balance.",PAYMENT,LOW,TRANSACTION_OPERATIONS,RECEIVED,REFUNDED,2523,0
SYN-CMP-11685,SYN-U-17883,2026-04-02T18:42:43,Cancelled e-commerce order refund amount is missing BDT 250 processing fee.,REFUND,MEDIUM,DISPUTES,RECEIVED,REFUNDED,2174,0
SYN-CMP-11686,SYN-U-17293,2026-04-02T19:48:50,Biometric fingerprint login is not working on my new Android device.,ACCOUNT,LOW,DISPUTES,RECEIVED,UNBLOCK_ACCOUNT,95,0
SYN-CMP-11687,SYN-U-18985,2026-04-02T21:36:38,App says account dormant even though I received funds two weeks ago.,ACCOUNT,LOW,DISPUTES,RECEIVED,REFUNDED,2852,0
SYN-CMP-11688,SYN-U-15729,2026-04-02T22:03:00,Partial refund received instead of full transaction amount.,REFUND,LOW,DISPUTES,RECEIVED,EXPLAINED,2050,0
SYN-CMP-11689,SYN-U-10202,2026-04-03T01:18:40,Agent confirmed cash-out successful on terminal but I did not receive SMS confirmation.,CASH_OUT,LOW,TRANSACTION_OPERATIONS,RECEIVED,REFUNDED,1735,0
SYN-CMP-11690,SYN-U-11516,2026-04-03T02:10:36,E-commerce merchant payment processed twice during checkout.,PAYMENT,LOW,TRANSACTION_OPERATIONS,RECEIVED,REVERSED,1380,0
SYN-CMP-11691,SYN-U-18356,2026-04-03T02:24:28,Money was deducted from my account but the grocery merchant did not receive payment confirmation.,PAYMENT,MEDIUM,TRANSACTION_OPERATIONS,RECEIVED,REFUNDED,46,0
SYN-CMP-11692,SYN-U-17794,2026-04-03T03:24:07,Cash-out fee charged higher than standard 1.4% rate at the agent point.,CASH_OUT,LOW,TRANSACTION_OPERATIONS,RECEIVED,DECLINED,318,0
SYN-CMP-11693,SYN-U-19450,2026-04-03T04:24:18,E-commerce merchant payment processed twice during checkout.,PAYMENT,HIGH,TRANSACTION_OPERATIONS,RECEIVED,REFUNDED,970,1
SYN-CMP-11694,SYN-U-14726,2026-04-03T04:27:45,"Received a scam call asking for OTP, shortly after BDT 8,500 was transferred out.",FRAUD,CRITICAL,FRAUD_INVESTIGATION,RECEIVED,EXPLAINED,2591,0
SYN-CMP-11695,SYN-U-15486,2026-04-03T04:45:42,"Received a scam call asking for OTP, shortly after BDT 8,500 was transferred out.",FRAUD,HIGH,FRAUD_INVESTIGATION,RECEIVED,REFUNDED,2175,0
SYN-CMP-11696,SYN-U-16782,2026-04-03T05:01:50,"Paid utility electricity bill through app yesterday, but bill status still shows unpaid.",PAYMENT,MEDIUM,TRANSACTION_OPERATIONS,RECEIVED,IN_PROGRESS,2427,0
SYN-CMP-11697,SYN-U-11377,2026-04-03T05:05:51,"Suspicious login notification received from unfamiliar device, someone tried to cash out.",FRAUD,CRITICAL,FRAUD_INVESTIGATION,RECEIVED,REVERSED,355,1
SYN-CMP-11698,SYN-U-12794,2026-04-03T07:23:47,"Received a scam call asking for OTP, shortly after BDT 8,500 was transferred out.",FRAUD,CRITICAL,FRAUD_INVESTIGATION,RECEIVED,REFUNDED,400,1
SYN-CMP-11699,SYN-U-13545,2026-04-03T12:22:47,My virtual dual-currency card was declined while making an international subscription payment.,CARD,LOW,CARD_SERVICES,RECEIVED,IN_PROGRESS,1434,0
SYN-CMP-11700,SYN-U-12361,2026-04-03T15:36:27,International online transaction toggle keeps turning off automatically in settings.,CARD,HIGH,CARD_SERVICES,RECEIVED,UNBLOCK_ACCOUNT,2879,1
SYN-CMP-11701,SYN-U-19916,2026-04-03T16:36:43,E-commerce merchant payment processed twice during checkout.,PAYMENT,HIGH,TRANSACTION_OPERATIONS,RECEIVED,REFUNDED,2515,0
SYN-CMP-11702,SYN-U-14801,2026-04-03T16:37:50,"Accidentally transferred BDT 3,500 to a wrong mobile number.",TRANSFER,LOW,TRANSACTION_OPERATIONS,RECEIVED,IN_PROGRESS,232,0
SYN-CMP-11703,SYN-U-11951,2026-04-03T17:05:15,NID verification pending for more than 48 hours.,ACCOUNT,LOW,DISPUTES,RECEIVED,IN_PROGRESS,2660,0
SYN-CMP-11704,SYN-U-11600,2026-04-03T18:03:49,Duplicate payment charged for the same restaurant QR transaction.,PAYMENT,LOW,TRANSACTION_OPERATIONS,RECEIVED,EXPLAINED,686,0
SYN-CMP-11705,SYN-U-13232,2026-04-03T20:07:11,"Unauthorized send money transaction of BDT 15,000 sent from my account at 3:00 AM.",FRAUD,CRITICAL,FRAUD_INVESTIGATION,RECEIVED,UNBLOCK_ACCOUNT,1951,1
SYN-CMP-11706,SYN-U-10091,2026-04-03T20:15:58,"Suspicious login notification received from unfamiliar device, someone tried to cash out.",FRAUD,CRITICAL,FRAUD_INVESTIGATION,RECEIVED,REVERSED,1000,1
SYN-CMP-11707,SYN-U-10503,2026-04-03T20:21:10,"Paid utility electricity bill through app yesterday, but bill status still shows unpaid.",PAYMENT,HIGH,TRANSACTION_OPERATIONS,RECEIVED,REFUNDED,892,0
SYN-CMP-11708,SYN-U-10047,2026-04-03T22:23:16,Unable to update my registered primary phone number and email in settings.,ACCOUNT,MEDIUM,DISPUTES,RECEIVED,REVERSED,1817,0
SYN-CMP-11709,SYN-U-16724,2026-04-04T03:04:54,Want to temporarily freeze my physical card due to lost wallet.,CARD,MEDIUM,CARD_SERVICES,RECEIVED,UNBLOCK_ACCOUNT,2084,0
SYN-CMP-11710,SYN-U-10529,2026-04-04T04:31:26,International online transaction toggle keeps turning off automatically in settings.,CARD,MEDIUM,CARD_SERVICES,RECEIVED,IN_PROGRESS,2845,0
SYN-CMP-11711,SYN-U-18000,2026-04-04T05:06:53,Upay mobile app crashes immediately on splash screen after latest update.,TECHNICAL,LOW,TECH_SUPPORT,RECEIVED,IN_PROGRESS,1119,0
SYN-CMP-11712,SYN-U-13976,2026-04-04T08:59:43,E-commerce merchant payment processed twice during checkout.,PAYMENT,MEDIUM,TRANSACTION_OPERATIONS,RECEIVED,UNBLOCK_ACCOUNT,595,0
SYN-CMP-11713,SYN-U-16314,2026-04-04T09:15:17,"Suspicious login notification received from unfamiliar device, someone tried to cash out.",FRAUD,CRITICAL,FRAUD_INVESTIGATION,RECEIVED,REFUNDED,2057,1
SYN-CMP-11714,SYN-U-19501,2026-04-04T09:50:54,"Received a scam call asking for OTP, shortly after BDT 8,500 was transferred out.",FRAUD,CRITICAL,FRAUD_INVESTIGATION,RECEIVED,IN_PROGRESS,1076,1
SYN-CMP-11715,SYN-U-12304,2026-04-04T11:27:23,Bank deposit to Upay wallet via internet banking hasn't reflected after 4 hours.,TRANSFER,LOW,TRANSACTION_OPERATIONS,RECEIVED,DECLINED,341,0
SYN-CMP-11716,SYN-U-16237,2026-04-04T11:48:38,Partial refund received instead of full transaction amount.,REFUND,LOW,DISPUTES,RECEIVED,UNBLOCK_ACCOUNT,2279,0
SYN-CMP-11717,SYN-U-16835,2026-04-04T18:14:54,Agent deducted fee but the cash-out transaction timed out without dispensing cash.,CASH_OUT,LOW,TRANSACTION_OPERATIONS,RECEIVED,REFUNDED,2350,0
SYN-CMP-11718,SYN-U-11526,2026-04-04T18:47:36,E-commerce merchant payment processed twice during checkout.,PAYMENT,HIGH,TRANSACTION_OPERATIONS,RECEIVED,UNBLOCK_ACCOUNT,2541,0
SYN-CMP-11719,SYN-U-12288,2026-04-04T23:30:25,Inter-wallet transfer delayed during peak evening banking clearing hour.,TRANSFER,MEDIUM,TRANSACTION_OPERATIONS,RECEIVED,REVERSED,430,0
SYN-CMP-11720,SYN-U-15324,2026-04-04T23:38:18,Money was deducted from my account but the grocery merchant did not receive payment confirmation.,PAYMENT,MEDIUM,TRANSACTION_OPERATIONS,RECEIVED,REFUNDED,2576,0
SYN-CMP-11721,SYN-U-16189,2026-04-05T00:22:00,"Payment to merchant showed failed on app, but BDT 1,200 deducted from my Upay balance.",PAYMENT,HIGH,TRANSACTION_OPERATIONS,RECEIVED,REFUNDED,1810,0
SYN-CMP-11722,SYN-U-19399,2026-04-05T03:49:06,"Suspicious login notification received from unfamiliar device, someone tried to cash out.",FRAUD,HIGH,FRAUD_INVESTIGATION,RECEIVED,DECLINED,1619,1
SYN-CMP-11723,SYN-U-12088,2026-04-05T06:02:05,"Paid utility electricity bill through app yesterday, but bill status still shows unpaid.",PAYMENT,MEDIUM,TRANSACTION_OPERATIONS,RECEIVED,UNBLOCK_ACCOUNT,1020,0
SYN-CMP-11724,SYN-U-13883,2026-04-05T06:38:21,Inter-wallet transfer delayed during peak evening banking clearing hour.,TRANSFER,MEDIUM,TRANSACTION_OPERATIONS,RECEIVED,EXPLAINED,1281,0
SYN-CMP-11725,SYN-U-15903,2026-04-05T11:08:01,"Unauthorized send money transaction of BDT 15,000 sent from my account at 3:00 AM.",FRAUD,CRITICAL,FRAUD_INVESTIGATION,RECEIVED,IN_PROGRESS,336,1
SYN-CMP-11726,SYN-U-10142,2026-04-05T11:14:43,"Unauthorized send money transaction of BDT 15,000 sent from my account at 3:00 AM.",FRAUD,CRITICAL,FRAUD_INVESTIGATION,RECEIVED,REFUNDED,837,1
SYN-CMP-11727,SYN-U-19471,2026-04-05T11:34:02,"Received a scam call asking for OTP, shortly after BDT 8,500 was transferred out.",FRAUD,CRITICAL,FRAUD_INVESTIGATION,RECEIVED,REFUNDED,688,1
SYN-CMP-11728,SYN-U-10580,2026-04-05T11:39:48,"Failed cash out attempt at agent, but funds debited from balance.",CASH_OUT,MEDIUM,TRANSACTION_OPERATIONS,RECEIVED,REFUNDED,270,0
SYN-CMP-11729,SYN-U-17300,2026-04-05T13:12:45,Biometric fingerprint login is not working on my new Android device.,ACCOUNT,LOW,DISPUTES,RECEIVED,IN_PROGRESS,711,0
SYN-CMP-11730,SYN-U-19733,2026-04-05T14:04:28,Inter-wallet transfer delayed during peak evening banking clearing hour.,TRANSFER,LOW,TRANSACTION_OPERATIONS,RECEIVED,REFUNDED,696,0
SYN-CMP-11731,SYN-U-14415,2026-04-05T15:01:10,My PIN was compromised and unauthorized funds were transferred to an unknown number.,FRAUD,HIGH,FRAUD_INVESTIGATION,RECEIVED,EXPLAINED,70,0
SYN-CMP-11732,SYN-U-19651,2026-04-05T18:11:26,Unable to update my registered primary phone number and email in settings.,ACCOUNT,LOW,DISPUTES,RECEIVED,IN_PROGRESS,2765,0
SYN-CMP-11733,SYN-U-19757,2026-04-05T18:22:14,International online transaction toggle keeps turning off automatically in settings.,CARD,MEDIUM,CARD_SERVICES,RECEIVED,REFUNDED,1048,0
SYN-CMP-11734,SYN-U-18471,2026-04-05T18:28:47,Phishing message led to account takeover and repeated cash-out attempts.,FRAUD,CRITICAL,FRAUD_INVESTIGATION,RECEIVED,EXPLAINED,2233,1
SYN-CMP-11735,SYN-U-10415,2026-04-05T18:33:38,Requesting official annual account statement for tax filing purposes.,OTHER,LOW,DISPUTES,RECEIVED,EXPLAINED,827,0
SYN-CMP-11736,SYN-U-15921,2026-04-05T19:05:48,Inter-wallet transfer delayed during peak evening banking clearing hour.,TRANSFER,LOW,TRANSACTION_OPERATIONS,RECEIVED,REFUNDED,2036,0
SYN-CMP-11737,SYN-U-10130,2026-04-05T22:27:18,E-commerce merchant payment processed twice during checkout.,PAYMENT,HIGH,TRANSACTION_OPERATIONS,RECEIVED,IN_PROGRESS,1345,0
SYN-CMP-11738,SYN-U-16415,2026-04-05T22:59:00,"Payment to merchant showed failed on app, but BDT 1,200 deducted from my Upay balance.",PAYMENT,HIGH,TRANSACTION_OPERATIONS,RECEIVED,UNBLOCK_ACCOUNT,857,0
SYN-CMP-11739,SYN-U-18483,2026-04-05T23:08:29,"Payment to merchant showed failed on app, but BDT 1,200 deducted from my Upay balance.",PAYMENT,LOW,TRANSACTION_OPERATIONS,RECEIVED,DECLINED,2093,0
SYN-CMP-11740,SYN-U-11771,2026-04-06T00:21:48,Money was deducted from my account but the grocery merchant did not receive payment confirmation.,PAYMENT,MEDIUM,TRANSACTION_OPERATIONS,RECEIVED,EXPLAINED,1563,0
SYN-CMP-11741,SYN-U-16557,2026-04-06T01:20:58,Inter-wallet transfer delayed during peak evening banking clearing hour.,TRANSFER,LOW,TRANSACTION_OPERATIONS,RECEIVED,EXPLAINED,2293,0
SYN-CMP-11742,SYN-U-19965,2026-04-06T04:23:46,"Paid utility electricity bill through app yesterday, but bill status still shows unpaid.",PAYMENT,LOW,TRANSACTION_OPERATIONS,RECEIVED,UNBLOCK_ACCOUNT,2150,0
SYN-CMP-11743,SYN-U-12859,2026-04-06T04:29:48,My virtual dual-currency card was declined while making an international subscription payment.,CARD,HIGH,CARD_SERVICES,RECEIVED,EXPLAINED,1734,0
SYN-CMP-11744,SYN-U-12036,2026-04-06T05:39:02,Agent confirmed cash-out successful on terminal but I did not receive SMS confirmation.,CASH_OUT,LOW,TRANSACTION_OPERATIONS,RECEIVED,EXPLAINED,2396,0
SYN-CMP-11745,SYN-U-18120,2026-04-06T08:23:33,Partial refund received instead of full transaction amount.,REFUND,LOW,DISPUTES,RECEIVED,IN_PROGRESS,1390,0
SYN-CMP-11746,SYN-U-17093,2026-04-06T08:31:40,Phishing message led to account takeover and repeated cash-out attempts.,FRAUD,CRITICAL,FRAUD_INVESTIGATION,RECEIVED,EXPLAINED,843,1
SYN-CMP-11747,SYN-U-13617,2026-04-06T09:39:38,"Payment to merchant showed failed on app, but BDT 1,200 deducted from my Upay balance.",PAYMENT,LOW,TRANSACTION_OPERATIONS,RECEIVED,EXPLAINED,141,0
SYN-CMP-11748,SYN-U-11909,2026-04-06T12:10:06,"Merchant initiated refund 5 business days ago, but balance is not credited.",REFUND,LOW,DISPUTES,RECEIVED,EXPLAINED,2581,0
SYN-CMP-11749,SYN-U-19730,2026-04-06T14:47:25,Inter-wallet transfer delayed during peak evening banking clearing hour.,TRANSFER,LOW,TRANSACTION_OPERATIONS,RECEIVED,UNBLOCK_ACCOUNT,2513,0
SYN-CMP-11750,SYN-U-16856,2026-04-06T15:05:12,E-commerce merchant payment processed twice during checkout.,PAYMENT,LOW,TRANSACTION_OPERATIONS,RECEIVED,UNBLOCK_ACCOUNT,2485,0
SYN-CMP-11751,SYN-U-10346,2026-04-06T15:36:54,Endorsement limit not updating after submitting updated passport copy.,CARD,LOW,CARD_SERVICES,RECEIVED,EXPLAINED,2801,0
SYN-CMP-11752,SYN-U-12371,2026-04-06T16:03:20,Duplicate payment charged for the same restaurant QR transaction.,PAYMENT,MEDIUM,TRANSACTION_OPERATIONS,RECEIVED,EXPLAINED,1052,0
SYN-CMP-11753,SYN-U-19711,2026-04-06T17:49:42,My account has been temporarily restricted after entering wrong PIN 3 times.,ACCOUNT,MEDIUM,DISPUTES,RECEIVED,EXPLAINED,687,0
SYN-CMP-11754,SYN-U-11431,2026-04-06T19:19:37,Upay mobile app crashes immediately on splash screen after latest update.,TECHNICAL,LOW,TECH_SUPPORT,RECEIVED,DECLINED,1849,0
SYN-CMP-11755,SYN-U-19891,2026-04-06T20:31:26,Agent deducted fee but the cash-out transaction timed out without dispensing cash.,CASH_OUT,MEDIUM,TRANSACTION_OPERATIONS,RECEIVED,REFUNDED,1113,0
SYN-CMP-11756,SYN-U-19057,2026-04-06T20:42:00,Phishing message led to account takeover and repeated cash-out attempts.,FRAUD,CRITICAL,FRAUD_INVESTIGATION,RECEIVED,REVERSED,995,1
SYN-CMP-11757,SYN-U-15955,2026-04-06T20:45:09,App says account dormant even though I received funds two weeks ago.,ACCOUNT,MEDIUM,DISPUTES,RECEIVED,EXPLAINED,1636,0
SYN-CMP-11758,SYN-U-10106,2026-04-06T21:33:15,Inquiry regarding upcoming Eid merchant promo discounts.,OTHER,LOW,DISPUTES,RECEIVED,DECLINED,2422,0
SYN-CMP-11759,SYN-U-10943,2026-04-06T22:22:51,My PIN was compromised and unauthorized funds were transferred to an unknown number.,FRAUD,HIGH,FRAUD_INVESTIGATION,RECEIVED,REFUNDED,732,1
SYN-CMP-11760,SYN-U-19610,2026-04-07T00:42:31,Upay mobile app crashes immediately on splash screen after latest update.,TECHNICAL,MEDIUM,TECH_SUPPORT,RECEIVED,REVERSED,31,0
SYN-CMP-11761,SYN-U-19590,2026-04-07T03:06:12,Partial refund received instead of full transaction amount.,REFUND,MEDIUM,DISPUTES,RECEIVED,IN_PROGRESS,1285,0
SYN-CMP-11762,SYN-U-17642,2026-04-07T04:22:07,Partial refund received instead of full transaction amount.,REFUND,LOW,DISPUTES,RECEIVED,REVERSED,2075,0
SYN-CMP-11763,SYN-U-11606,2026-04-07T05:35:55,"Merchant initiated refund 5 business days ago, but balance is not credited.",REFUND,LOW,DISPUTES,RECEIVED,EXPLAINED,2664,0
SYN-CMP-11764,SYN-U-16488,2026-04-07T07:13:20,"Failed cash out attempt at agent, but funds debited from balance.",CASH_OUT,LOW,TRANSACTION_OPERATIONS,RECEIVED,EXPLAINED,395,0
SYN-CMP-11765,SYN-U-15940,2026-04-07T07:23:17,"Accidentally transferred BDT 3,500 to a wrong mobile number.",TRANSFER,LOW,TRANSACTION_OPERATIONS,RECEIVED,EXPLAINED,641,0
SYN-CMP-11766,SYN-U-18660,2026-04-07T08:17:51,"Received a scam call asking for OTP, shortly after BDT 8,500 was transferred out.",FRAUD,CRITICAL,FRAUD_INVESTIGATION,RECEIVED,UNBLOCK_ACCOUNT,1866,1
SYN-CMP-11767,SYN-U-18543,2026-04-07T09:01:20,"Merchant initiated refund 5 business days ago, but balance is not credited.",REFUND,LOW,DISPUTES,RECEIVED,REFUNDED,425,0
SYN-CMP-11768,SYN-U-14501,2026-04-07T10:23:56,"Merchant initiated refund 5 business days ago, but balance is not credited.",REFUND,LOW,DISPUTES,RECEIVED,EXPLAINED,1972,0
SYN-CMP-11769,SYN-U-14355,2026-04-07T11:31:01,"Paid utility electricity bill through app yesterday, but bill status still shows unpaid.",PAYMENT,HIGH,TRANSACTION_OPERATIONS,RECEIVED,REVERSED,2582,0
SYN-CMP-11770,SYN-U-14985,2026-04-07T11:52:26,Network connection error occurred during transaction processing screen.,TECHNICAL,LOW,TECH_SUPPORT,RECEIVED,REFUNDED,828,0
SYN-CMP-11771,SYN-U-14964,2026-04-07T12:01:15,E-commerce merchant payment processed twice during checkout.,PAYMENT,LOW,TRANSACTION_OPERATIONS,RECEIVED,REFUNDED,448,0
SYN-CMP-11772,SYN-U-12432,2026-04-07T13:45:09,Upay mobile app crashes immediately on splash screen after latest update.,TECHNICAL,LOW,TECH_SUPPORT,RECEIVED,EXPLAINED,847,0
SYN-CMP-11773,SYN-U-12072,2026-04-07T14:16:10,My account has been temporarily restricted after entering wrong PIN 3 times.,ACCOUNT,LOW,DISPUTES,RECEIVED,IN_PROGRESS,717,0
SYN-CMP-11774,SYN-U-17396,2026-04-07T15:35:23,"Failed cash out attempt at agent, but funds debited from balance.",CASH_OUT,LOW,TRANSACTION_OPERATIONS,RECEIVED,REFUNDED,2151,0
SYN-CMP-11775,SYN-U-14684,2026-04-07T15:39:44,Duplicate payment charged for the same restaurant QR transaction.,PAYMENT,MEDIUM,TRANSACTION_OPERATIONS,RECEIVED,REFUNDED,2361,0
SYN-CMP-11776,SYN-U-16671,2026-04-07T19:32:48,Bank deposit to Upay wallet via internet banking hasn't reflected after 4 hours.,TRANSFER,LOW,TRANSACTION_OPERATIONS,RECEIVED,EXPLAINED,1743,0
SYN-CMP-11777,SYN-U-14788,2026-04-07T20:27:29,Agent confirmed cash-out successful on terminal but I did not receive SMS confirmation.,CASH_OUT,LOW,TRANSACTION_OPERATIONS,RECEIVED,EXPLAINED,2292,0
SYN-CMP-11778,SYN-U-15494,2026-04-07T21:06:03,"Received a scam call asking for OTP, shortly after BDT 8,500 was transferred out.",FRAUD,CRITICAL,FRAUD_INVESTIGATION,RECEIVED,REVERSED,1067,0
SYN-CMP-11779,SYN-U-13946,2026-04-07T21:30:43,Need clarification on loyalty reward cashback points calculation.,OTHER,LOW,DISPUTES,RECEIVED,REVERSED,1834,0
SYN-CMP-11780,SYN-U-18322,2026-04-07T21:30:49,Cancelled e-commerce order refund amount is missing BDT 250 processing fee.,REFUND,LOW,DISPUTES,RECEIVED,REFUNDED,1893,0
SYN-CMP-11781,SYN-U-12466,2026-04-08T01:57:12,Unable to update my registered primary phone number and email in settings.,ACCOUNT,LOW,DISPUTES,RECEIVED,REFUNDED,338,0
SYN-CMP-11782,SYN-U-12446,2026-04-08T02:57:56,Want to temporarily freeze my physical card due to lost wallet.,CARD,HIGH,CARD_SERVICES,RECEIVED,IN_PROGRESS,2396,0
SYN-CMP-11783,SYN-U-15922,2026-04-08T06:47:13,My PIN was compromised and unauthorized funds were transferred to an unknown number.,FRAUD,HIGH,FRAUD_INVESTIGATION,RECEIVED,EXPLAINED,981,1
SYN-CMP-11784,SYN-U-10115,2026-04-08T08:03:22,Need clarification on loyalty reward cashback points calculation.,OTHER,LOW,DISPUTES,RECEIVED,REFUNDED,2205,0
SYN-CMP-11785,SYN-U-19465,2026-04-08T09:30:08,My account has been temporarily restricted after entering wrong PIN 3 times.,ACCOUNT,MEDIUM,DISPUTES,RECEIVED,DECLINED,1959,0
SYN-CMP-11786,SYN-U-10682,2026-04-08T09:30:15,Money was deducted from my account but the grocery merchant did not receive payment confirmation.,PAYMENT,HIGH,TRANSACTION_OPERATIONS,RECEIVED,REFUNDED,459,1
SYN-CMP-11787,SYN-U-11201,2026-04-08T10:09:36,"Unauthorized send money transaction of BDT 15,000 sent from my account at 3:00 AM.",FRAUD,CRITICAL,FRAUD_INVESTIGATION,RECEIVED,IN_PROGRESS,579,1
SYN-CMP-11788,SYN-U-12324,2026-04-08T11:48:29,"Suspicious login notification received from unfamiliar device, someone tried to cash out.",FRAUD,CRITICAL,FRAUD_INVESTIGATION,RECEIVED,REVERSED,1370,0
SYN-CMP-11789,SYN-U-19925,2026-04-08T12:12:05,"Payment to merchant showed failed on app, but BDT 1,200 deducted from my Upay balance.",PAYMENT,MEDIUM,TRANSACTION_OPERATIONS,RECEIVED,REFUNDED,1119,0
SYN-CMP-11790,SYN-U-10583,2026-04-08T15:52:53,Biometric fingerprint login is not working on my new Android device.,ACCOUNT,LOW,DISPUTES,RECEIVED,EXPLAINED,498,0
SYN-CMP-11791,SYN-U-14297,2026-04-08T16:22:56,Endorsement limit not updating after submitting updated passport copy.,CARD,LOW,CARD_SERVICES,RECEIVED,EXPLAINED,696,0
SYN-CMP-11792,SYN-U-17224,2026-04-08T17:54:35,"Fund transfer to my linked commercial bank account failed, money not credited yet.",TRANSFER,LOW,TRANSACTION_OPERATIONS,RECEIVED,IN_PROGRESS,494,0
SYN-CMP-11793,SYN-U-15466,2026-04-08T19:12:25,NID verification pending for more than 48 hours.,ACCOUNT,LOW,DISPUTES,RECEIVED,REFUNDED,470,0
SYN-CMP-11794,SYN-U-14453,2026-04-08T20:04:58,"Paid utility electricity bill through app yesterday, but bill status still shows unpaid.",PAYMENT,LOW,TRANSACTION_OPERATIONS,RECEIVED,EXPLAINED,2592,0
SYN-CMP-11795,SYN-U-10424,2026-04-08T23:13:58,E-commerce merchant payment processed twice during checkout.,PAYMENT,MEDIUM,TRANSACTION_OPERATIONS,RECEIVED,REFUNDED,695,0
SYN-CMP-11796,SYN-U-16890,2026-04-09T00:25:24,International online transaction toggle keeps turning off automatically in settings.,CARD,MEDIUM,CARD_SERVICES,RECEIVED,EXPLAINED,1980,0
SYN-CMP-11797,SYN-U-18749,2026-04-09T02:00:18,App says account dormant even though I received funds two weeks ago.,ACCOUNT,MEDIUM,DISPUTES,RECEIVED,UNBLOCK_ACCOUNT,1168,0
SYN-CMP-11798,SYN-U-11287,2026-04-09T03:43:12,Bank deposit to Upay wallet via internet banking hasn't reflected after 4 hours.,TRANSFER,LOW,TRANSACTION_OPERATIONS,RECEIVED,EXPLAINED,2599,0
SYN-CMP-11799,SYN-U-16030,2026-04-09T06:31:08,"Received a scam call asking for OTP, shortly after BDT 8,500 was transferred out.",FRAUD,HIGH,FRAUD_INVESTIGATION,RECEIVED,EXPLAINED,1472,0
SYN-CMP-11800,SYN-U-14841,2026-04-09T08:35:14,Inquiry regarding upcoming Eid merchant promo discounts.,OTHER,LOW,DISPUTES,RECEIVED,UNBLOCK_ACCOUNT,722,0
SYN-CMP-11801,SYN-U-16214,2026-04-09T08:47:50,My account has been temporarily restricted after entering wrong PIN 3 times.,ACCOUNT,LOW,DISPUTES,RECEIVED,REFUNDED,43,0
SYN-CMP-11802,SYN-U-13769,2026-04-09T08:48:20,Phishing message led to account takeover and repeated cash-out attempts.,FRAUD,HIGH,FRAUD_INVESTIGATION,RECEIVED,REFUNDED,2403,1
SYN-CMP-11803,SYN-U-14941,2026-04-09T08:48:59,My account has been temporarily restricted after entering wrong PIN 3 times.,ACCOUNT,LOW,DISPUTES,RECEIVED,REVERSED,2863,0
SYN-CMP-11804,SYN-U-13063,2026-04-09T09:15:53,E-commerce merchant payment processed twice during checkout.,PAYMENT,HIGH,TRANSACTION_OPERATIONS,RECEIVED,REFUNDED,2138,0
SYN-CMP-11805,SYN-U-11284,2026-04-09T09:23:57,"Payment to merchant showed failed on app, but BDT 1,200 deducted from my Upay balance.",PAYMENT,HIGH,TRANSACTION_OPERATIONS,RECEIVED,REFUNDED,348,0
SYN-CMP-11806,SYN-U-17639,2026-04-09T10:03:40,Unable to update my registered primary phone number and email in settings.,ACCOUNT,LOW,DISPUTES,RECEIVED,REFUNDED,286,0
SYN-CMP-11807,SYN-U-18746,2026-04-09T10:25:18,Endorsement limit not updating after submitting updated passport copy.,CARD,HIGH,CARD_SERVICES,RECEIVED,REFUNDED,490,0
SYN-CMP-11808,SYN-U-19696,2026-04-09T10:45:37,Money was deducted from my account but the grocery merchant did not receive payment confirmation.,PAYMENT,MEDIUM,TRANSACTION_OPERATIONS,RECEIVED,EXPLAINED,1812,0
SYN-CMP-11809,SYN-U-17154,2026-04-09T11:06:21,Network connection error occurred during transaction processing screen.,TECHNICAL,LOW,TECH_SUPPORT,RECEIVED,UNBLOCK_ACCOUNT,2534,0
SYN-CMP-11810,SYN-U-11783,2026-04-09T12:20:18,Duplicate payment charged for the same restaurant QR transaction.,PAYMENT,MEDIUM,TRANSACTION_OPERATIONS,RECEIVED,REVERSED,188,0
SYN-CMP-11811,SYN-U-10256,2026-04-09T13:59:57,Partial refund received instead of full transaction amount.,REFUND,LOW,DISPUTES,RECEIVED,EXPLAINED,1749,0
SYN-CMP-11812,SYN-U-19092,2026-04-09T16:16:51,Partial refund received instead of full transaction amount.,REFUND,LOW,DISPUTES,RECEIVED,DECLINED,1769,0
SYN-CMP-11813,SYN-U-13272,2026-04-09T18:06:06,E-commerce merchant payment processed twice during checkout.,PAYMENT,LOW,TRANSACTION_OPERATIONS,RECEIVED,EXPLAINED,1570,0
SYN-CMP-11814,SYN-U-14808,2026-04-09T19:50:11,Inter-wallet transfer delayed during peak evening banking clearing hour.,TRANSFER,MEDIUM,TRANSACTION_OPERATIONS,RECEIVED,IN_PROGRESS,181,0
SYN-CMP-11815,SYN-U-10765,2026-04-09T23:12:47,App says account dormant even though I received funds two weeks ago.,ACCOUNT,MEDIUM,DISPUTES,RECEIVED,IN_PROGRESS,362,0
SYN-CMP-11816,SYN-U-15138,2026-04-09T23:36:10,Biometric fingerprint login is not working on my new Android device.,ACCOUNT,LOW,DISPUTES,RECEIVED,REFUNDED,958,0
SYN-CMP-11817,SYN-U-11287,2026-04-10T00:51:17,"Paid utility electricity bill through app yesterday, but bill status still shows unpaid.",PAYMENT,LOW,TRANSACTION_OPERATIONS,RECEIVED,REFUNDED,2747,0
SYN-CMP-11818,SYN-U-12362,2026-04-10T01:24:33,International online transaction toggle keeps turning off automatically in settings.,CARD,MEDIUM,CARD_SERVICES,RECEIVED,REFUNDED,201,0
SYN-CMP-11819,SYN-U-14675,2026-04-10T01:51:33,"Payment to merchant showed failed on app, but BDT 1,200 deducted from my Upay balance.",PAYMENT,LOW,TRANSACTION_OPERATIONS,RECEIVED,REFUNDED,2879,0
SYN-CMP-11820,SYN-U-16174,2026-04-10T04:05:10,Duplicate payment charged for the same restaurant QR transaction.,PAYMENT,MEDIUM,TRANSACTION_OPERATIONS,RECEIVED,EXPLAINED,2119,0
SYN-CMP-11821,SYN-U-18300,2026-04-10T06:21:06,Inter-wallet transfer delayed during peak evening banking clearing hour.,TRANSFER,MEDIUM,TRANSACTION_OPERATIONS,RECEIVED,EXPLAINED,1946,0
SYN-CMP-11822,SYN-U-10531,2026-04-10T06:41:56,Cash-out fee charged higher than standard 1.4% rate at the agent point.,CASH_OUT,LOW,TRANSACTION_OPERATIONS,RECEIVED,EXPLAINED,2669,0
SYN-CMP-11823,SYN-U-19834,2026-04-10T11:19:43,Upay mobile app crashes immediately on splash screen after latest update.,TECHNICAL,LOW,TECH_SUPPORT,RECEIVED,EXPLAINED,41,0
SYN-CMP-11824,SYN-U-12062,2026-04-10T12:21:45,"Payment to merchant showed failed on app, but BDT 1,200 deducted from my Upay balance.",PAYMENT,LOW,TRANSACTION_OPERATIONS,RECEIVED,REFUNDED,1780,0
SYN-CMP-11825,SYN-U-19543,2026-04-10T15:05:34,Biometric fingerprint login is not working on my new Android device.,ACCOUNT,MEDIUM,DISPUTES,RECEIVED,EXPLAINED,2356,0
SYN-CMP-11826,SYN-U-19693,2026-04-10T15:36:28,Need clarification on loyalty reward cashback points calculation.,OTHER,LOW,DISPUTES,RECEIVED,REFUNDED,2116,0
SYN-CMP-11827,SYN-U-14773,2026-04-10T15:46:33,My PIN was compromised and unauthorized funds were transferred to an unknown number.,FRAUD,HIGH,FRAUD_INVESTIGATION,RECEIVED,REFUNDED,2122,1
SYN-CMP-11828,SYN-U-12593,2026-04-10T17:51:30,"Unauthorized send money transaction of BDT 15,000 sent from my account at 3:00 AM.",FRAUD,HIGH,FRAUD_INVESTIGATION,RECEIVED,EXPLAINED,1305,0
SYN-CMP-11829,SYN-U-13869,2026-04-10T18:55:28,Partial refund received instead of full transaction amount.,REFUND,MEDIUM,DISPUTES,RECEIVED,REFUNDED,1227,0
SYN-CMP-11830,SYN-U-17006,2026-04-10T19:08:43,"Payment to merchant showed failed on app, but BDT 1,200 deducted from my Upay balance.",PAYMENT,LOW,TRANSACTION_OPERATIONS,RECEIVED,EXPLAINED,1235,0
SYN-CMP-11831,SYN-U-16469,2026-04-10T20:27:51,App says account dormant even though I received funds two weeks ago.,ACCOUNT,LOW,DISPUTES,RECEIVED,UNBLOCK_ACCOUNT,2247,0
SYN-CMP-11832,SYN-U-12206,2026-04-10T21:41:47,My account has been temporarily restricted after entering wrong PIN 3 times.,ACCOUNT,LOW,DISPUTES,RECEIVED,REVERSED,1754,0
SYN-CMP-11833,SYN-U-18524,2026-04-10T22:43:09,Phishing message led to account takeover and repeated cash-out attempts.,FRAUD,CRITICAL,FRAUD_INVESTIGATION,RECEIVED,EXPLAINED,2223,1
SYN-CMP-11834,SYN-U-18701,2026-04-11T01:27:04,Network connection error occurred during transaction processing screen.,TECHNICAL,LOW,TECH_SUPPORT,RECEIVED,IN_PROGRESS,1698,0
SYN-CMP-11835,SYN-U-12843,2026-04-11T01:29:03,Money was deducted from my account but the grocery merchant did not receive payment confirmation.,PAYMENT,HIGH,TRANSACTION_OPERATIONS,RECEIVED,REFUNDED,2085,0
SYN-CMP-11836,SYN-U-15414,2026-04-11T01:50:33,Endorsement limit not updating after submitting updated passport copy.,CARD,MEDIUM,CARD_SERVICES,RECEIVED,REVERSED,1310,0
SYN-CMP-11837,SYN-U-15736,2026-04-11T03:19:00,"Accidentally transferred BDT 3,500 to a wrong mobile number.",TRANSFER,MEDIUM,TRANSACTION_OPERATIONS,RECEIVED,EXPLAINED,1381,0
SYN-CMP-11838,SYN-U-14013,2026-04-11T04:18:11,"Received a scam call asking for OTP, shortly after BDT 8,500 was transferred out.",FRAUD,HIGH,FRAUD_INVESTIGATION,RECEIVED,REVERSED,1510,0
SYN-CMP-11839,SYN-U-14375,2026-04-11T09:09:30,NID verification pending for more than 48 hours.,ACCOUNT,LOW,DISPUTES,RECEIVED,UNBLOCK_ACCOUNT,719,0
SYN-CMP-11840,SYN-U-19781,2026-04-11T12:15:38,Card charged USD 45.00 for an online software transaction that I cancelled.,CARD,MEDIUM,CARD_SERVICES,RECEIVED,IN_PROGRESS,2309,0
SYN-CMP-11841,SYN-U-11187,2026-04-11T13:40:31,Money was deducted from my account but the grocery merchant did not receive payment confirmation.,PAYMENT,MEDIUM,TRANSACTION_OPERATIONS,RECEIVED,UNBLOCK_ACCOUNT,710,0
SYN-CMP-11842,SYN-U-16541,2026-04-11T14:32:50,"Unauthorized send money transaction of BDT 15,000 sent from my account at 3:00 AM.",FRAUD,CRITICAL,FRAUD_INVESTIGATION,RECEIVED,REFUNDED,2278,1
SYN-CMP-11843,SYN-U-15450,2026-04-11T15:06:51,"Paid utility electricity bill through app yesterday, but bill status still shows unpaid.",PAYMENT,MEDIUM,TRANSACTION_OPERATIONS,RECEIVED,REFUNDED,2467,0
SYN-CMP-11844,SYN-U-19649,2026-04-11T15:09:09,My account has been temporarily restricted after entering wrong PIN 3 times.,ACCOUNT,LOW,DISPUTES,RECEIVED,REVERSED,2086,0
SYN-CMP-11845,SYN-U-13376,2026-04-11T15:10:27,"Received a scam call asking for OTP, shortly after BDT 8,500 was transferred out.",FRAUD,HIGH,FRAUD_INVESTIGATION,RECEIVED,REFUNDED,471,1
SYN-CMP-11846,SYN-U-15150,2026-04-11T16:06:50,Biometric fingerprint login is not working on my new Android device.,ACCOUNT,MEDIUM,DISPUTES,RECEIVED,EXPLAINED,2830,0
SYN-CMP-11847,SYN-U-17922,2026-04-11T18:45:48,"Suspicious login notification received from unfamiliar device, someone tried to cash out.",FRAUD,CRITICAL,FRAUD_INVESTIGATION,RECEIVED,EXPLAINED,2161,1
SYN-CMP-11848,SYN-U-14537,2026-04-11T22:18:16,NID verification pending for more than 48 hours.,ACCOUNT,MEDIUM,DISPUTES,RECEIVED,REFUNDED,27,0
SYN-CMP-11849,SYN-U-18983,2026-04-11T23:19:13,NID verification pending for more than 48 hours.,ACCOUNT,LOW,DISPUTES,RECEIVED,REFUNDED,656,0
SYN-CMP-11850,SYN-U-12056,2026-04-11T23:21:08,Partial refund received instead of full transaction amount.,REFUND,LOW,DISPUTES,RECEIVED,REVERSED,2740,0
SYN-CMP-11851,SYN-U-14108,2026-04-12T00:06:21,Cash-out fee charged higher than standard 1.4% rate at the agent point.,CASH_OUT,MEDIUM,TRANSACTION_OPERATIONS,RECEIVED,REFUNDED,1065,0
SYN-CMP-11852,SYN-U-11252,2026-04-12T00:21:46,My PIN was compromised and unauthorized funds were transferred to an unknown number.,FRAUD,CRITICAL,FRAUD_INVESTIGATION,RECEIVED,UNBLOCK_ACCOUNT,613,1
SYN-CMP-11853,SYN-U-11418,2026-04-12T01:47:22,"Payment to merchant showed failed on app, but BDT 1,200 deducted from my Upay balance.",PAYMENT,LOW,TRANSACTION_OPERATIONS,RECEIVED,EXPLAINED,1710,0
SYN-CMP-11854,SYN-U-12482,2026-04-12T01:58:54,Requesting official annual account statement for tax filing purposes.,OTHER,LOW,DISPUTES,RECEIVED,REFUNDED,366,0
SYN-CMP-11855,SYN-U-16122,2026-04-12T03:10:58,NID verification pending for more than 48 hours.,ACCOUNT,LOW,DISPUTES,RECEIVED,EXPLAINED,490,0
SYN-CMP-11856,SYN-U-12987,2026-04-12T04:21:20,"Payment to merchant showed failed on app, but BDT 1,200 deducted from my Upay balance.",PAYMENT,MEDIUM,TRANSACTION_OPERATIONS,RECEIVED,REFUNDED,2302,0
SYN-CMP-11857,SYN-U-10851,2026-04-12T05:37:18,"Paid utility electricity bill through app yesterday, but bill status still shows unpaid.",PAYMENT,MEDIUM,TRANSACTION_OPERATIONS,RECEIVED,REFUNDED,2695,0
SYN-CMP-11858,SYN-U-18762,2026-04-12T07:17:17,"Received a scam call asking for OTP, shortly after BDT 8,500 was transferred out.",FRAUD,CRITICAL,FRAUD_INVESTIGATION,RECEIVED,EXPLAINED,1364,1
SYN-CMP-11859,SYN-U-15020,2026-04-12T07:20:01,Duplicate payment charged for the same restaurant QR transaction.,PAYMENT,HIGH,TRANSACTION_OPERATIONS,RECEIVED,IN_PROGRESS,567,0
SYN-CMP-11860,SYN-U-10243,2026-04-12T13:37:49,International online transaction toggle keeps turning off automatically in settings.,CARD,HIGH,CARD_SERVICES,RECEIVED,EXPLAINED,2011,0
SYN-CMP-11861,SYN-U-19653,2026-04-12T15:15:24,Agent deducted fee but the cash-out transaction timed out without dispensing cash.,CASH_OUT,LOW,TRANSACTION_OPERATIONS,RECEIVED,EXPLAINED,2621,0
SYN-CMP-11862,SYN-U-12751,2026-04-12T16:58:18,International online transaction toggle keeps turning off automatically in settings.,CARD,LOW,CARD_SERVICES,RECEIVED,REVERSED,635,0
SYN-CMP-11863,SYN-U-15236,2026-04-12T17:33:49,My PIN was compromised and unauthorized funds were transferred to an unknown number.,FRAUD,CRITICAL,FRAUD_INVESTIGATION,RECEIVED,EXPLAINED,1174,1
SYN-CMP-11864,SYN-U-18429,2026-04-12T19:33:33,"Unauthorized send money transaction of BDT 15,000 sent from my account at 3:00 AM.",FRAUD,CRITICAL,FRAUD_INVESTIGATION,RECEIVED,REFUNDED,2476,1
SYN-CMP-11865,SYN-U-11174,2026-04-12T22:23:32,"Fund transfer to my linked commercial bank account failed, money not credited yet.",TRANSFER,LOW,TRANSACTION_OPERATIONS,RECEIVED,IN_PROGRESS,2548,0
SYN-CMP-11866,SYN-U-16657,2026-04-12T23:03:13,Duplicate payment charged for the same restaurant QR transaction.,PAYMENT,HIGH,TRANSACTION_OPERATIONS,RECEIVED,REFUNDED,709,1
SYN-CMP-11867,SYN-U-18778,2026-04-12T23:20:26,"Suspicious login notification received from unfamiliar device, someone tried to cash out.",FRAUD,CRITICAL,FRAUD_INVESTIGATION,RECEIVED,EXPLAINED,2543,1
SYN-CMP-11868,SYN-U-18838,2026-04-12T23:35:30,Duplicate payment charged for the same restaurant QR transaction.,PAYMENT,LOW,TRANSACTION_OPERATIONS,RECEIVED,EXPLAINED,2418,0
SYN-CMP-11869,SYN-U-17826,2026-04-12T23:50:40,Agent confirmed cash-out successful on terminal but I did not receive SMS confirmation.,CASH_OUT,LOW,TRANSACTION_OPERATIONS,RECEIVED,REVERSED,2574,0
SYN-CMP-11870,SYN-U-14518,2026-04-13T08:25:24,Inquiry regarding upcoming Eid merchant promo discounts.,OTHER,LOW,DISPUTES,RECEIVED,EXPLAINED,2025,0
SYN-CMP-11871,SYN-U-15900,2026-04-13T09:29:16,My PIN was compromised and unauthorized funds were transferred to an unknown number.,FRAUD,HIGH,FRAUD_INVESTIGATION,RECEIVED,REFUNDED,306,1
SYN-CMP-11872,SYN-U-10958,2026-04-13T09:43:36,My account has been temporarily restricted after entering wrong PIN 3 times.,ACCOUNT,LOW,DISPUTES,RECEIVED,EXPLAINED,848,0
SYN-CMP-11873,SYN-U-10748,2026-04-13T09:44:33,Card charged USD 45.00 for an online software transaction that I cancelled.,CARD,MEDIUM,CARD_SERVICES,RECEIVED,UNBLOCK_ACCOUNT,430,0
SYN-CMP-11874,SYN-U-17258,2026-04-13T10:15:38,E-commerce merchant payment processed twice during checkout.,PAYMENT,LOW,TRANSACTION_OPERATIONS,RECEIVED,REFUNDED,109,0
SYN-CMP-11875,SYN-U-10566,2026-04-13T11:42:12,E-commerce merchant payment processed twice during checkout.,PAYMENT,MEDIUM,TRANSACTION_OPERATIONS,RECEIVED,EXPLAINED,2739,0
SYN-CMP-11876,SYN-U-16606,2026-04-13T12:19:57,Endorsement limit not updating after submitting updated passport copy.,CARD,HIGH,CARD_SERVICES,RECEIVED,REVERSED,821,0
SYN-CMP-11877,SYN-U-13779,2026-04-13T12:46:27,"Payment to merchant showed failed on app, but BDT 1,200 deducted from my Upay balance.",PAYMENT,LOW,TRANSACTION_OPERATIONS,RECEIVED,EXPLAINED,1050,0
SYN-CMP-11878,SYN-U-11929,2026-04-13T13:31:16,Duplicate payment charged for the same restaurant QR transaction.,PAYMENT,HIGH,TRANSACTION_OPERATIONS,RECEIVED,REFUNDED,1257,0
SYN-CMP-11879,SYN-U-11238,2026-04-13T13:47:06,Upay mobile app crashes immediately on splash screen after latest update.,TECHNICAL,LOW,TECH_SUPPORT,RECEIVED,REFUNDED,117,0
SYN-CMP-11880,SYN-U-11353,2026-04-13T14:36:22,Money was deducted from my account but the grocery merchant did not receive payment confirmation.,PAYMENT,HIGH,TRANSACTION_OPERATIONS,RECEIVED,REFUNDED,2506,1
SYN-CMP-11881,SYN-U-17042,2026-04-13T15:55:55,"Unauthorized send money transaction of BDT 15,000 sent from my account at 3:00 AM.",FRAUD,CRITICAL,FRAUD_INVESTIGATION,RECEIVED,EXPLAINED,1646,1
SYN-CMP-11882,SYN-U-19879,2026-04-13T16:41:28,Cash-out fee charged higher than standard 1.4% rate at the agent point.,CASH_OUT,MEDIUM,TRANSACTION_OPERATIONS,RECEIVED,REFUNDED,1724,0
SYN-CMP-11883,SYN-U-14294,2026-04-13T19:16:46,"Unauthorized send money transaction of BDT 15,000 sent from my account at 3:00 AM.",FRAUD,CRITICAL,FRAUD_INVESTIGATION,RECEIVED,IN_PROGRESS,2053,1
SYN-CMP-11884,SYN-U-12238,2026-04-13T20:21:50,E-commerce merchant payment processed twice during checkout.,PAYMENT,MEDIUM,TRANSACTION_OPERATIONS,RECEIVED,DECLINED,1897,0
SYN-CMP-11885,SYN-U-18809,2026-04-13T20:22:33,Requesting official annual account statement for tax filing purposes.,OTHER,LOW,DISPUTES,RECEIVED,DECLINED,2332,0
SYN-CMP-11886,SYN-U-19216,2026-04-13T21:48:40,E-commerce merchant payment processed twice during checkout.,PAYMENT,MEDIUM,TRANSACTION_OPERATIONS,RECEIVED,EXPLAINED,1442,0
SYN-CMP-11887,SYN-U-18289,2026-04-13T21:56:02,"Accidentally transferred BDT 3,500 to a wrong mobile number.",TRANSFER,MEDIUM,TRANSACTION_OPERATIONS,RECEIVED,REFUNDED,1067,0
SYN-CMP-11888,SYN-U-11766,2026-04-13T22:03:46,Money was deducted from my account but the grocery merchant did not receive payment confirmation.,PAYMENT,HIGH,TRANSACTION_OPERATIONS,RECEIVED,EXPLAINED,461,0
SYN-CMP-11889,SYN-U-13028,2026-04-13T23:20:05,"Suspicious login notification received from unfamiliar device, someone tried to cash out.",FRAUD,HIGH,FRAUD_INVESTIGATION,RECEIVED,EXPLAINED,769,0
SYN-CMP-11890,SYN-U-12642,2026-04-14T01:57:10,Card charged USD 45.00 for an online software transaction that I cancelled.,CARD,LOW,CARD_SERVICES,RECEIVED,REFUNDED,1824,0
SYN-CMP-11891,SYN-U-18170,2026-04-14T03:07:22,Phishing message led to account takeover and repeated cash-out attempts.,FRAUD,HIGH,FRAUD_INVESTIGATION,RECEIVED,UNBLOCK_ACCOUNT,1210,0
SYN-CMP-11892,SYN-U-17478,2026-04-14T04:00:38,"Merchant initiated refund 5 business days ago, but balance is not credited.",REFUND,LOW,DISPUTES,RECEIVED,REFUNDED,2533,0
SYN-CMP-11893,SYN-U-10959,2026-04-14T04:30:33,Network connection error occurred during transaction processing screen.,TECHNICAL,LOW,TECH_SUPPORT,RECEIVED,REFUNDED,905,0
SYN-CMP-11894,SYN-U-15709,2026-04-14T05:09:24,App says account dormant even though I received funds two weeks ago.,ACCOUNT,MEDIUM,DISPUTES,RECEIVED,UNBLOCK_ACCOUNT,2081,0
SYN-CMP-11895,SYN-U-10760,2026-04-14T06:44:47,Phishing message led to account takeover and repeated cash-out attempts.,FRAUD,HIGH,FRAUD_INVESTIGATION,RECEIVED,EXPLAINED,2153,1
SYN-CMP-11896,SYN-U-15292,2026-04-14T10:04:28,Cash-out fee charged higher than standard 1.4% rate at the agent point.,CASH_OUT,LOW,TRANSACTION_OPERATIONS,RECEIVED,REFUNDED,878,0
SYN-CMP-11897,SYN-U-16605,2026-04-14T11:36:33,Upay mobile app crashes immediately on splash screen after latest update.,TECHNICAL,LOW,TECH_SUPPORT,RECEIVED,REFUNDED,771,0
SYN-CMP-11898,SYN-U-19704,2026-04-14T11:45:02,"Received a scam call asking for OTP, shortly after BDT 8,500 was transferred out.",FRAUD,CRITICAL,FRAUD_INVESTIGATION,RECEIVED,IN_PROGRESS,431,0
SYN-CMP-11899,SYN-U-19860,2026-04-14T12:54:27,Partial refund received instead of full transaction amount.,REFUND,MEDIUM,DISPUTES,RECEIVED,EXPLAINED,217,0
SYN-CMP-11900,SYN-U-18849,2026-04-14T14:13:54,Agent confirmed cash-out successful on terminal but I did not receive SMS confirmation.,CASH_OUT,LOW,TRANSACTION_OPERATIONS,RECEIVED,DECLINED,1064,0
SYN-CMP-11901,SYN-U-13487,2026-04-14T16:04:28,"Merchant initiated refund 5 business days ago, but balance is not credited.",REFUND,MEDIUM,DISPUTES,RECEIVED,UNBLOCK_ACCOUNT,2457,0
SYN-CMP-11902,SYN-U-17828,2026-04-14T16:15:34,Endorsement limit not updating after submitting updated passport copy.,CARD,MEDIUM,CARD_SERVICES,RECEIVED,UNBLOCK_ACCOUNT,842,0
SYN-CMP-11903,SYN-U-18283,2026-04-14T17:23:36,Phishing message led to account takeover and repeated cash-out attempts.,FRAUD,CRITICAL,FRAUD_INVESTIGATION,RECEIVED,IN_PROGRESS,1839,0
SYN-CMP-11904,SYN-U-10683,2026-04-14T17:39:58,SMS OTP is taking over 5 minutes to arrive during login attempt.,TECHNICAL,LOW,TECH_SUPPORT,RECEIVED,DECLINED,1394,0
SYN-CMP-11905,SYN-U-13658,2026-04-14T18:22:24,"Payment to merchant showed failed on app, but BDT 1,200 deducted from my Upay balance.",PAYMENT,LOW,TRANSACTION_OPERATIONS,RECEIVED,UNBLOCK_ACCOUNT,2723,0
SYN-CMP-11906,SYN-U-16761,2026-04-14T21:57:09,Inter-wallet transfer delayed during peak evening banking clearing hour.,TRANSFER,LOW,TRANSACTION_OPERATIONS,RECEIVED,DECLINED,1863,0
SYN-CMP-11907,SYN-U-13913,2026-04-14T23:16:19,Requesting official annual account statement for tax filing purposes.,OTHER,LOW,DISPUTES,RECEIVED,EXPLAINED,2682,0
SYN-CMP-11908,SYN-U-13164,2026-04-14T23:57:34,Phishing message led to account takeover and repeated cash-out attempts.,FRAUD,CRITICAL,FRAUD_INVESTIGATION,RECEIVED,EXPLAINED,1773,1
SYN-CMP-11909,SYN-U-19215,2026-04-15T00:40:30,Phishing message led to account takeover and repeated cash-out attempts.,FRAUD,CRITICAL,FRAUD_INVESTIGATION,RECEIVED,UNBLOCK_ACCOUNT,2734,0
SYN-CMP-11910,SYN-U-11311,2026-04-15T03:15:57,"Paid utility electricity bill through app yesterday, but bill status still shows unpaid.",PAYMENT,HIGH,TRANSACTION_OPERATIONS,RECEIVED,REVERSED,2178,0
SYN-CMP-11911,SYN-U-17513,2026-04-15T03:51:59,"Paid utility electricity bill through app yesterday, but bill status still shows unpaid.",PAYMENT,LOW,TRANSACTION_OPERATIONS,RECEIVED,REFUNDED,2832,0
SYN-CMP-11912,SYN-U-13928,2026-04-15T05:38:08,Money was deducted from my account but the grocery merchant did not receive payment confirmation.,PAYMENT,LOW,TRANSACTION_OPERATIONS,RECEIVED,EXPLAINED,676,0
SYN-CMP-11913,SYN-U-11141,2026-04-15T06:48:27,Duplicate payment charged for the same restaurant QR transaction.,PAYMENT,MEDIUM,TRANSACTION_OPERATIONS,RECEIVED,REFUNDED,600,0
SYN-CMP-11914,SYN-U-12293,2026-04-15T08:14:34,Cancelled e-commerce order refund amount is missing BDT 250 processing fee.,REFUND,LOW,DISPUTES,RECEIVED,REVERSED,313,0
SYN-CMP-11915,SYN-U-18140,2026-04-15T08:32:58,Money was deducted from my account but the grocery merchant did not receive payment confirmation.,PAYMENT,MEDIUM,TRANSACTION_OPERATIONS,RECEIVED,IN_PROGRESS,481,0
SYN-CMP-11916,SYN-U-18858,2026-04-15T09:07:04,"Received a scam call asking for OTP, shortly after BDT 8,500 was transferred out.",FRAUD,CRITICAL,FRAUD_INVESTIGATION,RECEIVED,REFUNDED,2621,1
SYN-CMP-11917,SYN-U-14821,2026-04-15T09:14:23,"Unauthorized send money transaction of BDT 15,000 sent from my account at 3:00 AM.",FRAUD,CRITICAL,FRAUD_INVESTIGATION,RECEIVED,EXPLAINED,825,0
SYN-CMP-11918,SYN-U-15635,2026-04-15T09:48:44,Endorsement limit not updating after submitting updated passport copy.,CARD,MEDIUM,CARD_SERVICES,RECEIVED,IN_PROGRESS,219,0
SYN-CMP-11919,SYN-U-18768,2026-04-15T10:28:22,Agent confirmed cash-out successful on terminal but I did not receive SMS confirmation.,CASH_OUT,LOW,TRANSACTION_OPERATIONS,RECEIVED,REVERSED,1640,0
SYN-CMP-11920,SYN-U-14062,2026-04-15T11:18:08,Duplicate payment charged for the same restaurant QR transaction.,PAYMENT,MEDIUM,TRANSACTION_OPERATIONS,RECEIVED,EXPLAINED,901,0
SYN-CMP-11921,SYN-U-10308,2026-04-15T15:13:35,"Unauthorized send money transaction of BDT 15,000 sent from my account at 3:00 AM.",FRAUD,CRITICAL,FRAUD_INVESTIGATION,RECEIVED,REFUNDED,1411,1
SYN-CMP-11922,SYN-U-14827,2026-04-15T18:08:08,App says account dormant even though I received funds two weeks ago.,ACCOUNT,MEDIUM,DISPUTES,RECEIVED,IN_PROGRESS,1670,0
SYN-CMP-11923,SYN-U-10103,2026-04-15T18:30:05,Bank deposit to Upay wallet via internet banking hasn't reflected after 4 hours.,TRANSFER,LOW,TRANSACTION_OPERATIONS,RECEIVED,REFUNDED,2366,0
SYN-CMP-11924,SYN-U-13274,2026-04-15T18:32:28,"Payment to merchant showed failed on app, but BDT 1,200 deducted from my Upay balance.",PAYMENT,HIGH,TRANSACTION_OPERATIONS,RECEIVED,EXPLAINED,677,0
SYN-CMP-11925,SYN-U-15351,2026-04-15T19:48:34,"Paid utility electricity bill through app yesterday, but bill status still shows unpaid.",PAYMENT,HIGH,TRANSACTION_OPERATIONS,RECEIVED,EXPLAINED,1414,0
SYN-CMP-11926,SYN-U-12394,2026-04-15T19:58:56,Money was deducted from my account but the grocery merchant did not receive payment confirmation.,PAYMENT,MEDIUM,TRANSACTION_OPERATIONS,RECEIVED,IN_PROGRESS,2472,0
SYN-CMP-11927,SYN-U-16080,2026-04-16T00:47:42,"Paid utility electricity bill through app yesterday, but bill status still shows unpaid.",PAYMENT,HIGH,TRANSACTION_OPERATIONS,RECEIVED,IN_PROGRESS,383,1
SYN-CMP-11928,SYN-U-17498,2026-04-16T04:06:56,"Merchant initiated refund 5 business days ago, but balance is not credited.",REFUND,LOW,DISPUTES,RECEIVED,UNBLOCK_ACCOUNT,2581,0
SYN-CMP-11929,SYN-U-11500,2026-04-16T04:22:58,Partial refund received instead of full transaction amount.,REFUND,LOW,DISPUTES,RECEIVED,UNBLOCK_ACCOUNT,2706,0
SYN-CMP-11930,SYN-U-18763,2026-04-16T05:30:27,My virtual dual-currency card was declined while making an international subscription payment.,CARD,MEDIUM,CARD_SERVICES,RECEIVED,REVERSED,2516,0
SYN-CMP-11931,SYN-U-15356,2026-04-16T05:36:25,My virtual dual-currency card was declined while making an international subscription payment.,CARD,MEDIUM,CARD_SERVICES,RECEIVED,REFUNDED,216,0
SYN-CMP-11932,SYN-U-19897,2026-04-16T08:15:39,Duplicate payment charged for the same restaurant QR transaction.,PAYMENT,MEDIUM,TRANSACTION_OPERATIONS,RECEIVED,REFUNDED,517,0
SYN-CMP-11933,SYN-U-11100,2026-04-16T09:02:37,Upay mobile app crashes immediately on splash screen after latest update.,TECHNICAL,LOW,TECH_SUPPORT,RECEIVED,EXPLAINED,1518,0
SYN-CMP-11934,SYN-U-12232,2026-04-16T09:39:24,E-commerce merchant payment processed twice during checkout.,PAYMENT,MEDIUM,TRANSACTION_OPERATIONS,RECEIVED,IN_PROGRESS,1126,0
SYN-CMP-11935,SYN-U-16872,2026-04-16T09:50:37,"Failed cash out attempt at agent, but funds debited from balance.",CASH_OUT,LOW,TRANSACTION_OPERATIONS,RECEIVED,IN_PROGRESS,2575,0
SYN-CMP-11936,SYN-U-10925,2026-04-16T10:27:47,"Paid utility electricity bill through app yesterday, but bill status still shows unpaid.",PAYMENT,HIGH,TRANSACTION_OPERATIONS,RECEIVED,EXPLAINED,2381,0
SYN-CMP-11937,SYN-U-19132,2026-04-16T15:40:13,Unable to update my registered primary phone number and email in settings.,ACCOUNT,LOW,DISPUTES,RECEIVED,IN_PROGRESS,1276,0
SYN-CMP-11938,SYN-U-10135,2026-04-16T18:28:54,Biometric fingerprint login is not working on my new Android device.,ACCOUNT,MEDIUM,DISPUTES,RECEIVED,REFUNDED,108,0
SYN-CMP-11939,SYN-U-15719,2026-04-16T19:51:51,"Suspicious login notification received from unfamiliar device, someone tried to cash out.",FRAUD,HIGH,FRAUD_INVESTIGATION,RECEIVED,REFUNDED,2722,1
SYN-CMP-11940,SYN-U-13623,2026-04-16T20:11:21,Money was deducted from my account but the grocery merchant did not receive payment confirmation.,PAYMENT,MEDIUM,TRANSACTION_OPERATIONS,RECEIVED,EXPLAINED,1260,0
SYN-CMP-11941,SYN-U-15597,2026-04-16T22:37:49,My PIN was compromised and unauthorized funds were transferred to an unknown number.,FRAUD,CRITICAL,FRAUD_INVESTIGATION,RECEIVED,REVERSED,1467,0
SYN-CMP-11942,SYN-U-18474,2026-04-16T23:26:54,"Fund transfer to my linked commercial bank account failed, money not credited yet.",TRANSFER,MEDIUM,TRANSACTION_OPERATIONS,RECEIVED,UNBLOCK_ACCOUNT,328,0
SYN-CMP-11943,SYN-U-12524,2026-04-17T02:37:54,Network connection error occurred during transaction processing screen.,TECHNICAL,LOW,TECH_SUPPORT,RECEIVED,EXPLAINED,489,0
SYN-CMP-11944,SYN-U-10487,2026-04-17T05:12:22,My PIN was compromised and unauthorized funds were transferred to an unknown number.,FRAUD,CRITICAL,FRAUD_INVESTIGATION,RECEIVED,EXPLAINED,790,0
SYN-CMP-11945,SYN-U-19387,2026-04-17T05:58:02,My PIN was compromised and unauthorized funds were transferred to an unknown number.,FRAUD,HIGH,FRAUD_INVESTIGATION,RECEIVED,EXPLAINED,2572,0
SYN-CMP-11946,SYN-U-18539,2026-04-17T06:07:21,My account has been temporarily restricted after entering wrong PIN 3 times.,ACCOUNT,MEDIUM,DISPUTES,RECEIVED,DECLINED,532,0
SYN-CMP-11947,SYN-U-16534,2026-04-17T08:46:54,Money was deducted from my account but the grocery merchant did not receive payment confirmation.,PAYMENT,MEDIUM,TRANSACTION_OPERATIONS,RECEIVED,REFUNDED,1888,0
SYN-CMP-11948,SYN-U-10867,2026-04-17T10:25:00,"Suspicious login notification received from unfamiliar device, someone tried to cash out.",FRAUD,CRITICAL,FRAUD_INVESTIGATION,RECEIVED,EXPLAINED,2345,1
SYN-CMP-11949,SYN-U-13709,2026-04-17T12:23:18,Upay mobile app crashes immediately on splash screen after latest update.,TECHNICAL,LOW,TECH_SUPPORT,RECEIVED,IN_PROGRESS,932,0
SYN-CMP-11950,SYN-U-12019,2026-04-17T15:06:19,Inter-wallet transfer delayed during peak evening banking clearing hour.,TRANSFER,LOW,TRANSACTION_OPERATIONS,RECEIVED,EXPLAINED,2113,0
SYN-CMP-11951,SYN-U-17357,2026-04-17T16:09:06,Biometric fingerprint login is not working on my new Android device.,ACCOUNT,LOW,DISPUTES,RECEIVED,REVERSED,2422,0
SYN-CMP-11952,SYN-U-16934,2026-04-17T17:28:37,Card charged USD 45.00 for an online software transaction that I cancelled.,CARD,HIGH,CARD_SERVICES,RECEIVED,EXPLAINED,100,1
SYN-CMP-11953,SYN-U-16701,2026-04-17T19:10:35,Agent confirmed cash-out successful on terminal but I did not receive SMS confirmation.,CASH_OUT,LOW,TRANSACTION_OPERATIONS,RECEIVED,REVERSED,1552,0
SYN-CMP-11954,SYN-U-18013,2026-04-17T19:11:22,Bank deposit to Upay wallet via internet banking hasn't reflected after 4 hours.,TRANSFER,MEDIUM,TRANSACTION_OPERATIONS,RECEIVED,EXPLAINED,2014,0
SYN-CMP-11955,SYN-U-11983,2026-04-17T21:31:34,"Suspicious login notification received from unfamiliar device, someone tried to cash out.",FRAUD,CRITICAL,FRAUD_INVESTIGATION,RECEIVED,REFUNDED,1028,1
SYN-CMP-11956,SYN-U-11528,2026-04-17T21:41:57,Cancelled e-commerce order refund amount is missing BDT 250 processing fee.,REFUND,LOW,DISPUTES,RECEIVED,UNBLOCK_ACCOUNT,1738,0
SYN-CMP-11957,SYN-U-19413,2026-04-17T23:40:32,"Accidentally transferred BDT 3,500 to a wrong mobile number.",TRANSFER,MEDIUM,TRANSACTION_OPERATIONS,RECEIVED,REFUNDED,550,0
SYN-CMP-11958,SYN-U-18418,2026-04-18T00:07:21,SMS OTP is taking over 5 minutes to arrive during login attempt.,TECHNICAL,LOW,TECH_SUPPORT,RECEIVED,DECLINED,2785,0
SYN-CMP-11959,SYN-U-16393,2026-04-18T03:25:16,Partial refund received instead of full transaction amount.,REFUND,LOW,DISPUTES,RECEIVED,EXPLAINED,1684,0
SYN-CMP-11960,SYN-U-19093,2026-04-18T10:22:50,International online transaction toggle keeps turning off automatically in settings.,CARD,LOW,CARD_SERVICES,RECEIVED,IN_PROGRESS,1730,0
SYN-CMP-11961,SYN-U-11967,2026-04-18T11:11:06,"Paid utility electricity bill through app yesterday, but bill status still shows unpaid.",PAYMENT,MEDIUM,TRANSACTION_OPERATIONS,RECEIVED,EXPLAINED,256,0
SYN-CMP-11962,SYN-U-12763,2026-04-18T11:56:34,Requesting official annual account statement for tax filing purposes.,OTHER,MEDIUM,DISPUTES,RECEIVED,EXPLAINED,2748,0
SYN-CMP-11963,SYN-U-13763,2026-04-18T12:19:49,Agent deducted fee but the cash-out transaction timed out without dispensing cash.,CASH_OUT,MEDIUM,TRANSACTION_OPERATIONS,RECEIVED,IN_PROGRESS,1506,0
SYN-CMP-11964,SYN-U-16338,2026-04-18T12:33:19,App says account dormant even though I received funds two weeks ago.,ACCOUNT,LOW,DISPUTES,RECEIVED,REFUNDED,2302,0
SYN-CMP-11965,SYN-U-18969,2026-04-18T13:57:36,E-commerce merchant payment processed twice during checkout.,PAYMENT,MEDIUM,TRANSACTION_OPERATIONS,RECEIVED,UNBLOCK_ACCOUNT,2627,0
SYN-CMP-11966,SYN-U-17703,2026-04-18T15:17:55,Requesting official annual account statement for tax filing purposes.,OTHER,LOW,DISPUTES,RECEIVED,EXPLAINED,2104,0
SYN-CMP-11967,SYN-U-14553,2026-04-18T17:30:30,E-commerce merchant payment processed twice during checkout.,PAYMENT,MEDIUM,TRANSACTION_OPERATIONS,RECEIVED,REVERSED,855,0
SYN-CMP-11968,SYN-U-17185,2026-04-18T18:51:09,Biometric fingerprint login is not working on my new Android device.,ACCOUNT,LOW,DISPUTES,RECEIVED,IN_PROGRESS,847,0
SYN-CMP-11969,SYN-U-16014,2026-04-18T19:32:13,My PIN was compromised and unauthorized funds were transferred to an unknown number.,FRAUD,CRITICAL,FRAUD_INVESTIGATION,RECEIVED,UNBLOCK_ACCOUNT,2376,0
SYN-CMP-11970,SYN-U-19520,2026-04-18T23:17:39,Want to temporarily freeze my physical card due to lost wallet.,CARD,HIGH,CARD_SERVICES,RECEIVED,IN_PROGRESS,2391,0
SYN-CMP-11971,SYN-U-16923,2026-04-19T01:56:24,"Fund transfer to my linked commercial bank account failed, money not credited yet.",TRANSFER,LOW,TRANSACTION_OPERATIONS,RECEIVED,UNBLOCK_ACCOUNT,1772,0
SYN-CMP-11972,SYN-U-10828,2026-04-19T02:35:14,Money was deducted from my account but the grocery merchant did not receive payment confirmation.,PAYMENT,MEDIUM,TRANSACTION_OPERATIONS,RECEIVED,REFUNDED,1926,0
SYN-CMP-11973,SYN-U-16666,2026-04-19T05:30:47,Agent deducted fee but the cash-out transaction timed out without dispensing cash.,CASH_OUT,LOW,TRANSACTION_OPERATIONS,RECEIVED,EXPLAINED,2467,0
SYN-CMP-11974,SYN-U-11005,2026-04-19T07:05:33,"Payment to merchant showed failed on app, but BDT 1,200 deducted from my Upay balance.",PAYMENT,MEDIUM,TRANSACTION_OPERATIONS,RECEIVED,UNBLOCK_ACCOUNT,2206,0
SYN-CMP-11975,SYN-U-14654,2026-04-19T08:27:38,Partial refund received instead of full transaction amount.,REFUND,LOW,DISPUTES,RECEIVED,EXPLAINED,1059,0
SYN-CMP-11976,SYN-U-12508,2026-04-19T09:03:26,Endorsement limit not updating after submitting updated passport copy.,CARD,MEDIUM,CARD_SERVICES,RECEIVED,EXPLAINED,2878,0
SYN-CMP-11977,SYN-U-15941,2026-04-19T11:05:52,Endorsement limit not updating after submitting updated passport copy.,CARD,HIGH,CARD_SERVICES,RECEIVED,REFUNDED,2203,0
SYN-CMP-11978,SYN-U-14050,2026-04-19T14:46:45,"Unauthorized send money transaction of BDT 15,000 sent from my account at 3:00 AM.",FRAUD,HIGH,FRAUD_INVESTIGATION,RECEIVED,EXPLAINED,53,0
SYN-CMP-11979,SYN-U-19108,2026-04-19T15:42:07,Partial refund received instead of full transaction amount.,REFUND,LOW,DISPUTES,RECEIVED,EXPLAINED,39,0
SYN-CMP-11980,SYN-U-19043,2026-04-19T17:51:47,My PIN was compromised and unauthorized funds were transferred to an unknown number.,FRAUD,CRITICAL,FRAUD_INVESTIGATION,RECEIVED,UNBLOCK_ACCOUNT,905,1
SYN-CMP-11981,SYN-U-10728,2026-04-19T18:06:14,"Merchant initiated refund 5 business days ago, but balance is not credited.",REFUND,MEDIUM,DISPUTES,RECEIVED,REVERSED,2599,0
SYN-CMP-11982,SYN-U-19474,2026-04-19T18:54:45,International online transaction toggle keeps turning off automatically in settings.,CARD,MEDIUM,CARD_SERVICES,RECEIVED,IN_PROGRESS,2324,0
SYN-CMP-11983,SYN-U-18564,2026-04-19T19:05:39,Unable to update my registered primary phone number and email in settings.,ACCOUNT,LOW,DISPUTES,RECEIVED,DECLINED,280,0
SYN-CMP-11984,SYN-U-11944,2026-04-19T19:55:59,My virtual dual-currency card was declined while making an international subscription payment.,CARD,MEDIUM,CARD_SERVICES,RECEIVED,REVERSED,1645,0
SYN-CMP-11985,SYN-U-12193,2026-04-19T20:03:11,Money was deducted from my account but the grocery merchant did not receive payment confirmation.,PAYMENT,MEDIUM,TRANSACTION_OPERATIONS,RECEIVED,EXPLAINED,1571,0
SYN-CMP-11986,SYN-U-14397,2026-04-19T21:49:57,Biometric fingerprint login is not working on my new Android device.,ACCOUNT,LOW,DISPUTES,RECEIVED,IN_PROGRESS,1360,0
SYN-CMP-11987,SYN-U-10273,2026-04-20T00:02:31,SMS OTP is taking over 5 minutes to arrive during login attempt.,TECHNICAL,LOW,TECH_SUPPORT,RECEIVED,UNBLOCK_ACCOUNT,1776,0
SYN-CMP-11988,SYN-U-19424,2026-04-20T02:41:22,"Accidentally transferred BDT 3,500 to a wrong mobile number.",TRANSFER,LOW,TRANSACTION_OPERATIONS,RECEIVED,REVERSED,41,0
SYN-CMP-11989,SYN-U-19481,2026-04-20T03:05:08,"Unauthorized send money transaction of BDT 15,000 sent from my account at 3:00 AM.",FRAUD,CRITICAL,FRAUD_INVESTIGATION,RECEIVED,REFUNDED,2074,1
SYN-CMP-11990,SYN-U-11196,2026-04-20T03:59:19,"Accidentally transferred BDT 3,500 to a wrong mobile number.",TRANSFER,LOW,TRANSACTION_OPERATIONS,RECEIVED,REFUNDED,1157,0
SYN-CMP-11991,SYN-U-13205,2026-04-20T07:54:49,E-commerce merchant payment processed twice during checkout.,PAYMENT,MEDIUM,TRANSACTION_OPERATIONS,RECEIVED,IN_PROGRESS,1667,0
SYN-CMP-11992,SYN-U-16360,2026-04-20T09:56:35,Agent confirmed cash-out successful on terminal but I did not receive SMS confirmation.,CASH_OUT,LOW,TRANSACTION_OPERATIONS,RECEIVED,EXPLAINED,80,0
SYN-CMP-11993,SYN-U-15677,2026-04-20T11:43:14,App says account dormant even though I received funds two weeks ago.,ACCOUNT,LOW,DISPUTES,RECEIVED,IN_PROGRESS,1157,0
SYN-CMP-11994,SYN-U-13219,2026-04-20T12:13:38,NID verification pending for more than 48 hours.,ACCOUNT,LOW,DISPUTES,RECEIVED,REFUNDED,1634,0
SYN-CMP-11995,SYN-U-11314,2026-04-20T14:53:29,My virtual dual-currency card was declined while making an international subscription payment.,CARD,MEDIUM,CARD_SERVICES,RECEIVED,REFUNDED,1465,0
SYN-CMP-11996,SYN-U-19067,2026-04-20T17:26:46,My account has been temporarily restricted after entering wrong PIN 3 times.,ACCOUNT,LOW,DISPUTES,RECEIVED,REVERSED,989,0
SYN-CMP-11997,SYN-U-16541,2026-04-20T17:37:29,My PIN was compromised and unauthorized funds were transferred to an unknown number.,FRAUD,CRITICAL,FRAUD_INVESTIGATION,RECEIVED,EXPLAINED,2436,0
SYN-CMP-11998,SYN-U-10269,2026-04-20T17:42:02,Unable to update my registered primary phone number and email in settings.,ACCOUNT,LOW,DISPUTES,RECEIVED,UNBLOCK_ACCOUNT,1518,0
SYN-CMP-11999,SYN-U-14386,2026-04-20T18:49:55,Unable to update my registered primary phone number and email in settings.,ACCOUNT,LOW,DISPUTES,RECEIVED,EXPLAINED,2134,0
SYN-CMP-12000,SYN-U-15511,2026-04-20T19:53:49,NID verification pending for more than 48 hours.,ACCOUNT,LOW,DISPUTES,RECEIVED,REFUNDED,2818,0
SYN-CMP-12001,SYN-U-17112,2026-04-20T20:31:32,Duplicate payment charged for the same restaurant QR transaction.,PAYMENT,HIGH,TRANSACTION_OPERATIONS,RECEIVED,REFUNDED,2309,0
SYN-CMP-12002,SYN-U-10745,2026-04-20T20:45:56,"Suspicious login notification received from unfamiliar device, someone tried to cash out.",FRAUD,CRITICAL,FRAUD_INVESTIGATION,RECEIVED,REVERSED,1924,1
SYN-CMP-12003,SYN-U-15751,2026-04-20T21:09:31,"Payment to merchant showed failed on app, but BDT 1,200 deducted from my Upay balance.",PAYMENT,HIGH,TRANSACTION_OPERATIONS,RECEIVED,EXPLAINED,881,0
SYN-CMP-12004,SYN-U-19642,2026-04-20T21:45:34,Network connection error occurred during transaction processing screen.,TECHNICAL,LOW,TECH_SUPPORT,RECEIVED,REFUNDED,1161,0
SYN-CMP-12005,SYN-U-10005,2026-04-20T22:28:06,"Paid utility electricity bill through app yesterday, but bill status still shows unpaid.",PAYMENT,MEDIUM,TRANSACTION_OPERATIONS,RECEIVED,UNBLOCK_ACCOUNT,2142,0
SYN-CMP-12006,SYN-U-13078,2026-04-21T00:15:46,"Payment to merchant showed failed on app, but BDT 1,200 deducted from my Upay balance.",PAYMENT,MEDIUM,TRANSACTION_OPERATIONS,RECEIVED,EXPLAINED,1511,0
SYN-CMP-12007,SYN-U-17039,2026-04-21T02:19:54,E-commerce merchant payment processed twice during checkout.,PAYMENT,MEDIUM,TRANSACTION_OPERATIONS,RECEIVED,REVERSED,527,0
SYN-CMP-12008,SYN-U-16932,2026-04-21T02:31:02,Bank deposit to Upay wallet via internet banking hasn't reflected after 4 hours.,TRANSFER,LOW,TRANSACTION_OPERATIONS,RECEIVED,EXPLAINED,1019,0
SYN-CMP-12009,SYN-U-11569,2026-04-21T03:36:03,"Unauthorized send money transaction of BDT 15,000 sent from my account at 3:00 AM.",FRAUD,HIGH,FRAUD_INVESTIGATION,RECEIVED,REFUNDED,1554,1
SYN-CMP-12010,SYN-U-13244,2026-04-21T04:26:19,Bank deposit to Upay wallet via internet banking hasn't reflected after 4 hours.,TRANSFER,MEDIUM,TRANSACTION_OPERATIONS,RECEIVED,REFUNDED,2621,0
SYN-CMP-12011,SYN-U-19077,2026-04-21T07:16:21,"Paid utility electricity bill through app yesterday, but bill status still shows unpaid.",PAYMENT,HIGH,TRANSACTION_OPERATIONS,RECEIVED,UNBLOCK_ACCOUNT,1089,0
SYN-CMP-12012,SYN-U-17784,2026-04-21T09:51:54,"Paid utility electricity bill through app yesterday, but bill status still shows unpaid.",PAYMENT,MEDIUM,TRANSACTION_OPERATIONS,RECEIVED,REFUNDED,2521,0
SYN-CMP-12013,SYN-U-11086,2026-04-21T11:21:18,Duplicate payment charged for the same restaurant QR transaction.,PAYMENT,HIGH,TRANSACTION_OPERATIONS,RECEIVED,DECLINED,1497,1
SYN-CMP-12014,SYN-U-19201,2026-04-21T15:53:25,Phishing message led to account takeover and repeated cash-out attempts.,FRAUD,HIGH,FRAUD_INVESTIGATION,RECEIVED,REFUNDED,1799,1
SYN-CMP-12015,SYN-U-16520,2026-04-21T16:00:21,Agent deducted fee but the cash-out transaction timed out without dispensing cash.,CASH_OUT,LOW,TRANSACTION_OPERATIONS,RECEIVED,REFUNDED,1491,0
SYN-CMP-12016,SYN-U-15532,2026-04-21T16:20:02,Money was deducted from my account but the grocery merchant did not receive payment confirmation.,PAYMENT,LOW,TRANSACTION_OPERATIONS,RECEIVED,IN_PROGRESS,1670,0
SYN-CMP-12017,SYN-U-18963,2026-04-21T17:18:19,NID verification pending for more than 48 hours.,ACCOUNT,LOW,DISPUTES,RECEIVED,EXPLAINED,1870,0
SYN-CMP-12018,SYN-U-11378,2026-04-21T18:01:34,"Payment to merchant showed failed on app, but BDT 1,200 deducted from my Upay balance.",PAYMENT,MEDIUM,TRANSACTION_OPERATIONS,RECEIVED,REFUNDED,934,0
SYN-CMP-12019,SYN-U-18195,2026-04-21T20:06:09,Phishing message led to account takeover and repeated cash-out attempts.,FRAUD,CRITICAL,FRAUD_INVESTIGATION,RECEIVED,REFUNDED,2779,1
SYN-CMP-12020,SYN-U-11711,2026-04-22T00:19:32,"Received a scam call asking for OTP, shortly after BDT 8,500 was transferred out.",FRAUD,CRITICAL,FRAUD_INVESTIGATION,RECEIVED,REVERSED,474,1
SYN-CMP-12021,SYN-U-13272,2026-04-22T01:24:46,My account has been temporarily restricted after entering wrong PIN 3 times.,ACCOUNT,LOW,DISPUTES,RECEIVED,REFUNDED,1534,0
SYN-CMP-12022,SYN-U-14078,2026-04-22T03:03:52,Network connection error occurred during transaction processing screen.,TECHNICAL,LOW,TECH_SUPPORT,RECEIVED,REVERSED,974,0
SYN-CMP-12023,SYN-U-11295,2026-04-22T04:50:07,"Unauthorized send money transaction of BDT 15,000 sent from my account at 3:00 AM.",FRAUD,CRITICAL,FRAUD_INVESTIGATION,RECEIVED,REFUNDED,2804,0
SYN-CMP-12024,SYN-U-19472,2026-04-22T04:54:02,Phishing message led to account takeover and repeated cash-out attempts.,FRAUD,CRITICAL,FRAUD_INVESTIGATION,RECEIVED,EXPLAINED,1647,0
SYN-CMP-12025,SYN-U-19947,2026-04-22T06:14:42,E-commerce merchant payment processed twice during checkout.,PAYMENT,MEDIUM,TRANSACTION_OPERATIONS,RECEIVED,REVERSED,2506,0
SYN-CMP-12026,SYN-U-17449,2026-04-22T11:25:06,Partial refund received instead of full transaction amount.,REFUND,LOW,DISPUTES,RECEIVED,REFUNDED,1444,0
SYN-CMP-12027,SYN-U-12418,2026-04-22T11:32:38,"Failed cash out attempt at agent, but funds debited from balance.",CASH_OUT,LOW,TRANSACTION_OPERATIONS,RECEIVED,EXPLAINED,2697,0
SYN-CMP-12028,SYN-U-14149,2026-04-22T12:26:10,"Payment to merchant showed failed on app, but BDT 1,200 deducted from my Upay balance.",PAYMENT,MEDIUM,TRANSACTION_OPERATIONS,RECEIVED,EXPLAINED,1067,0
SYN-CMP-12029,SYN-U-10282,2026-04-22T13:06:35,Cash-out fee charged higher than standard 1.4% rate at the agent point.,CASH_OUT,MEDIUM,TRANSACTION_OPERATIONS,RECEIVED,UNBLOCK_ACCOUNT,1222,0
SYN-CMP-12030,SYN-U-15023,2026-04-22T15:25:13,"Paid utility electricity bill through app yesterday, but bill status still shows unpaid.",PAYMENT,MEDIUM,TRANSACTION_OPERATIONS,RECEIVED,REFUNDED,680,0
SYN-CMP-12031,SYN-U-17505,2026-04-22T15:42:55,"Accidentally transferred BDT 3,500 to a wrong mobile number.",TRANSFER,LOW,TRANSACTION_OPERATIONS,RECEIVED,EXPLAINED,943,0
SYN-CMP-12032,SYN-U-17742,2026-04-22T17:56:24,E-commerce merchant payment processed twice during checkout.,PAYMENT,LOW,TRANSACTION_OPERATIONS,RECEIVED,REFUNDED,1120,0
SYN-CMP-12033,SYN-U-15220,2026-04-22T18:03:11,Cancelled e-commerce order refund amount is missing BDT 250 processing fee.,REFUND,MEDIUM,DISPUTES,RECEIVED,REFUNDED,140,0
SYN-CMP-12034,SYN-U-19754,2026-04-22T18:43:46,Cancelled e-commerce order refund amount is missing BDT 250 processing fee.,REFUND,LOW,DISPUTES,RECEIVED,REFUNDED,669,0
SYN-CMP-12035,SYN-U-10407,2026-04-22T20:07:15,Need clarification on loyalty reward cashback points calculation.,OTHER,MEDIUM,DISPUTES,RECEIVED,REFUNDED,1015,0
SYN-CMP-12036,SYN-U-15097,2026-04-22T21:00:03,"Payment to merchant showed failed on app, but BDT 1,200 deducted from my Upay balance.",PAYMENT,MEDIUM,TRANSACTION_OPERATIONS,RECEIVED,REFUNDED,2340,0
SYN-CMP-12037,SYN-U-14826,2026-04-22T21:05:09,Bank deposit to Upay wallet via internet banking hasn't reflected after 4 hours.,TRANSFER,LOW,TRANSACTION_OPERATIONS,RECEIVED,REFUNDED,2436,0
SYN-CMP-12038,SYN-U-13579,2026-04-22T23:01:34,International online transaction toggle keeps turning off automatically in settings.,CARD,MEDIUM,CARD_SERVICES,RECEIVED,REFUNDED,952,0
SYN-CMP-12039,SYN-U-14309,2026-04-22T23:46:42,Money was deducted from my account but the grocery merchant did not receive payment confirmation.,PAYMENT,HIGH,TRANSACTION_OPERATIONS,RECEIVED,EXPLAINED,1994,1
SYN-CMP-12040,SYN-U-15050,2026-04-23T01:29:05,"Payment to merchant showed failed on app, but BDT 1,200 deducted from my Upay balance.",PAYMENT,MEDIUM,TRANSACTION_OPERATIONS,RECEIVED,REFUNDED,1680,0
SYN-CMP-12041,SYN-U-19129,2026-04-23T08:11:12,Agent confirmed cash-out successful on terminal but I did not receive SMS confirmation.,CASH_OUT,MEDIUM,TRANSACTION_OPERATIONS,RECEIVED,REVERSED,2039,0
SYN-CMP-12042,SYN-U-17247,2026-04-23T10:35:28,NID verification pending for more than 48 hours.,ACCOUNT,MEDIUM,DISPUTES,RECEIVED,IN_PROGRESS,1193,0
SYN-CMP-12043,SYN-U-10736,2026-04-23T11:26:30,NID verification pending for more than 48 hours.,ACCOUNT,LOW,DISPUTES,RECEIVED,EXPLAINED,2658,0
SYN-CMP-12044,SYN-U-13604,2026-04-23T14:19:29,"Received a scam call asking for OTP, shortly after BDT 8,500 was transferred out.",FRAUD,CRITICAL,FRAUD_INVESTIGATION,RECEIVED,UNBLOCK_ACCOUNT,1111,0
SYN-CMP-12045,SYN-U-18495,2026-04-23T14:23:26,My virtual dual-currency card was declined while making an international subscription payment.,CARD,MEDIUM,CARD_SERVICES,RECEIVED,REFUNDED,1837,0
SYN-CMP-12046,SYN-U-10795,2026-04-23T15:54:48,E-commerce merchant payment processed twice during checkout.,PAYMENT,MEDIUM,TRANSACTION_OPERATIONS,RECEIVED,EXPLAINED,1017,0
SYN-CMP-12047,SYN-U-18466,2026-04-23T16:37:47,Cash-out fee charged higher than standard 1.4% rate at the agent point.,CASH_OUT,LOW,TRANSACTION_OPERATIONS,RECEIVED,UNBLOCK_ACCOUNT,1056,0
SYN-CMP-12048,SYN-U-19124,2026-04-23T17:04:03,Cancelled e-commerce order refund amount is missing BDT 250 processing fee.,REFUND,LOW,DISPUTES,RECEIVED,REFUNDED,2271,0
SYN-CMP-12049,SYN-U-11404,2026-04-23T18:24:03,Unable to update my registered primary phone number and email in settings.,ACCOUNT,LOW,DISPUTES,RECEIVED,REFUNDED,422,0
SYN-CMP-12050,SYN-U-15742,2026-04-23T20:23:49,"Payment to merchant showed failed on app, but BDT 1,200 deducted from my Upay balance.",PAYMENT,HIGH,TRANSACTION_OPERATIONS,RECEIVED,DECLINED,923,1
SYN-CMP-12051,SYN-U-10206,2026-04-23T20:23:57,"Payment to merchant showed failed on app, but BDT 1,200 deducted from my Upay balance.",PAYMENT,MEDIUM,TRANSACTION_OPERATIONS,RECEIVED,REFUNDED,1152,0
SYN-CMP-12052,SYN-U-19842,2026-04-23T23:25:22,"Payment to merchant showed failed on app, but BDT 1,200 deducted from my Upay balance.",PAYMENT,MEDIUM,TRANSACTION_OPERATIONS,RECEIVED,EXPLAINED,2014,0
SYN-CMP-12053,SYN-U-11314,2026-04-23T23:54:51,"Paid utility electricity bill through app yesterday, but bill status still shows unpaid.",PAYMENT,HIGH,TRANSACTION_OPERATIONS,RECEIVED,EXPLAINED,91,1
SYN-CMP-12054,SYN-U-14597,2026-04-24T00:51:39,"Failed cash out attempt at agent, but funds debited from balance.",CASH_OUT,LOW,TRANSACTION_OPERATIONS,RECEIVED,REVERSED,2161,0
SYN-CMP-12055,SYN-U-12646,2026-04-24T00:56:17,Agent deducted fee but the cash-out transaction timed out without dispensing cash.,CASH_OUT,LOW,TRANSACTION_OPERATIONS,RECEIVED,REVERSED,2394,0
SYN-CMP-12056,SYN-U-16533,2026-04-24T01:12:21,Money was deducted from my account but the grocery merchant did not receive payment confirmation.,PAYMENT,MEDIUM,TRANSACTION_OPERATIONS,RECEIVED,UNBLOCK_ACCOUNT,2475,0
SYN-CMP-12057,SYN-U-15613,2026-04-24T01:51:56,Endorsement limit not updating after submitting updated passport copy.,CARD,MEDIUM,CARD_SERVICES,RECEIVED,IN_PROGRESS,1246,0
SYN-CMP-12058,SYN-U-13203,2026-04-24T03:15:43,My account has been temporarily restricted after entering wrong PIN 3 times.,ACCOUNT,LOW,DISPUTES,RECEIVED,EXPLAINED,1744,0
SYN-CMP-12059,SYN-U-17728,2026-04-24T03:20:19,Unable to update my registered primary phone number and email in settings.,ACCOUNT,LOW,DISPUTES,RECEIVED,EXPLAINED,1071,0
SYN-CMP-12060,SYN-U-11205,2026-04-24T05:24:43,NID verification pending for more than 48 hours.,ACCOUNT,MEDIUM,DISPUTES,RECEIVED,REVERSED,2284,0
SYN-CMP-12061,SYN-U-14833,2026-04-24T07:13:11,"Failed cash out attempt at agent, but funds debited from balance.",CASH_OUT,MEDIUM,TRANSACTION_OPERATIONS,RECEIVED,IN_PROGRESS,1361,0
SYN-CMP-12062,SYN-U-19540,2026-04-24T08:07:53,Cash-out fee charged higher than standard 1.4% rate at the agent point.,CASH_OUT,LOW,TRANSACTION_OPERATIONS,RECEIVED,REFUNDED,444,0
SYN-CMP-12063,SYN-U-14467,2026-04-24T10:35:24,"Payment to merchant showed failed on app, but BDT 1,200 deducted from my Upay balance.",PAYMENT,MEDIUM,TRANSACTION_OPERATIONS,RECEIVED,REVERSED,1270,0
SYN-CMP-12064,SYN-U-17208,2026-04-24T11:51:38,Agent deducted fee but the cash-out transaction timed out without dispensing cash.,CASH_OUT,LOW,TRANSACTION_OPERATIONS,RECEIVED,REFUNDED,2516,0
SYN-CMP-12065,SYN-U-10453,2026-04-24T12:04:25,My virtual dual-currency card was declined while making an international subscription payment.,CARD,MEDIUM,CARD_SERVICES,RECEIVED,REFUNDED,1752,0
SYN-CMP-12066,SYN-U-18751,2026-04-24T12:04:44,"Payment to merchant showed failed on app, but BDT 1,200 deducted from my Upay balance.",PAYMENT,MEDIUM,TRANSACTION_OPERATIONS,RECEIVED,DECLINED,911,0
SYN-CMP-12067,SYN-U-18906,2026-04-24T12:28:56,Duplicate payment charged for the same restaurant QR transaction.,PAYMENT,LOW,TRANSACTION_OPERATIONS,RECEIVED,REVERSED,1916,0
SYN-CMP-12068,SYN-U-11643,2026-04-24T14:08:56,SMS OTP is taking over 5 minutes to arrive during login attempt.,TECHNICAL,LOW,TECH_SUPPORT,RECEIVED,EXPLAINED,2854,0
SYN-CMP-12069,SYN-U-13499,2026-04-24T15:12:17,Endorsement limit not updating after submitting updated passport copy.,CARD,LOW,CARD_SERVICES,RECEIVED,REVERSED,2587,0
SYN-CMP-12070,SYN-U-10510,2026-04-24T15:17:06,Money was deducted from my account but the grocery merchant did not receive payment confirmation.,PAYMENT,MEDIUM,TRANSACTION_OPERATIONS,RECEIVED,REVERSED,1900,0
SYN-CMP-12071,SYN-U-11776,2026-04-24T18:42:42,Duplicate payment charged for the same restaurant QR transaction.,PAYMENT,MEDIUM,TRANSACTION_OPERATIONS,RECEIVED,REFUNDED,2233,0
SYN-CMP-12072,SYN-U-13684,2026-04-24T19:05:06,"Payment to merchant showed failed on app, but BDT 1,200 deducted from my Upay balance.",PAYMENT,HIGH,TRANSACTION_OPERATIONS,RECEIVED,EXPLAINED,1874,0
SYN-CMP-12073,SYN-U-14553,2026-04-24T19:14:19,Money was deducted from my account but the grocery merchant did not receive payment confirmation.,PAYMENT,MEDIUM,TRANSACTION_OPERATIONS,RECEIVED,DECLINED,2384,0
SYN-CMP-12074,SYN-U-17983,2026-04-24T20:58:16,Duplicate payment charged for the same restaurant QR transaction.,PAYMENT,MEDIUM,TRANSACTION_OPERATIONS,RECEIVED,EXPLAINED,1721,0
SYN-CMP-12075,SYN-U-17529,2026-04-24T21:07:36,"Failed cash out attempt at agent, but funds debited from balance.",CASH_OUT,LOW,TRANSACTION_OPERATIONS,RECEIVED,REVERSED,1179,0
SYN-CMP-12076,SYN-U-13278,2026-04-24T21:07:58,International online transaction toggle keeps turning off automatically in settings.,CARD,MEDIUM,CARD_SERVICES,RECEIVED,REFUNDED,608,0
SYN-CMP-12077,SYN-U-17974,2026-04-24T21:23:28,"Received a scam call asking for OTP, shortly after BDT 8,500 was transferred out.",FRAUD,HIGH,FRAUD_INVESTIGATION,RECEIVED,EXPLAINED,2212,0
SYN-CMP-12078,SYN-U-10710,2026-04-24T22:10:40,E-commerce merchant payment processed twice during checkout.,PAYMENT,MEDIUM,TRANSACTION_OPERATIONS,RECEIVED,REFUNDED,2783,0
SYN-CMP-12079,SYN-U-11665,2026-04-24T22:41:58,NID verification pending for more than 48 hours.,ACCOUNT,MEDIUM,DISPUTES,RECEIVED,EXPLAINED,1808,0
SYN-CMP-12080,SYN-U-13981,2026-04-24T23:56:02,My account has been temporarily restricted after entering wrong PIN 3 times.,ACCOUNT,LOW,DISPUTES,RECEIVED,REVERSED,163,0
SYN-CMP-12081,SYN-U-19788,2026-04-25T00:44:18,Cash-out fee charged higher than standard 1.4% rate at the agent point.,CASH_OUT,LOW,TRANSACTION_OPERATIONS,RECEIVED,EXPLAINED,2068,0
SYN-CMP-12082,SYN-U-13961,2026-04-25T00:52:13,E-commerce merchant payment processed twice during checkout.,PAYMENT,MEDIUM,TRANSACTION_OPERATIONS,RECEIVED,IN_PROGRESS,2678,0
SYN-CMP-12083,SYN-U-11385,2026-04-25T01:34:49,Want to temporarily freeze my physical card due to lost wallet.,CARD,LOW,CARD_SERVICES,RECEIVED,IN_PROGRESS,2421,0
SYN-CMP-12084,SYN-U-12275,2026-04-25T01:42:08,E-commerce merchant payment processed twice during checkout.,PAYMENT,MEDIUM,TRANSACTION_OPERATIONS,RECEIVED,REFUNDED,2455,0
SYN-CMP-12085,SYN-U-16878,2026-04-25T06:19:44,"Failed cash out attempt at agent, but funds debited from balance.",CASH_OUT,MEDIUM,TRANSACTION_OPERATIONS,RECEIVED,IN_PROGRESS,613,0
SYN-CMP-12086,SYN-U-14398,2026-04-25T06:26:55,App says account dormant even though I received funds two weeks ago.,ACCOUNT,LOW,DISPUTES,RECEIVED,REFUNDED,1048,0
SYN-CMP-12087,SYN-U-13562,2026-04-25T11:23:41,"Unauthorized send money transaction of BDT 15,000 sent from my account at 3:00 AM.",FRAUD,CRITICAL,FRAUD_INVESTIGATION,RECEIVED,REFUNDED,27,0
SYN-CMP-12088,SYN-U-17060,2026-04-25T12:44:37,"Accidentally transferred BDT 3,500 to a wrong mobile number.",TRANSFER,LOW,TRANSACTION_OPERATIONS,RECEIVED,REFUNDED,531,0
SYN-CMP-12089,SYN-U-15016,2026-04-25T14:17:11,"Suspicious login notification received from unfamiliar device, someone tried to cash out.",FRAUD,CRITICAL,FRAUD_INVESTIGATION,RECEIVED,UNBLOCK_ACCOUNT,2860,1
SYN-CMP-12090,SYN-U-15059,2026-04-25T16:05:37,Unable to update my registered primary phone number and email in settings.,ACCOUNT,LOW,DISPUTES,RECEIVED,REFUNDED,2192,0
SYN-CMP-12091,SYN-U-12645,2026-04-25T16:45:06,Endorsement limit not updating after submitting updated passport copy.,CARD,HIGH,CARD_SERVICES,RECEIVED,EXPLAINED,2205,0
SYN-CMP-12092,SYN-U-18481,2026-04-25T16:53:45,E-commerce merchant payment processed twice during checkout.,PAYMENT,HIGH,TRANSACTION_OPERATIONS,RECEIVED,UNBLOCK_ACCOUNT,1574,1
SYN-CMP-12093,SYN-U-13034,2026-04-25T16:55:15,Card charged USD 45.00 for an online software transaction that I cancelled.,CARD,LOW,CARD_SERVICES,RECEIVED,REFUNDED,575,0
SYN-CMP-12094,SYN-U-19194,2026-04-25T17:05:33,"Unauthorized send money transaction of BDT 15,000 sent from my account at 3:00 AM.",FRAUD,HIGH,FRAUD_INVESTIGATION,RECEIVED,DECLINED,2215,1
SYN-CMP-12095,SYN-U-14852,2026-04-25T17:36:59,My virtual dual-currency card was declined while making an international subscription payment.,CARD,MEDIUM,CARD_SERVICES,RECEIVED,REFUNDED,1513,0
SYN-CMP-12096,SYN-U-13217,2026-04-25T20:17:04,My PIN was compromised and unauthorized funds were transferred to an unknown number.,FRAUD,CRITICAL,FRAUD_INVESTIGATION,RECEIVED,EXPLAINED,2178,1
SYN-CMP-12097,SYN-U-13989,2026-04-25T20:29:16,"Paid utility electricity bill through app yesterday, but bill status still shows unpaid.",PAYMENT,HIGH,TRANSACTION_OPERATIONS,RECEIVED,IN_PROGRESS,150,0
SYN-CMP-12098,SYN-U-14465,2026-04-25T22:01:33,Unable to update my registered primary phone number and email in settings.,ACCOUNT,LOW,DISPUTES,RECEIVED,REVERSED,1618,0
SYN-CMP-12099,SYN-U-13018,2026-04-25T22:22:56,Inter-wallet transfer delayed during peak evening banking clearing hour.,TRANSFER,MEDIUM,TRANSACTION_OPERATIONS,RECEIVED,REFUNDED,2610,0
SYN-CMP-12100,SYN-U-19155,2026-04-25T22:33:30,My virtual dual-currency card was declined while making an international subscription payment.,CARD,MEDIUM,CARD_SERVICES,RECEIVED,REFUNDED,1115,0
SYN-CMP-12101,SYN-U-10780,2026-04-25T22:34:31,My PIN was compromised and unauthorized funds were transferred to an unknown number.,FRAUD,CRITICAL,FRAUD_INVESTIGATION,RECEIVED,REFUNDED,975,1
SYN-CMP-12102,SYN-U-10199,2026-04-26T00:55:27,"Paid utility electricity bill through app yesterday, but bill status still shows unpaid.",PAYMENT,LOW,TRANSACTION_OPERATIONS,RECEIVED,EXPLAINED,1104,0
SYN-CMP-12103,SYN-U-19553,2026-04-26T03:32:06,E-commerce merchant payment processed twice during checkout.,PAYMENT,HIGH,TRANSACTION_OPERATIONS,RECEIVED,UNBLOCK_ACCOUNT,1733,1
SYN-CMP-12104,SYN-U-17070,2026-04-26T03:39:03,Unable to update my registered primary phone number and email in settings.,ACCOUNT,LOW,DISPUTES,RECEIVED,UNBLOCK_ACCOUNT,1427,0
SYN-CMP-12105,SYN-U-17136,2026-04-26T07:55:29,"Payment to merchant showed failed on app, but BDT 1,200 deducted from my Upay balance.",PAYMENT,HIGH,TRANSACTION_OPERATIONS,RECEIVED,EXPLAINED,2844,0
SYN-CMP-12106,SYN-U-15194,2026-04-26T11:10:18,Card charged USD 45.00 for an online software transaction that I cancelled.,CARD,MEDIUM,CARD_SERVICES,RECEIVED,IN_PROGRESS,1183,0
SYN-CMP-12107,SYN-U-12556,2026-04-26T11:54:29,"Payment to merchant showed failed on app, but BDT 1,200 deducted from my Upay balance.",PAYMENT,MEDIUM,TRANSACTION_OPERATIONS,RECEIVED,REFUNDED,1557,0
SYN-CMP-12108,SYN-U-16862,2026-04-26T13:40:40,"Payment to merchant showed failed on app, but BDT 1,200 deducted from my Upay balance.",PAYMENT,MEDIUM,TRANSACTION_OPERATIONS,RECEIVED,EXPLAINED,253,0
SYN-CMP-12109,SYN-U-16688,2026-04-26T14:13:58,"Failed cash out attempt at agent, but funds debited from balance.",CASH_OUT,LOW,TRANSACTION_OPERATIONS,RECEIVED,REFUNDED,478,0
SYN-CMP-12110,SYN-U-13718,2026-04-26T14:47:23,E-commerce merchant payment processed twice during checkout.,PAYMENT,HIGH,TRANSACTION_OPERATIONS,RECEIVED,EXPLAINED,2081,1
SYN-CMP-12111,SYN-U-16231,2026-04-26T16:49:25,SMS OTP is taking over 5 minutes to arrive during login attempt.,TECHNICAL,LOW,TECH_SUPPORT,RECEIVED,UNBLOCK_ACCOUNT,897,0
SYN-CMP-12112,SYN-U-13587,2026-04-26T17:02:07,"Payment to merchant showed failed on app, but BDT 1,200 deducted from my Upay balance.",PAYMENT,MEDIUM,TRANSACTION_OPERATIONS,RECEIVED,REVERSED,1641,0
SYN-CMP-12113,SYN-U-17117,2026-04-26T17:45:46,Biometric fingerprint login is not working on my new Android device.,ACCOUNT,LOW,DISPUTES,RECEIVED,UNBLOCK_ACCOUNT,304,0
SYN-CMP-12114,SYN-U-10142,2026-04-26T18:26:50,NID verification pending for more than 48 hours.,ACCOUNT,LOW,DISPUTES,RECEIVED,UNBLOCK_ACCOUNT,1554,0
SYN-CMP-12115,SYN-U-11998,2026-04-26T18:43:17,"Received a scam call asking for OTP, shortly after BDT 8,500 was transferred out.",FRAUD,HIGH,FRAUD_INVESTIGATION,RECEIVED,REVERSED,2042,1
SYN-CMP-12116,SYN-U-19500,2026-04-26T19:14:20,Duplicate payment charged for the same restaurant QR transaction.,PAYMENT,MEDIUM,TRANSACTION_OPERATIONS,RECEIVED,IN_PROGRESS,1255,0
SYN-CMP-12117,SYN-U-10067,2026-04-26T20:58:19,Money was deducted from my account but the grocery merchant did not receive payment confirmation.,PAYMENT,MEDIUM,TRANSACTION_OPERATIONS,RECEIVED,REVERSED,1149,0
SYN-CMP-12118,SYN-U-16441,2026-04-26T21:00:07,"Payment to merchant showed failed on app, but BDT 1,200 deducted from my Upay balance.",PAYMENT,MEDIUM,TRANSACTION_OPERATIONS,RECEIVED,REFUNDED,1196,0
SYN-CMP-12119,SYN-U-10409,2026-04-26T21:25:59,Unable to update my registered primary phone number and email in settings.,ACCOUNT,MEDIUM,DISPUTES,RECEIVED,REVERSED,645,0
SYN-CMP-12120,SYN-U-11304,2026-04-26T21:38:59,Card charged USD 45.00 for an online software transaction that I cancelled.,CARD,LOW,CARD_SERVICES,RECEIVED,REFUNDED,419,0
SYN-CMP-12121,SYN-U-11293,2026-04-26T21:50:41,Agent confirmed cash-out successful on terminal but I did not receive SMS confirmation.,CASH_OUT,LOW,TRANSACTION_OPERATIONS,RECEIVED,EXPLAINED,2494,0
SYN-CMP-12122,SYN-U-14134,2026-04-26T22:17:54,"Paid utility electricity bill through app yesterday, but bill status still shows unpaid.",PAYMENT,MEDIUM,TRANSACTION_OPERATIONS,RECEIVED,REVERSED,2859,0
SYN-CMP-12123,SYN-U-11649,2026-04-27T02:11:26,Duplicate payment charged for the same restaurant QR transaction.,PAYMENT,MEDIUM,TRANSACTION_OPERATIONS,RECEIVED,REFUNDED,2158,0
SYN-CMP-12124,SYN-U-16003,2026-04-27T02:52:40,Agent confirmed cash-out successful on terminal but I did not receive SMS confirmation.,CASH_OUT,LOW,TRANSACTION_OPERATIONS,RECEIVED,EXPLAINED,1555,0
SYN-CMP-12125,SYN-U-17720,2026-04-27T03:28:44,Agent confirmed cash-out successful on terminal but I did not receive SMS confirmation.,CASH_OUT,LOW,TRANSACTION_OPERATIONS,RECEIVED,DECLINED,1607,0
SYN-CMP-12126,SYN-U-16052,2026-04-27T03:53:06,Duplicate payment charged for the same restaurant QR transaction.,PAYMENT,MEDIUM,TRANSACTION_OPERATIONS,RECEIVED,REFUNDED,1227,0
SYN-CMP-12127,SYN-U-14218,2026-04-27T05:57:05,Requesting official annual account statement for tax filing purposes.,OTHER,LOW,DISPUTES,RECEIVED,REFUNDED,413,0
SYN-CMP-12128,SYN-U-13362,2026-04-27T08:08:15,"Payment to merchant showed failed on app, but BDT 1,200 deducted from my Upay balance.",PAYMENT,MEDIUM,TRANSACTION_OPERATIONS,RECEIVED,UNBLOCK_ACCOUNT,2569,0
SYN-CMP-12129,SYN-U-10219,2026-04-27T08:22:37,App says account dormant even though I received funds two weeks ago.,ACCOUNT,LOW,DISPUTES,RECEIVED,REFUNDED,2162,0
SYN-CMP-12130,SYN-U-11510,2026-04-27T09:13:47,E-commerce merchant payment processed twice during checkout.,PAYMENT,LOW,TRANSACTION_OPERATIONS,RECEIVED,EXPLAINED,88,0
SYN-CMP-12131,SYN-U-17838,2026-04-27T11:24:55,"Paid utility electricity bill through app yesterday, but bill status still shows unpaid.",PAYMENT,MEDIUM,TRANSACTION_OPERATIONS,RECEIVED,IN_PROGRESS,1695,0
SYN-CMP-12132,SYN-U-19512,2026-04-27T12:41:41,NID verification pending for more than 48 hours.,ACCOUNT,LOW,DISPUTES,RECEIVED,REFUNDED,73,0
SYN-CMP-12133,SYN-U-14064,2026-04-27T13:45:39,Endorsement limit not updating after submitting updated passport copy.,CARD,MEDIUM,CARD_SERVICES,RECEIVED,REFUNDED,2109,0
SYN-CMP-12134,SYN-U-19327,2026-04-27T14:08:50,E-commerce merchant payment processed twice during checkout.,PAYMENT,MEDIUM,TRANSACTION_OPERATIONS,RECEIVED,DECLINED,1454,0
SYN-CMP-12135,SYN-U-14265,2026-04-27T17:41:23,NID verification pending for more than 48 hours.,ACCOUNT,LOW,DISPUTES,RECEIVED,REFUNDED,827,0
SYN-CMP-12136,SYN-U-16673,2026-04-27T18:06:28,App says account dormant even though I received funds two weeks ago.,ACCOUNT,LOW,DISPUTES,RECEIVED,EXPLAINED,2460,0
SYN-CMP-12137,SYN-U-15193,2026-04-27T18:15:25,Agent confirmed cash-out successful on terminal but I did not receive SMS confirmation.,CASH_OUT,MEDIUM,TRANSACTION_OPERATIONS,RECEIVED,REFUNDED,2451,0
SYN-CMP-12138,SYN-U-19990,2026-04-27T20:23:43,E-commerce merchant payment processed twice during checkout.,PAYMENT,MEDIUM,TRANSACTION_OPERATIONS,RECEIVED,EXPLAINED,2396,0
SYN-CMP-12139,SYN-U-10550,2026-04-28T01:44:25,Agent confirmed cash-out successful on terminal but I did not receive SMS confirmation.,CASH_OUT,MEDIUM,TRANSACTION_OPERATIONS,RECEIVED,REFUNDED,1219,0
SYN-CMP-12140,SYN-U-19066,2026-04-28T07:17:17,E-commerce merchant payment processed twice during checkout.,PAYMENT,MEDIUM,TRANSACTION_OPERATIONS,RECEIVED,EXPLAINED,2455,0
SYN-CMP-12141,SYN-U-19986,2026-04-28T08:34:41,"Fund transfer to my linked commercial bank account failed, money not credited yet.",TRANSFER,MEDIUM,TRANSACTION_OPERATIONS,RECEIVED,EXPLAINED,2163,0
SYN-CMP-12142,SYN-U-17043,2026-04-28T10:06:06,My account has been temporarily restricted after entering wrong PIN 3 times.,ACCOUNT,LOW,DISPUTES,RECEIVED,EXPLAINED,2598,0
SYN-CMP-12143,SYN-U-17999,2026-04-28T10:50:47,Agent confirmed cash-out successful on terminal but I did not receive SMS confirmation.,CASH_OUT,LOW,TRANSACTION_OPERATIONS,RECEIVED,EXPLAINED,2166,0
SYN-CMP-12144,SYN-U-18633,2026-04-28T11:42:30,"Received a scam call asking for OTP, shortly after BDT 8,500 was transferred out.",FRAUD,HIGH,FRAUD_INVESTIGATION,RECEIVED,REVERSED,1469,1
SYN-CMP-12145,SYN-U-11819,2026-04-28T14:09:58,Need clarification on loyalty reward cashback points calculation.,OTHER,LOW,DISPUTES,RECEIVED,REFUNDED,324,0
SYN-CMP-12146,SYN-U-14729,2026-04-28T17:08:11,Agent confirmed cash-out successful on terminal but I did not receive SMS confirmation.,CASH_OUT,LOW,TRANSACTION_OPERATIONS,RECEIVED,REFUNDED,707,0
SYN-CMP-12147,SYN-U-15350,2026-04-28T18:17:03,Money was deducted from my account but the grocery merchant did not receive payment confirmation.,PAYMENT,MEDIUM,TRANSACTION_OPERATIONS,RECEIVED,EXPLAINED,479,0
SYN-CMP-12148,SYN-U-11253,2026-04-28T19:55:59,Duplicate payment charged for the same restaurant QR transaction.,PAYMENT,MEDIUM,TRANSACTION_OPERATIONS,RECEIVED,UNBLOCK_ACCOUNT,2444,0
SYN-CMP-12149,SYN-U-10721,2026-04-28T20:45:57,"Failed cash out attempt at agent, but funds debited from balance.",CASH_OUT,LOW,TRANSACTION_OPERATIONS,RECEIVED,REVERSED,2182,0
SYN-CMP-12150,SYN-U-13179,2026-04-28T20:49:52,My PIN was compromised and unauthorized funds were transferred to an unknown number.,FRAUD,CRITICAL,FRAUD_INVESTIGATION,RECEIVED,REFUNDED,293,1
SYN-CMP-12151,SYN-U-12186,2026-04-28T21:35:34,"Accidentally transferred BDT 3,500 to a wrong mobile number.",TRANSFER,MEDIUM,TRANSACTION_OPERATIONS,RECEIVED,EXPLAINED,1693,0
SYN-CMP-12152,SYN-U-13291,2026-04-28T23:08:22,Phishing message led to account takeover and repeated cash-out attempts.,FRAUD,HIGH,FRAUD_INVESTIGATION,RECEIVED,IN_PROGRESS,1074,1
SYN-CMP-12153,SYN-U-14757,2026-04-29T00:29:24,"Payment to merchant showed failed on app, but BDT 1,200 deducted from my Upay balance.",PAYMENT,HIGH,TRANSACTION_OPERATIONS,RECEIVED,EXPLAINED,1758,1
SYN-CMP-12154,SYN-U-10097,2026-04-29T02:01:00,Card charged USD 45.00 for an online software transaction that I cancelled.,CARD,LOW,CARD_SERVICES,RECEIVED,REVERSED,402,0
SYN-CMP-12155,SYN-U-11383,2026-04-29T03:22:07,Requesting official annual account statement for tax filing purposes.,OTHER,MEDIUM,DISPUTES,RECEIVED,EXPLAINED,877,0
SYN-CMP-12156,SYN-U-17842,2026-04-29T04:30:09,My account has been temporarily restricted after entering wrong PIN 3 times.,ACCOUNT,LOW,DISPUTES,RECEIVED,EXPLAINED,2832,0
SYN-CMP-12157,SYN-U-17138,2026-04-29T07:08:51,E-commerce merchant payment processed twice during checkout.,PAYMENT,MEDIUM,TRANSACTION_OPERATIONS,RECEIVED,EXPLAINED,2864,0
SYN-CMP-12158,SYN-U-18877,2026-04-29T07:11:22,Phishing message led to account takeover and repeated cash-out attempts.,FRAUD,HIGH,FRAUD_INVESTIGATION,RECEIVED,DECLINED,2059,1
SYN-CMP-12159,SYN-U-16121,2026-04-29T07:26:38,Cash-out fee charged higher than standard 1.4% rate at the agent point.,CASH_OUT,LOW,TRANSACTION_OPERATIONS,RECEIVED,EXPLAINED,2219,0
SYN-CMP-12160,SYN-U-18195,2026-04-29T08:01:37,Card charged USD 45.00 for an online software transaction that I cancelled.,CARD,HIGH,CARD_SERVICES,RECEIVED,EXPLAINED,649,1
SYN-CMP-12161,SYN-U-11854,2026-04-29T10:56:09,Endorsement limit not updating after submitting updated passport copy.,CARD,MEDIUM,CARD_SERVICES,RECEIVED,REFUNDED,852,0
SYN-CMP-12162,SYN-U-10719,2026-04-29T14:37:59,"Failed cash out attempt at agent, but funds debited from balance.",CASH_OUT,LOW,TRANSACTION_OPERATIONS,RECEIVED,EXPLAINED,1791,0
SYN-CMP-12163,SYN-U-18831,2026-04-29T17:38:11,My account has been temporarily restricted after entering wrong PIN 3 times.,ACCOUNT,LOW,DISPUTES,RECEIVED,REVERSED,39,0
SYN-CMP-12164,SYN-U-13676,2026-04-29T19:46:53,"Fund transfer to my linked commercial bank account failed, money not credited yet.",TRANSFER,LOW,TRANSACTION_OPERATIONS,RECEIVED,REVERSED,975,0
SYN-CMP-12165,SYN-U-11117,2026-04-30T00:55:51,"Payment to merchant showed failed on app, but BDT 1,200 deducted from my Upay balance.",PAYMENT,MEDIUM,TRANSACTION_OPERATIONS,RECEIVED,REFUNDED,2711,0
SYN-CMP-12166,SYN-U-12029,2026-04-30T02:46:44,Cash-out fee charged higher than standard 1.4% rate at the agent point.,CASH_OUT,MEDIUM,TRANSACTION_OPERATIONS,RECEIVED,EXPLAINED,2510,0
SYN-CMP-12167,SYN-U-17571,2026-04-30T03:42:15,Cash-out fee charged higher than standard 1.4% rate at the agent point.,CASH_OUT,LOW,TRANSACTION_OPERATIONS,RECEIVED,REFUNDED,818,0
SYN-CMP-12168,SYN-U-19879,2026-04-30T04:36:02,Endorsement limit not updating after submitting updated passport copy.,CARD,HIGH,CARD_SERVICES,RECEIVED,REVERSED,1791,1
SYN-CMP-12169,SYN-U-14042,2026-04-30T04:46:09,NID verification pending for more than 48 hours.,ACCOUNT,LOW,DISPUTES,RECEIVED,EXPLAINED,59,0
SYN-CMP-12170,SYN-U-13248,2026-04-30T05:23:07,Duplicate payment charged for the same restaurant QR transaction.,PAYMENT,MEDIUM,TRANSACTION_OPERATIONS,RECEIVED,DECLINED,1200,0
SYN-CMP-12171,SYN-U-13162,2026-04-30T05:47:29,My account has been temporarily restricted after entering wrong PIN 3 times.,ACCOUNT,MEDIUM,DISPUTES,RECEIVED,UNBLOCK_ACCOUNT,503,0
SYN-CMP-12172,SYN-U-12698,2026-04-30T07:36:53,E-commerce merchant payment processed twice during checkout.,PAYMENT,LOW,TRANSACTION_OPERATIONS,RECEIVED,EXPLAINED,488,0
SYN-CMP-12173,SYN-U-10333,2026-04-30T09:45:47,Cancelled e-commerce order refund amount is missing BDT 250 processing fee.,REFUND,LOW,DISPUTES,RECEIVED,EXPLAINED,339,0
SYN-CMP-12174,SYN-U-10964,2026-04-30T11:00:46,Duplicate payment charged for the same restaurant QR transaction.,PAYMENT,HIGH,TRANSACTION_OPERATIONS,RECEIVED,REFUNDED,745,0
SYN-CMP-12175,SYN-U-12968,2026-04-30T12:22:19,"Paid utility electricity bill through app yesterday, but bill status still shows unpaid.",PAYMENT,MEDIUM,TRANSACTION_OPERATIONS,RECEIVED,IN_PROGRESS,1566,0
SYN-CMP-12176,SYN-U-18422,2026-04-30T12:29:26,"Unauthorized send money transaction of BDT 15,000 sent from my account at 3:00 AM.",FRAUD,HIGH,FRAUD_INVESTIGATION,RECEIVED,IN_PROGRESS,2643,1
SYN-CMP-12177,SYN-U-17615,2026-04-30T13:36:15,My PIN was compromised and unauthorized funds were transferred to an unknown number.,FRAUD,CRITICAL,FRAUD_INVESTIGATION,RECEIVED,UNBLOCK_ACCOUNT,1047,1
SYN-CMP-12178,SYN-U-18925,2026-04-30T15:07:19,Card charged USD 45.00 for an online software transaction that I cancelled.,CARD,HIGH,CARD_SERVICES,RECEIVED,REFUNDED,1243,1
SYN-CMP-12179,SYN-U-17181,2026-04-30T15:26:44,Cancelled e-commerce order refund amount is missing BDT 250 processing fee.,REFUND,LOW,DISPUTES,RECEIVED,EXPLAINED,148,0
SYN-CMP-12180,SYN-U-12042,2026-04-30T16:14:51,Inquiry regarding upcoming Eid merchant promo discounts.,OTHER,LOW,DISPUTES,RECEIVED,EXPLAINED,1223,0
SYN-CMP-12181,SYN-U-19702,2026-04-30T17:06:08,Cash-out fee charged higher than standard 1.4% rate at the agent point.,CASH_OUT,LOW,TRANSACTION_OPERATIONS,RECEIVED,REFUNDED,2710,0
SYN-CMP-12182,SYN-U-15472,2026-04-30T18:04:03,NID verification pending for more than 48 hours.,ACCOUNT,LOW,DISPUTES,RECEIVED,REFUNDED,2045,0
SYN-CMP-12183,SYN-U-12715,2026-04-30T20:32:06,Partial refund received instead of full transaction amount.,REFUND,LOW,DISPUTES,RECEIVED,REVERSED,1020,0
SYN-CMP-12184,SYN-U-10936,2026-04-30T21:01:35,App says account dormant even though I received funds two weeks ago.,ACCOUNT,MEDIUM,DISPUTES,RECEIVED,UNBLOCK_ACCOUNT,97,0
SYN-CMP-12185,SYN-U-15258,2026-04-30T22:31:11,Inter-wallet transfer delayed during peak evening banking clearing hour.,TRANSFER,MEDIUM,TRANSACTION_OPERATIONS,RECEIVED,DECLINED,2715,0
SYN-CMP-12186,SYN-U-17386,2026-04-30T23:02:12,NID verification pending for more than 48 hours.,ACCOUNT,LOW,DISPUTES,RECEIVED,REFUNDED,999,0
SYN-CMP-12187,SYN-U-13818,2026-04-30T23:53:30,My account has been temporarily restricted after entering wrong PIN 3 times.,ACCOUNT,MEDIUM,DISPUTES,RECEIVED,REFUNDED,1798,0
SYN-CMP-12188,SYN-U-11874,2026-05-01T00:55:57,Agent confirmed cash-out successful on terminal but I did not receive SMS confirmation.,CASH_OUT,LOW,TRANSACTION_OPERATIONS,RECEIVED,EXPLAINED,1978,0
SYN-CMP-12189,SYN-U-17532,2026-05-01T01:28:40,"Suspicious login notification received from unfamiliar device, someone tried to cash out.",FRAUD,CRITICAL,FRAUD_INVESTIGATION,RECEIVED,EXPLAINED,560,1
SYN-CMP-12190,SYN-U-10151,2026-05-01T02:25:23,Bank deposit to Upay wallet via internet banking hasn't reflected after 4 hours.,TRANSFER,LOW,TRANSACTION_OPERATIONS,RECEIVED,REFUNDED,1513,0
SYN-CMP-12191,SYN-U-15568,2026-05-01T02:25:41,NID verification pending for more than 48 hours.,ACCOUNT,MEDIUM,DISPUTES,RECEIVED,EXPLAINED,1402,0
SYN-CMP-12192,SYN-U-12722,2026-05-01T02:45:02,Endorsement limit not updating after submitting updated passport copy.,CARD,MEDIUM,CARD_SERVICES,RECEIVED,UNBLOCK_ACCOUNT,457,0
SYN-CMP-12193,SYN-U-13038,2026-05-01T07:04:40,E-commerce merchant payment processed twice during checkout.,PAYMENT,MEDIUM,TRANSACTION_OPERATIONS,RECEIVED,UNBLOCK_ACCOUNT,2378,0
SYN-CMP-12194,SYN-U-11608,2026-05-01T08:21:19,"Suspicious login notification received from unfamiliar device, someone tried to cash out.",FRAUD,CRITICAL,FRAUD_INVESTIGATION,RECEIVED,REFUNDED,1398,1
SYN-CMP-12195,SYN-U-16151,2026-05-01T08:40:33,"Payment to merchant showed failed on app, but BDT 1,200 deducted from my Upay balance.",PAYMENT,LOW,TRANSACTION_OPERATIONS,RECEIVED,REFUNDED,796,0
SYN-CMP-12196,SYN-U-17359,2026-05-01T09:26:29,"Payment to merchant showed failed on app, but BDT 1,200 deducted from my Upay balance.",PAYMENT,MEDIUM,TRANSACTION_OPERATIONS,RECEIVED,REVERSED,224,0
SYN-CMP-12197,SYN-U-11382,2026-05-01T09:36:51,Duplicate payment charged for the same restaurant QR transaction.,PAYMENT,HIGH,TRANSACTION_OPERATIONS,RECEIVED,EXPLAINED,2491,0
SYN-CMP-12198,SYN-U-10971,2026-05-01T09:58:04,Network connection error occurred during transaction processing screen.,TECHNICAL,LOW,TECH_SUPPORT,RECEIVED,IN_PROGRESS,371,0
SYN-CMP-12199,SYN-U-10241,2026-05-01T12:03:33,"Failed cash out attempt at agent, but funds debited from balance.",CASH_OUT,MEDIUM,TRANSACTION_OPERATIONS,RECEIVED,REVERSED,2452,0
SYN-CMP-12200,SYN-U-11481,2026-05-01T15:59:25,Agent deducted fee but the cash-out transaction timed out without dispensing cash.,CASH_OUT,MEDIUM,TRANSACTION_OPERATIONS,RECEIVED,REFUNDED,2012,0
SYN-CMP-12201,SYN-U-10150,2026-05-01T16:18:33,"Paid utility electricity bill through app yesterday, but bill status still shows unpaid.",PAYMENT,HIGH,TRANSACTION_OPERATIONS,RECEIVED,EXPLAINED,2766,1
SYN-CMP-12202,SYN-U-10424,2026-05-01T16:20:59,Upay mobile app crashes immediately on splash screen after latest update.,TECHNICAL,LOW,TECH_SUPPORT,RECEIVED,EXPLAINED,2323,0
SYN-CMP-12203,SYN-U-15495,2026-05-01T16:39:35,"Payment to merchant showed failed on app, but BDT 1,200 deducted from my Upay balance.",PAYMENT,MEDIUM,TRANSACTION_OPERATIONS,RECEIVED,UNBLOCK_ACCOUNT,2775,0
SYN-CMP-12204,SYN-U-10045,2026-05-01T16:42:48,International online transaction toggle keeps turning off automatically in settings.,CARD,MEDIUM,CARD_SERVICES,RECEIVED,IN_PROGRESS,1908,0
SYN-CMP-12205,SYN-U-12952,2026-05-01T17:50:45,"Suspicious login notification received from unfamiliar device, someone tried to cash out.",FRAUD,CRITICAL,FRAUD_INVESTIGATION,RECEIVED,EXPLAINED,2532,0
SYN-CMP-12206,SYN-U-19667,2026-05-01T19:19:50,Duplicate payment charged for the same restaurant QR transaction.,PAYMENT,HIGH,TRANSACTION_OPERATIONS,RECEIVED,REFUNDED,457,1
SYN-CMP-12207,SYN-U-10251,2026-05-01T20:58:33,Biometric fingerprint login is not working on my new Android device.,ACCOUNT,LOW,DISPUTES,RECEIVED,IN_PROGRESS,244,0
SYN-CMP-12208,SYN-U-19418,2026-05-01T21:17:18,Inter-wallet transfer delayed during peak evening banking clearing hour.,TRANSFER,MEDIUM,TRANSACTION_OPERATIONS,RECEIVED,REFUNDED,2058,0
SYN-CMP-12209,SYN-U-11842,2026-05-01T23:31:46,NID verification pending for more than 48 hours.,ACCOUNT,MEDIUM,DISPUTES,RECEIVED,REFUNDED,2022,0
SYN-CMP-12210,SYN-U-10522,2026-05-02T01:15:35,My PIN was compromised and unauthorized funds were transferred to an unknown number.,FRAUD,HIGH,FRAUD_INVESTIGATION,RECEIVED,REFUNDED,2184,1
SYN-CMP-12211,SYN-U-18316,2026-05-02T02:07:05,"Accidentally transferred BDT 3,500 to a wrong mobile number.",TRANSFER,MEDIUM,TRANSACTION_OPERATIONS,RECEIVED,REFUNDED,1697,0
SYN-CMP-12212,SYN-U-15634,2026-05-02T08:33:38,NID verification pending for more than 48 hours.,ACCOUNT,LOW,DISPUTES,RECEIVED,REFUNDED,2192,0
SYN-CMP-12213,SYN-U-18405,2026-05-02T09:38:29,"Payment to merchant showed failed on app, but BDT 1,200 deducted from my Upay balance.",PAYMENT,MEDIUM,TRANSACTION_OPERATIONS,RECEIVED,REFUNDED,2430,0
SYN-CMP-12214,SYN-U-18362,2026-05-02T09:52:54,Upay mobile app crashes immediately on splash screen after latest update.,TECHNICAL,LOW,TECH_SUPPORT,RECEIVED,UNBLOCK_ACCOUNT,1691,0
SYN-CMP-12215,SYN-U-19395,2026-05-02T10:20:45,E-commerce merchant payment processed twice during checkout.,PAYMENT,MEDIUM,TRANSACTION_OPERATIONS,RECEIVED,DECLINED,1834,0
SYN-CMP-12216,SYN-U-18619,2026-05-02T10:23:06,My account has been temporarily restricted after entering wrong PIN 3 times.,ACCOUNT,LOW,DISPUTES,RECEIVED,REVERSED,1986,0
SYN-CMP-12217,SYN-U-13914,2026-05-02T10:34:31,"Suspicious login notification received from unfamiliar device, someone tried to cash out.",FRAUD,HIGH,FRAUD_INVESTIGATION,RECEIVED,IN_PROGRESS,1668,0
SYN-CMP-12218,SYN-U-14950,2026-05-02T12:27:43,International online transaction toggle keeps turning off automatically in settings.,CARD,MEDIUM,CARD_SERVICES,RECEIVED,EXPLAINED,292,0
SYN-CMP-12219,SYN-U-12862,2026-05-02T14:00:04,E-commerce merchant payment processed twice during checkout.,PAYMENT,MEDIUM,TRANSACTION_OPERATIONS,RECEIVED,REVERSED,52,0
SYN-CMP-12220,SYN-U-13260,2026-05-02T14:12:49,"Accidentally transferred BDT 3,500 to a wrong mobile number.",TRANSFER,LOW,TRANSACTION_OPERATIONS,RECEIVED,UNBLOCK_ACCOUNT,2453,0
SYN-CMP-12221,SYN-U-16687,2026-05-02T15:39:42,Partial refund received instead of full transaction amount.,REFUND,LOW,DISPUTES,RECEIVED,REFUNDED,801,0
SYN-CMP-12222,SYN-U-10663,2026-05-02T16:08:23,"Unauthorized send money transaction of BDT 15,000 sent from my account at 3:00 AM.",FRAUD,CRITICAL,FRAUD_INVESTIGATION,RECEIVED,EXPLAINED,1518,0
SYN-CMP-12223,SYN-U-13667,2026-05-02T16:31:40,Money was deducted from my account but the grocery merchant did not receive payment confirmation.,PAYMENT,HIGH,TRANSACTION_OPERATIONS,RECEIVED,REFUNDED,1815,1
SYN-CMP-12224,SYN-U-11111,2026-05-02T18:06:20,"Failed cash out attempt at agent, but funds debited from balance.",CASH_OUT,MEDIUM,TRANSACTION_OPERATIONS,RECEIVED,EXPLAINED,1500,0
SYN-CMP-12225,SYN-U-14758,2026-05-03T01:08:56,"Received a scam call asking for OTP, shortly after BDT 8,500 was transferred out.",FRAUD,HIGH,FRAUD_INVESTIGATION,RECEIVED,IN_PROGRESS,2302,1
SYN-CMP-12226,SYN-U-17101,2026-05-03T01:12:46,"Paid utility electricity bill through app yesterday, but bill status still shows unpaid.",PAYMENT,MEDIUM,TRANSACTION_OPERATIONS,RECEIVED,EXPLAINED,740,0
SYN-CMP-12227,SYN-U-14441,2026-05-03T02:06:06,Money was deducted from my account but the grocery merchant did not receive payment confirmation.,PAYMENT,HIGH,TRANSACTION_OPERATIONS,RECEIVED,REFUNDED,356,0
SYN-CMP-12228,SYN-U-15841,2026-05-03T02:57:46,Cancelled e-commerce order refund amount is missing BDT 250 processing fee.,REFUND,MEDIUM,DISPUTES,RECEIVED,UNBLOCK_ACCOUNT,1424,0
SYN-CMP-12229,SYN-U-11656,2026-05-03T03:51:13,Money was deducted from my account but the grocery merchant did not receive payment confirmation.,PAYMENT,HIGH,TRANSACTION_OPERATIONS,RECEIVED,REFUNDED,2038,0
SYN-CMP-12230,SYN-U-15398,2026-05-03T04:27:16,"Suspicious login notification received from unfamiliar device, someone tried to cash out.",FRAUD,HIGH,FRAUD_INVESTIGATION,RECEIVED,EXPLAINED,632,1
SYN-CMP-12231,SYN-U-11311,2026-05-03T04:42:37,"Payment to merchant showed failed on app, but BDT 1,200 deducted from my Upay balance.",PAYMENT,HIGH,TRANSACTION_OPERATIONS,RECEIVED,IN_PROGRESS,113,1
SYN-CMP-12232,SYN-U-12591,2026-05-03T04:52:28,"Received a scam call asking for OTP, shortly after BDT 8,500 was transferred out.",FRAUD,CRITICAL,FRAUD_INVESTIGATION,RECEIVED,EXPLAINED,324,0
SYN-CMP-12233,SYN-U-10989,2026-05-03T05:15:56,My account has been temporarily restricted after entering wrong PIN 3 times.,ACCOUNT,LOW,DISPUTES,RECEIVED,REVERSED,575,0
SYN-CMP-12234,SYN-U-15357,2026-05-03T05:20:54,"Payment to merchant showed failed on app, but BDT 1,200 deducted from my Upay balance.",PAYMENT,HIGH,TRANSACTION_OPERATIONS,RECEIVED,IN_PROGRESS,339,0
SYN-CMP-12235,SYN-U-17765,2026-05-03T05:35:59,Phishing message led to account takeover and repeated cash-out attempts.,FRAUD,CRITICAL,FRAUD_INVESTIGATION,RECEIVED,REFUNDED,772,1
SYN-CMP-12236,SYN-U-14001,2026-05-03T06:19:27,My PIN was compromised and unauthorized funds were transferred to an unknown number.,FRAUD,CRITICAL,FRAUD_INVESTIGATION,RECEIVED,IN_PROGRESS,2252,0
SYN-CMP-12237,SYN-U-18523,2026-05-03T10:13:35,Phishing message led to account takeover and repeated cash-out attempts.,FRAUD,CRITICAL,FRAUD_INVESTIGATION,RECEIVED,UNBLOCK_ACCOUNT,136,0
SYN-CMP-12238,SYN-U-14505,2026-05-03T10:28:33,"Fund transfer to my linked commercial bank account failed, money not credited yet.",TRANSFER,MEDIUM,TRANSACTION_OPERATIONS,RECEIVED,EXPLAINED,1589,0
SYN-CMP-12239,SYN-U-14310,2026-05-03T12:35:52,"Received a scam call asking for OTP, shortly after BDT 8,500 was transferred out.",FRAUD,CRITICAL,FRAUD_INVESTIGATION,RECEIVED,EXPLAINED,2331,1
SYN-CMP-12240,SYN-U-17309,2026-05-03T12:42:07,Unable to update my registered primary phone number and email in settings.,ACCOUNT,LOW,DISPUTES,RECEIVED,IN_PROGRESS,462,0
SYN-CMP-12241,SYN-U-17131,2026-05-03T13:13:44,Agent confirmed cash-out successful on terminal but I did not receive SMS confirmation.,CASH_OUT,LOW,TRANSACTION_OPERATIONS,RECEIVED,REFUNDED,1890,0
SYN-CMP-12242,SYN-U-14959,2026-05-03T13:39:52,Bank deposit to Upay wallet via internet banking hasn't reflected after 4 hours.,TRANSFER,LOW,TRANSACTION_OPERATIONS,RECEIVED,REFUNDED,2520,0
SYN-CMP-12243,SYN-U-12899,2026-05-03T14:08:10,"Paid utility electricity bill through app yesterday, but bill status still shows unpaid.",PAYMENT,MEDIUM,TRANSACTION_OPERATIONS,RECEIVED,EXPLAINED,685,0
SYN-CMP-12244,SYN-U-17591,2026-05-03T15:14:14,"Paid utility electricity bill through app yesterday, but bill status still shows unpaid.",PAYMENT,LOW,TRANSACTION_OPERATIONS,RECEIVED,REFUNDED,1762,0
SYN-CMP-12245,SYN-U-16074,2026-05-03T17:27:46,Money was deducted from my account but the grocery merchant did not receive payment confirmation.,PAYMENT,MEDIUM,TRANSACTION_OPERATIONS,RECEIVED,EXPLAINED,1481,0
SYN-CMP-12246,SYN-U-10518,2026-05-03T21:10:36,"Received a scam call asking for OTP, shortly after BDT 8,500 was transferred out.",FRAUD,CRITICAL,FRAUD_INVESTIGATION,RECEIVED,UNBLOCK_ACCOUNT,2794,1
SYN-CMP-12247,SYN-U-11536,2026-05-03T22:24:54,Endorsement limit not updating after submitting updated passport copy.,CARD,MEDIUM,CARD_SERVICES,RECEIVED,UNBLOCK_ACCOUNT,2666,0
SYN-CMP-12248,SYN-U-16199,2026-05-04T01:44:20,Phishing message led to account takeover and repeated cash-out attempts.,FRAUD,CRITICAL,FRAUD_INVESTIGATION,RECEIVED,REFUNDED,2488,1
SYN-CMP-12249,SYN-U-14688,2026-05-04T01:59:52,E-commerce merchant payment processed twice during checkout.,PAYMENT,LOW,TRANSACTION_OPERATIONS,RECEIVED,IN_PROGRESS,446,0
SYN-CMP-12250,SYN-U-19478,2026-05-04T04:18:41,"Accidentally transferred BDT 3,500 to a wrong mobile number.",TRANSFER,LOW,TRANSACTION_OPERATIONS,RECEIVED,UNBLOCK_ACCOUNT,1374,0
SYN-CMP-12251,SYN-U-10529,2026-05-04T04:48:46,E-commerce merchant payment processed twice during checkout.,PAYMENT,MEDIUM,TRANSACTION_OPERATIONS,RECEIVED,REFUNDED,1702,0
SYN-CMP-12252,SYN-U-14487,2026-05-04T07:44:41,"Payment to merchant showed failed on app, but BDT 1,200 deducted from my Upay balance.",PAYMENT,HIGH,TRANSACTION_OPERATIONS,RECEIVED,REVERSED,1631,0
SYN-CMP-12253,SYN-U-19020,2026-05-04T09:36:17,My PIN was compromised and unauthorized funds were transferred to an unknown number.,FRAUD,HIGH,FRAUD_INVESTIGATION,RECEIVED,REVERSED,427,0
SYN-CMP-12254,SYN-U-11795,2026-05-04T09:54:15,Money was deducted from my account but the grocery merchant did not receive payment confirmation.,PAYMENT,MEDIUM,TRANSACTION_OPERATIONS,RECEIVED,EXPLAINED,756,0
SYN-CMP-12255,SYN-U-18697,2026-05-04T10:33:57,Phishing message led to account takeover and repeated cash-out attempts.,FRAUD,CRITICAL,FRAUD_INVESTIGATION,RECEIVED,REFUNDED,2580,1
SYN-CMP-12256,SYN-U-13398,2026-05-04T10:57:43,Agent confirmed cash-out successful on terminal but I did not receive SMS confirmation.,CASH_OUT,MEDIUM,TRANSACTION_OPERATIONS,RECEIVED,UNBLOCK_ACCOUNT,37,0
SYN-CMP-12257,SYN-U-16079,2026-05-04T11:36:38,Inter-wallet transfer delayed during peak evening banking clearing hour.,TRANSFER,LOW,TRANSACTION_OPERATIONS,RECEIVED,IN_PROGRESS,1620,0
SYN-CMP-12258,SYN-U-17008,2026-05-04T13:31:17,Money was deducted from my account but the grocery merchant did not receive payment confirmation.,PAYMENT,MEDIUM,TRANSACTION_OPERATIONS,RECEIVED,REVERSED,196,0
SYN-CMP-12259,SYN-U-10395,2026-05-04T14:04:54,Card charged USD 45.00 for an online software transaction that I cancelled.,CARD,MEDIUM,CARD_SERVICES,RECEIVED,EXPLAINED,2810,0
SYN-CMP-12260,SYN-U-16832,2026-05-04T14:25:17,My account has been temporarily restricted after entering wrong PIN 3 times.,ACCOUNT,LOW,DISPUTES,RECEIVED,EXPLAINED,649,0
SYN-CMP-12261,SYN-U-14816,2026-05-04T15:33:10,Phishing message led to account takeover and repeated cash-out attempts.,FRAUD,HIGH,FRAUD_INVESTIGATION,RECEIVED,REFUNDED,2580,1
SYN-CMP-12262,SYN-U-15993,2026-05-04T16:07:41,Agent confirmed cash-out successful on terminal but I did not receive SMS confirmation.,CASH_OUT,LOW,TRANSACTION_OPERATIONS,RECEIVED,IN_PROGRESS,1290,0
SYN-CMP-12263,SYN-U-19572,2026-05-04T16:07:46,E-commerce merchant payment processed twice during checkout.,PAYMENT,MEDIUM,TRANSACTION_OPERATIONS,RECEIVED,EXPLAINED,829,0
SYN-CMP-12264,SYN-U-13867,2026-05-04T16:29:37,Want to temporarily freeze my physical card due to lost wallet.,CARD,MEDIUM,CARD_SERVICES,RECEIVED,REFUNDED,2712,0
SYN-CMP-12265,SYN-U-17984,2026-05-04T16:57:07,Phishing message led to account takeover and repeated cash-out attempts.,FRAUD,CRITICAL,FRAUD_INVESTIGATION,RECEIVED,DECLINED,1456,0
SYN-CMP-12266,SYN-U-15703,2026-05-04T17:18:00,Duplicate payment charged for the same restaurant QR transaction.,PAYMENT,HIGH,TRANSACTION_OPERATIONS,RECEIVED,REFUNDED,137,0
SYN-CMP-12267,SYN-U-10818,2026-05-04T18:23:51,Network connection error occurred during transaction processing screen.,TECHNICAL,LOW,TECH_SUPPORT,RECEIVED,EXPLAINED,2818,0
SYN-CMP-12268,SYN-U-19613,2026-05-04T19:26:08,Inter-wallet transfer delayed during peak evening banking clearing hour.,TRANSFER,MEDIUM,TRANSACTION_OPERATIONS,RECEIVED,EXPLAINED,1291,0
SYN-CMP-12269,SYN-U-18846,2026-05-04T20:22:32,My PIN was compromised and unauthorized funds were transferred to an unknown number.,FRAUD,CRITICAL,FRAUD_INVESTIGATION,RECEIVED,IN_PROGRESS,806,1
SYN-CMP-12270,SYN-U-13084,2026-05-04T21:45:14,Agent confirmed cash-out successful on terminal but I did not receive SMS confirmation.,CASH_OUT,LOW,TRANSACTION_OPERATIONS,RECEIVED,EXPLAINED,558,0
SYN-CMP-12271,SYN-U-14429,2026-05-05T01:05:00,Card charged USD 45.00 for an online software transaction that I cancelled.,CARD,MEDIUM,CARD_SERVICES,RECEIVED,REFUNDED,1852,0
SYN-CMP-12272,SYN-U-11603,2026-05-05T01:06:33,Duplicate payment charged for the same restaurant QR transaction.,PAYMENT,MEDIUM,TRANSACTION_OPERATIONS,RECEIVED,EXPLAINED,801,0
SYN-CMP-12273,SYN-U-17785,2026-05-05T01:07:30,Card charged USD 45.00 for an online software transaction that I cancelled.,CARD,MEDIUM,CARD_SERVICES,RECEIVED,REFUNDED,1050,0
SYN-CMP-12274,SYN-U-13393,2026-05-05T03:45:27,Bank deposit to Upay wallet via internet banking hasn't reflected after 4 hours.,TRANSFER,LOW,TRANSACTION_OPERATIONS,RECEIVED,EXPLAINED,564,0
SYN-CMP-12275,SYN-U-10927,2026-05-05T04:13:57,Bank deposit to Upay wallet via internet banking hasn't reflected after 4 hours.,TRANSFER,LOW,TRANSACTION_OPERATIONS,RECEIVED,REFUNDED,94,0
SYN-CMP-12276,SYN-U-17881,2026-05-05T05:42:29,"Received a scam call asking for OTP, shortly after BDT 8,500 was transferred out.",FRAUD,CRITICAL,FRAUD_INVESTIGATION,RECEIVED,REFUNDED,2687,0
SYN-CMP-12277,SYN-U-14451,2026-05-05T06:20:40,Money was deducted from my account but the grocery merchant did not receive payment confirmation.,PAYMENT,LOW,TRANSACTION_OPERATIONS,RECEIVED,REVERSED,1923,0
SYN-CMP-12278,SYN-U-12539,2026-05-05T07:34:55,"Suspicious login notification received from unfamiliar device, someone tried to cash out.",FRAUD,HIGH,FRAUD_INVESTIGATION,RECEIVED,REFUNDED,859,1
SYN-CMP-12279,SYN-U-19397,2026-05-05T07:38:04,Cancelled e-commerce order refund amount is missing BDT 250 processing fee.,REFUND,MEDIUM,DISPUTES,RECEIVED,REFUNDED,2409,0
SYN-CMP-12280,SYN-U-13182,2026-05-05T08:26:32,NID verification pending for more than 48 hours.,ACCOUNT,MEDIUM,DISPUTES,RECEIVED,EXPLAINED,1594,0
SYN-CMP-12281,SYN-U-14237,2026-05-05T09:31:46,App says account dormant even though I received funds two weeks ago.,ACCOUNT,LOW,DISPUTES,RECEIVED,REFUNDED,1922,0
SYN-CMP-12282,SYN-U-16592,2026-05-05T10:23:27,"Unauthorized send money transaction of BDT 15,000 sent from my account at 3:00 AM.",FRAUD,CRITICAL,FRAUD_INVESTIGATION,RECEIVED,REFUNDED,2337,1
SYN-CMP-12283,SYN-U-14997,2026-05-05T13:04:15,"Accidentally transferred BDT 3,500 to a wrong mobile number.",TRANSFER,MEDIUM,TRANSACTION_OPERATIONS,RECEIVED,REFUNDED,1888,0
SYN-CMP-12284,SYN-U-14654,2026-05-05T13:32:39,"Received a scam call asking for OTP, shortly after BDT 8,500 was transferred out.",FRAUD,HIGH,FRAUD_INVESTIGATION,RECEIVED,EXPLAINED,2446,0
SYN-CMP-12285,SYN-U-15016,2026-05-05T14:35:21,Unable to update my registered primary phone number and email in settings.,ACCOUNT,MEDIUM,DISPUTES,RECEIVED,REFUNDED,2139,0
SYN-CMP-12286,SYN-U-10207,2026-05-05T17:15:31,"Payment to merchant showed failed on app, but BDT 1,200 deducted from my Upay balance.",PAYMENT,MEDIUM,TRANSACTION_OPERATIONS,RECEIVED,REFUNDED,2232,0
SYN-CMP-12287,SYN-U-10949,2026-05-05T18:08:57,E-commerce merchant payment processed twice during checkout.,PAYMENT,HIGH,TRANSACTION_OPERATIONS,RECEIVED,EXPLAINED,1063,0
SYN-CMP-12288,SYN-U-10749,2026-05-05T18:53:29,Duplicate payment charged for the same restaurant QR transaction.,PAYMENT,MEDIUM,TRANSACTION_OPERATIONS,RECEIVED,REFUNDED,2810,0
SYN-CMP-12289,SYN-U-18984,2026-05-05T19:25:11,"Failed cash out attempt at agent, but funds debited from balance.",CASH_OUT,MEDIUM,TRANSACTION_OPERATIONS,RECEIVED,IN_PROGRESS,22,0
SYN-CMP-12290,SYN-U-11417,2026-05-05T19:38:10,"Payment to merchant showed failed on app, but BDT 1,200 deducted from my Upay balance.",PAYMENT,MEDIUM,TRANSACTION_OPERATIONS,RECEIVED,IN_PROGRESS,499,0
SYN-CMP-12291,SYN-U-13282,2026-05-05T21:54:47,Upay mobile app crashes immediately on splash screen after latest update.,TECHNICAL,LOW,TECH_SUPPORT,RECEIVED,IN_PROGRESS,1145,0
SYN-CMP-12292,SYN-U-11186,2026-05-06T00:18:42,SMS OTP is taking over 5 minutes to arrive during login attempt.,TECHNICAL,LOW,TECH_SUPPORT,RECEIVED,EXPLAINED,1149,0
SYN-CMP-12293,SYN-U-19413,2026-05-06T01:48:04,Want to temporarily freeze my physical card due to lost wallet.,CARD,MEDIUM,CARD_SERVICES,RECEIVED,EXPLAINED,2466,0
SYN-CMP-12294,SYN-U-16022,2026-05-06T02:55:57,Partial refund received instead of full transaction amount.,REFUND,MEDIUM,DISPUTES,RECEIVED,IN_PROGRESS,2354,0
SYN-CMP-12295,SYN-U-18715,2026-05-06T05:44:45,My account has been temporarily restricted after entering wrong PIN 3 times.,ACCOUNT,LOW,DISPUTES,RECEIVED,EXPLAINED,1279,0
SYN-CMP-12296,SYN-U-15093,2026-05-06T06:19:29,"Fund transfer to my linked commercial bank account failed, money not credited yet.",TRANSFER,LOW,TRANSACTION_OPERATIONS,RECEIVED,IN_PROGRESS,1903,0
SYN-CMP-12297,SYN-U-13025,2026-05-06T08:25:29,Money was deducted from my account but the grocery merchant did not receive payment confirmation.,PAYMENT,MEDIUM,TRANSACTION_OPERATIONS,RECEIVED,UNBLOCK_ACCOUNT,2120,0
SYN-CMP-12298,SYN-U-13553,2026-05-06T08:48:13,"Paid utility electricity bill through app yesterday, but bill status still shows unpaid.",PAYMENT,LOW,TRANSACTION_OPERATIONS,RECEIVED,REFUNDED,31,0
SYN-CMP-12299,SYN-U-15396,2026-05-06T09:38:55,Agent confirmed cash-out successful on terminal but I did not receive SMS confirmation.,CASH_OUT,LOW,TRANSACTION_OPERATIONS,RECEIVED,REFUNDED,2202,0
SYN-CMP-12300,SYN-U-13657,2026-05-06T13:43:25,"Payment to merchant showed failed on app, but BDT 1,200 deducted from my Upay balance.",PAYMENT,HIGH,TRANSACTION_OPERATIONS,RECEIVED,EXPLAINED,1917,1
SYN-CMP-12301,SYN-U-13178,2026-05-06T14:34:11,Upay mobile app crashes immediately on splash screen after latest update.,TECHNICAL,MEDIUM,TECH_SUPPORT,RECEIVED,IN_PROGRESS,2114,0
SYN-CMP-12302,SYN-U-17606,2026-05-06T16:02:57,E-commerce merchant payment processed twice during checkout.,PAYMENT,MEDIUM,TRANSACTION_OPERATIONS,RECEIVED,REVERSED,2769,0
SYN-CMP-12303,SYN-U-19347,2026-05-06T17:17:59,Agent deducted fee but the cash-out transaction timed out without dispensing cash.,CASH_OUT,LOW,TRANSACTION_OPERATIONS,RECEIVED,REFUNDED,2632,0
SYN-CMP-12304,SYN-U-10583,2026-05-06T18:23:26,Duplicate payment charged for the same restaurant QR transaction.,PAYMENT,MEDIUM,TRANSACTION_OPERATIONS,RECEIVED,DECLINED,2372,0
SYN-CMP-12305,SYN-U-13297,2026-05-06T19:17:34,Agent deducted fee but the cash-out transaction timed out without dispensing cash.,CASH_OUT,LOW,TRANSACTION_OPERATIONS,RECEIVED,EXPLAINED,1422,0
SYN-CMP-12306,SYN-U-13737,2026-05-06T22:55:51,"Payment to merchant showed failed on app, but BDT 1,200 deducted from my Upay balance.",PAYMENT,LOW,TRANSACTION_OPERATIONS,RECEIVED,EXPLAINED,2600,0
SYN-CMP-12307,SYN-U-18177,2026-05-06T23:56:11,My account has been temporarily restricted after entering wrong PIN 3 times.,ACCOUNT,LOW,DISPUTES,RECEIVED,REFUNDED,2839,0
SYN-CMP-12308,SYN-U-17490,2026-05-07T00:27:12,Upay mobile app crashes immediately on splash screen after latest update.,TECHNICAL,LOW,TECH_SUPPORT,RECEIVED,REFUNDED,619,0
SYN-CMP-12309,SYN-U-11976,2026-05-07T00:29:07,Network connection error occurred during transaction processing screen.,TECHNICAL,MEDIUM,TECH_SUPPORT,RECEIVED,REVERSED,713,0
SYN-CMP-12310,SYN-U-19714,2026-05-07T01:16:47,"Payment to merchant showed failed on app, but BDT 1,200 deducted from my Upay balance.",PAYMENT,LOW,TRANSACTION_OPERATIONS,RECEIVED,REFUNDED,1423,0
SYN-CMP-12311,SYN-U-19143,2026-05-07T01:50:17,E-commerce merchant payment processed twice during checkout.,PAYMENT,HIGH,TRANSACTION_OPERATIONS,RECEIVED,REFUNDED,771,0
SYN-CMP-12312,SYN-U-14299,2026-05-07T03:44:16,E-commerce merchant payment processed twice during checkout.,PAYMENT,MEDIUM,TRANSACTION_OPERATIONS,RECEIVED,REFUNDED,2115,0
SYN-CMP-12313,SYN-U-19072,2026-05-07T05:58:12,E-commerce merchant payment processed twice during checkout.,PAYMENT,MEDIUM,TRANSACTION_OPERATIONS,RECEIVED,REVERSED,2558,0
SYN-CMP-12314,SYN-U-16994,2026-05-07T07:05:31,"Failed cash out attempt at agent, but funds debited from balance.",CASH_OUT,MEDIUM,TRANSACTION_OPERATIONS,RECEIVED,REVERSED,385,0
SYN-CMP-12315,SYN-U-17678,2026-05-07T11:48:21,"Merchant initiated refund 5 business days ago, but balance is not credited.",REFUND,LOW,DISPUTES,RECEIVED,REFUNDED,1382,0
SYN-CMP-12316,SYN-U-10243,2026-05-07T12:36:51,My PIN was compromised and unauthorized funds were transferred to an unknown number.,FRAUD,CRITICAL,FRAUD_INVESTIGATION,RECEIVED,EXPLAINED,2069,0
SYN-CMP-12317,SYN-U-10010,2026-05-07T12:52:19,Cash-out fee charged higher than standard 1.4% rate at the agent point.,CASH_OUT,MEDIUM,TRANSACTION_OPERATIONS,RECEIVED,REFUNDED,2780,0
SYN-CMP-12318,SYN-U-18441,2026-05-07T14:20:27,"Payment to merchant showed failed on app, but BDT 1,200 deducted from my Upay balance.",PAYMENT,LOW,TRANSACTION_OPERATIONS,RECEIVED,REFUNDED,1216,0
SYN-CMP-12319,SYN-U-16996,2026-05-07T15:51:25,Cancelled e-commerce order refund amount is missing BDT 250 processing fee.,REFUND,LOW,DISPUTES,RECEIVED,DECLINED,1189,0
SYN-CMP-12320,SYN-U-11188,2026-05-07T16:12:33,Endorsement limit not updating after submitting updated passport copy.,CARD,MEDIUM,CARD_SERVICES,RECEIVED,UNBLOCK_ACCOUNT,208,0
SYN-CMP-12321,SYN-U-16681,2026-05-07T16:27:18,"Merchant initiated refund 5 business days ago, but balance is not credited.",REFUND,MEDIUM,DISPUTES,RECEIVED,EXPLAINED,574,0
SYN-CMP-12322,SYN-U-10474,2026-05-07T21:03:55,Money was deducted from my account but the grocery merchant did not receive payment confirmation.,PAYMENT,LOW,TRANSACTION_OPERATIONS,RECEIVED,EXPLAINED,1717,0
SYN-CMP-12323,SYN-U-19317,2026-05-07T22:11:06,Duplicate payment charged for the same restaurant QR transaction.,PAYMENT,HIGH,TRANSACTION_OPERATIONS,RECEIVED,REFUNDED,1465,0
SYN-CMP-12324,SYN-U-11045,2026-05-07T22:49:43,Duplicate payment charged for the same restaurant QR transaction.,PAYMENT,HIGH,TRANSACTION_OPERATIONS,RECEIVED,REVERSED,2444,1
SYN-CMP-12325,SYN-U-14081,2026-05-08T01:43:39,App says account dormant even though I received funds two weeks ago.,ACCOUNT,LOW,DISPUTES,RECEIVED,REFUNDED,248,0
SYN-CMP-12326,SYN-U-18797,2026-05-08T02:17:03,Money was deducted from my account but the grocery merchant did not receive payment confirmation.,PAYMENT,MEDIUM,TRANSACTION_OPERATIONS,RECEIVED,EXPLAINED,572,0
SYN-CMP-12327,SYN-U-13840,2026-05-08T02:38:51,Cancelled e-commerce order refund amount is missing BDT 250 processing fee.,REFUND,LOW,DISPUTES,RECEIVED,REVERSED,1486,0
SYN-CMP-12328,SYN-U-12650,2026-05-08T03:16:33,International online transaction toggle keeps turning off automatically in settings.,CARD,LOW,CARD_SERVICES,RECEIVED,EXPLAINED,97,0
SYN-CMP-12329,SYN-U-14340,2026-05-08T03:55:10,"Fund transfer to my linked commercial bank account failed, money not credited yet.",TRANSFER,LOW,TRANSACTION_OPERATIONS,RECEIVED,REVERSED,1015,0
SYN-CMP-12330,SYN-U-17399,2026-05-08T07:22:39,Biometric fingerprint login is not working on my new Android device.,ACCOUNT,MEDIUM,DISPUTES,RECEIVED,EXPLAINED,1181,0
SYN-CMP-12331,SYN-U-11630,2026-05-08T08:42:24,Cancelled e-commerce order refund amount is missing BDT 250 processing fee.,REFUND,LOW,DISPUTES,RECEIVED,REFUNDED,622,0
SYN-CMP-12332,SYN-U-15199,2026-05-08T09:11:46,Unable to update my registered primary phone number and email in settings.,ACCOUNT,LOW,DISPUTES,RECEIVED,REFUNDED,2436,0
SYN-CMP-12333,SYN-U-17166,2026-05-08T09:45:35,Agent confirmed cash-out successful on terminal but I did not receive SMS confirmation.,CASH_OUT,LOW,TRANSACTION_OPERATIONS,RECEIVED,EXPLAINED,1545,0
SYN-CMP-12334,SYN-U-16425,2026-05-08T12:57:53,Want to temporarily freeze my physical card due to lost wallet.,CARD,MEDIUM,CARD_SERVICES,RECEIVED,REFUNDED,1810,0
SYN-CMP-12335,SYN-U-11026,2026-05-08T14:46:18,Biometric fingerprint login is not working on my new Android device.,ACCOUNT,LOW,DISPUTES,RECEIVED,IN_PROGRESS,2199,0
SYN-CMP-12336,SYN-U-11461,2026-05-08T14:55:59,Duplicate payment charged for the same restaurant QR transaction.,PAYMENT,MEDIUM,TRANSACTION_OPERATIONS,RECEIVED,REFUNDED,2470,0
SYN-CMP-12337,SYN-U-18178,2026-05-08T15:12:01,"Payment to merchant showed failed on app, but BDT 1,200 deducted from my Upay balance.",PAYMENT,MEDIUM,TRANSACTION_OPERATIONS,RECEIVED,EXPLAINED,1820,0
SYN-CMP-12338,SYN-U-18286,2026-05-08T22:24:13,Cash-out fee charged higher than standard 1.4% rate at the agent point.,CASH_OUT,LOW,TRANSACTION_OPERATIONS,RECEIVED,REFUNDED,848,0
SYN-CMP-12339,SYN-U-15671,2026-05-09T02:40:34,Card charged USD 45.00 for an online software transaction that I cancelled.,CARD,LOW,CARD_SERVICES,RECEIVED,REFUNDED,2137,0
SYN-CMP-12340,SYN-U-14175,2026-05-09T03:29:06,My PIN was compromised and unauthorized funds were transferred to an unknown number.,FRAUD,HIGH,FRAUD_INVESTIGATION,RECEIVED,REFUNDED,2349,1
SYN-CMP-12341,SYN-U-12522,2026-05-09T03:57:49,Cancelled e-commerce order refund amount is missing BDT 250 processing fee.,REFUND,LOW,DISPUTES,RECEIVED,REFUNDED,2331,0
SYN-CMP-12342,SYN-U-17201,2026-05-09T06:16:12,Agent deducted fee but the cash-out transaction timed out without dispensing cash.,CASH_OUT,MEDIUM,TRANSACTION_OPERATIONS,RECEIVED,EXPLAINED,472,0
SYN-CMP-12343,SYN-U-16192,2026-05-09T06:59:24,Biometric fingerprint login is not working on my new Android device.,ACCOUNT,MEDIUM,DISPUTES,RECEIVED,EXPLAINED,1652,0
SYN-CMP-12344,SYN-U-11431,2026-05-09T10:13:47,"Payment to merchant showed failed on app, but BDT 1,200 deducted from my Upay balance.",PAYMENT,MEDIUM,TRANSACTION_OPERATIONS,RECEIVED,REFUNDED,2055,0
SYN-CMP-12345,SYN-U-10761,2026-05-09T11:02:11,"Payment to merchant showed failed on app, but BDT 1,200 deducted from my Upay balance.",PAYMENT,MEDIUM,TRANSACTION_OPERATIONS,RECEIVED,DECLINED,1322,0
SYN-CMP-12346,SYN-U-12156,2026-05-09T12:08:45,NID verification pending for more than 48 hours.,ACCOUNT,LOW,DISPUTES,RECEIVED,EXPLAINED,811,0
SYN-CMP-12347,SYN-U-14415,2026-05-09T12:37:04,E-commerce merchant payment processed twice during checkout.,PAYMENT,LOW,TRANSACTION_OPERATIONS,RECEIVED,EXPLAINED,2102,0
SYN-CMP-12348,SYN-U-12438,2026-05-09T13:00:35,International online transaction toggle keeps turning off automatically in settings.,CARD,MEDIUM,CARD_SERVICES,RECEIVED,REVERSED,1780,0
SYN-CMP-12349,SYN-U-19375,2026-05-09T13:54:17,App says account dormant even though I received funds two weeks ago.,ACCOUNT,LOW,DISPUTES,RECEIVED,REFUNDED,2649,0
SYN-CMP-12350,SYN-U-19381,2026-05-09T14:47:44,Need clarification on loyalty reward cashback points calculation.,OTHER,LOW,DISPUTES,RECEIVED,UNBLOCK_ACCOUNT,555,0
SYN-CMP-12351,SYN-U-15303,2026-05-09T15:04:23,Cash-out fee charged higher than standard 1.4% rate at the agent point.,CASH_OUT,LOW,TRANSACTION_OPERATIONS,RECEIVED,EXPLAINED,2466,0
SYN-CMP-12352,SYN-U-18559,2026-05-09T16:14:56,E-commerce merchant payment processed twice during checkout.,PAYMENT,MEDIUM,TRANSACTION_OPERATIONS,RECEIVED,REFUNDED,966,0
SYN-CMP-12353,SYN-U-15652,2026-05-09T17:06:04,NID verification pending for more than 48 hours.,ACCOUNT,LOW,DISPUTES,RECEIVED,IN_PROGRESS,2163,0
SYN-CMP-12354,SYN-U-14391,2026-05-09T17:54:54,"Suspicious login notification received from unfamiliar device, someone tried to cash out.",FRAUD,CRITICAL,FRAUD_INVESTIGATION,RECEIVED,EXPLAINED,1438,1
SYN-CMP-12355,SYN-U-15158,2026-05-09T18:02:28,Agent confirmed cash-out successful on terminal but I did not receive SMS confirmation.,CASH_OUT,MEDIUM,TRANSACTION_OPERATIONS,RECEIVED,EXPLAINED,962,0
SYN-CMP-12356,SYN-U-15134,2026-05-09T18:08:39,Want to temporarily freeze my physical card due to lost wallet.,CARD,HIGH,CARD_SERVICES,RECEIVED,REFUNDED,2604,0
SYN-CMP-12357,SYN-U-12679,2026-05-09T19:57:39,Agent deducted fee but the cash-out transaction timed out without dispensing cash.,CASH_OUT,LOW,TRANSACTION_OPERATIONS,RECEIVED,REFUNDED,2558,0
SYN-CMP-12358,SYN-U-14881,2026-05-09T21:23:15,Phishing message led to account takeover and repeated cash-out attempts.,FRAUD,HIGH,FRAUD_INVESTIGATION,RECEIVED,REFUNDED,554,0
SYN-CMP-12359,SYN-U-13532,2026-05-09T22:09:09,Upay mobile app crashes immediately on splash screen after latest update.,TECHNICAL,LOW,TECH_SUPPORT,RECEIVED,IN_PROGRESS,1058,0
SYN-CMP-12360,SYN-U-18251,2026-05-09T22:24:03,"Paid utility electricity bill through app yesterday, but bill status still shows unpaid.",PAYMENT,MEDIUM,TRANSACTION_OPERATIONS,RECEIVED,REVERSED,1264,0
SYN-CMP-12361,SYN-U-16337,2026-05-09T23:02:51,"Merchant initiated refund 5 business days ago, but balance is not credited.",REFUND,LOW,DISPUTES,RECEIVED,DECLINED,1334,0
SYN-CMP-12362,SYN-U-10443,2026-05-10T01:02:41,Duplicate payment charged for the same restaurant QR transaction.,PAYMENT,MEDIUM,TRANSACTION_OPERATIONS,RECEIVED,REFUNDED,1785,0
SYN-CMP-12363,SYN-U-14043,2026-05-10T01:39:52,"Suspicious login notification received from unfamiliar device, someone tried to cash out.",FRAUD,CRITICAL,FRAUD_INVESTIGATION,RECEIVED,REFUNDED,155,1
SYN-CMP-12364,SYN-U-16028,2026-05-10T03:48:42,Card charged USD 45.00 for an online software transaction that I cancelled.,CARD,HIGH,CARD_SERVICES,RECEIVED,REVERSED,1588,1
SYN-CMP-12365,SYN-U-11332,2026-05-10T08:25:55,Duplicate payment charged for the same restaurant QR transaction.,PAYMENT,MEDIUM,TRANSACTION_OPERATIONS,RECEIVED,REFUNDED,1319,0
SYN-CMP-12366,SYN-U-14840,2026-05-10T08:34:45,NID verification pending for more than 48 hours.,ACCOUNT,LOW,DISPUTES,RECEIVED,REFUNDED,30,0
SYN-CMP-12367,SYN-U-15478,2026-05-10T09:49:12,NID verification pending for more than 48 hours.,ACCOUNT,LOW,DISPUTES,RECEIVED,EXPLAINED,357,0
SYN-CMP-12368,SYN-U-12355,2026-05-10T10:50:51,"Unauthorized send money transaction of BDT 15,000 sent from my account at 3:00 AM.",FRAUD,HIGH,FRAUD_INVESTIGATION,RECEIVED,EXPLAINED,1382,0
SYN-CMP-12369,SYN-U-15804,2026-05-10T11:05:01,NID verification pending for more than 48 hours.,ACCOUNT,LOW,DISPUTES,RECEIVED,REFUNDED,1842,0
SYN-CMP-12370,SYN-U-11424,2026-05-10T15:34:46,E-commerce merchant payment processed twice during checkout.,PAYMENT,MEDIUM,TRANSACTION_OPERATIONS,RECEIVED,EXPLAINED,1721,0
SYN-CMP-12371,SYN-U-19551,2026-05-10T17:20:14,Money was deducted from my account but the grocery merchant did not receive payment confirmation.,PAYMENT,MEDIUM,TRANSACTION_OPERATIONS,RECEIVED,EXPLAINED,1392,0
SYN-CMP-12372,SYN-U-18261,2026-05-10T19:20:00,SMS OTP is taking over 5 minutes to arrive during login attempt.,TECHNICAL,MEDIUM,TECH_SUPPORT,RECEIVED,REVERSED,150,0
SYN-CMP-12373,SYN-U-17597,2026-05-10T20:04:05,Duplicate payment charged for the same restaurant QR transaction.,PAYMENT,HIGH,TRANSACTION_OPERATIONS,RECEIVED,IN_PROGRESS,396,0
SYN-CMP-12374,SYN-U-17028,2026-05-10T22:33:23,E-commerce merchant payment processed twice during checkout.,PAYMENT,HIGH,TRANSACTION_OPERATIONS,RECEIVED,EXPLAINED,1627,1
SYN-CMP-12375,SYN-U-10040,2026-05-11T01:23:21,"Paid utility electricity bill through app yesterday, but bill status still shows unpaid.",PAYMENT,MEDIUM,TRANSACTION_OPERATIONS,RECEIVED,UNBLOCK_ACCOUNT,318,0
SYN-CMP-12376,SYN-U-10684,2026-05-11T04:19:23,"Paid utility electricity bill through app yesterday, but bill status still shows unpaid.",PAYMENT,LOW,TRANSACTION_OPERATIONS,RECEIVED,EXPLAINED,1442,0
SYN-CMP-12377,SYN-U-10873,2026-05-11T04:48:44,"Paid utility electricity bill through app yesterday, but bill status still shows unpaid.",PAYMENT,HIGH,TRANSACTION_OPERATIONS,RECEIVED,EXPLAINED,872,0
SYN-CMP-12378,SYN-U-15978,2026-05-11T07:26:23,"Suspicious login notification received from unfamiliar device, someone tried to cash out.",FRAUD,HIGH,FRAUD_INVESTIGATION,RECEIVED,EXPLAINED,2269,0
SYN-CMP-12379,SYN-U-13043,2026-05-11T08:21:09,Duplicate payment charged for the same restaurant QR transaction.,PAYMENT,MEDIUM,TRANSACTION_OPERATIONS,RECEIVED,EXPLAINED,709,0
SYN-CMP-12380,SYN-U-16822,2026-05-11T10:43:37,"Accidentally transferred BDT 3,500 to a wrong mobile number.",TRANSFER,LOW,TRANSACTION_OPERATIONS,RECEIVED,UNBLOCK_ACCOUNT,2488,0
SYN-CMP-12381,SYN-U-15518,2026-05-11T11:32:28,Money was deducted from my account but the grocery merchant did not receive payment confirmation.,PAYMENT,LOW,TRANSACTION_OPERATIONS,RECEIVED,REFUNDED,1789,0
SYN-CMP-12382,SYN-U-19933,2026-05-11T12:16:03,"Received a scam call asking for OTP, shortly after BDT 8,500 was transferred out.",FRAUD,CRITICAL,FRAUD_INVESTIGATION,RECEIVED,DECLINED,298,0
SYN-CMP-12383,SYN-U-16243,2026-05-11T13:40:47,"Received a scam call asking for OTP, shortly after BDT 8,500 was transferred out.",FRAUD,HIGH,FRAUD_INVESTIGATION,RECEIVED,REFUNDED,2553,1
SYN-CMP-12384,SYN-U-19022,2026-05-11T14:05:22,International online transaction toggle keeps turning off automatically in settings.,CARD,MEDIUM,CARD_SERVICES,RECEIVED,REFUNDED,1324,0
SYN-CMP-12385,SYN-U-19857,2026-05-11T15:45:47,Partial refund received instead of full transaction amount.,REFUND,MEDIUM,DISPUTES,RECEIVED,REFUNDED,660,0
SYN-CMP-12386,SYN-U-12343,2026-05-11T16:36:25,"Suspicious login notification received from unfamiliar device, someone tried to cash out.",FRAUD,HIGH,FRAUD_INVESTIGATION,RECEIVED,UNBLOCK_ACCOUNT,2149,1
SYN-CMP-12387,SYN-U-15009,2026-05-11T19:33:37,Money was deducted from my account but the grocery merchant did not receive payment confirmation.,PAYMENT,MEDIUM,TRANSACTION_OPERATIONS,RECEIVED,REVERSED,2325,0
SYN-CMP-12388,SYN-U-14849,2026-05-11T19:35:11,"Fund transfer to my linked commercial bank account failed, money not credited yet.",TRANSFER,LOW,TRANSACTION_OPERATIONS,RECEIVED,REFUNDED,271,0
SYN-CMP-12389,SYN-U-18609,2026-05-11T19:35:39,"Suspicious login notification received from unfamiliar device, someone tried to cash out.",FRAUD,CRITICAL,FRAUD_INVESTIGATION,RECEIVED,EXPLAINED,2763,1
SYN-CMP-12390,SYN-U-10450,2026-05-11T21:05:12,Want to temporarily freeze my physical card due to lost wallet.,CARD,LOW,CARD_SERVICES,RECEIVED,IN_PROGRESS,1251,0
SYN-CMP-12391,SYN-U-17701,2026-05-11T21:42:51,"Payment to merchant showed failed on app, but BDT 1,200 deducted from my Upay balance.",PAYMENT,HIGH,TRANSACTION_OPERATIONS,RECEIVED,UNBLOCK_ACCOUNT,2266,0
SYN-CMP-12392,SYN-U-14051,2026-05-11T21:58:10,"Received a scam call asking for OTP, shortly after BDT 8,500 was transferred out.",FRAUD,CRITICAL,FRAUD_INVESTIGATION,RECEIVED,EXPLAINED,1070,1
SYN-CMP-12393,SYN-U-16428,2026-05-11T22:54:50,"Payment to merchant showed failed on app, but BDT 1,200 deducted from my Upay balance.",PAYMENT,MEDIUM,TRANSACTION_OPERATIONS,RECEIVED,UNBLOCK_ACCOUNT,135,0
SYN-CMP-12394,SYN-U-11472,2026-05-11T23:54:22,E-commerce merchant payment processed twice during checkout.,PAYMENT,HIGH,TRANSACTION_OPERATIONS,RECEIVED,EXPLAINED,2353,0
SYN-CMP-12395,SYN-U-12372,2026-05-12T01:29:07,"Fund transfer to my linked commercial bank account failed, money not credited yet.",TRANSFER,LOW,TRANSACTION_OPERATIONS,RECEIVED,REFUNDED,1508,0
SYN-CMP-12396,SYN-U-17509,2026-05-12T02:24:08,Money was deducted from my account but the grocery merchant did not receive payment confirmation.,PAYMENT,MEDIUM,TRANSACTION_OPERATIONS,RECEIVED,REFUNDED,2677,0
SYN-CMP-12397,SYN-U-13780,2026-05-12T04:31:29,Inter-wallet transfer delayed during peak evening banking clearing hour.,TRANSFER,MEDIUM,TRANSACTION_OPERATIONS,RECEIVED,EXPLAINED,1949,0
SYN-CMP-12398,SYN-U-19031,2026-05-12T05:43:16,Biometric fingerprint login is not working on my new Android device.,ACCOUNT,MEDIUM,DISPUTES,RECEIVED,REFUNDED,2111,0
SYN-CMP-12399,SYN-U-14406,2026-05-12T06:11:28,E-commerce merchant payment processed twice during checkout.,PAYMENT,MEDIUM,TRANSACTION_OPERATIONS,RECEIVED,DECLINED,930,0
SYN-CMP-12400,SYN-U-16503,2026-05-12T06:49:07,Want to temporarily freeze my physical card due to lost wallet.,CARD,HIGH,CARD_SERVICES,RECEIVED,REFUNDED,2008,1
SYN-CMP-12401,SYN-U-12694,2026-05-12T07:15:45,My PIN was compromised and unauthorized funds were transferred to an unknown number.,FRAUD,CRITICAL,FRAUD_INVESTIGATION,RECEIVED,EXPLAINED,2480,1
SYN-CMP-12402,SYN-U-15027,2026-05-12T08:13:35,"Paid utility electricity bill through app yesterday, but bill status still shows unpaid.",PAYMENT,MEDIUM,TRANSACTION_OPERATIONS,RECEIVED,EXPLAINED,1189,0
SYN-CMP-12403,SYN-U-14781,2026-05-12T08:45:55,Money was deducted from my account but the grocery merchant did not receive payment confirmation.,PAYMENT,MEDIUM,TRANSACTION_OPERATIONS,RECEIVED,REVERSED,1274,0
SYN-CMP-12404,SYN-U-19495,2026-05-12T09:12:54,Upay mobile app crashes immediately on splash screen after latest update.,TECHNICAL,MEDIUM,TECH_SUPPORT,RECEIVED,REVERSED,2215,0
SYN-CMP-12405,SYN-U-16161,2026-05-12T13:01:34,SMS OTP is taking over 5 minutes to arrive during login attempt.,TECHNICAL,LOW,TECH_SUPPORT,RECEIVED,REFUNDED,1816,0
SYN-CMP-12406,SYN-U-10809,2026-05-12T13:41:46,E-commerce merchant payment processed twice during checkout.,PAYMENT,MEDIUM,TRANSACTION_OPERATIONS,RECEIVED,IN_PROGRESS,118,0
SYN-CMP-12407,SYN-U-11089,2026-05-12T14:25:02,Duplicate payment charged for the same restaurant QR transaction.,PAYMENT,MEDIUM,TRANSACTION_OPERATIONS,RECEIVED,EXPLAINED,1722,0
SYN-CMP-12408,SYN-U-16810,2026-05-12T16:14:40,Unable to update my registered primary phone number and email in settings.,ACCOUNT,LOW,DISPUTES,RECEIVED,REVERSED,1093,0
SYN-CMP-12409,SYN-U-10352,2026-05-12T16:36:32,App says account dormant even though I received funds two weeks ago.,ACCOUNT,LOW,DISPUTES,RECEIVED,UNBLOCK_ACCOUNT,971,0
SYN-CMP-12410,SYN-U-18531,2026-05-12T18:10:24,Duplicate payment charged for the same restaurant QR transaction.,PAYMENT,MEDIUM,TRANSACTION_OPERATIONS,RECEIVED,REFUNDED,2030,0
SYN-CMP-12411,SYN-U-15661,2026-05-12T20:16:45,Agent deducted fee but the cash-out transaction timed out without dispensing cash.,CASH_OUT,MEDIUM,TRANSACTION_OPERATIONS,RECEIVED,REVERSED,2078,0
SYN-CMP-12412,SYN-U-13720,2026-05-12T22:44:28,Bank deposit to Upay wallet via internet banking hasn't reflected after 4 hours.,TRANSFER,LOW,TRANSACTION_OPERATIONS,RECEIVED,REFUNDED,593,0
SYN-CMP-12413,SYN-U-13586,2026-05-13T01:13:09,"Merchant initiated refund 5 business days ago, but balance is not credited.",REFUND,LOW,DISPUTES,RECEIVED,REVERSED,2355,0
SYN-CMP-12414,SYN-U-10062,2026-05-13T02:12:54,"Paid utility electricity bill through app yesterday, but bill status still shows unpaid.",PAYMENT,MEDIUM,TRANSACTION_OPERATIONS,RECEIVED,EXPLAINED,2718,0
SYN-CMP-12415,SYN-U-18245,2026-05-13T02:28:26,"Accidentally transferred BDT 3,500 to a wrong mobile number.",TRANSFER,LOW,TRANSACTION_OPERATIONS,RECEIVED,REFUNDED,1054,0
SYN-CMP-12416,SYN-U-15467,2026-05-13T02:34:37,"Unauthorized send money transaction of BDT 15,000 sent from my account at 3:00 AM.",FRAUD,CRITICAL,FRAUD_INVESTIGATION,RECEIVED,REFUNDED,964,0
SYN-CMP-12417,SYN-U-18129,2026-05-13T05:32:28,Duplicate payment charged for the same restaurant QR transaction.,PAYMENT,MEDIUM,TRANSACTION_OPERATIONS,RECEIVED,REFUNDED,912,0
SYN-CMP-12418,SYN-U-13497,2026-05-13T05:55:50,Want to temporarily freeze my physical card due to lost wallet.,CARD,HIGH,CARD_SERVICES,RECEIVED,EXPLAINED,2053,1
SYN-CMP-12419,SYN-U-11548,2026-05-13T06:18:52,E-commerce merchant payment processed twice during checkout.,PAYMENT,HIGH,TRANSACTION_OPERATIONS,RECEIVED,REVERSED,2262,0
SYN-CMP-12420,SYN-U-12639,2026-05-13T10:42:12,Phishing message led to account takeover and repeated cash-out attempts.,FRAUD,HIGH,FRAUD_INVESTIGATION,RECEIVED,REFUNDED,150,0
SYN-CMP-12421,SYN-U-17633,2026-05-13T11:52:57,My PIN was compromised and unauthorized funds were transferred to an unknown number.,FRAUD,CRITICAL,FRAUD_INVESTIGATION,RECEIVED,EXPLAINED,2106,1
SYN-CMP-12422,SYN-U-15629,2026-05-13T12:15:57,E-commerce merchant payment processed twice during checkout.,PAYMENT,MEDIUM,TRANSACTION_OPERATIONS,RECEIVED,EXPLAINED,1849,0
SYN-CMP-12423,SYN-U-10448,2026-05-13T12:58:36,"Accidentally transferred BDT 3,500 to a wrong mobile number.",TRANSFER,MEDIUM,TRANSACTION_OPERATIONS,RECEIVED,EXPLAINED,1043,0
SYN-CMP-12424,SYN-U-16703,2026-05-13T14:17:31,Cancelled e-commerce order refund amount is missing BDT 250 processing fee.,REFUND,LOW,DISPUTES,RECEIVED,REFUNDED,2591,0
SYN-CMP-12425,SYN-U-15951,2026-05-13T15:39:36,Phishing message led to account takeover and repeated cash-out attempts.,FRAUD,HIGH,FRAUD_INVESTIGATION,RECEIVED,DECLINED,2151,0
SYN-CMP-12426,SYN-U-10027,2026-05-13T17:39:52,NID verification pending for more than 48 hours.,ACCOUNT,MEDIUM,DISPUTES,RECEIVED,REVERSED,1331,0
SYN-CMP-12427,SYN-U-16111,2026-05-13T19:15:21,SMS OTP is taking over 5 minutes to arrive during login attempt.,TECHNICAL,LOW,TECH_SUPPORT,RECEIVED,EXPLAINED,1709,0
SYN-CMP-12428,SYN-U-19975,2026-05-13T19:21:20,"Unauthorized send money transaction of BDT 15,000 sent from my account at 3:00 AM.",FRAUD,CRITICAL,FRAUD_INVESTIGATION,RECEIVED,REFUNDED,2269,0
SYN-CMP-12429,SYN-U-14575,2026-05-13T19:34:58,Cash-out fee charged higher than standard 1.4% rate at the agent point.,CASH_OUT,LOW,TRANSACTION_OPERATIONS,RECEIVED,EXPLAINED,808,0
SYN-CMP-12430,SYN-U-18731,2026-05-13T19:35:36,Money was deducted from my account but the grocery merchant did not receive payment confirmation.,PAYMENT,MEDIUM,TRANSACTION_OPERATIONS,RECEIVED,IN_PROGRESS,430,0
SYN-CMP-12431,SYN-U-12488,2026-05-13T19:59:19,Bank deposit to Upay wallet via internet banking hasn't reflected after 4 hours.,TRANSFER,LOW,TRANSACTION_OPERATIONS,RECEIVED,REFUNDED,2808,0
SYN-CMP-12432,SYN-U-14328,2026-05-13T21:34:32,E-commerce merchant payment processed twice during checkout.,PAYMENT,MEDIUM,TRANSACTION_OPERATIONS,RECEIVED,DECLINED,1894,0
SYN-CMP-12433,SYN-U-15047,2026-05-13T22:21:57,"Payment to merchant showed failed on app, but BDT 1,200 deducted from my Upay balance.",PAYMENT,HIGH,TRANSACTION_OPERATIONS,RECEIVED,REFUNDED,742,1
SYN-CMP-12434,SYN-U-12773,2026-05-13T22:22:39,Duplicate payment charged for the same restaurant QR transaction.,PAYMENT,HIGH,TRANSACTION_OPERATIONS,RECEIVED,EXPLAINED,126,0
SYN-CMP-12435,SYN-U-18573,2026-05-14T00:58:49,Bank deposit to Upay wallet via internet banking hasn't reflected after 4 hours.,TRANSFER,LOW,TRANSACTION_OPERATIONS,RECEIVED,REFUNDED,2584,0
SYN-CMP-12436,SYN-U-11053,2026-05-14T07:20:09,Unable to update my registered primary phone number and email in settings.,ACCOUNT,MEDIUM,DISPUTES,RECEIVED,UNBLOCK_ACCOUNT,731,0
SYN-CMP-12437,SYN-U-17940,2026-05-14T10:34:41,"Payment to merchant showed failed on app, but BDT 1,200 deducted from my Upay balance.",PAYMENT,MEDIUM,TRANSACTION_OPERATIONS,RECEIVED,EXPLAINED,2152,0
SYN-CMP-12438,SYN-U-15840,2026-05-14T14:28:24,E-commerce merchant payment processed twice during checkout.,PAYMENT,LOW,TRANSACTION_OPERATIONS,RECEIVED,REFUNDED,670,0
SYN-CMP-12439,SYN-U-18131,2026-05-14T14:39:00,Duplicate payment charged for the same restaurant QR transaction.,PAYMENT,LOW,TRANSACTION_OPERATIONS,RECEIVED,EXPLAINED,2311,0
SYN-CMP-12440,SYN-U-11836,2026-05-14T14:50:12,My PIN was compromised and unauthorized funds were transferred to an unknown number.,FRAUD,CRITICAL,FRAUD_INVESTIGATION,RECEIVED,UNBLOCK_ACCOUNT,2482,0
SYN-CMP-12441,SYN-U-11677,2026-05-14T15:53:22,"Suspicious login notification received from unfamiliar device, someone tried to cash out.",FRAUD,HIGH,FRAUD_INVESTIGATION,RECEIVED,UNBLOCK_ACCOUNT,1642,0
SYN-CMP-12442,SYN-U-11443,2026-05-14T17:46:35,Network connection error occurred during transaction processing screen.,TECHNICAL,MEDIUM,TECH_SUPPORT,RECEIVED,UNBLOCK_ACCOUNT,2517,0
SYN-CMP-12443,SYN-U-14544,2026-05-14T18:01:49,Phishing message led to account takeover and repeated cash-out attempts.,FRAUD,CRITICAL,FRAUD_INVESTIGATION,RECEIVED,REFUNDED,536,1
SYN-CMP-12444,SYN-U-15972,2026-05-14T18:08:26,"Paid utility electricity bill through app yesterday, but bill status still shows unpaid.",PAYMENT,HIGH,TRANSACTION_OPERATIONS,RECEIVED,REFUNDED,1347,1
SYN-CMP-12445,SYN-U-14607,2026-05-14T20:35:39,"Merchant initiated refund 5 business days ago, but balance is not credited.",REFUND,LOW,DISPUTES,RECEIVED,UNBLOCK_ACCOUNT,1046,0
SYN-CMP-12446,SYN-U-11043,2026-05-14T20:40:47,Biometric fingerprint login is not working on my new Android device.,ACCOUNT,MEDIUM,DISPUTES,RECEIVED,REFUNDED,2344,0
SYN-CMP-12447,SYN-U-19921,2026-05-14T22:33:06,App says account dormant even though I received funds two weeks ago.,ACCOUNT,MEDIUM,DISPUTES,RECEIVED,REFUNDED,1187,0
SYN-CMP-12448,SYN-U-14020,2026-05-15T00:01:38,Card charged USD 45.00 for an online software transaction that I cancelled.,CARD,LOW,CARD_SERVICES,RECEIVED,EXPLAINED,167,0
SYN-CMP-12449,SYN-U-15357,2026-05-15T00:35:17,Money was deducted from my account but the grocery merchant did not receive payment confirmation.,PAYMENT,LOW,TRANSACTION_OPERATIONS,RECEIVED,REVERSED,1032,0
SYN-CMP-12450,SYN-U-12219,2026-05-15T02:15:04,Phishing message led to account takeover and repeated cash-out attempts.,FRAUD,CRITICAL,FRAUD_INVESTIGATION,RECEIVED,DECLINED,2539,0
SYN-CMP-12451,SYN-U-11740,2026-05-15T03:30:02,"Received a scam call asking for OTP, shortly after BDT 8,500 was transferred out.",FRAUD,HIGH,FRAUD_INVESTIGATION,RECEIVED,DECLINED,1967,1
SYN-CMP-12452,SYN-U-17166,2026-05-15T05:23:34,"Payment to merchant showed failed on app, but BDT 1,200 deducted from my Upay balance.",PAYMENT,HIGH,TRANSACTION_OPERATIONS,RECEIVED,UNBLOCK_ACCOUNT,2664,1
SYN-CMP-12453,SYN-U-14606,2026-05-15T06:23:22,"Accidentally transferred BDT 3,500 to a wrong mobile number.",TRANSFER,MEDIUM,TRANSACTION_OPERATIONS,RECEIVED,EXPLAINED,1893,0
SYN-CMP-12454,SYN-U-18011,2026-05-15T07:41:27,"Payment to merchant showed failed on app, but BDT 1,200 deducted from my Upay balance.",PAYMENT,MEDIUM,TRANSACTION_OPERATIONS,RECEIVED,REFUNDED,342,0
SYN-CMP-12455,SYN-U-17102,2026-05-15T09:00:15,My account has been temporarily restricted after entering wrong PIN 3 times.,ACCOUNT,LOW,DISPUTES,RECEIVED,REFUNDED,2402,0
SYN-CMP-12456,SYN-U-13193,2026-05-15T10:04:07,Money was deducted from my account but the grocery merchant did not receive payment confirmation.,PAYMENT,HIGH,TRANSACTION_OPERATIONS,RECEIVED,IN_PROGRESS,2391,0
SYN-CMP-12457,SYN-U-19119,2026-05-15T10:36:28,Want to temporarily freeze my physical card due to lost wallet.,CARD,MEDIUM,CARD_SERVICES,RECEIVED,EXPLAINED,87,0
SYN-CMP-12458,SYN-U-16645,2026-05-15T10:36:45,International online transaction toggle keeps turning off automatically in settings.,CARD,MEDIUM,CARD_SERVICES,RECEIVED,REVERSED,1604,0
SYN-CMP-12459,SYN-U-17467,2026-05-15T11:42:54,Money was deducted from my account but the grocery merchant did not receive payment confirmation.,PAYMENT,MEDIUM,TRANSACTION_OPERATIONS,RECEIVED,EXPLAINED,1576,0
SYN-CMP-12460,SYN-U-12849,2026-05-15T12:39:59,"Unauthorized send money transaction of BDT 15,000 sent from my account at 3:00 AM.",FRAUD,CRITICAL,FRAUD_INVESTIGATION,RECEIVED,REFUNDED,2009,0
SYN-CMP-12461,SYN-U-16723,2026-05-15T13:30:34,Agent deducted fee but the cash-out transaction timed out without dispensing cash.,CASH_OUT,MEDIUM,TRANSACTION_OPERATIONS,RECEIVED,REFUNDED,2652,0
SYN-CMP-12462,SYN-U-18947,2026-05-15T13:57:42,"Paid utility electricity bill through app yesterday, but bill status still shows unpaid.",PAYMENT,MEDIUM,TRANSACTION_OPERATIONS,RECEIVED,REFUNDED,2544,0
SYN-CMP-12463,SYN-U-17896,2026-05-15T15:32:31,E-commerce merchant payment processed twice during checkout.,PAYMENT,LOW,TRANSACTION_OPERATIONS,RECEIVED,DECLINED,767,0
SYN-CMP-12464,SYN-U-18902,2026-05-15T16:10:41,My virtual dual-currency card was declined while making an international subscription payment.,CARD,HIGH,CARD_SERVICES,RECEIVED,REVERSED,1137,0
SYN-CMP-12465,SYN-U-11829,2026-05-15T19:02:19,Partial refund received instead of full transaction amount.,REFUND,LOW,DISPUTES,RECEIVED,REFUNDED,556,0
SYN-CMP-12466,SYN-U-10946,2026-05-15T21:07:12,My PIN was compromised and unauthorized funds were transferred to an unknown number.,FRAUD,HIGH,FRAUD_INVESTIGATION,RECEIVED,REFUNDED,1453,1
SYN-CMP-12467,SYN-U-11963,2026-05-15T22:09:43,Phishing message led to account takeover and repeated cash-out attempts.,FRAUD,CRITICAL,FRAUD_INVESTIGATION,RECEIVED,EXPLAINED,999,1
SYN-CMP-12468,SYN-U-18455,2026-05-16T00:09:43,Want to temporarily freeze my physical card due to lost wallet.,CARD,MEDIUM,CARD_SERVICES,RECEIVED,EXPLAINED,507,0
SYN-CMP-12469,SYN-U-14167,2026-05-16T02:24:37,"Unauthorized send money transaction of BDT 15,000 sent from my account at 3:00 AM.",FRAUD,HIGH,FRAUD_INVESTIGATION,RECEIVED,REFUNDED,513,0
SYN-CMP-12470,SYN-U-18372,2026-05-16T03:16:37,My account has been temporarily restricted after entering wrong PIN 3 times.,ACCOUNT,MEDIUM,DISPUTES,RECEIVED,REFUNDED,1777,0
SYN-CMP-12471,SYN-U-19512,2026-05-16T04:00:32,Card charged USD 45.00 for an online software transaction that I cancelled.,CARD,LOW,CARD_SERVICES,RECEIVED,DECLINED,2792,0
SYN-CMP-12472,SYN-U-17716,2026-05-16T04:25:40,"Payment to merchant showed failed on app, but BDT 1,200 deducted from my Upay balance.",PAYMENT,LOW,TRANSACTION_OPERATIONS,RECEIVED,IN_PROGRESS,927,0
SYN-CMP-12473,SYN-U-13983,2026-05-16T04:39:03,Endorsement limit not updating after submitting updated passport copy.,CARD,HIGH,CARD_SERVICES,RECEIVED,REVERSED,2304,1
SYN-CMP-12474,SYN-U-12072,2026-05-16T05:32:55,"Paid utility electricity bill through app yesterday, but bill status still shows unpaid.",PAYMENT,MEDIUM,TRANSACTION_OPERATIONS,RECEIVED,EXPLAINED,2217,0
SYN-CMP-12475,SYN-U-12016,2026-05-16T07:04:02,Biometric fingerprint login is not working on my new Android device.,ACCOUNT,LOW,DISPUTES,RECEIVED,REFUNDED,2846,0
SYN-CMP-12476,SYN-U-14768,2026-05-16T07:21:43,International online transaction toggle keeps turning off automatically in settings.,CARD,MEDIUM,CARD_SERVICES,RECEIVED,DECLINED,2651,0
SYN-CMP-12477,SYN-U-17417,2026-05-16T09:27:03,Duplicate payment charged for the same restaurant QR transaction.,PAYMENT,MEDIUM,TRANSACTION_OPERATIONS,RECEIVED,REFUNDED,638,0
SYN-CMP-12478,SYN-U-17114,2026-05-16T13:00:51,International online transaction toggle keeps turning off automatically in settings.,CARD,MEDIUM,CARD_SERVICES,RECEIVED,EXPLAINED,2287,0
SYN-CMP-12479,SYN-U-18489,2026-05-16T13:06:42,"Unauthorized send money transaction of BDT 15,000 sent from my account at 3:00 AM.",FRAUD,CRITICAL,FRAUD_INVESTIGATION,RECEIVED,UNBLOCK_ACCOUNT,248,1
SYN-CMP-12480,SYN-U-19104,2026-05-16T13:24:45,Cash-out fee charged higher than standard 1.4% rate at the agent point.,CASH_OUT,LOW,TRANSACTION_OPERATIONS,RECEIVED,EXPLAINED,656,0
SYN-CMP-12481,SYN-U-13740,2026-05-16T13:59:31,Want to temporarily freeze my physical card due to lost wallet.,CARD,HIGH,CARD_SERVICES,RECEIVED,EXPLAINED,586,0
SYN-CMP-12482,SYN-U-11172,2026-05-16T15:08:43,"Paid utility electricity bill through app yesterday, but bill status still shows unpaid.",PAYMENT,LOW,TRANSACTION_OPERATIONS,RECEIVED,UNBLOCK_ACCOUNT,1827,0
SYN-CMP-12483,SYN-U-15904,2026-05-16T15:25:26,"Received a scam call asking for OTP, shortly after BDT 8,500 was transferred out.",FRAUD,HIGH,FRAUD_INVESTIGATION,RECEIVED,EXPLAINED,2679,1
SYN-CMP-12484,SYN-U-19387,2026-05-16T17:10:58,Need clarification on loyalty reward cashback points calculation.,OTHER,LOW,DISPUTES,RECEIVED,IN_PROGRESS,1972,0
SYN-CMP-12485,SYN-U-10231,2026-05-16T21:24:33,Bank deposit to Upay wallet via internet banking hasn't reflected after 4 hours.,TRANSFER,MEDIUM,TRANSACTION_OPERATIONS,RECEIVED,REFUNDED,2841,0
SYN-CMP-12486,SYN-U-15187,2026-05-16T21:26:47,My PIN was compromised and unauthorized funds were transferred to an unknown number.,FRAUD,HIGH,FRAUD_INVESTIGATION,RECEIVED,EXPLAINED,2205,0
SYN-CMP-12487,SYN-U-16245,2026-05-16T21:52:44,"Payment to merchant showed failed on app, but BDT 1,200 deducted from my Upay balance.",PAYMENT,MEDIUM,TRANSACTION_OPERATIONS,RECEIVED,EXPLAINED,2568,0
SYN-CMP-12488,SYN-U-12787,2026-05-16T21:59:28,"Unauthorized send money transaction of BDT 15,000 sent from my account at 3:00 AM.",FRAUD,HIGH,FRAUD_INVESTIGATION,RECEIVED,REFUNDED,1085,1
SYN-CMP-12489,SYN-U-11293,2026-05-16T22:53:48,"Merchant initiated refund 5 business days ago, but balance is not credited.",REFUND,LOW,DISPUTES,RECEIVED,EXPLAINED,2691,0
SYN-CMP-12490,SYN-U-13561,2026-05-17T00:03:20,Upay mobile app crashes immediately on splash screen after latest update.,TECHNICAL,MEDIUM,TECH_SUPPORT,RECEIVED,REFUNDED,1696,0
SYN-CMP-12491,SYN-U-17887,2026-05-17T04:01:53,Upay mobile app crashes immediately on splash screen after latest update.,TECHNICAL,LOW,TECH_SUPPORT,RECEIVED,REFUNDED,2124,0
SYN-CMP-12492,SYN-U-10765,2026-05-17T07:30:51,My virtual dual-currency card was declined while making an international subscription payment.,CARD,HIGH,CARD_SERVICES,RECEIVED,REFUNDED,2297,0
SYN-CMP-12493,SYN-U-14486,2026-05-17T07:32:45,NID verification pending for more than 48 hours.,ACCOUNT,MEDIUM,DISPUTES,RECEIVED,DECLINED,897,0
SYN-CMP-12494,SYN-U-12538,2026-05-17T15:29:30,"Fund transfer to my linked commercial bank account failed, money not credited yet.",TRANSFER,LOW,TRANSACTION_OPERATIONS,RECEIVED,REFUNDED,533,0
SYN-CMP-12495,SYN-U-18614,2026-05-17T15:45:19,Phishing message led to account takeover and repeated cash-out attempts.,FRAUD,CRITICAL,FRAUD_INVESTIGATION,RECEIVED,EXPLAINED,43,1
SYN-CMP-12496,SYN-U-16406,2026-05-17T19:25:36,"Payment to merchant showed failed on app, but BDT 1,200 deducted from my Upay balance.",PAYMENT,MEDIUM,TRANSACTION_OPERATIONS,RECEIVED,EXPLAINED,1005,0
SYN-CMP-12497,SYN-U-14540,2026-05-17T19:43:37,"Suspicious login notification received from unfamiliar device, someone tried to cash out.",FRAUD,CRITICAL,FRAUD_INVESTIGATION,RECEIVED,REFUNDED,2500,0
SYN-CMP-12498,SYN-U-10897,2026-05-17T20:39:21,E-commerce merchant payment processed twice during checkout.,PAYMENT,HIGH,TRANSACTION_OPERATIONS,RECEIVED,REVERSED,1622,0
SYN-CMP-12499,SYN-U-15271,2026-05-17T23:50:51,Endorsement limit not updating after submitting updated passport copy.,CARD,MEDIUM,CARD_SERVICES,RECEIVED,UNBLOCK_ACCOUNT,547,0
SYN-CMP-12500,SYN-U-17762,2026-05-18T00:03:13,Cash-out fee charged higher than standard 1.4% rate at the agent point.,CASH_OUT,LOW,TRANSACTION_OPERATIONS,RECEIVED,EXPLAINED,521,0
SYN-CMP-12501,SYN-U-17740,2026-05-18T00:54:54,"Paid utility electricity bill through app yesterday, but bill status still shows unpaid.",PAYMENT,MEDIUM,TRANSACTION_OPERATIONS,RECEIVED,DECLINED,2448,0
SYN-CMP-12502,SYN-U-11230,2026-05-18T02:28:51,Agent deducted fee but the cash-out transaction timed out without dispensing cash.,CASH_OUT,LOW,TRANSACTION_OPERATIONS,RECEIVED,REFUNDED,1794,0
SYN-CMP-12503,SYN-U-10267,2026-05-18T04:34:16,Money was deducted from my account but the grocery merchant did not receive payment confirmation.,PAYMENT,LOW,TRANSACTION_OPERATIONS,RECEIVED,REFUNDED,2617,0
SYN-CMP-12504,SYN-U-16864,2026-05-18T05:31:00,"Payment to merchant showed failed on app, but BDT 1,200 deducted from my Upay balance.",PAYMENT,HIGH,TRANSACTION_OPERATIONS,RECEIVED,REFUNDED,2555,1
SYN-CMP-12505,SYN-U-14458,2026-05-18T08:04:33,Partial refund received instead of full transaction amount.,REFUND,MEDIUM,DISPUTES,RECEIVED,EXPLAINED,1796,0
SYN-CMP-12506,SYN-U-10107,2026-05-18T09:54:27,E-commerce merchant payment processed twice during checkout.,PAYMENT,MEDIUM,TRANSACTION_OPERATIONS,RECEIVED,REFUNDED,2430,0
SYN-CMP-12507,SYN-U-13446,2026-05-18T10:22:25,Card charged USD 45.00 for an online software transaction that I cancelled.,CARD,MEDIUM,CARD_SERVICES,RECEIVED,IN_PROGRESS,2085,0
SYN-CMP-12508,SYN-U-19416,2026-05-18T12:12:49,Duplicate payment charged for the same restaurant QR transaction.,PAYMENT,MEDIUM,TRANSACTION_OPERATIONS,RECEIVED,IN_PROGRESS,2206,0
SYN-CMP-12509,SYN-U-16245,2026-05-18T12:14:33,E-commerce merchant payment processed twice during checkout.,PAYMENT,MEDIUM,TRANSACTION_OPERATIONS,RECEIVED,EXPLAINED,967,0
SYN-CMP-12510,SYN-U-15654,2026-05-18T12:24:48,Want to temporarily freeze my physical card due to lost wallet.,CARD,HIGH,CARD_SERVICES,RECEIVED,REFUNDED,1779,0
SYN-CMP-12511,SYN-U-13725,2026-05-18T15:19:14,Want to temporarily freeze my physical card due to lost wallet.,CARD,MEDIUM,CARD_SERVICES,RECEIVED,REFUNDED,2850,0
SYN-CMP-12512,SYN-U-15591,2026-05-18T19:44:59,"Payment to merchant showed failed on app, but BDT 1,200 deducted from my Upay balance.",PAYMENT,LOW,TRANSACTION_OPERATIONS,RECEIVED,REVERSED,881,0
SYN-CMP-12513,SYN-U-18645,2026-05-18T21:06:10,Money was deducted from my account but the grocery merchant did not receive payment confirmation.,PAYMENT,MEDIUM,TRANSACTION_OPERATIONS,RECEIVED,EXPLAINED,557,0
SYN-CMP-12514,SYN-U-13574,2026-05-18T22:36:24,Biometric fingerprint login is not working on my new Android device.,ACCOUNT,LOW,DISPUTES,RECEIVED,UNBLOCK_ACCOUNT,544,0
SYN-CMP-12515,SYN-U-12719,2026-05-18T23:12:53,"Suspicious login notification received from unfamiliar device, someone tried to cash out.",FRAUD,CRITICAL,FRAUD_INVESTIGATION,RECEIVED,REFUNDED,1531,1
SYN-CMP-12516,SYN-U-19183,2026-05-19T00:25:32,Card charged USD 45.00 for an online software transaction that I cancelled.,CARD,HIGH,CARD_SERVICES,RECEIVED,EXPLAINED,276,1
SYN-CMP-12517,SYN-U-12016,2026-05-19T00:45:24,Cancelled e-commerce order refund amount is missing BDT 250 processing fee.,REFUND,LOW,DISPUTES,RECEIVED,REVERSED,107,0
SYN-CMP-12518,SYN-U-15920,2026-05-19T02:22:44,Inter-wallet transfer delayed during peak evening banking clearing hour.,TRANSFER,MEDIUM,TRANSACTION_OPERATIONS,RECEIVED,EXPLAINED,1167,0
SYN-CMP-12519,SYN-U-17069,2026-05-19T02:28:32,"Suspicious login notification received from unfamiliar device, someone tried to cash out.",FRAUD,CRITICAL,FRAUD_INVESTIGATION,RECEIVED,EXPLAINED,2072,1
SYN-CMP-12520,SYN-U-16174,2026-05-19T03:31:09,Partial refund received instead of full transaction amount.,REFUND,LOW,DISPUTES,RECEIVED,EXPLAINED,2363,0
SYN-CMP-12521,SYN-U-15043,2026-05-19T05:40:51,"Unauthorized send money transaction of BDT 15,000 sent from my account at 3:00 AM.",FRAUD,CRITICAL,FRAUD_INVESTIGATION,RECEIVED,REFUNDED,2272,1
SYN-CMP-12522,SYN-U-19337,2026-05-19T09:13:40,"Merchant initiated refund 5 business days ago, but balance is not credited.",REFUND,MEDIUM,DISPUTES,RECEIVED,IN_PROGRESS,1393,0
SYN-CMP-12523,SYN-U-10536,2026-05-19T10:00:25,"Paid utility electricity bill through app yesterday, but bill status still shows unpaid.",PAYMENT,MEDIUM,TRANSACTION_OPERATIONS,RECEIVED,REFUNDED,1898,0
SYN-CMP-12524,SYN-U-10732,2026-05-19T15:02:36,NID verification pending for more than 48 hours.,ACCOUNT,MEDIUM,DISPUTES,RECEIVED,REFUNDED,1183,0
SYN-CMP-12525,SYN-U-10491,2026-05-19T16:57:47,"Received a scam call asking for OTP, shortly after BDT 8,500 was transferred out.",FRAUD,HIGH,FRAUD_INVESTIGATION,RECEIVED,REFUNDED,2159,1
SYN-CMP-12526,SYN-U-13848,2026-05-19T17:01:33,E-commerce merchant payment processed twice during checkout.,PAYMENT,MEDIUM,TRANSACTION_OPERATIONS,RECEIVED,IN_PROGRESS,2705,0
SYN-CMP-12527,SYN-U-15898,2026-05-19T17:16:23,"Unauthorized send money transaction of BDT 15,000 sent from my account at 3:00 AM.",FRAUD,HIGH,FRAUD_INVESTIGATION,RECEIVED,REVERSED,77,1
SYN-CMP-12528,SYN-U-19450,2026-05-19T18:22:38,"Payment to merchant showed failed on app, but BDT 1,200 deducted from my Upay balance.",PAYMENT,MEDIUM,TRANSACTION_OPERATIONS,RECEIVED,UNBLOCK_ACCOUNT,2428,0
SYN-CMP-12529,SYN-U-17885,2026-05-19T20:48:40,"Payment to merchant showed failed on app, but BDT 1,200 deducted from my Upay balance.",PAYMENT,LOW,TRANSACTION_OPERATIONS,RECEIVED,EXPLAINED,2787,0
SYN-CMP-12530,SYN-U-14777,2026-05-19T21:57:47,Want to temporarily freeze my physical card due to lost wallet.,CARD,HIGH,CARD_SERVICES,RECEIVED,EXPLAINED,2615,0
SYN-CMP-12531,SYN-U-19197,2026-05-19T23:08:05,Unable to update my registered primary phone number and email in settings.,ACCOUNT,LOW,DISPUTES,RECEIVED,EXPLAINED,462,0
SYN-CMP-12532,SYN-U-19619,2026-05-19T23:17:54,Agent deducted fee but the cash-out transaction timed out without dispensing cash.,CASH_OUT,LOW,TRANSACTION_OPERATIONS,RECEIVED,DECLINED,2080,0
SYN-CMP-12533,SYN-U-19470,2026-05-20T02:35:27,Agent confirmed cash-out successful on terminal but I did not receive SMS confirmation.,CASH_OUT,LOW,TRANSACTION_OPERATIONS,RECEIVED,EXPLAINED,1390,0
SYN-CMP-12534,SYN-U-18842,2026-05-20T02:44:30,"Fund transfer to my linked commercial bank account failed, money not credited yet.",TRANSFER,MEDIUM,TRANSACTION_OPERATIONS,RECEIVED,IN_PROGRESS,272,0
SYN-CMP-12535,SYN-U-16483,2026-05-20T03:18:47,"Paid utility electricity bill through app yesterday, but bill status still shows unpaid.",PAYMENT,LOW,TRANSACTION_OPERATIONS,RECEIVED,REFUNDED,1201,0
SYN-CMP-12536,SYN-U-18350,2026-05-20T03:34:28,My PIN was compromised and unauthorized funds were transferred to an unknown number.,FRAUD,CRITICAL,FRAUD_INVESTIGATION,RECEIVED,REVERSED,2234,1
SYN-CMP-12537,SYN-U-13194,2026-05-20T03:39:37,"Paid utility electricity bill through app yesterday, but bill status still shows unpaid.",PAYMENT,LOW,TRANSACTION_OPERATIONS,RECEIVED,EXPLAINED,988,0
SYN-CMP-12538,SYN-U-16691,2026-05-20T04:08:22,Agent confirmed cash-out successful on terminal but I did not receive SMS confirmation.,CASH_OUT,LOW,TRANSACTION_OPERATIONS,RECEIVED,REFUNDED,1077,0
SYN-CMP-12539,SYN-U-19513,2026-05-20T04:50:55,Money was deducted from my account but the grocery merchant did not receive payment confirmation.,PAYMENT,LOW,TRANSACTION_OPERATIONS,RECEIVED,EXPLAINED,662,0
SYN-CMP-12540,SYN-U-17210,2026-05-20T07:49:57,"Suspicious login notification received from unfamiliar device, someone tried to cash out.",FRAUD,HIGH,FRAUD_INVESTIGATION,RECEIVED,UNBLOCK_ACCOUNT,536,1
SYN-CMP-12541,SYN-U-17312,2026-05-20T08:00:18,Agent confirmed cash-out successful on terminal but I did not receive SMS confirmation.,CASH_OUT,MEDIUM,TRANSACTION_OPERATIONS,RECEIVED,DECLINED,1812,0
SYN-CMP-12542,SYN-U-16958,2026-05-20T08:35:30,Duplicate payment charged for the same restaurant QR transaction.,PAYMENT,MEDIUM,TRANSACTION_OPERATIONS,RECEIVED,REVERSED,1556,0
SYN-CMP-12543,SYN-U-14224,2026-05-20T10:58:03,Duplicate payment charged for the same restaurant QR transaction.,PAYMENT,MEDIUM,TRANSACTION_OPERATIONS,RECEIVED,REFUNDED,2727,0
SYN-CMP-12544,SYN-U-11860,2026-05-20T13:54:21,Upay mobile app crashes immediately on splash screen after latest update.,TECHNICAL,MEDIUM,TECH_SUPPORT,RECEIVED,REFUNDED,2266,0
SYN-CMP-12545,SYN-U-17675,2026-05-20T14:06:22,Need clarification on loyalty reward cashback points calculation.,OTHER,LOW,DISPUTES,RECEIVED,EXPLAINED,2040,0
SYN-CMP-12546,SYN-U-13988,2026-05-20T14:15:33,"Failed cash out attempt at agent, but funds debited from balance.",CASH_OUT,MEDIUM,TRANSACTION_OPERATIONS,RECEIVED,REFUNDED,2705,0
SYN-CMP-12547,SYN-U-19501,2026-05-20T15:19:37,"Unauthorized send money transaction of BDT 15,000 sent from my account at 3:00 AM.",FRAUD,CRITICAL,FRAUD_INVESTIGATION,RECEIVED,EXPLAINED,332,1
SYN-CMP-12548,SYN-U-10553,2026-05-20T15:30:45,Endorsement limit not updating after submitting updated passport copy.,CARD,MEDIUM,CARD_SERVICES,RECEIVED,REFUNDED,53,0
SYN-CMP-12549,SYN-U-11622,2026-05-20T18:20:56,Bank deposit to Upay wallet via internet banking hasn't reflected after 4 hours.,TRANSFER,LOW,TRANSACTION_OPERATIONS,RECEIVED,REFUNDED,177,0
SYN-CMP-12550,SYN-U-11910,2026-05-20T19:02:24,SMS OTP is taking over 5 minutes to arrive during login attempt.,TECHNICAL,LOW,TECH_SUPPORT,RECEIVED,REVERSED,160,0
SYN-CMP-12551,SYN-U-18725,2026-05-20T19:31:57,Biometric fingerprint login is not working on my new Android device.,ACCOUNT,MEDIUM,DISPUTES,RECEIVED,DECLINED,1647,0
SYN-CMP-12552,SYN-U-13574,2026-05-20T19:59:54,Cash-out fee charged higher than standard 1.4% rate at the agent point.,CASH_OUT,MEDIUM,TRANSACTION_OPERATIONS,RECEIVED,IN_PROGRESS,1801,0
SYN-CMP-12553,SYN-U-14094,2026-05-20T20:43:01,Money was deducted from my account but the grocery merchant did not receive payment confirmation.,PAYMENT,MEDIUM,TRANSACTION_OPERATIONS,RECEIVED,REFUNDED,1202,0
SYN-CMP-12554,SYN-U-16283,2026-05-20T21:52:07,App says account dormant even though I received funds two weeks ago.,ACCOUNT,MEDIUM,DISPUTES,RECEIVED,REFUNDED,1362,0
SYN-CMP-12555,SYN-U-19091,2026-05-20T21:54:14,"Payment to merchant showed failed on app, but BDT 1,200 deducted from my Upay balance.",PAYMENT,LOW,TRANSACTION_OPERATIONS,RECEIVED,EXPLAINED,1373,0
SYN-CMP-12556,SYN-U-18548,2026-05-20T23:39:33,E-commerce merchant payment processed twice during checkout.,PAYMENT,MEDIUM,TRANSACTION_OPERATIONS,RECEIVED,IN_PROGRESS,657,0
SYN-CMP-12557,SYN-U-13615,2026-05-20T23:58:28,"Paid utility electricity bill through app yesterday, but bill status still shows unpaid.",PAYMENT,MEDIUM,TRANSACTION_OPERATIONS,RECEIVED,REFUNDED,1276,0
SYN-CMP-12558,SYN-U-12371,2026-05-21T00:36:13,"Paid utility electricity bill through app yesterday, but bill status still shows unpaid.",PAYMENT,MEDIUM,TRANSACTION_OPERATIONS,RECEIVED,UNBLOCK_ACCOUNT,97,0
SYN-CMP-12559,SYN-U-16733,2026-05-21T00:49:41,"Payment to merchant showed failed on app, but BDT 1,200 deducted from my Upay balance.",PAYMENT,HIGH,TRANSACTION_OPERATIONS,RECEIVED,REFUNDED,690,0
SYN-CMP-12560,SYN-U-17831,2026-05-21T02:31:30,Endorsement limit not updating after submitting updated passport copy.,CARD,MEDIUM,CARD_SERVICES,RECEIVED,EXPLAINED,925,0
SYN-CMP-12561,SYN-U-13138,2026-05-21T03:28:16,"Unauthorized send money transaction of BDT 15,000 sent from my account at 3:00 AM.",FRAUD,CRITICAL,FRAUD_INVESTIGATION,RECEIVED,EXPLAINED,556,1
SYN-CMP-12562,SYN-U-12909,2026-05-21T05:40:05,International online transaction toggle keeps turning off automatically in settings.,CARD,HIGH,CARD_SERVICES,RECEIVED,REFUNDED,2437,1
SYN-CMP-12563,SYN-U-17196,2026-05-21T07:36:25,Duplicate payment charged for the same restaurant QR transaction.,PAYMENT,LOW,TRANSACTION_OPERATIONS,RECEIVED,EXPLAINED,190,0
SYN-CMP-12564,SYN-U-15593,2026-05-21T08:12:22,Endorsement limit not updating after submitting updated passport copy.,CARD,MEDIUM,CARD_SERVICES,RECEIVED,REFUNDED,608,0
SYN-CMP-12565,SYN-U-15554,2026-05-21T08:16:25,Inter-wallet transfer delayed during peak evening banking clearing hour.,TRANSFER,MEDIUM,TRANSACTION_OPERATIONS,RECEIVED,REVERSED,2804,0
SYN-CMP-12566,SYN-U-14252,2026-05-21T09:21:28,"Unauthorized send money transaction of BDT 15,000 sent from my account at 3:00 AM.",FRAUD,CRITICAL,FRAUD_INVESTIGATION,RECEIVED,EXPLAINED,2806,1
SYN-CMP-12567,SYN-U-11478,2026-05-21T09:34:25,NID verification pending for more than 48 hours.,ACCOUNT,LOW,DISPUTES,RECEIVED,IN_PROGRESS,2046,0
SYN-CMP-12568,SYN-U-11276,2026-05-21T11:58:16,Upay mobile app crashes immediately on splash screen after latest update.,TECHNICAL,MEDIUM,TECH_SUPPORT,RECEIVED,IN_PROGRESS,899,0
SYN-CMP-12569,SYN-U-14999,2026-05-21T14:14:26,Money was deducted from my account but the grocery merchant did not receive payment confirmation.,PAYMENT,LOW,TRANSACTION_OPERATIONS,RECEIVED,REFUNDED,493,0
SYN-CMP-12570,SYN-U-19059,2026-05-21T16:46:24,Card charged USD 45.00 for an online software transaction that I cancelled.,CARD,MEDIUM,CARD_SERVICES,RECEIVED,EXPLAINED,1233,0
SYN-CMP-12571,SYN-U-17547,2026-05-21T16:53:54,Endorsement limit not updating after submitting updated passport copy.,CARD,MEDIUM,CARD_SERVICES,RECEIVED,EXPLAINED,1032,0
SYN-CMP-12572,SYN-U-13828,2026-05-21T22:42:50,Agent deducted fee but the cash-out transaction timed out without dispensing cash.,CASH_OUT,MEDIUM,TRANSACTION_OPERATIONS,RECEIVED,UNBLOCK_ACCOUNT,347,0
SYN-CMP-12573,SYN-U-14548,2026-05-21T23:32:06,Network connection error occurred during transaction processing screen.,TECHNICAL,LOW,TECH_SUPPORT,RECEIVED,EXPLAINED,2760,0
SYN-CMP-12574,SYN-U-16692,2026-05-22T00:10:49,Money was deducted from my account but the grocery merchant did not receive payment confirmation.,PAYMENT,LOW,TRANSACTION_OPERATIONS,RECEIVED,EXPLAINED,589,0
SYN-CMP-12575,SYN-U-14926,2026-05-22T00:50:17,Cash-out fee charged higher than standard 1.4% rate at the agent point.,CASH_OUT,MEDIUM,TRANSACTION_OPERATIONS,RECEIVED,REFUNDED,2378,0
SYN-CMP-12576,SYN-U-12979,2026-05-22T01:20:31,"Accidentally transferred BDT 3,500 to a wrong mobile number.",TRANSFER,MEDIUM,TRANSACTION_OPERATIONS,RECEIVED,REFUNDED,1192,0
SYN-CMP-12577,SYN-U-12696,2026-05-22T01:39:34,"Payment to merchant showed failed on app, but BDT 1,200 deducted from my Upay balance.",PAYMENT,LOW,TRANSACTION_OPERATIONS,RECEIVED,UNBLOCK_ACCOUNT,2103,0
SYN-CMP-12578,SYN-U-18230,2026-05-22T08:24:28,"Suspicious login notification received from unfamiliar device, someone tried to cash out.",FRAUD,CRITICAL,FRAUD_INVESTIGATION,RECEIVED,EXPLAINED,918,1
SYN-CMP-12579,SYN-U-14976,2026-05-22T11:25:05,Card charged USD 45.00 for an online software transaction that I cancelled.,CARD,LOW,CARD_SERVICES,RECEIVED,UNBLOCK_ACCOUNT,1643,0
SYN-CMP-12580,SYN-U-18407,2026-05-22T11:28:21,"Failed cash out attempt at agent, but funds debited from balance.",CASH_OUT,LOW,TRANSACTION_OPERATIONS,RECEIVED,EXPLAINED,305,0
SYN-CMP-12581,SYN-U-16127,2026-05-22T12:29:55,Cancelled e-commerce order refund amount is missing BDT 250 processing fee.,REFUND,MEDIUM,DISPUTES,RECEIVED,REFUNDED,852,0
SYN-CMP-12582,SYN-U-16498,2026-05-22T14:01:33,"Payment to merchant showed failed on app, but BDT 1,200 deducted from my Upay balance.",PAYMENT,HIGH,TRANSACTION_OPERATIONS,RECEIVED,EXPLAINED,1191,1
SYN-CMP-12583,SYN-U-18518,2026-05-22T15:10:53,Cancelled e-commerce order refund amount is missing BDT 250 processing fee.,REFUND,MEDIUM,DISPUTES,RECEIVED,EXPLAINED,1619,0
SYN-CMP-12584,SYN-U-18028,2026-05-22T19:27:59,"Received a scam call asking for OTP, shortly after BDT 8,500 was transferred out.",FRAUD,HIGH,FRAUD_INVESTIGATION,RECEIVED,REFUNDED,1925,0
SYN-CMP-12585,SYN-U-12399,2026-05-22T23:35:08,"Unauthorized send money transaction of BDT 15,000 sent from my account at 3:00 AM.",FRAUD,HIGH,FRAUD_INVESTIGATION,RECEIVED,IN_PROGRESS,1731,1
SYN-CMP-12586,SYN-U-11354,2026-05-23T02:07:24,App says account dormant even though I received funds two weeks ago.,ACCOUNT,MEDIUM,DISPUTES,RECEIVED,EXPLAINED,2197,0
SYN-CMP-12587,SYN-U-12613,2026-05-23T04:21:10,"Paid utility electricity bill through app yesterday, but bill status still shows unpaid.",PAYMENT,MEDIUM,TRANSACTION_OPERATIONS,RECEIVED,IN_PROGRESS,1332,0
SYN-CMP-12588,SYN-U-14379,2026-05-23T05:00:30,Agent confirmed cash-out successful on terminal but I did not receive SMS confirmation.,CASH_OUT,LOW,TRANSACTION_OPERATIONS,RECEIVED,IN_PROGRESS,2268,0
SYN-CMP-12589,SYN-U-13353,2026-05-23T05:20:11,Network connection error occurred during transaction processing screen.,TECHNICAL,MEDIUM,TECH_SUPPORT,RECEIVED,EXPLAINED,2195,0
SYN-CMP-12590,SYN-U-19742,2026-05-23T07:12:36,"Unauthorized send money transaction of BDT 15,000 sent from my account at 3:00 AM.",FRAUD,HIGH,FRAUD_INVESTIGATION,RECEIVED,EXPLAINED,2726,1
SYN-CMP-12591,SYN-U-10273,2026-05-23T07:12:50,My account has been temporarily restricted after entering wrong PIN 3 times.,ACCOUNT,MEDIUM,DISPUTES,RECEIVED,EXPLAINED,2476,0
SYN-CMP-12592,SYN-U-16650,2026-05-23T08:28:03,Agent deducted fee but the cash-out transaction timed out without dispensing cash.,CASH_OUT,LOW,TRANSACTION_OPERATIONS,RECEIVED,REVERSED,1250,0
SYN-CMP-12593,SYN-U-15534,2026-05-23T08:48:11,"Unauthorized send money transaction of BDT 15,000 sent from my account at 3:00 AM.",FRAUD,CRITICAL,FRAUD_INVESTIGATION,RECEIVED,DECLINED,2179,1
SYN-CMP-12594,SYN-U-18870,2026-05-23T11:33:20,Inter-wallet transfer delayed during peak evening banking clearing hour.,TRANSFER,LOW,TRANSACTION_OPERATIONS,RECEIVED,EXPLAINED,1421,0
SYN-CMP-12595,SYN-U-19558,2026-05-23T11:40:38,"Received a scam call asking for OTP, shortly after BDT 8,500 was transferred out.",FRAUD,CRITICAL,FRAUD_INVESTIGATION,RECEIVED,EXPLAINED,793,0
SYN-CMP-12596,SYN-U-19673,2026-05-23T14:27:59,NID verification pending for more than 48 hours.,ACCOUNT,MEDIUM,DISPUTES,RECEIVED,UNBLOCK_ACCOUNT,793,0
SYN-CMP-12597,SYN-U-13609,2026-05-23T18:18:41,"Payment to merchant showed failed on app, but BDT 1,200 deducted from my Upay balance.",PAYMENT,HIGH,TRANSACTION_OPERATIONS,RECEIVED,EXPLAINED,2842,0
SYN-CMP-12598,SYN-U-18681,2026-05-23T20:41:53,E-commerce merchant payment processed twice during checkout.,PAYMENT,MEDIUM,TRANSACTION_OPERATIONS,RECEIVED,DECLINED,2554,0
SYN-CMP-12599,SYN-U-12862,2026-05-23T20:42:43,Duplicate payment charged for the same restaurant QR transaction.,PAYMENT,MEDIUM,TRANSACTION_OPERATIONS,RECEIVED,EXPLAINED,909,0
SYN-CMP-12600,SYN-U-12527,2026-05-23T21:16:23,Money was deducted from my account but the grocery merchant did not receive payment confirmation.,PAYMENT,LOW,TRANSACTION_OPERATIONS,RECEIVED,REFUNDED,261,0
SYN-CMP-12601,SYN-U-12665,2026-05-23T23:29:34,SMS OTP is taking over 5 minutes to arrive during login attempt.,TECHNICAL,LOW,TECH_SUPPORT,RECEIVED,REVERSED,1844,0
SYN-CMP-12602,SYN-U-17717,2026-05-24T02:38:31,Card charged USD 45.00 for an online software transaction that I cancelled.,CARD,MEDIUM,CARD_SERVICES,RECEIVED,REFUNDED,1995,0
SYN-CMP-12603,SYN-U-14657,2026-05-24T02:40:39,Inquiry regarding upcoming Eid merchant promo discounts.,OTHER,MEDIUM,DISPUTES,RECEIVED,EXPLAINED,1761,0
SYN-CMP-12604,SYN-U-13433,2026-05-24T03:21:33,Money was deducted from my account but the grocery merchant did not receive payment confirmation.,PAYMENT,MEDIUM,TRANSACTION_OPERATIONS,RECEIVED,UNBLOCK_ACCOUNT,1497,0
SYN-CMP-12605,SYN-U-14775,2026-05-24T04:22:42,"Paid utility electricity bill through app yesterday, but bill status still shows unpaid.",PAYMENT,HIGH,TRANSACTION_OPERATIONS,RECEIVED,REVERSED,2477,0
SYN-CMP-12606,SYN-U-14048,2026-05-24T05:35:44,Upay mobile app crashes immediately on splash screen after latest update.,TECHNICAL,LOW,TECH_SUPPORT,RECEIVED,EXPLAINED,137,0
SYN-CMP-12607,SYN-U-11552,2026-05-24T08:04:26,Want to temporarily freeze my physical card due to lost wallet.,CARD,LOW,CARD_SERVICES,RECEIVED,EXPLAINED,264,0
SYN-CMP-12608,SYN-U-13212,2026-05-24T09:17:46,My virtual dual-currency card was declined while making an international subscription payment.,CARD,MEDIUM,CARD_SERVICES,RECEIVED,REFUNDED,661,0
SYN-CMP-12609,SYN-U-11765,2026-05-24T09:41:39,"Payment to merchant showed failed on app, but BDT 1,200 deducted from my Upay balance.",PAYMENT,MEDIUM,TRANSACTION_OPERATIONS,RECEIVED,REFUNDED,826,0
SYN-CMP-12610,SYN-U-17433,2026-05-24T12:46:07,Partial refund received instead of full transaction amount.,REFUND,LOW,DISPUTES,RECEIVED,IN_PROGRESS,2465,0
SYN-CMP-12611,SYN-U-14324,2026-05-24T12:47:48,Phishing message led to account takeover and repeated cash-out attempts.,FRAUD,CRITICAL,FRAUD_INVESTIGATION,RECEIVED,REFUNDED,2684,1
SYN-CMP-12612,SYN-U-15161,2026-05-24T13:37:59,App says account dormant even though I received funds two weeks ago.,ACCOUNT,LOW,DISPUTES,RECEIVED,EXPLAINED,1663,0
SYN-CMP-12613,SYN-U-18671,2026-05-24T15:04:50,My account has been temporarily restricted after entering wrong PIN 3 times.,ACCOUNT,LOW,DISPUTES,RECEIVED,REFUNDED,2263,0
SYN-CMP-12614,SYN-U-17869,2026-05-24T15:59:01,"Unauthorized send money transaction of BDT 15,000 sent from my account at 3:00 AM.",FRAUD,CRITICAL,FRAUD_INVESTIGATION,RECEIVED,UNBLOCK_ACCOUNT,2065,0
SYN-CMP-12615,SYN-U-19167,2026-05-24T16:23:23,Phishing message led to account takeover and repeated cash-out attempts.,FRAUD,CRITICAL,FRAUD_INVESTIGATION,RECEIVED,REFUNDED,157,0
SYN-CMP-12616,SYN-U-16860,2026-05-24T17:24:46,"Payment to merchant showed failed on app, but BDT 1,200 deducted from my Upay balance.",PAYMENT,LOW,TRANSACTION_OPERATIONS,RECEIVED,DECLINED,2526,0
SYN-CMP-12617,SYN-U-17865,2026-05-24T18:00:02,Network connection error occurred during transaction processing screen.,TECHNICAL,LOW,TECH_SUPPORT,RECEIVED,EXPLAINED,293,0
SYN-CMP-12618,SYN-U-15612,2026-05-24T20:58:53,"Unauthorized send money transaction of BDT 15,000 sent from my account at 3:00 AM.",FRAUD,HIGH,FRAUD_INVESTIGATION,RECEIVED,REFUNDED,2826,0
SYN-CMP-12619,SYN-U-17642,2026-05-24T23:26:32,Requesting official annual account statement for tax filing purposes.,OTHER,LOW,DISPUTES,RECEIVED,IN_PROGRESS,147,0
SYN-CMP-12620,SYN-U-17479,2026-05-25T01:49:50,Duplicate payment charged for the same restaurant QR transaction.,PAYMENT,LOW,TRANSACTION_OPERATIONS,RECEIVED,EXPLAINED,1134,0
SYN-CMP-12621,SYN-U-15387,2026-05-25T02:22:10,Agent confirmed cash-out successful on terminal but I did not receive SMS confirmation.,CASH_OUT,LOW,TRANSACTION_OPERATIONS,RECEIVED,REFUNDED,23,0
SYN-CMP-12622,SYN-U-10988,2026-05-25T02:41:21,Partial refund received instead of full transaction amount.,REFUND,LOW,DISPUTES,RECEIVED,EXPLAINED,2080,0
SYN-CMP-12623,SYN-U-15845,2026-05-25T03:09:30,"Paid utility electricity bill through app yesterday, but bill status still shows unpaid.",PAYMENT,MEDIUM,TRANSACTION_OPERATIONS,RECEIVED,REVERSED,2510,0
SYN-CMP-12624,SYN-U-13707,2026-05-25T04:20:28,"Received a scam call asking for OTP, shortly after BDT 8,500 was transferred out.",FRAUD,CRITICAL,FRAUD_INVESTIGATION,RECEIVED,REVERSED,1868,0
SYN-CMP-12625,SYN-U-17794,2026-05-25T05:14:48,Agent confirmed cash-out successful on terminal but I did not receive SMS confirmation.,CASH_OUT,MEDIUM,TRANSACTION_OPERATIONS,RECEIVED,REFUNDED,1300,0
SYN-CMP-12626,SYN-U-15203,2026-05-25T05:17:01,Inquiry regarding upcoming Eid merchant promo discounts.,OTHER,MEDIUM,DISPUTES,RECEIVED,DECLINED,1762,0
SYN-CMP-12627,SYN-U-11505,2026-05-25T05:37:26,Unable to update my registered primary phone number and email in settings.,ACCOUNT,LOW,DISPUTES,RECEIVED,DECLINED,1815,0
SYN-CMP-12628,SYN-U-18529,2026-05-25T07:17:08,Cancelled e-commerce order refund amount is missing BDT 250 processing fee.,REFUND,LOW,DISPUTES,RECEIVED,EXPLAINED,2112,0
SYN-CMP-12629,SYN-U-13154,2026-05-25T07:53:55,"Payment to merchant showed failed on app, but BDT 1,200 deducted from my Upay balance.",PAYMENT,MEDIUM,TRANSACTION_OPERATIONS,RECEIVED,REFUNDED,1713,0
SYN-CMP-12630,SYN-U-10743,2026-05-25T09:12:17,Agent deducted fee but the cash-out transaction timed out without dispensing cash.,CASH_OUT,LOW,TRANSACTION_OPERATIONS,RECEIVED,DECLINED,158,0
SYN-CMP-12631,SYN-U-14273,2026-05-25T09:59:55,"Unauthorized send money transaction of BDT 15,000 sent from my account at 3:00 AM.",FRAUD,HIGH,FRAUD_INVESTIGATION,RECEIVED,EXPLAINED,2210,1
SYN-CMP-12632,SYN-U-19375,2026-05-25T11:45:20,"Received a scam call asking for OTP, shortly after BDT 8,500 was transferred out.",FRAUD,HIGH,FRAUD_INVESTIGATION,RECEIVED,EXPLAINED,2391,1
SYN-CMP-12633,SYN-U-10518,2026-05-25T11:55:59,Duplicate payment charged for the same restaurant QR transaction.,PAYMENT,MEDIUM,TRANSACTION_OPERATIONS,RECEIVED,EXPLAINED,1176,0
SYN-CMP-12634,SYN-U-13880,2026-05-25T18:34:03,NID verification pending for more than 48 hours.,ACCOUNT,MEDIUM,DISPUTES,RECEIVED,REFUNDED,2284,0
SYN-CMP-12635,SYN-U-14297,2026-05-25T18:47:45,Unable to update my registered primary phone number and email in settings.,ACCOUNT,LOW,DISPUTES,RECEIVED,REFUNDED,1342,0
SYN-CMP-12636,SYN-U-17488,2026-05-25T20:04:14,Unable to update my registered primary phone number and email in settings.,ACCOUNT,LOW,DISPUTES,RECEIVED,REFUNDED,1234,0
SYN-CMP-12637,SYN-U-16844,2026-05-25T20:13:30,NID verification pending for more than 48 hours.,ACCOUNT,MEDIUM,DISPUTES,RECEIVED,EXPLAINED,1619,0
SYN-CMP-12638,SYN-U-10375,2026-05-25T20:39:41,Biometric fingerprint login is not working on my new Android device.,ACCOUNT,MEDIUM,DISPUTES,RECEIVED,REFUNDED,1963,0
SYN-CMP-12639,SYN-U-16174,2026-05-25T21:43:44,"Merchant initiated refund 5 business days ago, but balance is not credited.",REFUND,MEDIUM,DISPUTES,RECEIVED,EXPLAINED,2163,0
SYN-CMP-12640,SYN-U-19515,2026-05-25T22:34:25,Bank deposit to Upay wallet via internet banking hasn't reflected after 4 hours.,TRANSFER,LOW,TRANSACTION_OPERATIONS,RECEIVED,UNBLOCK_ACCOUNT,1882,0
SYN-CMP-12641,SYN-U-12742,2026-05-25T22:41:06,Biometric fingerprint login is not working on my new Android device.,ACCOUNT,LOW,DISPUTES,RECEIVED,REFUNDED,2748,0
SYN-CMP-12642,SYN-U-19527,2026-05-25T22:57:16,"Payment to merchant showed failed on app, but BDT 1,200 deducted from my Upay balance.",PAYMENT,MEDIUM,TRANSACTION_OPERATIONS,RECEIVED,REFUNDED,2742,0
SYN-CMP-12643,SYN-U-18993,2026-05-25T23:46:05,Phishing message led to account takeover and repeated cash-out attempts.,FRAUD,HIGH,FRAUD_INVESTIGATION,RECEIVED,IN_PROGRESS,371,1
SYN-CMP-12644,SYN-U-10070,2026-05-26T01:10:44,"Unauthorized send money transaction of BDT 15,000 sent from my account at 3:00 AM.",FRAUD,CRITICAL,FRAUD_INVESTIGATION,RECEIVED,REVERSED,1730,1
SYN-CMP-12645,SYN-U-14803,2026-05-26T01:57:10,Money was deducted from my account but the grocery merchant did not receive payment confirmation.,PAYMENT,MEDIUM,TRANSACTION_OPERATIONS,RECEIVED,EXPLAINED,1621,0
SYN-CMP-12646,SYN-U-18696,2026-05-26T03:35:35,Cash-out fee charged higher than standard 1.4% rate at the agent point.,CASH_OUT,MEDIUM,TRANSACTION_OPERATIONS,RECEIVED,IN_PROGRESS,82,0
SYN-CMP-12647,SYN-U-16743,2026-05-26T03:49:27,NID verification pending for more than 48 hours.,ACCOUNT,LOW,DISPUTES,RECEIVED,UNBLOCK_ACCOUNT,1934,0
SYN-CMP-12648,SYN-U-11608,2026-05-26T07:41:05,E-commerce merchant payment processed twice during checkout.,PAYMENT,MEDIUM,TRANSACTION_OPERATIONS,RECEIVED,REVERSED,165,0
SYN-CMP-12649,SYN-U-17202,2026-05-26T09:43:53,Phishing message led to account takeover and repeated cash-out attempts.,FRAUD,CRITICAL,FRAUD_INVESTIGATION,RECEIVED,DECLINED,2609,1
SYN-CMP-12650,SYN-U-19639,2026-05-26T10:07:55,"Failed cash out attempt at agent, but funds debited from balance.",CASH_OUT,LOW,TRANSACTION_OPERATIONS,RECEIVED,REFUNDED,1842,0
SYN-CMP-12651,SYN-U-12000,2026-05-26T10:30:16,"Failed cash out attempt at agent, but funds debited from balance.",CASH_OUT,LOW,TRANSACTION_OPERATIONS,RECEIVED,DECLINED,2212,0
SYN-CMP-12652,SYN-U-12968,2026-05-26T13:25:06,My account has been temporarily restricted after entering wrong PIN 3 times.,ACCOUNT,LOW,DISPUTES,RECEIVED,EXPLAINED,2726,0
SYN-CMP-12653,SYN-U-15569,2026-05-26T13:30:28,Biometric fingerprint login is not working on my new Android device.,ACCOUNT,LOW,DISPUTES,RECEIVED,DECLINED,344,0
SYN-CMP-12654,SYN-U-10601,2026-05-26T14:38:36,Inquiry regarding upcoming Eid merchant promo discounts.,OTHER,MEDIUM,DISPUTES,RECEIVED,DECLINED,1997,0
SYN-CMP-12655,SYN-U-17609,2026-05-26T15:22:32,NID verification pending for more than 48 hours.,ACCOUNT,LOW,DISPUTES,RECEIVED,REFUNDED,1304,0
SYN-CMP-12656,SYN-U-10617,2026-05-26T15:39:14,Unable to update my registered primary phone number and email in settings.,ACCOUNT,LOW,DISPUTES,RECEIVED,UNBLOCK_ACCOUNT,675,0
SYN-CMP-12657,SYN-U-16775,2026-05-26T17:31:01,"Received a scam call asking for OTP, shortly after BDT 8,500 was transferred out.",FRAUD,CRITICAL,FRAUD_INVESTIGATION,RECEIVED,EXPLAINED,1921,0
SYN-CMP-12658,SYN-U-17495,2026-05-26T17:53:57,Unable to update my registered primary phone number and email in settings.,ACCOUNT,LOW,DISPUTES,RECEIVED,REFUNDED,757,0
SYN-CMP-12659,SYN-U-18196,2026-05-26T20:09:58,Money was deducted from my account but the grocery merchant did not receive payment confirmation.,PAYMENT,LOW,TRANSACTION_OPERATIONS,RECEIVED,EXPLAINED,2864,0
SYN-CMP-12660,SYN-U-14919,2026-05-26T20:18:06,Network connection error occurred during transaction processing screen.,TECHNICAL,LOW,TECH_SUPPORT,RECEIVED,DECLINED,1243,0
SYN-CMP-12661,SYN-U-19723,2026-05-26T21:51:35,Duplicate payment charged for the same restaurant QR transaction.,PAYMENT,MEDIUM,TRANSACTION_OPERATIONS,RECEIVED,EXPLAINED,1223,0
SYN-CMP-12662,SYN-U-14317,2026-05-26T23:00:30,Want to temporarily freeze my physical card due to lost wallet.,CARD,MEDIUM,CARD_SERVICES,RECEIVED,EXPLAINED,1353,0
SYN-CMP-12663,SYN-U-15482,2026-05-26T23:43:39,Agent confirmed cash-out successful on terminal but I did not receive SMS confirmation.,CASH_OUT,MEDIUM,TRANSACTION_OPERATIONS,RECEIVED,REFUNDED,2100,0
SYN-CMP-12664,SYN-U-12673,2026-05-26T23:48:51,Money was deducted from my account but the grocery merchant did not receive payment confirmation.,PAYMENT,LOW,TRANSACTION_OPERATIONS,RECEIVED,EXPLAINED,2627,0
SYN-CMP-12665,SYN-U-16196,2026-05-27T00:41:38,Agent confirmed cash-out successful on terminal but I did not receive SMS confirmation.,CASH_OUT,LOW,TRANSACTION_OPERATIONS,RECEIVED,REFUNDED,2198,0
SYN-CMP-12666,SYN-U-13448,2026-05-27T01:10:25,Duplicate payment charged for the same restaurant QR transaction.,PAYMENT,LOW,TRANSACTION_OPERATIONS,RECEIVED,EXPLAINED,1427,0
SYN-CMP-12667,SYN-U-13508,2026-05-27T02:13:15,"Unauthorized send money transaction of BDT 15,000 sent from my account at 3:00 AM.",FRAUD,CRITICAL,FRAUD_INVESTIGATION,RECEIVED,EXPLAINED,368,1
SYN-CMP-12668,SYN-U-10377,2026-05-27T04:13:18,App says account dormant even though I received funds two weeks ago.,ACCOUNT,MEDIUM,DISPUTES,RECEIVED,REFUNDED,1572,0
SYN-CMP-12669,SYN-U-14343,2026-05-27T05:30:57,Requesting official annual account statement for tax filing purposes.,OTHER,LOW,DISPUTES,RECEIVED,EXPLAINED,1153,0
SYN-CMP-12670,SYN-U-15549,2026-05-27T05:56:18,"Payment to merchant showed failed on app, but BDT 1,200 deducted from my Upay balance.",PAYMENT,MEDIUM,TRANSACTION_OPERATIONS,RECEIVED,EXPLAINED,638,0
SYN-CMP-12671,SYN-U-16030,2026-05-27T06:27:02,"Suspicious login notification received from unfamiliar device, someone tried to cash out.",FRAUD,HIGH,FRAUD_INVESTIGATION,RECEIVED,REFUNDED,142,1
SYN-CMP-12672,SYN-U-11523,2026-05-27T08:55:26,Duplicate payment charged for the same restaurant QR transaction.,PAYMENT,MEDIUM,TRANSACTION_OPERATIONS,RECEIVED,REFUNDED,441,0
SYN-CMP-12673,SYN-U-18427,2026-05-27T09:02:54,"Suspicious login notification received from unfamiliar device, someone tried to cash out.",FRAUD,HIGH,FRAUD_INVESTIGATION,RECEIVED,IN_PROGRESS,1696,1
SYN-CMP-12674,SYN-U-15902,2026-05-27T09:05:22,Money was deducted from my account but the grocery merchant did not receive payment confirmation.,PAYMENT,MEDIUM,TRANSACTION_OPERATIONS,RECEIVED,REFUNDED,1100,0
SYN-CMP-12675,SYN-U-18265,2026-05-27T10:36:19,E-commerce merchant payment processed twice during checkout.,PAYMENT,HIGH,TRANSACTION_OPERATIONS,RECEIVED,EXPLAINED,1858,1
SYN-CMP-12676,SYN-U-15516,2026-05-27T10:39:03,Partial refund received instead of full transaction amount.,REFUND,LOW,DISPUTES,RECEIVED,UNBLOCK_ACCOUNT,2333,0
SYN-CMP-12677,SYN-U-19517,2026-05-27T12:57:00,My PIN was compromised and unauthorized funds were transferred to an unknown number.,FRAUD,HIGH,FRAUD_INVESTIGATION,RECEIVED,REVERSED,1721,0
SYN-CMP-12678,SYN-U-10351,2026-05-27T14:33:36,Endorsement limit not updating after submitting updated passport copy.,CARD,MEDIUM,CARD_SERVICES,RECEIVED,REFUNDED,904,0
SYN-CMP-12679,SYN-U-16324,2026-05-27T16:33:39,Card charged USD 45.00 for an online software transaction that I cancelled.,CARD,MEDIUM,CARD_SERVICES,RECEIVED,EXPLAINED,1868,0
SYN-CMP-12680,SYN-U-12823,2026-05-27T17:05:07,"Paid utility electricity bill through app yesterday, but bill status still shows unpaid.",PAYMENT,MEDIUM,TRANSACTION_OPERATIONS,RECEIVED,IN_PROGRESS,2436,0
SYN-CMP-12681,SYN-U-14764,2026-05-27T17:47:57,"Merchant initiated refund 5 business days ago, but balance is not credited.",REFUND,MEDIUM,DISPUTES,RECEIVED,REVERSED,708,0
SYN-CMP-12682,SYN-U-17359,2026-05-27T18:58:00,"Paid utility electricity bill through app yesterday, but bill status still shows unpaid.",PAYMENT,MEDIUM,TRANSACTION_OPERATIONS,RECEIVED,EXPLAINED,499,0
SYN-CMP-12683,SYN-U-13158,2026-05-27T19:51:32,"Paid utility electricity bill through app yesterday, but bill status still shows unpaid.",PAYMENT,MEDIUM,TRANSACTION_OPERATIONS,RECEIVED,UNBLOCK_ACCOUNT,587,0
SYN-CMP-12684,SYN-U-18980,2026-05-27T19:59:32,"Payment to merchant showed failed on app, but BDT 1,200 deducted from my Upay balance.",PAYMENT,MEDIUM,TRANSACTION_OPERATIONS,RECEIVED,EXPLAINED,2659,0
SYN-CMP-12685,SYN-U-10217,2026-05-27T20:09:57,"Received a scam call asking for OTP, shortly after BDT 8,500 was transferred out.",FRAUD,CRITICAL,FRAUD_INVESTIGATION,RECEIVED,UNBLOCK_ACCOUNT,39,0
SYN-CMP-12686,SYN-U-10647,2026-05-27T20:56:04,NID verification pending for more than 48 hours.,ACCOUNT,MEDIUM,DISPUTES,RECEIVED,IN_PROGRESS,260,0
SYN-CMP-12687,SYN-U-12827,2026-05-27T21:12:25,"Received a scam call asking for OTP, shortly after BDT 8,500 was transferred out.",FRAUD,CRITICAL,FRAUD_INVESTIGATION,RECEIVED,EXPLAINED,528,0
SYN-CMP-12688,SYN-U-16142,2026-05-27T22:14:20,"Received a scam call asking for OTP, shortly after BDT 8,500 was transferred out.",FRAUD,CRITICAL,FRAUD_INVESTIGATION,RECEIVED,REFUNDED,2172,0
SYN-CMP-12689,SYN-U-10613,2026-05-27T22:42:41,Upay mobile app crashes immediately on splash screen after latest update.,TECHNICAL,LOW,TECH_SUPPORT,RECEIVED,REFUNDED,1330,0
SYN-CMP-12690,SYN-U-15850,2026-05-27T23:54:22,Upay mobile app crashes immediately on splash screen after latest update.,TECHNICAL,LOW,TECH_SUPPORT,RECEIVED,REFUNDED,1327,0
SYN-CMP-12691,SYN-U-17438,2026-05-28T01:21:31,App says account dormant even though I received funds two weeks ago.,ACCOUNT,LOW,DISPUTES,RECEIVED,EXPLAINED,1090,0
SYN-CMP-12692,SYN-U-17585,2026-05-28T01:26:10,E-commerce merchant payment processed twice during checkout.,PAYMENT,MEDIUM,TRANSACTION_OPERATIONS,RECEIVED,REVERSED,2208,0
SYN-CMP-12693,SYN-U-15890,2026-05-28T01:56:45,Inquiry regarding upcoming Eid merchant promo discounts.,OTHER,LOW,DISPUTES,RECEIVED,EXPLAINED,1525,0
SYN-CMP-12694,SYN-U-16891,2026-05-28T04:18:32,"Payment to merchant showed failed on app, but BDT 1,200 deducted from my Upay balance.",PAYMENT,MEDIUM,TRANSACTION_OPERATIONS,RECEIVED,REFUNDED,29,0
SYN-CMP-12695,SYN-U-15103,2026-05-28T04:58:04,"Unauthorized send money transaction of BDT 15,000 sent from my account at 3:00 AM.",FRAUD,HIGH,FRAUD_INVESTIGATION,RECEIVED,REFUNDED,426,1
SYN-CMP-12696,SYN-U-12504,2026-05-28T05:30:47,"Paid utility electricity bill through app yesterday, but bill status still shows unpaid.",PAYMENT,MEDIUM,TRANSACTION_OPERATIONS,RECEIVED,EXPLAINED,849,0
SYN-CMP-12697,SYN-U-19042,2026-05-28T05:39:55,E-commerce merchant payment processed twice during checkout.,PAYMENT,MEDIUM,TRANSACTION_OPERATIONS,RECEIVED,EXPLAINED,1560,0
SYN-CMP-12698,SYN-U-11176,2026-05-28T07:35:20,NID verification pending for more than 48 hours.,ACCOUNT,LOW,DISPUTES,RECEIVED,REFUNDED,1739,0
SYN-CMP-12699,SYN-U-12805,2026-05-28T11:38:24,"Suspicious login notification received from unfamiliar device, someone tried to cash out.",FRAUD,CRITICAL,FRAUD_INVESTIGATION,RECEIVED,DECLINED,663,0
SYN-CMP-12700,SYN-U-10331,2026-05-28T11:53:00,Duplicate payment charged for the same restaurant QR transaction.,PAYMENT,LOW,TRANSACTION_OPERATIONS,RECEIVED,EXPLAINED,924,0
SYN-CMP-12701,SYN-U-18838,2026-05-28T13:10:04,Bank deposit to Upay wallet via internet banking hasn't reflected after 4 hours.,TRANSFER,LOW,TRANSACTION_OPERATIONS,RECEIVED,DECLINED,2824,0
SYN-CMP-12702,SYN-U-18110,2026-05-28T13:21:05,"Paid utility electricity bill through app yesterday, but bill status still shows unpaid.",PAYMENT,LOW,TRANSACTION_OPERATIONS,RECEIVED,REVERSED,644,0
SYN-CMP-12703,SYN-U-19609,2026-05-28T13:30:53,Cash-out fee charged higher than standard 1.4% rate at the agent point.,CASH_OUT,LOW,TRANSACTION_OPERATIONS,RECEIVED,EXPLAINED,1730,0
SYN-CMP-12704,SYN-U-14167,2026-05-28T15:57:38,Upay mobile app crashes immediately on splash screen after latest update.,TECHNICAL,LOW,TECH_SUPPORT,RECEIVED,REFUNDED,1159,0
SYN-CMP-12705,SYN-U-12015,2026-05-28T17:26:31,Inquiry regarding upcoming Eid merchant promo discounts.,OTHER,LOW,DISPUTES,RECEIVED,EXPLAINED,1540,0
SYN-CMP-12706,SYN-U-16729,2026-05-28T19:00:46,"Received a scam call asking for OTP, shortly after BDT 8,500 was transferred out.",FRAUD,CRITICAL,FRAUD_INVESTIGATION,RECEIVED,REFUNDED,2464,1
SYN-CMP-12707,SYN-U-11468,2026-05-28T19:05:54,Unable to update my registered primary phone number and email in settings.,ACCOUNT,LOW,DISPUTES,RECEIVED,EXPLAINED,518,0
SYN-CMP-12708,SYN-U-15223,2026-05-28T19:57:01,Biometric fingerprint login is not working on my new Android device.,ACCOUNT,LOW,DISPUTES,RECEIVED,REFUNDED,1733,0
SYN-CMP-12709,SYN-U-11182,2026-05-28T22:08:56,"Payment to merchant showed failed on app, but BDT 1,200 deducted from my Upay balance.",PAYMENT,HIGH,TRANSACTION_OPERATIONS,RECEIVED,DECLINED,967,0
SYN-CMP-12710,SYN-U-15073,2026-05-28T22:55:46,"Unauthorized send money transaction of BDT 15,000 sent from my account at 3:00 AM.",FRAUD,HIGH,FRAUD_INVESTIGATION,RECEIVED,EXPLAINED,1870,0
SYN-CMP-12711,SYN-U-14589,2026-05-28T23:14:14,"Paid utility electricity bill through app yesterday, but bill status still shows unpaid.",PAYMENT,HIGH,TRANSACTION_OPERATIONS,RECEIVED,EXPLAINED,2723,1
SYN-CMP-12712,SYN-U-14505,2026-05-29T02:32:24,"Payment to merchant showed failed on app, but BDT 1,200 deducted from my Upay balance.",PAYMENT,HIGH,TRANSACTION_OPERATIONS,RECEIVED,REFUNDED,144,1
SYN-CMP-12713,SYN-U-12876,2026-05-29T03:58:36,"Paid utility electricity bill through app yesterday, but bill status still shows unpaid.",PAYMENT,MEDIUM,TRANSACTION_OPERATIONS,RECEIVED,REFUNDED,2565,0
SYN-CMP-12714,SYN-U-12344,2026-05-29T05:42:55,Upay mobile app crashes immediately on splash screen after latest update.,TECHNICAL,LOW,TECH_SUPPORT,RECEIVED,UNBLOCK_ACCOUNT,1474,0
SYN-CMP-12715,SYN-U-11678,2026-05-29T07:19:35,"Payment to merchant showed failed on app, but BDT 1,200 deducted from my Upay balance.",PAYMENT,MEDIUM,TRANSACTION_OPERATIONS,RECEIVED,REFUNDED,2055,0
SYN-CMP-12716,SYN-U-12914,2026-05-29T13:50:34,My PIN was compromised and unauthorized funds were transferred to an unknown number.,FRAUD,CRITICAL,FRAUD_INVESTIGATION,RECEIVED,EXPLAINED,1884,1
SYN-CMP-12717,SYN-U-19428,2026-05-29T14:48:27,"Paid utility electricity bill through app yesterday, but bill status still shows unpaid.",PAYMENT,MEDIUM,TRANSACTION_OPERATIONS,RECEIVED,IN_PROGRESS,242,0
SYN-CMP-12718,SYN-U-11041,2026-05-29T15:04:32,Inter-wallet transfer delayed during peak evening banking clearing hour.,TRANSFER,LOW,TRANSACTION_OPERATIONS,RECEIVED,EXPLAINED,375,0
SYN-CMP-12719,SYN-U-14768,2026-05-29T16:45:05,Network connection error occurred during transaction processing screen.,TECHNICAL,LOW,TECH_SUPPORT,RECEIVED,EXPLAINED,718,0
SYN-CMP-12720,SYN-U-18799,2026-05-29T17:47:46,"Paid utility electricity bill through app yesterday, but bill status still shows unpaid.",PAYMENT,MEDIUM,TRANSACTION_OPERATIONS,RECEIVED,REFUNDED,2330,0
SYN-CMP-12721,SYN-U-12834,2026-05-29T21:10:44,Biometric fingerprint login is not working on my new Android device.,ACCOUNT,LOW,DISPUTES,RECEIVED,DECLINED,2630,0
SYN-CMP-12722,SYN-U-10207,2026-05-30T01:39:54,My PIN was compromised and unauthorized funds were transferred to an unknown number.,FRAUD,HIGH,FRAUD_INVESTIGATION,RECEIVED,DECLINED,560,1
SYN-CMP-12723,SYN-U-13819,2026-05-30T03:14:31,E-commerce merchant payment processed twice during checkout.,PAYMENT,MEDIUM,TRANSACTION_OPERATIONS,RECEIVED,UNBLOCK_ACCOUNT,757,0
SYN-CMP-12724,SYN-U-19791,2026-05-30T04:01:33,"Paid utility electricity bill through app yesterday, but bill status still shows unpaid.",PAYMENT,MEDIUM,TRANSACTION_OPERATIONS,RECEIVED,IN_PROGRESS,2247,0
SYN-CMP-12725,SYN-U-19961,2026-05-30T04:03:36,"Merchant initiated refund 5 business days ago, but balance is not credited.",REFUND,MEDIUM,DISPUTES,RECEIVED,REFUNDED,2077,0
SYN-CMP-12726,SYN-U-18546,2026-05-30T05:13:30,"Received a scam call asking for OTP, shortly after BDT 8,500 was transferred out.",FRAUD,CRITICAL,FRAUD_INVESTIGATION,RECEIVED,EXPLAINED,1147,0
SYN-CMP-12727,SYN-U-17280,2026-05-30T05:27:48,"Suspicious login notification received from unfamiliar device, someone tried to cash out.",FRAUD,CRITICAL,FRAUD_INVESTIGATION,RECEIVED,REFUNDED,570,0
SYN-CMP-12728,SYN-U-11020,2026-05-30T05:55:08,E-commerce merchant payment processed twice during checkout.,PAYMENT,HIGH,TRANSACTION_OPERATIONS,RECEIVED,EXPLAINED,2327,0
SYN-CMP-12729,SYN-U-16095,2026-05-30T06:05:37,Unable to update my registered primary phone number and email in settings.,ACCOUNT,LOW,DISPUTES,RECEIVED,REFUNDED,453,0
SYN-CMP-12730,SYN-U-19680,2026-05-30T06:26:35,Duplicate payment charged for the same restaurant QR transaction.,PAYMENT,MEDIUM,TRANSACTION_OPERATIONS,RECEIVED,IN_PROGRESS,197,0
SYN-CMP-12731,SYN-U-11616,2026-05-30T07:44:18,Card charged USD 45.00 for an online software transaction that I cancelled.,CARD,LOW,CARD_SERVICES,RECEIVED,EXPLAINED,382,0
SYN-CMP-12732,SYN-U-11010,2026-05-30T09:19:40,My virtual dual-currency card was declined while making an international subscription payment.,CARD,LOW,CARD_SERVICES,RECEIVED,REFUNDED,2003,0
SYN-CMP-12733,SYN-U-10658,2026-05-30T12:33:58,Want to temporarily freeze my physical card due to lost wallet.,CARD,MEDIUM,CARD_SERVICES,RECEIVED,EXPLAINED,1694,0
SYN-CMP-12734,SYN-U-13022,2026-05-30T13:15:23,Agent confirmed cash-out successful on terminal but I did not receive SMS confirmation.,CASH_OUT,LOW,TRANSACTION_OPERATIONS,RECEIVED,REFUNDED,540,0
SYN-CMP-12735,SYN-U-13165,2026-05-30T13:52:54,Agent deducted fee but the cash-out transaction timed out without dispensing cash.,CASH_OUT,MEDIUM,TRANSACTION_OPERATIONS,RECEIVED,EXPLAINED,2510,0
SYN-CMP-12736,SYN-U-14548,2026-05-30T18:02:52,NID verification pending for more than 48 hours.,ACCOUNT,LOW,DISPUTES,RECEIVED,REFUNDED,896,0
SYN-CMP-12737,SYN-U-19080,2026-05-30T18:10:56,"Paid utility electricity bill through app yesterday, but bill status still shows unpaid.",PAYMENT,MEDIUM,TRANSACTION_OPERATIONS,RECEIVED,REFUNDED,2229,0
SYN-CMP-12738,SYN-U-18447,2026-05-30T19:32:08,Inter-wallet transfer delayed during peak evening banking clearing hour.,TRANSFER,LOW,TRANSACTION_OPERATIONS,RECEIVED,UNBLOCK_ACCOUNT,2791,0
SYN-CMP-12739,SYN-U-19499,2026-05-30T20:53:44,Biometric fingerprint login is not working on my new Android device.,ACCOUNT,LOW,DISPUTES,RECEIVED,EXPLAINED,78,0
SYN-CMP-12740,SYN-U-13505,2026-05-31T03:24:27,My virtual dual-currency card was declined while making an international subscription payment.,CARD,HIGH,CARD_SERVICES,RECEIVED,IN_PROGRESS,451,1
SYN-CMP-12741,SYN-U-14930,2026-05-31T03:30:43,Duplicate payment charged for the same restaurant QR transaction.,PAYMENT,MEDIUM,TRANSACTION_OPERATIONS,RECEIVED,REFUNDED,2557,0
SYN-CMP-12742,SYN-U-18683,2026-05-31T04:22:28,Cancelled e-commerce order refund amount is missing BDT 250 processing fee.,REFUND,LOW,DISPUTES,RECEIVED,EXPLAINED,449,0
SYN-CMP-12743,SYN-U-15213,2026-05-31T09:08:28,"Payment to merchant showed failed on app, but BDT 1,200 deducted from my Upay balance.",PAYMENT,HIGH,TRANSACTION_OPERATIONS,RECEIVED,IN_PROGRESS,2531,0
SYN-CMP-12744,SYN-U-10286,2026-05-31T09:12:42,Money was deducted from my account but the grocery merchant did not receive payment confirmation.,PAYMENT,MEDIUM,TRANSACTION_OPERATIONS,RECEIVED,UNBLOCK_ACCOUNT,2394,0
SYN-CMP-12745,SYN-U-14590,2026-05-31T10:35:04,My PIN was compromised and unauthorized funds were transferred to an unknown number.,FRAUD,HIGH,FRAUD_INVESTIGATION,RECEIVED,REVERSED,615,1
SYN-CMP-12746,SYN-U-19863,2026-05-31T13:07:46,My account has been temporarily restricted after entering wrong PIN 3 times.,ACCOUNT,LOW,DISPUTES,RECEIVED,REFUNDED,1704,0
SYN-CMP-12747,SYN-U-13231,2026-05-31T13:56:37,Card charged USD 45.00 for an online software transaction that I cancelled.,CARD,MEDIUM,CARD_SERVICES,RECEIVED,UNBLOCK_ACCOUNT,316,0
SYN-CMP-12748,SYN-U-19000,2026-05-31T14:56:46,"Merchant initiated refund 5 business days ago, but balance is not credited.",REFUND,LOW,DISPUTES,RECEIVED,UNBLOCK_ACCOUNT,1838,0
SYN-CMP-12749,SYN-U-15677,2026-05-31T18:32:53,Phishing message led to account takeover and repeated cash-out attempts.,FRAUD,HIGH,FRAUD_INVESTIGATION,RECEIVED,REFUNDED,2719,0
SYN-CMP-12750,SYN-U-17622,2026-05-31T20:19:19,Requesting official annual account statement for tax filing purposes.,OTHER,MEDIUM,DISPUTES,RECEIVED,EXPLAINED,258,0
SYN-CMP-12751,SYN-U-17494,2026-05-31T23:45:34,My account has been temporarily restricted after entering wrong PIN 3 times.,ACCOUNT,LOW,DISPUTES,RECEIVED,REVERSED,1366,0
SYN-CMP-12752,SYN-U-11130,2026-06-01T00:14:16,App says account dormant even though I received funds two weeks ago.,ACCOUNT,LOW,DISPUTES,RECEIVED,REFUNDED,706,0
SYN-CMP-12753,SYN-U-11379,2026-06-01T00:29:17,"Payment to merchant showed failed on app, but BDT 1,200 deducted from my Upay balance.",PAYMENT,MEDIUM,TRANSACTION_OPERATIONS,RECEIVED,REVERSED,2856,0
SYN-CMP-12754,SYN-U-12501,2026-06-01T00:39:03,Duplicate payment charged for the same restaurant QR transaction.,PAYMENT,LOW,TRANSACTION_OPERATIONS,RECEIVED,UNBLOCK_ACCOUNT,502,0
SYN-CMP-12755,SYN-U-13712,2026-06-01T01:12:36,My account has been temporarily restricted after entering wrong PIN 3 times.,ACCOUNT,LOW,DISPUTES,RECEIVED,REFUNDED,1746,0
SYN-CMP-12756,SYN-U-11759,2026-06-01T02:37:08,Agent deducted fee but the cash-out transaction timed out without dispensing cash.,CASH_OUT,MEDIUM,TRANSACTION_OPERATIONS,RECEIVED,REVERSED,1317,0
SYN-CMP-12757,SYN-U-19004,2026-06-01T03:19:12,Biometric fingerprint login is not working on my new Android device.,ACCOUNT,LOW,DISPUTES,RECEIVED,REFUNDED,1029,0
SYN-CMP-12758,SYN-U-13348,2026-06-01T04:46:05,Money was deducted from my account but the grocery merchant did not receive payment confirmation.,PAYMENT,HIGH,TRANSACTION_OPERATIONS,RECEIVED,EXPLAINED,717,1
SYN-CMP-12759,SYN-U-14242,2026-06-01T04:50:11,My PIN was compromised and unauthorized funds were transferred to an unknown number.,FRAUD,CRITICAL,FRAUD_INVESTIGATION,RECEIVED,EXPLAINED,2276,1
SYN-CMP-12760,SYN-U-12451,2026-06-01T05:06:13,Inquiry regarding upcoming Eid merchant promo discounts.,OTHER,LOW,DISPUTES,RECEIVED,REFUNDED,1389,0
SYN-CMP-12761,SYN-U-15573,2026-06-01T08:27:46,Duplicate payment charged for the same restaurant QR transaction.,PAYMENT,LOW,TRANSACTION_OPERATIONS,RECEIVED,REVERSED,1706,0
SYN-CMP-12762,SYN-U-18659,2026-06-01T09:39:42,"Failed cash out attempt at agent, but funds debited from balance.",CASH_OUT,MEDIUM,TRANSACTION_OPERATIONS,RECEIVED,EXPLAINED,2749,0
SYN-CMP-12763,SYN-U-13478,2026-06-01T10:17:55,"Merchant initiated refund 5 business days ago, but balance is not credited.",REFUND,LOW,DISPUTES,RECEIVED,REFUNDED,2846,0
SYN-CMP-12764,SYN-U-15989,2026-06-01T10:44:58,App says account dormant even though I received funds two weeks ago.,ACCOUNT,LOW,DISPUTES,RECEIVED,EXPLAINED,2409,0
SYN-CMP-12765,SYN-U-14001,2026-06-01T12:31:48,NID verification pending for more than 48 hours.,ACCOUNT,MEDIUM,DISPUTES,RECEIVED,REFUNDED,465,0
SYN-CMP-12766,SYN-U-17187,2026-06-01T13:38:09,Partial refund received instead of full transaction amount.,REFUND,MEDIUM,DISPUTES,RECEIVED,IN_PROGRESS,942,0
SYN-CMP-12767,SYN-U-10862,2026-06-01T14:44:56,Inquiry regarding upcoming Eid merchant promo discounts.,OTHER,MEDIUM,DISPUTES,RECEIVED,REVERSED,1865,0
SYN-CMP-12768,SYN-U-12999,2026-06-01T15:40:58,Phishing message led to account takeover and repeated cash-out attempts.,FRAUD,CRITICAL,FRAUD_INVESTIGATION,RECEIVED,REFUNDED,453,0
SYN-CMP-12769,SYN-U-17945,2026-06-01T15:52:28,Bank deposit to Upay wallet via internet banking hasn't reflected after 4 hours.,TRANSFER,LOW,TRANSACTION_OPERATIONS,RECEIVED,REFUNDED,1914,0
SYN-CMP-12770,SYN-U-13491,2026-06-01T16:18:17,Bank deposit to Upay wallet via internet banking hasn't reflected after 4 hours.,TRANSFER,MEDIUM,TRANSACTION_OPERATIONS,RECEIVED,REFUNDED,1312,0
SYN-CMP-12771,SYN-U-15043,2026-06-01T16:36:45,International online transaction toggle keeps turning off automatically in settings.,CARD,MEDIUM,CARD_SERVICES,RECEIVED,REFUNDED,1023,0
SYN-CMP-12772,SYN-U-16769,2026-06-01T17:17:27,E-commerce merchant payment processed twice during checkout.,PAYMENT,MEDIUM,TRANSACTION_OPERATIONS,RECEIVED,EXPLAINED,588,0
SYN-CMP-12773,SYN-U-10191,2026-06-01T18:50:23,Cancelled e-commerce order refund amount is missing BDT 250 processing fee.,REFUND,MEDIUM,DISPUTES,RECEIVED,REFUNDED,1669,0
SYN-CMP-12774,SYN-U-10111,2026-06-01T20:47:17,"Payment to merchant showed failed on app, but BDT 1,200 deducted from my Upay balance.",PAYMENT,MEDIUM,TRANSACTION_OPERATIONS,RECEIVED,IN_PROGRESS,1814,0
SYN-CMP-12775,SYN-U-19851,2026-06-01T22:14:56,Money was deducted from my account but the grocery merchant did not receive payment confirmation.,PAYMENT,MEDIUM,TRANSACTION_OPERATIONS,RECEIVED,IN_PROGRESS,2835,0
SYN-CMP-12776,SYN-U-15998,2026-06-02T03:09:06,E-commerce merchant payment processed twice during checkout.,PAYMENT,HIGH,TRANSACTION_OPERATIONS,RECEIVED,REFUNDED,1348,1
SYN-CMP-12777,SYN-U-16063,2026-06-02T03:28:34,Cash-out fee charged higher than standard 1.4% rate at the agent point.,CASH_OUT,MEDIUM,TRANSACTION_OPERATIONS,RECEIVED,REFUNDED,623,0
SYN-CMP-12778,SYN-U-15283,2026-06-02T05:46:34,"Received a scam call asking for OTP, shortly after BDT 8,500 was transferred out.",FRAUD,HIGH,FRAUD_INVESTIGATION,RECEIVED,REVERSED,1614,1
SYN-CMP-12779,SYN-U-13776,2026-06-02T08:42:24,Bank deposit to Upay wallet via internet banking hasn't reflected after 4 hours.,TRANSFER,LOW,TRANSACTION_OPERATIONS,RECEIVED,REFUNDED,1582,0
SYN-CMP-12780,SYN-U-17727,2026-06-02T09:44:10,Biometric fingerprint login is not working on my new Android device.,ACCOUNT,LOW,DISPUTES,RECEIVED,DECLINED,1359,0
SYN-CMP-12781,SYN-U-10386,2026-06-02T10:21:36,SMS OTP is taking over 5 minutes to arrive during login attempt.,TECHNICAL,LOW,TECH_SUPPORT,RECEIVED,REFUNDED,152,0
SYN-CMP-12782,SYN-U-11763,2026-06-02T11:53:29,Partial refund received instead of full transaction amount.,REFUND,LOW,DISPUTES,RECEIVED,IN_PROGRESS,1557,0
SYN-CMP-12783,SYN-U-16385,2026-06-02T13:01:31,Card charged USD 45.00 for an online software transaction that I cancelled.,CARD,MEDIUM,CARD_SERVICES,RECEIVED,EXPLAINED,2803,0
SYN-CMP-12784,SYN-U-18115,2026-06-02T13:24:44,Duplicate payment charged for the same restaurant QR transaction.,PAYMENT,MEDIUM,TRANSACTION_OPERATIONS,RECEIVED,REFUNDED,883,0
SYN-CMP-12785,SYN-U-12737,2026-06-02T14:20:59,My virtual dual-currency card was declined while making an international subscription payment.,CARD,HIGH,CARD_SERVICES,RECEIVED,REFUNDED,1347,0
SYN-CMP-12786,SYN-U-15024,2026-06-02T16:40:42,App says account dormant even though I received funds two weeks ago.,ACCOUNT,LOW,DISPUTES,RECEIVED,REVERSED,1959,0
SYN-CMP-12787,SYN-U-15898,2026-06-02T17:49:07,Cancelled e-commerce order refund amount is missing BDT 250 processing fee.,REFUND,LOW,DISPUTES,RECEIVED,EXPLAINED,996,0
SYN-CMP-12788,SYN-U-19303,2026-06-02T18:44:44,My virtual dual-currency card was declined while making an international subscription payment.,CARD,HIGH,CARD_SERVICES,RECEIVED,EXPLAINED,2646,0
SYN-CMP-12789,SYN-U-15701,2026-06-02T21:34:32,International online transaction toggle keeps turning off automatically in settings.,CARD,HIGH,CARD_SERVICES,RECEIVED,UNBLOCK_ACCOUNT,1451,1
SYN-CMP-12790,SYN-U-18728,2026-06-02T22:51:01,Money was deducted from my account but the grocery merchant did not receive payment confirmation.,PAYMENT,MEDIUM,TRANSACTION_OPERATIONS,RECEIVED,EXPLAINED,916,0
SYN-CMP-12791,SYN-U-15077,2026-06-03T00:49:26,Biometric fingerprint login is not working on my new Android device.,ACCOUNT,LOW,DISPUTES,RECEIVED,DECLINED,2635,0
SYN-CMP-12792,SYN-U-16612,2026-06-03T00:51:22,Duplicate payment charged for the same restaurant QR transaction.,PAYMENT,MEDIUM,TRANSACTION_OPERATIONS,RECEIVED,EXPLAINED,1912,0
SYN-CMP-12793,SYN-U-16794,2026-06-03T01:36:01,"Received a scam call asking for OTP, shortly after BDT 8,500 was transferred out.",FRAUD,CRITICAL,FRAUD_INVESTIGATION,RECEIVED,REFUNDED,1828,1
SYN-CMP-12794,SYN-U-16477,2026-06-03T08:38:51,Inter-wallet transfer delayed during peak evening banking clearing hour.,TRANSFER,LOW,TRANSACTION_OPERATIONS,RECEIVED,REFUNDED,397,0
SYN-CMP-12795,SYN-U-11058,2026-06-03T09:21:35,"Unauthorized send money transaction of BDT 15,000 sent from my account at 3:00 AM.",FRAUD,HIGH,FRAUD_INVESTIGATION,RECEIVED,UNBLOCK_ACCOUNT,913,0
SYN-CMP-12796,SYN-U-13176,2026-06-03T09:42:17,Unable to update my registered primary phone number and email in settings.,ACCOUNT,LOW,DISPUTES,RECEIVED,REFUNDED,2794,0
SYN-CMP-12797,SYN-U-10734,2026-06-03T11:20:01,Upay mobile app crashes immediately on splash screen after latest update.,TECHNICAL,LOW,TECH_SUPPORT,RECEIVED,IN_PROGRESS,2339,0
SYN-CMP-12798,SYN-U-13267,2026-06-03T11:41:15,"Paid utility electricity bill through app yesterday, but bill status still shows unpaid.",PAYMENT,HIGH,TRANSACTION_OPERATIONS,RECEIVED,UNBLOCK_ACCOUNT,622,0
SYN-CMP-12799,SYN-U-17941,2026-06-03T12:53:15,Duplicate payment charged for the same restaurant QR transaction.,PAYMENT,MEDIUM,TRANSACTION_OPERATIONS,RECEIVED,IN_PROGRESS,787,0
SYN-CMP-12800,SYN-U-15704,2026-06-03T12:58:22,"Paid utility electricity bill through app yesterday, but bill status still shows unpaid.",PAYMENT,MEDIUM,TRANSACTION_OPERATIONS,RECEIVED,EXPLAINED,2528,0
SYN-CMP-12801,SYN-U-15078,2026-06-03T13:58:39,Endorsement limit not updating after submitting updated passport copy.,CARD,LOW,CARD_SERVICES,RECEIVED,REFUNDED,1786,0
SYN-CMP-12802,SYN-U-10560,2026-06-03T14:13:01,E-commerce merchant payment processed twice during checkout.,PAYMENT,HIGH,TRANSACTION_OPERATIONS,RECEIVED,EXPLAINED,605,1
SYN-CMP-12803,SYN-U-19623,2026-06-03T15:09:32,"Received a scam call asking for OTP, shortly after BDT 8,500 was transferred out.",FRAUD,CRITICAL,FRAUD_INVESTIGATION,RECEIVED,REFUNDED,1555,1
SYN-CMP-12804,SYN-U-12255,2026-06-03T16:45:16,Biometric fingerprint login is not working on my new Android device.,ACCOUNT,LOW,DISPUTES,RECEIVED,EXPLAINED,1020,0
SYN-CMP-12805,SYN-U-18195,2026-06-03T17:09:06,My account has been temporarily restricted after entering wrong PIN 3 times.,ACCOUNT,MEDIUM,DISPUTES,RECEIVED,EXPLAINED,1934,0
SYN-CMP-12806,SYN-U-13255,2026-06-03T17:16:31,E-commerce merchant payment processed twice during checkout.,PAYMENT,MEDIUM,TRANSACTION_OPERATIONS,RECEIVED,REFUNDED,2371,0
SYN-CMP-12807,SYN-U-14658,2026-06-03T18:12:45,Network connection error occurred during transaction processing screen.,TECHNICAL,LOW,TECH_SUPPORT,RECEIVED,REFUNDED,1886,0
SYN-CMP-12808,SYN-U-17566,2026-06-03T19:56:28,"Payment to merchant showed failed on app, but BDT 1,200 deducted from my Upay balance.",PAYMENT,MEDIUM,TRANSACTION_OPERATIONS,RECEIVED,EXPLAINED,876,0
SYN-CMP-12809,SYN-U-14840,2026-06-03T19:58:19,E-commerce merchant payment processed twice during checkout.,PAYMENT,MEDIUM,TRANSACTION_OPERATIONS,RECEIVED,UNBLOCK_ACCOUNT,942,0
SYN-CMP-12810,SYN-U-19172,2026-06-03T22:38:47,"Unauthorized send money transaction of BDT 15,000 sent from my account at 3:00 AM.",FRAUD,CRITICAL,FRAUD_INVESTIGATION,RECEIVED,REFUNDED,1545,1
SYN-CMP-12811,SYN-U-12865,2026-06-03T23:53:31,"Payment to merchant showed failed on app, but BDT 1,200 deducted from my Upay balance.",PAYMENT,MEDIUM,TRANSACTION_OPERATIONS,RECEIVED,REFUNDED,2800,0
SYN-CMP-12812,SYN-U-13746,2026-06-04T02:02:57,Agent deducted fee but the cash-out transaction timed out without dispensing cash.,CASH_OUT,LOW,TRANSACTION_OPERATIONS,RECEIVED,EXPLAINED,288,0
SYN-CMP-12813,SYN-U-15780,2026-06-04T02:50:49,Cancelled e-commerce order refund amount is missing BDT 250 processing fee.,REFUND,LOW,DISPUTES,RECEIVED,IN_PROGRESS,1187,0
SYN-CMP-12814,SYN-U-17198,2026-06-04T03:05:29,Biometric fingerprint login is not working on my new Android device.,ACCOUNT,LOW,DISPUTES,RECEIVED,REFUNDED,1332,0
SYN-CMP-12815,SYN-U-15802,2026-06-04T03:09:00,Phishing message led to account takeover and repeated cash-out attempts.,FRAUD,CRITICAL,FRAUD_INVESTIGATION,RECEIVED,REFUNDED,1663,1
SYN-CMP-12816,SYN-U-10710,2026-06-04T03:09:01,Money was deducted from my account but the grocery merchant did not receive payment confirmation.,PAYMENT,MEDIUM,TRANSACTION_OPERATIONS,RECEIVED,REFUNDED,1918,0
SYN-CMP-12817,SYN-U-13201,2026-06-04T04:22:24,Money was deducted from my account but the grocery merchant did not receive payment confirmation.,PAYMENT,MEDIUM,TRANSACTION_OPERATIONS,RECEIVED,UNBLOCK_ACCOUNT,382,0
SYN-CMP-12818,SYN-U-14997,2026-06-04T06:00:55,"Received a scam call asking for OTP, shortly after BDT 8,500 was transferred out.",FRAUD,CRITICAL,FRAUD_INVESTIGATION,RECEIVED,IN_PROGRESS,2231,0
SYN-CMP-12819,SYN-U-17239,2026-06-04T06:48:17,Network connection error occurred during transaction processing screen.,TECHNICAL,LOW,TECH_SUPPORT,RECEIVED,REFUNDED,959,0
SYN-CMP-12820,SYN-U-14856,2026-06-04T07:56:56,My virtual dual-currency card was declined while making an international subscription payment.,CARD,MEDIUM,CARD_SERVICES,RECEIVED,REFUNDED,2150,0
SYN-CMP-12821,SYN-U-13832,2026-06-04T10:51:31,"Unauthorized send money transaction of BDT 15,000 sent from my account at 3:00 AM.",FRAUD,CRITICAL,FRAUD_INVESTIGATION,RECEIVED,REFUNDED,2351,1
SYN-CMP-12822,SYN-U-12789,2026-06-04T12:42:48,NID verification pending for more than 48 hours.,ACCOUNT,LOW,DISPUTES,RECEIVED,REFUNDED,987,0
SYN-CMP-12823,SYN-U-13768,2026-06-04T13:41:36,Want to temporarily freeze my physical card due to lost wallet.,CARD,HIGH,CARD_SERVICES,RECEIVED,EXPLAINED,819,0
SYN-CMP-12824,SYN-U-14735,2026-06-04T14:54:27,Duplicate payment charged for the same restaurant QR transaction.,PAYMENT,LOW,TRANSACTION_OPERATIONS,RECEIVED,REVERSED,2233,0
SYN-CMP-12825,SYN-U-17174,2026-06-04T18:05:51,Unable to update my registered primary phone number and email in settings.,ACCOUNT,MEDIUM,DISPUTES,RECEIVED,EXPLAINED,2305,0
SYN-CMP-12826,SYN-U-10322,2026-06-04T19:00:49,"Paid utility electricity bill through app yesterday, but bill status still shows unpaid.",PAYMENT,MEDIUM,TRANSACTION_OPERATIONS,RECEIVED,REFUNDED,582,0
SYN-CMP-12827,SYN-U-19501,2026-06-04T19:26:46,Duplicate payment charged for the same restaurant QR transaction.,PAYMENT,MEDIUM,TRANSACTION_OPERATIONS,RECEIVED,EXPLAINED,2292,0
SYN-CMP-12828,SYN-U-12827,2026-06-04T20:15:27,"Payment to merchant showed failed on app, but BDT 1,200 deducted from my Upay balance.",PAYMENT,MEDIUM,TRANSACTION_OPERATIONS,RECEIVED,REVERSED,2183,0
SYN-CMP-12829,SYN-U-18438,2026-06-04T21:12:21,Unable to update my registered primary phone number and email in settings.,ACCOUNT,LOW,DISPUTES,RECEIVED,REFUNDED,1888,0
SYN-CMP-12830,SYN-U-12946,2026-06-04T23:44:21,International online transaction toggle keeps turning off automatically in settings.,CARD,HIGH,CARD_SERVICES,RECEIVED,EXPLAINED,2705,1
SYN-CMP-12831,SYN-U-10075,2026-06-05T03:06:11,My virtual dual-currency card was declined while making an international subscription payment.,CARD,MEDIUM,CARD_SERVICES,RECEIVED,UNBLOCK_ACCOUNT,957,0
SYN-CMP-12832,SYN-U-16958,2026-06-05T03:54:06,"Failed cash out attempt at agent, but funds debited from balance.",CASH_OUT,MEDIUM,TRANSACTION_OPERATIONS,RECEIVED,UNBLOCK_ACCOUNT,2152,0
SYN-CMP-12833,SYN-U-14821,2026-06-05T06:07:00,Phishing message led to account takeover and repeated cash-out attempts.,FRAUD,HIGH,FRAUD_INVESTIGATION,RECEIVED,REVERSED,431,0
SYN-CMP-12834,SYN-U-17752,2026-06-05T07:24:28,Duplicate payment charged for the same restaurant QR transaction.,PAYMENT,MEDIUM,TRANSACTION_OPERATIONS,RECEIVED,DECLINED,1934,0
SYN-CMP-12835,SYN-U-12724,2026-06-05T07:51:34,Bank deposit to Upay wallet via internet banking hasn't reflected after 4 hours.,TRANSFER,MEDIUM,TRANSACTION_OPERATIONS,RECEIVED,DECLINED,598,0
SYN-CMP-12836,SYN-U-15091,2026-06-05T08:32:58,E-commerce merchant payment processed twice during checkout.,PAYMENT,MEDIUM,TRANSACTION_OPERATIONS,RECEIVED,REVERSED,1605,0
SYN-CMP-12837,SYN-U-12625,2026-06-05T09:25:41,Upay mobile app crashes immediately on splash screen after latest update.,TECHNICAL,LOW,TECH_SUPPORT,RECEIVED,EXPLAINED,221,0
SYN-CMP-12838,SYN-U-12882,2026-06-05T09:42:05,"Payment to merchant showed failed on app, but BDT 1,200 deducted from my Upay balance.",PAYMENT,MEDIUM,TRANSACTION_OPERATIONS,RECEIVED,IN_PROGRESS,1886,0
SYN-CMP-12839,SYN-U-17231,2026-06-05T11:31:47,Unable to update my registered primary phone number and email in settings.,ACCOUNT,MEDIUM,DISPUTES,RECEIVED,EXPLAINED,2114,0
SYN-CMP-12840,SYN-U-17970,2026-06-05T12:30:03,Duplicate payment charged for the same restaurant QR transaction.,PAYMENT,MEDIUM,TRANSACTION_OPERATIONS,RECEIVED,IN_PROGRESS,1966,0
SYN-CMP-12841,SYN-U-15995,2026-06-05T12:39:31,SMS OTP is taking over 5 minutes to arrive during login attempt.,TECHNICAL,LOW,TECH_SUPPORT,RECEIVED,UNBLOCK_ACCOUNT,2737,0
SYN-CMP-12842,SYN-U-15569,2026-06-05T12:47:17,E-commerce merchant payment processed twice during checkout.,PAYMENT,MEDIUM,TRANSACTION_OPERATIONS,RECEIVED,EXPLAINED,505,0
SYN-CMP-12843,SYN-U-14898,2026-06-05T13:01:02,Money was deducted from my account but the grocery merchant did not receive payment confirmation.,PAYMENT,MEDIUM,TRANSACTION_OPERATIONS,RECEIVED,REFUNDED,2028,0
SYN-CMP-12844,SYN-U-12517,2026-06-05T13:03:04,Upay mobile app crashes immediately on splash screen after latest update.,TECHNICAL,LOW,TECH_SUPPORT,RECEIVED,IN_PROGRESS,1879,0
SYN-CMP-12845,SYN-U-10936,2026-06-05T13:22:46,International online transaction toggle keeps turning off automatically in settings.,CARD,LOW,CARD_SERVICES,RECEIVED,UNBLOCK_ACCOUNT,303,0
SYN-CMP-12846,SYN-U-19389,2026-06-05T13:57:08,Duplicate payment charged for the same restaurant QR transaction.,PAYMENT,MEDIUM,TRANSACTION_OPERATIONS,RECEIVED,EXPLAINED,2053,0
SYN-CMP-12847,SYN-U-14566,2026-06-05T15:07:44,"Merchant initiated refund 5 business days ago, but balance is not credited.",REFUND,LOW,DISPUTES,RECEIVED,REFUNDED,2220,0
SYN-CMP-12848,SYN-U-12734,2026-06-05T15:30:14,Biometric fingerprint login is not working on my new Android device.,ACCOUNT,LOW,DISPUTES,RECEIVED,REFUNDED,710,0
SYN-CMP-12849,SYN-U-14682,2026-06-05T16:12:45,SMS OTP is taking over 5 minutes to arrive during login attempt.,TECHNICAL,LOW,TECH_SUPPORT,RECEIVED,REFUNDED,57,0
SYN-CMP-12850,SYN-U-16730,2026-06-05T16:18:53,"Failed cash out attempt at agent, but funds debited from balance.",CASH_OUT,LOW,TRANSACTION_OPERATIONS,RECEIVED,EXPLAINED,2094,0
SYN-CMP-12851,SYN-U-18255,2026-06-05T18:50:49,Requesting official annual account statement for tax filing purposes.,OTHER,LOW,DISPUTES,RECEIVED,REVERSED,492,0
SYN-CMP-12852,SYN-U-16292,2026-06-05T20:59:56,"Failed cash out attempt at agent, but funds debited from balance.",CASH_OUT,MEDIUM,TRANSACTION_OPERATIONS,RECEIVED,IN_PROGRESS,2434,0
SYN-CMP-12853,SYN-U-19745,2026-06-05T22:44:45,"Fund transfer to my linked commercial bank account failed, money not credited yet.",TRANSFER,LOW,TRANSACTION_OPERATIONS,RECEIVED,EXPLAINED,2763,0
SYN-CMP-12854,SYN-U-19535,2026-06-05T22:53:14,International online transaction toggle keeps turning off automatically in settings.,CARD,MEDIUM,CARD_SERVICES,RECEIVED,IN_PROGRESS,2203,0
SYN-CMP-12855,SYN-U-14019,2026-06-05T23:13:22,My virtual dual-currency card was declined while making an international subscription payment.,CARD,LOW,CARD_SERVICES,RECEIVED,UNBLOCK_ACCOUNT,115,0
SYN-CMP-12856,SYN-U-18935,2026-06-05T23:13:53,Duplicate payment charged for the same restaurant QR transaction.,PAYMENT,MEDIUM,TRANSACTION_OPERATIONS,RECEIVED,UNBLOCK_ACCOUNT,1926,0
SYN-CMP-12857,SYN-U-19535,2026-06-06T03:40:32,Agent deducted fee but the cash-out transaction timed out without dispensing cash.,CASH_OUT,LOW,TRANSACTION_OPERATIONS,RECEIVED,UNBLOCK_ACCOUNT,688,0
SYN-CMP-12858,SYN-U-11310,2026-06-06T05:03:46,E-commerce merchant payment processed twice during checkout.,PAYMENT,MEDIUM,TRANSACTION_OPERATIONS,RECEIVED,EXPLAINED,123,0
SYN-CMP-12859,SYN-U-17960,2026-06-06T05:26:51,"Accidentally transferred BDT 3,500 to a wrong mobile number.",TRANSFER,MEDIUM,TRANSACTION_OPERATIONS,RECEIVED,REFUNDED,247,0
SYN-CMP-12860,SYN-U-17724,2026-06-06T05:48:41,"Payment to merchant showed failed on app, but BDT 1,200 deducted from my Upay balance.",PAYMENT,MEDIUM,TRANSACTION_OPERATIONS,RECEIVED,IN_PROGRESS,1597,0
SYN-CMP-12861,SYN-U-19295,2026-06-06T06:38:35,"Payment to merchant showed failed on app, but BDT 1,200 deducted from my Upay balance.",PAYMENT,MEDIUM,TRANSACTION_OPERATIONS,RECEIVED,REFUNDED,1164,0
SYN-CMP-12862,SYN-U-18759,2026-06-06T06:41:45,NID verification pending for more than 48 hours.,ACCOUNT,LOW,DISPUTES,RECEIVED,EXPLAINED,494,0
SYN-CMP-12863,SYN-U-16909,2026-06-06T08:05:20,SMS OTP is taking over 5 minutes to arrive during login attempt.,TECHNICAL,MEDIUM,TECH_SUPPORT,RECEIVED,REFUNDED,659,0
SYN-CMP-12864,SYN-U-13136,2026-06-06T08:17:50,Biometric fingerprint login is not working on my new Android device.,ACCOUNT,MEDIUM,DISPUTES,RECEIVED,EXPLAINED,109,0
SYN-CMP-12865,SYN-U-14501,2026-06-06T09:33:22,Inquiry regarding upcoming Eid merchant promo discounts.,OTHER,MEDIUM,DISPUTES,RECEIVED,REFUNDED,127,0
SYN-CMP-12866,SYN-U-13637,2026-06-06T10:55:23,NID verification pending for more than 48 hours.,ACCOUNT,LOW,DISPUTES,RECEIVED,IN_PROGRESS,2663,0
SYN-CMP-12867,SYN-U-10126,2026-06-06T11:40:05,Money was deducted from my account but the grocery merchant did not receive payment confirmation.,PAYMENT,HIGH,TRANSACTION_OPERATIONS,RECEIVED,REFUNDED,1235,1
SYN-CMP-12868,SYN-U-13287,2026-06-06T14:03:29,NID verification pending for more than 48 hours.,ACCOUNT,LOW,DISPUTES,RECEIVED,REFUNDED,224,0
SYN-CMP-12869,SYN-U-11343,2026-06-06T16:31:51,"Fund transfer to my linked commercial bank account failed, money not credited yet.",TRANSFER,LOW,TRANSACTION_OPERATIONS,RECEIVED,EXPLAINED,823,0
SYN-CMP-12870,SYN-U-16277,2026-06-06T19:56:17,"Failed cash out attempt at agent, but funds debited from balance.",CASH_OUT,LOW,TRANSACTION_OPERATIONS,RECEIVED,EXPLAINED,1043,0
SYN-CMP-12871,SYN-U-18062,2026-06-06T20:29:40,Cancelled e-commerce order refund amount is missing BDT 250 processing fee.,REFUND,LOW,DISPUTES,RECEIVED,IN_PROGRESS,1534,0
SYN-CMP-12872,SYN-U-19976,2026-06-06T22:04:39,Cash-out fee charged higher than standard 1.4% rate at the agent point.,CASH_OUT,MEDIUM,TRANSACTION_OPERATIONS,RECEIVED,EXPLAINED,588,0
SYN-CMP-12873,SYN-U-16049,2026-06-07T01:29:25,Agent confirmed cash-out successful on terminal but I did not receive SMS confirmation.,CASH_OUT,MEDIUM,TRANSACTION_OPERATIONS,RECEIVED,EXPLAINED,2311,0
SYN-CMP-12874,SYN-U-12898,2026-06-07T03:11:09,"Payment to merchant showed failed on app, but BDT 1,200 deducted from my Upay balance.",PAYMENT,LOW,TRANSACTION_OPERATIONS,RECEIVED,REVERSED,44,0
SYN-CMP-12875,SYN-U-12475,2026-06-07T03:19:06,Network connection error occurred during transaction processing screen.,TECHNICAL,MEDIUM,TECH_SUPPORT,RECEIVED,EXPLAINED,863,0
SYN-CMP-12876,SYN-U-18409,2026-06-07T05:00:31,Money was deducted from my account but the grocery merchant did not receive payment confirmation.,PAYMENT,MEDIUM,TRANSACTION_OPERATIONS,RECEIVED,DECLINED,1605,0
SYN-CMP-12877,SYN-U-14214,2026-06-07T05:02:36,"Paid utility electricity bill through app yesterday, but bill status still shows unpaid.",PAYMENT,MEDIUM,TRANSACTION_OPERATIONS,RECEIVED,DECLINED,58,0
SYN-CMP-12878,SYN-U-14701,2026-06-07T05:38:07,"Paid utility electricity bill through app yesterday, but bill status still shows unpaid.",PAYMENT,LOW,TRANSACTION_OPERATIONS,RECEIVED,UNBLOCK_ACCOUNT,1845,0
SYN-CMP-12879,SYN-U-16206,2026-06-07T05:48:56,My PIN was compromised and unauthorized funds were transferred to an unknown number.,FRAUD,CRITICAL,FRAUD_INVESTIGATION,RECEIVED,DECLINED,1870,1
SYN-CMP-12880,SYN-U-13355,2026-06-07T07:34:33,Cancelled e-commerce order refund amount is missing BDT 250 processing fee.,REFUND,LOW,DISPUTES,RECEIVED,EXPLAINED,2845,0
SYN-CMP-12881,SYN-U-19677,2026-06-07T08:04:38,Unable to update my registered primary phone number and email in settings.,ACCOUNT,LOW,DISPUTES,RECEIVED,UNBLOCK_ACCOUNT,613,0
SYN-CMP-12882,SYN-U-15186,2026-06-07T08:53:44,Partial refund received instead of full transaction amount.,REFUND,MEDIUM,DISPUTES,RECEIVED,REFUNDED,2034,0
SYN-CMP-12883,SYN-U-11356,2026-06-07T10:07:16,Cash-out fee charged higher than standard 1.4% rate at the agent point.,CASH_OUT,LOW,TRANSACTION_OPERATIONS,RECEIVED,REFUNDED,2265,0
SYN-CMP-12884,SYN-U-11887,2026-06-07T12:08:58,Agent deducted fee but the cash-out transaction timed out without dispensing cash.,CASH_OUT,LOW,TRANSACTION_OPERATIONS,RECEIVED,REVERSED,2090,0
SYN-CMP-12885,SYN-U-18262,2026-06-07T13:28:23,Agent confirmed cash-out successful on terminal but I did not receive SMS confirmation.,CASH_OUT,LOW,TRANSACTION_OPERATIONS,RECEIVED,UNBLOCK_ACCOUNT,1863,0
SYN-CMP-12886,SYN-U-10213,2026-06-07T13:43:06,Inquiry regarding upcoming Eid merchant promo discounts.,OTHER,MEDIUM,DISPUTES,RECEIVED,REFUNDED,2077,0
SYN-CMP-12887,SYN-U-17404,2026-06-07T18:10:00,"Accidentally transferred BDT 3,500 to a wrong mobile number.",TRANSFER,LOW,TRANSACTION_OPERATIONS,RECEIVED,REFUNDED,315,0
SYN-CMP-12888,SYN-U-19686,2026-06-07T18:33:00,"Payment to merchant showed failed on app, but BDT 1,200 deducted from my Upay balance.",PAYMENT,LOW,TRANSACTION_OPERATIONS,RECEIVED,IN_PROGRESS,91,0
SYN-CMP-12889,SYN-U-15478,2026-06-07T18:57:49,E-commerce merchant payment processed twice during checkout.,PAYMENT,LOW,TRANSACTION_OPERATIONS,RECEIVED,REFUNDED,2150,0
SYN-CMP-12890,SYN-U-12242,2026-06-07T19:13:55,Cancelled e-commerce order refund amount is missing BDT 250 processing fee.,REFUND,LOW,DISPUTES,RECEIVED,REFUNDED,1921,0
SYN-CMP-12891,SYN-U-11392,2026-06-07T19:43:08,Duplicate payment charged for the same restaurant QR transaction.,PAYMENT,LOW,TRANSACTION_OPERATIONS,RECEIVED,REFUNDED,1108,0
SYN-CMP-12892,SYN-U-19841,2026-06-07T21:07:53,Duplicate payment charged for the same restaurant QR transaction.,PAYMENT,MEDIUM,TRANSACTION_OPERATIONS,RECEIVED,UNBLOCK_ACCOUNT,826,0
SYN-CMP-12893,SYN-U-14123,2026-06-07T22:56:14,Money was deducted from my account but the grocery merchant did not receive payment confirmation.,PAYMENT,LOW,TRANSACTION_OPERATIONS,RECEIVED,REFUNDED,1449,0
SYN-CMP-12894,SYN-U-16172,2026-06-08T00:16:19,Money was deducted from my account but the grocery merchant did not receive payment confirmation.,PAYMENT,MEDIUM,TRANSACTION_OPERATIONS,RECEIVED,UNBLOCK_ACCOUNT,2031,0
SYN-CMP-12895,SYN-U-14600,2026-06-08T00:21:54,My PIN was compromised and unauthorized funds were transferred to an unknown number.,FRAUD,HIGH,FRAUD_INVESTIGATION,RECEIVED,REFUNDED,805,1
SYN-CMP-12896,SYN-U-14968,2026-06-08T00:23:33,Duplicate payment charged for the same restaurant QR transaction.,PAYMENT,MEDIUM,TRANSACTION_OPERATIONS,RECEIVED,REFUNDED,1380,0
SYN-CMP-12897,SYN-U-18859,2026-06-08T00:56:36,International online transaction toggle keeps turning off automatically in settings.,CARD,LOW,CARD_SERVICES,RECEIVED,IN_PROGRESS,2728,0
SYN-CMP-12898,SYN-U-10748,2026-06-08T03:34:29,E-commerce merchant payment processed twice during checkout.,PAYMENT,MEDIUM,TRANSACTION_OPERATIONS,RECEIVED,EXPLAINED,1545,0
SYN-CMP-12899,SYN-U-18450,2026-06-08T04:11:08,E-commerce merchant payment processed twice during checkout.,PAYMENT,MEDIUM,TRANSACTION_OPERATIONS,RECEIVED,REFUNDED,1875,0
SYN-CMP-12900,SYN-U-17271,2026-06-08T04:31:36,Phishing message led to account takeover and repeated cash-out attempts.,FRAUD,CRITICAL,FRAUD_INVESTIGATION,RECEIVED,REFUNDED,2817,1
SYN-CMP-12901,SYN-U-14764,2026-06-08T08:43:37,Money was deducted from my account but the grocery merchant did not receive payment confirmation.,PAYMENT,MEDIUM,TRANSACTION_OPERATIONS,RECEIVED,REFUNDED,366,0
SYN-CMP-12902,SYN-U-17805,2026-06-08T08:54:19,SMS OTP is taking over 5 minutes to arrive during login attempt.,TECHNICAL,LOW,TECH_SUPPORT,RECEIVED,IN_PROGRESS,2752,0
SYN-CMP-12903,SYN-U-11748,2026-06-08T08:59:34,Network connection error occurred during transaction processing screen.,TECHNICAL,MEDIUM,TECH_SUPPORT,RECEIVED,IN_PROGRESS,2686,0
SYN-CMP-12904,SYN-U-13581,2026-06-08T09:23:04,Bank deposit to Upay wallet via internet banking hasn't reflected after 4 hours.,TRANSFER,LOW,TRANSACTION_OPERATIONS,RECEIVED,REFUNDED,2284,0
SYN-CMP-12905,SYN-U-12517,2026-06-08T09:42:14,App says account dormant even though I received funds two weeks ago.,ACCOUNT,LOW,DISPUTES,RECEIVED,EXPLAINED,2438,0
SYN-CMP-12906,SYN-U-10156,2026-06-08T11:15:28,Money was deducted from my account but the grocery merchant did not receive payment confirmation.,PAYMENT,HIGH,TRANSACTION_OPERATIONS,RECEIVED,REFUNDED,2770,1
SYN-CMP-12907,SYN-U-18004,2026-06-08T14:00:52,Biometric fingerprint login is not working on my new Android device.,ACCOUNT,MEDIUM,DISPUTES,RECEIVED,REFUNDED,1582,0
SYN-CMP-12908,SYN-U-18229,2026-06-08T15:32:29,"Paid utility electricity bill through app yesterday, but bill status still shows unpaid.",PAYMENT,HIGH,TRANSACTION_OPERATIONS,RECEIVED,EXPLAINED,1765,0
SYN-CMP-12909,SYN-U-13647,2026-06-08T19:31:53,Bank deposit to Upay wallet via internet banking hasn't reflected after 4 hours.,TRANSFER,LOW,TRANSACTION_OPERATIONS,RECEIVED,EXPLAINED,911,0
SYN-CMP-12910,SYN-U-15088,2026-06-08T21:17:32,"Merchant initiated refund 5 business days ago, but balance is not credited.",REFUND,LOW,DISPUTES,RECEIVED,EXPLAINED,1422,0
SYN-CMP-12911,SYN-U-13809,2026-06-09T02:48:46,Money was deducted from my account but the grocery merchant did not receive payment confirmation.,PAYMENT,LOW,TRANSACTION_OPERATIONS,RECEIVED,REFUNDED,2654,0
SYN-CMP-12912,SYN-U-12405,2026-06-09T02:54:19,"Received a scam call asking for OTP, shortly after BDT 8,500 was transferred out.",FRAUD,CRITICAL,FRAUD_INVESTIGATION,RECEIVED,REFUNDED,2755,0
SYN-CMP-12913,SYN-U-13393,2026-06-09T03:13:24,"Failed cash out attempt at agent, but funds debited from balance.",CASH_OUT,LOW,TRANSACTION_OPERATIONS,RECEIVED,EXPLAINED,1757,0
SYN-CMP-12914,SYN-U-15993,2026-06-09T05:51:22,SMS OTP is taking over 5 minutes to arrive during login attempt.,TECHNICAL,MEDIUM,TECH_SUPPORT,RECEIVED,EXPLAINED,1062,0
SYN-CMP-12915,SYN-U-16572,2026-06-09T07:12:02,NID verification pending for more than 48 hours.,ACCOUNT,LOW,DISPUTES,RECEIVED,EXPLAINED,1073,0
SYN-CMP-12916,SYN-U-19837,2026-06-09T07:31:18,Agent deducted fee but the cash-out transaction timed out without dispensing cash.,CASH_OUT,LOW,TRANSACTION_OPERATIONS,RECEIVED,DECLINED,1453,0
SYN-CMP-12917,SYN-U-13701,2026-06-09T09:45:56,Endorsement limit not updating after submitting updated passport copy.,CARD,MEDIUM,CARD_SERVICES,RECEIVED,REFUNDED,2769,0
SYN-CMP-12918,SYN-U-14198,2026-06-09T09:48:46,E-commerce merchant payment processed twice during checkout.,PAYMENT,LOW,TRANSACTION_OPERATIONS,RECEIVED,EXPLAINED,1495,0
SYN-CMP-12919,SYN-U-19066,2026-06-09T10:18:57,Need clarification on loyalty reward cashback points calculation.,OTHER,LOW,DISPUTES,RECEIVED,DECLINED,1532,0
SYN-CMP-12920,SYN-U-17572,2026-06-09T12:27:05,Duplicate payment charged for the same restaurant QR transaction.,PAYMENT,MEDIUM,TRANSACTION_OPERATIONS,RECEIVED,IN_PROGRESS,2586,0
SYN-CMP-12921,SYN-U-10443,2026-06-09T12:40:39,Agent confirmed cash-out successful on terminal but I did not receive SMS confirmation.,CASH_OUT,LOW,TRANSACTION_OPERATIONS,RECEIVED,IN_PROGRESS,154,0
SYN-CMP-12922,SYN-U-10018,2026-06-09T13:57:26,Inquiry regarding upcoming Eid merchant promo discounts.,OTHER,LOW,DISPUTES,RECEIVED,UNBLOCK_ACCOUNT,1311,0
SYN-CMP-12923,SYN-U-18575,2026-06-09T14:45:29,Agent deducted fee but the cash-out transaction timed out without dispensing cash.,CASH_OUT,LOW,TRANSACTION_OPERATIONS,RECEIVED,UNBLOCK_ACCOUNT,665,0
SYN-CMP-12924,SYN-U-12129,2026-06-09T16:51:20,Card charged USD 45.00 for an online software transaction that I cancelled.,CARD,MEDIUM,CARD_SERVICES,RECEIVED,REFUNDED,283,0
SYN-CMP-12925,SYN-U-12923,2026-06-09T19:38:26,Inter-wallet transfer delayed during peak evening banking clearing hour.,TRANSFER,LOW,TRANSACTION_OPERATIONS,RECEIVED,DECLINED,2626,0
SYN-CMP-12926,SYN-U-18153,2026-06-09T21:29:36,Cancelled e-commerce order refund amount is missing BDT 250 processing fee.,REFUND,LOW,DISPUTES,RECEIVED,IN_PROGRESS,68,0
SYN-CMP-12927,SYN-U-19669,2026-06-09T23:40:59,My account has been temporarily restricted after entering wrong PIN 3 times.,ACCOUNT,MEDIUM,DISPUTES,RECEIVED,REFUNDED,1413,0
SYN-CMP-12928,SYN-U-16094,2026-06-10T01:51:49,Agent deducted fee but the cash-out transaction timed out without dispensing cash.,CASH_OUT,MEDIUM,TRANSACTION_OPERATIONS,RECEIVED,REFUNDED,1135,0
SYN-CMP-12929,SYN-U-12526,2026-06-10T04:27:24,App says account dormant even though I received funds two weeks ago.,ACCOUNT,LOW,DISPUTES,RECEIVED,REFUNDED,1554,0
SYN-CMP-12930,SYN-U-11525,2026-06-10T06:28:51,"Payment to merchant showed failed on app, but BDT 1,200 deducted from my Upay balance.",PAYMENT,LOW,TRANSACTION_OPERATIONS,RECEIVED,EXPLAINED,2071,0
SYN-CMP-12931,SYN-U-15731,2026-06-10T11:59:44,Agent deducted fee but the cash-out transaction timed out without dispensing cash.,CASH_OUT,LOW,TRANSACTION_OPERATIONS,RECEIVED,IN_PROGRESS,1062,0
SYN-CMP-12932,SYN-U-17108,2026-06-10T12:14:18,Card charged USD 45.00 for an online software transaction that I cancelled.,CARD,HIGH,CARD_SERVICES,RECEIVED,EXPLAINED,265,1
SYN-CMP-12933,SYN-U-11085,2026-06-10T12:21:07,"Payment to merchant showed failed on app, but BDT 1,200 deducted from my Upay balance.",PAYMENT,MEDIUM,TRANSACTION_OPERATIONS,RECEIVED,EXPLAINED,2283,0
SYN-CMP-12934,SYN-U-12229,2026-06-10T13:53:06,Unable to update my registered primary phone number and email in settings.,ACCOUNT,LOW,DISPUTES,RECEIVED,UNBLOCK_ACCOUNT,2743,0
SYN-CMP-12935,SYN-U-17992,2026-06-10T14:25:27,SMS OTP is taking over 5 minutes to arrive during login attempt.,TECHNICAL,MEDIUM,TECH_SUPPORT,RECEIVED,EXPLAINED,1111,0
SYN-CMP-12936,SYN-U-16494,2026-06-10T14:52:10,Duplicate payment charged for the same restaurant QR transaction.,PAYMENT,MEDIUM,TRANSACTION_OPERATIONS,RECEIVED,REFUNDED,434,0
SYN-CMP-12937,SYN-U-10516,2026-06-10T15:14:21,"Suspicious login notification received from unfamiliar device, someone tried to cash out.",FRAUD,CRITICAL,FRAUD_INVESTIGATION,RECEIVED,EXPLAINED,789,1
SYN-CMP-12938,SYN-U-17259,2026-06-10T15:20:56,"Paid utility electricity bill through app yesterday, but bill status still shows unpaid.",PAYMENT,MEDIUM,TRANSACTION_OPERATIONS,RECEIVED,REFUNDED,2094,0
SYN-CMP-12939,SYN-U-16066,2026-06-10T16:34:21,Money was deducted from my account but the grocery merchant did not receive payment confirmation.,PAYMENT,MEDIUM,TRANSACTION_OPERATIONS,RECEIVED,UNBLOCK_ACCOUNT,443,0
SYN-CMP-12940,SYN-U-10782,2026-06-10T16:38:04,"Paid utility electricity bill through app yesterday, but bill status still shows unpaid.",PAYMENT,MEDIUM,TRANSACTION_OPERATIONS,RECEIVED,IN_PROGRESS,706,0
SYN-CMP-12941,SYN-U-15947,2026-06-10T17:18:28,Inter-wallet transfer delayed during peak evening banking clearing hour.,TRANSFER,LOW,TRANSACTION_OPERATIONS,RECEIVED,REFUNDED,2839,0
SYN-CMP-12942,SYN-U-13353,2026-06-10T19:44:17,My account has been temporarily restricted after entering wrong PIN 3 times.,ACCOUNT,LOW,DISPUTES,RECEIVED,EXPLAINED,528,0
SYN-CMP-12943,SYN-U-15162,2026-06-10T20:44:25,SMS OTP is taking over 5 minutes to arrive during login attempt.,TECHNICAL,LOW,TECH_SUPPORT,RECEIVED,EXPLAINED,404,0
SYN-CMP-12944,SYN-U-10464,2026-06-10T23:04:25,"Payment to merchant showed failed on app, but BDT 1,200 deducted from my Upay balance.",PAYMENT,MEDIUM,TRANSACTION_OPERATIONS,RECEIVED,REFUNDED,1087,0
SYN-CMP-12945,SYN-U-16332,2026-06-10T23:19:42,Duplicate payment charged for the same restaurant QR transaction.,PAYMENT,HIGH,TRANSACTION_OPERATIONS,RECEIVED,REVERSED,1048,1
SYN-CMP-12946,SYN-U-12521,2026-06-11T00:57:25,Requesting official annual account statement for tax filing purposes.,OTHER,MEDIUM,DISPUTES,RECEIVED,REFUNDED,1639,0
SYN-CMP-12947,SYN-U-12031,2026-06-11T01:15:57,Bank deposit to Upay wallet via internet banking hasn't reflected after 4 hours.,TRANSFER,LOW,TRANSACTION_OPERATIONS,RECEIVED,IN_PROGRESS,979,0
SYN-CMP-12948,SYN-U-15549,2026-06-11T02:14:41,My virtual dual-currency card was declined while making an international subscription payment.,CARD,MEDIUM,CARD_SERVICES,RECEIVED,REVERSED,2546,0
SYN-CMP-12949,SYN-U-12833,2026-06-11T02:33:34,Partial refund received instead of full transaction amount.,REFUND,LOW,DISPUTES,RECEIVED,IN_PROGRESS,2503,0
SYN-CMP-12950,SYN-U-19847,2026-06-11T02:56:57,Inter-wallet transfer delayed during peak evening banking clearing hour.,TRANSFER,LOW,TRANSACTION_OPERATIONS,RECEIVED,DECLINED,2268,0
SYN-CMP-12951,SYN-U-12580,2026-06-11T04:01:26,Want to temporarily freeze my physical card due to lost wallet.,CARD,MEDIUM,CARD_SERVICES,RECEIVED,REFUNDED,1017,0
SYN-CMP-12952,SYN-U-11093,2026-06-11T04:43:15,Money was deducted from my account but the grocery merchant did not receive payment confirmation.,PAYMENT,MEDIUM,TRANSACTION_OPERATIONS,RECEIVED,REVERSED,1584,0
SYN-CMP-12953,SYN-U-12982,2026-06-11T05:29:09,Partial refund received instead of full transaction amount.,REFUND,LOW,DISPUTES,RECEIVED,REFUNDED,1920,0
SYN-CMP-12954,SYN-U-13729,2026-06-11T05:37:55,Money was deducted from my account but the grocery merchant did not receive payment confirmation.,PAYMENT,MEDIUM,TRANSACTION_OPERATIONS,RECEIVED,REFUNDED,244,0
SYN-CMP-12955,SYN-U-10669,2026-06-11T10:27:53,"Paid utility electricity bill through app yesterday, but bill status still shows unpaid.",PAYMENT,MEDIUM,TRANSACTION_OPERATIONS,RECEIVED,REFUNDED,206,0
SYN-CMP-12956,SYN-U-10387,2026-06-11T14:30:53,Want to temporarily freeze my physical card due to lost wallet.,CARD,LOW,CARD_SERVICES,RECEIVED,REFUNDED,2276,0
SYN-CMP-12957,SYN-U-17361,2026-06-11T14:51:18,"Payment to merchant showed failed on app, but BDT 1,200 deducted from my Upay balance.",PAYMENT,LOW,TRANSACTION_OPERATIONS,RECEIVED,UNBLOCK_ACCOUNT,2144,0
SYN-CMP-12958,SYN-U-13632,2026-06-11T15:27:07,Cash-out fee charged higher than standard 1.4% rate at the agent point.,CASH_OUT,LOW,TRANSACTION_OPERATIONS,RECEIVED,REFUNDED,920,0
SYN-CMP-12959,SYN-U-16569,2026-06-11T15:37:18,My virtual dual-currency card was declined while making an international subscription payment.,CARD,MEDIUM,CARD_SERVICES,RECEIVED,EXPLAINED,2155,0
SYN-CMP-12960,SYN-U-17608,2026-06-11T16:18:57,"Payment to merchant showed failed on app, but BDT 1,200 deducted from my Upay balance.",PAYMENT,LOW,TRANSACTION_OPERATIONS,RECEIVED,EXPLAINED,544,0
SYN-CMP-12961,SYN-U-18365,2026-06-11T17:48:52,"Unauthorized send money transaction of BDT 15,000 sent from my account at 3:00 AM.",FRAUD,CRITICAL,FRAUD_INVESTIGATION,RECEIVED,EXPLAINED,2165,1
SYN-CMP-12962,SYN-U-16243,2026-06-11T18:50:24,Cash-out fee charged higher than standard 1.4% rate at the agent point.,CASH_OUT,MEDIUM,TRANSACTION_OPERATIONS,RECEIVED,REFUNDED,549,0
SYN-CMP-12963,SYN-U-10817,2026-06-11T19:11:15,"Accidentally transferred BDT 3,500 to a wrong mobile number.",TRANSFER,MEDIUM,TRANSACTION_OPERATIONS,RECEIVED,REFUNDED,1025,0
SYN-CMP-12964,SYN-U-17508,2026-06-11T19:40:45,"Accidentally transferred BDT 3,500 to a wrong mobile number.",TRANSFER,LOW,TRANSACTION_OPERATIONS,RECEIVED,REFUNDED,1557,0
SYN-CMP-12965,SYN-U-17834,2026-06-11T21:18:57,Biometric fingerprint login is not working on my new Android device.,ACCOUNT,LOW,DISPUTES,RECEIVED,REVERSED,1708,0
SYN-CMP-12966,SYN-U-10832,2026-06-11T21:56:24,Inquiry regarding upcoming Eid merchant promo discounts.,OTHER,MEDIUM,DISPUTES,RECEIVED,UNBLOCK_ACCOUNT,2481,0
SYN-CMP-12967,SYN-U-19937,2026-06-11T22:22:39,Agent deducted fee but the cash-out transaction timed out without dispensing cash.,CASH_OUT,LOW,TRANSACTION_OPERATIONS,RECEIVED,EXPLAINED,389,0
SYN-CMP-12968,SYN-U-14899,2026-06-12T02:22:17,Agent confirmed cash-out successful on terminal but I did not receive SMS confirmation.,CASH_OUT,LOW,TRANSACTION_OPERATIONS,RECEIVED,EXPLAINED,1140,0
SYN-CMP-12969,SYN-U-15731,2026-06-12T04:33:00,International online transaction toggle keeps turning off automatically in settings.,CARD,HIGH,CARD_SERVICES,RECEIVED,EXPLAINED,1817,0
SYN-CMP-12970,SYN-U-13057,2026-06-12T04:54:16,Endorsement limit not updating after submitting updated passport copy.,CARD,MEDIUM,CARD_SERVICES,RECEIVED,REFUNDED,941,0
SYN-CMP-12971,SYN-U-13793,2026-06-12T07:58:21,Money was deducted from my account but the grocery merchant did not receive payment confirmation.,PAYMENT,MEDIUM,TRANSACTION_OPERATIONS,RECEIVED,EXPLAINED,526,0
SYN-CMP-12972,SYN-U-19936,2026-06-12T08:11:18,Agent confirmed cash-out successful on terminal but I did not receive SMS confirmation.,CASH_OUT,LOW,TRANSACTION_OPERATIONS,RECEIVED,REVERSED,775,0
SYN-CMP-12973,SYN-U-11117,2026-06-12T16:29:11,Inter-wallet transfer delayed during peak evening banking clearing hour.,TRANSFER,LOW,TRANSACTION_OPERATIONS,RECEIVED,EXPLAINED,1229,0
SYN-CMP-12974,SYN-U-14137,2026-06-12T18:01:40,"Suspicious login notification received from unfamiliar device, someone tried to cash out.",FRAUD,HIGH,FRAUD_INVESTIGATION,RECEIVED,EXPLAINED,1772,1
SYN-CMP-12975,SYN-U-10834,2026-06-12T20:27:51,E-commerce merchant payment processed twice during checkout.,PAYMENT,MEDIUM,TRANSACTION_OPERATIONS,RECEIVED,REFUNDED,1312,0
SYN-CMP-12976,SYN-U-18401,2026-06-12T23:54:08,Partial refund received instead of full transaction amount.,REFUND,LOW,DISPUTES,RECEIVED,EXPLAINED,2538,0
SYN-CMP-12977,SYN-U-14171,2026-06-13T00:40:53,Want to temporarily freeze my physical card due to lost wallet.,CARD,HIGH,CARD_SERVICES,RECEIVED,EXPLAINED,2354,0
SYN-CMP-12978,SYN-U-12339,2026-06-13T01:39:55,Want to temporarily freeze my physical card due to lost wallet.,CARD,HIGH,CARD_SERVICES,RECEIVED,REFUNDED,2576,1
SYN-CMP-12979,SYN-U-11821,2026-06-13T02:35:04,"Failed cash out attempt at agent, but funds debited from balance.",CASH_OUT,LOW,TRANSACTION_OPERATIONS,RECEIVED,REFUNDED,2872,0
SYN-CMP-12980,SYN-U-14734,2026-06-13T04:34:06,"Unauthorized send money transaction of BDT 15,000 sent from my account at 3:00 AM.",FRAUD,CRITICAL,FRAUD_INVESTIGATION,RECEIVED,EXPLAINED,1906,1
SYN-CMP-12981,SYN-U-12181,2026-06-13T05:13:37,Card charged USD 45.00 for an online software transaction that I cancelled.,CARD,MEDIUM,CARD_SERVICES,RECEIVED,EXPLAINED,2149,0
SYN-CMP-12982,SYN-U-13558,2026-06-13T07:10:11,Money was deducted from my account but the grocery merchant did not receive payment confirmation.,PAYMENT,LOW,TRANSACTION_OPERATIONS,RECEIVED,IN_PROGRESS,1293,0
SYN-CMP-12983,SYN-U-16911,2026-06-13T10:15:42,Cash-out fee charged higher than standard 1.4% rate at the agent point.,CASH_OUT,LOW,TRANSACTION_OPERATIONS,RECEIVED,UNBLOCK_ACCOUNT,2029,0
SYN-CMP-12984,SYN-U-13068,2026-06-13T13:28:01,My PIN was compromised and unauthorized funds were transferred to an unknown number.,FRAUD,CRITICAL,FRAUD_INVESTIGATION,RECEIVED,REFUNDED,1982,0
SYN-CMP-12985,SYN-U-11574,2026-06-13T13:50:34,"Received a scam call asking for OTP, shortly after BDT 8,500 was transferred out.",FRAUD,CRITICAL,FRAUD_INVESTIGATION,RECEIVED,REFUNDED,176,1
SYN-CMP-12986,SYN-U-15077,2026-06-13T16:19:08,Need clarification on loyalty reward cashback points calculation.,OTHER,LOW,DISPUTES,RECEIVED,UNBLOCK_ACCOUNT,2213,0
SYN-CMP-12987,SYN-U-13047,2026-06-13T17:10:34,My virtual dual-currency card was declined while making an international subscription payment.,CARD,LOW,CARD_SERVICES,RECEIVED,IN_PROGRESS,505,0
SYN-CMP-12988,SYN-U-16612,2026-06-13T17:40:55,"Unauthorized send money transaction of BDT 15,000 sent from my account at 3:00 AM.",FRAUD,HIGH,FRAUD_INVESTIGATION,RECEIVED,REFUNDED,1989,0
SYN-CMP-12989,SYN-U-19975,2026-06-13T17:57:56,"Failed cash out attempt at agent, but funds debited from balance.",CASH_OUT,LOW,TRANSACTION_OPERATIONS,RECEIVED,REFUNDED,1425,0
SYN-CMP-12990,SYN-U-16455,2026-06-13T18:46:55,Biometric fingerprint login is not working on my new Android device.,ACCOUNT,LOW,DISPUTES,RECEIVED,EXPLAINED,1190,0
SYN-CMP-12991,SYN-U-13507,2026-06-13T19:35:35,"Accidentally transferred BDT 3,500 to a wrong mobile number.",TRANSFER,MEDIUM,TRANSACTION_OPERATIONS,RECEIVED,REFUNDED,1826,0
SYN-CMP-12992,SYN-U-13240,2026-06-13T20:00:44,"Paid utility electricity bill through app yesterday, but bill status still shows unpaid.",PAYMENT,MEDIUM,TRANSACTION_OPERATIONS,RECEIVED,DECLINED,1088,0
SYN-CMP-12993,SYN-U-16661,2026-06-13T20:27:46,NID verification pending for more than 48 hours.,ACCOUNT,MEDIUM,DISPUTES,RECEIVED,IN_PROGRESS,2434,0
SYN-CMP-12994,SYN-U-18593,2026-06-13T20:42:15,"Suspicious login notification received from unfamiliar device, someone tried to cash out.",FRAUD,HIGH,FRAUD_INVESTIGATION,RECEIVED,REFUNDED,2565,1
SYN-CMP-12995,SYN-U-16127,2026-06-13T21:33:43,Money was deducted from my account but the grocery merchant did not receive payment confirmation.,PAYMENT,MEDIUM,TRANSACTION_OPERATIONS,RECEIVED,REFUNDED,1928,0
SYN-CMP-12996,SYN-U-16401,2026-06-13T21:38:03,"Paid utility electricity bill through app yesterday, but bill status still shows unpaid.",PAYMENT,LOW,TRANSACTION_OPERATIONS,RECEIVED,EXPLAINED,732,0
SYN-CMP-12997,SYN-U-12411,2026-06-13T22:55:52,"Paid utility electricity bill through app yesterday, but bill status still shows unpaid.",PAYMENT,HIGH,TRANSACTION_OPERATIONS,RECEIVED,EXPLAINED,2577,0
SYN-CMP-12998,SYN-U-15520,2026-06-14T02:24:04,Want to temporarily freeze my physical card due to lost wallet.,CARD,HIGH,CARD_SERVICES,RECEIVED,EXPLAINED,1337,0
SYN-CMP-12999,SYN-U-13780,2026-06-14T03:22:41,"Paid utility electricity bill through app yesterday, but bill status still shows unpaid.",PAYMENT,HIGH,TRANSACTION_OPERATIONS,RECEIVED,REFUNDED,746,0
SYN-CMP-13000,SYN-U-14123,2026-06-14T06:43:17,"Failed cash out attempt at agent, but funds debited from balance.",CASH_OUT,LOW,TRANSACTION_OPERATIONS,RECEIVED,REVERSED,2587,0
SYN-CMP-13001,SYN-U-13771,2026-06-14T13:19:15,App says account dormant even though I received funds two weeks ago.,ACCOUNT,MEDIUM,DISPUTES,RECEIVED,REFUNDED,2152,0
SYN-CMP-13002,SYN-U-16484,2026-06-14T14:27:36,"Merchant initiated refund 5 business days ago, but balance is not credited.",REFUND,MEDIUM,DISPUTES,RECEIVED,REFUNDED,1656,0
SYN-CMP-13003,SYN-U-15133,2026-06-14T15:14:02,"Paid utility electricity bill through app yesterday, but bill status still shows unpaid.",PAYMENT,MEDIUM,TRANSACTION_OPERATIONS,RECEIVED,REFUNDED,1674,0
SYN-CMP-13004,SYN-U-15463,2026-06-14T15:22:45,E-commerce merchant payment processed twice during checkout.,PAYMENT,MEDIUM,TRANSACTION_OPERATIONS,RECEIVED,EXPLAINED,1690,0
SYN-CMP-13005,SYN-U-14836,2026-06-14T16:08:39,"Suspicious login notification received from unfamiliar device, someone tried to cash out.",FRAUD,CRITICAL,FRAUD_INVESTIGATION,RECEIVED,REFUNDED,1914,0
SYN-CMP-13006,SYN-U-16173,2026-06-14T16:17:40,"Paid utility electricity bill through app yesterday, but bill status still shows unpaid.",PAYMENT,MEDIUM,TRANSACTION_OPERATIONS,RECEIVED,EXPLAINED,2815,0
SYN-CMP-13007,SYN-U-10807,2026-06-14T16:34:05,My virtual dual-currency card was declined while making an international subscription payment.,CARD,MEDIUM,CARD_SERVICES,RECEIVED,REFUNDED,621,0
SYN-CMP-13008,SYN-U-11125,2026-06-14T19:51:01,Partial refund received instead of full transaction amount.,REFUND,MEDIUM,DISPUTES,RECEIVED,REFUNDED,699,0
SYN-CMP-13009,SYN-U-15602,2026-06-14T20:40:28,Want to temporarily freeze my physical card due to lost wallet.,CARD,LOW,CARD_SERVICES,RECEIVED,EXPLAINED,1505,0
SYN-CMP-13010,SYN-U-16500,2026-06-14T21:41:46,"Unauthorized send money transaction of BDT 15,000 sent from my account at 3:00 AM.",FRAUD,CRITICAL,FRAUD_INVESTIGATION,RECEIVED,UNBLOCK_ACCOUNT,1686,0
SYN-CMP-13011,SYN-U-13628,2026-06-14T22:15:39,"Paid utility electricity bill through app yesterday, but bill status still shows unpaid.",PAYMENT,MEDIUM,TRANSACTION_OPERATIONS,RECEIVED,REFUNDED,58,0
SYN-CMP-13012,SYN-U-16840,2026-06-14T23:40:01,Agent confirmed cash-out successful on terminal but I did not receive SMS confirmation.,CASH_OUT,LOW,TRANSACTION_OPERATIONS,RECEIVED,REFUNDED,1158,0
SYN-CMP-13013,SYN-U-13623,2026-06-14T23:43:35,Duplicate payment charged for the same restaurant QR transaction.,PAYMENT,HIGH,TRANSACTION_OPERATIONS,RECEIVED,EXPLAINED,20,0
SYN-CMP-13014,SYN-U-15469,2026-06-14T23:50:31,Money was deducted from my account but the grocery merchant did not receive payment confirmation.,PAYMENT,MEDIUM,TRANSACTION_OPERATIONS,RECEIVED,REVERSED,2258,0
SYN-CMP-13015,SYN-U-10676,2026-06-15T00:02:14,Phishing message led to account takeover and repeated cash-out attempts.,FRAUD,HIGH,FRAUD_INVESTIGATION,RECEIVED,IN_PROGRESS,1958,1
SYN-CMP-13016,SYN-U-15140,2026-06-15T04:47:53,Partial refund received instead of full transaction amount.,REFUND,MEDIUM,DISPUTES,RECEIVED,IN_PROGRESS,354,0
SYN-CMP-13017,SYN-U-14058,2026-06-15T04:53:17,Partial refund received instead of full transaction amount.,REFUND,LOW,DISPUTES,RECEIVED,REFUNDED,1351,0
SYN-CMP-13018,SYN-U-14118,2026-06-15T04:57:13,"Suspicious login notification received from unfamiliar device, someone tried to cash out.",FRAUD,CRITICAL,FRAUD_INVESTIGATION,RECEIVED,REFUNDED,1734,0
SYN-CMP-13019,SYN-U-15539,2026-06-15T05:22:01,"Received a scam call asking for OTP, shortly after BDT 8,500 was transferred out.",FRAUD,CRITICAL,FRAUD_INVESTIGATION,RECEIVED,EXPLAINED,1958,1
SYN-CMP-13020,SYN-U-18439,2026-06-15T06:30:21,My virtual dual-currency card was declined while making an international subscription payment.,CARD,MEDIUM,CARD_SERVICES,RECEIVED,DECLINED,1473,0
SYN-CMP-13021,SYN-U-11609,2026-06-15T08:50:42,Money was deducted from my account but the grocery merchant did not receive payment confirmation.,PAYMENT,MEDIUM,TRANSACTION_OPERATIONS,RECEIVED,EXPLAINED,1260,0
SYN-CMP-13022,SYN-U-15848,2026-06-15T08:52:51,Want to temporarily freeze my physical card due to lost wallet.,CARD,MEDIUM,CARD_SERVICES,RECEIVED,REFUNDED,2427,0
SYN-CMP-13023,SYN-U-13973,2026-06-15T09:40:27,Duplicate payment charged for the same restaurant QR transaction.,PAYMENT,HIGH,TRANSACTION_OPERATIONS,RECEIVED,REVERSED,2668,0
SYN-CMP-13024,SYN-U-10536,2026-06-15T10:03:10,Money was deducted from my account but the grocery merchant did not receive payment confirmation.,PAYMENT,MEDIUM,TRANSACTION_OPERATIONS,RECEIVED,IN_PROGRESS,2026,0
SYN-CMP-13025,SYN-U-19338,2026-06-15T10:37:25,Duplicate payment charged for the same restaurant QR transaction.,PAYMENT,LOW,TRANSACTION_OPERATIONS,RECEIVED,REFUNDED,1797,0
SYN-CMP-13026,SYN-U-19445,2026-06-15T12:51:48,My account has been temporarily restricted after entering wrong PIN 3 times.,ACCOUNT,LOW,DISPUTES,RECEIVED,EXPLAINED,1356,0
SYN-CMP-13027,SYN-U-13707,2026-06-15T13:03:42,"Accidentally transferred BDT 3,500 to a wrong mobile number.",TRANSFER,LOW,TRANSACTION_OPERATIONS,RECEIVED,EXPLAINED,1014,0
SYN-CMP-13028,SYN-U-11423,2026-06-15T13:50:45,"Paid utility electricity bill through app yesterday, but bill status still shows unpaid.",PAYMENT,MEDIUM,TRANSACTION_OPERATIONS,RECEIVED,DECLINED,2469,0
SYN-CMP-13029,SYN-U-10586,2026-06-15T16:19:08,Inter-wallet transfer delayed during peak evening banking clearing hour.,TRANSFER,MEDIUM,TRANSACTION_OPERATIONS,RECEIVED,IN_PROGRESS,2027,0
SYN-CMP-13030,SYN-U-18063,2026-06-15T16:49:26,NID verification pending for more than 48 hours.,ACCOUNT,LOW,DISPUTES,RECEIVED,REFUNDED,1411,0
SYN-CMP-13031,SYN-U-15634,2026-06-15T19:18:49,Network connection error occurred during transaction processing screen.,TECHNICAL,LOW,TECH_SUPPORT,RECEIVED,REFUNDED,872,0
SYN-CMP-13032,SYN-U-10040,2026-06-15T19:28:46,Network connection error occurred during transaction processing screen.,TECHNICAL,LOW,TECH_SUPPORT,RECEIVED,REFUNDED,280,0
SYN-CMP-13033,SYN-U-16223,2026-06-15T19:46:10,Money was deducted from my account but the grocery merchant did not receive payment confirmation.,PAYMENT,LOW,TRANSACTION_OPERATIONS,RECEIVED,IN_PROGRESS,1762,0
SYN-CMP-13034,SYN-U-10043,2026-06-16T00:30:02,Card charged USD 45.00 for an online software transaction that I cancelled.,CARD,MEDIUM,CARD_SERVICES,RECEIVED,REFUNDED,64,0
SYN-CMP-13035,SYN-U-15852,2026-06-16T01:21:26,App says account dormant even though I received funds two weeks ago.,ACCOUNT,LOW,DISPUTES,RECEIVED,IN_PROGRESS,2042,0
SYN-CMP-13036,SYN-U-12458,2026-06-16T02:23:05,Cancelled e-commerce order refund amount is missing BDT 250 processing fee.,REFUND,LOW,DISPUTES,RECEIVED,EXPLAINED,2380,0
SYN-CMP-13037,SYN-U-18553,2026-06-16T03:03:19,Duplicate payment charged for the same restaurant QR transaction.,PAYMENT,LOW,TRANSACTION_OPERATIONS,RECEIVED,EXPLAINED,478,0
SYN-CMP-13038,SYN-U-14436,2026-06-16T03:40:35,Want to temporarily freeze my physical card due to lost wallet.,CARD,LOW,CARD_SERVICES,RECEIVED,UNBLOCK_ACCOUNT,660,0
SYN-CMP-13039,SYN-U-10902,2026-06-16T05:12:17,E-commerce merchant payment processed twice during checkout.,PAYMENT,HIGH,TRANSACTION_OPERATIONS,RECEIVED,REFUNDED,2209,1
SYN-CMP-13040,SYN-U-15146,2026-06-16T06:21:47,"Payment to merchant showed failed on app, but BDT 1,200 deducted from my Upay balance.",PAYMENT,MEDIUM,TRANSACTION_OPERATIONS,RECEIVED,EXPLAINED,2452,0
SYN-CMP-13041,SYN-U-16496,2026-06-16T08:25:49,E-commerce merchant payment processed twice during checkout.,PAYMENT,MEDIUM,TRANSACTION_OPERATIONS,RECEIVED,EXPLAINED,2104,0
SYN-CMP-13042,SYN-U-17440,2026-06-16T09:26:40,International online transaction toggle keeps turning off automatically in settings.,CARD,LOW,CARD_SERVICES,RECEIVED,REFUNDED,2748,0
SYN-CMP-13043,SYN-U-13817,2026-06-16T10:10:15,Cancelled e-commerce order refund amount is missing BDT 250 processing fee.,REFUND,LOW,DISPUTES,RECEIVED,REFUNDED,2220,0
SYN-CMP-13044,SYN-U-18390,2026-06-16T14:47:21,"Received a scam call asking for OTP, shortly after BDT 8,500 was transferred out.",FRAUD,CRITICAL,FRAUD_INVESTIGATION,RECEIVED,EXPLAINED,641,1
SYN-CMP-13045,SYN-U-16861,2026-06-16T15:23:29,Money was deducted from my account but the grocery merchant did not receive payment confirmation.,PAYMENT,HIGH,TRANSACTION_OPERATIONS,RECEIVED,IN_PROGRESS,831,1
SYN-CMP-13046,SYN-U-16204,2026-06-16T15:28:35,Money was deducted from my account but the grocery merchant did not receive payment confirmation.,PAYMENT,MEDIUM,TRANSACTION_OPERATIONS,RECEIVED,EXPLAINED,360,0
SYN-CMP-13047,SYN-U-19803,2026-06-16T19:26:17,Bank deposit to Upay wallet via internet banking hasn't reflected after 4 hours.,TRANSFER,MEDIUM,TRANSACTION_OPERATIONS,RECEIVED,EXPLAINED,832,0
SYN-CMP-13048,SYN-U-19901,2026-06-16T19:50:18,My account has been temporarily restricted after entering wrong PIN 3 times.,ACCOUNT,MEDIUM,DISPUTES,RECEIVED,UNBLOCK_ACCOUNT,534,0
SYN-CMP-13049,SYN-U-11613,2026-06-16T19:58:33,"Received a scam call asking for OTP, shortly after BDT 8,500 was transferred out.",FRAUD,HIGH,FRAUD_INVESTIGATION,RECEIVED,REFUNDED,857,0
SYN-CMP-13050,SYN-U-11393,2026-06-16T20:54:36,Biometric fingerprint login is not working on my new Android device.,ACCOUNT,MEDIUM,DISPUTES,RECEIVED,REFUNDED,1243,0
SYN-CMP-13051,SYN-U-10329,2026-06-16T23:43:15,Cancelled e-commerce order refund amount is missing BDT 250 processing fee.,REFUND,LOW,DISPUTES,RECEIVED,REFUNDED,1078,0
SYN-CMP-13052,SYN-U-15300,2026-06-17T01:32:51,My virtual dual-currency card was declined while making an international subscription payment.,CARD,MEDIUM,CARD_SERVICES,RECEIVED,REVERSED,173,0
SYN-CMP-13053,SYN-U-17987,2026-06-17T03:30:14,"Paid utility electricity bill through app yesterday, but bill status still shows unpaid.",PAYMENT,LOW,TRANSACTION_OPERATIONS,RECEIVED,EXPLAINED,1906,0
SYN-CMP-13054,SYN-U-10418,2026-06-17T03:45:10,Duplicate payment charged for the same restaurant QR transaction.,PAYMENT,MEDIUM,TRANSACTION_OPERATIONS,RECEIVED,IN_PROGRESS,2092,0
SYN-CMP-13055,SYN-U-17684,2026-06-17T03:46:50,"Payment to merchant showed failed on app, but BDT 1,200 deducted from my Upay balance.",PAYMENT,MEDIUM,TRANSACTION_OPERATIONS,RECEIVED,DECLINED,1175,0
SYN-CMP-13056,SYN-U-10984,2026-06-17T04:12:59,App says account dormant even though I received funds two weeks ago.,ACCOUNT,LOW,DISPUTES,RECEIVED,UNBLOCK_ACCOUNT,2617,0
SYN-CMP-13057,SYN-U-13187,2026-06-17T04:43:07,"Fund transfer to my linked commercial bank account failed, money not credited yet.",TRANSFER,LOW,TRANSACTION_OPERATIONS,RECEIVED,EXPLAINED,978,0
SYN-CMP-13058,SYN-U-14234,2026-06-17T09:00:45,E-commerce merchant payment processed twice during checkout.,PAYMENT,HIGH,TRANSACTION_OPERATIONS,RECEIVED,UNBLOCK_ACCOUNT,2160,0
SYN-CMP-13059,SYN-U-14620,2026-06-17T12:37:06,Duplicate payment charged for the same restaurant QR transaction.,PAYMENT,MEDIUM,TRANSACTION_OPERATIONS,RECEIVED,IN_PROGRESS,2322,0
SYN-CMP-13060,SYN-U-15797,2026-06-17T12:55:21,Duplicate payment charged for the same restaurant QR transaction.,PAYMENT,MEDIUM,TRANSACTION_OPERATIONS,RECEIVED,REFUNDED,1595,0
SYN-CMP-13061,SYN-U-10747,2026-06-17T13:07:44,Bank deposit to Upay wallet via internet banking hasn't reflected after 4 hours.,TRANSFER,LOW,TRANSACTION_OPERATIONS,RECEIVED,REFUNDED,2469,0
SYN-CMP-13062,SYN-U-19932,2026-06-17T14:55:37,Cash-out fee charged higher than standard 1.4% rate at the agent point.,CASH_OUT,LOW,TRANSACTION_OPERATIONS,RECEIVED,IN_PROGRESS,2743,0
SYN-CMP-13063,SYN-U-14001,2026-06-17T17:37:51,"Merchant initiated refund 5 business days ago, but balance is not credited.",REFUND,LOW,DISPUTES,RECEIVED,EXPLAINED,1612,0
SYN-CMP-13064,SYN-U-12583,2026-06-17T19:21:52,My account has been temporarily restricted after entering wrong PIN 3 times.,ACCOUNT,LOW,DISPUTES,RECEIVED,REFUNDED,893,0
SYN-CMP-13065,SYN-U-12073,2026-06-17T19:32:46,NID verification pending for more than 48 hours.,ACCOUNT,LOW,DISPUTES,RECEIVED,DECLINED,2728,0
SYN-CMP-13066,SYN-U-17406,2026-06-17T20:51:50,"Accidentally transferred BDT 3,500 to a wrong mobile number.",TRANSFER,LOW,TRANSACTION_OPERATIONS,RECEIVED,REFUNDED,1487,0
SYN-CMP-13067,SYN-U-11397,2026-06-18T03:15:51,Card charged USD 45.00 for an online software transaction that I cancelled.,CARD,MEDIUM,CARD_SERVICES,RECEIVED,EXPLAINED,1348,0
SYN-CMP-13068,SYN-U-16794,2026-06-18T03:28:59,"Payment to merchant showed failed on app, but BDT 1,200 deducted from my Upay balance.",PAYMENT,HIGH,TRANSACTION_OPERATIONS,RECEIVED,EXPLAINED,1197,0
SYN-CMP-13069,SYN-U-16573,2026-06-18T05:22:55,My virtual dual-currency card was declined while making an international subscription payment.,CARD,LOW,CARD_SERVICES,RECEIVED,EXPLAINED,219,0
SYN-CMP-13070,SYN-U-18930,2026-06-18T05:28:02,Need clarification on loyalty reward cashback points calculation.,OTHER,MEDIUM,DISPUTES,RECEIVED,DECLINED,2863,0
SYN-CMP-13071,SYN-U-13415,2026-06-18T05:48:51,My account has been temporarily restricted after entering wrong PIN 3 times.,ACCOUNT,MEDIUM,DISPUTES,RECEIVED,EXPLAINED,597,0
SYN-CMP-13072,SYN-U-18558,2026-06-18T06:19:17,"Payment to merchant showed failed on app, but BDT 1,200 deducted from my Upay balance.",PAYMENT,HIGH,TRANSACTION_OPERATIONS,RECEIVED,IN_PROGRESS,784,0
SYN-CMP-13073,SYN-U-12313,2026-06-18T08:57:43,Cash-out fee charged higher than standard 1.4% rate at the agent point.,CASH_OUT,MEDIUM,TRANSACTION_OPERATIONS,RECEIVED,REFUNDED,74,0
SYN-CMP-13074,SYN-U-15408,2026-06-18T09:10:10,International online transaction toggle keeps turning off automatically in settings.,CARD,HIGH,CARD_SERVICES,RECEIVED,REFUNDED,948,0
SYN-CMP-13075,SYN-U-16973,2026-06-18T11:01:40,Bank deposit to Upay wallet via internet banking hasn't reflected after 4 hours.,TRANSFER,LOW,TRANSACTION_OPERATIONS,RECEIVED,IN_PROGRESS,623,0
SYN-CMP-13076,SYN-U-15621,2026-06-18T11:16:27,"Fund transfer to my linked commercial bank account failed, money not credited yet.",TRANSFER,LOW,TRANSACTION_OPERATIONS,RECEIVED,IN_PROGRESS,2320,0
SYN-CMP-13077,SYN-U-10294,2026-06-18T11:41:29,Duplicate payment charged for the same restaurant QR transaction.,PAYMENT,MEDIUM,TRANSACTION_OPERATIONS,RECEIVED,REFUNDED,1576,0
SYN-CMP-13078,SYN-U-14819,2026-06-18T13:15:33,Want to temporarily freeze my physical card due to lost wallet.,CARD,HIGH,CARD_SERVICES,RECEIVED,EXPLAINED,943,0
SYN-CMP-13079,SYN-U-19130,2026-06-18T14:46:01,Upay mobile app crashes immediately on splash screen after latest update.,TECHNICAL,LOW,TECH_SUPPORT,RECEIVED,REFUNDED,144,0
SYN-CMP-13080,SYN-U-11908,2026-06-18T15:27:49,My PIN was compromised and unauthorized funds were transferred to an unknown number.,FRAUD,HIGH,FRAUD_INVESTIGATION,RECEIVED,EXPLAINED,696,1
SYN-CMP-13081,SYN-U-13979,2026-06-18T16:20:07,App says account dormant even though I received funds two weeks ago.,ACCOUNT,LOW,DISPUTES,RECEIVED,UNBLOCK_ACCOUNT,932,0
SYN-CMP-13082,SYN-U-17271,2026-06-18T16:54:24,NID verification pending for more than 48 hours.,ACCOUNT,LOW,DISPUTES,RECEIVED,IN_PROGRESS,2386,0
SYN-CMP-13083,SYN-U-10523,2026-06-18T17:30:43,"Received a scam call asking for OTP, shortly after BDT 8,500 was transferred out.",FRAUD,CRITICAL,FRAUD_INVESTIGATION,RECEIVED,UNBLOCK_ACCOUNT,1651,0
SYN-CMP-13084,SYN-U-19306,2026-06-18T19:31:28,My virtual dual-currency card was declined while making an international subscription payment.,CARD,LOW,CARD_SERVICES,RECEIVED,EXPLAINED,449,0
SYN-CMP-13085,SYN-U-12512,2026-06-18T20:07:51,"Payment to merchant showed failed on app, but BDT 1,200 deducted from my Upay balance.",PAYMENT,HIGH,TRANSACTION_OPERATIONS,RECEIVED,EXPLAINED,975,0
SYN-CMP-13086,SYN-U-10486,2026-06-18T20:09:38,Unable to update my registered primary phone number and email in settings.,ACCOUNT,LOW,DISPUTES,RECEIVED,EXPLAINED,1822,0
SYN-CMP-13087,SYN-U-17581,2026-06-18T20:27:21,Money was deducted from my account but the grocery merchant did not receive payment confirmation.,PAYMENT,HIGH,TRANSACTION_OPERATIONS,RECEIVED,EXPLAINED,2357,1
SYN-CMP-13088,SYN-U-10641,2026-06-18T22:57:35,"Paid utility electricity bill through app yesterday, but bill status still shows unpaid.",PAYMENT,HIGH,TRANSACTION_OPERATIONS,RECEIVED,REFUNDED,1858,1
SYN-CMP-13089,SYN-U-13869,2026-06-18T23:09:55,"Paid utility electricity bill through app yesterday, but bill status still shows unpaid.",PAYMENT,MEDIUM,TRANSACTION_OPERATIONS,RECEIVED,EXPLAINED,1776,0
SYN-CMP-13090,SYN-U-18340,2026-06-19T05:23:55,"Suspicious login notification received from unfamiliar device, someone tried to cash out.",FRAUD,CRITICAL,FRAUD_INVESTIGATION,RECEIVED,DECLINED,1585,0
SYN-CMP-13091,SYN-U-11446,2026-06-19T05:41:38,Cash-out fee charged higher than standard 1.4% rate at the agent point.,CASH_OUT,MEDIUM,TRANSACTION_OPERATIONS,RECEIVED,EXPLAINED,1802,0
SYN-CMP-13092,SYN-U-11952,2026-06-19T08:39:47,NID verification pending for more than 48 hours.,ACCOUNT,MEDIUM,DISPUTES,RECEIVED,REFUNDED,2247,0
SYN-CMP-13093,SYN-U-10650,2026-06-19T08:41:42,Money was deducted from my account but the grocery merchant did not receive payment confirmation.,PAYMENT,HIGH,TRANSACTION_OPERATIONS,RECEIVED,REFUNDED,1223,0
SYN-CMP-13094,SYN-U-12740,2026-06-19T13:32:50,App says account dormant even though I received funds two weeks ago.,ACCOUNT,LOW,DISPUTES,RECEIVED,UNBLOCK_ACCOUNT,520,0
SYN-CMP-13095,SYN-U-19540,2026-06-19T17:53:03,App says account dormant even though I received funds two weeks ago.,ACCOUNT,MEDIUM,DISPUTES,RECEIVED,REVERSED,1757,0
SYN-CMP-13096,SYN-U-10990,2026-06-19T19:32:56,Duplicate payment charged for the same restaurant QR transaction.,PAYMENT,MEDIUM,TRANSACTION_OPERATIONS,RECEIVED,REVERSED,120,0
SYN-CMP-13097,SYN-U-14193,2026-06-19T19:36:17,My account has been temporarily restricted after entering wrong PIN 3 times.,ACCOUNT,LOW,DISPUTES,RECEIVED,IN_PROGRESS,2723,0
SYN-CMP-13098,SYN-U-14818,2026-06-19T20:26:31,Unable to update my registered primary phone number and email in settings.,ACCOUNT,LOW,DISPUTES,RECEIVED,IN_PROGRESS,2554,0
SYN-CMP-13099,SYN-U-13163,2026-06-19T23:39:37,Phishing message led to account takeover and repeated cash-out attempts.,FRAUD,CRITICAL,FRAUD_INVESTIGATION,RECEIVED,IN_PROGRESS,418,1
SYN-CMP-13100,SYN-U-12387,2026-06-20T00:13:02,E-commerce merchant payment processed twice during checkout.,PAYMENT,MEDIUM,TRANSACTION_OPERATIONS,RECEIVED,REFUNDED,141,0
SYN-CMP-13101,SYN-U-17455,2026-06-20T00:37:03,Card charged USD 45.00 for an online software transaction that I cancelled.,CARD,MEDIUM,CARD_SERVICES,RECEIVED,EXPLAINED,1236,0
SYN-CMP-13102,SYN-U-10427,2026-06-20T01:30:54,"Paid utility electricity bill through app yesterday, but bill status still shows unpaid.",PAYMENT,HIGH,TRANSACTION_OPERATIONS,RECEIVED,REVERSED,1182,1
SYN-CMP-13103,SYN-U-17176,2026-06-20T02:07:47,Cancelled e-commerce order refund amount is missing BDT 250 processing fee.,REFUND,LOW,DISPUTES,RECEIVED,REFUNDED,132,0
SYN-CMP-13104,SYN-U-14885,2026-06-20T02:13:03,"Failed cash out attempt at agent, but funds debited from balance.",CASH_OUT,LOW,TRANSACTION_OPERATIONS,RECEIVED,REFUNDED,2057,0
SYN-CMP-13105,SYN-U-15622,2026-06-20T03:44:40,Duplicate payment charged for the same restaurant QR transaction.,PAYMENT,MEDIUM,TRANSACTION_OPERATIONS,RECEIVED,EXPLAINED,2332,0
SYN-CMP-13106,SYN-U-19300,2026-06-20T06:36:18,Agent deducted fee but the cash-out transaction timed out without dispensing cash.,CASH_OUT,MEDIUM,TRANSACTION_OPERATIONS,RECEIVED,REFUNDED,1108,0
SYN-CMP-13107,SYN-U-13347,2026-06-20T07:22:38,Cash-out fee charged higher than standard 1.4% rate at the agent point.,CASH_OUT,LOW,TRANSACTION_OPERATIONS,RECEIVED,REFUNDED,1050,0
SYN-CMP-13108,SYN-U-19416,2026-06-20T07:56:25,Inquiry regarding upcoming Eid merchant promo discounts.,OTHER,LOW,DISPUTES,RECEIVED,REFUNDED,465,0
SYN-CMP-13109,SYN-U-19911,2026-06-20T09:34:59,Inquiry regarding upcoming Eid merchant promo discounts.,OTHER,LOW,DISPUTES,RECEIVED,UNBLOCK_ACCOUNT,2046,0
SYN-CMP-13110,SYN-U-19648,2026-06-20T10:02:35,My account has been temporarily restricted after entering wrong PIN 3 times.,ACCOUNT,LOW,DISPUTES,RECEIVED,EXPLAINED,1583,0
SYN-CMP-13111,SYN-U-16222,2026-06-20T10:32:35,Upay mobile app crashes immediately on splash screen after latest update.,TECHNICAL,LOW,TECH_SUPPORT,RECEIVED,REFUNDED,2796,0
SYN-CMP-13112,SYN-U-17460,2026-06-20T12:06:16,Money was deducted from my account but the grocery merchant did not receive payment confirmation.,PAYMENT,MEDIUM,TRANSACTION_OPERATIONS,RECEIVED,EXPLAINED,212,0
SYN-CMP-13113,SYN-U-17391,2026-06-20T15:29:37,"Paid utility electricity bill through app yesterday, but bill status still shows unpaid.",PAYMENT,HIGH,TRANSACTION_OPERATIONS,RECEIVED,IN_PROGRESS,2368,0
SYN-CMP-13114,SYN-U-17593,2026-06-20T17:25:21,"Received a scam call asking for OTP, shortly after BDT 8,500 was transferred out.",FRAUD,CRITICAL,FRAUD_INVESTIGATION,RECEIVED,REVERSED,47,1
SYN-CMP-13115,SYN-U-10202,2026-06-20T19:13:38,E-commerce merchant payment processed twice during checkout.,PAYMENT,HIGH,TRANSACTION_OPERATIONS,RECEIVED,REFUNDED,968,1
SYN-CMP-13116,SYN-U-16653,2026-06-20T21:22:49,Partial refund received instead of full transaction amount.,REFUND,LOW,DISPUTES,RECEIVED,DECLINED,378,0
SYN-CMP-13117,SYN-U-16889,2026-06-20T22:38:04,E-commerce merchant payment processed twice during checkout.,PAYMENT,LOW,TRANSACTION_OPERATIONS,RECEIVED,UNBLOCK_ACCOUNT,2859,0
SYN-CMP-13118,SYN-U-13269,2026-06-21T00:46:57,Money was deducted from my account but the grocery merchant did not receive payment confirmation.,PAYMENT,LOW,TRANSACTION_OPERATIONS,RECEIVED,EXPLAINED,234,0
SYN-CMP-13119,SYN-U-12096,2026-06-21T01:29:51,"Paid utility electricity bill through app yesterday, but bill status still shows unpaid.",PAYMENT,MEDIUM,TRANSACTION_OPERATIONS,RECEIVED,REFUNDED,2535,0
SYN-CMP-13120,SYN-U-16470,2026-06-21T02:13:29,NID verification pending for more than 48 hours.,ACCOUNT,MEDIUM,DISPUTES,RECEIVED,IN_PROGRESS,473,0
SYN-CMP-13121,SYN-U-15406,2026-06-21T03:03:17,Need clarification on loyalty reward cashback points calculation.,OTHER,LOW,DISPUTES,RECEIVED,REFUNDED,2600,0
SYN-CMP-13122,SYN-U-17374,2026-06-21T03:55:09,Agent deducted fee but the cash-out transaction timed out without dispensing cash.,CASH_OUT,MEDIUM,TRANSACTION_OPERATIONS,RECEIVED,REFUNDED,2787,0
SYN-CMP-13123,SYN-U-11686,2026-06-21T04:03:25,SMS OTP is taking over 5 minutes to arrive during login attempt.,TECHNICAL,LOW,TECH_SUPPORT,RECEIVED,REFUNDED,138,0
SYN-CMP-13124,SYN-U-12193,2026-06-21T05:38:55,"Received a scam call asking for OTP, shortly after BDT 8,500 was transferred out.",FRAUD,CRITICAL,FRAUD_INVESTIGATION,RECEIVED,REFUNDED,2214,1
SYN-CMP-13125,SYN-U-12009,2026-06-21T05:47:15,Requesting official annual account statement for tax filing purposes.,OTHER,LOW,DISPUTES,RECEIVED,REFUNDED,1045,0
SYN-CMP-13126,SYN-U-19756,2026-06-21T08:20:15,Want to temporarily freeze my physical card due to lost wallet.,CARD,HIGH,CARD_SERVICES,RECEIVED,REFUNDED,1552,1
SYN-CMP-13127,SYN-U-12662,2026-06-21T09:41:53,Inter-wallet transfer delayed during peak evening banking clearing hour.,TRANSFER,LOW,TRANSACTION_OPERATIONS,RECEIVED,EXPLAINED,283,0
SYN-CMP-13128,SYN-U-18764,2026-06-21T10:35:02,Card charged USD 45.00 for an online software transaction that I cancelled.,CARD,MEDIUM,CARD_SERVICES,RECEIVED,REFUNDED,1421,0
SYN-CMP-13129,SYN-U-18263,2026-06-21T12:42:48,"Fund transfer to my linked commercial bank account failed, money not credited yet.",TRANSFER,LOW,TRANSACTION_OPERATIONS,RECEIVED,REFUNDED,22,0
SYN-CMP-13130,SYN-U-10112,2026-06-21T15:14:40,Endorsement limit not updating after submitting updated passport copy.,CARD,MEDIUM,CARD_SERVICES,RECEIVED,DECLINED,2251,0
SYN-CMP-13131,SYN-U-17315,2026-06-21T20:07:52,"Suspicious login notification received from unfamiliar device, someone tried to cash out.",FRAUD,CRITICAL,FRAUD_INVESTIGATION,RECEIVED,REFUNDED,2529,1
SYN-CMP-13132,SYN-U-15949,2026-06-21T20:43:39,Duplicate payment charged for the same restaurant QR transaction.,PAYMENT,HIGH,TRANSACTION_OPERATIONS,RECEIVED,REVERSED,741,0
SYN-CMP-13133,SYN-U-10128,2026-06-21T22:16:59,Cancelled e-commerce order refund amount is missing BDT 250 processing fee.,REFUND,LOW,DISPUTES,RECEIVED,REFUNDED,2037,0
SYN-CMP-13134,SYN-U-13626,2026-06-22T00:44:49,Agent confirmed cash-out successful on terminal but I did not receive SMS confirmation.,CASH_OUT,LOW,TRANSACTION_OPERATIONS,RECEIVED,REFUNDED,716,0
SYN-CMP-13135,SYN-U-18352,2026-06-22T01:01:36,Biometric fingerprint login is not working on my new Android device.,ACCOUNT,LOW,DISPUTES,RECEIVED,REVERSED,2020,0
SYN-CMP-13136,SYN-U-15440,2026-06-22T04:46:13,My virtual dual-currency card was declined while making an international subscription payment.,CARD,HIGH,CARD_SERVICES,RECEIVED,EXPLAINED,465,1
SYN-CMP-13137,SYN-U-14107,2026-06-22T06:00:37,Requesting official annual account statement for tax filing purposes.,OTHER,LOW,DISPUTES,RECEIVED,REVERSED,65,0
SYN-CMP-13138,SYN-U-10657,2026-06-22T07:28:43,Bank deposit to Upay wallet via internet banking hasn't reflected after 4 hours.,TRANSFER,LOW,TRANSACTION_OPERATIONS,RECEIVED,IN_PROGRESS,2118,0
SYN-CMP-13139,SYN-U-16372,2026-06-22T08:32:15,"Received a scam call asking for OTP, shortly after BDT 8,500 was transferred out.",FRAUD,CRITICAL,FRAUD_INVESTIGATION,RECEIVED,IN_PROGRESS,1265,0
SYN-CMP-13140,SYN-U-15572,2026-06-22T09:48:18,Need clarification on loyalty reward cashback points calculation.,OTHER,LOW,DISPUTES,RECEIVED,REFUNDED,15,0
SYN-CMP-13141,SYN-U-14734,2026-06-22T10:32:39,Biometric fingerprint login is not working on my new Android device.,ACCOUNT,LOW,DISPUTES,RECEIVED,EXPLAINED,2274,0
SYN-CMP-13142,SYN-U-15644,2026-06-22T11:58:17,Want to temporarily freeze my physical card due to lost wallet.,CARD,LOW,CARD_SERVICES,RECEIVED,UNBLOCK_ACCOUNT,1162,0
SYN-CMP-13143,SYN-U-17192,2026-06-22T13:33:17,Want to temporarily freeze my physical card due to lost wallet.,CARD,HIGH,CARD_SERVICES,RECEIVED,UNBLOCK_ACCOUNT,1425,0
SYN-CMP-13144,SYN-U-17294,2026-06-22T13:35:43,Cash-out fee charged higher than standard 1.4% rate at the agent point.,CASH_OUT,LOW,TRANSACTION_OPERATIONS,RECEIVED,UNBLOCK_ACCOUNT,528,0
SYN-CMP-13145,SYN-U-12591,2026-06-22T13:43:29,Money was deducted from my account but the grocery merchant did not receive payment confirmation.,PAYMENT,LOW,TRANSACTION_OPERATIONS,RECEIVED,REFUNDED,1970,0
SYN-CMP-13146,SYN-U-11898,2026-06-22T16:15:37,"Merchant initiated refund 5 business days ago, but balance is not credited.",REFUND,MEDIUM,DISPUTES,RECEIVED,EXPLAINED,646,0
SYN-CMP-13147,SYN-U-15740,2026-06-22T16:20:12,App says account dormant even though I received funds two weeks ago.,ACCOUNT,MEDIUM,DISPUTES,RECEIVED,IN_PROGRESS,505,0
SYN-CMP-13148,SYN-U-12621,2026-06-22T16:28:08,Inter-wallet transfer delayed during peak evening banking clearing hour.,TRANSFER,MEDIUM,TRANSACTION_OPERATIONS,RECEIVED,IN_PROGRESS,2263,0
SYN-CMP-13149,SYN-U-13805,2026-06-22T22:47:44,E-commerce merchant payment processed twice during checkout.,PAYMENT,LOW,TRANSACTION_OPERATIONS,RECEIVED,EXPLAINED,1482,0
SYN-CMP-13150,SYN-U-10945,2026-06-23T00:06:05,"Payment to merchant showed failed on app, but BDT 1,200 deducted from my Upay balance.",PAYMENT,LOW,TRANSACTION_OPERATIONS,RECEIVED,UNBLOCK_ACCOUNT,2392,0
SYN-CMP-13151,SYN-U-14764,2026-06-23T01:50:52,Upay mobile app crashes immediately on splash screen after latest update.,TECHNICAL,MEDIUM,TECH_SUPPORT,RECEIVED,DECLINED,926,0
SYN-CMP-13152,SYN-U-12533,2026-06-23T03:41:23,Partial refund received instead of full transaction amount.,REFUND,LOW,DISPUTES,RECEIVED,EXPLAINED,610,0
SYN-CMP-13153,SYN-U-17122,2026-06-23T05:19:55,"Paid utility electricity bill through app yesterday, but bill status still shows unpaid.",PAYMENT,MEDIUM,TRANSACTION_OPERATIONS,RECEIVED,EXPLAINED,2127,0
SYN-CMP-13154,SYN-U-11162,2026-06-23T07:06:03,Partial refund received instead of full transaction amount.,REFUND,MEDIUM,DISPUTES,RECEIVED,EXPLAINED,2115,0
SYN-CMP-13155,SYN-U-16831,2026-06-23T07:08:16,"Unauthorized send money transaction of BDT 15,000 sent from my account at 3:00 AM.",FRAUD,CRITICAL,FRAUD_INVESTIGATION,RECEIVED,REVERSED,339,1
SYN-CMP-13156,SYN-U-14665,2026-06-23T08:23:14,"Payment to merchant showed failed on app, but BDT 1,200 deducted from my Upay balance.",PAYMENT,MEDIUM,TRANSACTION_OPERATIONS,RECEIVED,REFUNDED,2508,0
SYN-CMP-13157,SYN-U-15724,2026-06-23T08:26:06,"Suspicious login notification received from unfamiliar device, someone tried to cash out.",FRAUD,CRITICAL,FRAUD_INVESTIGATION,RECEIVED,REFUNDED,2485,0
SYN-CMP-13158,SYN-U-18724,2026-06-23T08:48:26,Agent deducted fee but the cash-out transaction timed out without dispensing cash.,CASH_OUT,LOW,TRANSACTION_OPERATIONS,RECEIVED,REVERSED,701,0
SYN-CMP-13159,SYN-U-13341,2026-06-23T09:32:55,Upay mobile app crashes immediately on splash screen after latest update.,TECHNICAL,LOW,TECH_SUPPORT,RECEIVED,UNBLOCK_ACCOUNT,2744,0
SYN-CMP-13160,SYN-U-15155,2026-06-23T09:54:31,"Suspicious login notification received from unfamiliar device, someone tried to cash out.",FRAUD,HIGH,FRAUD_INVESTIGATION,RECEIVED,UNBLOCK_ACCOUNT,1619,0
SYN-CMP-13161,SYN-U-13951,2026-06-23T10:27:14,My account has been temporarily restricted after entering wrong PIN 3 times.,ACCOUNT,LOW,DISPUTES,RECEIVED,EXPLAINED,599,0
SYN-CMP-13162,SYN-U-11750,2026-06-23T13:32:13,Money was deducted from my account but the grocery merchant did not receive payment confirmation.,PAYMENT,HIGH,TRANSACTION_OPERATIONS,RECEIVED,IN_PROGRESS,690,1
SYN-CMP-13163,SYN-U-10049,2026-06-23T14:27:52,Money was deducted from my account but the grocery merchant did not receive payment confirmation.,PAYMENT,HIGH,TRANSACTION_OPERATIONS,RECEIVED,IN_PROGRESS,2217,1
SYN-CMP-13164,SYN-U-19947,2026-06-23T14:49:21,"Payment to merchant showed failed on app, but BDT 1,200 deducted from my Upay balance.",PAYMENT,MEDIUM,TRANSACTION_OPERATIONS,RECEIVED,REVERSED,2729,0
SYN-CMP-13165,SYN-U-12774,2026-06-23T16:08:48,Network connection error occurred during transaction processing screen.,TECHNICAL,MEDIUM,TECH_SUPPORT,RECEIVED,REFUNDED,1701,0
SYN-CMP-13166,SYN-U-16717,2026-06-23T17:12:10,My PIN was compromised and unauthorized funds were transferred to an unknown number.,FRAUD,CRITICAL,FRAUD_INVESTIGATION,RECEIVED,DECLINED,639,1
SYN-CMP-13167,SYN-U-14286,2026-06-23T17:32:44,Want to temporarily freeze my physical card due to lost wallet.,CARD,HIGH,CARD_SERVICES,RECEIVED,UNBLOCK_ACCOUNT,648,0
SYN-CMP-13168,SYN-U-12285,2026-06-23T21:01:01,Biometric fingerprint login is not working on my new Android device.,ACCOUNT,LOW,DISPUTES,RECEIVED,UNBLOCK_ACCOUNT,2129,0
SYN-CMP-13169,SYN-U-13761,2026-06-23T22:20:40,Endorsement limit not updating after submitting updated passport copy.,CARD,HIGH,CARD_SERVICES,RECEIVED,EXPLAINED,486,1
SYN-CMP-13170,SYN-U-12045,2026-06-24T02:53:59,Money was deducted from my account but the grocery merchant did not receive payment confirmation.,PAYMENT,MEDIUM,TRANSACTION_OPERATIONS,RECEIVED,REFUNDED,2282,0
SYN-CMP-13171,SYN-U-13724,2026-06-24T03:39:34,Want to temporarily freeze my physical card due to lost wallet.,CARD,MEDIUM,CARD_SERVICES,RECEIVED,REFUNDED,1487,0
SYN-CMP-13172,SYN-U-14337,2026-06-24T07:55:17,Biometric fingerprint login is not working on my new Android device.,ACCOUNT,LOW,DISPUTES,RECEIVED,REVERSED,2345,0
SYN-CMP-13173,SYN-U-13467,2026-06-24T11:40:52,My account has been temporarily restricted after entering wrong PIN 3 times.,ACCOUNT,LOW,DISPUTES,RECEIVED,DECLINED,122,0
SYN-CMP-13174,SYN-U-14389,2026-06-24T14:01:52,"Merchant initiated refund 5 business days ago, but balance is not credited.",REFUND,LOW,DISPUTES,RECEIVED,IN_PROGRESS,97,0
SYN-CMP-13175,SYN-U-15900,2026-06-24T15:19:16,"Payment to merchant showed failed on app, but BDT 1,200 deducted from my Upay balance.",PAYMENT,MEDIUM,TRANSACTION_OPERATIONS,RECEIVED,REFUNDED,328,0
SYN-CMP-13176,SYN-U-11029,2026-06-24T16:19:08,"Payment to merchant showed failed on app, but BDT 1,200 deducted from my Upay balance.",PAYMENT,MEDIUM,TRANSACTION_OPERATIONS,RECEIVED,REFUNDED,17,0
SYN-CMP-13177,SYN-U-11206,2026-06-24T17:05:37,"Paid utility electricity bill through app yesterday, but bill status still shows unpaid.",PAYMENT,MEDIUM,TRANSACTION_OPERATIONS,RECEIVED,REFUNDED,401,0
SYN-CMP-13178,SYN-U-13596,2026-06-24T17:10:43,Money was deducted from my account but the grocery merchant did not receive payment confirmation.,PAYMENT,MEDIUM,TRANSACTION_OPERATIONS,RECEIVED,EXPLAINED,705,0
SYN-CMP-13179,SYN-U-15821,2026-06-24T21:36:22,"Suspicious login notification received from unfamiliar device, someone tried to cash out.",FRAUD,CRITICAL,FRAUD_INVESTIGATION,RECEIVED,IN_PROGRESS,245,1
SYN-CMP-13180,SYN-U-12479,2026-06-24T21:57:33,E-commerce merchant payment processed twice during checkout.,PAYMENT,MEDIUM,TRANSACTION_OPERATIONS,RECEIVED,EXPLAINED,1024,0
SYN-CMP-13181,SYN-U-18660,2026-06-24T23:34:35,Inter-wallet transfer delayed during peak evening banking clearing hour.,TRANSFER,LOW,TRANSACTION_OPERATIONS,RECEIVED,EXPLAINED,2565,0
SYN-CMP-13182,SYN-U-16270,2026-06-25T01:11:06,Partial refund received instead of full transaction amount.,REFUND,MEDIUM,DISPUTES,RECEIVED,IN_PROGRESS,2402,0
SYN-CMP-13183,SYN-U-14570,2026-06-25T01:19:02,SMS OTP is taking over 5 minutes to arrive during login attempt.,TECHNICAL,MEDIUM,TECH_SUPPORT,RECEIVED,UNBLOCK_ACCOUNT,2301,0
SYN-CMP-13184,SYN-U-14079,2026-06-25T01:30:29,Duplicate payment charged for the same restaurant QR transaction.,PAYMENT,MEDIUM,TRANSACTION_OPERATIONS,RECEIVED,EXPLAINED,871,0
SYN-CMP-13185,SYN-U-12641,2026-06-25T05:13:31,"Paid utility electricity bill through app yesterday, but bill status still shows unpaid.",PAYMENT,HIGH,TRANSACTION_OPERATIONS,RECEIVED,REFUNDED,2807,0
SYN-CMP-13186,SYN-U-11464,2026-06-25T07:50:11,NID verification pending for more than 48 hours.,ACCOUNT,LOW,DISPUTES,RECEIVED,REVERSED,1606,0
SYN-CMP-13187,SYN-U-16931,2026-06-25T07:56:47,E-commerce merchant payment processed twice during checkout.,PAYMENT,HIGH,TRANSACTION_OPERATIONS,RECEIVED,REFUNDED,203,1
SYN-CMP-13188,SYN-U-19274,2026-06-25T09:49:40,International online transaction toggle keeps turning off automatically in settings.,CARD,MEDIUM,CARD_SERVICES,RECEIVED,REFUNDED,2572,0
SYN-CMP-13189,SYN-U-12306,2026-06-25T12:02:52,"Paid utility electricity bill through app yesterday, but bill status still shows unpaid.",PAYMENT,HIGH,TRANSACTION_OPERATIONS,RECEIVED,REFUNDED,651,0
SYN-CMP-13190,SYN-U-17216,2026-06-25T12:43:36,Cancelled e-commerce order refund amount is missing BDT 250 processing fee.,REFUND,LOW,DISPUTES,RECEIVED,REVERSED,1552,0
SYN-CMP-13191,SYN-U-15112,2026-06-25T13:07:25,Cancelled e-commerce order refund amount is missing BDT 250 processing fee.,REFUND,MEDIUM,DISPUTES,RECEIVED,IN_PROGRESS,179,0
SYN-CMP-13192,SYN-U-16370,2026-06-25T13:24:14,"Payment to merchant showed failed on app, but BDT 1,200 deducted from my Upay balance.",PAYMENT,MEDIUM,TRANSACTION_OPERATIONS,RECEIVED,REVERSED,1801,0
SYN-CMP-13193,SYN-U-18404,2026-06-25T13:32:54,Partial refund received instead of full transaction amount.,REFUND,LOW,DISPUTES,RECEIVED,REFUNDED,1910,0
SYN-CMP-13194,SYN-U-19657,2026-06-25T15:59:48,Duplicate payment charged for the same restaurant QR transaction.,PAYMENT,MEDIUM,TRANSACTION_OPERATIONS,RECEIVED,REFUNDED,2583,0
SYN-CMP-13195,SYN-U-13356,2026-06-25T17:23:14,Bank deposit to Upay wallet via internet banking hasn't reflected after 4 hours.,TRANSFER,MEDIUM,TRANSACTION_OPERATIONS,RECEIVED,EXPLAINED,329,0
SYN-CMP-13196,SYN-U-10001,2026-06-25T17:35:03,"Paid utility electricity bill through app yesterday, but bill status still shows unpaid.",PAYMENT,HIGH,TRANSACTION_OPERATIONS,RECEIVED,REVERSED,112,0
SYN-CMP-13197,SYN-U-19003,2026-06-25T18:42:43,SMS OTP is taking over 5 minutes to arrive during login attempt.,TECHNICAL,LOW,TECH_SUPPORT,RECEIVED,REFUNDED,1384,0
SYN-CMP-13198,SYN-U-18076,2026-06-25T19:16:11,Bank deposit to Upay wallet via internet banking hasn't reflected after 4 hours.,TRANSFER,LOW,TRANSACTION_OPERATIONS,RECEIVED,REFUNDED,687,0
SYN-CMP-13199,SYN-U-11082,2026-06-25T21:05:12,Need clarification on loyalty reward cashback points calculation.,OTHER,LOW,DISPUTES,RECEIVED,REFUNDED,1294,0
SYN-CMP-13200,SYN-U-14119,2026-06-25T21:58:45,Money was deducted from my account but the grocery merchant did not receive payment confirmation.,PAYMENT,MEDIUM,TRANSACTION_OPERATIONS,RECEIVED,REFUNDED,294,0
SYN-CMP-13201,SYN-U-17074,2026-06-25T22:12:18,Money was deducted from my account but the grocery merchant did not receive payment confirmation.,PAYMENT,MEDIUM,TRANSACTION_OPERATIONS,RECEIVED,EXPLAINED,2716,0
SYN-CMP-13202,SYN-U-10180,2026-06-26T00:36:36,My virtual dual-currency card was declined while making an international subscription payment.,CARD,MEDIUM,CARD_SERVICES,RECEIVED,IN_PROGRESS,2261,0
SYN-CMP-13203,SYN-U-17559,2026-06-26T03:38:26,"Received a scam call asking for OTP, shortly after BDT 8,500 was transferred out.",FRAUD,CRITICAL,FRAUD_INVESTIGATION,RECEIVED,REFUNDED,1208,1
SYN-CMP-13204,SYN-U-14718,2026-06-26T09:57:28,Biometric fingerprint login is not working on my new Android device.,ACCOUNT,LOW,DISPUTES,RECEIVED,EXPLAINED,1889,0
SYN-CMP-13205,SYN-U-11461,2026-06-26T10:13:22,E-commerce merchant payment processed twice during checkout.,PAYMENT,MEDIUM,TRANSACTION_OPERATIONS,RECEIVED,EXPLAINED,2744,0
SYN-CMP-13206,SYN-U-15279,2026-06-26T11:05:42,NID verification pending for more than 48 hours.,ACCOUNT,MEDIUM,DISPUTES,RECEIVED,DECLINED,2082,0
SYN-CMP-13207,SYN-U-12492,2026-06-26T18:17:25,Duplicate payment charged for the same restaurant QR transaction.,PAYMENT,LOW,TRANSACTION_OPERATIONS,RECEIVED,REVERSED,1032,0
SYN-CMP-13208,SYN-U-17346,2026-06-26T19:30:01,Agent deducted fee but the cash-out transaction timed out without dispensing cash.,CASH_OUT,MEDIUM,TRANSACTION_OPERATIONS,RECEIVED,IN_PROGRESS,1226,0
SYN-CMP-13209,SYN-U-12906,2026-06-26T19:37:02,Money was deducted from my account but the grocery merchant did not receive payment confirmation.,PAYMENT,LOW,TRANSACTION_OPERATIONS,RECEIVED,REFUNDED,1535,0
SYN-CMP-13210,SYN-U-17425,2026-06-26T19:50:12,"Paid utility electricity bill through app yesterday, but bill status still shows unpaid.",PAYMENT,MEDIUM,TRANSACTION_OPERATIONS,RECEIVED,REFUNDED,1816,0
SYN-CMP-13211,SYN-U-17836,2026-06-26T22:45:07,App says account dormant even though I received funds two weeks ago.,ACCOUNT,MEDIUM,DISPUTES,RECEIVED,REFUNDED,450,0
SYN-CMP-13212,SYN-U-13374,2026-06-27T00:29:40,My PIN was compromised and unauthorized funds were transferred to an unknown number.,FRAUD,CRITICAL,FRAUD_INVESTIGATION,RECEIVED,REFUNDED,1504,0
SYN-CMP-13213,SYN-U-16691,2026-06-27T03:08:10,Unable to update my registered primary phone number and email in settings.,ACCOUNT,LOW,DISPUTES,RECEIVED,EXPLAINED,713,0
SYN-CMP-13214,SYN-U-14273,2026-06-27T03:29:48,Duplicate payment charged for the same restaurant QR transaction.,PAYMENT,MEDIUM,TRANSACTION_OPERATIONS,RECEIVED,REFUNDED,519,0
SYN-CMP-13215,SYN-U-10005,2026-06-27T05:09:11,Money was deducted from my account but the grocery merchant did not receive payment confirmation.,PAYMENT,HIGH,TRANSACTION_OPERATIONS,RECEIVED,EXPLAINED,545,0
SYN-CMP-13216,SYN-U-13143,2026-06-27T06:13:06,NID verification pending for more than 48 hours.,ACCOUNT,LOW,DISPUTES,RECEIVED,REFUNDED,1410,0
SYN-CMP-13217,SYN-U-11764,2026-06-27T10:47:56,"Unauthorized send money transaction of BDT 15,000 sent from my account at 3:00 AM.",FRAUD,CRITICAL,FRAUD_INVESTIGATION,RECEIVED,UNBLOCK_ACCOUNT,2539,1
SYN-CMP-13218,SYN-U-10646,2026-06-27T11:28:19,App says account dormant even though I received funds two weeks ago.,ACCOUNT,LOW,DISPUTES,RECEIVED,EXPLAINED,2801,0
SYN-CMP-13219,SYN-U-15189,2026-06-27T12:17:22,Cash-out fee charged higher than standard 1.4% rate at the agent point.,CASH_OUT,LOW,TRANSACTION_OPERATIONS,RECEIVED,REFUNDED,61,0
SYN-CMP-13220,SYN-U-18834,2026-06-27T15:11:33,Unable to update my registered primary phone number and email in settings.,ACCOUNT,LOW,DISPUTES,RECEIVED,EXPLAINED,2285,0
SYN-CMP-13221,SYN-U-15377,2026-06-27T15:21:39,"Payment to merchant showed failed on app, but BDT 1,200 deducted from my Upay balance.",PAYMENT,MEDIUM,TRANSACTION_OPERATIONS,RECEIVED,UNBLOCK_ACCOUNT,158,0
SYN-CMP-13222,SYN-U-19913,2026-06-27T17:47:53,"Paid utility electricity bill through app yesterday, but bill status still shows unpaid.",PAYMENT,HIGH,TRANSACTION_OPERATIONS,RECEIVED,UNBLOCK_ACCOUNT,2561,1
SYN-CMP-13223,SYN-U-15075,2026-06-27T18:05:55,NID verification pending for more than 48 hours.,ACCOUNT,LOW,DISPUTES,RECEIVED,EXPLAINED,120,0
SYN-CMP-13224,SYN-U-19142,2026-06-27T18:49:06,Need clarification on loyalty reward cashback points calculation.,OTHER,LOW,DISPUTES,RECEIVED,REFUNDED,1069,0
SYN-CMP-13225,SYN-U-18472,2026-06-27T19:25:38,Partial refund received instead of full transaction amount.,REFUND,LOW,DISPUTES,RECEIVED,UNBLOCK_ACCOUNT,2738,0
SYN-CMP-13226,SYN-U-10232,2026-06-27T20:18:21,My account has been temporarily restricted after entering wrong PIN 3 times.,ACCOUNT,MEDIUM,DISPUTES,RECEIVED,EXPLAINED,2346,0
SYN-CMP-13227,SYN-U-18681,2026-06-27T21:58:42,"Failed cash out attempt at agent, but funds debited from balance.",CASH_OUT,MEDIUM,TRANSACTION_OPERATIONS,RECEIVED,EXPLAINED,897,0
SYN-CMP-13228,SYN-U-12291,2026-06-27T23:36:56,Endorsement limit not updating after submitting updated passport copy.,CARD,MEDIUM,CARD_SERVICES,RECEIVED,REFUNDED,286,0
SYN-CMP-13229,SYN-U-16992,2026-06-27T23:41:41,NID verification pending for more than 48 hours.,ACCOUNT,LOW,DISPUTES,RECEIVED,UNBLOCK_ACCOUNT,2869,0
SYN-CMP-13230,SYN-U-11648,2026-06-28T06:03:34,E-commerce merchant payment processed twice during checkout.,PAYMENT,MEDIUM,TRANSACTION_OPERATIONS,RECEIVED,REFUNDED,2699,0
SYN-CMP-13231,SYN-U-19191,2026-06-28T06:04:05,Endorsement limit not updating after submitting updated passport copy.,CARD,HIGH,CARD_SERVICES,RECEIVED,EXPLAINED,2832,0
SYN-CMP-13232,SYN-U-12906,2026-06-28T06:32:52,Agent deducted fee but the cash-out transaction timed out without dispensing cash.,CASH_OUT,LOW,TRANSACTION_OPERATIONS,RECEIVED,REFUNDED,2322,0
SYN-CMP-13233,SYN-U-16147,2026-06-28T07:20:43,Money was deducted from my account but the grocery merchant did not receive payment confirmation.,PAYMENT,MEDIUM,TRANSACTION_OPERATIONS,RECEIVED,REFUNDED,1690,0
SYN-CMP-13234,SYN-U-16323,2026-06-28T08:41:33,NID verification pending for more than 48 hours.,ACCOUNT,LOW,DISPUTES,RECEIVED,REVERSED,2734,0
SYN-CMP-13235,SYN-U-10070,2026-06-28T09:54:08,Duplicate payment charged for the same restaurant QR transaction.,PAYMENT,LOW,TRANSACTION_OPERATIONS,RECEIVED,UNBLOCK_ACCOUNT,607,0
SYN-CMP-13236,SYN-U-10509,2026-06-28T10:19:19,Money was deducted from my account but the grocery merchant did not receive payment confirmation.,PAYMENT,MEDIUM,TRANSACTION_OPERATIONS,RECEIVED,REFUNDED,2357,0
SYN-CMP-13237,SYN-U-18854,2026-06-28T11:15:28,International online transaction toggle keeps turning off automatically in settings.,CARD,MEDIUM,CARD_SERVICES,RECEIVED,DECLINED,2671,0
SYN-CMP-13238,SYN-U-10588,2026-06-28T11:44:25,"Payment to merchant showed failed on app, but BDT 1,200 deducted from my Upay balance.",PAYMENT,MEDIUM,TRANSACTION_OPERATIONS,RECEIVED,REFUNDED,2720,0
SYN-CMP-13239,SYN-U-19123,2026-06-28T12:05:04,"Paid utility electricity bill through app yesterday, but bill status still shows unpaid.",PAYMENT,MEDIUM,TRANSACTION_OPERATIONS,RECEIVED,REFUNDED,1991,0
SYN-CMP-13240,SYN-U-15762,2026-06-28T12:22:28,Endorsement limit not updating after submitting updated passport copy.,CARD,HIGH,CARD_SERVICES,RECEIVED,REFUNDED,1984,0
SYN-CMP-13241,SYN-U-16535,2026-06-28T13:49:24,"Unauthorized send money transaction of BDT 15,000 sent from my account at 3:00 AM.",FRAUD,HIGH,FRAUD_INVESTIGATION,RECEIVED,IN_PROGRESS,2444,0
SYN-CMP-13242,SYN-U-18116,2026-06-28T14:52:34,Duplicate payment charged for the same restaurant QR transaction.,PAYMENT,MEDIUM,TRANSACTION_OPERATIONS,RECEIVED,REVERSED,2713,0
SYN-CMP-13243,SYN-U-11367,2026-06-28T14:57:05,Agent confirmed cash-out successful on terminal but I did not receive SMS confirmation.,CASH_OUT,LOW,TRANSACTION_OPERATIONS,RECEIVED,UNBLOCK_ACCOUNT,1811,0
SYN-CMP-13244,SYN-U-19336,2026-06-28T15:36:41,Money was deducted from my account but the grocery merchant did not receive payment confirmation.,PAYMENT,MEDIUM,TRANSACTION_OPERATIONS,RECEIVED,EXPLAINED,1595,0
SYN-CMP-13245,SYN-U-10640,2026-06-28T16:15:34,"Paid utility electricity bill through app yesterday, but bill status still shows unpaid.",PAYMENT,HIGH,TRANSACTION_OPERATIONS,RECEIVED,REFUNDED,1765,0
SYN-CMP-13246,SYN-U-12334,2026-06-28T17:03:10,Card charged USD 45.00 for an online software transaction that I cancelled.,CARD,LOW,CARD_SERVICES,RECEIVED,REVERSED,2180,0
SYN-CMP-13247,SYN-U-16000,2026-06-28T17:17:22,"Payment to merchant showed failed on app, but BDT 1,200 deducted from my Upay balance.",PAYMENT,MEDIUM,TRANSACTION_OPERATIONS,RECEIVED,REFUNDED,2260,0
SYN-CMP-13248,SYN-U-10406,2026-06-28T17:19:20,Card charged USD 45.00 for an online software transaction that I cancelled.,CARD,HIGH,CARD_SERVICES,RECEIVED,REFUNDED,645,0
SYN-CMP-13249,SYN-U-16305,2026-06-28T17:21:15,My account has been temporarily restricted after entering wrong PIN 3 times.,ACCOUNT,LOW,DISPUTES,RECEIVED,REVERSED,50,0
SYN-CMP-13250,SYN-U-16398,2026-06-28T18:36:04,"Payment to merchant showed failed on app, but BDT 1,200 deducted from my Upay balance.",PAYMENT,MEDIUM,TRANSACTION_OPERATIONS,RECEIVED,UNBLOCK_ACCOUNT,1904,0
SYN-CMP-13251,SYN-U-11143,2026-06-28T19:03:53,Duplicate payment charged for the same restaurant QR transaction.,PAYMENT,HIGH,TRANSACTION_OPERATIONS,RECEIVED,IN_PROGRESS,2716,0
SYN-CMP-13252,SYN-U-12914,2026-06-28T22:16:54,E-commerce merchant payment processed twice during checkout.,PAYMENT,LOW,TRANSACTION_OPERATIONS,RECEIVED,EXPLAINED,2843,0
SYN-CMP-13253,SYN-U-12388,2026-06-29T00:25:26,Money was deducted from my account but the grocery merchant did not receive payment confirmation.,PAYMENT,HIGH,TRANSACTION_OPERATIONS,RECEIVED,EXPLAINED,1094,0
SYN-CMP-13254,SYN-U-18247,2026-06-29T02:03:41,Inquiry regarding upcoming Eid merchant promo discounts.,OTHER,LOW,DISPUTES,RECEIVED,IN_PROGRESS,2817,0
SYN-CMP-13255,SYN-U-16646,2026-06-29T05:01:12,E-commerce merchant payment processed twice during checkout.,PAYMENT,HIGH,TRANSACTION_OPERATIONS,RECEIVED,IN_PROGRESS,2719,0
SYN-CMP-13256,SYN-U-19586,2026-06-29T07:54:36,Duplicate payment charged for the same restaurant QR transaction.,PAYMENT,MEDIUM,TRANSACTION_OPERATIONS,RECEIVED,EXPLAINED,2268,0
SYN-CMP-13257,SYN-U-10186,2026-06-29T10:38:53,"Payment to merchant showed failed on app, but BDT 1,200 deducted from my Upay balance.",PAYMENT,MEDIUM,TRANSACTION_OPERATIONS,RECEIVED,REFUNDED,2232,0
SYN-CMP-13258,SYN-U-11978,2026-06-29T12:06:51,My account has been temporarily restricted after entering wrong PIN 3 times.,ACCOUNT,MEDIUM,DISPUTES,RECEIVED,UNBLOCK_ACCOUNT,562,0
SYN-CMP-13259,SYN-U-16803,2026-06-29T13:03:45,"Payment to merchant showed failed on app, but BDT 1,200 deducted from my Upay balance.",PAYMENT,LOW,TRANSACTION_OPERATIONS,RECEIVED,REFUNDED,2869,0
SYN-CMP-13260,SYN-U-19692,2026-06-29T14:36:56,Duplicate payment charged for the same restaurant QR transaction.,PAYMENT,MEDIUM,TRANSACTION_OPERATIONS,RECEIVED,EXPLAINED,586,0
SYN-CMP-13261,SYN-U-13938,2026-06-29T16:05:04,Partial refund received instead of full transaction amount.,REFUND,LOW,DISPUTES,RECEIVED,REFUNDED,1159,0
SYN-CMP-13262,SYN-U-17836,2026-06-29T16:42:25,Money was deducted from my account but the grocery merchant did not receive payment confirmation.,PAYMENT,MEDIUM,TRANSACTION_OPERATIONS,RECEIVED,REVERSED,47,0
SYN-CMP-13263,SYN-U-17490,2026-06-29T18:21:31,Duplicate payment charged for the same restaurant QR transaction.,PAYMENT,MEDIUM,TRANSACTION_OPERATIONS,RECEIVED,DECLINED,110,0
SYN-CMP-13264,SYN-U-19624,2026-06-29T19:10:57,E-commerce merchant payment processed twice during checkout.,PAYMENT,LOW,TRANSACTION_OPERATIONS,RECEIVED,UNBLOCK_ACCOUNT,2574,0
SYN-CMP-13265,SYN-U-18380,2026-06-29T21:11:53,Agent deducted fee but the cash-out transaction timed out without dispensing cash.,CASH_OUT,LOW,TRANSACTION_OPERATIONS,RECEIVED,UNBLOCK_ACCOUNT,1097,0
SYN-CMP-13266,SYN-U-12398,2026-06-29T21:59:08,Card charged USD 45.00 for an online software transaction that I cancelled.,CARD,HIGH,CARD_SERVICES,RECEIVED,REFUNDED,1322,1
SYN-CMP-13267,SYN-U-14589,2026-06-29T22:26:12,Cancelled e-commerce order refund amount is missing BDT 250 processing fee.,REFUND,MEDIUM,DISPUTES,RECEIVED,EXPLAINED,833,0
SYN-CMP-13268,SYN-U-18505,2026-06-29T22:28:05,My PIN was compromised and unauthorized funds were transferred to an unknown number.,FRAUD,CRITICAL,FRAUD_INVESTIGATION,RECEIVED,EXPLAINED,2070,1
SYN-CMP-13269,SYN-U-17184,2026-06-30T01:13:18,"Payment to merchant showed failed on app, but BDT 1,200 deducted from my Upay balance.",PAYMENT,MEDIUM,TRANSACTION_OPERATIONS,RECEIVED,EXPLAINED,2618,0
SYN-CMP-13270,SYN-U-16471,2026-06-30T02:22:13,Duplicate payment charged for the same restaurant QR transaction.,PAYMENT,MEDIUM,TRANSACTION_OPERATIONS,RECEIVED,IN_PROGRESS,1559,0
SYN-CMP-13271,SYN-U-14664,2026-06-30T09:54:56,"Merchant initiated refund 5 business days ago, but balance is not credited.",REFUND,MEDIUM,DISPUTES,RECEIVED,REFUNDED,574,0
SYN-CMP-13272,SYN-U-15808,2026-06-30T10:16:52,My PIN was compromised and unauthorized funds were transferred to an unknown number.,FRAUD,HIGH,FRAUD_INVESTIGATION,RECEIVED,REFUNDED,304,1
SYN-CMP-13273,SYN-U-17498,2026-06-30T10:19:05,Bank deposit to Upay wallet via internet banking hasn't reflected after 4 hours.,TRANSFER,MEDIUM,TRANSACTION_OPERATIONS,RECEIVED,REFUNDED,1877,0
SYN-CMP-13274,SYN-U-17614,2026-06-30T11:39:00,"Received a scam call asking for OTP, shortly after BDT 8,500 was transferred out.",FRAUD,HIGH,FRAUD_INVESTIGATION,RECEIVED,REVERSED,1052,0
SYN-CMP-13275,SYN-U-12201,2026-06-30T12:00:16,My PIN was compromised and unauthorized funds were transferred to an unknown number.,FRAUD,HIGH,FRAUD_INVESTIGATION,RECEIVED,REVERSED,464,1
SYN-CMP-13276,SYN-U-12923,2026-06-30T12:13:49,"Suspicious login notification received from unfamiliar device, someone tried to cash out.",FRAUD,HIGH,FRAUD_INVESTIGATION,RECEIVED,REVERSED,1572,1
SYN-CMP-13277,SYN-U-10315,2026-06-30T14:36:47,SMS OTP is taking over 5 minutes to arrive during login attempt.,TECHNICAL,MEDIUM,TECH_SUPPORT,RECEIVED,IN_PROGRESS,1173,0
SYN-CMP-13278,SYN-U-14888,2026-06-30T14:39:42,"Accidentally transferred BDT 3,500 to a wrong mobile number.",TRANSFER,LOW,TRANSACTION_OPERATIONS,RECEIVED,EXPLAINED,329,0
SYN-CMP-13279,SYN-U-14166,2026-06-30T16:15:09,"Unauthorized send money transaction of BDT 15,000 sent from my account at 3:00 AM.",FRAUD,HIGH,FRAUD_INVESTIGATION,RECEIVED,EXPLAINED,1994,1
SYN-CMP-13280,SYN-U-18310,2026-06-30T17:22:22,Duplicate payment charged for the same restaurant QR transaction.,PAYMENT,HIGH,TRANSACTION_OPERATIONS,RECEIVED,EXPLAINED,2658,0
SYN-CMP-13281,SYN-U-11147,2026-06-30T17:24:34,"Paid utility electricity bill through app yesterday, but bill status still shows unpaid.",PAYMENT,MEDIUM,TRANSACTION_OPERATIONS,RECEIVED,UNBLOCK_ACCOUNT,1470,0
SYN-CMP-13282,SYN-U-19305,2026-06-30T20:06:56,Biometric fingerprint login is not working on my new Android device.,ACCOUNT,LOW,DISPUTES,RECEIVED,EXPLAINED,1370,0
SYN-CMP-13283,SYN-U-18509,2026-06-30T22:22:31,Inter-wallet transfer delayed during peak evening banking clearing hour.,TRANSFER,MEDIUM,TRANSACTION_OPERATIONS,RECEIVED,REFUNDED,220,0
SYN-CMP-13284,SYN-U-18988,2026-07-01T00:26:27,Partial refund received instead of full transaction amount.,REFUND,MEDIUM,DISPUTES,RECEIVED,REFUNDED,45,0
SYN-CMP-13285,SYN-U-18625,2026-07-01T03:26:03,Cash-out fee charged higher than standard 1.4% rate at the agent point.,CASH_OUT,MEDIUM,TRANSACTION_OPERATIONS,RECEIVED,EXPLAINED,2782,0
SYN-CMP-13286,SYN-U-17885,2026-07-01T03:28:41,My account has been temporarily restricted after entering wrong PIN 3 times.,ACCOUNT,MEDIUM,DISPUTES,RECEIVED,IN_PROGRESS,388,0
SYN-CMP-13287,SYN-U-11547,2026-07-01T04:28:39,"Paid utility electricity bill through app yesterday, but bill status still shows unpaid.",PAYMENT,MEDIUM,TRANSACTION_OPERATIONS,RECEIVED,EXPLAINED,1593,0
SYN-CMP-13288,SYN-U-16283,2026-07-01T06:01:26,"Received a scam call asking for OTP, shortly after BDT 8,500 was transferred out.",FRAUD,HIGH,FRAUD_INVESTIGATION,RECEIVED,IN_PROGRESS,2149,1
SYN-CMP-13289,SYN-U-18143,2026-07-01T07:30:48,Network connection error occurred during transaction processing screen.,TECHNICAL,LOW,TECH_SUPPORT,RECEIVED,REVERSED,1282,0
SYN-CMP-13290,SYN-U-18206,2026-07-01T08:06:59,Money was deducted from my account but the grocery merchant did not receive payment confirmation.,PAYMENT,MEDIUM,TRANSACTION_OPERATIONS,RECEIVED,REFUNDED,497,0
SYN-CMP-13291,SYN-U-13737,2026-07-01T09:02:39,SMS OTP is taking over 5 minutes to arrive during login attempt.,TECHNICAL,LOW,TECH_SUPPORT,RECEIVED,REVERSED,2534,0
SYN-CMP-13292,SYN-U-18822,2026-07-01T09:44:41,Network connection error occurred during transaction processing screen.,TECHNICAL,LOW,TECH_SUPPORT,RECEIVED,DECLINED,2261,0
SYN-CMP-13293,SYN-U-12818,2026-07-01T11:07:02,Network connection error occurred during transaction processing screen.,TECHNICAL,MEDIUM,TECH_SUPPORT,RECEIVED,REFUNDED,1245,0
SYN-CMP-13294,SYN-U-19626,2026-07-01T11:24:46,Money was deducted from my account but the grocery merchant did not receive payment confirmation.,PAYMENT,MEDIUM,TRANSACTION_OPERATIONS,RECEIVED,REVERSED,340,0
SYN-CMP-13295,SYN-U-18123,2026-07-01T12:23:39,My account has been temporarily restricted after entering wrong PIN 3 times.,ACCOUNT,LOW,DISPUTES,RECEIVED,REFUNDED,2552,0
SYN-CMP-13296,SYN-U-18810,2026-07-01T12:27:30,"Received a scam call asking for OTP, shortly after BDT 8,500 was transferred out.",FRAUD,CRITICAL,FRAUD_INVESTIGATION,RECEIVED,REFUNDED,1721,0
SYN-CMP-13297,SYN-U-14185,2026-07-01T13:11:56,"Payment to merchant showed failed on app, but BDT 1,200 deducted from my Upay balance.",PAYMENT,MEDIUM,TRANSACTION_OPERATIONS,RECEIVED,EXPLAINED,2616,0
SYN-CMP-13298,SYN-U-13759,2026-07-01T15:32:52,Upay mobile app crashes immediately on splash screen after latest update.,TECHNICAL,LOW,TECH_SUPPORT,RECEIVED,EXPLAINED,554,0
SYN-CMP-13299,SYN-U-13140,2026-07-01T17:10:54,Money was deducted from my account but the grocery merchant did not receive payment confirmation.,PAYMENT,MEDIUM,TRANSACTION_OPERATIONS,RECEIVED,REFUNDED,2717,0
SYN-CMP-13300,SYN-U-12393,2026-07-01T17:36:00,"Suspicious login notification received from unfamiliar device, someone tried to cash out.",FRAUD,CRITICAL,FRAUD_INVESTIGATION,RECEIVED,REFUNDED,58,1
SYN-CMP-13301,SYN-U-10413,2026-07-01T17:42:10,My PIN was compromised and unauthorized funds were transferred to an unknown number.,FRAUD,CRITICAL,FRAUD_INVESTIGATION,RECEIVED,EXPLAINED,2341,0
SYN-CMP-13302,SYN-U-12974,2026-07-01T22:58:56,Duplicate payment charged for the same restaurant QR transaction.,PAYMENT,MEDIUM,TRANSACTION_OPERATIONS,RECEIVED,EXPLAINED,432,0
SYN-CMP-13303,SYN-U-17092,2026-07-01T23:26:43,Agent confirmed cash-out successful on terminal but I did not receive SMS confirmation.,CASH_OUT,LOW,TRANSACTION_OPERATIONS,RECEIVED,REFUNDED,629,0
SYN-CMP-13304,SYN-U-10223,2026-07-01T23:48:47,Cancelled e-commerce order refund amount is missing BDT 250 processing fee.,REFUND,LOW,DISPUTES,RECEIVED,REFUNDED,2670,0
SYN-CMP-13305,SYN-U-15513,2026-07-01T23:57:38,Agent deducted fee but the cash-out transaction timed out without dispensing cash.,CASH_OUT,LOW,TRANSACTION_OPERATIONS,RECEIVED,EXPLAINED,847,0
SYN-CMP-13306,SYN-U-13336,2026-07-02T00:08:56,NID verification pending for more than 48 hours.,ACCOUNT,MEDIUM,DISPUTES,RECEIVED,REVERSED,1639,0
SYN-CMP-13307,SYN-U-13378,2026-07-02T03:46:12,"Accidentally transferred BDT 3,500 to a wrong mobile number.",TRANSFER,LOW,TRANSACTION_OPERATIONS,RECEIVED,REFUNDED,373,0
SYN-CMP-13308,SYN-U-17067,2026-07-02T05:08:32,E-commerce merchant payment processed twice during checkout.,PAYMENT,MEDIUM,TRANSACTION_OPERATIONS,RECEIVED,REFUNDED,1879,0
SYN-CMP-13309,SYN-U-15141,2026-07-02T05:08:39,E-commerce merchant payment processed twice during checkout.,PAYMENT,MEDIUM,TRANSACTION_OPERATIONS,RECEIVED,REVERSED,1414,0
SYN-CMP-13310,SYN-U-15258,2026-07-02T07:56:37,Cash-out fee charged higher than standard 1.4% rate at the agent point.,CASH_OUT,MEDIUM,TRANSACTION_OPERATIONS,RECEIVED,EXPLAINED,2809,0
SYN-CMP-13311,SYN-U-11020,2026-07-02T09:16:01,Agent confirmed cash-out successful on terminal but I did not receive SMS confirmation.,CASH_OUT,LOW,TRANSACTION_OPERATIONS,RECEIVED,UNBLOCK_ACCOUNT,2490,0
SYN-CMP-13312,SYN-U-12271,2026-07-02T09:23:13,"Unauthorized send money transaction of BDT 15,000 sent from my account at 3:00 AM.",FRAUD,CRITICAL,FRAUD_INVESTIGATION,RECEIVED,EXPLAINED,796,0
SYN-CMP-13313,SYN-U-11194,2026-07-02T09:41:53,Agent confirmed cash-out successful on terminal but I did not receive SMS confirmation.,CASH_OUT,MEDIUM,TRANSACTION_OPERATIONS,RECEIVED,REFUNDED,1865,0
SYN-CMP-13314,SYN-U-13460,2026-07-02T10:34:26,Requesting official annual account statement for tax filing purposes.,OTHER,MEDIUM,DISPUTES,RECEIVED,REFUNDED,1741,0
SYN-CMP-13315,SYN-U-13360,2026-07-02T11:39:02,Cash-out fee charged higher than standard 1.4% rate at the agent point.,CASH_OUT,MEDIUM,TRANSACTION_OPERATIONS,RECEIVED,EXPLAINED,580,0
SYN-CMP-13316,SYN-U-18877,2026-07-02T13:16:28,Phishing message led to account takeover and repeated cash-out attempts.,FRAUD,CRITICAL,FRAUD_INVESTIGATION,RECEIVED,EXPLAINED,1330,1
SYN-CMP-13317,SYN-U-15230,2026-07-02T16:19:10,Agent confirmed cash-out successful on terminal but I did not receive SMS confirmation.,CASH_OUT,LOW,TRANSACTION_OPERATIONS,RECEIVED,UNBLOCK_ACCOUNT,192,0
SYN-CMP-13318,SYN-U-11628,2026-07-02T17:38:22,Phishing message led to account takeover and repeated cash-out attempts.,FRAUD,HIGH,FRAUD_INVESTIGATION,RECEIVED,REFUNDED,1022,0
SYN-CMP-13319,SYN-U-19324,2026-07-02T20:28:38,"Merchant initiated refund 5 business days ago, but balance is not credited.",REFUND,MEDIUM,DISPUTES,RECEIVED,DECLINED,155,0
SYN-CMP-13320,SYN-U-14263,2026-07-02T20:56:28,Cancelled e-commerce order refund amount is missing BDT 250 processing fee.,REFUND,MEDIUM,DISPUTES,RECEIVED,REVERSED,2021,0
SYN-CMP-13321,SYN-U-19394,2026-07-02T21:43:45,"Unauthorized send money transaction of BDT 15,000 sent from my account at 3:00 AM.",FRAUD,HIGH,FRAUD_INVESTIGATION,RECEIVED,REVERSED,2209,1
SYN-CMP-13322,SYN-U-19105,2026-07-02T22:08:41,Inter-wallet transfer delayed during peak evening banking clearing hour.,TRANSFER,MEDIUM,TRANSACTION_OPERATIONS,RECEIVED,UNBLOCK_ACCOUNT,1961,0
SYN-CMP-13323,SYN-U-16540,2026-07-02T22:09:58,"Payment to merchant showed failed on app, but BDT 1,200 deducted from my Upay balance.",PAYMENT,MEDIUM,TRANSACTION_OPERATIONS,RECEIVED,DECLINED,216,0
SYN-CMP-13324,SYN-U-17970,2026-07-02T22:13:34,Agent confirmed cash-out successful on terminal but I did not receive SMS confirmation.,CASH_OUT,MEDIUM,TRANSACTION_OPERATIONS,RECEIVED,REFUNDED,2454,0
SYN-CMP-13325,SYN-U-12942,2026-07-02T22:34:29,Want to temporarily freeze my physical card due to lost wallet.,CARD,LOW,CARD_SERVICES,RECEIVED,EXPLAINED,20,0
SYN-CMP-13326,SYN-U-15024,2026-07-02T23:09:52,Want to temporarily freeze my physical card due to lost wallet.,CARD,MEDIUM,CARD_SERVICES,RECEIVED,IN_PROGRESS,281,0
SYN-CMP-13327,SYN-U-12501,2026-07-02T23:45:09,App says account dormant even though I received funds two weeks ago.,ACCOUNT,LOW,DISPUTES,RECEIVED,IN_PROGRESS,607,0
SYN-CMP-13328,SYN-U-16138,2026-07-03T00:58:45,"Unauthorized send money transaction of BDT 15,000 sent from my account at 3:00 AM.",FRAUD,CRITICAL,FRAUD_INVESTIGATION,RECEIVED,UNBLOCK_ACCOUNT,1638,1
SYN-CMP-13329,SYN-U-15697,2026-07-03T01:34:56,"Payment to merchant showed failed on app, but BDT 1,200 deducted from my Upay balance.",PAYMENT,LOW,TRANSACTION_OPERATIONS,RECEIVED,EXPLAINED,1331,0
SYN-CMP-13330,SYN-U-18024,2026-07-03T05:07:38,Requesting official annual account statement for tax filing purposes.,OTHER,LOW,DISPUTES,RECEIVED,REFUNDED,228,0
SYN-CMP-13331,SYN-U-12710,2026-07-03T09:33:14,Bank deposit to Upay wallet via internet banking hasn't reflected after 4 hours.,TRANSFER,LOW,TRANSACTION_OPERATIONS,RECEIVED,EXPLAINED,2040,0
SYN-CMP-13332,SYN-U-19493,2026-07-03T10:57:25,Agent confirmed cash-out successful on terminal but I did not receive SMS confirmation.,CASH_OUT,LOW,TRANSACTION_OPERATIONS,RECEIVED,REFUNDED,1403,0
SYN-CMP-13333,SYN-U-10081,2026-07-03T12:10:43,"Suspicious login notification received from unfamiliar device, someone tried to cash out.",FRAUD,HIGH,FRAUD_INVESTIGATION,RECEIVED,EXPLAINED,1082,1
SYN-CMP-13334,SYN-U-13349,2026-07-03T12:18:21,Phishing message led to account takeover and repeated cash-out attempts.,FRAUD,CRITICAL,FRAUD_INVESTIGATION,RECEIVED,REVERSED,2636,1
SYN-CMP-13335,SYN-U-13960,2026-07-03T12:57:23,My PIN was compromised and unauthorized funds were transferred to an unknown number.,FRAUD,HIGH,FRAUD_INVESTIGATION,RECEIVED,UNBLOCK_ACCOUNT,2863,1
SYN-CMP-13336,SYN-U-16002,2026-07-03T13:27:33,Duplicate payment charged for the same restaurant QR transaction.,PAYMENT,LOW,TRANSACTION_OPERATIONS,RECEIVED,REFUNDED,2429,0
SYN-CMP-13337,SYN-U-10270,2026-07-03T15:28:28,Inquiry regarding upcoming Eid merchant promo discounts.,OTHER,LOW,DISPUTES,RECEIVED,EXPLAINED,1786,0
SYN-CMP-13338,SYN-U-11891,2026-07-03T15:56:01,"Payment to merchant showed failed on app, but BDT 1,200 deducted from my Upay balance.",PAYMENT,MEDIUM,TRANSACTION_OPERATIONS,RECEIVED,REFUNDED,1696,0
SYN-CMP-13339,SYN-U-14369,2026-07-03T16:14:45,Upay mobile app crashes immediately on splash screen after latest update.,TECHNICAL,LOW,TECH_SUPPORT,RECEIVED,EXPLAINED,1704,0
SYN-CMP-13340,SYN-U-14479,2026-07-03T16:30:14,Cancelled e-commerce order refund amount is missing BDT 250 processing fee.,REFUND,LOW,DISPUTES,RECEIVED,IN_PROGRESS,703,0
SYN-CMP-13341,SYN-U-14849,2026-07-03T16:51:37,Unable to update my registered primary phone number and email in settings.,ACCOUNT,MEDIUM,DISPUTES,RECEIVED,IN_PROGRESS,1783,0
SYN-CMP-13342,SYN-U-14832,2026-07-03T17:01:34,Unable to update my registered primary phone number and email in settings.,ACCOUNT,LOW,DISPUTES,RECEIVED,EXPLAINED,2192,0
SYN-CMP-13343,SYN-U-19546,2026-07-03T17:38:59,"Suspicious login notification received from unfamiliar device, someone tried to cash out.",FRAUD,CRITICAL,FRAUD_INVESTIGATION,RECEIVED,EXPLAINED,1452,1
SYN-CMP-13344,SYN-U-14916,2026-07-03T18:38:01,Agent deducted fee but the cash-out transaction timed out without dispensing cash.,CASH_OUT,LOW,TRANSACTION_OPERATIONS,RECEIVED,EXPLAINED,2673,0
SYN-CMP-13345,SYN-U-16946,2026-07-03T18:57:49,"Merchant initiated refund 5 business days ago, but balance is not credited.",REFUND,LOW,DISPUTES,RECEIVED,REFUNDED,1457,0
SYN-CMP-13346,SYN-U-12732,2026-07-03T21:18:38,"Paid utility electricity bill through app yesterday, but bill status still shows unpaid.",PAYMENT,MEDIUM,TRANSACTION_OPERATIONS,RECEIVED,REFUNDED,1026,0
SYN-CMP-13347,SYN-U-10745,2026-07-03T22:52:19,"Received a scam call asking for OTP, shortly after BDT 8,500 was transferred out.",FRAUD,CRITICAL,FRAUD_INVESTIGATION,RECEIVED,REFUNDED,1891,1
SYN-CMP-13348,SYN-U-10178,2026-07-04T01:15:15,Cancelled e-commerce order refund amount is missing BDT 250 processing fee.,REFUND,LOW,DISPUTES,RECEIVED,REFUNDED,2792,0
SYN-CMP-13349,SYN-U-10965,2026-07-04T01:49:48,"Failed cash out attempt at agent, but funds debited from balance.",CASH_OUT,LOW,TRANSACTION_OPERATIONS,RECEIVED,EXPLAINED,2013,0
SYN-CMP-13350,SYN-U-17655,2026-07-04T02:15:11,My PIN was compromised and unauthorized funds were transferred to an unknown number.,FRAUD,CRITICAL,FRAUD_INVESTIGATION,RECEIVED,IN_PROGRESS,1825,0
SYN-CMP-13351,SYN-U-13596,2026-07-04T03:08:25,App says account dormant even though I received funds two weeks ago.,ACCOUNT,LOW,DISPUTES,RECEIVED,REVERSED,1448,0
SYN-CMP-13352,SYN-U-18013,2026-07-04T03:42:51,Inter-wallet transfer delayed during peak evening banking clearing hour.,TRANSFER,LOW,TRANSACTION_OPERATIONS,RECEIVED,UNBLOCK_ACCOUNT,2813,0
SYN-CMP-13353,SYN-U-10941,2026-07-04T04:13:33,E-commerce merchant payment processed twice during checkout.,PAYMENT,MEDIUM,TRANSACTION_OPERATIONS,RECEIVED,UNBLOCK_ACCOUNT,1642,0
SYN-CMP-13354,SYN-U-16802,2026-07-04T05:03:38,NID verification pending for more than 48 hours.,ACCOUNT,LOW,DISPUTES,RECEIVED,REFUNDED,2598,0
SYN-CMP-13355,SYN-U-17320,2026-07-04T06:22:10,International online transaction toggle keeps turning off automatically in settings.,CARD,MEDIUM,CARD_SERVICES,RECEIVED,EXPLAINED,392,0
SYN-CMP-13356,SYN-U-11371,2026-07-04T10:09:19,NID verification pending for more than 48 hours.,ACCOUNT,LOW,DISPUTES,RECEIVED,REVERSED,1748,0
SYN-CMP-13357,SYN-U-13216,2026-07-04T10:34:23,My virtual dual-currency card was declined while making an international subscription payment.,CARD,LOW,CARD_SERVICES,RECEIVED,EXPLAINED,1244,0
SYN-CMP-13358,SYN-U-15817,2026-07-04T11:11:47,Network connection error occurred during transaction processing screen.,TECHNICAL,MEDIUM,TECH_SUPPORT,RECEIVED,EXPLAINED,1686,0
SYN-CMP-13359,SYN-U-18220,2026-07-04T11:38:50,Want to temporarily freeze my physical card due to lost wallet.,CARD,MEDIUM,CARD_SERVICES,RECEIVED,IN_PROGRESS,282,0
SYN-CMP-13360,SYN-U-17159,2026-07-04T13:34:04,Duplicate payment charged for the same restaurant QR transaction.,PAYMENT,MEDIUM,TRANSACTION_OPERATIONS,RECEIVED,DECLINED,454,0
SYN-CMP-13361,SYN-U-12290,2026-07-04T14:00:56,Biometric fingerprint login is not working on my new Android device.,ACCOUNT,LOW,DISPUTES,RECEIVED,REFUNDED,1520,0
SYN-CMP-13362,SYN-U-12327,2026-07-04T14:20:28,Cash-out fee charged higher than standard 1.4% rate at the agent point.,CASH_OUT,LOW,TRANSACTION_OPERATIONS,RECEIVED,EXPLAINED,2310,0
SYN-CMP-13363,SYN-U-19013,2026-07-04T15:08:05,E-commerce merchant payment processed twice during checkout.,PAYMENT,MEDIUM,TRANSACTION_OPERATIONS,RECEIVED,REFUNDED,2150,0
SYN-CMP-13364,SYN-U-16602,2026-07-04T17:14:03,"Paid utility electricity bill through app yesterday, but bill status still shows unpaid.",PAYMENT,MEDIUM,TRANSACTION_OPERATIONS,RECEIVED,REFUNDED,422,0
SYN-CMP-13365,SYN-U-11769,2026-07-04T17:41:20,"Merchant initiated refund 5 business days ago, but balance is not credited.",REFUND,MEDIUM,DISPUTES,RECEIVED,REFUNDED,837,0
SYN-CMP-13366,SYN-U-13329,2026-07-04T18:16:14,E-commerce merchant payment processed twice during checkout.,PAYMENT,LOW,TRANSACTION_OPERATIONS,RECEIVED,REFUNDED,1222,0
SYN-CMP-13367,SYN-U-15150,2026-07-04T18:49:30,"Suspicious login notification received from unfamiliar device, someone tried to cash out.",FRAUD,CRITICAL,FRAUD_INVESTIGATION,RECEIVED,REVERSED,973,1
SYN-CMP-13368,SYN-U-10511,2026-07-04T21:30:52,Partial refund received instead of full transaction amount.,REFUND,MEDIUM,DISPUTES,RECEIVED,REFUNDED,2322,0
SYN-CMP-13369,SYN-U-19902,2026-07-04T23:49:23,Duplicate payment charged for the same restaurant QR transaction.,PAYMENT,MEDIUM,TRANSACTION_OPERATIONS,RECEIVED,EXPLAINED,2864,0
SYN-CMP-13370,SYN-U-10923,2026-07-05T02:30:46,My virtual dual-currency card was declined while making an international subscription payment.,CARD,MEDIUM,CARD_SERVICES,RECEIVED,REVERSED,686,0
SYN-CMP-13371,SYN-U-18921,2026-07-05T02:42:41,Money was deducted from my account but the grocery merchant did not receive payment confirmation.,PAYMENT,MEDIUM,TRANSACTION_OPERATIONS,RECEIVED,REFUNDED,2032,0
SYN-CMP-13372,SYN-U-18540,2026-07-05T02:44:43,"Suspicious login notification received from unfamiliar device, someone tried to cash out.",FRAUD,HIGH,FRAUD_INVESTIGATION,RECEIVED,EXPLAINED,963,1
SYN-CMP-13373,SYN-U-18250,2026-07-05T03:22:01,"Paid utility electricity bill through app yesterday, but bill status still shows unpaid.",PAYMENT,MEDIUM,TRANSACTION_OPERATIONS,RECEIVED,REFUNDED,1975,0
SYN-CMP-13374,SYN-U-14012,2026-07-05T03:33:22,"Paid utility electricity bill through app yesterday, but bill status still shows unpaid.",PAYMENT,LOW,TRANSACTION_OPERATIONS,RECEIVED,UNBLOCK_ACCOUNT,2365,0
SYN-CMP-13375,SYN-U-14664,2026-07-05T04:11:05,"Failed cash out attempt at agent, but funds debited from balance.",CASH_OUT,MEDIUM,TRANSACTION_OPERATIONS,RECEIVED,REFUNDED,2422,0
SYN-CMP-13376,SYN-U-15990,2026-07-05T04:20:46,"Merchant initiated refund 5 business days ago, but balance is not credited.",REFUND,LOW,DISPUTES,RECEIVED,REFUNDED,1761,0
SYN-CMP-13377,SYN-U-14817,2026-07-05T05:09:36,Money was deducted from my account but the grocery merchant did not receive payment confirmation.,PAYMENT,MEDIUM,TRANSACTION_OPERATIONS,RECEIVED,REFUNDED,959,0
SYN-CMP-13378,SYN-U-11598,2026-07-05T05:17:57,"Received a scam call asking for OTP, shortly after BDT 8,500 was transferred out.",FRAUD,CRITICAL,FRAUD_INVESTIGATION,RECEIVED,EXPLAINED,1852,1
SYN-CMP-13379,SYN-U-13964,2026-07-05T08:08:01,Biometric fingerprint login is not working on my new Android device.,ACCOUNT,MEDIUM,DISPUTES,RECEIVED,EXPLAINED,1820,0
SYN-CMP-13380,SYN-U-10554,2026-07-05T08:44:05,Card charged USD 45.00 for an online software transaction that I cancelled.,CARD,HIGH,CARD_SERVICES,RECEIVED,REFUNDED,337,0
SYN-CMP-13381,SYN-U-16608,2026-07-05T09:44:29,Phishing message led to account takeover and repeated cash-out attempts.,FRAUD,CRITICAL,FRAUD_INVESTIGATION,RECEIVED,REFUNDED,1620,0
SYN-CMP-13382,SYN-U-18341,2026-07-05T10:02:52,My virtual dual-currency card was declined while making an international subscription payment.,CARD,MEDIUM,CARD_SERVICES,RECEIVED,EXPLAINED,469,0
SYN-CMP-13383,SYN-U-14665,2026-07-05T10:09:14,Duplicate payment charged for the same restaurant QR transaction.,PAYMENT,LOW,TRANSACTION_OPERATIONS,RECEIVED,EXPLAINED,818,0
SYN-CMP-13384,SYN-U-14612,2026-07-05T10:09:19,My virtual dual-currency card was declined while making an international subscription payment.,CARD,HIGH,CARD_SERVICES,RECEIVED,DECLINED,2023,0
SYN-CMP-13385,SYN-U-13049,2026-07-05T11:13:02,NID verification pending for more than 48 hours.,ACCOUNT,MEDIUM,DISPUTES,RECEIVED,UNBLOCK_ACCOUNT,912,0
SYN-CMP-13386,SYN-U-12290,2026-07-05T11:22:00,"Failed cash out attempt at agent, but funds debited from balance.",CASH_OUT,LOW,TRANSACTION_OPERATIONS,RECEIVED,IN_PROGRESS,1816,0
SYN-CMP-13387,SYN-U-16139,2026-07-05T11:38:36,Duplicate payment charged for the same restaurant QR transaction.,PAYMENT,MEDIUM,TRANSACTION_OPERATIONS,RECEIVED,EXPLAINED,861,0
SYN-CMP-13388,SYN-U-17658,2026-07-05T13:02:39,E-commerce merchant payment processed twice during checkout.,PAYMENT,HIGH,TRANSACTION_OPERATIONS,RECEIVED,IN_PROGRESS,1053,0
SYN-CMP-13389,SYN-U-19050,2026-07-05T13:30:12,"Paid utility electricity bill through app yesterday, but bill status still shows unpaid.",PAYMENT,HIGH,TRANSACTION_OPERATIONS,RECEIVED,REFUNDED,890,0
SYN-CMP-13390,SYN-U-12203,2026-07-05T21:20:37,Duplicate payment charged for the same restaurant QR transaction.,PAYMENT,MEDIUM,TRANSACTION_OPERATIONS,RECEIVED,EXPLAINED,1054,0
SYN-CMP-13391,SYN-U-15517,2026-07-06T00:58:57,"Accidentally transferred BDT 3,500 to a wrong mobile number.",TRANSFER,LOW,TRANSACTION_OPERATIONS,RECEIVED,REFUNDED,285,0
SYN-CMP-13392,SYN-U-16241,2026-07-06T02:36:24,NID verification pending for more than 48 hours.,ACCOUNT,LOW,DISPUTES,RECEIVED,EXPLAINED,2336,0
SYN-CMP-13393,SYN-U-19922,2026-07-06T06:47:05,SMS OTP is taking over 5 minutes to arrive during login attempt.,TECHNICAL,MEDIUM,TECH_SUPPORT,RECEIVED,REFUNDED,731,0
SYN-CMP-13394,SYN-U-16423,2026-07-06T06:58:06,"Paid utility electricity bill through app yesterday, but bill status still shows unpaid.",PAYMENT,MEDIUM,TRANSACTION_OPERATIONS,RECEIVED,REFUNDED,1503,0
SYN-CMP-13395,SYN-U-12121,2026-07-06T08:34:21,Money was deducted from my account but the grocery merchant did not receive payment confirmation.,PAYMENT,MEDIUM,TRANSACTION_OPERATIONS,RECEIVED,REFUNDED,2704,0
SYN-CMP-13396,SYN-U-15268,2026-07-06T09:11:09,"Unauthorized send money transaction of BDT 15,000 sent from my account at 3:00 AM.",FRAUD,CRITICAL,FRAUD_INVESTIGATION,RECEIVED,EXPLAINED,518,1
SYN-CMP-13397,SYN-U-17487,2026-07-06T10:13:24,"Fund transfer to my linked commercial bank account failed, money not credited yet.",TRANSFER,LOW,TRANSACTION_OPERATIONS,RECEIVED,EXPLAINED,1614,0
SYN-CMP-13398,SYN-U-10287,2026-07-06T13:14:05,My PIN was compromised and unauthorized funds were transferred to an unknown number.,FRAUD,CRITICAL,FRAUD_INVESTIGATION,RECEIVED,EXPLAINED,451,0
SYN-CMP-13399,SYN-U-16175,2026-07-06T14:00:58,NID verification pending for more than 48 hours.,ACCOUNT,LOW,DISPUTES,RECEIVED,EXPLAINED,2125,0
SYN-CMP-13400,SYN-U-11276,2026-07-06T14:58:15,Phishing message led to account takeover and repeated cash-out attempts.,FRAUD,CRITICAL,FRAUD_INVESTIGATION,RECEIVED,IN_PROGRESS,2179,0
SYN-CMP-13401,SYN-U-16261,2026-07-06T14:59:55,"Received a scam call asking for OTP, shortly after BDT 8,500 was transferred out.",FRAUD,CRITICAL,FRAUD_INVESTIGATION,RECEIVED,REFUNDED,1827,0
SYN-CMP-13402,SYN-U-12929,2026-07-06T17:12:14,Bank deposit to Upay wallet via internet banking hasn't reflected after 4 hours.,TRANSFER,LOW,TRANSACTION_OPERATIONS,RECEIVED,EXPLAINED,2862,0
SYN-CMP-13403,SYN-U-14213,2026-07-06T17:51:08,Phishing message led to account takeover and repeated cash-out attempts.,FRAUD,HIGH,FRAUD_INVESTIGATION,RECEIVED,REFUNDED,2731,0
SYN-CMP-13404,SYN-U-10567,2026-07-06T20:08:01,E-commerce merchant payment processed twice during checkout.,PAYMENT,MEDIUM,TRANSACTION_OPERATIONS,RECEIVED,EXPLAINED,1534,0
SYN-CMP-13405,SYN-U-13431,2026-07-06T20:50:22,Want to temporarily freeze my physical card due to lost wallet.,CARD,MEDIUM,CARD_SERVICES,RECEIVED,EXPLAINED,554,0
SYN-CMP-13406,SYN-U-11038,2026-07-06T21:29:34,Money was deducted from my account but the grocery merchant did not receive payment confirmation.,PAYMENT,MEDIUM,TRANSACTION_OPERATIONS,RECEIVED,REFUNDED,2146,0
SYN-CMP-13407,SYN-U-11374,2026-07-06T22:24:00,"Accidentally transferred BDT 3,500 to a wrong mobile number.",TRANSFER,LOW,TRANSACTION_OPERATIONS,RECEIVED,IN_PROGRESS,2218,0
SYN-CMP-13408,SYN-U-12760,2026-07-06T23:36:51,"Payment to merchant showed failed on app, but BDT 1,200 deducted from my Upay balance.",PAYMENT,MEDIUM,TRANSACTION_OPERATIONS,RECEIVED,EXPLAINED,835,0
SYN-CMP-13409,SYN-U-16400,2026-07-07T00:57:44,Unable to update my registered primary phone number and email in settings.,ACCOUNT,LOW,DISPUTES,RECEIVED,REFUNDED,994,0
SYN-CMP-13410,SYN-U-10327,2026-07-07T03:56:16,Need clarification on loyalty reward cashback points calculation.,OTHER,MEDIUM,DISPUTES,RECEIVED,EXPLAINED,1116,0
SYN-CMP-13411,SYN-U-13040,2026-07-07T04:32:26,SMS OTP is taking over 5 minutes to arrive during login attempt.,TECHNICAL,LOW,TECH_SUPPORT,RECEIVED,REVERSED,1305,0
SYN-CMP-13412,SYN-U-13933,2026-07-07T06:05:13,Cancelled e-commerce order refund amount is missing BDT 250 processing fee.,REFUND,LOW,DISPUTES,RECEIVED,REFUNDED,2389,0
SYN-CMP-13413,SYN-U-16980,2026-07-07T07:57:02,E-commerce merchant payment processed twice during checkout.,PAYMENT,HIGH,TRANSACTION_OPERATIONS,RECEIVED,REFUNDED,2538,0
SYN-CMP-13414,SYN-U-12161,2026-07-07T09:32:20,"Unauthorized send money transaction of BDT 15,000 sent from my account at 3:00 AM.",FRAUD,HIGH,FRAUD_INVESTIGATION,RECEIVED,EXPLAINED,1563,1
SYN-CMP-13415,SYN-U-10643,2026-07-07T09:56:53,Endorsement limit not updating after submitting updated passport copy.,CARD,HIGH,CARD_SERVICES,RECEIVED,EXPLAINED,1819,1
SYN-CMP-13416,SYN-U-16481,2026-07-07T10:18:49,Network connection error occurred during transaction processing screen.,TECHNICAL,LOW,TECH_SUPPORT,RECEIVED,EXPLAINED,1995,0
SYN-CMP-13417,SYN-U-18582,2026-07-07T10:31:02,Endorsement limit not updating after submitting updated passport copy.,CARD,LOW,CARD_SERVICES,RECEIVED,REFUNDED,67,0
SYN-CMP-13418,SYN-U-15163,2026-07-07T12:42:01,My virtual dual-currency card was declined while making an international subscription payment.,CARD,HIGH,CARD_SERVICES,RECEIVED,IN_PROGRESS,690,0
SYN-CMP-13419,SYN-U-15050,2026-07-07T14:50:45,"Accidentally transferred BDT 3,500 to a wrong mobile number.",TRANSFER,MEDIUM,TRANSACTION_OPERATIONS,RECEIVED,EXPLAINED,2775,0
SYN-CMP-13420,SYN-U-18529,2026-07-07T15:11:46,Duplicate payment charged for the same restaurant QR transaction.,PAYMENT,HIGH,TRANSACTION_OPERATIONS,RECEIVED,REFUNDED,328,1
SYN-CMP-13421,SYN-U-16733,2026-07-07T16:33:31,Duplicate payment charged for the same restaurant QR transaction.,PAYMENT,LOW,TRANSACTION_OPERATIONS,RECEIVED,REVERSED,1567,0
SYN-CMP-13422,SYN-U-11633,2026-07-07T19:00:34,E-commerce merchant payment processed twice during checkout.,PAYMENT,MEDIUM,TRANSACTION_OPERATIONS,RECEIVED,DECLINED,475,0
SYN-CMP-13423,SYN-U-11517,2026-07-07T21:39:33,"Merchant initiated refund 5 business days ago, but balance is not credited.",REFUND,LOW,DISPUTES,RECEIVED,IN_PROGRESS,2467,0
SYN-CMP-13424,SYN-U-10716,2026-07-07T22:53:29,Agent deducted fee but the cash-out transaction timed out without dispensing cash.,CASH_OUT,LOW,TRANSACTION_OPERATIONS,RECEIVED,DECLINED,2039,0
SYN-CMP-13425,SYN-U-19183,2026-07-07T23:39:59,"Suspicious login notification received from unfamiliar device, someone tried to cash out.",FRAUD,HIGH,FRAUD_INVESTIGATION,RECEIVED,UNBLOCK_ACCOUNT,2148,1
SYN-CMP-13426,SYN-U-17146,2026-07-08T01:43:07,Agent confirmed cash-out successful on terminal but I did not receive SMS confirmation.,CASH_OUT,LOW,TRANSACTION_OPERATIONS,RECEIVED,EXPLAINED,722,0
SYN-CMP-13427,SYN-U-19732,2026-07-08T03:08:16,"Payment to merchant showed failed on app, but BDT 1,200 deducted from my Upay balance.",PAYMENT,HIGH,TRANSACTION_OPERATIONS,RECEIVED,REFUNDED,893,1
SYN-CMP-13428,SYN-U-14487,2026-07-08T04:05:31,"Failed cash out attempt at agent, but funds debited from balance.",CASH_OUT,LOW,TRANSACTION_OPERATIONS,RECEIVED,UNBLOCK_ACCOUNT,1633,0
SYN-CMP-13429,SYN-U-17332,2026-07-08T04:11:04,"Merchant initiated refund 5 business days ago, but balance is not credited.",REFUND,MEDIUM,DISPUTES,RECEIVED,REFUNDED,684,0
SYN-CMP-13430,SYN-U-19007,2026-07-08T06:14:05,Need clarification on loyalty reward cashback points calculation.,OTHER,MEDIUM,DISPUTES,RECEIVED,REVERSED,1240,0
SYN-CMP-13431,SYN-U-18430,2026-07-08T06:23:10,My account has been temporarily restricted after entering wrong PIN 3 times.,ACCOUNT,MEDIUM,DISPUTES,RECEIVED,REFUNDED,2771,0
SYN-CMP-13432,SYN-U-10806,2026-07-08T07:15:04,NID verification pending for more than 48 hours.,ACCOUNT,LOW,DISPUTES,RECEIVED,EXPLAINED,963,0
SYN-CMP-13433,SYN-U-15275,2026-07-08T08:16:57,Network connection error occurred during transaction processing screen.,TECHNICAL,MEDIUM,TECH_SUPPORT,RECEIVED,REFUNDED,1226,0
SYN-CMP-13434,SYN-U-17160,2026-07-08T08:21:05,"Accidentally transferred BDT 3,500 to a wrong mobile number.",TRANSFER,LOW,TRANSACTION_OPERATIONS,RECEIVED,EXPLAINED,1284,0
SYN-CMP-13435,SYN-U-11807,2026-07-08T09:38:48,Partial refund received instead of full transaction amount.,REFUND,MEDIUM,DISPUTES,RECEIVED,REVERSED,1568,0
SYN-CMP-13436,SYN-U-10492,2026-07-08T10:03:22,"Unauthorized send money transaction of BDT 15,000 sent from my account at 3:00 AM.",FRAUD,CRITICAL,FRAUD_INVESTIGATION,RECEIVED,REFUNDED,2052,0
SYN-CMP-13437,SYN-U-19544,2026-07-08T10:25:04,Duplicate payment charged for the same restaurant QR transaction.,PAYMENT,LOW,TRANSACTION_OPERATIONS,RECEIVED,IN_PROGRESS,1986,0
SYN-CMP-13438,SYN-U-19737,2026-07-08T11:05:26,E-commerce merchant payment processed twice during checkout.,PAYMENT,LOW,TRANSACTION_OPERATIONS,RECEIVED,EXPLAINED,1558,0
SYN-CMP-13439,SYN-U-19708,2026-07-08T13:30:27,"Paid utility electricity bill through app yesterday, but bill status still shows unpaid.",PAYMENT,HIGH,TRANSACTION_OPERATIONS,RECEIVED,EXPLAINED,1623,0
SYN-CMP-13440,SYN-U-17578,2026-07-08T14:10:15,Biometric fingerprint login is not working on my new Android device.,ACCOUNT,LOW,DISPUTES,RECEIVED,DECLINED,2607,0
SYN-CMP-13441,SYN-U-15257,2026-07-08T15:53:58,My PIN was compromised and unauthorized funds were transferred to an unknown number.,FRAUD,CRITICAL,FRAUD_INVESTIGATION,RECEIVED,REFUNDED,2098,1
SYN-CMP-13442,SYN-U-11594,2026-07-08T18:33:03,Duplicate payment charged for the same restaurant QR transaction.,PAYMENT,HIGH,TRANSACTION_OPERATIONS,RECEIVED,UNBLOCK_ACCOUNT,1002,0
SYN-CMP-13443,SYN-U-19336,2026-07-08T20:32:33,Duplicate payment charged for the same restaurant QR transaction.,PAYMENT,MEDIUM,TRANSACTION_OPERATIONS,RECEIVED,REFUNDED,57,0
SYN-CMP-13444,SYN-U-12586,2026-07-08T21:54:07,Duplicate payment charged for the same restaurant QR transaction.,PAYMENT,LOW,TRANSACTION_OPERATIONS,RECEIVED,EXPLAINED,461,0
SYN-CMP-13445,SYN-U-14156,2026-07-08T22:42:43,Requesting official annual account statement for tax filing purposes.,OTHER,MEDIUM,DISPUTES,RECEIVED,REVERSED,328,0
SYN-CMP-13446,SYN-U-14859,2026-07-09T00:12:36,Inquiry regarding upcoming Eid merchant promo discounts.,OTHER,LOW,DISPUTES,RECEIVED,REFUNDED,1045,0
SYN-CMP-13447,SYN-U-14532,2026-07-09T00:33:00,"Merchant initiated refund 5 business days ago, but balance is not credited.",REFUND,LOW,DISPUTES,RECEIVED,UNBLOCK_ACCOUNT,2267,0
SYN-CMP-13448,SYN-U-14323,2026-07-09T03:24:01,E-commerce merchant payment processed twice during checkout.,PAYMENT,HIGH,TRANSACTION_OPERATIONS,RECEIVED,IN_PROGRESS,2652,0
SYN-CMP-13449,SYN-U-18107,2026-07-09T04:40:58,NID verification pending for more than 48 hours.,ACCOUNT,LOW,DISPUTES,RECEIVED,REFUNDED,2003,0
SYN-CMP-13450,SYN-U-13834,2026-07-09T05:45:16,"Unauthorized send money transaction of BDT 15,000 sent from my account at 3:00 AM.",FRAUD,CRITICAL,FRAUD_INVESTIGATION,RECEIVED,IN_PROGRESS,118,0
SYN-CMP-13451,SYN-U-19681,2026-07-09T13:24:51,"Paid utility electricity bill through app yesterday, but bill status still shows unpaid.",PAYMENT,MEDIUM,TRANSACTION_OPERATIONS,RECEIVED,REFUNDED,851,0
SYN-CMP-13452,SYN-U-16112,2026-07-09T14:15:03,SMS OTP is taking over 5 minutes to arrive during login attempt.,TECHNICAL,LOW,TECH_SUPPORT,RECEIVED,REFUNDED,2148,0
SYN-CMP-13453,SYN-U-19976,2026-07-09T14:51:32,"Merchant initiated refund 5 business days ago, but balance is not credited.",REFUND,MEDIUM,DISPUTES,RECEIVED,UNBLOCK_ACCOUNT,68,0
SYN-CMP-13454,SYN-U-15943,2026-07-09T15:22:00,"Fund transfer to my linked commercial bank account failed, money not credited yet.",TRANSFER,LOW,TRANSACTION_OPERATIONS,RECEIVED,REFUNDED,1143,0
SYN-CMP-13455,SYN-U-14013,2026-07-09T15:59:53,Agent deducted fee but the cash-out transaction timed out without dispensing cash.,CASH_OUT,LOW,TRANSACTION_OPERATIONS,RECEIVED,EXPLAINED,51,0
SYN-CMP-13456,SYN-U-12016,2026-07-09T17:08:45,E-commerce merchant payment processed twice during checkout.,PAYMENT,MEDIUM,TRANSACTION_OPERATIONS,RECEIVED,REFUNDED,1628,0
SYN-CMP-13457,SYN-U-13736,2026-07-09T18:32:38,Agent confirmed cash-out successful on terminal but I did not receive SMS confirmation.,CASH_OUT,MEDIUM,TRANSACTION_OPERATIONS,RECEIVED,EXPLAINED,1710,0
SYN-CMP-13458,SYN-U-11493,2026-07-09T19:42:41,Duplicate payment charged for the same restaurant QR transaction.,PAYMENT,MEDIUM,TRANSACTION_OPERATIONS,RECEIVED,REFUNDED,1766,0
SYN-CMP-13459,SYN-U-12919,2026-07-09T20:38:22,Upay mobile app crashes immediately on splash screen after latest update.,TECHNICAL,LOW,TECH_SUPPORT,RECEIVED,REFUNDED,172,0
SYN-CMP-13460,SYN-U-13166,2026-07-09T21:38:55,App says account dormant even though I received funds two weeks ago.,ACCOUNT,LOW,DISPUTES,RECEIVED,UNBLOCK_ACCOUNT,621,0
SYN-CMP-13461,SYN-U-19011,2026-07-09T22:51:36,"Suspicious login notification received from unfamiliar device, someone tried to cash out.",FRAUD,CRITICAL,FRAUD_INVESTIGATION,RECEIVED,EXPLAINED,1115,0
SYN-CMP-13462,SYN-U-13562,2026-07-09T23:08:34,"Received a scam call asking for OTP, shortly after BDT 8,500 was transferred out.",FRAUD,CRITICAL,FRAUD_INVESTIGATION,RECEIVED,REFUNDED,2073,1
SYN-CMP-13463,SYN-U-11324,2026-07-09T23:45:29,My PIN was compromised and unauthorized funds were transferred to an unknown number.,FRAUD,HIGH,FRAUD_INVESTIGATION,RECEIVED,REFUNDED,1330,0
SYN-CMP-13464,SYN-U-10836,2026-07-10T05:48:56,Biometric fingerprint login is not working on my new Android device.,ACCOUNT,LOW,DISPUTES,RECEIVED,EXPLAINED,2863,0
SYN-CMP-13465,SYN-U-13155,2026-07-10T08:03:16,Duplicate payment charged for the same restaurant QR transaction.,PAYMENT,MEDIUM,TRANSACTION_OPERATIONS,RECEIVED,EXPLAINED,54,0
SYN-CMP-13466,SYN-U-12148,2026-07-10T08:42:28,"Unauthorized send money transaction of BDT 15,000 sent from my account at 3:00 AM.",FRAUD,CRITICAL,FRAUD_INVESTIGATION,RECEIVED,REFUNDED,2746,0
SYN-CMP-13467,SYN-U-16766,2026-07-10T09:01:37,Agent deducted fee but the cash-out transaction timed out without dispensing cash.,CASH_OUT,MEDIUM,TRANSACTION_OPERATIONS,RECEIVED,REVERSED,2570,0
SYN-CMP-13468,SYN-U-14411,2026-07-10T09:19:13,"Failed cash out attempt at agent, but funds debited from balance.",CASH_OUT,LOW,TRANSACTION_OPERATIONS,RECEIVED,REFUNDED,2121,0
SYN-CMP-13469,SYN-U-11367,2026-07-10T13:17:17,Biometric fingerprint login is not working on my new Android device.,ACCOUNT,MEDIUM,DISPUTES,RECEIVED,REVERSED,1773,0
SYN-CMP-13470,SYN-U-17804,2026-07-10T13:37:09,International online transaction toggle keeps turning off automatically in settings.,CARD,MEDIUM,CARD_SERVICES,RECEIVED,EXPLAINED,2061,0
SYN-CMP-13471,SYN-U-15413,2026-07-10T13:49:42,"Payment to merchant showed failed on app, but BDT 1,200 deducted from my Upay balance.",PAYMENT,MEDIUM,TRANSACTION_OPERATIONS,RECEIVED,REFUNDED,1024,0
SYN-CMP-13472,SYN-U-10782,2026-07-10T18:20:10,Network connection error occurred during transaction processing screen.,TECHNICAL,LOW,TECH_SUPPORT,RECEIVED,REFUNDED,1863,0
SYN-CMP-13473,SYN-U-19033,2026-07-10T21:03:46,Want to temporarily freeze my physical card due to lost wallet.,CARD,MEDIUM,CARD_SERVICES,RECEIVED,EXPLAINED,1909,0
SYN-CMP-13474,SYN-U-18447,2026-07-10T21:19:42,Agent deducted fee but the cash-out transaction timed out without dispensing cash.,CASH_OUT,LOW,TRANSACTION_OPERATIONS,RECEIVED,IN_PROGRESS,708,0
SYN-CMP-13475,SYN-U-15363,2026-07-10T21:26:01,E-commerce merchant payment processed twice during checkout.,PAYMENT,MEDIUM,TRANSACTION_OPERATIONS,RECEIVED,IN_PROGRESS,2056,0
SYN-CMP-13476,SYN-U-18771,2026-07-11T01:09:55,"Merchant initiated refund 5 business days ago, but balance is not credited.",REFUND,LOW,DISPUTES,RECEIVED,REFUNDED,2777,0
SYN-CMP-13477,SYN-U-19321,2026-07-11T01:42:00,E-commerce merchant payment processed twice during checkout.,PAYMENT,MEDIUM,TRANSACTION_OPERATIONS,RECEIVED,EXPLAINED,1939,0
SYN-CMP-13478,SYN-U-12695,2026-07-11T03:01:25,Unable to update my registered primary phone number and email in settings.,ACCOUNT,LOW,DISPUTES,RECEIVED,UNBLOCK_ACCOUNT,765,0
SYN-CMP-13479,SYN-U-12720,2026-07-11T03:33:32,Duplicate payment charged for the same restaurant QR transaction.,PAYMENT,MEDIUM,TRANSACTION_OPERATIONS,RECEIVED,EXPLAINED,2135,0
SYN-CMP-13480,SYN-U-14027,2026-07-11T03:40:26,Requesting official annual account statement for tax filing purposes.,OTHER,LOW,DISPUTES,RECEIVED,REVERSED,1707,0
SYN-CMP-13481,SYN-U-18748,2026-07-11T05:39:02,Upay mobile app crashes immediately on splash screen after latest update.,TECHNICAL,MEDIUM,TECH_SUPPORT,RECEIVED,REFUNDED,2356,0
SYN-CMP-13482,SYN-U-18257,2026-07-11T07:57:09,"Unauthorized send money transaction of BDT 15,000 sent from my account at 3:00 AM.",FRAUD,HIGH,FRAUD_INVESTIGATION,RECEIVED,REFUNDED,2873,0
SYN-CMP-13483,SYN-U-15794,2026-07-11T13:48:57,Unable to update my registered primary phone number and email in settings.,ACCOUNT,LOW,DISPUTES,RECEIVED,IN_PROGRESS,1985,0
SYN-CMP-13484,SYN-U-11617,2026-07-11T16:01:34,My PIN was compromised and unauthorized funds were transferred to an unknown number.,FRAUD,HIGH,FRAUD_INVESTIGATION,RECEIVED,REFUNDED,861,1
SYN-CMP-13485,SYN-U-12755,2026-07-11T16:57:10,Partial refund received instead of full transaction amount.,REFUND,LOW,DISPUTES,RECEIVED,IN_PROGRESS,2871,0
SYN-CMP-13486,SYN-U-15884,2026-07-11T17:34:16,"Fund transfer to my linked commercial bank account failed, money not credited yet.",TRANSFER,LOW,TRANSACTION_OPERATIONS,RECEIVED,REFUNDED,1841,0
SYN-CMP-13487,SYN-U-13956,2026-07-11T18:26:05,"Received a scam call asking for OTP, shortly after BDT 8,500 was transferred out.",FRAUD,HIGH,FRAUD_INVESTIGATION,RECEIVED,REFUNDED,2674,0
SYN-CMP-13488,SYN-U-15284,2026-07-11T18:53:49,Money was deducted from my account but the grocery merchant did not receive payment confirmation.,PAYMENT,MEDIUM,TRANSACTION_OPERATIONS,RECEIVED,UNBLOCK_ACCOUNT,1545,0
SYN-CMP-13489,SYN-U-14239,2026-07-11T19:17:28,"Fund transfer to my linked commercial bank account failed, money not credited yet.",TRANSFER,MEDIUM,TRANSACTION_OPERATIONS,RECEIVED,REFUNDED,512,0
SYN-CMP-13490,SYN-U-15394,2026-07-11T19:17:48,Need clarification on loyalty reward cashback points calculation.,OTHER,LOW,DISPUTES,RECEIVED,EXPLAINED,1141,0
SYN-CMP-13491,SYN-U-14795,2026-07-11T19:42:32,Phishing message led to account takeover and repeated cash-out attempts.,FRAUD,CRITICAL,FRAUD_INVESTIGATION,RECEIVED,REFUNDED,2170,0
SYN-CMP-13492,SYN-U-12825,2026-07-11T20:30:30,Money was deducted from my account but the grocery merchant did not receive payment confirmation.,PAYMENT,HIGH,TRANSACTION_OPERATIONS,RECEIVED,UNBLOCK_ACCOUNT,2177,0
SYN-CMP-13493,SYN-U-11969,2026-07-11T21:05:16,"Unauthorized send money transaction of BDT 15,000 sent from my account at 3:00 AM.",FRAUD,CRITICAL,FRAUD_INVESTIGATION,RECEIVED,UNBLOCK_ACCOUNT,362,1
SYN-CMP-13494,SYN-U-19435,2026-07-11T21:12:58,My virtual dual-currency card was declined while making an international subscription payment.,CARD,HIGH,CARD_SERVICES,RECEIVED,EXPLAINED,1680,0
SYN-CMP-13495,SYN-U-10067,2026-07-11T21:40:01,Money was deducted from my account but the grocery merchant did not receive payment confirmation.,PAYMENT,MEDIUM,TRANSACTION_OPERATIONS,RECEIVED,EXPLAINED,219,0
SYN-CMP-13496,SYN-U-12168,2026-07-11T21:50:53,Partial refund received instead of full transaction amount.,REFUND,MEDIUM,DISPUTES,RECEIVED,REFUNDED,1314,0
SYN-CMP-13497,SYN-U-14482,2026-07-11T22:14:24,Duplicate payment charged for the same restaurant QR transaction.,PAYMENT,HIGH,TRANSACTION_OPERATIONS,RECEIVED,EXPLAINED,2497,0
SYN-CMP-13498,SYN-U-13676,2026-07-12T00:31:09,Agent confirmed cash-out successful on terminal but I did not receive SMS confirmation.,CASH_OUT,LOW,TRANSACTION_OPERATIONS,RECEIVED,IN_PROGRESS,1798,0
SYN-CMP-13499,SYN-U-11324,2026-07-12T01:49:22,Agent confirmed cash-out successful on terminal but I did not receive SMS confirmation.,CASH_OUT,LOW,TRANSACTION_OPERATIONS,RECEIVED,DECLINED,2806,0
SYN-CMP-13500,SYN-U-17217,2026-07-12T03:45:13,Card charged USD 45.00 for an online software transaction that I cancelled.,CARD,LOW,CARD_SERVICES,RECEIVED,REFUNDED,2137,0
SYN-CMP-13501,SYN-U-12399,2026-07-12T04:06:18,E-commerce merchant payment processed twice during checkout.,PAYMENT,HIGH,TRANSACTION_OPERATIONS,RECEIVED,REFUNDED,1284,1
SYN-CMP-13502,SYN-U-14052,2026-07-12T04:45:26,Cash-out fee charged higher than standard 1.4% rate at the agent point.,CASH_OUT,LOW,TRANSACTION_OPERATIONS,RECEIVED,EXPLAINED,1774,0
SYN-CMP-13503,SYN-U-12518,2026-07-12T05:41:58,E-commerce merchant payment processed twice during checkout.,PAYMENT,MEDIUM,TRANSACTION_OPERATIONS,RECEIVED,REFUNDED,2281,0
SYN-CMP-13504,SYN-U-10814,2026-07-12T05:43:06,NID verification pending for more than 48 hours.,ACCOUNT,LOW,DISPUTES,RECEIVED,EXPLAINED,1103,0
SYN-CMP-13505,SYN-U-11703,2026-07-12T06:46:20,Agent deducted fee but the cash-out transaction timed out without dispensing cash.,CASH_OUT,MEDIUM,TRANSACTION_OPERATIONS,RECEIVED,EXPLAINED,225,0
SYN-CMP-13506,SYN-U-12323,2026-07-12T07:51:19,Want to temporarily freeze my physical card due to lost wallet.,CARD,MEDIUM,CARD_SERVICES,RECEIVED,REFUNDED,184,0
SYN-CMP-13507,SYN-U-11515,2026-07-12T08:17:50,"Unauthorized send money transaction of BDT 15,000 sent from my account at 3:00 AM.",FRAUD,HIGH,FRAUD_INVESTIGATION,RECEIVED,REVERSED,2811,0
SYN-CMP-13508,SYN-U-17644,2026-07-12T08:44:33,My virtual dual-currency card was declined while making an international subscription payment.,CARD,MEDIUM,CARD_SERVICES,RECEIVED,REFUNDED,491,0
SYN-CMP-13509,SYN-U-16688,2026-07-12T09:16:35,Duplicate payment charged for the same restaurant QR transaction.,PAYMENT,MEDIUM,TRANSACTION_OPERATIONS,RECEIVED,REFUNDED,2179,0
SYN-CMP-13510,SYN-U-13332,2026-07-12T09:19:47,Money was deducted from my account but the grocery merchant did not receive payment confirmation.,PAYMENT,LOW,TRANSACTION_OPERATIONS,RECEIVED,EXPLAINED,1181,0
SYN-CMP-13511,SYN-U-18204,2026-07-12T10:15:17,Agent deducted fee but the cash-out transaction timed out without dispensing cash.,CASH_OUT,MEDIUM,TRANSACTION_OPERATIONS,RECEIVED,UNBLOCK_ACCOUNT,2471,0
SYN-CMP-13512,SYN-U-19301,2026-07-12T10:29:47,"Received a scam call asking for OTP, shortly after BDT 8,500 was transferred out.",FRAUD,HIGH,FRAUD_INVESTIGATION,RECEIVED,REFUNDED,585,0
SYN-CMP-13513,SYN-U-11658,2026-07-12T17:48:23,Biometric fingerprint login is not working on my new Android device.,ACCOUNT,LOW,DISPUTES,RECEIVED,EXPLAINED,2150,0
SYN-CMP-13514,SYN-U-12903,2026-07-12T18:08:40,"Payment to merchant showed failed on app, but BDT 1,200 deducted from my Upay balance.",PAYMENT,LOW,TRANSACTION_OPERATIONS,RECEIVED,EXPLAINED,1886,0
SYN-CMP-13515,SYN-U-19937,2026-07-12T21:19:42,Requesting official annual account statement for tax filing purposes.,OTHER,LOW,DISPUTES,RECEIVED,REFUNDED,2682,0
SYN-CMP-13516,SYN-U-13612,2026-07-12T21:36:26,"Paid utility electricity bill through app yesterday, but bill status still shows unpaid.",PAYMENT,MEDIUM,TRANSACTION_OPERATIONS,RECEIVED,EXPLAINED,117,0
SYN-CMP-13517,SYN-U-17286,2026-07-12T22:46:25,Unable to update my registered primary phone number and email in settings.,ACCOUNT,LOW,DISPUTES,RECEIVED,REFUNDED,2664,0
SYN-CMP-13518,SYN-U-12597,2026-07-13T00:51:06,Money was deducted from my account but the grocery merchant did not receive payment confirmation.,PAYMENT,MEDIUM,TRANSACTION_OPERATIONS,RECEIVED,REVERSED,2554,0
SYN-CMP-13519,SYN-U-14229,2026-07-13T01:20:47,Money was deducted from my account but the grocery merchant did not receive payment confirmation.,PAYMENT,LOW,TRANSACTION_OPERATIONS,RECEIVED,REFUNDED,1061,0
SYN-CMP-13520,SYN-U-12496,2026-07-13T01:58:36,Cancelled e-commerce order refund amount is missing BDT 250 processing fee.,REFUND,LOW,DISPUTES,RECEIVED,IN_PROGRESS,2155,0
SYN-CMP-13521,SYN-U-12685,2026-07-13T02:12:33,Agent deducted fee but the cash-out transaction timed out without dispensing cash.,CASH_OUT,LOW,TRANSACTION_OPERATIONS,RECEIVED,REFUNDED,1359,0
SYN-CMP-13522,SYN-U-10235,2026-07-13T02:19:17,Requesting official annual account statement for tax filing purposes.,OTHER,LOW,DISPUTES,RECEIVED,REVERSED,1117,0
SYN-CMP-13523,SYN-U-12903,2026-07-13T02:58:40,NID verification pending for more than 48 hours.,ACCOUNT,LOW,DISPUTES,RECEIVED,IN_PROGRESS,1966,0
SYN-CMP-13524,SYN-U-17519,2026-07-13T03:02:56,My PIN was compromised and unauthorized funds were transferred to an unknown number.,FRAUD,CRITICAL,FRAUD_INVESTIGATION,RECEIVED,REFUNDED,1877,0
SYN-CMP-13525,SYN-U-13767,2026-07-13T05:26:05,My virtual dual-currency card was declined while making an international subscription payment.,CARD,LOW,CARD_SERVICES,RECEIVED,DECLINED,2319,0
SYN-CMP-13526,SYN-U-12173,2026-07-13T07:26:52,Partial refund received instead of full transaction amount.,REFUND,LOW,DISPUTES,RECEIVED,REFUNDED,1336,0
SYN-CMP-13527,SYN-U-18239,2026-07-13T12:11:18,Unable to update my registered primary phone number and email in settings.,ACCOUNT,MEDIUM,DISPUTES,RECEIVED,REVERSED,584,0
SYN-CMP-13528,SYN-U-18219,2026-07-13T12:18:39,Biometric fingerprint login is not working on my new Android device.,ACCOUNT,LOW,DISPUTES,RECEIVED,IN_PROGRESS,840,0
SYN-CMP-13529,SYN-U-14522,2026-07-13T13:38:21,"Accidentally transferred BDT 3,500 to a wrong mobile number.",TRANSFER,LOW,TRANSACTION_OPERATIONS,RECEIVED,REVERSED,2215,0
SYN-CMP-13530,SYN-U-11909,2026-07-13T16:35:49,Phishing message led to account takeover and repeated cash-out attempts.,FRAUD,CRITICAL,FRAUD_INVESTIGATION,RECEIVED,UNBLOCK_ACCOUNT,2245,0
SYN-CMP-13531,SYN-U-17284,2026-07-13T17:18:52,Inquiry regarding upcoming Eid merchant promo discounts.,OTHER,LOW,DISPUTES,RECEIVED,REFUNDED,1607,0
SYN-CMP-13532,SYN-U-13590,2026-07-13T17:24:25,Money was deducted from my account but the grocery merchant did not receive payment confirmation.,PAYMENT,HIGH,TRANSACTION_OPERATIONS,RECEIVED,REVERSED,1236,1
SYN-CMP-13533,SYN-U-14911,2026-07-13T18:32:44,Inter-wallet transfer delayed during peak evening banking clearing hour.,TRANSFER,LOW,TRANSACTION_OPERATIONS,RECEIVED,REVERSED,2615,0
SYN-CMP-13534,SYN-U-18187,2026-07-13T20:07:58,My virtual dual-currency card was declined while making an international subscription payment.,CARD,LOW,CARD_SERVICES,RECEIVED,REVERSED,2835,0
SYN-CMP-13535,SYN-U-14624,2026-07-13T21:12:04,"Accidentally transferred BDT 3,500 to a wrong mobile number.",TRANSFER,MEDIUM,TRANSACTION_OPERATIONS,RECEIVED,EXPLAINED,356,0
SYN-CMP-13536,SYN-U-11979,2026-07-13T23:44:27,"Payment to merchant showed failed on app, but BDT 1,200 deducted from my Upay balance.",PAYMENT,HIGH,TRANSACTION_OPERATIONS,RECEIVED,REVERSED,1071,0
SYN-CMP-13537,SYN-U-19294,2026-07-14T01:38:20,"Paid utility electricity bill through app yesterday, but bill status still shows unpaid.",PAYMENT,LOW,TRANSACTION_OPERATIONS,RECEIVED,REFUNDED,1025,0
SYN-CMP-13538,SYN-U-12784,2026-07-14T03:17:44,Agent confirmed cash-out successful on terminal but I did not receive SMS confirmation.,CASH_OUT,LOW,TRANSACTION_OPERATIONS,RECEIVED,REFUNDED,653,0
SYN-CMP-13539,SYN-U-10947,2026-07-14T04:09:42,"Paid utility electricity bill through app yesterday, but bill status still shows unpaid.",PAYMENT,HIGH,TRANSACTION_OPERATIONS,RECEIVED,IN_PROGRESS,885,0
SYN-CMP-13540,SYN-U-19661,2026-07-14T06:16:52,Duplicate payment charged for the same restaurant QR transaction.,PAYMENT,LOW,TRANSACTION_OPERATIONS,RECEIVED,IN_PROGRESS,899,0
SYN-CMP-13541,SYN-U-13108,2026-07-14T11:39:56,"Paid utility electricity bill through app yesterday, but bill status still shows unpaid.",PAYMENT,HIGH,TRANSACTION_OPERATIONS,RECEIVED,EXPLAINED,2533,0
SYN-CMP-13542,SYN-U-16714,2026-07-14T11:43:45,"Accidentally transferred BDT 3,500 to a wrong mobile number.",TRANSFER,LOW,TRANSACTION_OPERATIONS,RECEIVED,REVERSED,260,0
SYN-CMP-13543,SYN-U-12000,2026-07-14T12:52:38,Duplicate payment charged for the same restaurant QR transaction.,PAYMENT,HIGH,TRANSACTION_OPERATIONS,RECEIVED,REFUNDED,874,0
SYN-CMP-13544,SYN-U-17013,2026-07-14T14:59:11,SMS OTP is taking over 5 minutes to arrive during login attempt.,TECHNICAL,LOW,TECH_SUPPORT,RECEIVED,EXPLAINED,66,0
SYN-CMP-13545,SYN-U-11618,2026-07-14T15:34:46,"Payment to merchant showed failed on app, but BDT 1,200 deducted from my Upay balance.",PAYMENT,MEDIUM,TRANSACTION_OPERATIONS,RECEIVED,EXPLAINED,1249,0
SYN-CMP-13546,SYN-U-18783,2026-07-14T21:14:51,Biometric fingerprint login is not working on my new Android device.,ACCOUNT,MEDIUM,DISPUTES,RECEIVED,EXPLAINED,801,0
SYN-CMP-13547,SYN-U-17374,2026-07-14T22:21:53,"Unauthorized send money transaction of BDT 15,000 sent from my account at 3:00 AM.",FRAUD,HIGH,FRAUD_INVESTIGATION,RECEIVED,EXPLAINED,1352,1
SYN-CMP-13548,SYN-U-17720,2026-07-14T23:02:29,Money was deducted from my account but the grocery merchant did not receive payment confirmation.,PAYMENT,HIGH,TRANSACTION_OPERATIONS,RECEIVED,DECLINED,843,1
SYN-CMP-13549,SYN-U-10618,2026-07-14T23:03:29,"Fund transfer to my linked commercial bank account failed, money not credited yet.",TRANSFER,LOW,TRANSACTION_OPERATIONS,RECEIVED,EXPLAINED,2338,0
SYN-CMP-13550,SYN-U-15344,2026-07-15T00:57:30,My account has been temporarily restricted after entering wrong PIN 3 times.,ACCOUNT,MEDIUM,DISPUTES,RECEIVED,REFUNDED,1386,0
SYN-CMP-13551,SYN-U-17244,2026-07-15T01:52:56,E-commerce merchant payment processed twice during checkout.,PAYMENT,MEDIUM,TRANSACTION_OPERATIONS,RECEIVED,REFUNDED,2839,0
SYN-CMP-13552,SYN-U-18484,2026-07-15T02:13:23,App says account dormant even though I received funds two weeks ago.,ACCOUNT,LOW,DISPUTES,RECEIVED,EXPLAINED,238,0
SYN-CMP-13553,SYN-U-13466,2026-07-15T04:33:35,"Paid utility electricity bill through app yesterday, but bill status still shows unpaid.",PAYMENT,LOW,TRANSACTION_OPERATIONS,RECEIVED,EXPLAINED,185,0
SYN-CMP-13554,SYN-U-18546,2026-07-15T05:22:12,Money was deducted from my account but the grocery merchant did not receive payment confirmation.,PAYMENT,MEDIUM,TRANSACTION_OPERATIONS,RECEIVED,EXPLAINED,1362,0
SYN-CMP-13555,SYN-U-15196,2026-07-15T06:37:20,"Received a scam call asking for OTP, shortly after BDT 8,500 was transferred out.",FRAUD,CRITICAL,FRAUD_INVESTIGATION,RECEIVED,REVERSED,163,1
SYN-CMP-13556,SYN-U-12554,2026-07-15T06:57:04,Partial refund received instead of full transaction amount.,REFUND,LOW,DISPUTES,RECEIVED,REVERSED,667,0
SYN-CMP-13557,SYN-U-15086,2026-07-15T07:12:59,"Unauthorized send money transaction of BDT 15,000 sent from my account at 3:00 AM.",FRAUD,CRITICAL,FRAUD_INVESTIGATION,RECEIVED,REVERSED,597,1
SYN-CMP-13558,SYN-U-18974,2026-07-15T08:42:55,Cancelled e-commerce order refund amount is missing BDT 250 processing fee.,REFUND,MEDIUM,DISPUTES,RECEIVED,UNBLOCK_ACCOUNT,1804,0
SYN-CMP-13559,SYN-U-18917,2026-07-15T08:54:01,"Paid utility electricity bill through app yesterday, but bill status still shows unpaid.",PAYMENT,HIGH,TRANSACTION_OPERATIONS,RECEIVED,REFUNDED,377,0
SYN-CMP-13560,SYN-U-13180,2026-07-15T12:14:32,Cash-out fee charged higher than standard 1.4% rate at the agent point.,CASH_OUT,LOW,TRANSACTION_OPERATIONS,RECEIVED,REFUNDED,728,0
SYN-CMP-13561,SYN-U-19949,2026-07-15T15:02:43,"Fund transfer to my linked commercial bank account failed, money not credited yet.",TRANSFER,MEDIUM,TRANSACTION_OPERATIONS,RECEIVED,REVERSED,2126,0
SYN-CMP-13562,SYN-U-14093,2026-07-15T16:31:58,Duplicate payment charged for the same restaurant QR transaction.,PAYMENT,MEDIUM,TRANSACTION_OPERATIONS,RECEIVED,REFUNDED,1804,0
SYN-CMP-13563,SYN-U-19311,2026-07-15T16:56:20,My virtual dual-currency card was declined while making an international subscription payment.,CARD,HIGH,CARD_SERVICES,RECEIVED,EXPLAINED,896,0
SYN-CMP-13564,SYN-U-11339,2026-07-15T17:41:30,My virtual dual-currency card was declined while making an international subscription payment.,CARD,LOW,CARD_SERVICES,RECEIVED,EXPLAINED,174,0
SYN-CMP-13565,SYN-U-12492,2026-07-15T18:17:19,Bank deposit to Upay wallet via internet banking hasn't reflected after 4 hours.,TRANSFER,MEDIUM,TRANSACTION_OPERATIONS,RECEIVED,REFUNDED,1709,0
SYN-CMP-13566,SYN-U-11755,2026-07-15T18:34:09,SMS OTP is taking over 5 minutes to arrive during login attempt.,TECHNICAL,MEDIUM,TECH_SUPPORT,RECEIVED,REFUNDED,2209,0
SYN-CMP-13567,SYN-U-19918,2026-07-15T19:53:22,"Payment to merchant showed failed on app, but BDT 1,200 deducted from my Upay balance.",PAYMENT,MEDIUM,TRANSACTION_OPERATIONS,RECEIVED,EXPLAINED,371,0
SYN-CMP-13568,SYN-U-19431,2026-07-15T22:15:23,Want to temporarily freeze my physical card due to lost wallet.,CARD,MEDIUM,CARD_SERVICES,RECEIVED,EXPLAINED,1142,0
SYN-CMP-13569,SYN-U-16051,2026-07-15T22:20:41,My PIN was compromised and unauthorized funds were transferred to an unknown number.,FRAUD,HIGH,FRAUD_INVESTIGATION,RECEIVED,REVERSED,2180,1
SYN-CMP-13570,SYN-U-17837,2026-07-16T01:43:35,International online transaction toggle keeps turning off automatically in settings.,CARD,LOW,CARD_SERVICES,RECEIVED,IN_PROGRESS,2568,0
SYN-CMP-13571,SYN-U-19283,2026-07-16T01:47:14,"Fund transfer to my linked commercial bank account failed, money not credited yet.",TRANSFER,LOW,TRANSACTION_OPERATIONS,RECEIVED,UNBLOCK_ACCOUNT,233,0
SYN-CMP-13572,SYN-U-11251,2026-07-16T03:32:58,App says account dormant even though I received funds two weeks ago.,ACCOUNT,MEDIUM,DISPUTES,RECEIVED,EXPLAINED,2109,0
SYN-CMP-13573,SYN-U-12090,2026-07-16T03:50:02,Bank deposit to Upay wallet via internet banking hasn't reflected after 4 hours.,TRANSFER,LOW,TRANSACTION_OPERATIONS,RECEIVED,REVERSED,79,0
SYN-CMP-13574,SYN-U-18319,2026-07-16T05:21:53,Agent deducted fee but the cash-out transaction timed out without dispensing cash.,CASH_OUT,LOW,TRANSACTION_OPERATIONS,RECEIVED,EXPLAINED,358,0
SYN-CMP-13575,SYN-U-19406,2026-07-16T08:52:59,Duplicate payment charged for the same restaurant QR transaction.,PAYMENT,HIGH,TRANSACTION_OPERATIONS,RECEIVED,REFUNDED,1050,0
SYN-CMP-13576,SYN-U-13404,2026-07-16T09:56:48,"Merchant initiated refund 5 business days ago, but balance is not credited.",REFUND,LOW,DISPUTES,RECEIVED,IN_PROGRESS,1249,0
SYN-CMP-13577,SYN-U-11632,2026-07-16T11:47:50,"Received a scam call asking for OTP, shortly after BDT 8,500 was transferred out.",FRAUD,HIGH,FRAUD_INVESTIGATION,RECEIVED,EXPLAINED,1239,1
SYN-CMP-13578,SYN-U-15500,2026-07-16T12:33:16,E-commerce merchant payment processed twice during checkout.,PAYMENT,HIGH,TRANSACTION_OPERATIONS,RECEIVED,IN_PROGRESS,1238,0
SYN-CMP-13579,SYN-U-19348,2026-07-16T12:56:25,Agent deducted fee but the cash-out transaction timed out without dispensing cash.,CASH_OUT,MEDIUM,TRANSACTION_OPERATIONS,RECEIVED,IN_PROGRESS,236,0
SYN-CMP-13580,SYN-U-19319,2026-07-16T13:02:46,Unable to update my registered primary phone number and email in settings.,ACCOUNT,LOW,DISPUTES,RECEIVED,EXPLAINED,2130,0
SYN-CMP-13581,SYN-U-17089,2026-07-16T13:05:54,Agent confirmed cash-out successful on terminal but I did not receive SMS confirmation.,CASH_OUT,LOW,TRANSACTION_OPERATIONS,RECEIVED,REFUNDED,1361,0
SYN-CMP-13582,SYN-U-14991,2026-07-16T13:48:07,Want to temporarily freeze my physical card due to lost wallet.,CARD,MEDIUM,CARD_SERVICES,RECEIVED,EXPLAINED,605,0
SYN-CMP-13583,SYN-U-12272,2026-07-16T14:25:59,E-commerce merchant payment processed twice during checkout.,PAYMENT,LOW,TRANSACTION_OPERATIONS,RECEIVED,IN_PROGRESS,1744,0
SYN-CMP-13584,SYN-U-17081,2026-07-16T14:52:20,"Failed cash out attempt at agent, but funds debited from balance.",CASH_OUT,MEDIUM,TRANSACTION_OPERATIONS,RECEIVED,REVERSED,1393,0
SYN-CMP-13585,SYN-U-18716,2026-07-16T15:10:59,"Paid utility electricity bill through app yesterday, but bill status still shows unpaid.",PAYMENT,MEDIUM,TRANSACTION_OPERATIONS,RECEIVED,EXPLAINED,2338,0
SYN-CMP-13586,SYN-U-11847,2026-07-16T16:31:34,"Failed cash out attempt at agent, but funds debited from balance.",CASH_OUT,MEDIUM,TRANSACTION_OPERATIONS,RECEIVED,REFUNDED,1413,0
SYN-CMP-13587,SYN-U-13366,2026-07-16T16:55:00,Duplicate payment charged for the same restaurant QR transaction.,PAYMENT,HIGH,TRANSACTION_OPERATIONS,RECEIVED,REFUNDED,1905,0
SYN-CMP-13588,SYN-U-12501,2026-07-16T21:24:26,Money was deducted from my account but the grocery merchant did not receive payment confirmation.,PAYMENT,MEDIUM,TRANSACTION_OPERATIONS,RECEIVED,UNBLOCK_ACCOUNT,200,0
SYN-CMP-13589,SYN-U-15838,2026-07-16T22:53:19,"Merchant initiated refund 5 business days ago, but balance is not credited.",REFUND,LOW,DISPUTES,RECEIVED,EXPLAINED,735,0
SYN-CMP-13590,SYN-U-14852,2026-07-16T23:00:07,Want to temporarily freeze my physical card due to lost wallet.,CARD,HIGH,CARD_SERVICES,RECEIVED,DECLINED,2170,0
SYN-CMP-13591,SYN-U-12708,2026-07-17T02:50:32,Phishing message led to account takeover and repeated cash-out attempts.,FRAUD,HIGH,FRAUD_INVESTIGATION,RECEIVED,REFUNDED,703,0
SYN-CMP-13592,SYN-U-12209,2026-07-17T04:23:46,"Paid utility electricity bill through app yesterday, but bill status still shows unpaid.",PAYMENT,MEDIUM,TRANSACTION_OPERATIONS,RECEIVED,REFUNDED,1675,0
SYN-CMP-13593,SYN-U-13665,2026-07-17T06:41:15,Phishing message led to account takeover and repeated cash-out attempts.,FRAUD,HIGH,FRAUD_INVESTIGATION,RECEIVED,IN_PROGRESS,2732,0
SYN-CMP-13594,SYN-U-14217,2026-07-17T07:53:53,"Merchant initiated refund 5 business days ago, but balance is not credited.",REFUND,LOW,DISPUTES,RECEIVED,REVERSED,579,0
SYN-CMP-13595,SYN-U-17582,2026-07-17T08:08:02,NID verification pending for more than 48 hours.,ACCOUNT,LOW,DISPUTES,RECEIVED,REFUNDED,1323,0
SYN-CMP-13596,SYN-U-12315,2026-07-17T08:37:10,Duplicate payment charged for the same restaurant QR transaction.,PAYMENT,LOW,TRANSACTION_OPERATIONS,RECEIVED,IN_PROGRESS,1663,0
SYN-CMP-13597,SYN-U-19113,2026-07-17T09:33:11,"Failed cash out attempt at agent, but funds debited from balance.",CASH_OUT,LOW,TRANSACTION_OPERATIONS,RECEIVED,EXPLAINED,2631,0
SYN-CMP-13598,SYN-U-12533,2026-07-17T09:36:48,Card charged USD 45.00 for an online software transaction that I cancelled.,CARD,MEDIUM,CARD_SERVICES,RECEIVED,REVERSED,576,0
SYN-CMP-13599,SYN-U-17853,2026-07-17T09:42:33,My account has been temporarily restricted after entering wrong PIN 3 times.,ACCOUNT,LOW,DISPUTES,RECEIVED,REVERSED,994,0
SYN-CMP-13600,SYN-U-15871,2026-07-17T10:38:19,Cancelled e-commerce order refund amount is missing BDT 250 processing fee.,REFUND,LOW,DISPUTES,RECEIVED,DECLINED,2260,0
SYN-CMP-13601,SYN-U-14677,2026-07-17T10:39:04,E-commerce merchant payment processed twice during checkout.,PAYMENT,LOW,TRANSACTION_OPERATIONS,RECEIVED,UNBLOCK_ACCOUNT,1805,0
SYN-CMP-13602,SYN-U-15780,2026-07-17T13:11:31,Upay mobile app crashes immediately on splash screen after latest update.,TECHNICAL,LOW,TECH_SUPPORT,RECEIVED,REFUNDED,2624,0
SYN-CMP-13603,SYN-U-16661,2026-07-17T18:00:46,"Unauthorized send money transaction of BDT 15,000 sent from my account at 3:00 AM.",FRAUD,HIGH,FRAUD_INVESTIGATION,RECEIVED,REFUNDED,2293,0
SYN-CMP-13604,SYN-U-10160,2026-07-17T18:35:23,Inter-wallet transfer delayed during peak evening banking clearing hour.,TRANSFER,LOW,TRANSACTION_OPERATIONS,RECEIVED,REFUNDED,1701,0
SYN-CMP-13605,SYN-U-11245,2026-07-17T18:40:09,"Payment to merchant showed failed on app, but BDT 1,200 deducted from my Upay balance.",PAYMENT,MEDIUM,TRANSACTION_OPERATIONS,RECEIVED,UNBLOCK_ACCOUNT,1716,0
SYN-CMP-13606,SYN-U-19814,2026-07-17T19:11:21,"Paid utility electricity bill through app yesterday, but bill status still shows unpaid.",PAYMENT,MEDIUM,TRANSACTION_OPERATIONS,RECEIVED,REFUNDED,1361,0
SYN-CMP-13607,SYN-U-18569,2026-07-17T22:07:16,Need clarification on loyalty reward cashback points calculation.,OTHER,LOW,DISPUTES,RECEIVED,UNBLOCK_ACCOUNT,1743,0
SYN-CMP-13608,SYN-U-16492,2026-07-17T22:58:52,My PIN was compromised and unauthorized funds were transferred to an unknown number.,FRAUD,CRITICAL,FRAUD_INVESTIGATION,RECEIVED,REVERSED,1057,1
SYN-CMP-13609,SYN-U-15744,2026-07-17T23:16:27,E-commerce merchant payment processed twice during checkout.,PAYMENT,MEDIUM,TRANSACTION_OPERATIONS,RECEIVED,UNBLOCK_ACCOUNT,1803,0
SYN-CMP-13610,SYN-U-11439,2026-07-18T01:16:23,Duplicate payment charged for the same restaurant QR transaction.,PAYMENT,MEDIUM,TRANSACTION_OPERATIONS,RECEIVED,REVERSED,336,0
SYN-CMP-13611,SYN-U-17110,2026-07-18T02:26:37,Money was deducted from my account but the grocery merchant did not receive payment confirmation.,PAYMENT,HIGH,TRANSACTION_OPERATIONS,RECEIVED,EXPLAINED,632,0
SYN-CMP-13612,SYN-U-16690,2026-07-18T02:29:43,"Suspicious login notification received from unfamiliar device, someone tried to cash out.",FRAUD,HIGH,FRAUD_INVESTIGATION,RECEIVED,REFUNDED,1371,1
SYN-CMP-13613,SYN-U-19141,2026-07-18T02:41:58,Agent deducted fee but the cash-out transaction timed out without dispensing cash.,CASH_OUT,MEDIUM,TRANSACTION_OPERATIONS,RECEIVED,REFUNDED,534,0
SYN-CMP-13614,SYN-U-16635,2026-07-18T03:09:42,My PIN was compromised and unauthorized funds were transferred to an unknown number.,FRAUD,CRITICAL,FRAUD_INVESTIGATION,RECEIVED,EXPLAINED,1905,1
SYN-CMP-13615,SYN-U-19240,2026-07-18T03:48:51,My account has been temporarily restricted after entering wrong PIN 3 times.,ACCOUNT,LOW,DISPUTES,RECEIVED,EXPLAINED,1679,0
SYN-CMP-13616,SYN-U-16037,2026-07-18T04:29:19,"Suspicious login notification received from unfamiliar device, someone tried to cash out.",FRAUD,CRITICAL,FRAUD_INVESTIGATION,RECEIVED,UNBLOCK_ACCOUNT,2670,1
SYN-CMP-13617,SYN-U-19744,2026-07-18T08:28:24,"Fund transfer to my linked commercial bank account failed, money not credited yet.",TRANSFER,LOW,TRANSACTION_OPERATIONS,RECEIVED,REVERSED,2120,0
SYN-CMP-13618,SYN-U-10762,2026-07-18T12:40:06,"Paid utility electricity bill through app yesterday, but bill status still shows unpaid.",PAYMENT,HIGH,TRANSACTION_OPERATIONS,RECEIVED,REFUNDED,1967,0
SYN-CMP-13619,SYN-U-18773,2026-07-18T13:50:41,"Paid utility electricity bill through app yesterday, but bill status still shows unpaid.",PAYMENT,HIGH,TRANSACTION_OPERATIONS,RECEIVED,EXPLAINED,1680,1
SYN-CMP-13620,SYN-U-19334,2026-07-18T14:12:38,My account has been temporarily restricted after entering wrong PIN 3 times.,ACCOUNT,LOW,DISPUTES,RECEIVED,REFUNDED,2514,0
SYN-CMP-13621,SYN-U-14538,2026-07-18T16:44:34,International online transaction toggle keeps turning off automatically in settings.,CARD,MEDIUM,CARD_SERVICES,RECEIVED,REFUNDED,1203,0
SYN-CMP-13622,SYN-U-17981,2026-07-18T21:31:45,E-commerce merchant payment processed twice during checkout.,PAYMENT,MEDIUM,TRANSACTION_OPERATIONS,RECEIVED,REFUNDED,384,0
SYN-CMP-13623,SYN-U-18064,2026-07-18T21:45:07,SMS OTP is taking over 5 minutes to arrive during login attempt.,TECHNICAL,MEDIUM,TECH_SUPPORT,RECEIVED,REFUNDED,370,0
SYN-CMP-13624,SYN-U-10134,2026-07-18T22:18:37,"Paid utility electricity bill through app yesterday, but bill status still shows unpaid.",PAYMENT,MEDIUM,TRANSACTION_OPERATIONS,RECEIVED,REVERSED,2506,0
SYN-CMP-13625,SYN-U-10722,2026-07-19T00:03:27,NID verification pending for more than 48 hours.,ACCOUNT,LOW,DISPUTES,RECEIVED,REFUNDED,2203,0
SYN-CMP-13626,SYN-U-14228,2026-07-19T01:40:19,Card charged USD 45.00 for an online software transaction that I cancelled.,CARD,HIGH,CARD_SERVICES,RECEIVED,EXPLAINED,1990,0
SYN-CMP-13627,SYN-U-19707,2026-07-19T02:05:10,Cancelled e-commerce order refund amount is missing BDT 250 processing fee.,REFUND,LOW,DISPUTES,RECEIVED,EXPLAINED,2654,0
SYN-CMP-13628,SYN-U-15634,2026-07-19T04:44:28,Partial refund received instead of full transaction amount.,REFUND,LOW,DISPUTES,RECEIVED,EXPLAINED,871,0
SYN-CMP-13629,SYN-U-16040,2026-07-19T05:44:44,"Paid utility electricity bill through app yesterday, but bill status still shows unpaid.",PAYMENT,MEDIUM,TRANSACTION_OPERATIONS,RECEIVED,REVERSED,960,0
SYN-CMP-13630,SYN-U-17928,2026-07-19T09:31:49,Money was deducted from my account but the grocery merchant did not receive payment confirmation.,PAYMENT,LOW,TRANSACTION_OPERATIONS,RECEIVED,IN_PROGRESS,2088,0
SYN-CMP-13631,SYN-U-12449,2026-07-19T09:55:03,"Suspicious login notification received from unfamiliar device, someone tried to cash out.",FRAUD,HIGH,FRAUD_INVESTIGATION,RECEIVED,REFUNDED,2613,1
SYN-CMP-13632,SYN-U-15609,2026-07-19T10:57:38,Agent deducted fee but the cash-out transaction timed out without dispensing cash.,CASH_OUT,LOW,TRANSACTION_OPERATIONS,RECEIVED,REVERSED,1707,0
SYN-CMP-13633,SYN-U-19495,2026-07-19T11:08:14,Duplicate payment charged for the same restaurant QR transaction.,PAYMENT,LOW,TRANSACTION_OPERATIONS,RECEIVED,EXPLAINED,2597,0
SYN-CMP-13634,SYN-U-18508,2026-07-19T11:43:25,"Failed cash out attempt at agent, but funds debited from balance.",CASH_OUT,LOW,TRANSACTION_OPERATIONS,RECEIVED,REVERSED,405,0
SYN-CMP-13635,SYN-U-14833,2026-07-19T14:15:14,NID verification pending for more than 48 hours.,ACCOUNT,LOW,DISPUTES,RECEIVED,UNBLOCK_ACCOUNT,2284,0
SYN-CMP-13636,SYN-U-19913,2026-07-19T15:44:53,Agent deducted fee but the cash-out transaction timed out without dispensing cash.,CASH_OUT,LOW,TRANSACTION_OPERATIONS,RECEIVED,EXPLAINED,119,0
SYN-CMP-13637,SYN-U-11116,2026-07-19T17:08:18,"Payment to merchant showed failed on app, but BDT 1,200 deducted from my Upay balance.",PAYMENT,MEDIUM,TRANSACTION_OPERATIONS,RECEIVED,REFUNDED,1512,0
SYN-CMP-13638,SYN-U-19266,2026-07-19T17:12:23,Requesting official annual account statement for tax filing purposes.,OTHER,MEDIUM,DISPUTES,RECEIVED,REVERSED,398,0
SYN-CMP-13639,SYN-U-16602,2026-07-19T18:30:50,Phishing message led to account takeover and repeated cash-out attempts.,FRAUD,HIGH,FRAUD_INVESTIGATION,RECEIVED,UNBLOCK_ACCOUNT,2737,1
SYN-CMP-13640,SYN-U-10158,2026-07-19T20:14:14,"Merchant initiated refund 5 business days ago, but balance is not credited.",REFUND,LOW,DISPUTES,RECEIVED,UNBLOCK_ACCOUNT,2565,0
SYN-CMP-13641,SYN-U-18887,2026-07-19T22:22:17,SMS OTP is taking over 5 minutes to arrive during login attempt.,TECHNICAL,LOW,TECH_SUPPORT,RECEIVED,DECLINED,735,0
SYN-CMP-13642,SYN-U-13418,2026-07-19T22:29:38,Agent confirmed cash-out successful on terminal but I did not receive SMS confirmation.,CASH_OUT,MEDIUM,TRANSACTION_OPERATIONS,RECEIVED,IN_PROGRESS,1435,0
SYN-CMP-13643,SYN-U-19752,2026-07-19T23:44:39,"Merchant initiated refund 5 business days ago, but balance is not credited.",REFUND,LOW,DISPUTES,RECEIVED,REVERSED,1482,0
SYN-CMP-13644,SYN-U-12452,2026-07-20T02:42:07,"Received a scam call asking for OTP, shortly after BDT 8,500 was transferred out.",FRAUD,HIGH,FRAUD_INVESTIGATION,RECEIVED,EXPLAINED,364,0
SYN-CMP-13645,SYN-U-19312,2026-07-20T03:54:56,"Failed cash out attempt at agent, but funds debited from balance.",CASH_OUT,MEDIUM,TRANSACTION_OPERATIONS,RECEIVED,REFUNDED,434,0
SYN-CMP-13646,SYN-U-17319,2026-07-20T04:52:07,"Fund transfer to my linked commercial bank account failed, money not credited yet.",TRANSFER,LOW,TRANSACTION_OPERATIONS,RECEIVED,REVERSED,1557,0
SYN-CMP-13647,SYN-U-15617,2026-07-20T04:54:49,"Received a scam call asking for OTP, shortly after BDT 8,500 was transferred out.",FRAUD,CRITICAL,FRAUD_INVESTIGATION,RECEIVED,UNBLOCK_ACCOUNT,1649,0
SYN-CMP-13648,SYN-U-16032,2026-07-20T07:04:21,"Unauthorized send money transaction of BDT 15,000 sent from my account at 3:00 AM.",FRAUD,HIGH,FRAUD_INVESTIGATION,RECEIVED,REFUNDED,1851,0
SYN-CMP-13649,SYN-U-15294,2026-07-20T07:44:43,Bank deposit to Upay wallet via internet banking hasn't reflected after 4 hours.,TRANSFER,LOW,TRANSACTION_OPERATIONS,RECEIVED,UNBLOCK_ACCOUNT,167,0
SYN-CMP-13650,SYN-U-12564,2026-07-20T11:17:07,"Payment to merchant showed failed on app, but BDT 1,200 deducted from my Upay balance.",PAYMENT,MEDIUM,TRANSACTION_OPERATIONS,RECEIVED,DECLINED,2842,0
SYN-CMP-13651,SYN-U-12343,2026-07-20T11:50:23,"Received a scam call asking for OTP, shortly after BDT 8,500 was transferred out.",FRAUD,CRITICAL,FRAUD_INVESTIGATION,RECEIVED,EXPLAINED,2617,1
SYN-CMP-13652,SYN-U-18838,2026-07-20T12:39:37,"Accidentally transferred BDT 3,500 to a wrong mobile number.",TRANSFER,LOW,TRANSACTION_OPERATIONS,RECEIVED,REFUNDED,1796,0
SYN-CMP-13653,SYN-U-11207,2026-07-20T14:15:22,E-commerce merchant payment processed twice during checkout.,PAYMENT,MEDIUM,TRANSACTION_OPERATIONS,RECEIVED,EXPLAINED,600,0
SYN-CMP-13654,SYN-U-10167,2026-07-20T15:57:32,Bank deposit to Upay wallet via internet banking hasn't reflected after 4 hours.,TRANSFER,LOW,TRANSACTION_OPERATIONS,RECEIVED,REVERSED,2420,0
SYN-CMP-13655,SYN-U-10808,2026-07-20T18:31:11,SMS OTP is taking over 5 minutes to arrive during login attempt.,TECHNICAL,MEDIUM,TECH_SUPPORT,RECEIVED,REFUNDED,440,0
SYN-CMP-13656,SYN-U-15798,2026-07-20T19:19:12,Duplicate payment charged for the same restaurant QR transaction.,PAYMENT,LOW,TRANSACTION_OPERATIONS,RECEIVED,REFUNDED,1546,0
SYN-CMP-13657,SYN-U-11417,2026-07-20T23:19:36,App says account dormant even though I received funds two weeks ago.,ACCOUNT,MEDIUM,DISPUTES,RECEIVED,UNBLOCK_ACCOUNT,1532,0
SYN-CMP-13658,SYN-U-16546,2026-07-21T00:04:24,"Payment to merchant showed failed on app, but BDT 1,200 deducted from my Upay balance.",PAYMENT,LOW,TRANSACTION_OPERATIONS,RECEIVED,IN_PROGRESS,2873,0
SYN-CMP-13659,SYN-U-16237,2026-07-21T00:46:26,"Received a scam call asking for OTP, shortly after BDT 8,500 was transferred out.",FRAUD,CRITICAL,FRAUD_INVESTIGATION,RECEIVED,EXPLAINED,2510,0
SYN-CMP-13660,SYN-U-16612,2026-07-21T01:20:28,"Payment to merchant showed failed on app, but BDT 1,200 deducted from my Upay balance.",PAYMENT,MEDIUM,TRANSACTION_OPERATIONS,RECEIVED,REFUNDED,1234,0
SYN-CMP-13661,SYN-U-18466,2026-07-21T01:44:05,"Unauthorized send money transaction of BDT 15,000 sent from my account at 3:00 AM.",FRAUD,CRITICAL,FRAUD_INVESTIGATION,RECEIVED,EXPLAINED,715,0
SYN-CMP-13662,SYN-U-12134,2026-07-21T01:46:43,NID verification pending for more than 48 hours.,ACCOUNT,LOW,DISPUTES,RECEIVED,REFUNDED,337,0
SYN-CMP-13663,SYN-U-18428,2026-07-21T02:07:55,Phishing message led to account takeover and repeated cash-out attempts.,FRAUD,CRITICAL,FRAUD_INVESTIGATION,RECEIVED,REFUNDED,620,0
SYN-CMP-13664,SYN-U-10879,2026-07-21T02:28:09,"Merchant initiated refund 5 business days ago, but balance is not credited.",REFUND,MEDIUM,DISPUTES,RECEIVED,IN_PROGRESS,1962,0
SYN-CMP-13665,SYN-U-10875,2026-07-21T02:47:23,Biometric fingerprint login is not working on my new Android device.,ACCOUNT,LOW,DISPUTES,RECEIVED,IN_PROGRESS,223,0
SYN-CMP-13666,SYN-U-19940,2026-07-21T04:59:14,Cash-out fee charged higher than standard 1.4% rate at the agent point.,CASH_OUT,LOW,TRANSACTION_OPERATIONS,RECEIVED,EXPLAINED,382,0
SYN-CMP-13667,SYN-U-15434,2026-07-21T06:53:28,"Paid utility electricity bill through app yesterday, but bill status still shows unpaid.",PAYMENT,LOW,TRANSACTION_OPERATIONS,RECEIVED,REVERSED,2418,0
SYN-CMP-13668,SYN-U-16232,2026-07-21T07:14:25,Requesting official annual account statement for tax filing purposes.,OTHER,LOW,DISPUTES,RECEIVED,REFUNDED,548,0
SYN-CMP-13669,SYN-U-11929,2026-07-21T07:51:17,"Fund transfer to my linked commercial bank account failed, money not credited yet.",TRANSFER,LOW,TRANSACTION_OPERATIONS,RECEIVED,EXPLAINED,2792,0
SYN-CMP-13670,SYN-U-17768,2026-07-21T07:59:19,Card charged USD 45.00 for an online software transaction that I cancelled.,CARD,MEDIUM,CARD_SERVICES,RECEIVED,REVERSED,117,0
SYN-CMP-13671,SYN-U-19455,2026-07-21T08:11:16,Partial refund received instead of full transaction amount.,REFUND,LOW,DISPUTES,RECEIVED,REFUNDED,1514,0
SYN-CMP-13672,SYN-U-14759,2026-07-21T09:04:41,Cash-out fee charged higher than standard 1.4% rate at the agent point.,CASH_OUT,LOW,TRANSACTION_OPERATIONS,RECEIVED,REFUNDED,465,0
SYN-CMP-13673,SYN-U-19612,2026-07-21T09:44:25,Cash-out fee charged higher than standard 1.4% rate at the agent point.,CASH_OUT,LOW,TRANSACTION_OPERATIONS,RECEIVED,REFUNDED,454,0
SYN-CMP-13674,SYN-U-15061,2026-07-21T12:01:46,Money was deducted from my account but the grocery merchant did not receive payment confirmation.,PAYMENT,MEDIUM,TRANSACTION_OPERATIONS,RECEIVED,EXPLAINED,2837,0
SYN-CMP-13675,SYN-U-15548,2026-07-21T13:06:43,Cancelled e-commerce order refund amount is missing BDT 250 processing fee.,REFUND,LOW,DISPUTES,RECEIVED,REFUNDED,2371,0
SYN-CMP-13676,SYN-U-12891,2026-07-21T13:32:51,Cash-out fee charged higher than standard 1.4% rate at the agent point.,CASH_OUT,MEDIUM,TRANSACTION_OPERATIONS,RECEIVED,EXPLAINED,1291,0
SYN-CMP-13677,SYN-U-14233,2026-07-21T14:46:40,My account has been temporarily restricted after entering wrong PIN 3 times.,ACCOUNT,LOW,DISPUTES,RECEIVED,EXPLAINED,1101,0
SYN-CMP-13678,SYN-U-11180,2026-07-21T14:52:29,"Merchant initiated refund 5 business days ago, but balance is not credited.",REFUND,LOW,DISPUTES,RECEIVED,REVERSED,2220,0
SYN-CMP-13679,SYN-U-15836,2026-07-21T18:08:22,Requesting official annual account statement for tax filing purposes.,OTHER,LOW,DISPUTES,RECEIVED,REFUNDED,2448,0
SYN-CMP-13680,SYN-U-17394,2026-07-21T19:09:44,Unable to update my registered primary phone number and email in settings.,ACCOUNT,MEDIUM,DISPUTES,RECEIVED,EXPLAINED,601,0
SYN-CMP-13681,SYN-U-15941,2026-07-21T19:16:20,App says account dormant even though I received funds two weeks ago.,ACCOUNT,LOW,DISPUTES,RECEIVED,EXPLAINED,1969,0
SYN-CMP-13682,SYN-U-10286,2026-07-21T20:36:16,"Payment to merchant showed failed on app, but BDT 1,200 deducted from my Upay balance.",PAYMENT,LOW,TRANSACTION_OPERATIONS,RECEIVED,REFUNDED,751,0
SYN-CMP-13683,SYN-U-17592,2026-07-21T22:14:07,SMS OTP is taking over 5 minutes to arrive during login attempt.,TECHNICAL,LOW,TECH_SUPPORT,RECEIVED,REFUNDED,2278,0
SYN-CMP-13684,SYN-U-18503,2026-07-21T23:53:31,"Accidentally transferred BDT 3,500 to a wrong mobile number.",TRANSFER,LOW,TRANSACTION_OPERATIONS,RECEIVED,EXPLAINED,2640,0
SYN-CMP-13685,SYN-U-16117,2026-07-22T00:16:49,"Payment to merchant showed failed on app, but BDT 1,200 deducted from my Upay balance.",PAYMENT,MEDIUM,TRANSACTION_OPERATIONS,RECEIVED,REFUNDED,1006,0
SYN-CMP-13686,SYN-U-10462,2026-07-22T02:02:10,Card charged USD 45.00 for an online software transaction that I cancelled.,CARD,MEDIUM,CARD_SERVICES,RECEIVED,REFUNDED,2862,0
SYN-CMP-13687,SYN-U-19844,2026-07-22T02:44:36,"Accidentally transferred BDT 3,500 to a wrong mobile number.",TRANSFER,LOW,TRANSACTION_OPERATIONS,RECEIVED,UNBLOCK_ACCOUNT,1390,0
SYN-CMP-13688,SYN-U-16340,2026-07-22T04:18:17,Agent confirmed cash-out successful on terminal but I did not receive SMS confirmation.,CASH_OUT,LOW,TRANSACTION_OPERATIONS,RECEIVED,EXPLAINED,548,0
SYN-CMP-13689,SYN-U-16256,2026-07-22T04:38:42,Phishing message led to account takeover and repeated cash-out attempts.,FRAUD,CRITICAL,FRAUD_INVESTIGATION,RECEIVED,IN_PROGRESS,507,1
SYN-CMP-13690,SYN-U-18381,2026-07-22T04:52:07,"Merchant initiated refund 5 business days ago, but balance is not credited.",REFUND,LOW,DISPUTES,RECEIVED,DECLINED,1797,0
SYN-CMP-13691,SYN-U-12419,2026-07-22T06:39:11,E-commerce merchant payment processed twice during checkout.,PAYMENT,MEDIUM,TRANSACTION_OPERATIONS,RECEIVED,EXPLAINED,2449,0
SYN-CMP-13692,SYN-U-12615,2026-07-22T06:48:42,My PIN was compromised and unauthorized funds were transferred to an unknown number.,FRAUD,CRITICAL,FRAUD_INVESTIGATION,RECEIVED,EXPLAINED,2066,1
SYN-CMP-13693,SYN-U-16214,2026-07-22T06:58:33,Money was deducted from my account but the grocery merchant did not receive payment confirmation.,PAYMENT,MEDIUM,TRANSACTION_OPERATIONS,RECEIVED,EXPLAINED,287,0
SYN-CMP-13694,SYN-U-12019,2026-07-22T09:11:11,"Paid utility electricity bill through app yesterday, but bill status still shows unpaid.",PAYMENT,HIGH,TRANSACTION_OPERATIONS,RECEIVED,DECLINED,2302,0
SYN-CMP-13695,SYN-U-13939,2026-07-22T09:51:21,Phishing message led to account takeover and repeated cash-out attempts.,FRAUD,CRITICAL,FRAUD_INVESTIGATION,RECEIVED,UNBLOCK_ACCOUNT,2454,0
SYN-CMP-13696,SYN-U-14080,2026-07-22T10:27:35,"Paid utility electricity bill through app yesterday, but bill status still shows unpaid.",PAYMENT,MEDIUM,TRANSACTION_OPERATIONS,RECEIVED,IN_PROGRESS,1369,0
SYN-CMP-13697,SYN-U-18298,2026-07-22T10:31:52,Partial refund received instead of full transaction amount.,REFUND,LOW,DISPUTES,RECEIVED,UNBLOCK_ACCOUNT,2654,0
SYN-CMP-13698,SYN-U-19474,2026-07-22T11:11:26,Duplicate payment charged for the same restaurant QR transaction.,PAYMENT,MEDIUM,TRANSACTION_OPERATIONS,RECEIVED,REFUNDED,107,0
SYN-CMP-13699,SYN-U-13709,2026-07-22T12:09:41,"Fund transfer to my linked commercial bank account failed, money not credited yet.",TRANSFER,LOW,TRANSACTION_OPERATIONS,RECEIVED,REFUNDED,1509,0
SYN-CMP-13700,SYN-U-16895,2026-07-22T12:17:50,E-commerce merchant payment processed twice during checkout.,PAYMENT,MEDIUM,TRANSACTION_OPERATIONS,RECEIVED,UNBLOCK_ACCOUNT,2083,0
SYN-CMP-13701,SYN-U-14853,2026-07-22T12:58:14,Phishing message led to account takeover and repeated cash-out attempts.,FRAUD,HIGH,FRAUD_INVESTIGATION,RECEIVED,REFUNDED,1758,1
SYN-CMP-13702,SYN-U-19110,2026-07-22T13:13:19,Biometric fingerprint login is not working on my new Android device.,ACCOUNT,LOW,DISPUTES,RECEIVED,REFUNDED,1222,0
SYN-CMP-13703,SYN-U-10798,2026-07-22T13:32:33,"Unauthorized send money transaction of BDT 15,000 sent from my account at 3:00 AM.",FRAUD,CRITICAL,FRAUD_INVESTIGATION,RECEIVED,EXPLAINED,2785,0
SYN-CMP-13704,SYN-U-10222,2026-07-22T13:47:40,Inquiry regarding upcoming Eid merchant promo discounts.,OTHER,LOW,DISPUTES,RECEIVED,DECLINED,1453,0
SYN-CMP-13705,SYN-U-17148,2026-07-22T14:06:24,E-commerce merchant payment processed twice during checkout.,PAYMENT,LOW,TRANSACTION_OPERATIONS,RECEIVED,REFUNDED,2603,0
SYN-CMP-13706,SYN-U-14673,2026-07-22T16:19:54,"Received a scam call asking for OTP, shortly after BDT 8,500 was transferred out.",FRAUD,HIGH,FRAUD_INVESTIGATION,RECEIVED,REFUNDED,1399,1
SYN-CMP-13707,SYN-U-14152,2026-07-22T18:08:28,"Payment to merchant showed failed on app, but BDT 1,200 deducted from my Upay balance.",PAYMENT,MEDIUM,TRANSACTION_OPERATIONS,RECEIVED,REFUNDED,2659,0
SYN-CMP-13708,SYN-U-14987,2026-07-22T19:00:14,Inter-wallet transfer delayed during peak evening banking clearing hour.,TRANSFER,LOW,TRANSACTION_OPERATIONS,RECEIVED,UNBLOCK_ACCOUNT,1894,0
SYN-CMP-13709,SYN-U-19588,2026-07-22T19:41:36,Agent deducted fee but the cash-out transaction timed out without dispensing cash.,CASH_OUT,LOW,TRANSACTION_OPERATIONS,RECEIVED,REFUNDED,59,0
SYN-CMP-13710,SYN-U-19604,2026-07-22T20:10:14,My virtual dual-currency card was declined while making an international subscription payment.,CARD,MEDIUM,CARD_SERVICES,RECEIVED,REFUNDED,1247,0
SYN-CMP-13711,SYN-U-15364,2026-07-22T21:03:36,Need clarification on loyalty reward cashback points calculation.,OTHER,MEDIUM,DISPUTES,RECEIVED,IN_PROGRESS,1841,0
SYN-CMP-13712,SYN-U-16836,2026-07-22T23:54:00,"Paid utility electricity bill through app yesterday, but bill status still shows unpaid.",PAYMENT,MEDIUM,TRANSACTION_OPERATIONS,RECEIVED,REFUNDED,1956,0
SYN-CMP-13713,SYN-U-14559,2026-07-23T00:02:55,International online transaction toggle keeps turning off automatically in settings.,CARD,LOW,CARD_SERVICES,RECEIVED,REFUNDED,2077,0
SYN-CMP-13714,SYN-U-15593,2026-07-23T00:26:38,"Payment to merchant showed failed on app, but BDT 1,200 deducted from my Upay balance.",PAYMENT,MEDIUM,TRANSACTION_OPERATIONS,RECEIVED,EXPLAINED,1602,0
SYN-CMP-13715,SYN-U-19116,2026-07-23T01:11:35,Need clarification on loyalty reward cashback points calculation.,OTHER,MEDIUM,DISPUTES,RECEIVED,REFUNDED,1414,0
SYN-CMP-13716,SYN-U-16054,2026-07-23T01:56:10,Biometric fingerprint login is not working on my new Android device.,ACCOUNT,LOW,DISPUTES,RECEIVED,REFUNDED,1527,0
SYN-CMP-13717,SYN-U-19097,2026-07-23T03:19:11,Unable to update my registered primary phone number and email in settings.,ACCOUNT,MEDIUM,DISPUTES,RECEIVED,REFUNDED,1675,0
SYN-CMP-13718,SYN-U-12041,2026-07-23T04:03:52,International online transaction toggle keeps turning off automatically in settings.,CARD,HIGH,CARD_SERVICES,RECEIVED,REFUNDED,2863,0
SYN-CMP-13719,SYN-U-13810,2026-07-23T06:15:53,Network connection error occurred during transaction processing screen.,TECHNICAL,LOW,TECH_SUPPORT,RECEIVED,REFUNDED,25,0
SYN-CMP-13720,SYN-U-15344,2026-07-23T06:34:18,My PIN was compromised and unauthorized funds were transferred to an unknown number.,FRAUD,HIGH,FRAUD_INVESTIGATION,RECEIVED,UNBLOCK_ACCOUNT,57,0
SYN-CMP-13721,SYN-U-10935,2026-07-23T07:44:50,Partial refund received instead of full transaction amount.,REFUND,LOW,DISPUTES,RECEIVED,REFUNDED,2019,0
SYN-CMP-13722,SYN-U-13228,2026-07-23T08:12:17,Partial refund received instead of full transaction amount.,REFUND,MEDIUM,DISPUTES,RECEIVED,REFUNDED,986,0
SYN-CMP-13723,SYN-U-13261,2026-07-23T08:35:10,E-commerce merchant payment processed twice during checkout.,PAYMENT,MEDIUM,TRANSACTION_OPERATIONS,RECEIVED,EXPLAINED,339,0
SYN-CMP-13724,SYN-U-17217,2026-07-23T08:55:22,Agent confirmed cash-out successful on terminal but I did not receive SMS confirmation.,CASH_OUT,LOW,TRANSACTION_OPERATIONS,RECEIVED,REFUNDED,2054,0
SYN-CMP-13725,SYN-U-12787,2026-07-23T12:19:30,Money was deducted from my account but the grocery merchant did not receive payment confirmation.,PAYMENT,MEDIUM,TRANSACTION_OPERATIONS,RECEIVED,IN_PROGRESS,465,0
SYN-CMP-13726,SYN-U-10650,2026-07-23T15:10:07,Bank deposit to Upay wallet via internet banking hasn't reflected after 4 hours.,TRANSFER,LOW,TRANSACTION_OPERATIONS,RECEIVED,IN_PROGRESS,451,0
SYN-CMP-13727,SYN-U-18191,2026-07-23T15:36:42,App says account dormant even though I received funds two weeks ago.,ACCOUNT,LOW,DISPUTES,RECEIVED,REVERSED,2820,0
SYN-CMP-13728,SYN-U-11651,2026-07-23T16:09:38,"Payment to merchant showed failed on app, but BDT 1,200 deducted from my Upay balance.",PAYMENT,MEDIUM,TRANSACTION_OPERATIONS,RECEIVED,DECLINED,395,0
SYN-CMP-13729,SYN-U-19943,2026-07-23T16:32:50,"Suspicious login notification received from unfamiliar device, someone tried to cash out.",FRAUD,CRITICAL,FRAUD_INVESTIGATION,RECEIVED,REFUNDED,617,1
SYN-CMP-13730,SYN-U-10853,2026-07-23T17:22:44,Phishing message led to account takeover and repeated cash-out attempts.,FRAUD,HIGH,FRAUD_INVESTIGATION,RECEIVED,REVERSED,1415,0
SYN-CMP-13731,SYN-U-12641,2026-07-23T18:24:43,Money was deducted from my account but the grocery merchant did not receive payment confirmation.,PAYMENT,MEDIUM,TRANSACTION_OPERATIONS,RECEIVED,REFUNDED,1901,0
SYN-CMP-13732,SYN-U-10885,2026-07-23T18:52:50,NID verification pending for more than 48 hours.,ACCOUNT,LOW,DISPUTES,RECEIVED,EXPLAINED,2309,0
SYN-CMP-13733,SYN-U-14239,2026-07-23T19:59:47,Cancelled e-commerce order refund amount is missing BDT 250 processing fee.,REFUND,MEDIUM,DISPUTES,RECEIVED,EXPLAINED,2862,0
SYN-CMP-13734,SYN-U-13595,2026-07-23T20:19:21,E-commerce merchant payment processed twice during checkout.,PAYMENT,MEDIUM,TRANSACTION_OPERATIONS,RECEIVED,REFUNDED,1756,0
SYN-CMP-13735,SYN-U-11225,2026-07-24T01:01:40,Inter-wallet transfer delayed during peak evening banking clearing hour.,TRANSFER,LOW,TRANSACTION_OPERATIONS,RECEIVED,REFUNDED,364,0
SYN-CMP-13736,SYN-U-11094,2026-07-24T01:46:57,"Paid utility electricity bill through app yesterday, but bill status still shows unpaid.",PAYMENT,MEDIUM,TRANSACTION_OPERATIONS,RECEIVED,REFUNDED,1427,0
SYN-CMP-13737,SYN-U-16219,2026-07-24T03:07:58,My PIN was compromised and unauthorized funds were transferred to an unknown number.,FRAUD,CRITICAL,FRAUD_INVESTIGATION,RECEIVED,REFUNDED,1573,1
SYN-CMP-13738,SYN-U-18054,2026-07-24T03:11:31,"Payment to merchant showed failed on app, but BDT 1,200 deducted from my Upay balance.",PAYMENT,MEDIUM,TRANSACTION_OPERATIONS,RECEIVED,REFUNDED,2017,0
SYN-CMP-13739,SYN-U-19222,2026-07-24T03:43:37,Biometric fingerprint login is not working on my new Android device.,ACCOUNT,LOW,DISPUTES,RECEIVED,DECLINED,1946,0
SYN-CMP-13740,SYN-U-16064,2026-07-24T03:49:58,Phishing message led to account takeover and repeated cash-out attempts.,FRAUD,CRITICAL,FRAUD_INVESTIGATION,RECEIVED,IN_PROGRESS,1253,0
SYN-CMP-13741,SYN-U-10051,2026-07-24T05:01:28,Bank deposit to Upay wallet via internet banking hasn't reflected after 4 hours.,TRANSFER,LOW,TRANSACTION_OPERATIONS,RECEIVED,REFUNDED,2837,0
SYN-CMP-13742,SYN-U-17743,2026-07-24T06:04:51,E-commerce merchant payment processed twice during checkout.,PAYMENT,MEDIUM,TRANSACTION_OPERATIONS,RECEIVED,EXPLAINED,2389,0
SYN-CMP-13743,SYN-U-15230,2026-07-24T06:29:29,"Fund transfer to my linked commercial bank account failed, money not credited yet.",TRANSFER,LOW,TRANSACTION_OPERATIONS,RECEIVED,IN_PROGRESS,222,0
SYN-CMP-13744,SYN-U-11413,2026-07-24T09:19:32,Requesting official annual account statement for tax filing purposes.,OTHER,LOW,DISPUTES,RECEIVED,EXPLAINED,676,0
SYN-CMP-13745,SYN-U-14029,2026-07-24T11:26:07,Money was deducted from my account but the grocery merchant did not receive payment confirmation.,PAYMENT,MEDIUM,TRANSACTION_OPERATIONS,RECEIVED,REFUNDED,1522,0
SYN-CMP-13746,SYN-U-19844,2026-07-24T14:18:42,My account has been temporarily restricted after entering wrong PIN 3 times.,ACCOUNT,LOW,DISPUTES,RECEIVED,EXPLAINED,1551,0
SYN-CMP-13747,SYN-U-12705,2026-07-24T14:51:20,"Suspicious login notification received from unfamiliar device, someone tried to cash out.",FRAUD,HIGH,FRAUD_INVESTIGATION,RECEIVED,DECLINED,351,0
SYN-CMP-13748,SYN-U-15939,2026-07-24T15:03:44,Agent confirmed cash-out successful on terminal but I did not receive SMS confirmation.,CASH_OUT,LOW,TRANSACTION_OPERATIONS,RECEIVED,EXPLAINED,2627,0
SYN-CMP-13749,SYN-U-12937,2026-07-24T17:34:01,Partial refund received instead of full transaction amount.,REFUND,MEDIUM,DISPUTES,RECEIVED,EXPLAINED,293,0
SYN-CMP-13750,SYN-U-16979,2026-07-24T17:53:39,Requesting official annual account statement for tax filing purposes.,OTHER,MEDIUM,DISPUTES,RECEIVED,EXPLAINED,2871,0
SYN-CMP-13751,SYN-U-18660,2026-07-24T18:44:32,SMS OTP is taking over 5 minutes to arrive during login attempt.,TECHNICAL,LOW,TECH_SUPPORT,RECEIVED,IN_PROGRESS,1269,0
SYN-CMP-13752,SYN-U-10658,2026-07-24T19:51:05,"Suspicious login notification received from unfamiliar device, someone tried to cash out.",FRAUD,CRITICAL,FRAUD_INVESTIGATION,RECEIVED,REFUNDED,1409,1
SYN-CMP-13753,SYN-U-10135,2026-07-24T22:29:51,"Merchant initiated refund 5 business days ago, but balance is not credited.",REFUND,LOW,DISPUTES,RECEIVED,REVERSED,333,0
SYN-CMP-13754,SYN-U-19756,2026-07-25T00:20:31,"Paid utility electricity bill through app yesterday, but bill status still shows unpaid.",PAYMENT,MEDIUM,TRANSACTION_OPERATIONS,RECEIVED,EXPLAINED,1724,0
SYN-CMP-13755,SYN-U-15144,2026-07-25T05:35:10,"Merchant initiated refund 5 business days ago, but balance is not credited.",REFUND,LOW,DISPUTES,RECEIVED,REFUNDED,1728,0
SYN-CMP-13756,SYN-U-17031,2026-07-25T06:32:13,Inter-wallet transfer delayed during peak evening banking clearing hour.,TRANSFER,LOW,TRANSACTION_OPERATIONS,RECEIVED,EXPLAINED,2114,0
SYN-CMP-13757,SYN-U-10302,2026-07-25T08:16:04,"Paid utility electricity bill through app yesterday, but bill status still shows unpaid.",PAYMENT,MEDIUM,TRANSACTION_OPERATIONS,RECEIVED,UNBLOCK_ACCOUNT,1064,0
SYN-CMP-13758,SYN-U-15810,2026-07-25T10:58:11,Agent deducted fee but the cash-out transaction timed out without dispensing cash.,CASH_OUT,MEDIUM,TRANSACTION_OPERATIONS,RECEIVED,REVERSED,2543,0
SYN-CMP-13759,SYN-U-15699,2026-07-25T12:06:03,Duplicate payment charged for the same restaurant QR transaction.,PAYMENT,MEDIUM,TRANSACTION_OPERATIONS,RECEIVED,REFUNDED,1273,0
SYN-CMP-13760,SYN-U-10160,2026-07-25T12:56:32,Unable to update my registered primary phone number and email in settings.,ACCOUNT,LOW,DISPUTES,RECEIVED,DECLINED,1199,0
SYN-CMP-13761,SYN-U-14579,2026-07-25T12:58:22,My account has been temporarily restricted after entering wrong PIN 3 times.,ACCOUNT,LOW,DISPUTES,RECEIVED,REFUNDED,423,0
SYN-CMP-13762,SYN-U-12523,2026-07-25T14:18:05,"Unauthorized send money transaction of BDT 15,000 sent from my account at 3:00 AM.",FRAUD,CRITICAL,FRAUD_INVESTIGATION,RECEIVED,DECLINED,29,1
SYN-CMP-13763,SYN-U-12499,2026-07-25T15:15:44,Unable to update my registered primary phone number and email in settings.,ACCOUNT,LOW,DISPUTES,RECEIVED,UNBLOCK_ACCOUNT,515,0
SYN-CMP-13764,SYN-U-13252,2026-07-25T15:19:53,"Merchant initiated refund 5 business days ago, but balance is not credited.",REFUND,MEDIUM,DISPUTES,RECEIVED,REFUNDED,742,0
SYN-CMP-13765,SYN-U-12271,2026-07-25T16:43:53,E-commerce merchant payment processed twice during checkout.,PAYMENT,MEDIUM,TRANSACTION_OPERATIONS,RECEIVED,UNBLOCK_ACCOUNT,2810,0
SYN-CMP-13766,SYN-U-14302,2026-07-25T17:19:25,Cancelled e-commerce order refund amount is missing BDT 250 processing fee.,REFUND,MEDIUM,DISPUTES,RECEIVED,EXPLAINED,296,0
SYN-CMP-13767,SYN-U-14101,2026-07-25T18:10:54,Inquiry regarding upcoming Eid merchant promo discounts.,OTHER,MEDIUM,DISPUTES,RECEIVED,REFUNDED,821,0
SYN-CMP-13768,SYN-U-13105,2026-07-25T19:12:32,Cash-out fee charged higher than standard 1.4% rate at the agent point.,CASH_OUT,LOW,TRANSACTION_OPERATIONS,RECEIVED,REFUNDED,1032,0
SYN-CMP-13769,SYN-U-16733,2026-07-25T20:10:13,Want to temporarily freeze my physical card due to lost wallet.,CARD,MEDIUM,CARD_SERVICES,RECEIVED,IN_PROGRESS,286,0
SYN-CMP-13770,SYN-U-16623,2026-07-25T22:10:28,"Received a scam call asking for OTP, shortly after BDT 8,500 was transferred out.",FRAUD,HIGH,FRAUD_INVESTIGATION,RECEIVED,REVERSED,2401,0
SYN-CMP-13771,SYN-U-15056,2026-07-25T23:01:39,Phishing message led to account takeover and repeated cash-out attempts.,FRAUD,HIGH,FRAUD_INVESTIGATION,RECEIVED,REVERSED,193,0
SYN-CMP-13772,SYN-U-15002,2026-07-26T00:19:20,E-commerce merchant payment processed twice during checkout.,PAYMENT,MEDIUM,TRANSACTION_OPERATIONS,RECEIVED,IN_PROGRESS,716,0
SYN-CMP-13773,SYN-U-11291,2026-07-26T00:27:51,My account has been temporarily restricted after entering wrong PIN 3 times.,ACCOUNT,MEDIUM,DISPUTES,RECEIVED,REFUNDED,2330,0
SYN-CMP-13774,SYN-U-13639,2026-07-26T00:42:48,Cash-out fee charged higher than standard 1.4% rate at the agent point.,CASH_OUT,LOW,TRANSACTION_OPERATIONS,RECEIVED,EXPLAINED,1074,0
SYN-CMP-13775,SYN-U-18915,2026-07-26T01:58:53,Requesting official annual account statement for tax filing purposes.,OTHER,LOW,DISPUTES,RECEIVED,REFUNDED,1242,0
SYN-CMP-13776,SYN-U-13996,2026-07-26T02:02:19,Card charged USD 45.00 for an online software transaction that I cancelled.,CARD,LOW,CARD_SERVICES,RECEIVED,EXPLAINED,978,0
SYN-CMP-13777,SYN-U-18407,2026-07-26T02:19:06,App says account dormant even though I received funds two weeks ago.,ACCOUNT,MEDIUM,DISPUTES,RECEIVED,REFUNDED,2030,0
SYN-CMP-13778,SYN-U-10272,2026-07-26T02:23:03,My PIN was compromised and unauthorized funds were transferred to an unknown number.,FRAUD,CRITICAL,FRAUD_INVESTIGATION,RECEIVED,UNBLOCK_ACCOUNT,322,0
SYN-CMP-13779,SYN-U-11913,2026-07-26T02:49:26,Phishing message led to account takeover and repeated cash-out attempts.,FRAUD,HIGH,FRAUD_INVESTIGATION,RECEIVED,REFUNDED,1869,1
SYN-CMP-13780,SYN-U-18152,2026-07-26T03:24:17,"Paid utility electricity bill through app yesterday, but bill status still shows unpaid.",PAYMENT,MEDIUM,TRANSACTION_OPERATIONS,RECEIVED,DECLINED,2227,0
SYN-CMP-13781,SYN-U-10718,2026-07-26T05:54:21,"Paid utility electricity bill through app yesterday, but bill status still shows unpaid.",PAYMENT,LOW,TRANSACTION_OPERATIONS,RECEIVED,REFUNDED,2871,0
SYN-CMP-13782,SYN-U-19022,2026-07-26T07:31:36,NID verification pending for more than 48 hours.,ACCOUNT,LOW,DISPUTES,RECEIVED,EXPLAINED,2773,0
SYN-CMP-13783,SYN-U-11127,2026-07-26T07:38:32,Card charged USD 45.00 for an online software transaction that I cancelled.,CARD,MEDIUM,CARD_SERVICES,RECEIVED,REVERSED,2779,0
SYN-CMP-13784,SYN-U-18824,2026-07-26T08:02:55,"Paid utility electricity bill through app yesterday, but bill status still shows unpaid.",PAYMENT,LOW,TRANSACTION_OPERATIONS,RECEIVED,REFUNDED,1305,0
SYN-CMP-13785,SYN-U-17467,2026-07-26T10:58:41,E-commerce merchant payment processed twice during checkout.,PAYMENT,MEDIUM,TRANSACTION_OPERATIONS,RECEIVED,REFUNDED,2776,0
SYN-CMP-13786,SYN-U-16885,2026-07-26T12:56:31,My virtual dual-currency card was declined while making an international subscription payment.,CARD,HIGH,CARD_SERVICES,RECEIVED,REVERSED,973,0
SYN-CMP-13787,SYN-U-13814,2026-07-26T14:24:23,My PIN was compromised and unauthorized funds were transferred to an unknown number.,FRAUD,CRITICAL,FRAUD_INVESTIGATION,RECEIVED,REFUNDED,2011,0
SYN-CMP-13788,SYN-U-11246,2026-07-26T16:01:35,E-commerce merchant payment processed twice during checkout.,PAYMENT,MEDIUM,TRANSACTION_OPERATIONS,RECEIVED,REFUNDED,1232,0
SYN-CMP-13789,SYN-U-12948,2026-07-26T16:20:19,"Merchant initiated refund 5 business days ago, but balance is not credited.",REFUND,MEDIUM,DISPUTES,RECEIVED,REFUNDED,2309,0
SYN-CMP-13790,SYN-U-12661,2026-07-26T16:42:26,E-commerce merchant payment processed twice during checkout.,PAYMENT,MEDIUM,TRANSACTION_OPERATIONS,RECEIVED,EXPLAINED,2060,0
SYN-CMP-13791,SYN-U-17899,2026-07-26T18:25:05,"Paid utility electricity bill through app yesterday, but bill status still shows unpaid.",PAYMENT,LOW,TRANSACTION_OPERATIONS,RECEIVED,IN_PROGRESS,2648,0
SYN-CMP-13792,SYN-U-14227,2026-07-26T19:00:29,"Fund transfer to my linked commercial bank account failed, money not credited yet.",TRANSFER,LOW,TRANSACTION_OPERATIONS,RECEIVED,EXPLAINED,1820,0
SYN-CMP-13793,SYN-U-18265,2026-07-26T19:35:49,SMS OTP is taking over 5 minutes to arrive during login attempt.,TECHNICAL,LOW,TECH_SUPPORT,RECEIVED,REVERSED,536,0
SYN-CMP-13794,SYN-U-19633,2026-07-26T20:29:10,"Merchant initiated refund 5 business days ago, but balance is not credited.",REFUND,LOW,DISPUTES,RECEIVED,REFUNDED,1600,0
SYN-CMP-13795,SYN-U-18955,2026-07-26T20:53:42,My PIN was compromised and unauthorized funds were transferred to an unknown number.,FRAUD,CRITICAL,FRAUD_INVESTIGATION,RECEIVED,REFUNDED,2612,1
SYN-CMP-13796,SYN-U-15586,2026-07-26T21:03:56,"Payment to merchant showed failed on app, but BDT 1,200 deducted from my Upay balance.",PAYMENT,MEDIUM,TRANSACTION_OPERATIONS,RECEIVED,DECLINED,66,0
SYN-CMP-13797,SYN-U-16850,2026-07-26T22:55:44,International online transaction toggle keeps turning off automatically in settings.,CARD,MEDIUM,CARD_SERVICES,RECEIVED,REFUNDED,1119,0
SYN-CMP-13798,SYN-U-12187,2026-07-27T02:24:07,"Payment to merchant showed failed on app, but BDT 1,200 deducted from my Upay balance.",PAYMENT,HIGH,TRANSACTION_OPERATIONS,RECEIVED,REFUNDED,2806,0
SYN-CMP-13799,SYN-U-14411,2026-07-27T02:26:46,Cash-out fee charged higher than standard 1.4% rate at the agent point.,CASH_OUT,LOW,TRANSACTION_OPERATIONS,RECEIVED,UNBLOCK_ACCOUNT,1772,0
SYN-CMP-13800,SYN-U-10168,2026-07-27T03:49:58,Phishing message led to account takeover and repeated cash-out attempts.,FRAUD,CRITICAL,FRAUD_INVESTIGATION,RECEIVED,EXPLAINED,2212,1
SYN-CMP-13801,SYN-U-18453,2026-07-27T04:22:48,"Payment to merchant showed failed on app, but BDT 1,200 deducted from my Upay balance.",PAYMENT,MEDIUM,TRANSACTION_OPERATIONS,RECEIVED,REFUNDED,123,0
SYN-CMP-13802,SYN-U-15218,2026-07-27T04:45:54,Agent confirmed cash-out successful on terminal but I did not receive SMS confirmation.,CASH_OUT,LOW,TRANSACTION_OPERATIONS,RECEIVED,IN_PROGRESS,415,0
SYN-CMP-13803,SYN-U-14094,2026-07-27T04:50:14,My account has been temporarily restricted after entering wrong PIN 3 times.,ACCOUNT,LOW,DISPUTES,RECEIVED,EXPLAINED,732,0
SYN-CMP-13804,SYN-U-14435,2026-07-27T08:59:05,My PIN was compromised and unauthorized funds were transferred to an unknown number.,FRAUD,HIGH,FRAUD_INVESTIGATION,RECEIVED,REFUNDED,2870,1
SYN-CMP-13805,SYN-U-18956,2026-07-27T09:11:59,"Accidentally transferred BDT 3,500 to a wrong mobile number.",TRANSFER,LOW,TRANSACTION_OPERATIONS,RECEIVED,REVERSED,2610,0
SYN-CMP-13806,SYN-U-18265,2026-07-27T12:06:27,Biometric fingerprint login is not working on my new Android device.,ACCOUNT,LOW,DISPUTES,RECEIVED,REFUNDED,576,0
SYN-CMP-13807,SYN-U-18690,2026-07-27T13:31:31,App says account dormant even though I received funds two weeks ago.,ACCOUNT,LOW,DISPUTES,RECEIVED,EXPLAINED,1663,0
SYN-CMP-13808,SYN-U-12224,2026-07-27T15:24:12,"Received a scam call asking for OTP, shortly after BDT 8,500 was transferred out.",FRAUD,CRITICAL,FRAUD_INVESTIGATION,RECEIVED,REFUNDED,1441,1
SYN-CMP-13809,SYN-U-17624,2026-07-27T16:18:53,Bank deposit to Upay wallet via internet banking hasn't reflected after 4 hours.,TRANSFER,MEDIUM,TRANSACTION_OPERATIONS,RECEIVED,IN_PROGRESS,193,0
SYN-CMP-13810,SYN-U-13440,2026-07-27T17:31:40,App says account dormant even though I received funds two weeks ago.,ACCOUNT,LOW,DISPUTES,RECEIVED,REFUNDED,948,0
SYN-CMP-13811,SYN-U-12153,2026-07-27T22:18:27,Money was deducted from my account but the grocery merchant did not receive payment confirmation.,PAYMENT,LOW,TRANSACTION_OPERATIONS,RECEIVED,REFUNDED,1605,0
SYN-CMP-13812,SYN-U-16344,2026-07-27T22:34:37,My PIN was compromised and unauthorized funds were transferred to an unknown number.,FRAUD,CRITICAL,FRAUD_INVESTIGATION,RECEIVED,IN_PROGRESS,182,0
SYN-CMP-13813,SYN-U-19645,2026-07-27T22:44:03,Inquiry regarding upcoming Eid merchant promo discounts.,OTHER,MEDIUM,DISPUTES,RECEIVED,REFUNDED,2773,0
SYN-CMP-13814,SYN-U-12740,2026-07-27T23:59:58,E-commerce merchant payment processed twice during checkout.,PAYMENT,MEDIUM,TRANSACTION_OPERATIONS,RECEIVED,DECLINED,583,0
SYN-CMP-13815,SYN-U-13771,2026-07-28T00:41:41,My virtual dual-currency card was declined while making an international subscription payment.,CARD,HIGH,CARD_SERVICES,RECEIVED,IN_PROGRESS,2761,0
SYN-CMP-13816,SYN-U-16960,2026-07-28T01:54:42,"Unauthorized send money transaction of BDT 15,000 sent from my account at 3:00 AM.",FRAUD,CRITICAL,FRAUD_INVESTIGATION,RECEIVED,EXPLAINED,2112,0
SYN-CMP-13817,SYN-U-13585,2026-07-28T03:34:05,Need clarification on loyalty reward cashback points calculation.,OTHER,LOW,DISPUTES,RECEIVED,UNBLOCK_ACCOUNT,1928,0
SYN-CMP-13818,SYN-U-13081,2026-07-28T06:02:37,Money was deducted from my account but the grocery merchant did not receive payment confirmation.,PAYMENT,HIGH,TRANSACTION_OPERATIONS,RECEIVED,IN_PROGRESS,2308,0
SYN-CMP-13819,SYN-U-14298,2026-07-28T07:43:54,"Payment to merchant showed failed on app, but BDT 1,200 deducted from my Upay balance.",PAYMENT,HIGH,TRANSACTION_OPERATIONS,RECEIVED,EXPLAINED,2295,0
SYN-CMP-13820,SYN-U-18327,2026-07-28T08:25:11,NID verification pending for more than 48 hours.,ACCOUNT,MEDIUM,DISPUTES,RECEIVED,UNBLOCK_ACCOUNT,946,0
SYN-CMP-13821,SYN-U-15963,2026-07-28T16:10:15,Inter-wallet transfer delayed during peak evening banking clearing hour.,TRANSFER,LOW,TRANSACTION_OPERATIONS,RECEIVED,IN_PROGRESS,584,0
SYN-CMP-13822,SYN-U-16333,2026-07-28T17:04:56,My account has been temporarily restricted after entering wrong PIN 3 times.,ACCOUNT,LOW,DISPUTES,RECEIVED,UNBLOCK_ACCOUNT,1609,0
SYN-CMP-13823,SYN-U-14583,2026-07-28T17:10:13,Biometric fingerprint login is not working on my new Android device.,ACCOUNT,LOW,DISPUTES,RECEIVED,EXPLAINED,1960,0
SYN-CMP-13824,SYN-U-14063,2026-07-28T18:02:19,Biometric fingerprint login is not working on my new Android device.,ACCOUNT,MEDIUM,DISPUTES,RECEIVED,REFUNDED,1878,0
SYN-CMP-13825,SYN-U-15452,2026-07-28T19:00:13,Network connection error occurred during transaction processing screen.,TECHNICAL,LOW,TECH_SUPPORT,RECEIVED,REFUNDED,542,0
SYN-CMP-13826,SYN-U-12898,2026-07-28T19:50:47,My account has been temporarily restricted after entering wrong PIN 3 times.,ACCOUNT,LOW,DISPUTES,RECEIVED,REVERSED,1176,0
SYN-CMP-13827,SYN-U-17802,2026-07-28T19:55:01,"Payment to merchant showed failed on app, but BDT 1,200 deducted from my Upay balance.",PAYMENT,MEDIUM,TRANSACTION_OPERATIONS,RECEIVED,IN_PROGRESS,1315,0
SYN-CMP-13828,SYN-U-18353,2026-07-28T23:04:36,"Accidentally transferred BDT 3,500 to a wrong mobile number.",TRANSFER,MEDIUM,TRANSACTION_OPERATIONS,RECEIVED,REFUNDED,287,0
SYN-CMP-13829,SYN-U-16233,2026-07-28T23:21:26,Need clarification on loyalty reward cashback points calculation.,OTHER,LOW,DISPUTES,RECEIVED,EXPLAINED,1402,0
SYN-CMP-13830,SYN-U-16895,2026-07-28T23:46:17,My PIN was compromised and unauthorized funds were transferred to an unknown number.,FRAUD,CRITICAL,FRAUD_INVESTIGATION,RECEIVED,REFUNDED,1484,0
SYN-CMP-13831,SYN-U-13742,2026-07-29T00:27:48,My virtual dual-currency card was declined while making an international subscription payment.,CARD,HIGH,CARD_SERVICES,RECEIVED,REFUNDED,269,0
SYN-CMP-13832,SYN-U-18433,2026-07-29T01:46:22,"Paid utility electricity bill through app yesterday, but bill status still shows unpaid.",PAYMENT,LOW,TRANSACTION_OPERATIONS,RECEIVED,REFUNDED,2453,0
SYN-CMP-13833,SYN-U-17271,2026-07-29T04:15:17,Want to temporarily freeze my physical card due to lost wallet.,CARD,MEDIUM,CARD_SERVICES,RECEIVED,REVERSED,627,0
SYN-CMP-13834,SYN-U-13535,2026-07-29T04:23:08,"Paid utility electricity bill through app yesterday, but bill status still shows unpaid.",PAYMENT,MEDIUM,TRANSACTION_OPERATIONS,RECEIVED,IN_PROGRESS,874,0
SYN-CMP-13835,SYN-U-13315,2026-07-29T04:37:59,"Received a scam call asking for OTP, shortly after BDT 8,500 was transferred out.",FRAUD,CRITICAL,FRAUD_INVESTIGATION,RECEIVED,EXPLAINED,2156,0
SYN-CMP-13836,SYN-U-16537,2026-07-29T04:41:37,"Failed cash out attempt at agent, but funds debited from balance.",CASH_OUT,LOW,TRANSACTION_OPERATIONS,RECEIVED,REFUNDED,863,0
SYN-CMP-13837,SYN-U-10240,2026-07-29T06:13:10,Endorsement limit not updating after submitting updated passport copy.,CARD,LOW,CARD_SERVICES,RECEIVED,REFUNDED,1456,0
SYN-CMP-13838,SYN-U-16846,2026-07-29T09:12:56,Need clarification on loyalty reward cashback points calculation.,OTHER,LOW,DISPUTES,RECEIVED,EXPLAINED,1175,0
SYN-CMP-13839,SYN-U-11275,2026-07-29T10:13:25,"Payment to merchant showed failed on app, but BDT 1,200 deducted from my Upay balance.",PAYMENT,MEDIUM,TRANSACTION_OPERATIONS,RECEIVED,EXPLAINED,2465,0
SYN-CMP-13840,SYN-U-18810,2026-07-29T10:16:22,Endorsement limit not updating after submitting updated passport copy.,CARD,HIGH,CARD_SERVICES,RECEIVED,REVERSED,79,0
SYN-CMP-13841,SYN-U-12205,2026-07-29T11:58:15,"Suspicious login notification received from unfamiliar device, someone tried to cash out.",FRAUD,CRITICAL,FRAUD_INVESTIGATION,RECEIVED,EXPLAINED,2296,1
SYN-CMP-13842,SYN-U-12062,2026-07-29T12:08:53,E-commerce merchant payment processed twice during checkout.,PAYMENT,MEDIUM,TRANSACTION_OPERATIONS,RECEIVED,REFUNDED,267,0
SYN-CMP-13843,SYN-U-14332,2026-07-29T12:46:36,"Paid utility electricity bill through app yesterday, but bill status still shows unpaid.",PAYMENT,MEDIUM,TRANSACTION_OPERATIONS,RECEIVED,REFUNDED,1216,0
SYN-CMP-13844,SYN-U-19554,2026-07-29T12:56:15,Money was deducted from my account but the grocery merchant did not receive payment confirmation.,PAYMENT,LOW,TRANSACTION_OPERATIONS,RECEIVED,REVERSED,1165,0
SYN-CMP-13845,SYN-U-12056,2026-07-29T13:23:34,Unable to update my registered primary phone number and email in settings.,ACCOUNT,LOW,DISPUTES,RECEIVED,REFUNDED,1324,0
SYN-CMP-13846,SYN-U-15830,2026-07-29T13:41:03,Network connection error occurred during transaction processing screen.,TECHNICAL,LOW,TECH_SUPPORT,RECEIVED,REFUNDED,67,0
SYN-CMP-13847,SYN-U-10864,2026-07-29T14:41:13,Agent deducted fee but the cash-out transaction timed out without dispensing cash.,CASH_OUT,LOW,TRANSACTION_OPERATIONS,RECEIVED,EXPLAINED,2676,0
SYN-CMP-13848,SYN-U-11335,2026-07-29T15:33:54,"Unauthorized send money transaction of BDT 15,000 sent from my account at 3:00 AM.",FRAUD,CRITICAL,FRAUD_INVESTIGATION,RECEIVED,EXPLAINED,226,1
SYN-CMP-13849,SYN-U-16781,2026-07-29T18:20:26,"Received a scam call asking for OTP, shortly after BDT 8,500 was transferred out.",FRAUD,CRITICAL,FRAUD_INVESTIGATION,RECEIVED,EXPLAINED,1330,0
SYN-CMP-13850,SYN-U-14755,2026-07-29T18:33:54,"Accidentally transferred BDT 3,500 to a wrong mobile number.",TRANSFER,MEDIUM,TRANSACTION_OPERATIONS,RECEIVED,DECLINED,560,0
SYN-CMP-13851,SYN-U-10806,2026-07-29T18:35:32,My virtual dual-currency card was declined while making an international subscription payment.,CARD,MEDIUM,CARD_SERVICES,RECEIVED,UNBLOCK_ACCOUNT,1857,0
SYN-CMP-13852,SYN-U-19812,2026-07-29T19:43:45,"Paid utility electricity bill through app yesterday, but bill status still shows unpaid.",PAYMENT,HIGH,TRANSACTION_OPERATIONS,RECEIVED,REFUNDED,2231,0
SYN-CMP-13853,SYN-U-10870,2026-07-29T20:24:19,"Paid utility electricity bill through app yesterday, but bill status still shows unpaid.",PAYMENT,LOW,TRANSACTION_OPERATIONS,RECEIVED,EXPLAINED,1394,0
SYN-CMP-13854,SYN-U-14162,2026-07-29T21:34:51,NID verification pending for more than 48 hours.,ACCOUNT,LOW,DISPUTES,RECEIVED,UNBLOCK_ACCOUNT,827,0
SYN-CMP-13855,SYN-U-19007,2026-07-29T21:35:33,E-commerce merchant payment processed twice during checkout.,PAYMENT,LOW,TRANSACTION_OPERATIONS,RECEIVED,IN_PROGRESS,836,0
SYN-CMP-13856,SYN-U-16844,2026-07-29T23:48:37,"Suspicious login notification received from unfamiliar device, someone tried to cash out.",FRAUD,HIGH,FRAUD_INVESTIGATION,RECEIVED,REVERSED,1319,1
SYN-CMP-13857,SYN-U-14963,2026-07-30T00:57:41,Phishing message led to account takeover and repeated cash-out attempts.,FRAUD,CRITICAL,FRAUD_INVESTIGATION,RECEIVED,REFUNDED,405,1
SYN-CMP-13858,SYN-U-19624,2026-07-30T01:21:50,E-commerce merchant payment processed twice during checkout.,PAYMENT,MEDIUM,TRANSACTION_OPERATIONS,RECEIVED,EXPLAINED,1948,0
SYN-CMP-13859,SYN-U-13522,2026-07-30T03:29:31,"Failed cash out attempt at agent, but funds debited from balance.",CASH_OUT,LOW,TRANSACTION_OPERATIONS,RECEIVED,REFUNDED,2581,0
SYN-CMP-13860,SYN-U-12083,2026-07-30T05:04:53,"Payment to merchant showed failed on app, but BDT 1,200 deducted from my Upay balance.",PAYMENT,MEDIUM,TRANSACTION_OPERATIONS,RECEIVED,REFUNDED,1821,0
SYN-CMP-13861,SYN-U-18769,2026-07-30T07:20:20,"Received a scam call asking for OTP, shortly after BDT 8,500 was transferred out.",FRAUD,CRITICAL,FRAUD_INVESTIGATION,RECEIVED,REFUNDED,2041,1
SYN-CMP-13862,SYN-U-14718,2026-07-30T07:30:55,App says account dormant even though I received funds two weeks ago.,ACCOUNT,MEDIUM,DISPUTES,RECEIVED,REFUNDED,2052,0
SYN-CMP-13863,SYN-U-12813,2026-07-30T08:49:17,Inter-wallet transfer delayed during peak evening banking clearing hour.,TRANSFER,LOW,TRANSACTION_OPERATIONS,RECEIVED,IN_PROGRESS,1274,0
SYN-CMP-13864,SYN-U-10681,2026-07-30T09:35:34,Duplicate payment charged for the same restaurant QR transaction.,PAYMENT,HIGH,TRANSACTION_OPERATIONS,RECEIVED,REFUNDED,2602,0
SYN-CMP-13865,SYN-U-17282,2026-07-30T10:41:05,Phishing message led to account takeover and repeated cash-out attempts.,FRAUD,HIGH,FRAUD_INVESTIGATION,RECEIVED,UNBLOCK_ACCOUNT,2851,1
SYN-CMP-13866,SYN-U-16187,2026-07-30T13:19:59,E-commerce merchant payment processed twice during checkout.,PAYMENT,HIGH,TRANSACTION_OPERATIONS,RECEIVED,REFUNDED,1285,0
SYN-CMP-13867,SYN-U-12475,2026-07-30T13:40:34,Cash-out fee charged higher than standard 1.4% rate at the agent point.,CASH_OUT,LOW,TRANSACTION_OPERATIONS,RECEIVED,EXPLAINED,798,0
SYN-CMP-13868,SYN-U-17722,2026-07-30T14:56:17,My account has been temporarily restricted after entering wrong PIN 3 times.,ACCOUNT,LOW,DISPUTES,RECEIVED,UNBLOCK_ACCOUNT,1260,0
SYN-CMP-13869,SYN-U-15576,2026-07-30T20:29:56,"Received a scam call asking for OTP, shortly after BDT 8,500 was transferred out.",FRAUD,HIGH,FRAUD_INVESTIGATION,RECEIVED,REFUNDED,2136,0
SYN-CMP-13870,SYN-U-11199,2026-07-30T20:55:54,"Payment to merchant showed failed on app, but BDT 1,200 deducted from my Upay balance.",PAYMENT,MEDIUM,TRANSACTION_OPERATIONS,RECEIVED,DECLINED,2364,0
SYN-CMP-13871,SYN-U-18923,2026-07-30T21:28:46,"Unauthorized send money transaction of BDT 15,000 sent from my account at 3:00 AM.",FRAUD,CRITICAL,FRAUD_INVESTIGATION,RECEIVED,EXPLAINED,500,1
SYN-CMP-13872,SYN-U-17800,2026-07-30T22:12:13,My virtual dual-currency card was declined while making an international subscription payment.,CARD,HIGH,CARD_SERVICES,RECEIVED,REFUNDED,2151,0
SYN-CMP-13873,SYN-U-15876,2026-07-30T22:53:09,My virtual dual-currency card was declined while making an international subscription payment.,CARD,MEDIUM,CARD_SERVICES,RECEIVED,REFUNDED,2667,0
SYN-CMP-13874,SYN-U-19322,2026-07-31T03:26:45,"Unauthorized send money transaction of BDT 15,000 sent from my account at 3:00 AM.",FRAUD,CRITICAL,FRAUD_INVESTIGATION,RECEIVED,REFUNDED,2310,1
SYN-CMP-13875,SYN-U-12371,2026-07-31T04:06:31,Money was deducted from my account but the grocery merchant did not receive payment confirmation.,PAYMENT,HIGH,TRANSACTION_OPERATIONS,RECEIVED,REVERSED,1406,1
SYN-CMP-13876,SYN-U-10520,2026-07-31T05:41:23,Agent deducted fee but the cash-out transaction timed out without dispensing cash.,CASH_OUT,LOW,TRANSACTION_OPERATIONS,RECEIVED,EXPLAINED,1943,0
SYN-CMP-13877,SYN-U-15620,2026-07-31T08:42:05,My account has been temporarily restricted after entering wrong PIN 3 times.,ACCOUNT,LOW,DISPUTES,RECEIVED,EXPLAINED,387,0
SYN-CMP-13878,SYN-U-11532,2026-07-31T11:49:57,My PIN was compromised and unauthorized funds were transferred to an unknown number.,FRAUD,HIGH,FRAUD_INVESTIGATION,RECEIVED,REFUNDED,1145,1
SYN-CMP-13879,SYN-U-14262,2026-07-31T11:50:55,Phishing message led to account takeover and repeated cash-out attempts.,FRAUD,CRITICAL,FRAUD_INVESTIGATION,RECEIVED,EXPLAINED,929,1
SYN-CMP-13880,SYN-U-10853,2026-07-31T12:56:13,E-commerce merchant payment processed twice during checkout.,PAYMENT,HIGH,TRANSACTION_OPERATIONS,RECEIVED,EXPLAINED,122,0
SYN-CMP-13881,SYN-U-18176,2026-07-31T13:24:31,My virtual dual-currency card was declined while making an international subscription payment.,CARD,HIGH,CARD_SERVICES,RECEIVED,IN_PROGRESS,751,1
SYN-CMP-13882,SYN-U-12801,2026-07-31T17:37:18,"Merchant initiated refund 5 business days ago, but balance is not credited.",REFUND,MEDIUM,DISPUTES,RECEIVED,REFUNDED,2851,0
SYN-CMP-13883,SYN-U-13835,2026-07-31T18:18:34,"Payment to merchant showed failed on app, but BDT 1,200 deducted from my Upay balance.",PAYMENT,LOW,TRANSACTION_OPERATIONS,RECEIVED,UNBLOCK_ACCOUNT,20,0
SYN-CMP-13884,SYN-U-11011,2026-07-31T19:24:40,My account has been temporarily restricted after entering wrong PIN 3 times.,ACCOUNT,MEDIUM,DISPUTES,RECEIVED,REFUNDED,234,0
SYN-CMP-13885,SYN-U-16284,2026-07-31T23:27:30,"Received a scam call asking for OTP, shortly after BDT 8,500 was transferred out.",FRAUD,CRITICAL,FRAUD_INVESTIGATION,RECEIVED,REFUNDED,1452,1
SYN-CMP-13886,SYN-U-10561,2026-07-31T23:40:55,"Payment to merchant showed failed on app, but BDT 1,200 deducted from my Upay balance.",PAYMENT,MEDIUM,TRANSACTION_OPERATIONS,RECEIVED,UNBLOCK_ACCOUNT,723,0
SYN-CMP-13887,SYN-U-12169,2026-07-31T23:48:19,E-commerce merchant payment processed twice during checkout.,PAYMENT,HIGH,TRANSACTION_OPERATIONS,RECEIVED,EXPLAINED,2426,1
SYN-CMP-13888,SYN-U-14445,2026-08-01T00:00:45,SMS OTP is taking over 5 minutes to arrive during login attempt.,TECHNICAL,LOW,TECH_SUPPORT,RECEIVED,EXPLAINED,1988,0
SYN-CMP-13889,SYN-U-12832,2026-08-01T00:24:11,E-commerce merchant payment processed twice during checkout.,PAYMENT,MEDIUM,TRANSACTION_OPERATIONS,RECEIVED,IN_PROGRESS,178,0
SYN-CMP-13890,SYN-U-17448,2026-08-01T00:35:42,"Payment to merchant showed failed on app, but BDT 1,200 deducted from my Upay balance.",PAYMENT,MEDIUM,TRANSACTION_OPERATIONS,RECEIVED,EXPLAINED,2801,0
SYN-CMP-13891,SYN-U-15094,2026-08-01T00:43:17,Bank deposit to Upay wallet via internet banking hasn't reflected after 4 hours.,TRANSFER,LOW,TRANSACTION_OPERATIONS,RECEIVED,EXPLAINED,2571,0
SYN-CMP-13892,SYN-U-13912,2026-08-01T02:39:53,"Received a scam call asking for OTP, shortly after BDT 8,500 was transferred out.",FRAUD,HIGH,FRAUD_INVESTIGATION,RECEIVED,EXPLAINED,2477,0
SYN-CMP-13893,SYN-U-15077,2026-08-01T04:54:57,My account has been temporarily restricted after entering wrong PIN 3 times.,ACCOUNT,LOW,DISPUTES,RECEIVED,EXPLAINED,1211,0
SYN-CMP-13894,SYN-U-11481,2026-08-01T05:11:55,Biometric fingerprint login is not working on my new Android device.,ACCOUNT,LOW,DISPUTES,RECEIVED,REFUNDED,2744,0
SYN-CMP-13895,SYN-U-14102,2026-08-01T05:56:09,Need clarification on loyalty reward cashback points calculation.,OTHER,MEDIUM,DISPUTES,RECEIVED,REVERSED,2457,0
SYN-CMP-13896,SYN-U-19845,2026-08-01T07:22:34,Want to temporarily freeze my physical card due to lost wallet.,CARD,MEDIUM,CARD_SERVICES,RECEIVED,DECLINED,1236,0
SYN-CMP-13897,SYN-U-19727,2026-08-01T07:42:45,"Payment to merchant showed failed on app, but BDT 1,200 deducted from my Upay balance.",PAYMENT,MEDIUM,TRANSACTION_OPERATIONS,RECEIVED,REFUNDED,721,0
SYN-CMP-13898,SYN-U-10125,2026-08-01T09:53:41,NID verification pending for more than 48 hours.,ACCOUNT,MEDIUM,DISPUTES,RECEIVED,REFUNDED,2287,0
SYN-CMP-13899,SYN-U-11028,2026-08-01T10:51:16,E-commerce merchant payment processed twice during checkout.,PAYMENT,MEDIUM,TRANSACTION_OPERATIONS,RECEIVED,REVERSED,1266,0
SYN-CMP-13900,SYN-U-15341,2026-08-01T13:06:12,E-commerce merchant payment processed twice during checkout.,PAYMENT,MEDIUM,TRANSACTION_OPERATIONS,RECEIVED,EXPLAINED,1077,0
SYN-CMP-13901,SYN-U-17475,2026-08-01T15:08:16,Inter-wallet transfer delayed during peak evening banking clearing hour.,TRANSFER,LOW,TRANSACTION_OPERATIONS,RECEIVED,REFUNDED,1937,0
SYN-CMP-13902,SYN-U-14913,2026-08-01T16:43:56,Money was deducted from my account but the grocery merchant did not receive payment confirmation.,PAYMENT,LOW,TRANSACTION_OPERATIONS,RECEIVED,EXPLAINED,279,0
SYN-CMP-13903,SYN-U-10724,2026-08-01T16:48:56,Cancelled e-commerce order refund amount is missing BDT 250 processing fee.,REFUND,LOW,DISPUTES,RECEIVED,REVERSED,1153,0
SYN-CMP-13904,SYN-U-13552,2026-08-01T17:16:56,"Fund transfer to my linked commercial bank account failed, money not credited yet.",TRANSFER,LOW,TRANSACTION_OPERATIONS,RECEIVED,REFUNDED,2854,0
SYN-CMP-13905,SYN-U-14514,2026-08-01T21:57:27,"Failed cash out attempt at agent, but funds debited from balance.",CASH_OUT,LOW,TRANSACTION_OPERATIONS,RECEIVED,UNBLOCK_ACCOUNT,2674,0
SYN-CMP-13906,SYN-U-12096,2026-08-01T22:45:41,My account has been temporarily restricted after entering wrong PIN 3 times.,ACCOUNT,MEDIUM,DISPUTES,RECEIVED,EXPLAINED,1272,0
SYN-CMP-13907,SYN-U-14784,2026-08-02T00:07:05,"Payment to merchant showed failed on app, but BDT 1,200 deducted from my Upay balance.",PAYMENT,HIGH,TRANSACTION_OPERATIONS,RECEIVED,REFUNDED,526,0
SYN-CMP-13908,SYN-U-11792,2026-08-02T00:10:08,Phishing message led to account takeover and repeated cash-out attempts.,FRAUD,HIGH,FRAUD_INVESTIGATION,RECEIVED,EXPLAINED,1930,0
SYN-CMP-13909,SYN-U-14942,2026-08-02T00:49:31,Agent deducted fee but the cash-out transaction timed out without dispensing cash.,CASH_OUT,LOW,TRANSACTION_OPERATIONS,RECEIVED,REVERSED,120,0
SYN-CMP-13910,SYN-U-13217,2026-08-02T02:20:10,Upay mobile app crashes immediately on splash screen after latest update.,TECHNICAL,LOW,TECH_SUPPORT,RECEIVED,REVERSED,1382,0
SYN-CMP-13911,SYN-U-10839,2026-08-02T05:10:57,Agent deducted fee but the cash-out transaction timed out without dispensing cash.,CASH_OUT,MEDIUM,TRANSACTION_OPERATIONS,RECEIVED,UNBLOCK_ACCOUNT,2878,0
SYN-CMP-13912,SYN-U-19746,2026-08-02T06:01:32,App says account dormant even though I received funds two weeks ago.,ACCOUNT,LOW,DISPUTES,RECEIVED,REFUNDED,45,0
SYN-CMP-13913,SYN-U-11241,2026-08-02T06:37:34,SMS OTP is taking over 5 minutes to arrive during login attempt.,TECHNICAL,LOW,TECH_SUPPORT,RECEIVED,UNBLOCK_ACCOUNT,2697,0
SYN-CMP-13914,SYN-U-14672,2026-08-02T08:39:14,"Unauthorized send money transaction of BDT 15,000 sent from my account at 3:00 AM.",FRAUD,CRITICAL,FRAUD_INVESTIGATION,RECEIVED,REVERSED,2483,1
SYN-CMP-13915,SYN-U-13723,2026-08-02T11:41:21,Unable to update my registered primary phone number and email in settings.,ACCOUNT,LOW,DISPUTES,RECEIVED,EXPLAINED,1367,0
SYN-CMP-13916,SYN-U-16489,2026-08-02T12:13:30,International online transaction toggle keeps turning off automatically in settings.,CARD,MEDIUM,CARD_SERVICES,RECEIVED,REVERSED,546,0
SYN-CMP-13917,SYN-U-13931,2026-08-02T12:28:54,My virtual dual-currency card was declined while making an international subscription payment.,CARD,LOW,CARD_SERVICES,RECEIVED,DECLINED,2558,0
SYN-CMP-13918,SYN-U-15974,2026-08-02T13:09:39,Cash-out fee charged higher than standard 1.4% rate at the agent point.,CASH_OUT,MEDIUM,TRANSACTION_OPERATIONS,RECEIVED,UNBLOCK_ACCOUNT,2448,0
SYN-CMP-13919,SYN-U-13842,2026-08-02T13:24:49,Duplicate payment charged for the same restaurant QR transaction.,PAYMENT,MEDIUM,TRANSACTION_OPERATIONS,RECEIVED,REFUNDED,871,0
SYN-CMP-13920,SYN-U-16717,2026-08-02T13:28:53,Phishing message led to account takeover and repeated cash-out attempts.,FRAUD,CRITICAL,FRAUD_INVESTIGATION,RECEIVED,EXPLAINED,1916,1
SYN-CMP-13921,SYN-U-16246,2026-08-02T14:28:49,"Received a scam call asking for OTP, shortly after BDT 8,500 was transferred out.",FRAUD,CRITICAL,FRAUD_INVESTIGATION,RECEIVED,UNBLOCK_ACCOUNT,609,0
SYN-CMP-13922,SYN-U-16892,2026-08-02T15:04:34,Duplicate payment charged for the same restaurant QR transaction.,PAYMENT,MEDIUM,TRANSACTION_OPERATIONS,RECEIVED,EXPLAINED,1519,0
SYN-CMP-13923,SYN-U-19394,2026-08-02T15:11:34,My account has been temporarily restricted after entering wrong PIN 3 times.,ACCOUNT,MEDIUM,DISPUTES,RECEIVED,DECLINED,788,0
SYN-CMP-13924,SYN-U-16284,2026-08-02T15:16:40,Want to temporarily freeze my physical card due to lost wallet.,CARD,HIGH,CARD_SERVICES,RECEIVED,UNBLOCK_ACCOUNT,1384,0
SYN-CMP-13925,SYN-U-14665,2026-08-02T16:03:05,"Fund transfer to my linked commercial bank account failed, money not credited yet.",TRANSFER,LOW,TRANSACTION_OPERATIONS,RECEIVED,REFUNDED,2814,0
SYN-CMP-13926,SYN-U-10132,2026-08-02T17:52:12,"Failed cash out attempt at agent, but funds debited from balance.",CASH_OUT,LOW,TRANSACTION_OPERATIONS,RECEIVED,REFUNDED,2374,0
SYN-CMP-13927,SYN-U-19036,2026-08-02T18:11:44,Network connection error occurred during transaction processing screen.,TECHNICAL,LOW,TECH_SUPPORT,RECEIVED,IN_PROGRESS,1394,0
SYN-CMP-13928,SYN-U-17588,2026-08-02T18:21:13,Want to temporarily freeze my physical card due to lost wallet.,CARD,MEDIUM,CARD_SERVICES,RECEIVED,DECLINED,2465,0
SYN-CMP-13929,SYN-U-12640,2026-08-02T18:40:18,Need clarification on loyalty reward cashback points calculation.,OTHER,MEDIUM,DISPUTES,RECEIVED,UNBLOCK_ACCOUNT,127,0
SYN-CMP-13930,SYN-U-10867,2026-08-02T19:03:17,Duplicate payment charged for the same restaurant QR transaction.,PAYMENT,MEDIUM,TRANSACTION_OPERATIONS,RECEIVED,EXPLAINED,526,0
SYN-CMP-13931,SYN-U-16482,2026-08-02T20:02:14,International online transaction toggle keeps turning off automatically in settings.,CARD,HIGH,CARD_SERVICES,RECEIVED,EXPLAINED,2239,0
SYN-CMP-13932,SYN-U-10716,2026-08-02T23:20:32,"Paid utility electricity bill through app yesterday, but bill status still shows unpaid.",PAYMENT,HIGH,TRANSACTION_OPERATIONS,RECEIVED,REFUNDED,1594,0
SYN-CMP-13933,SYN-U-18512,2026-08-03T00:36:41,Agent confirmed cash-out successful on terminal but I did not receive SMS confirmation.,CASH_OUT,MEDIUM,TRANSACTION_OPERATIONS,RECEIVED,EXPLAINED,1607,0
SYN-CMP-13934,SYN-U-10856,2026-08-03T07:05:37,Need clarification on loyalty reward cashback points calculation.,OTHER,MEDIUM,DISPUTES,RECEIVED,EXPLAINED,1103,0
SYN-CMP-13935,SYN-U-10993,2026-08-03T08:30:35,My PIN was compromised and unauthorized funds were transferred to an unknown number.,FRAUD,CRITICAL,FRAUD_INVESTIGATION,RECEIVED,REVERSED,2581,1
SYN-CMP-13936,SYN-U-10972,2026-08-03T12:52:22,Duplicate payment charged for the same restaurant QR transaction.,PAYMENT,LOW,TRANSACTION_OPERATIONS,RECEIVED,REFUNDED,2194,0
SYN-CMP-13937,SYN-U-16396,2026-08-03T13:31:42,Inter-wallet transfer delayed during peak evening banking clearing hour.,TRANSFER,MEDIUM,TRANSACTION_OPERATIONS,RECEIVED,REFUNDED,240,0
SYN-CMP-13938,SYN-U-19651,2026-08-03T13:39:04,Agent confirmed cash-out successful on terminal but I did not receive SMS confirmation.,CASH_OUT,MEDIUM,TRANSACTION_OPERATIONS,RECEIVED,UNBLOCK_ACCOUNT,1600,0
SYN-CMP-13939,SYN-U-16014,2026-08-03T14:28:00,Need clarification on loyalty reward cashback points calculation.,OTHER,LOW,DISPUTES,RECEIVED,REFUNDED,2374,0
SYN-CMP-13940,SYN-U-10630,2026-08-03T15:38:26,Agent deducted fee but the cash-out transaction timed out without dispensing cash.,CASH_OUT,LOW,TRANSACTION_OPERATIONS,RECEIVED,REVERSED,179,0
SYN-CMP-13941,SYN-U-10821,2026-08-03T15:46:16,"Fund transfer to my linked commercial bank account failed, money not credited yet.",TRANSFER,LOW,TRANSACTION_OPERATIONS,RECEIVED,DECLINED,2787,0
SYN-CMP-13942,SYN-U-12232,2026-08-03T17:30:14,Agent deducted fee but the cash-out transaction timed out without dispensing cash.,CASH_OUT,LOW,TRANSACTION_OPERATIONS,RECEIVED,EXPLAINED,2001,0
SYN-CMP-13943,SYN-U-18735,2026-08-03T18:50:02,"Suspicious login notification received from unfamiliar device, someone tried to cash out.",FRAUD,CRITICAL,FRAUD_INVESTIGATION,RECEIVED,REVERSED,2262,1
SYN-CMP-13944,SYN-U-17229,2026-08-03T23:36:12,"Payment to merchant showed failed on app, but BDT 1,200 deducted from my Upay balance.",PAYMENT,MEDIUM,TRANSACTION_OPERATIONS,RECEIVED,REFUNDED,1040,0
SYN-CMP-13945,SYN-U-15919,2026-08-03T23:42:13,Partial refund received instead of full transaction amount.,REFUND,LOW,DISPUTES,RECEIVED,UNBLOCK_ACCOUNT,466,0
SYN-CMP-13946,SYN-U-10058,2026-08-03T23:42:50,My virtual dual-currency card was declined while making an international subscription payment.,CARD,HIGH,CARD_SERVICES,RECEIVED,DECLINED,2549,0
SYN-CMP-13947,SYN-U-19954,2026-08-04T00:47:55,"Payment to merchant showed failed on app, but BDT 1,200 deducted from my Upay balance.",PAYMENT,HIGH,TRANSACTION_OPERATIONS,RECEIVED,REVERSED,301,0
SYN-CMP-13948,SYN-U-12052,2026-08-04T01:04:14,My PIN was compromised and unauthorized funds were transferred to an unknown number.,FRAUD,CRITICAL,FRAUD_INVESTIGATION,RECEIVED,REFUNDED,1645,1
SYN-CMP-13949,SYN-U-16983,2026-08-04T07:12:22,Agent confirmed cash-out successful on terminal but I did not receive SMS confirmation.,CASH_OUT,LOW,TRANSACTION_OPERATIONS,RECEIVED,IN_PROGRESS,1213,0
SYN-CMP-13950,SYN-U-11523,2026-08-04T08:14:43,Cash-out fee charged higher than standard 1.4% rate at the agent point.,CASH_OUT,LOW,TRANSACTION_OPERATIONS,RECEIVED,REFUNDED,2691,0
SYN-CMP-13951,SYN-U-14857,2026-08-04T09:08:04,"Payment to merchant showed failed on app, but BDT 1,200 deducted from my Upay balance.",PAYMENT,MEDIUM,TRANSACTION_OPERATIONS,RECEIVED,IN_PROGRESS,2526,0
SYN-CMP-13952,SYN-U-17033,2026-08-04T09:56:10,"Unauthorized send money transaction of BDT 15,000 sent from my account at 3:00 AM.",FRAUD,CRITICAL,FRAUD_INVESTIGATION,RECEIVED,DECLINED,1771,1
SYN-CMP-13953,SYN-U-15677,2026-08-04T11:20:14,Cancelled e-commerce order refund amount is missing BDT 250 processing fee.,REFUND,MEDIUM,DISPUTES,RECEIVED,IN_PROGRESS,2128,0
SYN-CMP-13954,SYN-U-15616,2026-08-04T12:52:46,"Payment to merchant showed failed on app, but BDT 1,200 deducted from my Upay balance.",PAYMENT,MEDIUM,TRANSACTION_OPERATIONS,RECEIVED,REVERSED,2340,0
SYN-CMP-13955,SYN-U-19910,2026-08-04T13:33:47,Money was deducted from my account but the grocery merchant did not receive payment confirmation.,PAYMENT,MEDIUM,TRANSACTION_OPERATIONS,RECEIVED,REFUNDED,2336,0
SYN-CMP-13956,SYN-U-14671,2026-08-04T17:32:56,Cancelled e-commerce order refund amount is missing BDT 250 processing fee.,REFUND,LOW,DISPUTES,RECEIVED,REFUNDED,1649,0
SYN-CMP-13957,SYN-U-18991,2026-08-04T18:25:48,Duplicate payment charged for the same restaurant QR transaction.,PAYMENT,HIGH,TRANSACTION_OPERATIONS,RECEIVED,DECLINED,2092,0
SYN-CMP-13958,SYN-U-17611,2026-08-04T21:24:46,International online transaction toggle keeps turning off automatically in settings.,CARD,HIGH,CARD_SERVICES,RECEIVED,REFUNDED,187,1
SYN-CMP-13959,SYN-U-11590,2026-08-05T00:25:17,My account has been temporarily restricted after entering wrong PIN 3 times.,ACCOUNT,LOW,DISPUTES,RECEIVED,EXPLAINED,792,0
SYN-CMP-13960,SYN-U-14912,2026-08-05T03:19:29,Partial refund received instead of full transaction amount.,REFUND,LOW,DISPUTES,RECEIVED,REFUNDED,1684,0
SYN-CMP-13961,SYN-U-11663,2026-08-05T04:44:56,Phishing message led to account takeover and repeated cash-out attempts.,FRAUD,CRITICAL,FRAUD_INVESTIGATION,RECEIVED,IN_PROGRESS,453,0
SYN-CMP-13962,SYN-U-16680,2026-08-05T06:46:54,NID verification pending for more than 48 hours.,ACCOUNT,LOW,DISPUTES,RECEIVED,REFUNDED,2066,0
SYN-CMP-13963,SYN-U-17522,2026-08-05T06:53:27,Biometric fingerprint login is not working on my new Android device.,ACCOUNT,LOW,DISPUTES,RECEIVED,EXPLAINED,2347,0
SYN-CMP-13964,SYN-U-17183,2026-08-05T11:56:13,"Paid utility electricity bill through app yesterday, but bill status still shows unpaid.",PAYMENT,MEDIUM,TRANSACTION_OPERATIONS,RECEIVED,IN_PROGRESS,252,0
SYN-CMP-13965,SYN-U-14869,2026-08-05T12:05:11,"Payment to merchant showed failed on app, but BDT 1,200 deducted from my Upay balance.",PAYMENT,MEDIUM,TRANSACTION_OPERATIONS,RECEIVED,IN_PROGRESS,562,0
SYN-CMP-13966,SYN-U-16175,2026-08-05T14:48:44,Phishing message led to account takeover and repeated cash-out attempts.,FRAUD,CRITICAL,FRAUD_INVESTIGATION,RECEIVED,EXPLAINED,495,0
SYN-CMP-13967,SYN-U-18900,2026-08-05T16:19:40,"Paid utility electricity bill through app yesterday, but bill status still shows unpaid.",PAYMENT,MEDIUM,TRANSACTION_OPERATIONS,RECEIVED,REFUNDED,1776,0
SYN-CMP-13968,SYN-U-13258,2026-08-05T16:37:05,"Unauthorized send money transaction of BDT 15,000 sent from my account at 3:00 AM.",FRAUD,CRITICAL,FRAUD_INVESTIGATION,RECEIVED,UNBLOCK_ACCOUNT,1563,1
SYN-CMP-13969,SYN-U-19976,2026-08-05T17:26:44,"Unauthorized send money transaction of BDT 15,000 sent from my account at 3:00 AM.",FRAUD,CRITICAL,FRAUD_INVESTIGATION,RECEIVED,REFUNDED,1028,0
SYN-CMP-13970,SYN-U-19762,2026-08-05T18:54:18,My account has been temporarily restricted after entering wrong PIN 3 times.,ACCOUNT,LOW,DISPUTES,RECEIVED,EXPLAINED,1117,0
SYN-CMP-13971,SYN-U-10891,2026-08-05T20:45:46,International online transaction toggle keeps turning off automatically in settings.,CARD,MEDIUM,CARD_SERVICES,RECEIVED,UNBLOCK_ACCOUNT,1091,0
SYN-CMP-13972,SYN-U-14516,2026-08-05T20:58:14,"Paid utility electricity bill through app yesterday, but bill status still shows unpaid.",PAYMENT,MEDIUM,TRANSACTION_OPERATIONS,RECEIVED,REFUNDED,2619,0
SYN-CMP-13973,SYN-U-11911,2026-08-05T21:15:20,"Paid utility electricity bill through app yesterday, but bill status still shows unpaid.",PAYMENT,MEDIUM,TRANSACTION_OPERATIONS,RECEIVED,REFUNDED,2658,0
SYN-CMP-13974,SYN-U-11702,2026-08-05T21:56:52,Inquiry regarding upcoming Eid merchant promo discounts.,OTHER,MEDIUM,DISPUTES,RECEIVED,REFUNDED,1560,0
SYN-CMP-13975,SYN-U-15429,2026-08-05T21:57:56,Money was deducted from my account but the grocery merchant did not receive payment confirmation.,PAYMENT,MEDIUM,TRANSACTION_OPERATIONS,RECEIVED,IN_PROGRESS,744,0
SYN-CMP-13976,SYN-U-15775,2026-08-05T23:16:22,Money was deducted from my account but the grocery merchant did not receive payment confirmation.,PAYMENT,LOW,TRANSACTION_OPERATIONS,RECEIVED,DECLINED,809,0
SYN-CMP-13977,SYN-U-17418,2026-08-05T23:53:07,"Unauthorized send money transaction of BDT 15,000 sent from my account at 3:00 AM.",FRAUD,CRITICAL,FRAUD_INVESTIGATION,RECEIVED,EXPLAINED,486,1
SYN-CMP-13978,SYN-U-15675,2026-08-06T00:21:22,Inter-wallet transfer delayed during peak evening banking clearing hour.,TRANSFER,LOW,TRANSACTION_OPERATIONS,RECEIVED,REFUNDED,142,0
SYN-CMP-13979,SYN-U-14847,2026-08-06T01:47:00,Partial refund received instead of full transaction amount.,REFUND,MEDIUM,DISPUTES,RECEIVED,REVERSED,2614,0
SYN-CMP-13980,SYN-U-14151,2026-08-06T07:10:58,Money was deducted from my account but the grocery merchant did not receive payment confirmation.,PAYMENT,LOW,TRANSACTION_OPERATIONS,RECEIVED,EXPLAINED,750,0
SYN-CMP-13981,SYN-U-15674,2026-08-06T08:12:21,My account has been temporarily restricted after entering wrong PIN 3 times.,ACCOUNT,LOW,DISPUTES,RECEIVED,EXPLAINED,2441,0
SYN-CMP-13982,SYN-U-11563,2026-08-06T09:01:35,Agent confirmed cash-out successful on terminal but I did not receive SMS confirmation.,CASH_OUT,LOW,TRANSACTION_OPERATIONS,RECEIVED,EXPLAINED,2436,0
SYN-CMP-13983,SYN-U-13277,2026-08-06T09:49:48,"Paid utility electricity bill through app yesterday, but bill status still shows unpaid.",PAYMENT,HIGH,TRANSACTION_OPERATIONS,RECEIVED,REFUNDED,2372,1
SYN-CMP-13984,SYN-U-16725,2026-08-06T10:36:34,Partial refund received instead of full transaction amount.,REFUND,MEDIUM,DISPUTES,RECEIVED,EXPLAINED,2792,0
SYN-CMP-13985,SYN-U-12091,2026-08-06T12:52:56,Need clarification on loyalty reward cashback points calculation.,OTHER,MEDIUM,DISPUTES,RECEIVED,REFUNDED,2243,0
SYN-CMP-13986,SYN-U-10068,2026-08-06T14:28:55,Inquiry regarding upcoming Eid merchant promo discounts.,OTHER,LOW,DISPUTES,RECEIVED,DECLINED,2597,0
SYN-CMP-13987,SYN-U-13357,2026-08-06T15:38:34,"Paid utility electricity bill through app yesterday, but bill status still shows unpaid.",PAYMENT,MEDIUM,TRANSACTION_OPERATIONS,RECEIVED,REFUNDED,1336,0
SYN-CMP-13988,SYN-U-13654,2026-08-06T16:12:21,"Failed cash out attempt at agent, but funds debited from balance.",CASH_OUT,LOW,TRANSACTION_OPERATIONS,RECEIVED,EXPLAINED,2746,0
SYN-CMP-13989,SYN-U-17585,2026-08-06T16:26:06,"Accidentally transferred BDT 3,500 to a wrong mobile number.",TRANSFER,MEDIUM,TRANSACTION_OPERATIONS,RECEIVED,EXPLAINED,1126,0
SYN-CMP-13990,SYN-U-19641,2026-08-06T18:15:17,Network connection error occurred during transaction processing screen.,TECHNICAL,MEDIUM,TECH_SUPPORT,RECEIVED,REVERSED,2198,0
SYN-CMP-13991,SYN-U-11019,2026-08-06T18:24:07,Network connection error occurred during transaction processing screen.,TECHNICAL,LOW,TECH_SUPPORT,RECEIVED,REVERSED,1830,0
SYN-CMP-13992,SYN-U-18186,2026-08-06T20:17:55,My PIN was compromised and unauthorized funds were transferred to an unknown number.,FRAUD,CRITICAL,FRAUD_INVESTIGATION,RECEIVED,EXPLAINED,644,1
SYN-CMP-13993,SYN-U-10662,2026-08-06T20:28:05,Agent confirmed cash-out successful on terminal but I did not receive SMS confirmation.,CASH_OUT,LOW,TRANSACTION_OPERATIONS,RECEIVED,DECLINED,2094,0
SYN-CMP-13994,SYN-U-14483,2026-08-06T23:28:32,"Failed cash out attempt at agent, but funds debited from balance.",CASH_OUT,LOW,TRANSACTION_OPERATIONS,RECEIVED,REFUNDED,1916,0
SYN-CMP-13995,SYN-U-19886,2026-08-06T23:28:40,Cash-out fee charged higher than standard 1.4% rate at the agent point.,CASH_OUT,LOW,TRANSACTION_OPERATIONS,RECEIVED,REFUNDED,2468,0
SYN-CMP-13996,SYN-U-14547,2026-08-07T00:00:27,"Merchant initiated refund 5 business days ago, but balance is not credited.",REFUND,LOW,DISPUTES,RECEIVED,REVERSED,471,0
SYN-CMP-13997,SYN-U-16477,2026-08-07T02:38:07,Duplicate payment charged for the same restaurant QR transaction.,PAYMENT,LOW,TRANSACTION_OPERATIONS,RECEIVED,EXPLAINED,558,0
SYN-CMP-13998,SYN-U-18079,2026-08-07T03:52:24,Unable to update my registered primary phone number and email in settings.,ACCOUNT,LOW,DISPUTES,RECEIVED,EXPLAINED,2391,0
SYN-CMP-13999,SYN-U-10382,2026-08-07T05:23:03,"Suspicious login notification received from unfamiliar device, someone tried to cash out.",FRAUD,CRITICAL,FRAUD_INVESTIGATION,RECEIVED,REFUNDED,861,0
SYN-CMP-14000,SYN-U-17182,2026-08-07T06:01:21,Card charged USD 45.00 for an online software transaction that I cancelled.,CARD,HIGH,CARD_SERVICES,RECEIVED,REFUNDED,1127,1
SYN-CMP-14001,SYN-U-17546,2026-08-07T07:34:52,"Received a scam call asking for OTP, shortly after BDT 8,500 was transferred out.",FRAUD,CRITICAL,FRAUD_INVESTIGATION,RECEIVED,EXPLAINED,2362,1
SYN-CMP-14002,SYN-U-12873,2026-08-07T08:19:44,Duplicate payment charged for the same restaurant QR transaction.,PAYMENT,MEDIUM,TRANSACTION_OPERATIONS,RECEIVED,REVERSED,913,0
SYN-CMP-14003,SYN-U-11477,2026-08-07T11:42:17,My PIN was compromised and unauthorized funds were transferred to an unknown number.,FRAUD,CRITICAL,FRAUD_INVESTIGATION,RECEIVED,DECLINED,1864,1
SYN-CMP-14004,SYN-U-19149,2026-08-07T13:41:50,"Paid utility electricity bill through app yesterday, but bill status still shows unpaid.",PAYMENT,HIGH,TRANSACTION_OPERATIONS,RECEIVED,REFUNDED,2763,0
SYN-CMP-14005,SYN-U-13423,2026-08-07T14:16:51,"Failed cash out attempt at agent, but funds debited from balance.",CASH_OUT,LOW,TRANSACTION_OPERATIONS,RECEIVED,REFUNDED,2458,0
SYN-CMP-14006,SYN-U-19700,2026-08-07T15:08:02,"Unauthorized send money transaction of BDT 15,000 sent from my account at 3:00 AM.",FRAUD,CRITICAL,FRAUD_INVESTIGATION,RECEIVED,UNBLOCK_ACCOUNT,1831,1
SYN-CMP-14007,SYN-U-16715,2026-08-07T17:57:53,"Suspicious login notification received from unfamiliar device, someone tried to cash out.",FRAUD,CRITICAL,FRAUD_INVESTIGATION,RECEIVED,REFUNDED,2678,1
SYN-CMP-14008,SYN-U-19551,2026-08-07T18:26:16,Cash-out fee charged higher than standard 1.4% rate at the agent point.,CASH_OUT,LOW,TRANSACTION_OPERATIONS,RECEIVED,REFUNDED,264,0
SYN-CMP-14009,SYN-U-13713,2026-08-07T19:06:05,"Fund transfer to my linked commercial bank account failed, money not credited yet.",TRANSFER,LOW,TRANSACTION_OPERATIONS,RECEIVED,UNBLOCK_ACCOUNT,1379,0
SYN-CMP-14010,SYN-U-18937,2026-08-07T21:04:10,"Failed cash out attempt at agent, but funds debited from balance.",CASH_OUT,LOW,TRANSACTION_OPERATIONS,RECEIVED,IN_PROGRESS,647,0
SYN-CMP-14011,SYN-U-17691,2026-08-07T21:33:38,Want to temporarily freeze my physical card due to lost wallet.,CARD,MEDIUM,CARD_SERVICES,RECEIVED,EXPLAINED,1129,0
SYN-CMP-14012,SYN-U-19614,2026-08-08T00:06:21,"Accidentally transferred BDT 3,500 to a wrong mobile number.",TRANSFER,LOW,TRANSACTION_OPERATIONS,RECEIVED,REFUNDED,844,0
SYN-CMP-14013,SYN-U-19148,2026-08-08T00:36:27,"Suspicious login notification received from unfamiliar device, someone tried to cash out.",FRAUD,HIGH,FRAUD_INVESTIGATION,RECEIVED,REVERSED,2273,1
SYN-CMP-14014,SYN-U-16453,2026-08-08T02:12:08,Card charged USD 45.00 for an online software transaction that I cancelled.,CARD,HIGH,CARD_SERVICES,RECEIVED,REFUNDED,1808,0
SYN-CMP-14015,SYN-U-11301,2026-08-08T02:39:30,My PIN was compromised and unauthorized funds were transferred to an unknown number.,FRAUD,CRITICAL,FRAUD_INVESTIGATION,RECEIVED,REFUNDED,1196,0
SYN-CMP-14016,SYN-U-13843,2026-08-08T03:15:32,"Received a scam call asking for OTP, shortly after BDT 8,500 was transferred out.",FRAUD,HIGH,FRAUD_INVESTIGATION,RECEIVED,REFUNDED,1316,1
SYN-CMP-14017,SYN-U-10018,2026-08-08T04:27:26,Cash-out fee charged higher than standard 1.4% rate at the agent point.,CASH_OUT,MEDIUM,TRANSACTION_OPERATIONS,RECEIVED,DECLINED,2850,0
SYN-CMP-14018,SYN-U-18345,2026-08-08T05:31:24,Unable to update my registered primary phone number and email in settings.,ACCOUNT,LOW,DISPUTES,RECEIVED,EXPLAINED,2513,0
SYN-CMP-14019,SYN-U-10195,2026-08-08T05:33:59,Agent confirmed cash-out successful on terminal but I did not receive SMS confirmation.,CASH_OUT,LOW,TRANSACTION_OPERATIONS,RECEIVED,UNBLOCK_ACCOUNT,2429,0
SYN-CMP-14020,SYN-U-14606,2026-08-08T06:51:07,NID verification pending for more than 48 hours.,ACCOUNT,MEDIUM,DISPUTES,RECEIVED,IN_PROGRESS,437,0
SYN-CMP-14021,SYN-U-11111,2026-08-08T09:09:47,Money was deducted from my account but the grocery merchant did not receive payment confirmation.,PAYMENT,LOW,TRANSACTION_OPERATIONS,RECEIVED,REFUNDED,842,0
SYN-CMP-14022,SYN-U-14829,2026-08-08T09:17:58,Agent deducted fee but the cash-out transaction timed out without dispensing cash.,CASH_OUT,LOW,TRANSACTION_OPERATIONS,RECEIVED,EXPLAINED,160,0
SYN-CMP-14023,SYN-U-14997,2026-08-08T09:24:51,Money was deducted from my account but the grocery merchant did not receive payment confirmation.,PAYMENT,LOW,TRANSACTION_OPERATIONS,RECEIVED,IN_PROGRESS,356,0
SYN-CMP-14024,SYN-U-12713,2026-08-08T10:50:37,Card charged USD 45.00 for an online software transaction that I cancelled.,CARD,MEDIUM,CARD_SERVICES,RECEIVED,REVERSED,1093,0
SYN-CMP-14025,SYN-U-19336,2026-08-08T12:45:31,"Accidentally transferred BDT 3,500 to a wrong mobile number.",TRANSFER,MEDIUM,TRANSACTION_OPERATIONS,RECEIVED,DECLINED,2368,0
SYN-CMP-14026,SYN-U-13002,2026-08-08T12:55:52,International online transaction toggle keeps turning off automatically in settings.,CARD,HIGH,CARD_SERVICES,RECEIVED,REFUNDED,101,0
SYN-CMP-14027,SYN-U-13310,2026-08-08T15:48:42,Endorsement limit not updating after submitting updated passport copy.,CARD,HIGH,CARD_SERVICES,RECEIVED,REVERSED,2878,0
SYN-CMP-14028,SYN-U-19480,2026-08-08T16:12:43,Biometric fingerprint login is not working on my new Android device.,ACCOUNT,LOW,DISPUTES,RECEIVED,REVERSED,2094,0
SYN-CMP-14029,SYN-U-14897,2026-08-08T16:15:02,Partial refund received instead of full transaction amount.,REFUND,LOW,DISPUTES,RECEIVED,EXPLAINED,1390,0
SYN-CMP-14030,SYN-U-16589,2026-08-08T19:34:53,Agent deducted fee but the cash-out transaction timed out without dispensing cash.,CASH_OUT,MEDIUM,TRANSACTION_OPERATIONS,RECEIVED,EXPLAINED,2014,0
SYN-CMP-14031,SYN-U-12332,2026-08-08T20:59:05,Cash-out fee charged higher than standard 1.4% rate at the agent point.,CASH_OUT,MEDIUM,TRANSACTION_OPERATIONS,RECEIVED,UNBLOCK_ACCOUNT,929,0
SYN-CMP-14032,SYN-U-19326,2026-08-08T23:38:19,E-commerce merchant payment processed twice during checkout.,PAYMENT,HIGH,TRANSACTION_OPERATIONS,RECEIVED,REFUNDED,2429,1
SYN-CMP-14033,SYN-U-11191,2026-08-09T00:48:34,"Fund transfer to my linked commercial bank account failed, money not credited yet.",TRANSFER,LOW,TRANSACTION_OPERATIONS,RECEIVED,EXPLAINED,1925,0
SYN-CMP-14034,SYN-U-12776,2026-08-09T01:30:21,Endorsement limit not updating after submitting updated passport copy.,CARD,HIGH,CARD_SERVICES,RECEIVED,REFUNDED,1928,1
SYN-CMP-14035,SYN-U-10413,2026-08-09T01:48:08,Partial refund received instead of full transaction amount.,REFUND,LOW,DISPUTES,RECEIVED,DECLINED,2768,0
SYN-CMP-14036,SYN-U-12845,2026-08-09T02:27:12,Inter-wallet transfer delayed during peak evening banking clearing hour.,TRANSFER,LOW,TRANSACTION_OPERATIONS,RECEIVED,REVERSED,984,0
SYN-CMP-14037,SYN-U-19380,2026-08-09T03:52:45,"Payment to merchant showed failed on app, but BDT 1,200 deducted from my Upay balance.",PAYMENT,MEDIUM,TRANSACTION_OPERATIONS,RECEIVED,EXPLAINED,1592,0
SYN-CMP-14038,SYN-U-19469,2026-08-09T07:00:12,"Merchant initiated refund 5 business days ago, but balance is not credited.",REFUND,MEDIUM,DISPUTES,RECEIVED,REVERSED,625,0
SYN-CMP-14039,SYN-U-15708,2026-08-09T07:05:17,E-commerce merchant payment processed twice during checkout.,PAYMENT,MEDIUM,TRANSACTION_OPERATIONS,RECEIVED,UNBLOCK_ACCOUNT,758,0
SYN-CMP-14040,SYN-U-16576,2026-08-09T08:24:06,Money was deducted from my account but the grocery merchant did not receive payment confirmation.,PAYMENT,HIGH,TRANSACTION_OPERATIONS,RECEIVED,REVERSED,2071,0
SYN-CMP-14041,SYN-U-14774,2026-08-09T08:57:27,"Failed cash out attempt at agent, but funds debited from balance.",CASH_OUT,LOW,TRANSACTION_OPERATIONS,RECEIVED,REFUNDED,1821,0
SYN-CMP-14042,SYN-U-15396,2026-08-09T09:48:39,Duplicate payment charged for the same restaurant QR transaction.,PAYMENT,LOW,TRANSACTION_OPERATIONS,RECEIVED,REVERSED,1265,0
SYN-CMP-14043,SYN-U-18641,2026-08-09T12:34:48,Duplicate payment charged for the same restaurant QR transaction.,PAYMENT,LOW,TRANSACTION_OPERATIONS,RECEIVED,REVERSED,2402,0
SYN-CMP-14044,SYN-U-11386,2026-08-09T13:12:58,Agent confirmed cash-out successful on terminal but I did not receive SMS confirmation.,CASH_OUT,MEDIUM,TRANSACTION_OPERATIONS,RECEIVED,REFUNDED,1608,0
SYN-CMP-14045,SYN-U-10778,2026-08-09T15:11:31,Card charged USD 45.00 for an online software transaction that I cancelled.,CARD,MEDIUM,CARD_SERVICES,RECEIVED,REVERSED,2277,0
SYN-CMP-14046,SYN-U-11096,2026-08-09T15:36:28,Inter-wallet transfer delayed during peak evening banking clearing hour.,TRANSFER,MEDIUM,TRANSACTION_OPERATIONS,RECEIVED,REFUNDED,894,0
SYN-CMP-14047,SYN-U-13540,2026-08-09T15:37:01,Money was deducted from my account but the grocery merchant did not receive payment confirmation.,PAYMENT,HIGH,TRANSACTION_OPERATIONS,RECEIVED,EXPLAINED,1326,1
SYN-CMP-14048,SYN-U-16854,2026-08-09T15:46:12,My account has been temporarily restricted after entering wrong PIN 3 times.,ACCOUNT,LOW,DISPUTES,RECEIVED,EXPLAINED,275,0
SYN-CMP-14049,SYN-U-19086,2026-08-09T17:57:47,Phishing message led to account takeover and repeated cash-out attempts.,FRAUD,CRITICAL,FRAUD_INVESTIGATION,RECEIVED,REVERSED,1200,1
SYN-CMP-14050,SYN-U-15671,2026-08-09T18:20:04,International online transaction toggle keeps turning off automatically in settings.,CARD,LOW,CARD_SERVICES,RECEIVED,UNBLOCK_ACCOUNT,1712,0
SYN-CMP-14051,SYN-U-19110,2026-08-09T18:45:34,Card charged USD 45.00 for an online software transaction that I cancelled.,CARD,MEDIUM,CARD_SERVICES,RECEIVED,EXPLAINED,498,0
SYN-CMP-14052,SYN-U-14546,2026-08-09T18:57:42,E-commerce merchant payment processed twice during checkout.,PAYMENT,HIGH,TRANSACTION_OPERATIONS,RECEIVED,EXPLAINED,739,1
SYN-CMP-14053,SYN-U-19834,2026-08-09T20:39:01,"Paid utility electricity bill through app yesterday, but bill status still shows unpaid.",PAYMENT,HIGH,TRANSACTION_OPERATIONS,RECEIVED,EXPLAINED,2720,1
SYN-CMP-14054,SYN-U-10446,2026-08-09T21:50:57,Partial refund received instead of full transaction amount.,REFUND,MEDIUM,DISPUTES,RECEIVED,DECLINED,2380,0
SYN-CMP-14055,SYN-U-10402,2026-08-09T22:16:32,Want to temporarily freeze my physical card due to lost wallet.,CARD,MEDIUM,CARD_SERVICES,RECEIVED,EXPLAINED,1402,0
SYN-CMP-14056,SYN-U-16649,2026-08-09T22:40:27,Biometric fingerprint login is not working on my new Android device.,ACCOUNT,LOW,DISPUTES,RECEIVED,REFUNDED,1330,0
SYN-CMP-14057,SYN-U-12839,2026-08-10T00:07:01,"Unauthorized send money transaction of BDT 15,000 sent from my account at 3:00 AM.",FRAUD,CRITICAL,FRAUD_INVESTIGATION,RECEIVED,EXPLAINED,2215,0
SYN-CMP-14058,SYN-U-14508,2026-08-10T00:31:39,Money was deducted from my account but the grocery merchant did not receive payment confirmation.,PAYMENT,MEDIUM,TRANSACTION_OPERATIONS,RECEIVED,REFUNDED,308,0
SYN-CMP-14059,SYN-U-15524,2026-08-10T02:23:23,E-commerce merchant payment processed twice during checkout.,PAYMENT,MEDIUM,TRANSACTION_OPERATIONS,RECEIVED,IN_PROGRESS,1587,0
SYN-CMP-14060,SYN-U-13162,2026-08-10T05:09:36,Phishing message led to account takeover and repeated cash-out attempts.,FRAUD,HIGH,FRAUD_INVESTIGATION,RECEIVED,REFUNDED,2739,0
SYN-CMP-14061,SYN-U-10787,2026-08-10T05:36:34,NID verification pending for more than 48 hours.,ACCOUNT,LOW,DISPUTES,RECEIVED,REFUNDED,845,0
SYN-CMP-14062,SYN-U-13842,2026-08-10T07:27:30,My account has been temporarily restricted after entering wrong PIN 3 times.,ACCOUNT,MEDIUM,DISPUTES,RECEIVED,REVERSED,2483,0
SYN-CMP-14063,SYN-U-14280,2026-08-10T07:28:31,Biometric fingerprint login is not working on my new Android device.,ACCOUNT,LOW,DISPUTES,RECEIVED,REFUNDED,946,0
SYN-CMP-14064,SYN-U-12808,2026-08-10T07:47:42,Cancelled e-commerce order refund amount is missing BDT 250 processing fee.,REFUND,MEDIUM,DISPUTES,RECEIVED,UNBLOCK_ACCOUNT,2117,0
SYN-CMP-14065,SYN-U-10557,2026-08-10T13:05:14,"Unauthorized send money transaction of BDT 15,000 sent from my account at 3:00 AM.",FRAUD,HIGH,FRAUD_INVESTIGATION,RECEIVED,REFUNDED,2379,1
SYN-CMP-14066,SYN-U-13064,2026-08-10T14:23:23,Inter-wallet transfer delayed during peak evening banking clearing hour.,TRANSFER,MEDIUM,TRANSACTION_OPERATIONS,RECEIVED,UNBLOCK_ACCOUNT,1083,0
SYN-CMP-14067,SYN-U-12912,2026-08-10T15:06:10,"Received a scam call asking for OTP, shortly after BDT 8,500 was transferred out.",FRAUD,HIGH,FRAUD_INVESTIGATION,RECEIVED,REVERSED,2845,0
SYN-CMP-14068,SYN-U-12255,2026-08-10T16:46:24,Cancelled e-commerce order refund amount is missing BDT 250 processing fee.,REFUND,LOW,DISPUTES,RECEIVED,IN_PROGRESS,685,0
SYN-CMP-14069,SYN-U-16391,2026-08-10T20:27:49,Agent confirmed cash-out successful on terminal but I did not receive SMS confirmation.,CASH_OUT,LOW,TRANSACTION_OPERATIONS,RECEIVED,EXPLAINED,310,0
SYN-CMP-14070,SYN-U-17001,2026-08-10T23:21:15,"Suspicious login notification received from unfamiliar device, someone tried to cash out.",FRAUD,CRITICAL,FRAUD_INVESTIGATION,RECEIVED,REVERSED,1550,1
SYN-CMP-14071,SYN-U-12107,2026-08-10T23:43:02,E-commerce merchant payment processed twice during checkout.,PAYMENT,MEDIUM,TRANSACTION_OPERATIONS,RECEIVED,IN_PROGRESS,1295,0
SYN-CMP-14072,SYN-U-15851,2026-08-11T01:27:04,"Paid utility electricity bill through app yesterday, but bill status still shows unpaid.",PAYMENT,MEDIUM,TRANSACTION_OPERATIONS,RECEIVED,REFUNDED,2461,0
SYN-CMP-14073,SYN-U-11437,2026-08-11T01:58:21,Cash-out fee charged higher than standard 1.4% rate at the agent point.,CASH_OUT,LOW,TRANSACTION_OPERATIONS,RECEIVED,DECLINED,340,0
SYN-CMP-14074,SYN-U-11262,2026-08-11T03:25:05,Duplicate payment charged for the same restaurant QR transaction.,PAYMENT,MEDIUM,TRANSACTION_OPERATIONS,RECEIVED,EXPLAINED,1570,0
SYN-CMP-14075,SYN-U-13885,2026-08-11T04:04:28,Upay mobile app crashes immediately on splash screen after latest update.,TECHNICAL,MEDIUM,TECH_SUPPORT,RECEIVED,UNBLOCK_ACCOUNT,1897,0
SYN-CMP-14076,SYN-U-17307,2026-08-11T05:00:46,Cash-out fee charged higher than standard 1.4% rate at the agent point.,CASH_OUT,MEDIUM,TRANSACTION_OPERATIONS,RECEIVED,UNBLOCK_ACCOUNT,1997,0
SYN-CMP-14077,SYN-U-17514,2026-08-11T05:29:43,"Payment to merchant showed failed on app, but BDT 1,200 deducted from my Upay balance.",PAYMENT,HIGH,TRANSACTION_OPERATIONS,RECEIVED,EXPLAINED,2293,1
SYN-CMP-14078,SYN-U-12380,2026-08-11T07:48:26,International online transaction toggle keeps turning off automatically in settings.,CARD,MEDIUM,CARD_SERVICES,RECEIVED,REFUNDED,1861,0
SYN-CMP-14079,SYN-U-17926,2026-08-11T09:19:38,My PIN was compromised and unauthorized funds were transferred to an unknown number.,FRAUD,HIGH,FRAUD_INVESTIGATION,RECEIVED,EXPLAINED,2651,1
SYN-CMP-14080,SYN-U-18348,2026-08-11T09:38:30,Money was deducted from my account but the grocery merchant did not receive payment confirmation.,PAYMENT,MEDIUM,TRANSACTION_OPERATIONS,RECEIVED,REFUNDED,2357,0
SYN-CMP-14081,SYN-U-18298,2026-08-11T11:39:40,"Accidentally transferred BDT 3,500 to a wrong mobile number.",TRANSFER,LOW,TRANSACTION_OPERATIONS,RECEIVED,REVERSED,817,0
SYN-CMP-14082,SYN-U-15704,2026-08-11T11:48:25,Money was deducted from my account but the grocery merchant did not receive payment confirmation.,PAYMENT,MEDIUM,TRANSACTION_OPERATIONS,RECEIVED,REVERSED,1673,0
SYN-CMP-14083,SYN-U-10778,2026-08-11T12:13:44,Want to temporarily freeze my physical card due to lost wallet.,CARD,MEDIUM,CARD_SERVICES,RECEIVED,REFUNDED,35,0
SYN-CMP-14084,SYN-U-19438,2026-08-11T13:37:47,"Merchant initiated refund 5 business days ago, but balance is not credited.",REFUND,MEDIUM,DISPUTES,RECEIVED,EXPLAINED,1852,0
SYN-CMP-14085,SYN-U-10771,2026-08-11T13:50:54,Requesting official annual account statement for tax filing purposes.,OTHER,MEDIUM,DISPUTES,RECEIVED,REFUNDED,2028,0
SYN-CMP-14086,SYN-U-11589,2026-08-11T16:23:01,"Payment to merchant showed failed on app, but BDT 1,200 deducted from my Upay balance.",PAYMENT,MEDIUM,TRANSACTION_OPERATIONS,RECEIVED,EXPLAINED,1582,0
SYN-CMP-14087,SYN-U-17113,2026-08-11T16:31:40,"Merchant initiated refund 5 business days ago, but balance is not credited.",REFUND,LOW,DISPUTES,RECEIVED,REFUNDED,1357,0
SYN-CMP-14088,SYN-U-15235,2026-08-11T17:33:45,My PIN was compromised and unauthorized funds were transferred to an unknown number.,FRAUD,HIGH,FRAUD_INVESTIGATION,RECEIVED,REVERSED,2746,0
SYN-CMP-14089,SYN-U-19836,2026-08-11T17:50:53,E-commerce merchant payment processed twice during checkout.,PAYMENT,MEDIUM,TRANSACTION_OPERATIONS,RECEIVED,EXPLAINED,2143,0
SYN-CMP-14090,SYN-U-16065,2026-08-11T20:30:33,My account has been temporarily restricted after entering wrong PIN 3 times.,ACCOUNT,LOW,DISPUTES,RECEIVED,REFUNDED,2787,0
SYN-CMP-14091,SYN-U-15932,2026-08-11T20:51:22,SMS OTP is taking over 5 minutes to arrive during login attempt.,TECHNICAL,LOW,TECH_SUPPORT,RECEIVED,EXPLAINED,2486,0
SYN-CMP-14092,SYN-U-16601,2026-08-11T21:10:13,"Merchant initiated refund 5 business days ago, but balance is not credited.",REFUND,LOW,DISPUTES,RECEIVED,EXPLAINED,406,0
SYN-CMP-14093,SYN-U-15669,2026-08-11T21:56:27,Duplicate payment charged for the same restaurant QR transaction.,PAYMENT,LOW,TRANSACTION_OPERATIONS,RECEIVED,REFUNDED,115,0
SYN-CMP-14094,SYN-U-13839,2026-08-11T22:39:30,Inter-wallet transfer delayed during peak evening banking clearing hour.,TRANSFER,LOW,TRANSACTION_OPERATIONS,RECEIVED,EXPLAINED,1531,0
SYN-CMP-14095,SYN-U-18405,2026-08-11T23:16:55,Duplicate payment charged for the same restaurant QR transaction.,PAYMENT,HIGH,TRANSACTION_OPERATIONS,RECEIVED,EXPLAINED,344,0
SYN-CMP-14096,SYN-U-16517,2026-08-12T01:02:09,"Payment to merchant showed failed on app, but BDT 1,200 deducted from my Upay balance.",PAYMENT,MEDIUM,TRANSACTION_OPERATIONS,RECEIVED,REFUNDED,2172,0
SYN-CMP-14097,SYN-U-17223,2026-08-12T01:30:17,Biometric fingerprint login is not working on my new Android device.,ACCOUNT,MEDIUM,DISPUTES,RECEIVED,REFUNDED,1339,0
SYN-CMP-14098,SYN-U-13847,2026-08-12T01:40:25,My virtual dual-currency card was declined while making an international subscription payment.,CARD,LOW,CARD_SERVICES,RECEIVED,EXPLAINED,2234,0
SYN-CMP-14099,SYN-U-11929,2026-08-12T03:39:38,NID verification pending for more than 48 hours.,ACCOUNT,LOW,DISPUTES,RECEIVED,REVERSED,1240,0
SYN-CMP-14100,SYN-U-18850,2026-08-12T04:02:50,Partial refund received instead of full transaction amount.,REFUND,LOW,DISPUTES,RECEIVED,REFUNDED,1246,0
SYN-CMP-14101,SYN-U-11610,2026-08-12T04:09:22,NID verification pending for more than 48 hours.,ACCOUNT,LOW,DISPUTES,RECEIVED,REVERSED,674,0
SYN-CMP-14102,SYN-U-16903,2026-08-12T07:10:48,Cancelled e-commerce order refund amount is missing BDT 250 processing fee.,REFUND,MEDIUM,DISPUTES,RECEIVED,REFUNDED,1374,0
SYN-CMP-14103,SYN-U-15962,2026-08-12T07:56:41,E-commerce merchant payment processed twice during checkout.,PAYMENT,HIGH,TRANSACTION_OPERATIONS,RECEIVED,REFUNDED,913,0
SYN-CMP-14104,SYN-U-17658,2026-08-12T10:44:16,"Failed cash out attempt at agent, but funds debited from balance.",CASH_OUT,LOW,TRANSACTION_OPERATIONS,RECEIVED,REVERSED,235,0
SYN-CMP-14105,SYN-U-15114,2026-08-12T13:28:38,"Unauthorized send money transaction of BDT 15,000 sent from my account at 3:00 AM.",FRAUD,HIGH,FRAUD_INVESTIGATION,RECEIVED,IN_PROGRESS,1166,1
SYN-CMP-14106,SYN-U-10407,2026-08-12T14:25:55,Bank deposit to Upay wallet via internet banking hasn't reflected after 4 hours.,TRANSFER,LOW,TRANSACTION_OPERATIONS,RECEIVED,REFUNDED,2365,0
SYN-CMP-14107,SYN-U-19581,2026-08-12T14:51:37,Duplicate payment charged for the same restaurant QR transaction.,PAYMENT,MEDIUM,TRANSACTION_OPERATIONS,RECEIVED,EXPLAINED,851,0
SYN-CMP-14108,SYN-U-13710,2026-08-12T15:22:12,Phishing message led to account takeover and repeated cash-out attempts.,FRAUD,HIGH,FRAUD_INVESTIGATION,RECEIVED,EXPLAINED,2640,1
SYN-CMP-14109,SYN-U-14582,2026-08-12T15:40:50,"Failed cash out attempt at agent, but funds debited from balance.",CASH_OUT,LOW,TRANSACTION_OPERATIONS,RECEIVED,EXPLAINED,2300,0
SYN-CMP-14110,SYN-U-19356,2026-08-12T16:24:16,Agent deducted fee but the cash-out transaction timed out without dispensing cash.,CASH_OUT,LOW,TRANSACTION_OPERATIONS,RECEIVED,REFUNDED,2583,0
SYN-CMP-14111,SYN-U-17049,2026-08-12T16:43:53,Requesting official annual account statement for tax filing purposes.,OTHER,LOW,DISPUTES,RECEIVED,REFUNDED,322,0
SYN-CMP-14112,SYN-U-17796,2026-08-12T17:53:27,"Payment to merchant showed failed on app, but BDT 1,200 deducted from my Upay balance.",PAYMENT,MEDIUM,TRANSACTION_OPERATIONS,RECEIVED,EXPLAINED,145,0
SYN-CMP-14113,SYN-U-17921,2026-08-12T19:30:13,Card charged USD 45.00 for an online software transaction that I cancelled.,CARD,LOW,CARD_SERVICES,RECEIVED,UNBLOCK_ACCOUNT,523,0
SYN-CMP-14114,SYN-U-14423,2026-08-12T20:52:24,"Fund transfer to my linked commercial bank account failed, money not credited yet.",TRANSFER,LOW,TRANSACTION_OPERATIONS,RECEIVED,REFUNDED,843,0
SYN-CMP-14115,SYN-U-15857,2026-08-12T22:27:28,"Received a scam call asking for OTP, shortly after BDT 8,500 was transferred out.",FRAUD,CRITICAL,FRAUD_INVESTIGATION,RECEIVED,IN_PROGRESS,1312,0
SYN-CMP-14116,SYN-U-12769,2026-08-12T22:56:17,Want to temporarily freeze my physical card due to lost wallet.,CARD,MEDIUM,CARD_SERVICES,RECEIVED,DECLINED,1485,0
SYN-CMP-14117,SYN-U-14141,2026-08-13T06:50:22,Card charged USD 45.00 for an online software transaction that I cancelled.,CARD,HIGH,CARD_SERVICES,RECEIVED,REFUNDED,1548,0
SYN-CMP-14118,SYN-U-18909,2026-08-13T08:40:26,SMS OTP is taking over 5 minutes to arrive during login attempt.,TECHNICAL,LOW,TECH_SUPPORT,RECEIVED,UNBLOCK_ACCOUNT,476,0
SYN-CMP-14119,SYN-U-19075,2026-08-13T11:55:39,E-commerce merchant payment processed twice during checkout.,PAYMENT,LOW,TRANSACTION_OPERATIONS,RECEIVED,REFUNDED,1985,0
SYN-CMP-14120,SYN-U-19629,2026-08-13T13:26:36,"Paid utility electricity bill through app yesterday, but bill status still shows unpaid.",PAYMENT,MEDIUM,TRANSACTION_OPERATIONS,RECEIVED,UNBLOCK_ACCOUNT,2165,0
SYN-CMP-14121,SYN-U-19861,2026-08-13T13:48:50,Duplicate payment charged for the same restaurant QR transaction.,PAYMENT,LOW,TRANSACTION_OPERATIONS,RECEIVED,EXPLAINED,2601,0
SYN-CMP-14122,SYN-U-17223,2026-08-13T15:45:49,Duplicate payment charged for the same restaurant QR transaction.,PAYMENT,MEDIUM,TRANSACTION_OPERATIONS,RECEIVED,EXPLAINED,1023,0
SYN-CMP-14123,SYN-U-14481,2026-08-13T19:11:36,"Fund transfer to my linked commercial bank account failed, money not credited yet.",TRANSFER,LOW,TRANSACTION_OPERATIONS,RECEIVED,REFUNDED,1821,0
SYN-CMP-14124,SYN-U-18505,2026-08-13T21:25:53,E-commerce merchant payment processed twice during checkout.,PAYMENT,HIGH,TRANSACTION_OPERATIONS,RECEIVED,REFUNDED,920,0
SYN-CMP-14125,SYN-U-10639,2026-08-13T22:12:32,Biometric fingerprint login is not working on my new Android device.,ACCOUNT,MEDIUM,DISPUTES,RECEIVED,DECLINED,1830,0
SYN-CMP-14126,SYN-U-14697,2026-08-13T22:17:20,Unable to update my registered primary phone number and email in settings.,ACCOUNT,LOW,DISPUTES,RECEIVED,IN_PROGRESS,1494,0
SYN-CMP-14127,SYN-U-17511,2026-08-14T01:20:31,Endorsement limit not updating after submitting updated passport copy.,CARD,MEDIUM,CARD_SERVICES,RECEIVED,EXPLAINED,745,0
SYN-CMP-14128,SYN-U-11875,2026-08-14T04:47:55,E-commerce merchant payment processed twice during checkout.,PAYMENT,MEDIUM,TRANSACTION_OPERATIONS,RECEIVED,REFUNDED,1615,0
SYN-CMP-14129,SYN-U-15756,2026-08-14T06:30:54,Agent confirmed cash-out successful on terminal but I did not receive SMS confirmation.,CASH_OUT,LOW,TRANSACTION_OPERATIONS,RECEIVED,EXPLAINED,1907,0
SYN-CMP-14130,SYN-U-16153,2026-08-14T06:35:45,"Suspicious login notification received from unfamiliar device, someone tried to cash out.",FRAUD,CRITICAL,FRAUD_INVESTIGATION,RECEIVED,UNBLOCK_ACCOUNT,1813,0
SYN-CMP-14131,SYN-U-16084,2026-08-14T06:40:20,Money was deducted from my account but the grocery merchant did not receive payment confirmation.,PAYMENT,HIGH,TRANSACTION_OPERATIONS,RECEIVED,UNBLOCK_ACCOUNT,260,0
SYN-CMP-14132,SYN-U-19960,2026-08-14T08:00:02,Duplicate payment charged for the same restaurant QR transaction.,PAYMENT,MEDIUM,TRANSACTION_OPERATIONS,RECEIVED,REFUNDED,281,0
SYN-CMP-14133,SYN-U-13127,2026-08-14T08:26:30,Requesting official annual account statement for tax filing purposes.,OTHER,LOW,DISPUTES,RECEIVED,UNBLOCK_ACCOUNT,770,0
SYN-CMP-14134,SYN-U-10337,2026-08-14T08:30:28,Phishing message led to account takeover and repeated cash-out attempts.,FRAUD,CRITICAL,FRAUD_INVESTIGATION,RECEIVED,REFUNDED,2526,1
SYN-CMP-14135,SYN-U-17776,2026-08-14T08:42:36,"Unauthorized send money transaction of BDT 15,000 sent from my account at 3:00 AM.",FRAUD,CRITICAL,FRAUD_INVESTIGATION,RECEIVED,REFUNDED,2684,1
SYN-CMP-14136,SYN-U-10957,2026-08-14T09:35:34,"Accidentally transferred BDT 3,500 to a wrong mobile number.",TRANSFER,LOW,TRANSACTION_OPERATIONS,RECEIVED,EXPLAINED,785,0
SYN-CMP-14137,SYN-U-15480,2026-08-14T10:52:22,E-commerce merchant payment processed twice during checkout.,PAYMENT,MEDIUM,TRANSACTION_OPERATIONS,RECEIVED,REVERSED,2183,0
SYN-CMP-14138,SYN-U-19246,2026-08-14T11:23:30,Money was deducted from my account but the grocery merchant did not receive payment confirmation.,PAYMENT,HIGH,TRANSACTION_OPERATIONS,RECEIVED,REFUNDED,1075,1
SYN-CMP-14139,SYN-U-10739,2026-08-14T11:49:35,Requesting official annual account statement for tax filing purposes.,OTHER,LOW,DISPUTES,RECEIVED,REFUNDED,467,0
SYN-CMP-14140,SYN-U-18957,2026-08-14T16:15:34,"Unauthorized send money transaction of BDT 15,000 sent from my account at 3:00 AM.",FRAUD,HIGH,FRAUD_INVESTIGATION,RECEIVED,EXPLAINED,2306,1
SYN-CMP-14141,SYN-U-14927,2026-08-14T16:23:39,Bank deposit to Upay wallet via internet banking hasn't reflected after 4 hours.,TRANSFER,LOW,TRANSACTION_OPERATIONS,RECEIVED,REFUNDED,408,0
SYN-CMP-14142,SYN-U-18545,2026-08-14T17:21:20,Biometric fingerprint login is not working on my new Android device.,ACCOUNT,LOW,DISPUTES,RECEIVED,IN_PROGRESS,1274,0
SYN-CMP-14143,SYN-U-16080,2026-08-14T18:15:59,Card charged USD 45.00 for an online software transaction that I cancelled.,CARD,MEDIUM,CARD_SERVICES,RECEIVED,REFUNDED,322,0
SYN-CMP-14144,SYN-U-10742,2026-08-14T19:15:52,Want to temporarily freeze my physical card due to lost wallet.,CARD,MEDIUM,CARD_SERVICES,RECEIVED,REFUNDED,2280,0
SYN-CMP-14145,SYN-U-10611,2026-08-14T19:24:56,My account has been temporarily restricted after entering wrong PIN 3 times.,ACCOUNT,LOW,DISPUTES,RECEIVED,DECLINED,70,0
SYN-CMP-14146,SYN-U-14944,2026-08-14T23:04:38,Partial refund received instead of full transaction amount.,REFUND,MEDIUM,DISPUTES,RECEIVED,REFUNDED,2161,0
SYN-CMP-14147,SYN-U-15515,2026-08-14T23:30:01,"Failed cash out attempt at agent, but funds debited from balance.",CASH_OUT,MEDIUM,TRANSACTION_OPERATIONS,RECEIVED,REFUNDED,884,0
SYN-CMP-14148,SYN-U-17773,2026-08-14T23:36:41,My virtual dual-currency card was declined while making an international subscription payment.,CARD,MEDIUM,CARD_SERVICES,RECEIVED,UNBLOCK_ACCOUNT,2691,0
SYN-CMP-14149,SYN-U-13686,2026-08-15T00:39:04,Money was deducted from my account but the grocery merchant did not receive payment confirmation.,PAYMENT,HIGH,TRANSACTION_OPERATIONS,RECEIVED,UNBLOCK_ACCOUNT,760,0
SYN-CMP-14150,SYN-U-11273,2026-08-15T02:47:50,Agent confirmed cash-out successful on terminal but I did not receive SMS confirmation.,CASH_OUT,MEDIUM,TRANSACTION_OPERATIONS,RECEIVED,REFUNDED,2477,0
SYN-CMP-14151,SYN-U-17214,2026-08-15T03:25:45,Money was deducted from my account but the grocery merchant did not receive payment confirmation.,PAYMENT,MEDIUM,TRANSACTION_OPERATIONS,RECEIVED,IN_PROGRESS,1415,0
SYN-CMP-14152,SYN-U-18618,2026-08-15T07:07:38,Money was deducted from my account but the grocery merchant did not receive payment confirmation.,PAYMENT,MEDIUM,TRANSACTION_OPERATIONS,RECEIVED,IN_PROGRESS,1133,0
SYN-CMP-14153,SYN-U-16088,2026-08-15T07:51:06,Agent deducted fee but the cash-out transaction timed out without dispensing cash.,CASH_OUT,MEDIUM,TRANSACTION_OPERATIONS,RECEIVED,EXPLAINED,1907,0
SYN-CMP-14154,SYN-U-16101,2026-08-15T08:28:03,Want to temporarily freeze my physical card due to lost wallet.,CARD,LOW,CARD_SERVICES,RECEIVED,UNBLOCK_ACCOUNT,1022,0
SYN-CMP-14155,SYN-U-17083,2026-08-15T09:56:17,"Payment to merchant showed failed on app, but BDT 1,200 deducted from my Upay balance.",PAYMENT,MEDIUM,TRANSACTION_OPERATIONS,RECEIVED,EXPLAINED,2583,0
SYN-CMP-14156,SYN-U-11966,2026-08-15T11:23:21,"Fund transfer to my linked commercial bank account failed, money not credited yet.",TRANSFER,LOW,TRANSACTION_OPERATIONS,RECEIVED,EXPLAINED,925,0
SYN-CMP-14157,SYN-U-14480,2026-08-15T13:38:38,NID verification pending for more than 48 hours.,ACCOUNT,MEDIUM,DISPUTES,RECEIVED,DECLINED,2628,0
SYN-CMP-14158,SYN-U-16785,2026-08-15T15:05:25,Money was deducted from my account but the grocery merchant did not receive payment confirmation.,PAYMENT,MEDIUM,TRANSACTION_OPERATIONS,RECEIVED,IN_PROGRESS,2674,0
SYN-CMP-14159,SYN-U-14711,2026-08-15T15:26:58,"Paid utility electricity bill through app yesterday, but bill status still shows unpaid.",PAYMENT,MEDIUM,TRANSACTION_OPERATIONS,RECEIVED,EXPLAINED,794,0
SYN-CMP-14160,SYN-U-18277,2026-08-15T18:09:19,"Failed cash out attempt at agent, but funds debited from balance.",CASH_OUT,MEDIUM,TRANSACTION_OPERATIONS,RECEIVED,EXPLAINED,2571,0
SYN-CMP-14161,SYN-U-15991,2026-08-15T18:28:49,"Paid utility electricity bill through app yesterday, but bill status still shows unpaid.",PAYMENT,MEDIUM,TRANSACTION_OPERATIONS,RECEIVED,IN_PROGRESS,1400,0
SYN-CMP-14162,SYN-U-14507,2026-08-15T18:55:51,Upay mobile app crashes immediately on splash screen after latest update.,TECHNICAL,MEDIUM,TECH_SUPPORT,RECEIVED,EXPLAINED,489,0
SYN-CMP-14163,SYN-U-18783,2026-08-15T21:40:48,Biometric fingerprint login is not working on my new Android device.,ACCOUNT,MEDIUM,DISPUTES,RECEIVED,EXPLAINED,847,0
SYN-CMP-14164,SYN-U-16616,2026-08-16T01:50:19,Partial refund received instead of full transaction amount.,REFUND,LOW,DISPUTES,RECEIVED,REVERSED,368,0
SYN-CMP-14165,SYN-U-17469,2026-08-16T02:25:47,"Unauthorized send money transaction of BDT 15,000 sent from my account at 3:00 AM.",FRAUD,HIGH,FRAUD_INVESTIGATION,RECEIVED,REFUNDED,2086,1
SYN-CMP-14166,SYN-U-19535,2026-08-16T03:47:08,My PIN was compromised and unauthorized funds were transferred to an unknown number.,FRAUD,CRITICAL,FRAUD_INVESTIGATION,RECEIVED,REFUNDED,2632,1
SYN-CMP-14167,SYN-U-17641,2026-08-16T05:33:44,Biometric fingerprint login is not working on my new Android device.,ACCOUNT,LOW,DISPUTES,RECEIVED,REFUNDED,1519,0
SYN-CMP-14168,SYN-U-17310,2026-08-16T08:43:16,"Failed cash out attempt at agent, but funds debited from balance.",CASH_OUT,MEDIUM,TRANSACTION_OPERATIONS,RECEIVED,UNBLOCK_ACCOUNT,821,0
SYN-CMP-14169,SYN-U-15935,2026-08-16T12:44:32,My account has been temporarily restricted after entering wrong PIN 3 times.,ACCOUNT,LOW,DISPUTES,RECEIVED,EXPLAINED,1272,0
SYN-CMP-14170,SYN-U-10397,2026-08-16T14:19:58,Need clarification on loyalty reward cashback points calculation.,OTHER,LOW,DISPUTES,RECEIVED,EXPLAINED,268,0
SYN-CMP-14171,SYN-U-17139,2026-08-16T14:43:56,Network connection error occurred during transaction processing screen.,TECHNICAL,MEDIUM,TECH_SUPPORT,RECEIVED,EXPLAINED,527,0
SYN-CMP-14172,SYN-U-13084,2026-08-16T16:05:51,Agent confirmed cash-out successful on terminal but I did not receive SMS confirmation.,CASH_OUT,MEDIUM,TRANSACTION_OPERATIONS,RECEIVED,IN_PROGRESS,87,0
SYN-CMP-14173,SYN-U-15455,2026-08-16T16:58:37,"Merchant initiated refund 5 business days ago, but balance is not credited.",REFUND,LOW,DISPUTES,RECEIVED,REFUNDED,510,0
SYN-CMP-14174,SYN-U-11981,2026-08-16T17:55:06,"Received a scam call asking for OTP, shortly after BDT 8,500 was transferred out.",FRAUD,CRITICAL,FRAUD_INVESTIGATION,RECEIVED,IN_PROGRESS,1762,0
SYN-CMP-14175,SYN-U-13866,2026-08-16T18:08:14,App says account dormant even though I received funds two weeks ago.,ACCOUNT,MEDIUM,DISPUTES,RECEIVED,REFUNDED,2764,0
SYN-CMP-14176,SYN-U-13933,2026-08-16T20:06:10,My PIN was compromised and unauthorized funds were transferred to an unknown number.,FRAUD,HIGH,FRAUD_INVESTIGATION,RECEIVED,EXPLAINED,847,0
SYN-CMP-14177,SYN-U-11877,2026-08-16T20:14:46,Endorsement limit not updating after submitting updated passport copy.,CARD,MEDIUM,CARD_SERVICES,RECEIVED,IN_PROGRESS,236,0
SYN-CMP-14178,SYN-U-15382,2026-08-16T20:38:28,"Failed cash out attempt at agent, but funds debited from balance.",CASH_OUT,LOW,TRANSACTION_OPERATIONS,RECEIVED,UNBLOCK_ACCOUNT,2435,0
SYN-CMP-14179,SYN-U-19270,2026-08-16T20:39:31,Duplicate payment charged for the same restaurant QR transaction.,PAYMENT,MEDIUM,TRANSACTION_OPERATIONS,RECEIVED,REFUNDED,2510,0
SYN-CMP-14180,SYN-U-10922,2026-08-16T21:14:28,Biometric fingerprint login is not working on my new Android device.,ACCOUNT,LOW,DISPUTES,RECEIVED,REVERSED,386,0
SYN-CMP-14181,SYN-U-11641,2026-08-16T23:02:57,SMS OTP is taking over 5 minutes to arrive during login attempt.,TECHNICAL,MEDIUM,TECH_SUPPORT,RECEIVED,EXPLAINED,672,0
SYN-CMP-14182,SYN-U-13279,2026-08-17T01:14:31,Money was deducted from my account but the grocery merchant did not receive payment confirmation.,PAYMENT,HIGH,TRANSACTION_OPERATIONS,RECEIVED,REFUNDED,252,1
SYN-CMP-14183,SYN-U-11235,2026-08-17T01:31:39,Duplicate payment charged for the same restaurant QR transaction.,PAYMENT,MEDIUM,TRANSACTION_OPERATIONS,RECEIVED,REFUNDED,2093,0
SYN-CMP-14184,SYN-U-18677,2026-08-17T02:33:51,"Paid utility electricity bill through app yesterday, but bill status still shows unpaid.",PAYMENT,HIGH,TRANSACTION_OPERATIONS,RECEIVED,REFUNDED,2085,1
SYN-CMP-14185,SYN-U-19021,2026-08-17T03:49:28,My PIN was compromised and unauthorized funds were transferred to an unknown number.,FRAUD,CRITICAL,FRAUD_INVESTIGATION,RECEIVED,REFUNDED,1873,1
SYN-CMP-14186,SYN-U-10971,2026-08-17T06:40:13,Biometric fingerprint login is not working on my new Android device.,ACCOUNT,LOW,DISPUTES,RECEIVED,REVERSED,384,0
SYN-CMP-14187,SYN-U-19386,2026-08-17T07:37:29,"Failed cash out attempt at agent, but funds debited from balance.",CASH_OUT,LOW,TRANSACTION_OPERATIONS,RECEIVED,EXPLAINED,1086,0
SYN-CMP-14188,SYN-U-17745,2026-08-17T08:24:53,"Paid utility electricity bill through app yesterday, but bill status still shows unpaid.",PAYMENT,HIGH,TRANSACTION_OPERATIONS,RECEIVED,EXPLAINED,2333,0
SYN-CMP-14189,SYN-U-11479,2026-08-17T13:09:58,NID verification pending for more than 48 hours.,ACCOUNT,LOW,DISPUTES,RECEIVED,REFUNDED,2068,0
SYN-CMP-14190,SYN-U-19129,2026-08-17T15:00:31,Money was deducted from my account but the grocery merchant did not receive payment confirmation.,PAYMENT,MEDIUM,TRANSACTION_OPERATIONS,RECEIVED,REFUNDED,2709,0
SYN-CMP-14191,SYN-U-18296,2026-08-17T20:03:27,E-commerce merchant payment processed twice during checkout.,PAYMENT,MEDIUM,TRANSACTION_OPERATIONS,RECEIVED,REFUNDED,570,0
SYN-CMP-14192,SYN-U-19757,2026-08-17T20:56:48,Phishing message led to account takeover and repeated cash-out attempts.,FRAUD,HIGH,FRAUD_INVESTIGATION,RECEIVED,REFUNDED,550,0
SYN-CMP-14193,SYN-U-18108,2026-08-17T21:15:44,E-commerce merchant payment processed twice during checkout.,PAYMENT,MEDIUM,TRANSACTION_OPERATIONS,RECEIVED,REVERSED,2725,0
SYN-CMP-14194,SYN-U-18670,2026-08-17T22:01:31,"Accidentally transferred BDT 3,500 to a wrong mobile number.",TRANSFER,LOW,TRANSACTION_OPERATIONS,RECEIVED,IN_PROGRESS,2561,0
SYN-CMP-14195,SYN-U-16466,2026-08-17T22:05:51,"Paid utility electricity bill through app yesterday, but bill status still shows unpaid.",PAYMENT,HIGH,TRANSACTION_OPERATIONS,RECEIVED,DECLINED,1678,0
SYN-CMP-14196,SYN-U-15383,2026-08-17T22:08:19,International online transaction toggle keeps turning off automatically in settings.,CARD,HIGH,CARD_SERVICES,RECEIVED,REFUNDED,93,1
SYN-CMP-14197,SYN-U-19597,2026-08-17T22:35:36,"Payment to merchant showed failed on app, but BDT 1,200 deducted from my Upay balance.",PAYMENT,MEDIUM,TRANSACTION_OPERATIONS,RECEIVED,REFUNDED,1388,0
SYN-CMP-14198,SYN-U-10040,2026-08-18T02:11:11,"Payment to merchant showed failed on app, but BDT 1,200 deducted from my Upay balance.",PAYMENT,MEDIUM,TRANSACTION_OPERATIONS,RECEIVED,REFUNDED,1083,0
SYN-CMP-14199,SYN-U-18234,2026-08-18T02:14:58,"Unauthorized send money transaction of BDT 15,000 sent from my account at 3:00 AM.",FRAUD,CRITICAL,FRAUD_INVESTIGATION,RECEIVED,EXPLAINED,1902,1
SYN-CMP-14200,SYN-U-18617,2026-08-18T03:20:27,"Merchant initiated refund 5 business days ago, but balance is not credited.",REFUND,MEDIUM,DISPUTES,RECEIVED,EXPLAINED,1075,0
SYN-CMP-14201,SYN-U-16288,2026-08-18T03:36:53,Agent deducted fee but the cash-out transaction timed out without dispensing cash.,CASH_OUT,LOW,TRANSACTION_OPERATIONS,RECEIVED,REFUNDED,1514,0
SYN-CMP-14202,SYN-U-11607,2026-08-18T07:22:42,Partial refund received instead of full transaction amount.,REFUND,LOW,DISPUTES,RECEIVED,EXPLAINED,80,0
SYN-CMP-14203,SYN-U-12743,2026-08-18T08:25:25,Unable to update my registered primary phone number and email in settings.,ACCOUNT,LOW,DISPUTES,RECEIVED,EXPLAINED,193,0
SYN-CMP-14204,SYN-U-18582,2026-08-18T09:31:21,Agent confirmed cash-out successful on terminal but I did not receive SMS confirmation.,CASH_OUT,MEDIUM,TRANSACTION_OPERATIONS,RECEIVED,REVERSED,1762,0
SYN-CMP-14205,SYN-U-14858,2026-08-18T11:11:06,Endorsement limit not updating after submitting updated passport copy.,CARD,MEDIUM,CARD_SERVICES,RECEIVED,DECLINED,2601,0
SYN-CMP-14206,SYN-U-14343,2026-08-18T13:32:03,Inter-wallet transfer delayed during peak evening banking clearing hour.,TRANSFER,LOW,TRANSACTION_OPERATIONS,RECEIVED,EXPLAINED,2237,0
SYN-CMP-14207,SYN-U-17078,2026-08-18T15:23:12,NID verification pending for more than 48 hours.,ACCOUNT,LOW,DISPUTES,RECEIVED,UNBLOCK_ACCOUNT,647,0
SYN-CMP-14208,SYN-U-15098,2026-08-18T15:40:08,Money was deducted from my account but the grocery merchant did not receive payment confirmation.,PAYMENT,MEDIUM,TRANSACTION_OPERATIONS,RECEIVED,EXPLAINED,1469,0
SYN-CMP-14209,SYN-U-17915,2026-08-18T17:01:34,Need clarification on loyalty reward cashback points calculation.,OTHER,LOW,DISPUTES,RECEIVED,REVERSED,1739,0
SYN-CMP-14210,SYN-U-14235,2026-08-18T19:25:12,"Paid utility electricity bill through app yesterday, but bill status still shows unpaid.",PAYMENT,LOW,TRANSACTION_OPERATIONS,RECEIVED,UNBLOCK_ACCOUNT,1120,0
SYN-CMP-14211,SYN-U-14645,2026-08-18T19:31:59,Cancelled e-commerce order refund amount is missing BDT 250 processing fee.,REFUND,LOW,DISPUTES,RECEIVED,REFUNDED,48,0
SYN-CMP-14212,SYN-U-14499,2026-08-18T22:41:05,Agent confirmed cash-out successful on terminal but I did not receive SMS confirmation.,CASH_OUT,MEDIUM,TRANSACTION_OPERATIONS,RECEIVED,REFUNDED,1149,0
SYN-CMP-14213,SYN-U-12720,2026-08-18T22:57:52,Phishing message led to account takeover and repeated cash-out attempts.,FRAUD,CRITICAL,FRAUD_INVESTIGATION,RECEIVED,IN_PROGRESS,2868,0
SYN-CMP-14214,SYN-U-18033,2026-08-18T23:26:02,"Unauthorized send money transaction of BDT 15,000 sent from my account at 3:00 AM.",FRAUD,CRITICAL,FRAUD_INVESTIGATION,RECEIVED,DECLINED,1106,0
SYN-CMP-14215,SYN-U-10058,2026-08-19T01:16:52,"Payment to merchant showed failed on app, but BDT 1,200 deducted from my Upay balance.",PAYMENT,MEDIUM,TRANSACTION_OPERATIONS,RECEIVED,REVERSED,385,0
SYN-CMP-14216,SYN-U-14724,2026-08-19T01:30:16,"Received a scam call asking for OTP, shortly after BDT 8,500 was transferred out.",FRAUD,HIGH,FRAUD_INVESTIGATION,RECEIVED,EXPLAINED,2090,1
SYN-CMP-14217,SYN-U-14352,2026-08-19T04:59:25,"Payment to merchant showed failed on app, but BDT 1,200 deducted from my Upay balance.",PAYMENT,HIGH,TRANSACTION_OPERATIONS,RECEIVED,DECLINED,2612,0
SYN-CMP-14218,SYN-U-16975,2026-08-19T05:32:49,Network connection error occurred during transaction processing screen.,TECHNICAL,LOW,TECH_SUPPORT,RECEIVED,EXPLAINED,1373,0
SYN-CMP-14219,SYN-U-14895,2026-08-19T09:17:11,Unable to update my registered primary phone number and email in settings.,ACCOUNT,LOW,DISPUTES,RECEIVED,REFUNDED,1850,0
SYN-CMP-14220,SYN-U-18732,2026-08-19T09:59:27,Unable to update my registered primary phone number and email in settings.,ACCOUNT,MEDIUM,DISPUTES,RECEIVED,REFUNDED,31,0
SYN-CMP-14221,SYN-U-18107,2026-08-19T09:59:59,App says account dormant even though I received funds two weeks ago.,ACCOUNT,LOW,DISPUTES,RECEIVED,IN_PROGRESS,1800,0
SYN-CMP-14222,SYN-U-18660,2026-08-19T10:51:55,"Accidentally transferred BDT 3,500 to a wrong mobile number.",TRANSFER,LOW,TRANSACTION_OPERATIONS,RECEIVED,REFUNDED,2755,0
SYN-CMP-14223,SYN-U-17875,2026-08-19T12:36:07,Bank deposit to Upay wallet via internet banking hasn't reflected after 4 hours.,TRANSFER,MEDIUM,TRANSACTION_OPERATIONS,RECEIVED,EXPLAINED,1148,0
SYN-CMP-14224,SYN-U-11185,2026-08-19T13:23:16,SMS OTP is taking over 5 minutes to arrive during login attempt.,TECHNICAL,LOW,TECH_SUPPORT,RECEIVED,EXPLAINED,1344,0
SYN-CMP-14225,SYN-U-19144,2026-08-19T13:36:39,Bank deposit to Upay wallet via internet banking hasn't reflected after 4 hours.,TRANSFER,LOW,TRANSACTION_OPERATIONS,RECEIVED,REFUNDED,482,0
SYN-CMP-14226,SYN-U-12336,2026-08-19T13:47:16,NID verification pending for more than 48 hours.,ACCOUNT,LOW,DISPUTES,RECEIVED,UNBLOCK_ACCOUNT,1658,0
SYN-CMP-14227,SYN-U-13971,2026-08-19T15:19:50,"Merchant initiated refund 5 business days ago, but balance is not credited.",REFUND,LOW,DISPUTES,RECEIVED,EXPLAINED,993,0
SYN-CMP-14228,SYN-U-13146,2026-08-19T16:25:34,Upay mobile app crashes immediately on splash screen after latest update.,TECHNICAL,LOW,TECH_SUPPORT,RECEIVED,REFUNDED,2201,0
SYN-CMP-14229,SYN-U-16217,2026-08-19T17:41:27,Phishing message led to account takeover and repeated cash-out attempts.,FRAUD,HIGH,FRAUD_INVESTIGATION,RECEIVED,IN_PROGRESS,2705,1
SYN-CMP-14230,SYN-U-18094,2026-08-19T19:28:02,"Unauthorized send money transaction of BDT 15,000 sent from my account at 3:00 AM.",FRAUD,CRITICAL,FRAUD_INVESTIGATION,RECEIVED,EXPLAINED,2864,1
SYN-CMP-14231,SYN-U-12583,2026-08-19T19:30:58,Duplicate payment charged for the same restaurant QR transaction.,PAYMENT,MEDIUM,TRANSACTION_OPERATIONS,RECEIVED,REFUNDED,1253,0
SYN-CMP-14232,SYN-U-13165,2026-08-19T20:30:51,"Paid utility electricity bill through app yesterday, but bill status still shows unpaid.",PAYMENT,MEDIUM,TRANSACTION_OPERATIONS,RECEIVED,IN_PROGRESS,240,0
SYN-CMP-14233,SYN-U-12993,2026-08-19T20:54:28,"Fund transfer to my linked commercial bank account failed, money not credited yet.",TRANSFER,MEDIUM,TRANSACTION_OPERATIONS,RECEIVED,EXPLAINED,1962,0
SYN-CMP-14234,SYN-U-18418,2026-08-19T23:53:34,E-commerce merchant payment processed twice during checkout.,PAYMENT,HIGH,TRANSACTION_OPERATIONS,RECEIVED,EXPLAINED,655,1
SYN-CMP-14235,SYN-U-18581,2026-08-20T00:38:20,Cancelled e-commerce order refund amount is missing BDT 250 processing fee.,REFUND,MEDIUM,DISPUTES,RECEIVED,IN_PROGRESS,2796,0
SYN-CMP-14236,SYN-U-16280,2026-08-20T01:43:59,"Paid utility electricity bill through app yesterday, but bill status still shows unpaid.",PAYMENT,LOW,TRANSACTION_OPERATIONS,RECEIVED,REFUNDED,738,0
SYN-CMP-14237,SYN-U-17278,2026-08-20T03:17:19,"Merchant initiated refund 5 business days ago, but balance is not credited.",REFUND,LOW,DISPUTES,RECEIVED,REVERSED,614,0
SYN-CMP-14238,SYN-U-19448,2026-08-20T05:20:47,My account has been temporarily restricted after entering wrong PIN 3 times.,ACCOUNT,LOW,DISPUTES,RECEIVED,EXPLAINED,43,0
SYN-CMP-14239,SYN-U-12420,2026-08-20T06:29:47,Need clarification on loyalty reward cashback points calculation.,OTHER,LOW,DISPUTES,RECEIVED,REFUNDED,416,0
SYN-CMP-14240,SYN-U-11185,2026-08-20T07:01:24,Cash-out fee charged higher than standard 1.4% rate at the agent point.,CASH_OUT,MEDIUM,TRANSACTION_OPERATIONS,RECEIVED,EXPLAINED,1119,0
SYN-CMP-14241,SYN-U-11839,2026-08-20T08:02:43,Need clarification on loyalty reward cashback points calculation.,OTHER,LOW,DISPUTES,RECEIVED,REFUNDED,2611,0
SYN-CMP-14242,SYN-U-12492,2026-08-20T08:27:46,Biometric fingerprint login is not working on my new Android device.,ACCOUNT,MEDIUM,DISPUTES,RECEIVED,EXPLAINED,1912,0
SYN-CMP-14243,SYN-U-19420,2026-08-20T11:26:06,SMS OTP is taking over 5 minutes to arrive during login attempt.,TECHNICAL,LOW,TECH_SUPPORT,RECEIVED,EXPLAINED,2874,0
SYN-CMP-14244,SYN-U-12603,2026-08-20T13:29:11,Agent confirmed cash-out successful on terminal but I did not receive SMS confirmation.,CASH_OUT,LOW,TRANSACTION_OPERATIONS,RECEIVED,EXPLAINED,2266,0
SYN-CMP-14245,SYN-U-18058,2026-08-20T14:53:04,"Paid utility electricity bill through app yesterday, but bill status still shows unpaid.",PAYMENT,MEDIUM,TRANSACTION_OPERATIONS,RECEIVED,REVERSED,1064,0
SYN-CMP-14246,SYN-U-19447,2026-08-20T17:07:21,Want to temporarily freeze my physical card due to lost wallet.,CARD,LOW,CARD_SERVICES,RECEIVED,EXPLAINED,1618,0
SYN-CMP-14247,SYN-U-19768,2026-08-20T18:00:42,Agent deducted fee but the cash-out transaction timed out without dispensing cash.,CASH_OUT,LOW,TRANSACTION_OPERATIONS,RECEIVED,REFUNDED,22,0
SYN-CMP-14248,SYN-U-16065,2026-08-20T18:45:31,Duplicate payment charged for the same restaurant QR transaction.,PAYMENT,MEDIUM,TRANSACTION_OPERATIONS,RECEIVED,EXPLAINED,1072,0
SYN-CMP-14249,SYN-U-15268,2026-08-20T19:06:27,My virtual dual-currency card was declined while making an international subscription payment.,CARD,MEDIUM,CARD_SERVICES,RECEIVED,REVERSED,534,0
SYN-CMP-14250,SYN-U-10333,2026-08-20T19:26:29,Network connection error occurred during transaction processing screen.,TECHNICAL,LOW,TECH_SUPPORT,RECEIVED,REFUNDED,784,0
SYN-CMP-14251,SYN-U-15117,2026-08-20T19:41:20,Cash-out fee charged higher than standard 1.4% rate at the agent point.,CASH_OUT,LOW,TRANSACTION_OPERATIONS,RECEIVED,IN_PROGRESS,1146,0
SYN-CMP-14252,SYN-U-13026,2026-08-20T20:19:05,Endorsement limit not updating after submitting updated passport copy.,CARD,MEDIUM,CARD_SERVICES,RECEIVED,REFUNDED,992,0
SYN-CMP-14253,SYN-U-11202,2026-08-20T20:50:21,Money was deducted from my account but the grocery merchant did not receive payment confirmation.,PAYMENT,MEDIUM,TRANSACTION_OPERATIONS,RECEIVED,REFUNDED,1635,0
SYN-CMP-14254,SYN-U-19027,2026-08-20T21:01:07,"Payment to merchant showed failed on app, but BDT 1,200 deducted from my Upay balance.",PAYMENT,MEDIUM,TRANSACTION_OPERATIONS,RECEIVED,EXPLAINED,595,0
SYN-CMP-14255,SYN-U-11435,2026-08-20T22:01:01,Money was deducted from my account but the grocery merchant did not receive payment confirmation.,PAYMENT,MEDIUM,TRANSACTION_OPERATIONS,RECEIVED,EXPLAINED,269,0
SYN-CMP-14256,SYN-U-18441,2026-08-20T23:12:33,"Payment to merchant showed failed on app, but BDT 1,200 deducted from my Upay balance.",PAYMENT,MEDIUM,TRANSACTION_OPERATIONS,RECEIVED,EXPLAINED,1797,0
SYN-CMP-14257,SYN-U-13718,2026-08-21T01:20:01,"Suspicious login notification received from unfamiliar device, someone tried to cash out.",FRAUD,HIGH,FRAUD_INVESTIGATION,RECEIVED,IN_PROGRESS,2529,0
SYN-CMP-14258,SYN-U-10557,2026-08-21T01:50:48,"Received a scam call asking for OTP, shortly after BDT 8,500 was transferred out.",FRAUD,HIGH,FRAUD_INVESTIGATION,RECEIVED,REFUNDED,1462,1
SYN-CMP-14259,SYN-U-12553,2026-08-21T03:09:14,"Accidentally transferred BDT 3,500 to a wrong mobile number.",TRANSFER,LOW,TRANSACTION_OPERATIONS,RECEIVED,EXPLAINED,2804,0
SYN-CMP-14260,SYN-U-13947,2026-08-21T04:06:38,"Paid utility electricity bill through app yesterday, but bill status still shows unpaid.",PAYMENT,HIGH,TRANSACTION_OPERATIONS,RECEIVED,REFUNDED,2113,1
SYN-CMP-14261,SYN-U-18034,2026-08-21T07:24:18,Partial refund received instead of full transaction amount.,REFUND,LOW,DISPUTES,RECEIVED,REFUNDED,1735,0
SYN-CMP-14262,SYN-U-11167,2026-08-21T08:18:59,"Paid utility electricity bill through app yesterday, but bill status still shows unpaid.",PAYMENT,HIGH,TRANSACTION_OPERATIONS,RECEIVED,IN_PROGRESS,2078,0
SYN-CMP-14263,SYN-U-15301,2026-08-21T10:09:24,"Paid utility electricity bill through app yesterday, but bill status still shows unpaid.",PAYMENT,MEDIUM,TRANSACTION_OPERATIONS,RECEIVED,DECLINED,269,0
SYN-CMP-14264,SYN-U-13543,2026-08-21T10:20:24,Agent confirmed cash-out successful on terminal but I did not receive SMS confirmation.,CASH_OUT,MEDIUM,TRANSACTION_OPERATIONS,RECEIVED,REFUNDED,195,0
SYN-CMP-14265,SYN-U-16321,2026-08-21T11:15:00,"Suspicious login notification received from unfamiliar device, someone tried to cash out.",FRAUD,CRITICAL,FRAUD_INVESTIGATION,RECEIVED,EXPLAINED,781,0
SYN-CMP-14266,SYN-U-14236,2026-08-21T12:33:10,International online transaction toggle keeps turning off automatically in settings.,CARD,MEDIUM,CARD_SERVICES,RECEIVED,EXPLAINED,2596,0
SYN-CMP-14267,SYN-U-15810,2026-08-21T12:38:13,"Received a scam call asking for OTP, shortly after BDT 8,500 was transferred out.",FRAUD,CRITICAL,FRAUD_INVESTIGATION,RECEIVED,DECLINED,2575,1
SYN-CMP-14268,SYN-U-13559,2026-08-21T16:17:53,"Merchant initiated refund 5 business days ago, but balance is not credited.",REFUND,LOW,DISPUTES,RECEIVED,REVERSED,1652,0
SYN-CMP-14269,SYN-U-12997,2026-08-21T18:29:10,Agent confirmed cash-out successful on terminal but I did not receive SMS confirmation.,CASH_OUT,LOW,TRANSACTION_OPERATIONS,RECEIVED,REFUNDED,1955,0
SYN-CMP-14270,SYN-U-15255,2026-08-21T20:01:35,Agent confirmed cash-out successful on terminal but I did not receive SMS confirmation.,CASH_OUT,MEDIUM,TRANSACTION_OPERATIONS,RECEIVED,REFUNDED,2056,0
SYN-CMP-14271,SYN-U-15387,2026-08-21T20:02:42,Phishing message led to account takeover and repeated cash-out attempts.,FRAUD,CRITICAL,FRAUD_INVESTIGATION,RECEIVED,IN_PROGRESS,2462,1
SYN-CMP-14272,SYN-U-10457,2026-08-21T20:59:04,Cancelled e-commerce order refund amount is missing BDT 250 processing fee.,REFUND,LOW,DISPUTES,RECEIVED,EXPLAINED,2683,0
SYN-CMP-14273,SYN-U-15941,2026-08-21T21:57:47,Money was deducted from my account but the grocery merchant did not receive payment confirmation.,PAYMENT,HIGH,TRANSACTION_OPERATIONS,RECEIVED,REVERSED,798,0
SYN-CMP-14274,SYN-U-14748,2026-08-22T00:48:53,App says account dormant even though I received funds two weeks ago.,ACCOUNT,LOW,DISPUTES,RECEIVED,REFUNDED,1262,0
SYN-CMP-14275,SYN-U-13121,2026-08-22T01:44:31,"Merchant initiated refund 5 business days ago, but balance is not credited.",REFUND,MEDIUM,DISPUTES,RECEIVED,EXPLAINED,1810,0
SYN-CMP-14276,SYN-U-16553,2026-08-22T01:44:48,Inter-wallet transfer delayed during peak evening banking clearing hour.,TRANSFER,MEDIUM,TRANSACTION_OPERATIONS,RECEIVED,UNBLOCK_ACCOUNT,2567,0
SYN-CMP-14277,SYN-U-17483,2026-08-22T04:34:30,"Payment to merchant showed failed on app, but BDT 1,200 deducted from my Upay balance.",PAYMENT,MEDIUM,TRANSACTION_OPERATIONS,RECEIVED,UNBLOCK_ACCOUNT,1432,0
SYN-CMP-14278,SYN-U-19471,2026-08-22T06:07:47,Endorsement limit not updating after submitting updated passport copy.,CARD,MEDIUM,CARD_SERVICES,RECEIVED,REFUNDED,2229,0
SYN-CMP-14279,SYN-U-12832,2026-08-22T09:32:27,Inquiry regarding upcoming Eid merchant promo discounts.,OTHER,LOW,DISPUTES,RECEIVED,EXPLAINED,2348,0
SYN-CMP-14280,SYN-U-11256,2026-08-22T09:32:38,"Payment to merchant showed failed on app, but BDT 1,200 deducted from my Upay balance.",PAYMENT,MEDIUM,TRANSACTION_OPERATIONS,RECEIVED,REFUNDED,2316,0
SYN-CMP-14281,SYN-U-12798,2026-08-22T09:56:56,Endorsement limit not updating after submitting updated passport copy.,CARD,LOW,CARD_SERVICES,RECEIVED,EXPLAINED,345,0
SYN-CMP-14282,SYN-U-13585,2026-08-22T09:57:07,"Paid utility electricity bill through app yesterday, but bill status still shows unpaid.",PAYMENT,HIGH,TRANSACTION_OPERATIONS,RECEIVED,EXPLAINED,2150,1
SYN-CMP-14283,SYN-U-12142,2026-08-22T10:26:26,"Merchant initiated refund 5 business days ago, but balance is not credited.",REFUND,MEDIUM,DISPUTES,RECEIVED,REFUNDED,2732,0
SYN-CMP-14284,SYN-U-11645,2026-08-22T10:32:18,Cash-out fee charged higher than standard 1.4% rate at the agent point.,CASH_OUT,LOW,TRANSACTION_OPERATIONS,RECEIVED,IN_PROGRESS,994,0
SYN-CMP-14285,SYN-U-15413,2026-08-22T12:30:15,NID verification pending for more than 48 hours.,ACCOUNT,LOW,DISPUTES,RECEIVED,EXPLAINED,1881,0
SYN-CMP-14286,SYN-U-10474,2026-08-22T13:32:01,Cancelled e-commerce order refund amount is missing BDT 250 processing fee.,REFUND,LOW,DISPUTES,RECEIVED,UNBLOCK_ACCOUNT,1743,0
SYN-CMP-14287,SYN-U-10801,2026-08-22T14:37:37,"Accidentally transferred BDT 3,500 to a wrong mobile number.",TRANSFER,MEDIUM,TRANSACTION_OPERATIONS,RECEIVED,REFUNDED,1296,0
SYN-CMP-14288,SYN-U-19822,2026-08-22T15:12:39,"Fund transfer to my linked commercial bank account failed, money not credited yet.",TRANSFER,MEDIUM,TRANSACTION_OPERATIONS,RECEIVED,DECLINED,556,0
SYN-CMP-14289,SYN-U-19049,2026-08-22T16:08:26,"Payment to merchant showed failed on app, but BDT 1,200 deducted from my Upay balance.",PAYMENT,HIGH,TRANSACTION_OPERATIONS,RECEIVED,REFUNDED,476,1
SYN-CMP-14290,SYN-U-13788,2026-08-22T16:09:45,Money was deducted from my account but the grocery merchant did not receive payment confirmation.,PAYMENT,LOW,TRANSACTION_OPERATIONS,RECEIVED,UNBLOCK_ACCOUNT,2458,0
SYN-CMP-14291,SYN-U-14541,2026-08-22T18:47:54,Agent confirmed cash-out successful on terminal but I did not receive SMS confirmation.,CASH_OUT,MEDIUM,TRANSACTION_OPERATIONS,RECEIVED,REFUNDED,2688,0
SYN-CMP-14292,SYN-U-10429,2026-08-22T19:38:41,"Failed cash out attempt at agent, but funds debited from balance.",CASH_OUT,LOW,TRANSACTION_OPERATIONS,RECEIVED,IN_PROGRESS,311,0
SYN-CMP-14293,SYN-U-18791,2026-08-22T20:37:02,"Payment to merchant showed failed on app, but BDT 1,200 deducted from my Upay balance.",PAYMENT,LOW,TRANSACTION_OPERATIONS,RECEIVED,EXPLAINED,2235,0
SYN-CMP-14294,SYN-U-11246,2026-08-22T21:55:52,Endorsement limit not updating after submitting updated passport copy.,CARD,MEDIUM,CARD_SERVICES,RECEIVED,REFUNDED,232,0
SYN-CMP-14295,SYN-U-10827,2026-08-22T22:18:52,Unable to update my registered primary phone number and email in settings.,ACCOUNT,MEDIUM,DISPUTES,RECEIVED,REFUNDED,2619,0
SYN-CMP-14296,SYN-U-17531,2026-08-22T23:30:21,Duplicate payment charged for the same restaurant QR transaction.,PAYMENT,LOW,TRANSACTION_OPERATIONS,RECEIVED,REVERSED,2167,0
SYN-CMP-14297,SYN-U-14134,2026-08-22T23:48:10,Agent confirmed cash-out successful on terminal but I did not receive SMS confirmation.,CASH_OUT,LOW,TRANSACTION_OPERATIONS,RECEIVED,REFUNDED,1581,0
SYN-CMP-14298,SYN-U-11239,2026-08-23T00:47:27,My account has been temporarily restricted after entering wrong PIN 3 times.,ACCOUNT,MEDIUM,DISPUTES,RECEIVED,DECLINED,1915,0
SYN-CMP-14299,SYN-U-17365,2026-08-23T04:09:32,Duplicate payment charged for the same restaurant QR transaction.,PAYMENT,HIGH,TRANSACTION_OPERATIONS,RECEIVED,REVERSED,1099,1
SYN-CMP-14300,SYN-U-17525,2026-08-23T04:38:38,"Payment to merchant showed failed on app, but BDT 1,200 deducted from my Upay balance.",PAYMENT,HIGH,TRANSACTION_OPERATIONS,RECEIVED,UNBLOCK_ACCOUNT,38,0
SYN-CMP-14301,SYN-U-16904,2026-08-23T06:05:55,"Payment to merchant showed failed on app, but BDT 1,200 deducted from my Upay balance.",PAYMENT,MEDIUM,TRANSACTION_OPERATIONS,RECEIVED,EXPLAINED,505,0
SYN-CMP-14302,SYN-U-15298,2026-08-23T06:51:05,Upay mobile app crashes immediately on splash screen after latest update.,TECHNICAL,LOW,TECH_SUPPORT,RECEIVED,REFUNDED,1900,0
SYN-CMP-14303,SYN-U-12963,2026-08-23T07:30:37,Duplicate payment charged for the same restaurant QR transaction.,PAYMENT,MEDIUM,TRANSACTION_OPERATIONS,RECEIVED,EXPLAINED,275,0
SYN-CMP-14304,SYN-U-18455,2026-08-23T07:37:40,Money was deducted from my account but the grocery merchant did not receive payment confirmation.,PAYMENT,LOW,TRANSACTION_OPERATIONS,RECEIVED,EXPLAINED,1234,0
SYN-CMP-14305,SYN-U-14466,2026-08-23T08:36:00,"Fund transfer to my linked commercial bank account failed, money not credited yet.",TRANSFER,LOW,TRANSACTION_OPERATIONS,RECEIVED,DECLINED,2276,0
SYN-CMP-14306,SYN-U-10660,2026-08-23T08:49:26,Need clarification on loyalty reward cashback points calculation.,OTHER,MEDIUM,DISPUTES,RECEIVED,EXPLAINED,2105,0
SYN-CMP-14307,SYN-U-13301,2026-08-23T09:32:40,"Paid utility electricity bill through app yesterday, but bill status still shows unpaid.",PAYMENT,MEDIUM,TRANSACTION_OPERATIONS,RECEIVED,REVERSED,168,0
SYN-CMP-14308,SYN-U-17051,2026-08-23T09:54:52,"Paid utility electricity bill through app yesterday, but bill status still shows unpaid.",PAYMENT,LOW,TRANSACTION_OPERATIONS,RECEIVED,REFUNDED,649,0
SYN-CMP-14309,SYN-U-16047,2026-08-23T10:02:01,Unable to update my registered primary phone number and email in settings.,ACCOUNT,LOW,DISPUTES,RECEIVED,REFUNDED,1978,0
SYN-CMP-14310,SYN-U-14970,2026-08-23T10:44:08,Upay mobile app crashes immediately on splash screen after latest update.,TECHNICAL,LOW,TECH_SUPPORT,RECEIVED,REFUNDED,611,0
SYN-CMP-14311,SYN-U-15680,2026-08-23T10:52:29,"Payment to merchant showed failed on app, but BDT 1,200 deducted from my Upay balance.",PAYMENT,HIGH,TRANSACTION_OPERATIONS,RECEIVED,UNBLOCK_ACCOUNT,2516,0
SYN-CMP-14312,SYN-U-19192,2026-08-23T11:30:50,"Accidentally transferred BDT 3,500 to a wrong mobile number.",TRANSFER,LOW,TRANSACTION_OPERATIONS,RECEIVED,EXPLAINED,203,0
SYN-CMP-14313,SYN-U-18959,2026-08-23T11:48:17,Money was deducted from my account but the grocery merchant did not receive payment confirmation.,PAYMENT,LOW,TRANSACTION_OPERATIONS,RECEIVED,EXPLAINED,1962,0
SYN-CMP-14314,SYN-U-14542,2026-08-23T12:11:52,Duplicate payment charged for the same restaurant QR transaction.,PAYMENT,LOW,TRANSACTION_OPERATIONS,RECEIVED,REFUNDED,2697,0
SYN-CMP-14315,SYN-U-17818,2026-08-23T13:58:38,"Paid utility electricity bill through app yesterday, but bill status still shows unpaid.",PAYMENT,MEDIUM,TRANSACTION_OPERATIONS,RECEIVED,REFUNDED,862,0
SYN-CMP-14316,SYN-U-13652,2026-08-23T14:07:10,Card charged USD 45.00 for an online software transaction that I cancelled.,CARD,MEDIUM,CARD_SERVICES,RECEIVED,REFUNDED,2549,0
SYN-CMP-14317,SYN-U-17206,2026-08-23T17:19:34,"Failed cash out attempt at agent, but funds debited from balance.",CASH_OUT,LOW,TRANSACTION_OPERATIONS,RECEIVED,REVERSED,1934,0
SYN-CMP-14318,SYN-U-14815,2026-08-23T17:37:37,My account has been temporarily restricted after entering wrong PIN 3 times.,ACCOUNT,MEDIUM,DISPUTES,RECEIVED,EXPLAINED,894,0
SYN-CMP-14319,SYN-U-12467,2026-08-23T18:20:51,Phishing message led to account takeover and repeated cash-out attempts.,FRAUD,HIGH,FRAUD_INVESTIGATION,RECEIVED,REVERSED,2650,0
SYN-CMP-14320,SYN-U-17619,2026-08-23T19:11:06,Inter-wallet transfer delayed during peak evening banking clearing hour.,TRANSFER,MEDIUM,TRANSACTION_OPERATIONS,RECEIVED,EXPLAINED,471,0
SYN-CMP-14321,SYN-U-16198,2026-08-23T19:57:51,"Suspicious login notification received from unfamiliar device, someone tried to cash out.",FRAUD,HIGH,FRAUD_INVESTIGATION,RECEIVED,REFUNDED,2327,0
SYN-CMP-14322,SYN-U-11876,2026-08-23T20:03:36,"Unauthorized send money transaction of BDT 15,000 sent from my account at 3:00 AM.",FRAUD,HIGH,FRAUD_INVESTIGATION,RECEIVED,EXPLAINED,2752,1
SYN-CMP-14323,SYN-U-13886,2026-08-23T21:48:41,Bank deposit to Upay wallet via internet banking hasn't reflected after 4 hours.,TRANSFER,LOW,TRANSACTION_OPERATIONS,RECEIVED,EXPLAINED,1391,0
SYN-CMP-14324,SYN-U-19903,2026-08-23T22:22:12,Unable to update my registered primary phone number and email in settings.,ACCOUNT,LOW,DISPUTES,RECEIVED,REVERSED,1337,0
SYN-CMP-14325,SYN-U-15916,2026-08-23T22:33:50,"Payment to merchant showed failed on app, but BDT 1,200 deducted from my Upay balance.",PAYMENT,MEDIUM,TRANSACTION_OPERATIONS,RECEIVED,REFUNDED,896,0
SYN-CMP-14326,SYN-U-19863,2026-08-23T23:04:18,Unable to update my registered primary phone number and email in settings.,ACCOUNT,MEDIUM,DISPUTES,RECEIVED,REVERSED,187,0
SYN-CMP-14327,SYN-U-12074,2026-08-24T02:05:27,Phishing message led to account takeover and repeated cash-out attempts.,FRAUD,CRITICAL,FRAUD_INVESTIGATION,RECEIVED,REFUNDED,2029,0
SYN-CMP-14328,SYN-U-15495,2026-08-24T03:50:52,My account has been temporarily restricted after entering wrong PIN 3 times.,ACCOUNT,MEDIUM,DISPUTES,RECEIVED,REFUNDED,996,0
SYN-CMP-14329,SYN-U-16133,2026-08-24T05:08:02,"Payment to merchant showed failed on app, but BDT 1,200 deducted from my Upay balance.",PAYMENT,MEDIUM,TRANSACTION_OPERATIONS,RECEIVED,UNBLOCK_ACCOUNT,1633,0
SYN-CMP-14330,SYN-U-17756,2026-08-24T05:42:25,"Suspicious login notification received from unfamiliar device, someone tried to cash out.",FRAUD,CRITICAL,FRAUD_INVESTIGATION,RECEIVED,EXPLAINED,2643,0
SYN-CMP-14331,SYN-U-12842,2026-08-24T06:10:25,Card charged USD 45.00 for an online software transaction that I cancelled.,CARD,HIGH,CARD_SERVICES,RECEIVED,UNBLOCK_ACCOUNT,123,1
SYN-CMP-14332,SYN-U-18435,2026-08-24T06:39:46,"Payment to merchant showed failed on app, but BDT 1,200 deducted from my Upay balance.",PAYMENT,MEDIUM,TRANSACTION_OPERATIONS,RECEIVED,UNBLOCK_ACCOUNT,2336,0
SYN-CMP-14333,SYN-U-11624,2026-08-24T06:46:12,"Suspicious login notification received from unfamiliar device, someone tried to cash out.",FRAUD,CRITICAL,FRAUD_INVESTIGATION,RECEIVED,REFUNDED,2357,1
SYN-CMP-14334,SYN-U-17704,2026-08-24T09:10:29,Bank deposit to Upay wallet via internet banking hasn't reflected after 4 hours.,TRANSFER,LOW,TRANSACTION_OPERATIONS,RECEIVED,REFUNDED,1894,0
SYN-CMP-14335,SYN-U-15239,2026-08-24T10:17:40,My virtual dual-currency card was declined while making an international subscription payment.,CARD,MEDIUM,CARD_SERVICES,RECEIVED,DECLINED,1895,0
SYN-CMP-14336,SYN-U-18997,2026-08-24T11:27:49,"Payment to merchant showed failed on app, but BDT 1,200 deducted from my Upay balance.",PAYMENT,MEDIUM,TRANSACTION_OPERATIONS,RECEIVED,REFUNDED,2191,0
SYN-CMP-14337,SYN-U-14550,2026-08-24T12:33:55,"Paid utility electricity bill through app yesterday, but bill status still shows unpaid.",PAYMENT,LOW,TRANSACTION_OPERATIONS,RECEIVED,REFUNDED,987,0
SYN-CMP-14338,SYN-U-14582,2026-08-24T14:26:50,"Payment to merchant showed failed on app, but BDT 1,200 deducted from my Upay balance.",PAYMENT,LOW,TRANSACTION_OPERATIONS,RECEIVED,UNBLOCK_ACCOUNT,206,0
SYN-CMP-14339,SYN-U-19695,2026-08-24T14:58:43,"Merchant initiated refund 5 business days ago, but balance is not credited.",REFUND,LOW,DISPUTES,RECEIVED,EXPLAINED,1643,0
SYN-CMP-14340,SYN-U-13220,2026-08-24T17:02:57,E-commerce merchant payment processed twice during checkout.,PAYMENT,MEDIUM,TRANSACTION_OPERATIONS,RECEIVED,EXPLAINED,2400,0
SYN-CMP-14341,SYN-U-13777,2026-08-24T21:03:20,"Unauthorized send money transaction of BDT 15,000 sent from my account at 3:00 AM.",FRAUD,HIGH,FRAUD_INVESTIGATION,RECEIVED,REFUNDED,1609,1
SYN-CMP-14342,SYN-U-15783,2026-08-25T01:15:21,My virtual dual-currency card was declined while making an international subscription payment.,CARD,MEDIUM,CARD_SERVICES,RECEIVED,UNBLOCK_ACCOUNT,1634,0
SYN-CMP-14343,SYN-U-19230,2026-08-25T04:04:06,Money was deducted from my account but the grocery merchant did not receive payment confirmation.,PAYMENT,MEDIUM,TRANSACTION_OPERATIONS,RECEIVED,REFUNDED,1334,0
SYN-CMP-14344,SYN-U-19847,2026-08-25T04:13:36,Cancelled e-commerce order refund amount is missing BDT 250 processing fee.,REFUND,MEDIUM,DISPUTES,RECEIVED,UNBLOCK_ACCOUNT,1313,0
SYN-CMP-14345,SYN-U-11516,2026-08-25T04:47:51,"Paid utility electricity bill through app yesterday, but bill status still shows unpaid.",PAYMENT,MEDIUM,TRANSACTION_OPERATIONS,RECEIVED,REFUNDED,1747,0
SYN-CMP-14346,SYN-U-13335,2026-08-25T05:59:50,"Accidentally transferred BDT 3,500 to a wrong mobile number.",TRANSFER,LOW,TRANSACTION_OPERATIONS,RECEIVED,EXPLAINED,1986,0
SYN-CMP-14347,SYN-U-11528,2026-08-25T06:30:24,Duplicate payment charged for the same restaurant QR transaction.,PAYMENT,LOW,TRANSACTION_OPERATIONS,RECEIVED,REFUNDED,372,0
SYN-CMP-14348,SYN-U-19950,2026-08-25T06:49:03,"Paid utility electricity bill through app yesterday, but bill status still shows unpaid.",PAYMENT,HIGH,TRANSACTION_OPERATIONS,RECEIVED,EXPLAINED,1371,0
SYN-CMP-14349,SYN-U-12418,2026-08-25T10:06:08,"Payment to merchant showed failed on app, but BDT 1,200 deducted from my Upay balance.",PAYMENT,MEDIUM,TRANSACTION_OPERATIONS,RECEIVED,REFUNDED,1062,0
SYN-CMP-14350,SYN-U-10207,2026-08-25T12:39:34,Network connection error occurred during transaction processing screen.,TECHNICAL,LOW,TECH_SUPPORT,RECEIVED,REFUNDED,1920,0
SYN-CMP-14351,SYN-U-17043,2026-08-25T13:30:27,Duplicate payment charged for the same restaurant QR transaction.,PAYMENT,MEDIUM,TRANSACTION_OPERATIONS,RECEIVED,EXPLAINED,2674,0
SYN-CMP-14352,SYN-U-15266,2026-08-25T14:32:02,Endorsement limit not updating after submitting updated passport copy.,CARD,HIGH,CARD_SERVICES,RECEIVED,REFUNDED,2182,1
SYN-CMP-14353,SYN-U-10276,2026-08-25T15:02:22,My account has been temporarily restricted after entering wrong PIN 3 times.,ACCOUNT,MEDIUM,DISPUTES,RECEIVED,REFUNDED,2227,0
SYN-CMP-14354,SYN-U-11487,2026-08-25T15:29:52,App says account dormant even though I received funds two weeks ago.,ACCOUNT,LOW,DISPUTES,RECEIVED,REFUNDED,924,0
SYN-CMP-14355,SYN-U-17184,2026-08-25T16:05:10,Endorsement limit not updating after submitting updated passport copy.,CARD,MEDIUM,CARD_SERVICES,RECEIVED,EXPLAINED,1067,0
SYN-CMP-14356,SYN-U-14872,2026-08-25T16:20:13,"Unauthorized send money transaction of BDT 15,000 sent from my account at 3:00 AM.",FRAUD,HIGH,FRAUD_INVESTIGATION,RECEIVED,EXPLAINED,1315,0
SYN-CMP-14357,SYN-U-19473,2026-08-25T19:36:04,Inquiry regarding upcoming Eid merchant promo discounts.,OTHER,LOW,DISPUTES,RECEIVED,REFUNDED,993,0
SYN-CMP-14358,SYN-U-17131,2026-08-25T20:12:50,SMS OTP is taking over 5 minutes to arrive during login attempt.,TECHNICAL,LOW,TECH_SUPPORT,RECEIVED,EXPLAINED,2530,0
SYN-CMP-14359,SYN-U-14264,2026-08-25T22:26:26,Unable to update my registered primary phone number and email in settings.,ACCOUNT,LOW,DISPUTES,RECEIVED,REVERSED,1477,0
SYN-CMP-14360,SYN-U-12409,2026-08-25T23:22:28,"Suspicious login notification received from unfamiliar device, someone tried to cash out.",FRAUD,HIGH,FRAUD_INVESTIGATION,RECEIVED,EXPLAINED,2259,1
SYN-CMP-14361,SYN-U-18823,2026-08-26T01:27:02,Phishing message led to account takeover and repeated cash-out attempts.,FRAUD,CRITICAL,FRAUD_INVESTIGATION,RECEIVED,EXPLAINED,243,1
SYN-CMP-14362,SYN-U-12267,2026-08-26T06:25:56,Cash-out fee charged higher than standard 1.4% rate at the agent point.,CASH_OUT,LOW,TRANSACTION_OPERATIONS,RECEIVED,REVERSED,267,0
SYN-CMP-14363,SYN-U-14368,2026-08-26T07:22:52,NID verification pending for more than 48 hours.,ACCOUNT,LOW,DISPUTES,RECEIVED,REFUNDED,858,0
SYN-CMP-14364,SYN-U-19930,2026-08-26T08:08:14,Cancelled e-commerce order refund amount is missing BDT 250 processing fee.,REFUND,LOW,DISPUTES,RECEIVED,REFUNDED,1273,0
SYN-CMP-14365,SYN-U-12455,2026-08-26T08:31:49,Partial refund received instead of full transaction amount.,REFUND,LOW,DISPUTES,RECEIVED,DECLINED,694,0
SYN-CMP-14366,SYN-U-11190,2026-08-26T09:06:29,Agent deducted fee but the cash-out transaction timed out without dispensing cash.,CASH_OUT,LOW,TRANSACTION_OPERATIONS,RECEIVED,UNBLOCK_ACCOUNT,1423,0
SYN-CMP-14367,SYN-U-19023,2026-08-26T09:50:33,NID verification pending for more than 48 hours.,ACCOUNT,LOW,DISPUTES,RECEIVED,EXPLAINED,2854,0
SYN-CMP-14368,SYN-U-12173,2026-08-26T09:59:15,Partial refund received instead of full transaction amount.,REFUND,MEDIUM,DISPUTES,RECEIVED,REVERSED,1504,0
SYN-CMP-14369,SYN-U-14989,2026-08-26T10:17:25,Bank deposit to Upay wallet via internet banking hasn't reflected after 4 hours.,TRANSFER,MEDIUM,TRANSACTION_OPERATIONS,RECEIVED,IN_PROGRESS,1459,0
SYN-CMP-14370,SYN-U-18658,2026-08-26T12:59:38,Money was deducted from my account but the grocery merchant did not receive payment confirmation.,PAYMENT,LOW,TRANSACTION_OPERATIONS,RECEIVED,EXPLAINED,2759,0
SYN-CMP-14371,SYN-U-14923,2026-08-26T15:40:28,"Payment to merchant showed failed on app, but BDT 1,200 deducted from my Upay balance.",PAYMENT,MEDIUM,TRANSACTION_OPERATIONS,RECEIVED,REVERSED,35,0
SYN-CMP-14372,SYN-U-15080,2026-08-26T17:32:03,Network connection error occurred during transaction processing screen.,TECHNICAL,LOW,TECH_SUPPORT,RECEIVED,IN_PROGRESS,2802,0
SYN-CMP-14373,SYN-U-10574,2026-08-26T19:11:11,Cancelled e-commerce order refund amount is missing BDT 250 processing fee.,REFUND,MEDIUM,DISPUTES,RECEIVED,REFUNDED,1838,0
SYN-CMP-14374,SYN-U-13002,2026-08-26T19:13:28,Requesting official annual account statement for tax filing purposes.,OTHER,LOW,DISPUTES,RECEIVED,REFUNDED,564,0
SYN-CMP-14375,SYN-U-19173,2026-08-26T21:09:54,SMS OTP is taking over 5 minutes to arrive during login attempt.,TECHNICAL,LOW,TECH_SUPPORT,RECEIVED,EXPLAINED,275,0
SYN-CMP-14376,SYN-U-18036,2026-08-26T21:22:02,Endorsement limit not updating after submitting updated passport copy.,CARD,MEDIUM,CARD_SERVICES,RECEIVED,REVERSED,84,0
SYN-CMP-14377,SYN-U-14167,2026-08-26T21:34:55,E-commerce merchant payment processed twice during checkout.,PAYMENT,MEDIUM,TRANSACTION_OPERATIONS,RECEIVED,REFUNDED,2587,0
SYN-CMP-14378,SYN-U-11179,2026-08-26T22:11:35,E-commerce merchant payment processed twice during checkout.,PAYMENT,MEDIUM,TRANSACTION_OPERATIONS,RECEIVED,REVERSED,1866,0
SYN-CMP-14379,SYN-U-16846,2026-08-26T22:34:21,Biometric fingerprint login is not working on my new Android device.,ACCOUNT,MEDIUM,DISPUTES,RECEIVED,IN_PROGRESS,617,0
SYN-CMP-14380,SYN-U-18461,2026-08-26T22:51:53,"Paid utility electricity bill through app yesterday, but bill status still shows unpaid.",PAYMENT,HIGH,TRANSACTION_OPERATIONS,RECEIVED,REFUNDED,1061,0
SYN-CMP-14381,SYN-U-11975,2026-08-26T23:10:26,E-commerce merchant payment processed twice during checkout.,PAYMENT,MEDIUM,TRANSACTION_OPERATIONS,RECEIVED,REFUNDED,1345,0
SYN-CMP-14382,SYN-U-13708,2026-08-27T00:10:36,"Payment to merchant showed failed on app, but BDT 1,200 deducted from my Upay balance.",PAYMENT,MEDIUM,TRANSACTION_OPERATIONS,RECEIVED,EXPLAINED,1494,0
SYN-CMP-14383,SYN-U-16613,2026-08-27T00:52:29,"Suspicious login notification received from unfamiliar device, someone tried to cash out.",FRAUD,CRITICAL,FRAUD_INVESTIGATION,RECEIVED,EXPLAINED,2867,1
SYN-CMP-14384,SYN-U-14547,2026-08-27T00:59:34,Inter-wallet transfer delayed during peak evening banking clearing hour.,TRANSFER,LOW,TRANSACTION_OPERATIONS,RECEIVED,UNBLOCK_ACCOUNT,1862,0
SYN-CMP-14385,SYN-U-11207,2026-08-27T01:15:03,"Paid utility electricity bill through app yesterday, but bill status still shows unpaid.",PAYMENT,LOW,TRANSACTION_OPERATIONS,RECEIVED,IN_PROGRESS,1353,0
SYN-CMP-14386,SYN-U-19358,2026-08-27T01:30:18,Money was deducted from my account but the grocery merchant did not receive payment confirmation.,PAYMENT,HIGH,TRANSACTION_OPERATIONS,RECEIVED,REFUNDED,1373,1
SYN-CMP-14387,SYN-U-15950,2026-08-27T01:37:38,Card charged USD 45.00 for an online software transaction that I cancelled.,CARD,LOW,CARD_SERVICES,RECEIVED,UNBLOCK_ACCOUNT,606,0
SYN-CMP-14388,SYN-U-16302,2026-08-27T01:46:15,E-commerce merchant payment processed twice during checkout.,PAYMENT,LOW,TRANSACTION_OPERATIONS,RECEIVED,IN_PROGRESS,1466,0
SYN-CMP-14389,SYN-U-19786,2026-08-27T05:20:46,Biometric fingerprint login is not working on my new Android device.,ACCOUNT,LOW,DISPUTES,RECEIVED,REVERSED,2050,0
SYN-CMP-14390,SYN-U-11619,2026-08-27T06:16:26,My PIN was compromised and unauthorized funds were transferred to an unknown number.,FRAUD,CRITICAL,FRAUD_INVESTIGATION,RECEIVED,REFUNDED,99,1
SYN-CMP-14391,SYN-U-11030,2026-08-27T07:02:47,Phishing message led to account takeover and repeated cash-out attempts.,FRAUD,HIGH,FRAUD_INVESTIGATION,RECEIVED,UNBLOCK_ACCOUNT,1627,1
SYN-CMP-14392,SYN-U-18174,2026-08-27T09:02:52,NID verification pending for more than 48 hours.,ACCOUNT,MEDIUM,DISPUTES,RECEIVED,REFUNDED,1991,0
SYN-CMP-14393,SYN-U-10683,2026-08-27T09:47:14,International online transaction toggle keeps turning off automatically in settings.,CARD,LOW,CARD_SERVICES,RECEIVED,REFUNDED,1419,0
SYN-CMP-14394,SYN-U-19233,2026-08-27T11:50:03,E-commerce merchant payment processed twice during checkout.,PAYMENT,MEDIUM,TRANSACTION_OPERATIONS,RECEIVED,UNBLOCK_ACCOUNT,918,0
SYN-CMP-14395,SYN-U-13736,2026-08-27T13:38:55,Want to temporarily freeze my physical card due to lost wallet.,CARD,MEDIUM,CARD_SERVICES,RECEIVED,REFUNDED,1202,0
SYN-CMP-14396,SYN-U-15796,2026-08-27T13:58:24,"Paid utility electricity bill through app yesterday, but bill status still shows unpaid.",PAYMENT,MEDIUM,TRANSACTION_OPERATIONS,RECEIVED,EXPLAINED,90,0
SYN-CMP-14397,SYN-U-16399,2026-08-27T16:41:39,My account has been temporarily restricted after entering wrong PIN 3 times.,ACCOUNT,MEDIUM,DISPUTES,RECEIVED,EXPLAINED,652,0
SYN-CMP-14398,SYN-U-18164,2026-08-27T16:57:46,"Merchant initiated refund 5 business days ago, but balance is not credited.",REFUND,LOW,DISPUTES,RECEIVED,REVERSED,1527,0
SYN-CMP-14399,SYN-U-17503,2026-08-27T18:33:07,Need clarification on loyalty reward cashback points calculation.,OTHER,MEDIUM,DISPUTES,RECEIVED,REFUNDED,1711,0
SYN-CMP-14400,SYN-U-17203,2026-08-27T19:07:41,Duplicate payment charged for the same restaurant QR transaction.,PAYMENT,MEDIUM,TRANSACTION_OPERATIONS,RECEIVED,UNBLOCK_ACCOUNT,258,0
SYN-CMP-14401,SYN-U-12419,2026-08-27T20:03:39,Unable to update my registered primary phone number and email in settings.,ACCOUNT,MEDIUM,DISPUTES,RECEIVED,IN_PROGRESS,2439,0
SYN-CMP-14402,SYN-U-10542,2026-08-27T21:24:06,App says account dormant even though I received funds two weeks ago.,ACCOUNT,LOW,DISPUTES,RECEIVED,IN_PROGRESS,735,0
SYN-CMP-14403,SYN-U-11151,2026-08-27T23:21:42,"Paid utility electricity bill through app yesterday, but bill status still shows unpaid.",PAYMENT,HIGH,TRANSACTION_OPERATIONS,RECEIVED,REFUNDED,2578,0
SYN-CMP-14404,SYN-U-18628,2026-08-28T03:27:17,Cash-out fee charged higher than standard 1.4% rate at the agent point.,CASH_OUT,LOW,TRANSACTION_OPERATIONS,RECEIVED,REVERSED,73,0
SYN-CMP-14405,SYN-U-11698,2026-08-28T03:42:11,Partial refund received instead of full transaction amount.,REFUND,LOW,DISPUTES,RECEIVED,EXPLAINED,2243,0
SYN-CMP-14406,SYN-U-15218,2026-08-28T04:29:35,"Payment to merchant showed failed on app, but BDT 1,200 deducted from my Upay balance.",PAYMENT,MEDIUM,TRANSACTION_OPERATIONS,RECEIVED,REVERSED,861,0
SYN-CMP-14407,SYN-U-18939,2026-08-28T05:26:17,Endorsement limit not updating after submitting updated passport copy.,CARD,MEDIUM,CARD_SERVICES,RECEIVED,UNBLOCK_ACCOUNT,1464,0
SYN-CMP-14408,SYN-U-16346,2026-08-28T06:48:36,My account has been temporarily restricted after entering wrong PIN 3 times.,ACCOUNT,LOW,DISPUTES,RECEIVED,EXPLAINED,1884,0
SYN-CMP-14409,SYN-U-11839,2026-08-28T09:12:35,"Received a scam call asking for OTP, shortly after BDT 8,500 was transferred out.",FRAUD,HIGH,FRAUD_INVESTIGATION,RECEIVED,IN_PROGRESS,641,0
SYN-CMP-14410,SYN-U-10103,2026-08-28T09:47:09,App says account dormant even though I received funds two weeks ago.,ACCOUNT,LOW,DISPUTES,RECEIVED,REVERSED,784,0
SYN-CMP-14411,SYN-U-17690,2026-08-28T10:37:14,"Paid utility electricity bill through app yesterday, but bill status still shows unpaid.",PAYMENT,LOW,TRANSACTION_OPERATIONS,RECEIVED,UNBLOCK_ACCOUNT,1331,0
SYN-CMP-14412,SYN-U-15039,2026-08-28T13:28:49,SMS OTP is taking over 5 minutes to arrive during login attempt.,TECHNICAL,LOW,TECH_SUPPORT,RECEIVED,EXPLAINED,1056,0
SYN-CMP-14413,SYN-U-10279,2026-08-28T14:00:32,Bank deposit to Upay wallet via internet banking hasn't reflected after 4 hours.,TRANSFER,MEDIUM,TRANSACTION_OPERATIONS,RECEIVED,REFUNDED,49,0
SYN-CMP-14414,SYN-U-16619,2026-08-28T14:15:17,App says account dormant even though I received funds two weeks ago.,ACCOUNT,LOW,DISPUTES,RECEIVED,REFUNDED,2573,0
SYN-CMP-14415,SYN-U-18753,2026-08-28T14:26:10,"Payment to merchant showed failed on app, but BDT 1,200 deducted from my Upay balance.",PAYMENT,MEDIUM,TRANSACTION_OPERATIONS,RECEIVED,REFUNDED,940,0
SYN-CMP-14416,SYN-U-13739,2026-08-28T14:40:04,"Failed cash out attempt at agent, but funds debited from balance.",CASH_OUT,MEDIUM,TRANSACTION_OPERATIONS,RECEIVED,REVERSED,1265,0
SYN-CMP-14417,SYN-U-14492,2026-08-28T21:13:33,E-commerce merchant payment processed twice during checkout.,PAYMENT,MEDIUM,TRANSACTION_OPERATIONS,RECEIVED,REVERSED,1719,0
SYN-CMP-14418,SYN-U-11772,2026-08-28T21:16:39,International online transaction toggle keeps turning off automatically in settings.,CARD,HIGH,CARD_SERVICES,RECEIVED,REFUNDED,1095,0
SYN-CMP-14419,SYN-U-11023,2026-08-28T22:25:05,Biometric fingerprint login is not working on my new Android device.,ACCOUNT,LOW,DISPUTES,RECEIVED,UNBLOCK_ACCOUNT,1470,0
SYN-CMP-14420,SYN-U-12752,2026-08-28T23:59:48,"Payment to merchant showed failed on app, but BDT 1,200 deducted from my Upay balance.",PAYMENT,MEDIUM,TRANSACTION_OPERATIONS,RECEIVED,EXPLAINED,435,0
SYN-CMP-14421,SYN-U-11303,2026-08-29T01:53:06,App says account dormant even though I received funds two weeks ago.,ACCOUNT,LOW,DISPUTES,RECEIVED,EXPLAINED,2261,0
SYN-CMP-14422,SYN-U-11385,2026-08-29T03:52:33,My virtual dual-currency card was declined while making an international subscription payment.,CARD,MEDIUM,CARD_SERVICES,RECEIVED,REFUNDED,1337,0
SYN-CMP-14423,SYN-U-16175,2026-08-29T05:09:48,Money was deducted from my account but the grocery merchant did not receive payment confirmation.,PAYMENT,LOW,TRANSACTION_OPERATIONS,RECEIVED,EXPLAINED,2727,0
SYN-CMP-14424,SYN-U-13733,2026-08-29T06:53:38,Want to temporarily freeze my physical card due to lost wallet.,CARD,LOW,CARD_SERVICES,RECEIVED,EXPLAINED,1724,0
SYN-CMP-14425,SYN-U-16523,2026-08-29T08:37:10,App says account dormant even though I received funds two weeks ago.,ACCOUNT,MEDIUM,DISPUTES,RECEIVED,REFUNDED,301,0
SYN-CMP-14426,SYN-U-15825,2026-08-29T08:48:23,Agent confirmed cash-out successful on terminal but I did not receive SMS confirmation.,CASH_OUT,LOW,TRANSACTION_OPERATIONS,RECEIVED,REVERSED,309,0
SYN-CMP-14427,SYN-U-18221,2026-08-29T09:22:26,E-commerce merchant payment processed twice during checkout.,PAYMENT,MEDIUM,TRANSACTION_OPERATIONS,RECEIVED,DECLINED,1420,0
SYN-CMP-14428,SYN-U-11199,2026-08-29T09:30:02,Duplicate payment charged for the same restaurant QR transaction.,PAYMENT,MEDIUM,TRANSACTION_OPERATIONS,RECEIVED,REFUNDED,1928,0
SYN-CMP-14429,SYN-U-11396,2026-08-29T10:47:27,"Suspicious login notification received from unfamiliar device, someone tried to cash out.",FRAUD,HIGH,FRAUD_INVESTIGATION,RECEIVED,IN_PROGRESS,1442,0
SYN-CMP-14430,SYN-U-16478,2026-08-29T11:50:41,Biometric fingerprint login is not working on my new Android device.,ACCOUNT,LOW,DISPUTES,RECEIVED,UNBLOCK_ACCOUNT,2261,0
SYN-CMP-14431,SYN-U-11718,2026-08-29T11:55:11,Money was deducted from my account but the grocery merchant did not receive payment confirmation.,PAYMENT,MEDIUM,TRANSACTION_OPERATIONS,RECEIVED,REFUNDED,682,0
SYN-CMP-14432,SYN-U-10858,2026-08-29T15:10:14,"Accidentally transferred BDT 3,500 to a wrong mobile number.",TRANSFER,LOW,TRANSACTION_OPERATIONS,RECEIVED,DECLINED,520,0
SYN-CMP-14433,SYN-U-11788,2026-08-29T17:02:30,E-commerce merchant payment processed twice during checkout.,PAYMENT,LOW,TRANSACTION_OPERATIONS,RECEIVED,REFUNDED,1149,0
SYN-CMP-14434,SYN-U-17272,2026-08-29T18:24:49,"Merchant initiated refund 5 business days ago, but balance is not credited.",REFUND,LOW,DISPUTES,RECEIVED,EXPLAINED,2006,0
SYN-CMP-14435,SYN-U-15540,2026-08-29T18:30:26,"Paid utility electricity bill through app yesterday, but bill status still shows unpaid.",PAYMENT,MEDIUM,TRANSACTION_OPERATIONS,RECEIVED,REFUNDED,305,0
SYN-CMP-14436,SYN-U-15345,2026-08-29T18:49:12,"Received a scam call asking for OTP, shortly after BDT 8,500 was transferred out.",FRAUD,CRITICAL,FRAUD_INVESTIGATION,RECEIVED,REFUNDED,1835,1
SYN-CMP-14437,SYN-U-18713,2026-08-29T20:08:48,My PIN was compromised and unauthorized funds were transferred to an unknown number.,FRAUD,HIGH,FRAUD_INVESTIGATION,RECEIVED,REFUNDED,2144,0
SYN-CMP-14438,SYN-U-19677,2026-08-29T20:36:57,Cash-out fee charged higher than standard 1.4% rate at the agent point.,CASH_OUT,MEDIUM,TRANSACTION_OPERATIONS,RECEIVED,REFUNDED,415,0
SYN-CMP-14439,SYN-U-10296,2026-08-29T20:54:51,"Payment to merchant showed failed on app, but BDT 1,200 deducted from my Upay balance.",PAYMENT,MEDIUM,TRANSACTION_OPERATIONS,RECEIVED,EXPLAINED,2659,0
SYN-CMP-14440,SYN-U-10192,2026-08-29T21:29:41,App says account dormant even though I received funds two weeks ago.,ACCOUNT,LOW,DISPUTES,RECEIVED,REFUNDED,1384,0
SYN-CMP-14441,SYN-U-18978,2026-08-29T22:20:11,Bank deposit to Upay wallet via internet banking hasn't reflected after 4 hours.,TRANSFER,MEDIUM,TRANSACTION_OPERATIONS,RECEIVED,REFUNDED,1540,0
SYN-CMP-14442,SYN-U-19610,2026-08-30T00:12:49,"Payment to merchant showed failed on app, but BDT 1,200 deducted from my Upay balance.",PAYMENT,MEDIUM,TRANSACTION_OPERATIONS,RECEIVED,REFUNDED,2176,0
SYN-CMP-14443,SYN-U-11608,2026-08-30T02:02:09,"Paid utility electricity bill through app yesterday, but bill status still shows unpaid.",PAYMENT,MEDIUM,TRANSACTION_OPERATIONS,RECEIVED,UNBLOCK_ACCOUNT,1741,0
SYN-CMP-14444,SYN-U-11586,2026-08-30T03:38:41,"Merchant initiated refund 5 business days ago, but balance is not credited.",REFUND,LOW,DISPUTES,RECEIVED,REFUNDED,1284,0
SYN-CMP-14445,SYN-U-11903,2026-08-30T05:05:07,Cancelled e-commerce order refund amount is missing BDT 250 processing fee.,REFUND,LOW,DISPUTES,RECEIVED,EXPLAINED,2408,0
SYN-CMP-14446,SYN-U-16704,2026-08-30T05:31:39,Endorsement limit not updating after submitting updated passport copy.,CARD,HIGH,CARD_SERVICES,RECEIVED,REFUNDED,1321,1
SYN-CMP-14447,SYN-U-15480,2026-08-30T06:05:54,Phishing message led to account takeover and repeated cash-out attempts.,FRAUD,HIGH,FRAUD_INVESTIGATION,RECEIVED,REFUNDED,1070,1
SYN-CMP-14448,SYN-U-13542,2026-08-30T06:12:12,"Failed cash out attempt at agent, but funds debited from balance.",CASH_OUT,MEDIUM,TRANSACTION_OPERATIONS,RECEIVED,EXPLAINED,2061,0
SYN-CMP-14449,SYN-U-12799,2026-08-30T06:35:06,Phishing message led to account takeover and repeated cash-out attempts.,FRAUD,CRITICAL,FRAUD_INVESTIGATION,RECEIVED,EXPLAINED,2518,1
SYN-CMP-14450,SYN-U-17834,2026-08-30T07:06:20,E-commerce merchant payment processed twice during checkout.,PAYMENT,MEDIUM,TRANSACTION_OPERATIONS,RECEIVED,REFUNDED,2166,0
SYN-CMP-14451,SYN-U-18791,2026-08-30T09:00:13,My PIN was compromised and unauthorized funds were transferred to an unknown number.,FRAUD,CRITICAL,FRAUD_INVESTIGATION,RECEIVED,EXPLAINED,1822,1
SYN-CMP-14452,SYN-U-14259,2026-08-30T09:22:26,Want to temporarily freeze my physical card due to lost wallet.,CARD,LOW,CARD_SERVICES,RECEIVED,EXPLAINED,1919,0
SYN-CMP-14453,SYN-U-18683,2026-08-30T10:30:48,Inquiry regarding upcoming Eid merchant promo discounts.,OTHER,LOW,DISPUTES,RECEIVED,EXPLAINED,1843,0
SYN-CMP-14454,SYN-U-14144,2026-08-30T11:24:48,"Suspicious login notification received from unfamiliar device, someone tried to cash out.",FRAUD,HIGH,FRAUD_INVESTIGATION,RECEIVED,REFUNDED,923,1
SYN-CMP-14455,SYN-U-13967,2026-08-30T13:46:36,"Received a scam call asking for OTP, shortly after BDT 8,500 was transferred out.",FRAUD,CRITICAL,FRAUD_INVESTIGATION,RECEIVED,EXPLAINED,2581,0
SYN-CMP-14456,SYN-U-12308,2026-08-30T13:55:30,Agent confirmed cash-out successful on terminal but I did not receive SMS confirmation.,CASH_OUT,MEDIUM,TRANSACTION_OPERATIONS,RECEIVED,REVERSED,235,0
SYN-CMP-14457,SYN-U-16516,2026-08-30T15:27:10,"Paid utility electricity bill through app yesterday, but bill status still shows unpaid.",PAYMENT,MEDIUM,TRANSACTION_OPERATIONS,RECEIVED,EXPLAINED,2491,0
SYN-CMP-14458,SYN-U-13036,2026-08-30T15:48:17,"Unauthorized send money transaction of BDT 15,000 sent from my account at 3:00 AM.",FRAUD,CRITICAL,FRAUD_INVESTIGATION,RECEIVED,EXPLAINED,526,1
SYN-CMP-14459,SYN-U-12465,2026-08-30T15:49:14,"Received a scam call asking for OTP, shortly after BDT 8,500 was transferred out.",FRAUD,HIGH,FRAUD_INVESTIGATION,RECEIVED,REFUNDED,2820,0
SYN-CMP-14460,SYN-U-11682,2026-08-30T20:27:12,Money was deducted from my account but the grocery merchant did not receive payment confirmation.,PAYMENT,HIGH,TRANSACTION_OPERATIONS,RECEIVED,EXPLAINED,202,0
SYN-CMP-14461,SYN-U-11559,2026-08-30T20:55:44,Upay mobile app crashes immediately on splash screen after latest update.,TECHNICAL,LOW,TECH_SUPPORT,RECEIVED,UNBLOCK_ACCOUNT,796,0
SYN-CMP-14462,SYN-U-16884,2026-08-30T22:45:27,"Unauthorized send money transaction of BDT 15,000 sent from my account at 3:00 AM.",FRAUD,CRITICAL,FRAUD_INVESTIGATION,RECEIVED,UNBLOCK_ACCOUNT,1351,0
SYN-CMP-14463,SYN-U-17869,2026-08-31T00:20:03,Inter-wallet transfer delayed during peak evening banking clearing hour.,TRANSFER,LOW,TRANSACTION_OPERATIONS,RECEIVED,REFUNDED,522,0
SYN-CMP-14464,SYN-U-14301,2026-08-31T01:56:06,Partial refund received instead of full transaction amount.,REFUND,LOW,DISPUTES,RECEIVED,EXPLAINED,1926,0
SYN-CMP-14465,SYN-U-12355,2026-08-31T04:40:46,"Received a scam call asking for OTP, shortly after BDT 8,500 was transferred out.",FRAUD,HIGH,FRAUD_INVESTIGATION,RECEIVED,REFUNDED,180,1
SYN-CMP-14466,SYN-U-18190,2026-08-31T04:41:11,Want to temporarily freeze my physical card due to lost wallet.,CARD,MEDIUM,CARD_SERVICES,RECEIVED,REFUNDED,1650,0
SYN-CMP-14467,SYN-U-15544,2026-08-31T04:59:27,Want to temporarily freeze my physical card due to lost wallet.,CARD,LOW,CARD_SERVICES,RECEIVED,UNBLOCK_ACCOUNT,324,0
SYN-CMP-14468,SYN-U-10212,2026-08-31T06:26:01,My PIN was compromised and unauthorized funds were transferred to an unknown number.,FRAUD,CRITICAL,FRAUD_INVESTIGATION,RECEIVED,REVERSED,2005,1
SYN-CMP-14469,SYN-U-17890,2026-08-31T06:28:05,"Merchant initiated refund 5 business days ago, but balance is not credited.",REFUND,MEDIUM,DISPUTES,RECEIVED,REVERSED,2581,0
SYN-CMP-14470,SYN-U-15512,2026-08-31T07:36:22,"Paid utility electricity bill through app yesterday, but bill status still shows unpaid.",PAYMENT,MEDIUM,TRANSACTION_OPERATIONS,RECEIVED,EXPLAINED,1171,0
SYN-CMP-14471,SYN-U-16644,2026-08-31T07:47:57,SMS OTP is taking over 5 minutes to arrive during login attempt.,TECHNICAL,LOW,TECH_SUPPORT,RECEIVED,DECLINED,1874,0
SYN-CMP-14472,SYN-U-16654,2026-08-31T07:58:44,Duplicate payment charged for the same restaurant QR transaction.,PAYMENT,HIGH,TRANSACTION_OPERATIONS,RECEIVED,EXPLAINED,1995,0
SYN-CMP-14473,SYN-U-18652,2026-08-31T08:56:58,"Failed cash out attempt at agent, but funds debited from balance.",CASH_OUT,LOW,TRANSACTION_OPERATIONS,RECEIVED,EXPLAINED,1195,0
SYN-CMP-14474,SYN-U-15820,2026-08-31T09:50:59,App says account dormant even though I received funds two weeks ago.,ACCOUNT,MEDIUM,DISPUTES,RECEIVED,REFUNDED,976,0
SYN-CMP-14475,SYN-U-12031,2026-08-31T14:15:45,My virtual dual-currency card was declined while making an international subscription payment.,CARD,HIGH,CARD_SERVICES,RECEIVED,IN_PROGRESS,1598,0
SYN-CMP-14476,SYN-U-15322,2026-08-31T15:17:33,"Unauthorized send money transaction of BDT 15,000 sent from my account at 3:00 AM.",FRAUD,CRITICAL,FRAUD_INVESTIGATION,RECEIVED,REVERSED,855,0
SYN-CMP-14477,SYN-U-17615,2026-08-31T15:52:43,"Merchant initiated refund 5 business days ago, but balance is not credited.",REFUND,LOW,DISPUTES,RECEIVED,REFUNDED,836,0
SYN-CMP-14478,SYN-U-11101,2026-08-31T16:13:22,"Accidentally transferred BDT 3,500 to a wrong mobile number.",TRANSFER,LOW,TRANSACTION_OPERATIONS,RECEIVED,REFUNDED,2615,0
SYN-CMP-14479,SYN-U-14879,2026-08-31T16:40:12,Network connection error occurred during transaction processing screen.,TECHNICAL,MEDIUM,TECH_SUPPORT,RECEIVED,REFUNDED,881,0
SYN-CMP-14480,SYN-U-11426,2026-08-31T18:46:51,Inter-wallet transfer delayed during peak evening banking clearing hour.,TRANSFER,LOW,TRANSACTION_OPERATIONS,RECEIVED,EXPLAINED,797,0
SYN-CMP-14481,SYN-U-16380,2026-08-31T20:19:14,Upay mobile app crashes immediately on splash screen after latest update.,TECHNICAL,LOW,TECH_SUPPORT,RECEIVED,REVERSED,2553,0
SYN-CMP-14482,SYN-U-11617,2026-08-31T20:29:27,Partial refund received instead of full transaction amount.,REFUND,LOW,DISPUTES,RECEIVED,REFUNDED,100,0
SYN-CMP-14483,SYN-U-16509,2026-08-31T20:38:38,Duplicate payment charged for the same restaurant QR transaction.,PAYMENT,MEDIUM,TRANSACTION_OPERATIONS,RECEIVED,REVERSED,1981,0
SYN-CMP-14484,SYN-U-16111,2026-09-01T02:42:58,App says account dormant even though I received funds two weeks ago.,ACCOUNT,LOW,DISPUTES,RECEIVED,REFUNDED,636,0
SYN-CMP-14485,SYN-U-13562,2026-09-01T02:52:19,App says account dormant even though I received funds two weeks ago.,ACCOUNT,LOW,DISPUTES,RECEIVED,REVERSED,285,0
SYN-CMP-14486,SYN-U-19528,2026-09-01T03:05:53,Agent deducted fee but the cash-out transaction timed out without dispensing cash.,CASH_OUT,MEDIUM,TRANSACTION_OPERATIONS,RECEIVED,DECLINED,2879,0
SYN-CMP-14487,SYN-U-13543,2026-09-01T06:05:41,Duplicate payment charged for the same restaurant QR transaction.,PAYMENT,MEDIUM,TRANSACTION_OPERATIONS,RECEIVED,REVERSED,205,0
SYN-CMP-14488,SYN-U-12863,2026-09-01T07:54:21,Duplicate payment charged for the same restaurant QR transaction.,PAYMENT,MEDIUM,TRANSACTION_OPERATIONS,RECEIVED,UNBLOCK_ACCOUNT,1656,0
SYN-CMP-14489,SYN-U-12298,2026-09-01T08:29:03,Endorsement limit not updating after submitting updated passport copy.,CARD,MEDIUM,CARD_SERVICES,RECEIVED,REFUNDED,90,0
SYN-CMP-14490,SYN-U-15701,2026-09-01T13:35:27,"Paid utility electricity bill through app yesterday, but bill status still shows unpaid.",PAYMENT,LOW,TRANSACTION_OPERATIONS,RECEIVED,REFUNDED,1258,0
SYN-CMP-14491,SYN-U-14997,2026-09-01T14:27:35,"Paid utility electricity bill through app yesterday, but bill status still shows unpaid.",PAYMENT,HIGH,TRANSACTION_OPERATIONS,RECEIVED,EXPLAINED,2572,1
SYN-CMP-14492,SYN-U-15198,2026-09-01T14:52:35,"Accidentally transferred BDT 3,500 to a wrong mobile number.",TRANSFER,LOW,TRANSACTION_OPERATIONS,RECEIVED,REVERSED,84,0
SYN-CMP-14493,SYN-U-19603,2026-09-01T15:21:01,Duplicate payment charged for the same restaurant QR transaction.,PAYMENT,MEDIUM,TRANSACTION_OPERATIONS,RECEIVED,REVERSED,2093,0
SYN-CMP-14494,SYN-U-16040,2026-09-01T17:16:29,International online transaction toggle keeps turning off automatically in settings.,CARD,LOW,CARD_SERVICES,RECEIVED,IN_PROGRESS,1002,0
SYN-CMP-14495,SYN-U-14723,2026-09-01T17:25:41,E-commerce merchant payment processed twice during checkout.,PAYMENT,MEDIUM,TRANSACTION_OPERATIONS,RECEIVED,UNBLOCK_ACCOUNT,2733,0
SYN-CMP-14496,SYN-U-17830,2026-09-02T00:42:04,My account has been temporarily restricted after entering wrong PIN 3 times.,ACCOUNT,MEDIUM,DISPUTES,RECEIVED,REFUNDED,2282,0
SYN-CMP-14497,SYN-U-15268,2026-09-02T03:39:02,Unable to update my registered primary phone number and email in settings.,ACCOUNT,LOW,DISPUTES,RECEIVED,REFUNDED,1666,0
SYN-CMP-14498,SYN-U-18325,2026-09-02T04:02:01,"Payment to merchant showed failed on app, but BDT 1,200 deducted from my Upay balance.",PAYMENT,LOW,TRANSACTION_OPERATIONS,RECEIVED,REFUNDED,1692,0
SYN-CMP-14499,SYN-U-14159,2026-09-02T05:01:44,Cash-out fee charged higher than standard 1.4% rate at the agent point.,CASH_OUT,LOW,TRANSACTION_OPERATIONS,RECEIVED,EXPLAINED,2039,0
SYN-CMP-14500,SYN-U-15214,2026-09-02T06:20:37,"Paid utility electricity bill through app yesterday, but bill status still shows unpaid.",PAYMENT,HIGH,TRANSACTION_OPERATIONS,RECEIVED,EXPLAINED,2773,1
SYN-CMP-14501,SYN-U-16437,2026-09-02T07:27:56,"Paid utility electricity bill through app yesterday, but bill status still shows unpaid.",PAYMENT,LOW,TRANSACTION_OPERATIONS,RECEIVED,REFUNDED,2577,0
SYN-CMP-14502,SYN-U-14527,2026-09-02T08:05:45,E-commerce merchant payment processed twice during checkout.,PAYMENT,LOW,TRANSACTION_OPERATIONS,RECEIVED,REFUNDED,146,0
SYN-CMP-14503,SYN-U-15215,2026-09-02T08:28:11,Phishing message led to account takeover and repeated cash-out attempts.,FRAUD,HIGH,FRAUD_INVESTIGATION,RECEIVED,EXPLAINED,222,1
SYN-CMP-14504,SYN-U-12372,2026-09-02T09:07:16,Money was deducted from my account but the grocery merchant did not receive payment confirmation.,PAYMENT,MEDIUM,TRANSACTION_OPERATIONS,RECEIVED,EXPLAINED,618,0
SYN-CMP-14505,SYN-U-18950,2026-09-02T09:39:31,Partial refund received instead of full transaction amount.,REFUND,LOW,DISPUTES,RECEIVED,REFUNDED,930,0
SYN-CMP-14506,SYN-U-17631,2026-09-02T10:11:19,Card charged USD 45.00 for an online software transaction that I cancelled.,CARD,MEDIUM,CARD_SERVICES,RECEIVED,DECLINED,150,0
SYN-CMP-14507,SYN-U-15452,2026-09-02T14:12:56,"Paid utility electricity bill through app yesterday, but bill status still shows unpaid.",PAYMENT,LOW,TRANSACTION_OPERATIONS,RECEIVED,DECLINED,418,0
SYN-CMP-14508,SYN-U-10499,2026-09-02T14:44:29,E-commerce merchant payment processed twice during checkout.,PAYMENT,LOW,TRANSACTION_OPERATIONS,RECEIVED,REFUNDED,2879,0
SYN-CMP-14509,SYN-U-13945,2026-09-02T14:56:34,"Received a scam call asking for OTP, shortly after BDT 8,500 was transferred out.",FRAUD,HIGH,FRAUD_INVESTIGATION,RECEIVED,EXPLAINED,2725,1
SYN-CMP-14510,SYN-U-18025,2026-09-02T15:18:42,My account has been temporarily restricted after entering wrong PIN 3 times.,ACCOUNT,LOW,DISPUTES,RECEIVED,REVERSED,2668,0
SYN-CMP-14511,SYN-U-10500,2026-09-02T15:50:22,"Paid utility electricity bill through app yesterday, but bill status still shows unpaid.",PAYMENT,LOW,TRANSACTION_OPERATIONS,RECEIVED,REFUNDED,891,0
SYN-CMP-14512,SYN-U-17461,2026-09-02T17:29:38,Duplicate payment charged for the same restaurant QR transaction.,PAYMENT,LOW,TRANSACTION_OPERATIONS,RECEIVED,REVERSED,2806,0
SYN-CMP-14513,SYN-U-17178,2026-09-02T19:42:42,Cancelled e-commerce order refund amount is missing BDT 250 processing fee.,REFUND,LOW,DISPUTES,RECEIVED,IN_PROGRESS,148,0
SYN-CMP-14514,SYN-U-12176,2026-09-02T21:14:03,Money was deducted from my account but the grocery merchant did not receive payment confirmation.,PAYMENT,MEDIUM,TRANSACTION_OPERATIONS,RECEIVED,REFUNDED,457,0
SYN-CMP-14515,SYN-U-15425,2026-09-02T21:16:48,Card charged USD 45.00 for an online software transaction that I cancelled.,CARD,MEDIUM,CARD_SERVICES,RECEIVED,EXPLAINED,334,0
SYN-CMP-14516,SYN-U-11066,2026-09-03T00:43:26,"Paid utility electricity bill through app yesterday, but bill status still shows unpaid.",PAYMENT,MEDIUM,TRANSACTION_OPERATIONS,RECEIVED,DECLINED,716,0
SYN-CMP-14517,SYN-U-19526,2026-09-03T01:31:15,NID verification pending for more than 48 hours.,ACCOUNT,LOW,DISPUTES,RECEIVED,REFUNDED,265,0
SYN-CMP-14518,SYN-U-12752,2026-09-03T02:32:40,E-commerce merchant payment processed twice during checkout.,PAYMENT,LOW,TRANSACTION_OPERATIONS,RECEIVED,UNBLOCK_ACCOUNT,590,0
SYN-CMP-14519,SYN-U-12078,2026-09-03T02:55:54,Money was deducted from my account but the grocery merchant did not receive payment confirmation.,PAYMENT,MEDIUM,TRANSACTION_OPERATIONS,RECEIVED,EXPLAINED,2222,0
SYN-CMP-14520,SYN-U-10629,2026-09-03T02:56:47,Money was deducted from my account but the grocery merchant did not receive payment confirmation.,PAYMENT,LOW,TRANSACTION_OPERATIONS,RECEIVED,UNBLOCK_ACCOUNT,1275,0
SYN-CMP-14521,SYN-U-12167,2026-09-03T07:27:31,"Failed cash out attempt at agent, but funds debited from balance.",CASH_OUT,LOW,TRANSACTION_OPERATIONS,RECEIVED,EXPLAINED,60,0
SYN-CMP-14522,SYN-U-19751,2026-09-03T07:39:51,Money was deducted from my account but the grocery merchant did not receive payment confirmation.,PAYMENT,MEDIUM,TRANSACTION_OPERATIONS,RECEIVED,EXPLAINED,434,0
SYN-CMP-14523,SYN-U-19708,2026-09-03T08:15:11,"Received a scam call asking for OTP, shortly after BDT 8,500 was transferred out.",FRAUD,CRITICAL,FRAUD_INVESTIGATION,RECEIVED,UNBLOCK_ACCOUNT,2769,0
SYN-CMP-14524,SYN-U-17260,2026-09-03T10:11:50,SMS OTP is taking over 5 minutes to arrive during login attempt.,TECHNICAL,MEDIUM,TECH_SUPPORT,RECEIVED,REVERSED,2513,0
SYN-CMP-14525,SYN-U-17399,2026-09-03T10:15:03,"Paid utility electricity bill through app yesterday, but bill status still shows unpaid.",PAYMENT,MEDIUM,TRANSACTION_OPERATIONS,RECEIVED,REFUNDED,2586,0
SYN-CMP-14526,SYN-U-14124,2026-09-03T11:11:42,Partial refund received instead of full transaction amount.,REFUND,LOW,DISPUTES,RECEIVED,EXPLAINED,2247,0
SYN-CMP-14527,SYN-U-18969,2026-09-03T11:33:59,Endorsement limit not updating after submitting updated passport copy.,CARD,HIGH,CARD_SERVICES,RECEIVED,IN_PROGRESS,153,0
SYN-CMP-14528,SYN-U-17644,2026-09-03T12:05:27,Card charged USD 45.00 for an online software transaction that I cancelled.,CARD,MEDIUM,CARD_SERVICES,RECEIVED,EXPLAINED,295,0
SYN-CMP-14529,SYN-U-16929,2026-09-03T13:14:05,Bank deposit to Upay wallet via internet banking hasn't reflected after 4 hours.,TRANSFER,MEDIUM,TRANSACTION_OPERATIONS,RECEIVED,REFUNDED,1623,0
SYN-CMP-14530,SYN-U-11207,2026-09-03T14:23:18,Cancelled e-commerce order refund amount is missing BDT 250 processing fee.,REFUND,MEDIUM,DISPUTES,RECEIVED,REVERSED,2116,0
SYN-CMP-14531,SYN-U-15962,2026-09-03T14:50:11,Upay mobile app crashes immediately on splash screen after latest update.,TECHNICAL,LOW,TECH_SUPPORT,RECEIVED,REFUNDED,86,0
SYN-CMP-14532,SYN-U-11976,2026-09-03T15:19:34,Partial refund received instead of full transaction amount.,REFUND,MEDIUM,DISPUTES,RECEIVED,REFUNDED,2232,0
SYN-CMP-14533,SYN-U-11035,2026-09-03T15:39:08,Card charged USD 45.00 for an online software transaction that I cancelled.,CARD,MEDIUM,CARD_SERVICES,RECEIVED,REFUNDED,87,0
SYN-CMP-14534,SYN-U-11736,2026-09-03T17:39:38,E-commerce merchant payment processed twice during checkout.,PAYMENT,MEDIUM,TRANSACTION_OPERATIONS,RECEIVED,IN_PROGRESS,2742,0
SYN-CMP-14535,SYN-U-14185,2026-09-03T19:26:35,Money was deducted from my account but the grocery merchant did not receive payment confirmation.,PAYMENT,HIGH,TRANSACTION_OPERATIONS,RECEIVED,IN_PROGRESS,221,1
SYN-CMP-14536,SYN-U-18645,2026-09-03T19:56:37,Need clarification on loyalty reward cashback points calculation.,OTHER,MEDIUM,DISPUTES,RECEIVED,EXPLAINED,223,0
SYN-CMP-14537,SYN-U-12521,2026-09-03T21:13:55,Agent confirmed cash-out successful on terminal but I did not receive SMS confirmation.,CASH_OUT,LOW,TRANSACTION_OPERATIONS,RECEIVED,REFUNDED,277,0
SYN-CMP-14538,SYN-U-18128,2026-09-03T21:19:00,Inter-wallet transfer delayed during peak evening banking clearing hour.,TRANSFER,LOW,TRANSACTION_OPERATIONS,RECEIVED,EXPLAINED,446,0
SYN-CMP-14539,SYN-U-16713,2026-09-03T21:54:31,Duplicate payment charged for the same restaurant QR transaction.,PAYMENT,HIGH,TRANSACTION_OPERATIONS,RECEIVED,UNBLOCK_ACCOUNT,22,1
SYN-CMP-14540,SYN-U-14216,2026-09-03T22:14:46,Duplicate payment charged for the same restaurant QR transaction.,PAYMENT,HIGH,TRANSACTION_OPERATIONS,RECEIVED,UNBLOCK_ACCOUNT,1481,0
SYN-CMP-14541,SYN-U-15854,2026-09-03T22:31:33,"Payment to merchant showed failed on app, but BDT 1,200 deducted from my Upay balance.",PAYMENT,MEDIUM,TRANSACTION_OPERATIONS,RECEIVED,EXPLAINED,65,0
SYN-CMP-14542,SYN-U-11662,2026-09-04T00:59:10,Agent deducted fee but the cash-out transaction timed out without dispensing cash.,CASH_OUT,LOW,TRANSACTION_OPERATIONS,RECEIVED,DECLINED,546,0
SYN-CMP-14543,SYN-U-18622,2026-09-04T01:01:34,"Unauthorized send money transaction of BDT 15,000 sent from my account at 3:00 AM.",FRAUD,HIGH,FRAUD_INVESTIGATION,RECEIVED,EXPLAINED,55,1
SYN-CMP-14544,SYN-U-19305,2026-09-04T01:08:57,Duplicate payment charged for the same restaurant QR transaction.,PAYMENT,MEDIUM,TRANSACTION_OPERATIONS,RECEIVED,REFUNDED,525,0
SYN-CMP-14545,SYN-U-12777,2026-09-04T01:37:13,My PIN was compromised and unauthorized funds were transferred to an unknown number.,FRAUD,CRITICAL,FRAUD_INVESTIGATION,RECEIVED,REFUNDED,2557,0
SYN-CMP-14546,SYN-U-13877,2026-09-04T02:43:12,Money was deducted from my account but the grocery merchant did not receive payment confirmation.,PAYMENT,MEDIUM,TRANSACTION_OPERATIONS,RECEIVED,REFUNDED,336,0
SYN-CMP-14547,SYN-U-14787,2026-09-04T03:19:38,"Paid utility electricity bill through app yesterday, but bill status still shows unpaid.",PAYMENT,HIGH,TRANSACTION_OPERATIONS,RECEIVED,REFUNDED,2692,0
SYN-CMP-14548,SYN-U-10574,2026-09-04T03:34:19,Money was deducted from my account but the grocery merchant did not receive payment confirmation.,PAYMENT,LOW,TRANSACTION_OPERATIONS,RECEIVED,EXPLAINED,289,0
SYN-CMP-14549,SYN-U-11162,2026-09-04T05:25:58,My PIN was compromised and unauthorized funds were transferred to an unknown number.,FRAUD,CRITICAL,FRAUD_INVESTIGATION,RECEIVED,REFUNDED,1625,1
SYN-CMP-14550,SYN-U-19314,2026-09-04T07:55:22,Partial refund received instead of full transaction amount.,REFUND,LOW,DISPUTES,RECEIVED,EXPLAINED,495,0
SYN-CMP-14551,SYN-U-19977,2026-09-04T07:58:19,Money was deducted from my account but the grocery merchant did not receive payment confirmation.,PAYMENT,MEDIUM,TRANSACTION_OPERATIONS,RECEIVED,EXPLAINED,1142,0
SYN-CMP-14552,SYN-U-12104,2026-09-04T08:51:44,"Received a scam call asking for OTP, shortly after BDT 8,500 was transferred out.",FRAUD,CRITICAL,FRAUD_INVESTIGATION,RECEIVED,REFUNDED,899,0
SYN-CMP-14553,SYN-U-11266,2026-09-04T10:13:29,"Received a scam call asking for OTP, shortly after BDT 8,500 was transferred out.",FRAUD,HIGH,FRAUD_INVESTIGATION,RECEIVED,REVERSED,207,1
SYN-CMP-14554,SYN-U-15402,2026-09-04T13:11:54,Requesting official annual account statement for tax filing purposes.,OTHER,LOW,DISPUTES,RECEIVED,REFUNDED,2834,0
SYN-CMP-14555,SYN-U-16687,2026-09-04T17:17:26,"Accidentally transferred BDT 3,500 to a wrong mobile number.",TRANSFER,LOW,TRANSACTION_OPERATIONS,RECEIVED,REFUNDED,844,0
SYN-CMP-14556,SYN-U-12604,2026-09-04T17:17:44,E-commerce merchant payment processed twice during checkout.,PAYMENT,MEDIUM,TRANSACTION_OPERATIONS,RECEIVED,DECLINED,1169,0
SYN-CMP-14557,SYN-U-17807,2026-09-04T18:17:52,"Payment to merchant showed failed on app, but BDT 1,200 deducted from my Upay balance.",PAYMENT,HIGH,TRANSACTION_OPERATIONS,RECEIVED,EXPLAINED,2350,1
SYN-CMP-14558,SYN-U-16107,2026-09-04T19:07:30,Money was deducted from my account but the grocery merchant did not receive payment confirmation.,PAYMENT,LOW,TRANSACTION_OPERATIONS,RECEIVED,REFUNDED,672,0
SYN-CMP-14559,SYN-U-15681,2026-09-04T19:32:33,"Unauthorized send money transaction of BDT 15,000 sent from my account at 3:00 AM.",FRAUD,CRITICAL,FRAUD_INVESTIGATION,RECEIVED,EXPLAINED,1245,1
SYN-CMP-14560,SYN-U-18164,2026-09-04T21:13:04,Agent deducted fee but the cash-out transaction timed out without dispensing cash.,CASH_OUT,LOW,TRANSACTION_OPERATIONS,RECEIVED,UNBLOCK_ACCOUNT,1857,0
SYN-CMP-14561,SYN-U-17713,2026-09-04T22:52:27,E-commerce merchant payment processed twice during checkout.,PAYMENT,MEDIUM,TRANSACTION_OPERATIONS,RECEIVED,IN_PROGRESS,777,0
SYN-CMP-14562,SYN-U-14026,2026-09-04T22:57:59,Inquiry regarding upcoming Eid merchant promo discounts.,OTHER,LOW,DISPUTES,RECEIVED,EXPLAINED,552,0
SYN-CMP-14563,SYN-U-16907,2026-09-04T22:58:15,"Payment to merchant showed failed on app, but BDT 1,200 deducted from my Upay balance.",PAYMENT,MEDIUM,TRANSACTION_OPERATIONS,RECEIVED,EXPLAINED,1387,0
SYN-CMP-14564,SYN-U-11140,2026-09-04T23:28:46,E-commerce merchant payment processed twice during checkout.,PAYMENT,HIGH,TRANSACTION_OPERATIONS,RECEIVED,UNBLOCK_ACCOUNT,1265,0
SYN-CMP-14565,SYN-U-10211,2026-09-04T23:42:16,"Payment to merchant showed failed on app, but BDT 1,200 deducted from my Upay balance.",PAYMENT,MEDIUM,TRANSACTION_OPERATIONS,RECEIVED,REFUNDED,1467,0
SYN-CMP-14566,SYN-U-19314,2026-09-05T01:39:43,"Paid utility electricity bill through app yesterday, but bill status still shows unpaid.",PAYMENT,MEDIUM,TRANSACTION_OPERATIONS,RECEIVED,REFUNDED,2617,0
SYN-CMP-14567,SYN-U-12617,2026-09-05T04:08:33,Biometric fingerprint login is not working on my new Android device.,ACCOUNT,MEDIUM,DISPUTES,RECEIVED,EXPLAINED,555,0
SYN-CMP-14568,SYN-U-14362,2026-09-05T04:09:00,Money was deducted from my account but the grocery merchant did not receive payment confirmation.,PAYMENT,HIGH,TRANSACTION_OPERATIONS,RECEIVED,IN_PROGRESS,2117,0
SYN-CMP-14569,SYN-U-16458,2026-09-05T04:52:59,Duplicate payment charged for the same restaurant QR transaction.,PAYMENT,LOW,TRANSACTION_OPERATIONS,RECEIVED,REVERSED,2236,0
SYN-CMP-14570,SYN-U-18701,2026-09-05T06:15:43,E-commerce merchant payment processed twice during checkout.,PAYMENT,MEDIUM,TRANSACTION_OPERATIONS,RECEIVED,REVERSED,1112,0
SYN-CMP-14571,SYN-U-11540,2026-09-05T07:19:47,Biometric fingerprint login is not working on my new Android device.,ACCOUNT,LOW,DISPUTES,RECEIVED,REFUNDED,1629,0
SYN-CMP-14572,SYN-U-18509,2026-09-05T08:01:29,My PIN was compromised and unauthorized funds were transferred to an unknown number.,FRAUD,HIGH,FRAUD_INVESTIGATION,RECEIVED,REFUNDED,1939,0
SYN-CMP-14573,SYN-U-10897,2026-09-05T12:11:10,"Accidentally transferred BDT 3,500 to a wrong mobile number.",TRANSFER,LOW,TRANSACTION_OPERATIONS,RECEIVED,EXPLAINED,771,0
SYN-CMP-14574,SYN-U-14663,2026-09-05T13:14:32,International online transaction toggle keeps turning off automatically in settings.,CARD,HIGH,CARD_SERVICES,RECEIVED,REVERSED,502,0
SYN-CMP-14575,SYN-U-14996,2026-09-05T14:30:41,"Merchant initiated refund 5 business days ago, but balance is not credited.",REFUND,LOW,DISPUTES,RECEIVED,IN_PROGRESS,100,0
SYN-CMP-14576,SYN-U-10859,2026-09-05T14:32:39,SMS OTP is taking over 5 minutes to arrive during login attempt.,TECHNICAL,MEDIUM,TECH_SUPPORT,RECEIVED,REFUNDED,2781,0
SYN-CMP-14577,SYN-U-19822,2026-09-05T16:08:59,Card charged USD 45.00 for an online software transaction that I cancelled.,CARD,MEDIUM,CARD_SERVICES,RECEIVED,REFUNDED,1793,0
SYN-CMP-14578,SYN-U-14257,2026-09-05T16:35:37,"Payment to merchant showed failed on app, but BDT 1,200 deducted from my Upay balance.",PAYMENT,HIGH,TRANSACTION_OPERATIONS,RECEIVED,REFUNDED,291,0
SYN-CMP-14579,SYN-U-18540,2026-09-05T17:24:49,E-commerce merchant payment processed twice during checkout.,PAYMENT,LOW,TRANSACTION_OPERATIONS,RECEIVED,REFUNDED,449,0
SYN-CMP-14580,SYN-U-19820,2026-09-05T23:31:22,"Merchant initiated refund 5 business days ago, but balance is not credited.",REFUND,MEDIUM,DISPUTES,RECEIVED,REVERSED,2668,0
SYN-CMP-14581,SYN-U-18610,2026-09-06T00:50:06,Money was deducted from my account but the grocery merchant did not receive payment confirmation.,PAYMENT,MEDIUM,TRANSACTION_OPERATIONS,RECEIVED,DECLINED,1410,0
SYN-CMP-14582,SYN-U-14829,2026-09-06T01:25:31,Agent deducted fee but the cash-out transaction timed out without dispensing cash.,CASH_OUT,LOW,TRANSACTION_OPERATIONS,RECEIVED,EXPLAINED,2494,0
SYN-CMP-14583,SYN-U-15273,2026-09-06T05:57:05,Phishing message led to account takeover and repeated cash-out attempts.,FRAUD,CRITICAL,FRAUD_INVESTIGATION,RECEIVED,REFUNDED,1421,0
SYN-CMP-14584,SYN-U-18832,2026-09-06T06:33:32,Money was deducted from my account but the grocery merchant did not receive payment confirmation.,PAYMENT,MEDIUM,TRANSACTION_OPERATIONS,RECEIVED,UNBLOCK_ACCOUNT,406,0
SYN-CMP-14585,SYN-U-13812,2026-09-06T06:42:19,Network connection error occurred during transaction processing screen.,TECHNICAL,LOW,TECH_SUPPORT,RECEIVED,EXPLAINED,206,0
SYN-CMP-14586,SYN-U-12521,2026-09-06T07:58:30,App says account dormant even though I received funds two weeks ago.,ACCOUNT,MEDIUM,DISPUTES,RECEIVED,IN_PROGRESS,1856,0
SYN-CMP-14587,SYN-U-12865,2026-09-06T14:17:09,"Unauthorized send money transaction of BDT 15,000 sent from my account at 3:00 AM.",FRAUD,CRITICAL,FRAUD_INVESTIGATION,RECEIVED,IN_PROGRESS,525,1
SYN-CMP-14588,SYN-U-13810,2026-09-06T14:30:05,My PIN was compromised and unauthorized funds were transferred to an unknown number.,FRAUD,CRITICAL,FRAUD_INVESTIGATION,RECEIVED,EXPLAINED,285,0
SYN-CMP-14589,SYN-U-14161,2026-09-06T16:43:24,"Failed cash out attempt at agent, but funds debited from balance.",CASH_OUT,LOW,TRANSACTION_OPERATIONS,RECEIVED,REFUNDED,1622,0
SYN-CMP-14590,SYN-U-11424,2026-09-06T17:29:03,E-commerce merchant payment processed twice during checkout.,PAYMENT,MEDIUM,TRANSACTION_OPERATIONS,RECEIVED,REFUNDED,2263,0
SYN-CMP-14591,SYN-U-16503,2026-09-06T23:26:23,"Suspicious login notification received from unfamiliar device, someone tried to cash out.",FRAUD,CRITICAL,FRAUD_INVESTIGATION,RECEIVED,REFUNDED,300,0
SYN-CMP-14592,SYN-U-16175,2026-09-07T00:47:56,My virtual dual-currency card was declined while making an international subscription payment.,CARD,MEDIUM,CARD_SERVICES,RECEIVED,REFUNDED,2545,0
SYN-CMP-14593,SYN-U-19932,2026-09-07T01:00:05,"Fund transfer to my linked commercial bank account failed, money not credited yet.",TRANSFER,LOW,TRANSACTION_OPERATIONS,RECEIVED,IN_PROGRESS,2668,0
SYN-CMP-14594,SYN-U-12145,2026-09-07T02:17:30,SMS OTP is taking over 5 minutes to arrive during login attempt.,TECHNICAL,LOW,TECH_SUPPORT,RECEIVED,IN_PROGRESS,308,0
SYN-CMP-14595,SYN-U-15474,2026-09-07T03:17:19,"Payment to merchant showed failed on app, but BDT 1,200 deducted from my Upay balance.",PAYMENT,MEDIUM,TRANSACTION_OPERATIONS,RECEIVED,EXPLAINED,2423,0
SYN-CMP-14596,SYN-U-10208,2026-09-07T05:26:07,Duplicate payment charged for the same restaurant QR transaction.,PAYMENT,HIGH,TRANSACTION_OPERATIONS,RECEIVED,EXPLAINED,973,0
SYN-CMP-14597,SYN-U-16236,2026-09-07T08:23:58,Cash-out fee charged higher than standard 1.4% rate at the agent point.,CASH_OUT,LOW,TRANSACTION_OPERATIONS,RECEIVED,REFUNDED,1380,0
SYN-CMP-14598,SYN-U-15658,2026-09-07T08:26:09,Endorsement limit not updating after submitting updated passport copy.,CARD,LOW,CARD_SERVICES,RECEIVED,REFUNDED,1253,0
SYN-CMP-14599,SYN-U-13003,2026-09-07T08:51:02,"Unauthorized send money transaction of BDT 15,000 sent from my account at 3:00 AM.",FRAUD,CRITICAL,FRAUD_INVESTIGATION,RECEIVED,IN_PROGRESS,1106,1
SYN-CMP-14600,SYN-U-15223,2026-09-07T10:07:42,"Paid utility electricity bill through app yesterday, but bill status still shows unpaid.",PAYMENT,HIGH,TRANSACTION_OPERATIONS,RECEIVED,EXPLAINED,684,1
SYN-CMP-14601,SYN-U-17497,2026-09-07T11:46:48,My account has been temporarily restricted after entering wrong PIN 3 times.,ACCOUNT,LOW,DISPUTES,RECEIVED,REVERSED,2334,0
SYN-CMP-14602,SYN-U-10799,2026-09-07T14:49:50,"Merchant initiated refund 5 business days ago, but balance is not credited.",REFUND,LOW,DISPUTES,RECEIVED,REFUNDED,2544,0
SYN-CMP-14603,SYN-U-18061,2026-09-07T15:11:13,Cash-out fee charged higher than standard 1.4% rate at the agent point.,CASH_OUT,LOW,TRANSACTION_OPERATIONS,RECEIVED,EXPLAINED,1349,0
SYN-CMP-14604,SYN-U-17061,2026-09-07T17:07:31,My PIN was compromised and unauthorized funds were transferred to an unknown number.,FRAUD,HIGH,FRAUD_INVESTIGATION,RECEIVED,REVERSED,34,1
SYN-CMP-14605,SYN-U-16806,2026-09-07T18:38:14,"Failed cash out attempt at agent, but funds debited from balance.",CASH_OUT,LOW,TRANSACTION_OPERATIONS,RECEIVED,EXPLAINED,2456,0
SYN-CMP-14606,SYN-U-18439,2026-09-07T22:47:29,"Paid utility electricity bill through app yesterday, but bill status still shows unpaid.",PAYMENT,MEDIUM,TRANSACTION_OPERATIONS,RECEIVED,REFUNDED,1201,0
SYN-CMP-14607,SYN-U-10826,2026-09-07T22:50:45,Money was deducted from my account but the grocery merchant did not receive payment confirmation.,PAYMENT,MEDIUM,TRANSACTION_OPERATIONS,RECEIVED,EXPLAINED,119,0
SYN-CMP-14608,SYN-U-10490,2026-09-07T23:59:55,Duplicate payment charged for the same restaurant QR transaction.,PAYMENT,LOW,TRANSACTION_OPERATIONS,RECEIVED,EXPLAINED,2370,0
SYN-CMP-14609,SYN-U-15484,2026-09-08T01:06:25,Money was deducted from my account but the grocery merchant did not receive payment confirmation.,PAYMENT,LOW,TRANSACTION_OPERATIONS,RECEIVED,EXPLAINED,788,0
SYN-CMP-14610,SYN-U-13180,2026-09-08T02:29:32,My PIN was compromised and unauthorized funds were transferred to an unknown number.,FRAUD,CRITICAL,FRAUD_INVESTIGATION,RECEIVED,EXPLAINED,2427,1
SYN-CMP-14611,SYN-U-10897,2026-09-08T02:32:58,"Unauthorized send money transaction of BDT 15,000 sent from my account at 3:00 AM.",FRAUD,HIGH,FRAUD_INVESTIGATION,RECEIVED,EXPLAINED,631,1
SYN-CMP-14612,SYN-U-13138,2026-09-08T04:01:36,"Unauthorized send money transaction of BDT 15,000 sent from my account at 3:00 AM.",FRAUD,CRITICAL,FRAUD_INVESTIGATION,RECEIVED,EXPLAINED,859,1
SYN-CMP-14613,SYN-U-14902,2026-09-08T04:31:34,Network connection error occurred during transaction processing screen.,TECHNICAL,LOW,TECH_SUPPORT,RECEIVED,UNBLOCK_ACCOUNT,2585,0
SYN-CMP-14614,SYN-U-11253,2026-09-08T04:35:27,E-commerce merchant payment processed twice during checkout.,PAYMENT,HIGH,TRANSACTION_OPERATIONS,RECEIVED,REFUNDED,2192,1
SYN-CMP-14615,SYN-U-11940,2026-09-08T06:35:26,Money was deducted from my account but the grocery merchant did not receive payment confirmation.,PAYMENT,LOW,TRANSACTION_OPERATIONS,RECEIVED,REFUNDED,2840,0
SYN-CMP-14616,SYN-U-12017,2026-09-08T06:37:58,E-commerce merchant payment processed twice during checkout.,PAYMENT,HIGH,TRANSACTION_OPERATIONS,RECEIVED,REVERSED,895,1
SYN-CMP-14617,SYN-U-12004,2026-09-08T06:39:05,"Failed cash out attempt at agent, but funds debited from balance.",CASH_OUT,LOW,TRANSACTION_OPERATIONS,RECEIVED,REFUNDED,2871,0
SYN-CMP-14618,SYN-U-15908,2026-09-08T07:50:06,Endorsement limit not updating after submitting updated passport copy.,CARD,HIGH,CARD_SERVICES,RECEIVED,UNBLOCK_ACCOUNT,1240,0
SYN-CMP-14619,SYN-U-11264,2026-09-08T11:05:12,Agent confirmed cash-out successful on terminal but I did not receive SMS confirmation.,CASH_OUT,LOW,TRANSACTION_OPERATIONS,RECEIVED,REFUNDED,47,0
SYN-CMP-14620,SYN-U-17201,2026-09-08T12:01:34,Inquiry regarding upcoming Eid merchant promo discounts.,OTHER,LOW,DISPUTES,RECEIVED,UNBLOCK_ACCOUNT,2833,0
SYN-CMP-14621,SYN-U-16081,2026-09-08T14:04:31,Duplicate payment charged for the same restaurant QR transaction.,PAYMENT,MEDIUM,TRANSACTION_OPERATIONS,RECEIVED,REVERSED,1301,0
SYN-CMP-14622,SYN-U-19676,2026-09-08T14:52:58,Agent confirmed cash-out successful on terminal but I did not receive SMS confirmation.,CASH_OUT,LOW,TRANSACTION_OPERATIONS,RECEIVED,REFUNDED,1078,0
SYN-CMP-14623,SYN-U-18478,2026-09-08T16:51:14,My PIN was compromised and unauthorized funds were transferred to an unknown number.,FRAUD,CRITICAL,FRAUD_INVESTIGATION,RECEIVED,REFUNDED,144,1
SYN-CMP-14624,SYN-U-18818,2026-09-08T17:04:02,Partial refund received instead of full transaction amount.,REFUND,LOW,DISPUTES,RECEIVED,REFUNDED,2585,0
SYN-CMP-14625,SYN-U-17221,2026-09-08T17:59:34,Want to temporarily freeze my physical card due to lost wallet.,CARD,HIGH,CARD_SERVICES,RECEIVED,REFUNDED,2222,1
SYN-CMP-14626,SYN-U-11644,2026-09-08T18:30:29,Agent confirmed cash-out successful on terminal but I did not receive SMS confirmation.,CASH_OUT,LOW,TRANSACTION_OPERATIONS,RECEIVED,UNBLOCK_ACCOUNT,572,0
SYN-CMP-14627,SYN-U-11006,2026-09-08T19:29:16,My PIN was compromised and unauthorized funds were transferred to an unknown number.,FRAUD,CRITICAL,FRAUD_INVESTIGATION,RECEIVED,EXPLAINED,2173,0
SYN-CMP-14628,SYN-U-10683,2026-09-08T19:29:33,"Failed cash out attempt at agent, but funds debited from balance.",CASH_OUT,LOW,TRANSACTION_OPERATIONS,RECEIVED,REFUNDED,715,0
SYN-CMP-14629,SYN-U-12372,2026-09-08T19:52:32,International online transaction toggle keeps turning off automatically in settings.,CARD,LOW,CARD_SERVICES,RECEIVED,REVERSED,2316,0
SYN-CMP-14630,SYN-U-10233,2026-09-08T21:33:34,Network connection error occurred during transaction processing screen.,TECHNICAL,LOW,TECH_SUPPORT,RECEIVED,UNBLOCK_ACCOUNT,2190,0
SYN-CMP-14631,SYN-U-12834,2026-09-09T00:56:27,"Unauthorized send money transaction of BDT 15,000 sent from my account at 3:00 AM.",FRAUD,HIGH,FRAUD_INVESTIGATION,RECEIVED,REFUNDED,2447,1
SYN-CMP-14632,SYN-U-12371,2026-09-09T01:16:45,Phishing message led to account takeover and repeated cash-out attempts.,FRAUD,CRITICAL,FRAUD_INVESTIGATION,RECEIVED,UNBLOCK_ACCOUNT,899,0
SYN-CMP-14633,SYN-U-10518,2026-09-09T02:02:44,Duplicate payment charged for the same restaurant QR transaction.,PAYMENT,HIGH,TRANSACTION_OPERATIONS,RECEIVED,DECLINED,1639,0
SYN-CMP-14634,SYN-U-14869,2026-09-09T03:23:39,"Merchant initiated refund 5 business days ago, but balance is not credited.",REFUND,MEDIUM,DISPUTES,RECEIVED,REFUNDED,440,0
SYN-CMP-14635,SYN-U-17381,2026-09-09T03:27:00,Duplicate payment charged for the same restaurant QR transaction.,PAYMENT,MEDIUM,TRANSACTION_OPERATIONS,RECEIVED,REFUNDED,1614,0
SYN-CMP-14636,SYN-U-12818,2026-09-09T05:31:18,App says account dormant even though I received funds two weeks ago.,ACCOUNT,LOW,DISPUTES,RECEIVED,REFUNDED,2508,0
SYN-CMP-14637,SYN-U-19799,2026-09-09T07:21:40,Phishing message led to account takeover and repeated cash-out attempts.,FRAUD,CRITICAL,FRAUD_INVESTIGATION,RECEIVED,EXPLAINED,779,0
SYN-CMP-14638,SYN-U-17092,2026-09-09T09:09:59,Money was deducted from my account but the grocery merchant did not receive payment confirmation.,PAYMENT,LOW,TRANSACTION_OPERATIONS,RECEIVED,EXPLAINED,698,0
SYN-CMP-14639,SYN-U-13828,2026-09-09T12:05:59,"Unauthorized send money transaction of BDT 15,000 sent from my account at 3:00 AM.",FRAUD,CRITICAL,FRAUD_INVESTIGATION,RECEIVED,REFUNDED,1508,0
SYN-CMP-14640,SYN-U-18860,2026-09-09T15:43:02,"Failed cash out attempt at agent, but funds debited from balance.",CASH_OUT,LOW,TRANSACTION_OPERATIONS,RECEIVED,UNBLOCK_ACCOUNT,672,0
SYN-CMP-14641,SYN-U-10868,2026-09-09T17:05:01,"Fund transfer to my linked commercial bank account failed, money not credited yet.",TRANSFER,MEDIUM,TRANSACTION_OPERATIONS,RECEIVED,EXPLAINED,2038,0
SYN-CMP-14642,SYN-U-19057,2026-09-09T17:16:25,Cancelled e-commerce order refund amount is missing BDT 250 processing fee.,REFUND,LOW,DISPUTES,RECEIVED,EXPLAINED,2619,0
SYN-CMP-14643,SYN-U-10802,2026-09-09T17:47:42,App says account dormant even though I received funds two weeks ago.,ACCOUNT,LOW,DISPUTES,RECEIVED,REFUNDED,2591,0
SYN-CMP-14644,SYN-U-10598,2026-09-09T18:15:26,My account has been temporarily restricted after entering wrong PIN 3 times.,ACCOUNT,MEDIUM,DISPUTES,RECEIVED,EXPLAINED,1494,0
SYN-CMP-14645,SYN-U-17517,2026-09-09T21:08:59,"Paid utility electricity bill through app yesterday, but bill status still shows unpaid.",PAYMENT,MEDIUM,TRANSACTION_OPERATIONS,RECEIVED,EXPLAINED,2783,0
SYN-CMP-14646,SYN-U-15809,2026-09-09T22:00:35,Duplicate payment charged for the same restaurant QR transaction.,PAYMENT,MEDIUM,TRANSACTION_OPERATIONS,RECEIVED,EXPLAINED,1864,0
SYN-CMP-14647,SYN-U-15810,2026-09-09T22:17:11,Endorsement limit not updating after submitting updated passport copy.,CARD,MEDIUM,CARD_SERVICES,RECEIVED,DECLINED,1911,0
SYN-CMP-14648,SYN-U-19481,2026-09-09T23:46:27,App says account dormant even though I received funds two weeks ago.,ACCOUNT,LOW,DISPUTES,RECEIVED,EXPLAINED,1670,0
SYN-CMP-14649,SYN-U-13668,2026-09-10T01:09:12,Want to temporarily freeze my physical card due to lost wallet.,CARD,HIGH,CARD_SERVICES,RECEIVED,EXPLAINED,986,0
SYN-CMP-14650,SYN-U-10503,2026-09-10T01:44:08,Cash-out fee charged higher than standard 1.4% rate at the agent point.,CASH_OUT,LOW,TRANSACTION_OPERATIONS,RECEIVED,EXPLAINED,1020,0
SYN-CMP-14651,SYN-U-10830,2026-09-10T04:28:37,NID verification pending for more than 48 hours.,ACCOUNT,LOW,DISPUTES,RECEIVED,IN_PROGRESS,2174,0
SYN-CMP-14652,SYN-U-12882,2026-09-10T07:53:09,Inter-wallet transfer delayed during peak evening banking clearing hour.,TRANSFER,LOW,TRANSACTION_OPERATIONS,RECEIVED,EXPLAINED,2091,0
SYN-CMP-14653,SYN-U-17575,2026-09-10T11:55:50,Duplicate payment charged for the same restaurant QR transaction.,PAYMENT,MEDIUM,TRANSACTION_OPERATIONS,RECEIVED,UNBLOCK_ACCOUNT,2851,0
SYN-CMP-14654,SYN-U-18217,2026-09-10T15:54:00,"Paid utility electricity bill through app yesterday, but bill status still shows unpaid.",PAYMENT,MEDIUM,TRANSACTION_OPERATIONS,RECEIVED,REFUNDED,616,0
SYN-CMP-14655,SYN-U-17568,2026-09-10T16:09:38,Phishing message led to account takeover and repeated cash-out attempts.,FRAUD,CRITICAL,FRAUD_INVESTIGATION,RECEIVED,REVERSED,1494,1
SYN-CMP-14656,SYN-U-12776,2026-09-10T16:49:31,Cancelled e-commerce order refund amount is missing BDT 250 processing fee.,REFUND,LOW,DISPUTES,RECEIVED,REFUNDED,2283,0
SYN-CMP-14657,SYN-U-17514,2026-09-10T19:47:42,Need clarification on loyalty reward cashback points calculation.,OTHER,LOW,DISPUTES,RECEIVED,REFUNDED,103,0
SYN-CMP-14658,SYN-U-17380,2026-09-10T20:32:45,My account has been temporarily restricted after entering wrong PIN 3 times.,ACCOUNT,MEDIUM,DISPUTES,RECEIVED,DECLINED,1066,0
SYN-CMP-14659,SYN-U-13168,2026-09-10T20:56:21,"Unauthorized send money transaction of BDT 15,000 sent from my account at 3:00 AM.",FRAUD,HIGH,FRAUD_INVESTIGATION,RECEIVED,EXPLAINED,578,1
SYN-CMP-14660,SYN-U-14618,2026-09-10T22:50:29,"Paid utility electricity bill through app yesterday, but bill status still shows unpaid.",PAYMENT,HIGH,TRANSACTION_OPERATIONS,RECEIVED,EXPLAINED,1962,1
SYN-CMP-14661,SYN-U-11487,2026-09-10T23:20:00,SMS OTP is taking over 5 minutes to arrive during login attempt.,TECHNICAL,LOW,TECH_SUPPORT,RECEIVED,EXPLAINED,167,0
SYN-CMP-14662,SYN-U-17863,2026-09-10T23:42:33,Biometric fingerprint login is not working on my new Android device.,ACCOUNT,MEDIUM,DISPUTES,RECEIVED,IN_PROGRESS,874,0
SYN-CMP-14663,SYN-U-11447,2026-09-11T00:41:34,Biometric fingerprint login is not working on my new Android device.,ACCOUNT,MEDIUM,DISPUTES,RECEIVED,REVERSED,1914,0
SYN-CMP-14664,SYN-U-15470,2026-09-11T03:11:38,Cash-out fee charged higher than standard 1.4% rate at the agent point.,CASH_OUT,LOW,TRANSACTION_OPERATIONS,RECEIVED,EXPLAINED,2393,0
SYN-CMP-14665,SYN-U-18290,2026-09-11T03:20:53,Upay mobile app crashes immediately on splash screen after latest update.,TECHNICAL,MEDIUM,TECH_SUPPORT,RECEIVED,EXPLAINED,2374,0
SYN-CMP-14666,SYN-U-13857,2026-09-11T03:35:41,"Unauthorized send money transaction of BDT 15,000 sent from my account at 3:00 AM.",FRAUD,CRITICAL,FRAUD_INVESTIGATION,RECEIVED,REFUNDED,2634,1
SYN-CMP-14667,SYN-U-10742,2026-09-11T04:26:46,Biometric fingerprint login is not working on my new Android device.,ACCOUNT,LOW,DISPUTES,RECEIVED,UNBLOCK_ACCOUNT,347,0
SYN-CMP-14668,SYN-U-10644,2026-09-11T04:38:42,Agent deducted fee but the cash-out transaction timed out without dispensing cash.,CASH_OUT,LOW,TRANSACTION_OPERATIONS,RECEIVED,IN_PROGRESS,1130,0
SYN-CMP-14669,SYN-U-13630,2026-09-11T08:01:35,"Suspicious login notification received from unfamiliar device, someone tried to cash out.",FRAUD,CRITICAL,FRAUD_INVESTIGATION,RECEIVED,UNBLOCK_ACCOUNT,363,1
SYN-CMP-14670,SYN-U-16554,2026-09-11T10:00:17,Duplicate payment charged for the same restaurant QR transaction.,PAYMENT,HIGH,TRANSACTION_OPERATIONS,RECEIVED,IN_PROGRESS,2679,1
SYN-CMP-14671,SYN-U-11504,2026-09-11T13:12:26,"Payment to merchant showed failed on app, but BDT 1,200 deducted from my Upay balance.",PAYMENT,MEDIUM,TRANSACTION_OPERATIONS,RECEIVED,IN_PROGRESS,1486,0
SYN-CMP-14672,SYN-U-10021,2026-09-11T14:17:05,Requesting official annual account statement for tax filing purposes.,OTHER,LOW,DISPUTES,RECEIVED,DECLINED,866,0
SYN-CMP-14673,SYN-U-18287,2026-09-11T15:18:37,"Merchant initiated refund 5 business days ago, but balance is not credited.",REFUND,LOW,DISPUTES,RECEIVED,REFUNDED,1170,0
SYN-CMP-14674,SYN-U-18699,2026-09-11T15:57:40,Cancelled e-commerce order refund amount is missing BDT 250 processing fee.,REFUND,LOW,DISPUTES,RECEIVED,EXPLAINED,405,0
SYN-CMP-14675,SYN-U-17675,2026-09-11T17:37:44,E-commerce merchant payment processed twice during checkout.,PAYMENT,LOW,TRANSACTION_OPERATIONS,RECEIVED,REFUNDED,2366,0
SYN-CMP-14676,SYN-U-14174,2026-09-11T18:26:51,Cash-out fee charged higher than standard 1.4% rate at the agent point.,CASH_OUT,LOW,TRANSACTION_OPERATIONS,RECEIVED,REFUNDED,2806,0
SYN-CMP-14677,SYN-U-13605,2026-09-11T18:29:01,"Accidentally transferred BDT 3,500 to a wrong mobile number.",TRANSFER,LOW,TRANSACTION_OPERATIONS,RECEIVED,EXPLAINED,2448,0
SYN-CMP-14678,SYN-U-11136,2026-09-11T19:14:54,NID verification pending for more than 48 hours.,ACCOUNT,MEDIUM,DISPUTES,RECEIVED,IN_PROGRESS,935,0
SYN-CMP-14679,SYN-U-14403,2026-09-11T20:22:43,Inter-wallet transfer delayed during peak evening banking clearing hour.,TRANSFER,LOW,TRANSACTION_OPERATIONS,RECEIVED,EXPLAINED,1463,0
SYN-CMP-14680,SYN-U-13677,2026-09-12T01:27:48,My virtual dual-currency card was declined while making an international subscription payment.,CARD,MEDIUM,CARD_SERVICES,RECEIVED,EXPLAINED,655,0
SYN-CMP-14681,SYN-U-10304,2026-09-12T03:00:25,"Received a scam call asking for OTP, shortly after BDT 8,500 was transferred out.",FRAUD,HIGH,FRAUD_INVESTIGATION,RECEIVED,EXPLAINED,1823,1
SYN-CMP-14682,SYN-U-10661,2026-09-12T04:06:38,Phishing message led to account takeover and repeated cash-out attempts.,FRAUD,HIGH,FRAUD_INVESTIGATION,RECEIVED,EXPLAINED,67,1
SYN-CMP-14683,SYN-U-15883,2026-09-12T05:59:17,Want to temporarily freeze my physical card due to lost wallet.,CARD,MEDIUM,CARD_SERVICES,RECEIVED,REFUNDED,1407,0
SYN-CMP-14684,SYN-U-14068,2026-09-12T06:49:48,"Merchant initiated refund 5 business days ago, but balance is not credited.",REFUND,MEDIUM,DISPUTES,RECEIVED,REVERSED,2241,0
SYN-CMP-14685,SYN-U-11277,2026-09-12T08:16:13,Endorsement limit not updating after submitting updated passport copy.,CARD,HIGH,CARD_SERVICES,RECEIVED,DECLINED,2810,0
SYN-CMP-14686,SYN-U-10810,2026-09-12T08:49:02,E-commerce merchant payment processed twice during checkout.,PAYMENT,HIGH,TRANSACTION_OPERATIONS,RECEIVED,EXPLAINED,631,1
SYN-CMP-14687,SYN-U-17587,2026-09-12T10:13:29,Money was deducted from my account but the grocery merchant did not receive payment confirmation.,PAYMENT,HIGH,TRANSACTION_OPERATIONS,RECEIVED,EXPLAINED,1597,0
SYN-CMP-14688,SYN-U-14564,2026-09-12T12:46:38,Cash-out fee charged higher than standard 1.4% rate at the agent point.,CASH_OUT,LOW,TRANSACTION_OPERATIONS,RECEIVED,IN_PROGRESS,1714,0
SYN-CMP-14689,SYN-U-15988,2026-09-12T14:47:26,Want to temporarily freeze my physical card due to lost wallet.,CARD,MEDIUM,CARD_SERVICES,RECEIVED,REVERSED,997,0
SYN-CMP-14690,SYN-U-16965,2026-09-12T17:22:21,My PIN was compromised and unauthorized funds were transferred to an unknown number.,FRAUD,CRITICAL,FRAUD_INVESTIGATION,RECEIVED,REFUNDED,1222,0
SYN-CMP-14691,SYN-U-19617,2026-09-12T18:58:10,"Suspicious login notification received from unfamiliar device, someone tried to cash out.",FRAUD,CRITICAL,FRAUD_INVESTIGATION,RECEIVED,IN_PROGRESS,1044,1
SYN-CMP-14692,SYN-U-10263,2026-09-12T21:12:35,Duplicate payment charged for the same restaurant QR transaction.,PAYMENT,LOW,TRANSACTION_OPERATIONS,RECEIVED,EXPLAINED,1336,0
SYN-CMP-14693,SYN-U-18840,2026-09-12T21:18:20,Partial refund received instead of full transaction amount.,REFUND,LOW,DISPUTES,RECEIVED,EXPLAINED,510,0
SYN-CMP-14694,SYN-U-12446,2026-09-13T01:06:12,Endorsement limit not updating after submitting updated passport copy.,CARD,HIGH,CARD_SERVICES,RECEIVED,REFUNDED,2108,1
SYN-CMP-14695,SYN-U-18548,2026-09-13T01:08:30,Duplicate payment charged for the same restaurant QR transaction.,PAYMENT,MEDIUM,TRANSACTION_OPERATIONS,RECEIVED,EXPLAINED,1584,0
SYN-CMP-14696,SYN-U-17392,2026-09-13T02:31:35,Need clarification on loyalty reward cashback points calculation.,OTHER,LOW,DISPUTES,RECEIVED,EXPLAINED,2401,0
SYN-CMP-14697,SYN-U-16885,2026-09-13T03:06:59,Agent confirmed cash-out successful on terminal but I did not receive SMS confirmation.,CASH_OUT,LOW,TRANSACTION_OPERATIONS,RECEIVED,REFUNDED,1316,0
SYN-CMP-14698,SYN-U-11618,2026-09-13T03:23:25,NID verification pending for more than 48 hours.,ACCOUNT,LOW,DISPUTES,RECEIVED,IN_PROGRESS,1192,0
SYN-CMP-14699,SYN-U-11845,2026-09-13T05:27:07,"Unauthorized send money transaction of BDT 15,000 sent from my account at 3:00 AM.",FRAUD,CRITICAL,FRAUD_INVESTIGATION,RECEIVED,DECLINED,1196,1
SYN-CMP-14700,SYN-U-16556,2026-09-13T06:54:52,Money was deducted from my account but the grocery merchant did not receive payment confirmation.,PAYMENT,HIGH,TRANSACTION_OPERATIONS,RECEIVED,EXPLAINED,2141,0
SYN-CMP-14701,SYN-U-14500,2026-09-13T08:57:33,Cancelled e-commerce order refund amount is missing BDT 250 processing fee.,REFUND,LOW,DISPUTES,RECEIVED,UNBLOCK_ACCOUNT,85,0
SYN-CMP-14702,SYN-U-16138,2026-09-13T14:01:06,E-commerce merchant payment processed twice during checkout.,PAYMENT,MEDIUM,TRANSACTION_OPERATIONS,RECEIVED,REFUNDED,2073,0
SYN-CMP-14703,SYN-U-14736,2026-09-13T14:40:42,E-commerce merchant payment processed twice during checkout.,PAYMENT,HIGH,TRANSACTION_OPERATIONS,RECEIVED,UNBLOCK_ACCOUNT,1481,1
SYN-CMP-14704,SYN-U-18782,2026-09-13T16:10:20,"Payment to merchant showed failed on app, but BDT 1,200 deducted from my Upay balance.",PAYMENT,MEDIUM,TRANSACTION_OPERATIONS,RECEIVED,EXPLAINED,2683,0
SYN-CMP-14705,SYN-U-11817,2026-09-13T16:58:13,"Failed cash out attempt at agent, but funds debited from balance.",CASH_OUT,LOW,TRANSACTION_OPERATIONS,RECEIVED,UNBLOCK_ACCOUNT,35,0
SYN-CMP-14706,SYN-U-17175,2026-09-13T19:16:41,Partial refund received instead of full transaction amount.,REFUND,MEDIUM,DISPUTES,RECEIVED,REFUNDED,1145,0
SYN-CMP-14707,SYN-U-18054,2026-09-13T20:24:21,Agent deducted fee but the cash-out transaction timed out without dispensing cash.,CASH_OUT,LOW,TRANSACTION_OPERATIONS,RECEIVED,EXPLAINED,1618,0
SYN-CMP-14708,SYN-U-19424,2026-09-13T20:38:51,Agent deducted fee but the cash-out transaction timed out without dispensing cash.,CASH_OUT,LOW,TRANSACTION_OPERATIONS,RECEIVED,EXPLAINED,1893,0
SYN-CMP-14709,SYN-U-15925,2026-09-14T02:03:49,"Unauthorized send money transaction of BDT 15,000 sent from my account at 3:00 AM.",FRAUD,CRITICAL,FRAUD_INVESTIGATION,RECEIVED,REVERSED,690,0
SYN-CMP-14710,SYN-U-18651,2026-09-14T04:18:46,"Merchant initiated refund 5 business days ago, but balance is not credited.",REFUND,LOW,DISPUTES,RECEIVED,REFUNDED,1440,0
SYN-CMP-14711,SYN-U-14405,2026-09-14T06:30:44,My PIN was compromised and unauthorized funds were transferred to an unknown number.,FRAUD,HIGH,FRAUD_INVESTIGATION,RECEIVED,REFUNDED,957,1
SYN-CMP-14712,SYN-U-16402,2026-09-14T08:28:15,My virtual dual-currency card was declined while making an international subscription payment.,CARD,MEDIUM,CARD_SERVICES,RECEIVED,IN_PROGRESS,551,0
SYN-CMP-14713,SYN-U-13403,2026-09-14T09:12:02,Want to temporarily freeze my physical card due to lost wallet.,CARD,HIGH,CARD_SERVICES,RECEIVED,REFUNDED,69,0
SYN-CMP-14714,SYN-U-12547,2026-09-14T12:39:15,"Paid utility electricity bill through app yesterday, but bill status still shows unpaid.",PAYMENT,MEDIUM,TRANSACTION_OPERATIONS,RECEIVED,REFUNDED,1598,0
SYN-CMP-14715,SYN-U-15261,2026-09-14T13:41:09,Phishing message led to account takeover and repeated cash-out attempts.,FRAUD,CRITICAL,FRAUD_INVESTIGATION,RECEIVED,REFUNDED,1192,1
SYN-CMP-14716,SYN-U-11378,2026-09-14T15:47:24,Endorsement limit not updating after submitting updated passport copy.,CARD,MEDIUM,CARD_SERVICES,RECEIVED,EXPLAINED,1362,0
SYN-CMP-14717,SYN-U-15942,2026-09-14T16:41:44,Endorsement limit not updating after submitting updated passport copy.,CARD,MEDIUM,CARD_SERVICES,RECEIVED,REFUNDED,1474,0
SYN-CMP-14718,SYN-U-18904,2026-09-14T19:05:25,Money was deducted from my account but the grocery merchant did not receive payment confirmation.,PAYMENT,MEDIUM,TRANSACTION_OPERATIONS,RECEIVED,UNBLOCK_ACCOUNT,2002,0
SYN-CMP-14719,SYN-U-17266,2026-09-14T20:40:17,Inquiry regarding upcoming Eid merchant promo discounts.,OTHER,LOW,DISPUTES,RECEIVED,REFUNDED,498,0
SYN-CMP-14720,SYN-U-16426,2026-09-14T21:31:15,Phishing message led to account takeover and repeated cash-out attempts.,FRAUD,HIGH,FRAUD_INVESTIGATION,RECEIVED,IN_PROGRESS,1489,1
SYN-CMP-14721,SYN-U-12747,2026-09-14T23:56:11,Partial refund received instead of full transaction amount.,REFUND,LOW,DISPUTES,RECEIVED,EXPLAINED,2468,0
SYN-CMP-14722,SYN-U-12452,2026-09-15T00:10:10,Agent deducted fee but the cash-out transaction timed out without dispensing cash.,CASH_OUT,LOW,TRANSACTION_OPERATIONS,RECEIVED,REFUNDED,2727,0
SYN-CMP-14723,SYN-U-17554,2026-09-15T01:43:46,Phishing message led to account takeover and repeated cash-out attempts.,FRAUD,HIGH,FRAUD_INVESTIGATION,RECEIVED,EXPLAINED,125,1
SYN-CMP-14724,SYN-U-19760,2026-09-15T03:55:37,"Failed cash out attempt at agent, but funds debited from balance.",CASH_OUT,LOW,TRANSACTION_OPERATIONS,RECEIVED,IN_PROGRESS,966,0
SYN-CMP-14725,SYN-U-18059,2026-09-15T05:10:46,Partial refund received instead of full transaction amount.,REFUND,MEDIUM,DISPUTES,RECEIVED,UNBLOCK_ACCOUNT,1633,0
SYN-CMP-14726,SYN-U-18787,2026-09-15T05:10:53,"Failed cash out attempt at agent, but funds debited from balance.",CASH_OUT,LOW,TRANSACTION_OPERATIONS,RECEIVED,REVERSED,1039,0
SYN-CMP-14727,SYN-U-15389,2026-09-15T05:33:04,Phishing message led to account takeover and repeated cash-out attempts.,FRAUD,CRITICAL,FRAUD_INVESTIGATION,RECEIVED,DECLINED,1012,0
SYN-CMP-14728,SYN-U-15054,2026-09-15T06:03:02,Money was deducted from my account but the grocery merchant did not receive payment confirmation.,PAYMENT,MEDIUM,TRANSACTION_OPERATIONS,RECEIVED,REFUNDED,1454,0
SYN-CMP-14729,SYN-U-16197,2026-09-15T09:23:02,Endorsement limit not updating after submitting updated passport copy.,CARD,LOW,CARD_SERVICES,RECEIVED,REFUNDED,1167,0
SYN-CMP-14730,SYN-U-19297,2026-09-15T13:58:53,"Merchant initiated refund 5 business days ago, but balance is not credited.",REFUND,MEDIUM,DISPUTES,RECEIVED,EXPLAINED,447,0
SYN-CMP-14731,SYN-U-17302,2026-09-15T15:22:15,"Suspicious login notification received from unfamiliar device, someone tried to cash out.",FRAUD,CRITICAL,FRAUD_INVESTIGATION,RECEIVED,IN_PROGRESS,23,0
SYN-CMP-14732,SYN-U-15171,2026-09-15T18:03:20,My PIN was compromised and unauthorized funds were transferred to an unknown number.,FRAUD,HIGH,FRAUD_INVESTIGATION,RECEIVED,IN_PROGRESS,2588,1
SYN-CMP-14733,SYN-U-12883,2026-09-15T18:25:21,"Fund transfer to my linked commercial bank account failed, money not credited yet.",TRANSFER,MEDIUM,TRANSACTION_OPERATIONS,RECEIVED,REFUNDED,962,0
SYN-CMP-14734,SYN-U-11294,2026-09-15T19:49:02,Money was deducted from my account but the grocery merchant did not receive payment confirmation.,PAYMENT,MEDIUM,TRANSACTION_OPERATIONS,RECEIVED,REFUNDED,873,0
SYN-CMP-14735,SYN-U-10003,2026-09-15T19:51:32,"Received a scam call asking for OTP, shortly after BDT 8,500 was transferred out.",FRAUD,CRITICAL,FRAUD_INVESTIGATION,RECEIVED,EXPLAINED,256,0
SYN-CMP-14736,SYN-U-18328,2026-09-15T23:19:06,My account has been temporarily restricted after entering wrong PIN 3 times.,ACCOUNT,LOW,DISPUTES,RECEIVED,EXPLAINED,2054,0
SYN-CMP-14737,SYN-U-14853,2026-09-16T01:03:31,Money was deducted from my account but the grocery merchant did not receive payment confirmation.,PAYMENT,MEDIUM,TRANSACTION_OPERATIONS,RECEIVED,EXPLAINED,2827,0
SYN-CMP-14738,SYN-U-16303,2026-09-16T01:30:51,E-commerce merchant payment processed twice during checkout.,PAYMENT,MEDIUM,TRANSACTION_OPERATIONS,RECEIVED,UNBLOCK_ACCOUNT,2161,0
SYN-CMP-14739,SYN-U-14908,2026-09-16T02:35:00,Agent deducted fee but the cash-out transaction timed out without dispensing cash.,CASH_OUT,LOW,TRANSACTION_OPERATIONS,RECEIVED,REFUNDED,730,0
SYN-CMP-14740,SYN-U-11119,2026-09-16T06:53:09,Agent deducted fee but the cash-out transaction timed out without dispensing cash.,CASH_OUT,LOW,TRANSACTION_OPERATIONS,RECEIVED,REFUNDED,1009,0
SYN-CMP-14741,SYN-U-11291,2026-09-16T07:57:15,Need clarification on loyalty reward cashback points calculation.,OTHER,LOW,DISPUTES,RECEIVED,REFUNDED,2235,0
SYN-CMP-14742,SYN-U-11145,2026-09-16T08:44:43,App says account dormant even though I received funds two weeks ago.,ACCOUNT,LOW,DISPUTES,RECEIVED,REVERSED,1458,0
SYN-CMP-14743,SYN-U-13913,2026-09-16T09:31:48,Agent deducted fee but the cash-out transaction timed out without dispensing cash.,CASH_OUT,LOW,TRANSACTION_OPERATIONS,RECEIVED,REFUNDED,1977,0
SYN-CMP-14744,SYN-U-16416,2026-09-16T11:14:16,"Merchant initiated refund 5 business days ago, but balance is not credited.",REFUND,LOW,DISPUTES,RECEIVED,EXPLAINED,488,0
SYN-CMP-14745,SYN-U-19962,2026-09-16T12:37:13,Agent confirmed cash-out successful on terminal but I did not receive SMS confirmation.,CASH_OUT,LOW,TRANSACTION_OPERATIONS,RECEIVED,EXPLAINED,115,0
SYN-CMP-14746,SYN-U-16598,2026-09-16T13:00:22,SMS OTP is taking over 5 minutes to arrive during login attempt.,TECHNICAL,MEDIUM,TECH_SUPPORT,RECEIVED,EXPLAINED,2146,0
SYN-CMP-14747,SYN-U-13555,2026-09-16T16:36:57,"Accidentally transferred BDT 3,500 to a wrong mobile number.",TRANSFER,MEDIUM,TRANSACTION_OPERATIONS,RECEIVED,REFUNDED,1576,0
SYN-CMP-14748,SYN-U-10612,2026-09-16T18:36:49,Biometric fingerprint login is not working on my new Android device.,ACCOUNT,LOW,DISPUTES,RECEIVED,REFUNDED,562,0
SYN-CMP-14749,SYN-U-10549,2026-09-16T18:51:43,"Suspicious login notification received from unfamiliar device, someone tried to cash out.",FRAUD,HIGH,FRAUD_INVESTIGATION,RECEIVED,EXPLAINED,962,1
SYN-CMP-14750,SYN-U-14536,2026-09-16T19:30:30,Cancelled e-commerce order refund amount is missing BDT 250 processing fee.,REFUND,LOW,DISPUTES,RECEIVED,REFUNDED,2452,0
SYN-CMP-14751,SYN-U-19795,2026-09-16T19:55:15,Want to temporarily freeze my physical card due to lost wallet.,CARD,MEDIUM,CARD_SERVICES,RECEIVED,REFUNDED,1350,0
SYN-CMP-14752,SYN-U-15941,2026-09-16T20:13:47,Requesting official annual account statement for tax filing purposes.,OTHER,LOW,DISPUTES,RECEIVED,EXPLAINED,563,0
SYN-CMP-14753,SYN-U-13372,2026-09-16T23:05:08,My PIN was compromised and unauthorized funds were transferred to an unknown number.,FRAUD,CRITICAL,FRAUD_INVESTIGATION,RECEIVED,UNBLOCK_ACCOUNT,16,0
SYN-CMP-14754,SYN-U-11051,2026-09-17T01:06:54,SMS OTP is taking over 5 minutes to arrive during login attempt.,TECHNICAL,LOW,TECH_SUPPORT,RECEIVED,EXPLAINED,135,0
SYN-CMP-14755,SYN-U-16230,2026-09-17T01:13:32,Agent deducted fee but the cash-out transaction timed out without dispensing cash.,CASH_OUT,LOW,TRANSACTION_OPERATIONS,RECEIVED,EXPLAINED,2590,0
SYN-CMP-14756,SYN-U-19420,2026-09-17T03:55:06,"Received a scam call asking for OTP, shortly after BDT 8,500 was transferred out.",FRAUD,HIGH,FRAUD_INVESTIGATION,RECEIVED,REFUNDED,35,0
SYN-CMP-14757,SYN-U-10280,2026-09-17T04:27:49,"Suspicious login notification received from unfamiliar device, someone tried to cash out.",FRAUD,CRITICAL,FRAUD_INVESTIGATION,RECEIVED,UNBLOCK_ACCOUNT,1503,0
SYN-CMP-14758,SYN-U-10259,2026-09-17T04:33:48,Duplicate payment charged for the same restaurant QR transaction.,PAYMENT,HIGH,TRANSACTION_OPERATIONS,RECEIVED,REFUNDED,352,1
SYN-CMP-14759,SYN-U-12852,2026-09-17T04:50:38,My PIN was compromised and unauthorized funds were transferred to an unknown number.,FRAUD,HIGH,FRAUD_INVESTIGATION,RECEIVED,UNBLOCK_ACCOUNT,1002,1
SYN-CMP-14760,SYN-U-19058,2026-09-17T05:33:19,Money was deducted from my account but the grocery merchant did not receive payment confirmation.,PAYMENT,MEDIUM,TRANSACTION_OPERATIONS,RECEIVED,EXPLAINED,1372,0
SYN-CMP-14761,SYN-U-17514,2026-09-17T06:18:50,My PIN was compromised and unauthorized funds were transferred to an unknown number.,FRAUD,HIGH,FRAUD_INVESTIGATION,RECEIVED,REFUNDED,803,1
SYN-CMP-14762,SYN-U-10201,2026-09-17T08:33:19,"Accidentally transferred BDT 3,500 to a wrong mobile number.",TRANSFER,LOW,TRANSACTION_OPERATIONS,RECEIVED,EXPLAINED,1780,0
SYN-CMP-14763,SYN-U-15397,2026-09-17T09:18:53,"Unauthorized send money transaction of BDT 15,000 sent from my account at 3:00 AM.",FRAUD,HIGH,FRAUD_INVESTIGATION,RECEIVED,REFUNDED,2660,1
SYN-CMP-14764,SYN-U-12412,2026-09-17T09:48:52,Partial refund received instead of full transaction amount.,REFUND,MEDIUM,DISPUTES,RECEIVED,EXPLAINED,924,0
SYN-CMP-14765,SYN-U-11430,2026-09-17T13:11:17,Inter-wallet transfer delayed during peak evening banking clearing hour.,TRANSFER,LOW,TRANSACTION_OPERATIONS,RECEIVED,UNBLOCK_ACCOUNT,2444,0
SYN-CMP-14766,SYN-U-18107,2026-09-17T14:23:12,Cash-out fee charged higher than standard 1.4% rate at the agent point.,CASH_OUT,LOW,TRANSACTION_OPERATIONS,RECEIVED,EXPLAINED,1606,0
SYN-CMP-14767,SYN-U-13951,2026-09-17T15:01:04,"Payment to merchant showed failed on app, but BDT 1,200 deducted from my Upay balance.",PAYMENT,HIGH,TRANSACTION_OPERATIONS,RECEIVED,EXPLAINED,1638,0
SYN-CMP-14768,SYN-U-17416,2026-09-17T15:15:41,Want to temporarily freeze my physical card due to lost wallet.,CARD,MEDIUM,CARD_SERVICES,RECEIVED,REFUNDED,1824,0
SYN-CMP-14769,SYN-U-16770,2026-09-17T16:41:16,Need clarification on loyalty reward cashback points calculation.,OTHER,MEDIUM,DISPUTES,RECEIVED,IN_PROGRESS,1864,0
SYN-CMP-14770,SYN-U-16597,2026-09-17T17:17:25,Inter-wallet transfer delayed during peak evening banking clearing hour.,TRANSFER,LOW,TRANSACTION_OPERATIONS,RECEIVED,REFUNDED,2694,0
SYN-CMP-14771,SYN-U-17366,2026-09-17T20:06:44,"Payment to merchant showed failed on app, but BDT 1,200 deducted from my Upay balance.",PAYMENT,HIGH,TRANSACTION_OPERATIONS,RECEIVED,REFUNDED,313,1
SYN-CMP-14772,SYN-U-14323,2026-09-17T22:08:03,"Merchant initiated refund 5 business days ago, but balance is not credited.",REFUND,LOW,DISPUTES,RECEIVED,UNBLOCK_ACCOUNT,1817,0
SYN-CMP-14773,SYN-U-12246,2026-09-17T22:39:02,Duplicate payment charged for the same restaurant QR transaction.,PAYMENT,MEDIUM,TRANSACTION_OPERATIONS,RECEIVED,DECLINED,391,0
SYN-CMP-14774,SYN-U-11663,2026-09-17T22:54:49,SMS OTP is taking over 5 minutes to arrive during login attempt.,TECHNICAL,LOW,TECH_SUPPORT,RECEIVED,IN_PROGRESS,1564,0
SYN-CMP-14775,SYN-U-12848,2026-09-17T23:43:30,Unable to update my registered primary phone number and email in settings.,ACCOUNT,LOW,DISPUTES,RECEIVED,IN_PROGRESS,1372,0
SYN-CMP-14776,SYN-U-16613,2026-09-18T00:55:31,My PIN was compromised and unauthorized funds were transferred to an unknown number.,FRAUD,HIGH,FRAUD_INVESTIGATION,RECEIVED,EXPLAINED,1032,0
SYN-CMP-14777,SYN-U-15712,2026-09-18T02:52:39,Endorsement limit not updating after submitting updated passport copy.,CARD,MEDIUM,CARD_SERVICES,RECEIVED,REFUNDED,2197,0
SYN-CMP-14778,SYN-U-15644,2026-09-18T02:57:40,App says account dormant even though I received funds two weeks ago.,ACCOUNT,LOW,DISPUTES,RECEIVED,EXPLAINED,2438,0
SYN-CMP-14779,SYN-U-10736,2026-09-18T03:15:03,E-commerce merchant payment processed twice during checkout.,PAYMENT,HIGH,TRANSACTION_OPERATIONS,RECEIVED,IN_PROGRESS,397,0
SYN-CMP-14780,SYN-U-17607,2026-09-18T03:22:56,Duplicate payment charged for the same restaurant QR transaction.,PAYMENT,MEDIUM,TRANSACTION_OPERATIONS,RECEIVED,REFUNDED,454,0
SYN-CMP-14781,SYN-U-10498,2026-09-18T05:02:56,My PIN was compromised and unauthorized funds were transferred to an unknown number.,FRAUD,CRITICAL,FRAUD_INVESTIGATION,RECEIVED,EXPLAINED,2596,0
SYN-CMP-14782,SYN-U-16596,2026-09-18T05:33:23,NID verification pending for more than 48 hours.,ACCOUNT,LOW,DISPUTES,RECEIVED,EXPLAINED,848,0
SYN-CMP-14783,SYN-U-19668,2026-09-18T06:53:53,E-commerce merchant payment processed twice during checkout.,PAYMENT,HIGH,TRANSACTION_OPERATIONS,RECEIVED,DECLINED,968,1
SYN-CMP-14784,SYN-U-14102,2026-09-18T07:00:53,Inter-wallet transfer delayed during peak evening banking clearing hour.,TRANSFER,MEDIUM,TRANSACTION_OPERATIONS,RECEIVED,UNBLOCK_ACCOUNT,613,0
SYN-CMP-14785,SYN-U-11094,2026-09-18T07:21:25,Money was deducted from my account but the grocery merchant did not receive payment confirmation.,PAYMENT,HIGH,TRANSACTION_OPERATIONS,RECEIVED,IN_PROGRESS,1717,1
SYN-CMP-14786,SYN-U-16407,2026-09-18T07:55:13,Money was deducted from my account but the grocery merchant did not receive payment confirmation.,PAYMENT,MEDIUM,TRANSACTION_OPERATIONS,RECEIVED,REFUNDED,1302,0
SYN-CMP-14787,SYN-U-19440,2026-09-18T10:31:18,Cash-out fee charged higher than standard 1.4% rate at the agent point.,CASH_OUT,LOW,TRANSACTION_OPERATIONS,RECEIVED,DECLINED,2406,0
SYN-CMP-14788,SYN-U-19508,2026-09-18T10:58:37,Agent deducted fee but the cash-out transaction timed out without dispensing cash.,CASH_OUT,MEDIUM,TRANSACTION_OPERATIONS,RECEIVED,REFUNDED,1858,0
SYN-CMP-14789,SYN-U-10551,2026-09-18T11:39:22,"Suspicious login notification received from unfamiliar device, someone tried to cash out.",FRAUD,CRITICAL,FRAUD_INVESTIGATION,RECEIVED,EXPLAINED,2100,1
SYN-CMP-14790,SYN-U-17076,2026-09-18T12:16:55,Cancelled e-commerce order refund amount is missing BDT 250 processing fee.,REFUND,LOW,DISPUTES,RECEIVED,UNBLOCK_ACCOUNT,432,0
SYN-CMP-14791,SYN-U-15741,2026-09-18T12:19:45,My account has been temporarily restricted after entering wrong PIN 3 times.,ACCOUNT,MEDIUM,DISPUTES,RECEIVED,EXPLAINED,30,0
SYN-CMP-14792,SYN-U-16323,2026-09-18T13:27:03,My PIN was compromised and unauthorized funds were transferred to an unknown number.,FRAUD,HIGH,FRAUD_INVESTIGATION,RECEIVED,REFUNDED,898,0
SYN-CMP-14793,SYN-U-14144,2026-09-18T13:44:21,Card charged USD 45.00 for an online software transaction that I cancelled.,CARD,MEDIUM,CARD_SERVICES,RECEIVED,EXPLAINED,1788,0
SYN-CMP-14794,SYN-U-12163,2026-09-18T14:26:23,"Paid utility electricity bill through app yesterday, but bill status still shows unpaid.",PAYMENT,MEDIUM,TRANSACTION_OPERATIONS,RECEIVED,UNBLOCK_ACCOUNT,2298,0
SYN-CMP-14795,SYN-U-17308,2026-09-18T15:12:16,Card charged USD 45.00 for an online software transaction that I cancelled.,CARD,LOW,CARD_SERVICES,RECEIVED,REFUNDED,436,0
SYN-CMP-14796,SYN-U-11180,2026-09-18T15:30:23,"Accidentally transferred BDT 3,500 to a wrong mobile number.",TRANSFER,MEDIUM,TRANSACTION_OPERATIONS,RECEIVED,REFUNDED,333,0
SYN-CMP-14797,SYN-U-10551,2026-09-18T16:04:07,Need clarification on loyalty reward cashback points calculation.,OTHER,MEDIUM,DISPUTES,RECEIVED,REFUNDED,847,0
SYN-CMP-14798,SYN-U-17122,2026-09-18T16:09:29,Unable to update my registered primary phone number and email in settings.,ACCOUNT,LOW,DISPUTES,RECEIVED,EXPLAINED,956,0
SYN-CMP-14799,SYN-U-16194,2026-09-18T17:21:58,E-commerce merchant payment processed twice during checkout.,PAYMENT,LOW,TRANSACTION_OPERATIONS,RECEIVED,EXPLAINED,2434,0
SYN-CMP-14800,SYN-U-13165,2026-09-18T18:10:39,Network connection error occurred during transaction processing screen.,TECHNICAL,MEDIUM,TECH_SUPPORT,RECEIVED,REFUNDED,1916,0
SYN-CMP-14801,SYN-U-15362,2026-09-18T18:15:05,My PIN was compromised and unauthorized funds were transferred to an unknown number.,FRAUD,CRITICAL,FRAUD_INVESTIGATION,RECEIVED,REVERSED,1139,1
SYN-CMP-14802,SYN-U-12940,2026-09-18T18:23:31,E-commerce merchant payment processed twice during checkout.,PAYMENT,MEDIUM,TRANSACTION_OPERATIONS,RECEIVED,REFUNDED,2414,0
SYN-CMP-14803,SYN-U-19582,2026-09-18T19:03:09,Agent deducted fee but the cash-out transaction timed out without dispensing cash.,CASH_OUT,MEDIUM,TRANSACTION_OPERATIONS,RECEIVED,REFUNDED,252,0
SYN-CMP-14804,SYN-U-18122,2026-09-18T21:20:54,E-commerce merchant payment processed twice during checkout.,PAYMENT,MEDIUM,TRANSACTION_OPERATIONS,RECEIVED,REFUNDED,2593,0
SYN-CMP-14805,SYN-U-13729,2026-09-18T21:39:45,Card charged USD 45.00 for an online software transaction that I cancelled.,CARD,MEDIUM,CARD_SERVICES,RECEIVED,EXPLAINED,651,0
SYN-CMP-14806,SYN-U-13605,2026-09-18T23:25:34,"Suspicious login notification received from unfamiliar device, someone tried to cash out.",FRAUD,HIGH,FRAUD_INVESTIGATION,RECEIVED,EXPLAINED,380,0
SYN-CMP-14807,SYN-U-15436,2026-09-18T23:39:34,SMS OTP is taking over 5 minutes to arrive during login attempt.,TECHNICAL,MEDIUM,TECH_SUPPORT,RECEIVED,REVERSED,365,0
SYN-CMP-14808,SYN-U-14789,2026-09-19T00:01:50,Inter-wallet transfer delayed during peak evening banking clearing hour.,TRANSFER,LOW,TRANSACTION_OPERATIONS,RECEIVED,UNBLOCK_ACCOUNT,835,0
SYN-CMP-14809,SYN-U-11302,2026-09-19T01:04:02,Duplicate payment charged for the same restaurant QR transaction.,PAYMENT,MEDIUM,TRANSACTION_OPERATIONS,RECEIVED,REFUNDED,2862,0
SYN-CMP-14810,SYN-U-15115,2026-09-19T01:31:13,Inter-wallet transfer delayed during peak evening banking clearing hour.,TRANSFER,MEDIUM,TRANSACTION_OPERATIONS,RECEIVED,EXPLAINED,1886,0
SYN-CMP-14811,SYN-U-13515,2026-09-19T05:11:54,Agent deducted fee but the cash-out transaction timed out without dispensing cash.,CASH_OUT,LOW,TRANSACTION_OPERATIONS,RECEIVED,EXPLAINED,1971,0
SYN-CMP-14812,SYN-U-15784,2026-09-19T08:11:14,"Accidentally transferred BDT 3,500 to a wrong mobile number.",TRANSFER,LOW,TRANSACTION_OPERATIONS,RECEIVED,REVERSED,2664,0
SYN-CMP-14813,SYN-U-17303,2026-09-19T09:02:08,"Suspicious login notification received from unfamiliar device, someone tried to cash out.",FRAUD,CRITICAL,FRAUD_INVESTIGATION,RECEIVED,EXPLAINED,2278,0
SYN-CMP-14814,SYN-U-16877,2026-09-19T10:45:02,Need clarification on loyalty reward cashback points calculation.,OTHER,MEDIUM,DISPUTES,RECEIVED,IN_PROGRESS,2741,0
SYN-CMP-14815,SYN-U-14057,2026-09-19T11:13:25,Inter-wallet transfer delayed during peak evening banking clearing hour.,TRANSFER,LOW,TRANSACTION_OPERATIONS,RECEIVED,UNBLOCK_ACCOUNT,2837,0
SYN-CMP-14816,SYN-U-17006,2026-09-19T12:10:26,Duplicate payment charged for the same restaurant QR transaction.,PAYMENT,MEDIUM,TRANSACTION_OPERATIONS,RECEIVED,EXPLAINED,2720,0
SYN-CMP-14817,SYN-U-16254,2026-09-19T12:40:31,Partial refund received instead of full transaction amount.,REFUND,LOW,DISPUTES,RECEIVED,REFUNDED,2428,0
SYN-CMP-14818,SYN-U-18204,2026-09-19T15:40:50,"Accidentally transferred BDT 3,500 to a wrong mobile number.",TRANSFER,LOW,TRANSACTION_OPERATIONS,RECEIVED,IN_PROGRESS,677,0
SYN-CMP-14819,SYN-U-18844,2026-09-19T20:01:19,Agent deducted fee but the cash-out transaction timed out without dispensing cash.,CASH_OUT,LOW,TRANSACTION_OPERATIONS,RECEIVED,REFUNDED,943,0
SYN-CMP-14820,SYN-U-15700,2026-09-19T20:54:43,Network connection error occurred during transaction processing screen.,TECHNICAL,LOW,TECH_SUPPORT,RECEIVED,DECLINED,638,0
SYN-CMP-14821,SYN-U-10979,2026-09-19T21:08:11,E-commerce merchant payment processed twice during checkout.,PAYMENT,MEDIUM,TRANSACTION_OPERATIONS,RECEIVED,REFUNDED,1472,0
SYN-CMP-14822,SYN-U-19107,2026-09-20T00:01:03,Inter-wallet transfer delayed during peak evening banking clearing hour.,TRANSFER,LOW,TRANSACTION_OPERATIONS,RECEIVED,IN_PROGRESS,337,0
SYN-CMP-14823,SYN-U-18232,2026-09-20T00:46:28,"Unauthorized send money transaction of BDT 15,000 sent from my account at 3:00 AM.",FRAUD,CRITICAL,FRAUD_INVESTIGATION,RECEIVED,EXPLAINED,2205,0
SYN-CMP-14824,SYN-U-14138,2026-09-20T01:44:02,Cash-out fee charged higher than standard 1.4% rate at the agent point.,CASH_OUT,LOW,TRANSACTION_OPERATIONS,RECEIVED,REFUNDED,1031,0
SYN-CMP-14825,SYN-U-10375,2026-09-20T02:01:10,Duplicate payment charged for the same restaurant QR transaction.,PAYMENT,MEDIUM,TRANSACTION_OPERATIONS,RECEIVED,REVERSED,1900,0
SYN-CMP-14826,SYN-U-12256,2026-09-20T02:05:31,"Unauthorized send money transaction of BDT 15,000 sent from my account at 3:00 AM.",FRAUD,CRITICAL,FRAUD_INVESTIGATION,RECEIVED,REFUNDED,1404,1
SYN-CMP-14827,SYN-U-16935,2026-09-20T08:25:55,"Unauthorized send money transaction of BDT 15,000 sent from my account at 3:00 AM.",FRAUD,CRITICAL,FRAUD_INVESTIGATION,RECEIVED,EXPLAINED,80,0
SYN-CMP-14828,SYN-U-11965,2026-09-20T09:10:34,"Payment to merchant showed failed on app, but BDT 1,200 deducted from my Upay balance.",PAYMENT,HIGH,TRANSACTION_OPERATIONS,RECEIVED,REFUNDED,1733,0
SYN-CMP-14829,SYN-U-17447,2026-09-20T09:35:15,Agent deducted fee but the cash-out transaction timed out without dispensing cash.,CASH_OUT,LOW,TRANSACTION_OPERATIONS,RECEIVED,IN_PROGRESS,1079,0
SYN-CMP-14830,SYN-U-13898,2026-09-20T10:27:19,Card charged USD 45.00 for an online software transaction that I cancelled.,CARD,LOW,CARD_SERVICES,RECEIVED,REFUNDED,1793,0
SYN-CMP-14831,SYN-U-17048,2026-09-20T18:01:11,Duplicate payment charged for the same restaurant QR transaction.,PAYMENT,MEDIUM,TRANSACTION_OPERATIONS,RECEIVED,IN_PROGRESS,507,0
SYN-CMP-14832,SYN-U-15373,2026-09-20T18:53:15,My virtual dual-currency card was declined while making an international subscription payment.,CARD,HIGH,CARD_SERVICES,RECEIVED,EXPLAINED,373,1
SYN-CMP-14833,SYN-U-11611,2026-09-20T20:40:27,My virtual dual-currency card was declined while making an international subscription payment.,CARD,HIGH,CARD_SERVICES,RECEIVED,IN_PROGRESS,1323,0
SYN-CMP-14834,SYN-U-10842,2026-09-20T21:05:16,Partial refund received instead of full transaction amount.,REFUND,LOW,DISPUTES,RECEIVED,UNBLOCK_ACCOUNT,1248,0
SYN-CMP-14835,SYN-U-19140,2026-09-20T22:42:17,Bank deposit to Upay wallet via internet banking hasn't reflected after 4 hours.,TRANSFER,MEDIUM,TRANSACTION_OPERATIONS,RECEIVED,REFUNDED,2687,0
SYN-CMP-14836,SYN-U-14751,2026-09-21T04:03:25,"Failed cash out attempt at agent, but funds debited from balance.",CASH_OUT,MEDIUM,TRANSACTION_OPERATIONS,RECEIVED,REFUNDED,2552,0
SYN-CMP-14837,SYN-U-13098,2026-09-21T06:00:36,Upay mobile app crashes immediately on splash screen after latest update.,TECHNICAL,LOW,TECH_SUPPORT,RECEIVED,REFUNDED,1017,0
SYN-CMP-14838,SYN-U-10605,2026-09-21T06:58:19,SMS OTP is taking over 5 minutes to arrive during login attempt.,TECHNICAL,LOW,TECH_SUPPORT,RECEIVED,REFUNDED,2007,0
SYN-CMP-14839,SYN-U-10246,2026-09-21T07:42:52,International online transaction toggle keeps turning off automatically in settings.,CARD,HIGH,CARD_SERVICES,RECEIVED,EXPLAINED,664,0
SYN-CMP-14840,SYN-U-15361,2026-09-21T08:33:23,My virtual dual-currency card was declined while making an international subscription payment.,CARD,LOW,CARD_SERVICES,RECEIVED,DECLINED,1541,0
SYN-CMP-14841,SYN-U-10820,2026-09-21T09:05:06,International online transaction toggle keeps turning off automatically in settings.,CARD,HIGH,CARD_SERVICES,RECEIVED,REFUNDED,1508,0
SYN-CMP-14842,SYN-U-13980,2026-09-21T11:29:37,Partial refund received instead of full transaction amount.,REFUND,LOW,DISPUTES,RECEIVED,EXPLAINED,608,0
SYN-CMP-14843,SYN-U-18295,2026-09-21T14:07:38,International online transaction toggle keeps turning off automatically in settings.,CARD,MEDIUM,CARD_SERVICES,RECEIVED,REFUNDED,1256,0
SYN-CMP-14844,SYN-U-15367,2026-09-21T16:06:10,App says account dormant even though I received funds two weeks ago.,ACCOUNT,LOW,DISPUTES,RECEIVED,EXPLAINED,1989,0
SYN-CMP-14845,SYN-U-19807,2026-09-21T17:06:22,"Unauthorized send money transaction of BDT 15,000 sent from my account at 3:00 AM.",FRAUD,CRITICAL,FRAUD_INVESTIGATION,RECEIVED,EXPLAINED,1813,1
SYN-CMP-14846,SYN-U-14192,2026-09-21T18:54:00,E-commerce merchant payment processed twice during checkout.,PAYMENT,MEDIUM,TRANSACTION_OPERATIONS,RECEIVED,REFUNDED,2662,0
SYN-CMP-14847,SYN-U-19388,2026-09-21T23:01:52,"Payment to merchant showed failed on app, but BDT 1,200 deducted from my Upay balance.",PAYMENT,HIGH,TRANSACTION_OPERATIONS,RECEIVED,EXPLAINED,389,1
SYN-CMP-14848,SYN-U-12663,2026-09-22T01:16:35,"Unauthorized send money transaction of BDT 15,000 sent from my account at 3:00 AM.",FRAUD,CRITICAL,FRAUD_INVESTIGATION,RECEIVED,EXPLAINED,470,1
SYN-CMP-14849,SYN-U-11899,2026-09-22T01:22:46,NID verification pending for more than 48 hours.,ACCOUNT,LOW,DISPUTES,RECEIVED,REVERSED,566,0
SYN-CMP-14850,SYN-U-12396,2026-09-22T02:24:39,My account has been temporarily restricted after entering wrong PIN 3 times.,ACCOUNT,LOW,DISPUTES,RECEIVED,IN_PROGRESS,384,0
SYN-CMP-14851,SYN-U-16408,2026-09-22T02:53:54,"Accidentally transferred BDT 3,500 to a wrong mobile number.",TRANSFER,LOW,TRANSACTION_OPERATIONS,RECEIVED,EXPLAINED,2419,0
SYN-CMP-14852,SYN-U-19432,2026-09-22T03:41:06,Cash-out fee charged higher than standard 1.4% rate at the agent point.,CASH_OUT,LOW,TRANSACTION_OPERATIONS,RECEIVED,DECLINED,89,0
SYN-CMP-14853,SYN-U-12585,2026-09-22T04:08:32,"Suspicious login notification received from unfamiliar device, someone tried to cash out.",FRAUD,CRITICAL,FRAUD_INVESTIGATION,RECEIVED,IN_PROGRESS,1631,1
SYN-CMP-14854,SYN-U-18545,2026-09-22T04:31:17,"Paid utility electricity bill through app yesterday, but bill status still shows unpaid.",PAYMENT,MEDIUM,TRANSACTION_OPERATIONS,RECEIVED,EXPLAINED,2410,0
SYN-CMP-14855,SYN-U-15793,2026-09-22T04:37:16,Agent deducted fee but the cash-out transaction timed out without dispensing cash.,CASH_OUT,LOW,TRANSACTION_OPERATIONS,RECEIVED,REFUNDED,2161,0
SYN-CMP-14856,SYN-U-18641,2026-09-22T05:27:20,"Payment to merchant showed failed on app, but BDT 1,200 deducted from my Upay balance.",PAYMENT,MEDIUM,TRANSACTION_OPERATIONS,RECEIVED,IN_PROGRESS,2535,0
SYN-CMP-14857,SYN-U-19607,2026-09-22T05:57:34,"Fund transfer to my linked commercial bank account failed, money not credited yet.",TRANSFER,LOW,TRANSACTION_OPERATIONS,RECEIVED,REFUNDED,2235,0
SYN-CMP-14858,SYN-U-11044,2026-09-22T06:59:38,My PIN was compromised and unauthorized funds were transferred to an unknown number.,FRAUD,CRITICAL,FRAUD_INVESTIGATION,RECEIVED,REFUNDED,1647,1
SYN-CMP-14859,SYN-U-14952,2026-09-22T08:11:36,"Paid utility electricity bill through app yesterday, but bill status still shows unpaid.",PAYMENT,LOW,TRANSACTION_OPERATIONS,RECEIVED,EXPLAINED,773,0
SYN-CMP-14860,SYN-U-11525,2026-09-22T08:15:53,Money was deducted from my account but the grocery merchant did not receive payment confirmation.,PAYMENT,MEDIUM,TRANSACTION_OPERATIONS,RECEIVED,EXPLAINED,2160,0
SYN-CMP-14861,SYN-U-10402,2026-09-22T10:45:55,My account has been temporarily restricted after entering wrong PIN 3 times.,ACCOUNT,MEDIUM,DISPUTES,RECEIVED,REFUNDED,1614,0
SYN-CMP-14862,SYN-U-16605,2026-09-22T11:39:41,Money was deducted from my account but the grocery merchant did not receive payment confirmation.,PAYMENT,MEDIUM,TRANSACTION_OPERATIONS,RECEIVED,REFUNDED,1236,0
SYN-CMP-14863,SYN-U-16427,2026-09-22T15:20:00,Bank deposit to Upay wallet via internet banking hasn't reflected after 4 hours.,TRANSFER,LOW,TRANSACTION_OPERATIONS,RECEIVED,REFUNDED,860,0
SYN-CMP-14864,SYN-U-17691,2026-09-22T15:52:40,Bank deposit to Upay wallet via internet banking hasn't reflected after 4 hours.,TRANSFER,MEDIUM,TRANSACTION_OPERATIONS,RECEIVED,REFUNDED,2163,0
SYN-CMP-14865,SYN-U-12613,2026-09-22T18:19:09,"Suspicious login notification received from unfamiliar device, someone tried to cash out.",FRAUD,CRITICAL,FRAUD_INVESTIGATION,RECEIVED,REFUNDED,813,0
SYN-CMP-14866,SYN-U-14624,2026-09-22T19:30:57,Inter-wallet transfer delayed during peak evening banking clearing hour.,TRANSFER,MEDIUM,TRANSACTION_OPERATIONS,RECEIVED,REVERSED,1600,0
SYN-CMP-14867,SYN-U-12528,2026-09-22T19:59:54,E-commerce merchant payment processed twice during checkout.,PAYMENT,MEDIUM,TRANSACTION_OPERATIONS,RECEIVED,REFUNDED,2636,0
SYN-CMP-14868,SYN-U-17692,2026-09-22T21:21:09,"Paid utility electricity bill through app yesterday, but bill status still shows unpaid.",PAYMENT,LOW,TRANSACTION_OPERATIONS,RECEIVED,REFUNDED,2688,0
SYN-CMP-14869,SYN-U-17615,2026-09-22T22:03:15,Duplicate payment charged for the same restaurant QR transaction.,PAYMENT,MEDIUM,TRANSACTION_OPERATIONS,RECEIVED,REFUNDED,1126,0
SYN-CMP-14870,SYN-U-17152,2026-09-23T00:13:56,Biometric fingerprint login is not working on my new Android device.,ACCOUNT,LOW,DISPUTES,RECEIVED,DECLINED,2245,0
SYN-CMP-14871,SYN-U-19142,2026-09-23T11:02:14,NID verification pending for more than 48 hours.,ACCOUNT,MEDIUM,DISPUTES,RECEIVED,REFUNDED,1043,0
SYN-CMP-14872,SYN-U-11197,2026-09-23T11:06:15,Duplicate payment charged for the same restaurant QR transaction.,PAYMENT,MEDIUM,TRANSACTION_OPERATIONS,RECEIVED,REVERSED,1735,0
SYN-CMP-14873,SYN-U-16434,2026-09-23T14:34:28,International online transaction toggle keeps turning off automatically in settings.,CARD,MEDIUM,CARD_SERVICES,RECEIVED,REVERSED,1987,0
SYN-CMP-14874,SYN-U-19180,2026-09-23T14:41:39,Money was deducted from my account but the grocery merchant did not receive payment confirmation.,PAYMENT,MEDIUM,TRANSACTION_OPERATIONS,RECEIVED,REFUNDED,1144,0
SYN-CMP-14875,SYN-U-18450,2026-09-23T15:14:11,Cash-out fee charged higher than standard 1.4% rate at the agent point.,CASH_OUT,LOW,TRANSACTION_OPERATIONS,RECEIVED,UNBLOCK_ACCOUNT,1671,0
SYN-CMP-14876,SYN-U-10684,2026-09-23T16:00:51,International online transaction toggle keeps turning off automatically in settings.,CARD,MEDIUM,CARD_SERVICES,RECEIVED,UNBLOCK_ACCOUNT,2071,0
SYN-CMP-14877,SYN-U-11689,2026-09-23T16:27:03,Agent deducted fee but the cash-out transaction timed out without dispensing cash.,CASH_OUT,MEDIUM,TRANSACTION_OPERATIONS,RECEIVED,EXPLAINED,156,0
SYN-CMP-14878,SYN-U-17337,2026-09-23T19:32:34,International online transaction toggle keeps turning off automatically in settings.,CARD,MEDIUM,CARD_SERVICES,RECEIVED,REFUNDED,1265,0
SYN-CMP-14879,SYN-U-10033,2026-09-23T20:13:18,"Accidentally transferred BDT 3,500 to a wrong mobile number.",TRANSFER,LOW,TRANSACTION_OPERATIONS,RECEIVED,REFUNDED,385,0
SYN-CMP-14880,SYN-U-19718,2026-09-23T22:31:11,Bank deposit to Upay wallet via internet banking hasn't reflected after 4 hours.,TRANSFER,MEDIUM,TRANSACTION_OPERATIONS,RECEIVED,REFUNDED,1712,0
SYN-CMP-14881,SYN-U-12275,2026-09-23T22:51:28,Requesting official annual account statement for tax filing purposes.,OTHER,LOW,DISPUTES,RECEIVED,REVERSED,634,0
SYN-CMP-14882,SYN-U-14437,2026-09-24T00:57:21,Cash-out fee charged higher than standard 1.4% rate at the agent point.,CASH_OUT,LOW,TRANSACTION_OPERATIONS,RECEIVED,REFUNDED,637,0
SYN-CMP-14883,SYN-U-11944,2026-09-24T00:59:24,E-commerce merchant payment processed twice during checkout.,PAYMENT,MEDIUM,TRANSACTION_OPERATIONS,RECEIVED,REFUNDED,808,0
SYN-CMP-14884,SYN-U-16614,2026-09-24T05:05:54,"Payment to merchant showed failed on app, but BDT 1,200 deducted from my Upay balance.",PAYMENT,LOW,TRANSACTION_OPERATIONS,RECEIVED,REFUNDED,2260,0
SYN-CMP-14885,SYN-U-12614,2026-09-24T08:31:57,E-commerce merchant payment processed twice during checkout.,PAYMENT,MEDIUM,TRANSACTION_OPERATIONS,RECEIVED,EXPLAINED,2675,0
SYN-CMP-14886,SYN-U-12588,2026-09-24T10:16:59,Unable to update my registered primary phone number and email in settings.,ACCOUNT,LOW,DISPUTES,RECEIVED,REVERSED,35,0
SYN-CMP-14887,SYN-U-14044,2026-09-24T10:33:29,"Received a scam call asking for OTP, shortly after BDT 8,500 was transferred out.",FRAUD,HIGH,FRAUD_INVESTIGATION,RECEIVED,IN_PROGRESS,1819,0
SYN-CMP-14888,SYN-U-17491,2026-09-24T11:15:52,"Failed cash out attempt at agent, but funds debited from balance.",CASH_OUT,LOW,TRANSACTION_OPERATIONS,RECEIVED,REFUNDED,970,0
SYN-CMP-14889,SYN-U-10437,2026-09-24T11:23:17,Upay mobile app crashes immediately on splash screen after latest update.,TECHNICAL,MEDIUM,TECH_SUPPORT,RECEIVED,REFUNDED,866,0
SYN-CMP-14890,SYN-U-10817,2026-09-24T12:28:49,Network connection error occurred during transaction processing screen.,TECHNICAL,MEDIUM,TECH_SUPPORT,RECEIVED,REFUNDED,1669,0
SYN-CMP-14891,SYN-U-18258,2026-09-24T14:54:51,Phishing message led to account takeover and repeated cash-out attempts.,FRAUD,HIGH,FRAUD_INVESTIGATION,RECEIVED,IN_PROGRESS,2212,0
SYN-CMP-14892,SYN-U-13300,2026-09-24T18:19:39,"Fund transfer to my linked commercial bank account failed, money not credited yet.",TRANSFER,MEDIUM,TRANSACTION_OPERATIONS,RECEIVED,REVERSED,49,0
SYN-CMP-14893,SYN-U-11595,2026-09-24T19:19:00,"Merchant initiated refund 5 business days ago, but balance is not credited.",REFUND,MEDIUM,DISPUTES,RECEIVED,REVERSED,1300,0
SYN-CMP-14894,SYN-U-17314,2026-09-24T21:39:18,My account has been temporarily restricted after entering wrong PIN 3 times.,ACCOUNT,LOW,DISPUTES,RECEIVED,UNBLOCK_ACCOUNT,2469,0
SYN-CMP-14895,SYN-U-13299,2026-09-24T22:32:36,Network connection error occurred during transaction processing screen.,TECHNICAL,MEDIUM,TECH_SUPPORT,RECEIVED,UNBLOCK_ACCOUNT,2527,0
SYN-CMP-14896,SYN-U-17404,2026-09-24T23:17:57,"Payment to merchant showed failed on app, but BDT 1,200 deducted from my Upay balance.",PAYMENT,MEDIUM,TRANSACTION_OPERATIONS,RECEIVED,REFUNDED,1481,0
SYN-CMP-14897,SYN-U-12946,2026-09-24T23:41:29,Need clarification on loyalty reward cashback points calculation.,OTHER,MEDIUM,DISPUTES,RECEIVED,IN_PROGRESS,1228,0
SYN-CMP-14898,SYN-U-10473,2026-09-25T02:43:50,Unable to update my registered primary phone number and email in settings.,ACCOUNT,MEDIUM,DISPUTES,RECEIVED,REFUNDED,124,0
SYN-CMP-14899,SYN-U-10285,2026-09-25T04:10:10,Inter-wallet transfer delayed during peak evening banking clearing hour.,TRANSFER,LOW,TRANSACTION_OPERATIONS,RECEIVED,IN_PROGRESS,288,0
SYN-CMP-14900,SYN-U-14531,2026-09-25T04:48:06,"Fund transfer to my linked commercial bank account failed, money not credited yet.",TRANSFER,LOW,TRANSACTION_OPERATIONS,RECEIVED,REFUNDED,171,0
SYN-CMP-14901,SYN-U-16386,2026-09-25T05:59:32,"Merchant initiated refund 5 business days ago, but balance is not credited.",REFUND,LOW,DISPUTES,RECEIVED,REFUNDED,1155,0
SYN-CMP-14902,SYN-U-11603,2026-09-25T06:22:38,"Unauthorized send money transaction of BDT 15,000 sent from my account at 3:00 AM.",FRAUD,HIGH,FRAUD_INVESTIGATION,RECEIVED,IN_PROGRESS,141,1
SYN-CMP-14903,SYN-U-16514,2026-09-25T09:34:20,Cancelled e-commerce order refund amount is missing BDT 250 processing fee.,REFUND,MEDIUM,DISPUTES,RECEIVED,EXPLAINED,2506,0
SYN-CMP-14904,SYN-U-17330,2026-09-25T11:40:55,E-commerce merchant payment processed twice during checkout.,PAYMENT,LOW,TRANSACTION_OPERATIONS,RECEIVED,IN_PROGRESS,1349,0
SYN-CMP-14905,SYN-U-12708,2026-09-25T16:28:10,Money was deducted from my account but the grocery merchant did not receive payment confirmation.,PAYMENT,MEDIUM,TRANSACTION_OPERATIONS,RECEIVED,REVERSED,2615,0
SYN-CMP-14906,SYN-U-16161,2026-09-25T17:56:06,"Paid utility electricity bill through app yesterday, but bill status still shows unpaid.",PAYMENT,HIGH,TRANSACTION_OPERATIONS,RECEIVED,REFUNDED,142,1
SYN-CMP-14907,SYN-U-19164,2026-09-25T20:02:16,Cancelled e-commerce order refund amount is missing BDT 250 processing fee.,REFUND,LOW,DISPUTES,RECEIVED,REFUNDED,2438,0
SYN-CMP-14908,SYN-U-14671,2026-09-25T20:10:18,My PIN was compromised and unauthorized funds were transferred to an unknown number.,FRAUD,HIGH,FRAUD_INVESTIGATION,RECEIVED,UNBLOCK_ACCOUNT,2204,0
SYN-CMP-14909,SYN-U-13603,2026-09-25T20:15:50,Phishing message led to account takeover and repeated cash-out attempts.,FRAUD,HIGH,FRAUD_INVESTIGATION,RECEIVED,REFUNDED,233,1
SYN-CMP-14910,SYN-U-11193,2026-09-25T22:33:55,Money was deducted from my account but the grocery merchant did not receive payment confirmation.,PAYMENT,LOW,TRANSACTION_OPERATIONS,RECEIVED,REFUNDED,2355,0
SYN-CMP-14911,SYN-U-16327,2026-09-25T23:26:19,Bank deposit to Upay wallet via internet banking hasn't reflected after 4 hours.,TRANSFER,MEDIUM,TRANSACTION_OPERATIONS,RECEIVED,IN_PROGRESS,1794,0
SYN-CMP-14912,SYN-U-19600,2026-09-25T23:55:38,"Paid utility electricity bill through app yesterday, but bill status still shows unpaid.",PAYMENT,MEDIUM,TRANSACTION_OPERATIONS,RECEIVED,REFUNDED,2789,0
SYN-CMP-14913,SYN-U-16500,2026-09-26T01:03:19,"Paid utility electricity bill through app yesterday, but bill status still shows unpaid.",PAYMENT,HIGH,TRANSACTION_OPERATIONS,RECEIVED,REVERSED,2094,1
SYN-CMP-14914,SYN-U-18422,2026-09-26T04:20:53,"Payment to merchant showed failed on app, but BDT 1,200 deducted from my Upay balance.",PAYMENT,HIGH,TRANSACTION_OPERATIONS,RECEIVED,REFUNDED,447,1
SYN-CMP-14915,SYN-U-18829,2026-09-26T07:36:51,My PIN was compromised and unauthorized funds were transferred to an unknown number.,FRAUD,HIGH,FRAUD_INVESTIGATION,RECEIVED,REFUNDED,2787,1
SYN-CMP-14916,SYN-U-14843,2026-09-26T08:27:04,Phishing message led to account takeover and repeated cash-out attempts.,FRAUD,CRITICAL,FRAUD_INVESTIGATION,RECEIVED,EXPLAINED,1876,0
SYN-CMP-14917,SYN-U-14731,2026-09-26T08:57:32,Money was deducted from my account but the grocery merchant did not receive payment confirmation.,PAYMENT,LOW,TRANSACTION_OPERATIONS,RECEIVED,REVERSED,1366,0
SYN-CMP-14918,SYN-U-14134,2026-09-26T09:48:16,Duplicate payment charged for the same restaurant QR transaction.,PAYMENT,MEDIUM,TRANSACTION_OPERATIONS,RECEIVED,DECLINED,1802,0
SYN-CMP-14919,SYN-U-14794,2026-09-26T10:37:02,Inquiry regarding upcoming Eid merchant promo discounts.,OTHER,MEDIUM,DISPUTES,RECEIVED,REFUNDED,2220,0
SYN-CMP-14920,SYN-U-10799,2026-09-26T10:45:53,"Unauthorized send money transaction of BDT 15,000 sent from my account at 3:00 AM.",FRAUD,CRITICAL,FRAUD_INVESTIGATION,RECEIVED,UNBLOCK_ACCOUNT,421,1
SYN-CMP-14921,SYN-U-16559,2026-09-26T14:35:37,Upay mobile app crashes immediately on splash screen after latest update.,TECHNICAL,LOW,TECH_SUPPORT,RECEIVED,UNBLOCK_ACCOUNT,325,0
SYN-CMP-14922,SYN-U-16292,2026-09-26T15:30:16,Phishing message led to account takeover and repeated cash-out attempts.,FRAUD,CRITICAL,FRAUD_INVESTIGATION,RECEIVED,REFUNDED,1927,1
SYN-CMP-14923,SYN-U-12146,2026-09-26T15:58:11,Cancelled e-commerce order refund amount is missing BDT 250 processing fee.,REFUND,MEDIUM,DISPUTES,RECEIVED,UNBLOCK_ACCOUNT,1090,0
SYN-CMP-14924,SYN-U-15076,2026-09-26T16:36:15,"Payment to merchant showed failed on app, but BDT 1,200 deducted from my Upay balance.",PAYMENT,HIGH,TRANSACTION_OPERATIONS,RECEIVED,REFUNDED,534,0
SYN-CMP-14925,SYN-U-19806,2026-09-26T17:01:55,Duplicate payment charged for the same restaurant QR transaction.,PAYMENT,LOW,TRANSACTION_OPERATIONS,RECEIVED,EXPLAINED,1670,0
SYN-CMP-14926,SYN-U-15765,2026-09-26T17:40:15,My PIN was compromised and unauthorized funds were transferred to an unknown number.,FRAUD,HIGH,FRAUD_INVESTIGATION,RECEIVED,REFUNDED,1565,1
SYN-CMP-14927,SYN-U-11242,2026-09-26T18:27:36,Partial refund received instead of full transaction amount.,REFUND,LOW,DISPUTES,RECEIVED,EXPLAINED,2168,0
SYN-CMP-14928,SYN-U-11720,2026-09-26T19:12:24,Phishing message led to account takeover and repeated cash-out attempts.,FRAUD,CRITICAL,FRAUD_INVESTIGATION,RECEIVED,REVERSED,2841,0
SYN-CMP-14929,SYN-U-16697,2026-09-26T19:57:27,Upay mobile app crashes immediately on splash screen after latest update.,TECHNICAL,LOW,TECH_SUPPORT,RECEIVED,REVERSED,2844,0
SYN-CMP-14930,SYN-U-13336,2026-09-27T04:56:06,"Merchant initiated refund 5 business days ago, but balance is not credited.",REFUND,LOW,DISPUTES,RECEIVED,IN_PROGRESS,1302,0
SYN-CMP-14931,SYN-U-19375,2026-09-27T05:37:15,Requesting official annual account statement for tax filing purposes.,OTHER,LOW,DISPUTES,RECEIVED,REFUNDED,2120,0
SYN-CMP-14932,SYN-U-14850,2026-09-27T05:38:21,Money was deducted from my account but the grocery merchant did not receive payment confirmation.,PAYMENT,HIGH,TRANSACTION_OPERATIONS,RECEIVED,IN_PROGRESS,20,1
SYN-CMP-14933,SYN-U-16129,2026-09-27T05:41:48,Agent confirmed cash-out successful on terminal but I did not receive SMS confirmation.,CASH_OUT,LOW,TRANSACTION_OPERATIONS,RECEIVED,REFUNDED,1848,0
SYN-CMP-14934,SYN-U-19268,2026-09-27T08:11:05,Unable to update my registered primary phone number and email in settings.,ACCOUNT,LOW,DISPUTES,RECEIVED,IN_PROGRESS,230,0
SYN-CMP-14935,SYN-U-11766,2026-09-27T08:24:21,App says account dormant even though I received funds two weeks ago.,ACCOUNT,MEDIUM,DISPUTES,RECEIVED,UNBLOCK_ACCOUNT,360,0
SYN-CMP-14936,SYN-U-11760,2026-09-27T10:03:27,"Failed cash out attempt at agent, but funds debited from balance.",CASH_OUT,LOW,TRANSACTION_OPERATIONS,RECEIVED,REFUNDED,405,0
SYN-CMP-14937,SYN-U-14229,2026-09-27T10:09:29,Duplicate payment charged for the same restaurant QR transaction.,PAYMENT,LOW,TRANSACTION_OPERATIONS,RECEIVED,UNBLOCK_ACCOUNT,225,0
SYN-CMP-14938,SYN-U-10420,2026-09-27T11:52:27,Partial refund received instead of full transaction amount.,REFUND,LOW,DISPUTES,RECEIVED,EXPLAINED,2343,0
SYN-CMP-14939,SYN-U-10255,2026-09-27T16:42:49,Inquiry regarding upcoming Eid merchant promo discounts.,OTHER,LOW,DISPUTES,RECEIVED,IN_PROGRESS,2163,0
SYN-CMP-14940,SYN-U-19962,2026-09-27T17:01:53,"Failed cash out attempt at agent, but funds debited from balance.",CASH_OUT,LOW,TRANSACTION_OPERATIONS,RECEIVED,UNBLOCK_ACCOUNT,1917,0
SYN-CMP-14941,SYN-U-10200,2026-09-27T17:49:04,My PIN was compromised and unauthorized funds were transferred to an unknown number.,FRAUD,CRITICAL,FRAUD_INVESTIGATION,RECEIVED,EXPLAINED,441,1
SYN-CMP-14942,SYN-U-17658,2026-09-27T21:31:21,"Unauthorized send money transaction of BDT 15,000 sent from my account at 3:00 AM.",FRAUD,CRITICAL,FRAUD_INVESTIGATION,RECEIVED,REFUNDED,2135,1
SYN-CMP-14943,SYN-U-19719,2026-09-28T00:06:24,My account has been temporarily restricted after entering wrong PIN 3 times.,ACCOUNT,LOW,DISPUTES,RECEIVED,REFUNDED,1733,0
SYN-CMP-14944,SYN-U-11307,2026-09-28T05:12:22,Money was deducted from my account but the grocery merchant did not receive payment confirmation.,PAYMENT,MEDIUM,TRANSACTION_OPERATIONS,RECEIVED,REFUNDED,2663,0
SYN-CMP-14945,SYN-U-13259,2026-09-28T06:32:51,"Merchant initiated refund 5 business days ago, but balance is not credited.",REFUND,LOW,DISPUTES,RECEIVED,EXPLAINED,1464,0
SYN-CMP-14946,SYN-U-12714,2026-09-28T06:40:54,Card charged USD 45.00 for an online software transaction that I cancelled.,CARD,MEDIUM,CARD_SERVICES,RECEIVED,EXPLAINED,1014,0
SYN-CMP-14947,SYN-U-11928,2026-09-28T08:00:44,Agent confirmed cash-out successful on terminal but I did not receive SMS confirmation.,CASH_OUT,MEDIUM,TRANSACTION_OPERATIONS,RECEIVED,IN_PROGRESS,93,0
SYN-CMP-14948,SYN-U-17428,2026-09-28T08:10:02,My PIN was compromised and unauthorized funds were transferred to an unknown number.,FRAUD,CRITICAL,FRAUD_INVESTIGATION,RECEIVED,IN_PROGRESS,1960,0
SYN-CMP-14949,SYN-U-18227,2026-09-28T09:31:16,Agent deducted fee but the cash-out transaction timed out without dispensing cash.,CASH_OUT,LOW,TRANSACTION_OPERATIONS,RECEIVED,REVERSED,2238,0
SYN-CMP-14950,SYN-U-10284,2026-09-28T12:09:57,"Paid utility electricity bill through app yesterday, but bill status still shows unpaid.",PAYMENT,MEDIUM,TRANSACTION_OPERATIONS,RECEIVED,REFUNDED,1254,0
SYN-CMP-14951,SYN-U-19443,2026-09-28T12:15:50,My account has been temporarily restricted after entering wrong PIN 3 times.,ACCOUNT,MEDIUM,DISPUTES,RECEIVED,IN_PROGRESS,469,0
SYN-CMP-14952,SYN-U-17668,2026-09-28T13:03:12,"Paid utility electricity bill through app yesterday, but bill status still shows unpaid.",PAYMENT,HIGH,TRANSACTION_OPERATIONS,RECEIVED,REFUNDED,954,0
SYN-CMP-14953,SYN-U-15906,2026-09-28T14:12:03,Money was deducted from my account but the grocery merchant did not receive payment confirmation.,PAYMENT,MEDIUM,TRANSACTION_OPERATIONS,RECEIVED,EXPLAINED,1022,0
SYN-CMP-14954,SYN-U-19829,2026-09-28T14:37:52,"Unauthorized send money transaction of BDT 15,000 sent from my account at 3:00 AM.",FRAUD,CRITICAL,FRAUD_INVESTIGATION,RECEIVED,EXPLAINED,2656,1
SYN-CMP-14955,SYN-U-17182,2026-09-28T15:12:54,Biometric fingerprint login is not working on my new Android device.,ACCOUNT,LOW,DISPUTES,RECEIVED,EXPLAINED,464,0
SYN-CMP-14956,SYN-U-13732,2026-09-28T16:04:08,Agent deducted fee but the cash-out transaction timed out without dispensing cash.,CASH_OUT,LOW,TRANSACTION_OPERATIONS,RECEIVED,EXPLAINED,171,0
SYN-CMP-14957,SYN-U-11142,2026-09-28T17:16:11,Agent confirmed cash-out successful on terminal but I did not receive SMS confirmation.,CASH_OUT,MEDIUM,TRANSACTION_OPERATIONS,RECEIVED,EXPLAINED,1656,0
SYN-CMP-14958,SYN-U-15414,2026-09-28T18:23:27,Unable to update my registered primary phone number and email in settings.,ACCOUNT,LOW,DISPUTES,RECEIVED,EXPLAINED,2024,0
SYN-CMP-14959,SYN-U-19329,2026-09-28T18:35:21,"Accidentally transferred BDT 3,500 to a wrong mobile number.",TRANSFER,MEDIUM,TRANSACTION_OPERATIONS,RECEIVED,REFUNDED,521,0
SYN-CMP-14960,SYN-U-18529,2026-09-28T19:03:13,"Merchant initiated refund 5 business days ago, but balance is not credited.",REFUND,MEDIUM,DISPUTES,RECEIVED,REFUNDED,81,0
SYN-CMP-14961,SYN-U-14036,2026-09-28T23:57:44,My PIN was compromised and unauthorized funds were transferred to an unknown number.,FRAUD,HIGH,FRAUD_INVESTIGATION,RECEIVED,REFUNDED,1017,1
SYN-CMP-14962,SYN-U-15150,2026-09-29T02:15:01,Agent confirmed cash-out successful on terminal but I did not receive SMS confirmation.,CASH_OUT,LOW,TRANSACTION_OPERATIONS,RECEIVED,UNBLOCK_ACCOUNT,379,0
SYN-CMP-14963,SYN-U-17322,2026-09-29T03:00:42,International online transaction toggle keeps turning off automatically in settings.,CARD,LOW,CARD_SERVICES,RECEIVED,EXPLAINED,1436,0
SYN-CMP-14964,SYN-U-12622,2026-09-29T03:06:24,"Merchant initiated refund 5 business days ago, but balance is not credited.",REFUND,LOW,DISPUTES,RECEIVED,REFUNDED,85,0
SYN-CMP-14965,SYN-U-15765,2026-09-29T03:52:49,"Payment to merchant showed failed on app, but BDT 1,200 deducted from my Upay balance.",PAYMENT,MEDIUM,TRANSACTION_OPERATIONS,RECEIVED,REFUNDED,1614,0
SYN-CMP-14966,SYN-U-13767,2026-09-29T04:20:45,"Merchant initiated refund 5 business days ago, but balance is not credited.",REFUND,LOW,DISPUTES,RECEIVED,REFUNDED,1508,0
SYN-CMP-14967,SYN-U-16455,2026-09-29T04:22:03,"Payment to merchant showed failed on app, but BDT 1,200 deducted from my Upay balance.",PAYMENT,MEDIUM,TRANSACTION_OPERATIONS,RECEIVED,REFUNDED,1562,0
SYN-CMP-14968,SYN-U-18525,2026-09-29T05:04:48,Money was deducted from my account but the grocery merchant did not receive payment confirmation.,PAYMENT,MEDIUM,TRANSACTION_OPERATIONS,RECEIVED,REFUNDED,1010,0
SYN-CMP-14969,SYN-U-18885,2026-09-29T05:12:32,Phishing message led to account takeover and repeated cash-out attempts.,FRAUD,HIGH,FRAUD_INVESTIGATION,RECEIVED,REFUNDED,1572,1
SYN-CMP-14970,SYN-U-17738,2026-09-29T05:23:40,Agent deducted fee but the cash-out transaction timed out without dispensing cash.,CASH_OUT,MEDIUM,TRANSACTION_OPERATIONS,RECEIVED,REFUNDED,1144,0
SYN-CMP-14971,SYN-U-19615,2026-09-29T06:09:28,"Paid utility electricity bill through app yesterday, but bill status still shows unpaid.",PAYMENT,LOW,TRANSACTION_OPERATIONS,RECEIVED,DECLINED,2803,0
SYN-CMP-14972,SYN-U-19414,2026-09-29T09:35:03,App says account dormant even though I received funds two weeks ago.,ACCOUNT,LOW,DISPUTES,RECEIVED,EXPLAINED,1912,0
SYN-CMP-14973,SYN-U-13160,2026-09-29T11:22:47,E-commerce merchant payment processed twice during checkout.,PAYMENT,LOW,TRANSACTION_OPERATIONS,RECEIVED,EXPLAINED,308,0
SYN-CMP-14974,SYN-U-17900,2026-09-29T13:29:37,International online transaction toggle keeps turning off automatically in settings.,CARD,MEDIUM,CARD_SERVICES,RECEIVED,REFUNDED,2873,0
SYN-CMP-14975,SYN-U-12716,2026-09-29T13:53:05,"Suspicious login notification received from unfamiliar device, someone tried to cash out.",FRAUD,HIGH,FRAUD_INVESTIGATION,RECEIVED,DECLINED,1733,0
SYN-CMP-14976,SYN-U-10902,2026-09-29T14:57:31,Inter-wallet transfer delayed during peak evening banking clearing hour.,TRANSFER,LOW,TRANSACTION_OPERATIONS,RECEIVED,UNBLOCK_ACCOUNT,625,0
SYN-CMP-14977,SYN-U-18199,2026-09-29T18:44:36,"Suspicious login notification received from unfamiliar device, someone tried to cash out.",FRAUD,CRITICAL,FRAUD_INVESTIGATION,RECEIVED,IN_PROGRESS,713,0
SYN-CMP-14978,SYN-U-18230,2026-09-29T18:54:44,Duplicate payment charged for the same restaurant QR transaction.,PAYMENT,MEDIUM,TRANSACTION_OPERATIONS,RECEIVED,REFUNDED,2099,0
SYN-CMP-14979,SYN-U-18665,2026-09-29T22:10:13,"Paid utility electricity bill through app yesterday, but bill status still shows unpaid.",PAYMENT,MEDIUM,TRANSACTION_OPERATIONS,RECEIVED,UNBLOCK_ACCOUNT,2576,0
SYN-CMP-14980,SYN-U-15086,2026-09-29T22:10:16,Biometric fingerprint login is not working on my new Android device.,ACCOUNT,LOW,DISPUTES,RECEIVED,REFUNDED,2803,0
SYN-CMP-14981,SYN-U-10419,2026-09-29T22:26:29,Endorsement limit not updating after submitting updated passport copy.,CARD,LOW,CARD_SERVICES,RECEIVED,EXPLAINED,1854,0
SYN-CMP-14982,SYN-U-13862,2026-09-29T22:27:47,Need clarification on loyalty reward cashback points calculation.,OTHER,MEDIUM,DISPUTES,RECEIVED,EXPLAINED,1592,0
SYN-CMP-14983,SYN-U-17941,2026-09-29T22:31:22,App says account dormant even though I received funds two weeks ago.,ACCOUNT,MEDIUM,DISPUTES,RECEIVED,REFUNDED,1699,0
SYN-CMP-14984,SYN-U-16089,2026-09-29T22:59:00,"Payment to merchant showed failed on app, but BDT 1,200 deducted from my Upay balance.",PAYMENT,MEDIUM,TRANSACTION_OPERATIONS,RECEIVED,EXPLAINED,224,0
SYN-CMP-14985,SYN-U-13700,2026-09-30T03:27:12,Agent confirmed cash-out successful on terminal but I did not receive SMS confirmation.,CASH_OUT,LOW,TRANSACTION_OPERATIONS,RECEIVED,IN_PROGRESS,192,0
SYN-CMP-14986,SYN-U-10561,2026-09-30T12:45:03,Agent deducted fee but the cash-out transaction timed out without dispensing cash.,CASH_OUT,LOW,TRANSACTION_OPERATIONS,RECEIVED,REFUNDED,32,0
SYN-CMP-14987,SYN-U-13259,2026-09-30T14:21:59,Cash-out fee charged higher than standard 1.4% rate at the agent point.,CASH_OUT,LOW,TRANSACTION_OPERATIONS,RECEIVED,EXPLAINED,2308,0
SYN-CMP-14988,SYN-U-18387,2026-09-30T14:57:11,My PIN was compromised and unauthorized funds were transferred to an unknown number.,FRAUD,CRITICAL,FRAUD_INVESTIGATION,RECEIVED,EXPLAINED,622,0
SYN-CMP-14989,SYN-U-11005,2026-09-30T15:01:20,Phishing message led to account takeover and repeated cash-out attempts.,FRAUD,HIGH,FRAUD_INVESTIGATION,RECEIVED,REVERSED,1703,0
SYN-CMP-14990,SYN-U-17734,2026-09-30T15:50:55,Money was deducted from my account but the grocery merchant did not receive payment confirmation.,PAYMENT,MEDIUM,TRANSACTION_OPERATIONS,RECEIVED,REVERSED,1436,0
SYN-CMP-14991,SYN-U-16808,2026-09-30T16:34:49,"Fund transfer to my linked commercial bank account failed, money not credited yet.",TRANSFER,LOW,TRANSACTION_OPERATIONS,RECEIVED,REVERSED,2807,0
SYN-CMP-14992,SYN-U-15809,2026-09-30T16:43:33,Biometric fingerprint login is not working on my new Android device.,ACCOUNT,MEDIUM,DISPUTES,RECEIVED,EXPLAINED,729,0
SYN-CMP-14993,SYN-U-11110,2026-09-30T17:19:36,Upay mobile app crashes immediately on splash screen after latest update.,TECHNICAL,LOW,TECH_SUPPORT,RECEIVED,REFUNDED,1380,0
SYN-CMP-14994,SYN-U-10216,2026-09-30T17:43:00,SMS OTP is taking over 5 minutes to arrive during login attempt.,TECHNICAL,MEDIUM,TECH_SUPPORT,RECEIVED,REFUNDED,739,0
SYN-CMP-14995,SYN-U-12817,2026-09-30T18:28:55,Money was deducted from my account but the grocery merchant did not receive payment confirmation.,PAYMENT,MEDIUM,TRANSACTION_OPERATIONS,RECEIVED,UNBLOCK_ACCOUNT,278,0
SYN-CMP-14996,SYN-U-18665,2026-09-30T19:54:36,Want to temporarily freeze my physical card due to lost wallet.,CARD,MEDIUM,CARD_SERVICES,RECEIVED,REFUNDED,1433,0
SYN-CMP-14997,SYN-U-17594,2026-09-30T20:03:38,My PIN was compromised and unauthorized funds were transferred to an unknown number.,FRAUD,CRITICAL,FRAUD_INVESTIGATION,RECEIVED,IN_PROGRESS,2251,0
SYN-CMP-14998,SYN-U-16131,2026-09-30T21:47:51,International online transaction toggle keeps turning off automatically in settings.,CARD,MEDIUM,CARD_SERVICES,RECEIVED,EXPLAINED,608,0
SYN-CMP-14999,SYN-U-11826,2026-09-30T22:33:55,Card charged USD 45.00 for an online software transaction that I cancelled.,CARD,HIGH,CARD_SERVICES,RECEIVED,REFUNDED,2325,0
SYN-CMP-15000,SYN-U-19631,2026-09-30T23:57:23,E-commerce merchant payment processed twice during checkout.,PAYMENT,MEDIUM,TRANSACTION_OPERATIONS,RECEIVED,REFUNDED,2392,0
