customer_id,avg_monthly_inflow,avg_monthly_outflow,income_consistency,balance_stability,cashout_ratio,transaction_frequency,account_age_days,previous_loan_count,previous_repayment_rate,late_payment_count,avg_days_late,credit_risk_label
SYN-U-10001,61862.5,51425.34,0.7929,0.7889,0.4945,43.9,141,1,0.9115,0,0.0,0
SYN-U-10002,35675.36,26727.93,0.5353,0.7993,0.5847,55.6,276,3,0.7142,0,0.0,0
SYN-U-10003,31131.13,27484.76,0.7264,0.2387,0.6825,14.5,830,3,0.8812,1,6.2,1
SYN-U-10004,56180.97,49402.51,0.9655,0.6155,0.1723,61.1,1509,0,1.0,0,0.0,0
SYN-U-10005,43974.27,38745.53,0.7331,0.8306,0.4084,54.7,1293,3,0.956,0,0.0,0
SYN-U-10006,203127.42,175666.8,0.7552,0.6686,0.2478,23.9,672,1,0.9434,1,0.4,0
SYN-U-10007,25622.39,23221.79,0.2453,0.2253,0.4042,52.5,2377,3,0.8276,0,0.0,0
SYN-U-10008,114730.75,84386.55,0.8561,0.5575,0.2323,42.9,873,4,0.9467,0,0.0,0
SYN-U-10009,60371.51,53157.8,0.7352,0.8406,0.175,35.2,164,1,0.9998,1,1.9,0
SYN-U-10010,36976.7,35954.39,0.6627,0.6626,0.5628,43.8,1317,1,0.9204,0,0.0,0
SYN-U-10011,61894.51,59256.6,0.7135,0.5631,0.3644,6.1,1020,1,0.9759,0,0.0,0
SYN-U-10012,32003.97,23859.97,0.9782,0.7943,0.1727,57.3,2414,4,0.9905,0,0.0,0
SYN-U-10013,37520.03,26815.41,0.7762,0.5879,0.2128,60.2,1297,5,0.9511,0,0.0,0
SYN-U-10014,14870.58,10763.43,0.5811,0.4682,0.5676,12.1,2083,7,0.5085,0,0.0,0
SYN-U-10015,65480.83,45231.04,0.6963,0.4942,0.4861,63.1,1216,2,0.8475,2,6.6,0
SYN-U-10016,108930.83,91492.35,0.7405,0.5531,0.2511,33.1,1083,3,0.7304,1,3.2,0
SYN-U-10017,41617.96,31233.08,0.8807,0.7868,0.2825,23.9,1211,5,0.9717,0,0.0,0
SYN-U-10018,15825.62,14747.71,0.6263,0.4712,0.7841,43.4,1002,6,0.6337,0,0.0,0
SYN-U-10019,63368.78,56347.52,0.5415,0.2592,0.8455,14.8,2362,0,1.0,0,0.0,1
SYN-U-10020,125005.91,121551.04,0.795,0.5978,0.2707,31.9,1774,0,1.0,0,0.0,0
SYN-U-10021,31218.64,24287.85,0.7063,0.6134,0.4823,9.6,359,2,0.9795,0,0.0,0
SYN-U-10022,19661.41,13952.37,0.62,0.55,0.6806,50.9,315,1,0.7518,1,4.1,0
SYN-U-10023,86899.35,81267.28,0.3767,0.4685,0.4605,29.9,2190,4,0.7476,0,0.0,0
SYN-U-10024,51034.38,35626.4,0.5378,0.4155,0.4848,58.9,626,1,0.8745,2,4.8,0
SYN-U-10025,87833.9,66972.79,0.7985,0.6529,0.3063,41.7,2430,0,1.0,0,0.0,0
SYN-U-10026,54781.97,46729.53,0.7601,0.7704,0.3677,53.2,317,1,0.8733,1,1.6,0
SYN-U-10027,83983.17,81197.66,0.8149,0.6929,0.3509,9.5,1788,3,0.8641,0,0.0,0
SYN-U-10028,15559.82,11494.59,0.5397,0.4433,0.259,62.5,2274,4,0.7692,0,0.0,0
SYN-U-10029,93820.94,73211.43,0.7689,0.6929,0.2702,26.8,268,5,0.8163,0,0.0,0
SYN-U-10030,65075.25,56391.14,0.6433,0.626,0.578,21.2,1420,5,0.8438,0,0.0,0
SYN-U-10031,74850.14,50452.13,0.8288,0.735,0.3942,51.9,1674,0,1.0,0,0.0,0
SYN-U-10032,38867.95,30114.08,0.6519,0.5207,0.3244,63.1,321,0,1.0,0,0.0,0
SYN-U-10033,61362.36,43788.75,0.941,0.8821,0.4713,54.6,2030,3,0.8679,0,0.0,0
SYN-U-10034,50573.39,46689.79,0.563,0.7971,0.5877,24.6,503,1,0.7267,1,2.8,0
SYN-U-10035,46480.99,40863.43,0.9248,0.8936,0.3784,8.0,76,4,0.915,0,0.0,0
SYN-U-10036,30624.81,28049.78,0.8193,0.8122,0.4475,21.1,571,3,0.8916,0,0.0,0
SYN-U-10037,42194.81,29686.59,0.4242,0.5492,0.4182,55.8,643,6,0.5769,1,4.5,0
SYN-U-10038,64276.68,52258.89,0.9746,0.5872,0.3103,22.9,1529,1,0.8923,0,0.0,0
SYN-U-10039,69135.9,48558.19,0.7669,0.7461,0.2261,15.3,1470,7,0.8614,0,0.0,0
SYN-U-10040,84664.6,67624.47,0.801,0.8933,0.2024,25.2,1266,3,0.8824,0,0.0,0
SYN-U-10041,22171.27,17208.74,0.8174,0.7306,0.3097,56.0,1715,4,0.974,0,0.0,0
SYN-U-10042,89713.31,63576.83,0.9322,0.7207,0.1833,61.2,2067,0,1.0,0,0.0,0
SYN-U-10043,18269.77,15872.38,0.6194,0.4179,0.3164,27.8,663,0,1.0,0,0.0,0
SYN-U-10044,75710.12,53937.48,0.7639,0.4524,0.2904,33.5,1134,0,1.0,0,0.0,0
SYN-U-10045,57706.72,50431.56,0.6211,0.5293,0.3512,34.6,1345,3,0.9608,0,0.0,0
SYN-U-10046,40182.62,29568.28,0.706,0.8888,0.4375,10.9,830,7,0.8916,0,0.0,0
SYN-U-10047,91501.36,69057.9,0.6214,0.6839,0.536,61.9,1197,6,0.836,0,0.0,0
SYN-U-10048,66516.75,45633.48,0.5969,0.4822,0.4153,6.7,681,1,0.7095,1,2.9,0
SYN-U-10049,34117.61,28258.13,0.8124,0.8208,0.2515,43.9,384,1,0.8788,2,2.7,0
SYN-U-10050,32111.87,20959.99,0.6238,0.7579,0.5182,16.8,487,1,0.9224,1,7.5,0
SYN-U-10051,14475.59,10238.12,0.5867,0.6048,0.6467,33.1,133,5,0.9593,0,0.0,0
SYN-U-10052,77026.03,66370.1,0.7768,0.8928,0.4015,50.2,1405,1,0.8731,0,0.0,0
SYN-U-10053,42205.03,39636.01,0.2994,0.4505,0.8363,64.8,533,7,0.5006,0,0.0,0
SYN-U-10054,44490.03,29525.56,0.5032,0.4657,0.3356,55.0,146,0,1.0,0,0.0,0
SYN-U-10055,56957.4,53400.44,0.8854,0.5655,0.4603,45.8,1415,1,0.9692,0,0.0,0
SYN-U-10056,86707.38,80391.63,0.7268,0.7742,0.1643,43.3,1884,3,0.9072,0,0.0,0
SYN-U-10057,50848.03,44270.4,0.7931,0.8248,0.3124,18.0,2068,7,0.995,0,0.0,0
SYN-U-10058,45985.46,39297.62,0.9573,0.855,0.489,14.4,176,7,0.9438,0,0.0,0
SYN-U-10059,83869.22,61923.21,0.7131,0.7352,0.4433,62.1,1789,4,0.8846,2,7.5,0
SYN-U-10060,29517.1,23620.95,0.8872,0.7902,0.4315,47.3,1353,5,0.9076,0,0.0,0
SYN-U-10061,82797.63,58881.93,0.8152,0.6592,0.3253,5.7,1011,6,0.8349,3,4.6,0
SYN-U-10062,79659.55,58118.83,0.4823,0.4272,0.8349,48.6,1165,1,0.6697,0,0.0,0
SYN-U-10063,117757.5,94687.12,0.5799,0.4317,0.6049,62.9,431,5,0.954,1,7.7,0
SYN-U-10064,16571.44,12187.42,0.828,0.6769,0.4198,47.4,386,3,0.9758,0,0.0,0
SYN-U-10065,47677.15,33937.75,0.9209,0.6117,0.1517,14.6,82,4,0.9217,0,0.0,0
SYN-U-10066,52343.11,35725.82,0.7165,0.4295,0.4822,31.0,1090,3,0.8102,0,0.0,0
SYN-U-10067,14149.73,13241.5,0.3082,0.5012,0.8472,13.9,1264,1,0.7314,1,5.7,1
SYN-U-10068,161660.21,142748.27,0.8486,0.7599,0.4878,5.6,2228,3,0.8694,0,0.0,0
SYN-U-10069,210398.54,151457.9,0.5382,0.7098,0.3462,13.4,345,5,0.8051,2,7.1,0
SYN-U-10070,27902.91,26633.73,0.8116,0.5726,0.2949,48.6,1829,6,0.9584,0,0.0,0
SYN-U-10071,52874.59,37572.83,0.7793,0.8781,0.3546,58.2,2322,0,1.0,0,0.0,0
SYN-U-10072,55228.5,43482.33,0.7283,0.4902,0.4309,12.4,127,7,0.8946,2,4.0,0
SYN-U-10073,116074.78,98793.02,0.9563,0.6929,0.2594,63.5,1650,2,0.8506,0,0.0,0
SYN-U-10074,61106.34,55084.87,0.8136,0.8959,0.3543,23.4,1281,2,0.9276,0,0.0,0
SYN-U-10075,56147.83,48517.77,0.5487,0.4612,0.6638,32.1,1924,0,1.0,0,0.0,0
SYN-U-10076,73496.68,51299.0,0.8141,0.5829,0.2462,24.2,1474,6,0.8527,1,1.3,0
SYN-U-10077,27387.64,24310.68,0.3028,0.225,0.5196,51.2,1227,5,0.8019,0,0.0,0
SYN-U-10078,49691.07,35628.82,0.918,0.6018,0.4241,21.8,1498,4,0.9115,0,0.0,0
SYN-U-10079,26733.49,24776.88,0.551,0.6471,0.8724,9.0,452,2,0.815,2,8.6,0
SYN-U-10080,57680.32,56288.3,0.9371,0.7796,0.4275,52.9,32,0,1.0,0,0.0,0
SYN-U-10081,23253.03,16748.96,0.6874,0.5497,0.5982,32.9,1046,5,0.7692,1,4.1,0
SYN-U-10082,155185.61,127563.28,0.8298,0.8936,0.4335,41.2,129,1,0.8958,1,1.3,0
SYN-U-10083,73222.05,66144.71,0.6106,0.4538,0.3256,38.5,2431,3,0.8983,3,7.9,0
SYN-U-10084,28834.12,24961.6,0.9295,0.6237,0.229,29.7,1380,7,0.898,1,2.6,0
SYN-U-10085,103773.46,88248.72,0.533,0.4758,0.511,6.5,1427,3,0.7394,0,0.0,0
SYN-U-10086,87598.63,68327.93,0.7252,0.5146,0.6749,45.7,765,7,0.5682,2,10.1,0
SYN-U-10087,75545.33,61072.88,0.556,0.4036,0.2519,62.0,1494,1,0.7148,0,0.0,0
SYN-U-10088,39283.96,37718.23,0.8087,0.5553,0.1703,40.5,533,4,0.996,2,2.5,0
SYN-U-10089,76255.56,74640.78,0.5713,0.6837,0.3263,13.6,1270,7,0.892,0,0.0,0
SYN-U-10090,17074.25,15404.05,0.5568,0.583,0.616,49.4,119,7,0.7243,0,0.0,0
SYN-U-10091,19017.88,17584.01,0.5856,0.4046,0.2772,48.3,1783,4,0.7651,0,0.0,0
SYN-U-10092,71196.57,57649.33,0.4073,0.3031,0.7667,59.5,1118,3,0.9363,0,0.0,1
SYN-U-10093,188877.02,137488.78,0.8728,0.5696,0.2221,47.0,2174,5,0.9954,0,0.0,0
SYN-U-10094,44595.88,34892.09,0.9738,0.792,0.4877,17.3,1114,1,0.9272,0,0.0,0
SYN-U-10095,67313.07,50386.45,0.8066,0.4097,0.36,32.1,897,4,0.936,1,7.3,0
SYN-U-10096,57449.57,40999.26,0.5473,0.7952,0.3395,20.8,1844,0,1.0,0,0.0,0
SYN-U-10097,69305.91,57151.82,0.9717,0.8774,0.424,24.0,1575,7,0.8602,0,0.0,0
SYN-U-10098,69295.81,65296.29,0.6972,0.5625,0.4431,50.0,564,1,0.7917,0,0.0,0
SYN-U-10099,39219.03,28380.56,0.2508,0.1567,0.5739,56.2,1629,5,0.8813,0,0.0,0
SYN-U-10100,226198.04,206837.83,0.7428,0.8615,0.4682,51.2,1799,0,1.0,0,0.0,0
SYN-U-10101,56754.63,38440.65,0.7281,0.6428,0.2917,31.4,1804,0,1.0,0,0.0,0
SYN-U-10102,15611.66,11805.5,0.9539,0.56,0.3429,46.6,544,7,0.8612,2,0.9,0
SYN-U-10103,52390.1,49959.47,0.8549,0.601,0.2099,29.9,914,0,1.0,0,0.0,0
SYN-U-10104,51307.88,41978.59,0.8002,0.7368,0.4036,59.7,278,4,0.9041,0,0.0,0
SYN-U-10105,92700.04,74316.65,0.8829,0.6685,0.1922,57.5,393,7,0.9931,0,0.0,0
SYN-U-10106,63702.64,58186.49,0.7918,0.5763,0.2893,31.4,893,1,0.9094,0,0.0,0
SYN-U-10107,32208.61,29949.24,0.8218,0.5287,0.4286,47.4,2407,5,0.9563,0,0.0,0
SYN-U-10108,100846.86,77484.68,0.704,0.9015,0.3754,41.0,1429,4,0.8695,0,0.0,0
SYN-U-10109,88349.46,61826.95,0.8329,0.7731,0.5169,56.8,859,1,0.9797,2,6.2,0
SYN-U-10110,97618.06,74052.37,0.5034,0.7137,0.6051,27.1,1835,3,0.9294,0,0.0,0
SYN-U-10111,81557.14,61753.24,0.5944,0.4385,0.5869,37.8,88,2,0.9499,0,0.0,0
SYN-U-10112,22590.62,14796.26,0.3497,0.2304,0.7532,7.5,1630,0,1.0,0,0.0,1
SYN-U-10113,139053.64,133599.19,0.5182,0.6253,0.5845,24.6,1148,5,0.9413,0,0.0,0
SYN-U-10114,70058.45,59041.07,0.8511,0.6459,0.3375,48.9,636,0,1.0,0,0.0,0
SYN-U-10115,73975.44,49346.14,0.8736,0.9007,0.307,47.0,2101,0,1.0,0,0.0,0
SYN-U-10116,44788.76,37541.61,0.9692,0.6641,0.2061,24.1,1387,5,0.9009,1,0.8,0
SYN-U-10117,14844.2,9749.73,0.2412,0.2208,0.4569,26.9,2488,2,0.7709,1,8.3,1
SYN-U-10118,64267.73,57658.58,0.972,0.709,0.3948,7.8,859,6,0.8536,1,0.4,0
SYN-U-10119,90468.63,66715.57,0.6069,0.4099,0.7084,48.2,1499,4,0.5657,2,9.3,0
SYN-U-10120,60848.32,58386.56,0.7996,0.5756,0.4553,41.2,2491,1,0.8367,2,2.3,0
SYN-U-10121,95936.23,66865.8,0.9313,0.81,0.1739,64.6,987,4,0.9397,0,0.0,0
SYN-U-10122,52354.45,34806.64,0.8134,0.6045,0.4128,35.2,416,7,0.9855,0,0.0,0
SYN-U-10123,96826.11,84696.44,0.7986,0.5488,0.2525,20.8,973,6,0.8531,0,0.0,0
SYN-U-10124,131530.44,128787.74,0.9445,0.7101,0.247,16.0,638,4,0.8658,0,0.0,0
SYN-U-10125,57399.48,39284.7,0.4211,0.2609,0.7439,44.9,2042,5,0.8605,0,0.0,1
SYN-U-10126,41745.5,28437.65,0.9367,0.8597,0.42,47.7,2461,2,0.8811,0,0.0,0
SYN-U-10127,18200.49,17467.87,0.8452,0.6531,0.2746,43.4,605,3,0.8615,0,0.0,0
SYN-U-10128,47940.65,42019.41,0.703,0.8984,0.3479,60.1,1157,0,1.0,0,0.0,0
SYN-U-10129,67145.59,64333.32,0.7205,0.6924,0.4807,55.1,1201,2,0.9216,2,2.7,0
SYN-U-10130,63321.24,45043.86,0.8117,0.5704,0.2168,56.3,1695,5,0.9036,0,0.0,0
SYN-U-10131,29224.23,21800.37,0.8566,0.7073,0.1946,45.1,1459,3,0.9859,0,0.0,0
SYN-U-10132,64565.82,55811.97,0.6415,0.2177,0.6102,63.0,306,2,0.9383,2,16.3,0
SYN-U-10133,55720.71,50408.29,0.7961,0.6998,0.2624,52.2,839,7,0.9615,0,0.0,0
SYN-U-10134,38775.11,26466.99,0.6297,0.6081,0.5911,49.9,2168,5,0.7208,2,4.3,0
SYN-U-10135,48317.95,46596.01,0.2038,0.5848,0.4772,8.6,177,6,0.9337,0,0.0,0
SYN-U-10136,29621.91,22624.66,0.7106,0.7553,0.2033,7.1,34,0,1.0,0,0.0,0
SYN-U-10137,22602.2,21388.92,0.5226,0.6457,0.484,12.1,1062,2,0.9124,1,3.5,0
SYN-U-10138,162842.46,142003.3,0.4873,0.4036,0.6162,11.2,349,0,1.0,0,0.0,0
SYN-U-10139,33551.51,32648.91,0.67,0.201,0.8646,32.3,1978,7,0.5454,0,0.0,1
SYN-U-10140,80411.45,53024.33,0.8452,0.76,0.5548,15.5,1182,6,0.7316,0,0.0,0
SYN-U-10141,89828.37,84056.57,0.8677,0.8159,0.2549,5.7,634,7,0.9024,0,0.0,0
SYN-U-10142,231702.18,164086.18,0.9272,0.7359,0.4756,43.9,1167,4,0.9809,0,0.0,0
SYN-U-10143,69269.78,58061.99,0.7157,0.6334,0.2639,48.2,709,4,0.9635,1,1.1,0
SYN-U-10144,44547.51,29428.12,0.7791,0.659,0.3935,22.3,2068,0,1.0,0,0.0,0
SYN-U-10145,95195.18,69782.83,0.8286,0.5093,0.5192,12.9,396,6,0.8762,3,7.4,0
SYN-U-10146,14160.88,10903.84,0.615,0.6511,0.649,25.1,1798,6,0.7811,2,4.8,0
SYN-U-10147,73466.76,48269.72,0.839,0.4896,0.6436,9.5,114,6,0.8728,0,0.0,0
SYN-U-10148,31633.8,20724.33,0.9304,0.7382,0.2341,50.4,1721,5,0.9399,2,1.3,0
SYN-U-10149,118166.01,108599.07,0.8706,0.6064,0.3988,48.5,575,4,0.8834,0,0.0,0
SYN-U-10150,13249.45,9714.2,0.5052,0.6423,0.4524,26.8,95,0,1.0,0,0.0,0
SYN-U-10151,47927.34,43026.06,0.7233,0.7312,0.257,55.4,1953,3,0.999,0,0.0,0
SYN-U-10152,34186.27,25682.22,0.4792,0.4806,0.7098,38.1,1669,1,0.6458,3,12.6,1
SYN-U-10153,47368.74,39328.04,0.8728,0.5916,0.3775,35.8,2147,3,0.9526,0,0.0,0
SYN-U-10154,46936.77,31337.68,0.9644,0.6026,0.4322,19.7,1227,3,0.8506,0,0.0,0
SYN-U-10155,66493.97,59545.61,0.9349,0.7795,0.4965,7.5,1422,6,0.8709,0,0.0,0
SYN-U-10156,16353.65,15989.76,0.342,0.5203,0.7261,38.7,1695,0,1.0,0,0.0,0
SYN-U-10157,87341.28,77726.72,0.9605,0.568,0.1724,21.4,999,7,0.9751,0,0.0,0
SYN-U-10158,27366.89,18173.63,0.4687,0.615,0.852,44.9,1338,0,1.0,0,0.0,1
SYN-U-10159,91190.59,81461.87,0.5767,0.7902,0.6005,37.6,157,3,0.7031,1,4.2,0
SYN-U-10160,55551.06,49479.11,0.7531,0.647,0.1831,33.0,1184,0,1.0,0,0.0,0
SYN-U-10161,99253.3,86512.13,0.58,0.4818,0.4234,26.6,2097,4,0.8229,0,0.0,0
SYN-U-10162,42032.74,29351.74,0.9597,0.817,0.3729,53.5,1932,1,0.9948,0,0.0,0
SYN-U-10163,45238.99,36448.33,0.8478,0.8218,0.4099,23.9,159,1,0.9006,0,0.0,0
SYN-U-10164,69100.64,65761.73,0.7065,0.6348,0.2077,8.0,1976,0,1.0,0,0.0,0
SYN-U-10165,50298.73,46165.36,0.9614,0.6363,0.1642,54.5,1076,5,0.946,0,0.0,0
SYN-U-10166,51691.76,46965.07,0.9695,0.6387,0.4477,50.7,1230,7,0.9471,0,0.0,0
SYN-U-10167,35811.08,33096.63,0.7117,0.5994,0.7784,62.8,2227,6,0.7827,2,16.2,1
SYN-U-10168,27384.98,20487.48,0.2123,0.3168,0.7392,25.8,2020,7,0.7366,0,0.0,1
SYN-U-10169,58810.5,46498.86,0.9549,0.8449,0.3258,25.1,1054,3,0.9421,1,2.8,0
SYN-U-10170,25529.73,20664.72,0.8376,0.6511,0.1562,13.2,1409,4,0.9648,1,2.0,0
SYN-U-10171,156883.32,114018.93,0.7311,0.5331,0.2704,40.9,1064,3,0.7258,2,4.4,0
SYN-U-10172,92085.76,73869.99,0.7641,0.8333,0.2271,36.6,830,1,0.9436,0,0.0,0
SYN-U-10173,60244.27,44980.74,0.7159,0.5884,0.2466,18.0,1984,0,1.0,0,0.0,0
SYN-U-10174,19577.76,13779.95,0.72,0.8144,0.307,48.0,2465,5,0.9851,0,0.0,0
SYN-U-10175,149562.58,134614.91,0.7446,0.6457,0.32,41.7,1230,7,0.9148,0,0.0,0
SYN-U-10176,48922.41,36910.75,0.7997,0.5809,0.2251,55.7,1710,4,0.9162,1,0.2,0
SYN-U-10177,144924.75,113459.96,0.9312,0.6098,0.3559,21.9,1036,1,0.9293,0,0.0,0
SYN-U-10178,54443.88,48353.55,0.8134,0.5801,0.2313,60.8,2191,7,0.9647,0,0.0,0
SYN-U-10179,51975.48,38237.81,0.5873,0.4094,0.5507,26.5,2385,3,0.7608,2,3.1,0
SYN-U-10180,85669.6,82997.56,0.888,0.8095,0.4574,55.9,1636,6,0.9658,0,0.0,0
SYN-U-10181,47196.94,44653.83,0.3749,0.3546,0.4642,12.5,2289,1,0.579,3,14.8,1
SYN-U-10182,45441.97,43511.55,0.8397,0.812,0.2146,18.3,1251,6,0.8875,0,0.0,0
SYN-U-10183,20243.68,14850.13,0.5229,0.439,0.4077,45.1,1641,7,0.9416,1,5.2,0
SYN-U-10184,21310.45,20415.38,0.6389,0.1567,0.6029,56.0,1762,5,0.7535,2,11.4,1
SYN-U-10185,92281.79,60461.56,0.6196,0.4981,0.5427,58.0,2191,0,1.0,0,0.0,0
SYN-U-10186,26290.9,22825.02,0.3174,0.1939,0.8771,35.4,908,0,1.0,0,0.0,1
SYN-U-10187,47871.37,42796.06,0.51,0.7401,0.2684,17.1,709,3,0.8775,2,3.6,0
SYN-U-10188,51782.6,49224.81,0.7062,0.7229,0.3245,38.6,585,3,0.9941,0,0.0,0
SYN-U-10189,64324.16,53153.44,0.3775,0.5108,0.4312,10.3,794,3,0.5743,0,0.0,0
SYN-U-10190,181660.08,154430.73,0.9168,0.6023,0.4945,8.9,1967,2,0.9391,0,0.0,0
SYN-U-10191,189578.87,159572.64,0.7045,0.6433,0.2638,44.7,2258,4,0.9145,0,0.0,0
SYN-U-10192,38965.21,25677.06,0.9282,0.8838,0.4588,21.0,2221,4,0.9533,0,0.0,0
SYN-U-10193,167663.99,139885.3,0.7612,0.5562,0.3326,25.6,2082,1,0.9165,1,0.7,0
SYN-U-10194,43752.24,32887.0,0.7914,0.6533,0.4125,55.6,940,5,0.7811,2,6.1,0
SYN-U-10195,24506.24,21464.81,0.9467,0.6263,0.4844,33.5,1144,0,1.0,0,0.0,0
SYN-U-10196,79554.94,76974.66,0.7583,0.7246,0.1738,51.8,1433,7,0.9428,1,0.4,0
SYN-U-10197,33208.95,23263.7,0.7239,0.6536,0.1854,49.7,1400,4,0.8584,0,0.0,0
SYN-U-10198,20672.88,13522.53,0.8495,0.7318,0.2743,24.3,1388,3,0.8814,0,0.0,0
SYN-U-10199,55346.91,47827.18,0.5285,0.4858,0.7308,50.5,2199,2,0.7828,0,0.0,0
SYN-U-10200,60697.91,41399.89,0.9702,0.5733,0.2281,17.3,611,0,1.0,0,0.0,0
SYN-U-10201,51324.23,42871.26,0.8308,0.8316,0.3219,42.0,2044,7,0.9502,0,0.0,0
SYN-U-10202,59586.56,42076.23,0.5176,0.4337,0.5992,26.9,1869,2,0.5703,2,3.1,0
SYN-U-10203,99566.62,79446.54,0.6591,0.7231,0.5373,62.3,689,2,0.7804,2,7.8,0
SYN-U-10204,15653.65,12159.92,0.792,0.5842,0.4431,61.9,1485,7,0.7759,0,0.0,0
SYN-U-10205,61295.45,45455.75,0.7796,0.9003,0.3801,11.6,927,2,0.9309,0,0.0,0
SYN-U-10206,61393.13,40807.89,0.7327,0.5803,0.3765,23.4,2122,5,0.8075,0,0.0,0
SYN-U-10207,27588.0,23258.66,0.2694,0.5153,0.5142,14.5,309,5,0.8756,1,17.2,1
SYN-U-10208,42953.34,33360.43,0.8825,0.6923,0.4597,27.3,273,4,0.9535,1,0.1,0
SYN-U-10209,71254.84,56713.76,0.3523,0.5954,0.8622,16.2,857,4,0.825,3,10.0,1
SYN-U-10210,30840.02,21019.16,0.7085,0.5978,0.8102,12.6,165,4,0.5334,1,14.7,1
SYN-U-10211,57613.71,41185.54,0.89,0.8562,0.3077,7.4,1230,5,0.9492,2,2.2,0
SYN-U-10212,125247.02,103653.08,0.2507,0.3139,0.8165,63.5,2332,2,0.5437,2,16.7,1
SYN-U-10213,15982.45,10409.37,0.6739,0.2303,0.8119,32.0,200,2,0.6954,1,9.4,0
SYN-U-10214,50127.91,47027.37,0.8031,0.4474,0.3434,55.5,1527,6,0.7881,2,3.9,0
SYN-U-10215,115414.68,79530.02,0.7698,0.6463,0.4806,23.2,1593,0,1.0,0,0.0,0
SYN-U-10216,40839.07,31864.52,0.7327,0.6811,0.2983,7.7,1815,7,0.9034,0,0.0,0
SYN-U-10217,224226.45,215824.61,0.5439,0.5434,0.3158,7.6,1756,7,0.7133,3,4.3,0
SYN-U-10218,34878.21,31331.17,0.8483,0.8628,0.1731,60.2,787,0,1.0,0,0.0,0
SYN-U-10219,23898.85,19331.19,0.619,0.2438,0.8753,55.6,2200,1,0.9438,1,14.6,1
SYN-U-10220,14811.9,11201.48,0.518,0.6423,0.5601,36.6,1225,6,0.9477,0,0.0,0
SYN-U-10221,152306.35,134839.96,0.7674,0.6338,0.4975,56.9,2352,3,0.8678,0,0.0,0
SYN-U-10222,44734.82,30817.12,0.9369,0.6872,0.3091,14.7,2485,4,0.9904,0,0.0,0
SYN-U-10223,16904.53,14220.92,0.9286,0.8165,0.1689,43.1,1826,1,0.9794,0,0.0,0
SYN-U-10224,116875.91,90387.4,0.2975,0.2876,0.4664,43.9,1964,0,1.0,0,0.0,0
SYN-U-10225,56697.56,46852.38,0.9709,0.5571,0.4863,26.2,1326,2,0.8738,0,0.0,0
SYN-U-10226,49513.87,35954.28,0.6063,0.4672,0.5253,38.1,648,6,0.8204,2,2.1,0
SYN-U-10227,74706.05,61676.92,0.7308,0.6027,0.2066,39.2,1999,3,0.9417,2,0.9,0
SYN-U-10228,191578.2,177154.23,0.846,0.7175,0.233,53.1,1824,4,0.9645,0,0.0,0
SYN-U-10229,91390.55,62618.0,0.777,0.5733,0.4913,50.9,1435,5,0.9589,0,0.0,0
SYN-U-10230,20550.94,19220.81,0.9276,0.706,0.2082,8.4,908,0,1.0,0,0.0,0
SYN-U-10231,197441.59,163531.2,0.7729,0.7759,0.4357,60.9,379,2,0.9104,0,0.0,0
SYN-U-10232,18902.21,15194.89,0.2472,0.3628,0.8713,27.9,878,3,0.7173,3,6.8,1
SYN-U-10233,23374.3,16847.21,0.7058,0.7593,0.3328,55.6,840,0,1.0,0,0.0,0
SYN-U-10234,100283.9,69328.7,0.5706,0.6363,0.538,9.1,82,0,1.0,0,0.0,0
SYN-U-10235,63106.14,51157.39,0.5986,0.6837,0.6044,39.8,784,4,0.9536,0,0.0,0
SYN-U-10236,42555.2,39199.66,0.3526,0.519,0.6217,8.9,1600,7,0.8538,1,8.8,1
SYN-U-10237,51378.7,48143.95,0.6461,0.4454,0.397,9.9,178,6,0.7185,0,0.0,0
SYN-U-10238,200176.49,146266.19,0.907,0.6098,0.3794,61.5,2084,3,0.9421,1,2.2,0
SYN-U-10239,120702.8,88601.0,0.5482,0.7562,0.507,35.3,127,4,0.7686,3,7.3,0
SYN-U-10240,88892.33,82208.87,0.8765,0.5914,0.1901,8.7,1607,7,0.9462,0,0.0,0
SYN-U-10241,86097.24,58947.33,0.9638,0.5596,0.467,53.6,617,3,0.853,0,0.0,0
SYN-U-10242,52859.38,37258.46,0.8851,0.7588,0.4162,43.4,204,5,0.9489,0,0.0,0
SYN-U-10243,60685.28,52106.21,0.7605,0.5936,0.3993,53.7,1400,2,0.8975,0,0.0,0
SYN-U-10244,56243.77,47293.71,0.8925,0.8092,0.4371,18.5,2238,2,0.9355,1,1.2,0
SYN-U-10245,44850.57,37103.89,0.5295,0.59,0.2742,37.2,380,7,0.8501,0,0.0,0
SYN-U-10246,44849.1,43110.8,0.9392,0.8697,0.1865,51.1,2325,3,0.8729,0,0.0,0
SYN-U-10247,19789.78,17534.04,0.7335,0.8897,0.1739,44.7,438,2,0.96,2,1.3,0
SYN-U-10248,70852.01,53769.2,0.756,0.6961,0.2689,49.0,95,2,0.8269,0,0.0,0
SYN-U-10249,51748.73,35673.73,0.728,0.5711,0.6324,42.7,1761,1,0.686,0,0.0,0
SYN-U-10250,74908.29,56936.21,0.6697,0.7707,0.3204,12.8,1290,4,0.7117,3,6.6,0
SYN-U-10251,44565.45,29384.09,0.9147,0.9136,0.2806,20.7,630,4,0.9312,1,1.5,0
SYN-U-10252,23755.11,22820.15,0.6345,0.1951,0.795,41.5,39,3,0.7288,0,0.0,0
SYN-U-10253,92481.75,83714.67,0.5195,0.1608,0.8159,48.8,668,3,0.7759,4,12.1,1
SYN-U-10254,12754.12,9825.37,0.3253,0.4321,0.8494,40.3,2320,4,0.9113,1,10.1,1
SYN-U-10255,94299.82,63648.51,0.5455,0.4483,0.5777,39.9,373,1,0.748,0,0.0,0
SYN-U-10256,213963.87,176620.69,0.9364,0.7451,0.4736,58.4,2450,0,1.0,0,0.0,0
SYN-U-10257,147270.64,108217.73,0.7638,0.7042,0.2551,26.4,61,2,0.8562,0,0.0,0
SYN-U-10258,63761.17,41747.33,0.9189,0.6836,0.4437,40.6,712,5,0.8535,1,2.6,0
SYN-U-10259,138172.25,134041.18,0.573,0.7307,0.2773,51.5,1223,2,0.9658,0,0.0,0
SYN-U-10260,34193.33,28527.86,0.9535,0.8663,0.4846,62.7,1665,3,0.9117,1,1.1,0
SYN-U-10261,38354.19,32939.94,0.803,0.9149,0.4146,16.6,34,0,1.0,0,0.0,0
SYN-U-10262,26587.48,22940.68,0.348,0.1514,0.4098,62.6,750,7,0.8729,0,0.0,1
SYN-U-10263,49814.96,35660.36,0.8692,0.6202,0.1561,10.9,2103,5,0.8979,0,0.0,0
SYN-U-10264,52799.51,49730.91,0.8265,0.9147,0.1757,53.8,1782,5,0.9774,0,0.0,0
SYN-U-10265,35161.18,26469.46,0.7454,0.5599,0.5401,29.5,618,0,1.0,0,0.0,0
SYN-U-10266,61793.79,41408.29,0.7804,0.7119,0.3144,22.2,2013,4,0.8819,0,0.0,0
SYN-U-10267,29460.09,26633.67,0.6214,0.7399,0.6169,51.9,1476,1,0.9673,0,0.0,0
SYN-U-10268,40864.56,39223.48,0.9587,0.7662,0.3318,16.9,522,5,0.9939,1,0.9,0
SYN-U-10269,56170.81,46237.91,0.9773,0.6152,0.2012,31.8,120,5,0.9536,0,0.0,0
SYN-U-10270,76549.66,53011.99,0.5316,0.6996,0.6343,18.1,2107,3,0.8777,0,0.0,0
SYN-U-10271,52583.58,46441.94,0.9303,0.7442,0.4543,47.2,1841,0,1.0,0,0.0,0
SYN-U-10272,15492.39,11496.27,0.3484,0.2426,0.7244,48.6,1486,2,0.8887,1,17.3,1
SYN-U-10273,54273.62,48221.98,0.5267,0.7896,0.3653,47.8,1598,3,0.7914,0,0.0,0
SYN-U-10274,76740.61,61339.37,0.9556,0.6334,0.4514,29.8,1238,1,0.9344,0,0.0,0
SYN-U-10275,53800.42,51311.25,0.5243,0.6648,0.6301,38.7,1861,2,0.9476,0,0.0,0
SYN-U-10276,67405.58,58003.19,0.6918,0.7653,0.58,34.4,1080,3,0.9091,0,0.0,0
SYN-U-10277,108565.01,102648.49,0.7323,0.6462,0.2433,52.0,2248,1,0.9017,0,0.0,0
SYN-U-10278,84280.66,62388.0,0.9232,0.845,0.4187,55.9,2004,1,0.924,0,0.0,0
SYN-U-10279,59595.77,44485.21,0.7349,0.8484,0.1525,45.7,1052,5,0.9511,1,0.9,0
SYN-U-10280,129238.09,95238.73,0.8891,0.7708,0.1655,32.5,251,4,0.9217,2,1.3,0
SYN-U-10281,35785.53,30359.81,0.8896,0.8558,0.3263,12.2,1134,2,0.9806,2,1.9,0
SYN-U-10282,19780.29,17563.71,0.737,0.1994,0.7991,48.8,51,5,0.796,2,5.2,1
SYN-U-10283,49740.73,34344.83,0.7352,0.6335,0.4598,41.0,1587,0,1.0,0,0.0,0
SYN-U-10284,73229.62,62320.47,0.7789,0.7036,0.404,15.9,2005,6,0.8323,0,0.0,0
SYN-U-10285,53073.71,45041.64,0.3089,0.2459,0.6069,7.5,673,1,0.6285,1,6.2,1
SYN-U-10286,44930.82,30924.6,0.7068,0.4734,0.4478,43.0,2130,7,0.7065,1,13.5,0
SYN-U-10287,41156.78,33131.57,0.8374,0.9101,0.261,26.4,152,3,0.9198,1,3.0,0
SYN-U-10288,47393.09,35944.57,0.6347,0.4355,0.3866,36.0,2164,5,0.9147,1,2.9,0
SYN-U-10289,104843.56,100782.63,0.8228,0.5212,0.5342,22.3,1431,7,0.7704,0,0.0,0
SYN-U-10290,16537.81,15696.48,0.5341,0.4426,0.5928,47.8,1825,0,1.0,0,0.0,0
SYN-U-10291,28857.13,19662.1,0.2069,0.3209,0.4067,5.3,2162,2,0.7684,1,14.6,1
SYN-U-10292,45484.63,40435.97,0.7059,0.7323,0.3987,12.8,900,2,0.9602,0,0.0,0
SYN-U-10293,31781.93,25059.27,0.4341,0.5735,0.8583,31.6,1040,7,0.5812,2,12.2,1
SYN-U-10294,89528.63,76756.46,0.7123,0.6656,0.5369,43.3,295,0,1.0,0,0.0,0
SYN-U-10295,90739.98,72306.72,0.3841,0.3388,0.6925,52.1,2015,3,0.784,0,0.0,0
SYN-U-10296,32383.4,23943.32,0.9181,0.5718,0.1947,51.9,2075,0,1.0,0,0.0,0
SYN-U-10297,63375.5,59781.55,0.8045,0.6282,0.3957,5.5,2438,1,0.923,0,0.0,0
SYN-U-10298,25159.91,18931.04,0.7287,0.9017,0.2727,36.7,99,7,0.8641,0,0.0,0
SYN-U-10299,14864.46,10133.49,0.3213,0.6064,0.7659,61.8,639,1,0.6995,1,12.1,0
SYN-U-10300,217330.48,199350.52,0.7309,0.8347,0.2173,43.9,2285,5,0.9503,0,0.0,0
SYN-U-10301,41988.51,34640.25,0.8824,0.6557,0.4211,53.2,2190,3,0.9269,0,0.0,0
SYN-U-10302,31916.77,27298.26,0.9701,0.8955,0.3518,46.3,1673,0,1.0,0,0.0,0
SYN-U-10303,17434.02,15596.3,0.2051,0.4376,0.6293,35.6,228,4,0.6765,2,4.4,1
SYN-U-10304,133421.32,101058.8,0.7089,0.5974,0.4064,35.3,991,6,0.9282,1,4.8,0
SYN-U-10305,68186.35,47685.02,0.6447,0.487,0.6086,54.9,1668,2,0.6425,0,0.0,0
SYN-U-10306,14034.02,13637.91,0.3283,0.5228,0.7571,17.1,2227,0,1.0,0,0.0,1
SYN-U-10307,14985.89,10417.13,0.2579,0.162,0.7276,16.5,238,5,0.5069,0,0.0,1
SYN-U-10308,17299.58,11332.67,0.8234,0.5755,0.3854,48.8,1201,5,0.8671,0,0.0,0
SYN-U-10309,100416.02,84480.86,0.3381,0.5093,0.8643,59.9,1945,2,0.8228,0,0.0,0
SYN-U-10310,34078.09,31652.34,0.8351,0.8792,0.4001,7.7,787,7,0.8938,0,0.0,0
SYN-U-10311,109125.43,72184.36,0.7361,0.8136,0.3184,13.0,1573,2,0.9824,0,0.0,0
SYN-U-10312,75708.83,72945.27,0.5376,0.3109,0.4279,43.8,659,2,0.6114,0,0.0,0
SYN-U-10313,43562.21,39866.75,0.723,0.6798,0.4055,20.1,2002,1,0.8683,0,0.0,0
SYN-U-10314,28979.21,25291.09,0.5003,0.3149,0.8629,9.9,1702,5,0.724,0,0.0,1
SYN-U-10315,211594.61,138735.98,0.7943,0.6864,0.3534,9.5,1446,0,1.0,0,0.0,0
SYN-U-10316,50184.96,35437.82,0.6299,0.6322,0.2855,41.1,602,6,0.735,0,0.0,0
SYN-U-10317,39872.0,32382.05,0.7005,0.9158,0.1508,18.0,1966,6,0.9599,0,0.0,0
SYN-U-10318,36304.06,33774.11,0.7941,0.7843,0.2028,62.2,1445,0,1.0,0,0.0,0
SYN-U-10319,51788.31,49586.96,0.9541,0.6713,0.1583,8.8,1987,7,0.9097,1,0.0,0
SYN-U-10320,34287.32,27894.7,0.935,0.8747,0.3827,17.0,1892,0,1.0,0,0.0,0
SYN-U-10321,97609.1,88617.38,0.9401,0.6587,0.2303,21.2,651,3,0.9236,0,0.0,0
SYN-U-10322,44412.52,33211.57,0.8715,0.8388,0.49,65.0,1299,0,1.0,0,0.0,0
SYN-U-10323,59713.81,44183.62,0.3054,0.6099,0.567,16.5,602,0,1.0,0,0.0,0
SYN-U-10324,14623.09,10336.88,0.268,0.2681,0.4915,62.3,2158,6,0.8973,2,16.8,1
SYN-U-10325,35383.75,23891.29,0.9277,0.672,0.2721,55.4,2228,6,0.9668,0,0.0,0
SYN-U-10326,61595.97,47932.31,0.6693,0.7157,0.6253,13.8,415,5,0.8391,1,5.6,0
SYN-U-10327,51188.84,46390.46,0.7743,0.6634,0.2188,26.1,1690,4,0.9383,0,0.0,0
SYN-U-10328,60632.47,42706.07,0.7804,0.8023,0.2352,40.3,450,7,0.9971,0,0.0,0
SYN-U-10329,94972.5,85047.75,0.9489,0.6531,0.4267,10.9,1444,3,0.8872,1,1.3,0
SYN-U-10330,41981.12,28407.47,0.901,0.7968,0.3281,24.0,176,4,0.8581,0,0.0,0
SYN-U-10331,21953.88,16719.28,0.7925,0.7638,0.5282,56.2,1521,7,0.8512,3,4.0,0
SYN-U-10332,53271.05,44713.31,0.5029,0.3611,0.8298,35.5,1355,0,1.0,0,0.0,1
SYN-U-10333,124293.05,91021.7,0.5769,0.6285,0.3685,8.5,149,4,0.7197,0,0.0,0
SYN-U-10334,50875.85,35965.92,0.9074,0.7548,0.287,31.0,880,7,0.8814,0,0.0,0
SYN-U-10335,41257.56,32550.39,0.8144,0.6499,0.2992,14.7,294,6,0.9556,0,0.0,0
SYN-U-10336,43656.92,34812.36,0.7144,0.6922,0.1639,36.2,730,7,0.8503,1,1.5,0
SYN-U-10337,49181.89,42550.01,0.3445,0.5149,0.8048,12.6,703,0,1.0,0,0.0,0
SYN-U-10338,54624.43,47089.21,0.9571,0.6559,0.303,61.9,2256,1,0.9792,0,0.0,0
SYN-U-10339,76478.59,50896.9,0.6364,0.7031,0.5864,23.9,2302,1,0.8344,2,5.0,0
SYN-U-10340,28145.07,22936.57,0.8767,0.5766,0.474,58.7,2413,1,0.9513,0,0.0,0
SYN-U-10341,27860.78,23781.9,0.2545,0.1831,0.8481,44.8,450,3,0.772,2,5.4,1
SYN-U-10342,14377.81,13215.44,0.4039,0.5602,0.6425,42.8,1458,0,1.0,0,0.0,0
SYN-U-10343,52626.3,35500.39,0.726,0.8513,0.291,56.2,576,3,0.8603,0,0.0,0
SYN-U-10344,46996.47,30611.11,0.2219,0.6245,0.4439,63.3,458,4,0.5419,0,0.0,0
SYN-U-10345,69755.95,68228.5,0.2724,0.5122,0.4892,43.9,568,5,0.6818,1,14.8,1
SYN-U-10346,41027.27,27780.19,0.6871,0.6521,0.6279,24.7,202,5,0.9316,0,0.0,0
SYN-U-10347,56873.91,46848.66,0.585,0.6033,0.8282,35.6,1977,6,0.8569,0,0.0,0
SYN-U-10348,73306.12,60291.21,0.7028,0.7467,0.2045,53.6,1238,0,1.0,0,0.0,0
SYN-U-10349,40428.07,33560.5,0.5215,0.6627,0.3641,62.6,617,3,0.7241,1,3.1,0
SYN-U-10350,118939.42,97456.24,0.8896,0.5691,0.4248,11.1,2408,4,0.8737,0,0.0,0
SYN-U-10351,93874.55,68169.95,0.8654,0.6127,0.2727,34.0,2196,2,0.8926,0,0.0,0
SYN-U-10352,103710.32,74934.69,0.8493,0.4851,0.5277,10.4,794,7,0.9439,1,2.6,0
SYN-U-10353,60949.28,58373.57,0.8621,0.9105,0.1912,38.9,1116,6,0.9333,0,0.0,0
SYN-U-10354,22063.96,17256.12,0.9069,0.8348,0.3665,23.8,703,0,1.0,0,0.0,0
SYN-U-10355,21818.59,16368.05,0.5832,0.5285,0.6471,25.8,570,0,1.0,0,0.0,0
SYN-U-10356,55311.27,48343.92,0.7313,0.485,0.3883,17.7,271,2,0.9274,1,7.6,0
SYN-U-10357,21263.14,18528.0,0.7224,0.8335,0.3308,34.4,401,3,0.8922,0,0.0,0
SYN-U-10358,67358.31,49682.76,0.9463,0.668,0.2308,64.2,917,1,0.9169,0,0.0,0
SYN-U-10359,29380.63,19848.36,0.7986,0.9117,0.3444,59.0,2262,7,0.9549,0,0.0,0
SYN-U-10360,16243.76,14923.92,0.4249,0.4436,0.758,25.1,1065,4,0.6763,3,4.3,0
SYN-U-10361,47397.71,35534.43,0.2574,0.4965,0.568,21.5,706,6,0.7404,0,0.0,1
SYN-U-10362,59418.05,54239.04,0.7333,0.8718,0.4976,11.8,1671,3,0.8508,0,0.0,0
SYN-U-10363,41032.49,27116.7,0.5218,0.5556,0.5002,45.3,1920,0,1.0,0,0.0,0
SYN-U-10364,26709.97,21218.81,0.6469,0.7332,0.307,5.1,203,0,1.0,0,0.0,0
SYN-U-10365,89627.61,79063.94,0.8011,0.7972,0.1833,61.2,1461,2,0.8608,0,0.0,0
SYN-U-10366,58857.54,53870.18,0.8975,0.8436,0.1896,47.4,1476,1,0.8759,0,0.0,0
SYN-U-10367,44266.86,30749.02,0.8055,0.7131,0.2151,53.5,910,6,0.8955,0,0.0,0
SYN-U-10368,61353.21,52676.02,0.7939,0.8095,0.2856,11.3,1103,1,0.8775,0,0.0,0
SYN-U-10369,60759.7,56731.05,0.2281,0.5209,0.7286,59.7,1893,7,0.6986,1,5.5,1
SYN-U-10370,172795.48,139775.58,0.7539,0.7463,0.181,30.5,2181,1,0.9637,1,0.4,0
SYN-U-10371,61625.09,46289.24,0.8165,0.8766,0.3742,6.4,2366,5,0.9789,0,0.0,0
SYN-U-10372,25914.84,24191.66,0.8354,0.5893,0.5971,31.4,420,0,1.0,0,0.0,0
SYN-U-10373,90802.59,61589.9,0.7431,0.7262,0.3244,21.2,1501,2,0.8747,0,0.0,0
SYN-U-10374,36306.44,33380.37,0.2016,0.5941,0.4345,8.9,1589,7,0.6211,0,0.0,0
SYN-U-10375,52927.62,36778.22,0.9789,0.6848,0.4187,42.0,1493,0,1.0,0,0.0,0
SYN-U-10376,53003.4,35259.73,0.9317,0.7946,0.4977,53.8,2335,3,0.9832,0,0.0,0
SYN-U-10377,59674.94,57396.02,0.5939,0.251,0.5385,18.4,374,7,0.5857,0,0.0,0
SYN-U-10378,14315.14,9722.37,0.6261,0.2211,0.6381,43.5,1236,1,0.8129,3,3.4,0
SYN-U-10379,21920.61,14390.97,0.7997,0.8048,0.444,37.7,1613,7,0.8712,1,0.7,0
SYN-U-10380,40779.51,30546.85,0.6558,0.1923,0.7068,22.1,694,2,0.9048,0,0.0,1
SYN-U-10381,39187.98,38401.4,0.6223,0.3127,0.7411,24.7,1213,6,0.8907,1,15.8,1
SYN-U-10382,49295.73,35783.9,0.8885,0.7022,0.2918,5.9,620,6,0.8541,1,0.4,0
SYN-U-10383,178055.63,146762.55,0.8973,0.7912,0.2224,38.1,200,7,0.951,2,1.8,0
SYN-U-10384,64031.68,45901.54,0.6771,0.7374,0.492,8.7,1500,4,0.7109,2,6.2,0
SYN-U-10385,70785.51,50221.41,0.8822,0.5873,0.4508,31.6,1446,2,0.8684,0,0.0,0
SYN-U-10386,15089.08,14679.0,0.2202,0.5563,0.8381,27.0,35,3,0.6474,0,0.0,0
SYN-U-10387,65345.43,45191.25,0.7357,0.777,0.3573,15.0,850,2,0.8874,0,0.0,0
SYN-U-10388,14809.44,14465.07,0.4901,0.3578,0.5091,35.1,1324,5,0.6304,0,0.0,0
SYN-U-10389,86944.98,76562.73,0.8905,0.7834,0.3066,46.7,2346,0,1.0,0,0.0,0
SYN-U-10390,30241.75,24314.53,0.712,0.9087,0.256,48.3,980,3,0.8872,0,0.0,0
SYN-U-10391,64697.08,54082.72,0.8445,0.421,0.5014,35.1,1938,3,0.7909,1,3.6,0
SYN-U-10392,22785.76,22025.76,0.6605,0.574,0.6739,34.1,267,1,0.6489,2,14.9,0
SYN-U-10393,57234.85,44529.99,0.7311,0.7835,0.4593,63.0,1931,2,0.8776,1,1.2,0
SYN-U-10394,162270.56,106663.63,0.8431,0.6393,0.3622,59.9,51,6,0.9695,0,0.0,0
SYN-U-10395,65069.24,45317.83,0.805,0.5852,0.2571,24.9,2026,7,0.8864,1,1.4,0
SYN-U-10396,51723.64,49022.72,0.5599,0.1834,0.4667,65.0,1512,1,0.8057,2,10.9,0
SYN-U-10397,52835.79,44588.48,0.7131,0.7487,0.4563,44.3,175,7,0.9961,0,0.0,0
SYN-U-10398,20460.28,14596.93,0.5752,0.7669,0.5618,16.0,602,4,0.7341,2,7.4,0
SYN-U-10399,39183.77,38278.43,0.3589,0.3538,0.6019,48.9,696,7,0.6424,1,14.1,1
SYN-U-10400,14102.0,9813.15,0.4834,0.5322,0.6078,23.8,844,6,0.825,1,15.4,1
SYN-U-10401,28846.87,21725.79,0.8695,0.9092,0.2663,36.1,1668,6,0.9633,1,1.6,0
SYN-U-10402,16630.7,15210.59,0.2349,0.5325,0.5709,29.5,2335,7,0.6438,1,4.7,0
SYN-U-10403,39291.64,29271.54,0.857,0.8669,0.3402,41.9,2499,2,0.8717,0,0.0,0
SYN-U-10404,46572.71,42804.96,0.3276,0.3664,0.6677,58.5,1570,0,1.0,0,0.0,0
SYN-U-10405,42198.81,35773.11,0.9398,0.6653,0.4182,29.3,1794,2,0.8937,0,0.0,0
SYN-U-10406,223141.87,202373.49,0.7175,0.5804,0.3028,53.5,276,7,0.8827,0,0.0,0
SYN-U-10407,15700.05,15106.33,0.5941,0.5101,0.852,57.7,1168,2,0.8651,0,0.0,0
SYN-U-10408,54820.93,49969.02,0.7648,0.834,0.2898,38.0,2114,3,0.9851,0,0.0,0
SYN-U-10409,92395.94,63344.68,0.7976,0.6512,0.2006,30.7,1558,1,0.892,0,0.0,0
SYN-U-10410,42436.27,39076.9,0.8953,0.7959,0.1823,51.0,1213,7,0.913,0,0.0,0
SYN-U-10411,21629.85,20278.94,0.4683,0.4593,0.5775,41.5,1915,1,0.6328,0,0.0,0
SYN-U-10412,47629.22,37794.11,0.8333,0.7917,0.3815,48.2,1359,0,1.0,0,0.0,0
SYN-U-10413,57490.06,53467.84,0.6552,0.6968,0.3844,5.6,343,2,0.8333,0,0.0,0
SYN-U-10414,51722.77,43718.6,0.7298,0.5151,0.8521,20.6,128,4,0.6947,0,0.0,0
SYN-U-10415,69666.05,59855.24,0.5109,0.7114,0.4638,6.7,198,2,0.8019,0,0.0,0
SYN-U-10416,16677.62,12773.48,0.8365,0.6951,0.3316,62.5,1633,3,0.9163,0,0.0,0
SYN-U-10417,40689.33,28758.2,0.6306,0.2777,0.7606,62.3,2343,2,0.9131,2,10.4,0
SYN-U-10418,62184.49,54533.25,0.7049,0.5912,0.5466,20.0,1836,3,0.919,1,3.7,0
SYN-U-10419,76316.41,64545.17,0.7119,0.6367,0.4943,9.3,434,3,0.8563,2,1.7,0
SYN-U-10420,13422.03,12473.98,0.2815,0.3342,0.6956,36.8,2201,5,0.5281,0,0.0,1
SYN-U-10421,65758.54,59801.62,0.8455,0.9087,0.389,36.5,402,4,0.935,1,0.7,0
SYN-U-10422,93674.99,65852.82,0.947,0.6646,0.2728,62.5,97,6,0.9905,0,0.0,0
SYN-U-10423,35758.58,25313.61,0.9343,0.8719,0.4646,36.9,448,2,0.8757,1,1.7,0
SYN-U-10424,130559.32,88734.34,0.9039,0.6236,0.2775,31.0,2190,7,0.905,0,0.0,0
SYN-U-10425,15498.06,13115.55,0.7462,0.8524,0.3344,26.0,1273,0,1.0,0,0.0,0
SYN-U-10426,51734.36,44089.5,0.832,0.494,0.4285,46.8,676,0,1.0,0,0.0,0
SYN-U-10427,183096.96,123922.82,0.7137,0.6765,0.1549,27.9,1764,1,0.9748,0,0.0,0
SYN-U-10428,49197.13,44713.88,0.6214,0.6171,0.5004,12.4,819,3,0.8179,3,7.0,0
SYN-U-10429,31885.94,21971.8,0.9346,0.6364,0.3821,7.5,140,2,0.9552,1,0.9,0
SYN-U-10430,55052.13,46871.37,0.7255,0.7262,0.483,35.6,2207,7,0.9509,0,0.0,0
SYN-U-10431,41446.73,40156.3,0.9421,0.8829,0.4653,57.0,929,0,1.0,0,0.0,0
SYN-U-10432,83948.81,60487.3,0.8269,0.605,0.5377,26.1,171,6,0.7571,1,6.3,0
SYN-U-10433,39867.06,32699.33,0.515,0.3407,0.8722,30.8,1618,1,0.7329,0,0.0,0
SYN-U-10434,48251.41,41140.25,0.9265,0.7186,0.2323,37.6,1024,2,0.8543,0,0.0,0
SYN-U-10435,229966.8,224793.78,0.6942,0.5691,0.4461,37.8,1066,0,1.0,0,0.0,0
SYN-U-10436,25993.68,18845.64,0.6731,0.5986,0.5343,9.7,2103,4,0.8825,1,11.1,0
SYN-U-10437,68834.71,48346.33,0.9214,0.8043,0.4839,63.8,389,3,0.862,0,0.0,0
SYN-U-10438,245546.13,162103.03,0.8471,0.7232,0.2878,42.0,2292,3,0.9913,0,0.0,0
SYN-U-10439,27005.4,21812.35,0.72,0.4152,0.4199,26.1,2306,4,0.7777,0,0.0,0
SYN-U-10440,88232.81,70916.63,0.9528,0.8326,0.2946,21.2,1088,3,0.8535,2,1.7,0
SYN-U-10441,39701.3,27243.29,0.7278,0.6783,0.482,54.1,49,1,0.8111,0,0.0,0
SYN-U-10442,13775.66,12385.88,0.7364,0.3004,0.6178,16.0,651,1,0.7902,0,0.0,0
SYN-U-10443,42498.9,30171.54,0.8254,0.4723,0.3833,15.8,2438,5,0.903,0,0.0,0
SYN-U-10444,216828.75,148745.21,0.8188,0.788,0.2772,25.5,298,7,0.9814,1,1.4,0
SYN-U-10445,93123.67,73133.63,0.9545,0.7999,0.4586,63.1,219,7,0.9375,0,0.0,0
SYN-U-10446,37701.17,28503.32,0.4348,0.2071,0.4617,58.9,1834,1,0.5622,0,0.0,0
SYN-U-10447,49019.06,37862.86,0.8754,0.8098,0.2465,54.1,736,2,0.8986,0,0.0,0
SYN-U-10448,24340.25,16014.42,0.7023,0.5978,0.6989,60.5,1630,2,0.7748,0,0.0,0
SYN-U-10449,51867.29,38671.5,0.8262,0.7266,0.2848,55.7,904,1,0.8578,0,0.0,0
SYN-U-10450,58584.51,47190.1,0.7135,0.6852,0.4838,44.3,375,7,0.9755,0,0.0,0
SYN-U-10451,56154.97,43835.81,0.949,0.8429,0.4737,18.1,731,3,0.9791,0,0.0,0
SYN-U-10452,70751.67,52463.51,0.8457,0.4589,0.4341,18.1,346,7,0.8024,1,7.1,0
SYN-U-10453,52531.19,48882.19,0.8849,0.7778,0.2593,57.3,1897,6,0.9844,0,0.0,0
SYN-U-10454,67009.23,47488.87,0.6718,0.7872,0.5833,47.5,1002,4,0.8037,2,2.2,0
SYN-U-10455,15864.76,13471.68,0.8517,0.6703,0.3405,20.2,2014,2,0.9222,0,0.0,0
SYN-U-10456,68027.07,44942.43,0.3518,0.2396,0.7778,18.4,1248,3,0.6809,2,5.1,1
SYN-U-10457,28690.98,25841.89,0.3321,0.3988,0.4994,32.3,515,3,0.6821,0,0.0,0
SYN-U-10458,27132.34,19078.51,0.949,0.8036,0.1858,54.0,2471,7,0.958,0,0.0,0
SYN-U-10459,49326.76,46053.75,0.9738,0.6273,0.4318,6.0,1371,2,0.9478,0,0.0,0
SYN-U-10460,65230.96,49734.68,0.8757,0.6253,0.3935,20.3,1500,6,0.9879,0,0.0,0
SYN-U-10461,28290.7,19585.44,0.9002,0.8086,0.2205,36.6,384,7,0.9444,0,0.0,0
SYN-U-10462,39597.71,28802.37,0.9114,0.7778,0.1886,21.0,1984,4,0.886,1,2.0,0
SYN-U-10463,56294.57,37030.23,0.2637,0.5165,0.6746,34.9,857,2,0.6634,0,0.0,1
SYN-U-10464,43762.4,37769.77,0.7296,0.8099,0.3155,38.9,248,3,0.9021,1,1.0,0
SYN-U-10465,40482.59,34672.87,0.4062,0.4568,0.6038,42.8,1002,1,0.6067,1,15.3,1
SYN-U-10466,12887.76,10461.65,0.7657,0.7891,0.1733,6.1,1740,2,0.8648,0,0.0,0
SYN-U-10467,90977.53,73541.6,0.8428,0.6941,0.1702,34.0,807,5,0.8744,0,0.0,0
SYN-U-10468,34833.36,24305.79,0.5907,0.4979,0.4161,32.6,1445,4,0.9385,0,0.0,0
SYN-U-10469,12937.09,10580.53,0.5322,0.1734,0.6313,49.5,710,3,0.7093,2,5.2,1
SYN-U-10470,49956.97,45096.01,0.8133,0.918,0.3951,46.1,1520,2,0.8929,0,0.0,0
SYN-U-10471,52134.96,41556.38,0.744,0.7931,0.4958,27.9,2153,2,0.9322,0,0.0,0
SYN-U-10472,34681.17,30534.1,0.8534,0.8604,0.23,39.9,1829,5,0.9519,0,0.0,0
SYN-U-10473,13406.57,11148.18,0.3287,0.5951,0.4565,41.4,665,5,0.5855,1,9.3,1
SYN-U-10474,84875.64,70131.92,0.9543,0.7436,0.4431,46.3,211,7,0.9245,0,0.0,0
SYN-U-10475,49595.1,40587.63,0.8645,0.6382,0.2774,5.8,792,1,0.8545,0,0.0,0
SYN-U-10476,56930.39,42011.73,0.7176,0.2012,0.6849,33.3,2327,7,0.6955,0,0.0,0
SYN-U-10477,111126.0,85335.82,0.656,0.3799,0.5103,39.2,1146,5,0.9318,0,0.0,0
SYN-U-10478,31366.19,28957.32,0.9565,0.6962,0.1976,16.3,1862,3,0.9613,0,0.0,0
SYN-U-10479,83236.73,59891.11,0.8188,0.6106,0.2705,30.8,78,4,0.9315,0,0.0,0
SYN-U-10480,55856.97,42243.35,0.6914,0.6944,0.5839,20.2,1569,2,0.7703,0,0.0,0
SYN-U-10481,123018.11,98043.35,0.5535,0.7282,0.3304,8.8,1635,0,1.0,0,0.0,0
SYN-U-10482,73925.59,49291.79,0.8748,0.7543,0.2595,43.0,2301,2,0.9593,0,0.0,0
SYN-U-10483,25878.56,24750.94,0.9217,0.6939,0.4162,39.8,827,3,0.9405,0,0.0,0
SYN-U-10484,67415.55,47604.51,0.7864,0.8713,0.3162,51.6,1782,6,0.927,0,0.0,0
SYN-U-10485,37378.38,24726.25,0.2533,0.1585,0.7431,40.3,529,5,0.5111,3,16.9,1
SYN-U-10486,120141.23,82165.58,0.5124,0.6713,0.2547,49.9,711,6,0.9685,0,0.0,0
SYN-U-10487,166904.1,112847.62,0.8382,0.9065,0.4757,22.1,1824,1,0.884,0,0.0,0
SYN-U-10488,127724.61,101242.58,0.7437,0.5108,0.5989,14.3,2301,1,0.8726,2,3.0,0
SYN-U-10489,142512.42,93621.56,0.8131,0.6581,0.5763,45.9,1907,6,0.8479,2,5.1,0
SYN-U-10490,38114.77,27946.74,0.9062,0.7938,0.2872,35.9,606,5,0.9799,0,0.0,0
SYN-U-10491,128814.92,105222.76,0.7057,0.7953,0.3406,7.4,319,0,1.0,0,0.0,0
SYN-U-10492,87052.01,75399.4,0.9053,0.6688,0.4852,29.6,1375,3,0.8525,1,0.6,0
SYN-U-10493,77370.19,62124.42,0.4534,0.345,0.6518,61.8,246,1,0.6283,0,0.0,0
SYN-U-10494,22311.92,14505.85,0.7238,0.6656,0.2028,31.1,1852,1,0.9745,0,0.0,0
SYN-U-10495,86726.83,80774.84,0.65,0.4904,0.5856,31.6,197,3,0.7917,1,2.2,0
SYN-U-10496,35240.01,25565.74,0.9242,0.7437,0.1855,5.2,700,0,1.0,0,0.0,0
SYN-U-10497,137395.0,132922.21,0.7349,0.6084,0.3205,47.1,1609,2,0.9187,0,0.0,0
SYN-U-10498,31187.29,29009.88,0.7895,0.6324,0.3668,23.9,1677,6,0.8654,0,0.0,0
SYN-U-10499,22350.53,20971.83,0.3743,0.4166,0.8446,55.8,2156,4,0.6523,2,4.8,1
SYN-U-10500,38198.28,34658.84,0.8389,0.6233,0.2047,24.9,2141,2,0.8922,0,0.0,0
SYN-U-10501,25112.54,16891.12,0.683,0.4105,0.6343,25.6,2426,6,0.7588,0,0.0,0
SYN-U-10502,85455.11,62858.05,0.8425,0.6445,0.3637,29.4,1115,2,0.9472,0,0.0,0
SYN-U-10503,34535.37,25745.06,0.8668,0.8773,0.2711,29.9,420,5,0.9037,0,0.0,0
SYN-U-10504,16898.95,14677.06,0.3173,0.3941,0.6848,49.6,273,4,0.5657,1,8.7,1
SYN-U-10505,69526.93,52528.15,0.8411,0.7123,0.4264,59.7,1614,5,0.7626,0,0.0,0
SYN-U-10506,52079.59,43354.87,0.6402,0.3677,0.4259,43.3,655,7,0.6447,0,0.0,0
SYN-U-10507,93560.09,83621.03,0.5349,0.5173,0.6127,15.8,319,1,0.7795,1,3.2,0
SYN-U-10508,58770.78,41912.53,0.4482,0.3687,0.7158,58.2,797,4,0.9011,2,8.9,1
SYN-U-10509,25929.63,20531.94,0.7222,0.6673,0.2446,32.5,361,4,0.8758,0,0.0,0
SYN-U-10510,92011.56,67015.34,0.6237,0.4114,0.5334,51.1,379,5,0.7058,0,0.0,0
SYN-U-10511,57778.65,55888.77,0.9728,0.809,0.2966,32.2,238,6,0.9493,1,2.9,0
SYN-U-10512,15314.75,10605.73,0.3526,0.2585,0.5257,43.8,841,5,0.5462,1,8.2,1
SYN-U-10513,45359.41,42020.21,0.7893,0.7484,0.4746,39.6,1144,2,0.8847,0,0.0,0
SYN-U-10514,40419.72,35419.03,0.9224,0.5991,0.271,11.4,2211,5,0.9495,1,2.6,0
SYN-U-10515,40692.53,31360.28,0.8579,0.6481,0.4173,33.5,394,7,0.9911,0,0.0,0
SYN-U-10516,20507.62,15682.22,0.475,0.2205,0.5385,61.0,1343,5,0.6291,0,0.0,0
SYN-U-10517,84162.87,62017.81,0.723,0.9063,0.3673,58.7,2274,4,0.9455,0,0.0,0
SYN-U-10518,120133.68,90890.16,0.404,0.2385,0.8498,49.2,2319,3,0.6636,4,6.6,1
SYN-U-10519,43416.7,34604.86,0.9049,0.9155,0.3186,46.2,73,2,0.9818,0,0.0,0
SYN-U-10520,16224.5,13487.28,0.4912,0.4144,0.6502,33.7,2164,3,0.7203,3,14.8,1
SYN-U-10521,62497.48,49018.12,0.7143,0.8348,0.3183,47.8,1168,6,0.8552,0,0.0,0
SYN-U-10522,59251.24,57562.47,0.8302,0.7221,0.2657,63.0,2176,5,0.9333,0,0.0,0
SYN-U-10523,110519.84,96977.67,0.5104,0.6836,0.3104,64.0,2261,3,0.8026,0,0.0,0
SYN-U-10524,31859.17,25207.8,0.7337,0.6312,0.4597,41.5,739,0,1.0,0,0.0,0
SYN-U-10525,48904.89,32042.91,0.7371,0.6276,0.2979,27.9,1121,5,0.9293,0,0.0,0
SYN-U-10526,18373.87,12103.44,0.9719,0.6566,0.2941,32.9,189,7,0.882,0,0.0,0
SYN-U-10527,13175.07,12060.89,0.2379,0.5073,0.8519,32.4,1167,2,0.9415,0,0.0,1
SYN-U-10528,48622.65,33291.21,0.7758,0.6555,0.485,5.6,2050,4,0.8893,0,0.0,0
SYN-U-10529,110358.23,79972.67,0.5053,0.3313,0.5241,23.3,537,2,0.5918,3,8.7,0
SYN-U-10530,18682.54,16257.4,0.534,0.448,0.7688,53.9,2155,0,1.0,0,0.0,1
SYN-U-10531,24277.11,17157.29,0.6968,0.1937,0.4195,57.0,1897,2,0.6726,1,12.0,0
SYN-U-10532,15291.5,12386.01,0.2609,0.2384,0.6675,31.9,335,3,0.8429,1,3.1,0
SYN-U-10533,38457.17,34236.75,0.9444,0.7462,0.3483,55.8,1325,1,0.9873,2,1.3,0
SYN-U-10534,47371.46,44992.32,0.7634,0.5879,0.1799,51.5,1281,6,0.9569,0,0.0,0
SYN-U-10535,120354.65,112487.71,0.7065,0.5179,0.5092,40.7,1112,7,0.8383,2,5.7,0
SYN-U-10536,49619.83,37960.57,0.9349,0.6772,0.3204,21.3,872,0,1.0,0,0.0,0
SYN-U-10537,44338.19,30449.28,0.807,0.7376,0.3175,10.5,882,5,0.8672,2,0.3,0
SYN-U-10538,43922.35,41269.33,0.8552,0.6896,0.2325,62.2,1326,3,0.854,0,0.0,0
SYN-U-10539,71774.11,58114.81,0.8801,0.6177,0.3152,15.1,1495,6,0.8517,0,0.0,0
SYN-U-10540,40969.91,36737.38,0.7946,0.6475,0.4384,33.8,888,4,0.8822,1,0.1,0
SYN-U-10541,38198.73,28159.38,0.7354,0.8943,0.367,60.2,363,4,0.8554,1,1.4,0
SYN-U-10542,68981.76,64058.04,0.7179,0.6427,0.3492,51.2,1299,5,0.9056,0,0.0,0
SYN-U-10543,15269.44,12647.18,0.8313,0.6212,0.6392,37.7,2216,3,0.8268,0,0.0,0
SYN-U-10544,16791.02,14998.84,0.5768,0.1911,0.856,20.6,202,6,0.5683,0,0.0,0
SYN-U-10545,67243.92,55093.11,0.9492,0.8208,0.3935,6.6,1722,0,1.0,0,0.0,0
SYN-U-10546,23240.14,16243.11,0.358,0.2296,0.5542,21.4,473,1,0.5443,1,6.7,1
SYN-U-10547,27895.73,26995.82,0.9608,0.8467,0.3339,6.4,1351,5,0.8876,0,0.0,0
SYN-U-10548,136556.78,103842.93,0.9107,0.8987,0.3082,22.2,1793,6,0.9632,0,0.0,0
SYN-U-10549,108607.18,97987.99,0.9728,0.8149,0.3721,48.0,1511,7,0.9723,1,1.5,0
SYN-U-10550,16149.6,13841.19,0.2634,0.3798,0.8606,5.1,2052,3,0.5844,0,0.0,1
SYN-U-10551,28429.23,26279.56,0.8355,0.897,0.1661,44.0,891,4,0.8688,2,2.5,0
SYN-U-10552,60370.3,44107.32,0.6897,0.24,0.4572,46.3,2364,7,0.8012,0,0.0,0
SYN-U-10553,29306.59,23323.06,0.7435,0.723,0.5675,48.7,62,4,0.8581,3,6.4,0
SYN-U-10554,46723.55,40824.2,0.9311,0.6954,0.2405,41.2,2146,4,0.9857,0,0.0,0
SYN-U-10555,96196.47,83380.02,0.7729,0.7997,0.2644,24.2,612,3,0.902,2,1.8,0
SYN-U-10556,56422.21,37515.84,0.8518,0.7104,0.2063,42.7,1508,5,0.8675,0,0.0,0
SYN-U-10557,27435.65,22769.68,0.6711,0.2162,0.5418,42.6,84,2,0.6714,0,0.0,0
SYN-U-10558,91557.38,67131.89,0.572,0.2136,0.5263,26.9,2063,7,0.661,3,16.0,1
SYN-U-10559,76466.35,51854.39,0.8621,0.619,0.1552,55.2,184,1,0.854,0,0.0,0
SYN-U-10560,29662.88,28702.32,0.8368,0.4354,0.4793,40.0,1349,0,1.0,0,0.0,0
SYN-U-10561,28138.52,19784.29,0.8747,0.8688,0.2774,55.5,757,0,1.0,0,0.0,0
SYN-U-10562,87812.72,83521.95,0.701,0.4976,0.3546,8.6,1157,4,0.7165,1,6.7,0
SYN-U-10563,32443.44,30164.5,0.914,0.8719,0.3365,12.6,598,4,0.928,1,2.0,0
SYN-U-10564,64538.63,46388.58,0.9077,0.7807,0.4284,44.3,1485,5,0.9708,0,0.0,0
SYN-U-10565,87413.16,72733.43,0.8373,0.6881,0.3775,16.6,2214,5,0.8756,0,0.0,0
SYN-U-10566,20524.33,18202.82,0.4828,0.1905,0.6607,32.3,1574,1,0.7492,0,0.0,0
SYN-U-10567,24391.09,18168.73,0.8771,0.5671,0.4481,50.4,443,4,0.9561,0,0.0,0
SYN-U-10568,31590.72,26256.22,0.9601,0.6586,0.2315,56.2,1520,6,0.909,0,0.0,0
SYN-U-10569,102210.12,67860.99,0.6649,0.7895,0.5268,63.8,511,0,1.0,0,0.0,0
SYN-U-10570,91465.67,83271.38,0.5187,0.3269,0.5234,41.8,590,4,0.8836,2,10.5,1
SYN-U-10571,90349.37,70278.09,0.9741,0.7457,0.3651,22.5,1310,3,0.9447,0,0.0,0
SYN-U-10572,16539.18,12310.07,0.5097,0.7854,0.6079,17.3,1488,7,0.7331,2,4.6,0
SYN-U-10573,40479.74,38860.63,0.8067,0.7381,0.1997,62.9,1757,0,1.0,0,0.0,0
SYN-U-10574,29771.43,24956.92,0.7313,0.7909,0.3141,16.1,2436,3,0.9246,1,0.3,0
SYN-U-10575,76527.15,59667.53,0.5479,0.7139,0.5912,13.0,1023,3,0.9707,0,0.0,0
SYN-U-10576,78257.07,53603.97,0.8071,0.7422,0.3298,51.3,677,4,0.9492,0,0.0,0
SYN-U-10577,17094.75,15716.89,0.7494,0.1916,0.5439,36.2,244,7,0.775,0,0.0,0
SYN-U-10578,37842.24,33353.11,0.7197,0.6416,0.3494,18.8,908,1,0.9051,0,0.0,0
SYN-U-10579,84076.78,65186.13,0.8491,0.8054,0.3405,33.9,1548,2,0.8922,0,0.0,0
SYN-U-10580,44054.12,36870.88,0.781,0.7817,0.4118,11.9,686,7,0.8831,0,0.0,0
SYN-U-10581,72180.93,48376.81,0.3126,0.467,0.5681,5.6,2384,2,0.6207,2,6.7,1
SYN-U-10582,47839.46,39918.34,0.7345,0.5652,0.2253,16.8,788,4,0.8764,2,0.1,0
SYN-U-10583,115108.23,79495.39,0.6049,0.7547,0.312,45.5,1135,0,1.0,0,0.0,0
SYN-U-10584,65411.32,42649.18,0.2089,0.5865,0.5961,25.1,659,4,0.8708,0,0.0,0
SYN-U-10585,120210.11,109001.75,0.8207,0.5675,0.1606,46.9,1142,7,0.9215,1,2.6,0
SYN-U-10586,42298.83,40442.23,0.7368,0.9017,0.4764,35.1,546,4,0.9934,0,0.0,0
SYN-U-10587,19345.77,18469.26,0.3549,0.3185,0.5897,50.3,1485,1,0.5523,2,16.0,1
SYN-U-10588,16287.1,11583.95,0.5839,0.5182,0.6147,24.0,845,4,0.845,4,13.6,0
SYN-U-10589,43953.73,41519.78,0.8064,0.569,0.5729,40.6,366,4,0.732,1,5.6,0
SYN-U-10590,82920.57,80845.53,0.7853,0.6893,0.4084,7.4,1370,3,0.8059,0,0.0,0
SYN-U-10591,53158.49,51322.96,0.9497,0.7381,0.3196,59.2,1274,3,0.9141,0,0.0,0
SYN-U-10592,67932.52,60649.87,0.3984,0.3765,0.7972,38.1,108,0,1.0,0,0.0,0
SYN-U-10593,57507.64,48224.68,0.2204,0.3854,0.7482,59.0,1169,1,0.5126,0,0.0,1
SYN-U-10594,35695.05,24447.39,0.8737,0.5508,0.3018,49.1,448,2,0.8662,0,0.0,0
SYN-U-10595,84264.66,67146.22,0.6957,0.6512,0.3872,41.2,625,5,0.8695,0,0.0,0
SYN-U-10596,71304.7,49936.89,0.7356,0.587,0.4392,6.0,635,3,0.9305,1,0.1,0
SYN-U-10597,56040.41,42947.37,0.6753,0.5668,0.3997,10.5,625,3,0.9221,0,0.0,0
SYN-U-10598,19075.21,13836.63,0.4534,0.6412,0.8611,26.4,1653,4,0.8892,0,0.0,0
SYN-U-10599,187294.07,161713.71,0.7301,0.7172,0.2757,57.9,1372,4,0.7804,0,0.0,0
SYN-U-10600,49055.43,34973.21,0.8883,0.8759,0.4983,62.4,839,6,0.9345,0,0.0,0
SYN-U-10601,43233.96,34503.12,0.5804,0.494,0.2706,11.6,1621,4,0.8475,0,0.0,0
SYN-U-10602,70416.06,68622.04,0.9463,0.5917,0.3114,61.4,2052,2,0.8992,0,0.0,0
SYN-U-10603,16564.59,14720.03,0.5245,0.6681,0.2744,28.1,1845,1,0.9686,0,0.0,0
SYN-U-10604,48233.74,32610.69,0.7892,0.8123,0.3968,18.7,2461,2,0.935,0,0.0,0
SYN-U-10605,117197.49,104253.19,0.7513,0.8695,0.2547,64.2,1031,3,0.9218,0,0.0,0
SYN-U-10606,57190.24,43236.82,0.9536,0.8386,0.2968,28.6,532,7,0.8754,1,3.0,0
SYN-U-10607,81541.85,70473.01,0.5755,0.7641,0.2853,18.8,1976,6,0.9152,1,5.7,0
SYN-U-10608,188322.89,168938.83,0.7319,0.5575,0.5,45.7,1215,6,0.7027,0,0.0,0
SYN-U-10609,14856.98,10123.03,0.7452,0.2583,0.6485,58.1,1283,0,1.0,0,0.0,0
SYN-U-10610,85742.44,66245.49,0.7291,0.7587,0.4481,64.9,1086,5,0.8412,2,4.5,0
SYN-U-10611,56142.83,47981.89,0.9251,0.5733,0.1526,5.5,953,6,0.965,0,0.0,0
SYN-U-10612,24247.63,23274.57,0.3047,0.4198,0.5463,12.3,2159,1,0.6104,2,10.4,1
SYN-U-10613,60304.91,43872.57,0.8122,0.8675,0.2714,50.4,2039,5,0.9782,0,0.0,0
SYN-U-10614,17951.15,15334.71,0.6598,0.6104,0.5308,41.0,125,6,0.775,0,0.0,0
SYN-U-10615,60188.31,55377.01,0.9072,0.5503,0.4682,49.8,1091,6,0.8992,0,0.0,0
SYN-U-10616,69466.82,47315.27,0.895,0.625,0.4018,59.1,1720,4,0.8693,0,0.0,0
SYN-U-10617,33459.42,23056.94,0.7992,0.8716,0.3353,42.4,652,4,0.8879,0,0.0,0
SYN-U-10618,40077.95,38513.12,0.8109,0.8544,0.1623,10.0,367,4,0.8784,2,1.0,0
SYN-U-10619,27085.01,20590.76,0.8996,0.6825,0.317,14.4,1909,4,0.901,1,0.6,0
SYN-U-10620,177140.63,170910.23,0.7023,0.7175,0.3613,7.5,1032,3,0.9794,1,0.4,0
SYN-U-10621,70017.26,50215.4,0.7643,0.5869,0.5521,58.1,128,2,0.7766,3,4.3,0
SYN-U-10622,38895.25,29175.4,0.9145,0.8497,0.2837,29.6,1861,7,0.9091,1,0.4,0
SYN-U-10623,25331.64,23198.52,0.958,0.5629,0.3243,6.4,1620,3,0.8869,0,0.0,0
SYN-U-10624,21158.06,20008.34,0.4539,0.4966,0.4754,58.4,205,3,0.9484,2,12.0,0
SYN-U-10625,75753.42,51778.64,0.9562,0.8253,0.3412,33.4,455,2,0.9776,2,1.5,0
SYN-U-10626,16908.15,11280.09,0.8619,0.8574,0.4018,30.0,1875,1,0.9092,1,0.3,0
SYN-U-10627,41393.74,32899.36,0.7444,0.8656,0.1868,24.8,2494,4,0.9698,0,0.0,0
SYN-U-10628,19845.17,14830.35,0.7913,0.6335,0.4425,63.4,2193,4,0.9511,0,0.0,0
SYN-U-10629,76323.64,56011.99,0.9789,0.7342,0.3319,58.3,656,5,0.9475,2,0.9,0
SYN-U-10630,23258.88,17412.16,0.9267,0.7278,0.2074,21.8,2253,7,0.9009,0,0.0,0
SYN-U-10631,62196.68,41688.63,0.9221,0.5864,0.2781,28.8,1029,6,0.8601,0,0.0,0
SYN-U-10632,53980.92,52502.31,0.7479,0.76,0.2647,62.6,359,6,0.9541,1,3.0,0
SYN-U-10633,29713.09,21655.48,0.9388,0.8623,0.2102,35.7,933,0,1.0,0,0.0,0
SYN-U-10634,66401.7,62520.5,0.7366,0.8898,0.497,30.9,994,4,0.9587,0,0.0,0
SYN-U-10635,103889.4,86518.19,0.7366,0.7982,0.5,31.7,2123,4,0.8406,0,0.0,0
SYN-U-10636,15010.57,12600.17,0.3115,0.1729,0.7044,60.0,171,2,0.6363,0,0.0,1
SYN-U-10637,71823.76,65508.79,0.96,0.8884,0.3025,12.3,1967,4,0.8511,0,0.0,0
SYN-U-10638,14069.82,12440.52,0.4774,0.3548,0.7783,54.6,1452,5,0.7039,1,7.8,1
SYN-U-10639,96215.99,73718.01,0.9755,0.6325,0.3563,18.3,884,5,0.9045,2,0.3,0
SYN-U-10640,57980.94,47052.58,0.6843,0.784,0.4671,26.1,1710,3,0.747,1,8.0,0
SYN-U-10641,64107.53,55075.52,0.7582,0.706,0.3855,42.6,1298,2,0.9464,2,0.6,0
SYN-U-10642,53388.5,38073.8,0.4491,0.6248,0.7666,43.3,388,2,0.668,1,14.7,1
SYN-U-10643,84511.68,69545.86,0.328,0.3409,0.597,29.3,1763,4,0.6332,2,6.4,1
SYN-U-10644,35118.67,28039.19,0.7177,0.8346,0.323,29.2,273,4,0.9115,0,0.0,0
SYN-U-10645,79691.79,59860.95,0.5135,0.6999,0.4743,9.7,1014,1,0.7876,0,0.0,0
SYN-U-10646,39856.19,32671.06,0.8135,0.6107,0.152,13.0,1645,5,0.9923,0,0.0,0
SYN-U-10647,42663.54,35030.81,0.84,0.9113,0.3822,12.1,1077,1,0.857,0,0.0,0
SYN-U-10648,50115.67,47753.37,0.7954,0.6803,0.4328,50.1,963,1,0.7819,0,0.0,0
SYN-U-10649,111918.39,89436.25,0.7205,0.3306,0.6363,11.6,2223,1,0.7817,2,14.4,1
SYN-U-10650,39414.81,32209.86,0.8759,0.8413,0.4127,64.6,2045,3,0.99,0,0.0,0
SYN-U-10651,48262.95,33261.02,0.9002,0.9172,0.2772,64.5,907,2,0.8517,1,2.2,0
SYN-U-10652,82374.09,63326.3,0.5003,0.7459,0.5159,46.3,580,5,0.7812,0,0.0,0
SYN-U-10653,18968.78,14898.66,0.6784,0.2361,0.4148,39.5,1586,6,0.8865,0,0.0,0
SYN-U-10654,30799.25,25134.47,0.8439,0.5834,0.1528,31.0,2413,4,0.8972,0,0.0,0
SYN-U-10655,24720.38,21300.73,0.2069,0.2296,0.8782,27.3,990,7,0.5401,0,0.0,1
SYN-U-10656,38132.04,31528.53,0.9094,0.5753,0.4605,46.0,731,6,0.9968,2,0.3,0
SYN-U-10657,30733.96,29325.01,0.3854,0.5331,0.722,35.0,807,4,0.8259,3,4.7,0
SYN-U-10658,23490.95,16352.81,0.7952,0.5656,0.4016,46.3,566,2,0.9171,0,0.0,0
SYN-U-10659,51206.15,44070.94,0.7825,0.5708,0.5076,48.1,1125,4,0.8259,0,0.0,0
SYN-U-10660,35228.74,24178.77,0.5698,0.2573,0.6963,34.0,431,3,0.8481,1,11.9,1
SYN-U-10661,127705.83,112490.12,0.7413,0.8459,0.3515,59.2,2490,2,0.9815,1,0.4,0
SYN-U-10662,16094.85,10971.97,0.3216,0.5156,0.6892,39.0,2010,1,0.8626,0,0.0,0
SYN-U-10663,66624.83,56164.97,0.5194,0.4355,0.6028,27.2,796,3,0.8678,0,0.0,0
SYN-U-10664,80063.19,65944.83,0.845,0.746,0.457,57.2,1670,1,0.914,1,1.2,0
SYN-U-10665,40654.26,26483.26,0.7122,0.8017,0.2456,21.3,1615,5,0.9892,0,0.0,0
SYN-U-10666,39568.98,36814.55,0.2663,0.474,0.8143,59.5,724,4,0.9424,0,0.0,1
SYN-U-10667,41205.06,34523.57,0.9585,0.8849,0.2261,12.2,47,2,0.9668,0,0.0,0
SYN-U-10668,99156.02,93868.1,0.6604,0.7446,0.3621,55.1,1457,4,0.9047,0,0.0,0
SYN-U-10669,41900.35,36628.64,0.596,0.6484,0.5127,43.2,2078,4,0.7917,2,8.3,0
SYN-U-10670,51270.68,34110.02,0.7149,0.5708,0.4304,35.5,1382,4,0.8904,0,0.0,0
SYN-U-10671,88821.36,79318.95,0.6536,0.4306,0.3193,29.0,1235,1,0.978,0,0.0,0
SYN-U-10672,24434.1,23764.96,0.6518,0.7358,0.451,59.9,702,6,0.8793,1,5.3,0
SYN-U-10673,27717.75,19147.99,0.6002,0.1589,0.4738,55.7,1179,4,0.8381,2,4.0,0
SYN-U-10674,14746.16,12861.63,0.2775,0.6289,0.6485,34.9,364,4,0.9003,1,8.0,1
SYN-U-10675,63181.58,61483.42,0.8361,0.6694,0.6175,24.2,2344,0,1.0,0,0.0,0
SYN-U-10676,16475.36,13495.88,0.7179,0.2433,0.4802,50.2,1870,4,0.5984,1,10.8,1
SYN-U-10677,30512.2,20954.3,0.7432,0.685,0.2338,41.4,2158,0,1.0,0,0.0,0
SYN-U-10678,93440.46,88258.98,0.7692,0.7675,0.4423,34.9,1997,1,0.9085,1,6.7,0
SYN-U-10679,72859.47,48715.49,0.8018,0.7065,0.3843,26.4,1587,2,0.7874,0,0.0,0
SYN-U-10680,32882.77,27069.21,0.6692,0.7094,0.5817,56.6,2190,2,0.9696,2,5.2,0
SYN-U-10681,34447.01,27441.12,0.2952,0.2017,0.8051,59.3,210,1,0.5032,3,4.8,1
SYN-U-10682,116879.69,114486.41,0.8314,0.9066,0.4054,50.6,1000,4,0.8858,0,0.0,0
SYN-U-10683,21355.21,20700.9,0.6026,0.45,0.4461,12.6,369,3,0.5103,0,0.0,0
SYN-U-10684,64590.43,44734.99,0.9407,0.5961,0.2355,41.5,1155,2,0.9529,0,0.0,0
SYN-U-10685,52240.97,45754.23,0.7537,0.5732,0.5986,58.5,936,5,0.7004,0,0.0,0
SYN-U-10686,25766.7,25101.77,0.7785,0.7897,0.2322,59.5,2154,6,0.9844,1,1.5,0
SYN-U-10687,111848.38,78606.52,0.7592,0.824,0.3959,36.8,1059,3,0.8627,0,0.0,0
SYN-U-10688,118621.16,83189.16,0.5823,0.4911,0.6242,55.3,1541,1,0.7776,0,0.0,0
SYN-U-10689,13252.9,9145.6,0.461,0.6157,0.4767,13.2,1030,5,0.8626,0,0.0,0
SYN-U-10690,59331.39,49380.75,0.809,0.8607,0.2924,12.2,1169,1,0.9049,1,1.5,0
SYN-U-10691,104624.1,84423.64,0.7647,0.6903,0.3703,53.1,2174,5,0.8852,0,0.0,0
SYN-U-10692,14002.32,9511.75,0.6933,0.299,0.6142,60.1,1312,4,0.7714,0,0.0,0
SYN-U-10693,80848.38,52950.09,0.5501,0.5088,0.6317,36.1,764,1,0.7804,1,5.4,0
SYN-U-10694,60225.9,58187.37,0.6739,0.5395,0.4028,60.1,1430,4,0.9135,0,0.0,0
SYN-U-10695,20687.04,17044.09,0.7025,0.5363,0.4973,63.8,2436,4,0.5855,4,15.9,0
SYN-U-10696,28195.11,19791.27,0.8344,0.6033,0.1519,54.2,417,7,0.8663,0,0.0,0
SYN-U-10697,134200.28,116549.38,0.5228,0.6211,0.4155,44.9,1788,7,0.8146,0,0.0,0
SYN-U-10698,22868.71,18357.35,0.9523,0.9167,0.2235,18.2,2413,1,0.9338,0,0.0,0
SYN-U-10699,69321.05,46829.12,0.8714,0.7221,0.305,60.8,1969,7,0.9211,0,0.0,0
SYN-U-10700,70854.29,62025.89,0.6014,0.6498,0.4418,42.3,1388,6,0.7635,0,0.0,0
SYN-U-10701,40954.97,33487.81,0.9116,0.6457,0.1574,5.2,1148,4,0.9158,0,0.0,0
SYN-U-10702,70102.72,46425.87,0.8259,0.6867,0.406,52.3,1375,6,0.8645,0,0.0,0
SYN-U-10703,216137.66,204094.23,0.9431,0.7795,0.3026,19.8,1958,3,0.9629,0,0.0,0
SYN-U-10704,47735.19,37146.85,0.7899,0.8193,0.1906,15.6,280,2,0.897,0,0.0,0
SYN-U-10705,29729.54,27509.43,0.9542,0.6688,0.3734,58.2,619,4,0.9473,0,0.0,0
SYN-U-10706,13516.0,11778.67,0.6925,0.6588,0.4135,54.9,429,0,1.0,0,0.0,0
SYN-U-10707,102951.35,73791.91,0.6791,0.59,0.5558,43.5,215,3,0.7694,0,0.0,0
SYN-U-10708,31287.91,22310.99,0.8679,0.649,0.3493,48.2,1077,0,1.0,0,0.0,0
SYN-U-10709,15457.06,10391.22,0.4111,0.2158,0.8185,17.4,1424,5,0.7907,0,0.0,1
SYN-U-10710,71674.54,49677.35,0.9491,0.5744,0.3571,11.0,597,3,0.8522,0,0.0,0
SYN-U-10711,25638.96,22869.55,0.3428,0.3684,0.8566,39.5,228,3,0.6314,3,12.6,1
SYN-U-10712,74344.49,69294.55,0.8613,0.6152,0.1602,53.4,2368,6,0.9989,0,0.0,0
SYN-U-10713,31763.96,23790.0,0.8921,0.6844,0.2434,13.8,1074,6,0.9166,0,0.0,0
SYN-U-10714,135401.22,101069.28,0.7956,0.6942,0.4903,22.9,2000,0,1.0,0,0.0,0
SYN-U-10715,87021.42,76025.93,0.7264,0.9159,0.1673,11.4,1468,3,0.8663,0,0.0,0
SYN-U-10716,156038.62,112116.33,0.8577,0.6848,0.4271,41.9,1869,4,0.9367,1,2.8,0
SYN-U-10717,34550.89,32645.4,0.5123,0.6963,0.4213,31.3,2458,7,0.7625,2,5.3,0
SYN-U-10718,46087.02,35985.88,0.5371,0.5401,0.8584,50.9,1578,3,0.6157,0,0.0,0
SYN-U-10719,45966.55,32094.92,0.6595,0.7601,0.5258,9.9,237,4,0.8086,1,3.0,0
SYN-U-10720,14161.2,11148.93,0.4447,0.6229,0.5106,50.0,1823,2,0.539,0,0.0,0
SYN-U-10721,47316.99,46289.23,0.7833,0.8229,0.2844,51.2,1613,1,0.9877,0,0.0,0
SYN-U-10722,21334.02,20403.11,0.3963,0.3038,0.5285,32.7,1504,2,0.8854,0,0.0,1
SYN-U-10723,121688.02,91536.68,0.8889,0.8517,0.4578,6.3,1106,0,1.0,0,0.0,0
SYN-U-10724,17375.81,14859.89,0.8966,0.7548,0.4197,26.1,1361,0,1.0,0,0.0,0
SYN-U-10725,81080.73,67181.81,0.616,0.5035,0.6305,49.1,434,3,0.8291,0,0.0,0
SYN-U-10726,33438.79,29839.24,0.7924,0.6422,0.2273,16.3,2381,7,0.9994,1,2.6,0
SYN-U-10727,53616.69,42872.77,0.9316,0.7713,0.2911,57.1,599,0,1.0,0,0.0,0
SYN-U-10728,80949.95,71957.78,0.5498,0.3578,0.6145,21.5,2412,5,0.5525,3,12.8,1
SYN-U-10729,16027.72,13110.65,0.4252,0.2186,0.8175,16.3,2010,1,0.6341,0,0.0,0
SYN-U-10730,16102.48,14434.0,0.6501,0.7577,0.3783,28.8,999,5,0.8739,1,2.7,0
SYN-U-10731,24663.34,16958.85,0.7419,0.3138,0.8243,59.0,1998,3,0.8068,1,13.5,1
SYN-U-10732,26171.85,21958.51,0.6715,0.3044,0.5511,26.1,1710,5,0.8751,0,0.0,0
SYN-U-10733,55458.75,40958.4,0.5689,0.5186,0.8742,49.3,2154,3,0.7109,2,16.2,1
SYN-U-10734,72976.95,58194.43,0.9391,0.7673,0.4945,28.0,1843,7,0.9168,1,2.1,0
SYN-U-10735,44960.73,35641.92,0.2793,0.3349,0.8037,46.3,1970,7,0.661,3,15.3,1
SYN-U-10736,17223.83,15943.75,0.3638,0.5936,0.4086,44.6,2315,1,0.9184,1,9.3,0
SYN-U-10737,49017.52,34101.83,0.8197,0.7485,0.1827,7.2,1713,4,0.97,0,0.0,0
SYN-U-10738,28887.38,27505.37,0.8526,0.6612,0.3661,55.5,2212,5,0.8563,0,0.0,0
SYN-U-10739,28726.73,19781.09,0.9655,0.6847,0.2544,40.8,95,4,0.9649,0,0.0,0
SYN-U-10740,34308.7,25480.48,0.7762,0.6691,0.5719,5.2,202,3,0.7877,3,6.6,0
SYN-U-10741,78483.21,68777.2,0.8342,0.4357,0.5696,30.0,1646,5,0.8006,1,2.4,0
SYN-U-10742,46676.11,39236.44,0.7109,0.7805,0.3545,62.6,726,3,0.9875,1,2.2,0
SYN-U-10743,69614.07,59533.07,0.7047,0.7495,0.4849,11.8,1361,5,0.8523,0,0.0,0
SYN-U-10744,228025.16,185612.89,0.9226,0.8035,0.2999,55.0,1051,0,1.0,0,0.0,0
SYN-U-10745,33325.12,23892.89,0.6688,0.4822,0.5645,54.5,2391,6,0.931,0,0.0,0
SYN-U-10746,56724.52,46490.41,0.8416,0.5596,0.3726,40.8,1934,0,1.0,0,0.0,0
SYN-U-10747,60791.72,56122.9,0.9261,0.9095,0.3985,17.9,2233,6,0.8821,0,0.0,0
SYN-U-10748,177476.39,170377.2,0.9658,0.6836,0.4338,62.9,1511,4,0.9873,0,0.0,0
SYN-U-10749,44293.26,35695.51,0.9316,0.8461,0.4662,5.3,1108,4,0.917,1,0.2,0
SYN-U-10750,31707.68,25061.86,0.7263,0.8439,0.181,24.7,1598,0,1.0,0,0.0,0
SYN-U-10751,40223.34,29451.85,0.9799,0.6726,0.4771,19.5,1100,6,0.8955,1,0.2,0
SYN-U-10752,94305.17,90921.25,0.8126,0.7934,0.3408,38.1,1730,3,0.8972,0,0.0,0
SYN-U-10753,29594.45,27799.21,0.8471,0.6762,0.3975,10.5,2165,5,0.8077,0,0.0,0
SYN-U-10754,16073.72,12514.62,0.7457,0.46,0.4479,31.9,1971,7,0.7702,0,0.0,0
SYN-U-10755,43473.69,38593.39,0.8403,0.8495,0.4571,39.5,1822,6,0.9023,0,0.0,0
SYN-U-10756,67276.64,47664.5,0.3254,0.3474,0.74,40.5,985,6,0.6169,1,7.1,1
SYN-U-10757,36825.77,28977.2,0.7212,0.5941,0.3222,9.0,1878,0,1.0,0,0.0,0
SYN-U-10758,33491.45,26339.56,0.4251,0.2798,0.7758,5.9,841,5,0.7217,4,17.5,1
SYN-U-10759,51715.99,43885.95,0.8654,0.5706,0.1811,23.2,435,5,0.9523,0,0.0,0
SYN-U-10760,96572.22,88337.57,0.8293,0.6613,0.195,24.5,1382,0,1.0,0,0.0,0
SYN-U-10761,15784.51,12197.87,0.9032,0.8288,0.2516,40.2,1535,7,0.8575,0,0.0,0
SYN-U-10762,58940.19,43379.12,0.848,0.5894,0.3711,35.6,969,3,0.9974,0,0.0,0
SYN-U-10763,42151.56,36682.78,0.7382,0.7242,0.4477,29.1,1097,3,0.9974,0,0.0,0
SYN-U-10764,78509.16,68449.1,0.8635,0.7161,0.1613,58.3,2377,1,0.9707,1,1.4,0
SYN-U-10765,41994.89,35196.95,0.9527,0.5525,0.2975,62.8,1684,0,1.0,0,0.0,0
SYN-U-10766,55428.38,36560.01,0.5795,0.4574,0.6332,22.1,2419,4,0.7981,0,0.0,0
SYN-U-10767,89502.28,79922.92,0.698,0.5403,0.358,35.3,1817,7,0.9745,0,0.0,0
SYN-U-10768,55180.56,39409.76,0.7215,0.8811,0.2576,48.5,1177,6,0.9703,0,0.0,0
SYN-U-10769,27558.88,20221.75,0.7107,0.6239,0.3037,12.8,975,7,0.9581,0,0.0,0
SYN-U-10770,31560.58,27689.34,0.9003,0.9063,0.459,44.8,261,2,0.8978,0,0.0,0
SYN-U-10771,16306.61,14586.71,0.6009,0.4975,0.4087,42.6,619,0,1.0,0,0.0,0
SYN-U-10772,44748.96,40608.83,0.8128,0.6285,0.4218,9.9,627,2,0.8674,0,0.0,0
SYN-U-10773,51946.14,46111.96,0.7964,0.7992,0.1604,56.9,2367,4,0.9896,0,0.0,0
SYN-U-10774,201286.72,174737.43,0.892,0.9198,0.3242,12.5,994,7,0.9621,1,2.3,0
SYN-U-10775,48619.04,39386.26,0.7857,0.8782,0.4702,28.5,391,3,0.9271,0,0.0,0
SYN-U-10776,36593.81,33511.96,0.8087,0.7285,0.3536,30.8,229,2,0.998,0,0.0,0
SYN-U-10777,65698.59,46104.31,0.8106,0.4813,0.6037,6.9,2138,1,0.8046,0,0.0,0
SYN-U-10778,58619.41,39270.74,0.7766,0.8637,0.4299,19.3,1150,1,0.8727,0,0.0,0
SYN-U-10779,162878.41,134298.06,0.589,0.4852,0.4448,54.0,1809,0,1.0,0,0.0,0
SYN-U-10780,117813.39,101101.84,0.4287,0.1886,0.6586,8.6,2376,0,1.0,0,0.0,0
SYN-U-10781,72336.21,67247.87,0.6119,0.6389,0.4438,14.8,1090,0,1.0,0,0.0,0
SYN-U-10782,180034.71,143975.12,0.7278,0.8176,0.3075,34.8,1542,4,0.9665,1,0.2,0
SYN-U-10783,72211.65,50868.29,0.7176,0.6887,0.2105,27.9,1027,3,0.9643,1,0.2,0
SYN-U-10784,62503.02,58726.59,0.6028,0.4248,0.5625,50.5,2231,6,0.9596,0,0.0,0
SYN-U-10785,58525.58,45482.01,0.9526,0.6044,0.1762,45.4,648,2,0.9878,0,0.0,0
SYN-U-10786,15361.93,12009.35,0.2288,0.302,0.862,48.5,541,5,0.5569,0,0.0,1
SYN-U-10787,63240.84,46331.17,0.8254,0.5779,0.5882,15.6,463,2,0.7266,0,0.0,0
SYN-U-10788,80761.07,59511.46,0.9172,0.6077,0.4244,7.7,687,3,0.8608,0,0.0,0
SYN-U-10789,15508.94,11501.35,0.2752,0.1777,0.7685,38.3,2013,3,0.6243,0,0.0,1
SYN-U-10790,58384.57,50757.56,0.551,0.5008,0.3623,54.2,991,2,0.8321,0,0.0,0
SYN-U-10791,150662.22,143652.06,0.8495,0.856,0.201,23.8,451,6,0.8697,0,0.0,0
SYN-U-10792,74185.9,70345.56,0.8774,0.674,0.2591,7.3,2377,0,1.0,0,0.0,0
SYN-U-10793,51617.09,47492.95,0.9233,0.8713,0.386,39.2,956,2,0.9388,0,0.0,0
SYN-U-10794,150577.13,102323.1,0.7956,0.5368,0.6424,25.7,1140,7,0.9311,0,0.0,0
SYN-U-10795,56022.21,38273.5,0.7599,0.6674,0.3628,12.7,633,1,0.9135,1,3.0,0
SYN-U-10796,23727.2,20830.89,0.442,0.5579,0.5472,59.0,1892,7,0.5512,0,0.0,0
SYN-U-10797,17522.2,16451.05,0.5477,0.4006,0.443,36.1,794,1,0.5791,0,0.0,0
SYN-U-10798,25866.3,19104.82,0.875,0.7397,0.4966,40.3,480,6,0.8867,0,0.0,0
SYN-U-10799,66375.19,61562.65,0.8434,0.5551,0.4442,21.1,89,7,0.9407,2,2.4,0
SYN-U-10800,67861.61,61166.61,0.9026,0.8821,0.1939,61.0,2128,5,0.9221,0,0.0,0
SYN-U-10801,53092.43,50488.82,0.7227,0.9036,0.3634,13.8,436,0,1.0,0,0.0,0
SYN-U-10802,77359.81,59481.5,0.6223,0.7564,0.4821,52.3,951,7,0.9751,0,0.0,0
SYN-U-10803,104144.23,82641.12,0.9306,0.622,0.4852,52.0,1345,4,0.9198,0,0.0,0
SYN-U-10804,73043.06,65195.46,0.2357,0.3048,0.5621,32.3,1614,4,0.6294,2,5.6,1
SYN-U-10805,23352.28,17375.81,0.7939,0.7996,0.4367,58.5,1529,5,0.8821,2,0.9,0
SYN-U-10806,22331.5,19940.54,0.7249,0.8043,0.3462,45.7,1490,3,0.9039,0,0.0,0
SYN-U-10807,14622.9,14151.54,0.7106,0.4648,0.421,34.0,552,6,0.9489,0,0.0,0
SYN-U-10808,33951.24,22480.13,0.4112,0.495,0.8699,56.4,847,6,0.6458,1,13.6,1
SYN-U-10809,49307.61,38047.84,0.8323,0.7899,0.3626,49.7,733,2,0.9618,0,0.0,0
SYN-U-10810,62903.07,47063.22,0.9062,0.7069,0.3143,12.7,1728,5,0.8627,2,0.8,0
SYN-U-10811,45404.11,36618.07,0.9673,0.6192,0.195,42.1,60,5,0.9344,0,0.0,0
SYN-U-10812,33189.0,24654.12,0.7038,0.615,0.3428,18.9,1717,2,0.9435,0,0.0,0
SYN-U-10813,18881.45,15595.14,0.8568,0.8278,0.3388,17.2,901,4,0.869,1,2.5,0
SYN-U-10814,29706.01,26537.32,0.7535,0.7548,0.1697,50.2,1236,0,1.0,0,0.0,0
SYN-U-10815,251670.05,207211.38,0.9094,0.6757,0.4332,30.2,1842,2,0.9497,2,1.3,0
SYN-U-10816,195303.15,150792.24,0.7137,0.6156,0.3795,62.1,952,3,0.9669,2,1.4,0
SYN-U-10817,12957.44,9569.0,0.2842,0.543,0.8098,41.1,1279,0,1.0,0,0.0,1
SYN-U-10818,79843.91,68554.25,0.7347,0.5843,0.5167,27.5,1819,0,1.0,0,0.0,0
SYN-U-10819,38279.11,35104.86,0.2401,0.3182,0.504,15.0,88,5,0.6888,0,0.0,1
SYN-U-10820,16520.73,13622.49,0.7002,0.4522,0.5458,18.8,782,7,0.7247,3,14.9,0
SYN-U-10821,144429.44,110743.1,0.7822,0.7762,0.175,29.8,1344,1,0.8807,0,0.0,0
SYN-U-10822,68507.42,63767.57,0.8578,0.8252,0.342,58.8,306,7,0.9114,0,0.0,0
SYN-U-10823,103801.62,72164.17,0.6688,0.5251,0.6104,49.0,2278,4,0.8168,0,0.0,0
SYN-U-10824,34126.12,23461.78,0.8119,0.9181,0.3094,40.3,328,4,0.9712,1,2.8,0
SYN-U-10825,36179.2,24578.09,0.8624,0.8939,0.3347,48.4,1299,7,0.929,0,0.0,0
SYN-U-10826,67015.27,50325.43,0.717,0.8803,0.2296,9.2,1865,1,0.9594,0,0.0,0
SYN-U-10827,169904.34,159990.48,0.5994,0.5705,0.5686,8.6,2110,4,0.7186,0,0.0,0
SYN-U-10828,38958.62,27674.54,0.7587,0.6116,0.395,59.4,2060,1,0.8814,1,1.1,0
SYN-U-10829,69511.29,54437.66,0.9128,0.8351,0.4534,29.1,355,7,0.9833,0,0.0,0
SYN-U-10830,60345.44,48360.13,0.5272,0.4549,0.4566,15.7,560,4,0.7549,0,0.0,0
SYN-U-10831,30958.31,27282.93,0.9195,0.6071,0.2579,32.3,1816,0,1.0,0,0.0,0
SYN-U-10832,54642.82,52145.8,0.7592,0.6604,0.477,35.6,321,6,0.958,0,0.0,0
SYN-U-10833,31818.37,25856.12,0.7254,0.492,0.6534,16.3,520,0,1.0,0,0.0,0
SYN-U-10834,35487.91,33037.84,0.7256,0.7788,0.2238,34.5,1174,3,0.9788,0,0.0,0
SYN-U-10835,41637.05,32791.45,0.9766,0.8763,0.3751,44.0,627,1,0.901,0,0.0,0
SYN-U-10836,83725.21,66045.3,0.7847,0.7957,0.2288,38.2,129,4,0.9245,0,0.0,0
SYN-U-10837,16428.34,12478.9,0.4218,0.1937,0.7288,24.0,1118,1,0.7941,3,5.3,1
SYN-U-10838,32282.9,27988.75,0.8895,0.8487,0.2642,17.6,1720,7,0.8988,0,0.0,0
SYN-U-10839,64570.29,54305.97,0.7185,0.632,0.3518,43.4,1028,6,0.7882,1,3.3,0
SYN-U-10840,47632.43,37177.77,0.8468,0.6567,0.3588,32.2,1385,7,0.8763,0,0.0,0
SYN-U-10841,34805.75,30788.75,0.7932,0.8289,0.4544,10.9,2152,1,0.899,0,0.0,0
SYN-U-10842,37421.74,34518.06,0.9265,0.818,0.3964,23.2,1063,5,0.9359,1,1.2,0
SYN-U-10843,51299.28,48659.69,0.5088,0.621,0.51,35.3,944,2,0.8724,0,0.0,0
SYN-U-10844,78188.18,74287.42,0.8705,0.7646,0.4841,55.8,708,4,0.9317,0,0.0,0
SYN-U-10845,167184.3,142987.77,0.8218,0.6145,0.6395,18.6,172,4,0.7747,2,2.3,0
SYN-U-10846,54149.09,47812.82,0.7113,0.9129,0.3179,51.0,243,5,0.9682,0,0.0,0
SYN-U-10847,17057.82,14690.11,0.6097,0.2855,0.67,54.8,504,0,1.0,0,0.0,0
SYN-U-10848,26474.61,24140.74,0.341,0.5701,0.8114,59.7,1243,2,0.5517,0,0.0,0
SYN-U-10849,34298.63,31112.51,0.7016,0.8267,0.2227,22.9,2244,0,1.0,0,0.0,0
SYN-U-10850,140194.0,109050.45,0.8286,0.639,0.4653,42.7,1561,6,0.9897,1,2.5,0
SYN-U-10851,60328.02,47517.84,0.6299,0.7023,0.4508,31.3,2064,1,0.8286,0,0.0,0
SYN-U-10852,75368.17,50187.73,0.5178,0.5747,0.4989,46.0,2280,3,0.9666,0,0.0,0
SYN-U-10853,50791.48,35905.19,0.8958,0.7437,0.1947,43.4,1038,0,1.0,0,0.0,0
SYN-U-10854,55331.83,47765.87,0.3414,0.3892,0.6767,21.2,2376,4,0.6209,2,3.4,1
SYN-U-10855,41729.1,33299.3,0.7144,0.8641,0.2457,51.4,1616,3,0.9872,0,0.0,0
SYN-U-10856,112422.88,82615.76,0.9585,0.5763,0.1822,30.7,1555,7,0.976,2,1.0,0
SYN-U-10857,54453.66,51197.6,0.5861,0.7723,0.6412,55.7,1050,7,0.9435,2,4.4,0
SYN-U-10858,185235.76,134423.17,0.966,0.5722,0.2209,64.1,953,6,0.8676,1,0.2,0
SYN-U-10859,70503.37,57056.05,0.97,0.5588,0.2473,29.8,1562,0,1.0,0,0.0,0
SYN-U-10860,37632.85,33384.71,0.8289,0.6273,0.3133,63.0,1189,3,0.9718,0,0.0,0
SYN-U-10861,98592.6,74324.51,0.8901,0.6204,0.4941,26.8,828,7,0.8995,0,0.0,0
SYN-U-10862,44149.94,31677.37,0.8494,0.917,0.4625,42.0,2438,7,0.8978,0,0.0,0
SYN-U-10863,40283.15,30138.57,0.7793,0.7509,0.3791,60.4,1893,1,0.8972,1,2.2,0
SYN-U-10864,67885.57,59514.17,0.7029,0.9031,0.4633,57.3,1684,3,0.8575,0,0.0,0
SYN-U-10865,41403.85,27298.99,0.7303,0.7057,0.1903,12.7,2313,5,0.9053,0,0.0,0
SYN-U-10866,28707.48,23042.49,0.8502,0.5922,0.3926,40.1,2006,3,0.9652,0,0.0,0
SYN-U-10867,41754.81,39015.76,0.9413,0.8783,0.4497,14.3,2388,3,0.8955,0,0.0,0
SYN-U-10868,36586.34,31902.86,0.4708,0.453,0.7584,44.7,2474,2,0.6125,1,12.7,1
SYN-U-10869,142511.33,105575.02,0.7439,0.768,0.2857,38.6,496,2,0.8687,0,0.0,0
SYN-U-10870,22925.13,17088.9,0.6756,0.5507,0.826,38.9,1311,2,0.8011,3,11.3,0
SYN-U-10871,48660.33,46780.27,0.4722,0.2032,0.4319,52.0,775,0,1.0,0,0.0,1
SYN-U-10872,158618.6,153098.87,0.8875,0.5512,0.1724,37.0,504,3,0.9107,0,0.0,0
SYN-U-10873,105346.9,97523.16,0.8437,0.627,0.4659,13.5,2373,5,0.8733,0,0.0,0
SYN-U-10874,17388.43,15879.59,0.2328,0.3091,0.8753,36.3,869,0,1.0,0,0.0,1
SYN-U-10875,20988.23,19583.93,0.7217,0.6494,0.6691,53.4,1881,6,0.8702,3,9.5,0
SYN-U-10876,29914.97,21245.4,0.7373,0.6596,0.3297,18.2,874,0,1.0,0,0.0,0
SYN-U-10877,98147.44,78291.91,0.8322,0.764,0.2737,21.7,2259,3,0.9808,0,0.0,0
SYN-U-10878,16958.9,11109.77,0.9685,0.6777,0.2427,9.4,1885,6,0.8567,0,0.0,0
SYN-U-10879,47483.28,32249.28,0.7672,0.6031,0.207,58.8,1766,2,0.9343,0,0.0,0
SYN-U-10880,32148.93,25525.8,0.8338,0.5779,0.1831,51.2,164,4,0.8927,0,0.0,0
SYN-U-10881,28269.11,22558.75,0.4493,0.4896,0.4026,10.2,515,1,0.658,0,0.0,0
SYN-U-10882,71994.44,56833.14,0.6326,0.5698,0.3766,30.4,2360,7,0.9244,1,7.4,0
SYN-U-10883,71768.0,46882.98,0.8474,0.8492,0.3035,25.1,693,6,0.9681,0,0.0,0
SYN-U-10884,231411.5,159465.18,0.7677,0.7908,0.2779,9.1,2385,6,0.9009,0,0.0,0
SYN-U-10885,51954.09,35073.27,0.5627,0.4308,0.4201,41.1,2021,7,0.7463,1,2.1,0
SYN-U-10886,115357.69,96641.89,0.5946,0.7407,0.6452,56.8,408,2,0.933,0,0.0,0
SYN-U-10887,16348.85,12499.39,0.7214,0.2722,0.5031,58.0,862,3,0.546,3,9.6,0
SYN-U-10888,21055.61,14845.39,0.7537,0.7403,0.3719,64.3,1556,3,0.9679,1,1.3,0
SYN-U-10889,62560.18,54786.1,0.6738,0.48,0.4118,61.7,1231,5,0.8931,1,5.7,0
SYN-U-10890,51266.19,40763.25,0.8079,0.5762,0.4398,62.5,1036,7,0.9522,0,0.0,0
SYN-U-10891,88567.61,85561.61,0.5306,0.5913,0.2604,52.5,791,4,0.9566,0,0.0,0
SYN-U-10892,62691.77,41003.24,0.6692,0.58,0.4813,53.4,1776,7,0.6216,4,13.9,0
SYN-U-10893,213969.72,151760.59,0.7951,0.7891,0.4505,8.5,926,1,0.8669,1,2.8,0
SYN-U-10894,85491.19,58259.69,0.7796,0.8376,0.214,35.0,1603,4,0.8604,0,0.0,0
SYN-U-10895,40746.61,37811.05,0.7285,0.5866,0.437,5.8,1405,6,0.8156,0,0.0,0
SYN-U-10896,43267.46,38334.31,0.655,0.6492,0.5523,58.1,2172,2,0.8058,2,3.2,0
SYN-U-10897,61174.01,56593.15,0.5259,0.6249,0.401,17.3,765,3,0.8727,0,0.0,0
SYN-U-10898,16766.72,10952.22,0.334,0.3829,0.4589,8.1,596,0,1.0,0,0.0,0
SYN-U-10899,150816.37,120579.51,0.863,0.6392,0.2194,18.9,1480,0,1.0,0,0.0,0
SYN-U-10900,53558.12,52092.19,0.7309,0.6702,0.4347,54.1,441,5,0.9338,0,0.0,0
SYN-U-10901,30260.68,28091.03,0.5464,0.6541,0.3376,27.2,310,6,0.7386,2,5.1,0
SYN-U-10902,40802.18,29302.51,0.9797,0.8729,0.3665,41.7,2210,1,0.9968,0,0.0,0
SYN-U-10903,23114.8,19783.83,0.404,0.3255,0.6135,27.6,1933,5,0.8756,0,0.0,0
SYN-U-10904,35409.35,32200.16,0.7438,0.6191,0.347,51.6,173,5,0.8759,0,0.0,0
SYN-U-10905,109619.43,103759.16,0.7639,0.9037,0.4096,51.6,554,1,0.8702,0,0.0,0
SYN-U-10906,40542.31,37080.09,0.3842,0.2193,0.4506,57.2,1768,3,0.9497,0,0.0,1
SYN-U-10907,28902.34,21558.24,0.2361,0.4496,0.6135,22.8,1037,3,0.6661,0,0.0,0
SYN-U-10908,87505.62,69571.3,0.7798,0.6728,0.486,46.4,2459,0,1.0,0,0.0,0
SYN-U-10909,50496.44,48737.16,0.7048,0.6417,0.4295,41.7,1838,4,0.9269,2,0.8,0
SYN-U-10910,62800.29,54182.71,0.956,0.8563,0.4925,29.2,2109,1,0.8869,1,0.2,0
SYN-U-10911,24160.98,20489.5,0.4674,0.6145,0.7245,14.3,1605,2,0.8343,3,8.7,0
SYN-U-10912,39759.68,33754.78,0.7073,0.6975,0.2789,63.6,54,2,0.8912,0,0.0,0
SYN-U-10913,105591.9,92301.31,0.8276,0.8778,0.4617,13.3,647,0,1.0,0,0.0,0
SYN-U-10914,138942.93,106425.06,0.8814,0.7579,0.2329,43.5,1498,1,0.9067,2,2.7,0
SYN-U-10915,46702.7,36845.55,0.6372,0.6616,0.2855,41.2,641,3,0.7677,1,4.8,0
SYN-U-10916,122081.28,96313.53,0.732,0.9049,0.2674,10.7,1384,4,0.9912,0,0.0,0
SYN-U-10917,26218.52,25315.84,0.7052,0.7493,0.4586,26.5,165,7,0.8866,0,0.0,0
SYN-U-10918,114275.14,74708.23,0.9108,0.6222,0.2199,49.2,610,3,0.9232,0,0.0,0
SYN-U-10919,31104.63,26517.29,0.9533,0.9068,0.401,59.9,1446,3,0.856,1,1.2,0
SYN-U-10920,57551.79,51500.68,0.4812,0.3761,0.8503,10.2,2440,7,0.7377,0,0.0,0
SYN-U-10921,42139.65,34318.46,0.7004,0.6193,0.3438,32.2,687,4,0.9704,0,0.0,0
SYN-U-10922,78721.54,76614.12,0.7883,0.7106,0.6305,28.9,582,7,0.8115,0,0.0,0
SYN-U-10923,97154.06,87020.91,0.7787,0.656,0.3299,43.8,2026,5,0.9057,0,0.0,0
SYN-U-10924,13607.39,13105.8,0.3369,0.2956,0.8537,58.0,2218,3,0.6223,0,0.0,1
SYN-U-10925,89502.21,75580.25,0.7563,0.7817,0.3289,42.6,438,0,1.0,0,0.0,0
SYN-U-10926,33632.43,29088.82,0.9434,0.7782,0.1762,31.8,983,7,0.9296,0,0.0,0
SYN-U-10927,137097.21,111279.46,0.8719,0.8532,0.4597,52.4,769,6,0.8749,0,0.0,0
SYN-U-10928,106179.84,79021.33,0.6072,0.7313,0.4296,44.9,1851,2,0.9474,1,7.9,0
SYN-U-10929,23203.16,21467.71,0.8468,0.6929,0.2745,36.3,1306,0,1.0,0,0.0,0
SYN-U-10930,63696.86,62147.53,0.8009,0.7162,0.2851,35.6,1799,0,1.0,0,0.0,0
SYN-U-10931,67670.94,46572.24,0.5227,0.6429,0.576,6.4,1993,6,0.9663,2,7.4,0
SYN-U-10932,77606.74,55373.29,0.8972,0.6592,0.3392,12.3,2138,3,0.9137,0,0.0,0
SYN-U-10933,66530.24,61377.59,0.7311,0.5715,0.2537,30.0,2479,3,0.9876,1,0.9,0
SYN-U-10934,60977.06,43874.79,0.8938,0.5654,0.4427,45.8,2310,6,0.9474,0,0.0,0
SYN-U-10935,100997.05,94940.28,0.5863,0.5214,0.5896,13.1,2249,2,0.6593,1,6.7,0
SYN-U-10936,13878.37,11987.39,0.6157,0.5058,0.4438,37.9,1078,0,1.0,0,0.0,0
SYN-U-10937,49401.95,43143.14,0.8969,0.6633,0.3506,16.1,1757,0,1.0,0,0.0,0
SYN-U-10938,57562.93,39793.08,0.2958,0.2441,0.7813,40.4,560,7,0.8344,2,16.0,1
SYN-U-10939,43931.31,37257.08,0.927,0.9183,0.2886,55.2,1560,6,0.8633,0,0.0,0
SYN-U-10940,53131.93,51509.98,0.8145,0.567,0.4119,35.0,2185,3,0.8938,1,0.0,0
SYN-U-10941,49258.69,41426.99,0.6628,0.5855,0.6789,28.4,580,7,0.8754,3,8.5,0
SYN-U-10942,28699.28,27621.17,0.8377,0.7959,0.4746,27.5,1623,0,1.0,0,0.0,0
SYN-U-10943,46981.21,38047.24,0.9034,0.6249,0.2111,33.1,2303,4,0.9239,0,0.0,0
SYN-U-10944,31374.2,30239.5,0.8829,0.8382,0.2416,24.7,1298,5,0.8685,0,0.0,0
SYN-U-10945,30459.63,20530.61,0.5054,0.7811,0.3362,25.8,1269,0,1.0,0,0.0,0
SYN-U-10946,50672.07,42574.02,0.9282,0.6067,0.396,59.8,634,5,0.9086,0,0.0,0
SYN-U-10947,79828.12,66422.7,0.4363,0.4137,0.4327,41.2,2109,5,0.6866,0,0.0,0
SYN-U-10948,13026.1,11346.45,0.7992,0.6956,0.5139,12.2,417,1,0.841,2,5.7,0
SYN-U-10949,72650.66,58529.84,0.8318,0.4398,0.3717,20.8,1448,4,0.9702,0,0.0,0
SYN-U-10950,41078.02,31647.76,0.7328,0.4397,0.5777,22.1,766,7,0.5071,0,0.0,0
SYN-U-10951,27057.14,26140.11,0.9284,0.723,0.3779,8.2,1578,5,0.8719,1,3.0,0
SYN-U-10952,179515.36,132503.59,0.614,0.4609,0.4798,54.0,1831,7,0.8955,0,0.0,0
SYN-U-10953,32910.48,29073.38,0.9572,0.7386,0.4505,60.3,779,5,0.8725,0,0.0,0
SYN-U-10954,35726.85,34247.4,0.8283,0.6975,0.2606,30.3,159,5,0.944,1,2.3,0
SYN-U-10955,17389.6,14447.44,0.5046,0.5024,0.818,58.4,1686,0,1.0,0,0.0,0
SYN-U-10956,63005.6,48287.98,0.5935,0.6963,0.4138,59.7,2119,0,1.0,0,0.0,0
SYN-U-10957,138889.56,130571.43,0.8825,0.7839,0.4485,16.4,531,6,0.9292,0,0.0,0
SYN-U-10958,82024.02,63134.99,0.7847,0.6458,0.2703,65.0,2471,1,0.77,0,0.0,0
SYN-U-10959,65634.42,49977.24,0.8973,0.7688,0.4695,33.8,1784,3,0.8873,1,2.6,0
SYN-U-10960,112128.36,98411.69,0.919,0.612,0.4847,63.5,1545,6,0.9314,0,0.0,0
SYN-U-10961,66461.58,51045.99,0.8372,0.6385,0.4475,61.5,1494,3,0.8606,0,0.0,0
SYN-U-10962,40259.41,34257.6,0.7568,0.885,0.2216,7.0,620,4,0.9007,1,0.2,0
SYN-U-10963,44839.33,35062.52,0.7214,0.7966,0.3468,5.1,1274,4,0.9211,2,0.9,0
SYN-U-10964,24424.54,20282.33,0.6742,0.7577,0.5896,43.8,2235,6,0.9174,1,3.9,0
SYN-U-10965,49335.98,34409.5,0.6198,0.6636,0.6096,35.5,1031,3,0.8817,0,0.0,0
SYN-U-10966,66004.46,46294.67,0.5384,0.532,0.3097,59.1,1997,5,0.9032,2,7.6,0
SYN-U-10967,16142.31,13768.08,0.7042,0.3334,0.6962,37.8,289,2,0.8454,0,0.0,0
SYN-U-10968,23956.21,20024.09,0.7278,0.3265,0.8301,44.3,2190,2,0.9482,1,13.6,1
SYN-U-10969,16692.65,12588.96,0.5801,0.4062,0.573,59.6,1427,3,0.8365,0,0.0,0
SYN-U-10970,42096.84,28007.27,0.8323,0.4155,0.2634,15.5,638,1,0.7299,0,0.0,0
SYN-U-10971,39684.34,30488.06,0.8782,0.8362,0.4791,17.5,385,3,0.9951,0,0.0,0
SYN-U-10972,25222.46,18524.87,0.7821,0.5093,0.6118,64.8,1401,6,0.9342,0,0.0,0
SYN-U-10973,325031.46,286874.2,0.8709,0.5878,0.3523,8.4,1707,0,1.0,0,0.0,0
SYN-U-10974,51552.96,42951.79,0.6073,0.2116,0.5732,54.0,861,3,0.6903,1,8.9,1
SYN-U-10975,71992.96,58537.06,0.8842,0.6209,0.4812,34.5,197,5,0.9782,0,0.0,0
SYN-U-10976,48569.18,46133.53,0.5322,0.2308,0.5208,17.3,1179,5,0.8865,2,12.8,1
SYN-U-10977,52262.14,46388.83,0.6313,0.4183,0.3991,58.8,2394,4,0.9137,0,0.0,0
SYN-U-10978,294018.03,246538.64,0.7463,0.6334,0.1906,13.5,941,3,0.9453,0,0.0,0
SYN-U-10979,33243.68,22329.93,0.919,0.7567,0.2667,29.2,1438,2,0.9239,1,2.3,0
SYN-U-10980,81593.02,59745.29,0.7659,0.4868,0.5358,22.3,1405,7,0.7837,0,0.0,0
SYN-U-10981,44384.31,29848.51,0.3721,0.3629,0.5335,40.3,1358,1,0.808,0,0.0,0
SYN-U-10982,49657.12,40343.01,0.8299,0.6346,0.4097,46.9,520,7,0.8684,0,0.0,0
SYN-U-10983,27886.63,20195.21,0.7634,0.6487,0.4361,63.1,2086,2,0.9101,0,0.0,0
SYN-U-10984,55216.11,53440.74,0.7102,0.5846,0.5837,7.6,2383,7,0.9774,0,0.0,0
SYN-U-10985,71070.46,58730.9,0.3913,0.2471,0.52,12.3,1218,1,0.6327,3,16.5,1
SYN-U-10986,216493.57,202619.01,0.9572,0.8029,0.4655,17.2,1314,3,0.8819,1,1.4,0
SYN-U-10987,35912.31,23635.57,0.621,0.2057,0.8574,7.1,1434,1,0.8104,2,10.8,1
SYN-U-10988,57371.5,53229.11,0.7691,0.6457,0.3122,33.2,456,7,0.9299,1,1.5,0
SYN-U-10989,37107.68,33884.34,0.6349,0.712,0.3772,55.8,1702,7,0.9073,0,0.0,0
SYN-U-10990,77595.0,52602.08,0.4868,0.6261,0.4591,38.9,105,6,0.71,3,15.4,0
SYN-U-10991,41936.55,40906.96,0.7399,0.3486,0.6196,12.1,1543,4,0.9057,0,0.0,0
SYN-U-10992,23646.16,19778.99,0.5544,0.2839,0.7708,64.5,779,1,0.7589,2,8.4,1
SYN-U-10993,35386.87,31711.89,0.8217,0.5685,0.3959,19.7,574,0,1.0,0,0.0,0
SYN-U-10994,71243.96,59409.98,0.7341,0.869,0.2615,34.2,2122,3,0.9505,0,0.0,0
SYN-U-10995,16003.86,11478.8,0.281,0.4272,0.4144,25.9,933,5,0.8632,1,15.9,1
SYN-U-10996,92649.57,68824.72,0.6945,0.4446,0.4923,30.9,904,7,0.7582,0,0.0,0
SYN-U-10997,33556.94,27507.06,0.7301,0.8363,0.228,16.9,1325,6,0.9262,1,2.9,0
SYN-U-10998,61139.03,50462.51,0.249,0.4024,0.8782,42.1,1829,0,1.0,0,0.0,1
SYN-U-10999,48098.45,38201.22,0.9032,0.8973,0.3963,21.9,782,5,0.9902,0,0.0,0
SYN-U-11000,65685.9,57315.92,0.5321,0.5735,0.4679,26.7,1632,0,1.0,0,0.0,0
SYN-U-11001,53659.01,50773.79,0.9322,0.6774,0.1796,6.0,1024,7,0.9659,1,1.5,0
SYN-U-11002,34047.01,30720.39,0.887,0.6153,0.4751,45.2,1528,5,0.8696,1,1.0,0
SYN-U-11003,47369.58,34461.18,0.7904,0.8914,0.45,11.7,1564,2,0.858,0,0.0,0
SYN-U-11004,19473.98,18862.96,0.9753,0.8481,0.4292,60.6,1452,1,0.94,0,0.0,0
SYN-U-11005,90193.02,81380.17,0.9046,0.6277,0.1668,21.8,506,7,0.9625,2,0.2,0
SYN-U-11006,30232.76,27112.17,0.6454,0.5825,0.8485,33.5,2337,4,0.7739,4,4.8,0
SYN-U-11007,61334.39,44794.57,0.6055,0.5827,0.2573,10.7,1597,2,0.7698,0,0.0,0
SYN-U-11008,51277.98,40508.58,0.7462,0.5796,0.6154,12.1,2351,5,0.6587,2,7.6,0
SYN-U-11009,207186.85,194010.8,0.7612,0.4356,0.5136,38.2,187,2,0.8966,2,6.5,0
SYN-U-11010,169825.15,165035.28,0.7193,0.4549,0.4443,17.4,1194,6,0.8155,0,0.0,0
SYN-U-11011,110480.21,100305.91,0.5367,0.7053,0.4279,15.0,2415,7,0.8591,2,5.6,0
SYN-U-11012,52086.5,39301.71,0.749,0.703,0.4559,34.8,474,4,0.9261,1,1.5,0
SYN-U-11013,22457.88,19716.82,0.347,0.4208,0.569,20.1,856,5,0.6305,4,17.2,1
SYN-U-11014,46126.36,41645.81,0.7381,0.8295,0.4832,19.6,236,6,0.9177,0,0.0,0
SYN-U-11015,63521.1,43422.99,0.91,0.5961,0.4922,18.3,1734,5,0.8833,1,2.8,0
SYN-U-11016,80570.36,63875.53,0.7036,0.5308,0.2862,30.4,513,0,1.0,0,0.0,0
SYN-U-11017,42840.83,29292.63,0.8559,0.5896,0.4076,31.0,1594,3,0.9683,1,2.9,0
SYN-U-11018,47671.83,44354.3,0.7169,0.5789,0.746,47.8,1460,1,0.7096,0,0.0,0
SYN-U-11019,44047.96,43096.91,0.9146,0.5992,0.3317,51.6,80,0,1.0,0,0.0,0
SYN-U-11020,16865.47,12626.42,0.3419,0.1686,0.6182,28.1,2337,2,0.8072,4,8.3,1
SYN-U-11021,48244.17,41486.49,0.74,0.7449,0.1517,7.1,2450,7,0.9127,0,0.0,0
SYN-U-11022,73452.95,53281.38,0.798,0.6517,0.1705,35.5,1737,3,0.9018,2,0.8,0
SYN-U-11023,23150.83,20408.21,0.731,0.8834,0.3913,46.8,2300,5,0.9029,0,0.0,0
SYN-U-11024,44404.8,35976.54,0.8823,0.5973,0.2325,11.4,1317,1,0.9527,0,0.0,0
SYN-U-11025,108380.52,98328.0,0.6221,0.4739,0.5163,17.9,2135,3,0.7655,0,0.0,0
SYN-U-11026,36226.38,26285.69,0.9281,0.6297,0.1983,45.6,610,4,0.9682,1,0.4,0
SYN-U-11027,93903.36,72932.24,0.5863,0.7501,0.6478,53.3,774,4,0.8232,1,6.7,0
SYN-U-11028,128018.03,101903.73,0.7777,0.8717,0.3622,22.1,1761,4,0.9122,0,0.0,0
SYN-U-11029,109072.15,72774.63,0.7571,0.7883,0.2876,37.5,1005,5,0.917,2,0.6,0
SYN-U-11030,84346.3,70359.64,0.643,0.6356,0.5557,33.3,652,4,0.7107,1,6.7,0
SYN-U-11031,49598.68,43002.86,0.7532,0.853,0.4984,29.3,1719,5,0.9072,0,0.0,0
SYN-U-11032,70429.6,49723.44,0.8094,0.6361,0.5147,51.4,2461,3,0.733,1,2.4,0
SYN-U-11033,56667.85,49967.47,0.9278,0.6388,0.1889,58.1,796,3,0.9318,0,0.0,0
SYN-U-11034,31833.98,20994.69,0.7433,0.8415,0.3009,60.9,1827,1,0.9883,0,0.0,0
SYN-U-11035,102521.06,82646.48,0.5201,0.7111,0.6305,45.5,1608,1,0.7651,1,4.6,0
SYN-U-11036,66740.63,45766.87,0.5301,0.7883,0.3689,5.7,1846,2,0.928,2,4.3,0
SYN-U-11037,70390.49,48551.03,0.2161,0.1766,0.6432,11.4,1750,3,0.7882,1,15.2,1
SYN-U-11038,55162.28,38149.34,0.9197,0.6609,0.4005,12.4,2128,6,0.8602,0,0.0,0
SYN-U-11039,26936.3,20583.95,0.786,0.6603,0.2956,26.4,143,5,0.9164,0,0.0,0
SYN-U-11040,19091.38,14791.15,0.5882,0.6059,0.4922,31.3,1797,2,0.9025,0,0.0,0
SYN-U-11041,27491.39,26743.48,0.7617,0.6403,0.3728,46.2,791,0,1.0,0,0.0,0
SYN-U-11042,46568.98,39630.48,0.8248,0.8932,0.2136,9.6,614,0,1.0,0,0.0,0
SYN-U-11043,160938.26,156766.02,0.6758,0.6704,0.4221,19.0,1692,1,0.7084,0,0.0,0
SYN-U-11044,56582.14,54281.0,0.7685,0.8379,0.2124,28.2,1345,4,0.9158,0,0.0,0
SYN-U-11045,37338.78,25628.24,0.9557,0.717,0.3357,40.2,286,2,0.9778,1,1.4,0
SYN-U-11046,25585.02,21696.46,0.7291,0.7165,0.3508,51.4,229,1,0.88,0,0.0,0
SYN-U-11047,74218.35,65225.65,0.8514,0.6844,0.41,48.1,2094,4,0.9091,0,0.0,0
SYN-U-11048,23301.36,22134.22,0.2268,0.2352,0.6247,5.7,2069,6,0.8059,3,15.8,1
SYN-U-11049,121039.48,84339.95,0.6784,0.4001,0.3162,63.5,1991,2,0.8046,0,0.0,0
SYN-U-11050,20540.59,17167.0,0.4341,0.2776,0.5852,30.9,217,3,0.5984,1,7.3,1
SYN-U-11051,14303.91,13489.35,0.6211,0.7568,0.3662,49.9,882,4,0.8724,0,0.0,0
SYN-U-11052,15408.61,13158.68,0.2338,0.2065,0.7408,15.0,601,3,0.575,2,15.8,1
SYN-U-11053,111663.17,75033.92,0.8394,0.7379,0.4719,26.2,1493,2,0.7799,0,0.0,0
SYN-U-11054,31032.97,20699.27,0.8733,0.7848,0.2854,5.4,989,2,0.8822,0,0.0,0
SYN-U-11055,22426.34,17111.13,0.6361,0.2135,0.4691,52.7,1454,4,0.5361,0,0.0,0
SYN-U-11056,45521.46,36643.97,0.7748,0.8645,0.3933,57.9,913,4,0.9399,0,0.0,0
SYN-U-11057,17007.53,16014.63,0.6731,0.665,0.5419,30.0,1122,6,0.7326,0,0.0,0
SYN-U-11058,20362.88,17125.7,0.9112,0.6123,0.2298,13.8,489,2,0.9336,0,0.0,0
SYN-U-11059,51811.7,35845.47,0.7851,0.6396,0.2567,33.8,600,4,0.9344,0,0.0,0
SYN-U-11060,28524.1,24016.79,0.6464,0.5293,0.7584,10.4,515,6,0.7132,2,17.3,1
SYN-U-11061,67791.5,47578.98,0.882,0.8949,0.295,20.4,286,5,0.8743,0,0.0,0
SYN-U-11062,120489.58,82052.24,0.5048,0.5446,0.5302,40.8,2413,3,0.715,0,0.0,0
SYN-U-11063,51491.7,44262.65,0.8483,0.8392,0.2408,24.3,1105,0,1.0,0,0.0,0
SYN-U-11064,86090.32,76289.85,0.6512,0.4995,0.3308,18.2,1524,1,0.8987,0,0.0,0
SYN-U-11065,14791.96,13370.6,0.355,0.5776,0.4931,46.0,2261,3,0.6337,1,8.9,1
SYN-U-11066,63361.48,54168.12,0.5474,0.1772,0.8727,41.5,2206,0,1.0,0,0.0,0
SYN-U-11067,62975.46,49477.02,0.8754,0.7075,0.4347,53.8,894,7,0.8893,0,0.0,0
SYN-U-11068,78464.87,68953.7,0.7757,0.6188,0.4287,40.1,1250,6,0.9612,0,0.0,0
SYN-U-11069,23873.85,16292.18,0.6167,0.5692,0.7674,20.7,2338,2,0.6714,4,17.0,1
SYN-U-11070,42259.85,29676.29,0.751,0.5706,0.3311,55.8,1870,3,0.9683,1,1.8,0
SYN-U-11071,36575.42,29960.55,0.9144,0.5506,0.4901,64.5,2333,7,0.9864,0,0.0,0
SYN-U-11072,42432.86,34406.83,0.8928,0.8164,0.2219,18.4,1413,4,0.9362,0,0.0,0
SYN-U-11073,36990.63,24092.13,0.9568,0.681,0.3534,53.6,909,1,0.987,0,0.0,0
SYN-U-11074,36371.57,34381.27,0.863,0.7805,0.4377,16.0,1409,0,1.0,0,0.0,0
SYN-U-11075,64094.9,53304.84,0.8141,0.6151,0.492,7.4,784,2,0.9707,0,0.0,0
SYN-U-11076,16782.92,12074.17,0.2083,0.4477,0.5428,51.6,2229,0,1.0,0,0.0,0
SYN-U-11077,64445.6,54021.52,0.543,0.5245,0.6249,60.9,1329,4,0.9331,1,5.6,0
SYN-U-11078,52005.65,38537.81,0.7797,0.5544,0.2453,45.6,1217,1,0.9399,0,0.0,0
SYN-U-11079,42040.93,29992.05,0.7601,0.6346,0.2822,27.3,2142,6,0.8358,0,0.0,0
SYN-U-11080,15283.86,13144.43,0.3067,0.4425,0.7687,44.9,1190,6,0.609,0,0.0,1
SYN-U-11081,33944.92,30822.99,0.9572,0.7954,0.4327,16.4,1241,0,1.0,0,0.0,0
SYN-U-11082,58579.3,50809.7,0.5141,0.4834,0.3701,25.0,151,2,0.7851,0,0.0,0
SYN-U-11083,14937.72,13310.69,0.5331,0.513,0.4603,51.7,1313,7,0.7676,4,6.9,0
SYN-U-11084,82934.78,63463.28,0.6707,0.7706,0.6035,39.4,1939,6,0.8037,1,4.6,0
SYN-U-11085,20234.15,13788.08,0.4635,0.4255,0.8244,41.4,212,4,0.5698,0,0.0,1
SYN-U-11086,18713.05,17113.61,0.3082,0.4233,0.8245,36.1,696,5,0.5338,1,9.4,1
SYN-U-11087,74706.51,62832.8,0.7669,0.7952,0.2389,58.6,1257,2,0.9225,0,0.0,0
SYN-U-11088,69290.07,63723.11,0.6078,0.5497,0.2708,51.3,379,4,0.9206,0,0.0,0
SYN-U-11089,42079.66,30465.7,0.8818,0.637,0.4105,17.8,1752,0,1.0,0,0.0,0
SYN-U-11090,65436.9,52669.72,0.8068,0.8413,0.4474,29.7,901,7,0.8749,0,0.0,0
SYN-U-11091,55906.22,37546.39,0.7683,0.6264,0.421,23.8,1542,1,0.9311,0,0.0,0
SYN-U-11092,39731.82,38697.02,0.837,0.758,0.3225,6.5,579,6,0.8669,0,0.0,0
SYN-U-11093,76046.75,62845.95,0.8949,0.7444,0.4279,6.4,445,4,0.9178,0,0.0,0
SYN-U-11094,63836.55,43942.98,0.568,0.5471,0.344,16.6,1690,5,0.8189,1,6.3,0
SYN-U-11095,80505.86,77348.63,0.9176,0.7367,0.4666,38.8,1204,7,0.979,0,0.0,0
SYN-U-11096,31898.89,26808.44,0.7455,0.683,0.247,54.8,240,4,0.9883,1,2.9,0
SYN-U-11097,41704.0,29444.91,0.964,0.7454,0.255,25.3,624,3,0.9707,0,0.0,0
SYN-U-11098,80570.56,53595.47,0.6443,0.4638,0.6107,39.6,1859,2,0.8083,0,0.0,1
SYN-U-11099,51906.1,42367.13,0.964,0.5538,0.2896,25.9,1711,3,0.9713,1,0.2,0
SYN-U-11100,21697.57,14741.31,0.7296,0.6079,0.4605,22.3,1223,4,0.8777,0,0.0,0
SYN-U-11101,53614.88,49385.81,0.8671,0.671,0.2063,40.8,987,4,0.9288,0,0.0,0
SYN-U-11102,34877.47,30748.89,0.5891,0.3645,0.5053,28.0,2022,6,0.7869,0,0.0,0
SYN-U-11103,81520.96,66002.51,0.741,0.4577,0.6376,26.4,715,6,0.881,0,0.0,0
SYN-U-11104,100672.86,96378.87,0.5653,0.7683,0.3408,49.3,565,4,0.8129,2,3.2,0
SYN-U-11105,118510.86,91952.04,0.9012,0.7211,0.3013,31.2,43,0,1.0,0,0.0,0
SYN-U-11106,73788.63,64300.27,0.6437,0.4673,0.6419,45.8,448,2,0.5011,0,0.0,0
SYN-U-11107,42645.28,34008.1,0.7571,0.5796,0.4495,7.1,1273,3,0.9698,0,0.0,0
SYN-U-11108,16417.95,12044.74,0.264,0.5394,0.4522,51.5,1527,4,0.6405,0,0.0,0
SYN-U-11109,35923.79,32684.41,0.9142,0.64,0.4803,52.0,576,5,0.8876,0,0.0,0
SYN-U-11110,124004.68,88989.41,0.8899,0.8612,0.4312,13.7,2492,5,0.9171,1,0.8,0
SYN-U-11111,110734.98,106149.84,0.5495,0.4351,0.3208,10.7,847,7,0.9519,0,0.0,0
SYN-U-11112,82911.65,61516.71,0.6278,0.7804,0.316,16.8,270,6,0.7487,1,7.4,0
SYN-U-11113,15150.31,13435.54,0.5842,0.5208,0.7319,12.3,2307,6,0.7409,0,0.0,0
SYN-U-11114,42071.81,31646.24,0.9035,0.8889,0.4902,40.5,1431,2,0.9061,0,0.0,0
SYN-U-11115,52563.01,38527.42,0.8543,0.5842,0.286,23.3,180,2,0.9294,0,0.0,0
SYN-U-11116,48343.05,31496.44,0.7998,0.6609,0.3278,21.7,1738,5,0.9848,0,0.0,0
SYN-U-11117,44602.86,36311.93,0.8227,0.8451,0.4392,29.6,1311,2,0.8657,0,0.0,0
SYN-U-11118,42723.19,40591.12,0.7163,0.881,0.337,15.4,569,7,0.9107,0,0.0,0
SYN-U-11119,18395.51,12117.1,0.6381,0.5325,0.6743,37.7,1903,2,0.6617,0,0.0,0
SYN-U-11120,30479.79,27762.27,0.3543,0.2527,0.5161,46.6,1518,1,0.58,0,0.0,0
SYN-U-11121,20619.0,17855.39,0.7763,0.6194,0.4584,20.3,2127,2,0.9538,0,0.0,0
SYN-U-11122,38262.63,35716.53,0.8185,0.6566,0.2836,10.8,1964,2,0.9684,0,0.0,0
SYN-U-11123,43515.05,33649.84,0.8157,0.5863,0.3464,10.5,1576,2,0.8225,0,0.0,0
SYN-U-11124,15448.58,11322.35,0.9736,0.8135,0.2172,31.3,1681,0,1.0,0,0.0,0
SYN-U-11125,58596.55,51393.57,0.8216,0.6904,0.368,26.2,2366,4,0.936,1,0.4,0
SYN-U-11126,127218.45,92719.65,0.6411,0.4196,0.3912,25.1,772,4,0.8482,1,6.6,0
SYN-U-11127,47977.62,31827.09,0.6184,0.5811,0.4985,59.6,1537,3,0.7776,0,0.0,0
SYN-U-11128,49841.05,36225.49,0.9574,0.6263,0.4778,21.4,815,1,0.9629,0,0.0,0
SYN-U-11129,26049.66,25191.31,0.9379,0.8551,0.1646,31.4,1126,7,0.8809,0,0.0,0
SYN-U-11130,46767.56,39173.6,0.2876,0.4468,0.637,32.2,2469,7,0.6691,2,4.5,1
SYN-U-11131,37951.85,31455.01,0.5237,0.4901,0.5057,9.0,621,0,1.0,0,0.0,0
SYN-U-11132,30545.41,20073.67,0.8143,0.7603,0.5981,18.8,981,3,0.7297,1,7.6,0
SYN-U-11133,21333.83,17108.53,0.8642,0.9139,0.1869,11.3,1739,7,0.9623,0,0.0,0
SYN-U-11134,80056.29,78371.76,0.7051,0.8974,0.1883,58.0,1720,7,0.8536,0,0.0,0
SYN-U-11135,46057.84,42543.13,0.84,0.5861,0.4882,58.0,1012,7,0.9703,0,0.0,0
SYN-U-11136,14759.22,12173.47,0.254,0.4984,0.508,37.3,1652,5,0.7203,0,0.0,1
SYN-U-11137,175797.41,145765.23,0.7293,0.8621,0.3303,29.4,909,1,0.9549,0,0.0,0
SYN-U-11138,52935.62,45598.25,0.9207,0.571,0.2701,27.6,1317,5,0.9041,0,0.0,0
SYN-U-11139,18115.51,12760.41,0.5485,0.1653,0.6433,38.1,1374,5,0.6013,2,15.3,1
SYN-U-11140,54296.48,50545.39,0.6874,0.5748,0.2624,6.3,167,1,0.7971,2,7.5,0
SYN-U-11141,21368.41,18214.43,0.7808,0.4319,0.5535,22.0,1645,2,0.9212,2,5.9,0
SYN-U-11142,75524.58,67195.41,0.6529,0.5673,0.5404,56.8,2370,5,0.8506,0,0.0,0
SYN-U-11143,49126.96,35942.54,0.8988,0.842,0.2823,52.8,2332,1,0.9795,0,0.0,0
SYN-U-11144,102286.89,77975.79,0.4629,0.2675,0.4686,49.7,2269,5,0.788,0,0.0,0
SYN-U-11145,46324.86,35091.49,0.7387,0.9095,0.2393,57.4,297,4,0.9863,1,0.6,0
SYN-U-11146,37273.76,29130.44,0.9597,0.6456,0.486,36.3,2325,2,0.9573,0,0.0,0
SYN-U-11147,23236.57,17002.05,0.5391,0.4914,0.4394,49.4,34,3,0.6101,3,9.3,1
SYN-U-11148,80028.57,74715.17,0.7987,0.4337,0.5993,32.9,1708,1,0.8349,0,0.0,0
SYN-U-11149,141331.31,102898.12,0.9346,0.6466,0.2016,44.4,2291,1,0.9865,0,0.0,0
SYN-U-11150,56044.76,50806.64,0.954,0.611,0.3883,27.7,1852,6,0.9664,1,2.0,0
SYN-U-11151,44980.35,39514.55,0.9045,0.7416,0.3779,46.6,1219,6,0.9037,0,0.0,0
SYN-U-11152,33038.26,22580.85,0.2512,0.4,0.5126,14.8,2414,5,0.912,0,0.0,1
SYN-U-11153,21287.23,17881.58,0.7354,0.8509,0.3324,54.6,350,3,0.8995,0,0.0,0
SYN-U-11154,61733.06,41949.62,0.8314,0.7775,0.2708,19.0,1574,0,1.0,0,0.0,0
SYN-U-11155,73191.03,59697.86,0.7512,0.7534,0.4948,14.1,605,4,0.875,0,0.0,0
SYN-U-11156,52168.97,46385.73,0.8195,0.5755,0.2707,13.6,979,7,0.8893,0,0.0,0
SYN-U-11157,55145.1,51699.35,0.961,0.5609,0.2127,35.1,2321,6,0.8658,0,0.0,0
SYN-U-11158,92685.19,88513.71,0.8975,0.6467,0.4287,62.4,1955,5,0.9647,0,0.0,0
SYN-U-11159,70428.77,65572.6,0.976,0.6525,0.337,43.6,1322,5,0.9699,1,2.0,0
SYN-U-11160,82829.66,63579.05,0.7966,0.4397,0.6117,45.2,1694,4,0.8017,2,5.5,0
SYN-U-11161,25400.91,20877.1,0.5577,0.4501,0.7395,10.0,631,7,0.8987,3,13.7,1
SYN-U-11162,57791.25,54425.81,0.7334,0.5873,0.3738,48.2,1544,4,0.8065,3,7.2,0
SYN-U-11163,49556.27,34674.52,0.8728,0.9062,0.3775,7.4,1251,6,0.9247,0,0.0,0
SYN-U-11164,61773.24,51352.87,0.7867,0.8874,0.3622,20.0,2376,2,0.9395,0,0.0,0
SYN-U-11165,66211.83,57885.61,0.7327,0.8741,0.3181,15.2,230,6,0.8775,0,0.0,0
SYN-U-11166,89100.1,73065.87,0.8927,0.9097,0.2475,39.2,1859,7,0.893,0,0.0,0
SYN-U-11167,29300.49,20679.29,0.6668,0.1651,0.737,30.5,888,4,0.6749,0,0.0,0
SYN-U-11168,38070.95,29247.31,0.3195,0.2996,0.697,48.3,2184,7,0.7224,1,13.5,1
SYN-U-11169,43224.05,40678.79,0.3219,0.5977,0.5512,30.6,1330,0,1.0,0,0.0,0
SYN-U-11170,79601.81,55654.14,0.4212,0.384,0.4293,14.2,1048,5,0.6441,0,0.0,0
SYN-U-11171,59775.86,55746.6,0.7087,0.8695,0.1583,63.1,676,4,0.8505,0,0.0,0
SYN-U-11172,50554.3,39122.6,0.9004,0.8981,0.4432,60.1,1141,4,0.9998,0,0.0,0
SYN-U-11173,100440.31,76234.71,0.6389,0.623,0.4523,37.7,1710,4,0.7272,2,7.4,0
SYN-U-11174,39996.14,34635.78,0.7294,0.877,0.3854,11.7,36,0,1.0,0,0.0,0
SYN-U-11175,58758.44,50777.39,0.6096,0.6335,0.5937,38.2,1142,4,0.8701,1,5.9,0
SYN-U-11176,30906.74,21359.03,0.8717,0.6047,0.2458,46.2,1166,0,1.0,0,0.0,0
SYN-U-11177,57778.65,49137.09,0.8111,0.8458,0.1513,25.8,1584,5,0.9672,1,2.1,0
SYN-U-11178,63102.06,53610.25,0.709,0.7446,0.1743,17.7,852,3,0.8731,0,0.0,0
SYN-U-11179,32822.22,28241.04,0.8315,0.8375,0.4137,30.7,1522,2,0.854,0,0.0,0
SYN-U-11180,43367.46,40043.02,0.925,0.5818,0.3922,19.1,429,5,0.9856,0,0.0,0
SYN-U-11181,59317.31,39031.42,0.6671,0.7856,0.3964,37.3,1954,1,0.7808,3,7.0,0
SYN-U-11182,19585.78,13420.06,0.661,0.6387,0.5264,20.8,962,7,0.7466,0,0.0,0
SYN-U-11183,16287.18,13159.78,0.3881,0.3128,0.7942,61.6,811,1,0.8584,3,8.6,1
SYN-U-11184,83333.5,65012.2,0.8486,0.6244,0.2822,41.5,907,2,0.9767,1,1.5,0
SYN-U-11185,79400.79,66715.08,0.7871,0.7351,0.1901,22.8,954,2,0.8944,0,0.0,0
SYN-U-11186,50647.8,36793.68,0.7346,0.9193,0.438,24.6,2195,7,0.9289,0,0.0,0
SYN-U-11187,104708.92,88242.91,0.8737,0.6074,0.1582,48.7,2182,0,1.0,0,0.0,0
SYN-U-11188,35833.08,28718.8,0.8853,0.7839,0.2908,27.9,779,4,0.8701,1,1.4,0
SYN-U-11189,17279.93,14786.26,0.2126,0.2185,0.7482,25.2,2358,3,0.7524,1,14.2,1
SYN-U-11190,13746.53,12191.8,0.294,0.338,0.6812,17.7,2110,6,0.7212,0,0.0,1
SYN-U-11191,27891.45,27257.32,0.9376,0.7773,0.4719,26.2,1602,0,1.0,0,0.0,0
SYN-U-11192,53303.24,36255.7,0.8058,0.7048,0.4261,64.4,1745,2,0.8058,0,0.0,0
SYN-U-11193,46555.24,39460.07,0.7346,0.6005,0.1511,17.0,1942,5,0.9926,1,2.9,0
SYN-U-11194,38758.11,33045.51,0.6315,0.5311,0.5275,60.4,1313,5,0.9224,0,0.0,0
SYN-U-11195,40540.73,33198.28,0.3471,0.2701,0.7726,35.4,2348,5,0.9007,0,0.0,0
SYN-U-11196,70590.88,68315.99,0.5781,0.6833,0.637,24.2,234,1,0.9285,0,0.0,0
SYN-U-11197,141977.2,105001.3,0.865,0.8561,0.2417,46.3,252,6,0.9735,0,0.0,0
SYN-U-11198,13970.26,10305.57,0.3123,0.6438,0.8246,56.7,119,0,1.0,0,0.0,1
SYN-U-11199,82330.16,70475.27,0.9043,0.7974,0.4642,11.7,1256,0,1.0,0,0.0,0
SYN-U-11200,23370.65,22263.25,0.8172,0.7903,0.5863,15.4,1860,3,0.7184,2,5.7,0
SYN-U-11201,63915.8,60415.03,0.8846,0.8965,0.2324,22.9,783,6,0.9741,0,0.0,0
SYN-U-11202,18056.81,13338.71,0.3633,0.3032,0.5276,30.4,2188,4,0.8586,0,0.0,1
SYN-U-11203,37964.63,33827.76,0.7474,0.5324,0.6585,63.9,31,6,0.8231,1,8.8,0
SYN-U-11204,39419.34,30338.54,0.8503,0.8601,0.4365,43.9,1157,6,0.8828,0,0.0,0
SYN-U-11205,50824.18,36141.8,0.7354,0.5989,0.4746,10.3,1795,3,0.8406,2,4.9,0
SYN-U-11206,58564.89,50597.54,0.5347,0.5129,0.3512,57.5,2003,3,0.977,0,0.0,0
SYN-U-11207,86408.37,63081.57,0.8545,0.913,0.4017,60.2,1763,5,0.8775,0,0.0,0
SYN-U-11208,20776.79,15760.4,0.5593,0.4311,0.4775,28.3,288,3,0.6185,1,4.0,0
SYN-U-11209,24591.45,18913.07,0.638,0.1588,0.4017,38.1,1207,4,0.5411,3,5.6,1
SYN-U-11210,57904.25,52653.73,0.5803,0.7337,0.568,15.0,1671,5,0.9338,0,0.0,0
SYN-U-11211,64963.61,50876.92,0.8301,0.6879,0.4106,16.6,2115,0,1.0,0,0.0,0
SYN-U-11212,69677.8,60414.63,0.7086,0.719,0.5638,28.4,583,7,0.9042,0,0.0,0
SYN-U-11213,15938.76,10764.48,0.3007,0.3024,0.6518,24.2,2403,4,0.512,3,9.6,1
SYN-U-11214,155954.66,112945.34,0.8372,0.5878,0.2635,45.1,1424,1,0.9596,0,0.0,0
SYN-U-11215,84997.35,77500.6,0.5234,0.418,0.2619,17.7,2440,3,0.8641,0,0.0,0
SYN-U-11216,22510.7,16737.56,0.4463,0.3978,0.8467,46.5,1599,1,0.6922,3,7.6,1
SYN-U-11217,202892.41,134454.98,0.7834,0.6338,0.2845,46.1,1261,7,0.9735,2,7.2,0
SYN-U-11218,45552.38,31166.53,0.6067,0.4257,0.4993,45.1,629,4,0.8446,0,0.0,0
SYN-U-11219,92089.69,61636.05,0.864,0.7934,0.2994,44.9,1006,6,0.9067,0,0.0,0
SYN-U-11220,93378.84,75936.85,0.2263,0.4579,0.4877,13.1,547,7,0.6641,1,3.6,1
SYN-U-11221,45640.52,38900.89,0.61,0.6316,0.8512,40.9,2197,6,0.7301,3,5.4,0
SYN-U-11222,16745.49,15621.11,0.514,0.2541,0.8579,54.2,2271,1,0.7479,1,9.4,1
SYN-U-11223,47298.49,33319.61,0.2373,0.299,0.7108,25.2,2287,0,1.0,0,0.0,1
SYN-U-11224,38786.62,32221.27,0.9002,0.9186,0.2872,63.6,1121,0,1.0,0,0.0,0
SYN-U-11225,68348.92,56256.85,0.9658,0.8417,0.371,14.6,468,5,0.9567,0,0.0,0
SYN-U-11226,89624.48,67189.7,0.8387,0.7915,0.3559,9.8,800,3,0.9227,1,1.4,0
SYN-U-11227,48160.66,32293.2,0.7475,0.7426,0.1856,61.6,1076,0,1.0,0,0.0,0
SYN-U-11228,47331.94,35427.13,0.7971,0.802,0.3891,11.7,1882,5,0.8875,0,0.0,0
SYN-U-11229,71423.31,69588.36,0.5774,0.4116,0.6431,34.6,1638,0,1.0,0,0.0,0
SYN-U-11230,89403.43,86617.13,0.7859,0.915,0.3639,36.9,2405,4,0.907,0,0.0,0
SYN-U-11231,156413.21,141321.33,0.6124,0.6073,0.5716,62.9,1435,6,0.8238,0,0.0,0
SYN-U-11232,45917.7,43372.03,0.7607,0.5971,0.3067,53.3,98,4,0.9523,0,0.0,0
SYN-U-11233,106013.89,74064.54,0.9758,0.6443,0.1751,34.0,1351,6,0.952,1,0.6,0
SYN-U-11234,80292.9,54656.43,0.7347,0.6247,0.468,7.7,1014,6,0.9042,1,5.4,0
SYN-U-11235,36444.79,31267.47,0.4556,0.6429,0.8364,34.8,557,2,0.5505,0,0.0,0
SYN-U-11236,66459.65,59912.62,0.7958,0.6725,0.1814,16.8,62,3,0.8875,0,0.0,0
SYN-U-11237,109466.14,105295.49,0.895,0.8277,0.3607,22.3,1853,0,1.0,0,0.0,0
SYN-U-11238,38388.26,32572.11,0.8233,0.6346,0.1524,49.8,1531,1,0.9626,0,0.0,0
SYN-U-11239,31575.98,21654.16,0.4698,0.1982,0.6841,44.8,1341,3,0.8067,1,5.0,1
SYN-U-11240,71204.64,64296.15,0.5411,0.6734,0.589,61.2,1244,0,1.0,0,0.0,0
SYN-U-11241,25797.26,23653.53,0.7278,0.9041,0.2711,40.2,2427,6,0.9203,1,1.6,0
SYN-U-11242,37540.37,35178.05,0.702,0.7858,0.3996,49.2,604,3,0.8706,0,0.0,0
SYN-U-11243,60359.15,43018.46,0.8961,0.7,0.4523,60.1,2020,2,0.867,1,0.7,0
SYN-U-11244,43529.17,34049.87,0.6696,0.6668,0.2845,48.9,2262,1,0.8976,3,2.3,0
SYN-U-11245,32981.59,23871.63,0.6147,0.3962,0.5517,6.6,2192,1,0.7446,0,0.0,0
SYN-U-11246,60250.35,55795.0,0.9513,0.5822,0.4267,15.5,1292,5,0.8695,0,0.0,0
SYN-U-11247,50256.31,32878.95,0.7241,0.8758,0.3674,22.3,675,7,0.9008,0,0.0,0
SYN-U-11248,23596.34,19334.93,0.7272,0.6166,0.5521,53.6,1437,5,0.8718,1,14.6,0
SYN-U-11249,28716.65,26428.45,0.6151,0.431,0.8098,20.5,1291,7,0.5417,1,7.2,1
SYN-U-11250,45597.24,41392.42,0.6012,0.7595,0.2554,36.3,2489,6,0.7013,1,3.6,0
SYN-U-11251,98676.41,68128.2,0.5385,0.6887,0.3226,48.9,2114,1,0.9075,0,0.0,0
SYN-U-11252,48369.43,43279.35,0.6279,0.3045,0.4151,22.5,1307,1,0.7649,0,0.0,0
SYN-U-11253,157102.71,127667.0,0.8535,0.7645,0.4156,50.8,1155,3,0.8736,0,0.0,0
SYN-U-11254,60842.55,41795.98,0.8102,0.7921,0.5579,38.1,1854,3,0.8498,2,5.1,0
SYN-U-11255,45362.5,39236.3,0.6949,0.4721,0.2536,33.0,1964,1,0.743,2,2.1,0
SYN-U-11256,210018.7,186333.01,0.7839,0.7712,0.2707,17.7,2027,2,0.8963,0,0.0,0
SYN-U-11257,14515.16,12490.74,0.2138,0.19,0.6817,59.0,1597,3,0.7332,0,0.0,1
SYN-U-11258,215706.19,192477.95,0.9565,0.8529,0.3064,30.4,917,6,0.9166,0,0.0,0
SYN-U-11259,42527.86,27782.21,0.7692,0.8515,0.4837,45.4,1695,7,0.9095,0,0.0,0
SYN-U-11260,68247.2,55092.67,0.7768,0.5016,0.2664,28.0,374,4,0.9701,0,0.0,0
SYN-U-11261,115624.91,95120.01,0.7034,0.7588,0.3942,28.7,2216,7,0.8722,0,0.0,0
SYN-U-11262,22788.78,14869.7,0.2805,0.2337,0.8734,48.4,545,5,0.6449,4,5.1,1
SYN-U-11263,13404.1,10148.71,0.6291,0.1997,0.6733,33.6,1847,5,0.9376,0,0.0,0
SYN-U-11264,33608.69,25000.64,0.7552,0.8471,0.4063,60.6,1035,4,0.8816,0,0.0,0
SYN-U-11265,41579.24,33944.21,0.8476,0.9012,0.4397,13.6,464,7,0.92,0,0.0,0
SYN-U-11266,46185.32,37059.57,0.7105,0.6192,0.409,34.0,1403,7,0.8562,1,1.3,0
SYN-U-11267,62620.15,53207.51,0.6373,0.3916,0.5301,48.3,1802,2,0.5861,1,7.1,0
SYN-U-11268,22501.04,17172.68,0.7736,0.5853,0.4277,43.3,417,3,0.9091,0,0.0,0
SYN-U-11269,33705.7,26106.76,0.9014,0.7791,0.2497,15.0,1659,0,1.0,0,0.0,0
SYN-U-11270,83444.08,58845.58,0.7877,0.6474,0.2726,27.1,2344,4,0.8586,0,0.0,0
SYN-U-11271,14340.75,9869.48,0.5815,0.5218,0.4434,44.0,42,2,0.716,0,0.0,0
SYN-U-11272,138792.34,104474.51,0.2265,0.4547,0.6693,6.2,35,7,0.9195,4,4.8,1
SYN-U-11273,99478.19,71230.01,0.5446,0.7688,0.3337,37.4,2064,6,0.8386,1,7.3,0
SYN-U-11274,26428.8,23027.22,0.2923,0.4285,0.5015,24.8,1614,5,0.7103,1,9.3,0
SYN-U-11275,100277.91,68904.02,0.8114,0.7022,0.5023,11.6,1509,1,0.9494,0,0.0,0
SYN-U-11276,36532.2,29979.56,0.8196,0.8611,0.472,61.6,476,1,0.9376,0,0.0,0
SYN-U-11277,24210.43,17473.45,0.8792,0.5927,0.3472,46.6,1915,3,0.9759,1,0.8,0
SYN-U-11278,26059.17,24777.16,0.7065,0.8982,0.2271,7.0,2493,5,0.9368,2,1.8,0
SYN-U-11279,58045.0,42195.19,0.7908,0.7989,0.1787,54.8,2435,1,0.9521,0,0.0,0
SYN-U-11280,21666.65,19706.79,0.2073,0.3039,0.6636,50.1,2489,2,0.668,0,0.0,1
SYN-U-11281,13270.03,11751.2,0.3935,0.3226,0.7813,5.5,454,4,0.8052,0,0.0,1
SYN-U-11282,43114.92,39520.02,0.8092,0.8457,0.4402,31.5,1197,6,0.9314,1,2.0,0
SYN-U-11283,135581.78,128527.24,0.6681,0.3678,0.8139,29.0,855,6,0.6128,1,13.7,1
SYN-U-11284,16662.75,15246.63,0.4236,0.5581,0.8316,44.9,2427,5,0.6865,0,0.0,0
SYN-U-11285,27891.04,20504.05,0.7912,0.6925,0.2539,32.2,2300,6,0.9386,0,0.0,0
SYN-U-11286,65866.29,62786.1,0.6354,0.7036,0.5408,47.7,2461,6,0.7874,0,0.0,0
SYN-U-11287,23226.92,16011.29,0.432,0.4012,0.8733,59.5,1584,7,0.6359,0,0.0,1
SYN-U-11288,21417.44,14583.73,0.7749,0.8771,0.3474,54.4,1157,5,0.9485,0,0.0,0
SYN-U-11289,24652.57,16728.79,0.7477,0.6427,0.6247,29.4,598,6,0.5596,2,13.9,0
SYN-U-11290,25527.58,18931.18,0.7152,0.8239,0.4986,30.4,979,4,0.9743,0,0.0,0
SYN-U-11291,85180.44,59209.46,0.6424,0.3993,0.7591,43.5,934,2,0.7963,0,0.0,0
SYN-U-11292,54299.52,37454.54,0.8939,0.5588,0.4621,15.0,594,2,0.9258,0,0.0,0
SYN-U-11293,46155.88,36804.74,0.8778,0.6761,0.2086,12.1,1392,5,0.9472,1,2.3,0
SYN-U-11294,128295.9,105272.93,0.9609,0.8763,0.2373,37.5,2340,3,0.9763,1,1.7,0
SYN-U-11295,55585.89,52286.33,0.8528,0.575,0.3936,52.7,554,4,0.9138,0,0.0,0
SYN-U-11296,73541.37,67729.89,0.5273,0.7756,0.4286,27.2,585,2,0.9101,1,5.4,0
SYN-U-11297,33103.34,24742.29,0.9372,0.5994,0.1874,37.1,1653,6,0.9635,1,0.7,0
SYN-U-11298,74964.14,50867.9,0.6905,0.6197,0.394,45.5,363,5,0.7961,3,3.9,0
SYN-U-11299,61663.79,52874.36,0.8893,0.8985,0.1524,36.5,2232,6,0.9851,1,0.0,0
SYN-U-11300,73773.42,54576.99,0.7175,0.4379,0.5635,59.5,57,7,0.8939,1,5.5,0
SYN-U-11301,21281.43,19024.75,0.3393,0.3396,0.5094,9.3,1752,2,0.7422,2,9.9,1
SYN-U-11302,19453.35,12943.71,0.375,0.3177,0.8697,22.6,2102,2,0.545,0,0.0,1
SYN-U-11303,52497.61,45654.84,0.7594,0.6258,0.3531,13.7,2307,4,0.7179,0,0.0,0
SYN-U-11304,15766.35,13506.09,0.8634,0.7308,0.3127,51.6,503,3,0.9468,0,0.0,0
SYN-U-11305,13661.36,12156.62,0.7477,0.2168,0.5844,30.1,2190,6,0.9341,3,13.9,1
SYN-U-11306,31570.74,28631.79,0.2528,0.4318,0.8474,11.9,367,0,1.0,0,0.0,1
SYN-U-11307,82502.4,67624.66,0.6851,0.6741,0.4458,31.4,2134,7,0.7773,3,3.5,0
SYN-U-11308,107577.64,71386.94,0.8073,0.5575,0.2615,37.1,199,4,0.7216,0,0.0,0
SYN-U-11309,32220.82,26370.47,0.6177,0.5423,0.3844,54.0,772,1,0.8212,1,5.1,0
SYN-U-11310,90768.27,62402.32,0.6452,0.4846,0.6171,38.7,1949,3,0.8154,0,0.0,0
SYN-U-11311,16095.88,12746.62,0.2379,0.2745,0.5497,64.8,299,7,0.7514,2,5.9,1
SYN-U-11312,72778.18,59272.75,0.7769,0.5679,0.2893,19.5,2122,0,1.0,0,0.0,0
SYN-U-11313,14355.7,13886.74,0.7015,0.5715,0.2437,17.8,1487,2,0.8753,0,0.0,0
SYN-U-11314,36714.82,35204.26,0.7671,0.7962,0.3902,38.5,2499,3,0.9489,0,0.0,0
SYN-U-11315,25710.32,18731.67,0.4303,0.1639,0.6283,5.4,2350,0,1.0,0,0.0,1
SYN-U-11316,24415.09,20100.37,0.7507,0.5883,0.3788,51.9,656,4,0.951,0,0.0,0
SYN-U-11317,101840.18,81170.3,0.941,0.824,0.2065,55.3,2194,2,0.9112,0,0.0,0
SYN-U-11318,56462.63,44553.78,0.8704,0.8712,0.3077,13.6,2162,2,0.9199,0,0.0,0
SYN-U-11319,283730.43,257140.54,0.8935,0.8904,0.313,53.9,274,6,0.9296,1,0.6,0
SYN-U-11320,115028.57,107668.06,0.866,0.8366,0.4657,8.0,1209,3,0.9752,1,0.0,0
SYN-U-11321,105377.71,86890.6,0.6457,0.7143,0.3762,57.3,229,1,0.9618,0,0.0,0
SYN-U-11322,287520.27,272487.47,0.9586,0.7285,0.3778,36.2,1778,7,0.983,0,0.0,0
SYN-U-11323,60894.61,48976.09,0.8397,0.8796,0.184,58.1,483,2,0.8736,0,0.0,0
SYN-U-11324,60698.32,58773.43,0.2141,0.5765,0.8647,14.8,791,2,0.8688,1,5.3,1
SYN-U-11325,36163.73,26181.44,0.3256,0.5092,0.7649,12.4,1250,7,0.5757,1,14.6,1
SYN-U-11326,119686.83,95701.18,0.8915,0.7088,0.2482,31.8,277,4,0.9776,2,1.5,0
SYN-U-11327,18164.49,15589.62,0.2868,0.6423,0.5972,62.1,2257,0,1.0,0,0.0,0
SYN-U-11328,163351.84,111929.94,0.345,0.5584,0.7893,62.7,1547,3,0.8294,0,0.0,0
SYN-U-11329,38293.47,37345.01,0.9233,0.7784,0.2478,19.4,2493,3,0.8682,1,0.5,0
SYN-U-11330,44496.85,31898.63,0.9259,0.7962,0.4733,59.5,1409,5,0.9081,0,0.0,0
SYN-U-11331,72229.28,60523.09,0.642,0.6598,0.4348,47.1,1439,4,0.8495,0,0.0,0
SYN-U-11332,111938.64,76940.2,0.8798,0.8086,0.3019,39.6,1388,4,0.8579,0,0.0,0
SYN-U-11333,67321.84,57393.98,0.837,0.4806,0.3617,43.6,572,6,0.7677,0,0.0,0
SYN-U-11334,106075.39,103638.84,0.7145,0.5288,0.4525,34.5,698,2,0.7201,0,0.0,0
SYN-U-11335,45082.38,31189.1,0.722,0.8252,0.2326,25.9,2049,2,0.9279,0,0.0,0
SYN-U-11336,22380.76,19692.63,0.3637,0.3199,0.5648,21.2,1872,4,0.6438,0,0.0,0
SYN-U-11337,86368.98,66204.43,0.7359,0.8908,0.3815,47.6,127,1,0.9349,0,0.0,0
SYN-U-11338,18370.52,15529.06,0.6458,0.5091,0.5222,55.2,42,0,1.0,0,0.0,0
SYN-U-11339,59023.23,51802.51,0.7384,0.6532,0.4264,21.2,213,1,0.7801,1,7.7,0
SYN-U-11340,65571.31,42743.32,0.7338,0.8569,0.1799,41.8,1001,3,0.9251,0,0.0,0
SYN-U-11341,21839.98,14588.21,0.5866,0.5434,0.4075,32.7,135,5,0.7374,2,10.5,0
SYN-U-11342,17127.2,12682.12,0.6133,0.5586,0.8196,20.9,992,3,0.5055,1,8.8,1
SYN-U-11343,90972.79,83894.87,0.7964,0.6325,0.4114,42.0,567,5,0.7158,1,7.4,0
SYN-U-11344,327116.63,266255.63,0.7956,0.8453,0.2973,50.9,645,7,0.9435,1,2.5,0
SYN-U-11345,48529.28,42618.1,0.9271,0.6678,0.1656,41.4,1956,0,1.0,0,0.0,0
SYN-U-11346,42265.04,28490.15,0.4362,0.5209,0.5009,58.9,2285,1,0.8513,1,9.8,0
SYN-U-11347,15594.71,13318.74,0.3151,0.5191,0.5156,14.2,2397,7,0.8515,3,4.9,1
SYN-U-11348,57152.24,43512.31,0.7419,0.7852,0.4416,38.6,1081,7,0.9985,0,0.0,0
SYN-U-11349,104283.42,74455.98,0.5751,0.4497,0.3811,43.3,1789,0,1.0,0,0.0,0
SYN-U-11350,51157.76,45384.97,0.7008,0.6123,0.4299,42.4,2168,0,1.0,0,0.0,0
SYN-U-11351,68879.23,61989.27,0.8376,0.6811,0.5391,40.4,1038,5,0.961,0,0.0,0
SYN-U-11352,45382.88,31064.58,0.8763,0.7758,0.372,25.9,1131,3,0.9125,1,1.4,0
SYN-U-11353,36263.02,28173.03,0.705,0.8399,0.1516,25.6,1263,0,1.0,0,0.0,0
SYN-U-11354,56904.19,45080.68,0.7643,0.7706,0.1824,11.7,666,5,0.8885,0,0.0,0
SYN-U-11355,14179.26,13277.49,0.5777,0.7005,0.3387,39.5,993,2,0.9259,0,0.0,0
SYN-U-11356,16973.23,12306.93,0.6862,0.3861,0.5033,40.4,620,7,0.7054,1,3.3,0
SYN-U-11357,200196.25,162328.56,0.7827,0.7353,0.4843,63.0,1255,7,0.8489,0,0.0,0
SYN-U-11358,48422.65,37656.97,0.6638,0.4658,0.739,47.1,1265,4,0.634,3,9.9,0
SYN-U-11359,43831.51,30696.38,0.8922,0.7213,0.3883,28.3,1420,7,0.8926,0,0.0,0
SYN-U-11360,66463.57,45931.13,0.4447,0.1662,0.8349,58.9,1988,6,0.8316,1,14.2,1
SYN-U-11361,47775.18,34464.27,0.9407,0.7122,0.4483,41.8,917,2,0.8963,1,2.9,0
SYN-U-11362,54143.96,50209.25,0.5729,0.5099,0.3287,62.4,358,2,0.763,0,0.0,0
SYN-U-11363,38765.36,27311.69,0.5356,0.4703,0.6466,46.3,671,2,0.7236,0,0.0,0
SYN-U-11364,54512.82,44096.52,0.6174,0.6487,0.4178,36.1,39,1,0.7453,2,3.3,0
SYN-U-11365,127805.84,117798.55,0.8295,0.6068,0.3601,35.4,895,4,0.8531,0,0.0,0
SYN-U-11366,16351.6,10766.53,0.9175,0.6569,0.4754,38.7,1016,7,0.9362,0,0.0,0
SYN-U-11367,61955.8,52705.52,0.2148,0.4583,0.6101,26.5,902,7,0.752,0,0.0,0
SYN-U-11368,13382.42,12431.4,0.7378,0.5155,0.4496,58.5,1573,1,0.7663,0,0.0,0
SYN-U-11369,39745.56,33008.9,0.9349,0.8164,0.3988,10.0,590,0,1.0,0,0.0,0
SYN-U-11370,48586.27,36203.79,0.8053,0.5555,0.447,19.3,1235,5,0.9635,0,0.0,0
SYN-U-11371,35260.65,33238.23,0.895,0.615,0.3475,48.7,1683,6,0.9429,0,0.0,0
SYN-U-11372,54771.48,52409.76,0.7473,0.8658,0.3643,64.8,2200,0,1.0,0,0.0,0
SYN-U-11373,88981.66,74872.51,0.5132,0.7252,0.3854,27.5,1358,5,0.7517,1,4.7,0
SYN-U-11374,122962.31,116353.6,0.7774,0.8979,0.4515,7.6,2265,0,1.0,0,0.0,0
SYN-U-11375,34187.33,31425.56,0.5174,0.6874,0.4863,63.8,722,6,0.9716,0,0.0,0
SYN-U-11376,90452.05,62217.88,0.7465,0.6276,0.1632,19.8,537,0,1.0,0,0.0,0
SYN-U-11377,39339.88,27231.05,0.6845,0.6069,0.4777,30.2,680,2,0.567,1,15.6,0
SYN-U-11378,48155.77,46859.11,0.9038,0.867,0.4732,57.4,1316,2,0.904,0,0.0,0
SYN-U-11379,59498.42,54863.2,0.9763,0.9033,0.1712,35.7,1588,7,0.9786,1,1.9,0
SYN-U-11380,51136.78,48854.29,0.8008,0.587,0.3324,63.9,473,6,0.9843,0,0.0,0
SYN-U-11381,14107.32,12170.46,0.3551,0.4083,0.662,53.1,1551,4,0.5349,0,0.0,1
SYN-U-11382,42593.97,39030.98,0.764,0.7687,0.1659,50.4,1779,7,0.8953,0,0.0,0
SYN-U-11383,144862.84,101124.83,0.7946,0.601,0.2571,22.7,209,2,0.882,1,2.3,0
SYN-U-11384,66435.52,49724.72,0.8299,0.5633,0.4481,17.8,953,7,0.9698,1,7.7,0
SYN-U-11385,131744.67,95940.18,0.7349,0.5705,0.4221,18.8,88,1,0.8434,1,6.5,0
SYN-U-11386,55114.83,43803.63,0.9459,0.8684,0.4808,27.2,1772,6,0.9293,0,0.0,0
SYN-U-11387,40189.21,27594.6,0.4823,0.5447,0.7796,52.5,2187,6,0.7278,2,14.6,1
SYN-U-11388,53375.34,49549.38,0.7324,0.8473,0.4474,55.9,95,0,1.0,0,0.0,0
SYN-U-11389,197088.86,190722.89,0.9396,0.9146,0.4867,10.8,298,6,0.8729,0,0.0,0
SYN-U-11390,48212.73,43410.84,0.7098,0.5464,0.2547,43.8,2001,6,0.8528,0,0.0,0
SYN-U-11391,15147.07,14663.97,0.5759,0.158,0.7997,63.2,2114,3,0.6828,0,0.0,1
SYN-U-11392,20889.43,15353.02,0.3422,0.5864,0.5096,7.8,1038,1,0.508,0,0.0,0
SYN-U-11393,39996.63,34106.5,0.5816,0.4937,0.3993,9.2,399,5,0.971,2,3.1,0
SYN-U-11394,55671.97,39623.71,0.7175,0.5584,0.5184,45.5,1215,3,0.7861,2,4.1,0
SYN-U-11395,145512.08,142321.6,0.8477,0.9065,0.4552,54.3,1331,3,0.9271,0,0.0,0
SYN-U-11396,13922.4,10014.95,0.4333,0.4359,0.6251,6.5,1446,5,0.6874,1,10.9,1
SYN-U-11397,48142.51,44412.55,0.652,0.2267,0.6166,53.8,2138,2,0.7099,2,5.2,0
SYN-U-11398,137449.23,125421.78,0.7821,0.4164,0.5434,32.6,302,6,0.794,3,7.2,0
SYN-U-11399,51894.85,44878.18,0.7415,0.6373,0.248,27.3,587,1,0.9199,1,0.4,0
SYN-U-11400,41210.03,38150.98,0.8443,0.8121,0.2818,37.1,2388,2,0.8904,2,0.4,0
SYN-U-11401,48118.91,37238.37,0.9057,0.8833,0.2743,41.0,2250,1,0.9027,0,0.0,0
SYN-U-11402,17423.41,15755.39,0.2169,0.3295,0.4119,34.1,949,3,0.5442,1,3.2,1
SYN-U-11403,50034.7,39771.94,0.3138,0.644,0.8529,25.0,1896,1,0.6958,1,14.5,1
SYN-U-11404,62018.83,40902.86,0.9281,0.6819,0.4781,50.9,1690,1,0.9479,0,0.0,0
SYN-U-11405,51748.31,43382.04,0.6472,0.4376,0.3178,31.9,2323,4,0.7321,1,3.9,0
SYN-U-11406,40768.37,28744.21,0.8957,0.6911,0.2494,56.7,80,3,0.9861,0,0.0,0
SYN-U-11407,148731.28,112657.56,0.7964,0.6715,0.2079,27.6,898,5,0.8832,0,0.0,0
SYN-U-11408,185584.77,147389.4,0.9506,0.5823,0.4709,33.5,899,4,0.9442,0,0.0,0
SYN-U-11409,68666.26,56836.07,0.8789,0.689,0.2886,29.0,624,7,0.9201,0,0.0,0
SYN-U-11410,52482.91,50743.23,0.8377,0.8286,0.4518,17.5,1150,2,0.874,0,0.0,0
SYN-U-11411,14523.09,13373.59,0.5776,0.3143,0.573,14.8,1605,1,0.6642,0,0.0,0
SYN-U-11412,15092.85,12282.85,0.246,0.2468,0.4939,17.5,1742,6,0.8837,2,11.1,1
SYN-U-11413,55158.23,41379.67,0.8354,0.6269,0.2669,28.5,628,4,0.7003,2,4.2,0
SYN-U-11414,23676.45,22113.14,0.6476,0.2786,0.5479,20.6,1398,2,0.7419,1,10.7,1
SYN-U-11415,107883.12,95016.42,0.5909,0.4022,0.3698,12.6,1981,3,0.712,3,6.4,0
SYN-U-11416,31761.4,28411.43,0.9025,0.799,0.1788,39.3,894,0,1.0,0,0.0,0
SYN-U-11417,15031.17,13054.72,0.503,0.621,0.4544,9.4,1141,1,0.6605,2,14.7,0
SYN-U-11418,24742.43,20129.82,0.3872,0.1502,0.5218,55.7,2307,6,0.5005,0,0.0,1
SYN-U-11419,28578.59,19976.65,0.8865,0.8022,0.4218,50.4,1365,0,1.0,0,0.0,0
SYN-U-11420,135487.15,126869.25,0.74,0.7329,0.4918,55.6,439,5,0.7804,0,0.0,0
SYN-U-11421,91011.24,75530.08,0.6437,0.5642,0.5445,49.0,2326,2,0.7491,1,6.9,1
SYN-U-11422,73511.84,60818.45,0.6522,0.757,0.2648,14.3,988,1,0.8765,0,0.0,0
SYN-U-11423,70908.03,60836.67,0.7532,0.5537,0.5081,64.1,332,3,0.7047,0,0.0,0
SYN-U-11424,63723.72,55825.39,0.5305,0.5346,0.3128,7.5,157,3,0.9421,1,2.2,0
SYN-U-11425,68357.6,54302.07,0.9778,0.6518,0.1993,21.0,2413,2,0.9308,0,0.0,0
SYN-U-11426,39794.68,27565.05,0.7065,0.3213,0.5629,48.4,2197,4,0.8616,2,11.9,0
SYN-U-11427,57183.36,47081.11,0.732,0.8739,0.2406,45.7,1569,4,0.9254,2,0.0,0
SYN-U-11428,16635.69,13474.26,0.8804,0.7199,0.2121,11.9,547,5,0.9413,0,0.0,0
SYN-U-11429,190413.73,166410.32,0.8134,0.6204,0.3081,48.0,125,4,0.9615,0,0.0,0
SYN-U-11430,51700.65,42178.27,0.793,0.9142,0.4955,39.0,355,2,0.9571,1,1.9,0
SYN-U-11431,76706.49,54716.83,0.7112,0.506,0.474,10.9,144,4,0.7895,1,6.2,0
SYN-U-11432,37767.25,30890.52,0.9467,0.7494,0.47,62.2,203,1,0.8771,0,0.0,0
SYN-U-11433,43084.37,37267.18,0.8493,0.586,0.2589,23.2,271,3,0.8748,0,0.0,0
SYN-U-11434,197283.89,142630.1,0.6541,0.4374,0.2829,29.1,782,0,1.0,0,0.0,0
SYN-U-11435,40028.09,33769.97,0.8197,0.5904,0.3987,59.2,1254,4,0.8535,1,1.9,0
SYN-U-11436,42631.61,38430.62,0.8319,0.6786,0.4195,53.0,2324,6,0.9468,0,0.0,0
SYN-U-11437,64149.23,59767.23,0.5365,0.4266,0.4012,13.0,1766,3,0.9115,2,4.6,0
SYN-U-11438,40180.05,33678.26,0.7297,0.2755,0.6986,37.5,400,4,0.5862,2,12.3,1
SYN-U-11439,44752.35,30944.59,0.8238,0.8162,0.1874,12.2,177,7,0.8608,1,1.4,0
SYN-U-11440,47698.57,44084.97,0.5081,0.5238,0.3546,30.0,494,6,0.7288,0,0.0,0
SYN-U-11441,68641.45,64655.37,0.7394,0.6231,0.2338,51.5,1345,0,1.0,0,0.0,0
SYN-U-11442,61462.83,45227.09,0.7237,0.5793,0.3294,16.0,950,5,0.9508,0,0.0,0
SYN-U-11443,34683.1,32337.83,0.8119,0.8019,0.1557,45.5,1831,0,1.0,0,0.0,0
SYN-U-11444,54202.34,45913.59,0.6965,0.6031,0.5097,18.6,885,0,1.0,0,0.0,0
SYN-U-11445,56827.56,49664.89,0.7437,0.7409,0.3501,38.1,523,7,0.951,0,0.0,0
SYN-U-11446,57726.05,55557.05,0.9747,0.8883,0.2561,11.2,2442,3,0.9588,1,1.2,0
SYN-U-11447,45655.39,31076.31,0.7251,0.8757,0.162,39.9,1849,1,0.9412,0,0.0,0
SYN-U-11448,76044.86,72369.64,0.6943,0.5621,0.4043,57.0,1574,1,0.9143,3,7.0,0
SYN-U-11449,63201.49,56945.87,0.7635,0.5505,0.4138,51.8,1987,6,0.9816,0,0.0,0
SYN-U-11450,48083.35,36902.46,0.6223,0.5087,0.4649,41.0,1111,7,0.8875,1,3.6,0
SYN-U-11451,184345.3,145597.24,0.7098,0.7652,0.2828,29.0,887,2,0.7089,0,0.0,0
SYN-U-11452,107761.89,90499.54,0.9737,0.6812,0.3656,46.9,1915,5,0.9432,0,0.0,0
SYN-U-11453,22464.47,19122.04,0.2865,0.4132,0.7337,11.2,1795,2,0.5652,1,16.3,1
SYN-U-11454,37644.18,33541.79,0.3914,0.5211,0.7725,37.4,1456,0,1.0,0,0.0,0
SYN-U-11455,87527.16,59464.59,0.4756,0.6199,0.8408,50.0,416,2,0.7043,0,0.0,0
SYN-U-11456,48572.06,46958.29,0.5519,0.4429,0.7653,12.3,1710,7,0.5967,0,0.0,0
SYN-U-11457,56050.05,45918.44,0.9756,0.8046,0.3525,5.9,1427,0,1.0,0,0.0,0
SYN-U-11458,57252.44,43184.08,0.3798,0.3717,0.4768,37.1,2069,1,0.8246,0,0.0,0
SYN-U-11459,16110.25,14184.95,0.8907,0.5721,0.4026,9.6,2051,2,0.9057,0,0.0,0
SYN-U-11460,23204.24,18549.15,0.951,0.5962,0.2432,11.8,526,0,1.0,0,0.0,0
SYN-U-11461,25139.17,22984.03,0.4586,0.3545,0.8324,37.7,1008,4,0.627,2,8.1,1
SYN-U-11462,51660.22,40549.73,0.6917,0.5799,0.3629,27.7,592,3,0.9531,0,0.0,0
SYN-U-11463,38554.66,36356.62,0.7044,0.6725,0.3329,59.4,775,1,0.9249,0,0.0,0
SYN-U-11464,67383.87,60275.47,0.6932,0.4892,0.4071,57.8,635,1,0.6398,3,4.5,0
SYN-U-11465,16039.83,15198.07,0.8345,0.6112,0.6123,45.7,867,0,1.0,0,0.0,0
SYN-U-11466,79783.05,52826.52,0.7968,0.7684,0.3536,40.6,474,3,0.9032,0,0.0,0
SYN-U-11467,56289.41,48382.85,0.6669,0.4677,0.4915,16.8,1744,1,0.8113,0,0.0,0
SYN-U-11468,96743.59,81878.01,0.6177,0.6101,0.539,10.9,1386,2,0.8967,0,0.0,0
SYN-U-11469,193061.08,163422.27,0.6618,0.543,0.5682,55.1,880,5,0.7703,0,0.0,0
SYN-U-11470,96016.78,83473.81,0.9016,0.9092,0.2532,45.7,378,7,0.951,1,0.8,0
SYN-U-11471,64828.45,59519.09,0.7832,0.5256,0.3695,9.1,596,7,0.8002,1,3.9,0
SYN-U-11472,134565.23,126439.7,0.8463,0.6831,0.4583,33.5,612,5,0.8694,0,0.0,0
SYN-U-11473,17668.31,11939.15,0.5792,0.6073,0.6536,52.2,2417,2,0.6122,0,0.0,0
SYN-U-11474,80190.45,65745.63,0.8837,0.685,0.4167,34.4,1332,2,0.9335,0,0.0,0
SYN-U-11475,51749.45,39202.52,0.8474,0.8008,0.2832,62.7,1907,7,0.9231,0,0.0,0
SYN-U-11476,16160.97,13862.86,0.7257,0.2012,0.4782,61.0,2454,0,1.0,0,0.0,0
SYN-U-11477,88703.9,72582.51,0.8789,0.87,0.1998,30.2,1041,0,1.0,0,0.0,0
SYN-U-11478,20059.53,14133.24,0.5305,0.5132,0.7445,46.6,1730,7,0.9333,1,9.5,0
SYN-U-11479,60733.84,55020.95,0.6743,0.7171,0.3401,64.4,121,4,0.7026,1,5.5,0
SYN-U-11480,70980.48,53041.09,0.9534,0.882,0.1614,11.6,2376,0,1.0,0,0.0,0
SYN-U-11481,92136.8,66459.18,0.7717,0.7149,0.2855,16.8,2486,5,0.9144,0,0.0,0
SYN-U-11482,18204.27,16563.76,0.6132,0.6472,0.5982,34.7,1526,6,0.7075,0,0.0,0
SYN-U-11483,24855.92,22446.76,0.7042,0.6803,0.3191,53.0,441,7,0.9125,0,0.0,0
SYN-U-11484,38186.82,24852.13,0.6458,0.5276,0.5174,47.1,1761,5,0.9516,0,0.0,0
SYN-U-11485,78892.04,62381.56,0.4226,0.4205,0.4857,62.0,581,3,0.8173,1,18.0,1
SYN-U-11486,15625.75,14157.75,0.5347,0.4349,0.6481,56.2,295,2,0.7848,0,0.0,0
SYN-U-11487,60277.59,42056.2,0.9713,0.8583,0.3186,23.0,594,1,0.8723,0,0.0,0
SYN-U-11488,25965.38,24268.01,0.753,0.807,0.3478,48.6,1422,6,0.8601,0,0.0,0
SYN-U-11489,31725.91,21316.84,0.676,0.7069,0.4457,12.4,267,0,1.0,0,0.0,0
SYN-U-11490,30168.63,19923.0,0.914,0.5956,0.2693,9.9,1728,3,0.9087,1,1.3,0
SYN-U-11491,82809.06,70555.16,0.9447,0.6695,0.298,43.7,630,6,0.8536,0,0.0,0
SYN-U-11492,18065.15,13501.51,0.458,0.5822,0.678,53.6,2492,0,1.0,0,0.0,0
SYN-U-11493,138248.35,123782.6,0.7103,0.7959,0.1663,54.8,469,1,0.9484,0,0.0,0
SYN-U-11494,219842.43,206823.97,0.8336,0.6853,0.2557,36.6,1445,3,0.7651,0,0.0,0
SYN-U-11495,66699.21,53889.85,0.9322,0.6427,0.262,59.3,2478,1,0.9805,0,0.0,0
SYN-U-11496,63283.1,60554.25,0.5982,0.4176,0.3482,12.7,162,2,0.8355,2,2.0,0
SYN-U-11497,95352.62,79673.81,0.7139,0.6536,0.5596,28.4,504,3,0.93,3,3.8,0
SYN-U-11498,65559.84,49563.85,0.7094,0.8856,0.2285,54.4,524,4,0.9407,0,0.0,0
SYN-U-11499,67513.49,47475.55,0.7523,0.8824,0.4886,29.6,1811,4,0.9193,1,2.1,0
SYN-U-11500,75735.69,71163.62,0.7228,0.5948,0.5997,29.1,142,0,1.0,0,0.0,0
SYN-U-11501,54776.03,39864.26,0.7111,0.6486,0.1614,61.2,1485,5,0.9361,0,0.0,0
SYN-U-11502,15032.97,12347.05,0.5621,0.5606,0.8198,28.1,1839,6,0.9244,1,6.2,1
SYN-U-11503,28500.9,25165.69,0.5639,0.2653,0.424,31.5,1880,4,0.5597,1,15.5,1
SYN-U-11504,83061.69,72032.92,0.7409,0.468,0.6379,35.2,958,1,0.6202,0,0.0,0
SYN-U-11505,90841.55,85332.1,0.75,0.7351,0.31,36.0,2043,4,0.9544,1,1.5,0
SYN-U-11506,16242.53,13568.11,0.8027,0.6509,0.3023,52.8,203,4,0.9506,1,6.4,0
SYN-U-11507,49454.45,40035.31,0.8654,0.8361,0.3252,22.9,2425,0,1.0,0,0.0,0
SYN-U-11508,250831.75,169253.41,0.742,0.67,0.4526,5.3,1611,1,0.9381,0,0.0,0
SYN-U-11509,47756.42,41595.33,0.4015,0.4886,0.7615,28.7,1508,2,0.7432,0,0.0,1
SYN-U-11510,60523.63,50662.14,0.6549,0.6987,0.4257,26.4,891,0,1.0,0,0.0,0
SYN-U-11511,82250.5,59969.81,0.7364,0.7413,0.6194,14.1,2004,0,1.0,0,0.0,0
SYN-U-11512,30891.93,27254.95,0.7271,0.6992,0.3574,34.7,1814,4,0.9585,0,0.0,0
SYN-U-11513,44595.16,41101.44,0.9783,0.6098,0.1714,11.1,1203,4,0.9496,0,0.0,0
SYN-U-11514,52396.2,39008.07,0.9452,0.8779,0.1904,50.0,1341,5,0.8926,0,0.0,0
SYN-U-11515,83531.1,69160.51,0.8917,0.6361,0.4527,47.1,1825,6,0.8651,0,0.0,0
SYN-U-11516,46474.58,43627.78,0.72,0.8899,0.2469,32.0,391,3,0.9663,1,0.6,0
SYN-U-11517,23272.22,17922.52,0.5693,0.6078,0.5711,28.8,450,2,0.5334,2,15.9,0
SYN-U-11518,119881.63,94689.41,0.7445,0.8584,0.4286,56.0,228,2,0.9097,0,0.0,0
SYN-U-11519,58844.65,47196.65,0.596,0.6717,0.5186,40.3,1888,5,0.8254,1,4.4,0
SYN-U-11520,18104.53,12031.22,0.7865,0.4511,0.2635,11.7,2035,1,0.7068,0,0.0,0
SYN-U-11521,54287.1,43778.5,0.8073,0.7217,0.3422,46.9,2361,2,0.998,0,0.0,0
SYN-U-11522,49092.16,37739.62,0.3695,0.2296,0.5159,38.8,1613,0,1.0,0,0.0,1
SYN-U-11523,38616.39,26129.83,0.7523,0.8051,0.448,26.3,2135,5,0.9433,0,0.0,0
SYN-U-11524,26148.51,17993.98,0.8979,0.9048,0.4799,54.6,814,0,1.0,0,0.0,0
SYN-U-11525,46644.04,36264.76,0.4976,0.5501,0.6344,43.8,1636,4,0.5471,2,16.3,1
SYN-U-11526,75906.46,62397.35,0.7287,0.4791,0.4213,64.6,1274,6,0.966,1,3.5,0
SYN-U-11527,44640.59,29318.55,0.8036,0.736,0.2441,40.6,1324,2,0.9371,0,0.0,0
SYN-U-11528,71146.03,46723.16,0.519,0.688,0.6263,10.4,1907,7,0.9106,1,6.9,0
SYN-U-11529,45777.64,41505.16,0.717,0.6529,0.2866,22.1,869,4,0.8528,0,0.0,0
SYN-U-11530,73846.43,70496.64,0.3613,0.4228,0.7851,34.9,917,6,0.8384,1,9.2,1
SYN-U-11531,51143.27,43111.76,0.8442,0.7258,0.2396,54.2,437,2,0.8999,1,0.9,0
SYN-U-11532,91969.02,88060.33,0.6338,0.7236,0.4649,7.6,66,2,0.7676,1,2.7,0
SYN-U-11533,127207.27,83312.83,0.9223,0.8705,0.2621,17.9,701,6,0.8635,0,0.0,0
SYN-U-11534,43850.09,39370.2,0.8469,0.5649,0.3375,18.7,2492,2,0.9019,0,0.0,0
SYN-U-11535,214981.87,178145.82,0.9676,0.7451,0.1608,46.3,1229,3,0.9676,0,0.0,0
SYN-U-11536,48685.08,31930.61,0.8062,0.5898,0.2557,58.0,1429,2,0.9682,0,0.0,0
SYN-U-11537,81384.65,68014.48,0.5461,0.5972,0.6009,5.3,1301,7,0.701,2,6.5,0
SYN-U-11538,38355.53,25844.66,0.5275,0.4472,0.454,25.5,950,6,0.9302,3,9.4,0
SYN-U-11539,143790.24,105505.69,0.8509,0.6223,0.4293,60.2,885,2,0.8501,2,1.8,0
SYN-U-11540,130141.2,119795.05,0.8954,0.7417,0.3389,25.1,2484,7,0.9003,1,1.2,0
SYN-U-11541,30388.4,20402.24,0.6451,0.6258,0.5755,63.2,1812,2,0.8614,0,0.0,0
SYN-U-11542,46827.65,39380.71,0.5417,0.5577,0.4338,12.0,845,5,0.8014,3,7.6,0
SYN-U-11543,54026.53,36235.28,0.8713,0.5864,0.1952,62.0,2090,5,0.9213,0,0.0,0
SYN-U-11544,110322.77,88860.22,0.6934,0.4498,0.2895,45.8,1755,4,0.7013,3,7.6,0
SYN-U-11545,36256.43,32437.07,0.7997,0.7989,0.3665,49.6,299,3,0.9946,1,0.8,0
SYN-U-11546,13552.32,10133.21,0.3251,0.6255,0.7736,55.6,454,5,0.5027,0,0.0,0
SYN-U-11547,34178.16,32559.1,0.7144,0.2182,0.7509,54.1,2202,4,0.9383,0,0.0,0
SYN-U-11548,106288.43,85277.98,0.7033,0.9108,0.2029,19.8,591,0,1.0,0,0.0,0
SYN-U-11549,112664.87,110013.56,0.8818,0.6539,0.4998,51.5,2333,2,0.9386,2,1.7,0
SYN-U-11550,17285.11,13528.4,0.6009,0.1605,0.6562,10.6,2467,4,0.6039,3,16.2,1
SYN-U-11551,92534.97,80461.33,0.7679,0.4746,0.453,44.9,1721,1,0.7298,0,0.0,0
SYN-U-11552,44236.89,37514.07,0.5048,0.5612,0.4093,42.1,107,2,0.9126,1,4.0,0
SYN-U-11553,44178.52,33657.01,0.7106,0.5869,0.4203,46.3,65,3,0.9657,0,0.0,0
SYN-U-11554,45766.7,35643.27,0.9151,0.871,0.2794,25.4,1115,2,0.9589,1,0.2,0
SYN-U-11555,108070.63,101057.5,0.7887,0.8781,0.1875,62.3,1766,7,0.8922,0,0.0,0
SYN-U-11556,59652.28,54900.53,0.5022,0.6352,0.5884,62.0,1103,3,0.9606,0,0.0,0
SYN-U-11557,92110.63,61862.77,0.4745,0.6025,0.4995,55.8,453,1,0.5535,0,0.0,0
SYN-U-11558,109867.62,96423.98,0.8304,0.8496,0.3164,26.8,1260,2,0.8554,1,1.0,0
SYN-U-11559,21848.65,15605.25,0.5353,0.491,0.681,58.6,1945,3,0.6276,0,0.0,0
SYN-U-11560,140023.62,113610.83,0.9678,0.7523,0.4069,33.9,798,5,0.9201,0,0.0,0
SYN-U-11561,51822.26,44458.58,0.8099,0.8939,0.177,51.8,41,2,0.9781,0,0.0,0
SYN-U-11562,50396.33,42898.33,0.5698,0.725,0.5903,13.4,843,0,1.0,0,0.0,0
SYN-U-11563,30168.57,26755.95,0.7554,0.8532,0.2741,22.5,2185,7,0.9047,1,2.7,0
SYN-U-11564,102574.94,72691.8,0.5093,0.7015,0.5534,43.5,2290,1,0.7209,0,0.0,0
SYN-U-11565,69097.62,46884.53,0.7234,0.8129,0.3747,34.9,565,0,1.0,0,0.0,0
SYN-U-11566,55006.19,50275.83,0.7031,0.7733,0.239,56.3,1912,2,0.8659,0,0.0,0
SYN-U-11567,245749.55,162805.09,0.7252,0.8828,0.3549,50.2,1941,1,0.9725,0,0.0,0
SYN-U-11568,102817.66,95403.98,0.7689,0.9108,0.1916,50.2,825,0,1.0,0,0.0,0
SYN-U-11569,16518.56,12785.37,0.2103,0.3977,0.4823,5.6,655,3,0.948,4,16.9,1
SYN-U-11570,153259.68,145923.62,0.5763,0.4303,0.422,64.6,2177,5,0.979,2,2.8,0
SYN-U-11571,54973.38,44304.98,0.8893,0.8557,0.1602,53.6,216,7,0.9592,0,0.0,0
SYN-U-11572,49702.62,47828.8,0.6839,0.4511,0.5016,28.5,481,0,1.0,0,0.0,0
SYN-U-11573,138596.43,114738.92,0.9789,0.6927,0.2727,21.0,2013,0,1.0,0,0.0,0
SYN-U-11574,30542.23,24693.11,0.5025,0.5482,0.5086,42.8,945,5,0.8676,2,2.7,0
SYN-U-11575,54201.07,46233.93,0.8832,0.8517,0.1546,45.8,1016,4,0.8832,1,2.6,0
SYN-U-11576,23378.91,21270.45,0.6917,0.4172,0.4782,24.1,278,5,0.7821,3,13.4,1
SYN-U-11577,21743.76,18397.99,0.7993,0.5403,0.3307,57.7,1897,7,0.8833,0,0.0,0
SYN-U-11578,56504.62,43651.25,0.9656,0.6562,0.494,19.1,2455,3,0.8709,0,0.0,0
SYN-U-11579,47838.0,33930.13,0.725,0.8797,0.1596,63.5,2196,7,0.8865,0,0.0,0
SYN-U-11580,46772.0,30703.3,0.7452,0.9158,0.3328,61.2,1894,1,0.994,0,0.0,0
SYN-U-11581,60512.91,42092.35,0.9168,0.8518,0.2417,12.0,1001,2,0.9363,0,0.0,0
SYN-U-11582,80779.95,53546.16,0.83,0.8793,0.4937,55.3,1652,3,0.9933,0,0.0,0
SYN-U-11583,60787.71,54064.9,0.2414,0.5983,0.6594,16.7,1671,2,0.6775,1,14.9,0
SYN-U-11584,82430.89,71949.07,0.71,0.7077,0.5937,40.2,337,4,0.855,2,3.9,0
SYN-U-11585,51678.97,49575.3,0.781,0.8728,0.1982,9.6,115,1,0.9472,0,0.0,0
SYN-U-11586,31278.33,25701.56,0.9441,0.7761,0.3807,45.0,71,3,0.9793,0,0.0,0
SYN-U-11587,103015.01,81740.44,0.8014,0.7027,0.3501,43.4,1335,0,1.0,0,0.0,0
SYN-U-11588,45914.31,43859.31,0.7146,0.6766,0.4338,48.8,448,0,1.0,0,0.0,0
SYN-U-11589,56121.04,41028.87,0.686,0.2752,0.557,5.3,1041,5,0.7634,0,0.0,0
SYN-U-11590,37363.83,35792.15,0.9014,0.6652,0.4221,27.2,797,6,0.9887,0,0.0,0
SYN-U-11591,20178.14,16923.28,0.3203,0.4447,0.6822,44.2,841,0,1.0,0,0.0,0
SYN-U-11592,13725.32,12016.49,0.8358,0.7552,0.4636,22.0,2150,1,0.9652,2,2.3,0
SYN-U-11593,90313.65,63214.99,0.7402,0.6711,0.2517,19.7,2214,5,0.9462,0,0.0,0
SYN-U-11594,122600.51,89941.15,0.7717,0.853,0.2718,14.8,2332,2,0.8766,0,0.0,0
SYN-U-11595,269622.88,221897.01,0.6966,0.547,0.4703,27.0,323,5,0.9363,2,5.8,0
SYN-U-11596,58528.23,41962.56,0.5395,0.6158,0.2938,62.7,1364,6,0.9327,2,7.9,0
SYN-U-11597,50351.49,41616.52,0.695,0.7058,0.3294,58.9,1153,1,0.7426,1,7.7,0
SYN-U-11598,18742.32,13923.53,0.3083,0.4837,0.6711,55.3,1068,1,0.9244,1,14.1,1
SYN-U-11599,85271.03,76170.14,0.2671,0.2344,0.5624,12.6,1698,6,0.7698,0,0.0,0
SYN-U-11600,18788.55,17861.03,0.2874,0.2748,0.5083,42.2,706,4,0.9048,0,0.0,0
SYN-U-11601,53586.41,39960.75,0.7402,0.5415,0.4936,59.1,766,2,0.8127,2,6.4,0
SYN-U-11602,58420.09,40210.9,0.9641,0.687,0.2364,5.6,977,4,0.9345,0,0.0,0
SYN-U-11603,39783.12,36803.95,0.7745,0.5692,0.2407,51.0,519,7,0.9991,0,0.0,0
SYN-U-11604,16838.34,11398.37,0.264,0.5863,0.8068,10.9,284,5,0.5413,0,0.0,0
SYN-U-11605,59937.85,55003.66,0.6996,0.5108,0.5009,57.8,1485,3,0.8664,0,0.0,0
SYN-U-11606,48253.69,41461.47,0.7681,0.6422,0.4092,58.1,528,3,0.8816,1,4.8,0
SYN-U-11607,86090.5,70215.31,0.7163,0.8179,0.492,24.8,645,0,1.0,0,0.0,0
SYN-U-11608,85677.33,57332.0,0.5127,0.426,0.4258,17.5,1208,0,1.0,0,0.0,0
SYN-U-11609,122353.87,96499.77,0.8888,0.8725,0.3037,34.8,1601,0,1.0,0,0.0,0
SYN-U-11610,91111.02,77745.28,0.5122,0.4083,0.5769,49.0,2478,0,1.0,0,0.0,0
SYN-U-11611,21915.14,19563.56,0.2529,0.1734,0.4876,53.7,988,0,1.0,0,0.0,1
SYN-U-11612,96472.49,67017.3,0.4342,0.1793,0.5975,41.4,2104,4,0.8506,1,13.4,1
SYN-U-11613,34719.0,31399.46,0.9571,0.6119,0.3298,59.9,908,1,0.9381,0,0.0,0
SYN-U-11614,53487.18,34889.41,0.8267,0.7457,0.4352,36.3,1450,5,0.9216,1,1.9,0
SYN-U-11615,71825.73,65992.24,0.7689,0.5679,0.3818,59.0,2431,0,1.0,0,0.0,0
SYN-U-11616,44695.33,40703.76,0.9366,0.5897,0.2553,11.7,1561,1,0.9784,0,0.0,0
SYN-U-11617,252893.65,228002.96,0.7446,0.6643,0.236,40.9,1207,4,0.8973,2,2.7,0
SYN-U-11618,80047.98,63396.8,0.5016,0.745,0.3619,5.9,880,5,0.7627,0,0.0,0
SYN-U-11619,28175.83,26194.97,0.8026,0.8796,0.2386,25.7,2247,7,0.8813,0,0.0,0
SYN-U-11620,47342.35,40758.77,0.7344,0.7886,0.2029,34.2,2468,5,0.8749,0,0.0,0
SYN-U-11621,42505.53,31705.83,0.9619,0.6612,0.1849,29.6,1760,5,0.9206,1,0.4,0
SYN-U-11622,23870.48,22935.37,0.8952,0.8581,0.3514,33.4,1665,1,0.9187,1,1.2,0
SYN-U-11623,14544.34,13483.85,0.8133,0.8235,0.2023,28.0,2315,1,0.9144,1,2.1,0
SYN-U-11624,20600.86,20024.07,0.7679,0.9163,0.2058,26.6,2367,2,0.8505,1,1.7,0
SYN-U-11625,122253.34,84450.57,0.8352,0.8806,0.3008,13.7,193,1,0.9763,0,0.0,0
SYN-U-11626,96178.99,65201.72,0.7604,0.6577,0.3117,26.1,1049,4,0.9129,0,0.0,0
SYN-U-11627,48220.71,32351.13,0.7057,0.9019,0.3102,50.5,511,7,0.9338,0,0.0,0
SYN-U-11628,40914.98,28629.89,0.851,0.7105,0.4838,7.1,348,2,0.9994,0,0.0,0
SYN-U-11629,55141.24,51663.15,0.6727,0.2249,0.5273,13.5,960,2,0.7563,0,0.0,0
SYN-U-11630,63612.72,43495.49,0.8992,0.9041,0.3327,28.2,1104,4,0.9956,0,0.0,0
SYN-U-11631,111576.19,78625.59,0.9513,0.7344,0.3325,50.4,800,2,0.9371,0,0.0,0
SYN-U-11632,37814.58,31502.42,0.7994,0.6474,0.1984,42.9,1977,0,1.0,0,0.0,0
SYN-U-11633,14875.36,11718.15,0.7346,0.8762,0.3949,11.0,69,6,0.9819,0,0.0,0
SYN-U-11634,13169.72,11695.27,0.6003,0.5204,0.7583,37.4,1305,2,0.5934,0,0.0,0
SYN-U-11635,63868.28,48641.09,0.5924,0.4168,0.3737,55.1,229,1,0.7408,0,0.0,0
SYN-U-11636,48793.77,38295.85,0.8025,0.6193,0.4598,22.3,742,7,0.9779,1,2.1,0
SYN-U-11637,87228.03,75033.57,0.8237,0.9029,0.4838,57.1,1813,3,0.9222,0,0.0,0
SYN-U-11638,91585.07,79029.75,0.7751,0.8773,0.4759,41.8,899,7,0.9438,0,0.0,0
SYN-U-11639,53199.6,45192.47,0.9658,0.7362,0.4271,59.7,1402,0,1.0,0,0.0,0
SYN-U-11640,59514.71,39878.03,0.5808,0.4703,0.4258,13.9,1601,6,0.7572,0,0.0,0
SYN-U-11641,23377.13,21080.86,0.2896,0.4517,0.8747,6.0,337,0,1.0,0,0.0,0
SYN-U-11642,44812.7,34316.07,0.7199,0.8183,0.4723,53.5,992,2,0.9351,0,0.0,0
SYN-U-11643,249134.04,213553.19,0.8365,0.8796,0.3247,64.1,511,0,1.0,0,0.0,0
SYN-U-11644,46612.05,35421.11,0.7647,0.8492,0.4461,61.6,770,7,0.905,0,0.0,0
SYN-U-11645,75620.71,70560.21,0.7086,0.7623,0.3015,60.2,193,1,0.9779,0,0.0,0
SYN-U-11646,51764.29,49693.61,0.7075,0.7979,0.4556,49.0,894,7,0.8882,1,0.2,0
SYN-U-11647,56224.8,46237.48,0.3143,0.4124,0.4717,32.3,193,2,0.7187,0,0.0,0
SYN-U-11648,21921.59,21310.6,0.6543,0.6,0.6966,60.0,1615,7,0.74,1,10.5,0
SYN-U-11649,40645.93,27021.1,0.7198,0.1526,0.5788,32.0,937,5,0.6282,1,7.0,1
SYN-U-11650,35713.84,32379.78,0.7307,0.8686,0.4117,30.4,1534,4,0.8748,0,0.0,0
SYN-U-11651,27249.98,23999.23,0.4102,0.5963,0.5111,54.1,94,4,0.8821,1,5.7,0
SYN-U-11652,23613.98,15568.28,0.6475,0.6283,0.4089,33.2,1045,6,0.7925,0,0.0,0
SYN-U-11653,61251.16,40171.78,0.4617,0.5702,0.7134,50.1,152,6,0.8555,0,0.0,0
SYN-U-11654,101292.29,87432.48,0.7769,0.6792,0.5643,32.8,2257,2,0.8439,0,0.0,0
SYN-U-11655,63844.75,54170.99,0.8098,0.7943,0.2154,63.0,408,5,0.9563,0,0.0,0
SYN-U-11656,55593.46,43064.97,0.8601,0.7715,0.1924,31.9,1140,2,0.989,0,0.0,0
SYN-U-11657,122046.99,117896.1,0.8574,0.7426,0.4061,22.9,488,6,0.9867,1,2.1,0
SYN-U-11658,25698.36,22888.11,0.4304,0.3879,0.5409,13.1,764,7,0.652,2,7.4,1
SYN-U-11659,80977.46,63987.13,0.8387,0.671,0.5818,41.8,1504,6,0.9233,2,7.9,0
SYN-U-11660,297045.02,237948.02,0.7041,0.8668,0.195,46.3,1430,4,0.9399,1,0.9,0
SYN-U-11661,31698.35,26850.35,0.9799,0.6846,0.3445,22.8,310,0,1.0,0,0.0,0
SYN-U-11662,60153.72,46675.49,0.7024,0.5661,0.3271,38.7,1122,0,1.0,0,0.0,0
SYN-U-11663,66971.24,60111.91,0.9199,0.8482,0.2797,13.5,370,7,0.9904,0,0.0,0
SYN-U-11664,63534.02,58131.84,0.6901,0.5102,0.4435,41.9,1002,7,0.8315,1,7.7,0
SYN-U-11665,132288.72,86394.04,0.6221,0.734,0.5376,5.4,516,3,0.8988,0,0.0,0
SYN-U-11666,101272.87,85107.21,0.9027,0.8875,0.158,28.9,1472,3,0.8727,0,0.0,0
SYN-U-11667,143295.93,119876.56,0.8773,0.5952,0.3272,25.4,2317,1,0.9508,0,0.0,0
SYN-U-11668,79917.23,70461.41,0.764,0.5561,0.4599,46.9,814,5,0.7804,1,6.4,0
SYN-U-11669,38136.34,29863.31,0.2589,0.5504,0.8757,45.0,2340,6,0.9244,0,0.0,1
SYN-U-11670,103505.37,77610.93,0.98,0.8221,0.3741,15.5,590,3,0.91,0,0.0,0
SYN-U-11671,39729.0,34593.83,0.8463,0.634,0.341,50.7,961,5,0.8769,0,0.0,0
SYN-U-11672,78197.18,64692.57,0.74,0.7611,0.2578,27.5,871,2,0.9865,1,0.5,0
SYN-U-11673,72717.5,63968.92,0.945,0.6723,0.1771,58.4,621,7,0.9276,1,0.3,0
SYN-U-11674,60036.01,45715.29,0.8443,0.6068,0.1695,61.3,454,4,0.9367,0,0.0,0
SYN-U-11675,82006.66,66400.46,0.7898,0.7089,0.1519,12.7,1553,4,0.9947,0,0.0,0
SYN-U-11676,24029.27,16945.75,0.6266,0.4152,0.5196,10.1,310,1,0.6165,0,0.0,0
SYN-U-11677,45727.71,44154.75,0.8719,0.6526,0.3495,33.1,2260,7,0.9406,0,0.0,0
SYN-U-11678,16607.71,13530.07,0.3193,0.1603,0.8495,39.7,1361,6,0.7708,1,8.5,1
SYN-U-11679,85479.61,77232.43,0.9004,0.636,0.2509,42.3,2217,5,0.8623,0,0.0,0
SYN-U-11680,42127.19,30157.66,0.7123,0.8831,0.2555,20.9,704,3,0.8843,0,0.0,0
SYN-U-11681,67159.46,50125.88,0.9273,0.6714,0.2059,17.7,1067,6,0.9768,0,0.0,0
SYN-U-11682,39564.99,34739.17,0.789,0.4641,0.4533,47.4,1841,2,0.8628,1,2.1,0
SYN-U-11683,60531.89,47562.69,0.9476,0.9061,0.4729,28.0,1537,4,0.951,0,0.0,0
SYN-U-11684,63943.26,54987.54,0.8034,0.6751,0.2724,26.8,2133,3,0.9431,0,0.0,0
SYN-U-11685,33214.08,30223.29,0.7382,0.6188,0.1998,24.0,721,2,0.8772,0,0.0,0
SYN-U-11686,23686.19,18499.79,0.3675,0.1684,0.7351,6.6,2424,7,0.6823,0,0.0,1
SYN-U-11687,21888.83,17905.06,0.9098,0.8071,0.424,55.3,2219,0,1.0,0,0.0,0
SYN-U-11688,128641.02,101861.44,0.857,0.9015,0.3613,27.1,1513,6,0.8751,0,0.0,0
SYN-U-11689,107660.34,98118.43,0.9476,0.8486,0.3144,32.9,1224,3,0.9717,2,0.4,0
SYN-U-11690,98731.62,89305.19,0.8056,0.5405,0.3629,23.8,756,1,0.8698,1,3.1,0
SYN-U-11691,133121.14,115687.19,0.2819,0.5497,0.8757,58.9,762,1,0.5079,0,0.0,0
SYN-U-11692,16873.5,13845.78,0.6356,0.5372,0.75,33.2,192,1,0.5334,1,14.3,1
SYN-U-11693,68796.11,51646.78,0.9438,0.7704,0.3969,23.2,1183,3,0.9114,0,0.0,0
SYN-U-11694,49762.65,37610.06,0.9148,0.5783,0.4924,6.0,1964,6,0.9102,2,1.0,0
SYN-U-11695,16477.22,13845.95,0.2284,0.2887,0.7926,39.8,886,7,0.8225,0,0.0,1
SYN-U-11696,87163.54,80821.21,0.2018,0.6014,0.8089,17.5,1273,7,0.6283,0,0.0,1
SYN-U-11697,41935.49,32251.53,0.4275,0.1954,0.4021,15.8,1068,4,0.7015,3,5.7,1
SYN-U-11698,52783.34,51078.4,0.5197,0.6924,0.554,50.9,1774,4,0.8,0,0.0,0
SYN-U-11699,33427.96,28557.06,0.8524,0.8772,0.1534,10.4,372,5,0.9597,0,0.0,0
SYN-U-11700,14030.12,10505.75,0.6693,0.4115,0.6924,38.3,723,1,0.6181,2,13.6,0
SYN-U-11701,42163.94,41199.32,0.6955,0.7907,0.4738,57.7,1497,1,0.7581,2,7.4,0
SYN-U-11702,79223.07,56120.66,0.7939,0.8284,0.2122,13.5,370,1,0.879,0,0.0,0
SYN-U-11703,139881.02,126200.22,0.735,0.8045,0.3226,64.3,1355,6,0.901,0,0.0,0
SYN-U-11704,35854.43,28131.24,0.8397,0.8964,0.3384,10.0,2385,6,0.9165,0,0.0,0
SYN-U-11705,67309.92,47345.04,0.8428,0.6024,0.4025,41.5,2142,2,0.9906,0,0.0,0
SYN-U-11706,56347.44,47179.32,0.9038,0.8291,0.1853,37.3,1888,2,0.9152,0,0.0,0
SYN-U-11707,33989.22,30029.72,0.3852,0.3336,0.7834,28.8,1281,3,0.6948,2,17.5,1
SYN-U-11708,14605.45,12519.98,0.2793,0.26,0.8312,16.7,851,3,0.8435,0,0.0,1
SYN-U-11709,49046.14,42308.23,0.4355,0.6464,0.7417,5.9,154,4,0.8732,2,12.9,1
SYN-U-11710,95666.21,79731.11,0.5631,0.7549,0.4193,13.4,923,4,0.8629,0,0.0,0
SYN-U-11711,47141.79,44514.21,0.5742,0.5218,0.7598,6.5,2234,6,0.6558,0,0.0,0
SYN-U-11712,25835.89,20285.1,0.9714,0.5576,0.3273,21.2,1288,0,1.0,0,0.0,0
SYN-U-11713,90690.82,85464.72,0.7794,0.569,0.1856,38.4,1248,5,0.9781,0,0.0,0
SYN-U-11714,60366.62,55798.24,0.62,0.5972,0.4182,56.1,358,6,0.9504,0,0.0,0
SYN-U-11715,39945.27,35851.23,0.9702,0.7634,0.4656,50.1,962,3,0.9475,0,0.0,0
SYN-U-11716,253126.91,167623.34,0.5946,0.7065,0.2932,19.5,1947,4,0.733,0,0.0,0
SYN-U-11717,67016.28,47148.12,0.7557,0.574,0.5893,21.2,776,0,1.0,0,0.0,0
SYN-U-11718,52177.04,34202.96,0.2225,0.4429,0.7539,6.3,96,6,0.6684,0,0.0,1
SYN-U-11719,22173.84,18866.03,0.7231,0.3096,0.6478,52.0,1737,4,0.5608,0,0.0,0
SYN-U-11720,57196.7,46897.0,0.9785,0.7396,0.2869,12.1,466,2,0.957,0,0.0,0
SYN-U-11721,35458.66,25904.78,0.8195,0.6319,0.487,22.5,1808,2,0.8681,0,0.0,0
SYN-U-11722,73558.78,62517.99,0.6512,0.4034,0.2649,30.1,1522,5,0.9207,0,0.0,0
SYN-U-11723,62931.56,47027.96,0.2965,0.5856,0.8021,39.5,655,0,1.0,0,0.0,1
SYN-U-11724,51315.04,34233.67,0.938,0.5558,0.2636,38.1,2167,2,0.9471,0,0.0,0
SYN-U-11725,26264.82,25670.81,0.8953,0.6111,0.1721,17.4,2293,1,0.9341,0,0.0,0
SYN-U-11726,40743.17,33413.26,0.7146,0.7504,0.372,39.0,1760,3,0.9875,1,0.9,0
SYN-U-11727,23030.37,18070.92,0.6003,0.3645,0.803,7.8,336,2,0.6078,0,0.0,0
SYN-U-11728,79799.35,53283.18,0.6392,0.7763,0.3709,15.0,1366,5,0.7531,1,4.8,0
SYN-U-11729,33528.16,31171.0,0.7081,0.9045,0.411,25.6,2453,4,0.9914,1,2.7,0
SYN-U-11730,61906.42,57303.85,0.2723,0.4927,0.5304,51.3,196,3,0.7317,0,0.0,0
SYN-U-11731,15219.65,12519.97,0.8363,0.5513,0.3195,14.3,2336,7,0.9832,0,0.0,0
SYN-U-11732,53036.84,39208.33,0.8889,0.7286,0.3164,21.4,2366,2,0.9028,0,0.0,0
SYN-U-11733,43704.39,29464.62,0.7783,0.8559,0.4525,43.8,1455,5,0.9955,0,0.0,0
SYN-U-11734,31471.99,29293.22,0.6062,0.5506,0.7346,62.6,102,0,1.0,0,0.0,0
SYN-U-11735,92061.59,72458.94,0.9256,0.7116,0.2968,44.6,884,5,0.9945,0,0.0,0
SYN-U-11736,44911.9,42217.12,0.636,0.4983,0.6071,24.6,1502,5,0.5696,4,3.2,0
SYN-U-11737,167571.26,163441.07,0.8998,0.8946,0.2067,50.4,1346,6,0.9551,1,0.8,0
SYN-U-11738,14281.07,12049.65,0.8431,0.4331,0.554,55.6,1655,0,1.0,0,0.0,0
SYN-U-11739,41697.71,35156.96,0.5223,0.521,0.7048,42.9,1846,6,0.6064,3,13.3,1
SYN-U-11740,59900.6,56013.3,0.7313,0.1984,0.6196,43.2,1046,6,0.7629,0,0.0,0
SYN-U-11741,30069.11,22233.53,0.605,0.2873,0.4029,60.0,816,6,0.637,1,12.5,1
SYN-U-11742,65696.71,45449.83,0.7529,0.7419,0.4683,21.9,1589,3,0.9255,1,0.4,0
SYN-U-11743,70746.74,50808.68,0.7076,0.4476,0.5529,34.5,959,7,0.9065,0,0.0,0
SYN-U-11744,39480.52,37100.63,0.6781,0.161,0.5034,7.1,448,6,0.5809,1,11.6,1
SYN-U-11745,69237.22,67720.06,0.7302,0.8023,0.4851,22.1,1832,5,0.9123,0,0.0,0
SYN-U-11746,99510.12,76481.71,0.8163,0.5058,0.3902,51.9,156,6,0.7753,0,0.0,0
SYN-U-11747,19935.16,19178.53,0.2233,0.4166,0.8498,29.0,1807,1,0.8351,1,17.1,1
SYN-U-11748,68419.95,57048.46,0.7437,0.6297,0.4747,9.1,1144,6,0.9482,0,0.0,0
SYN-U-11749,20664.55,15027.03,0.585,0.3259,0.6928,35.7,1012,6,0.5036,0,0.0,0
SYN-U-11750,92694.76,90196.08,0.516,0.6772,0.6202,57.1,1772,4,0.901,1,7.2,0
SYN-U-11751,71971.87,50357.19,0.7476,0.8844,0.316,40.3,2051,3,0.8547,0,0.0,0
SYN-U-11752,96948.63,90556.43,0.8489,0.8491,0.2004,20.5,1778,5,0.8643,2,2.4,0
SYN-U-11753,33463.66,31639.53,0.821,0.7406,0.169,38.6,940,2,0.8512,1,2.1,0
SYN-U-11754,70674.86,61064.49,0.9162,0.911,0.3883,31.4,927,2,0.9345,0,0.0,0
SYN-U-11755,74660.43,54046.27,0.2759,0.212,0.6138,26.3,236,3,0.7779,4,7.3,1
SYN-U-11756,84295.4,63475.25,0.8409,0.6803,0.3902,61.4,2063,3,0.9841,0,0.0,0
SYN-U-11757,58707.51,57118.73,0.4134,0.3389,0.6138,42.9,2351,7,0.8279,1,7.1,1
SYN-U-11758,41422.24,28197.27,0.855,0.7873,0.3016,38.3,266,4,0.8787,0,0.0,0
SYN-U-11759,28996.61,25910.23,0.3438,0.2458,0.4784,39.4,1380,7,0.7466,0,0.0,0
SYN-U-11760,59730.89,56879.89,0.7421,0.7965,0.2052,5.1,1676,0,1.0,0,0.0,0
SYN-U-11761,29115.88,26956.76,0.9343,0.6151,0.3429,44.9,1352,0,1.0,0,0.0,0
SYN-U-11762,74245.52,61395.16,0.7782,0.6559,0.3789,55.9,2433,3,0.9968,0,0.0,0
SYN-U-11763,26755.41,21431.3,0.6078,0.6339,0.4791,27.0,175,6,0.8482,2,7.4,0
SYN-U-11764,125516.75,121997.54,0.7761,0.6684,0.1509,31.6,178,7,0.9556,2,0.5,0
SYN-U-11765,37703.26,30410.44,0.9775,0.6965,0.3681,43.7,1365,6,0.919,1,1.1,0
SYN-U-11766,133793.71,106458.71,0.7028,0.7416,0.3807,30.4,1645,6,0.9066,1,2.2,0
SYN-U-11767,40165.51,28167.97,0.7977,0.8326,0.3879,53.7,581,6,0.8598,0,0.0,0
SYN-U-11768,67364.36,64180.54,0.8266,0.7846,0.3875,24.9,1343,0,1.0,0,0.0,0
SYN-U-11769,61602.11,58296.31,0.8376,0.6622,0.3741,31.1,1303,0,1.0,0,0.0,0
SYN-U-11770,86329.02,62121.99,0.879,0.6328,0.2354,10.6,1250,7,0.9815,1,1.5,0
SYN-U-11771,24314.05,22647.78,0.5724,0.2329,0.752,58.3,1943,4,0.8284,0,0.0,1
SYN-U-11772,67166.38,62658.49,0.6288,0.3887,0.5441,62.6,930,4,0.5118,2,9.9,1
SYN-U-11773,37885.98,36520.47,0.7045,0.7052,0.1755,19.0,1840,2,0.8769,0,0.0,0
SYN-U-11774,42881.45,38060.86,0.5684,0.7989,0.3954,27.2,2181,7,0.8664,0,0.0,0
SYN-U-11775,22576.58,20895.41,0.3195,0.574,0.8543,34.7,1270,4,0.5884,2,4.2,1
SYN-U-11776,92676.63,76375.36,0.6798,0.4425,0.5632,38.1,321,0,1.0,0,0.0,0
SYN-U-11777,29334.17,27206.29,0.424,0.6437,0.5942,22.8,2088,2,0.5954,0,0.0,0
SYN-U-11778,33323.52,27534.42,0.8344,0.7683,0.3693,50.8,1025,6,0.9483,0,0.0,0
SYN-U-11779,142031.21,132496.93,0.8137,0.6592,0.3705,22.5,1774,5,0.898,0,0.0,0
SYN-U-11780,32799.21,23482.12,0.7953,0.8515,0.1914,53.5,1012,4,0.9002,0,0.0,0
SYN-U-11781,14499.17,10187.77,0.7239,0.4516,0.6744,47.7,1211,1,0.8262,0,0.0,0
SYN-U-11782,51106.6,38220.06,0.9504,0.6528,0.2492,7.0,162,4,0.9142,0,0.0,0
SYN-U-11783,15713.53,12196.54,0.9232,0.8903,0.1686,32.4,2321,3,0.8821,0,0.0,0
SYN-U-11784,116063.66,93150.62,0.793,0.6627,0.2196,61.9,2260,5,0.9625,0,0.0,0
SYN-U-11785,23191.17,15603.19,0.483,0.3154,0.7979,37.2,2337,3,0.7649,3,17.4,1
SYN-U-11786,24243.75,15965.94,0.3036,0.1717,0.7482,44.3,908,0,1.0,0,0.0,1
SYN-U-11787,57593.03,46098.11,0.9189,0.7204,0.2802,41.5,597,5,0.9846,0,0.0,0
SYN-U-11788,28991.74,22996.44,0.7643,0.7532,0.4741,33.2,1113,0,1.0,0,0.0,0
SYN-U-11789,115880.49,93039.59,0.7267,0.5942,0.3244,10.1,1880,2,0.9247,0,0.0,0
SYN-U-11790,55104.89,43875.92,0.7948,0.7703,0.2756,25.6,898,5,0.9366,0,0.0,0
SYN-U-11791,244496.57,238317.58,0.9183,0.5992,0.4954,54.4,271,7,0.9296,2,1.7,0
SYN-U-11792,43382.35,35657.45,0.8839,0.7343,0.1858,61.1,2141,1,0.9102,0,0.0,0
SYN-U-11793,48469.06,44090.68,0.7638,0.8634,0.2794,36.2,87,3,0.8864,0,0.0,0
SYN-U-11794,23869.01,20393.16,0.7248,0.5844,0.1846,57.3,2329,6,0.9182,0,0.0,0
SYN-U-11795,32619.75,23529.75,0.5605,0.5828,0.5398,54.1,1116,5,0.7913,0,0.0,0
SYN-U-11796,27910.46,21809.06,0.8876,0.8484,0.3028,28.5,2345,1,0.9657,0,0.0,0
SYN-U-11797,96623.9,88945.87,0.7795,0.715,0.301,61.8,2093,5,0.8634,1,2.4,0
SYN-U-11798,17863.59,16928.26,0.2981,0.4153,0.4201,53.9,1806,4,0.8148,2,15.2,1
SYN-U-11799,60225.66,49504.09,0.826,0.6231,0.4753,45.5,836,2,0.8877,0,0.0,0
SYN-U-11800,57058.88,52675.99,0.3317,0.3098,0.6701,25.0,1635,5,0.9031,2,16.2,1
SYN-U-11801,121106.36,99344.09,0.5281,0.4245,0.5968,39.1,1906,4,0.7152,1,9.6,0
SYN-U-11802,62670.92,56794.32,0.876,0.7573,0.1618,60.6,855,6,0.8554,0,0.0,0
SYN-U-11803,64624.11,54909.99,0.8054,0.6634,0.4337,45.3,923,6,0.9001,0,0.0,0
SYN-U-11804,40671.0,36104.85,0.6891,0.5434,0.4969,54.0,1840,5,0.7579,0,0.0,0
SYN-U-11805,21964.42,21116.56,0.5278,0.3288,0.5741,24.9,1563,1,0.6376,0,0.0,0
SYN-U-11806,32755.34,24675.74,0.3875,0.239,0.7416,43.7,1341,6,0.897,0,0.0,1
SYN-U-11807,26738.38,24478.86,0.7913,0.4189,0.2639,48.8,1715,1,0.9357,0,0.0,0
SYN-U-11808,49885.96,42964.65,0.6434,0.5687,0.3937,58.9,1676,5,0.9345,0,0.0,0
SYN-U-11809,12961.07,11614.67,0.3881,0.5848,0.826,40.5,713,2,0.7069,2,15.0,1
SYN-U-11810,31015.9,24493.38,0.9127,0.6327,0.2469,13.7,2473,4,0.8807,0,0.0,0
SYN-U-11811,62513.75,60746.0,0.4909,0.2313,0.7149,50.8,1599,1,0.5993,3,6.8,0
SYN-U-11812,84497.54,81062.92,0.944,0.7007,0.4639,20.0,122,2,0.9473,0,0.0,0
SYN-U-11813,15991.1,14330.42,0.7929,0.7312,0.23,53.1,1650,5,0.8663,0,0.0,0
SYN-U-11814,33530.64,25844.81,0.908,0.8212,0.3488,48.7,1433,1,0.8749,0,0.0,0
SYN-U-11815,100708.94,89973.66,0.7509,0.8093,0.2273,55.5,193,1,0.8514,0,0.0,0
SYN-U-11816,45839.01,34224.7,0.8997,0.8509,0.4077,52.2,1300,0,1.0,0,0.0,0
SYN-U-11817,48812.23,33097.2,0.8366,0.6814,0.1627,43.4,1610,2,0.9665,1,1.1,0
SYN-U-11818,15527.74,11170.2,0.6895,0.6124,0.7794,50.1,936,6,0.5681,2,12.8,1
SYN-U-11819,62328.24,44745.77,0.5603,0.7334,0.3421,47.9,1046,4,0.7205,2,7.8,0
SYN-U-11820,68594.8,53125.79,0.6941,0.5734,0.5793,46.8,1195,7,0.8526,1,4.7,0
SYN-U-11821,142082.18,101617.02,0.9578,0.8774,0.1625,15.6,1821,7,0.9824,0,0.0,0
SYN-U-11822,94902.02,73952.6,0.6159,0.5207,0.7991,35.1,36,2,0.5851,1,8.2,1
SYN-U-11823,186418.04,122406.84,0.389,0.5445,0.5987,39.7,1970,4,0.7156,0,0.0,0
SYN-U-11824,88857.0,84105.79,0.5992,0.6461,0.5593,56.5,2093,3,0.7346,3,2.1,0
SYN-U-11825,71976.73,68316.34,0.7797,0.7742,0.3493,32.2,886,5,0.9297,1,5.4,0
SYN-U-11826,48323.32,46087.23,0.8584,0.8692,0.2261,52.6,1844,7,0.9446,0,0.0,0
SYN-U-11827,24420.97,16530.69,0.9356,0.6427,0.3971,30.8,1324,4,0.8836,0,0.0,0
SYN-U-11828,47461.62,38272.4,0.7214,0.4511,0.5482,9.3,870,1,0.9604,0,0.0,0
SYN-U-11829,66771.03,45770.36,0.9729,0.915,0.4136,51.4,2222,0,1.0,0,0.0,0
SYN-U-11830,72801.38,61900.76,0.6307,0.4076,0.2874,36.6,1931,4,0.7431,2,3.6,0
SYN-U-11831,49108.93,32023.33,0.9062,0.5932,0.1852,17.2,1994,7,0.9695,1,1.3,0
SYN-U-11832,23383.78,16595.32,0.2756,0.2554,0.4048,33.9,1863,2,0.7034,0,0.0,1
SYN-U-11833,16897.42,14597.98,0.6772,0.6361,0.6886,52.2,2214,1,0.5726,1,15.7,1
SYN-U-11834,26033.02,22830.11,0.2973,0.2012,0.6929,42.3,678,6,0.8822,1,16.5,1
SYN-U-11835,46478.92,44146.33,0.7559,0.6252,0.4604,22.6,278,7,0.9917,0,0.0,0
SYN-U-11836,44469.65,41276.65,0.8506,0.5505,0.403,33.6,786,4,0.9587,2,2.3,0
SYN-U-11837,38781.33,28152.19,0.5137,0.4579,0.7932,64.4,1148,6,0.7559,0,0.0,0
SYN-U-11838,14110.81,9696.96,0.9349,0.6201,0.3195,25.5,617,3,0.9218,0,0.0,0
SYN-U-11839,65503.36,61188.69,0.763,0.6254,0.1819,41.8,2472,4,0.9638,0,0.0,0
SYN-U-11840,57614.12,45099.57,0.6325,0.3378,0.7446,30.7,1875,0,1.0,0,0.0,0
SYN-U-11841,25322.62,21339.0,0.9206,0.8503,0.262,50.1,1984,4,0.8801,0,0.0,0
SYN-U-11842,66554.07,47389.82,0.8142,0.8475,0.1567,18.5,39,7,0.9623,0,0.0,0
SYN-U-11843,65387.17,48224.86,0.9747,0.558,0.1933,20.6,176,7,0.8626,1,2.5,0
SYN-U-11844,47435.58,39048.85,0.9542,0.8834,0.4086,31.3,1508,5,0.9237,0,0.0,0
SYN-U-11845,72138.87,63203.33,0.94,0.7277,0.199,48.7,1134,6,0.9332,0,0.0,0
SYN-U-11846,52779.99,35316.04,0.7711,0.6325,0.4548,13.5,2319,7,0.9116,0,0.0,0
SYN-U-11847,73435.34,54645.0,0.2712,0.2629,0.4323,24.8,1852,3,0.6749,0,0.0,0
SYN-U-11848,39735.45,35283.08,0.9509,0.7491,0.2416,18.2,91,0,1.0,0,0.0,0
SYN-U-11849,76430.13,56932.72,0.7475,0.4543,0.4744,11.7,2179,2,0.9629,1,3.4,0
SYN-U-11850,83296.01,54509.68,0.6401,0.5373,0.2727,8.0,2340,5,0.7066,0,0.0,0
SYN-U-11851,73408.94,61522.34,0.9603,0.8663,0.3683,36.0,2024,1,0.9971,2,1.2,0
SYN-U-11852,35117.44,24030.23,0.4608,0.1864,0.5737,31.4,1857,0,1.0,0,0.0,1
SYN-U-11853,42868.77,28272.81,0.7598,0.8052,0.2326,17.9,1261,7,0.9784,0,0.0,0
SYN-U-11854,62614.29,44604.64,0.5864,0.2421,0.5914,6.1,1149,2,0.8805,2,7.0,0
SYN-U-11855,48172.84,41315.16,0.3138,0.3262,0.4534,63.5,343,7,0.9382,2,15.3,1
SYN-U-11856,77127.62,68179.77,0.6868,0.7989,0.3735,10.3,1485,5,0.9331,3,3.0,0
SYN-U-11857,45426.93,34088.54,0.8732,0.6814,0.284,60.1,2118,5,0.9244,0,0.0,0
SYN-U-11858,66715.7,57450.08,0.5702,0.4028,0.4758,29.7,1558,5,0.931,3,2.9,0
SYN-U-11859,16853.8,15009.34,0.2757,0.498,0.5513,30.0,1604,1,0.7227,0,0.0,0
SYN-U-11860,161744.48,110550.76,0.8676,0.6859,0.2524,29.6,1667,4,0.9776,0,0.0,0
SYN-U-11861,14210.56,11922.63,0.696,0.7306,0.4075,55.4,1354,2,0.8867,0,0.0,0
SYN-U-11862,54047.27,35786.75,0.9617,0.8319,0.4565,45.5,1076,0,1.0,0,0.0,0
SYN-U-11863,55879.02,36483.99,0.9588,0.8316,0.4174,13.0,1757,0,1.0,0,0.0,0
SYN-U-11864,54421.93,41883.84,0.6509,0.4314,0.5836,58.0,1544,4,0.9116,2,3.4,0
SYN-U-11865,58988.54,46569.0,0.5951,0.6996,0.5226,57.8,2463,2,0.8176,0,0.0,0
SYN-U-11866,80508.97,65743.89,0.8333,0.8779,0.2397,28.5,1250,5,0.9844,0,0.0,0
SYN-U-11867,31892.22,21147.61,0.5258,0.6555,0.3502,9.3,572,5,0.9337,1,5.4,0
SYN-U-11868,49524.0,40645.93,0.8355,0.8184,0.4508,50.2,1000,4,0.9996,0,0.0,0
SYN-U-11869,32348.22,27133.46,0.248,0.1607,0.6439,22.0,1821,7,0.6015,2,7.5,1
SYN-U-11870,56488.54,43521.86,0.9633,0.8948,0.3879,39.5,1168,4,0.8521,0,0.0,0
SYN-U-11871,41057.02,37320.0,0.8446,0.6649,0.4005,8.0,1507,7,0.9105,1,2.1,0
SYN-U-11872,82837.92,77806.2,0.532,0.75,0.289,63.9,1190,5,0.7023,0,0.0,0
SYN-U-11873,43084.28,31565.85,0.7129,0.7223,0.472,27.8,2043,5,0.9086,0,0.0,0
SYN-U-11874,37193.23,33026.32,0.7936,0.745,0.4548,65.0,1945,0,1.0,0,0.0,0
SYN-U-11875,94417.72,75356.44,0.973,0.6328,0.3635,35.6,1409,6,0.9796,1,1.9,0
SYN-U-11876,50547.04,42198.33,0.7075,0.6614,0.2581,58.1,1235,6,0.7141,0,0.0,0
SYN-U-11877,40501.84,32372.13,0.5458,0.5648,0.5199,42.8,2057,4,0.5855,1,9.1,0
SYN-U-11878,17120.02,12889.25,0.4549,0.436,0.5017,6.1,2038,4,0.6916,0,0.0,0
SYN-U-11879,34808.08,29424.98,0.8905,0.8631,0.1952,44.1,775,6,0.9625,1,1.2,0
SYN-U-11880,114545.68,83852.69,0.564,0.7808,0.5316,11.7,64,5,0.7418,0,0.0,0
SYN-U-11881,56806.5,42513.73,0.7858,0.6243,0.5311,55.8,2208,7,0.8767,0,0.0,0
SYN-U-11882,52889.7,47170.22,0.5183,0.5365,0.5526,10.9,86,7,0.9536,0,0.0,0
SYN-U-11883,68071.24,48593.07,0.5097,0.7068,0.2573,33.5,1266,6,0.943,2,2.5,0
SYN-U-11884,150901.18,132537.08,0.631,0.5772,0.6161,18.8,1332,0,1.0,0,0.0,0
SYN-U-11885,92387.97,80341.8,0.5343,0.5577,0.6349,64.7,1130,1,0.6166,1,7.3,0
SYN-U-11886,47153.48,36764.9,0.9447,0.706,0.3346,43.2,62,0,1.0,0,0.0,0
SYN-U-11887,64052.15,56885.33,0.7292,0.8874,0.2099,8.3,693,6,0.9326,1,1.7,0
SYN-U-11888,17435.23,12043.19,0.592,0.2225,0.5875,28.9,1517,3,0.7446,2,8.0,0
SYN-U-11889,15553.38,11226.23,0.5996,0.5822,0.2678,11.5,2350,4,0.7189,0,0.0,0
SYN-U-11890,20344.52,17165.35,0.5624,0.5646,0.6287,43.6,99,1,0.8061,1,3.4,0
SYN-U-11891,14136.34,11426.44,0.6452,0.2071,0.7322,57.3,2453,1,0.7681,0,0.0,0
SYN-U-11892,30680.8,20606.48,0.8812,0.7828,0.2967,64.1,1672,6,0.9768,0,0.0,0
SYN-U-11893,284878.87,255836.74,0.7473,0.6712,0.3769,49.3,133,4,0.88,0,0.0,0
SYN-U-11894,63450.95,41420.08,0.7368,0.608,0.7423,15.7,1172,7,0.5386,3,16.6,0
SYN-U-11895,148473.98,116635.43,0.9108,0.6987,0.4699,32.1,955,4,0.8874,0,0.0,0
SYN-U-11896,32243.14,23928.44,0.6314,0.4146,0.4392,36.6,374,2,0.9144,1,6.7,0
SYN-U-11897,41698.13,27173.66,0.847,0.6568,0.2002,22.0,80,2,0.8787,0,0.0,0
SYN-U-11898,51882.48,42958.55,0.8697,0.6803,0.3607,18.6,2472,2,0.8685,0,0.0,0
SYN-U-11899,45844.99,42989.01,0.3746,0.2351,0.5956,18.2,1063,3,0.9413,2,15.8,1
SYN-U-11900,91844.71,72372.34,0.8186,0.6978,0.1845,41.3,934,1,0.8507,0,0.0,0
SYN-U-11901,130131.42,123065.36,0.786,0.6129,0.2115,41.0,2397,7,0.9173,0,0.0,0
SYN-U-11902,85885.84,83663.35,0.8497,0.8659,0.3767,61.7,2089,3,0.8555,1,1.7,0
SYN-U-11903,109590.12,86700.06,0.7126,0.9154,0.254,11.1,1000,1,0.9008,1,2.0,0
SYN-U-11904,45126.75,39938.69,0.8143,0.6347,0.3784,43.3,2229,4,0.9804,0,0.0,0
SYN-U-11905,13692.88,13122.36,0.544,0.5662,0.4285,30.3,1874,3,0.7687,0,0.0,0
SYN-U-11906,77722.43,73932.5,0.6824,0.7506,0.3262,56.2,1869,6,0.7116,0,0.0,0
SYN-U-11907,47520.64,41184.26,0.9182,0.7104,0.4888,7.1,2368,2,0.958,0,0.0,0
SYN-U-11908,126382.03,98517.75,0.5656,0.3167,0.7874,14.2,356,3,0.8619,1,11.2,1
SYN-U-11909,24816.05,16651.92,0.3612,0.621,0.4615,8.1,1879,1,0.5668,1,13.4,0
SYN-U-11910,19204.43,16156.01,0.301,0.3095,0.5083,23.5,2258,0,1.0,0,0.0,0
SYN-U-11911,31048.09,28100.56,0.7122,0.4848,0.6377,7.5,87,1,0.842,1,2.1,0
SYN-U-11912,48831.32,36405.49,0.9634,0.8784,0.2539,18.3,1302,4,0.8928,0,0.0,0
SYN-U-11913,169920.56,154798.58,0.634,0.7997,0.5822,24.8,413,7,0.7795,1,3.3,0
SYN-U-11914,89268.37,74119.84,0.5693,0.4421,0.3544,48.5,1787,0,1.0,0,0.0,0
SYN-U-11915,42736.49,38523.32,0.5825,0.434,0.6118,38.4,1947,6,0.8555,0,0.0,0
SYN-U-11916,65482.0,45227.94,0.8471,0.6528,0.5732,46.3,1757,6,0.7476,0,0.0,0
SYN-U-11917,53668.62,40252.19,0.8273,0.821,0.4199,24.4,460,0,1.0,0,0.0,0
SYN-U-11918,14860.02,11505.39,0.6341,0.5804,0.5896,21.8,1552,1,0.7325,1,9.1,1
SYN-U-11919,64695.24,58680.19,0.834,0.7893,0.4709,14.3,2200,3,0.9767,0,0.0,0
SYN-U-11920,15652.24,10985.64,0.7574,0.4604,0.3795,61.7,2135,6,0.9018,3,5.9,0
SYN-U-11921,57337.21,44218.04,0.8989,0.5513,0.3821,32.2,289,6,0.8982,0,0.0,0
SYN-U-11922,64453.75,51332.2,0.7456,0.6241,0.3936,53.8,1124,6,0.9041,0,0.0,0
SYN-U-11923,55126.6,48184.77,0.9541,0.9142,0.2702,50.2,538,3,0.9878,0,0.0,0
SYN-U-11924,31552.5,30540.85,0.7106,0.7565,0.2625,19.8,1071,0,1.0,0,0.0,0
SYN-U-11925,14861.15,10572.2,0.6885,0.1741,0.712,63.1,1750,1,0.5297,1,12.6,1
SYN-U-11926,82639.69,61978.45,0.7027,0.524,0.436,45.7,1573,7,0.9194,1,2.5,0
SYN-U-11927,102208.04,77988.46,0.3952,0.4694,0.8408,35.1,1934,7,0.8522,2,9.2,1
SYN-U-11928,97765.1,73702.98,0.8336,0.6991,0.4701,42.1,800,7,0.8544,1,2.0,0
SYN-U-11929,52566.32,44644.48,0.7707,0.5803,0.1967,23.8,907,7,0.9371,0,0.0,0
SYN-U-11930,29319.98,28446.0,0.747,0.5839,0.4339,61.5,192,2,0.903,2,0.6,0
SYN-U-11931,119953.17,88641.5,0.8436,0.9093,0.4571,42.1,2451,6,0.9305,0,0.0,0
SYN-U-11932,80720.3,76746.8,0.777,0.7406,0.3382,5.4,1638,1,0.9841,0,0.0,0
SYN-U-11933,20737.36,17386.33,0.7345,0.6925,0.4794,17.7,2236,6,0.9303,0,0.0,0
SYN-U-11934,77645.96,58176.88,0.6978,0.6161,0.3796,34.8,788,5,0.8869,1,5.2,0
SYN-U-11935,51296.35,49802.77,0.8984,0.6261,0.1834,29.6,1662,4,0.8768,0,0.0,0
SYN-U-11936,32720.38,24293.91,0.2493,0.4377,0.5844,44.9,1360,1,0.6231,0,0.0,1
SYN-U-11937,48320.86,33455.22,0.8564,0.8045,0.4208,24.8,356,1,0.9998,1,2.7,0
SYN-U-11938,133281.76,104666.7,0.7792,0.8518,0.3561,25.4,2384,5,0.91,0,0.0,0
SYN-U-11939,65414.52,48580.08,0.9238,0.8054,0.3209,54.2,1398,1,0.9662,0,0.0,0
SYN-U-11940,72817.62,52093.04,0.3435,0.3174,0.7815,48.2,987,6,0.5987,1,14.4,1
SYN-U-11941,65946.29,43105.27,0.7278,0.8974,0.496,24.7,1094,1,0.8819,0,0.0,0
SYN-U-11942,29272.06,28590.88,0.9084,0.6039,0.2602,25.1,642,2,0.9465,1,2.0,0
SYN-U-11943,141462.75,130202.89,0.9452,0.7554,0.2724,6.9,2347,6,0.9635,0,0.0,0
SYN-U-11944,58807.09,56176.19,0.9052,0.8215,0.3632,64.4,390,3,0.9522,0,0.0,0
SYN-U-11945,14137.86,12686.77,0.2942,0.3561,0.64,44.0,632,4,0.8163,1,7.6,1
SYN-U-11946,43066.59,30530.24,0.8837,0.8133,0.3339,20.9,584,4,0.9415,1,0.2,0
SYN-U-11947,66188.03,43805.38,0.7041,0.5709,0.2062,34.9,48,3,0.9589,0,0.0,0
SYN-U-11948,89633.11,83236.45,0.9752,0.8893,0.4857,50.8,523,1,0.8866,0,0.0,0
SYN-U-11949,53758.11,35564.2,0.7314,0.8077,0.3836,19.1,952,0,1.0,0,0.0,0
SYN-U-11950,29529.43,23809.58,0.8067,0.58,0.4581,17.1,1064,2,0.8501,0,0.0,0
SYN-U-11951,49148.68,38672.54,0.5477,0.4669,0.4454,54.3,2335,1,0.817,0,0.0,0
SYN-U-11952,32326.87,27637.99,0.2217,0.5746,0.5081,30.6,437,2,0.916,1,16.8,1
SYN-U-11953,25488.3,16670.65,0.2401,0.4782,0.5356,30.6,623,6,0.627,0,0.0,0
SYN-U-11954,26151.72,21576.11,0.7245,0.884,0.22,53.1,835,2,0.964,0,0.0,0
SYN-U-11955,15364.25,10038.38,0.2896,0.5537,0.5421,49.2,1768,7,0.8527,1,11.3,1
SYN-U-11956,25182.34,23522.58,0.8789,0.5612,0.4008,22.9,2346,6,0.9472,0,0.0,0
SYN-U-11957,36640.85,30523.59,0.6631,0.4836,0.3139,17.2,2288,2,0.8947,1,7.3,0
SYN-U-11958,100724.56,89551.1,0.5125,0.7313,0.5081,61.0,1020,6,0.7905,1,6.3,0
SYN-U-11959,13361.27,11411.78,0.299,0.1634,0.4426,21.0,737,4,0.9382,2,4.2,0
SYN-U-11960,98097.15,76123.21,0.7253,0.673,0.2492,35.0,1759,5,0.9166,0,0.0,0
SYN-U-11961,18686.36,16485.91,0.5455,0.4896,0.5325,33.6,2492,2,0.6272,1,8.0,1
SYN-U-11962,156347.12,111207.27,0.9572,0.7476,0.2331,35.5,863,3,0.9025,0,0.0,0
SYN-U-11963,61607.72,55091.69,0.5854,0.4849,0.2991,62.3,2228,7,0.7629,0,0.0,0
SYN-U-11964,30370.41,26929.01,0.7101,0.5461,0.4248,32.2,1686,1,0.6434,3,9.6,0
SYN-U-11965,22935.68,16561.45,0.238,0.4236,0.7693,47.4,690,6,0.5524,1,16.2,1
SYN-U-11966,153965.7,131403.9,0.8375,0.5634,0.3716,5.2,385,4,0.9882,0,0.0,0
SYN-U-11967,16379.76,15521.54,0.3593,0.4541,0.6532,49.6,50,3,0.6928,0,0.0,0
SYN-U-11968,39742.89,32850.6,0.6757,0.433,0.5946,20.7,1476,5,0.9692,0,0.0,0
SYN-U-11969,48115.71,40690.93,0.6854,0.6399,0.5921,7.9,2110,2,0.9513,1,8.0,0
SYN-U-11970,84566.4,72857.61,0.5785,0.2635,0.7075,33.0,238,0,1.0,0,0.0,0
SYN-U-11971,103308.13,71910.02,0.8069,0.4075,0.4228,54.5,1780,7,0.9587,0,0.0,0
SYN-U-11972,81572.01,61966.02,0.6881,0.67,0.3571,40.2,1161,0,1.0,0,0.0,0
SYN-U-11973,150236.79,144711.54,0.7245,0.8338,0.2432,35.6,204,1,0.9313,1,1.0,0
SYN-U-11974,60316.36,46821.89,0.9024,0.6892,0.2013,21.2,1465,7,0.9341,0,0.0,0
SYN-U-11975,31998.37,24676.14,0.9032,0.7297,0.215,48.8,1455,1,0.8724,0,0.0,0
SYN-U-11976,32098.33,31305.34,0.5703,0.2911,0.486,13.2,100,1,0.7633,0,0.0,0
SYN-U-11977,44521.76,34437.22,0.8759,0.6128,0.2763,50.4,254,5,0.9781,0,0.0,0
SYN-U-11978,28783.42,21907.13,0.7139,0.9052,0.4592,11.2,1159,4,0.9324,1,2.6,0
SYN-U-11979,49672.4,34571.79,0.9517,0.6794,0.3444,32.9,815,5,0.891,0,0.0,0
SYN-U-11980,27593.37,18722.27,0.7225,0.7241,0.2193,21.4,1522,6,0.86,0,0.0,0
SYN-U-11981,37882.77,25783.52,0.9082,0.5758,0.4121,7.7,2354,0,1.0,0,0.0,0
SYN-U-11982,36052.6,25632.86,0.7327,0.7443,0.4127,27.2,584,5,0.9244,0,0.0,0
SYN-U-11983,48410.6,34330.84,0.7988,0.8276,0.1971,12.3,748,4,0.9307,0,0.0,0
SYN-U-11984,38814.31,36257.56,0.6507,0.4893,0.4628,32.8,1265,4,0.6646,1,8.9,0
SYN-U-11985,57817.43,52844.25,0.8312,0.5963,0.3793,15.7,373,4,0.7689,0,0.0,0
SYN-U-11986,13944.45,9786.36,0.6343,0.3619,0.4149,36.8,792,4,0.735,1,3.2,0
SYN-U-11987,81001.9,62474.18,0.7477,0.8759,0.3603,32.1,1847,6,0.9106,1,2.5,0
SYN-U-11988,101377.31,75374.59,0.3021,0.6487,0.4082,20.9,1017,4,0.5993,2,16.8,1
SYN-U-11989,98366.04,85878.7,0.4407,0.3732,0.4516,47.3,405,6,0.9086,2,9.1,0
SYN-U-11990,77458.52,58180.23,0.7157,0.7729,0.1594,49.4,1794,5,0.8668,1,0.8,0
SYN-U-11991,49377.54,48185.91,0.5791,0.2093,0.8304,13.7,848,5,0.6386,1,13.4,1
SYN-U-11992,48596.98,41728.9,0.923,0.6408,0.2812,63.8,693,3,0.8984,1,2.5,0
SYN-U-11993,134289.67,93321.56,0.5886,0.4029,0.5172,20.0,2286,4,0.8128,0,0.0,0
SYN-U-11994,50373.65,49088.8,0.9455,0.7479,0.3116,39.9,1099,0,1.0,0,0.0,0
SYN-U-11995,61350.21,57946.06,0.7642,0.8822,0.2648,63.6,1383,3,0.973,0,0.0,0
SYN-U-11996,73534.98,52272.19,0.7027,0.5153,0.3501,28.8,2091,1,0.8637,0,0.0,0
SYN-U-11997,105352.44,102916.43,0.7359,0.9117,0.3066,29.0,512,7,0.903,0,0.0,0
SYN-U-11998,25050.54,16422.18,0.8457,0.5957,0.3474,50.6,1038,0,1.0,0,0.0,0
SYN-U-11999,32875.49,28802.81,0.7267,0.6977,0.3203,62.6,2130,2,0.8579,0,0.0,0
SYN-U-12000,42414.51,34566.96,0.9379,0.8009,0.1824,47.9,1194,6,0.8864,1,0.4,0
SYN-U-12001,51219.39,34877.62,0.7153,0.772,0.4194,45.7,42,0,1.0,0,0.0,0
SYN-U-12002,26687.83,21831.29,0.4948,0.5923,0.6087,19.5,1741,3,0.7863,1,15.6,1
SYN-U-12003,23774.75,23068.27,0.6491,0.7251,0.5308,6.8,1377,5,0.7766,3,5.7,0
SYN-U-12004,17141.25,13388.88,0.3918,0.2013,0.6223,47.1,346,1,0.8855,1,16.2,1
SYN-U-12005,38475.67,31197.94,0.8688,0.5938,0.2548,10.6,50,7,0.932,0,0.0,0
SYN-U-12006,37229.38,25827.86,0.8306,0.407,0.4777,63.1,307,1,0.7503,1,3.6,0
SYN-U-12007,54188.67,46618.0,0.7453,0.5713,0.2936,48.4,829,7,0.8838,0,0.0,0
SYN-U-12008,83130.73,61287.77,0.9382,0.7177,0.3696,33.7,2409,6,0.9594,0,0.0,0
SYN-U-12009,78780.48,56916.81,0.9156,0.5823,0.1811,43.2,832,0,1.0,0,0.0,0
SYN-U-12010,44791.14,43830.69,0.7337,0.7489,0.2775,30.6,1672,2,0.8928,0,0.0,0
SYN-U-12011,61071.84,52981.64,0.3618,0.1749,0.8451,14.6,905,5,0.5872,1,16.7,1
SYN-U-12012,47174.73,31522.79,0.7434,0.7232,0.514,34.1,1808,2,0.7533,1,6.4,0
SYN-U-12013,30487.52,24601.31,0.9452,0.8861,0.2802,38.1,40,0,1.0,0,0.0,0
SYN-U-12014,58466.28,52635.39,0.9003,0.848,0.3885,37.9,2335,3,0.9867,0,0.0,0
SYN-U-12015,29146.36,24464.75,0.532,0.781,0.2531,38.6,835,0,1.0,0,0.0,0
SYN-U-12016,31651.08,30467.43,0.7768,0.8828,0.3299,32.9,144,2,0.8562,0,0.0,0
SYN-U-12017,138096.29,108577.95,0.9447,0.6902,0.3314,31.0,1302,1,0.8607,0,0.0,0
SYN-U-12018,115784.45,83022.87,0.931,0.7713,0.244,6.2,1381,7,0.9629,2,2.9,0
SYN-U-12019,40452.38,30641.43,0.6454,0.5116,0.4281,63.6,1414,0,1.0,0,0.0,0
SYN-U-12020,75361.73,62543.59,0.7591,0.5798,0.2635,38.6,1779,6,0.9782,0,0.0,0
SYN-U-12021,30857.37,22608.67,0.7666,0.6483,0.161,8.0,1067,3,0.9246,0,0.0,0
SYN-U-12022,69499.7,66968.79,0.86,0.9109,0.4304,16.9,500,5,0.9523,0,0.0,0
SYN-U-12023,46921.3,43986.91,0.6872,0.3408,0.7029,52.8,188,3,0.7905,1,15.3,1
SYN-U-12024,45605.97,42652.32,0.7434,0.6155,0.3652,37.9,2401,0,1.0,0,0.0,0
SYN-U-12025,93152.39,91228.51,0.6408,0.7117,0.5884,64.0,1732,5,0.736,0,0.0,0
SYN-U-12026,29516.61,22448.1,0.8823,0.7751,0.4113,43.4,2051,6,0.9625,0,0.0,0
SYN-U-12027,40022.77,27516.12,0.6981,0.5931,0.5725,63.9,1479,2,0.9296,0,0.0,0
SYN-U-12028,37529.13,33544.66,0.7533,0.7077,0.2549,62.4,2098,2,0.9047,0,0.0,0
SYN-U-12029,86691.5,57526.88,0.7028,0.4768,0.5351,53.5,2309,1,0.8501,0,0.0,0
SYN-U-12030,38903.58,34822.41,0.7562,0.6837,0.1864,36.3,1783,2,0.8927,0,0.0,0
SYN-U-12031,51065.9,36956.27,0.7402,0.619,0.3205,24.3,899,1,0.8041,3,4.3,0
SYN-U-12032,30774.81,28346.97,0.9619,0.8197,0.4937,52.8,205,0,1.0,0,0.0,0
SYN-U-12033,33002.55,22453.29,0.5883,0.4508,0.3567,48.5,1186,1,0.9509,3,2.2,0
SYN-U-12034,20033.22,18837.1,0.6798,0.4847,0.3141,40.6,1382,0,1.0,0,0.0,0
SYN-U-12035,142293.95,139388.46,0.5075,0.4172,0.4003,32.5,2184,6,0.743,1,6.4,0
SYN-U-12036,70045.91,53429.32,0.8503,0.8856,0.2369,22.9,1661,0,1.0,0,0.0,0
SYN-U-12037,52049.22,38950.22,0.7816,0.551,0.2031,57.5,837,3,0.8882,1,0.6,0
SYN-U-12038,33337.27,25311.66,0.3394,0.5576,0.6187,14.3,1013,7,0.8489,2,5.7,1
SYN-U-12039,113775.63,86169.02,0.896,0.6377,0.4189,43.6,1272,3,0.8736,2,0.4,0
SYN-U-12040,66592.89,59417.0,0.8284,0.8948,0.3028,5.0,692,0,1.0,0,0.0,0
SYN-U-12041,26951.22,24531.94,0.2026,0.3719,0.5923,56.5,154,2,0.5256,2,10.4,1
SYN-U-12042,18122.61,13643.7,0.5815,0.4913,0.4426,47.6,1642,6,0.6076,0,0.0,0
SYN-U-12043,47320.48,45748.77,0.9653,0.8403,0.4528,11.1,1767,6,0.99,0,0.0,0
SYN-U-12044,78225.46,68406.08,0.7891,0.8848,0.4563,39.4,120,5,0.8812,0,0.0,0
SYN-U-12045,31943.79,25415.3,0.9053,0.9115,0.3126,51.3,245,4,0.867,1,1.3,0
SYN-U-12046,35133.11,32832.61,0.7115,0.5043,0.4868,62.2,2177,6,0.6078,1,15.2,0
SYN-U-12047,50963.09,42544.85,0.7173,0.8352,0.3962,26.6,2336,0,1.0,0,0.0,0
SYN-U-12048,37543.04,35821.04,0.9152,0.8422,0.1569,52.0,480,1,0.9928,1,2.0,0
SYN-U-12049,254751.62,174655.42,0.5763,0.7597,0.2504,52.3,1980,5,0.9419,0,0.0,0
SYN-U-12050,167241.79,127498.34,0.9044,0.6109,0.4364,52.5,1167,7,0.8523,0,0.0,0
SYN-U-12051,117211.95,96073.66,0.8777,0.5813,0.4347,20.5,2009,5,0.9415,1,0.1,0
SYN-U-12052,17396.97,16866.39,0.2601,0.2556,0.4454,13.1,431,6,0.5005,1,6.5,0
SYN-U-12053,48539.88,35412.32,0.8377,0.7021,0.1781,60.0,2132,6,0.967,0,0.0,0
SYN-U-12054,18992.37,17924.69,0.3217,0.4294,0.8,47.2,367,2,0.8529,4,15.0,1
SYN-U-12055,54158.67,44105.53,0.8244,0.9106,0.4332,38.3,2087,5,0.9722,0,0.0,0
SYN-U-12056,77868.53,70193.84,0.7751,0.5736,0.4625,18.3,1941,4,0.9609,0,0.0,0
SYN-U-12057,38735.22,29190.03,0.6878,0.4493,0.555,42.4,2096,2,0.7161,1,7.5,0
SYN-U-12058,54351.37,35565.85,0.7119,0.8817,0.3268,58.7,2408,4,0.8602,0,0.0,0
SYN-U-12059,78779.51,71114.94,0.8669,0.8498,0.3174,19.1,667,2,0.9174,0,0.0,0
SYN-U-12060,18910.85,15631.47,0.2224,0.1987,0.6979,28.0,2492,4,0.5769,3,13.7,1
SYN-U-12061,39013.13,36956.28,0.8167,0.7521,0.2415,17.4,123,1,0.8794,0,0.0,0
SYN-U-12062,37712.47,31661.05,0.902,0.8653,0.4602,52.5,393,3,0.9033,0,0.0,0
SYN-U-12063,73468.85,71145.39,0.8486,0.5658,0.2498,12.5,462,3,0.9443,0,0.0,0
SYN-U-12064,52297.98,42968.84,0.9242,0.786,0.1879,41.5,633,1,0.8866,0,0.0,0
SYN-U-12065,46712.88,33018.02,0.7518,0.8729,0.3076,20.8,2171,5,0.9357,0,0.0,0
SYN-U-12066,46944.89,33440.72,0.7581,0.789,0.3645,45.6,77,0,1.0,0,0.0,0
SYN-U-12067,112295.53,79386.11,0.869,0.5685,0.3962,9.3,1947,7,0.9618,1,2.6,0
SYN-U-12068,39626.48,30529.55,0.8031,0.6295,0.1977,46.0,674,5,0.9926,0,0.0,0
SYN-U-12069,154629.12,129120.3,0.7863,0.9,0.3685,25.7,1615,7,0.8642,0,0.0,0
SYN-U-12070,39807.8,38181.84,0.8861,0.6348,0.4942,40.4,1761,7,0.9682,0,0.0,0
SYN-U-12071,12945.96,8627.41,0.5216,0.2645,0.4295,17.4,1773,3,0.9272,1,14.8,1
SYN-U-12072,108565.07,90799.86,0.5734,0.7708,0.4346,13.3,1153,1,0.9399,2,3.2,0
SYN-U-12073,36312.03,25548.12,0.8925,0.861,0.3824,48.2,753,6,0.8553,1,0.5,0
SYN-U-12074,102603.53,94591.02,0.7194,0.4802,0.5282,26.8,335,7,0.8544,0,0.0,0
SYN-U-12075,46178.65,38264.34,0.6003,0.7023,0.2842,21.1,718,1,0.9265,1,4.2,0
SYN-U-12076,16285.84,12378.94,0.2068,0.472,0.7712,61.6,1142,1,0.7968,1,13.5,1
SYN-U-12077,16160.56,15423.53,0.7431,0.2325,0.5913,32.1,2038,6,0.6696,2,10.0,0
SYN-U-12078,88600.04,85190.66,0.9507,0.7061,0.4791,28.2,888,7,0.968,0,0.0,0
SYN-U-12079,78227.99,55740.16,0.5669,0.7292,0.5367,11.4,614,5,0.979,0,0.0,0
SYN-U-12080,27783.26,21720.68,0.8873,0.5771,0.154,27.4,907,1,0.9393,1,0.1,0
SYN-U-12081,65498.53,42895.12,0.908,0.6898,0.2223,64.6,2458,3,0.9622,0,0.0,0
SYN-U-12082,20195.7,18715.34,0.4101,0.5088,0.6022,48.6,1442,2,0.576,1,16.6,1
SYN-U-12083,51888.24,42060.86,0.9533,0.6222,0.4879,23.4,1625,2,0.8511,0,0.0,0
SYN-U-12084,33744.94,30581.02,0.2957,0.3311,0.4898,19.3,830,0,1.0,0,0.0,0
SYN-U-12085,110783.68,91884.45,0.6146,0.4606,0.5609,11.6,1075,5,0.8132,2,7.6,0
SYN-U-12086,16176.27,11578.37,0.2245,0.3928,0.8429,35.5,1509,1,0.9378,2,9.7,1
SYN-U-12087,77971.62,62851.69,0.7994,0.7002,0.1752,5.6,1892,0,1.0,0,0.0,0
SYN-U-12088,87772.67,77785.39,0.8093,0.5982,0.435,43.0,863,6,0.9992,0,0.0,0
SYN-U-12089,52798.39,34785.73,0.757,0.8985,0.3048,28.3,2287,2,0.9449,1,0.5,0
SYN-U-12090,149794.67,134548.33,0.9196,0.5503,0.4588,11.8,164,2,0.9144,1,0.2,0
SYN-U-12091,101264.21,95414.22,0.6554,0.4876,0.4883,59.5,1939,0,1.0,0,0.0,0
SYN-U-12092,111574.1,75898.31,0.8597,0.899,0.2777,49.2,34,3,0.864,0,0.0,0
SYN-U-12093,35612.36,32691.05,0.818,0.906,0.3003,37.6,836,4,0.8718,0,0.0,0
SYN-U-12094,37338.42,35691.06,0.7146,0.602,0.2517,39.0,210,1,0.8603,0,0.0,0
SYN-U-12095,17244.33,11921.68,0.4532,0.1712,0.7124,34.3,812,7,0.774,0,0.0,0
SYN-U-12096,48302.23,44903.5,0.8604,0.8697,0.3716,37.3,2100,2,0.9557,0,0.0,0
SYN-U-12097,37680.7,32524.1,0.9577,0.6163,0.3609,16.8,1305,6,0.9695,0,0.0,0
SYN-U-12098,15053.71,14337.04,0.2469,0.3738,0.4298,26.0,1636,7,0.6533,2,8.3,0
SYN-U-12099,55629.96,37062.31,0.77,0.7482,0.5302,19.7,1796,1,0.9089,2,6.6,0
SYN-U-12100,137702.41,131965.09,0.8988,0.5761,0.3766,22.2,1916,3,0.9813,1,2.9,0
SYN-U-12101,29825.57,25482.39,0.7261,0.7009,0.4955,62.0,2361,0,1.0,0,0.0,0
SYN-U-12102,37982.17,33895.97,0.8287,0.582,0.3379,11.6,618,4,0.8612,0,0.0,0
SYN-U-12103,14537.14,12301.67,0.4665,0.4086,0.4014,9.5,1332,6,0.6676,0,0.0,0
SYN-U-12104,64767.68,46504.92,0.9299,0.9179,0.2504,55.6,963,2,0.9307,0,0.0,0
SYN-U-12105,25280.41,21590.24,0.4582,0.3657,0.6818,40.4,1838,0,1.0,0,0.0,0
SYN-U-12106,60959.81,53187.0,0.7213,0.4586,0.8774,39.3,679,0,1.0,0,0.0,0
SYN-U-12107,15418.95,11913.68,0.4467,0.614,0.6053,21.8,961,2,0.711,1,10.3,0
SYN-U-12108,64106.52,55522.67,0.6046,0.2427,0.4418,25.1,1876,2,0.9362,0,0.0,0
SYN-U-12109,28102.14,23382.95,0.8769,0.8861,0.3673,13.3,441,0,1.0,0,0.0,0
SYN-U-12110,50661.17,44554.31,0.8591,0.6492,0.3837,20.6,902,6,0.9853,0,0.0,0
SYN-U-12111,35676.57,29776.17,0.8694,0.7766,0.4185,27.1,542,5,0.9144,0,0.0,0
SYN-U-12112,40389.48,27499.21,0.8796,0.9003,0.2037,33.7,2373,4,0.8873,1,1.6,0
SYN-U-12113,66032.83,55361.87,0.6278,0.6982,0.371,33.1,1988,1,0.7713,0,0.0,0
SYN-U-12114,39629.57,28948.93,0.818,0.5737,0.2527,23.6,2132,1,0.9002,0,0.0,0
SYN-U-12115,110377.91,102438.39,0.7825,0.9181,0.2862,32.9,380,0,1.0,0,0.0,0
SYN-U-12116,32152.55,22388.91,0.6159,0.4603,0.4153,19.3,511,6,0.8114,1,4.2,0
SYN-U-12117,44221.15,38670.06,0.9353,0.8284,0.217,21.9,1358,1,0.9415,0,0.0,0
SYN-U-12118,62007.23,53428.35,0.6818,0.5839,0.4033,11.7,804,2,0.8764,2,4.2,0
SYN-U-12119,44908.77,30574.13,0.8569,0.7855,0.4235,29.5,1393,4,0.8575,0,0.0,0
SYN-U-12120,48317.44,38005.24,0.5857,0.5712,0.8655,49.6,2009,4,0.888,0,0.0,0
SYN-U-12121,107358.46,94082.05,0.9536,0.6593,0.2823,57.1,1481,4,0.916,0,0.0,0
SYN-U-12122,111569.65,106154.27,0.8404,0.4885,0.3952,10.7,1417,7,0.8007,0,0.0,0
SYN-U-12123,86056.32,78943.1,0.6283,0.5943,0.3501,36.2,144,5,0.936,0,0.0,0
SYN-U-12124,16974.19,14768.35,0.5813,0.4703,0.5802,15.1,1143,5,0.7181,1,5.3,0
SYN-U-12125,13435.66,10818.88,0.9768,0.7479,0.4079,50.3,459,0,1.0,0,0.0,0
SYN-U-12126,69597.4,59767.6,0.7849,0.6879,0.3615,61.9,283,7,0.9783,1,5.6,0
SYN-U-12127,21784.03,15598.81,0.4917,0.4706,0.6952,49.6,1946,6,0.5847,2,8.5,1
SYN-U-12128,42610.93,27697.52,0.8432,0.5145,0.509,39.8,1372,5,0.8339,0,0.0,0
SYN-U-12129,89732.42,80077.88,0.8108,0.7167,0.223,12.9,2374,7,0.9674,1,0.3,0
SYN-U-12130,82329.54,62695.64,0.8514,0.6636,0.2769,50.9,676,7,0.9409,0,0.0,0
SYN-U-12131,41674.15,36593.97,0.6728,0.5814,0.2573,19.2,2482,0,1.0,0,0.0,0
SYN-U-12132,28482.21,27570.66,0.6038,0.396,0.4525,6.6,2181,7,0.8461,0,0.0,0
SYN-U-12133,38408.67,35628.4,0.745,0.6646,0.4508,63.8,1095,0,1.0,0,0.0,0
SYN-U-12134,66236.0,59333.77,0.5799,0.4751,0.5386,42.0,939,5,0.7692,0,0.0,0
SYN-U-12135,16641.44,12338.68,0.6125,0.626,0.2594,60.9,883,2,0.8978,0,0.0,0
SYN-U-12136,63449.12,58416.08,0.8367,0.6912,0.3105,28.7,1745,2,0.7927,0,0.0,0
SYN-U-12137,46537.09,31245.31,0.8241,0.7422,0.3489,54.0,2468,1,0.9313,0,0.0,0
SYN-U-12138,64487.15,42059.46,0.8927,0.5897,0.4916,29.0,2243,5,0.9308,0,0.0,0
SYN-U-12139,63779.52,60356.47,0.8358,0.8847,0.2109,54.0,777,6,0.9802,0,0.0,0
SYN-U-12140,74536.29,67885.28,0.9478,0.812,0.1552,14.3,1125,0,1.0,0,0.0,0
SYN-U-12141,39734.0,27263.35,0.9406,0.854,0.2759,52.2,348,6,0.907,0,0.0,0
SYN-U-12142,62324.58,58623.21,0.8887,0.9167,0.393,7.2,1511,1,0.9538,0,0.0,0
SYN-U-12143,18467.61,17830.25,0.7818,0.6653,0.1709,17.1,1988,1,0.9617,0,0.0,0
SYN-U-12144,20994.22,16375.99,0.2341,0.1543,0.4061,38.8,1453,0,1.0,0,0.0,1
SYN-U-12145,20226.19,17095.9,0.5973,0.456,0.6935,8.3,1963,3,0.8157,0,0.0,0
SYN-U-12146,31270.78,26373.44,0.8843,0.6922,0.3175,48.1,695,3,0.9608,0,0.0,0
SYN-U-12147,88626.8,58307.27,0.6607,0.5133,0.5507,32.2,1247,5,0.7015,3,3.4,0
SYN-U-12148,87588.11,84484.85,0.8464,0.7861,0.3488,49.1,2063,0,1.0,0,0.0,0
SYN-U-12149,39963.23,34071.08,0.969,0.8584,0.4,26.1,1588,0,1.0,0,0.0,0
SYN-U-12150,89149.87,60959.11,0.5508,0.6645,0.4757,10.4,613,5,0.8774,0,0.0,0
SYN-U-12151,24241.19,21484.54,0.7488,0.6321,0.5329,30.0,1623,2,0.6571,2,13.6,0
SYN-U-12152,15753.75,14086.89,0.4393,0.4001,0.6836,54.1,1480,2,0.6167,3,15.3,1
SYN-U-12153,72802.18,48479.95,0.5972,0.2353,0.7302,5.5,472,0,1.0,0,0.0,0
SYN-U-12154,94282.39,70036.84,0.7351,0.4688,0.5492,53.2,2038,1,0.6396,3,4.9,0
SYN-U-12155,15153.28,12772.13,0.7276,0.4695,0.6246,20.5,630,7,0.7284,0,0.0,0
SYN-U-12156,24778.22,21983.94,0.7343,0.8293,0.425,12.3,252,3,0.9448,0,0.0,0
SYN-U-12157,71041.08,63648.79,0.8627,0.9158,0.3307,26.3,1613,2,0.9257,0,0.0,0
SYN-U-12158,23326.75,17531.17,0.6765,0.5597,0.8335,62.7,250,4,0.7153,1,12.2,1
SYN-U-12159,14154.83,13326.21,0.6075,0.1895,0.5659,7.8,1147,2,0.6994,3,5.3,0
SYN-U-12160,44675.5,40703.15,0.8216,0.5652,0.2829,9.4,2164,4,0.9066,0,0.0,0
SYN-U-12161,37057.03,24812.25,0.7784,0.5791,0.4917,55.9,123,1,0.8928,0,0.0,0
SYN-U-12162,32435.64,29168.57,0.5062,0.2195,0.5954,56.5,164,1,0.557,0,0.0,1
SYN-U-12163,23788.51,20301.97,0.5973,0.6982,0.5189,39.2,604,3,0.8122,1,2.9,0
SYN-U-12164,24371.42,16129.97,0.7884,0.7483,0.4737,58.2,1096,7,0.8514,0,0.0,0
SYN-U-12165,16507.84,12719.14,0.2956,0.2944,0.7586,18.2,1134,6,0.5307,4,10.0,1
SYN-U-12166,52138.88,47082.31,0.5746,0.27,0.8602,8.4,1491,2,0.7925,1,16.1,1
SYN-U-12167,68518.51,63950.84,0.6614,0.541,0.295,22.3,224,1,0.7556,1,6.6,0
SYN-U-12168,167883.82,140238.37,0.9194,0.838,0.3422,38.4,381,1,0.9657,0,0.0,0
SYN-U-12169,46836.94,37032.48,0.8042,0.5105,0.5558,64.1,1633,6,0.9541,1,6.9,0
SYN-U-12170,17520.95,15736.51,0.5422,0.3343,0.8647,14.7,453,1,0.7503,3,8.3,1
SYN-U-12171,52481.47,41634.05,0.7369,0.6624,0.4431,8.0,224,2,0.9427,1,0.9,0
SYN-U-12172,38588.69,35901.5,0.41,0.1929,0.6897,58.8,1709,7,0.8787,0,0.0,0
SYN-U-12173,75391.94,49451.94,0.6828,0.6318,0.4223,21.5,830,1,0.8978,0,0.0,0
SYN-U-12174,70110.25,47380.03,0.702,0.5721,0.3657,57.1,2203,6,0.919,0,0.0,0
SYN-U-12175,43570.51,33961.95,0.834,0.8183,0.2333,13.7,1896,3,0.9979,0,0.0,0
SYN-U-12176,22337.58,14957.97,0.2965,0.3708,0.6257,8.1,2142,0,1.0,0,0.0,1
SYN-U-12177,33354.26,30938.38,0.7638,0.5724,0.4297,23.7,1079,5,0.8805,0,0.0,0
SYN-U-12178,64965.31,61064.32,0.9078,0.6312,0.2371,49.2,2404,6,0.8698,0,0.0,0
SYN-U-12179,61585.71,52724.24,0.7766,0.663,0.2577,38.2,1946,1,0.9987,0,0.0,0
SYN-U-12180,28168.99,23807.3,0.9485,0.5579,0.4181,12.5,968,0,1.0,0,0.0,0
SYN-U-12181,34043.99,26551.44,0.8714,0.724,0.4145,51.7,1291,5,0.868,0,0.0,0
SYN-U-12182,175957.96,118795.2,0.3836,0.4935,0.751,46.5,428,7,0.8333,1,3.3,1
SYN-U-12183,13358.79,9854.6,0.4394,0.3306,0.7849,30.9,448,0,1.0,0,0.0,0
SYN-U-12184,38012.89,28376.55,0.7127,0.7763,0.2995,9.6,2182,1,0.9815,1,3.0,0
SYN-U-12185,95452.14,85304.66,0.2041,0.3874,0.6255,17.4,640,2,0.7908,0,0.0,0
SYN-U-12186,45306.82,31071.67,0.7336,0.3906,0.7392,29.1,2478,1,0.8471,2,10.3,0
SYN-U-12187,85124.29,58558.41,0.8848,0.88,0.3405,35.3,2362,0,1.0,0,0.0,0
SYN-U-12188,42774.87,33220.66,0.6139,0.6491,0.7904,18.9,1547,5,0.8858,0,0.0,0
SYN-U-12189,66221.01,55708.46,0.7679,0.6608,0.482,16.8,2416,0,1.0,0,0.0,0
SYN-U-12190,64312.9,50737.57,0.7918,0.763,0.21,39.3,945,5,0.9903,1,1.0,0
SYN-U-12191,41270.83,37087.24,0.7957,0.7319,0.4264,58.3,1330,7,0.9676,0,0.0,0
SYN-U-12192,89014.76,84619.4,0.5318,0.4874,0.5681,40.3,1891,4,0.7096,1,3.4,0
SYN-U-12193,67301.55,56935.65,0.8426,0.8098,0.3144,41.2,2260,2,0.9532,0,0.0,0
SYN-U-12194,38474.98,32033.14,0.717,0.8524,0.3685,11.7,1872,1,0.9602,0,0.0,0
SYN-U-12195,127629.41,92042.23,0.6611,0.4151,0.6408,18.8,325,2,0.7131,0,0.0,0
SYN-U-12196,54430.41,37111.4,0.8848,0.7559,0.3024,26.9,1400,1,0.9367,0,0.0,0
SYN-U-12197,97252.73,77380.46,0.8159,0.8205,0.4072,60.2,407,1,0.9474,1,2.0,0
SYN-U-12198,16939.57,16272.88,0.3584,0.3882,0.8188,29.9,2462,7,0.5484,0,0.0,0
SYN-U-12199,196817.16,136301.61,0.8436,0.666,0.1934,57.2,430,4,0.9735,0,0.0,0
SYN-U-12200,58470.8,48583.69,0.7178,0.8051,0.4916,60.3,343,4,0.9036,0,0.0,0
SYN-U-12201,36544.09,27357.1,0.6152,0.6462,0.382,15.3,2212,4,0.8138,2,6.3,0
SYN-U-12202,33648.03,28180.24,0.5383,0.6363,0.3023,39.8,1172,7,0.9254,2,2.9,0
SYN-U-12203,80434.96,72594.58,0.6357,0.236,0.7191,36.4,111,2,0.5164,1,9.6,1
SYN-U-12204,34554.21,31396.44,0.7872,0.7801,0.2788,6.8,2458,5,0.7719,1,7.3,0
SYN-U-12205,53945.24,42608.28,0.9449,0.7334,0.4343,29.1,2055,7,0.9933,0,0.0,0
SYN-U-12206,19544.06,17433.87,0.4015,0.2232,0.8576,51.7,2250,6,0.5392,1,7.8,1
SYN-U-12207,256180.96,230311.02,0.8965,0.7872,0.1737,8.2,512,1,0.9827,0,0.0,0
SYN-U-12208,104433.47,75351.16,0.8106,0.7633,0.5996,42.3,739,5,0.7084,0,0.0,0
SYN-U-12209,89690.71,64344.55,0.4393,0.4623,0.803,54.1,1540,5,0.5673,2,5.2,1
SYN-U-12210,44858.32,30754.51,0.6854,0.7017,0.5401,62.1,322,0,1.0,0,0.0,0
SYN-U-12211,31061.06,27444.23,0.8068,0.7076,0.3405,46.4,2266,1,0.8559,0,0.0,0
SYN-U-12212,18158.08,12194.31,0.3763,0.2558,0.7849,45.8,2290,4,0.883,0,0.0,0
SYN-U-12213,16803.8,11326.76,0.2556,0.6232,0.4616,5.6,2494,5,0.5861,1,15.6,1
SYN-U-12214,46989.72,34140.52,0.9714,0.7743,0.3309,55.7,129,6,0.8554,0,0.0,0
SYN-U-12215,138576.17,94092.5,0.7441,0.5882,0.2514,17.4,1944,0,1.0,0,0.0,0
SYN-U-12216,56862.94,52395.91,0.5237,0.429,0.4283,27.7,1476,7,0.9203,0,0.0,0
SYN-U-12217,55781.29,50430.72,0.7887,0.8352,0.4473,17.3,285,0,1.0,0,0.0,0
SYN-U-12218,79749.24,59042.56,0.6545,0.5029,0.2561,10.5,1532,6,0.7971,1,5.2,0
SYN-U-12219,163378.19,139299.1,0.7969,0.7043,0.1831,9.0,314,3,0.9991,0,0.0,0
SYN-U-12220,29308.16,20851.55,0.5323,0.3599,0.4825,62.6,369,3,0.9243,0,0.0,0
SYN-U-12221,58264.37,54640.12,0.9379,0.6636,0.3679,42.9,869,0,1.0,0,0.0,0
SYN-U-12222,54409.25,49701.22,0.7417,0.4194,0.8314,45.1,826,0,1.0,0,0.0,0
SYN-U-12223,54134.38,51769.86,0.958,0.796,0.3943,6.6,986,0,1.0,0,0.0,0
SYN-U-12224,36110.02,32073.73,0.805,0.8147,0.363,11.7,2356,4,0.8708,0,0.0,0
SYN-U-12225,33479.6,25428.17,0.9708,0.8923,0.3785,38.2,2111,2,0.934,0,0.0,0
SYN-U-12226,21743.15,14907.56,0.6692,0.4057,0.4016,10.8,2307,7,0.7214,2,4.4,0
SYN-U-12227,100256.19,86904.81,0.5054,0.6127,0.2591,7.0,2112,0,1.0,0,0.0,0
SYN-U-12228,17194.96,15021.67,0.3902,0.3098,0.7455,38.3,1939,5,0.5121,0,0.0,1
SYN-U-12229,101152.1,82056.71,0.773,0.4599,0.4612,39.8,1443,1,0.8119,0,0.0,0
SYN-U-12230,236078.77,217099.55,0.8264,0.4745,0.2514,5.9,1270,7,0.7385,0,0.0,0
SYN-U-12231,30817.55,27189.81,0.5847,0.4695,0.4242,11.8,1378,0,1.0,0,0.0,0
SYN-U-12232,44292.01,29593.5,0.7176,0.6082,0.3151,41.4,1000,3,0.9987,0,0.0,0
SYN-U-12233,35346.26,27436.67,0.9182,0.5991,0.2636,61.9,845,4,0.9831,0,0.0,0
SYN-U-12234,134659.16,92242.24,0.8052,0.7236,0.5134,53.0,997,2,0.8785,0,0.0,0
SYN-U-12235,14863.01,14535.95,0.6075,0.4379,0.6918,12.3,33,0,1.0,0,0.0,0
SYN-U-12236,84754.57,65799.14,0.7411,0.7513,0.4385,46.9,1181,3,0.9335,0,0.0,0
SYN-U-12237,44424.27,38761.65,0.5136,0.5927,0.6075,64.1,573,5,0.7198,2,16.7,1
SYN-U-12238,29498.02,25463.87,0.8392,0.5768,0.3112,29.8,517,5,0.9864,0,0.0,0
SYN-U-12239,59696.12,45672.72,0.7208,0.7485,0.2358,25.6,1435,5,0.9439,0,0.0,0
SYN-U-12240,34739.99,24027.31,0.8187,0.5859,0.4952,35.4,563,7,0.9108,2,2.8,0
SYN-U-12241,41387.79,39549.38,0.8363,0.7212,0.2692,30.8,945,7,0.8818,0,0.0,0
SYN-U-12242,56969.34,45828.09,0.8675,0.6663,0.2218,27.7,903,6,0.9599,0,0.0,0
SYN-U-12243,77580.56,69011.42,0.8089,0.771,0.5893,29.8,540,7,0.823,1,2.4,0
SYN-U-12244,35678.66,30755.87,0.7158,0.5519,0.4759,8.2,1769,0,1.0,0,0.0,0
SYN-U-12245,58443.74,52399.56,0.3518,0.6379,0.7259,55.2,678,4,0.832,0,0.0,0
SYN-U-12246,44525.03,33539.29,0.3953,0.4426,0.4436,55.0,751,4,0.5427,2,17.8,1
SYN-U-12247,72708.65,67410.93,0.7175,0.6407,0.3997,39.1,395,3,0.9634,0,0.0,0
SYN-U-12248,49773.6,32478.33,0.6294,0.5566,0.4017,9.9,2379,7,0.82,0,0.0,0
SYN-U-12249,20514.09,16296.23,0.587,0.5338,0.5335,48.1,1842,6,0.5483,1,15.2,1
SYN-U-12250,37849.04,28396.86,0.7703,0.528,0.6069,17.6,1488,5,0.9792,0,0.0,0
SYN-U-12251,58478.62,49201.22,0.7307,0.4902,0.777,20.0,2260,6,0.7026,0,0.0,0
SYN-U-12252,14493.06,11020.85,0.6174,0.6166,0.7717,10.0,481,7,0.8135,4,15.0,0
SYN-U-12253,22675.0,16709.09,0.6405,0.6068,0.4292,60.1,1881,0,1.0,0,0.0,0
SYN-U-12254,45396.64,32053.36,0.8513,0.6173,0.3042,22.8,1934,0,1.0,0,0.0,0
SYN-U-12255,72674.02,65285.75,0.7378,0.6308,0.1563,33.3,2360,6,0.9616,1,1.2,0
SYN-U-12256,47466.96,39167.14,0.7112,0.777,0.3891,18.6,485,1,0.9578,1,1.6,0
SYN-U-12257,74066.95,66335.67,0.5433,0.4559,0.2835,24.5,1277,7,0.9565,0,0.0,0
SYN-U-12258,14082.02,11890.64,0.5589,0.7624,0.3813,10.0,216,4,0.9272,0,0.0,0
SYN-U-12259,123600.8,85493.05,0.8552,0.7342,0.4554,8.7,2270,4,0.8881,0,0.0,0
SYN-U-12260,14216.05,9674.55,0.2944,0.4275,0.4111,43.3,2262,7,0.5361,0,0.0,0
SYN-U-12261,78727.49,76190.31,0.9192,0.584,0.2194,60.6,291,3,0.9496,1,2.9,0
SYN-U-12262,100584.78,91013.42,0.9199,0.6924,0.3838,53.0,1929,3,0.8983,0,0.0,0
SYN-U-12263,55412.34,53187.55,0.9229,0.8508,0.4645,59.5,235,0,1.0,0,0.0,0
SYN-U-12264,68767.39,66424.0,0.6948,0.4855,0.5437,36.7,260,5,0.8901,0,0.0,0
SYN-U-12265,16952.87,12829.95,0.3012,0.4294,0.5425,50.1,2031,4,0.6825,0,0.0,0
SYN-U-12266,53493.66,36450.6,0.9795,0.5832,0.3195,35.8,1411,3,0.9398,0,0.0,0
SYN-U-12267,40399.12,29970.13,0.7249,0.8689,0.2914,7.3,1599,3,0.8512,1,0.4,0
SYN-U-12268,200326.14,150050.1,0.7794,0.8967,0.4116,22.8,1259,1,0.9136,2,1.1,0
SYN-U-12269,14649.06,11954.85,0.2694,0.3119,0.5945,20.5,246,1,0.5189,1,15.8,1
SYN-U-12270,86133.79,82215.72,0.9211,0.8447,0.4496,10.3,2383,3,0.9008,0,0.0,0
SYN-U-12271,19261.48,15185.23,0.5537,0.2355,0.5927,8.3,1165,4,0.5837,2,9.9,1
SYN-U-12272,57831.44,38269.25,0.9601,0.7328,0.2872,16.3,1849,1,0.8611,0,0.0,0
SYN-U-12273,14815.64,12619.28,0.6348,0.4147,0.4914,28.3,1906,6,0.9221,3,12.6,0
SYN-U-12274,121239.0,117770.71,0.7771,0.7282,0.1659,30.7,1978,5,0.9155,0,0.0,0
SYN-U-12275,28478.77,20270.41,0.963,0.7184,0.1855,39.9,1952,2,0.8994,1,0.4,0
SYN-U-12276,51437.77,40111.31,0.8109,0.8814,0.1565,39.6,2051,2,0.9015,0,0.0,0
SYN-U-12277,30321.23,23574.98,0.7503,0.6606,0.3989,31.4,878,1,0.9628,0,0.0,0
SYN-U-12278,67308.15,64299.73,0.4084,0.2323,0.8751,31.6,1459,5,0.5451,1,12.8,1
SYN-U-12279,32804.46,23428.59,0.7766,0.7183,0.2763,50.0,2332,1,0.9152,0,0.0,0
SYN-U-12280,59675.26,45576.92,0.9296,0.6606,0.4553,24.0,1196,5,0.8754,0,0.0,0
SYN-U-12281,23413.0,22120.55,0.5432,0.169,0.8443,53.1,691,2,0.7488,0,0.0,1
SYN-U-12282,49009.34,39712.08,0.9606,0.5923,0.4456,33.0,1670,5,0.951,0,0.0,0
SYN-U-12283,63305.73,53784.94,0.6381,0.4103,0.4077,62.0,778,2,0.7734,0,0.0,0
SYN-U-12284,18804.32,17715.41,0.5078,0.3499,0.5233,63.0,2295,2,0.9211,0,0.0,0
SYN-U-12285,103539.51,72362.97,0.7005,0.5746,0.409,35.1,587,7,0.8615,1,0.3,0
SYN-U-12286,26137.44,19123.28,0.7502,0.6764,0.5867,40.8,55,6,0.9434,0,0.0,0
SYN-U-12287,53693.55,42258.65,0.7159,0.6936,0.484,42.3,907,4,0.9959,0,0.0,0
SYN-U-12288,70351.01,65683.94,0.7376,0.7737,0.2884,32.9,1932,7,0.9127,0,0.0,0
SYN-U-12289,39500.64,28776.24,0.6689,0.5288,0.7632,57.4,2171,4,0.6918,0,0.0,0
SYN-U-12290,40944.65,37329.31,0.9454,0.6563,0.3029,41.3,1873,1,0.9077,1,1.1,0
SYN-U-12291,102915.96,77937.8,0.6209,0.4369,0.2969,17.8,1176,7,0.8468,0,0.0,0
SYN-U-12292,70603.56,54017.85,0.8249,0.4565,0.5114,15.7,1011,6,0.8228,2,5.6,0
SYN-U-12293,47900.14,32895.53,0.8872,0.6022,0.4523,16.8,1346,2,0.925,0,0.0,0
SYN-U-12294,62445.69,57044.73,0.9799,0.9127,0.394,15.3,533,6,0.8516,0,0.0,0
SYN-U-12295,16962.36,15215.24,0.6738,0.4284,0.5856,39.9,418,5,0.838,1,9.7,0
SYN-U-12296,85292.19,80430.25,0.5462,0.7459,0.5897,42.2,1251,1,0.9634,1,3.8,0
SYN-U-12297,35955.53,27596.78,0.7426,0.706,0.2227,36.5,1210,0,1.0,0,0.0,0
SYN-U-12298,37764.52,33736.63,0.9424,0.7269,0.4614,63.6,1650,3,0.9642,0,0.0,0
SYN-U-12299,26969.49,24860.74,0.7087,0.5832,0.3185,22.7,2262,3,0.9492,2,2.6,0
SYN-U-12300,56794.72,49991.51,0.75,0.6625,0.3102,32.1,926,6,0.9665,1,2.4,0
SYN-U-12301,56726.26,49384.32,0.7348,0.7557,0.4933,55.1,806,6,0.9448,0,0.0,0
SYN-U-12302,79602.11,52262.12,0.9288,0.8315,0.1998,52.6,1002,5,0.8946,0,0.0,0
SYN-U-12303,64084.52,59074.77,0.7191,0.4809,0.2729,21.5,278,2,0.7161,2,7.8,0
SYN-U-12304,58807.13,47469.55,0.9197,0.9123,0.2459,38.9,424,7,0.9654,0,0.0,0
SYN-U-12305,138263.08,109642.65,0.9058,0.8773,0.4508,51.8,449,1,0.9525,1,0.3,0
SYN-U-12306,60127.28,54432.56,0.8592,0.6067,0.2964,42.6,1425,4,0.8977,1,2.8,0
SYN-U-12307,150086.71,123868.71,0.97,0.7769,0.4854,47.1,146,4,0.9359,1,2.2,0
SYN-U-12308,49820.51,45634.39,0.7836,0.6351,0.3055,5.4,2229,7,0.8597,0,0.0,0
SYN-U-12309,23612.07,21629.47,0.8,0.4241,0.5975,21.3,743,6,0.7796,0,0.0,0
SYN-U-12310,15372.79,10723.0,0.7479,0.6067,0.4554,34.3,1741,1,0.9706,2,2.1,0
SYN-U-12311,72974.94,60420.98,0.8321,0.5807,0.3844,39.6,535,0,1.0,0,0.0,0
SYN-U-12312,24934.06,21997.24,0.8754,0.7775,0.3806,59.1,980,7,0.8874,0,0.0,0
SYN-U-12313,55170.43,42298.14,0.9649,0.8757,0.1732,34.7,1311,5,0.9077,0,0.0,0
SYN-U-12314,110882.87,105336.72,0.6907,0.4404,0.619,37.4,1042,3,0.7969,0,0.0,0
SYN-U-12315,19075.43,14001.47,0.4073,0.6243,0.5331,40.5,406,2,0.542,3,5.5,0
SYN-U-12316,49092.23,39661.15,0.3468,0.6037,0.7614,8.8,1463,2,0.8717,0,0.0,0
SYN-U-12317,50168.45,40342.91,0.4391,0.5726,0.6759,10.9,1426,5,0.7302,2,15.5,1
SYN-U-12318,42183.78,34092.33,0.9178,0.8404,0.2078,56.2,674,1,0.9852,0,0.0,0
SYN-U-12319,17495.08,12244.82,0.7245,0.4414,0.6377,50.7,1096,2,0.6746,2,8.9,0
SYN-U-12320,87600.73,59473.15,0.9196,0.6313,0.4461,48.5,493,7,0.8766,0,0.0,0
SYN-U-12321,65996.27,57348.96,0.7137,0.5743,0.4497,14.6,1513,3,0.9026,0,0.0,0
SYN-U-12322,41055.98,27815.32,0.8774,0.857,0.2773,37.5,908,0,1.0,0,0.0,0
SYN-U-12323,46391.12,36098.88,0.9799,0.5706,0.1541,35.3,1075,6,0.9729,0,0.0,0
SYN-U-12324,15911.53,14546.41,0.555,0.647,0.5927,38.9,2305,3,0.9023,4,14.7,1
SYN-U-12325,33169.65,26951.33,0.5111,0.6537,0.4416,50.7,292,0,1.0,0,0.0,0
SYN-U-12326,41370.48,27603.37,0.7419,0.7262,0.3653,20.9,1528,0,1.0,0,0.0,0
SYN-U-12327,99569.84,88874.03,0.8118,0.6572,0.3119,7.4,1065,3,0.8878,1,0.2,0
SYN-U-12328,76137.45,63086.62,0.5161,0.5649,0.62,32.3,1745,6,0.9725,0,0.0,0
SYN-U-12329,78178.68,58218.43,0.9771,0.8948,0.459,28.3,496,4,0.9808,0,0.0,0
SYN-U-12330,60154.36,42029.51,0.9682,0.8987,0.251,8.1,1601,6,0.8799,0,0.0,0
SYN-U-12331,96643.6,66618.27,0.5015,0.7908,0.4006,52.1,2122,5,0.8683,1,6.9,0
SYN-U-12332,20149.91,17102.89,0.2198,0.6497,0.7663,36.0,989,6,0.714,2,13.9,1
SYN-U-12333,83115.13,64126.45,0.6284,0.6792,0.5591,49.6,1013,1,0.8518,0,0.0,0
SYN-U-12334,58875.3,44437.19,0.3384,0.4835,0.6829,21.4,1125,5,0.6578,2,17.7,1
SYN-U-12335,72422.72,63059.78,0.9428,0.6752,0.2018,23.2,2270,7,0.9739,0,0.0,0
SYN-U-12336,34884.76,32439.83,0.7726,0.7051,0.4087,51.1,625,4,0.9577,1,1.5,0
SYN-U-12337,26989.91,19530.59,0.4401,0.2345,0.7798,51.1,41,5,0.875,0,0.0,1
SYN-U-12338,41319.66,37626.72,0.5915,0.5285,0.5474,32.5,1977,4,0.8642,0,0.0,0
SYN-U-12339,50243.83,40654.9,0.7255,0.7353,0.3007,55.7,2448,5,0.9121,1,0.3,0
SYN-U-12340,33154.14,23398.06,0.5739,0.6276,0.3512,35.5,973,4,0.9452,0,0.0,0
SYN-U-12341,87267.24,60804.85,0.6686,0.7302,0.6242,41.7,43,1,0.9387,0,0.0,0
SYN-U-12342,22689.54,17048.16,0.6223,0.4811,0.7657,19.8,1266,4,0.7711,0,0.0,0
SYN-U-12343,98904.32,87697.72,0.9781,0.9019,0.229,22.4,114,6,0.9677,0,0.0,0
SYN-U-12344,60076.83,55530.48,0.7779,0.5301,0.3116,46.5,1602,3,0.7824,1,6.4,0
SYN-U-12345,44242.43,32970.07,0.7088,0.688,0.4739,61.5,366,7,0.9625,2,1.0,0
SYN-U-12346,103567.81,98950.05,0.7289,0.6093,0.2895,51.7,2484,6,0.9304,1,0.2,0
SYN-U-12347,53052.51,50899.29,0.6697,0.3979,0.5541,58.9,171,4,0.5511,0,0.0,0
SYN-U-12348,24169.05,20949.73,0.7903,0.663,0.5268,57.1,371,4,0.9775,1,6.8,0
SYN-U-12349,34063.37,29385.54,0.642,0.4127,0.6181,39.2,1869,0,1.0,0,0.0,0
SYN-U-12350,106724.05,79235.8,0.8685,0.8591,0.3526,35.2,2384,6,0.9624,1,0.0,0
SYN-U-12351,46421.14,39181.44,0.8968,0.8525,0.264,41.9,1315,1,0.932,0,0.0,0
SYN-U-12352,37055.35,35743.41,0.7277,0.8106,0.4432,35.6,1095,3,0.9614,0,0.0,0
SYN-U-12353,96298.18,66886.53,0.8019,0.555,0.4887,43.1,256,4,0.7383,0,0.0,0
SYN-U-12354,113902.54,93935.01,0.383,0.3634,0.4552,50.2,1532,0,1.0,0,0.0,0
SYN-U-12355,15684.57,12588.34,0.9558,0.5957,0.4212,30.7,655,2,0.8786,0,0.0,0
SYN-U-12356,244582.04,167659.62,0.7921,0.6352,0.2083,50.2,1668,4,0.9733,0,0.0,0
SYN-U-12357,52828.07,50274.41,0.8275,0.5324,0.2808,9.0,965,7,0.7662,2,4.4,0
SYN-U-12358,59073.72,49440.66,0.751,0.658,0.385,18.7,290,0,1.0,0,0.0,0
SYN-U-12359,206835.56,171345.45,0.8285,0.8817,0.3504,13.1,1934,0,1.0,0,0.0,0
SYN-U-12360,99815.18,78868.48,0.7497,0.6059,0.4071,8.1,1445,0,1.0,0,0.0,0
SYN-U-12361,16582.3,16110.81,0.7196,0.4067,0.6839,60.8,1005,2,0.8931,1,15.1,1
SYN-U-12362,49816.41,44247.2,0.8925,0.62,0.223,46.8,448,1,0.9626,0,0.0,0
SYN-U-12363,88972.34,72154.19,0.7986,0.8076,0.3391,9.4,413,7,0.9446,0,0.0,0
SYN-U-12364,75087.15,54056.08,0.8775,0.9039,0.4623,61.0,1190,2,0.9274,0,0.0,0
SYN-U-12365,70585.29,55704.82,0.6955,0.6758,0.3666,29.0,2285,3,0.8849,0,0.0,0
SYN-U-12366,37339.26,33383.24,0.53,0.7007,0.5605,34.1,2474,5,0.9008,0,0.0,0
SYN-U-12367,42746.29,33292.55,0.8854,0.8743,0.3503,60.9,531,6,0.9149,0,0.0,0
SYN-U-12368,59399.76,43883.08,0.7105,0.6975,0.4149,64.6,2338,6,0.9436,1,1.1,0
SYN-U-12369,48462.21,34026.53,0.7346,0.6249,0.4299,42.8,2203,5,0.8952,0,0.0,0
SYN-U-12370,39859.51,31692.68,0.7193,0.8979,0.1875,52.5,1744,1,0.9267,0,0.0,0
SYN-U-12371,14057.39,9226.51,0.5377,0.579,0.7596,23.2,2047,5,0.9194,0,0.0,0
SYN-U-12372,147099.12,129684.16,0.8989,0.6463,0.4985,56.6,2177,6,0.9773,0,0.0,0
SYN-U-12373,37837.87,30698.83,0.9069,0.9097,0.2866,58.1,393,3,0.8883,2,2.0,0
SYN-U-12374,28739.2,25360.06,0.8138,0.6559,0.4485,59.7,1861,3,0.789,1,5.4,0
SYN-U-12375,64123.42,61326.15,0.8968,0.8857,0.2452,58.5,1840,2,0.8859,0,0.0,0
SYN-U-12376,84221.85,64743.99,0.8221,0.4663,0.5489,63.8,1910,6,0.837,0,0.0,0
SYN-U-12377,21560.64,18486.13,0.6172,0.5115,0.408,59.8,1972,3,0.7572,0,0.0,0
SYN-U-12378,80909.06,66607.81,0.8833,0.6007,0.2486,31.3,1146,3,0.9801,0,0.0,0
SYN-U-12379,17045.72,11578.25,0.4246,0.3476,0.4859,47.1,127,0,1.0,0,0.0,0
SYN-U-12380,55316.99,41032.81,0.7135,0.7731,0.5595,16.0,802,7,0.961,3,7.2,0
SYN-U-12381,64740.41,59491.04,0.8451,0.5785,0.3391,46.2,1523,5,0.9888,1,0.6,0
SYN-U-12382,14097.12,9767.09,0.7653,0.8472,0.2303,10.0,854,6,0.9773,0,0.0,0
SYN-U-12383,31338.99,20534.71,0.9031,0.807,0.2409,25.1,131,6,0.9584,1,0.5,0
SYN-U-12384,38926.22,26196.13,0.7361,0.7369,0.4165,41.5,2491,5,0.9061,0,0.0,0
SYN-U-12385,38426.71,34957.19,0.718,0.6867,0.414,23.5,1548,7,0.7956,2,4.3,0
SYN-U-12386,56766.22,40397.6,0.3171,0.6343,0.4909,52.9,1290,1,0.9257,0,0.0,0
SYN-U-12387,15967.47,15262.62,0.7033,0.7911,0.4365,50.7,1205,5,0.9476,0,0.0,0
SYN-U-12388,39596.25,29012.09,0.7602,0.688,0.3808,28.6,915,1,0.8568,0,0.0,0
SYN-U-12389,37911.48,29275.14,0.825,0.5431,0.4593,6.4,1625,5,0.7281,0,0.0,0
SYN-U-12390,114393.61,78724.9,0.6364,0.6439,0.6193,56.9,1339,4,0.9363,2,4.5,0
SYN-U-12391,88714.1,75343.75,0.7619,0.7443,0.3857,31.0,957,1,0.9261,0,0.0,0
SYN-U-12392,62583.46,48649.61,0.748,0.7929,0.1541,28.8,523,4,0.8833,0,0.0,0
SYN-U-12393,35053.12,34305.03,0.9768,0.8463,0.4916,50.4,445,1,0.9071,0,0.0,0
SYN-U-12394,73816.47,66984.56,0.7536,0.4598,0.2766,32.1,957,7,0.8193,2,7.3,0
SYN-U-12395,107589.72,91929.25,0.6247,0.6563,0.3619,60.3,594,4,0.7368,0,0.0,0
SYN-U-12396,14030.65,13620.94,0.8348,0.6147,0.2833,32.8,245,1,0.8108,3,5.1,0
SYN-U-12397,71719.67,50483.39,0.7642,0.5881,0.3508,25.5,2129,6,0.8897,0,0.0,0
SYN-U-12398,55153.88,45108.1,0.7195,0.8975,0.1593,29.4,2429,4,0.8736,1,3.0,0
SYN-U-12399,106158.88,84146.6,0.6338,0.4027,0.2814,55.1,1676,4,0.7948,3,6.1,0
SYN-U-12400,40327.51,27263.46,0.817,0.9092,0.4423,12.3,2427,3,0.9959,0,0.0,0
SYN-U-12401,28200.65,22043.09,0.9224,0.5536,0.3924,20.2,1996,0,1.0,0,0.0,0
SYN-U-12402,50292.3,39604.23,0.6985,0.2275,0.4759,64.9,1828,0,1.0,0,0.0,0
SYN-U-12403,80718.51,73397.34,0.8735,0.7535,0.2783,9.6,1884,3,0.9348,1,1.7,0
SYN-U-12404,37481.09,28247.47,0.8034,0.6648,0.3485,52.9,1339,3,0.8772,0,0.0,0
SYN-U-12405,33886.66,23906.4,0.8106,0.7134,0.4942,25.3,657,1,0.9012,0,0.0,0
SYN-U-12406,72334.95,51855.12,0.7292,0.6065,0.2855,26.0,1641,4,0.7955,1,5.7,0
SYN-U-12407,70178.65,49994.18,0.9245,0.8943,0.3269,18.9,512,2,0.8935,0,0.0,0
SYN-U-12408,28922.77,25790.71,0.8033,0.4367,0.3712,21.8,958,7,0.8682,0,0.0,0
SYN-U-12409,98302.06,96241.23,0.9657,0.5829,0.4038,54.8,1767,0,1.0,0,0.0,0
SYN-U-12410,68494.33,62354.98,0.8207,0.8834,0.2669,30.0,736,0,1.0,0,0.0,0
SYN-U-12411,40547.4,28627.58,0.6165,0.4887,0.4294,14.3,124,6,0.5034,2,16.3,0
SYN-U-12412,17817.96,17005.12,0.7123,0.4219,0.6688,52.1,1534,6,0.623,3,11.9,1
SYN-U-12413,49651.68,37173.23,0.8755,0.852,0.315,34.7,2294,3,0.9836,1,2.2,0
SYN-U-12414,88992.08,69123.04,0.5901,0.7258,0.3775,5.3,251,3,0.7982,2,5.4,0
SYN-U-12415,41493.43,34208.33,0.9087,0.8994,0.163,11.6,1017,3,0.9267,1,2.7,0
SYN-U-12416,83065.01,71852.89,0.7831,0.785,0.3612,31.8,721,2,0.867,0,0.0,0
SYN-U-12417,43333.0,30871.11,0.9043,0.8791,0.2064,6.3,972,0,1.0,0,0.0,0
SYN-U-12418,69643.53,62933.85,0.735,0.5883,0.1519,28.6,1658,6,0.9945,1,0.5,0
SYN-U-12419,48138.08,31990.33,0.8182,0.7389,0.3786,51.0,1414,5,0.9103,0,0.0,0
SYN-U-12420,45326.23,39384.75,0.9292,0.87,0.2825,55.9,1223,4,0.9862,0,0.0,0
SYN-U-12421,18240.81,14552.99,0.5789,0.2356,0.591,7.8,2491,6,0.7432,2,10.3,1
SYN-U-12422,15664.52,12381.86,0.309,0.4582,0.779,61.2,724,0,1.0,0,0.0,1
SYN-U-12423,43016.24,34920.75,0.9219,0.6319,0.1754,44.3,1506,7,0.8988,0,0.0,0
SYN-U-12424,49691.32,36678.62,0.8056,0.7367,0.6327,39.0,810,0,1.0,0,0.0,0
SYN-U-12425,15809.25,10375.11,0.4763,0.6182,0.4319,19.6,1445,1,0.5503,0,0.0,0
SYN-U-12426,80453.35,55054.24,0.7345,0.4857,0.5576,60.2,190,0,1.0,0,0.0,0
SYN-U-12427,83807.57,77348.65,0.5558,0.7755,0.4636,53.2,1454,3,0.926,0,0.0,0
SYN-U-12428,99996.85,66029.08,0.6637,0.5922,0.5261,23.8,2120,1,0.8768,0,0.0,0
SYN-U-12429,136194.46,103182.62,0.7699,0.5722,0.4077,47.9,467,1,0.9723,0,0.0,0
SYN-U-12430,37088.27,25139.77,0.5107,0.4417,0.7599,41.4,2056,7,0.9129,0,0.0,0
SYN-U-12431,113188.4,107455.95,0.5275,0.6685,0.5741,44.9,1278,7,0.7999,1,6.9,0
SYN-U-12432,37719.74,28181.9,0.7266,0.7928,0.4103,22.1,2401,4,0.9801,1,2.0,0
SYN-U-12433,101954.16,74352.67,0.7187,0.6142,0.3998,27.0,707,6,0.9353,0,0.0,0
SYN-U-12434,25636.01,21371.55,0.5404,0.6274,0.3234,44.5,797,6,0.8582,0,0.0,0
SYN-U-12435,23567.86,17838.97,0.8269,0.877,0.3967,17.7,830,3,0.9407,0,0.0,0
SYN-U-12436,33539.0,23181.75,0.7454,0.5714,0.3157,32.9,1002,5,0.9707,0,0.0,0
SYN-U-12437,17571.33,11638.76,0.5658,0.3431,0.4967,43.6,177,7,0.9178,0,0.0,0
SYN-U-12438,37838.99,28321.43,0.9162,0.8464,0.2412,23.5,2250,6,0.8976,0,0.0,0
SYN-U-12439,16157.86,13097.7,0.4496,0.2024,0.8422,37.2,1448,4,0.7483,0,0.0,1
SYN-U-12440,32524.03,28039.33,0.6787,0.5425,0.5763,6.2,127,1,0.9194,0,0.0,0
SYN-U-12441,24143.78,18958.17,0.2888,0.3843,0.4423,30.0,2497,5,0.7661,2,7.4,1
SYN-U-12442,13817.66,9712.34,0.3305,0.3587,0.8215,64.5,1773,1,0.7213,1,13.3,1
SYN-U-12443,46829.88,38472.85,0.9196,0.8429,0.3265,6.3,391,4,0.9564,2,2.9,0
SYN-U-12444,54327.85,49213.97,0.7351,0.3222,0.8652,16.5,2042,3,0.7864,2,3.0,0
SYN-U-12445,72198.1,49097.68,0.5146,0.5804,0.2597,30.0,604,7,0.8956,2,7.4,0
SYN-U-12446,23502.45,21104.99,0.7589,0.8862,0.4771,21.5,1211,0,1.0,0,0.0,0
SYN-U-12447,103553.01,71209.85,0.8446,0.7172,0.3466,8.9,1146,6,0.9994,0,0.0,0
SYN-U-12448,26017.88,23221.49,0.457,0.1761,0.8767,18.3,300,3,0.7134,2,6.7,1
SYN-U-12449,152663.18,135008.17,0.8418,0.5583,0.4658,55.3,300,5,0.9566,0,0.0,0
SYN-U-12450,46183.68,33159.09,0.6969,0.4086,0.2647,22.8,1437,0,1.0,0,0.0,0
SYN-U-12451,17184.23,11791.76,0.7883,0.6554,0.3934,10.7,2487,2,0.9122,0,0.0,0
SYN-U-12452,79545.51,57548.33,0.9501,0.7736,0.3348,57.1,30,0,1.0,0,0.0,0
SYN-U-12453,31835.8,24630.49,0.8826,0.8631,0.3955,9.8,1739,6,0.9939,0,0.0,0
SYN-U-12454,72144.51,68937.82,0.7464,0.5576,0.3564,40.5,411,7,0.969,1,1.6,0
SYN-U-12455,162134.97,148729.05,0.8416,0.8129,0.4037,29.3,1075,2,0.9479,0,0.0,0
SYN-U-12456,63999.25,60835.8,0.7752,0.7813,0.4224,49.5,148,1,0.9189,0,0.0,0
SYN-U-12457,32542.86,26945.98,0.7034,0.905,0.2715,8.5,1726,4,0.984,0,0.0,0
SYN-U-12458,27246.7,21634.18,0.8168,0.7342,0.488,64.3,888,2,0.7565,1,4.3,0
SYN-U-12459,17650.8,14431.36,0.2312,0.4902,0.4704,35.7,2008,0,1.0,0,0.0,1
SYN-U-12460,32928.09,24220.08,0.9651,0.5773,0.3121,32.5,254,3,0.9395,0,0.0,0
SYN-U-12461,208881.86,157430.25,0.7287,0.7373,0.446,57.1,302,6,0.9236,0,0.0,0
SYN-U-12462,37466.28,30514.78,0.7373,0.8428,0.4726,46.4,133,5,0.9676,0,0.0,0
SYN-U-12463,56987.24,42356.87,0.7494,0.8021,0.4611,15.7,691,1,0.9094,0,0.0,0
SYN-U-12464,47401.65,32396.03,0.6902,0.4599,0.5041,7.1,1573,5,0.8921,0,0.0,0
SYN-U-12465,106533.08,100390.98,0.7529,0.6017,0.4441,29.3,237,3,0.8553,1,1.4,0
SYN-U-12466,26181.73,21619.94,0.897,0.6093,0.414,41.2,1962,3,0.9052,0,0.0,0
SYN-U-12467,81072.14,64550.59,0.8449,0.6264,0.4424,32.4,1385,3,0.8698,0,0.0,0
SYN-U-12468,86041.04,66388.42,0.5877,0.4906,0.3127,57.4,2149,7,0.9,2,5.0,0
SYN-U-12469,27436.03,22273.59,0.6131,0.5141,0.4879,29.0,1417,3,0.784,2,4.7,0
SYN-U-12470,16348.76,14070.36,0.4866,0.4572,0.5522,58.8,240,5,0.6095,1,5.1,0
SYN-U-12471,24555.32,19330.78,0.2423,0.5819,0.7603,15.7,1770,5,0.889,1,10.3,1
SYN-U-12472,53507.4,52073.41,0.5667,0.7386,0.3458,30.4,915,7,0.7183,2,5.5,0
SYN-U-12473,24223.89,21696.26,0.8306,0.6812,0.429,13.1,1109,1,0.9483,0,0.0,0
SYN-U-12474,107964.58,82981.24,0.5202,0.4278,0.3548,13.4,214,2,0.7839,1,6.1,1
SYN-U-12475,53978.81,48326.98,0.7431,0.7481,0.2544,53.1,700,3,0.9244,2,6.5,0
SYN-U-12476,138352.61,119567.56,0.87,0.8763,0.3919,29.7,2186,3,0.9953,0,0.0,0
SYN-U-12477,17280.99,13910.16,0.3847,0.6009,0.4722,60.8,2017,1,0.7488,2,8.8,1
SYN-U-12478,50678.27,46958.59,0.3576,0.4817,0.5397,24.4,1415,2,0.9084,0,0.0,0
SYN-U-12479,219903.72,164673.68,0.7764,0.7469,0.3597,51.1,1865,5,0.9829,0,0.0,0
SYN-U-12480,59664.58,52296.29,0.7585,0.7273,0.3368,10.7,309,0,1.0,0,0.0,0
SYN-U-12481,44164.13,43279.71,0.9795,0.8769,0.1732,45.2,2156,7,0.9204,1,1.7,0
SYN-U-12482,132112.84,87882.62,0.8215,0.5755,0.1511,33.8,1959,5,0.9839,1,0.6,0
SYN-U-12483,33514.82,30452.37,0.9031,0.7788,0.4408,61.5,651,7,0.9017,0,0.0,0
SYN-U-12484,48941.75,44597.06,0.6105,0.2346,0.6767,40.1,2097,7,0.5556,0,0.0,1
SYN-U-12485,38784.67,34253.67,0.5885,0.5402,0.6351,37.3,2316,2,0.9693,0,0.0,0
SYN-U-12486,33000.21,21950.79,0.7332,0.6662,0.1754,30.8,238,7,0.8959,0,0.0,0
SYN-U-12487,169521.46,133029.23,0.6119,0.605,0.2614,57.4,1658,2,0.7132,0,0.0,0
SYN-U-12488,69970.37,68564.71,0.3038,0.1808,0.8542,42.7,1338,1,0.6528,0,0.0,1
SYN-U-12489,54372.75,49947.7,0.7857,0.6053,0.1908,50.3,1385,4,0.9961,0,0.0,0
SYN-U-12490,101538.41,71175.93,0.7027,0.5378,0.2947,19.1,1651,0,1.0,0,0.0,0
SYN-U-12491,76714.94,64129.97,0.2394,0.2505,0.4572,41.2,946,0,1.0,0,0.0,1
SYN-U-12492,20542.58,13461.08,0.4611,0.3528,0.4703,32.7,1760,3,0.732,1,17.4,1
SYN-U-12493,25467.91,23884.54,0.7229,0.552,0.8308,51.8,1923,3,0.6223,0,0.0,0
SYN-U-12494,12967.81,11994.69,0.4816,0.6391,0.447,52.4,1217,2,0.8005,1,11.4,0
SYN-U-12495,43735.38,41372.1,0.9137,0.5593,0.1892,18.0,1906,1,0.8933,1,2.9,0
SYN-U-12496,109417.05,105499.63,0.388,0.6295,0.4346,63.9,2324,0,1.0,0,0.0,0
SYN-U-12497,28633.32,24067.16,0.7257,0.578,0.2612,42.8,241,4,0.8726,0,0.0,0
SYN-U-12498,76690.13,67633.07,0.6792,0.7539,0.6033,41.2,153,0,1.0,0,0.0,0
SYN-U-12499,154105.7,115238.35,0.9474,0.5552,0.1681,15.7,2180,3,0.9029,0,0.0,0
SYN-U-12500,16743.77,13083.76,0.7273,0.3134,0.4538,61.1,1074,5,0.8206,0,0.0,0
SYN-U-12501,18294.64,12136.55,0.5335,0.4368,0.4489,20.0,1727,6,0.8574,2,5.0,0
SYN-U-12502,27434.68,21395.97,0.6004,0.3335,0.5482,9.0,1071,1,0.7014,3,8.0,0
SYN-U-12503,77030.78,70629.66,0.8445,0.4452,0.3801,23.5,894,6,0.7811,0,0.0,0
SYN-U-12504,124189.58,114132.07,0.9752,0.6693,0.318,23.5,964,3,0.8844,0,0.0,0
SYN-U-12505,43661.82,33608.99,0.815,0.7879,0.3471,39.7,706,3,0.9495,0,0.0,0
SYN-U-12506,13269.8,11316.42,0.4634,0.3104,0.6603,44.0,1369,7,0.6964,2,17.0,1
SYN-U-12507,46213.53,34145.78,0.9543,0.7184,0.2022,49.0,574,4,0.8783,1,1.7,0
SYN-U-12508,91577.19,82956.61,0.5338,0.7062,0.4033,40.3,2386,7,0.8982,2,5.4,0
SYN-U-12509,42120.67,29275.72,0.8983,0.6691,0.2425,15.2,1376,7,0.8668,0,0.0,0
SYN-U-12510,128342.88,84681.32,0.8158,0.9037,0.488,42.2,1053,6,0.987,0,0.0,0
SYN-U-12511,78055.73,53222.35,0.9135,0.8975,0.2359,11.1,1817,1,0.8728,0,0.0,0
SYN-U-12512,89960.94,72930.78,0.9036,0.8649,0.4529,34.5,925,7,0.8698,0,0.0,0
SYN-U-12513,17088.9,13046.83,0.5478,0.6747,0.5207,43.6,701,0,1.0,0,0.0,0
SYN-U-12514,52930.69,47352.9,0.7872,0.906,0.1831,38.7,1944,5,0.9194,1,1.9,0
SYN-U-12515,49399.2,44902.67,0.8265,0.6589,0.1849,58.0,2493,4,0.9053,1,0.4,0
SYN-U-12516,16918.24,14750.54,0.7342,0.2012,0.4576,26.2,2451,2,0.9148,3,13.1,0
SYN-U-12517,153090.17,122256.56,0.8288,0.7263,0.3446,15.0,827,4,0.8621,0,0.0,0
SYN-U-12518,24616.57,16303.71,0.8243,0.4934,0.5848,38.5,428,1,0.7652,1,6.9,0
SYN-U-12519,49508.14,35422.32,0.7128,0.7224,0.3759,15.5,2274,4,0.926,0,0.0,0
SYN-U-12520,43247.68,29716.6,0.84,0.7032,0.2634,27.6,2245,1,0.8915,0,0.0,0
SYN-U-12521,48714.13,33922.08,0.8597,0.6498,0.1969,15.6,657,3,0.9411,1,2.5,0
SYN-U-12522,31083.58,20562.11,0.8132,0.659,0.4384,58.8,1583,3,0.9362,0,0.0,0
SYN-U-12523,133327.79,120102.23,0.9654,0.5751,0.2469,9.2,1736,7,0.9979,0,0.0,0
SYN-U-12524,42992.78,39885.19,0.9791,0.8081,0.2436,44.4,2496,2,0.9142,1,2.5,0
SYN-U-12525,72738.58,54795.9,0.7411,0.22,0.743,27.3,314,0,1.0,0,0.0,0
SYN-U-12526,144115.99,129063.27,0.7838,0.602,0.4641,51.2,729,2,0.9113,0,0.0,0
SYN-U-12527,124847.5,88994.99,0.7544,0.6612,0.3997,26.4,2072,6,0.963,1,2.9,0
SYN-U-12528,19681.39,18010.67,0.2503,0.5658,0.7644,13.1,614,1,0.5916,2,15.7,1
SYN-U-12529,21757.75,16358.69,0.6736,0.7494,0.5408,58.1,2130,1,0.8588,3,6.6,0
SYN-U-12530,12782.24,10663.35,0.8457,0.6411,0.4546,21.0,2473,1,0.9383,0,0.0,0
SYN-U-12531,35027.56,27457.48,0.7668,0.5941,0.32,15.0,116,6,0.9282,2,2.0,0
SYN-U-12532,15940.94,14077.41,0.685,0.4364,0.8363,40.7,766,1,0.6394,1,16.5,0
SYN-U-12533,48264.57,46121.58,0.4687,0.6332,0.5045,33.4,808,6,0.7183,1,7.6,0
SYN-U-12534,43432.69,36514.69,0.6074,0.5834,0.3857,40.6,1135,5,0.956,0,0.0,0
SYN-U-12535,22957.68,19206.43,0.911,0.7252,0.48,34.0,461,4,0.9587,0,0.0,0
SYN-U-12536,83941.23,60381.27,0.814,0.637,0.3307,53.8,1218,7,0.9685,0,0.0,0
SYN-U-12537,53485.47,40583.12,0.217,0.2261,0.4417,16.8,2162,0,1.0,0,0.0,1
SYN-U-12538,81235.51,71022.01,0.8399,0.5275,0.4563,23.0,1744,1,0.7149,1,5.3,0
SYN-U-12539,18380.95,15968.29,0.6292,0.5489,0.7984,53.5,950,2,0.6095,1,15.4,1
SYN-U-12540,203869.86,168170.39,0.743,0.5929,0.2998,5.0,233,4,0.9552,0,0.0,0
SYN-U-12541,13296.8,12449.75,0.4667,0.4924,0.8464,59.6,2242,4,0.8568,0,0.0,0
SYN-U-12542,17549.29,13128.65,0.3314,0.5828,0.5936,13.2,761,4,0.5901,0,0.0,0
SYN-U-12543,59341.6,54647.01,0.7153,0.6018,0.491,56.0,2248,4,0.9217,0,0.0,0
SYN-U-12544,159785.69,156194.97,0.9657,0.7371,0.3594,22.2,2106,0,1.0,0,0.0,0
SYN-U-12545,70640.86,46558.19,0.8057,0.7603,0.1564,43.5,727,3,0.872,0,0.0,0
SYN-U-12546,62472.04,56626.03,0.9455,0.8561,0.4915,58.5,1607,3,0.9658,0,0.0,0
SYN-U-12547,37974.28,27509.61,0.8174,0.7543,0.4134,40.6,1165,1,0.9973,0,0.0,0
SYN-U-12548,24980.15,18961.96,0.9208,0.7059,0.3008,26.6,1769,4,0.9418,0,0.0,0
SYN-U-12549,23055.74,22379.59,0.8292,0.5731,0.2934,37.5,1432,7,0.876,0,0.0,0
SYN-U-12550,61609.31,45662.14,0.8533,0.6436,0.3675,34.7,823,5,0.9749,0,0.0,0
SYN-U-12551,63191.29,47884.72,0.8151,0.6414,0.4992,57.3,1155,0,1.0,0,0.0,0
SYN-U-12552,66155.11,52396.15,0.2136,0.2787,0.7509,21.4,817,5,0.8233,0,0.0,1
SYN-U-12553,73453.12,50084.66,0.8887,0.8946,0.3064,32.8,314,0,1.0,0,0.0,0
SYN-U-12554,105252.52,75841.91,0.8568,0.7885,0.3425,33.7,2411,5,0.9484,0,0.0,0
SYN-U-12555,70876.98,60197.56,0.9322,0.7341,0.2993,12.6,1507,2,0.888,0,0.0,0
SYN-U-12556,94660.81,72391.38,0.8232,0.4076,0.5561,38.2,1045,1,0.9275,0,0.0,0
SYN-U-12557,69447.02,54555.72,0.9037,0.5684,0.1744,27.9,2421,7,0.9205,0,0.0,0
SYN-U-12558,57609.49,50635.96,0.835,0.8157,0.2091,35.9,1774,4,0.8862,0,0.0,0
SYN-U-12559,75972.06,73946.89,0.9398,0.5899,0.3565,6.5,2166,6,0.992,0,0.0,0
SYN-U-12560,17830.43,13778.62,0.3827,0.3023,0.8407,26.4,907,0,1.0,0,0.0,1
SYN-U-12561,20271.02,15505.53,0.6174,0.5846,0.8146,29.1,1446,2,0.7261,1,3.2,0
SYN-U-12562,33167.85,31899.82,0.8607,0.5511,0.4658,13.9,1378,1,0.9715,2,2.7,0
SYN-U-12563,19790.63,15023.81,0.6284,0.2701,0.5438,10.1,1090,1,0.6528,0,0.0,0
SYN-U-12564,14837.48,13129.45,0.3384,0.3983,0.8712,50.0,794,6,0.7625,0,0.0,1
SYN-U-12565,26062.68,19088.5,0.8539,0.5859,0.2715,51.5,1854,7,0.8695,0,0.0,0
SYN-U-12566,15017.83,10824.93,0.6154,0.4925,0.4948,6.7,1866,2,0.5353,0,0.0,0
SYN-U-12567,69212.89,46334.4,0.856,0.8252,0.4321,57.1,1784,6,0.9367,0,0.0,0
SYN-U-12568,47301.14,32140.88,0.6157,0.42,0.3148,5.1,1754,1,0.8612,2,5.6,0
SYN-U-12569,53289.48,40688.91,0.7536,0.5801,0.3073,45.0,1992,3,0.8501,2,1.9,0
SYN-U-12570,40592.02,38428.7,0.8817,0.7775,0.1524,36.2,2245,0,1.0,0,0.0,0
SYN-U-12571,84831.69,73973.98,0.7329,0.8909,0.2359,24.2,455,3,0.8913,0,0.0,0
SYN-U-12572,14882.97,12615.44,0.6382,0.5102,0.3466,42.0,1019,2,0.8073,0,0.0,0
SYN-U-12573,52267.87,49898.82,0.5475,0.4797,0.3219,55.9,333,7,0.7888,1,5.6,0
SYN-U-12574,91508.35,75773.25,0.8082,0.7597,0.423,42.9,52,5,0.998,0,0.0,0
SYN-U-12575,84054.58,72539.0,0.6878,0.6371,0.8489,11.3,457,4,0.6192,0,0.0,0
SYN-U-12576,27973.42,23989.45,0.8498,0.7952,0.196,19.4,1207,6,0.9414,1,1.6,0
SYN-U-12577,55094.26,40121.13,0.975,0.6814,0.2108,50.7,1896,4,0.9692,0,0.0,0
SYN-U-12578,44209.34,36398.88,0.6498,0.4534,0.5989,17.2,972,4,0.8795,3,2.9,0
SYN-U-12579,123450.81,111298.19,0.8975,0.712,0.2518,25.0,1774,3,0.8685,0,0.0,0
SYN-U-12580,138055.31,99253.73,0.8378,0.6823,0.4877,59.4,1867,6,0.9759,0,0.0,0
SYN-U-12581,22182.25,16462.06,0.659,0.1883,0.8228,48.7,555,0,1.0,0,0.0,1
SYN-U-12582,56473.01,39423.91,0.8142,0.809,0.1519,23.5,1468,4,0.9928,0,0.0,0
SYN-U-12583,60818.79,41649.32,0.8734,0.6574,0.3053,45.6,2186,2,0.9696,0,0.0,0
SYN-U-12584,43382.88,29790.22,0.9166,0.6108,0.2517,24.7,488,1,0.956,0,0.0,0
SYN-U-12585,29234.9,27151.26,0.7367,0.7846,0.3823,28.5,1678,4,0.9621,0,0.0,0
SYN-U-12586,64019.58,59307.36,0.8891,0.6733,0.1791,59.0,1772,4,0.9728,0,0.0,0
SYN-U-12587,28207.3,20403.76,0.8848,0.7407,0.1946,34.6,40,3,0.8959,0,0.0,0
SYN-U-12588,48262.91,35931.07,0.5134,0.4948,0.8771,44.2,64,0,1.0,0,0.0,0
SYN-U-12589,34958.18,30601.55,0.8159,0.7809,0.4736,60.7,246,5,0.9267,1,2.4,0
SYN-U-12590,144978.22,129016.37,0.9732,0.9145,0.2076,32.1,431,4,0.9575,1,0.9,0
SYN-U-12591,72856.07,50846.65,0.581,0.6613,0.6231,25.5,1831,6,0.7908,0,0.0,0
SYN-U-12592,16581.84,13561.52,0.706,0.4028,0.2951,64.8,441,1,0.8474,3,6.6,0
SYN-U-12593,17499.65,13423.5,0.7366,0.5037,0.5133,39.8,2086,1,0.8343,2,4.9,0
SYN-U-12594,40806.97,36978.44,0.7142,0.6399,0.5716,27.3,1246,2,0.923,0,0.0,0
SYN-U-12595,17203.95,14706.53,0.5681,0.4257,0.3188,58.5,1071,4,0.7571,3,2.8,0
SYN-U-12596,38366.9,35079.46,0.8198,0.8957,0.3007,61.0,2131,2,0.8553,0,0.0,0
SYN-U-12597,21135.36,19914.54,0.6662,0.3045,0.568,46.7,444,7,0.5466,0,0.0,0
SYN-U-12598,35422.51,34101.86,0.8822,0.7524,0.3364,63.4,2321,4,0.8795,1,1.6,0
SYN-U-12599,19929.58,14317.44,0.4528,0.3322,0.6081,46.3,633,3,0.6135,0,0.0,0
SYN-U-12600,38599.28,32964.64,0.2486,0.4631,0.8436,12.8,1951,2,0.6975,0,0.0,0
SYN-U-12601,51673.6,41243.45,0.7445,0.864,0.2856,37.7,341,4,0.9383,0,0.0,0
SYN-U-12602,46864.76,45257.31,0.935,0.6201,0.2911,56.6,1955,6,0.8539,0,0.0,0
SYN-U-12603,119358.82,78751.51,0.846,0.7344,0.5192,13.1,1954,4,0.829,1,5.8,0
SYN-U-12604,52236.08,47315.62,0.8209,0.6385,0.3495,5.9,125,7,0.9574,0,0.0,0
SYN-U-12605,47460.79,40060.84,0.7621,0.5107,0.4434,30.6,2365,4,0.8563,1,3.4,0
SYN-U-12606,65600.86,48454.86,0.7545,0.8274,0.4026,56.1,1539,4,0.8554,0,0.0,0
SYN-U-12607,74252.17,68564.72,0.8202,0.6793,0.3728,14.3,2321,5,0.9613,0,0.0,0
SYN-U-12608,117474.79,106541.95,0.8303,0.8811,0.2757,41.0,1733,3,0.9663,0,0.0,0
SYN-U-12609,75165.95,65939.28,0.342,0.5629,0.5892,39.7,1447,6,0.5985,0,0.0,0
SYN-U-12610,53923.27,45372.1,0.8955,0.5683,0.4434,33.3,776,4,0.9265,0,0.0,0
SYN-U-12611,28233.22,23704.2,0.7284,0.7692,0.466,39.5,832,5,0.8828,0,0.0,0
SYN-U-12612,22155.56,14636.27,0.3523,0.5136,0.4663,5.2,1032,6,0.8528,0,0.0,0
SYN-U-12613,38938.95,31326.1,0.702,0.7922,0.4211,43.9,568,6,0.9445,0,0.0,0
SYN-U-12614,78091.25,54432.8,0.7833,0.8339,0.195,51.0,664,7,0.9366,1,0.7,0
SYN-U-12615,100952.01,98599.05,0.7034,0.8589,0.426,56.4,1401,3,0.9173,1,2.3,0
SYN-U-12616,69287.02,65930.36,0.5768,0.4059,0.5172,61.1,1885,0,1.0,0,0.0,0
SYN-U-12617,98106.68,68555.85,0.5334,0.6674,0.6316,12.0,552,0,1.0,0,0.0,0
SYN-U-12618,31275.92,20783.37,0.7581,0.5866,0.4738,32.9,1171,3,0.9805,1,1.9,0
SYN-U-12619,56166.09,53333.55,0.883,0.8454,0.1656,6.7,1455,3,0.9727,0,0.0,0
SYN-U-12620,13649.36,12313.65,0.2665,0.6058,0.739,28.0,1570,6,0.5343,0,0.0,1
SYN-U-12621,78373.27,52519.2,0.5129,0.6485,0.5966,19.2,1401,2,0.9719,3,4.9,0
SYN-U-12622,39521.56,36318.84,0.5529,0.7997,0.3463,33.7,687,5,0.7783,3,2.0,0
SYN-U-12623,117293.05,112832.88,0.5494,0.326,0.6265,33.9,1910,3,0.5229,2,12.4,1
SYN-U-12624,37149.35,25885.5,0.9038,0.5878,0.3907,47.7,953,6,0.8662,0,0.0,0
SYN-U-12625,93378.62,67937.39,0.3436,0.3377,0.7974,60.9,239,4,0.8279,0,0.0,0
SYN-U-12626,59370.14,40138.38,0.6273,0.6164,0.2546,50.1,1216,6,0.7393,0,0.0,0
SYN-U-12627,29921.72,29191.48,0.9608,0.9156,0.4442,54.1,2133,0,1.0,0,0.0,0
SYN-U-12628,63465.57,56646.19,0.6908,0.5255,0.2508,64.4,1534,3,0.9599,0,0.0,0
SYN-U-12629,51923.59,36980.62,0.7211,0.6267,0.4789,13.2,1545,7,0.8681,1,2.1,0
SYN-U-12630,20374.89,14217.95,0.5861,0.5564,0.6326,64.1,2286,5,0.7669,2,9.0,0
SYN-U-12631,29728.94,26593.0,0.7417,0.8772,0.269,52.5,832,7,0.9117,0,0.0,0
SYN-U-12632,60313.44,43783.64,0.7135,0.892,0.3641,21.0,752,3,0.8609,0,0.0,0
SYN-U-12633,22645.24,16435.84,0.6239,0.4109,0.5998,64.8,480,0,1.0,0,0.0,0
SYN-U-12634,50852.09,46563.7,0.4379,0.2956,0.4237,24.7,218,7,0.5714,4,17.1,1
SYN-U-12635,21688.35,15146.54,0.7984,0.8275,0.3046,32.7,1088,4,0.9883,0,0.0,0
SYN-U-12636,168192.61,139119.08,0.5191,0.4279,0.4183,47.1,999,4,0.8604,1,5.1,0
SYN-U-12637,42947.91,30424.06,0.8297,0.4406,0.2593,26.0,2400,2,0.9135,0,0.0,0
SYN-U-12638,18503.96,12804.86,0.7169,0.8014,0.3237,6.5,673,1,0.8554,0,0.0,0
SYN-U-12639,80134.73,66850.82,0.4302,0.2998,0.6502,37.4,521,7,0.5853,0,0.0,0
SYN-U-12640,26793.62,21854.95,0.7587,0.7511,0.2102,28.7,1210,3,0.8914,0,0.0,0
SYN-U-12641,88053.09,85516.33,0.7066,0.8807,0.3818,11.2,1651,0,1.0,0,0.0,0
SYN-U-12642,64856.36,50412.92,0.7644,0.7719,0.2064,30.9,1125,1,0.9979,1,0.6,0
SYN-U-12643,36073.92,31338.23,0.9573,0.9003,0.4046,58.6,1739,5,0.9326,0,0.0,0
SYN-U-12644,152659.33,123495.64,0.7793,0.7876,0.2196,51.7,1917,5,0.9094,0,0.0,0
SYN-U-12645,155776.35,148388.33,0.5756,0.4293,0.3369,5.3,766,2,0.8494,0,0.0,0
SYN-U-12646,14003.68,10509.31,0.6403,0.3619,0.6387,41.0,2120,7,0.5954,3,17.2,1
SYN-U-12647,45218.72,40318.41,0.9154,0.7336,0.2966,53.6,1803,5,0.9657,2,2.0,0
SYN-U-12648,110777.01,89429.02,0.7223,0.5367,0.3512,10.5,2352,1,0.9261,0,0.0,0
SYN-U-12649,75092.09,61083.07,0.7857,0.6759,0.4233,17.4,1808,3,0.9474,2,2.9,0
SYN-U-12650,62344.41,56375.65,0.9753,0.6501,0.4404,30.8,1190,5,0.9433,0,0.0,0
SYN-U-12651,22432.56,20728.71,0.9279,0.8539,0.2529,18.5,570,2,0.9906,0,0.0,0
SYN-U-12652,16198.38,12116.32,0.5052,0.6132,0.6049,13.7,190,0,1.0,0,0.0,0
SYN-U-12653,90599.36,85139.3,0.8127,0.5701,0.488,55.3,677,7,0.9847,1,1.5,0
SYN-U-12654,27563.47,22556.44,0.4094,0.1676,0.7505,35.5,448,2,0.8585,2,13.1,1
SYN-U-12655,204113.37,145166.14,0.9253,0.6731,0.3963,25.9,565,3,0.9654,1,1.1,0
SYN-U-12656,15614.04,14353.54,0.363,0.2687,0.4554,40.0,2453,3,0.9018,0,0.0,0
SYN-U-12657,93512.54,90303.16,0.7007,0.7797,0.2644,38.5,1463,0,1.0,0,0.0,0
SYN-U-12658,89772.91,64280.6,0.6172,0.6197,0.4263,47.5,1974,6,0.8025,0,0.0,0
SYN-U-12659,24766.96,22123.94,0.8118,0.5969,0.3559,8.2,863,6,0.9626,0,0.0,0
SYN-U-12660,16743.66,13841.56,0.6128,0.3923,0.5813,45.6,110,5,0.5134,0,0.0,0
SYN-U-12661,202928.95,195638.39,0.5894,0.502,0.4245,44.5,1389,1,0.9635,2,5.4,0
SYN-U-12662,16159.31,12440.59,0.5203,0.5206,0.759,23.6,1371,0,1.0,0,0.0,0
SYN-U-12663,21657.58,14579.33,0.3951,0.2252,0.4676,47.6,1391,5,0.8607,0,0.0,0
SYN-U-12664,49883.63,38039.72,0.8386,0.6908,0.4392,37.0,702,4,0.7034,1,2.7,0
SYN-U-12665,45725.09,32383.57,0.8531,0.9113,0.4402,30.2,83,4,0.8659,0,0.0,0
SYN-U-12666,20232.08,15105.11,0.3736,0.1696,0.8622,30.0,999,2,0.5829,4,6.4,1
SYN-U-12667,17404.71,13873.58,0.791,0.5875,0.2881,55.8,528,6,0.9672,0,0.0,0
SYN-U-12668,108317.57,71650.61,0.9256,0.5818,0.3095,8.6,1507,2,0.9035,1,2.7,0
SYN-U-12669,40354.73,26386.82,0.7751,0.7279,0.2377,10.2,63,2,0.8878,1,1.7,0
SYN-U-12670,102350.86,97666.43,0.8632,0.9076,0.1657,48.9,2033,3,0.8851,0,0.0,0
SYN-U-12671,40701.12,37923.21,0.281,0.5005,0.6513,29.3,998,7,0.9363,3,12.9,1
SYN-U-12672,43579.42,29030.66,0.7353,0.729,0.2802,19.3,49,2,0.8651,0,0.0,0
SYN-U-12673,83645.37,66965.61,0.7178,0.7282,0.3319,44.9,1316,1,0.9606,0,0.0,0
SYN-U-12674,84415.89,65694.34,0.7704,0.7755,0.4605,49.3,1374,3,0.9152,1,2.4,0
SYN-U-12675,18789.94,14334.26,0.6403,0.1523,0.7697,14.0,804,3,0.8039,3,16.5,1
SYN-U-12676,110405.0,102447.85,0.6261,0.786,0.6238,41.8,1370,6,0.9229,0,0.0,0
SYN-U-12677,93757.92,87164.76,0.7289,0.6036,0.3408,44.5,57,5,0.8228,2,2.1,0
SYN-U-12678,66903.63,45401.85,0.2085,0.2072,0.793,11.7,876,0,1.0,0,0.0,1
SYN-U-12679,71293.39,53373.44,0.6953,0.4081,0.3263,36.0,1165,2,0.9216,0,0.0,0
SYN-U-12680,39295.47,31026.01,0.7038,0.8486,0.2276,6.2,2127,6,0.9724,0,0.0,0
SYN-U-12681,22639.58,18527.31,0.7515,0.8696,0.4268,59.5,537,0,1.0,0,0.0,0
SYN-U-12682,17165.34,14564.45,0.7037,0.702,0.3557,28.9,2044,2,0.9082,0,0.0,0
SYN-U-12683,17176.28,12576.26,0.7649,0.5389,0.3841,36.7,2285,6,0.8423,0,0.0,0
SYN-U-12684,112595.98,79670.01,0.7626,0.5817,0.2603,58.7,494,1,0.869,1,1.4,0
SYN-U-12685,53315.58,36719.37,0.8559,0.6044,0.4614,29.8,572,3,0.981,0,0.0,0
SYN-U-12686,56015.01,49765.36,0.8859,0.6488,0.2066,54.6,2395,5,0.8804,0,0.0,0
SYN-U-12687,155799.04,110494.88,0.807,0.6643,0.3918,57.3,742,3,0.7566,0,0.0,0
SYN-U-12688,88420.5,69246.54,0.908,0.6957,0.2186,56.2,1330,5,0.8893,0,0.0,0
SYN-U-12689,40112.45,38622.29,0.6352,0.6453,0.6028,22.9,2048,2,0.8475,0,0.0,0
SYN-U-12690,16162.76,15439.8,0.5144,0.2922,0.7607,56.9,1555,0,1.0,0,0.0,0
SYN-U-12691,29239.96,19325.75,0.9554,0.8032,0.3016,59.3,1591,3,0.8763,0,0.0,0
SYN-U-12692,24617.11,19623.52,0.6549,0.6487,0.8546,46.7,830,7,0.8999,0,0.0,0
SYN-U-12693,35191.55,34124.85,0.8417,0.7692,0.4438,14.6,1954,5,0.9679,0,0.0,0
SYN-U-12694,235031.41,203457.39,0.5961,0.6834,0.523,10.5,1357,6,0.748,0,0.0,0
SYN-U-12695,102477.47,71422.81,0.9105,0.6609,0.3564,52.4,1373,6,0.971,0,0.0,0
SYN-U-12696,79698.23,61209.51,0.7851,0.7215,0.3858,14.1,608,6,0.8761,0,0.0,0
SYN-U-12697,126749.1,113495.52,0.9123,0.5787,0.2929,20.3,204,1,0.9892,0,0.0,0
SYN-U-12698,39967.49,27914.46,0.9676,0.654,0.2132,41.5,2145,7,0.9958,0,0.0,0
SYN-U-12699,49195.15,37396.66,0.7992,0.5847,0.2433,6.6,1274,4,0.8899,0,0.0,0
SYN-U-12700,51029.84,39859.16,0.5134,0.6812,0.3905,49.8,846,6,0.7166,1,3.7,0
SYN-U-12701,59932.31,57688.72,0.5157,0.6849,0.6253,41.9,2035,5,0.9417,0,0.0,0
SYN-U-12702,88605.17,69038.43,0.5175,0.4263,0.5715,18.6,1139,6,0.8754,1,3.0,0
SYN-U-12703,17048.8,13628.54,0.9135,0.6056,0.3582,34.1,849,1,0.9803,0,0.0,0
SYN-U-12704,75716.57,53411.97,0.8352,0.467,0.2596,46.8,1613,7,0.8411,0,0.0,0
SYN-U-12705,60315.49,55872.24,0.8663,0.8355,0.2545,53.8,950,0,1.0,0,0.0,0
SYN-U-12706,45710.04,34289.43,0.8249,0.4599,0.5294,8.6,825,5,0.7736,0,0.0,0
SYN-U-12707,239237.53,226894.68,0.7581,0.7254,0.2663,5.0,957,5,0.9165,0,0.0,0
SYN-U-12708,61876.83,45750.08,0.8665,0.8417,0.3952,17.1,1486,6,0.9099,0,0.0,0
SYN-U-12709,186744.23,176876.12,0.8467,0.5453,0.5133,33.1,246,5,0.7298,0,0.0,0
SYN-U-12710,107073.96,101952.78,0.8045,0.8957,0.4695,16.2,1872,0,1.0,0,0.0,0
SYN-U-12711,115839.78,84375.34,0.8818,0.6147,0.3089,18.1,1099,5,0.8815,1,1.3,0
SYN-U-12712,210524.15,191370.42,0.8474,0.643,0.1831,25.1,352,0,1.0,0,0.0,0
SYN-U-12713,71802.84,57888.28,0.9796,0.7845,0.486,52.4,615,3,0.9949,0,0.0,0
SYN-U-12714,49074.12,40077.84,0.7087,0.5672,0.3452,33.6,1101,3,0.9255,0,0.0,0
SYN-U-12715,70272.76,50003.51,0.8577,0.5734,0.3724,17.2,2037,7,0.9875,0,0.0,0
SYN-U-12716,31919.27,21023.07,0.8419,0.6563,0.2652,25.1,1009,7,0.9779,1,1.9,0
SYN-U-12717,15676.6,11238.1,0.2166,0.5692,0.41,10.2,36,2,0.7538,0,0.0,0
SYN-U-12718,47557.37,34181.78,0.7855,0.8986,0.321,52.5,1566,2,0.9381,0,0.0,0
SYN-U-12719,46013.99,39136.94,0.9377,0.8561,0.3811,43.4,1340,4,0.9443,2,2.4,0
SYN-U-12720,164706.43,128499.19,0.8033,0.5584,0.4323,17.1,2301,2,0.8722,1,2.3,0
SYN-U-12721,36193.58,32623.85,0.77,0.6779,0.4534,54.9,248,7,0.9449,0,0.0,0
SYN-U-12722,101913.76,84555.63,0.6859,0.4534,0.6373,56.4,803,5,0.7022,0,0.0,0
SYN-U-12723,38324.45,32036.93,0.8151,0.72,0.4352,64.8,483,4,0.9532,0,0.0,0
SYN-U-12724,42814.25,29979.12,0.9358,0.5971,0.3053,63.4,2273,5,0.8693,0,0.0,0
SYN-U-12725,90833.91,63338.07,0.5979,0.4264,0.3315,41.3,1656,3,0.7025,0,0.0,0
SYN-U-12726,53396.71,35534.71,0.9182,0.5656,0.4587,39.2,2129,3,0.9205,0,0.0,0
SYN-U-12727,32557.07,26257.88,0.6484,0.4702,0.6102,50.4,1581,6,0.745,0,0.0,0
SYN-U-12728,45606.0,31217.68,0.7631,0.7144,0.5798,44.3,2293,5,0.9272,1,5.6,0
SYN-U-12729,60987.03,48920.31,0.7414,0.5744,0.5197,29.6,684,6,0.866,0,0.0,0
SYN-U-12730,57575.92,55510.37,0.7762,0.8421,0.2515,58.0,1406,3,0.8804,1,1.9,0
SYN-U-12731,40610.4,34588.42,0.9245,0.7677,0.477,49.4,322,5,0.9738,1,2.4,0
SYN-U-12732,64908.48,55095.99,0.9264,0.5904,0.2528,55.8,1032,4,0.8878,0,0.0,0
SYN-U-12733,15472.18,13560.27,0.4364,0.2659,0.4133,61.5,1241,3,0.719,3,13.2,1
SYN-U-12734,57377.63,53633.95,0.5841,0.757,0.3603,52.7,1705,5,0.8402,0,0.0,0
SYN-U-12735,27534.68,17989.95,0.8333,0.5699,0.5799,21.8,1038,1,0.9348,1,5.6,0
SYN-U-12736,69767.37,46395.83,0.2577,0.6349,0.8777,24.0,2469,2,0.8108,1,16.9,1
SYN-U-12737,43355.8,30291.05,0.8855,0.6397,0.3774,55.0,2102,6,0.9735,0,0.0,0
SYN-U-12738,16774.55,14638.31,0.7465,0.1907,0.6603,13.2,1072,7,0.8492,0,0.0,0
SYN-U-12739,120545.05,97505.14,0.809,0.7956,0.4075,10.9,540,4,0.8758,0,0.0,0
SYN-U-12740,57915.46,44356.59,0.7247,0.8276,0.4991,61.6,1257,0,1.0,0,0.0,0
SYN-U-12741,78421.47,71227.78,0.9617,0.5875,0.4176,9.5,1464,1,0.8617,0,0.0,0
SYN-U-12742,37252.96,29416.9,0.5094,0.6073,0.6448,6.5,2072,5,0.7041,0,0.0,0
SYN-U-12743,14012.11,9353.34,0.5502,0.2908,0.879,23.5,725,4,0.555,0,0.0,0
SYN-U-12744,240313.74,196881.89,0.8868,0.7464,0.2389,7.6,337,4,0.9249,0,0.0,0
SYN-U-12745,123091.54,84203.65,0.6012,0.7192,0.4325,22.9,1754,1,0.872,2,7.9,0
SYN-U-12746,48470.78,47272.68,0.5965,0.614,0.2978,44.2,1010,3,0.8069,1,3.5,0
SYN-U-12747,79561.51,59129.49,0.9435,0.5836,0.2235,59.3,1488,7,0.9603,0,0.0,0
SYN-U-12748,28358.33,20026.04,0.8188,0.7088,0.308,56.8,1769,5,0.9174,0,0.0,0
SYN-U-12749,36274.34,34886.54,0.9119,0.769,0.3799,44.4,1340,4,0.9319,1,0.5,0
SYN-U-12750,65122.46,62224.37,0.765,0.6346,0.4714,39.0,1266,4,0.8514,0,0.0,0
SYN-U-12751,127644.55,111193.04,0.7388,0.5461,0.2991,61.5,809,1,0.9628,2,4.7,0
SYN-U-12752,22832.71,17082.05,0.3854,0.5216,0.4573,11.0,1028,7,0.7611,2,11.1,1
SYN-U-12753,15895.59,12433.74,0.2183,0.432,0.8324,60.0,652,4,0.7529,0,0.0,1
SYN-U-12754,43495.3,36903.08,0.8512,0.579,0.2028,64.1,1265,7,0.9706,0,0.0,0
SYN-U-12755,52374.06,44810.01,0.9742,0.5617,0.362,20.0,2313,3,0.9211,0,0.0,0
SYN-U-12756,43308.62,34234.75,0.952,0.8063,0.464,47.0,852,7,0.9,1,0.4,0
SYN-U-12757,62515.88,56590.18,0.6351,0.5565,0.496,59.0,626,5,0.8295,1,3.9,0
SYN-U-12758,39616.56,28132.55,0.6125,0.2449,0.5884,12.8,1707,4,0.6293,0,0.0,1
SYN-U-12759,54878.7,36029.47,0.7654,0.5992,0.4455,44.3,1716,6,0.8952,0,0.0,0
SYN-U-12760,30426.33,24728.07,0.8199,0.7303,0.413,37.7,1341,4,0.9857,0,0.0,0
SYN-U-12761,32294.78,23218.13,0.4064,0.4861,0.6247,59.3,1929,2,0.5161,2,9.4,0
SYN-U-12762,67116.95,55785.73,0.9504,0.5982,0.3829,45.9,1185,5,0.9933,0,0.0,0
SYN-U-12763,75555.66,67896.63,0.5215,0.4485,0.4414,21.6,2149,0,1.0,0,0.0,0
SYN-U-12764,130341.41,104715.52,0.7053,0.6079,0.2078,56.8,384,4,0.9779,0,0.0,0
SYN-U-12765,86930.01,73777.1,0.8889,0.5932,0.463,61.1,2055,1,0.9886,0,0.0,0
SYN-U-12766,42201.78,36403.69,0.7541,0.7136,0.3311,15.8,791,7,0.9518,0,0.0,0
SYN-U-12767,117895.94,104272.4,0.3878,0.3757,0.5743,61.0,1629,6,0.6347,4,9.2,0
SYN-U-12768,72477.81,47184.13,0.7438,0.5995,0.4483,57.8,1557,5,0.9406,0,0.0,0
SYN-U-12769,41887.03,38699.27,0.9243,0.8521,0.3609,40.9,600,5,0.8782,0,0.0,0
SYN-U-12770,61497.34,40888.83,0.8862,0.6977,0.3135,6.1,1757,7,0.9181,2,1.5,0
SYN-U-12771,120244.36,117511.61,0.7869,0.6205,0.326,33.9,2168,2,0.9297,0,0.0,0
SYN-U-12772,68748.46,53058.4,0.7907,0.8564,0.4969,13.1,2057,5,0.9213,0,0.0,0
SYN-U-12773,25104.82,21487.12,0.5211,0.5352,0.5902,51.0,1983,0,1.0,0,0.0,0
SYN-U-12774,17031.85,14182.13,0.6906,0.2507,0.7174,52.1,99,7,0.8342,0,0.0,1
SYN-U-12775,98318.42,69862.31,0.848,0.774,0.4508,30.9,1228,3,0.9146,0,0.0,0
SYN-U-12776,41871.51,35789.45,0.7708,0.7552,0.3909,22.0,793,5,0.8875,2,3.5,0
SYN-U-12777,50538.27,44008.27,0.8156,0.6558,0.648,9.6,960,7,0.7801,1,2.4,0
SYN-U-12778,104374.15,78629.72,0.8784,0.8186,0.3251,26.3,567,6,0.9104,0,0.0,0
SYN-U-12779,14404.9,10000.26,0.429,0.5652,0.7991,19.8,1393,1,0.8605,0,0.0,0
SYN-U-12780,55282.51,50311.14,0.7431,0.5026,0.5161,45.5,67,6,0.6553,2,6.1,0
SYN-U-12781,33643.19,28983.78,0.2432,0.3405,0.7016,8.3,2404,3,0.9216,4,13.4,1
SYN-U-12782,78208.49,60323.04,0.5874,0.6167,0.5021,6.1,314,5,0.8543,0,0.0,0
SYN-U-12783,135405.83,123428.98,0.7433,0.5671,0.3353,21.4,1463,3,0.9202,0,0.0,0
SYN-U-12784,14544.5,12518.63,0.9413,0.6646,0.4515,14.4,305,1,0.9789,1,2.4,0
SYN-U-12785,16999.64,11716.7,0.6229,0.5752,0.6184,18.2,961,5,0.8654,0,0.0,0
SYN-U-12786,41515.03,37739.27,0.8988,0.6483,0.2911,47.0,1951,5,0.8752,1,1.1,0
SYN-U-12787,50251.42,46636.89,0.6223,0.5523,0.5554,12.3,2228,4,0.9398,2,7.7,0
SYN-U-12788,62018.18,46253.88,0.7118,0.5729,0.4065,10.5,2206,1,0.9848,0,0.0,0
SYN-U-12789,87865.81,81963.23,0.8065,0.6219,0.4447,60.3,2121,4,0.9552,2,5.6,0
SYN-U-12790,97109.02,66998.33,0.7036,0.6028,0.3916,31.3,1166,3,0.7749,1,7.7,0
SYN-U-12791,15792.93,10653.5,0.3411,0.2909,0.8419,58.6,203,4,0.9037,2,11.3,1
SYN-U-12792,70574.06,50486.78,0.714,0.2421,0.6005,54.0,635,4,0.9135,2,10.3,1
SYN-U-12793,23204.27,19119.15,0.4878,0.2046,0.8522,14.9,99,2,0.9175,3,8.2,1
SYN-U-12794,85860.83,69401.22,0.8498,0.689,0.3316,53.6,2064,5,0.7637,0,0.0,0
SYN-U-12795,42162.52,32675.89,0.7798,0.7521,0.3384,26.6,1583,2,0.7326,2,6.7,0
SYN-U-12796,92422.24,79219.63,0.5569,0.7836,0.3112,35.8,1906,2,0.9385,2,5.9,0
SYN-U-12797,162477.22,121204.28,0.9754,0.6006,0.2522,17.3,1156,6,0.9484,0,0.0,0
SYN-U-12798,43023.23,29271.2,0.5448,0.6388,0.4738,15.0,263,5,0.6484,1,7.9,0
SYN-U-12799,56956.86,44665.94,0.8671,0.5646,0.2061,10.7,2081,2,0.935,2,1.0,0
SYN-U-12800,21398.26,17605.59,0.8914,0.8665,0.211,48.5,798,0,1.0,0,0.0,0
SYN-U-12801,60251.92,52610.64,0.5875,0.4997,0.4441,53.8,748,0,1.0,0,0.0,0
SYN-U-12802,63442.89,53400.72,0.369,0.479,0.7951,56.9,720,3,0.7966,0,0.0,1
SYN-U-12803,30687.17,27902.1,0.6833,0.6516,0.2929,53.0,1722,1,0.8078,1,3.8,0
SYN-U-12804,24645.14,22206.95,0.326,0.399,0.426,16.5,1745,4,0.8056,0,0.0,0
SYN-U-12805,15774.55,10905.6,0.4671,0.4152,0.4383,31.1,741,2,0.6238,0,0.0,0
SYN-U-12806,78689.61,66231.68,0.9045,0.5641,0.4327,34.0,653,1,0.9723,0,0.0,0
SYN-U-12807,40759.11,30126.51,0.7953,0.8738,0.4505,60.7,2465,0,1.0,0,0.0,0
SYN-U-12808,62018.96,46455.96,0.5198,0.6201,0.6244,45.7,2266,1,0.7154,1,5.2,0
SYN-U-12809,24103.64,21594.97,0.9624,0.6048,0.2342,47.3,2265,6,0.9115,0,0.0,0
SYN-U-12810,63255.22,49860.96,0.6625,0.6858,0.5057,13.8,887,3,0.8281,1,6.1,0
SYN-U-12811,51567.91,40465.42,0.4977,0.2367,0.7108,25.9,1895,1,0.7343,0,0.0,1
SYN-U-12812,38491.83,33822.82,0.7368,0.8372,0.3504,37.0,1157,0,1.0,0,0.0,0
SYN-U-12813,59676.64,44864.07,0.9683,0.7965,0.2689,63.9,1827,2,0.9036,0,0.0,0
SYN-U-12814,16387.82,15545.47,0.7232,0.2904,0.5952,40.2,2405,2,0.7724,1,11.5,0
SYN-U-12815,79718.36,76676.07,0.6668,0.4528,0.5355,35.8,2478,2,0.9785,2,7.6,0
SYN-U-12816,64915.88,46416.18,0.7214,0.6676,0.4561,18.1,1528,7,0.8782,0,0.0,0
SYN-U-12817,18510.84,16891.49,0.7396,0.4056,0.315,45.8,995,1,0.7951,0,0.0,0
SYN-U-12818,58055.03,37991.66,0.7908,0.7398,0.3332,33.2,820,5,0.9805,1,3.0,0
SYN-U-12819,84644.09,64073.45,0.7521,0.6108,0.3153,56.0,787,3,0.7078,0,0.0,0
SYN-U-12820,123996.44,114116.61,0.7197,0.4352,0.5552,36.6,2394,6,0.7781,0,0.0,0
SYN-U-12821,32996.36,23219.98,0.6684,0.6533,0.2705,24.7,1893,1,0.7843,1,4.7,0
SYN-U-12822,99410.34,82490.58,0.5644,0.4942,0.2742,14.7,1058,3,0.9415,0,0.0,0
SYN-U-12823,70871.32,67426.52,0.2613,0.4571,0.4885,46.2,2356,5,0.5029,1,11.5,1
SYN-U-12824,68253.58,60743.23,0.3118,0.5298,0.6874,38.4,1468,3,0.9369,2,8.5,0
SYN-U-12825,186100.1,135734.01,0.729,0.7566,0.2995,15.3,1999,2,0.9415,0,0.0,0
SYN-U-12826,38647.59,31384.04,0.6028,0.3674,0.8373,52.9,990,6,0.5016,0,0.0,0
SYN-U-12827,241916.26,214942.48,0.8399,0.6568,0.2847,5.8,741,5,0.7915,1,4.0,0
SYN-U-12828,44792.73,32909.9,0.6194,0.4296,0.4506,48.4,752,3,0.8745,0,0.0,0
SYN-U-12829,14204.63,13285.15,0.7145,0.7468,0.3645,27.6,2269,5,0.9643,0,0.0,0
SYN-U-12830,67599.94,59559.13,0.8153,0.9149,0.3039,11.3,2059,3,0.9269,2,0.1,0
SYN-U-12831,124765.64,85182.22,0.5113,0.7713,0.4594,34.2,1369,3,0.7496,2,4.5,0
SYN-U-12832,14883.55,10292.81,0.4773,0.372,0.7703,11.3,310,0,1.0,0,0.0,0
SYN-U-12833,44328.77,29168.25,0.7089,0.7929,0.3112,36.1,611,4,0.7679,1,4.5,0
SYN-U-12834,50264.22,35941.08,0.5685,0.6136,0.6395,23.6,1440,1,0.9377,0,0.0,0
SYN-U-12835,133530.21,123434.84,0.8891,0.6671,0.4099,61.1,2406,3,0.9049,1,2.2,0
SYN-U-12836,44861.37,34634.78,0.9726,0.5945,0.3587,63.1,1398,7,0.9666,0,0.0,0
SYN-U-12837,58159.21,48054.05,0.8014,0.7249,0.3481,59.1,1011,3,0.8653,0,0.0,0
SYN-U-12838,34317.28,26507.77,0.4524,0.5844,0.5249,8.8,1379,1,0.9015,0,0.0,0
SYN-U-12839,30424.91,22835.55,0.975,0.5817,0.3177,25.5,1301,1,0.8925,0,0.0,0
SYN-U-12840,83225.84,66919.77,0.7159,0.6138,0.3138,63.4,1153,5,0.9519,1,0.2,0
SYN-U-12841,45986.14,43112.7,0.7669,0.5742,0.4815,59.9,1570,6,0.7568,2,2.8,0
SYN-U-12842,149081.33,104594.34,0.8213,0.818,0.3419,38.2,1086,6,0.9849,0,0.0,0
SYN-U-12843,42325.98,39962.29,0.3753,0.458,0.4881,34.1,961,6,0.7135,3,4.1,0
SYN-U-12844,29973.81,25046.78,0.8326,0.8069,0.478,63.3,1369,4,0.9697,0,0.0,0
SYN-U-12845,74201.15,49648.49,0.2636,0.2693,0.7334,28.0,108,0,1.0,0,0.0,1
SYN-U-12846,15553.6,13470.27,0.4348,0.583,0.4157,31.2,2333,5,0.6245,1,13.8,0
SYN-U-12847,31858.37,29679.85,0.5158,0.3909,0.6319,35.5,367,7,0.7421,3,6.5,0
SYN-U-12848,75506.04,54737.29,0.9261,0.834,0.1559,41.5,1049,6,0.8722,0,0.0,0
SYN-U-12849,49681.4,47875.44,0.5816,0.6074,0.4226,19.4,1096,0,1.0,0,0.0,0
SYN-U-12850,51068.79,35311.56,0.9696,0.8916,0.3778,14.5,854,2,0.9077,0,0.0,0
SYN-U-12851,99934.58,65774.05,0.7995,0.8721,0.1887,16.9,1755,0,1.0,0,0.0,0
SYN-U-12852,53330.89,44004.52,0.916,0.5621,0.2495,52.5,2091,3,0.9326,0,0.0,0
SYN-U-12853,33137.64,24881.06,0.6207,0.2546,0.6713,33.5,2434,2,0.7968,0,0.0,0
SYN-U-12854,21776.25,16075.54,0.5291,0.5497,0.4837,15.4,1582,7,0.8842,2,13.4,0
SYN-U-12855,31748.92,27875.54,0.7837,0.7357,0.5797,53.1,184,1,0.8243,1,2.8,0
SYN-U-12856,86904.31,83265.15,0.8002,0.7566,0.3139,30.0,1489,5,0.9102,0,0.0,0
SYN-U-12857,47214.79,36910.22,0.8769,0.8081,0.2382,26.5,314,5,0.8652,0,0.0,0
SYN-U-12858,39266.05,35990.32,0.7508,0.6745,0.2347,5.9,598,6,0.9423,0,0.0,0
SYN-U-12859,73413.94,54636.78,0.7402,0.6681,0.3882,17.0,1537,7,0.9952,2,1.2,0
SYN-U-12860,79054.94,66432.74,0.8485,0.7996,0.3972,34.5,1642,4,0.9998,0,0.0,0
SYN-U-12861,38175.81,30718.09,0.7609,0.6592,0.2689,13.3,592,2,0.8586,0,0.0,0
SYN-U-12862,20373.75,18734.28,0.2525,0.1535,0.6843,48.7,1864,5,0.8001,3,11.2,1
SYN-U-12863,37420.34,29820.08,0.7321,0.6321,0.2352,22.4,1659,6,0.9487,0,0.0,0
SYN-U-12864,26787.31,24509.22,0.705,0.8281,0.181,31.4,176,7,0.8866,0,0.0,0
SYN-U-12865,51462.68,34694.64,0.8868,0.5888,0.2201,14.0,653,2,0.9888,1,0.9,0
SYN-U-12866,65561.35,57449.17,0.9265,0.5576,0.4834,38.1,1146,1,0.9973,0,0.0,0
SYN-U-12867,36917.87,27299.12,0.614,0.4521,0.7866,41.5,563,1,0.6526,0,0.0,0
SYN-U-12868,18060.41,12546.72,0.6985,0.3672,0.6491,14.7,1707,6,0.7364,2,11.9,1
SYN-U-12869,54189.01,47799.53,0.8737,0.6931,0.4573,55.7,893,1,0.9201,0,0.0,0
SYN-U-12870,79021.55,52067.07,0.673,0.6889,0.4895,59.5,1496,2,0.8107,3,4.7,0
SYN-U-12871,80886.55,64424.55,0.5677,0.3119,0.5592,42.4,311,2,0.5354,0,0.0,0
SYN-U-12872,61915.92,47643.02,0.2994,0.428,0.6802,31.0,2106,3,0.7836,1,8.0,1
SYN-U-12873,68553.89,66409.21,0.4179,0.3825,0.7094,47.7,582,1,0.8552,0,0.0,0
SYN-U-12874,15498.17,10202.11,0.5868,0.5072,0.5095,19.0,1145,1,0.6635,0,0.0,0
SYN-U-12875,55643.86,42481.02,0.7719,0.6343,0.2138,7.7,33,7,0.9602,0,0.0,0
SYN-U-12876,114306.43,86734.4,0.7167,0.7274,0.4747,20.0,1120,6,0.9939,2,0.0,0
SYN-U-12877,14846.1,13249.31,0.3613,0.551,0.6123,61.4,2012,1,0.7201,0,0.0,0
SYN-U-12878,56303.19,49895.03,0.7095,0.735,0.3422,40.6,261,4,0.8996,0,0.0,0
SYN-U-12879,135603.6,93555.28,0.9066,0.9031,0.3283,53.8,1245,3,0.9549,1,1.9,0
SYN-U-12880,24746.65,16912.92,0.7489,0.2998,0.4348,31.2,830,3,0.7266,0,0.0,0
SYN-U-12881,63231.94,53239.66,0.7708,0.7301,0.3521,48.3,837,7,0.8638,0,0.0,0
SYN-U-12882,56945.95,55401.93,0.8726,0.8379,0.3391,37.0,2361,5,0.9972,0,0.0,0
SYN-U-12883,217313.15,193355.34,0.7287,0.8869,0.3988,47.5,2242,4,0.9547,0,0.0,0
SYN-U-12884,72622.94,69040.15,0.7219,0.5674,0.3914,27.6,2194,2,0.9346,0,0.0,0
SYN-U-12885,65481.68,60785.58,0.5838,0.4265,0.6215,42.7,2378,5,0.7023,0,0.0,0
SYN-U-12886,38583.69,36886.18,0.8318,0.7301,0.2791,34.5,888,2,0.8696,0,0.0,0
SYN-U-12887,17491.87,16456.64,0.2102,0.2583,0.742,16.1,1057,2,0.6259,3,4.9,1
SYN-U-12888,150785.46,131057.16,0.7082,0.8173,0.3396,10.0,2262,3,0.9772,2,2.8,0
SYN-U-12889,13320.55,9980.7,0.5732,0.2406,0.488,30.7,2420,5,0.6754,0,0.0,0
SYN-U-12890,27126.58,26461.02,0.9652,0.9155,0.4366,30.6,245,1,0.9661,0,0.0,0
SYN-U-12891,95627.17,71478.41,0.8575,0.6468,0.2558,24.3,1910,3,0.8827,0,0.0,0
SYN-U-12892,29214.61,24360.39,0.6859,0.2679,0.6465,38.3,1561,4,0.567,0,0.0,0
SYN-U-12893,39074.46,27130.07,0.8829,0.7769,0.3518,34.4,2264,1,0.9466,1,2.8,0
SYN-U-12894,35538.67,34275.63,0.3173,0.6266,0.4649,52.4,321,1,0.8632,0,0.0,0
SYN-U-12895,19194.29,17757.7,0.6544,0.356,0.6234,18.8,1990,7,0.9436,1,17.1,1
SYN-U-12896,79779.09,54058.78,0.8406,0.61,0.4796,23.8,837,2,0.732,0,0.0,0
SYN-U-12897,94012.48,76523.55,0.5845,0.2654,0.4829,9.2,1213,5,0.6707,0,0.0,0
SYN-U-12898,40998.74,33691.82,0.5929,0.2012,0.5497,40.4,343,2,0.7267,0,0.0,0
SYN-U-12899,25351.89,21836.73,0.7319,0.7255,0.2887,45.7,1723,3,0.9651,0,0.0,0
SYN-U-12900,120490.76,90290.42,0.7743,0.8965,0.309,40.2,389,1,0.8733,0,0.0,0
SYN-U-12901,108146.22,90836.02,0.501,0.4478,0.5073,40.6,892,2,0.9734,3,2.3,0
SYN-U-12902,53122.66,47842.72,0.5602,0.3298,0.4441,54.1,1047,0,1.0,0,0.0,0
SYN-U-12903,34403.47,27923.6,0.8497,0.4666,0.4346,21.8,1964,2,0.7578,0,0.0,0
SYN-U-12904,104435.61,82591.62,0.6825,0.3539,0.6449,63.1,1965,3,0.5013,1,7.9,1
SYN-U-12905,134252.59,100986.28,0.8091,0.5807,0.2643,50.1,149,0,1.0,0,0.0,0
SYN-U-12906,73015.28,61546.05,0.9093,0.5583,0.4896,62.5,1135,4,0.8649,0,0.0,0
SYN-U-12907,28981.3,25971.88,0.7941,0.7181,0.1857,20.7,456,5,0.8958,0,0.0,0
SYN-U-12908,51678.68,41536.26,0.7321,0.7979,0.4542,50.1,1773,2,0.7711,0,0.0,0
SYN-U-12909,39380.64,32986.28,0.9746,0.9062,0.3506,55.7,1658,0,1.0,0,0.0,0
SYN-U-12910,19353.77,18735.32,0.9714,0.6598,0.283,20.5,779,3,0.9214,0,0.0,0
SYN-U-12911,27616.72,21945.23,0.9517,0.6151,0.3334,35.1,2381,3,0.8909,0,0.0,0
SYN-U-12912,37278.52,30363.51,0.7416,0.7371,0.4709,23.8,1684,4,0.8895,0,0.0,0
SYN-U-12913,122635.49,117799.56,0.8634,0.8839,0.1669,31.8,1596,3,0.942,0,0.0,0
SYN-U-12914,26994.88,24302.93,0.8046,0.6087,0.4284,28.2,2149,2,0.8505,0,0.0,0
SYN-U-12915,205191.93,143924.66,0.712,0.8037,0.2151,14.2,2411,6,0.8879,0,0.0,0
SYN-U-12916,51598.1,42754.99,0.9437,0.6454,0.4568,26.1,1316,2,0.9816,0,0.0,0
SYN-U-12917,34550.45,30970.98,0.8475,0.6463,0.3571,42.3,1565,3,0.9565,0,0.0,0
SYN-U-12918,52105.75,43478.1,0.797,0.7063,0.2894,28.3,2187,7,0.9784,0,0.0,0
SYN-U-12919,129540.71,111966.08,0.8898,0.7765,0.2434,34.9,2218,0,1.0,0,0.0,0
SYN-U-12920,22007.31,20171.21,0.9323,0.8436,0.1961,30.4,1225,2,0.9742,1,0.2,0
SYN-U-12921,19657.99,14181.81,0.9213,0.6753,0.3648,36.3,205,6,0.8758,0,0.0,0
SYN-U-12922,63509.67,61515.78,0.9793,0.6428,0.4554,30.1,2246,5,0.9755,0,0.0,0
SYN-U-12923,16626.05,11327.78,0.5537,0.2472,0.7042,14.7,691,6,0.7452,0,0.0,1
SYN-U-12924,17454.32,16880.85,0.4765,0.4972,0.6496,11.5,1022,4,0.9148,0,0.0,0
SYN-U-12925,92983.85,62578.75,0.7302,0.6634,0.4537,37.3,874,1,0.911,0,0.0,0
SYN-U-12926,16939.87,14182.42,0.2655,0.5716,0.562,29.7,715,6,0.5933,2,7.4,1
SYN-U-12927,37592.61,28236.06,0.8415,0.6211,0.4047,33.3,930,3,0.7955,0,0.0,0
SYN-U-12928,38759.75,35708.7,0.7938,0.5972,0.2546,51.7,1028,7,0.8921,0,0.0,0
SYN-U-12929,47441.87,35405.46,0.8461,0.5722,0.3074,9.6,2089,1,0.8801,2,1.9,0
SYN-U-12930,21924.77,19009.73,0.682,0.3388,0.6343,26.7,1923,7,0.5958,0,0.0,1
SYN-U-12931,132738.08,90243.45,0.6015,0.3885,0.4286,44.2,2063,6,0.5822,0,0.0,0
SYN-U-12932,80288.87,75365.71,0.3813,0.6141,0.6715,5.1,1152,5,0.8374,0,0.0,0
SYN-U-12933,70337.07,46600.37,0.8087,0.638,0.2886,32.6,450,4,0.8901,1,0.1,0
SYN-U-12934,70950.09,58756.96,0.8213,0.6027,0.5423,26.3,1357,6,0.7578,0,0.0,0
SYN-U-12935,49849.17,47763.29,0.9592,0.5644,0.4833,58.9,1437,4,0.8615,1,2.5,0
SYN-U-12936,43789.92,33660.4,0.7906,0.557,0.3016,23.3,474,5,0.8735,0,0.0,0
SYN-U-12937,57801.17,45900.5,0.8643,0.6158,0.2527,8.3,223,7,0.9991,0,0.0,0
SYN-U-12938,100875.19,95691.66,0.6451,0.5171,0.8713,59.1,1250,5,0.7218,0,0.0,0
SYN-U-12939,37570.35,28829.35,0.9497,0.7468,0.4859,59.1,2313,3,0.969,0,0.0,0
SYN-U-12940,169247.62,136970.43,0.7132,0.6513,0.1785,47.6,788,6,0.9877,0,0.0,0
SYN-U-12941,39523.57,35603.04,0.8472,0.6244,0.2487,42.8,1468,5,0.9672,0,0.0,0
SYN-U-12942,29453.03,27991.19,0.8947,0.8354,0.3242,14.6,1655,2,0.9202,0,0.0,0
SYN-U-12943,17506.07,13172.15,0.3191,0.4804,0.7329,61.2,1912,1,0.585,2,5.3,0
SYN-U-12944,110427.45,84317.05,0.9232,0.5537,0.469,53.2,739,4,0.9052,0,0.0,0
SYN-U-12945,68166.98,64825.97,0.6368,0.7658,0.4544,56.7,323,3,0.9046,1,2.3,0
SYN-U-12946,47369.09,44688.12,0.9462,0.7415,0.2397,22.2,1084,0,1.0,0,0.0,0
SYN-U-12947,37749.11,25802.31,0.5185,0.5217,0.4492,26.8,166,1,0.9073,0,0.0,0
SYN-U-12948,50855.49,41013.32,0.5395,0.4118,0.8396,59.5,532,0,1.0,0,0.0,0
SYN-U-12949,18261.71,12852.62,0.7476,0.6063,0.7561,6.0,1034,5,0.5593,0,0.0,0
SYN-U-12950,62918.63,59445.4,0.5913,0.3005,0.5328,28.2,39,5,0.7231,0,0.0,0
SYN-U-12951,20211.84,15237.45,0.5603,0.6316,0.7038,21.1,1501,2,0.9434,3,4.3,0
SYN-U-12952,73891.79,59817.13,0.7929,0.6754,0.475,30.0,1675,6,0.9676,0,0.0,0
SYN-U-12953,85037.64,55540.48,0.9769,0.8684,0.2087,23.5,907,5,0.9002,0,0.0,0
SYN-U-12954,147003.41,103575.03,0.7967,0.6393,0.2834,11.9,1394,2,0.8545,0,0.0,0
SYN-U-12955,131391.16,91728.66,0.7647,0.5632,0.202,6.2,1590,5,0.8992,0,0.0,0
SYN-U-12956,41988.49,30920.57,0.7111,0.7806,0.4508,31.6,563,2,0.9549,0,0.0,0
SYN-U-12957,14765.55,14163.28,0.7038,0.1663,0.5069,34.2,710,5,0.9289,3,10.8,0
SYN-U-12958,39906.64,30773.07,0.752,0.8107,0.4645,45.6,2084,6,0.9967,0,0.0,0
SYN-U-12959,69906.4,46713.15,0.9193,0.772,0.45,36.7,1424,4,0.9294,0,0.0,0
SYN-U-12960,61374.33,42033.82,0.9118,0.7433,0.3319,45.8,843,6,0.9391,0,0.0,0
SYN-U-12961,78742.41,54314.56,0.7731,0.7781,0.2651,39.6,1856,6,0.9654,0,0.0,0
SYN-U-12962,77262.3,59483.58,0.2774,0.2639,0.7691,57.8,1783,0,1.0,0,0.0,1
SYN-U-12963,39799.43,29966.73,0.5105,0.3593,0.8463,13.5,802,5,0.5214,0,0.0,1
SYN-U-12964,21383.79,20543.69,0.4218,0.6474,0.5213,57.4,873,5,0.6363,2,7.7,0
SYN-U-12965,45786.6,38022.98,0.882,0.6196,0.2931,22.8,1029,1,0.9976,0,0.0,0
SYN-U-12966,66375.75,62925.9,0.9554,0.689,0.4948,17.2,1968,6,0.9925,0,0.0,0
SYN-U-12967,22014.48,15813.3,0.4187,0.5533,0.7367,45.8,1285,1,0.7499,0,0.0,0
SYN-U-12968,36564.84,27246.77,0.9517,0.5667,0.4838,50.4,439,4,0.9583,0,0.0,0
SYN-U-12969,48061.62,31471.93,0.8414,0.8424,0.1737,34.1,140,3,0.969,0,0.0,0
SYN-U-12970,52057.12,38535.09,0.9776,0.7922,0.3067,46.2,549,3,0.9242,0,0.0,0
SYN-U-12971,75299.0,56238.63,0.758,0.671,0.4865,6.1,390,4,0.9807,0,0.0,0
SYN-U-12972,64790.05,56004.86,0.7087,0.7146,0.2331,47.0,928,3,0.9886,0,0.0,0
SYN-U-12973,50414.99,44253.65,0.9081,0.6741,0.1847,56.5,2357,6,0.9725,0,0.0,0
SYN-U-12974,60012.49,41436.0,0.5017,0.5192,0.4612,11.2,141,6,0.8708,2,5.8,0
SYN-U-12975,13877.91,9244.56,0.7134,0.2161,0.4871,61.5,2289,6,0.6597,0,0.0,0
SYN-U-12976,23314.1,18151.65,0.7068,0.8366,0.2828,24.4,794,3,0.9098,0,0.0,0
SYN-U-12977,67464.62,61618.97,0.701,0.4376,0.4607,25.5,1318,6,0.8125,0,0.0,0
SYN-U-12978,29396.42,22550.51,0.6201,0.5993,0.8024,27.1,1534,2,0.9343,4,13.1,1
SYN-U-12979,40113.09,35498.43,0.5782,0.6487,0.5318,45.5,437,3,0.8758,0,0.0,0
SYN-U-12980,47049.21,32654.66,0.9544,0.7114,0.4964,60.9,742,4,0.8843,1,1.5,0
SYN-U-12981,81959.35,69384.71,0.8512,0.5902,0.4473,22.1,1019,0,1.0,0,0.0,0
SYN-U-12982,13429.48,10808.48,0.2747,0.5012,0.6746,44.3,768,4,0.8635,2,13.3,1
SYN-U-12983,47686.42,31889.72,0.8818,0.7677,0.3897,39.6,278,1,0.9889,0,0.0,0
SYN-U-12984,62989.87,61537.33,0.3417,0.291,0.5584,38.0,1922,1,0.8241,0,0.0,0
SYN-U-12985,17628.78,11541.44,0.8792,0.5949,0.3524,22.3,377,6,0.8947,1,2.0,0
SYN-U-12986,47738.54,33003.12,0.7801,0.7481,0.5932,34.1,636,0,1.0,0,0.0,0
SYN-U-12987,55020.03,41729.51,0.5456,0.569,0.4417,11.3,903,6,0.7883,0,0.0,0
SYN-U-12988,76866.79,68333.57,0.2267,0.2315,0.4005,17.2,1822,2,0.6873,0,0.0,0
SYN-U-12989,47851.66,40346.57,0.5411,0.7432,0.4982,60.5,2040,6,0.8897,3,5.3,0
SYN-U-12990,43759.32,38301.06,0.8796,0.5925,0.3239,63.2,1458,0,1.0,0,0.0,0
SYN-U-12991,39437.39,29058.74,0.7126,0.6032,0.3945,54.3,1647,4,0.8946,0,0.0,0
SYN-U-12992,98507.56,84007.39,0.8773,0.6442,0.1768,40.6,1414,7,0.9789,0,0.0,0
SYN-U-12993,18242.48,14558.86,0.3394,0.1854,0.6595,8.1,1843,2,0.9137,2,10.7,1
SYN-U-12994,80239.96,54900.42,0.867,0.7928,0.3714,16.2,2400,3,0.9024,0,0.0,0
SYN-U-12995,88324.16,72888.31,0.8405,0.7661,0.1674,10.7,1339,6,0.9181,0,0.0,0
SYN-U-12996,16854.91,11506.22,0.2969,0.4542,0.4928,27.0,81,2,0.7147,4,9.3,1
SYN-U-12997,109687.89,94163.82,0.8353,0.6112,0.4851,43.0,1367,2,0.9468,0,0.0,0
SYN-U-12998,46514.66,42167.29,0.5297,0.4975,0.7915,23.6,2278,2,0.9158,4,15.2,1
SYN-U-12999,26863.01,25961.0,0.2485,0.5074,0.675,44.5,1463,0,1.0,0,0.0,0
SYN-U-13000,39624.68,38147.4,0.8769,0.7052,0.3856,31.5,2266,5,0.9315,0,0.0,0
SYN-U-13001,55567.37,44487.36,0.7058,0.7388,0.3373,44.8,453,4,0.9496,0,0.0,0
SYN-U-13002,42233.59,33005.62,0.7684,0.776,0.23,57.1,2378,6,0.9943,0,0.0,0
SYN-U-13003,100433.49,84713.77,0.7441,0.6503,0.6139,8.1,937,5,0.8401,2,4.1,0
SYN-U-13004,73377.02,68405.46,0.5714,0.6631,0.3931,32.6,192,6,0.7302,0,0.0,0
SYN-U-13005,14035.71,10510.53,0.5827,0.4411,0.7815,58.7,1380,6,0.7633,0,0.0,0
SYN-U-13006,14636.42,13769.42,0.7679,0.5848,0.4668,31.2,1675,0,1.0,0,0.0,0
SYN-U-13007,59257.0,54447.01,0.6946,0.5285,0.3234,50.7,1460,7,0.7595,2,6.7,0
SYN-U-13008,61641.99,57744.41,0.6598,0.5729,0.4895,28.2,1328,6,0.9752,2,7.6,0
SYN-U-13009,87991.03,66282.6,0.5727,0.709,0.3068,17.6,901,3,0.9536,0,0.0,0
SYN-U-13010,171462.21,117740.97,0.5684,0.4874,0.382,12.2,60,1,0.7823,0,0.0,0
SYN-U-13011,84381.82,72354.63,0.5559,0.1909,0.8091,53.7,2322,6,0.7196,0,0.0,1
SYN-U-13012,77664.3,68030.32,0.8081,0.6202,0.3771,52.2,1857,5,0.9304,0,0.0,0
SYN-U-13013,50785.4,40841.28,0.8152,0.7142,0.2386,35.7,227,2,0.9392,0,0.0,0
SYN-U-13014,15555.89,12813.85,0.3965,0.6413,0.8356,48.2,1105,1,0.5642,0,0.0,0
SYN-U-13015,55242.64,41751.28,0.824,0.705,0.3902,21.2,1695,0,1.0,0,0.0,0
SYN-U-13016,14648.95,13293.58,0.7161,0.6349,0.468,25.8,2454,3,0.8184,0,0.0,0
SYN-U-13017,38300.31,34512.06,0.7976,0.7763,0.3631,37.5,1359,4,0.7819,1,6.6,0
SYN-U-13018,55698.72,49409.29,0.9347,0.6724,0.2594,36.4,1663,6,0.9497,0,0.0,0
SYN-U-13019,43947.38,39912.37,0.7546,0.6987,0.4135,16.6,548,4,0.9107,0,0.0,0
SYN-U-13020,57533.24,40369.79,0.7166,0.7906,0.4969,8.3,2163,5,0.986,1,1.3,0
SYN-U-13021,37307.44,34163.35,0.8858,0.7897,0.3806,49.0,1986,4,0.9551,0,0.0,0
SYN-U-13022,42982.66,29697.43,0.8614,0.7051,0.3492,32.0,188,0,1.0,0,0.0,0
SYN-U-13023,14402.47,10006.65,0.243,0.4295,0.69,10.4,642,0,1.0,0,0.0,1
SYN-U-13024,87869.22,71872.93,0.4932,0.2275,0.4461,35.9,1480,6,0.947,0,0.0,0
SYN-U-13025,31418.53,21286.81,0.3834,0.6173,0.814,33.0,210,3,0.5818,3,13.7,0
SYN-U-13026,64694.09,60406.75,0.9548,0.6817,0.4041,9.4,2048,6,0.9483,0,0.0,0
SYN-U-13027,64947.25,55505.15,0.5971,0.6797,0.4952,51.1,1436,7,0.8671,1,6.5,0
SYN-U-13028,28159.7,25659.59,0.8493,0.7407,0.4155,19.5,1706,3,0.9758,0,0.0,0
SYN-U-13029,73011.75,59344.26,0.6966,0.7587,0.5345,63.9,1551,5,0.8513,0,0.0,0
SYN-U-13030,136932.76,89318.63,0.8711,0.887,0.16,43.4,1288,1,0.9988,1,0.7,0
SYN-U-13031,17134.69,13532.34,0.8425,0.6651,0.589,24.2,1470,5,0.8116,0,0.0,0
SYN-U-13032,138640.68,134103.73,0.9353,0.5785,0.262,58.7,257,7,0.9475,1,1.2,0
SYN-U-13033,47123.25,42947.7,0.9224,0.868,0.4436,45.2,357,6,0.8943,0,0.0,0
SYN-U-13034,45535.62,36884.89,0.2233,0.6492,0.7316,30.3,2227,0,1.0,0,0.0,1
SYN-U-13035,49436.14,47312.16,0.7817,0.6555,0.3744,64.7,1397,4,0.8596,0,0.0,0
SYN-U-13036,72903.33,68182.42,0.6119,0.5613,0.3632,20.1,1684,7,0.7613,0,0.0,0
SYN-U-13037,49524.02,36521.94,0.9217,0.6624,0.4892,11.2,1294,7,0.9905,0,0.0,0
SYN-U-13038,96017.53,80012.96,0.733,0.737,0.3071,13.3,2025,5,0.7503,0,0.0,0
SYN-U-13039,93263.16,65831.06,0.5053,0.6066,0.2965,6.4,1764,5,0.978,2,7.9,0
SYN-U-13040,67766.92,65656.69,0.9165,0.5873,0.4097,37.7,2058,2,0.9019,0,0.0,0
SYN-U-13041,62965.09,57331.94,0.7665,0.8701,0.188,18.7,849,0,1.0,0,0.0,0
SYN-U-13042,16215.34,12937.21,0.8545,0.8627,0.355,9.1,555,6,0.9093,1,2.7,0
SYN-U-13043,33250.2,25876.35,0.7156,0.7706,0.2245,12.9,1558,0,1.0,0,0.0,0
SYN-U-13044,262224.25,182258.95,0.8839,0.6253,0.4689,34.4,1675,4,0.852,0,0.0,0
SYN-U-13045,59184.8,51739.22,0.7018,0.6319,0.5775,8.8,788,3,0.8697,1,4.0,0
SYN-U-13046,48273.9,38550.07,0.9783,0.7389,0.2183,32.9,722,7,0.9114,2,2.0,0
SYN-U-13047,12781.23,9253.89,0.39,0.4257,0.6388,26.2,2462,6,0.5216,2,15.6,1
SYN-U-13048,29796.4,24057.19,0.7809,0.5539,0.4924,22.5,1313,4,0.8553,0,0.0,0
SYN-U-13049,25741.21,17681.48,0.2735,0.3326,0.5829,26.9,1763,0,1.0,0,0.0,0
SYN-U-13050,38784.33,27052.05,0.8508,0.8433,0.4438,59.2,1537,0,1.0,0,0.0,0
SYN-U-13051,54404.77,36316.91,0.7195,0.7374,0.2305,57.0,1599,7,0.999,0,0.0,0
SYN-U-13052,28423.01,23050.83,0.4138,0.3446,0.7616,45.1,2363,5,0.6697,0,0.0,1
SYN-U-13053,82098.81,76328.25,0.2144,0.1942,0.4038,62.2,2229,6,0.8755,0,0.0,0
SYN-U-13054,25106.48,18759.58,0.2352,0.5223,0.6893,53.4,649,4,0.7613,4,9.0,1
SYN-U-13055,71953.91,49432.06,0.8756,0.7762,0.2743,63.7,319,7,0.8986,0,0.0,0
SYN-U-13056,46688.24,38654.33,0.951,0.8758,0.2583,17.1,1058,4,0.8672,0,0.0,0
SYN-U-13057,40471.97,31862.32,0.5255,0.428,0.8489,5.1,1008,6,0.8255,0,0.0,0
SYN-U-13058,15207.99,13029.46,0.7713,0.4663,0.5004,31.0,1479,5,0.787,1,7.4,0
SYN-U-13059,38228.46,35535.88,0.7669,0.6761,0.4998,39.7,818,2,0.7768,0,0.0,0
SYN-U-13060,22841.15,19542.48,0.8143,0.7593,0.3073,40.0,1551,4,0.9263,0,0.0,0
SYN-U-13061,146111.35,108216.69,0.7878,0.8134,0.2309,20.5,2257,2,0.8629,2,0.1,0
SYN-U-13062,52234.29,48782.75,0.9108,0.6336,0.4534,49.6,2173,3,0.9288,0,0.0,0
SYN-U-13063,16449.58,15826.63,0.2114,0.1568,0.5861,16.5,1930,2,0.5885,0,0.0,1
SYN-U-13064,76021.96,50822.54,0.7173,0.6678,0.1904,10.0,1357,5,0.8838,0,0.0,0
SYN-U-13065,19803.16,16972.07,0.291,0.3099,0.5382,54.0,1742,1,0.8878,0,0.0,0
SYN-U-13066,56874.09,47811.87,0.8228,0.7737,0.1844,47.6,413,6,0.9829,0,0.0,0
SYN-U-13067,196568.8,184943.9,0.7327,0.6346,0.1741,7.0,1488,2,0.9421,0,0.0,0
SYN-U-13068,46748.73,38593.48,0.8055,0.6932,0.4732,29.4,839,7,0.9496,0,0.0,0
SYN-U-13069,16228.92,14420.29,0.5694,0.6131,0.4194,44.6,1372,3,0.598,0,0.0,0
SYN-U-13070,58876.41,54828.46,0.9521,0.7903,0.307,5.5,1487,4,0.965,0,0.0,0
SYN-U-13071,109956.7,102551.75,0.8062,0.8233,0.2397,28.3,321,5,0.8739,0,0.0,0
SYN-U-13072,55308.08,42704.12,0.9489,0.8009,0.3614,26.8,967,7,0.9472,0,0.0,0
SYN-U-13073,25020.79,21905.11,0.2359,0.4368,0.8038,19.9,1098,1,0.5122,1,3.6,1
SYN-U-13074,24222.64,23467.94,0.9253,0.6755,0.1702,53.7,2311,2,0.918,0,0.0,0
SYN-U-13075,40141.15,28563.41,0.3986,0.3474,0.6263,43.8,1106,7,0.8395,1,9.7,0
SYN-U-13076,76650.25,52405.31,0.7669,0.6545,0.3725,37.9,2175,1,0.917,0,0.0,0
SYN-U-13077,30009.94,28052.21,0.5488,0.5931,0.5993,40.4,1932,2,0.7054,1,4.1,0
SYN-U-13078,84970.52,69599.59,0.7717,0.5257,0.5191,49.1,254,7,0.8181,2,2.4,0
SYN-U-13079,44525.78,36813.35,0.8118,0.6357,0.4649,59.5,2159,3,0.976,0,0.0,0
SYN-U-13080,21339.19,20332.22,0.8844,0.7256,0.2466,30.4,1192,4,0.8945,0,0.0,0
SYN-U-13081,151499.8,98714.6,0.7867,0.9014,0.2865,50.7,788,2,0.9216,0,0.0,0
SYN-U-13082,155789.27,109956.81,0.7325,0.6456,0.3718,19.7,547,0,1.0,0,0.0,0
SYN-U-13083,175147.46,159117.9,0.9485,0.7622,0.1622,45.5,1027,5,0.948,0,0.0,0
SYN-U-13084,64260.01,59339.59,0.7534,0.6751,0.336,61.1,716,0,1.0,0,0.0,0
SYN-U-13085,93377.85,64920.65,0.757,0.6036,0.4784,5.0,2237,1,0.974,0,0.0,0
SYN-U-13086,54668.7,51035.04,0.5936,0.2566,0.4573,36.7,2476,4,0.8421,1,17.6,1
SYN-U-13087,82056.86,59723.87,0.9621,0.8163,0.4708,26.7,2013,2,0.9879,0,0.0,0
SYN-U-13088,79911.54,61620.53,0.8505,0.9072,0.4566,41.7,1851,4,0.971,0,0.0,0
SYN-U-13089,83817.59,54548.4,0.7946,0.8155,0.4627,42.5,1529,7,0.8915,1,1.2,0
SYN-U-13090,59487.87,44193.66,0.5899,0.694,0.5875,54.1,1410,4,0.903,0,0.0,0
SYN-U-13091,76947.99,71613.32,0.8889,0.7022,0.1776,53.6,1430,0,1.0,0,0.0,0
SYN-U-13092,63127.69,43756.24,0.8489,0.7994,0.2887,56.1,637,6,0.8744,1,0.2,0
SYN-U-13093,19554.05,15496.42,0.7596,0.7062,0.2346,5.8,306,3,0.9774,1,1.5,0
SYN-U-13094,40527.78,30104.4,0.3737,0.5312,0.7212,33.0,1943,5,0.5673,0,0.0,1
SYN-U-13095,32005.74,30381.92,0.7898,0.6414,0.3334,19.2,2470,1,0.9406,0,0.0,0
SYN-U-13096,34496.25,33713.74,0.7272,0.6225,0.4424,16.1,1762,6,0.945,0,0.0,0
SYN-U-13097,100471.54,65344.27,0.8624,0.732,0.4541,32.1,2494,5,0.8903,0,0.0,0
SYN-U-13098,209577.16,183068.34,0.9523,0.613,0.2029,50.4,2377,2,0.9037,0,0.0,0
SYN-U-13099,102352.41,73804.01,0.5992,0.589,0.4734,58.4,2104,2,0.8793,1,5.5,0
SYN-U-13100,20673.79,19126.34,0.2413,0.3048,0.4354,33.2,1498,7,0.8201,0,0.0,1
SYN-U-13101,56406.91,50582.66,0.7061,0.6316,0.349,52.3,1391,5,0.9279,1,2.5,0
SYN-U-13102,74196.64,70240.49,0.6636,0.4935,0.2523,63.8,575,6,0.7419,2,7.5,0
SYN-U-13103,29636.3,28856.37,0.8304,0.6265,0.4725,52.8,590,2,0.9059,0,0.0,0
SYN-U-13104,64266.05,43826.53,0.781,0.6723,0.42,46.6,1694,6,0.9841,0,0.0,0
SYN-U-13105,126050.5,121505.31,0.9707,0.8905,0.3978,31.5,1777,3,0.9314,0,0.0,0
SYN-U-13106,85528.16,67586.82,0.8853,0.595,0.4303,38.3,723,2,0.8618,0,0.0,0
SYN-U-13107,61764.02,55753.77,0.8784,0.8548,0.1811,25.7,1529,5,0.8792,0,0.0,0
SYN-U-13108,52161.37,45552.39,0.7427,0.7608,0.1871,62.9,1122,3,0.9185,0,0.0,0
SYN-U-13109,20058.81,18273.33,0.7437,0.4153,0.5934,24.7,1869,2,0.8688,0,0.0,0
SYN-U-13110,223267.81,206172.05,0.8083,0.8904,0.2004,55.7,1320,1,0.9339,0,0.0,0
SYN-U-13111,13105.0,10065.03,0.2842,0.1814,0.6618,42.6,911,5,0.5262,3,7.3,1
SYN-U-13112,61479.36,40844.31,0.9722,0.8026,0.4859,33.4,966,1,0.879,0,0.0,0
SYN-U-13113,71091.02,61633.84,0.2696,0.3401,0.4421,41.2,2403,6,0.842,2,6.6,1
SYN-U-13114,63677.66,57445.84,0.9172,0.6149,0.1942,62.6,75,6,0.9366,0,0.0,0
SYN-U-13115,31064.19,22484.63,0.7635,0.7708,0.3709,49.5,1685,4,0.8823,0,0.0,0
SYN-U-13116,43917.99,33067.49,0.4212,0.5904,0.4297,57.9,1239,2,0.8354,1,13.2,0
SYN-U-13117,51699.74,37173.28,0.7337,0.4381,0.8125,41.6,2300,0,1.0,0,0.0,0
SYN-U-13118,68756.94,65697.96,0.6672,0.5067,0.4569,50.9,643,2,0.8191,0,0.0,0
SYN-U-13119,161566.73,155279.42,0.9313,0.6792,0.3251,47.7,1028,7,0.9012,0,0.0,0
SYN-U-13120,143400.23,135088.77,0.9228,0.8792,0.2904,6.5,1234,3,0.9737,1,1.6,0
SYN-U-13121,90507.12,77311.78,0.3944,0.315,0.4617,31.5,1750,7,0.8216,0,0.0,1
SYN-U-13122,26959.53,19549.12,0.5074,0.2144,0.5555,49.4,684,2,0.8086,4,5.3,0
SYN-U-13123,54811.34,44689.95,0.9353,0.9071,0.2618,56.3,1748,5,0.9772,0,0.0,0
SYN-U-13124,45531.63,33239.15,0.8429,0.5672,0.2919,30.2,338,2,0.9514,0,0.0,0
SYN-U-13125,45731.06,33100.67,0.9151,0.6064,0.3368,48.5,610,7,0.955,0,0.0,0
SYN-U-13126,43306.39,31211.87,0.9009,0.6275,0.1764,44.1,374,7,0.8634,0,0.0,0
SYN-U-13127,71941.04,50333.38,0.8342,0.402,0.4594,44.9,431,2,0.8826,0,0.0,0
SYN-U-13128,47524.5,44606.96,0.7434,0.867,0.1966,39.4,729,3,0.9694,0,0.0,0
SYN-U-13129,95948.8,75394.07,0.7478,0.6989,0.5044,34.0,487,2,0.8706,0,0.0,0
SYN-U-13130,21090.6,16901.19,0.8831,0.6697,0.4342,33.3,1614,2,0.9191,1,0.0,0
SYN-U-13131,148388.0,113125.4,0.7202,0.8981,0.3035,64.0,216,6,0.9652,0,0.0,0
SYN-U-13132,63190.01,48176.3,0.6839,0.4871,0.4363,64.5,697,0,1.0,0,0.0,0
SYN-U-13133,20565.48,15413.57,0.4582,0.2901,0.4969,12.7,633,5,0.5797,3,6.3,0
SYN-U-13134,13047.51,9661.64,0.9533,0.5898,0.2877,13.3,1047,0,1.0,0,0.0,0
SYN-U-13135,79360.87,75900.29,0.791,0.4577,0.5165,57.0,2113,7,0.9648,0,0.0,0
SYN-U-13136,51428.76,42740.47,0.8626,0.6726,0.4883,9.3,396,7,0.9165,0,0.0,0
SYN-U-13137,75240.2,57192.79,0.6969,0.4332,0.561,31.5,1370,6,0.8969,2,4.9,0
SYN-U-13138,25038.56,20619.12,0.4391,0.5087,0.82,62.9,948,7,0.632,0,0.0,0
SYN-U-13139,58345.12,44338.7,0.7005,0.4446,0.7764,7.1,1453,2,0.5092,1,17.7,1
SYN-U-13140,42000.46,31348.05,0.4599,0.491,0.6991,39.8,1804,4,0.8193,1,6.6,0
SYN-U-13141,35625.6,33615.84,0.7601,0.8142,0.3728,18.9,1010,7,0.9949,0,0.0,0
SYN-U-13142,68033.8,47263.64,0.8593,0.6033,0.1954,48.1,954,1,0.9022,0,0.0,0
SYN-U-13143,46527.47,43807.36,0.5633,0.4203,0.5758,31.9,752,2,0.9421,0,0.0,0
SYN-U-13144,21826.47,19224.29,0.8918,0.7503,0.425,16.3,2194,1,0.9913,0,0.0,0
SYN-U-13145,39389.77,35347.88,0.7488,0.8951,0.1882,43.0,1470,5,0.942,0,0.0,0
SYN-U-13146,203088.54,165840.19,0.865,0.5821,0.1629,64.0,899,6,0.8619,0,0.0,0
SYN-U-13147,51637.91,43735.52,0.4187,0.4074,0.8044,64.6,168,3,0.7407,0,0.0,0
SYN-U-13148,12786.09,10913.87,0.5658,0.4759,0.5419,43.3,1943,6,0.8122,0,0.0,0
SYN-U-13149,30775.02,23359.46,0.6934,0.2535,0.8396,18.6,1729,0,1.0,0,0.0,0
SYN-U-13150,62448.63,41729.4,0.6511,0.609,0.5557,11.7,1922,2,0.8737,0,0.0,0
SYN-U-13151,40647.54,36236.08,0.6974,0.7068,0.3659,5.8,1504,2,0.7865,0,0.0,0
SYN-U-13152,41592.79,32385.62,0.7849,0.7337,0.3668,29.9,2349,5,0.8948,0,0.0,0
SYN-U-13153,20258.05,14379.45,0.4293,0.5122,0.5735,22.7,156,4,0.559,2,5.9,0
SYN-U-13154,74072.64,64084.68,0.709,0.6021,0.4581,37.8,1210,4,0.9968,1,0.4,0
SYN-U-13155,28525.81,23452.14,0.9109,0.9159,0.1644,28.9,1057,3,0.9758,0,0.0,0
SYN-U-13156,23561.26,22297.39,0.219,0.5823,0.8561,12.8,1143,1,0.6804,1,3.9,1
SYN-U-13157,35317.16,29069.85,0.354,0.404,0.6701,27.2,2412,3,0.8362,2,3.6,1
SYN-U-13158,16601.87,14198.14,0.9424,0.8065,0.4846,58.0,1814,0,1.0,0,0.0,0
SYN-U-13159,57336.97,39049.11,0.9395,0.7083,0.2395,29.1,584,0,1.0,0,0.0,0
SYN-U-13160,63637.65,42814.11,0.5324,0.7223,0.3482,53.2,870,2,0.7425,0,0.0,0
SYN-U-13161,14877.34,13789.3,0.3521,0.4047,0.8327,19.8,896,2,0.9437,1,13.0,1
SYN-U-13162,31751.12,23943.79,0.7263,0.8069,0.3675,21.6,2218,7,0.9784,0,0.0,0
SYN-U-13163,22984.27,18207.92,0.7148,0.6372,0.6827,26.9,1845,5,0.6486,4,5.4,0
SYN-U-13164,115889.93,84150.01,0.5404,0.6601,0.602,20.6,614,2,0.7703,0,0.0,0
SYN-U-13165,42024.49,34355.2,0.839,0.5595,0.2291,33.4,1584,1,0.8874,0,0.0,0
SYN-U-13166,67607.77,58772.25,0.5442,0.4481,0.5206,47.6,57,3,0.7018,1,13.9,1
SYN-U-13167,67750.02,46686.7,0.2842,0.2856,0.4471,26.0,1668,3,0.6187,0,0.0,1
SYN-U-13168,26839.65,19771.12,0.6864,0.4607,0.7708,6.4,408,5,0.599,3,8.0,1
SYN-U-13169,124574.69,104548.32,0.8314,0.7497,0.3404,58.3,818,0,1.0,0,0.0,0
SYN-U-13170,82392.24,61989.62,0.7414,0.7856,0.5719,64.6,1104,6,0.8785,0,0.0,0
SYN-U-13171,45033.39,35795.52,0.7084,0.8001,0.2088,49.6,1661,6,0.8688,1,1.8,0
SYN-U-13172,49022.43,42182.26,0.9535,0.6171,0.46,54.6,2446,4,0.9992,0,0.0,0
SYN-U-13173,68947.34,62702.47,0.9092,0.8709,0.4566,12.5,1426,3,0.9343,1,2.2,0
SYN-U-13174,26413.04,23228.89,0.7714,0.6409,0.4653,25.3,819,4,0.7671,1,7.2,0
SYN-U-13175,90235.47,63391.19,0.8377,0.6752,0.3329,6.2,893,6,0.8071,0,0.0,0
SYN-U-13176,24910.63,23598.23,0.3705,0.4267,0.4253,31.9,1021,2,0.7788,1,10.2,1
SYN-U-13177,56325.53,38102.64,0.6707,0.7898,0.3208,47.7,642,7,0.7258,0,0.0,0
SYN-U-13178,58792.54,39520.72,0.8824,0.7469,0.2983,19.4,1369,4,0.9895,0,0.0,0
SYN-U-13179,37539.93,30157.84,0.9202,0.6038,0.4182,23.7,2087,6,0.9164,0,0.0,0
SYN-U-13180,90635.5,80336.56,0.6133,0.6181,0.2812,10.5,1160,0,1.0,0,0.0,0
SYN-U-13181,109604.68,101466.73,0.833,0.6443,0.2345,32.2,1397,4,0.8738,0,0.0,0
SYN-U-13182,32038.63,30286.85,0.9069,0.9083,0.4325,19.9,996,2,0.9871,0,0.0,0
SYN-U-13183,34655.23,28020.55,0.7693,0.5586,0.1935,7.2,257,6,0.9486,0,0.0,0
SYN-U-13184,23491.05,19704.86,0.8966,0.8114,0.3811,14.6,302,3,0.9079,2,1.1,0
SYN-U-13185,122981.09,95921.14,0.9182,0.7984,0.1575,48.5,2109,3,0.9795,0,0.0,0
SYN-U-13186,29150.16,24202.59,0.7633,0.545,0.286,22.5,1120,7,0.7012,0,0.0,0
SYN-U-13187,87668.1,60196.41,0.7914,0.6091,0.4689,56.7,1837,3,0.947,0,0.0,0
SYN-U-13188,33949.51,24525.6,0.9326,0.6916,0.4765,13.1,1759,4,0.9083,2,2.9,0
SYN-U-13189,32505.37,21660.7,0.9247,0.7579,0.374,58.0,758,7,0.975,0,0.0,0
SYN-U-13190,124639.35,91066.67,0.7032,0.6531,0.3426,16.1,870,5,0.7881,0,0.0,0
SYN-U-13191,76395.17,51940.59,0.5123,0.7481,0.521,32.6,1996,3,0.7159,0,0.0,0
SYN-U-13192,26090.45,19287.43,0.795,0.5564,0.4458,54.2,374,3,0.8515,0,0.0,0
SYN-U-13193,67703.76,44199.51,0.7412,0.7413,0.1727,51.9,1052,7,0.9788,2,1.1,0
SYN-U-13194,156191.59,116756.45,0.9065,0.592,0.2863,22.0,2245,5,0.9407,1,2.2,0
SYN-U-13195,91128.25,61745.93,0.8691,0.6311,0.3694,52.1,165,7,0.9983,0,0.0,0
SYN-U-13196,38879.79,37791.09,0.5547,0.5444,0.8091,28.7,1527,2,0.7939,0,0.0,0
SYN-U-13197,37349.07,25812.88,0.7385,0.7514,0.4301,30.1,2260,5,0.9154,0,0.0,0
SYN-U-13198,91161.65,78474.33,0.6125,0.4174,0.2971,40.0,1711,6,0.9672,0,0.0,0
SYN-U-13199,59107.95,50847.36,0.7243,0.8505,0.1898,39.4,1252,0,1.0,0,0.0,0
SYN-U-13200,41180.92,30347.94,0.9723,0.7967,0.1889,62.1,1250,1,0.9495,0,0.0,0
SYN-U-13201,100665.13,96926.37,0.4537,0.1621,0.5859,63.8,1832,0,1.0,0,0.0,0
SYN-U-13202,20175.13,18560.71,0.9403,0.5546,0.3053,15.5,251,6,0.9474,2,0.9,0
SYN-U-13203,130376.57,100504.93,0.7187,0.9079,0.1734,46.3,1684,7,0.9455,1,0.1,0
SYN-U-13204,58819.9,42180.26,0.931,0.8713,0.1705,52.6,707,4,0.9816,0,0.0,0
SYN-U-13205,29445.28,28454.14,0.3302,0.1814,0.622,39.8,1058,5,0.5424,1,7.1,1
SYN-U-13206,80718.73,71618.55,0.7119,0.4453,0.2645,14.1,1961,6,0.8612,1,2.4,0
SYN-U-13207,66405.13,45345.7,0.9438,0.5595,0.1612,57.4,2003,0,1.0,0,0.0,0
SYN-U-13208,70343.98,63087.89,0.5275,0.5831,0.5706,44.4,473,1,0.9591,0,0.0,0
SYN-U-13209,66740.94,58953.85,0.5749,0.3665,0.4145,17.6,2150,1,0.6878,0,0.0,0
SYN-U-13210,15054.39,12582.65,0.5348,0.5075,0.5242,12.5,2134,1,0.9166,1,5.0,0
SYN-U-13211,59623.65,50879.43,0.7668,0.7378,0.5491,43.7,2314,7,0.7283,0,0.0,0
SYN-U-13212,83764.92,74037.16,0.3881,0.1989,0.5197,34.6,1331,4,0.6659,1,12.4,1
SYN-U-13213,54603.43,49250.11,0.3124,0.3577,0.4685,64.6,2491,3,0.7236,1,14.7,1
SYN-U-13214,135002.97,130121.75,0.7011,0.6477,0.4785,51.6,203,4,0.9716,0,0.0,0
SYN-U-13215,27634.63,26195.82,0.9396,0.709,0.1761,52.4,800,1,0.8524,0,0.0,0
SYN-U-13216,158363.18,144206.95,0.8009,0.5491,0.5549,24.4,825,6,0.9494,3,7.4,0
SYN-U-13217,82830.2,59843.04,0.6188,0.6206,0.5621,49.0,1162,1,0.771,0,0.0,0
SYN-U-13218,25186.46,18754.29,0.2125,0.4926,0.537,12.6,2101,7,0.863,2,17.8,1
SYN-U-13219,50014.93,32934.95,0.6852,0.6699,0.4311,25.0,64,0,1.0,0,0.0,0
SYN-U-13220,116294.79,107634.54,0.6223,0.7421,0.4621,46.9,1594,6,0.7055,0,0.0,0
SYN-U-13221,83380.78,75631.81,0.8947,0.8796,0.1939,44.4,2303,6,0.8868,2,2.7,0
SYN-U-13222,147409.0,140403.0,0.7104,0.8171,0.1924,47.7,662,2,0.9834,1,2.1,0
SYN-U-13223,16364.21,11629.71,0.7134,0.7892,0.247,34.4,1391,4,0.9476,0,0.0,0
SYN-U-13224,53593.22,39765.65,0.8594,0.8535,0.2654,53.1,557,6,0.8955,2,1.3,0
SYN-U-13225,57174.34,48137.62,0.2385,0.3849,0.8692,29.0,1997,0,1.0,0,0.0,1
SYN-U-13226,59290.75,55164.1,0.9252,0.7047,0.2948,37.3,2428,2,0.8671,2,1.7,0
SYN-U-13227,116688.75,79755.8,0.8358,0.8502,0.3768,36.3,370,5,0.9885,0,0.0,0
SYN-U-13228,90008.88,71770.37,0.9575,0.8266,0.3335,15.7,1583,0,1.0,0,0.0,0
SYN-U-13229,33968.43,23992.0,0.2431,0.2558,0.8612,65.0,1798,2,0.6834,0,0.0,1
SYN-U-13230,55273.44,50922.58,0.7659,0.7775,0.3441,52.4,1808,2,0.922,0,0.0,0
SYN-U-13231,16522.66,11609.39,0.8312,0.6179,0.4815,22.0,1073,3,0.8784,1,1.4,0
SYN-U-13232,45966.95,33111.97,0.8234,0.8197,0.3053,39.3,1200,2,0.9318,0,0.0,0
SYN-U-13233,47648.54,45647.04,0.8228,0.8244,0.2037,49.0,1376,6,0.8634,1,1.1,0
SYN-U-13234,29767.33,27003.51,0.8223,0.729,0.4565,18.7,1929,2,0.8679,1,1.8,0
SYN-U-13235,26497.51,24189.4,0.3604,0.2511,0.6444,23.5,1222,7,0.5773,3,5.2,1
SYN-U-13236,15796.73,12802.71,0.5602,0.4642,0.4362,14.8,388,7,0.5537,1,11.0,1
SYN-U-13237,27621.71,21250.96,0.934,0.6061,0.2769,62.3,2180,7,0.959,2,0.3,0
SYN-U-13238,81336.73,74758.31,0.4634,0.3608,0.5222,22.9,2360,4,0.5684,2,17.9,1
SYN-U-13239,22484.89,17673.6,0.6415,0.4467,0.5192,63.6,1149,1,0.7636,0,0.0,0
SYN-U-13240,41503.36,29902.68,0.8371,0.6633,0.3127,40.1,1886,6,0.94,1,1.8,0
SYN-U-13241,28283.7,24658.29,0.6114,0.7759,0.5995,50.6,1752,5,0.7796,1,7.7,0
SYN-U-13242,12824.85,12510.78,0.3271,0.4696,0.8495,57.2,2065,4,0.9239,0,0.0,1
SYN-U-13243,16323.36,14690.6,0.242,0.2737,0.7146,45.7,2155,5,0.8549,0,0.0,1
SYN-U-13244,35611.68,28946.79,0.5615,0.3286,0.8086,36.6,1864,7,0.8441,0,0.0,0
SYN-U-13245,59507.86,57602.51,0.8356,0.4736,0.5824,36.0,983,7,0.8021,1,2.7,0
SYN-U-13246,55363.62,36527.42,0.9004,0.6308,0.2304,61.2,217,4,0.9157,1,1.7,0
SYN-U-13247,115698.42,78001.87,0.6297,0.4287,0.5891,42.7,546,2,0.8539,0,0.0,0
SYN-U-13248,80737.58,67388.87,0.8172,0.6802,0.3806,35.8,2440,3,0.9602,1,3.1,0
SYN-U-13249,136694.0,118633.98,0.8292,0.6976,0.397,27.0,855,2,0.8723,0,0.0,0
SYN-U-13250,42945.06,30411.12,0.5575,0.7342,0.3141,7.0,130,3,0.9512,0,0.0,0
SYN-U-13251,16246.65,12408.68,0.3144,0.2005,0.6942,21.1,1417,0,1.0,0,0.0,1
SYN-U-13252,252051.43,210208.71,0.8964,0.8435,0.2375,23.0,1476,6,0.9137,0,0.0,0
SYN-U-13253,44258.15,40426.89,0.8467,0.615,0.3689,37.3,1431,0,1.0,0,0.0,0
SYN-U-13254,56073.89,54766.68,0.7035,0.844,0.4958,33.0,266,0,1.0,0,0.0,0
SYN-U-13255,48411.23,44814.38,0.915,0.7178,0.2784,6.1,237,0,1.0,0,0.0,0
SYN-U-13256,48214.83,40371.18,0.3459,0.2791,0.6104,35.8,2481,6,0.7038,1,5.8,0
SYN-U-13257,29887.37,24540.6,0.5578,0.2469,0.7573,62.1,754,6,0.7952,0,0.0,0
SYN-U-13258,77979.71,51202.31,0.9413,0.6811,0.3699,60.2,1565,3,0.996,0,0.0,0
SYN-U-13259,35743.44,25576.36,0.7924,0.8297,0.4149,57.6,466,0,1.0,0,0.0,0
SYN-U-13260,40719.73,38467.23,0.7644,0.6032,0.4347,47.0,1366,0,1.0,0,0.0,0
SYN-U-13261,82922.58,79720.27,0.9549,0.7765,0.3354,52.9,342,3,0.8901,2,1.9,0
SYN-U-13262,30691.06,22085.39,0.6248,0.6353,0.4731,27.8,493,2,0.8378,0,0.0,0
SYN-U-13263,117430.36,109826.69,0.7965,0.5718,0.6229,55.5,1690,7,0.8762,3,2.5,0
SYN-U-13264,68603.58,58453.74,0.6365,0.576,0.5054,50.1,2433,0,1.0,0,0.0,0
SYN-U-13265,69291.34,53249.91,0.7946,0.7208,0.4642,24.5,2297,7,0.9854,0,0.0,0
SYN-U-13266,53371.09,35230.98,0.837,0.8956,0.2407,7.0,1713,6,0.9759,0,0.0,0
SYN-U-13267,63871.2,55814.38,0.6585,0.5597,0.6233,18.9,1540,2,0.7045,3,7.7,0
SYN-U-13268,39962.33,26308.08,0.8563,0.5587,0.3498,55.3,2491,5,0.9411,0,0.0,0
SYN-U-13269,153480.31,132719.07,0.7549,0.6938,0.306,19.8,1224,5,0.9842,1,2.8,0
SYN-U-13270,53318.55,45564.01,0.7469,0.673,0.2716,57.6,2307,2,0.8644,0,0.0,0
SYN-U-13271,48188.7,45585.89,0.9731,0.6423,0.3917,22.3,1836,4,0.9908,0,0.0,0
SYN-U-13272,64593.57,45493.85,0.8997,0.56,0.1724,44.7,1569,3,0.9928,0,0.0,0
SYN-U-13273,59800.66,43497.66,0.8904,0.6988,0.3123,27.9,713,4,0.9184,0,0.0,0
SYN-U-13274,46246.23,32171.02,0.7371,0.7072,0.2048,63.2,1165,3,0.8849,0,0.0,0
SYN-U-13275,64313.97,61339.31,0.8225,0.7026,0.4538,62.1,279,4,0.8519,1,1.7,0
SYN-U-13276,34135.7,32048.95,0.7054,0.8334,0.3267,54.6,1769,7,0.8641,2,2.1,0
SYN-U-13277,81604.72,70487.18,0.7782,0.4134,0.6249,32.4,222,0,1.0,0,0.0,0
SYN-U-13278,22331.94,15602.67,0.5266,0.7034,0.6403,32.2,1145,0,1.0,0,0.0,0
SYN-U-13279,14015.27,12774.87,0.9695,0.6578,0.4847,63.2,1645,4,0.9192,1,1.0,0
SYN-U-13280,16116.87,12064.46,0.5119,0.5533,0.4968,38.1,2287,2,0.6378,0,0.0,0
SYN-U-13281,12761.73,9990.08,0.5607,0.5638,0.3893,59.0,1502,5,0.8436,1,6.7,0
SYN-U-13282,65495.42,59181.78,0.8509,0.8852,0.3399,33.3,1114,7,0.949,0,0.0,0
SYN-U-13283,14137.24,11241.06,0.4208,0.1877,0.4041,9.0,1849,1,0.7314,1,9.7,1
SYN-U-13284,21362.04,18564.06,0.444,0.2304,0.4105,50.3,1875,4,0.9076,2,15.9,1
SYN-U-13285,15649.25,12115.23,0.4651,0.5115,0.8651,19.2,1342,2,0.8656,2,12.6,1
SYN-U-13286,51628.93,44663.55,0.9759,0.8601,0.2898,15.2,48,4,0.9777,0,0.0,0
SYN-U-13287,136793.43,100483.17,0.7205,0.875,0.4697,55.6,525,1,0.9479,1,2.5,0
SYN-U-13288,14698.15,10595.63,0.632,0.2293,0.8252,36.3,43,4,0.7389,1,12.5,0
SYN-U-13289,139181.17,119417.7,0.7469,0.9144,0.4351,56.4,1535,5,0.9889,0,0.0,0
SYN-U-13290,43951.42,29694.66,0.9596,0.7613,0.3778,8.6,310,6,0.8876,0,0.0,0
SYN-U-13291,41441.64,38466.88,0.9091,0.8565,0.1943,14.3,2234,0,1.0,0,0.0,0
SYN-U-13292,83536.1,55499.78,0.7748,0.4285,0.5056,56.7,1245,4,0.7937,1,7.9,0
SYN-U-13293,28910.29,19754.99,0.4803,0.3872,0.8779,64.6,1187,4,0.6481,0,0.0,0
SYN-U-13294,83125.69,68249.84,0.8216,0.7304,0.442,11.5,2399,4,0.9057,1,0.1,0
SYN-U-13295,42783.74,38314.13,0.9268,0.5677,0.4281,6.9,1033,2,0.9741,2,1.3,0
SYN-U-13296,52049.32,47270.2,0.8761,0.7706,0.1547,62.2,1338,2,0.8773,0,0.0,0
SYN-U-13297,98492.7,84017.62,0.5337,0.2398,0.6851,5.5,1516,0,1.0,0,0.0,0
SYN-U-13298,117748.96,114169.26,0.8539,0.6044,0.4881,62.2,2010,6,0.8614,1,2.4,0
SYN-U-13299,85251.39,73554.75,0.6404,0.4727,0.4081,55.1,721,4,0.8618,0,0.0,0
SYN-U-13300,92757.62,68416.3,0.9207,0.6672,0.3164,63.8,2209,1,0.8976,0,0.0,0
SYN-U-13301,48973.51,38854.29,0.8023,0.6451,0.2787,19.4,1535,0,1.0,0,0.0,0
SYN-U-13302,55997.31,39072.88,0.7675,0.7919,0.2128,47.5,1174,5,0.8582,0,0.0,0
SYN-U-13303,95123.05,68934.31,0.7068,0.5619,0.1822,55.3,618,3,0.9506,0,0.0,0
SYN-U-13304,29137.0,25564.33,0.976,0.8824,0.2995,55.5,842,4,0.9366,0,0.0,0
SYN-U-13305,56041.7,39054.47,0.7942,0.8136,0.3304,52.2,857,1,0.9322,0,0.0,0
SYN-U-13306,83066.96,55518.51,0.7689,0.5827,0.2292,27.1,1318,0,1.0,0,0.0,0
SYN-U-13307,49588.9,40422.39,0.9003,0.8696,0.3412,63.4,661,7,0.9153,0,0.0,0
SYN-U-13308,92319.29,61814.08,0.4013,0.171,0.8158,32.9,2163,3,0.6593,3,4.3,1
SYN-U-13309,26415.25,24853.43,0.6083,0.4955,0.6298,18.3,363,2,0.9074,0,0.0,0
SYN-U-13310,31802.96,23423.1,0.5589,0.4475,0.4383,6.5,1746,6,0.7539,3,7.4,0
SYN-U-13311,15393.59,13042.71,0.5108,0.2754,0.8042,53.2,1956,1,0.5682,2,11.6,1
SYN-U-13312,55555.29,47347.05,0.804,0.6631,0.285,27.1,1537,0,1.0,0,0.0,0
SYN-U-13313,103375.39,82033.97,0.9574,0.7695,0.3259,56.9,824,6,0.886,1,1.1,0
SYN-U-13314,27990.69,24236.13,0.2708,0.4844,0.6381,36.1,2335,4,0.6604,0,0.0,1
SYN-U-13315,151338.16,138151.25,0.8799,0.8494,0.476,10.8,2278,4,0.9205,1,1.8,0
SYN-U-13316,18593.16,14255.23,0.6902,0.524,0.5464,64.1,40,6,0.8775,2,6.6,0
SYN-U-13317,44738.93,35636.67,0.8977,0.828,0.3622,52.3,1726,1,0.8631,0,0.0,0
SYN-U-13318,115044.95,109077.75,0.6128,0.5902,0.342,24.3,1188,4,0.8603,0,0.0,0
SYN-U-13319,28992.61,27048.98,0.4058,0.3607,0.4505,24.1,2220,7,0.9326,1,10.1,1
SYN-U-13320,38703.26,35494.24,0.863,0.8939,0.1957,29.4,1712,2,0.9853,0,0.0,0
SYN-U-13321,39896.61,34139.29,0.5189,0.7183,0.331,40.7,2225,4,0.7366,1,5.9,0
SYN-U-13322,42576.52,37258.86,0.9465,0.8113,0.2915,43.4,2050,0,1.0,0,0.0,0
SYN-U-13323,61551.24,58577.82,0.7556,0.5565,0.2414,62.6,790,1,0.8899,0,0.0,0
SYN-U-13324,32143.23,26071.76,0.7948,0.8481,0.3499,16.4,1253,3,0.9321,0,0.0,0
SYN-U-13325,36299.47,23612.07,0.3321,0.211,0.7773,47.3,871,7,0.7055,0,0.0,1
SYN-U-13326,24321.52,18591.93,0.7122,0.8259,0.2898,19.9,502,0,1.0,0,0.0,0
SYN-U-13327,68236.09,46114.06,0.588,0.6838,0.3388,22.3,703,0,1.0,0,0.0,0
SYN-U-13328,64370.17,57991.69,0.7116,0.6817,0.3146,35.8,2186,7,0.8643,1,5.0,0
SYN-U-13329,90190.96,86091.49,0.8802,0.7324,0.1538,51.7,305,3,0.9081,1,2.7,0
SYN-U-13330,48088.78,45893.88,0.9415,0.6133,0.4993,57.0,1239,2,0.9318,1,2.0,0
SYN-U-13331,135016.54,113192.98,0.742,0.9123,0.1619,58.2,178,2,0.8689,1,1.0,0
SYN-U-13332,67476.33,62558.86,0.5371,0.6579,0.5122,5.4,1714,0,1.0,0,0.0,0
SYN-U-13333,106900.18,80594.59,0.9172,0.8945,0.2492,55.0,1376,1,0.9749,0,0.0,0
SYN-U-13334,21016.75,14643.42,0.6275,0.4847,0.6336,33.5,2076,0,1.0,0,0.0,0
SYN-U-13335,75436.72,60264.57,0.7772,0.6179,0.3487,50.1,1996,4,0.8022,0,0.0,0
SYN-U-13336,59332.33,45615.36,0.7695,0.7775,0.2536,49.0,2388,3,0.8577,0,0.0,0
SYN-U-13337,113986.61,105230.88,0.9584,0.6795,0.3736,38.2,320,5,0.8653,0,0.0,0
SYN-U-13338,22201.41,21528.88,0.8272,0.8692,0.2266,22.3,1184,5,0.8586,0,0.0,0
SYN-U-13339,37100.38,30878.22,0.7647,0.5833,0.5692,25.6,1053,3,0.7667,0,0.0,0
SYN-U-13340,33469.3,31879.79,0.8475,0.6628,0.3759,41.8,2102,1,0.9847,2,0.1,0
SYN-U-13341,58380.71,54486.55,0.6031,0.6115,0.6725,44.5,1617,3,0.8633,1,14.6,1
SYN-U-13342,60241.11,51930.03,0.8842,0.5768,0.3714,51.6,2479,1,0.9582,0,0.0,0
SYN-U-13343,42338.04,38100.13,0.8313,0.8108,0.1596,31.5,1795,5,0.9946,0,0.0,0
SYN-U-13344,16196.18,11960.94,0.4139,0.2386,0.4912,48.1,93,3,0.8723,0,0.0,0
SYN-U-13345,44753.29,38342.15,0.599,0.2993,0.7087,53.6,153,2,0.7336,2,6.3,0
SYN-U-13346,127935.12,102688.25,0.7132,0.5958,0.3799,47.7,329,6,0.8682,0,0.0,0
SYN-U-13347,129117.32,96576.09,0.736,0.6898,0.3779,51.7,1713,0,1.0,0,0.0,0
SYN-U-13348,68317.68,50144.19,0.8131,0.5665,0.211,53.2,1436,4,0.9462,0,0.0,0
SYN-U-13349,31179.58,25158.42,0.8408,0.8083,0.2257,47.4,256,4,0.8823,1,2.5,0
SYN-U-13350,62369.04,50764.98,0.7436,0.7249,0.4801,15.6,2155,7,0.9071,0,0.0,0
SYN-U-13351,34181.53,26331.82,0.8549,0.6985,0.4621,30.9,1596,6,0.852,0,0.0,0
SYN-U-13352,52193.59,50805.62,0.7315,0.8116,0.4461,28.2,1696,4,0.9043,1,0.8,0
SYN-U-13353,41201.09,38493.1,0.7327,0.7768,0.2973,19.5,65,4,0.9697,0,0.0,0
SYN-U-13354,39881.34,39067.11,0.9336,0.8231,0.4209,20.5,496,0,1.0,0,0.0,0
SYN-U-13355,74222.14,56092.16,0.6619,0.3051,0.6193,54.9,1547,6,0.6964,2,12.6,1
SYN-U-13356,21465.14,15003.55,0.3498,0.2244,0.6365,15.0,106,1,0.7446,0,0.0,1
SYN-U-13357,90526.04,83963.69,0.9794,0.8677,0.437,55.4,1786,1,0.8709,0,0.0,0
SYN-U-13358,95711.04,79677.69,0.5463,0.7623,0.5688,44.3,325,1,0.8434,2,3.8,0
SYN-U-13359,30032.53,23071.01,0.8799,0.8652,0.4202,18.7,2039,6,0.9017,0,0.0,0
SYN-U-13360,15161.19,12111.19,0.732,0.8282,0.305,47.9,1146,4,0.9842,0,0.0,0
SYN-U-13361,63845.94,43398.16,0.5478,0.3299,0.773,50.4,1786,7,0.708,2,5.0,1
SYN-U-13362,17297.41,12165.33,0.7817,0.5484,0.6168,55.5,1920,3,0.9528,0,0.0,0
SYN-U-13363,60698.45,50928.33,0.7863,0.8654,0.2518,10.3,1461,6,0.9256,1,2.8,0
SYN-U-13364,34929.4,23501.67,0.8719,0.5599,0.2484,10.0,1558,3,0.8999,0,0.0,0
SYN-U-13365,58293.77,43815.0,0.7884,0.5779,0.4089,13.9,1357,1,0.9361,1,2.0,0
SYN-U-13366,20802.25,16392.41,0.7489,0.2275,0.6883,47.2,390,6,0.9477,0,0.0,0
SYN-U-13367,33170.43,30005.99,0.7446,0.7927,0.2899,19.1,2410,6,0.9228,0,0.0,0
SYN-U-13368,57359.84,42277.07,0.7857,0.7708,0.2539,49.6,303,4,0.8516,0,0.0,0
SYN-U-13369,152032.79,147968.1,0.9617,0.589,0.3438,57.5,2134,0,1.0,0,0.0,0
SYN-U-13370,79734.23,54467.7,0.6046,0.5254,0.4227,57.5,947,4,0.9343,0,0.0,0
SYN-U-13371,49644.85,33560.65,0.9785,0.8728,0.3002,12.3,1112,0,1.0,0,0.0,0
SYN-U-13372,130251.0,85446.42,0.6038,0.4367,0.4123,56.0,1236,4,0.7674,0,0.0,0
SYN-U-13373,80499.85,77616.49,0.7553,0.7501,0.4049,59.1,1613,3,0.9571,1,0.3,0
SYN-U-13374,124833.73,105040.25,0.7821,0.7217,0.4183,17.5,774,5,0.9802,1,1.7,0
SYN-U-13375,36663.89,35675.09,0.6836,0.7888,0.4924,33.3,581,1,0.9579,0,0.0,0
SYN-U-13376,58523.44,44101.73,0.8094,0.7012,0.2416,48.1,1162,2,0.9367,0,0.0,0
SYN-U-13377,25888.45,20320.43,0.4009,0.3562,0.6184,29.9,865,5,0.5654,0,0.0,0
SYN-U-13378,49018.75,45728.45,0.707,0.392,0.5149,31.1,1179,6,0.8389,2,5.0,0
SYN-U-13379,15520.5,11364.9,0.5898,0.6499,0.5266,42.1,2215,3,0.9183,2,12.9,1
SYN-U-13380,67205.61,44947.22,0.9746,0.6851,0.3003,15.1,181,3,0.9393,0,0.0,0
SYN-U-13381,252632.53,195438.67,0.9576,0.6709,0.4147,37.6,1005,7,0.9623,0,0.0,0
SYN-U-13382,38832.3,36791.18,0.7108,0.5793,0.4575,42.4,414,0,1.0,0,0.0,0
SYN-U-13383,52580.19,37732.87,0.7863,0.9147,0.2979,51.9,886,2,0.9746,0,0.0,0
SYN-U-13384,15125.07,13800.54,0.6302,0.68,0.4285,48.9,1214,2,0.9076,0,0.0,0
SYN-U-13385,15005.76,11713.07,0.77,0.918,0.2318,15.2,1187,1,0.9197,0,0.0,0
SYN-U-13386,22965.61,16726.12,0.7634,0.8503,0.3186,29.9,1036,4,0.8511,0,0.0,0
SYN-U-13387,57481.59,54811.82,0.8522,0.8705,0.1784,18.7,55,7,0.8898,0,0.0,0
SYN-U-13388,35803.34,33242.29,0.9463,0.8894,0.3558,53.0,389,4,0.9348,0,0.0,0
SYN-U-13389,133734.91,116628.83,0.7017,0.7712,0.3674,23.0,580,1,0.8631,0,0.0,0
SYN-U-13390,34689.04,25725.35,0.9219,0.7526,0.4184,26.9,300,7,0.8668,0,0.0,0
SYN-U-13391,99656.07,90729.68,0.4007,0.1546,0.7667,9.6,2032,3,0.8812,0,0.0,0
SYN-U-13392,37478.69,33475.53,0.9752,0.8159,0.2386,30.2,204,2,0.8521,0,0.0,0
SYN-U-13393,128445.37,98264.15,0.8382,0.4358,0.4231,44.7,1413,3,0.7596,1,7.8,0
SYN-U-13394,44915.43,35705.17,0.7197,0.7118,0.2561,30.2,2071,6,0.9643,0,0.0,0
SYN-U-13395,46329.54,36956.78,0.6989,0.7468,0.4924,10.6,463,6,0.8242,2,5.0,0
SYN-U-13396,39475.99,28914.01,0.9638,0.5833,0.4171,37.6,550,3,0.9933,0,0.0,0
SYN-U-13397,120010.95,103494.23,0.8267,0.7626,0.2953,10.1,1249,5,0.9352,0,0.0,0
SYN-U-13398,65369.07,64007.97,0.7603,0.4548,0.5921,21.4,1721,2,0.8511,0,0.0,0
SYN-U-13399,151683.82,111844.98,0.7767,0.6966,0.4329,63.7,1998,5,0.9413,0,0.0,0
SYN-U-13400,33700.66,23499.79,0.5965,0.4778,0.4539,21.8,2144,6,0.7167,2,3.5,0
SYN-U-13401,73857.61,54728.63,0.7491,0.7358,0.3782,17.3,1259,2,0.929,1,1.6,0
SYN-U-13402,78526.52,73439.1,0.7821,0.4157,0.5523,63.5,129,6,0.8057,0,0.0,0
SYN-U-13403,55221.59,45053.34,0.7204,0.7957,0.416,41.9,1163,2,0.8512,1,2.9,0
SYN-U-13404,54139.48,50182.33,0.7453,0.705,0.3976,59.2,1498,3,0.9607,0,0.0,0
SYN-U-13405,13431.4,12827.76,0.4254,0.1944,0.8775,34.2,2360,7,0.8496,0,0.0,1
SYN-U-13406,37372.52,32951.9,0.9537,0.5556,0.2437,29.4,867,2,0.9395,0,0.0,0
SYN-U-13407,117687.91,93083.3,0.7806,0.8247,0.3145,12.9,1215,6,0.876,1,0.9,0
SYN-U-13408,80971.73,67293.5,0.4001,0.5848,0.7627,12.4,2163,1,0.7053,1,12.1,1
SYN-U-13409,75910.03,54006.25,0.7868,0.8174,0.1895,15.4,839,6,0.8597,0,0.0,0
SYN-U-13410,61237.35,53986.59,0.7756,0.4255,0.4365,12.6,525,5,0.8184,2,2.0,0
SYN-U-13411,15188.33,11428.0,0.7847,0.4252,0.5713,19.3,1384,0,1.0,0,0.0,0
SYN-U-13412,22784.66,17481.44,0.2824,0.475,0.5911,33.7,44,1,0.8082,0,0.0,0
SYN-U-13413,58017.95,56690.16,0.8767,0.5711,0.2469,31.4,914,2,0.9395,0,0.0,0
SYN-U-13414,175944.46,153023.28,0.7274,0.6509,0.269,52.1,614,0,1.0,0,0.0,0
SYN-U-13415,28196.88,22741.32,0.9374,0.7245,0.357,58.7,1311,2,0.8645,0,0.0,0
SYN-U-13416,44821.4,41750.33,0.4391,0.5887,0.4619,39.0,72,4,0.8993,0,0.0,0
SYN-U-13417,12970.59,10760.09,0.8472,0.6608,0.4373,25.5,140,4,0.9519,2,0.7,0
SYN-U-13418,52468.06,41983.94,0.6309,0.6393,0.3909,36.4,548,3,0.9076,2,2.5,0
SYN-U-13419,19880.97,14940.21,0.9773,0.7744,0.3923,23.7,814,0,1.0,0,0.0,0
SYN-U-13420,125513.01,117366.71,0.7339,0.7064,0.4352,45.1,1426,2,0.9652,0,0.0,0
SYN-U-13421,14171.0,13837.28,0.6066,0.633,0.4603,29.7,897,7,0.9258,1,16.1,1
SYN-U-13422,41952.05,38847.02,0.5122,0.4719,0.7681,32.4,929,7,0.6467,0,0.0,0
SYN-U-13423,16407.31,15948.62,0.324,0.4556,0.447,59.5,399,1,0.7085,0,0.0,0
SYN-U-13424,102903.72,68952.84,0.742,0.4236,0.5496,7.3,168,0,1.0,0,0.0,0
SYN-U-13425,49281.43,35039.21,0.6342,0.6529,0.5942,63.9,1791,1,0.7654,0,0.0,0
SYN-U-13426,103343.6,98132.09,0.8476,0.778,0.3952,7.5,612,5,0.9546,2,3.7,0
SYN-U-13427,15972.96,12341.12,0.6005,0.5204,0.4203,12.4,1009,6,0.9064,0,0.0,0
SYN-U-13428,15388.45,10248.55,0.5315,0.4231,0.4542,58.9,1794,6,0.5958,3,10.2,1
SYN-U-13429,55207.32,48303.71,0.792,0.8724,0.2848,5.9,61,1,0.898,0,0.0,0
SYN-U-13430,43805.99,35242.9,0.2027,0.3099,0.6717,27.0,926,0,1.0,0,0.0,1
SYN-U-13431,101057.34,89534.47,0.6801,0.6401,0.5003,19.0,1372,7,0.7767,1,4.6,0
SYN-U-13432,114079.69,89045.6,0.7269,0.2158,0.8595,62.9,1675,1,0.8457,3,13.4,1
SYN-U-13433,147644.37,103972.91,0.64,0.4013,0.6074,42.2,1987,5,0.9554,3,4.8,0
SYN-U-13434,32584.12,30216.07,0.8472,0.8534,0.2939,19.5,2140,2,0.8661,0,0.0,0
SYN-U-13435,152019.04,144782.07,0.8228,0.7362,0.3374,9.0,1775,2,0.918,0,0.0,0
SYN-U-13436,58741.69,43003.84,0.8884,0.6642,0.3113,18.1,402,2,0.9498,0,0.0,0
SYN-U-13437,67589.92,47014.14,0.6293,0.6411,0.6488,38.3,396,0,1.0,0,0.0,0
SYN-U-13438,21408.5,18319.43,0.266,0.5737,0.6628,38.1,101,4,0.8519,1,7.5,1
SYN-U-13439,45377.59,34418.18,0.5718,0.1521,0.8737,26.4,1912,7,0.561,0,0.0,0
SYN-U-13440,81800.13,56451.44,0.9128,0.5659,0.3666,52.7,730,3,0.9968,0,0.0,0
SYN-U-13441,60289.83,51711.08,0.5314,0.4197,0.3722,47.2,2409,6,0.9265,0,0.0,0
SYN-U-13442,39249.42,29606.52,0.9226,0.5614,0.3189,23.0,960,7,0.9725,1,1.5,0
SYN-U-13443,23875.59,22512.87,0.3428,0.3634,0.5553,59.7,2055,3,0.8185,0,0.0,0
SYN-U-13444,57497.83,38096.17,0.7281,0.1921,0.4134,14.6,77,0,1.0,0,0.0,0
SYN-U-13445,33352.58,24139.51,0.5249,0.3946,0.6246,28.4,1648,3,0.8198,1,11.6,0
SYN-U-13446,47760.22,31431.67,0.7568,0.5747,0.2433,49.7,195,1,0.9918,0,0.0,0
SYN-U-13447,17716.11,14582.75,0.6545,0.4452,0.8648,54.7,346,5,0.8033,1,3.8,0
SYN-U-13448,105285.57,82807.13,0.6935,0.7541,0.4007,19.0,1832,3,0.932,0,0.0,0
SYN-U-13449,93803.82,68951.26,0.7698,0.4277,0.3608,59.6,1329,1,0.9553,0,0.0,0
SYN-U-13450,105919.97,91011.05,0.507,0.6997,0.5533,18.2,1921,5,0.9744,3,3.1,0
SYN-U-13451,52526.84,40066.96,0.8359,0.745,0.486,32.6,949,4,0.8867,0,0.0,0
SYN-U-13452,44057.54,36310.63,0.2035,0.401,0.5602,23.6,909,5,0.8519,0,0.0,1
SYN-U-13453,24842.65,23301.96,0.775,0.7227,0.5056,35.2,90,7,0.8209,1,5.6,0
SYN-U-13454,15492.2,10552.37,0.7428,0.6792,0.4582,59.0,2166,4,0.9541,2,0.6,0
SYN-U-13455,45246.21,30487.09,0.7081,0.9108,0.3423,60.0,1950,7,0.9126,0,0.0,0
SYN-U-13456,24718.87,22680.67,0.5796,0.5773,0.5912,60.2,358,2,0.5321,0,0.0,0
SYN-U-13457,36028.68,24544.69,0.6242,0.1935,0.4526,59.2,1937,4,0.5985,0,0.0,0
SYN-U-13458,41603.65,38728.17,0.8768,0.5581,0.2371,31.9,1577,6,0.9311,0,0.0,0
SYN-U-13459,44149.89,29320.58,0.8164,0.7905,0.2608,20.7,1304,0,1.0,0,0.0,0
SYN-U-13460,201663.87,151176.69,0.5138,0.6762,0.3512,29.3,1086,3,0.8829,3,3.6,0
SYN-U-13461,52742.97,45162.4,0.6422,0.4813,0.2887,17.3,53,6,0.7641,1,7.6,0
SYN-U-13462,13034.53,10538.29,0.5627,0.3996,0.8344,13.1,834,0,1.0,0,0.0,1
SYN-U-13463,57621.12,55307.54,0.8466,0.6761,0.278,55.2,172,1,0.9497,2,2.7,0
SYN-U-13464,14722.09,14024.02,0.5397,0.2527,0.4671,25.4,1580,6,0.6477,0,0.0,0
SYN-U-13465,106699.91,87619.14,0.7174,0.848,0.4964,29.0,2141,0,1.0,0,0.0,0
SYN-U-13466,70743.91,60437.6,0.7774,0.5882,0.2664,29.4,1295,7,0.9834,0,0.0,0
SYN-U-13467,54052.19,49099.23,0.7283,0.516,0.4623,46.4,2121,7,0.7761,0,0.0,0
SYN-U-13468,18383.77,14672.5,0.723,0.686,0.2593,21.1,1931,2,0.8821,0,0.0,0
SYN-U-13469,54006.79,52198.81,0.9779,0.8023,0.2028,28.4,475,1,0.8594,0,0.0,0
SYN-U-13470,55334.33,47609.45,0.7834,0.7371,0.4422,49.1,2317,3,0.8679,0,0.0,0
SYN-U-13471,74402.85,55538.98,0.7015,0.4168,0.596,33.2,983,3,0.7277,0,0.0,0
SYN-U-13472,58901.6,40640.55,0.7875,0.8254,0.2473,26.5,444,0,1.0,0,0.0,0
SYN-U-13473,20434.0,13919.93,0.3058,0.1804,0.4667,29.8,925,6,0.9156,1,16.2,1
SYN-U-13474,42266.25,31320.97,0.563,0.4345,0.5037,59.5,97,7,0.9706,0,0.0,0
SYN-U-13475,27275.71,25436.19,0.7394,0.6156,0.3391,39.0,1429,0,1.0,0,0.0,0
SYN-U-13476,60126.6,51178.64,0.782,0.8076,0.3031,22.9,587,4,0.9078,0,0.0,0
SYN-U-13477,67534.98,63715.46,0.7219,0.6772,0.318,57.1,789,0,1.0,0,0.0,0
SYN-U-13478,23457.46,20002.16,0.3848,0.6169,0.5077,12.0,2211,1,0.6247,0,0.0,0
SYN-U-13479,47994.71,36646.97,0.6217,0.4121,0.4882,23.5,1090,5,0.8803,0,0.0,0
SYN-U-13480,189096.22,141253.11,0.7851,0.6392,0.4927,33.7,2431,3,0.8715,0,0.0,0
SYN-U-13481,41845.75,29991.12,0.6405,0.7126,0.5667,24.7,1509,1,0.7326,0,0.0,0
SYN-U-13482,87788.82,84028.58,0.301,0.5111,0.4946,17.6,2241,0,1.0,0,0.0,0
SYN-U-13483,42961.95,40264.57,0.7058,0.8654,0.4581,10.6,856,6,0.8604,0,0.0,0
SYN-U-13484,36112.91,24575.26,0.8453,0.6593,0.4341,40.5,2413,1,0.8574,0,0.0,0
SYN-U-13485,73491.47,57213.35,0.6857,0.6365,0.4876,52.9,410,5,0.7447,1,6.4,0
SYN-U-13486,92587.67,80055.03,0.5562,0.2788,0.6878,56.5,806,3,0.8614,0,0.0,0
SYN-U-13487,57450.05,50024.34,0.8843,0.8497,0.4273,39.2,2359,7,0.9126,0,0.0,0
SYN-U-13488,63850.41,42037.38,0.8733,0.5565,0.2984,18.1,225,7,0.8698,0,0.0,0
SYN-U-13489,44438.99,43529.42,0.5398,0.4832,0.4007,14.4,814,0,1.0,0,0.0,0
SYN-U-13490,63438.4,54015.32,0.8636,0.5938,0.3635,58.3,1876,5,0.9182,0,0.0,0
SYN-U-13491,73279.2,68713.47,0.9753,0.5732,0.1724,23.6,903,2,0.9453,0,0.0,0
SYN-U-13492,55943.91,37793.78,0.7746,0.7063,0.5701,22.6,925,7,0.8108,0,0.0,0
SYN-U-13493,89446.07,75966.64,0.8942,0.7932,0.3355,59.6,1322,2,0.857,0,0.0,0
SYN-U-13494,77413.01,51492.25,0.5617,0.7791,0.278,8.5,2340,2,0.7148,2,4.6,0
SYN-U-13495,71173.21,65590.44,0.8544,0.9089,0.4113,62.3,1119,2,0.8852,1,3.0,0
SYN-U-13496,62098.38,45099.7,0.9657,0.7227,0.4742,56.5,974,3,0.9793,0,0.0,0
SYN-U-13497,65335.22,45264.29,0.8477,0.627,0.3859,7.9,2315,2,0.8659,0,0.0,0
SYN-U-13498,94781.11,77449.27,0.7657,0.8493,0.2218,27.9,456,2,0.854,0,0.0,0
SYN-U-13499,14941.7,10764.2,0.2692,0.3711,0.6671,61.2,2269,7,0.6298,1,16.5,1
SYN-U-13500,65600.88,55368.63,0.7268,0.917,0.3606,14.6,2148,7,0.8859,0,0.0,0
SYN-U-13501,49519.93,34590.11,0.6308,0.5901,0.6347,22.1,619,5,0.785,1,10.2,0
SYN-U-13502,16832.33,13295.12,0.4441,0.1575,0.6422,18.7,1243,1,0.8917,0,0.0,0
SYN-U-13503,82433.24,57702.8,0.6658,0.6257,0.579,19.2,2221,1,0.8012,0,0.0,0
SYN-U-13504,24709.86,20679.68,0.8776,0.7405,0.2047,42.0,305,5,0.9792,0,0.0,0
SYN-U-13505,105642.19,99862.54,0.8787,0.8137,0.3556,20.5,1424,6,0.9219,1,1.6,0
SYN-U-13506,36983.86,26842.02,0.5967,0.7283,0.2669,25.5,976,2,0.8388,0,0.0,0
SYN-U-13507,33957.88,22948.22,0.7672,0.6877,0.3774,18.1,1720,2,0.9559,2,1.1,0
SYN-U-13508,46868.53,44464.43,0.6624,0.5968,0.2781,64.5,180,2,0.9424,0,0.0,0
SYN-U-13509,66634.4,53416.12,0.213,0.6301,0.8368,11.2,2111,1,0.6924,3,4.4,1
SYN-U-13510,109916.39,90154.68,0.7806,0.4329,0.4615,6.4,483,3,0.9387,0,0.0,0
SYN-U-13511,55513.84,41259.25,0.7672,0.6367,0.382,25.1,1468,5,0.9679,0,0.0,0
SYN-U-13512,52779.28,46871.04,0.7216,0.4222,0.8543,11.4,2053,5,0.7663,0,0.0,0
SYN-U-13513,35852.27,33068.91,0.9541,0.8301,0.3215,34.2,1962,6,0.8901,0,0.0,0
SYN-U-13514,13770.3,11249.74,0.251,0.3802,0.7217,53.7,2461,3,0.8186,0,0.0,0
SYN-U-13515,170840.36,132245.41,0.8955,0.7097,0.4793,59.0,875,3,0.9527,1,0.9,0
SYN-U-13516,33169.68,31395.17,0.7669,0.8849,0.2772,41.3,2014,5,0.9909,0,0.0,0
SYN-U-13517,125727.07,100292.88,0.5911,0.5779,0.6403,60.5,1504,2,0.7106,1,4.3,0
SYN-U-13518,21505.7,16616.22,0.59,0.7092,0.442,29.5,877,4,0.824,1,6.2,0
SYN-U-13519,56986.44,38958.58,0.8929,0.7962,0.4883,39.5,2267,5,0.892,0,0.0,0
SYN-U-13520,36744.48,28032.42,0.3331,0.5672,0.4097,47.7,171,2,0.8023,0,0.0,0
SYN-U-13521,94350.98,74109.04,0.863,0.9166,0.2968,6.2,1885,4,0.9154,0,0.0,0
SYN-U-13522,14456.81,14141.5,0.547,0.6022,0.7972,25.0,1919,7,0.7633,2,16.6,1
SYN-U-13523,53105.29,35559.67,0.9321,0.6583,0.1747,45.9,1989,4,0.9605,0,0.0,0
SYN-U-13524,43204.24,37493.9,0.7522,0.8748,0.2445,46.7,1806,4,0.9981,0,0.0,0
SYN-U-13525,32656.44,30090.49,0.8271,0.7037,0.2715,32.5,1831,2,0.8966,0,0.0,0
SYN-U-13526,46233.74,44578.01,0.8849,0.7814,0.161,54.8,1339,0,1.0,0,0.0,0
SYN-U-13527,66112.27,46469.36,0.9669,0.7088,0.2281,20.8,1140,4,0.9156,0,0.0,0
SYN-U-13528,33871.38,30869.08,0.5186,0.5095,0.8642,20.6,2453,0,1.0,0,0.0,0
SYN-U-13529,67855.26,58314.84,0.7458,0.7215,0.3652,28.7,1919,7,0.969,1,2.0,0
SYN-U-13530,61776.9,48315.98,0.8731,0.9193,0.1524,60.1,2341,7,0.9653,0,0.0,0
SYN-U-13531,68728.68,64435.21,0.6121,0.4104,0.6445,30.2,537,0,1.0,0,0.0,0
SYN-U-13532,36556.02,34830.9,0.8476,0.8012,0.4398,18.8,385,5,0.9784,0,0.0,0
SYN-U-13533,24003.9,20261.18,0.9369,0.7652,0.2587,28.8,743,5,0.9491,2,2.4,0
SYN-U-13534,84736.54,61452.05,0.9171,0.6941,0.3937,49.1,71,1,0.9295,0,0.0,0
SYN-U-13535,39095.57,35115.71,0.7702,0.8549,0.2979,50.0,1386,4,0.9584,0,0.0,0
SYN-U-13536,124273.94,104694.36,0.8577,0.8885,0.3438,21.1,1373,4,0.9247,0,0.0,0
SYN-U-13537,61097.06,56692.86,0.6772,0.7821,0.4691,12.0,1473,6,0.9319,0,0.0,0
SYN-U-13538,124603.8,82663.93,0.941,0.7833,0.4119,58.3,2291,4,0.8574,2,0.5,0
SYN-U-13539,35162.17,26182.76,0.6964,0.2315,0.7188,12.2,407,4,0.6864,1,8.3,1
SYN-U-13540,92296.3,67070.69,0.763,0.876,0.4952,51.3,1755,4,0.9302,2,2.6,0
SYN-U-13541,65376.81,51523.55,0.6087,0.4824,0.6015,50.2,1365,5,0.9397,0,0.0,0
SYN-U-13542,26569.0,18116.05,0.2442,0.2018,0.6594,22.1,397,3,0.7167,0,0.0,1
SYN-U-13543,127456.47,91672.72,0.8485,0.9151,0.3372,20.8,215,5,0.8973,0,0.0,0
SYN-U-13544,80851.4,77211.66,0.237,0.6403,0.62,23.6,2060,1,0.9392,0,0.0,0
SYN-U-13545,175301.18,128280.08,0.8504,0.5635,0.2955,57.6,290,5,0.9724,2,2.1,0
SYN-U-13546,18651.69,16078.03,0.7063,0.6726,0.3652,60.6,120,5,0.899,0,0.0,0
SYN-U-13547,34446.05,29806.42,0.7329,0.3872,0.4868,53.9,1796,7,0.9367,1,6.7,0
SYN-U-13548,53210.37,45470.56,0.3655,0.5261,0.5253,54.4,895,5,0.643,0,0.0,0
SYN-U-13549,32763.1,29524.43,0.7555,0.4843,0.4972,6.0,615,6,0.7123,1,5.9,0
SYN-U-13550,29929.55,27654.58,0.7257,0.6994,0.1726,24.0,1046,7,0.8986,0,0.0,0
SYN-U-13551,19970.95,14420.36,0.9482,0.7716,0.4659,16.5,2200,3,0.9092,0,0.0,0
SYN-U-13552,129829.66,117860.32,0.7051,0.6156,0.5971,57.7,1858,0,1.0,0,0.0,0
SYN-U-13553,35486.13,29688.95,0.5454,0.4389,0.6598,24.2,615,7,0.7333,0,0.0,0
SYN-U-13554,14975.23,12071.4,0.4606,0.4192,0.6265,40.6,1874,0,1.0,0,0.0,0
SYN-U-13555,53001.12,48144.1,0.8099,0.5466,0.5409,61.6,1257,0,1.0,0,0.0,0
SYN-U-13556,61302.6,58216.12,0.8005,0.6606,0.438,16.5,221,1,0.8959,1,5.3,0
SYN-U-13557,20475.46,18628.45,0.7567,0.9063,0.3245,49.6,1058,7,0.8641,0,0.0,0
SYN-U-13558,33487.53,28255.05,0.4555,0.4416,0.5681,51.8,1403,2,0.8553,1,6.3,0
SYN-U-13559,45231.37,39119.4,0.7243,0.6048,0.4009,18.3,2060,7,0.8974,0,0.0,0
SYN-U-13560,42184.75,33560.29,0.8118,0.7795,0.5351,51.7,1175,3,0.9467,1,7.1,0
SYN-U-13561,57735.4,50341.26,0.5196,0.7972,0.6161,27.4,2248,2,0.9401,0,0.0,0
SYN-U-13562,88933.37,75407.35,0.6094,0.4004,0.3594,60.1,1360,4,0.9109,0,0.0,0
SYN-U-13563,121484.68,101046.02,0.8541,0.723,0.3406,6.7,2230,4,0.8617,0,0.0,0
SYN-U-13564,91156.73,63282.74,0.8106,0.6664,0.2412,45.1,596,6,0.9032,1,2.0,0
SYN-U-13565,270994.16,240803.34,0.8442,0.5645,0.4479,18.4,509,6,0.8538,0,0.0,0
SYN-U-13566,22458.23,21418.97,0.3345,0.3447,0.8268,42.7,1103,3,0.7546,1,4.0,1
SYN-U-13567,43032.73,36639.02,0.6366,0.6117,0.8124,8.1,379,1,0.9166,0,0.0,0
SYN-U-13568,53685.88,36577.53,0.7664,0.5787,0.2458,11.2,827,2,0.9754,2,1.1,0
SYN-U-13569,55375.74,47065.97,0.7476,0.6954,0.3066,11.7,1494,7,0.9387,0,0.0,0
SYN-U-13570,59380.35,38750.26,0.7054,0.5047,0.3766,16.1,39,2,0.9191,1,7.6,0
SYN-U-13571,16256.88,11106.52,0.5274,0.5117,0.6097,62.1,188,4,0.6114,1,3.2,0
SYN-U-13572,28900.38,25717.98,0.9644,0.8813,0.2419,12.5,486,1,0.959,0,0.0,0
SYN-U-13573,23700.02,19581.14,0.9501,0.6563,0.2102,22.8,240,4,0.927,0,0.0,0
SYN-U-13574,141796.92,131153.42,0.8933,0.6734,0.2182,23.6,618,5,0.9597,0,0.0,0
SYN-U-13575,48412.66,36753.86,0.9756,0.5976,0.2521,38.6,1649,2,0.8783,0,0.0,0
SYN-U-13576,70013.57,46062.35,0.7114,0.5053,0.2778,18.5,1846,6,0.7289,2,7.5,0
SYN-U-13577,33122.78,27020.91,0.6306,0.5616,0.4037,10.4,1551,2,0.8737,3,8.0,0
SYN-U-13578,65742.89,59082.03,0.7376,0.6573,0.249,22.5,2119,1,0.9822,1,1.1,0
SYN-U-13579,48258.84,33040.23,0.8888,0.5934,0.4894,41.0,2019,7,0.8612,0,0.0,0
SYN-U-13580,110223.24,81870.09,0.8067,0.7039,0.4931,17.0,549,1,0.8516,0,0.0,0
SYN-U-13581,13689.15,9144.63,0.6629,0.743,0.4795,24.6,763,5,0.9143,1,3.0,0
SYN-U-13582,31279.72,25358.66,0.7424,0.5179,0.402,39.8,2110,4,0.7329,2,4.3,0
SYN-U-13583,126049.21,119842.0,0.7859,0.6632,0.4149,6.2,2375,5,0.9353,0,0.0,0
SYN-U-13584,167024.4,146237.09,0.7436,0.5647,0.2931,32.3,710,6,0.8861,0,0.0,0
SYN-U-13585,63332.47,47998.35,0.7079,0.8132,0.4746,33.1,584,5,0.8697,0,0.0,0
SYN-U-13586,134184.42,121969.66,0.7943,0.906,0.1683,23.4,1323,0,1.0,0,0.0,0
SYN-U-13587,144309.44,113188.97,0.5247,0.4442,0.6088,17.7,2322,2,0.9221,2,2.5,0
SYN-U-13588,38004.16,37064.69,0.5254,0.6495,0.5046,7.4,380,4,0.8386,0,0.0,0
SYN-U-13589,53766.57,41331.5,0.7552,0.4743,0.4805,26.7,1835,2,0.9177,0,0.0,0
SYN-U-13590,267088.2,237190.04,0.7609,0.5715,0.3008,19.4,1873,5,0.8531,1,1.0,0
SYN-U-13591,16805.75,13516.99,0.3922,0.2174,0.6589,21.7,534,5,0.8608,0,0.0,0
SYN-U-13592,62649.32,59400.04,0.8125,0.8743,0.3144,23.1,1158,2,0.9975,0,0.0,0
SYN-U-13593,74105.97,70961.68,0.5461,0.6207,0.4038,58.7,1785,1,0.9023,2,9.9,0
SYN-U-13594,25394.54,21936.81,0.6017,0.6154,0.8073,38.5,1992,2,0.8572,1,11.9,1
SYN-U-13595,22769.95,16834.35,0.9056,0.7333,0.2737,43.2,1045,4,0.9689,0,0.0,0
SYN-U-13596,17685.93,14098.16,0.5467,0.664,0.5342,56.1,883,4,0.7711,0,0.0,0
SYN-U-13597,126763.55,99247.46,0.7361,0.6753,0.5411,60.2,2231,5,0.8832,2,4.0,0
SYN-U-13598,66736.67,51117.81,0.8386,0.4069,0.2894,59.3,1860,0,1.0,0,0.0,0
SYN-U-13599,19701.71,18742.71,0.2549,0.4067,0.8139,5.9,933,1,0.8363,2,12.7,1
SYN-U-13600,37747.26,29273.76,0.7963,0.8935,0.437,50.4,679,0,1.0,0,0.0,0
SYN-U-13601,90603.26,79459.64,0.7679,0.8219,0.4568,7.6,568,1,0.8694,0,0.0,0
SYN-U-13602,103002.69,91904.72,0.9153,0.719,0.4295,26.1,2178,3,0.9392,0,0.0,0
SYN-U-13603,30948.45,25735.97,0.5866,0.6096,0.4073,45.3,123,3,0.7396,1,9.5,0
SYN-U-13604,44211.03,42050.02,0.8351,0.8829,0.4788,33.7,657,4,0.9959,0,0.0,0
SYN-U-13605,41986.82,31970.51,0.821,0.786,0.3041,10.4,1603,2,0.9638,1,2.4,0
SYN-U-13606,58892.66,44885.17,0.773,0.745,0.2065,24.7,1615,1,0.8915,0,0.0,0
SYN-U-13607,73895.11,52597.27,0.8381,0.7145,0.4545,17.0,229,2,0.8845,0,0.0,0
SYN-U-13608,29770.13,26314.51,0.8115,0.7689,0.4263,26.0,1328,1,0.8946,0,0.0,0
SYN-U-13609,42424.99,30631.54,0.5869,0.5794,0.5672,21.1,1622,2,0.7259,1,4.9,0
SYN-U-13610,16775.29,16079.41,0.8615,0.7259,0.4869,41.5,612,3,0.901,0,0.0,0
SYN-U-13611,63022.22,50601.79,0.9268,0.6267,0.4264,52.5,138,0,1.0,0,0.0,0
SYN-U-13612,43422.88,40992.7,0.7471,0.5296,0.576,63.4,2002,2,0.5507,0,0.0,0
SYN-U-13613,61647.72,57702.45,0.917,0.6908,0.3204,17.6,1308,3,0.8761,0,0.0,0
SYN-U-13614,67057.82,44538.1,0.8908,0.6198,0.2636,11.5,2410,4,0.911,0,0.0,0
SYN-U-13615,15496.0,12440.82,0.5991,0.7941,0.4515,62.2,795,3,0.8923,1,4.8,0
SYN-U-13616,82556.44,73057.31,0.7304,0.6687,0.4304,11.8,1130,2,0.8645,0,0.0,0
SYN-U-13617,41863.6,28527.94,0.391,0.1943,0.8259,47.0,780,1,0.8825,0,0.0,1
SYN-U-13618,54309.01,52256.0,0.7938,0.8759,0.4979,60.0,2045,4,0.8987,0,0.0,0
SYN-U-13619,111006.7,72898.86,0.5051,0.5912,0.36,12.0,1463,3,0.8831,0,0.0,0
SYN-U-13620,72282.92,55759.03,0.7099,0.7228,0.4469,39.0,217,7,0.9541,0,0.0,0
SYN-U-13621,225645.67,202197.26,0.5695,0.4835,0.5671,42.7,529,1,0.6261,2,3.4,0
SYN-U-13622,26089.52,19030.29,0.8187,0.8768,0.1869,31.6,1567,7,0.9146,0,0.0,0
SYN-U-13623,53983.82,37527.3,0.7148,0.8553,0.2673,31.2,1171,1,0.8559,0,0.0,0
SYN-U-13624,42577.09,40416.7,0.6591,0.3363,0.4908,51.7,2157,3,0.571,2,13.0,0
SYN-U-13625,14053.72,13077.92,0.6428,0.4722,0.8643,40.7,640,1,0.8088,3,7.2,0
SYN-U-13626,71816.8,56786.74,0.5353,0.4502,0.3,45.1,1351,4,0.8667,3,7.3,0
SYN-U-13627,38409.33,37398.41,0.9107,0.8762,0.2347,8.4,2089,3,0.8811,0,0.0,0
SYN-U-13628,15388.63,14955.67,0.6531,0.3306,0.4366,37.2,1738,4,0.6032,2,4.8,0
SYN-U-13629,51082.54,46438.78,0.7832,0.7195,0.4525,61.9,480,3,0.8808,0,0.0,0
SYN-U-13630,116844.02,110585.0,0.9443,0.648,0.3671,5.0,570,2,0.9098,0,0.0,0
SYN-U-13631,38693.36,36617.34,0.8295,0.7922,0.2269,29.4,585,2,0.9474,0,0.0,0
SYN-U-13632,49010.35,46821.45,0.4638,0.449,0.6808,46.0,1147,5,0.5776,0,0.0,0
SYN-U-13633,24743.79,21312.12,0.798,0.7449,0.4761,26.5,324,2,0.9551,0,0.0,0
SYN-U-13634,16417.77,11547.74,0.7322,0.2813,0.572,63.5,1513,0,1.0,0,0.0,0
SYN-U-13635,42214.06,33103.83,0.7201,0.3801,0.8473,38.3,1444,1,0.7973,3,16.5,1
SYN-U-13636,38363.69,27362.31,0.8972,0.719,0.2807,48.3,686,5,0.9719,0,0.0,0
SYN-U-13637,136592.8,133686.58,0.8669,0.8768,0.4308,6.0,812,2,0.9435,0,0.0,0
SYN-U-13638,50578.31,33010.11,0.7255,0.7553,0.4384,18.1,925,5,0.8586,0,0.0,0
SYN-U-13639,41255.7,28145.68,0.7548,0.7362,0.1506,52.0,988,5,0.9153,0,0.0,0
SYN-U-13640,44815.59,43324.65,0.8945,0.7457,0.4977,15.8,812,1,0.8697,1,2.7,0
SYN-U-13641,94326.32,72986.5,0.8025,0.5049,0.2856,60.7,1012,5,0.9572,0,0.0,0
SYN-U-13642,76398.23,60090.26,0.3508,0.3898,0.5193,24.6,280,6,0.7753,2,14.0,1
SYN-U-13643,18605.46,16705.99,0.3419,0.1985,0.6115,53.7,2049,5,0.8649,0,0.0,1
SYN-U-13644,97407.57,81133.96,0.6394,0.5146,0.6246,20.2,998,0,1.0,0,0.0,0
SYN-U-13645,66473.53,53983.07,0.8896,0.61,0.2267,31.0,220,2,0.9923,0,0.0,0
SYN-U-13646,68636.31,65613.61,0.7903,0.8514,0.1818,18.0,1795,1,0.9907,0,0.0,0
SYN-U-13647,50079.93,44470.92,0.8042,0.7217,0.2403,14.5,2014,4,0.964,0,0.0,0
SYN-U-13648,45891.31,40979.53,0.7875,0.9036,0.3281,53.1,1029,3,0.8679,0,0.0,0
SYN-U-13649,42235.79,28216.49,0.3184,0.5878,0.743,18.1,909,5,0.9057,1,10.1,1
SYN-U-13650,137125.29,129825.86,0.5254,0.5183,0.5985,16.8,1776,2,0.9672,0,0.0,0
SYN-U-13651,89113.48,86513.54,0.6309,0.7207,0.4123,11.9,1077,5,0.7222,0,0.0,0
SYN-U-13652,58428.28,51726.8,0.6143,0.4024,0.7412,14.6,743,7,0.936,0,0.0,0
SYN-U-13653,116887.77,79961.25,0.792,0.7366,0.394,11.0,1981,3,0.8597,0,0.0,0
SYN-U-13654,27380.08,18931.98,0.8086,0.6397,0.321,14.3,967,5,0.9779,1,2.4,0
SYN-U-13655,71111.53,47964.39,0.777,0.7407,0.3655,61.8,1054,7,0.8065,0,0.0,0
SYN-U-13656,74833.87,60775.98,0.8055,0.7315,0.2126,46.6,1355,0,1.0,0,0.0,0
SYN-U-13657,23742.11,21737.68,0.7779,0.9134,0.3113,49.5,1812,2,0.8668,0,0.0,0
SYN-U-13658,86671.11,77996.12,0.709,0.8891,0.496,9.9,2075,5,0.9811,1,1.7,0
SYN-U-13659,16330.18,12012.52,0.9156,0.7696,0.2022,63.4,2370,0,1.0,0,0.0,0
SYN-U-13660,40498.42,37208.67,0.5785,0.5046,0.6367,7.8,410,4,0.9211,0,0.0,0
SYN-U-13661,58382.93,39608.89,0.7344,0.855,0.3292,10.0,924,6,0.9908,0,0.0,0
SYN-U-13662,19294.48,16280.03,0.7059,0.5765,0.7766,42.0,1295,0,1.0,0,0.0,0
SYN-U-13663,88603.21,63706.31,0.741,0.7613,0.458,47.3,1214,0,1.0,0,0.0,0
SYN-U-13664,195190.94,184377.08,0.9737,0.7486,0.3413,23.8,1651,0,1.0,0,0.0,0
SYN-U-13665,40024.95,36050.72,0.7545,0.9175,0.3988,24.0,931,6,0.8758,0,0.0,0
SYN-U-13666,144514.22,125003.39,0.8266,0.8387,0.4618,11.6,1477,6,0.9306,0,0.0,0
SYN-U-13667,53906.5,49573.01,0.7303,0.7234,0.4017,58.8,383,5,0.8218,2,2.4,0
SYN-U-13668,163684.78,148613.64,0.7084,0.597,0.486,35.8,180,2,0.9983,1,2.9,0
SYN-U-13669,48119.96,37793.05,0.4418,0.2618,0.5031,34.6,735,0,1.0,0,0.0,0
SYN-U-13670,183128.75,127792.54,0.7004,0.8146,0.4916,53.1,2054,2,0.899,0,0.0,0
SYN-U-13671,46585.5,44628.79,0.7074,0.9173,0.3069,55.9,1762,0,1.0,0,0.0,0
SYN-U-13672,24327.48,16730.15,0.5306,0.4288,0.487,64.9,2420,2,0.7701,2,5.7,0
SYN-U-13673,42181.91,39281.2,0.8375,0.839,0.4617,6.4,1455,6,0.9734,0,0.0,0
SYN-U-13674,74311.25,53858.4,0.6371,0.5742,0.2887,45.4,389,6,0.8133,0,0.0,0
SYN-U-13675,114431.94,101687.09,0.4353,0.5692,0.8554,36.3,843,4,0.5246,2,12.4,1
SYN-U-13676,71225.14,52289.09,0.918,0.7256,0.1661,48.1,898,6,0.8884,0,0.0,0
SYN-U-13677,78863.16,64456.3,0.7199,0.8229,0.3772,40.3,1790,2,0.8631,1,2.3,0
SYN-U-13678,107195.58,73789.72,0.7043,0.4561,0.3024,13.2,1215,3,0.8621,1,3.1,0
SYN-U-13679,44946.77,43772.18,0.8844,0.8257,0.4289,61.6,105,7,0.8723,0,0.0,0
SYN-U-13680,54721.56,44417.65,0.9607,0.7862,0.3188,43.3,1743,4,0.9014,0,0.0,0
SYN-U-13681,38651.22,33109.63,0.8765,0.9033,0.4846,11.7,1727,2,0.8756,1,1.6,0
SYN-U-13682,44990.39,36468.2,0.3514,0.568,0.5814,18.9,311,6,0.6357,4,4.6,0
SYN-U-13683,50294.22,43867.76,0.8787,0.6069,0.1957,56.8,2241,0,1.0,0,0.0,0
SYN-U-13684,62166.03,57858.24,0.7977,0.8487,0.445,59.1,329,1,0.9221,0,0.0,0
SYN-U-13685,56985.83,52078.6,0.7614,0.7763,0.3137,33.9,1458,7,0.9404,1,7.7,0
SYN-U-13686,33706.29,31578.87,0.7477,0.2869,0.5079,37.9,2298,5,0.5341,2,4.7,0
SYN-U-13687,38036.55,26443.72,0.9321,0.7535,0.4421,53.5,79,1,0.945,1,3.0,0
SYN-U-13688,43456.37,41473.53,0.8035,0.7742,0.1649,19.9,674,3,0.9085,0,0.0,0
SYN-U-13689,44950.51,29803.24,0.7108,0.6391,0.3803,56.9,897,5,0.9594,0,0.0,0
SYN-U-13690,16933.56,11213.57,0.5942,0.7247,0.5299,31.3,1747,5,0.8389,0,0.0,0
SYN-U-13691,41244.67,29416.97,0.8685,0.9134,0.3407,21.1,2059,1,0.9635,0,0.0,0
SYN-U-13692,46702.15,33550.28,0.889,0.7033,0.2917,47.1,1628,4,0.8839,1,1.5,0
SYN-U-13693,70341.57,49056.5,0.6259,0.7078,0.2706,20.1,1418,7,0.9599,2,5.8,0
SYN-U-13694,41577.86,38122.55,0.95,0.7778,0.424,26.4,2043,4,0.9903,1,1.5,0
SYN-U-13695,115118.42,108350.46,0.8673,0.7422,0.1871,14.0,1921,6,0.9623,0,0.0,0
SYN-U-13696,179208.07,154850.58,0.9352,0.7788,0.3221,20.7,2323,4,0.9651,0,0.0,0
SYN-U-13697,103178.86,87465.99,0.8595,0.6139,0.4396,43.0,2007,0,1.0,0,0.0,0
SYN-U-13698,53246.6,39809.87,0.7654,0.6239,0.1748,49.8,1136,1,0.9525,1,1.1,0
SYN-U-13699,143435.5,133449.65,0.9112,0.5527,0.4064,57.0,1635,4,0.9263,0,0.0,0
SYN-U-13700,51078.75,37692.44,0.7318,0.8437,0.3068,47.1,1472,4,0.8781,0,0.0,0
SYN-U-13701,147567.73,100627.41,0.9419,0.5951,0.4443,6.3,2419,5,0.9865,0,0.0,0
SYN-U-13702,58529.44,42624.25,0.8885,0.74,0.2115,52.2,2220,0,1.0,0,0.0,0
SYN-U-13703,90617.29,86305.72,0.9514,0.7235,0.1973,44.6,198,5,0.9139,0,0.0,0
SYN-U-13704,25491.71,17799.3,0.7251,0.6009,0.8278,52.0,2378,4,0.6354,2,6.4,0
SYN-U-13705,48180.4,47147.92,0.9466,0.5824,0.2697,30.4,2225,3,0.8966,0,0.0,0
SYN-U-13706,88139.09,72526.92,0.6464,0.7562,0.5621,32.2,2491,6,0.9523,1,4.8,0
SYN-U-13707,96443.05,75058.95,0.8783,0.7846,0.2996,62.0,1811,7,0.8965,0,0.0,0
SYN-U-13708,75617.6,53035.85,0.5778,0.6419,0.2963,31.6,342,6,0.866,0,0.0,0
SYN-U-13709,70737.63,55681.94,0.2538,0.3739,0.7691,59.9,1326,1,0.7937,1,7.1,1
SYN-U-13710,69210.01,61658.84,0.7819,0.7361,0.3403,6.9,1503,2,0.9525,0,0.0,0
SYN-U-13711,219857.1,153880.54,0.7103,0.8988,0.2333,12.8,1121,6,0.8812,0,0.0,0
SYN-U-13712,75366.3,51306.51,0.976,0.8746,0.4846,55.1,935,4,0.8726,0,0.0,0
SYN-U-13713,35116.07,31083.96,0.9058,0.6029,0.1675,42.7,699,7,0.8734,0,0.0,0
SYN-U-13714,223700.87,211344.3,0.7298,0.7723,0.3205,56.0,1821,0,1.0,0,0.0,0
SYN-U-13715,29788.98,22217.99,0.7228,0.7067,0.644,38.5,2117,1,0.7804,2,4.7,0
SYN-U-13716,37154.43,26850.78,0.9315,0.5869,0.2276,10.5,1917,4,0.9978,0,0.0,0
SYN-U-13717,14821.81,12855.3,0.6198,0.4553,0.6896,39.3,2062,4,0.7352,0,0.0,0
SYN-U-13718,53876.5,38015.74,0.4438,0.2687,0.8626,23.1,727,3,0.7759,1,12.1,1
SYN-U-13719,132355.9,124804.99,0.8173,0.6408,0.1964,38.1,448,3,0.8836,1,1.4,0
SYN-U-13720,80733.94,56580.53,0.7709,0.6436,0.4056,30.9,960,4,0.9146,0,0.0,0
SYN-U-13721,48871.75,46548.99,0.8386,0.574,0.4219,9.5,820,0,1.0,0,0.0,0
SYN-U-13722,147419.66,125842.0,0.9615,0.9189,0.3305,45.4,1772,5,0.8824,0,0.0,0
SYN-U-13723,28383.75,27220.01,0.6272,0.5974,0.5615,6.1,1102,4,0.8453,0,0.0,0
SYN-U-13724,74736.37,55219.47,0.8154,0.6587,0.2729,53.8,1665,7,0.9152,0,0.0,0
SYN-U-13725,13566.14,13020.87,0.3026,0.6217,0.4807,18.7,1229,5,0.6898,0,0.0,0
SYN-U-13726,116313.16,78434.23,0.85,0.8164,0.2638,63.1,488,4,0.8641,0,0.0,0
SYN-U-13727,104633.76,72171.21,0.9239,0.5883,0.2535,32.6,118,0,1.0,0,0.0,0
SYN-U-13728,46899.89,41324.73,0.9264,0.8183,0.3905,8.0,202,7,0.8901,1,1.2,0
SYN-U-13729,73017.21,60327.23,0.6211,0.573,0.8102,16.1,2366,1,0.868,0,0.0,0
SYN-U-13730,16839.52,11449.52,0.5621,0.3854,0.7193,54.2,1410,6,0.5493,1,4.7,1
SYN-U-13731,72858.72,61230.43,0.8938,0.7595,0.4796,56.8,876,2,0.9221,0,0.0,0
SYN-U-13732,52222.22,41961.44,0.9511,0.8949,0.1748,59.1,2231,7,0.9877,0,0.0,0
SYN-U-13733,73823.69,51144.79,0.7343,0.7855,0.6223,57.2,1159,5,0.8212,0,0.0,0
SYN-U-13734,74845.59,64751.61,0.8708,0.7286,0.1745,10.8,226,5,0.9916,0,0.0,0
SYN-U-13735,57688.85,43790.58,0.5456,0.699,0.5276,58.9,563,3,0.7415,0,0.0,0
SYN-U-13736,64669.64,47494.56,0.608,0.1626,0.5992,47.1,1489,0,1.0,0,0.0,1
SYN-U-13737,12951.08,12122.37,0.2481,0.5939,0.4081,41.4,337,3,0.9248,0,0.0,0
SYN-U-13738,84330.77,66676.43,0.6765,0.5229,0.5259,47.2,729,4,0.8376,0,0.0,0
SYN-U-13739,116298.32,103137.12,0.9239,0.7935,0.4856,13.9,154,0,1.0,0,0.0,0
SYN-U-13740,23625.93,18227.02,0.8176,0.9128,0.2704,42.5,1454,7,0.8724,1,0.4,0
SYN-U-13741,18761.2,12900.98,0.7005,0.7279,0.3254,24.8,637,2,0.9137,0,0.0,0
SYN-U-13742,17982.28,12595.9,0.2647,0.1904,0.4124,61.9,1063,3,0.7386,0,0.0,0
SYN-U-13743,63019.55,46989.71,0.2173,0.2971,0.6981,30.5,1863,6,0.8286,1,14.7,1
SYN-U-13744,72663.03,70427.04,0.9784,0.6457,0.2986,40.0,480,0,1.0,0,0.0,0
SYN-U-13745,18444.36,15771.45,0.5813,0.3699,0.407,58.7,2291,0,1.0,0,0.0,0
SYN-U-13746,28245.39,26376.3,0.553,0.2709,0.4843,16.6,1264,3,0.5798,4,16.0,1
SYN-U-13747,102035.5,72832.3,0.7503,0.7206,0.3775,27.0,323,5,0.8602,0,0.0,0
SYN-U-13748,16740.04,14893.3,0.5931,0.2083,0.5251,61.9,1841,5,0.9437,0,0.0,1
SYN-U-13749,43639.99,29614.71,0.2782,0.235,0.6372,13.7,1662,2,0.6199,4,5.9,1
SYN-U-13750,62996.39,54550.12,0.7066,0.7973,0.3091,6.3,1995,2,0.8529,0,0.0,0
SYN-U-13751,46101.25,42931.66,0.5721,0.2005,0.5795,29.8,774,6,0.6318,3,7.6,1
SYN-U-13752,59736.47,40031.5,0.7025,0.5747,0.2935,21.4,2291,5,0.9524,0,0.0,0
SYN-U-13753,17312.88,11484.41,0.7048,0.4896,0.6504,49.0,1170,6,0.5723,0,0.0,0
SYN-U-13754,46593.43,39112.13,0.9359,0.6034,0.4903,21.4,158,6,0.9322,0,0.0,0
SYN-U-13755,24767.21,19512.29,0.5988,0.5518,0.4433,16.0,1753,2,0.7744,0,0.0,0
SYN-U-13756,27302.92,22663.69,0.648,0.5215,0.4234,57.9,2085,3,0.7694,0,0.0,0
SYN-U-13757,63232.17,58620.13,0.798,0.5602,0.391,12.9,833,6,0.9724,0,0.0,0
SYN-U-13758,131836.83,96165.59,0.8691,0.8895,0.2269,17.9,1760,7,0.9348,0,0.0,0
SYN-U-13759,28708.47,20066.07,0.9202,0.6237,0.1568,54.8,420,1,0.9686,0,0.0,0
SYN-U-13760,62389.38,48161.73,0.977,0.7301,0.3862,12.9,948,3,0.9964,0,0.0,0
SYN-U-13761,25858.59,24579.3,0.7666,0.5614,0.1839,14.9,144,0,1.0,0,0.0,0
SYN-U-13762,56075.52,50811.7,0.8505,0.799,0.2072,6.8,2228,2,0.9799,0,0.0,0
SYN-U-13763,72749.91,48599.35,0.7412,0.5991,0.2858,26.0,1642,4,0.8476,1,7.2,0
SYN-U-13764,35619.9,27644.54,0.4607,0.5648,0.7764,35.1,162,2,0.6995,3,6.9,1
SYN-U-13765,79399.58,52217.32,0.7338,0.6917,0.2887,64.1,2359,5,0.7345,0,0.0,0
SYN-U-13766,52807.71,35308.66,0.4007,0.3264,0.4735,53.8,94,6,0.6334,0,0.0,0
SYN-U-13767,69568.55,63142.79,0.8424,0.4992,0.2866,57.6,1128,2,0.9123,2,4.4,0
SYN-U-13768,48205.31,31768.31,0.822,0.8487,0.3624,16.6,1881,5,0.9899,0,0.0,0
SYN-U-13769,61609.09,52860.97,0.7916,0.4849,0.6029,13.2,1679,1,0.7652,1,5.4,0
SYN-U-13770,36887.3,31514.06,0.7995,0.7587,0.2352,14.5,1874,2,0.8772,0,0.0,0
SYN-U-13771,32529.0,31119.54,0.545,0.7682,0.3257,33.0,1687,7,0.7788,1,2.9,0
SYN-U-13772,51161.98,43472.77,0.8794,0.7568,0.2243,43.6,1771,7,0.886,0,0.0,0
SYN-U-13773,33276.74,31176.25,0.8178,0.679,0.1594,56.3,2388,1,0.9547,0,0.0,0
SYN-U-13774,22655.13,17382.82,0.8444,0.8155,0.3573,12.3,2262,2,0.8952,0,0.0,0
SYN-U-13775,165299.82,150685.79,0.7003,0.872,0.4351,15.7,624,4,0.9648,0,0.0,0
SYN-U-13776,47679.82,41865.39,0.9557,0.5586,0.3621,47.4,1139,0,1.0,0,0.0,0
SYN-U-13777,35676.08,34197.72,0.9425,0.8572,0.151,36.7,674,2,0.9492,0,0.0,0
SYN-U-13778,65247.71,60448.96,0.8939,0.7724,0.2607,31.9,182,5,0.9707,0,0.0,0
SYN-U-13779,35963.2,26519.84,0.7135,0.463,0.2571,10.2,1313,2,0.8199,0,0.0,0
SYN-U-13780,52987.22,41671.61,0.5609,0.605,0.6192,47.9,872,5,0.8962,0,0.0,0
SYN-U-13781,93738.8,86519.81,0.6985,0.5025,0.5655,22.8,1274,2,0.7255,2,6.2,0
SYN-U-13782,38674.37,29033.87,0.7169,0.67,0.1961,5.1,1321,7,0.9183,0,0.0,0
SYN-U-13783,65502.46,55014.18,0.7626,0.7971,0.3352,28.3,1439,6,0.8245,2,5.7,0
SYN-U-13784,29216.19,26139.98,0.8135,0.705,0.3214,33.3,2215,1,0.9728,0,0.0,0
SYN-U-13785,77075.05,69978.72,0.9575,0.8933,0.4615,65.0,2372,3,0.904,0,0.0,0
SYN-U-13786,43852.21,38677.19,0.9031,0.7155,0.2568,38.9,1192,4,0.988,0,0.0,0
SYN-U-13787,84052.39,72731.5,0.5487,0.4557,0.4763,40.0,1488,7,0.774,0,0.0,0
SYN-U-13788,65845.68,50812.15,0.5655,0.6477,0.2814,38.6,2392,5,0.7565,0,0.0,0
SYN-U-13789,31850.32,29556.53,0.3713,0.249,0.6137,49.4,1650,4,0.6369,2,16.7,1
SYN-U-13790,31276.53,26833.03,0.7564,0.6463,0.4462,54.0,1206,5,0.9721,0,0.0,0
SYN-U-13791,51566.07,41293.71,0.8329,0.5565,0.3268,64.8,1493,2,0.9643,0,0.0,0
SYN-U-13792,61274.66,49876.18,0.8894,0.8587,0.1612,40.3,1258,0,1.0,0,0.0,0
SYN-U-13793,13030.68,10041.91,0.7872,0.6724,0.3627,5.5,1388,0,1.0,0,0.0,0
SYN-U-13794,46044.31,39313.6,0.8348,0.4217,0.4393,54.7,1694,1,0.7563,1,5.5,0
SYN-U-13795,15785.0,13864.79,0.7241,0.3919,0.7161,6.5,2077,4,0.5303,1,8.2,0
SYN-U-13796,40471.93,32305.95,0.796,0.7677,0.24,39.2,658,4,0.8736,0,0.0,0
SYN-U-13797,109365.94,81094.26,0.9716,0.7916,0.287,15.2,2498,7,0.8993,0,0.0,0
SYN-U-13798,59509.7,46485.09,0.5183,0.4748,0.6548,12.5,219,5,0.5668,0,0.0,1
SYN-U-13799,55710.59,43741.57,0.8136,0.5871,0.5546,58.7,1984,4,0.7647,0,0.0,0
SYN-U-13800,61068.32,49625.43,0.7818,0.6617,0.366,18.0,1591,7,0.9032,0,0.0,0
SYN-U-13801,105088.75,81732.93,0.6029,0.5378,0.5952,60.8,999,0,1.0,0,0.0,0
SYN-U-13802,33830.49,30765.47,0.8483,0.7053,0.2184,31.1,1421,1,0.9851,0,0.0,0
SYN-U-13803,58838.85,41364.81,0.9751,0.7495,0.3599,64.4,80,6,0.866,0,0.0,0
SYN-U-13804,37253.11,31155.18,0.7312,0.7243,0.4858,47.8,494,6,0.9631,1,0.3,0
SYN-U-13805,103963.25,68525.51,0.5062,0.5376,0.4624,8.4,1518,5,0.9706,0,0.0,0
SYN-U-13806,103541.52,68784.06,0.799,0.4043,0.4577,10.9,2277,7,0.8538,1,5.7,0
SYN-U-13807,97702.59,91042.91,0.5923,0.6398,0.3676,31.9,1130,6,0.7128,0,0.0,0
SYN-U-13808,25969.95,21693.95,0.3401,0.491,0.7379,54.6,2337,1,0.8447,0,0.0,0
SYN-U-13809,14967.29,10120.88,0.6179,0.3244,0.4709,52.9,1563,6,0.8777,3,12.1,0
SYN-U-13810,53146.03,37241.26,0.7039,0.5606,0.4723,44.6,983,1,0.9284,2,1.8,0
SYN-U-13811,79071.15,59529.87,0.8311,0.8664,0.367,31.6,1553,4,0.9258,0,0.0,0
SYN-U-13812,54410.48,45710.28,0.9337,0.8019,0.2645,56.6,1040,7,0.9075,0,0.0,0
SYN-U-13813,106162.85,83075.67,0.6024,0.5277,0.4878,44.1,2200,5,0.9797,2,5.9,0
SYN-U-13814,20911.01,17723.64,0.6109,0.452,0.572,29.3,680,4,0.8135,1,3.5,1
SYN-U-13815,70555.12,56008.22,0.5745,0.4923,0.2656,19.7,248,1,0.7177,0,0.0,0
SYN-U-13816,107064.37,70142.26,0.7239,0.8478,0.1905,55.9,2452,3,0.9866,0,0.0,0
SYN-U-13817,54450.46,46602.21,0.726,0.9076,0.303,43.9,587,1,0.9592,0,0.0,0
SYN-U-13818,91958.97,72832.3,0.7597,0.6386,0.3235,61.9,2165,7,0.8621,0,0.0,0
SYN-U-13819,37465.78,34604.66,0.8614,0.7565,0.2261,38.5,225,2,0.987,0,0.0,0
SYN-U-13820,89822.85,66625.03,0.6724,0.6721,0.2774,29.1,783,1,0.9352,1,3.8,0
SYN-U-13821,18431.44,17003.81,0.6086,0.3736,0.6199,9.4,2161,2,0.6421,0,0.0,0
SYN-U-13822,220455.15,207417.74,0.7433,0.6697,0.2394,52.7,2201,7,0.9342,1,0.8,0
SYN-U-13823,73291.66,52354.66,0.915,0.7429,0.3915,16.9,2355,0,1.0,0,0.0,0
SYN-U-13824,15795.16,10763.98,0.4159,0.503,0.7533,27.8,1765,6,0.6415,1,15.7,1
SYN-U-13825,135650.27,102758.65,0.7429,0.4858,0.6093,8.9,2446,2,0.7334,0,0.0,0
SYN-U-13826,18420.46,13776.17,0.5026,0.2696,0.4135,30.9,2073,1,0.7125,0,0.0,0
SYN-U-13827,21400.3,19148.86,0.3872,0.3154,0.8477,19.0,1583,0,1.0,0,0.0,0
SYN-U-13828,148671.13,136629.31,0.7736,0.8557,0.3517,9.1,1886,1,0.9221,1,0.1,0
SYN-U-13829,88481.77,70574.46,0.5756,0.6846,0.3704,9.1,2296,6,0.9707,0,0.0,0
SYN-U-13830,66840.96,45391.0,0.7882,0.8099,0.3615,44.8,1145,0,1.0,0,0.0,0
SYN-U-13831,37872.08,25265.9,0.8792,0.6833,0.2521,40.0,2422,2,0.9281,0,0.0,0
SYN-U-13832,97905.32,67162.46,0.9024,0.8781,0.4552,6.4,2176,7,0.9774,0,0.0,0
SYN-U-13833,42756.1,30453.97,0.731,0.645,0.4528,35.2,1436,0,1.0,0,0.0,0
SYN-U-13834,16942.74,15417.24,0.5646,0.6296,0.7284,42.8,333,3,0.5413,1,11.1,1
SYN-U-13835,77575.53,62115.27,0.7655,0.5084,0.5807,6.7,727,3,0.8163,0,0.0,0
SYN-U-13836,79703.81,58277.4,0.97,0.638,0.3501,59.4,1588,2,0.884,0,0.0,0
SYN-U-13837,128902.05,113392.96,0.6583,0.78,0.4854,60.4,1265,6,0.9079,3,6.4,0
SYN-U-13838,89738.07,83224.7,0.7356,0.6216,0.4953,56.8,638,0,1.0,0,0.0,0
SYN-U-13839,61263.44,58374.14,0.6506,0.347,0.6287,24.9,1764,0,1.0,0,0.0,0
SYN-U-13840,78546.24,70171.95,0.4777,0.5245,0.538,12.2,855,1,0.9463,3,6.8,0
SYN-U-13841,74080.23,63737.73,0.963,0.7251,0.3026,6.5,1686,1,0.9324,0,0.0,0
SYN-U-13842,70418.61,54072.43,0.7474,0.7534,0.2634,32.5,1378,4,0.9496,0,0.0,0
SYN-U-13843,87683.64,77464.97,0.8433,0.5825,0.64,64.9,115,3,0.9294,3,6.4,0
SYN-U-13844,20536.54,17192.73,0.4834,0.6256,0.766,35.3,449,7,0.8681,1,9.2,1
SYN-U-13845,26192.53,20877.36,0.7041,0.8887,0.4819,12.3,2486,0,1.0,0,0.0,0
SYN-U-13846,217905.59,161621.71,0.6883,0.4318,0.6221,58.5,710,5,0.8707,2,7.4,0
SYN-U-13847,22603.82,20251.03,0.8554,0.5637,0.3107,56.8,1323,4,0.9258,0,0.0,0
SYN-U-13848,40388.26,39247.82,0.842,0.7795,0.3906,16.0,2498,7,0.8916,0,0.0,0
SYN-U-13849,15358.93,11947.08,0.2737,0.4827,0.8789,49.3,2268,5,0.5139,2,4.6,1
SYN-U-13850,86723.89,56527.15,0.8136,0.7236,0.2253,11.2,1969,1,0.9996,1,1.2,0
SYN-U-13851,42667.13,35716.83,0.803,0.7765,0.4474,56.3,2411,5,0.9519,0,0.0,0
SYN-U-13852,52089.17,39265.62,0.7487,0.6938,0.3804,34.7,1065,1,0.8562,1,2.9,0
SYN-U-13853,38064.39,25366.54,0.8529,0.7623,0.2413,21.1,671,2,0.9335,0,0.0,0
SYN-U-13854,24046.29,18346.24,0.709,0.623,0.3249,41.3,2207,4,0.855,0,0.0,0
SYN-U-13855,247370.73,169099.08,0.7112,0.6086,0.2883,9.9,1089,7,0.9618,2,0.5,0
SYN-U-13856,44745.35,29416.74,0.325,0.369,0.4616,33.9,2178,0,1.0,0,0.0,1
SYN-U-13857,21234.2,15908.01,0.4744,0.5132,0.7189,59.9,790,2,0.8792,0,0.0,0
SYN-U-13858,58740.69,39217.67,0.9524,0.5732,0.2765,38.7,232,1,0.8555,0,0.0,0
SYN-U-13859,14441.85,12927.71,0.3407,0.5933,0.6241,13.7,2466,7,0.5116,0,0.0,0
SYN-U-13860,52621.35,37485.16,0.7964,0.7102,0.337,18.2,1995,4,0.9715,0,0.0,0
SYN-U-13861,20117.64,17556.9,0.8187,0.7305,0.3849,45.7,1673,0,1.0,0,0.0,0
SYN-U-13862,37278.34,30201.12,0.8596,0.5511,0.4383,5.3,2180,1,0.9749,0,0.0,0
SYN-U-13863,57203.13,47162.19,0.7,0.6341,0.3825,22.5,1845,0,1.0,0,0.0,0
SYN-U-13864,42473.67,37535.66,0.7136,0.7464,0.4759,57.2,2023,0,1.0,0,0.0,0
SYN-U-13865,13519.48,12857.36,0.7009,0.4685,0.7011,46.6,91,4,0.5602,1,7.4,0
SYN-U-13866,66138.39,50683.96,0.905,0.6693,0.3246,31.5,2496,5,0.9566,1,2.2,0
SYN-U-13867,34418.46,26749.65,0.7502,0.5167,0.2638,18.9,1503,5,0.8281,0,0.0,0
SYN-U-13868,197679.11,130569.32,0.8886,0.7683,0.3687,14.9,331,1,0.9935,0,0.0,0
SYN-U-13869,93635.55,83073.14,0.8689,0.7394,0.3195,6.7,764,7,0.9001,2,0.6,0
SYN-U-13870,60006.03,54521.02,0.7132,0.4927,0.3403,16.7,1816,2,0.9708,1,7.7,0
SYN-U-13871,32930.25,30235.54,0.573,0.2616,0.5775,42.6,1554,6,0.731,0,0.0,0
SYN-U-13872,90837.28,68941.47,0.4389,0.3373,0.7359,55.8,750,6,0.6043,0,0.0,0
SYN-U-13873,43946.79,37590.22,0.4509,0.2315,0.6743,62.9,2409,2,0.5743,1,16.8,1
SYN-U-13874,40346.39,35873.35,0.8658,0.756,0.2931,14.1,538,1,0.9377,1,1.1,0
SYN-U-13875,32882.28,22880.32,0.7553,0.6387,0.3031,51.7,1471,5,0.9242,1,2.3,0
SYN-U-13876,214899.19,209833.18,0.7017,0.6113,0.3065,33.2,2170,7,0.931,1,4.1,0
SYN-U-13877,100750.25,76076.88,0.6177,0.493,0.3699,20.0,1029,6,0.8589,2,5.4,0
SYN-U-13878,42084.28,32657.41,0.504,0.449,0.567,38.3,1480,6,0.9409,2,5.3,1
SYN-U-13879,106100.34,78068.31,0.708,0.7797,0.2893,44.3,2411,6,0.9629,0,0.0,0
SYN-U-13880,35663.13,25923.74,0.9308,0.8325,0.4137,48.7,1483,3,0.8768,0,0.0,0
SYN-U-13881,131204.26,102959.06,0.5517,0.4245,0.5013,48.8,2431,2,0.9578,0,0.0,0
SYN-U-13882,54621.47,41307.8,0.9405,0.6231,0.3321,13.9,792,5,0.9462,0,0.0,0
SYN-U-13883,52521.22,40746.89,0.4453,0.5876,0.5325,56.8,1744,4,0.8575,0,0.0,0
SYN-U-13884,127657.74,103832.82,0.2279,0.2126,0.735,59.7,337,6,0.6578,3,11.6,1
SYN-U-13885,102990.79,80031.47,0.5292,0.7268,0.3913,29.9,2004,4,0.7314,0,0.0,0
SYN-U-13886,16674.59,15414.2,0.6312,0.6169,0.5227,31.1,1167,2,0.9448,0,0.0,0
SYN-U-13887,33916.79,29611.72,0.8021,0.5783,0.4935,10.4,1530,2,0.9608,1,2.2,0
SYN-U-13888,157357.17,103033.12,0.5482,0.4291,0.3979,37.2,2113,4,0.7575,0,0.0,0
SYN-U-13889,34495.25,32184.07,0.8205,0.8362,0.1744,62.9,242,5,0.8688,0,0.0,0
SYN-U-13890,131544.05,126728.49,0.9158,0.6827,0.4697,50.2,596,1,0.885,2,0.3,0
SYN-U-13891,53577.74,46391.66,0.7092,0.6237,0.3586,55.4,867,5,0.9716,0,0.0,0
SYN-U-13892,21540.15,14769.45,0.552,0.5555,0.6918,19.5,82,2,0.5473,0,0.0,0
SYN-U-13893,62190.72,50035.39,0.73,0.875,0.2686,45.9,1027,3,0.8899,0,0.0,0
SYN-U-13894,80440.7,75181.35,0.9123,0.7221,0.1736,43.4,1158,4,0.912,0,0.0,0
SYN-U-13895,45847.68,33577.89,0.736,0.7666,0.6007,28.4,415,5,0.7177,0,0.0,0
SYN-U-13896,37078.97,29380.92,0.682,0.5788,0.6011,40.2,683,5,0.8881,0,0.0,0
SYN-U-13897,37883.17,29497.3,0.8717,0.6111,0.3763,56.4,699,5,0.908,0,0.0,0
SYN-U-13898,69033.38,61060.85,0.8524,0.8988,0.1756,50.6,361,7,0.8669,1,2.5,0
SYN-U-13899,77563.87,67696.67,0.7571,0.4888,0.5736,42.2,2296,6,0.7268,0,0.0,0
SYN-U-13900,32359.2,25945.88,0.948,0.8456,0.4735,26.9,952,6,0.8663,0,0.0,0
SYN-U-13901,110551.17,91369.76,0.7418,0.806,0.1795,8.7,734,0,1.0,0,0.0,0
SYN-U-13902,33848.82,31846.65,0.9583,0.6319,0.2137,15.8,2301,7,0.9359,0,0.0,0
SYN-U-13903,61127.66,48985.32,0.9328,0.866,0.4077,42.6,2316,3,0.9027,1,2.1,0
SYN-U-13904,48449.81,45457.83,0.8913,0.684,0.3027,38.4,648,1,0.9352,1,1.0,0
SYN-U-13905,18608.51,12283.24,0.6638,0.4955,0.4923,17.2,1596,6,0.8514,3,5.0,1
SYN-U-13906,31993.15,24256.58,0.7107,0.9185,0.3716,47.1,2298,3,0.9559,0,0.0,0
SYN-U-13907,55711.01,37755.96,0.7442,0.4544,0.5734,23.3,916,4,0.8744,0,0.0,0
SYN-U-13908,46169.63,43286.41,0.8282,0.8303,0.2004,36.4,1026,3,0.977,1,1.4,0
SYN-U-13909,215049.67,173768.14,0.9555,0.8017,0.3893,15.9,65,7,0.8631,0,0.0,0
SYN-U-13910,37562.06,31552.51,0.8037,0.8026,0.4029,15.6,1165,7,0.9406,0,0.0,0
SYN-U-13911,38864.79,36918.93,0.5486,0.5681,0.5132,34.4,299,3,0.923,0,0.0,0
SYN-U-13912,75393.08,57046.85,0.7564,0.5629,0.3981,30.4,1321,3,0.9233,0,0.0,0
SYN-U-13913,57792.24,46879.42,0.8913,0.7572,0.3542,47.2,2390,4,0.8667,0,0.0,0
SYN-U-13914,18415.36,15143.38,0.4098,0.1615,0.7297,43.8,2114,4,0.6881,1,10.2,1
SYN-U-13915,90053.78,77104.09,0.9013,0.9168,0.4019,52.5,831,0,1.0,0,0.0,0
SYN-U-13916,52709.48,43599.54,0.4456,0.5675,0.8095,37.3,1174,2,0.5596,1,8.6,1
SYN-U-13917,46885.23,37954.17,0.7945,0.9057,0.2685,50.4,2433,5,0.9048,0,0.0,0
SYN-U-13918,47981.27,41099.41,0.8524,0.8818,0.4673,56.0,293,3,0.9252,0,0.0,0
SYN-U-13919,206133.12,152052.0,0.7853,0.7862,0.3448,10.0,729,0,1.0,0,0.0,0
SYN-U-13920,25505.04,19494.92,0.8036,0.6784,0.1712,52.0,1051,3,0.8558,0,0.0,0
SYN-U-13921,18779.36,13100.05,0.6181,0.4705,0.5515,5.9,2204,5,0.5922,2,9.8,0
SYN-U-13922,48048.59,31315.51,0.7401,0.6536,0.2036,33.5,890,0,1.0,0,0.0,0
SYN-U-13923,79723.89,64116.52,0.7412,0.6877,0.3718,12.7,486,7,0.9008,0,0.0,0
SYN-U-13924,23899.56,21726.45,0.2156,0.3012,0.4293,34.7,308,0,1.0,0,0.0,0
SYN-U-13925,45175.74,40422.01,0.9789,0.7848,0.2853,11.7,782,4,0.9352,2,0.7,0
SYN-U-13926,37380.01,35648.49,0.8977,0.9164,0.3728,12.1,30,4,0.9702,0,0.0,0
SYN-U-13927,41895.56,40251.15,0.7193,0.8632,0.3366,29.3,2295,4,0.96,0,0.0,0
SYN-U-13928,27226.89,21912.53,0.8328,0.885,0.4951,13.6,1434,5,0.9653,0,0.0,0
SYN-U-13929,91422.0,73057.75,0.7086,0.792,0.154,17.5,279,6,0.9984,0,0.0,0
SYN-U-13930,12919.26,11795.27,0.5922,0.158,0.4591,49.3,61,2,0.5495,1,12.4,1
SYN-U-13931,97612.59,65535.94,0.6356,0.3374,0.8175,40.9,314,3,0.8881,0,0.0,0
SYN-U-13932,63693.27,41556.41,0.9489,0.6092,0.3392,45.6,1432,5,0.8623,1,0.4,0
SYN-U-13933,30775.28,29630.36,0.9401,0.5735,0.4367,29.1,923,0,1.0,0,0.0,0
SYN-U-13934,28302.29,19648.08,0.2809,0.6446,0.5152,44.6,801,1,0.5975,0,0.0,0
SYN-U-13935,38826.2,37643.73,0.8168,0.8128,0.3899,12.3,1560,5,0.8604,0,0.0,0
SYN-U-13936,35393.58,29242.75,0.7371,0.4456,0.3089,16.2,501,6,0.898,0,0.0,0
SYN-U-13937,45463.4,36443.9,0.8848,0.5804,0.2085,50.0,1363,1,0.98,0,0.0,0
SYN-U-13938,64583.46,50159.93,0.812,0.9133,0.1982,43.1,874,1,0.8811,0,0.0,0
SYN-U-13939,38606.85,33975.51,0.7639,0.7069,0.4747,60.3,2173,0,1.0,0,0.0,0
SYN-U-13940,47568.69,34163.72,0.6705,0.5685,0.7145,43.0,1339,7,0.7773,1,6.7,0
SYN-U-13941,21659.74,19973.06,0.7023,0.5533,0.2726,23.8,893,2,0.8656,1,3.6,0
SYN-U-13942,57519.38,53424.62,0.7973,0.7067,0.3827,50.0,1083,0,1.0,0,0.0,0
SYN-U-13943,17443.37,13189.86,0.9638,0.5515,0.3648,40.5,264,5,0.9037,0,0.0,0
SYN-U-13944,41115.0,30459.52,0.8092,0.6308,0.4083,50.4,466,1,0.9059,0,0.0,0
SYN-U-13945,46532.32,37299.48,0.9698,0.7261,0.2924,56.8,1639,5,0.8896,0,0.0,0
SYN-U-13946,38387.03,37522.22,0.9496,0.9143,0.197,37.3,522,0,1.0,0,0.0,0
SYN-U-13947,14545.27,10638.2,0.9433,0.8582,0.3089,8.4,1109,2,0.9001,0,0.0,0
SYN-U-13948,41233.57,38652.27,0.7901,0.5838,0.233,30.3,310,4,0.8938,2,0.6,0
SYN-U-13949,112311.33,77702.95,0.8725,0.5999,0.3111,47.1,117,3,0.9785,0,0.0,0
SYN-U-13950,55428.22,37710.47,0.8414,0.5969,0.1914,52.6,1592,0,1.0,0,0.0,0
SYN-U-13951,70005.52,51706.18,0.8234,0.8447,0.388,31.2,2356,3,0.9447,0,0.0,0
SYN-U-13952,68339.46,58240.24,0.5411,0.3541,0.6439,57.7,917,4,0.7998,0,0.0,0
SYN-U-13953,59871.73,51609.48,0.8851,0.7204,0.4699,32.7,1995,3,0.9768,0,0.0,0
SYN-U-13954,29877.6,20990.36,0.7613,0.8662,0.1837,17.6,1342,6,0.9859,0,0.0,0
SYN-U-13955,35808.39,32460.73,0.244,0.3185,0.4586,31.1,1156,5,0.6864,1,5.7,1
SYN-U-13956,63077.86,61103.38,0.771,0.7701,0.258,19.0,1942,6,0.9641,0,0.0,0
SYN-U-13957,28455.91,22048.95,0.6293,0.4563,0.477,24.8,1928,1,0.9169,1,5.8,0
SYN-U-13958,65162.97,46308.81,0.7466,0.6193,0.5262,64.9,1169,6,0.7425,1,6.1,0
SYN-U-13959,24831.72,23061.16,0.5822,0.3668,0.8433,36.8,720,0,1.0,0,0.0,0
SYN-U-13960,46443.26,39850.01,0.9433,0.8175,0.2853,22.4,763,2,0.9435,0,0.0,0
SYN-U-13961,52772.01,37521.8,0.8003,0.8421,0.2151,27.8,1926,3,0.9342,0,0.0,0
SYN-U-13962,142936.71,127306.14,0.8042,0.8561,0.403,28.1,1849,2,0.8705,0,0.0,0
SYN-U-13963,64446.47,55976.99,0.7358,0.6738,0.1902,50.7,1811,1,0.9969,1,0.5,0
SYN-U-13964,227999.66,187255.89,0.7966,0.7031,0.1962,5.7,837,1,0.9528,1,1.4,0
SYN-U-13965,165164.81,114025.71,0.9245,0.7124,0.2618,51.7,1601,4,0.9138,0,0.0,0
SYN-U-13966,134211.43,123494.66,0.7176,0.7607,0.4909,62.4,278,2,0.9139,1,2.3,0
SYN-U-13967,40628.94,35062.59,0.9017,0.8395,0.2319,55.5,1722,4,0.8761,0,0.0,0
SYN-U-13968,112858.28,93097.95,0.8042,0.7181,0.1889,33.0,255,5,0.9275,0,0.0,0
SYN-U-13969,45020.15,31617.49,0.6583,0.642,0.5158,57.3,1266,3,0.895,1,2.5,0
SYN-U-13970,93218.71,79368.27,0.7337,0.7487,0.3488,63.7,1931,7,0.9061,1,3.7,0
SYN-U-13971,96568.15,79613.95,0.9237,0.8347,0.4969,47.6,1755,4,0.8549,1,2.4,0
SYN-U-13972,204862.51,158827.55,0.9045,0.8263,0.47,37.3,543,6,0.9025,0,0.0,0
SYN-U-13973,18817.62,15688.52,0.2281,0.2531,0.8214,32.4,1584,4,0.5369,4,11.5,1
SYN-U-13974,44329.16,37660.09,0.5895,0.2793,0.7224,7.1,2288,2,0.8625,0,0.0,0
SYN-U-13975,87477.66,65298.41,0.827,0.8171,0.2614,12.5,1813,0,1.0,0,0.0,0
SYN-U-13976,127191.65,116996.45,0.8662,0.5932,0.4419,31.7,748,7,0.9555,2,0.7,0
SYN-U-13977,60828.34,49864.85,0.8807,0.8565,0.1656,39.4,1560,1,0.9618,0,0.0,0
SYN-U-13978,43323.21,30405.52,0.7632,0.6835,0.3152,62.8,463,4,0.9668,0,0.0,0
SYN-U-13979,17743.5,12204.29,0.2851,0.4119,0.8369,48.1,540,0,1.0,0,0.0,0
SYN-U-13980,105007.86,74787.43,0.9683,0.8624,0.2057,33.5,2179,7,0.9911,1,0.1,0
SYN-U-13981,19662.73,18607.31,0.7939,0.6524,0.2065,22.2,2124,7,0.8825,0,0.0,0
SYN-U-13982,109507.08,93090.8,0.5943,0.279,0.8067,62.0,1165,4,0.786,1,13.5,1
SYN-U-13983,27539.29,22711.28,0.3007,0.5633,0.4677,37.5,2152,5,0.5413,3,12.6,1
SYN-U-13984,79188.94,68817.67,0.8537,0.6752,0.4069,62.3,1641,3,0.8632,2,1.0,0
SYN-U-13985,62824.11,55605.26,0.5127,0.5599,0.5745,20.7,1264,6,0.976,2,3.6,0
SYN-U-13986,48236.24,35312.35,0.7445,0.7669,0.4172,22.3,431,4,0.9712,2,2.4,0
SYN-U-13987,20349.57,18691.26,0.7746,0.8168,0.3404,23.0,708,0,1.0,0,0.0,0
SYN-U-13988,26270.64,25602.85,0.8479,0.8187,0.426,26.0,741,4,0.9447,1,0.4,0
SYN-U-13989,85054.55,82022.85,0.5494,0.6564,0.6461,10.0,2038,7,0.9585,0,0.0,0
SYN-U-13990,131291.16,114302.93,0.8073,0.8746,0.2827,50.1,1854,2,0.8501,0,0.0,0
SYN-U-13991,88535.74,74088.49,0.2284,0.1544,0.8558,18.8,300,0,1.0,0,0.0,1
SYN-U-13992,13340.46,10173.52,0.6212,0.212,0.4054,43.5,997,0,1.0,0,0.0,0
SYN-U-13993,26544.11,24569.77,0.8713,0.9106,0.2644,16.2,1179,0,1.0,0,0.0,0
SYN-U-13994,73812.6,64381.78,0.7016,0.4262,0.2913,64.4,2059,3,0.7984,1,6.5,0
SYN-U-13995,80355.33,63124.97,0.9152,0.8105,0.2713,56.6,1135,7,0.9486,0,0.0,0
SYN-U-13996,70255.11,47040.66,0.9147,0.6247,0.4745,56.0,938,4,0.9394,1,2.9,0
SYN-U-13997,150936.93,106389.59,0.7863,0.7778,0.4778,44.5,2321,0,1.0,0,0.0,0
SYN-U-13998,23668.6,18446.69,0.7116,0.774,0.3462,53.8,82,1,0.9488,1,1.6,0
SYN-U-13999,38380.43,29449.0,0.7032,0.7497,0.4082,11.7,81,3,0.9785,2,0.2,0
SYN-U-14000,49375.52,43949.79,0.638,0.7586,0.3674,56.4,853,0,1.0,0,0.0,0
SYN-U-14001,68979.51,53408.48,0.8104,0.697,0.4514,11.0,1834,6,0.8975,0,0.0,0
SYN-U-14002,61921.49,58753.4,0.3295,0.1693,0.4782,20.7,2193,0,1.0,0,0.0,1
SYN-U-14003,24735.36,21280.81,0.8787,0.8988,0.1776,48.3,2130,5,0.8712,0,0.0,0
SYN-U-14004,12815.55,8521.39,0.7468,0.8236,0.3508,48.2,176,1,0.8644,0,0.0,0
SYN-U-14005,70345.66,48666.78,0.3199,0.4411,0.4773,51.6,906,3,0.9388,4,6.5,1
SYN-U-14006,30978.92,24365.59,0.9575,0.8652,0.2399,58.0,884,5,0.9288,0,0.0,0
SYN-U-14007,86018.23,82682.03,0.7276,0.7618,0.4464,21.0,1112,1,0.7346,0,0.0,0
SYN-U-14008,17273.33,12479.74,0.2783,0.2489,0.8165,52.2,1973,7,0.854,0,0.0,1
SYN-U-14009,96019.51,66907.18,0.4558,0.3733,0.5189,51.1,191,5,0.7287,2,10.9,1
SYN-U-14010,55200.56,38324.24,0.8577,0.5602,0.4847,18.4,2323,2,0.8501,1,2.3,0
SYN-U-14011,44582.79,34822.99,0.9261,0.8682,0.3987,34.1,282,7,0.9016,0,0.0,0
SYN-U-14012,58081.92,46595.28,0.2768,0.4293,0.5979,7.4,1346,6,0.9381,0,0.0,0
SYN-U-14013,32549.3,26148.8,0.7157,0.8731,0.4423,38.4,2050,0,1.0,0,0.0,0
SYN-U-14014,109287.82,87333.88,0.745,0.5121,0.5623,16.7,985,2,0.7642,2,5.6,0
SYN-U-14015,49205.87,39276.0,0.9488,0.818,0.2706,6.4,129,2,0.9769,0,0.0,0
SYN-U-14016,161804.93,120356.4,0.7424,0.7594,0.2033,44.7,785,4,0.9522,0,0.0,0
SYN-U-14017,130141.23,124285.48,0.7348,0.6894,0.5932,43.5,1875,0,1.0,0,0.0,0
SYN-U-14018,23965.97,22952.85,0.7102,0.2617,0.6863,25.1,681,1,0.7317,4,5.4,1
SYN-U-14019,29060.58,26547.04,0.7014,0.6962,0.4143,35.0,325,4,0.994,0,0.0,0
SYN-U-14020,39674.07,26791.62,0.7174,0.7423,0.1736,32.9,669,0,1.0,0,0.0,0
SYN-U-14021,49993.51,39416.0,0.618,0.6776,0.2766,54.4,1997,2,0.7567,0,0.0,0
SYN-U-14022,60862.81,54127.68,0.9576,0.7276,0.3288,30.8,2272,0,1.0,0,0.0,0
SYN-U-14023,37714.83,25866.02,0.8225,0.6162,0.397,60.7,772,5,0.9633,0,0.0,0
SYN-U-14024,70521.92,60892.69,0.7769,0.6899,0.4379,20.0,721,6,0.8815,1,4.2,0
SYN-U-14025,44995.7,41479.57,0.8498,0.7714,0.1659,7.8,748,2,0.9856,1,2.9,0
SYN-U-14026,67028.11,53473.19,0.7906,0.7787,0.4307,7.1,467,1,0.7086,0,0.0,0
SYN-U-14027,52285.53,46890.76,0.3214,0.2195,0.6199,37.1,536,1,0.6369,1,9.7,1
SYN-U-14028,41039.16,38418.17,0.8994,0.623,0.3323,61.0,820,5,0.9557,0,0.0,0
SYN-U-14029,65867.01,60599.12,0.5038,0.4961,0.5037,8.2,165,0,1.0,0,0.0,0
SYN-U-14030,89390.99,78752.23,0.5148,0.4092,0.3672,22.1,516,3,0.7446,0,0.0,0
SYN-U-14031,39983.09,30147.81,0.243,0.1705,0.4389,59.3,1018,5,0.5362,1,12.9,1
SYN-U-14032,104210.98,90903.08,0.8706,0.6768,0.2387,34.5,94,5,0.8902,0,0.0,0
SYN-U-14033,48967.1,32852.99,0.7619,0.6479,0.1705,10.4,2435,2,0.9905,1,1.1,0
SYN-U-14034,12999.81,10986.96,0.7269,0.3524,0.4501,36.4,2396,4,0.5591,1,5.1,0
SYN-U-14035,58593.07,47742.05,0.8253,0.6451,0.1952,11.8,1414,7,0.9465,0,0.0,0
SYN-U-14036,24487.8,20243.79,0.3502,0.6385,0.5989,49.3,1125,0,1.0,0,0.0,0
SYN-U-14037,129525.57,126221.15,0.7038,0.6467,0.3074,63.3,1785,6,0.9003,0,0.0,0
SYN-U-14038,59211.38,42238.33,0.8142,0.6986,0.2314,31.1,2396,5,0.8511,1,0.5,0
SYN-U-14039,63394.88,54355.1,0.7339,0.6013,0.3315,40.7,116,7,0.9455,0,0.0,0
SYN-U-14040,56743.89,46143.9,0.5975,0.1881,0.7343,52.5,1721,5,0.727,0,0.0,0
SYN-U-14041,50474.49,35786.49,0.7315,0.6173,0.1844,49.6,1964,5,0.8936,0,0.0,0
SYN-U-14042,80030.93,78228.17,0.6265,0.5174,0.5854,31.2,554,5,0.8886,0,0.0,0
SYN-U-14043,64715.51,54306.23,0.8293,0.8128,0.2353,52.5,1534,0,1.0,0,0.0,0
SYN-U-14044,86765.54,63574.8,0.7591,0.6379,0.6294,17.0,2360,1,0.8517,0,0.0,0
SYN-U-14045,29431.21,23161.37,0.326,0.1801,0.643,60.5,1690,4,0.6863,0,0.0,0
SYN-U-14046,41055.52,36155.84,0.8191,0.714,0.4134,20.4,506,2,0.9593,0,0.0,0
SYN-U-14047,69255.93,48650.24,0.8884,0.9146,0.2873,35.4,1261,0,1.0,0,0.0,0
SYN-U-14048,26513.11,18805.45,0.918,0.8442,0.4817,14.0,1396,4,0.9583,0,0.0,0
SYN-U-14049,33671.52,31024.3,0.6111,0.5127,0.5764,11.5,1559,0,1.0,0,0.0,0
SYN-U-14050,16166.41,11921.31,0.7404,0.6262,0.3673,41.7,133,7,0.9633,0,0.0,0
SYN-U-14051,32980.46,22293.03,0.733,0.8324,0.3924,52.8,447,1,0.9362,1,1.3,0
SYN-U-14052,66346.83,54618.15,0.9531,0.5582,0.4179,20.3,2358,6,0.9492,1,1.2,0
SYN-U-14053,86564.77,63792.58,0.6739,0.5891,0.5052,50.9,398,3,0.7049,2,4.9,0
SYN-U-14054,111503.43,92327.16,0.8132,0.899,0.2588,34.6,2296,0,1.0,0,0.0,0
SYN-U-14055,62281.76,48921.43,0.7995,0.8379,0.3933,30.8,34,0,1.0,0,0.0,0
SYN-U-14056,63753.12,60491.54,0.5029,0.506,0.3588,57.5,2328,0,1.0,0,0.0,0
SYN-U-14057,18923.71,16768.74,0.6823,0.2317,0.6121,19.3,1031,2,0.8657,2,8.1,0
SYN-U-14058,15572.26,13429.1,0.8962,0.5598,0.2,31.1,802,7,0.9833,1,2.2,0
SYN-U-14059,27142.03,21782.83,0.8163,0.6016,0.1681,38.3,1637,7,0.8988,2,2.6,0
SYN-U-14060,38399.99,35221.4,0.7948,0.6878,0.1563,24.7,2244,5,0.9588,0,0.0,0
SYN-U-14061,48548.48,32592.3,0.7014,0.6936,0.3722,26.1,412,7,0.854,1,0.4,0
SYN-U-14062,32902.74,31841.13,0.6254,0.7243,0.4253,48.4,1247,4,0.8599,0,0.0,0
SYN-U-14063,44715.3,30930.45,0.9687,0.8683,0.3998,19.1,461,3,0.862,0,0.0,0
SYN-U-14064,15897.6,13087.58,0.5376,0.7257,0.4055,28.9,1951,7,0.8607,0,0.0,0
SYN-U-14065,95527.82,91969.27,0.7897,0.6477,0.3084,64.6,2027,6,0.998,0,0.0,0
SYN-U-14066,60175.2,41870.3,0.6749,0.4792,0.6495,62.0,103,1,0.8509,0,0.0,0
SYN-U-14067,119789.4,91958.73,0.9646,0.9,0.2341,19.4,671,4,0.8977,0,0.0,0
SYN-U-14068,61998.74,59005.8,0.8401,0.7303,0.5304,36.0,2368,1,0.7852,1,5.0,0
SYN-U-14069,23622.11,20414.52,0.7008,0.7747,0.4481,28.4,564,0,1.0,0,0.0,0
SYN-U-14070,13826.26,12482.0,0.6763,0.5904,0.8665,50.9,223,4,0.9135,1,4.2,0
SYN-U-14071,47403.99,44479.35,0.8207,0.837,0.322,36.1,2275,0,1.0,0,0.0,0
SYN-U-14072,58872.97,47130.01,0.8452,0.6021,0.4971,21.4,2298,1,0.9742,0,0.0,0
SYN-U-14073,81877.48,53810.41,0.7286,0.8515,0.3979,50.3,2357,6,0.9809,0,0.0,0
SYN-U-14074,16969.5,14849.78,0.4653,0.4791,0.6956,60.8,2475,1,0.8236,0,0.0,0
SYN-U-14075,61545.7,44234.76,0.596,0.6255,0.8081,24.4,1185,6,0.5529,1,7.5,0
SYN-U-14076,88828.77,71070.18,0.7144,0.7422,0.4944,31.4,1302,2,0.9789,0,0.0,0
SYN-U-14077,64952.15,59658.12,0.8176,0.8567,0.1745,46.8,779,3,0.9607,2,1.7,0
SYN-U-14078,119319.68,92434.03,0.9428,0.6684,0.4504,52.0,1903,5,0.9131,0,0.0,0
SYN-U-14079,141061.55,104965.26,0.8279,0.7679,0.2205,63.7,541,6,0.9315,1,2.3,0
SYN-U-14080,102789.09,67514.72,0.9495,0.576,0.2369,35.7,1717,0,1.0,0,0.0,0
SYN-U-14081,63273.93,49176.03,0.2018,0.1794,0.5974,63.2,1386,3,0.9149,2,3.6,1
SYN-U-14082,12951.2,10269.79,0.8329,0.8189,0.4476,9.6,1438,7,0.9305,0,0.0,0
SYN-U-14083,84331.94,70360.16,0.7056,0.6628,0.3582,34.5,235,7,0.8893,0,0.0,0
SYN-U-14084,30555.42,29027.56,0.7547,0.8903,0.2966,27.6,92,1,0.9253,1,2.2,0
SYN-U-14085,28181.61,25029.62,0.5559,0.3851,0.688,52.5,1253,3,0.5735,3,8.8,1
SYN-U-14086,34649.23,29961.44,0.8627,0.7764,0.2398,64.9,883,3,0.9465,0,0.0,0
SYN-U-14087,21483.88,16315.86,0.3478,0.2761,0.6483,50.0,506,5,0.8226,2,10.8,1
SYN-U-14088,85832.12,63180.39,0.972,0.7167,0.2685,43.2,2345,4,0.9817,0,0.0,0
SYN-U-14089,116867.45,108665.3,0.835,0.771,0.3971,16.0,570,4,0.9049,2,2.1,0
SYN-U-14090,85836.38,60870.29,0.6564,0.4638,0.408,21.8,1410,0,1.0,0,0.0,0
SYN-U-14091,106608.22,88758.49,0.5031,0.7044,0.5044,14.2,2306,6,0.7623,0,0.0,0
SYN-U-14092,133698.76,95850.43,0.8265,0.4716,0.3744,44.6,380,6,0.7046,0,0.0,0
SYN-U-14093,20852.71,18182.9,0.7896,0.6163,0.1536,9.1,1914,1,0.9295,0,0.0,0
SYN-U-14094,33320.05,29293.51,0.9435,0.8023,0.3508,63.5,1184,6,0.968,0,0.0,0
SYN-U-14095,42287.03,40529.81,0.8601,0.6768,0.487,18.6,1041,7,0.861,0,0.0,0
SYN-U-14096,123476.16,86741.61,0.9759,0.87,0.3541,38.8,972,7,0.9644,1,0.2,0
SYN-U-14097,45319.8,33286.78,0.727,0.6039,0.4155,8.3,479,0,1.0,0,0.0,0
SYN-U-14098,15755.71,12141.01,0.8344,0.8691,0.2637,41.9,703,4,0.8998,0,0.0,0
SYN-U-14099,32386.89,28816.99,0.9073,0.7133,0.449,22.9,53,5,0.9944,1,0.8,0
SYN-U-14100,48168.54,45915.76,0.6437,0.6182,0.5981,58.5,1574,7,0.8897,1,6.9,0
SYN-U-14101,115375.06,101529.95,0.6316,0.198,0.8751,49.4,2438,4,0.5717,0,0.0,1
SYN-U-14102,85609.1,71986.13,0.974,0.7638,0.2036,43.6,1965,7,0.9845,0,0.0,0
SYN-U-14103,43111.92,39528.49,0.8709,0.5609,0.4691,49.0,65,6,0.9895,0,0.0,0
SYN-U-14104,82922.87,59477.34,0.9049,0.6479,0.464,58.7,1239,1,0.9011,1,2.4,0
SYN-U-14105,44835.79,31737.86,0.2308,0.5054,0.4433,60.0,1436,4,0.674,2,10.3,1
SYN-U-14106,99299.96,70736.89,0.7371,0.8825,0.2639,8.6,1566,1,0.94,0,0.0,0
SYN-U-14107,14467.73,10377.46,0.584,0.3916,0.7818,59.9,1904,0,1.0,0,0.0,0
SYN-U-14108,39515.87,38395.96,0.7232,0.8121,0.4595,47.1,763,1,0.8885,0,0.0,0
SYN-U-14109,34878.44,23180.43,0.5459,0.2738,0.4878,60.3,469,0,1.0,0,0.0,0
SYN-U-14110,63621.99,56248.57,0.8123,0.8493,0.4971,10.3,461,6,0.945,0,0.0,0
SYN-U-14111,75424.65,58281.46,0.7757,0.7034,0.2999,51.2,887,6,0.9312,0,0.0,0
SYN-U-14112,150815.72,143957.28,0.8618,0.8829,0.4586,33.9,1717,1,0.9467,0,0.0,0
SYN-U-14113,94902.99,75120.34,0.8017,0.5354,0.3605,44.8,238,4,0.9615,0,0.0,0
SYN-U-14114,49762.14,39885.86,0.7459,0.7373,0.2608,23.3,1148,5,0.9747,0,0.0,0
SYN-U-14115,30682.22,28607.8,0.6172,0.5519,0.7163,50.9,2049,6,0.8046,2,16.7,1
SYN-U-14116,82138.84,61321.46,0.846,0.5837,0.5067,18.1,1401,6,0.7336,0,0.0,0
SYN-U-14117,43410.82,36343.18,0.8142,0.5267,0.4906,37.5,909,0,1.0,0,0.0,0
SYN-U-14118,85836.46,65104.21,0.6394,0.4227,0.4571,22.2,2375,5,0.9154,0,0.0,0
SYN-U-14119,29642.54,19457.69,0.7624,0.7083,0.3423,48.6,695,5,0.9403,0,0.0,0
SYN-U-14120,34900.74,32255.07,0.7346,0.7456,0.3212,10.3,35,1,0.9982,0,0.0,0
SYN-U-14121,74646.91,50268.0,0.8639,0.8675,0.433,35.4,113,0,1.0,0,0.0,0
SYN-U-14122,26628.15,23448.13,0.3723,0.3618,0.6196,61.9,1581,3,0.7223,0,0.0,0
SYN-U-14123,85422.29,66360.3,0.8753,0.9074,0.1766,42.3,1552,1,0.871,0,0.0,0
SYN-U-14124,42864.42,33423.03,0.5421,0.535,0.5498,64.0,838,6,0.7248,0,0.0,0
SYN-U-14125,60417.43,55228.28,0.698,0.4946,0.3714,30.7,1146,7,0.7198,0,0.0,0
SYN-U-14126,32357.94,24137.94,0.846,0.6822,0.3649,40.3,447,6,0.9713,0,0.0,0
SYN-U-14127,42582.63,41342.59,0.977,0.6522,0.3322,54.7,31,6,0.8672,1,1.2,0
SYN-U-14128,31156.2,29913.42,0.9354,0.8489,0.3316,33.1,1710,6,0.9538,2,1.1,0
SYN-U-14129,56993.54,49787.21,0.9696,0.7449,0.1733,35.4,2230,3,0.9124,0,0.0,0
SYN-U-14130,138160.72,122045.91,0.8162,0.9059,0.4602,35.1,1035,3,0.8945,0,0.0,0
SYN-U-14131,34933.38,33305.49,0.5978,0.4234,0.2608,51.4,378,3,0.9243,0,0.0,0
SYN-U-14132,58638.33,49674.32,0.7201,0.4675,0.5222,58.6,1470,6,0.7923,0,0.0,0
SYN-U-14133,96622.91,71823.91,0.9318,0.8054,0.1806,59.8,2166,5,0.9965,0,0.0,0
SYN-U-14134,25380.93,16896.15,0.5802,0.6455,0.3081,26.8,845,7,0.9148,1,5.5,0
SYN-U-14135,17880.44,13703.31,0.4165,0.3704,0.4635,53.0,468,5,0.7614,2,17.2,1
SYN-U-14136,37214.29,35187.03,0.6554,0.4478,0.5973,14.4,1753,2,0.7035,2,6.6,0
SYN-U-14137,83541.73,67422.37,0.7816,0.8122,0.1745,23.5,375,6,0.9831,1,2.9,0
SYN-U-14138,60867.07,42144.75,0.7685,0.5753,0.3551,19.1,2126,6,0.9246,0,0.0,0
SYN-U-14139,38845.21,37587.31,0.9308,0.8508,0.4484,13.0,203,4,0.8667,0,0.0,0
SYN-U-14140,71857.12,55565.53,0.8434,0.8353,0.1604,57.9,481,0,1.0,0,0.0,0
SYN-U-14141,87272.19,56949.87,0.7516,0.739,0.262,19.6,1990,3,0.8908,0,0.0,0
SYN-U-14142,61324.8,57243.28,0.5355,0.7841,0.3465,16.6,352,4,0.888,1,5.5,0
SYN-U-14143,73775.69,60322.58,0.6578,0.5068,0.6454,12.9,1493,0,1.0,0,0.0,0
SYN-U-14144,63444.22,53246.3,0.8427,0.6461,0.4959,52.9,1231,1,0.9518,1,1.0,0
SYN-U-14145,16171.54,14851.03,0.6583,0.7236,0.3112,59.7,1685,3,0.8725,0,0.0,0
SYN-U-14146,168110.02,143488.33,0.7627,0.5593,0.4991,11.4,1836,4,0.9809,1,0.2,0
SYN-U-14147,217530.15,143995.73,0.7452,0.8694,0.2471,31.2,1320,0,1.0,0,0.0,0
SYN-U-14148,131796.72,114204.3,0.7598,0.579,0.5153,62.0,1395,4,0.9531,0,0.0,0
SYN-U-14149,20462.92,15682.87,0.7493,0.7447,0.2107,63.3,2149,5,0.9402,1,2.0,0
SYN-U-14150,59856.38,50794.99,0.8921,0.9169,0.3972,33.6,444,4,0.9231,0,0.0,0
SYN-U-14151,39011.98,31728.78,0.7762,0.6458,0.282,53.5,2318,2,0.8992,1,0.9,0
SYN-U-14152,38245.41,27802.46,0.6621,0.5863,0.7306,38.1,859,2,0.5156,3,17.8,1
SYN-U-14153,50083.32,41450.9,0.7229,0.6629,0.3385,59.7,47,2,0.9798,1,2.2,0
SYN-U-14154,56851.32,44594.16,0.7521,0.8541,0.3618,44.4,1426,4,0.9518,0,0.0,0
SYN-U-14155,37738.23,26645.4,0.7936,0.7416,0.2206,61.1,1080,3,0.9026,0,0.0,0
SYN-U-14156,78152.01,71617.62,0.9741,0.7415,0.4775,58.2,1399,4,0.9983,0,0.0,0
SYN-U-14157,85736.53,69039.18,0.8651,0.8554,0.2419,52.6,1881,1,0.9238,0,0.0,0
SYN-U-14158,122731.1,81606.0,0.914,0.7196,0.196,20.6,1505,5,0.8715,0,0.0,0
SYN-U-14159,53079.9,42981.95,0.346,0.2591,0.5585,30.5,1385,7,0.8082,2,9.8,1
SYN-U-14160,41634.96,33732.17,0.5336,0.4154,0.4663,12.1,657,3,0.797,1,4.7,0
SYN-U-14161,39136.48,28524.81,0.9411,0.6734,0.1672,51.1,257,6,0.8855,0,0.0,0
SYN-U-14162,84019.18,56755.25,0.747,0.7887,0.3375,7.0,614,2,0.9233,0,0.0,0
SYN-U-14163,95806.27,67749.39,0.6857,0.5628,0.3586,58.3,589,0,1.0,0,0.0,0
SYN-U-14164,32780.64,31941.01,0.9769,0.732,0.4298,46.0,355,2,0.8663,0,0.0,0
SYN-U-14165,51559.02,45778.72,0.9322,0.7427,0.3063,42.1,1315,3,0.9403,0,0.0,0
SYN-U-14166,43149.62,30878.38,0.836,0.6956,0.3381,38.6,2077,1,0.9969,1,0.6,0
SYN-U-14167,77091.71,59671.09,0.588,0.5055,0.4283,25.2,984,2,0.7584,2,2.4,0
SYN-U-14168,73164.25,67118.76,0.5442,0.4526,0.5345,32.6,1297,3,0.8747,0,0.0,0
SYN-U-14169,32125.68,29656.84,0.7027,0.6212,0.2569,22.4,2434,7,0.919,0,0.0,0
SYN-U-14170,18322.54,14762.14,0.7874,0.6754,0.3587,5.8,2300,7,0.9957,0,0.0,0
SYN-U-14171,165898.64,109630.53,0.9563,0.7069,0.1911,20.2,57,4,0.962,0,0.0,0
SYN-U-14172,123355.47,118154.92,0.8337,0.613,0.5555,11.0,1166,3,0.7245,3,7.7,0
SYN-U-14173,90182.17,85825.2,0.6572,0.1509,0.7913,22.2,366,0,1.0,0,0.0,0
SYN-U-14174,41940.34,40737.73,0.9454,0.6918,0.2171,43.9,250,0,1.0,0,0.0,0
SYN-U-14175,35324.32,32785.38,0.9304,0.5853,0.4465,46.7,951,4,0.8634,1,1.3,0
SYN-U-14176,16349.54,15857.06,0.5084,0.5271,0.5567,25.4,1615,7,0.606,1,3.3,0
SYN-U-14177,46298.13,32440.92,0.9728,0.8988,0.1783,42.5,1557,3,0.925,1,1.5,0
SYN-U-14178,79810.08,59987.25,0.8009,0.4215,0.359,19.2,367,0,1.0,0,0.0,0
SYN-U-14179,106478.35,77445.26,0.9468,0.6085,0.3704,40.7,1486,2,0.9086,0,0.0,0
SYN-U-14180,31558.22,30472.06,0.2336,0.5554,0.6194,19.1,853,4,0.6056,0,0.0,0
SYN-U-14181,39933.18,35172.35,0.9319,0.8749,0.2959,60.6,456,0,1.0,0,0.0,0
SYN-U-14182,31631.1,21331.11,0.7727,0.6391,0.2567,39.6,1489,5,0.9518,0,0.0,0
SYN-U-14183,81206.28,67623.89,0.4735,0.6267,0.8127,5.8,144,3,0.6118,3,9.5,1
SYN-U-14184,83111.39,58383.81,0.7417,0.7036,0.3954,60.1,603,3,0.8643,0,0.0,0
SYN-U-14185,33549.01,29800.15,0.9224,0.872,0.347,19.9,2208,3,0.9311,0,0.0,0
SYN-U-14186,118521.18,108553.25,0.79,0.6605,0.4411,30.7,459,1,0.9837,0,0.0,0
SYN-U-14187,37871.49,30106.02,0.7771,0.8357,0.4714,60.8,2429,7,0.9842,0,0.0,0
SYN-U-14188,77738.33,62185.07,0.8042,0.5498,0.257,8.8,1592,7,0.7561,1,7.4,0
SYN-U-14189,35732.03,29371.02,0.7217,0.6278,0.3803,52.4,1953,6,0.8726,0,0.0,0
SYN-U-14190,80695.1,70738.68,0.9274,0.6179,0.3475,28.9,1565,7,0.9884,0,0.0,0
SYN-U-14191,47802.74,44704.15,0.4575,0.1768,0.6186,8.9,1945,4,0.5233,3,15.2,1
SYN-U-14192,37260.32,30186.95,0.8203,0.4371,0.2917,50.9,345,1,0.7575,0,0.0,0
SYN-U-14193,33449.66,26449.83,0.8428,0.6398,0.5794,40.8,2152,1,0.8031,0,0.0,0
SYN-U-14194,58717.75,50983.0,0.4221,0.4913,0.5285,11.8,2339,0,1.0,0,0.0,0
SYN-U-14195,91958.62,84709.42,0.7026,0.6761,0.2081,42.8,1362,6,0.932,0,0.0,0
SYN-U-14196,45457.78,32792.96,0.5651,0.5592,0.8105,5.4,2016,4,0.681,2,12.1,0
SYN-U-14197,35888.47,25520.34,0.4321,0.154,0.7517,50.8,295,6,0.9066,0,0.0,1
SYN-U-14198,21891.86,19541.62,0.7024,0.6362,0.4558,61.0,753,5,0.7358,1,12.9,0
SYN-U-14199,56564.05,46976.78,0.8457,0.6769,0.3803,21.3,1424,6,0.882,0,0.0,0
SYN-U-14200,75241.41,68506.68,0.7558,0.9033,0.1977,46.8,467,1,0.9536,0,0.0,0
SYN-U-14201,94596.22,66916.05,0.9322,0.5617,0.4005,50.0,2216,2,0.8692,0,0.0,0
SYN-U-14202,33429.31,26266.23,0.7765,0.8065,0.3472,27.2,2334,0,1.0,0,0.0,0
SYN-U-14203,71702.52,64364.4,0.5166,0.4299,0.6617,49.2,2118,6,0.5822,3,10.6,1
SYN-U-14204,59309.92,40269.18,0.7966,0.5941,0.3992,17.8,2291,3,0.9217,0,0.0,0
SYN-U-14205,63613.32,48927.88,0.6167,0.5788,0.4897,21.3,850,2,0.7433,1,4.8,0
SYN-U-14206,33529.46,30202.16,0.6803,0.178,0.4788,22.4,1244,5,0.561,1,17.2,1
SYN-U-14207,56181.3,40406.56,0.3924,0.6372,0.7606,52.5,1201,2,0.9175,3,16.5,1
SYN-U-14208,37441.73,34822.53,0.573,0.5115,0.4318,24.3,1777,3,0.5718,0,0.0,0
SYN-U-14209,13957.15,12995.52,0.7721,0.7991,0.5248,56.8,927,6,0.7308,2,5.6,0
SYN-U-14210,56247.36,51656.4,0.7052,0.6292,0.2139,16.6,2324,2,0.8984,0,0.0,0
SYN-U-14211,46889.62,43923.64,0.896,0.6007,0.2578,47.3,2211,3,0.8856,1,1.1,0
SYN-U-14212,23774.98,19703.01,0.55,0.4816,0.599,60.5,1367,7,0.8875,1,10.5,1
SYN-U-14213,41832.63,33254.58,0.9295,0.7398,0.4316,30.1,1125,6,0.9422,1,2.9,0
SYN-U-14214,51344.64,35326.21,0.8133,0.5626,0.3042,64.0,2028,1,0.8995,1,2.3,0
SYN-U-14215,48296.02,41717.52,0.5776,0.6037,0.499,63.4,1872,5,0.8375,1,6.9,0
SYN-U-14216,50898.78,49386.4,0.9254,0.8583,0.2866,37.1,735,7,0.9448,1,2.6,0
SYN-U-14217,32564.17,26376.91,0.7102,0.6112,0.4991,9.9,888,0,1.0,0,0.0,0
SYN-U-14218,58054.74,52562.89,0.2453,0.4356,0.4264,34.8,1411,3,0.8537,3,9.2,1
SYN-U-14219,120220.85,99757.59,0.8028,0.8583,0.2103,48.9,890,0,1.0,0,0.0,0
SYN-U-14220,23462.72,19353.8,0.8798,0.7584,0.2293,54.9,688,3,0.8576,2,2.1,0
SYN-U-14221,67933.9,50263.16,0.3652,0.4622,0.833,34.9,516,6,0.6141,0,0.0,0
SYN-U-14222,23626.97,19304.74,0.9006,0.6262,0.1551,40.0,527,3,0.9906,0,0.0,0
SYN-U-14223,32839.54,24449.23,0.791,0.7471,0.2125,29.4,1166,6,0.9865,0,0.0,0
SYN-U-14224,57815.28,54473.02,0.8436,0.5525,0.2982,6.2,257,4,0.8222,0,0.0,0
SYN-U-14225,13930.18,9626.24,0.4708,0.3438,0.73,61.5,1679,6,0.6545,1,11.2,1
SYN-U-14226,164646.97,118901.32,0.934,0.8143,0.3018,26.2,2366,4,0.966,0,0.0,0
SYN-U-14227,80450.23,77008.67,0.8838,0.6586,0.2338,44.7,2233,6,0.9358,0,0.0,0
SYN-U-14228,13137.25,9897.29,0.5038,0.2963,0.5827,26.5,1991,1,0.5107,0,0.0,0
SYN-U-14229,58824.92,51683.95,0.7875,0.5753,0.388,13.6,163,3,0.9393,0,0.0,0
SYN-U-14230,33251.97,25153.99,0.4957,0.5273,0.404,28.9,1955,5,0.9104,1,14.4,1
SYN-U-14231,16825.93,12330.6,0.7401,0.1946,0.82,55.5,2317,2,0.6374,0,0.0,0
SYN-U-14232,66184.08,47339.84,0.6889,0.6525,0.2919,61.1,431,4,0.7123,3,4.9,0
SYN-U-14233,105631.79,84669.16,0.8229,0.7155,0.3482,11.0,1435,4,0.9219,0,0.0,0
SYN-U-14234,185182.26,129645.06,0.792,0.8919,0.3688,60.8,516,6,0.9877,1,1.5,0
SYN-U-14235,66572.29,51861.27,0.7346,0.6722,0.3294,12.5,189,1,0.9811,2,2.9,0
SYN-U-14236,59978.06,55956.89,0.9224,0.6254,0.1563,26.9,2033,4,0.9237,1,1.0,0
SYN-U-14237,46307.21,44472.7,0.9562,0.6072,0.4567,29.8,2428,4,0.8739,0,0.0,0
SYN-U-14238,103348.31,88785.02,0.778,0.7075,0.5497,48.9,1596,5,0.7174,2,5.4,0
SYN-U-14239,82094.75,63648.91,0.7135,0.4012,0.5087,47.9,1437,3,0.9186,0,0.0,0
SYN-U-14240,21313.16,17936.93,0.2953,0.4758,0.5134,20.4,2401,4,0.5045,1,16.9,1
SYN-U-14241,64322.29,55521.33,0.6382,0.2909,0.7745,29.8,1397,6,0.6373,4,10.2,1
SYN-U-14242,53923.48,50083.46,0.3975,0.4649,0.584,37.6,1468,5,0.742,0,0.0,0
SYN-U-14243,103061.8,72552.02,0.6351,0.5381,0.5311,47.7,851,5,0.7767,1,7.0,0
SYN-U-14244,105230.38,78428.64,0.6274,0.6212,0.4601,19.8,2316,4,0.8821,0,0.0,0
SYN-U-14245,137408.33,120924.64,0.7781,0.8827,0.2077,14.9,1995,5,0.9514,0,0.0,0
SYN-U-14246,26553.03,23734.84,0.7748,0.6113,0.3587,45.8,191,4,0.9566,0,0.0,0
SYN-U-14247,28789.85,22657.85,0.3606,0.5174,0.4562,8.9,1687,2,0.8947,3,11.7,1
SYN-U-14248,67306.96,57384.06,0.7204,0.7395,0.2782,21.6,1198,3,0.9242,0,0.0,0
SYN-U-14249,154839.79,113052.92,0.8936,0.6304,0.228,34.4,322,6,0.9542,0,0.0,0
SYN-U-14250,90376.44,82306.55,0.7295,0.9036,0.192,39.5,2461,3,0.9556,1,0.9,0
SYN-U-14251,54563.2,48361.44,0.9524,0.8171,0.3299,13.7,647,5,0.8969,1,0.4,0
SYN-U-14252,66077.47,45580.82,0.8303,0.6018,0.4376,20.4,76,2,0.7811,1,6.5,0
SYN-U-14253,21290.73,16976.45,0.3102,0.4509,0.6139,62.6,312,1,0.7748,3,10.7,1
SYN-U-14254,180558.54,169986.5,0.6423,0.7702,0.3656,25.1,1529,4,0.8619,1,6.1,0
SYN-U-14255,14719.19,9642.47,0.82,0.8545,0.3662,30.4,748,3,0.9125,0,0.0,0
SYN-U-14256,168587.44,146319.15,0.9658,0.5717,0.2244,20.9,1995,6,0.9049,0,0.0,0
SYN-U-14257,73342.12,60666.55,0.8899,0.8792,0.2542,20.7,1473,4,0.8902,1,0.1,0
SYN-U-14258,63646.04,54084.13,0.7686,0.5556,0.1516,12.4,1929,4,0.8545,0,0.0,0
SYN-U-14259,75088.94,62129.93,0.9516,0.8533,0.2808,22.2,2473,3,0.9501,2,1.4,0
SYN-U-14260,56606.3,37971.8,0.9727,0.8799,0.479,62.1,1032,6,0.8832,1,0.7,0
SYN-U-14261,78058.21,75678.08,0.7298,0.7853,0.5529,42.3,1333,0,1.0,0,0.0,0
SYN-U-14262,85128.32,71013.75,0.8508,0.9165,0.4825,26.5,2259,1,0.9801,1,2.5,0
SYN-U-14263,43976.35,29588.24,0.6427,0.5285,0.3971,17.7,1393,1,0.8346,0,0.0,0
SYN-U-14264,118715.03,115159.03,0.6038,0.406,0.4411,36.7,1178,0,1.0,0,0.0,0
SYN-U-14265,116156.34,85898.42,0.7977,0.8189,0.4498,47.4,1033,4,0.89,2,1.1,0
SYN-U-14266,36315.62,26222.52,0.8265,0.6047,0.1886,23.3,216,7,0.8922,0,0.0,0
SYN-U-14267,24128.0,18212.87,0.8426,0.847,0.4431,34.0,2174,0,1.0,0,0.0,0
SYN-U-14268,23147.35,19507.33,0.9611,0.8332,0.2411,56.2,138,5,0.9329,0,0.0,0
SYN-U-14269,31213.44,21831.18,0.7804,0.8088,0.3809,19.1,1863,2,0.8963,0,0.0,0
SYN-U-14270,45930.59,30040.96,0.7934,0.6053,0.4184,19.9,379,0,1.0,0,0.0,0
SYN-U-14271,34962.21,26689.7,0.9027,0.8939,0.431,39.0,936,5,0.8788,1,2.0,0
SYN-U-14272,28681.0,26558.57,0.79,0.7594,0.4904,22.4,679,7,0.8686,0,0.0,0
SYN-U-14273,41071.13,32937.07,0.7383,0.7392,0.3596,19.4,1159,0,1.0,0,0.0,0
SYN-U-14274,61134.86,43545.87,0.2047,0.3269,0.4135,55.8,2305,1,0.8315,4,16.3,1
SYN-U-14275,14478.67,11458.16,0.5269,0.5086,0.32,44.6,1761,0,1.0,0,0.0,0
SYN-U-14276,90199.91,71908.84,0.6266,0.5508,0.4211,13.7,34,6,0.8845,0,0.0,0
SYN-U-14277,73168.41,57646.41,0.8615,0.9075,0.2934,13.4,2276,5,0.9105,0,0.0,0
SYN-U-14278,101492.86,67536.24,0.7965,0.742,0.2768,31.2,2032,1,0.7301,3,7.1,0
SYN-U-14279,15992.69,15291.49,0.6708,0.5315,0.4861,43.4,1853,6,0.809,2,16.7,0
SYN-U-14280,13768.98,12781.94,0.7111,0.1516,0.8194,55.7,794,7,0.9369,0,0.0,0
SYN-U-14281,52295.13,36163.66,0.8687,0.6177,0.3257,10.9,517,6,0.8507,0,0.0,0
SYN-U-14282,17008.65,12544.46,0.3855,0.2907,0.8475,11.4,100,2,0.9188,4,7.1,1
SYN-U-14283,14219.0,13896.71,0.3402,0.2243,0.5492,28.6,285,5,0.5154,0,0.0,0
SYN-U-14284,39716.39,35999.68,0.7807,0.8651,0.442,51.0,1126,3,0.8704,0,0.0,0
SYN-U-14285,45778.18,30023.3,0.7264,0.8958,0.301,9.5,2147,1,0.9885,0,0.0,0
SYN-U-14286,184231.38,162757.5,0.7835,0.5619,0.4769,32.8,2448,3,0.935,0,0.0,0
SYN-U-14287,114017.3,89850.79,0.8498,0.6733,0.3764,50.4,644,7,0.93,0,0.0,0
SYN-U-14288,29444.1,21881.33,0.7144,0.5534,0.6817,5.9,1932,1,0.8385,2,15.2,1
SYN-U-14289,51277.06,48821.79,0.8136,0.6608,0.4456,18.9,67,2,0.9315,0,0.0,0
SYN-U-14290,49333.51,44349.41,0.7563,0.7088,0.3248,5.7,316,2,0.9241,0,0.0,0
SYN-U-14291,19253.46,13596.27,0.5011,0.582,0.2564,25.5,282,7,0.7881,0,0.0,0
SYN-U-14292,97753.28,75871.85,0.7227,0.4806,0.4915,27.7,1210,4,0.8774,0,0.0,0
SYN-U-14293,102370.74,77552.64,0.8794,0.6166,0.3298,45.7,1598,4,0.8505,0,0.0,0
SYN-U-14294,42751.84,29320.11,0.3629,0.5248,0.7044,20.2,672,1,0.5516,1,3.3,1
SYN-U-14295,42862.9,37506.52,0.7519,0.8105,0.3984,24.2,1434,2,0.9089,0,0.0,0
SYN-U-14296,22273.59,19685.7,0.9671,0.836,0.3827,21.5,427,4,0.9579,0,0.0,0
SYN-U-14297,45827.95,39856.47,0.3982,0.5811,0.6077,35.2,2469,5,0.9401,0,0.0,0
SYN-U-14298,100571.74,66639.32,0.9191,0.6638,0.4708,54.3,272,4,0.9243,0,0.0,0
SYN-U-14299,38885.33,27770.17,0.8125,0.6405,0.5488,32.6,1702,3,0.8989,2,4.6,0
SYN-U-14300,60833.49,56682.25,0.8147,0.6408,0.3947,38.2,1411,7,0.8646,0,0.0,0
SYN-U-14301,132355.78,91560.75,0.8573,0.8732,0.4641,56.0,418,4,0.9517,0,0.0,0
SYN-U-14302,15487.94,14548.75,0.6517,0.6466,0.4172,10.8,185,6,0.8005,0,0.0,0
SYN-U-14303,52938.74,41858.67,0.7483,0.8976,0.3486,44.3,1746,0,1.0,0,0.0,0
SYN-U-14304,78245.2,61367.64,0.6019,0.4915,0.4693,49.0,31,5,0.9136,0,0.0,0
SYN-U-14305,72575.94,61358.64,0.9007,0.6014,0.4824,59.1,1992,7,0.9781,0,0.0,0
SYN-U-14306,16390.01,15477.51,0.2275,0.3883,0.4884,57.7,896,0,1.0,0,0.0,0
SYN-U-14307,39704.66,29475.44,0.9136,0.8224,0.1786,23.1,466,5,0.8959,0,0.0,0
SYN-U-14308,44457.33,34969.29,0.71,0.5602,0.3785,63.7,1369,5,0.9311,1,2.9,0
SYN-U-14309,49579.85,40741.99,0.8421,0.8791,0.4669,25.3,1973,4,0.8909,0,0.0,0
SYN-U-14310,61532.62,44418.19,0.8503,0.6673,0.4825,12.0,1388,7,0.8731,1,0.6,0
SYN-U-14311,72198.35,50280.77,0.5975,0.774,0.5824,61.4,2272,1,0.7214,0,0.0,0
SYN-U-14312,138221.45,104905.58,0.7979,0.6032,0.3781,58.6,30,4,0.8732,1,2.9,0
SYN-U-14313,46769.63,43986.07,0.7992,0.7966,0.2793,19.7,2221,2,0.8542,0,0.0,0
SYN-U-14314,22816.18,21009.42,0.361,0.6056,0.492,54.1,1246,6,0.5323,2,10.3,1
SYN-U-14315,117232.16,113931.23,0.9113,0.5938,0.2406,44.4,1266,2,0.9365,0,0.0,0
SYN-U-14316,30173.98,25004.24,0.889,0.7301,0.3502,48.7,1707,5,0.9062,2,0.1,0
SYN-U-14317,26628.62,25608.85,0.2996,0.2949,0.4775,9.3,364,3,0.6735,3,16.1,1
SYN-U-14318,148040.33,96517.71,0.9044,0.6302,0.3945,59.9,1443,3,0.9057,0,0.0,0
SYN-U-14319,62813.8,58031.77,0.7691,0.6751,0.2938,63.4,1104,2,0.8729,0,0.0,0
SYN-U-14320,37016.87,31867.22,0.5774,0.2324,0.7441,20.1,1801,3,0.6821,4,7.3,1
SYN-U-14321,51610.68,34119.23,0.9728,0.7799,0.4392,41.2,2216,4,0.8844,0,0.0,0
SYN-U-14322,16221.97,13565.28,0.5078,0.2013,0.454,63.3,1052,6,0.8934,2,7.8,0
SYN-U-14323,134464.32,131634.23,0.7966,0.5261,0.5085,9.3,515,4,0.8283,0,0.0,0
SYN-U-14324,17641.0,14913.34,0.2798,0.5882,0.579,29.1,1596,4,0.9044,3,7.8,0
SYN-U-14325,169521.22,129525.68,0.8085,0.4731,0.4262,10.4,1997,3,0.9122,0,0.0,0
SYN-U-14326,14782.61,14311.29,0.3361,0.4305,0.7008,24.4,1650,6,0.5159,0,0.0,1
SYN-U-14327,46661.61,31879.31,0.7334,0.8332,0.1846,10.3,2073,7,0.9322,0,0.0,0
SYN-U-14328,100128.5,96250.57,0.7908,0.6107,0.1618,26.7,255,6,0.9298,0,0.0,0
SYN-U-14329,106787.51,102471.12,0.8779,0.7573,0.464,60.2,2224,1,0.9657,0,0.0,0
SYN-U-14330,45972.47,38761.91,0.7443,0.5906,0.48,19.6,927,4,0.7781,0,0.0,0
SYN-U-14331,48957.26,32158.28,0.9465,0.6701,0.4629,14.4,2017,2,0.9854,0,0.0,0
SYN-U-14332,34273.74,28195.65,0.8177,0.8753,0.4755,50.5,1444,3,0.904,0,0.0,0
SYN-U-14333,57894.95,53849.16,0.8635,0.8274,0.2981,63.8,281,3,0.9126,0,0.0,0
SYN-U-14334,108988.63,86276.98,0.8417,0.464,0.3819,36.4,1831,7,0.9373,0,0.0,0
SYN-U-14335,32072.85,22377.05,0.7334,0.7822,0.3511,8.8,470,5,0.8693,0,0.0,0
SYN-U-14336,39062.45,32856.01,0.9731,0.8533,0.3305,60.5,1858,1,0.9314,0,0.0,0
SYN-U-14337,32123.08,26966.29,0.7462,0.8415,0.3993,10.0,696,6,0.9384,0,0.0,0
SYN-U-14338,45596.84,34599.33,0.7718,0.4208,0.5993,56.2,1453,3,0.7073,2,3.2,0
SYN-U-14339,35006.8,23351.96,0.7277,0.8339,0.222,54.5,1919,6,0.9891,0,0.0,0
SYN-U-14340,26018.49,22162.85,0.4682,0.4217,0.7782,62.8,2226,4,0.8486,1,13.7,1
SYN-U-14341,54080.58,37579.04,0.7253,0.758,0.3954,16.0,799,1,0.8873,0,0.0,0
SYN-U-14342,44430.14,30799.01,0.514,0.6273,0.6525,36.6,1934,2,0.6958,2,5.9,0
SYN-U-14343,36467.41,23977.63,0.7011,0.9155,0.4302,55.1,907,5,0.9887,0,0.0,0
SYN-U-14344,86499.97,75486.53,0.6056,0.2086,0.463,7.2,1010,6,0.7668,4,16.0,1
SYN-U-14345,18230.46,13354.31,0.5734,0.3924,0.5369,44.6,2350,1,0.8055,0,0.0,0
SYN-U-14346,34468.54,26156.31,0.8497,0.6064,0.3714,36.7,985,5,0.7342,0,0.0,0
SYN-U-14347,38690.54,25946.82,0.7899,0.6945,0.3505,51.5,380,5,0.9163,0,0.0,0
SYN-U-14348,32865.81,23266.9,0.8231,0.7495,0.3594,6.6,1253,5,0.9782,1,1.2,0
SYN-U-14349,62578.21,53914.68,0.6812,0.4711,0.4758,48.1,1565,4,0.6943,0,0.0,0
SYN-U-14350,44481.48,38918.87,0.8154,0.7906,0.3993,19.0,1137,7,0.9135,1,1.1,0
SYN-U-14351,41828.86,33133.0,0.6667,0.4741,0.574,27.6,1981,6,0.5033,0,0.0,0
SYN-U-14352,24164.85,15990.9,0.7312,0.607,0.3604,54.4,1353,3,0.9707,2,4.2,0
SYN-U-14353,22510.27,18494.09,0.6222,0.6865,0.318,52.3,717,6,0.7773,0,0.0,0
SYN-U-14354,42327.4,39764.41,0.4001,0.199,0.4987,27.7,1421,6,0.5061,2,14.5,1
SYN-U-14355,20611.87,16786.32,0.5083,0.4696,0.7093,24.3,336,6,0.5226,1,16.9,1
SYN-U-14356,83613.86,77574.79,0.9643,0.5882,0.229,47.8,855,6,0.9319,2,0.8,0
SYN-U-14357,168695.27,122166.55,0.7944,0.6787,0.5459,45.5,206,3,0.9321,0,0.0,0
SYN-U-14358,16978.08,13552.73,0.3678,0.1695,0.6327,24.7,439,3,0.8426,0,0.0,1
SYN-U-14359,78289.68,59914.27,0.7199,0.6161,0.4782,54.3,2235,6,0.8797,2,4.6,0
SYN-U-14360,54050.84,49231.06,0.9322,0.7182,0.4243,34.7,1068,1,0.9724,1,1.2,0
SYN-U-14361,51210.51,35487.58,0.3562,0.3475,0.7465,20.3,2379,1,0.6091,0,0.0,1
SYN-U-14362,75048.66,73059.59,0.55,0.7199,0.4216,27.8,114,7,0.7928,1,6.3,0
SYN-U-14363,65514.49,45761.38,0.5423,0.4011,0.6409,26.6,1291,1,0.8321,1,2.9,1
SYN-U-14364,16829.16,13745.77,0.8077,0.7154,0.2738,9.7,811,0,1.0,0,0.0,0
SYN-U-14365,19371.48,15133.1,0.3147,0.2514,0.6565,20.5,423,4,0.9167,1,9.7,1
SYN-U-14366,29316.56,19939.76,0.8366,0.8169,0.1708,5.8,484,7,0.9094,0,0.0,0
SYN-U-14367,14224.6,13414.58,0.6407,0.7238,0.5448,5.5,1729,6,0.8292,2,7.8,0
SYN-U-14368,36228.58,33380.12,0.6605,0.5577,0.3968,51.0,2470,0,1.0,0,0.0,0
SYN-U-14369,35267.99,23117.15,0.7368,0.5533,0.2775,40.2,830,5,0.9983,0,0.0,0
SYN-U-14370,74419.77,48753.87,0.7263,0.7124,0.4416,38.6,496,7,0.935,0,0.0,0
SYN-U-14371,81831.57,70424.31,0.5688,0.7492,0.541,64.1,743,6,0.8845,1,3.7,0
SYN-U-14372,75272.53,57559.25,0.5425,0.5473,0.5376,6.0,1667,2,0.7437,2,16.4,0
SYN-U-14373,19073.68,17013.41,0.5235,0.1538,0.7419,5.4,2476,3,0.7609,1,14.0,1
SYN-U-14374,124953.08,92224.6,0.952,0.5689,0.4116,19.5,1927,6,0.9395,0,0.0,0
SYN-U-14375,86041.22,62628.67,0.2066,0.6453,0.5194,28.0,2078,1,0.8592,1,6.2,0
SYN-U-14376,49536.84,43191.7,0.9097,0.7688,0.2115,27.1,696,4,0.8847,0,0.0,0
SYN-U-14377,73534.7,59961.78,0.8381,0.6004,0.3975,13.5,2097,1,0.8796,0,0.0,0
SYN-U-14378,25003.28,18843.1,0.6906,0.6394,0.4519,55.1,1515,0,1.0,0,0.0,0
SYN-U-14379,60770.5,53126.94,0.8788,0.8185,0.1683,55.1,1871,5,0.9552,1,0.8,0
SYN-U-14380,28061.8,20155.49,0.7388,0.5771,0.7738,50.3,1380,1,0.891,1,5.1,0
SYN-U-14381,48586.28,47311.59,0.8361,0.7269,0.3749,36.1,123,2,0.9069,0,0.0,0
SYN-U-14382,60056.84,52978.58,0.7295,0.583,0.472,24.7,1976,1,0.977,0,0.0,0
SYN-U-14383,29082.42,19366.42,0.5602,0.2998,0.8462,20.8,645,4,0.6293,1,12.7,1
SYN-U-14384,56562.32,46354.32,0.5781,0.2503,0.6968,41.2,1222,7,0.8421,1,11.6,1
SYN-U-14385,20891.51,15492.46,0.6777,0.4157,0.533,12.7,1020,7,0.7841,0,0.0,0
SYN-U-14386,50758.04,34743.03,0.9338,0.7571,0.3798,21.1,1963,7,0.8853,0,0.0,0
SYN-U-14387,33429.55,26467.32,0.7979,0.5786,0.3243,56.2,2415,7,0.9048,0,0.0,0
SYN-U-14388,97264.68,85107.97,0.6589,0.5519,0.5564,5.7,1015,3,0.7613,0,0.0,0
SYN-U-14389,79444.96,53163.27,0.9636,0.6311,0.175,37.8,345,5,0.9829,0,0.0,0
SYN-U-14390,57257.02,46828.01,0.7871,0.728,0.4903,48.9,2035,5,0.9947,0,0.0,0
SYN-U-14391,56636.11,49115.61,0.7477,0.609,0.32,20.7,2219,5,0.8573,0,0.0,0
SYN-U-14392,41652.72,35805.32,0.785,0.7595,0.2271,25.0,187,0,1.0,0,0.0,0
SYN-U-14393,144778.62,139360.15,0.8615,0.8852,0.3728,57.2,251,0,1.0,0,0.0,0
SYN-U-14394,46577.17,33239.93,0.7197,0.7742,0.4196,49.2,1414,7,0.9334,0,0.0,0
SYN-U-14395,42916.21,29953.2,0.8959,0.5948,0.4009,62.5,449,6,0.9629,0,0.0,0
SYN-U-14396,88006.45,83960.11,0.6331,0.594,0.3165,39.1,391,2,0.9476,0,0.0,0
SYN-U-14397,40653.13,29662.69,0.502,0.5052,0.4801,30.8,815,0,1.0,0,0.0,0
SYN-U-14398,89401.52,77186.95,0.901,0.8969,0.2078,24.8,2127,6,0.9806,1,1.5,0
SYN-U-14399,33567.26,29840.04,0.95,0.8872,0.2079,22.8,1500,0,1.0,0,0.0,0
SYN-U-14400,70489.58,47665.29,0.93,0.7024,0.2462,49.4,106,1,0.9584,1,0.6,0
SYN-U-14401,38652.15,30398.89,0.8733,0.6422,0.2767,17.7,1286,0,1.0,0,0.0,0
SYN-U-14402,49585.27,38788.85,0.8886,0.8683,0.3949,35.7,632,1,0.8814,0,0.0,0
SYN-U-14403,54198.64,42441.38,0.6434,0.4668,0.5646,31.3,2254,6,0.9029,0,0.0,0
SYN-U-14404,108170.74,73591.13,0.6742,0.6658,0.5472,7.4,593,5,0.843,2,5.8,0
SYN-U-14405,80389.39,70399.48,0.6369,0.5536,0.3904,37.2,2105,7,0.9778,1,6.7,0
SYN-U-14406,62804.2,52616.86,0.8594,0.8798,0.4533,46.0,547,0,1.0,0,0.0,0
SYN-U-14407,49945.59,32700.29,0.824,0.901,0.1986,30.8,1087,4,0.969,1,0.9,0
SYN-U-14408,52284.55,49481.8,0.4184,0.4689,0.709,15.5,1161,4,0.8243,1,15.4,1
SYN-U-14409,121839.96,82177.13,0.5093,0.4879,0.2913,5.0,1803,2,0.9107,0,0.0,0
SYN-U-14410,73360.26,71811.28,0.7523,0.7364,0.3897,14.8,1351,5,0.9025,2,2.1,0
SYN-U-14411,41306.0,39104.43,0.7207,0.6367,0.2223,60.7,1254,2,0.9222,0,0.0,0
SYN-U-14412,30433.91,20222.07,0.8779,0.6636,0.3563,62.7,1178,7,0.9681,1,2.7,0
SYN-U-14413,107899.28,87743.35,0.5363,0.737,0.6204,59.5,276,1,0.8069,0,0.0,0
SYN-U-14414,58683.42,46429.9,0.8175,0.6811,0.284,25.9,1772,4,0.956,0,0.0,0
SYN-U-14415,84445.71,57467.83,0.8149,0.783,0.2656,27.7,1295,0,1.0,0,0.0,0
SYN-U-14416,101297.68,67163.65,0.9513,0.788,0.3394,54.0,436,0,1.0,0,0.0,0
SYN-U-14417,50394.77,44677.78,0.7801,0.7518,0.3691,52.2,1013,6,0.9056,0,0.0,0
SYN-U-14418,13806.16,11607.09,0.4725,0.6039,0.4891,56.6,965,6,0.5147,2,3.1,0
SYN-U-14419,36595.74,32350.17,0.8746,0.7928,0.267,54.4,1651,2,0.9372,0,0.0,0
SYN-U-14420,40991.39,30424.26,0.9526,0.6214,0.3773,25.5,2097,4,0.996,1,2.6,0
SYN-U-14421,95451.67,79265.89,0.7412,0.5876,0.571,55.2,455,6,0.9781,0,0.0,0
SYN-U-14422,54029.58,42348.93,0.8948,0.7543,0.3569,55.8,2191,4,0.863,1,0.3,0
SYN-U-14423,19220.06,17982.44,0.7826,0.7249,0.4942,63.4,1390,0,1.0,0,0.0,0
SYN-U-14424,133044.59,120992.09,0.7114,0.5327,0.5095,53.1,671,7,0.8074,0,0.0,0
SYN-U-14425,33777.43,29298.1,0.6406,0.4476,0.6451,9.5,1432,4,0.8279,0,0.0,0
SYN-U-14426,28201.46,26642.71,0.9118,0.8672,0.2669,7.4,1908,1,0.8851,0,0.0,0
SYN-U-14427,32107.45,25691.29,0.722,0.6577,0.2944,59.7,1654,5,0.9585,1,2.1,0
SYN-U-14428,113664.26,74491.83,0.8332,0.6045,0.2218,7.1,1032,0,1.0,0,0.0,0
SYN-U-14429,34395.83,27071.59,0.8753,0.5579,0.2247,36.3,1089,7,0.8617,0,0.0,0
SYN-U-14430,53099.83,48899.23,0.8345,0.8307,0.4591,56.7,1600,1,0.9001,0,0.0,0
SYN-U-14431,59145.33,51471.26,0.7493,0.5757,0.2104,6.9,1672,5,0.943,1,2.9,0
SYN-U-14432,30656.84,28393.11,0.8904,0.5878,0.3544,10.6,221,6,0.9604,1,2.5,0
SYN-U-14433,43389.56,28861.19,0.8808,0.586,0.4123,14.8,583,5,0.8927,0,0.0,0
SYN-U-14434,27335.05,24797.91,0.2301,0.4154,0.7318,44.0,817,3,0.5227,0,0.0,1
SYN-U-14435,53067.66,40006.06,0.7535,0.8355,0.4169,23.4,1692,4,0.8885,0,0.0,0
SYN-U-14436,16220.56,15524.95,0.6149,0.4471,0.8137,27.1,466,5,0.7072,2,8.0,1
SYN-U-14437,26790.55,17578.42,0.3463,0.2768,0.4894,61.5,1706,3,0.5334,0,0.0,1
SYN-U-14438,63555.39,62026.36,0.2947,0.5132,0.744,50.9,339,5,0.8072,0,0.0,1
SYN-U-14439,17129.06,14229.43,0.4823,0.539,0.6478,52.9,719,0,1.0,0,0.0,0
SYN-U-14440,76426.07,53728.38,0.5992,0.4678,0.8349,32.8,1013,2,0.776,0,0.0,0
SYN-U-14441,23930.93,19835.16,0.7675,0.7103,0.3119,63.0,1716,3,0.9729,0,0.0,0
SYN-U-14442,33770.45,31522.87,0.8313,0.7481,0.2852,56.0,1524,3,0.9221,0,0.0,0
SYN-U-14443,35586.04,25519.85,0.7148,0.7517,0.2916,18.4,1375,6,0.9888,0,0.0,0
SYN-U-14444,145239.22,140493.22,0.5556,0.4715,0.6433,55.8,299,4,0.8778,0,0.0,0
SYN-U-14445,65078.74,57341.71,0.6818,0.699,0.4569,42.7,1814,4,0.7344,0,0.0,0
SYN-U-14446,16620.36,15199.89,0.2636,0.5679,0.7805,45.7,666,0,1.0,0,0.0,0
SYN-U-14447,16706.28,15916.93,0.557,0.3905,0.7308,28.2,1504,0,1.0,0,0.0,0
SYN-U-14448,55870.09,49250.52,0.7416,0.8192,0.2058,32.0,1335,2,0.8668,0,0.0,0
SYN-U-14449,39028.38,31562.12,0.9409,0.8803,0.2593,22.8,398,0,1.0,0,0.0,0
SYN-U-14450,42411.85,36793.52,0.6851,0.4349,0.4413,18.3,467,2,0.9706,1,2.4,0
SYN-U-14451,114823.19,86249.85,0.8097,0.8533,0.2444,17.1,234,5,0.9887,0,0.0,0
SYN-U-14452,38762.68,32831.01,0.8453,0.8519,0.2573,48.1,240,0,1.0,0,0.0,0
SYN-U-14453,99103.62,75973.15,0.5765,0.701,0.4323,52.1,1579,2,0.8968,0,0.0,0
SYN-U-14454,26776.58,19030.64,0.205,0.3176,0.5428,16.3,555,4,0.5711,1,13.8,1
SYN-U-14455,61618.56,55925.2,0.6924,0.5816,0.7162,30.4,1597,5,0.7542,0,0.0,0
SYN-U-14456,76314.45,66839.96,0.7628,0.5776,0.4979,53.1,231,5,0.8047,1,6.5,0
SYN-U-14457,41668.13,35759.34,0.8719,0.6365,0.1553,64.1,465,6,0.8772,0,0.0,0
SYN-U-14458,42025.72,37227.05,0.6794,0.7967,0.4346,48.9,917,2,0.9483,0,0.0,0
SYN-U-14459,222640.65,166542.21,0.7489,0.8285,0.3539,61.6,1936,7,0.8788,1,2.9,0
SYN-U-14460,55059.74,52104.54,0.8275,0.6084,0.5241,19.8,2467,3,0.8615,1,5.5,0
SYN-U-14461,83694.37,57286.9,0.8935,0.6014,0.4544,41.1,111,3,0.9346,0,0.0,0
SYN-U-14462,105650.59,100373.71,0.6232,0.7783,0.5533,6.7,819,2,0.8842,0,0.0,0
SYN-U-14463,23992.93,19240.3,0.3909,0.5144,0.872,45.7,1292,1,0.6031,0,0.0,1
SYN-U-14464,40283.77,35491.62,0.8414,0.9115,0.4412,61.0,2080,2,0.8637,1,1.5,0
SYN-U-14465,47741.12,35173.24,0.9474,0.5827,0.4872,20.2,2270,2,0.8799,0,0.0,0
SYN-U-14466,30924.97,24136.84,0.5532,0.6463,0.7109,54.3,400,1,0.6442,2,9.8,1
SYN-U-14467,34707.1,29446.38,0.645,0.6282,0.7425,51.9,2156,0,1.0,0,0.0,0
SYN-U-14468,24330.38,17076.86,0.9598,0.8912,0.3822,54.4,1022,0,1.0,0,0.0,0
SYN-U-14469,72794.06,70558.94,0.9112,0.5987,0.2201,54.3,851,5,0.9184,2,2.5,0
SYN-U-14470,41251.41,37304.32,0.5423,0.5998,0.3201,62.5,444,2,0.8008,0,0.0,0
SYN-U-14471,56319.45,38914.87,0.5403,0.5443,0.2582,23.2,2375,1,0.7606,0,0.0,0
SYN-U-14472,188624.38,183994.05,0.6764,0.7237,0.2729,30.7,1053,2,0.7144,1,3.1,0
SYN-U-14473,53966.95,51409.8,0.7554,0.8543,0.1535,8.5,1375,6,0.8614,0,0.0,0
SYN-U-14474,66535.65,51803.9,0.5286,0.4469,0.6725,56.6,2475,2,0.5504,0,0.0,1
SYN-U-14475,68593.88,59597.47,0.6831,0.6837,0.3326,17.7,219,0,1.0,0,0.0,0
SYN-U-14476,41847.71,39409.87,0.7523,0.8377,0.3475,24.2,745,3,0.8804,0,0.0,0
SYN-U-14477,71730.12,49781.09,0.8725,0.6417,0.41,22.5,1670,7,0.8939,0,0.0,0
SYN-U-14478,55147.28,45748.34,0.7253,0.6173,0.637,57.1,343,6,0.756,0,0.0,0
SYN-U-14479,96196.41,64151.36,0.8141,0.4408,0.342,51.0,1410,2,0.8649,1,3.0,0
SYN-U-14480,57405.53,38437.84,0.8322,0.5533,0.2733,17.7,2358,3,0.8906,0,0.0,0
SYN-U-14481,15983.55,15612.12,0.7158,0.2963,0.8457,14.4,1531,1,0.5081,2,5.9,1
SYN-U-14482,13601.43,9325.74,0.6948,0.4543,0.755,28.6,1296,4,0.8158,2,12.9,0
SYN-U-14483,54348.02,42298.19,0.7934,0.6847,0.2592,46.5,1693,3,0.9063,0,0.0,0
SYN-U-14484,56330.76,36963.3,0.7647,0.638,0.3052,32.7,134,4,0.8917,0,0.0,0
SYN-U-14485,138579.9,131908.44,0.8623,0.8562,0.2625,12.3,543,4,0.9297,0,0.0,0
SYN-U-14486,38977.34,28678.39,0.7467,0.902,0.1918,60.1,1906,1,0.8529,0,0.0,0
SYN-U-14487,87146.69,74336.22,0.6703,0.4277,0.4733,24.6,1288,4,0.7439,0,0.0,0
SYN-U-14488,140236.59,122428.48,0.7779,0.7614,0.3987,18.7,1473,7,0.8944,0,0.0,0
SYN-U-14489,101783.26,92097.63,0.7441,0.4537,0.61,6.7,2492,5,0.8291,1,2.1,0
SYN-U-14490,26650.45,17570.86,0.6137,0.3263,0.6659,48.3,475,3,0.7911,3,5.0,0
SYN-U-14491,15703.07,11891.83,0.3376,0.2047,0.8638,54.0,1490,4,0.8344,0,0.0,1
SYN-U-14492,101080.29,87809.35,0.6714,0.5774,0.5865,47.8,609,6,0.6547,4,17.4,1
SYN-U-14493,38113.86,29584.59,0.841,0.7115,0.3271,39.8,633,7,0.9131,0,0.0,0
SYN-U-14494,48047.6,46997.39,0.8359,0.7396,0.3071,46.5,2302,0,1.0,0,0.0,0
SYN-U-14495,63046.43,56501.39,0.8392,0.7103,0.487,10.1,146,5,0.908,0,0.0,0
SYN-U-14496,14181.87,11426.61,0.6228,0.3061,0.6984,37.6,682,4,0.6115,1,5.9,0
SYN-U-14497,149767.61,135138.76,0.7151,0.6034,0.1559,25.1,1572,2,0.8516,0,0.0,0
SYN-U-14498,291954.72,269061.95,0.8717,0.6862,0.3557,63.5,1511,5,0.9306,0,0.0,0
SYN-U-14499,71536.23,68765.07,0.6058,0.471,0.2735,32.9,1108,3,0.7203,1,3.5,0
SYN-U-14500,48736.91,39203.2,0.9779,0.6053,0.4892,41.9,2135,1,0.8664,1,2.4,0
SYN-U-14501,93575.54,67056.17,0.7308,0.5963,0.393,10.8,468,2,0.8832,2,6.1,0
SYN-U-14502,39449.27,27356.97,0.726,0.8786,0.3796,62.7,577,2,0.9948,0,0.0,0
SYN-U-14503,23162.03,21862.16,0.9179,0.5757,0.192,41.2,1787,5,0.8817,1,2.5,0
SYN-U-14504,46672.71,38979.21,0.7099,0.7026,0.4593,8.7,798,1,0.8476,0,0.0,0
SYN-U-14505,137259.31,109100.47,0.9066,0.6173,0.3845,29.2,128,6,0.8552,0,0.0,0
SYN-U-14506,17828.87,12650.51,0.4374,0.4782,0.7797,20.5,2278,3,0.6361,0,0.0,1
SYN-U-14507,49837.47,32486.39,0.86,0.6025,0.1832,42.4,120,3,0.8981,0,0.0,0
SYN-U-14508,16288.45,11772.93,0.3119,0.5202,0.8058,55.4,1840,7,0.8385,2,13.0,1
SYN-U-14509,20759.83,14021.69,0.7958,0.7151,0.3526,55.9,2415,0,1.0,0,0.0,0
SYN-U-14510,17299.54,12311.99,0.6113,0.6643,0.5901,24.1,970,0,1.0,0,0.0,0
SYN-U-14511,48593.42,38853.21,0.9678,0.6103,0.3395,56.1,721,1,0.9957,0,0.0,0
SYN-U-14512,16657.42,15086.39,0.5891,0.7591,0.5665,52.4,167,3,0.7946,0,0.0,0
SYN-U-14513,21219.93,15174.13,0.6448,0.2767,0.4768,59.5,479,2,0.9403,2,11.7,0
SYN-U-14514,116727.86,79303.89,0.7585,0.6927,0.3193,34.6,757,3,0.983,0,0.0,0
SYN-U-14515,110741.95,108048.53,0.8515,0.8748,0.4159,49.6,255,6,0.986,0,0.0,0
SYN-U-14516,14915.58,13289.24,0.2832,0.1548,0.4407,18.2,1945,2,0.5663,2,9.7,1
SYN-U-14517,70704.85,46007.4,0.8826,0.7824,0.2175,30.3,2257,5,0.9228,0,0.0,0
SYN-U-14518,79796.3,71173.36,0.7883,0.4223,0.5571,55.4,2031,7,0.8943,0,0.0,0
SYN-U-14519,49112.43,38870.26,0.784,0.4993,0.2561,52.1,1037,7,0.9416,0,0.0,0
SYN-U-14520,40799.2,36562.16,0.9737,0.8397,0.4978,42.3,312,3,0.9199,0,0.0,0
SYN-U-14521,109670.73,101355.33,0.8773,0.8555,0.154,27.6,1758,7,0.9233,0,0.0,0
SYN-U-14522,50446.61,38802.42,0.9325,0.8442,0.2196,46.6,422,2,0.8936,0,0.0,0
SYN-U-14523,68000.24,54712.68,0.7711,0.5545,0.3908,45.5,1966,2,0.7078,0,0.0,0
SYN-U-14524,129904.49,112815.59,0.7174,0.6406,0.247,39.7,1679,1,0.9631,0,0.0,0
SYN-U-14525,170653.95,138081.26,0.956,0.6578,0.3611,62.2,608,3,0.9083,0,0.0,0
SYN-U-14526,14291.28,13230.14,0.302,0.5516,0.7198,19.1,111,0,1.0,0,0.0,0
SYN-U-14527,37006.52,28084.39,0.8348,0.7123,0.453,31.8,1669,5,0.9408,1,1.7,0
SYN-U-14528,56810.94,50083.96,0.2532,0.2197,0.4384,46.7,893,5,0.8676,3,13.6,1
SYN-U-14529,112242.39,82364.77,0.9028,0.8682,0.3645,29.7,1681,2,0.9165,0,0.0,0
SYN-U-14530,82582.36,73298.26,0.8001,0.5266,0.39,54.5,188,3,0.7307,2,4.5,0
SYN-U-14531,66545.91,59792.36,0.396,0.4606,0.7612,34.9,2475,0,1.0,0,0.0,0
SYN-U-14532,58084.64,39339.46,0.7491,0.5669,0.2673,16.3,1720,7,0.8619,1,0.6,0
SYN-U-14533,177815.67,160411.09,0.9208,0.682,0.3531,17.9,1892,2,0.9542,0,0.0,0
SYN-U-14534,17092.11,12935.76,0.2326,0.1737,0.8072,20.8,1967,5,0.6186,0,0.0,1
SYN-U-14535,28826.48,27495.18,0.7508,0.9188,0.4931,17.2,485,3,0.9961,0,0.0,0
SYN-U-14536,44368.31,38476.29,0.6126,0.572,0.6173,39.7,1157,7,0.7634,0,0.0,0
SYN-U-14537,69574.87,58766.31,0.9395,0.8429,0.3619,39.3,1957,1,0.9742,0,0.0,0
SYN-U-14538,31415.16,27003.81,0.4662,0.2784,0.5012,5.5,165,6,0.5253,1,18.0,1
SYN-U-14539,137253.65,128562.43,0.785,0.796,0.3711,44.3,2185,3,0.9125,0,0.0,0
SYN-U-14540,108135.75,82730.36,0.9218,0.8714,0.491,54.1,1657,1,0.9292,0,0.0,0
SYN-U-14541,152149.37,137569.92,0.7052,0.8117,0.2133,47.1,595,4,0.8836,0,0.0,0
SYN-U-14542,62135.61,43134.44,0.8026,0.7113,0.2396,11.6,1412,5,0.9343,0,0.0,0
SYN-U-14543,31700.48,30289.81,0.8923,0.7558,0.4633,29.3,1377,5,0.9376,0,0.0,0
SYN-U-14544,32019.01,22121.48,0.6434,0.7341,0.6099,55.8,1859,4,0.7534,0,0.0,0
SYN-U-14545,53185.46,39046.89,0.8723,0.8919,0.3244,33.1,1461,2,0.9861,0,0.0,0
SYN-U-14546,58598.88,44431.11,0.7162,0.6294,0.4608,19.4,735,4,0.9454,0,0.0,0
SYN-U-14547,49852.94,36710.92,0.4102,0.2054,0.7402,7.8,951,1,0.7621,0,0.0,1
SYN-U-14548,30130.42,24171.11,0.6554,0.5027,0.2918,25.7,581,0,1.0,0,0.0,0
SYN-U-14549,53884.79,40771.11,0.9471,0.8639,0.4782,14.2,390,0,1.0,0,0.0,0
SYN-U-14550,35788.1,24845.84,0.7065,0.7714,0.4183,36.1,1699,6,0.871,0,0.0,0
SYN-U-14551,59579.93,53070.28,0.8926,0.8122,0.1815,20.9,2231,0,1.0,0,0.0,0
SYN-U-14552,48562.03,32674.06,0.5777,0.2817,0.4126,17.0,2294,2,0.8776,0,0.0,0
SYN-U-14553,52164.39,41268.22,0.8133,0.6834,0.354,57.8,1172,1,0.965,0,0.0,0
SYN-U-14554,43597.17,31920.38,0.2773,0.5268,0.769,33.5,1718,3,0.8317,0,0.0,0
SYN-U-14555,17781.71,13187.72,0.4536,0.4287,0.6175,60.4,2274,6,0.8495,0,0.0,0
SYN-U-14556,90165.34,77297.14,0.9766,0.571,0.4994,55.9,718,1,0.8718,0,0.0,0
SYN-U-14557,60779.41,48742.41,0.5756,0.4933,0.4896,64.9,2008,2,0.9205,2,4.2,0
SYN-U-14558,18699.99,14684.92,0.8941,0.6533,0.4243,46.2,2148,7,0.8896,0,0.0,0
SYN-U-14559,59182.18,47860.31,0.737,0.7252,0.4782,59.8,1918,6,0.9066,0,0.0,0
SYN-U-14560,58522.15,51001.92,0.5753,0.4015,0.5452,58.0,2168,3,0.9352,0,0.0,0
SYN-U-14561,31212.78,23215.01,0.7908,0.9083,0.206,8.6,371,7,0.9246,0,0.0,0
SYN-U-14562,55500.28,51692.66,0.9418,0.7301,0.4093,54.8,858,0,1.0,0,0.0,0
SYN-U-14563,219343.35,157989.26,0.9534,0.6982,0.406,16.5,657,6,0.9463,0,0.0,0
SYN-U-14564,91395.31,74166.64,0.8291,0.5794,0.5411,9.4,86,2,0.9506,0,0.0,0
SYN-U-14565,68855.76,62585.42,0.7684,0.7416,0.1992,48.6,618,5,0.8649,0,0.0,0
SYN-U-14566,76969.15,72948.24,0.7995,0.6725,0.6409,8.8,1694,0,1.0,0,0.0,0
SYN-U-14567,48818.17,39485.93,0.753,0.5835,0.333,18.2,1882,1,0.9399,0,0.0,0
SYN-U-14568,38392.66,26803.4,0.9036,0.855,0.219,50.2,146,1,0.9142,1,0.8,0
SYN-U-14569,15672.88,15270.65,0.4743,0.4304,0.5868,48.9,2067,0,1.0,0,0.0,0
SYN-U-14570,52004.72,41176.84,0.8725,0.6638,0.3831,19.7,1889,7,0.8687,0,0.0,0
SYN-U-14571,42934.36,31085.17,0.6122,0.3424,0.4508,30.3,79,7,0.5697,1,10.6,0
SYN-U-14572,83844.92,75515.74,0.7657,0.4254,0.3243,56.7,1058,6,0.7542,0,0.0,0
SYN-U-14573,15642.52,14991.57,0.2474,0.4381,0.453,59.2,1256,0,1.0,0,0.0,1
SYN-U-14574,60010.75,40031.73,0.7622,0.7701,0.4965,16.6,491,3,0.857,0,0.0,0
SYN-U-14575,41368.1,40223.81,0.7543,0.724,0.3507,58.9,1701,5,0.925,1,2.2,0
SYN-U-14576,60549.23,43094.57,0.902,0.6853,0.1653,12.6,749,6,0.8594,0,0.0,0
SYN-U-14577,33013.29,31297.98,0.2333,0.2684,0.7405,54.5,1317,2,0.7495,1,13.3,1
SYN-U-14578,29359.76,19216.56,0.526,0.3794,0.7378,22.5,1205,4,0.9289,0,0.0,0
SYN-U-14579,42180.33,36085.55,0.5128,0.7395,0.6177,10.2,933,2,0.9795,0,0.0,0
SYN-U-14580,36235.85,34915.45,0.5622,0.5444,0.8574,58.0,2397,6,0.7063,2,11.6,0
SYN-U-14581,31804.5,31029.27,0.714,0.2608,0.7464,13.4,2002,0,1.0,0,0.0,0
SYN-U-14582,33761.38,24233.17,0.7952,0.8308,0.3359,36.0,1308,5,0.9209,0,0.0,0
SYN-U-14583,57984.33,54846.1,0.7872,0.8648,0.3214,50.3,2306,3,0.9899,0,0.0,0
SYN-U-14584,76685.36,73998.77,0.7366,0.3345,0.8483,28.7,2319,5,0.5036,3,3.6,1
SYN-U-14585,26982.72,18372.23,0.9347,0.7195,0.1963,18.3,2175,3,0.9094,0,0.0,0
SYN-U-14586,23515.18,16249.36,0.848,0.7643,0.1741,44.8,1459,5,0.9201,1,0.5,0
SYN-U-14587,82927.61,75834.82,0.9613,0.564,0.4185,45.4,1107,1,0.8926,0,0.0,0
SYN-U-14588,177974.13,144289.35,0.8186,0.8441,0.232,17.4,800,4,0.8869,0,0.0,0
SYN-U-14589,49743.0,44757.48,0.7844,0.7672,0.4258,52.7,1218,5,0.8701,0,0.0,0
SYN-U-14590,117921.12,83824.61,0.5003,0.4857,0.3277,22.0,792,3,0.9101,0,0.0,0
SYN-U-14591,113349.83,101699.46,0.6361,0.4919,0.3868,24.0,381,3,0.8727,0,0.0,0
SYN-U-14592,31520.58,23850.28,0.2251,0.413,0.5788,27.7,2322,3,0.5374,2,5.1,1
SYN-U-14593,255713.66,206868.95,0.8465,0.6119,0.2575,10.6,2049,7,0.9761,0,0.0,0
SYN-U-14594,26829.5,26209.21,0.9073,0.7398,0.4621,30.0,78,2,0.918,0,0.0,0
SYN-U-14595,37986.34,36678.47,0.9036,0.854,0.2899,7.7,401,1,0.8945,0,0.0,0
SYN-U-14596,29216.47,28078.41,0.757,0.669,0.4479,34.1,934,3,0.876,0,0.0,0
SYN-U-14597,25698.69,17371.95,0.5144,0.4834,0.4473,54.4,1326,3,0.8558,0,0.0,0
SYN-U-14598,52043.15,45170.6,0.9098,0.5593,0.1585,5.8,624,5,0.9832,0,0.0,0
SYN-U-14599,29028.37,18885.08,0.7319,0.8251,0.3045,17.1,357,2,0.875,1,0.5,0
SYN-U-14600,52340.78,41178.24,0.5514,0.4282,0.346,46.9,2415,4,0.7627,0,0.0,0
SYN-U-14601,93918.97,88710.25,0.7413,0.6635,0.2296,41.4,2128,7,0.9525,0,0.0,0
SYN-U-14602,69794.24,65796.99,0.7281,0.6064,0.743,10.7,624,5,0.7517,3,12.4,0
SYN-U-14603,62493.94,44898.8,0.7578,0.849,0.2988,21.9,584,7,0.9842,0,0.0,0
SYN-U-14604,33220.39,21921.42,0.9698,0.755,0.4266,57.4,1277,3,0.9017,0,0.0,0
SYN-U-14605,26843.72,20396.28,0.3885,0.1786,0.6667,13.7,2374,3,0.8879,0,0.0,0
SYN-U-14606,41915.54,40715.36,0.8511,0.8346,0.4597,25.9,920,0,1.0,0,0.0,0
SYN-U-14607,55487.79,47968.82,0.4016,0.4183,0.7,29.6,672,5,0.8373,1,3.0,0
SYN-U-14608,24316.97,20567.6,0.7691,0.6459,0.3214,23.1,936,6,0.9125,1,0.4,0
SYN-U-14609,212660.59,198476.59,0.9485,0.8579,0.3551,11.6,665,2,0.9459,0,0.0,0
SYN-U-14610,49312.19,37972.53,0.8005,0.7657,0.1639,15.0,1885,7,0.9682,0,0.0,0
SYN-U-14611,40804.4,32852.64,0.5288,0.4536,0.5632,34.4,2497,6,0.5396,0,0.0,0
SYN-U-14612,60192.18,41735.22,0.9575,0.8602,0.3295,45.1,965,2,0.8887,1,1.6,0
SYN-U-14613,67410.18,54375.22,0.6293,0.749,0.396,25.4,178,4,0.9054,0,0.0,0
SYN-U-14614,17199.0,12895.82,0.7147,0.8456,0.3447,36.6,774,6,0.9489,1,2.5,0
SYN-U-14615,56672.57,49926.0,0.7105,0.8168,0.1929,34.9,1409,5,0.9804,1,0.5,0
SYN-U-14616,61812.62,51347.09,0.6912,0.7122,0.3718,16.4,1953,7,0.8045,3,6.8,0
SYN-U-14617,63797.17,43724.89,0.5812,0.5048,0.7129,50.5,65,3,0.8558,3,4.9,0
SYN-U-14618,35214.86,28056.85,0.6287,0.5704,0.3334,10.8,372,0,1.0,0,0.0,0
SYN-U-14619,80133.77,73808.21,0.7428,0.8647,0.4409,56.5,2213,6,0.8991,2,0.7,0
SYN-U-14620,101371.12,83169.82,0.7782,0.6277,0.3763,8.8,2456,2,0.9712,0,0.0,0
SYN-U-14621,38107.76,29831.11,0.9135,0.7754,0.4975,41.7,497,1,0.8973,0,0.0,0
SYN-U-14622,14833.01,12946.81,0.6204,0.2024,0.7273,56.4,1013,4,0.5743,0,0.0,0
SYN-U-14623,31034.65,23071.19,0.8927,0.645,0.4503,39.1,124,2,0.9156,0,0.0,0
SYN-U-14624,96480.03,67532.09,0.9074,0.8646,0.2801,44.9,639,3,0.9296,0,0.0,0
SYN-U-14625,55231.73,41778.44,0.2075,0.1516,0.6297,29.2,1842,5,0.5846,1,12.4,1
SYN-U-14626,43430.87,38084.52,0.9187,0.8317,0.3262,46.7,1813,2,0.8899,0,0.0,0
SYN-U-14627,35653.98,23993.27,0.5918,0.6281,0.5771,9.3,1075,0,1.0,0,0.0,0
SYN-U-14628,146659.02,117283.97,0.7828,0.6882,0.3597,26.1,1899,5,0.8868,1,1.7,0
SYN-U-14629,78714.58,76103.95,0.7895,0.8764,0.3602,13.2,2350,7,0.904,0,0.0,0
SYN-U-14630,80627.27,69707.2,0.8187,0.6168,0.436,59.7,522,1,0.8631,3,3.5,0
SYN-U-14631,58056.18,42938.92,0.8236,0.8395,0.3432,13.0,1667,0,1.0,0,0.0,0
SYN-U-14632,46478.05,39401.83,0.7447,0.632,0.8631,6.7,1839,2,0.5071,0,0.0,0
SYN-U-14633,24459.11,23055.58,0.5117,0.2973,0.7862,11.0,556,5,0.6417,2,6.3,1
SYN-U-14634,50786.4,33475.22,0.2368,0.2944,0.706,38.6,219,0,1.0,0,0.0,1
SYN-U-14635,66477.04,58037.24,0.6428,0.6522,0.5326,49.3,1289,5,0.9171,0,0.0,0
SYN-U-14636,44208.1,41218.41,0.7324,0.8092,0.4868,30.0,811,4,0.8727,0,0.0,0
SYN-U-14637,48788.3,38721.89,0.8339,0.8394,0.3765,37.9,360,7,0.961,0,0.0,0
SYN-U-14638,103849.36,71891.99,0.8323,0.7057,0.5238,17.9,1330,6,0.8295,0,0.0,0
SYN-U-14639,53789.33,35282.47,0.8173,0.87,0.1874,56.2,1197,4,0.9202,0,0.0,0
SYN-U-14640,88293.99,71968.12,0.5177,0.7798,0.4922,32.2,716,3,0.8868,0,0.0,0
SYN-U-14641,50598.75,49459.58,0.6735,0.7049,0.6025,44.0,1413,1,0.766,2,7.4,0
SYN-U-14642,49771.7,41696.52,0.6351,0.7237,0.2871,11.4,2365,5,0.8844,1,5.6,0
SYN-U-14643,52339.13,39875.16,0.4125,0.5294,0.5046,42.5,1619,3,0.8459,2,6.0,0
SYN-U-14644,14030.26,11084.86,0.6661,0.5344,0.4762,35.3,1377,0,1.0,0,0.0,0
SYN-U-14645,90525.94,75101.55,0.5526,0.4417,0.5127,8.3,1423,0,1.0,0,0.0,0
SYN-U-14646,64164.23,60233.14,0.8116,0.7698,0.4645,22.6,957,4,0.9799,0,0.0,0
SYN-U-14647,36239.46,25009.78,0.9017,0.8129,0.3176,49.9,2265,1,0.9339,0,0.0,0
SYN-U-14648,41078.92,32517.28,0.9434,0.7575,0.2464,46.1,1735,7,0.9137,0,0.0,0
SYN-U-14649,19166.53,13715.13,0.8234,0.7207,0.2321,29.2,1137,2,0.9313,0,0.0,0
SYN-U-14650,27709.18,22902.92,0.7759,0.4447,0.5502,7.3,1486,7,0.9479,1,2.6,0
SYN-U-14651,56816.35,38893.15,0.8266,0.6427,0.2644,40.7,1192,2,0.8899,0,0.0,0
SYN-U-14652,47279.23,33486.04,0.9471,0.6534,0.2709,54.7,1508,3,0.9911,0,0.0,0
SYN-U-14653,36445.19,30607.13,0.7511,0.8123,0.2306,32.7,2157,5,0.8662,0,0.0,0
SYN-U-14654,61192.74,55433.14,0.3563,0.1587,0.4474,20.3,657,0,1.0,0,0.0,0
SYN-U-14655,244898.88,197492.15,0.8517,0.638,0.1825,35.8,2139,1,0.9702,0,0.0,0
SYN-U-14656,30576.28,22187.74,0.8388,0.751,0.1936,41.8,2087,1,0.8835,1,1.5,0
SYN-U-14657,58824.96,55227.21,0.5122,0.4658,0.2761,13.8,1827,0,1.0,0,0.0,0
SYN-U-14658,134793.53,109018.96,0.7728,0.7545,0.4929,35.1,528,3,0.8544,0,0.0,0
SYN-U-14659,54129.28,37307.5,0.8976,0.7237,0.1596,8.0,93,1,0.9641,1,2.8,0
SYN-U-14660,86230.46,57014.69,0.7584,0.7492,0.3379,15.1,754,0,1.0,0,0.0,0
SYN-U-14661,84134.61,57773.96,0.5961,0.436,0.446,55.4,97,1,0.9498,1,6.4,0
SYN-U-14662,95430.92,92132.64,0.5988,0.4403,0.3229,7.0,886,3,0.8843,3,4.6,0
SYN-U-14663,46815.58,33295.85,0.7261,0.833,0.4511,29.5,423,5,0.8542,0,0.0,0
SYN-U-14664,44607.83,29160.19,0.7083,0.8624,0.3015,10.1,620,1,0.8841,1,2.2,0
SYN-U-14665,15228.46,11154.74,0.4147,0.6343,0.6426,24.1,1288,6,0.9269,4,14.5,1
SYN-U-14666,57889.57,51824.27,0.7561,0.5286,0.3721,19.6,661,6,0.8638,0,0.0,0
SYN-U-14667,42239.89,34765.32,0.7423,0.6285,0.2375,42.7,763,4,0.9941,1,0.9,0
SYN-U-14668,73225.71,63557.26,0.6019,0.5923,0.5072,61.1,690,1,0.5865,4,17.5,0
SYN-U-14669,34993.42,30862.41,0.5881,0.5513,0.6441,57.1,1526,4,0.7547,1,13.4,0
SYN-U-14670,43492.11,35678.53,0.663,0.6415,0.5126,29.1,71,3,0.8151,0,0.0,0
SYN-U-14671,46560.47,38104.31,0.5481,0.6409,0.3409,21.3,627,6,0.9033,1,6.1,0
SYN-U-14672,21471.85,16684.74,0.4626,0.2953,0.4001,26.6,1299,6,0.8382,3,11.2,0
SYN-U-14673,68528.42,55666.35,0.441,0.2608,0.7484,20.8,245,6,0.8223,3,12.0,1
SYN-U-14674,49862.36,38047.06,0.9449,0.909,0.4958,8.8,390,7,0.9924,1,1.4,0
SYN-U-14675,57612.28,44040.47,0.9733,0.5734,0.3784,46.3,1893,3,0.8916,0,0.0,0
SYN-U-14676,32906.04,23067.28,0.906,0.5718,0.2994,37.1,656,7,0.9669,1,2.1,0
SYN-U-14677,56686.32,52294.77,0.7571,0.9165,0.3122,60.5,1146,2,0.8623,1,3.0,0
SYN-U-14678,44200.08,37522.82,0.7602,0.7401,0.2282,16.5,1890,1,0.9052,1,1.7,0
SYN-U-14679,282901.5,251756.38,0.866,0.6663,0.3994,39.1,1406,6,0.8921,1,1.7,0
SYN-U-14680,14234.15,13340.56,0.6126,0.4014,0.7398,12.2,1084,1,0.6272,2,8.5,1
SYN-U-14681,14991.05,11718.8,0.7334,0.7632,0.3221,37.2,2173,5,0.9907,1,0.8,0
SYN-U-14682,46373.13,33364.93,0.7269,0.7089,0.424,41.7,512,1,0.9657,0,0.0,0
SYN-U-14683,40353.35,29924.3,0.582,0.4914,0.4833,53.7,1658,0,1.0,0,0.0,0
SYN-U-14684,91944.58,69638.69,0.6397,0.6243,0.2575,50.7,97,0,1.0,0,0.0,0
SYN-U-14685,100141.3,94751.44,0.7025,0.6843,0.3603,17.2,714,1,0.9749,2,1.3,0
SYN-U-14686,44533.4,38733.01,0.6914,0.4155,0.2768,15.6,1915,6,0.7126,0,0.0,0
SYN-U-14687,46799.49,34743.16,0.9045,0.6537,0.4565,7.6,2333,7,0.9736,0,0.0,0
SYN-U-14688,39267.42,34454.3,0.2118,0.5315,0.8344,30.8,1307,5,0.6922,0,0.0,1
SYN-U-14689,190072.67,158635.48,0.3955,0.5015,0.4103,12.9,1697,6,0.763,0,0.0,0
SYN-U-14690,58849.37,56464.81,0.9011,0.6735,0.2986,12.1,2237,5,0.9608,1,2.2,0
SYN-U-14691,59136.4,53659.98,0.5577,0.6258,0.8682,50.2,2216,4,0.5995,0,0.0,1
SYN-U-14692,123034.87,111847.44,0.7236,0.7491,0.3512,46.4,1563,5,0.975,0,0.0,0
SYN-U-14693,14185.92,12177.45,0.5946,0.4481,0.54,36.0,644,0,1.0,0,0.0,0
SYN-U-14694,43697.58,32068.13,0.7044,0.2087,0.5284,57.8,1252,7,0.7658,1,14.2,0
SYN-U-14695,37391.26,35794.64,0.9062,0.6055,0.4072,45.2,1934,4,0.9268,1,0.6,0
SYN-U-14696,70649.29,54266.48,0.7031,0.6647,0.2328,11.2,1438,6,0.8577,0,0.0,0
SYN-U-14697,66210.72,49270.06,0.7537,0.7991,0.5072,19.6,2121,0,1.0,0,0.0,0
SYN-U-14698,62570.78,57883.55,0.7867,0.581,0.2058,16.3,582,7,0.9106,0,0.0,0
SYN-U-14699,22627.83,16218.41,0.7763,0.7523,0.4977,43.4,833,6,0.9626,1,1.7,0
SYN-U-14700,43721.44,29410.11,0.4368,0.3304,0.423,17.1,1013,2,0.7016,4,12.9,1
SYN-U-14701,88932.09,74196.3,0.9532,0.691,0.2902,38.4,2329,7,0.9775,0,0.0,0
SYN-U-14702,165430.04,111746.29,0.7765,0.7533,0.2152,6.3,1283,1,0.8648,1,2.9,0
SYN-U-14703,22751.59,19054.11,0.9418,0.9083,0.3055,49.0,1032,0,1.0,0,0.0,0
SYN-U-14704,61607.01,56223.1,0.8404,0.6275,0.1533,37.4,969,6,0.8972,0,0.0,0
SYN-U-14705,32596.66,26187.7,0.8334,0.5799,0.2041,12.4,223,6,0.8619,0,0.0,0
SYN-U-14706,81985.79,70126.34,0.6899,0.4386,0.3489,51.2,155,4,0.7888,0,0.0,0
SYN-U-14707,99651.45,88608.29,0.7912,0.5664,0.372,45.4,2247,1,0.9334,0,0.0,0
SYN-U-14708,21807.32,17954.91,0.2466,0.4264,0.7505,12.5,1763,7,0.5565,0,0.0,0
SYN-U-14709,68491.15,53529.45,0.7704,0.8679,0.4027,8.7,1856,6,0.963,1,0.3,0
SYN-U-14710,177361.01,161472.0,0.5443,0.7678,0.4492,24.9,89,3,0.9744,1,4.1,0
SYN-U-14711,91617.08,62018.23,0.5509,0.5165,0.5296,63.7,563,2,0.8786,0,0.0,0
SYN-U-14712,39197.4,29661.3,0.7194,0.7431,0.2948,41.2,995,7,0.8645,0,0.0,0
SYN-U-14713,78317.28,60501.52,0.8959,0.7991,0.1724,33.4,1088,3,0.9756,0,0.0,0
SYN-U-14714,62963.79,60424.02,0.706,0.6467,0.4061,34.4,1643,0,1.0,0,0.0,0
SYN-U-14715,46323.91,31777.61,0.877,0.8727,0.1576,62.3,1440,5,0.8505,0,0.0,0
SYN-U-14716,55303.77,49257.11,0.5066,0.5976,0.3841,41.9,914,5,0.9363,0,0.0,0
SYN-U-14717,41537.23,39120.74,0.2885,0.3315,0.7856,64.6,1394,3,0.9305,4,17.0,1
SYN-U-14718,57948.58,43482.36,0.7386,0.7114,0.1651,24.2,754,4,0.8601,0,0.0,0
SYN-U-14719,73666.02,55544.85,0.7659,0.8707,0.2995,50.3,1112,3,0.9335,0,0.0,0
SYN-U-14720,90322.01,71248.15,0.895,0.8578,0.4758,62.3,2128,7,0.9032,1,0.1,0
SYN-U-14721,16493.94,15391.48,0.4877,0.4511,0.7428,15.5,1510,6,0.7288,2,9.0,1
SYN-U-14722,32189.66,26341.93,0.8754,0.6565,0.1783,41.3,2047,5,0.8783,0,0.0,0
SYN-U-14723,58731.02,46355.31,0.9615,0.7746,0.4199,33.5,71,0,1.0,0,0.0,0
SYN-U-14724,21398.38,20840.21,0.5692,0.4994,0.4907,38.0,1397,5,0.9378,0,0.0,0
SYN-U-14725,19184.77,17811.21,0.563,0.3714,0.8186,8.2,782,2,0.7748,0,0.0,0
SYN-U-14726,115091.59,92739.32,0.9118,0.8097,0.3486,59.1,467,3,0.9574,0,0.0,0
SYN-U-14727,25209.97,22074.14,0.7107,0.7691,0.461,44.4,2342,3,0.8711,0,0.0,0
SYN-U-14728,82206.14,69284.25,0.7676,0.745,0.2811,45.2,513,4,0.9985,2,1.1,0
SYN-U-14729,39635.79,27818.26,0.7537,0.5121,0.475,62.9,305,4,0.9617,0,0.0,0
SYN-U-14730,34321.31,31838.53,0.9597,0.8619,0.4662,64.6,859,3,0.8693,0,0.0,0
SYN-U-14731,73534.25,68300.22,0.8352,0.869,0.1872,10.6,864,4,0.8701,2,2.7,0
SYN-U-14732,34782.22,27966.68,0.8652,0.6003,0.2841,54.5,1786,4,0.8969,1,1.8,0
SYN-U-14733,95590.18,79141.06,0.7866,0.5781,0.3256,32.9,525,1,0.9566,0,0.0,0
SYN-U-14734,91065.57,78002.83,0.8948,0.6341,0.4907,14.8,788,3,0.9783,0,0.0,0
SYN-U-14735,18403.01,17226.78,0.6808,0.2485,0.7599,36.6,1109,7,0.7111,0,0.0,0
SYN-U-14736,34512.84,26695.0,0.9409,0.9157,0.3321,7.7,170,6,0.8517,0,0.0,0
SYN-U-14737,15679.14,13188.76,0.3359,0.3646,0.6645,20.0,1956,5,0.7792,0,0.0,1
SYN-U-14738,250474.33,184031.4,0.7802,0.8359,0.4893,33.7,548,7,0.9319,0,0.0,0
SYN-U-14739,100640.35,72670.95,0.5613,0.4615,0.4116,36.5,1269,4,0.775,2,7.8,0
SYN-U-14740,34286.54,24043.73,0.2519,0.599,0.7374,19.3,2061,1,0.7868,0,0.0,1
SYN-U-14741,53905.62,35211.86,0.7343,0.7864,0.5797,5.0,1846,6,0.9712,0,0.0,0
SYN-U-14742,93049.88,76887.38,0.5743,0.7461,0.4436,44.2,1939,6,0.9422,0,0.0,0
SYN-U-14743,41001.49,39043.29,0.9373,0.8659,0.4511,51.4,1236,3,0.883,0,0.0,0
SYN-U-14744,60395.6,49032.76,0.5994,0.5489,0.6937,35.5,2446,4,0.9187,0,0.0,0
SYN-U-14745,18191.17,14158.29,0.6957,0.2255,0.6565,14.0,1477,5,0.9439,2,5.4,0
SYN-U-14746,53647.62,37300.46,0.7465,0.6894,0.3257,26.0,2141,5,0.9333,0,0.0,0
SYN-U-14747,17227.52,12544.97,0.4965,0.4075,0.5241,33.9,2238,4,0.8585,3,7.2,0
SYN-U-14748,40332.25,28156.32,0.8332,0.6195,0.4321,42.8,1801,4,0.9052,0,0.0,0
SYN-U-14749,21250.75,20770.7,0.5734,0.1909,0.7414,56.3,1041,5,0.7762,0,0.0,0
SYN-U-14750,70477.38,52431.33,0.3461,0.3948,0.8009,32.8,2347,5,0.8586,2,7.6,1
SYN-U-14751,35953.12,26989.3,0.9295,0.916,0.1889,26.7,67,6,0.9203,1,1.5,0
SYN-U-14752,36132.07,23703.05,0.917,0.9056,0.2405,23.4,1948,2,0.9567,0,0.0,0
SYN-U-14753,75708.16,51067.46,0.7695,0.4314,0.5943,24.0,2397,3,0.7048,1,3.7,0
SYN-U-14754,33540.17,32784.17,0.6352,0.2505,0.5258,36.7,74,7,0.7574,0,0.0,0
SYN-U-14755,36028.09,33603.79,0.7022,0.5837,0.1636,15.0,1936,2,0.9101,0,0.0,0
SYN-U-14756,40561.0,27415.91,0.8221,0.5842,0.3303,45.1,423,5,0.9099,0,0.0,0
SYN-U-14757,37953.41,36848.69,0.8791,0.829,0.3419,26.5,2461,5,0.9421,0,0.0,0
SYN-U-14758,58456.21,46715.25,0.8673,0.5932,0.3955,8.2,925,5,0.9253,0,0.0,0
SYN-U-14759,76124.84,58207.66,0.5414,0.4641,0.3401,57.4,1557,1,0.8189,3,3.4,0
SYN-U-14760,21912.71,15864.82,0.7896,0.858,0.4703,14.6,1903,5,0.8594,0,0.0,0
SYN-U-14761,42862.72,35665.39,0.7629,0.6827,0.3013,38.8,1738,1,0.9276,0,0.0,0
SYN-U-14762,89978.1,83591.91,0.5266,0.7114,0.5384,8.8,869,6,0.8422,0,0.0,0
SYN-U-14763,74221.28,48372.28,0.8141,0.5525,0.3937,12.4,1799,2,0.7907,2,3.6,0
SYN-U-14764,40840.8,37340.87,0.7194,0.9166,0.4428,8.6,914,6,0.956,0,0.0,0
SYN-U-14765,63853.1,58538.76,0.7271,0.8598,0.2266,8.7,1198,6,0.9478,0,0.0,0
SYN-U-14766,138764.45,133700.75,0.8288,0.6568,0.4125,32.5,330,6,0.9066,0,0.0,0
SYN-U-14767,60671.52,57190.7,0.6458,0.6374,0.5169,53.9,1576,3,0.8186,0,0.0,0
SYN-U-14768,60281.26,40607.21,0.7824,0.9168,0.2347,54.1,1664,0,1.0,0,0.0,0
SYN-U-14769,46529.45,43002.71,0.7507,0.6785,0.3539,59.7,570,2,0.9255,0,0.0,0
SYN-U-14770,25068.3,21477.16,0.7445,0.6166,0.3852,64.0,2409,2,0.9549,0,0.0,0
SYN-U-14771,64129.93,48452.51,0.8084,0.8009,0.1903,59.0,566,2,0.8777,0,0.0,0
SYN-U-14772,67757.0,48832.4,0.9533,0.699,0.3916,32.5,216,6,0.9227,0,0.0,0
SYN-U-14773,23139.79,18054.33,0.7959,0.6438,0.4927,55.3,2233,1,0.9567,0,0.0,0
SYN-U-14774,33625.57,31225.85,0.7016,0.9022,0.2028,28.4,2404,1,0.877,1,0.6,0
SYN-U-14775,70107.46,53149.15,0.7659,0.45,0.2984,25.0,2397,4,0.9157,0,0.0,0
SYN-U-14776,44671.96,38365.22,0.8409,0.5533,0.4473,30.2,2107,4,0.8595,0,0.0,0
SYN-U-14777,38969.24,29759.7,0.5273,0.7042,0.6191,50.3,292,0,1.0,0,0.0,0
SYN-U-14778,216981.32,165809.69,0.8925,0.6282,0.2993,18.5,780,1,0.9271,0,0.0,0
SYN-U-14779,59709.04,46293.17,0.7066,0.6484,0.3461,27.8,1027,3,0.9722,0,0.0,0
SYN-U-14780,69082.36,63110.8,0.2839,0.5008,0.6934,26.6,1004,6,0.6422,2,6.5,1
SYN-U-14781,25403.49,16573.98,0.8077,0.6341,0.2562,64.6,494,7,0.7048,0,0.0,0
SYN-U-14782,47296.7,44428.17,0.9022,0.6845,0.3908,47.5,1847,0,1.0,0,0.0,0
SYN-U-14783,22717.55,20206.86,0.5263,0.4944,0.5345,23.8,2152,4,0.7975,0,0.0,0
SYN-U-14784,13219.04,9533.45,0.8622,0.8414,0.4325,22.5,941,7,0.8656,0,0.0,0
SYN-U-14785,32778.83,25269.62,0.8808,0.7536,0.3726,55.3,1210,2,0.9658,1,0.2,0
SYN-U-14786,96650.86,67588.89,0.7258,0.5499,0.3261,61.5,1554,2,0.7889,0,0.0,0
SYN-U-14787,38238.44,29711.51,0.8966,0.6108,0.3605,30.2,1337,6,0.9544,0,0.0,0
SYN-U-14788,45401.39,32034.26,0.9602,0.6455,0.4776,9.5,745,7,0.9129,0,0.0,0
SYN-U-14789,22695.62,22036.17,0.3322,0.4485,0.8245,46.1,771,5,0.8789,0,0.0,0
SYN-U-14790,49724.51,38633.96,0.3987,0.1575,0.7394,22.7,514,2,0.6232,0,0.0,1
SYN-U-14791,126722.98,83467.68,0.7417,0.6317,0.4765,11.8,1856,7,0.9915,0,0.0,0
SYN-U-14792,159346.38,121606.5,0.827,0.775,0.1501,54.2,723,5,0.9074,0,0.0,0
SYN-U-14793,201665.24,139252.33,0.8674,0.6183,0.4615,13.1,730,5,0.9651,0,0.0,0
SYN-U-14794,18883.6,14478.36,0.3498,0.6025,0.6042,12.9,1494,7,0.7665,0,0.0,0
SYN-U-14795,43462.42,39972.91,0.588,0.7902,0.3157,30.2,1617,6,0.7008,0,0.0,0
SYN-U-14796,32397.94,27761.48,0.8613,0.906,0.2817,44.0,1029,1,0.8722,0,0.0,0
SYN-U-14797,101809.23,90590.91,0.7724,0.6095,0.3414,24.3,685,6,0.9464,0,0.0,0
SYN-U-14798,20221.65,14081.4,0.9518,0.7284,0.3747,23.8,2127,1,0.9116,1,1.6,0
SYN-U-14799,34926.2,24259.76,0.7641,0.7498,0.272,19.0,548,3,0.9151,0,0.0,0
SYN-U-14800,74486.9,66289.55,0.3628,0.1743,0.7783,61.4,337,1,0.5385,1,17.7,1
SYN-U-14801,15948.92,12451.26,0.6418,0.6463,0.7486,18.6,614,1,0.6846,1,15.0,1
SYN-U-14802,67222.92,54059.43,0.6055,0.434,0.4173,10.6,1650,7,0.859,1,7.2,0
SYN-U-14803,75408.53,60999.05,0.8024,0.5863,0.1636,30.6,2209,7,0.9003,0,0.0,0
SYN-U-14804,41338.67,31831.99,0.8799,0.6718,0.3706,40.5,1129,4,0.9182,2,1.9,0
SYN-U-14805,135708.67,102462.6,0.7209,0.6331,0.456,23.0,1616,1,0.9335,0,0.0,0
SYN-U-14806,68977.78,55854.84,0.4432,0.6465,0.7097,16.1,546,5,0.8907,2,9.4,0
SYN-U-14807,49622.52,40762.53,0.3587,0.5695,0.6994,45.4,2099,0,1.0,0,0.0,0
SYN-U-14808,109234.84,97157.46,0.7846,0.9129,0.34,44.9,98,3,0.9806,0,0.0,0
SYN-U-14809,43512.58,34312.91,0.5064,0.6871,0.4666,6.6,2473,5,0.8242,0,0.0,0
SYN-U-14810,56381.17,45539.51,0.7017,0.4242,0.552,15.6,553,6,0.7674,2,2.3,0
SYN-U-14811,65931.72,57403.95,0.8134,0.6453,0.3294,17.7,1492,7,0.8861,0,0.0,0
SYN-U-14812,33930.53,22912.61,0.7834,0.7517,0.5063,12.2,1683,5,0.9109,0,0.0,0
SYN-U-14813,75587.3,58126.24,0.5143,0.7659,0.5528,19.3,843,3,0.702,2,7.5,0
SYN-U-14814,86411.94,82250.38,0.5697,0.5812,0.6293,24.4,2325,5,0.7023,0,0.0,0
SYN-U-14815,15273.04,10326.57,0.4077,0.6028,0.7039,57.3,1648,7,0.6454,1,12.8,1
SYN-U-14816,68336.14,54395.42,0.5555,0.5464,0.5121,34.8,1106,0,1.0,0,0.0,0
SYN-U-14817,100371.8,72969.99,0.6756,0.4774,0.5293,37.4,1403,6,0.885,2,5.3,0
SYN-U-14818,34837.57,27069.03,0.711,0.5379,0.5696,24.4,2421,5,0.8357,3,2.7,0
SYN-U-14819,15042.83,14341.86,0.508,0.2591,0.7917,58.5,2290,4,0.9087,1,4.8,1
SYN-U-14820,56345.63,40957.49,0.9314,0.8174,0.2919,41.0,1598,6,0.8631,0,0.0,0
SYN-U-14821,47027.86,33379.02,0.7654,0.5547,0.3016,18.8,745,1,0.9342,0,0.0,0
SYN-U-14822,59516.69,43806.71,0.9638,0.7345,0.4071,10.1,2063,4,0.9208,0,0.0,0
SYN-U-14823,27122.57,21533.89,0.7369,0.888,0.4229,57.0,2205,2,0.9732,0,0.0,0
SYN-U-14824,55478.86,46480.38,0.7726,0.5857,0.5499,49.1,124,6,0.9221,1,5.2,0
SYN-U-14825,71127.35,54425.95,0.3279,0.5785,0.7626,20.3,716,3,0.6249,0,0.0,0
SYN-U-14826,69284.67,58964.59,0.2315,0.4254,0.4555,13.3,1935,6,0.577,0,0.0,0
SYN-U-14827,75660.91,64825.98,0.9791,0.7092,0.3801,13.5,608,6,0.9302,2,2.9,0
SYN-U-14828,77757.47,64750.24,0.8517,0.6586,0.3939,26.4,1171,5,0.9651,1,1.1,0
SYN-U-14829,49569.01,44858.82,0.6532,0.6872,0.4306,34.8,1389,4,0.7584,2,7.5,0
SYN-U-14830,57694.26,51625.27,0.7714,0.6849,0.2231,11.8,1670,6,0.9021,1,0.2,0
SYN-U-14831,143063.55,98657.03,0.8251,0.7974,0.1916,52.8,1082,6,0.9137,1,1.1,0
SYN-U-14832,69032.28,51723.58,0.512,0.6508,0.531,32.1,2055,4,0.7962,0,0.0,0
SYN-U-14833,131153.83,126970.97,0.7675,0.8555,0.2818,38.6,2410,5,0.9564,0,0.0,0
SYN-U-14834,38776.6,36074.99,0.7088,0.5561,0.3926,37.2,807,4,0.9498,0,0.0,0
SYN-U-14835,33855.5,29250.19,0.8148,0.786,0.2233,25.4,2021,2,0.9011,1,1.0,0
SYN-U-14836,49490.83,37619.47,0.8514,0.5517,0.3249,22.2,2084,4,0.8723,0,0.0,0
SYN-U-14837,39629.27,36648.37,0.589,0.5939,0.4959,43.9,1712,1,0.8727,1,4.6,0
SYN-U-14838,15824.34,15274.86,0.6701,0.4648,0.6603,20.4,1720,1,0.7152,1,5.6,0
SYN-U-14839,56136.72,52717.81,0.7716,0.4743,0.3442,32.4,393,3,0.9222,2,7.9,0
SYN-U-14840,16739.64,14298.58,0.5278,0.6269,0.4041,32.9,1946,0,1.0,0,0.0,0
SYN-U-14841,41773.8,27840.0,0.282,0.1695,0.8789,37.9,377,6,0.6813,2,17.0,1
SYN-U-14842,18325.72,16100.25,0.3071,0.3114,0.6414,25.7,1703,3,0.7195,0,0.0,0
SYN-U-14843,31694.56,23235.58,0.8015,0.7222,0.2321,14.6,90,0,1.0,0,0.0,0
SYN-U-14844,56317.48,37165.6,0.7639,0.4018,0.5483,32.1,782,1,0.8948,1,6.2,0
SYN-U-14845,60376.12,41805.21,0.563,0.6998,0.3843,33.1,262,2,0.8501,2,2.5,0
SYN-U-14846,158591.83,123263.55,0.8208,0.8446,0.3001,45.7,193,3,0.9933,0,0.0,0
SYN-U-14847,38140.81,32220.2,0.7826,0.5971,0.3995,37.6,1565,6,0.9331,0,0.0,0
SYN-U-14848,38286.93,28598.08,0.6105,0.7798,0.2713,5.3,140,4,0.7641,2,2.3,0
SYN-U-14849,34017.27,28703.19,0.7204,0.8846,0.4424,25.4,783,2,0.9022,0,0.0,0
SYN-U-14850,100396.75,83947.98,0.9403,0.8246,0.2383,19.4,216,6,0.9355,0,0.0,0
SYN-U-14851,60464.31,49827.65,0.7631,0.6095,0.242,29.2,358,5,0.9875,0,0.0,0
SYN-U-14852,48029.75,41506.57,0.9133,0.7039,0.2125,29.7,302,0,1.0,0,0.0,0
SYN-U-14853,267914.31,257151.22,0.8203,0.8847,0.1691,5.3,1241,0,1.0,0,0.0,0
SYN-U-14854,64992.69,48998.47,0.9777,0.8119,0.47,23.8,367,7,0.958,1,0.7,0
SYN-U-14855,19145.15,17881.61,0.6586,0.6304,0.6656,28.9,1639,5,0.5976,3,16.4,1
SYN-U-14856,35838.84,28595.52,0.8796,0.8287,0.3489,62.9,340,0,1.0,0,0.0,0
SYN-U-14857,44994.07,39318.39,0.5652,0.706,0.4595,27.1,569,4,0.8453,2,7.0,0
SYN-U-14858,45918.23,31286.28,0.8431,0.6251,0.3998,46.8,354,5,0.9516,0,0.0,0
SYN-U-14859,37488.73,25899.94,0.6816,0.5829,0.8539,60.2,780,3,0.5218,2,9.7,1
SYN-U-14860,47234.45,44744.29,0.969,0.7836,0.2611,50.8,72,4,0.8809,1,1.6,0
SYN-U-14861,22134.19,14919.6,0.5165,0.177,0.6107,24.9,1242,1,0.6018,3,10.9,1
SYN-U-14862,27860.71,21529.95,0.3268,0.1722,0.7603,41.6,1279,6,0.5233,1,4.0,1
SYN-U-14863,59499.26,54312.08,0.9047,0.7224,0.4148,59.4,932,5,0.869,0,0.0,0
SYN-U-14864,47818.35,39157.19,0.5217,0.5036,0.3815,52.2,2313,1,0.8742,0,0.0,0
SYN-U-14865,45264.1,34228.58,0.8895,0.7204,0.3658,42.0,1883,4,0.8529,0,0.0,0
SYN-U-14866,54803.93,41633.46,0.7734,0.918,0.3718,58.8,951,3,0.9994,0,0.0,0
SYN-U-14867,79127.85,72311.75,0.7986,0.6572,0.3859,27.3,391,4,0.9079,0,0.0,0
SYN-U-14868,142824.49,109857.01,0.9075,0.9009,0.2649,13.8,2279,3,0.9715,0,0.0,0
SYN-U-14869,79527.14,74996.53,0.7737,0.9149,0.3648,41.4,111,0,1.0,0,0.0,0
SYN-U-14870,104826.25,102642.44,0.7394,0.8175,0.49,60.1,2120,3,0.8915,0,0.0,0
SYN-U-14871,80024.02,70645.47,0.4924,0.5772,0.8358,54.8,1128,1,0.6405,0,0.0,0
SYN-U-14872,25908.54,24222.28,0.6269,0.2936,0.8708,47.0,1414,7,0.5267,1,12.6,1
SYN-U-14873,122642.12,113995.31,0.8559,0.627,0.2982,49.5,2396,2,0.8516,0,0.0,0
SYN-U-14874,128954.46,99948.77,0.7928,0.7996,0.4469,6.9,466,5,0.8893,0,0.0,0
SYN-U-14875,13389.76,13099.55,0.5042,0.4206,0.7119,38.8,819,1,0.834,2,4.6,0
SYN-U-14876,43723.85,37331.41,0.5452,0.4318,0.3306,29.8,313,1,0.8784,0,0.0,0
SYN-U-14877,72665.2,48703.98,0.8064,0.6985,0.2577,21.1,1401,5,0.7242,2,3.8,0
SYN-U-14878,68226.5,55298.86,0.6182,0.2899,0.7922,61.0,31,1,0.6671,0,0.0,0
SYN-U-14879,81313.28,67839.98,0.6592,0.6664,0.2536,53.3,1693,5,0.881,0,0.0,0
SYN-U-14880,73088.11,60373.45,0.6223,0.6207,0.4218,62.6,45,5,0.9166,0,0.0,0
SYN-U-14881,30623.96,23661.35,0.5825,0.2817,0.7421,14.7,1054,5,0.7461,3,15.3,1
SYN-U-14882,31588.92,21448.5,0.8776,0.7124,0.4239,35.5,668,1,0.9604,0,0.0,0
SYN-U-14883,40137.79,31409.75,0.7118,0.8834,0.3105,44.8,1632,7,0.8771,2,0.0,0
SYN-U-14884,56725.88,44652.11,0.6617,0.3533,0.8483,61.0,2214,5,0.7294,4,5.3,1
SYN-U-14885,96710.13,82905.98,0.7602,0.8851,0.2196,17.0,1717,4,0.8806,0,0.0,0
SYN-U-14886,60108.49,55062.8,0.7142,0.916,0.219,59.8,2336,1,0.8641,0,0.0,0
SYN-U-14887,60484.08,40359.22,0.9354,0.7687,0.4231,26.6,1332,3,0.9079,0,0.0,0
SYN-U-14888,15841.13,12842.9,0.316,0.363,0.6041,39.3,2141,2,0.6019,1,6.2,1
SYN-U-14889,56604.36,45592.7,0.7248,0.4097,0.3088,24.4,2232,1,0.7515,2,3.4,0
SYN-U-14890,71889.02,55459.63,0.5673,0.5894,0.5392,35.9,385,5,0.7856,0,0.0,0
SYN-U-14891,47561.49,43337.32,0.8865,0.7817,0.3823,58.2,2110,1,0.8688,0,0.0,0
SYN-U-14892,21765.93,17155.96,0.9606,0.5587,0.3723,7.5,1154,0,1.0,0,0.0,0
SYN-U-14893,143054.72,130625.7,0.9272,0.5529,0.3719,36.8,1862,7,0.9709,1,0.6,0
SYN-U-14894,35996.55,29062.1,0.9523,0.8853,0.1952,58.5,747,5,0.8659,0,0.0,0
SYN-U-14895,87281.58,60064.53,0.7342,0.7511,0.492,28.8,198,6,0.868,0,0.0,0
SYN-U-14896,105013.78,94524.93,0.6387,0.6334,0.5925,17.4,2355,2,0.9681,1,6.6,0
SYN-U-14897,56129.32,41107.91,0.8579,0.8939,0.4586,54.5,659,4,0.9684,0,0.0,0
SYN-U-14898,38714.48,31921.23,0.7639,0.7016,0.4783,25.7,2344,0,1.0,0,0.0,0
SYN-U-14899,47812.37,36060.57,0.7411,0.4466,0.7359,60.3,1439,5,0.6539,0,0.0,0
SYN-U-14900,113565.8,76544.26,0.8161,0.4038,0.4747,19.0,2381,3,0.7005,0,0.0,0
SYN-U-14901,30244.93,25716.86,0.8855,0.5639,0.3475,37.9,1845,2,0.9037,0,0.0,0
SYN-U-14902,109792.69,102409.16,0.2869,0.479,0.4479,39.1,58,6,0.6991,1,13.2,1
SYN-U-14903,63417.05,54540.92,0.6822,0.6172,0.56,24.0,1329,0,1.0,0,0.0,0
SYN-U-14904,36749.06,28106.8,0.8409,0.8003,0.4511,40.9,1295,5,0.8649,0,0.0,0
SYN-U-14905,39661.2,32593.25,0.7986,0.8474,0.2358,52.4,1713,7,0.9875,0,0.0,0
SYN-U-14906,33332.81,21959.17,0.5434,0.1997,0.5253,13.5,2050,6,0.9054,0,0.0,0
SYN-U-14907,64856.87,61426.46,0.8778,0.7598,0.3532,45.1,1873,2,0.9088,0,0.0,0
SYN-U-14908,94747.09,89355.49,0.8217,0.5597,0.5695,44.6,388,2,0.8932,1,2.3,0
SYN-U-14909,16661.89,14686.86,0.5006,0.4201,0.5685,10.1,1865,5,0.5562,0,0.0,0
SYN-U-14910,60861.05,55512.74,0.7924,0.6237,0.1587,12.7,2254,1,0.8686,0,0.0,0
SYN-U-14911,54453.07,45801.88,0.943,0.7421,0.1549,32.7,376,2,0.9917,0,0.0,0
SYN-U-14912,136128.72,118481.86,0.9729,0.6845,0.2677,14.8,1926,5,0.865,0,0.0,0
SYN-U-14913,36099.08,32905.96,0.703,0.8706,0.1985,29.9,1966,1,0.9238,0,0.0,0
SYN-U-14914,57443.11,53606.17,0.7975,0.7426,0.4829,35.1,840,7,0.9782,1,1.3,0
SYN-U-14915,97911.64,76239.18,0.571,0.7768,0.255,48.6,1120,1,0.9637,1,2.5,0
SYN-U-14916,70700.78,66111.95,0.6457,0.4299,0.5402,54.3,1116,1,0.9241,0,0.0,0
SYN-U-14917,141650.69,114571.09,0.836,0.6946,0.6305,52.0,487,6,0.7982,1,2.3,0
SYN-U-14918,18904.05,14326.8,0.8922,0.5655,0.2859,24.2,1351,1,0.9204,0,0.0,0
SYN-U-14919,189523.85,150359.56,0.5522,0.5691,0.4909,42.2,327,2,0.7658,0,0.0,0
SYN-U-14920,32723.29,22325.85,0.2203,0.5818,0.6617,9.6,1104,1,0.6009,4,14.7,1
SYN-U-14921,15348.25,13324.96,0.7011,0.648,0.3629,61.5,2475,0,1.0,0,0.0,0
SYN-U-14922,17704.02,14906.39,0.2694,0.228,0.6993,21.1,943,5,0.6541,0,0.0,1
SYN-U-14923,22838.3,20239.58,0.9475,0.8274,0.1602,25.8,792,2,0.8607,0,0.0,0
SYN-U-14924,70614.28,57394.56,0.5163,0.5557,0.5047,21.7,1274,1,0.9487,0,0.0,0
SYN-U-14925,22315.56,18424.13,0.4155,0.4954,0.8142,7.7,1835,3,0.7731,0,0.0,1
SYN-U-14926,18912.73,12431.98,0.5993,0.2591,0.6937,9.4,407,0,1.0,0,0.0,0
SYN-U-14927,68144.26,44617.0,0.8416,0.7459,0.4305,14.2,328,1,0.8621,0,0.0,0
SYN-U-14928,15208.56,12285.79,0.7257,0.4358,0.42,22.3,2488,4,0.9639,0,0.0,0
SYN-U-14929,54039.87,42321.09,0.8469,0.7427,0.3112,7.2,993,4,0.8892,2,1.6,0
SYN-U-14930,47708.75,40593.31,0.6225,0.6256,0.2502,35.3,948,7,0.9128,3,3.7,0
SYN-U-14931,248085.93,196086.94,0.9534,0.661,0.2639,65.0,379,3,0.9291,0,0.0,0
SYN-U-14932,126402.71,89918.96,0.6741,0.3488,0.7125,34.1,872,3,0.8796,3,13.0,1
SYN-U-14933,43560.29,35213.47,0.7261,0.4505,0.8223,37.4,2004,7,0.809,1,14.5,1
SYN-U-14934,73803.3,49132.65,0.3996,0.4344,0.8161,29.8,2188,5,0.5909,1,16.8,1
SYN-U-14935,66122.11,46568.61,0.4054,0.2433,0.8369,51.6,2164,7,0.845,2,14.0,1
SYN-U-14936,81839.17,68600.64,0.4815,0.2509,0.5663,48.2,672,2,0.5815,2,6.9,1
SYN-U-14937,58016.71,38839.35,0.7,0.7556,0.2739,22.5,150,6,0.8866,0,0.0,0
SYN-U-14938,24756.49,23959.6,0.7255,0.2923,0.6898,55.9,399,4,0.6854,1,10.8,1
SYN-U-14939,119014.54,85456.17,0.7757,0.7399,0.5677,38.1,240,7,0.9121,1,4.5,0
SYN-U-14940,104233.29,70647.19,0.5511,0.4279,0.6105,12.4,706,4,0.7911,2,4.7,0
SYN-U-14941,33983.35,22647.94,0.7308,0.8796,0.3604,33.7,1711,2,0.9132,0,0.0,0
SYN-U-14942,16344.98,12800.12,0.5182,0.4168,0.773,35.5,2224,5,0.6766,0,0.0,0
SYN-U-14943,72133.61,64742.22,0.5082,0.5562,0.2661,11.0,2473,0,1.0,0,0.0,0
SYN-U-14944,75815.0,62586.13,0.8558,0.8989,0.1513,26.0,1543,0,1.0,0,0.0,0
SYN-U-14945,17103.11,13314.05,0.7343,0.4172,0.5487,31.1,1452,3,0.8177,1,5.9,0
SYN-U-14946,20964.44,18491.26,0.7887,0.7708,0.2676,27.7,2004,5,0.9009,1,1.9,0
SYN-U-14947,35030.2,32756.34,0.9337,0.6997,0.1675,12.4,1196,5,0.9383,0,0.0,0
SYN-U-14948,194621.71,157461.03,0.7721,0.8111,0.4395,38.7,40,5,0.9388,0,0.0,0
SYN-U-14949,35853.59,26620.55,0.7952,0.5732,0.4251,64.7,1113,4,0.8874,0,0.0,0
SYN-U-14950,146856.92,115998.3,0.7227,0.568,0.2141,34.3,693,2,0.943,0,0.0,0
SYN-U-14951,44562.08,35834.16,0.9651,0.6412,0.2086,47.5,1972,6,0.8623,0,0.0,0
SYN-U-14952,79983.38,54588.13,0.8155,0.8949,0.4908,62.2,1825,6,0.8637,0,0.0,0
SYN-U-14953,47086.25,40925.72,0.8898,0.5957,0.3689,43.4,1291,4,0.8654,0,0.0,0
SYN-U-14954,14755.35,12801.05,0.4777,0.3394,0.6269,25.0,2469,5,0.8999,0,0.0,0
SYN-U-14955,20094.81,14383.12,0.8696,0.7708,0.4645,24.3,528,1,0.9725,0,0.0,0
SYN-U-14956,17761.3,14810.62,0.6654,0.4026,0.4567,7.0,1354,4,0.8659,1,15.4,0
SYN-U-14957,166322.71,154728.78,0.9541,0.8473,0.3786,6.8,2014,0,1.0,0,0.0,0
SYN-U-14958,39548.75,38162.09,0.9449,0.7245,0.4458,29.2,1721,5,0.872,1,2.0,0
SYN-U-14959,44252.32,40714.09,0.9272,0.833,0.21,48.6,1008,6,0.9449,0,0.0,0
SYN-U-14960,73023.64,65099.68,0.6923,0.7522,0.3873,29.6,986,6,0.9047,0,0.0,0
SYN-U-14961,124096.87,108428.48,0.3648,0.3664,0.7792,39.6,286,3,0.8331,0,0.0,0
SYN-U-14962,82041.25,74907.55,0.5238,0.5581,0.303,27.1,2307,7,0.8242,0,0.0,0
SYN-U-14963,60100.25,43493.93,0.9583,0.8468,0.2272,61.0,1344,3,0.8986,0,0.0,0
SYN-U-14964,27415.6,21855.51,0.4815,0.3556,0.6639,61.2,448,7,0.8874,0,0.0,0
SYN-U-14965,41064.35,34854.01,0.7229,0.7732,0.3939,58.0,1889,5,0.9631,2,2.5,0
SYN-U-14966,46988.81,34236.81,0.5097,0.6631,0.6104,57.2,1709,7,0.7806,1,7.1,0
SYN-U-14967,51958.89,46811.72,0.8527,0.9091,0.4183,9.1,1297,2,0.9567,0,0.0,0
SYN-U-14968,17304.72,13385.8,0.7576,0.8,0.391,26.7,72,5,0.8854,0,0.0,0
SYN-U-14969,43547.98,36424.26,0.5092,0.5719,0.3256,34.4,191,1,0.7141,2,4.5,0
SYN-U-14970,48061.9,38016.36,0.7651,0.8751,0.3209,15.9,896,0,1.0,0,0.0,0
SYN-U-14971,45654.08,40286.65,0.321,0.3875,0.798,58.2,1723,6,0.8467,3,8.1,1
SYN-U-14972,17494.32,12215.13,0.9634,0.6915,0.3488,40.6,1597,7,0.9386,0,0.0,0
SYN-U-14973,60729.44,48098.44,0.7264,0.7719,0.3838,45.3,153,0,1.0,0,0.0,0
SYN-U-14974,14268.84,11958.66,0.5163,0.3101,0.4367,59.3,140,5,0.8062,0,0.0,0
SYN-U-14975,15528.59,13917.26,0.5253,0.5849,0.6165,33.9,2365,7,0.9114,1,4.5,0
SYN-U-14976,107425.28,91117.83,0.8977,0.8886,0.4157,9.9,1091,3,0.9198,0,0.0,0
SYN-U-14977,48282.59,43729.13,0.9359,0.735,0.1745,60.2,213,3,0.8804,1,2.1,0
SYN-U-14978,18074.49,15197.66,0.4256,0.4412,0.7768,38.4,1884,2,0.8002,2,9.9,1
SYN-U-14979,16259.62,12777.18,0.2136,0.504,0.5542,8.5,1732,3,0.8665,1,6.2,1
SYN-U-14980,88885.76,63619.78,0.7688,0.6632,0.3667,42.9,1656,3,0.9193,0,0.0,0
SYN-U-14981,55114.85,36455.66,0.625,0.591,0.7235,17.6,318,7,0.8299,1,14.1,1
SYN-U-14982,66647.33,55597.48,0.7252,0.684,0.3757,30.8,640,4,0.9042,0,0.0,0
SYN-U-14983,73645.91,71517.52,0.8551,0.8493,0.4065,62.5,2177,3,0.9156,0,0.0,0
SYN-U-14984,32701.54,22636.21,0.5213,0.1844,0.6301,17.9,843,6,0.8481,3,9.3,1
SYN-U-14985,25054.96,20387.87,0.2255,0.4129,0.6945,51.1,1408,1,0.6004,0,0.0,1
SYN-U-14986,49253.97,39963.8,0.8991,0.7467,0.1725,54.0,1592,7,0.8612,0,0.0,0
SYN-U-14987,97168.69,72504.97,0.7781,0.8731,0.4193,25.2,2055,0,1.0,0,0.0,0
SYN-U-14988,49349.9,32313.77,0.8493,0.6292,0.2348,42.7,2249,5,0.8616,0,0.0,0
SYN-U-14989,38378.08,27314.36,0.7768,0.7847,0.1948,32.9,1828,0,1.0,0,0.0,0
SYN-U-14990,80144.13,60696.07,0.6742,0.5574,0.4892,10.6,258,1,0.7556,0,0.0,0
SYN-U-14991,51169.19,43830.08,0.6078,0.6319,0.3079,19.6,1130,3,0.7845,0,0.0,0
SYN-U-14992,53267.06,35098.89,0.8417,0.7437,0.2827,12.9,740,6,0.8819,0,0.0,0
SYN-U-14993,40709.99,37920.14,0.7435,0.5232,0.4148,30.5,2015,6,0.7678,1,7.3,0
SYN-U-14994,39716.79,34638.5,0.8032,0.86,0.489,20.4,785,2,0.8629,0,0.0,0
SYN-U-14995,139214.9,111683.69,0.7429,0.8845,0.1844,13.5,397,7,0.9985,1,2.1,0
SYN-U-14996,47352.5,46250.5,0.7322,0.6229,0.2517,11.9,395,3,0.9778,0,0.0,0
SYN-U-14997,17139.31,12393.74,0.2422,0.1898,0.7157,31.6,1637,6,0.7997,1,13.0,1
SYN-U-14998,38219.93,33418.89,0.8416,0.6493,0.4245,63.9,2189,5,0.7313,0,0.0,0
SYN-U-14999,150673.56,113630.37,0.577,0.7217,0.4332,61.8,1864,7,0.7327,1,3.0,0
SYN-U-15000,111233.91,81723.09,0.7716,0.5921,0.4332,61.5,1015,6,0.8698,1,0.2,0
SYN-U-15001,54190.24,39008.32,0.5127,0.4603,0.2528,10.6,2443,5,0.9107,1,5.6,0
SYN-U-15002,75348.3,49551.48,0.713,0.8398,0.3394,64.1,1206,1,0.8584,0,0.0,0
SYN-U-15003,36239.28,33174.31,0.7596,0.6526,0.3919,13.8,232,1,0.9491,0,0.0,0
SYN-U-15004,40155.08,32478.32,0.9701,0.6516,0.4654,26.6,1283,0,1.0,0,0.0,0
SYN-U-15005,55328.14,43322.79,0.864,0.8003,0.287,49.1,1731,1,0.8729,0,0.0,0
SYN-U-15006,78117.91,51208.82,0.6048,0.6392,0.5945,18.8,1393,6,0.7263,1,4.6,0
SYN-U-15007,40564.61,36674.11,0.9658,0.6737,0.3911,6.4,723,1,0.9369,0,0.0,0
SYN-U-15008,35847.87,30895.77,0.8701,0.8313,0.3591,7.8,771,6,0.901,0,0.0,0
SYN-U-15009,96367.86,67716.25,0.3627,0.2399,0.7991,27.5,2189,7,0.7407,2,13.0,1
SYN-U-15010,24029.91,23348.33,0.908,0.8301,0.1618,19.4,2387,4,0.944,0,0.0,0
SYN-U-15011,75809.48,62914.68,0.7057,0.4376,0.5397,57.6,341,1,0.8166,1,3.4,0
SYN-U-15012,58528.65,46714.04,0.7061,0.8587,0.4183,30.6,1712,5,0.8763,0,0.0,0
SYN-U-15013,105112.61,90539.91,0.7507,0.7658,0.2781,59.5,1925,4,0.7238,0,0.0,0
SYN-U-15014,35604.68,25613.78,0.7914,0.9192,0.4167,32.4,767,1,0.9692,0,0.0,0
SYN-U-15015,62130.36,54154.25,0.208,0.3137,0.6963,30.5,2490,6,0.7772,2,7.7,1
SYN-U-15016,91723.99,63225.8,0.6269,0.5322,0.3419,19.7,446,3,0.9491,2,4.7,0
SYN-U-15017,26404.23,22236.05,0.737,0.8839,0.4133,31.6,2145,3,0.8751,0,0.0,0
SYN-U-15018,30081.27,21792.68,0.798,0.558,0.4734,44.6,1886,3,0.9111,0,0.0,0
SYN-U-15019,71731.83,47951.57,0.9594,0.7101,0.2059,28.0,2380,0,1.0,0,0.0,0
SYN-U-15020,31647.9,26901.31,0.7362,0.5722,0.2619,12.7,2039,6,0.9082,0,0.0,0
SYN-U-15021,14177.98,10321.9,0.4873,0.3079,0.472,51.3,2014,4,0.8197,1,7.3,1
SYN-U-15022,37559.68,29344.33,0.8282,0.8824,0.4232,8.7,1029,5,0.9113,2,2.1,0
SYN-U-15023,48236.46,40158.2,0.9776,0.6043,0.4012,32.6,1233,1,0.8799,0,0.0,0
SYN-U-15024,95947.03,76024.91,0.7437,0.5479,0.4005,38.8,2109,2,0.9702,0,0.0,0
SYN-U-15025,41015.14,37660.93,0.8346,0.6772,0.4117,20.0,2320,7,0.9691,0,0.0,0
SYN-U-15026,78131.03,67664.27,0.8307,0.768,0.3155,20.1,2283,6,0.9298,0,0.0,0
SYN-U-15027,57662.58,46523.52,0.4559,0.312,0.8089,38.3,829,4,0.5989,0,0.0,0
SYN-U-15028,39039.04,30576.32,0.4332,0.5389,0.7128,29.0,1357,4,0.8799,0,0.0,0
SYN-U-15029,81010.99,79349.82,0.8281,0.5844,0.4474,28.2,1153,5,0.9401,0,0.0,0
SYN-U-15030,91763.0,61324.11,0.675,0.4216,0.5976,16.3,809,7,0.8868,0,0.0,0
SYN-U-15031,54898.58,45731.98,0.8487,0.6669,0.3983,23.1,545,3,0.7871,0,0.0,0
SYN-U-15032,21531.68,18829.45,0.6315,0.1596,0.8758,48.6,307,7,0.932,0,0.0,0
SYN-U-15033,48246.78,43345.01,0.8894,0.6635,0.1811,62.9,971,3,0.8784,2,2.8,0
SYN-U-15034,33294.76,25383.38,0.9658,0.7604,0.354,52.6,531,3,0.9406,0,0.0,0
SYN-U-15035,76270.76,56810.48,0.544,0.5969,0.5253,18.8,442,0,1.0,0,0.0,0
SYN-U-15036,41921.42,29894.61,0.5789,0.5903,0.2881,59.1,802,3,0.7229,0,0.0,0
SYN-U-15037,78252.98,55771.21,0.7211,0.5671,0.4944,63.9,1236,5,0.7772,0,0.0,0
SYN-U-15038,136066.56,121068.13,0.8163,0.4452,0.2897,51.9,1201,0,1.0,0,0.0,0
SYN-U-15039,38190.47,32960.36,0.7645,0.7038,0.3979,13.4,313,4,0.8973,1,2.4,0
SYN-U-15040,154288.17,125772.58,0.3483,0.2548,0.4326,55.6,1356,6,0.6561,1,4.2,1
SYN-U-15041,32960.85,29137.29,0.4161,0.1859,0.7065,35.0,2196,5,0.9091,0,0.0,1
SYN-U-15042,97585.8,69510.05,0.7941,0.4379,0.616,33.0,1362,4,0.7684,0,0.0,0
SYN-U-15043,47228.41,42048.69,0.8627,0.8632,0.4384,30.3,1484,4,0.8537,0,0.0,0
SYN-U-15044,17925.81,15860.19,0.8526,0.6388,0.3563,47.2,1640,6,0.9084,0,0.0,0
SYN-U-15045,42746.54,40016.06,0.4357,0.598,0.7058,48.5,1389,7,0.5756,2,10.8,1
SYN-U-15046,17237.31,11793.74,0.3089,0.6421,0.7575,14.1,1234,0,1.0,0,0.0,0
SYN-U-15047,52965.69,43936.27,0.9454,0.776,0.1855,57.5,1552,6,0.8696,1,1.1,0
SYN-U-15048,131070.75,104249.9,0.8041,0.4984,0.6032,49.3,172,4,0.8033,1,4.1,0
SYN-U-15049,57298.72,40406.81,0.7484,0.6318,0.398,25.1,2153,7,0.9765,1,2.3,0
SYN-U-15050,23969.46,18725.84,0.4911,0.4095,0.4393,60.2,1191,1,0.6824,2,12.3,1
SYN-U-15051,30120.79,28329.45,0.7356,0.8929,0.4001,39.0,280,5,0.9467,1,1.8,0
SYN-U-15052,75183.96,65803.61,0.8546,0.5699,0.4996,54.6,2102,3,0.9885,0,0.0,0
SYN-U-15053,71370.61,51685.84,0.8748,0.5642,0.3798,5.4,709,0,1.0,0,0.0,0
SYN-U-15054,151915.62,136280.12,0.9419,0.6561,0.3695,32.0,795,5,0.9651,1,2.9,0
SYN-U-15055,14134.72,9613.1,0.5361,0.4271,0.6372,32.3,487,2,0.7195,2,5.1,0
SYN-U-15056,46545.87,38132.0,0.652,0.4641,0.7368,43.7,1279,0,1.0,0,0.0,0
SYN-U-15057,133504.97,88866.1,0.8881,0.6145,0.388,26.4,2255,3,0.9388,0,0.0,0
SYN-U-15058,22753.82,16408.51,0.8577,0.8729,0.217,59.9,2353,4,0.94,0,0.0,0
SYN-U-15059,232703.62,172354.64,0.9284,0.7712,0.2468,20.3,1346,5,0.9578,0,0.0,0
SYN-U-15060,61759.91,43185.83,0.2423,0.293,0.6914,61.9,495,3,0.6359,1,6.8,1
SYN-U-15061,25339.09,24178.94,0.7148,0.1506,0.4417,47.1,571,1,0.5388,1,15.6,1
SYN-U-15062,44449.12,29126.16,0.9493,0.6701,0.1979,20.2,1710,2,0.9546,0,0.0,0
SYN-U-15063,14586.92,12877.62,0.7767,0.8686,0.3614,63.4,1640,2,0.9614,1,0.2,0
SYN-U-15064,52699.56,34343.74,0.8009,0.8498,0.2084,63.7,1746,2,0.9043,0,0.0,0
SYN-U-15065,122520.75,85131.61,0.8109,0.5605,0.3779,59.9,1717,3,0.9636,0,0.0,0
SYN-U-15066,16534.39,14184.57,0.3873,0.2795,0.6045,32.1,1573,1,0.5262,4,16.2,1
SYN-U-15067,44327.66,30328.3,0.7848,0.8417,0.3238,9.0,2323,2,0.8817,0,0.0,0
SYN-U-15068,21949.4,18069.74,0.8137,0.7605,0.2826,37.6,1108,0,1.0,0,0.0,0
SYN-U-15069,62632.88,56387.2,0.8109,0.5669,0.4392,59.9,2411,5,0.8511,1,0.6,0
SYN-U-15070,43911.27,39960.94,0.7157,0.7021,0.1629,10.4,960,0,1.0,0,0.0,0
SYN-U-15071,49975.2,42389.03,0.9156,0.7215,0.4554,43.7,1919,7,0.9091,0,0.0,0
SYN-U-15072,78016.43,71807.66,0.7286,0.4981,0.777,20.6,104,1,0.5157,3,12.2,1
SYN-U-15073,71927.61,63968.87,0.9028,0.6581,0.3858,42.6,692,6,0.9479,0,0.0,0
SYN-U-15074,12842.48,11582.25,0.6471,0.4864,0.3586,34.6,1656,0,1.0,0,0.0,0
SYN-U-15075,113340.85,94497.44,0.8679,0.6085,0.166,51.8,1816,2,0.9698,1,0.2,0
SYN-U-15076,32237.87,25407.93,0.7764,0.625,0.3204,38.3,808,4,0.9455,0,0.0,0
SYN-U-15077,41870.86,32783.12,0.8712,0.594,0.3083,7.2,2452,7,0.936,0,0.0,0
SYN-U-15078,27309.75,26404.68,0.2646,0.5374,0.5555,22.4,911,2,0.8637,0,0.0,0
SYN-U-15079,39637.59,33777.58,0.7215,0.6483,0.3518,59.1,1122,7,0.9445,0,0.0,0
SYN-U-15080,45946.76,36948.08,0.423,0.4084,0.4863,7.3,107,0,1.0,0,0.0,0
SYN-U-15081,62009.59,44902.83,0.8277,0.8753,0.1542,35.2,2219,7,0.9496,0,0.0,0
SYN-U-15082,72836.08,48399.76,0.5328,0.5707,0.5575,38.2,1900,7,0.8827,1,4.7,0
SYN-U-15083,31591.47,22120.21,0.9464,0.742,0.1554,17.2,617,1,0.874,1,1.5,0
SYN-U-15084,79227.69,69218.09,0.9521,0.6584,0.4367,50.8,532,3,0.8935,2,1.5,0
SYN-U-15085,64664.97,53257.69,0.7295,0.4006,0.5658,42.7,953,0,1.0,0,0.0,0
SYN-U-15086,26040.8,20706.6,0.9296,0.9062,0.3706,29.8,412,1,0.9965,0,0.0,0
SYN-U-15087,24850.85,19002.07,0.2096,0.4784,0.7081,23.1,563,0,1.0,0,0.0,1
SYN-U-15088,33256.67,26259.35,0.9404,0.7628,0.2806,36.4,2043,3,0.9595,0,0.0,0
SYN-U-15089,49258.9,45785.05,0.5107,0.5189,0.5861,15.5,787,5,0.7223,0,0.0,0
SYN-U-15090,37097.27,34400.56,0.9218,0.5614,0.261,60.4,1377,6,0.8613,1,2.5,0
SYN-U-15091,166748.11,158398.37,0.7201,0.7187,0.4708,42.3,1384,2,0.9862,0,0.0,0
SYN-U-15092,51538.5,48045.34,0.8558,0.6589,0.4628,12.4,819,4,0.8893,0,0.0,0
SYN-U-15093,57661.94,45699.74,0.8856,0.6043,0.2422,27.5,824,6,0.9533,0,0.0,0
SYN-U-15094,39983.78,39164.37,0.7404,0.7525,0.3272,31.9,2489,7,0.99,0,0.0,0
SYN-U-15095,48408.41,34229.37,0.7581,0.7902,0.3375,49.1,1788,2,0.9538,0,0.0,0
SYN-U-15096,37324.59,34558.43,0.9184,0.8487,0.2542,53.2,191,2,0.9253,1,1.5,0
SYN-U-15097,97839.26,94641.99,0.7527,0.6427,0.4792,35.4,727,1,0.9446,0,0.0,0
SYN-U-15098,23080.77,15108.46,0.8544,0.6588,0.4947,40.7,54,1,0.9901,2,2.6,0
SYN-U-15099,50727.61,40748.99,0.5396,0.2998,0.6115,7.9,326,5,0.8416,0,0.0,0
SYN-U-15100,80346.11,68440.13,0.8275,0.5578,0.1695,60.7,669,4,0.9115,0,0.0,0
SYN-U-15101,53064.4,42846.03,0.7374,0.6664,0.3839,25.6,1826,6,0.9616,1,5.1,0
SYN-U-15102,18372.42,14940.44,0.7899,0.6578,0.4886,18.9,1780,5,0.8215,1,3.4,0
SYN-U-15103,29938.9,26528.72,0.7052,0.5541,0.2174,51.6,2332,6,0.9031,0,0.0,0
SYN-U-15104,41376.37,28309.1,0.9125,0.7019,0.1572,19.0,1976,2,0.9192,0,0.0,0
SYN-U-15105,97233.52,69929.51,0.9042,0.8623,0.3686,47.5,1264,0,1.0,0,0.0,0
SYN-U-15106,43479.17,34115.67,0.9605,0.829,0.198,19.1,1430,0,1.0,0,0.0,0
SYN-U-15107,39213.39,29131.82,0.8401,0.5974,0.2021,42.6,1747,3,0.9765,0,0.0,0
SYN-U-15108,20236.38,14259.77,0.8072,0.6075,0.4427,57.1,189,1,0.9207,1,2.3,0
SYN-U-15109,68909.29,58290.27,0.5239,0.458,0.583,53.8,1863,7,0.8598,2,3.9,0
SYN-U-15110,115405.32,97224.66,0.7955,0.4591,0.5305,25.7,76,1,0.896,2,8.0,0
SYN-U-15111,14903.55,13327.6,0.262,0.5768,0.4219,45.9,191,1,0.9178,0,0.0,0
SYN-U-15112,62147.34,50310.51,0.6038,0.5288,0.645,47.2,358,7,0.7215,0,0.0,0
SYN-U-15113,102824.5,70213.56,0.458,0.3275,0.6747,53.4,1526,3,0.7232,0,0.0,0
SYN-U-15114,35660.99,23335.4,0.9723,0.8743,0.4763,56.3,1853,7,0.9206,0,0.0,0
SYN-U-15115,22858.69,20157.51,0.917,0.5916,0.436,48.0,1128,5,0.9063,0,0.0,0
SYN-U-15116,20276.26,14733.21,0.8907,0.6136,0.2986,50.3,149,2,0.944,0,0.0,0
SYN-U-15117,95393.06,83113.61,0.6144,0.6286,0.5361,56.2,1446,7,0.9218,3,5.8,0
SYN-U-15118,14567.64,11766.96,0.7213,0.6013,0.866,22.2,1547,5,0.654,3,5.3,0
SYN-U-15119,97461.69,74730.86,0.7067,0.8303,0.4,45.6,2011,0,1.0,0,0.0,0
SYN-U-15120,14560.66,14055.64,0.4415,0.1947,0.7301,49.2,37,7,0.872,1,15.3,1
SYN-U-15121,75683.38,63447.89,0.8893,0.8026,0.3289,30.0,355,1,0.8959,0,0.0,0
SYN-U-15122,36475.72,31327.09,0.824,0.6639,0.4747,12.2,1988,5,0.8956,0,0.0,0
SYN-U-15123,95464.01,63831.52,0.8518,0.568,0.2599,57.6,2406,6,0.8905,0,0.0,0
SYN-U-15124,42660.51,32282.95,0.7112,0.7798,0.1872,44.2,1251,3,0.9471,0,0.0,0
SYN-U-15125,20446.84,19576.65,0.5756,0.2099,0.4994,20.9,919,5,0.8762,2,3.7,0
SYN-U-15126,22667.62,19143.78,0.735,0.6522,0.1652,64.7,2476,3,0.9068,2,1.7,0
SYN-U-15127,46324.83,36983.66,0.8701,0.6105,0.3723,51.2,2222,4,0.9591,1,0.6,0
SYN-U-15128,23527.59,19521.57,0.6915,0.4145,0.8456,26.3,244,5,0.9201,3,8.0,0
SYN-U-15129,19013.51,16390.32,0.912,0.7571,0.1959,49.3,629,5,0.9739,0,0.0,0
SYN-U-15130,77712.51,66469.44,0.8682,0.7012,0.2192,33.4,778,4,0.8577,1,2.4,0
SYN-U-15131,28908.68,19831.38,0.8194,0.4858,0.6071,62.6,1162,3,0.9104,0,0.0,0
SYN-U-15132,13275.4,10756.2,0.7755,0.5915,0.1661,64.7,1416,6,0.9007,0,0.0,0
SYN-U-15133,221814.08,182776.05,0.9108,0.8988,0.4377,20.1,184,2,0.8548,1,0.2,0
SYN-U-15134,20190.22,17201.68,0.76,0.6318,0.2445,12.0,1977,6,0.8735,0,0.0,0
SYN-U-15135,87115.03,82139.36,0.7942,0.6721,0.1645,9.1,491,5,0.959,0,0.0,0
SYN-U-15136,19712.2,14761.03,0.2018,0.627,0.5427,8.9,390,7,0.5152,1,5.6,1
SYN-U-15137,29516.49,25612.11,0.6646,0.5799,0.6965,36.2,1033,6,0.722,2,9.6,0
SYN-U-15138,41495.34,39368.85,0.2461,0.2392,0.4229,35.8,502,6,0.8953,3,12.9,1
SYN-U-15139,84574.46,57292.19,0.6261,0.5588,0.5823,62.0,2033,3,0.8057,3,5.4,0
SYN-U-15140,51658.82,35599.62,0.8729,0.7602,0.2477,7.6,742,6,0.8718,1,0.9,0
SYN-U-15141,22069.77,17579.72,0.6045,0.5213,0.7245,21.7,1792,6,0.5385,0,0.0,0
SYN-U-15142,71184.4,64106.66,0.7905,0.5932,0.3393,59.1,2101,4,0.924,2,1.5,0
SYN-U-15143,47414.95,42609.75,0.919,0.7305,0.3228,13.9,2288,3,0.9298,0,0.0,0
SYN-U-15144,44333.28,34538.13,0.9793,0.6061,0.2151,62.9,411,5,0.9004,0,0.0,0
SYN-U-15145,51625.15,38579.29,0.9704,0.7602,0.3408,62.1,1812,1,0.9882,0,0.0,0
SYN-U-15146,53679.43,46506.54,0.9419,0.9115,0.4594,35.3,2403,7,0.9762,0,0.0,0
SYN-U-15147,28896.41,21915.11,0.6422,0.372,0.6272,63.0,886,1,0.6999,0,0.0,0
SYN-U-15148,74893.7,68766.11,0.4459,0.3147,0.54,17.9,1621,7,0.788,0,0.0,0
SYN-U-15149,100284.43,90857.86,0.5245,0.7503,0.5562,27.2,1561,4,0.9075,0,0.0,0
SYN-U-15150,91688.97,70432.56,0.7418,0.7996,0.4853,49.5,206,3,0.9688,0,0.0,0
SYN-U-15151,17809.75,14180.66,0.8875,0.8878,0.1603,27.9,2229,7,0.9436,0,0.0,0
SYN-U-15152,107329.0,99140.2,0.8279,0.5178,0.561,50.1,1210,2,0.733,0,0.0,0
SYN-U-15153,90264.01,62435.18,0.8548,0.7639,0.1629,38.0,2304,0,1.0,0,0.0,0
SYN-U-15154,98533.48,70803.88,0.7178,0.672,0.2684,50.9,1332,5,0.8786,1,5.2,0
SYN-U-15155,14962.7,10326.58,0.6822,0.3421,0.8016,49.0,2427,6,0.6239,0,0.0,0
SYN-U-15156,36492.94,32898.3,0.7241,0.754,0.2328,14.6,1106,3,0.9359,1,2.4,0
SYN-U-15157,46939.75,45579.32,0.7883,0.8462,0.3907,42.4,289,2,0.9203,0,0.0,0
SYN-U-15158,36820.2,28947.58,0.804,0.9143,0.4459,6.9,1925,3,0.8559,1,0.7,0
SYN-U-15159,43932.06,33226.36,0.8583,0.6462,0.2047,39.3,997,2,0.9819,0,0.0,0
SYN-U-15160,24538.05,18881.94,0.9758,0.5551,0.4007,44.1,2311,4,0.8546,0,0.0,0
SYN-U-15161,74220.23,55051.55,0.7469,0.582,0.5035,26.6,176,5,0.7995,1,2.4,0
SYN-U-15162,25681.13,22806.82,0.7792,0.5923,0.4587,53.2,1953,7,0.8931,0,0.0,0
SYN-U-15163,33131.25,25685.33,0.9752,0.853,0.2418,61.6,797,3,0.9181,0,0.0,0
SYN-U-15164,38388.08,25801.71,0.8212,0.8849,0.2673,49.2,1159,3,0.9558,0,0.0,0
SYN-U-15165,54020.41,43312.36,0.8105,0.6681,0.4889,13.6,2257,6,0.8599,1,2.0,0
SYN-U-15166,115222.65,87476.43,0.805,0.8197,0.291,36.1,569,0,1.0,0,0.0,0
SYN-U-15167,65776.38,56872.32,0.5242,0.6033,0.8727,22.2,1584,5,0.9023,0,0.0,0
SYN-U-15168,36736.79,29426.47,0.8656,0.5866,0.4882,29.0,1708,0,1.0,0,0.0,0
SYN-U-15169,23816.03,21138.99,0.6005,0.5659,0.7266,5.7,1319,4,0.7188,1,4.3,0
SYN-U-15170,17276.89,13525.9,0.3075,0.5021,0.5812,27.0,754,6,0.6865,4,4.7,1
SYN-U-15171,34425.9,26543.44,0.774,0.6107,0.4633,55.5,1730,4,0.7642,0,0.0,0
SYN-U-15172,45543.73,41340.68,0.9525,0.7746,0.3366,21.2,611,4,0.8883,0,0.0,0
SYN-U-15173,15547.73,10315.47,0.8629,0.7629,0.3227,24.9,990,1,0.9127,0,0.0,0
SYN-U-15174,34539.21,31357.41,0.7459,0.7972,0.1517,52.9,1733,1,0.9865,0,0.0,0
SYN-U-15175,14930.45,10590.7,0.7066,0.5844,0.6472,15.7,1685,6,0.578,0,0.0,0
SYN-U-15176,70068.02,58994.34,0.7867,0.4718,0.4697,19.0,1402,3,0.7263,1,6.4,0
SYN-U-15177,33395.56,32333.7,0.7327,0.4214,0.4433,63.0,738,7,0.9387,0,0.0,0
SYN-U-15178,202941.52,141420.78,0.9764,0.9165,0.4929,39.8,1639,5,0.8761,0,0.0,0
SYN-U-15179,56186.88,38313.34,0.8411,0.6826,0.4591,51.4,1327,3,0.9858,0,0.0,0
SYN-U-15180,33318.04,30144.19,0.8829,0.8354,0.218,15.1,114,5,0.9046,0,0.0,0
SYN-U-15181,18733.48,16742.59,0.7548,0.8976,0.2467,62.4,1571,7,0.8571,2,3.0,0
SYN-U-15182,76545.64,73447.8,0.8445,0.5421,0.4249,26.3,1387,2,0.7968,1,4.8,0
SYN-U-15183,38509.59,26353.59,0.7474,0.738,0.1999,59.6,792,6,0.9892,0,0.0,0
SYN-U-15184,50124.52,35666.24,0.4639,0.242,0.5316,64.0,1165,3,0.702,0,0.0,1
SYN-U-15185,87940.31,82439.01,0.7927,0.8342,0.3527,31.6,122,7,0.9736,1,1.2,0
SYN-U-15186,43189.76,28116.42,0.4563,0.2657,0.6425,36.4,1522,3,0.8705,0,0.0,0
SYN-U-15187,39811.66,34881.62,0.9237,0.5907,0.2854,17.5,2240,7,0.8848,0,0.0,0
SYN-U-15188,37718.96,26008.55,0.8883,0.6401,0.4487,59.8,259,7,0.9805,0,0.0,0
SYN-U-15189,55709.76,49047.73,0.7757,0.5639,0.4638,49.8,1046,5,0.9657,0,0.0,0
SYN-U-15190,53153.56,50972.37,0.7313,0.7794,0.462,15.3,1766,2,0.8473,3,4.2,0
SYN-U-15191,58129.08,49417.11,0.9067,0.7755,0.1521,59.6,949,2,0.8842,2,0.0,0
SYN-U-15192,36567.11,29628.46,0.9737,0.6618,0.404,28.2,1294,7,0.8787,0,0.0,0
SYN-U-15193,35301.76,28395.06,0.7281,0.4069,0.6924,11.7,305,7,0.7902,4,17.7,1
SYN-U-15194,50849.08,45907.32,0.6202,0.2209,0.6767,62.5,2070,2,0.5731,3,12.2,1
SYN-U-15195,47199.55,37075.28,0.8426,0.6147,0.5637,29.2,1833,6,0.828,0,0.0,0
SYN-U-15196,29354.37,28302.44,0.4884,0.1908,0.7543,6.6,1384,1,0.7244,0,0.0,0
SYN-U-15197,119087.77,112163.53,0.7226,0.6367,0.2278,27.2,1541,0,1.0,0,0.0,0
SYN-U-15198,21309.79,14784.47,0.7122,0.1758,0.6849,14.0,679,2,0.762,0,0.0,0
SYN-U-15199,76857.18,55762.23,0.5491,0.4495,0.407,56.9,1398,0,1.0,0,0.0,0
SYN-U-15200,15652.09,12735.46,0.6023,0.5363,0.4438,30.2,758,4,0.7323,1,17.7,0
SYN-U-15201,32322.88,25642.65,0.9324,0.8992,0.252,41.0,1738,6,0.854,0,0.0,0
SYN-U-15202,80688.36,54125.27,0.7565,0.8337,0.3345,25.3,1925,0,1.0,0,0.0,0
SYN-U-15203,74434.31,66368.95,0.9748,0.7075,0.171,44.1,259,5,0.9559,0,0.0,0
SYN-U-15204,36593.58,34628.27,0.5971,0.3247,0.4822,23.9,1673,7,0.7065,0,0.0,0
SYN-U-15205,34296.23,32023.97,0.795,0.7233,0.4728,53.1,1113,3,0.8663,0,0.0,0
SYN-U-15206,79568.82,77037.83,0.521,0.556,0.4534,43.9,1262,4,0.8073,0,0.0,0
SYN-U-15207,19644.78,17909.68,0.8455,0.6082,0.2184,50.7,1736,7,0.8725,0,0.0,0
SYN-U-15208,49345.19,36040.25,0.7964,0.5575,0.4809,44.4,1107,4,0.8866,0,0.0,0
SYN-U-15209,33620.86,32815.73,0.4404,0.3556,0.4446,62.6,1619,7,0.834,2,11.9,1
SYN-U-15210,125956.06,109568.55,0.5584,0.6337,0.2882,64.6,240,2,0.7116,3,6.0,0
SYN-U-15211,28034.99,18604.31,0.7462,0.7436,0.2236,50.2,1062,2,0.8509,1,2.7,0
SYN-U-15212,20850.53,13772.07,0.5432,0.4468,0.5117,19.2,224,7,0.8043,0,0.0,0
SYN-U-15213,134158.69,89342.77,0.6407,0.5827,0.5744,38.5,312,3,0.8319,0,0.0,0
SYN-U-15214,65479.26,60603.05,0.7366,0.748,0.4167,50.2,1202,0,1.0,0,0.0,0
SYN-U-15215,75978.13,61771.08,0.8675,0.8787,0.3377,54.7,295,6,0.9148,1,0.4,0
SYN-U-15216,24600.12,22141.48,0.7169,0.7799,0.4055,20.9,2413,1,0.9271,1,2.4,0
SYN-U-15217,21610.77,19277.23,0.7342,0.5968,0.3085,57.9,1039,0,1.0,0,0.0,0
SYN-U-15218,36973.88,29171.32,0.8755,0.734,0.3909,7.1,553,6,0.9045,1,2.8,0
SYN-U-15219,53820.15,35924.52,0.8168,0.5776,0.2458,12.9,435,0,1.0,0,0.0,0
SYN-U-15220,82401.02,58197.34,0.9248,0.9181,0.2364,9.2,550,3,0.9447,0,0.0,0
SYN-U-15221,66200.42,43373.92,0.5281,0.4822,0.7941,37.7,2298,7,0.6243,2,5.3,1
SYN-U-15222,58410.75,42360.61,0.8068,0.5092,0.265,22.1,1894,7,0.8906,2,2.5,0
SYN-U-15223,51109.59,33748.29,0.7485,0.7693,0.3557,60.7,1900,5,0.9593,0,0.0,0
SYN-U-15224,15960.11,13543.32,0.4085,0.4886,0.6788,14.8,452,4,0.7636,0,0.0,0
SYN-U-15225,13420.61,9445.08,0.4432,0.4919,0.4672,19.8,971,6,0.5579,1,5.1,0
SYN-U-15226,44880.52,40165.48,0.2485,0.5314,0.8634,21.1,1100,6,0.6522,3,9.2,1
SYN-U-15227,19919.98,18482.83,0.3863,0.4524,0.6247,57.1,525,0,1.0,0,0.0,1
SYN-U-15228,14715.58,9744.55,0.7362,0.5474,0.7836,46.8,427,1,0.5126,0,0.0,0
SYN-U-15229,165333.55,159349.14,0.7986,0.6274,0.1737,36.3,2351,1,0.9691,1,2.6,0
SYN-U-15230,65621.85,43135.75,0.89,0.557,0.4098,34.6,72,3,0.9156,2,1.0,0
SYN-U-15231,143956.89,124180.65,0.6536,0.5216,0.5932,34.5,2129,4,0.7907,2,4.8,0
SYN-U-15232,16426.31,14146.6,0.459,0.1952,0.4221,31.4,2387,6,0.5123,1,10.9,1
SYN-U-15233,116176.14,101908.05,0.9768,0.6029,0.4857,14.1,1982,2,0.98,1,2.3,0
SYN-U-15234,53760.77,37034.39,0.8326,0.4013,0.622,15.1,1923,6,0.9096,0,0.0,0
SYN-U-15235,49448.61,44602.65,0.9306,0.7839,0.4279,29.0,2441,3,0.9899,1,0.1,0
SYN-U-15236,41203.3,38929.74,0.9733,0.6063,0.4651,12.2,206,1,0.9323,0,0.0,0
SYN-U-15237,29212.79,22444.15,0.5004,0.5625,0.4528,14.6,2013,3,0.8866,1,14.2,0
SYN-U-15238,46367.61,31084.3,0.8357,0.8804,0.3079,57.4,1556,3,0.9682,1,2.3,0
SYN-U-15239,54207.1,47787.07,0.8707,0.8877,0.1542,35.3,333,2,0.9449,0,0.0,0
SYN-U-15240,13937.82,11107.0,0.5678,0.4787,0.6035,39.4,1975,5,0.7233,0,0.0,0
SYN-U-15241,147390.54,104944.11,0.8239,0.8039,0.4726,36.5,2476,4,0.8855,0,0.0,0
SYN-U-15242,165770.43,127726.04,0.7931,0.6714,0.4586,37.4,1271,3,0.8529,0,0.0,0
SYN-U-15243,39229.2,27245.93,0.5942,0.4713,0.2726,56.0,1574,0,1.0,0,0.0,0
SYN-U-15244,44928.4,35668.97,0.2865,0.3518,0.5326,36.3,138,7,0.7387,3,5.3,1
SYN-U-15245,22237.76,20573.13,0.9293,0.6367,0.2696,37.0,758,2,0.9798,2,2.4,0
SYN-U-15246,83081.93,62652.86,0.5174,0.5988,0.3817,59.3,572,6,0.9561,0,0.0,0
SYN-U-15247,60963.92,57878.19,0.8639,0.6819,0.4887,57.6,1417,7,0.9126,0,0.0,0
SYN-U-15248,63668.83,43133.86,0.7472,0.3327,0.783,21.8,2006,3,0.5683,1,17.3,1
SYN-U-15249,38976.93,26134.69,0.5329,0.77,0.3878,41.9,2201,7,0.9102,3,4.7,0
SYN-U-15250,41985.44,29598.42,0.3356,0.4513,0.5276,50.6,1758,3,0.7221,2,11.2,0
SYN-U-15251,16866.63,15075.15,0.5597,0.1891,0.4222,8.9,1608,5,0.6255,4,17.7,1
SYN-U-15252,188067.9,142967.85,0.7977,0.6116,0.4896,56.6,1959,5,0.8095,1,3.9,0
SYN-U-15253,115267.16,111019.45,0.7822,0.883,0.4349,45.3,238,7,0.8817,0,0.0,0
SYN-U-15254,21162.23,17506.21,0.2833,0.2775,0.4887,45.2,902,5,0.5769,2,17.6,1
SYN-U-15255,41609.92,31690.02,0.6514,0.256,0.4431,45.7,1079,5,0.553,0,0.0,0
SYN-U-15256,155468.4,110879.38,0.8413,0.5886,0.1638,5.3,1849,6,0.9575,0,0.0,0
SYN-U-15257,22531.49,15415.18,0.7926,0.5951,0.171,42.1,2115,3,0.9829,1,0.2,0
SYN-U-15258,50852.84,44696.86,0.8327,0.5659,0.4707,12.0,1838,1,0.9719,2,2.3,0
SYN-U-15259,138626.27,94359.48,0.5452,0.7466,0.3675,31.6,1042,0,1.0,0,0.0,0
SYN-U-15260,56058.64,38553.33,0.3226,0.3571,0.8796,60.5,1578,3,0.6211,0,0.0,1
SYN-U-15261,65802.25,63608.28,0.6015,0.1756,0.8593,64.0,415,5,0.7122,0,0.0,1
SYN-U-15262,91118.58,82615.28,0.6835,0.4553,0.6413,22.4,759,7,0.934,3,7.8,0
SYN-U-15263,64299.42,46359.55,0.6351,0.6869,0.6288,62.7,1017,4,0.7769,1,2.7,0
SYN-U-15264,46237.95,38175.47,0.6931,0.7079,0.4329,52.9,1320,6,0.9381,1,3.1,0
SYN-U-15265,72852.27,62714.59,0.9466,0.7905,0.2179,30.5,766,2,0.9359,0,0.0,0
SYN-U-15266,74455.99,60238.17,0.6864,0.593,0.4483,11.6,2357,3,0.9265,0,0.0,0
SYN-U-15267,45982.78,32402.56,0.3792,0.4213,0.7867,48.3,1949,1,0.518,1,6.5,1
SYN-U-15268,35073.64,28402.54,0.822,0.7693,0.2835,50.2,1332,0,1.0,0,0.0,0
SYN-U-15269,24185.54,21901.53,0.7864,0.8576,0.4941,33.2,401,0,1.0,0,0.0,0
SYN-U-15270,135298.58,125276.77,0.7822,0.6722,0.25,53.8,1313,7,0.8748,0,0.0,0
SYN-U-15271,42732.56,38789.63,0.7064,0.7347,0.3293,28.0,116,5,0.915,1,0.9,0
SYN-U-15272,26388.43,18992.82,0.212,0.299,0.5913,24.2,2285,2,0.5183,4,11.3,1
SYN-U-15273,34231.71,29373.02,0.719,0.7757,0.4182,50.1,2293,0,1.0,0,0.0,0
SYN-U-15274,21003.0,17106.74,0.2659,0.3777,0.7473,45.7,1337,7,0.8649,0,0.0,0
SYN-U-15275,90825.55,71733.16,0.6093,0.2142,0.4527,43.0,1066,5,0.8041,1,6.4,1
SYN-U-15276,47836.67,38988.87,0.5675,0.2479,0.6032,35.4,2026,1,0.5075,2,10.1,1
SYN-U-15277,57635.56,49465.57,0.9193,0.5664,0.238,23.5,1805,4,0.9767,0,0.0,0
SYN-U-15278,20824.65,14290.66,0.6878,0.4398,0.5608,43.0,2000,5,0.6452,2,11.4,0
SYN-U-15279,27962.17,23673.4,0.3682,0.1651,0.7227,8.1,1411,5,0.534,2,8.6,1
SYN-U-15280,18405.63,13592.61,0.6726,0.5826,0.4392,46.1,1746,6,0.7524,0,0.0,0
SYN-U-15281,50544.15,47681.07,0.3161,0.1985,0.5195,63.1,2434,5,0.6093,0,0.0,1
SYN-U-15282,126584.16,120619.77,0.7879,0.5655,0.5514,17.2,783,3,0.9703,0,0.0,0
SYN-U-15283,15964.41,10509.23,0.3448,0.3834,0.7654,35.7,1241,5,0.8667,0,0.0,1
SYN-U-15284,19888.27,18865.0,0.9274,0.8094,0.4355,22.4,2312,4,0.9536,1,0.2,0
SYN-U-15285,93049.84,71894.31,0.9416,0.8875,0.2473,54.3,1731,5,0.8527,0,0.0,0
SYN-U-15286,17533.24,13557.37,0.6598,0.4744,0.4017,47.5,1558,7,0.725,0,0.0,0
SYN-U-15287,34850.98,29885.33,0.7854,0.5788,0.1615,10.8,1428,2,0.9629,0,0.0,0
SYN-U-15288,14010.62,11715.6,0.6819,0.2891,0.6437,8.0,399,0,1.0,0,0.0,0
SYN-U-15289,85804.68,58510.88,0.776,0.604,0.3473,63.0,115,6,0.8587,0,0.0,0
SYN-U-15290,53414.54,41818.11,0.5683,0.4366,0.4426,34.6,688,7,0.9292,0,0.0,0
SYN-U-15291,36721.26,31533.36,0.8386,0.887,0.2649,57.3,478,5,0.8674,0,0.0,0
SYN-U-15292,57224.95,39930.14,0.4627,0.3552,0.5316,28.6,658,0,1.0,0,0.0,0
SYN-U-15293,177339.05,159280.85,0.7763,0.8214,0.2985,56.6,57,3,0.8918,0,0.0,0
SYN-U-15294,121586.5,97372.67,0.8188,0.7716,0.2489,7.2,652,2,0.9172,1,0.7,0
SYN-U-15295,45043.97,36509.89,0.329,0.3117,0.676,21.2,2310,5,0.7078,4,8.3,1
SYN-U-15296,26795.37,23913.36,0.9266,0.7598,0.4641,46.9,1916,6,0.9195,0,0.0,0
SYN-U-15297,108083.6,94864.43,0.6826,0.294,0.603,22.0,895,3,0.8586,1,9.6,0
SYN-U-15298,41189.24,29843.93,0.8414,0.6487,0.4209,55.1,1053,1,0.9926,0,0.0,0
SYN-U-15299,87330.35,77593.36,0.772,0.5493,0.5647,8.1,1742,1,0.8232,0,0.0,0
SYN-U-15300,13508.55,10528.08,0.4342,0.452,0.6171,34.1,1938,4,0.7114,0,0.0,0
SYN-U-15301,47883.42,41240.86,0.6543,0.7196,0.4222,33.0,1959,3,0.8745,0,0.0,0
SYN-U-15302,41567.24,32885.28,0.8452,0.711,0.2376,45.4,2106,1,0.9947,1,1.8,0
SYN-U-15303,41010.34,37940.18,0.6925,0.4108,0.5765,14.9,539,5,0.8715,0,0.0,0
SYN-U-15304,86246.02,64608.79,0.6864,0.6875,0.4445,28.2,995,2,0.7377,0,0.0,0
SYN-U-15305,61061.56,53924.41,0.7551,0.8878,0.2321,19.1,1693,4,0.885,0,0.0,0
SYN-U-15306,62993.13,53462.54,0.2512,0.5959,0.6996,35.3,682,6,0.7436,0,0.0,0
SYN-U-15307,22224.89,16023.33,0.7538,0.7863,0.5587,63.3,1629,2,0.8112,0,0.0,0
SYN-U-15308,61060.19,42646.04,0.2125,0.433,0.6513,12.8,61,6,0.7809,0,0.0,1
SYN-U-15309,56540.53,45226.3,0.7704,0.6481,0.1962,11.0,2188,2,0.858,0,0.0,0
SYN-U-15310,106013.07,88470.76,0.9172,0.5867,0.2234,56.4,1163,0,1.0,0,0.0,0
SYN-U-15311,38756.57,34809.48,0.658,0.5487,0.6934,13.4,1049,7,0.5761,4,14.4,1
SYN-U-15312,40806.33,36405.7,0.7683,0.8653,0.3324,23.8,1237,3,0.992,0,0.0,0
SYN-U-15313,34649.84,33141.65,0.7891,0.6321,0.1672,43.7,692,7,0.8643,2,1.4,0
SYN-U-15314,32160.77,22844.16,0.2774,0.1557,0.8332,22.7,1335,3,0.6079,0,0.0,1
SYN-U-15315,111433.21,74338.48,0.7373,0.8883,0.173,20.5,1519,4,0.9476,0,0.0,0
SYN-U-15316,142455.85,134731.92,0.8798,0.7889,0.2829,14.3,2098,4,0.8768,1,2.2,0
SYN-U-15317,37147.51,28169.6,0.8722,0.6078,0.1863,56.3,1159,6,0.8941,0,0.0,0
SYN-U-15318,13323.57,11397.18,0.8127,0.5583,0.2311,6.1,155,5,0.9745,0,0.0,0
SYN-U-15319,18537.09,17816.82,0.7992,0.469,0.4143,53.3,1101,1,0.7265,3,4.0,0
SYN-U-15320,54520.42,35789.51,0.7802,0.7583,0.1528,40.2,760,6,0.8543,0,0.0,0
SYN-U-15321,55796.1,50225.9,0.9364,0.8448,0.4653,56.4,770,0,1.0,0,0.0,0
SYN-U-15322,66072.85,48821.65,0.5698,0.562,0.4175,6.4,1426,7,0.767,0,0.0,0
SYN-U-15323,52948.17,39681.13,0.7549,0.6471,0.4593,64.9,1233,5,0.8974,1,3.0,0
SYN-U-15324,46884.24,44545.4,0.8043,0.826,0.199,48.8,306,0,1.0,0,0.0,0
SYN-U-15325,16365.15,15840.91,0.7844,0.4431,0.3151,53.8,715,2,0.7278,0,0.0,0
SYN-U-15326,66128.7,43801.82,0.809,0.8319,0.3008,27.6,2113,6,0.8549,1,0.7,0
SYN-U-15327,98665.39,81232.55,0.8494,0.8691,0.3407,57.2,1781,5,0.9275,0,0.0,0
SYN-U-15328,102623.96,72638.55,0.9468,0.6346,0.349,9.1,768,3,0.9002,1,1.3,0
SYN-U-15329,72667.63,68707.98,0.9344,0.7248,0.174,8.0,682,5,0.9009,0,0.0,0
SYN-U-15330,18469.96,14238.52,0.5592,0.3189,0.8777,42.6,574,6,0.6872,0,0.0,1
SYN-U-15331,31352.9,26737.82,0.8301,0.7711,0.4384,53.9,394,5,0.9583,0,0.0,0
SYN-U-15332,156223.72,129023.1,0.8444,0.6738,0.2917,45.8,2460,4,0.7706,1,3.0,0
SYN-U-15333,46698.64,41831.43,0.8033,0.7982,0.4432,41.5,1870,6,0.8744,0,0.0,0
SYN-U-15334,27618.67,27021.82,0.5418,0.6413,0.5338,44.0,262,1,0.6862,0,0.0,0
SYN-U-15335,48286.3,39927.47,0.7984,0.9139,0.2625,64.5,1761,1,0.9632,0,0.0,0
SYN-U-15336,41423.8,38664.03,0.5322,0.6132,0.2887,30.5,1130,2,0.9671,2,5.5,0
SYN-U-15337,20729.9,14197.7,0.5772,0.3955,0.7472,21.7,1863,4,0.6575,1,4.1,0
SYN-U-15338,69821.41,62934.48,0.2198,0.2635,0.4526,34.7,282,7,0.6528,1,17.4,1
SYN-U-15339,83970.35,54942.82,0.943,0.7572,0.4812,27.9,342,4,0.9449,2,1.9,0
SYN-U-15340,54953.77,47945.72,0.2942,0.6014,0.614,46.3,1698,6,0.8735,0,0.0,0
SYN-U-15341,97611.99,89370.01,0.2144,0.6132,0.4988,41.5,1271,4,0.5695,0,0.0,0
SYN-U-15342,134655.17,96083.11,0.8498,0.7225,0.3716,20.2,2455,3,0.9478,0,0.0,0
SYN-U-15343,64612.06,60554.08,0.7785,0.6974,0.1792,10.9,2079,4,0.9262,2,0.6,0
SYN-U-15344,85099.95,71520.01,0.6242,0.7014,0.2574,22.7,1229,7,0.9094,0,0.0,0
SYN-U-15345,47657.63,35802.86,0.5316,0.4926,0.501,13.5,1169,4,0.718,0,0.0,0
SYN-U-15346,16754.06,10990.51,0.7344,0.8558,0.215,14.9,368,7,0.8848,0,0.0,0
SYN-U-15347,66845.29,64690.72,0.5393,0.3503,0.5653,51.7,1333,5,0.5557,1,14.1,1
SYN-U-15348,39758.43,35131.18,0.4905,0.4785,0.6542,22.4,1822,1,0.5284,1,13.9,1
SYN-U-15349,55660.13,37227.5,0.917,0.7751,0.1838,17.1,2029,5,0.9628,0,0.0,0
SYN-U-15350,38570.11,27330.14,0.5984,0.7233,0.3242,41.3,599,7,0.7233,0,0.0,0
SYN-U-15351,65755.6,51774.38,0.8076,0.4595,0.4825,17.9,89,6,0.8816,0,0.0,0
SYN-U-15352,17123.78,14201.8,0.2495,0.6103,0.8033,62.9,1653,6,0.8218,2,6.9,1
SYN-U-15353,50976.52,35472.83,0.9326,0.6713,0.2054,30.3,1743,5,0.8915,0,0.0,0
SYN-U-15354,58309.57,47196.22,0.5364,0.5833,0.7543,42.8,1066,4,0.5289,0,0.0,0
SYN-U-15355,84798.34,63200.05,0.9325,0.6002,0.4844,48.2,1371,5,0.9818,0,0.0,0
SYN-U-15356,35799.91,25392.16,0.9134,0.826,0.367,43.4,1416,2,0.9602,0,0.0,0
SYN-U-15357,18308.21,14663.35,0.2567,0.1722,0.6824,6.4,828,4,0.6292,0,0.0,1
SYN-U-15358,43787.12,34475.84,0.3973,0.6184,0.6676,22.7,1904,0,1.0,0,0.0,0
SYN-U-15359,38595.02,31781.83,0.8234,0.6527,0.1948,41.1,471,7,0.8676,0,0.0,0
SYN-U-15360,100820.38,66461.59,0.8023,0.8299,0.3807,37.8,1343,7,0.8785,1,2.6,0
SYN-U-15361,13152.66,8844.55,0.3656,0.5152,0.6347,32.4,1584,0,1.0,0,0.0,0
SYN-U-15362,87191.23,79709.52,0.5988,0.5126,0.4184,65.0,1724,0,1.0,0,0.0,0
SYN-U-15363,54543.13,43947.91,0.8358,0.8931,0.3887,12.9,1880,7,0.854,0,0.0,0
SYN-U-15364,113504.34,79824.96,0.7722,0.4242,0.3841,41.6,1418,0,1.0,0,0.0,0
SYN-U-15365,48943.34,39575.28,0.8704,0.6214,0.345,64.6,966,7,0.9824,0,0.0,0
SYN-U-15366,51569.42,36834.36,0.5214,0.5556,0.5819,41.8,1676,5,0.5056,0,0.0,0
SYN-U-15367,43925.12,33842.75,0.8064,0.6943,0.3358,52.1,123,1,0.8987,0,0.0,0
SYN-U-15368,78371.68,55646.82,0.5196,0.2968,0.5381,58.4,2398,1,0.8917,1,3.2,0
SYN-U-15369,24361.97,23862.11,0.3486,0.5133,0.6707,23.1,529,7,0.8494,0,0.0,0
SYN-U-15370,22583.7,17956.47,0.7867,0.5883,0.3099,41.6,348,2,0.9457,2,7.2,0
SYN-U-15371,32470.95,28382.95,0.7784,0.6055,0.5625,16.8,2217,2,0.8074,1,3.1,0
SYN-U-15372,56745.96,52350.86,0.6622,0.2749,0.6869,38.3,1573,7,0.7927,1,13.9,1
SYN-U-15373,118108.16,109357.32,0.6874,0.4349,0.4856,63.2,673,0,1.0,0,0.0,0
SYN-U-15374,16348.91,14203.05,0.9105,0.8652,0.4176,54.0,1513,6,0.9922,0,0.0,0
SYN-U-15375,17471.73,13614.49,0.9081,0.7787,0.2038,55.5,1589,0,1.0,0,0.0,0
SYN-U-15376,53289.88,50648.92,0.5009,0.2945,0.7592,14.6,663,6,0.6558,2,12.7,1
SYN-U-15377,36162.58,31952.03,0.6848,0.513,0.615,63.3,1564,6,0.9329,0,0.0,0
SYN-U-15378,49340.46,45309.01,0.9556,0.7741,0.4106,11.8,938,2,0.8868,0,0.0,0
SYN-U-15379,32490.15,25541.52,0.8689,0.597,0.2979,60.4,212,6,0.9158,0,0.0,0
SYN-U-15380,61203.18,57160.2,0.9168,0.721,0.358,45.9,1030,7,0.9101,1,2.6,0
SYN-U-15381,89348.83,66215.88,0.6297,0.7838,0.3495,44.4,1268,3,0.8488,0,0.0,0
SYN-U-15382,95682.11,79737.46,0.8708,0.8609,0.3397,15.3,2284,4,0.8562,0,0.0,0
SYN-U-15383,91168.95,75976.06,0.2649,0.4871,0.4801,34.0,2084,0,1.0,0,0.0,0
SYN-U-15384,89230.46,75830.29,0.6871,0.502,0.5423,33.2,2355,6,0.9202,0,0.0,0
SYN-U-15385,29216.92,25286.55,0.7855,0.5708,0.4575,64.2,1347,5,0.9202,0,0.0,0
SYN-U-15386,79709.92,74369.69,0.7863,0.4538,0.3805,8.5,2144,4,0.7953,0,0.0,0
SYN-U-15387,15298.72,12407.05,0.6623,0.5285,0.5849,14.8,182,2,0.7739,1,5.4,1
SYN-U-15388,43639.26,33023.41,0.9175,0.8664,0.3814,44.8,2477,1,0.8893,0,0.0,0
SYN-U-15389,25922.82,17283.1,0.7857,0.8025,0.1667,40.6,1642,4,0.9388,0,0.0,0
SYN-U-15390,58344.45,48295.49,0.6573,0.4289,0.2748,61.2,1336,7,0.8677,0,0.0,0
SYN-U-15391,64982.17,59100.69,0.9371,0.7662,0.1703,17.3,1175,6,0.9523,0,0.0,0
SYN-U-15392,103588.12,78650.99,0.5276,0.5146,0.563,43.8,389,6,0.8669,1,7.8,0
SYN-U-15393,34287.75,26273.76,0.7682,0.4618,0.5363,14.0,1144,3,0.7377,1,4.2,0
SYN-U-15394,46590.71,38488.4,0.8609,0.7424,0.2077,31.1,988,0,1.0,0,0.0,0
SYN-U-15395,83009.84,58599.29,0.9299,0.7122,0.4372,22.2,147,2,0.9892,1,2.0,0
SYN-U-15396,93427.76,62073.44,0.5933,0.6157,0.3039,54.9,41,3,0.9276,1,3.0,0
SYN-U-15397,19133.5,16864.71,0.9307,0.5984,0.2865,28.7,567,4,0.9823,0,0.0,0
SYN-U-15398,15702.94,10221.54,0.5184,0.3519,0.7793,43.3,1304,7,0.7849,0,0.0,0
SYN-U-15399,47967.98,41822.2,0.6778,0.2723,0.6883,14.7,1331,1,0.5236,3,9.4,1
SYN-U-15400,60854.33,45717.24,0.9423,0.9063,0.3448,19.7,1151,0,1.0,0,0.0,0
SYN-U-15401,65263.05,58002.83,0.4106,0.5297,0.4251,37.8,1236,4,0.7214,0,0.0,0
SYN-U-15402,50534.38,49068.87,0.7549,0.5508,0.277,16.6,608,4,0.7325,1,3.3,0
SYN-U-15403,54479.95,41737.38,0.9624,0.8846,0.3271,61.0,1305,2,0.9722,0,0.0,0
SYN-U-15404,44524.54,29704.6,0.8305,0.7891,0.3349,13.5,2181,1,0.9399,0,0.0,0
SYN-U-15405,126237.73,98864.59,0.8985,0.7678,0.4308,35.7,1645,7,0.8928,0,0.0,0
SYN-U-15406,27248.89,21138.18,0.722,0.7199,0.4412,22.8,2345,2,0.8694,0,0.0,0
SYN-U-15407,88977.47,74618.89,0.7279,0.7078,0.4315,41.8,110,4,0.9625,0,0.0,0
SYN-U-15408,61633.44,55949.93,0.6565,0.7498,0.414,38.9,2437,3,0.923,1,7.1,0
SYN-U-15409,29710.64,19716.52,0.9375,0.8994,0.3483,9.9,2018,3,0.9804,0,0.0,0
SYN-U-15410,53816.97,48948.99,0.732,0.5062,0.2705,6.1,333,2,0.9519,1,4.2,0
SYN-U-15411,74368.7,71038.04,0.7982,0.6231,0.2279,59.8,558,7,0.9908,0,0.0,0
SYN-U-15412,92878.66,66145.68,0.6485,0.4854,0.4188,64.5,1569,7,0.9775,1,7.1,0
SYN-U-15413,172277.34,116315.46,0.8547,0.7049,0.3367,46.0,2431,7,0.9146,0,0.0,0
SYN-U-15414,91004.64,64030.57,0.7825,0.7645,0.3723,36.5,2034,6,0.9823,0,0.0,0
SYN-U-15415,37485.54,33774.99,0.7504,0.6554,0.1966,43.5,2283,0,1.0,0,0.0,0
SYN-U-15416,16252.83,12043.34,0.4308,0.5544,0.6886,12.2,994,6,0.5062,3,6.6,0
SYN-U-15417,133625.53,122969.87,0.7586,0.8337,0.3438,8.2,1496,3,0.9898,0,0.0,0
SYN-U-15418,151152.06,125537.97,0.8365,0.6783,0.2889,58.3,412,1,0.9981,0,0.0,0
SYN-U-15419,84917.0,66032.56,0.2661,0.4783,0.518,12.8,315,6,0.9289,0,0.0,0
SYN-U-15420,100058.04,71982.75,0.5626,0.4899,0.4055,61.2,2441,0,1.0,0,0.0,0
SYN-U-15421,74899.84,61447.58,0.9291,0.6704,0.2237,29.7,58,0,1.0,0,0.0,0
SYN-U-15422,36210.08,31723.21,0.4512,0.5048,0.5286,9.3,31,3,0.9327,0,0.0,0
SYN-U-15423,36845.88,32953.1,0.6342,0.4514,0.3673,15.4,314,4,0.9618,3,7.3,1
SYN-U-15424,75300.33,66803.52,0.8917,0.6456,0.3239,60.4,976,7,0.9825,0,0.0,0
SYN-U-15425,54891.62,41161.64,0.8979,0.7009,0.2853,61.7,1983,5,0.9175,1,1.8,0
SYN-U-15426,34788.38,34055.24,0.8249,0.5363,0.435,63.9,2368,1,0.7186,0,0.0,0
SYN-U-15427,81576.48,71507.12,0.7361,0.6901,0.5541,53.4,2381,1,0.8075,2,3.7,0
SYN-U-15428,39667.28,38730.32,0.9548,0.5716,0.2768,35.8,724,3,0.8702,0,0.0,0
SYN-U-15429,45232.73,33386.7,0.7167,0.881,0.2239,46.4,2216,7,0.9379,0,0.0,0
SYN-U-15430,85502.77,61326.67,0.7427,0.8347,0.3453,55.1,97,0,1.0,0,0.0,0
SYN-U-15431,41638.89,35502.57,0.7353,0.6606,0.2231,29.0,1553,4,0.9108,0,0.0,0
SYN-U-15432,33705.72,24213.34,0.5915,0.5876,0.5576,49.7,427,5,0.9165,1,5.5,0
SYN-U-15433,50088.92,43239.58,0.5683,0.3805,0.7638,32.3,2079,3,0.9437,0,0.0,0
SYN-U-15434,12817.72,11462.45,0.6336,0.5415,0.4914,19.3,1890,7,0.8747,0,0.0,0
SYN-U-15435,32921.05,24911.91,0.8915,0.7904,0.4852,52.7,841,3,0.9486,0,0.0,0
SYN-U-15436,72428.97,52574.39,0.8392,0.6727,0.3339,53.5,1903,5,0.8596,2,1.5,0
SYN-U-15437,64891.12,49222.87,0.7124,0.5866,0.429,30.3,451,3,0.8949,0,0.0,0
SYN-U-15438,75346.59,73801.06,0.7458,0.5677,0.2986,38.2,899,3,0.7199,0,0.0,0
SYN-U-15439,87450.72,59897.06,0.7126,0.8953,0.3985,21.4,2055,6,0.9442,0,0.0,0
SYN-U-15440,62153.51,54143.52,0.7124,0.4515,0.4817,21.8,933,7,0.8961,0,0.0,0
SYN-U-15441,38457.71,36107.25,0.9513,0.7605,0.4743,62.2,822,5,0.939,0,0.0,0
SYN-U-15442,71948.08,62424.33,0.8855,0.6895,0.1921,42.7,386,4,0.8665,0,0.0,0
SYN-U-15443,13627.23,10214.77,0.4444,0.5764,0.544,35.8,1850,5,0.7841,1,12.2,0
SYN-U-15444,67669.18,64540.79,0.866,0.7629,0.3302,8.7,1597,0,1.0,0,0.0,0
SYN-U-15445,56394.71,49510.06,0.7746,0.6208,0.5329,17.9,769,4,0.9286,1,7.0,0
SYN-U-15446,121657.01,111634.04,0.6902,0.5931,0.3582,44.0,2402,0,1.0,0,0.0,0
SYN-U-15447,64976.52,46012.9,0.8121,0.749,0.1539,10.4,1463,1,0.9516,0,0.0,0
SYN-U-15448,138257.76,135413.43,0.89,0.7598,0.1716,21.2,206,5,0.8965,0,0.0,0
SYN-U-15449,24717.09,18576.53,0.271,0.5987,0.5355,15.1,195,2,0.7873,4,10.6,0
SYN-U-15450,43453.9,40632.1,0.665,0.4922,0.7968,64.1,799,2,0.9061,0,0.0,0
SYN-U-15451,65644.78,50547.03,0.9573,0.623,0.3423,48.1,655,0,1.0,0,0.0,0
SYN-U-15452,116684.87,95698.1,0.775,0.8482,0.2779,27.8,2327,2,0.915,1,0.9,0
SYN-U-15453,30360.16,26302.54,0.8866,0.6417,0.4548,11.4,1877,2,0.9973,0,0.0,0
SYN-U-15454,52806.48,37332.36,0.976,0.9197,0.424,7.9,1190,3,0.8572,0,0.0,0
SYN-U-15455,48845.17,43647.96,0.9483,0.6094,0.1737,14.2,282,6,0.9417,0,0.0,0
SYN-U-15456,67308.5,55643.57,0.9584,0.6643,0.4185,46.7,102,3,0.9029,0,0.0,0
SYN-U-15457,54831.16,47695.18,0.5675,0.4067,0.3125,58.5,1064,5,0.7278,3,3.3,0
SYN-U-15458,101251.43,75455.07,0.8074,0.6323,0.396,15.3,496,2,0.9517,0,0.0,0
SYN-U-15459,71791.45,61446.62,0.432,0.2979,0.5301,25.6,1768,3,0.5822,3,8.2,0
SYN-U-15460,52467.87,51097.22,0.7205,0.912,0.2043,47.9,1090,2,0.9108,0,0.0,0
SYN-U-15461,152198.74,142839.72,0.5518,0.41,0.5887,33.6,1703,4,0.7137,0,0.0,0
SYN-U-15462,55824.75,49377.13,0.823,0.8954,0.2247,53.2,836,5,0.8817,2,2.1,0
SYN-U-15463,104892.27,71911.95,0.8564,0.9179,0.4771,49.3,833,0,1.0,0,0.0,0
SYN-U-15464,56535.58,41771.68,0.422,0.6285,0.8732,16.4,78,1,0.6183,0,0.0,0
SYN-U-15465,12960.36,11626.53,0.3616,0.4034,0.6665,60.7,672,5,0.5604,0,0.0,0
SYN-U-15466,39891.89,34137.31,0.9004,0.6312,0.3539,39.5,204,7,0.9798,0,0.0,0
SYN-U-15467,52716.26,35703.53,0.922,0.7754,0.27,57.7,181,2,0.9629,2,0.1,0
SYN-U-15468,47833.45,46563.47,0.2772,0.3393,0.4406,23.6,960,3,0.8367,0,0.0,0
SYN-U-15469,44287.67,41717.65,0.9195,0.6488,0.2952,54.5,171,4,0.8624,0,0.0,0
SYN-U-15470,31459.8,21685.24,0.9184,0.5585,0.3805,64.5,1271,7,0.9507,0,0.0,0
SYN-U-15471,48321.62,46176.68,0.9109,0.772,0.3949,40.4,1599,6,0.9351,0,0.0,0
SYN-U-15472,65060.6,54075.15,0.7194,0.6851,0.4961,30.1,248,3,0.9307,1,0.3,0
SYN-U-15473,62019.72,49071.56,0.8943,0.6484,0.4646,20.5,823,0,1.0,0,0.0,0
SYN-U-15474,61604.4,41433.68,0.8871,0.6388,0.4933,13.6,1770,7,0.9835,1,1.9,0
SYN-U-15475,34716.43,34008.45,0.5077,0.3944,0.6216,33.4,1119,5,0.6197,1,16.8,1
SYN-U-15476,39081.45,31111.49,0.8477,0.5532,0.3846,44.8,1250,6,0.9607,0,0.0,0
SYN-U-15477,77156.58,65785.97,0.7552,0.6815,0.5362,7.0,1430,7,0.7885,0,0.0,0
SYN-U-15478,21318.2,15358.87,0.6319,0.3873,0.6602,50.9,351,7,0.8472,2,13.6,1
SYN-U-15479,57240.0,51394.92,0.9062,0.6844,0.2631,47.2,652,0,1.0,0,0.0,0
SYN-U-15480,84621.83,61432.45,0.7331,0.7794,0.1998,25.5,1732,3,0.9564,0,0.0,0
SYN-U-15481,113377.8,79020.46,0.829,0.7386,0.2431,55.7,1599,7,0.9543,0,0.0,0
SYN-U-15482,46504.9,37245.36,0.7794,0.7885,0.3492,19.3,641,7,0.9918,2,2.4,0
SYN-U-15483,57397.55,42538.99,0.6578,0.5688,0.4248,51.6,1058,4,0.742,0,0.0,0
SYN-U-15484,34833.29,32407.77,0.8876,0.5524,0.4691,35.9,347,0,1.0,0,0.0,0
SYN-U-15485,99276.66,79145.9,0.5241,0.7337,0.3292,24.3,217,0,1.0,0,0.0,0
SYN-U-15486,52416.64,51001.35,0.9683,0.6129,0.3882,44.6,1179,3,0.9556,1,1.9,0
SYN-U-15487,42257.54,32415.23,0.772,0.843,0.4625,38.5,203,4,0.8849,1,0.9,0
SYN-U-15488,27053.35,20232.77,0.9741,0.9,0.1586,10.5,1285,7,0.9652,0,0.0,0
SYN-U-15489,60581.8,39675.86,0.5212,0.1726,0.6714,5.8,778,5,0.6998,3,11.8,1
SYN-U-15490,20198.66,13565.85,0.3323,0.1898,0.7016,14.9,1664,0,1.0,0,0.0,0
SYN-U-15491,15266.75,12099.54,0.5416,0.5529,0.5306,12.1,675,4,0.9201,0,0.0,0
SYN-U-15492,135135.16,92998.97,0.7074,0.8644,0.2543,21.2,1577,2,0.8784,0,0.0,0
SYN-U-15493,100289.55,71821.97,0.7719,0.8072,0.4784,23.6,2167,0,1.0,0,0.0,0
SYN-U-15494,135776.13,96170.34,0.9771,0.6064,0.304,6.2,444,6,0.9683,0,0.0,0
SYN-U-15495,64105.69,44013.91,0.8679,0.7082,0.1629,49.8,2005,4,0.9167,0,0.0,0
SYN-U-15496,70039.86,63113.79,0.6065,0.6172,0.6416,28.1,650,4,0.8533,0,0.0,0
SYN-U-15497,87857.26,78204.11,0.6207,0.3886,0.6212,12.6,1371,0,1.0,0,0.0,0
SYN-U-15498,53662.94,46745.04,0.8462,0.7709,0.419,30.8,243,0,1.0,0,0.0,0
SYN-U-15499,24450.7,17775.54,0.9382,0.6457,0.2809,32.0,1862,0,1.0,0,0.0,0
SYN-U-15500,116265.3,96829.2,0.7353,0.4781,0.5789,9.9,1334,6,0.8656,0,0.0,0
SYN-U-15501,55557.37,53286.33,0.9401,0.77,0.4956,48.1,2495,1,0.9197,1,0.9,0
SYN-U-15502,42290.75,33834.87,0.8205,0.6581,0.3128,30.1,1922,0,1.0,0,0.0,0
SYN-U-15503,15351.53,14850.54,0.4372,0.3692,0.6928,19.2,2010,1,0.9395,0,0.0,0
SYN-U-15504,80052.13,55084.71,0.6583,0.7265,0.4237,49.8,2387,7,0.7226,0,0.0,0
SYN-U-15505,65766.1,54608.86,0.7342,0.3156,0.7009,22.5,185,6,0.7372,0,0.0,0
SYN-U-15506,126719.51,119682.36,0.7282,0.9141,0.3587,18.1,979,0,1.0,0,0.0,0
SYN-U-15507,43651.99,42427.84,0.7223,0.6535,0.2149,23.8,1170,7,0.9966,0,0.0,0
SYN-U-15508,84790.43,78471.45,0.8454,0.6213,0.3207,51.0,1732,7,0.8351,1,4.0,0
SYN-U-15509,38979.16,29438.61,0.5989,0.2438,0.7378,55.3,1305,2,0.7211,1,3.6,0
SYN-U-15510,53692.42,44448.21,0.7911,0.7891,0.3002,34.2,1707,5,0.7247,0,0.0,0
SYN-U-15511,35065.69,32598.79,0.8154,0.8625,0.372,14.5,1784,4,0.9584,0,0.0,0
SYN-U-15512,18325.28,16414.0,0.2216,0.204,0.4353,51.5,150,6,0.8762,2,5.1,1
SYN-U-15513,75991.5,58532.36,0.8207,0.6411,0.2509,8.3,1379,2,0.9657,2,5.4,0
SYN-U-15514,36962.77,33665.28,0.9195,0.7775,0.3398,13.0,1076,3,0.9185,2,1.1,0
SYN-U-15515,27156.04,25630.12,0.7012,0.2271,0.4887,48.3,250,3,0.7686,0,0.0,0
SYN-U-15516,34132.87,25610.05,0.7636,0.8962,0.298,59.7,700,5,0.9013,0,0.0,0
SYN-U-15517,67822.56,66291.21,0.7022,0.6785,0.2494,35.6,2172,2,0.8848,0,0.0,0
SYN-U-15518,176455.49,137839.28,0.7702,0.5845,0.2029,44.0,937,6,0.8691,0,0.0,0
SYN-U-15519,23616.33,15651.52,0.7265,0.6766,0.154,46.5,327,6,0.8864,0,0.0,0
SYN-U-15520,50024.85,37362.07,0.9683,0.7636,0.1804,36.4,2060,1,0.9841,0,0.0,0
SYN-U-15521,110869.84,92299.57,0.6772,0.439,0.3515,55.1,1609,4,0.7246,1,3.0,0
SYN-U-15522,20913.95,18768.71,0.5591,0.2162,0.8108,43.6,603,6,0.9162,3,7.7,1
SYN-U-15523,74119.21,55205.5,0.5642,0.4988,0.3881,9.1,2191,6,0.8474,0,0.0,0
SYN-U-15524,50179.75,39889.68,0.8675,0.6066,0.296,45.4,838,7,0.975,1,2.5,0
SYN-U-15525,14314.4,13875.08,0.5416,0.372,0.7696,7.9,1556,3,0.7228,0,0.0,0
SYN-U-15526,58386.95,42668.96,0.7785,0.8101,0.3745,15.7,270,5,0.9012,1,2.6,0
SYN-U-15527,69341.54,61634.15,0.5851,0.2018,0.6915,47.3,792,3,0.8801,1,3.3,0
SYN-U-15528,66416.23,53264.34,0.7232,0.8165,0.4352,63.9,901,0,1.0,0,0.0,0
SYN-U-15529,66737.92,46481.57,0.9572,0.6153,0.2941,25.1,1725,1,0.9975,1,0.3,0
SYN-U-15530,46478.17,42243.32,0.7201,0.6999,0.3654,42.5,406,0,1.0,0,0.0,0
SYN-U-15531,27768.0,21988.34,0.5296,0.6375,0.7334,10.0,2250,6,0.9195,2,3.1,0
SYN-U-15532,39542.75,31314.22,0.7848,0.7308,0.5712,64.5,1464,7,0.9542,0,0.0,0
SYN-U-15533,60258.36,58373.16,0.7814,0.6618,0.3849,11.8,2044,5,0.9207,1,0.5,0
SYN-U-15534,90564.33,65017.79,0.5362,0.7839,0.3234,63.1,1953,2,0.784,1,5.9,0
SYN-U-15535,56693.65,52962.6,0.5142,0.4555,0.4458,43.5,2072,0,1.0,0,0.0,0
SYN-U-15536,142170.71,126103.97,0.7882,0.6057,0.2375,26.7,1531,2,0.8515,0,0.0,0
SYN-U-15537,76100.09,66384.65,0.7371,0.8012,0.2118,51.3,374,2,0.8919,0,0.0,0
SYN-U-15538,17789.26,14867.96,0.5948,0.7051,0.4416,41.5,1713,2,0.7304,0,0.0,0
SYN-U-15539,206219.3,201827.48,0.9113,0.7928,0.3384,49.3,176,1,0.9027,0,0.0,0
SYN-U-15540,50226.58,39471.18,0.7726,0.789,0.2793,61.6,174,6,0.9276,0,0.0,0
SYN-U-15541,22905.26,18572.78,0.759,0.5664,0.2841,53.0,782,0,1.0,0,0.0,0
SYN-U-15542,30677.65,24890.81,0.4778,0.3708,0.5494,15.0,1241,4,0.7719,3,12.8,1
SYN-U-15543,95536.15,67991.59,0.9737,0.5741,0.4095,17.8,1447,6,0.9266,0,0.0,0
SYN-U-15544,27217.6,22709.67,0.2038,0.4976,0.4059,64.0,2022,6,0.7175,0,0.0,0
SYN-U-15545,58311.56,38610.57,0.6368,0.6479,0.5938,28.9,1388,0,1.0,0,0.0,0
SYN-U-15546,45472.74,38831.16,0.7921,0.9196,0.1969,23.5,492,6,0.9707,2,1.6,0
SYN-U-15547,51507.91,35037.28,0.8327,0.8016,0.313,25.7,456,0,1.0,0,0.0,0
SYN-U-15548,43219.81,30966.12,0.9277,0.9143,0.2332,23.9,1083,5,0.8597,0,0.0,0
SYN-U-15549,20955.3,15519.26,0.3024,0.6084,0.5763,13.2,938,0,1.0,0,0.0,0
SYN-U-15550,50357.55,37791.58,0.7212,0.6789,0.6,20.1,1408,0,1.0,0,0.0,0
SYN-U-15551,80559.57,72498.34,0.9152,0.6824,0.2282,5.5,1726,4,0.9608,0,0.0,0
SYN-U-15552,37004.38,32475.85,0.8357,0.8391,0.2853,60.8,746,6,0.8654,0,0.0,0
SYN-U-15553,73709.46,58159.37,0.814,0.6297,0.3492,51.9,2133,0,1.0,0,0.0,0
SYN-U-15554,26834.88,21231.99,0.2187,0.2527,0.6072,33.9,1417,5,0.9425,2,5.8,1
SYN-U-15555,144026.61,113767.07,0.5587,0.5176,0.3778,21.7,335,0,1.0,0,0.0,0
SYN-U-15556,70311.5,58125.19,0.5851,0.6162,0.3142,64.2,1105,2,0.8675,0,0.0,0
SYN-U-15557,86880.57,71310.37,0.391,0.1875,0.6049,43.0,436,2,0.7066,2,10.3,1
SYN-U-15558,20126.14,14217.99,0.7072,0.3811,0.857,63.5,386,4,0.5394,0,0.0,0
SYN-U-15559,61967.76,54935.59,0.8093,0.8293,0.3004,41.0,1670,0,1.0,0,0.0,0
SYN-U-15560,19119.55,16134.93,0.685,0.6339,0.4182,60.0,543,4,0.7226,0,0.0,0
SYN-U-15561,12938.14,12202.04,0.8765,0.7331,0.2988,21.9,2121,1,0.9028,0,0.0,0
SYN-U-15562,31060.31,22015.95,0.8318,0.649,0.3144,44.7,2248,6,0.9584,2,0.6,0
SYN-U-15563,57905.59,51716.88,0.8445,0.8421,0.1699,55.8,1886,3,0.8999,1,0.1,0
SYN-U-15564,51278.3,37108.03,0.8769,0.604,0.2242,20.9,534,6,0.9605,0,0.0,0
SYN-U-15565,23572.53,20778.33,0.8472,0.8543,0.4375,47.7,60,2,0.995,0,0.0,0
SYN-U-15566,27402.74,20989.63,0.5836,0.5107,0.487,26.5,1899,7,0.8521,0,0.0,0
SYN-U-15567,65986.47,57019.51,0.6963,0.5281,0.6325,21.6,2135,1,0.7811,0,0.0,0
SYN-U-15568,56092.5,45714.41,0.5758,0.6605,0.3443,20.4,371,3,0.9087,0,0.0,0
SYN-U-15569,63446.09,44234.0,0.9164,0.866,0.324,18.7,1678,0,1.0,0,0.0,0
SYN-U-15570,53159.82,37590.59,0.7959,0.8651,0.2333,23.5,43,0,1.0,0,0.0,0
SYN-U-15571,58958.81,50606.51,0.7174,0.6455,0.3707,40.1,1976,6,0.9409,0,0.0,0
SYN-U-15572,24952.12,23630.09,0.667,0.2213,0.7466,33.2,1273,2,0.6475,2,9.7,1
SYN-U-15573,43676.51,37659.96,0.7406,0.7529,0.2669,5.1,2229,4,0.8694,0,0.0,0
SYN-U-15574,96559.5,68436.61,0.783,0.5021,0.476,40.7,2215,6,0.7973,0,0.0,0
SYN-U-15575,44764.52,32446.34,0.4127,0.5242,0.7942,41.0,1180,3,0.5377,0,0.0,0
SYN-U-15576,246719.57,186026.15,0.9588,0.7235,0.4581,51.1,2252,7,0.9517,0,0.0,0
SYN-U-15577,153276.18,117274.38,0.8784,0.5811,0.2183,55.3,167,5,0.9852,1,1.2,0
SYN-U-15578,39126.04,26940.58,0.9305,0.65,0.4513,17.6,974,0,1.0,0,0.0,0
SYN-U-15579,71442.96,49097.96,0.6565,0.199,0.5362,16.3,1931,4,0.715,0,0.0,0
SYN-U-15580,74730.43,49476.27,0.5118,0.6587,0.3502,61.0,58,6,0.7919,0,0.0,0
SYN-U-15581,46613.86,36104.01,0.9037,0.6911,0.1933,14.2,1177,0,1.0,0,0.0,0
SYN-U-15582,37881.04,33193.96,0.8149,0.7588,0.4226,61.4,911,7,0.9903,2,2.9,0
SYN-U-15583,32565.29,26831.09,0.6997,0.5782,0.627,55.2,143,7,0.5402,3,5.6,0
SYN-U-15584,56119.7,47261.76,0.6145,0.1778,0.7407,26.9,567,1,0.5531,3,12.2,1
SYN-U-15585,65432.76,63746.0,0.8962,0.916,0.155,13.2,929,4,0.8631,1,0.8,0
SYN-U-15586,34067.46,30615.93,0.76,0.7436,0.1866,16.8,1993,1,0.991,0,0.0,0
SYN-U-15587,50079.4,43832.26,0.8328,0.6518,0.3675,45.0,1911,7,0.9247,0,0.0,0
SYN-U-15588,53549.47,48732.38,0.9151,0.79,0.1793,52.9,725,7,0.9801,0,0.0,0
SYN-U-15589,77815.69,71993.24,0.9291,0.6928,0.4358,39.8,917,0,1.0,0,0.0,0
SYN-U-15590,99039.03,82873.15,0.5044,0.4684,0.4163,16.1,2002,0,1.0,0,0.0,0
SYN-U-15591,36177.66,27606.41,0.966,0.8083,0.3002,32.0,1474,7,0.9766,0,0.0,0
SYN-U-15592,87919.09,67592.42,0.5198,0.7601,0.2891,61.9,71,0,1.0,0,0.0,0
SYN-U-15593,65452.76,59265.83,0.7769,0.7692,0.2251,45.7,342,6,0.8852,1,1.0,0
SYN-U-15594,48918.2,40716.39,0.8416,0.5706,0.2551,6.0,1982,7,0.8872,0,0.0,0
SYN-U-15595,25283.49,17147.91,0.708,0.6959,0.3867,48.0,90,5,0.7822,0,0.0,0
SYN-U-15596,13717.73,10122.41,0.6676,0.3407,0.5433,20.0,868,6,0.7252,0,0.0,0
SYN-U-15597,122993.29,99640.25,0.9192,0.7555,0.4766,50.1,431,2,0.9139,0,0.0,0
SYN-U-15598,43952.02,30617.51,0.9748,0.8651,0.3418,48.5,160,4,0.8796,1,2.6,0
SYN-U-15599,21377.38,19927.2,0.2227,0.6487,0.8791,26.3,1786,2,0.9124,2,13.1,1
SYN-U-15600,14293.85,13473.64,0.6906,0.5904,0.8043,56.7,1681,3,0.873,4,12.5,1
SYN-U-15601,39726.59,29698.24,0.8995,0.8904,0.2709,51.5,529,6,0.9279,0,0.0,0
SYN-U-15602,41794.23,38003.3,0.283,0.4406,0.5254,50.1,2027,1,0.7212,3,11.1,1
SYN-U-15603,26733.47,20521.42,0.8303,0.6965,0.3334,30.9,2276,2,0.8907,0,0.0,0
SYN-U-15604,47501.89,43077.4,0.9439,0.6268,0.2598,28.3,1173,3,0.9752,0,0.0,0
SYN-U-15605,18753.94,17729.21,0.6272,0.3491,0.441,17.8,708,2,0.8341,1,8.4,0
SYN-U-15606,79530.99,63464.26,0.6232,0.4285,0.6351,9.7,1006,6,0.9659,0,0.0,0
SYN-U-15607,60580.85,45407.77,0.7049,0.6021,0.4861,33.0,1352,5,0.8719,0,0.0,0
SYN-U-15608,38086.84,34448.13,0.7341,0.7575,0.2756,26.8,505,5,0.8638,0,0.0,0
SYN-U-15609,78760.04,68296.27,0.8743,0.8833,0.25,15.9,503,0,1.0,0,0.0,0
SYN-U-15610,48040.51,32735.01,0.709,0.6435,0.361,49.3,1400,7,0.9755,0,0.0,0
SYN-U-15611,14862.68,13322.45,0.3338,0.3016,0.6721,10.1,1422,0,1.0,0,0.0,0
SYN-U-15612,49957.07,38304.92,0.7895,0.5541,0.221,36.3,2425,7,0.9773,0,0.0,0
SYN-U-15613,133666.44,115773.18,0.4922,0.5601,0.7943,27.2,1547,1,0.7731,0,0.0,0
SYN-U-15614,76791.26,61347.17,0.5729,0.6592,0.5079,16.2,1457,2,0.7366,1,2.8,0
SYN-U-15615,185058.26,138016.23,0.7837,0.8071,0.3252,37.9,1790,4,0.9768,0,0.0,0
SYN-U-15616,223813.62,175863.49,0.9118,0.6782,0.1545,22.0,2328,5,0.9928,0,0.0,0
SYN-U-15617,15408.69,14425.17,0.3587,0.6334,0.4758,25.7,774,7,0.5868,0,0.0,0
SYN-U-15618,33297.63,30564.72,0.2897,0.6213,0.7244,59.7,287,0,1.0,0,0.0,0
SYN-U-15619,55770.31,44125.1,0.6243,0.5226,0.2827,57.8,556,0,1.0,0,0.0,0
SYN-U-15620,67367.7,52056.91,0.5087,0.6535,0.2762,43.0,1968,0,1.0,0,0.0,0
SYN-U-15621,72496.42,55527.93,0.7192,0.5818,0.3909,7.4,2465,0,1.0,0,0.0,0
SYN-U-15622,13012.39,11558.49,0.566,0.6059,0.6326,28.8,1691,4,0.5104,1,16.9,1
SYN-U-15623,21443.46,20016.29,0.7581,0.8635,0.4677,17.5,756,1,0.9228,1,2.4,0
SYN-U-15624,25824.69,18232.28,0.3124,0.4227,0.7436,47.0,1448,4,0.8477,1,15.2,1
SYN-U-15625,61598.26,45823.21,0.7297,0.8007,0.2411,49.8,653,0,1.0,0,0.0,0
SYN-U-15626,101333.57,93296.66,0.7808,0.8314,0.2364,39.0,2076,2,0.8549,0,0.0,0
SYN-U-15627,80439.57,70888.23,0.7184,0.8639,0.2605,24.3,2210,4,0.9044,1,2.8,0
SYN-U-15628,60887.6,40849.43,0.7544,0.7231,0.2247,37.3,1185,5,0.8599,1,0.4,0
SYN-U-15629,45684.51,43460.14,0.7091,0.8559,0.1948,23.4,1028,4,0.9713,0,0.0,0
SYN-U-15630,108407.61,77607.51,0.5288,0.4188,0.4114,44.9,310,0,1.0,0,0.0,0
SYN-U-15631,89410.42,65344.39,0.5819,0.259,0.7163,63.2,518,7,0.6687,0,0.0,0
SYN-U-15632,60641.63,58870.12,0.7548,0.8878,0.2277,11.2,2486,7,0.9342,0,0.0,0
SYN-U-15633,129503.73,109172.55,0.7002,0.8456,0.2582,58.9,139,4,0.8677,0,0.0,0
SYN-U-15634,51706.26,49829.77,0.817,0.8089,0.3641,54.0,637,4,0.9326,1,2.4,0
SYN-U-15635,76697.5,56104.13,0.6163,0.5292,0.7766,46.5,64,3,0.5625,0,0.0,0
SYN-U-15636,72039.14,54648.84,0.3375,0.5121,0.4142,34.6,238,2,0.8631,0,0.0,1
SYN-U-15637,50017.45,33336.9,0.7532,0.7421,0.3116,14.5,124,4,0.906,0,0.0,0
SYN-U-15638,46709.35,45045.75,0.8943,0.6865,0.4183,37.0,2087,4,0.8776,1,0.8,0
SYN-U-15639,46912.61,36348.12,0.763,0.5784,0.457,36.6,997,4,0.9698,0,0.0,0
SYN-U-15640,109507.05,76111.01,0.7877,0.6203,0.3077,12.7,1284,6,0.8885,0,0.0,0
SYN-U-15641,65119.53,62895.75,0.6212,0.5333,0.6393,41.7,1422,5,0.7925,0,0.0,0
SYN-U-15642,27438.33,20130.95,0.8649,0.7138,0.4801,26.6,1325,3,0.992,0,0.0,0
SYN-U-15643,69628.28,46797.9,0.8864,0.703,0.2967,40.9,479,6,0.9279,0,0.0,0
SYN-U-15644,59963.97,40488.28,0.313,0.2168,0.6156,21.2,1008,4,0.7807,0,0.0,0
SYN-U-15645,65940.05,56074.36,0.954,0.844,0.4544,46.9,1368,5,0.9284,0,0.0,0
SYN-U-15646,19440.04,14872.69,0.4143,0.3269,0.6648,40.5,1352,0,1.0,0,0.0,0
SYN-U-15647,20935.28,16375.26,0.5792,0.5524,0.5994,14.0,1833,6,0.6161,1,17.7,0
SYN-U-15648,47088.72,45240.66,0.9205,0.8815,0.1531,30.8,1090,0,1.0,0,0.0,0
SYN-U-15649,27589.46,19740.71,0.7292,0.8875,0.1637,52.4,1252,1,0.9979,0,0.0,0
SYN-U-15650,20253.33,13497.66,0.6812,0.4665,0.2972,24.4,1489,4,0.8423,0,0.0,0
SYN-U-15651,77018.21,60897.55,0.5831,0.4766,0.5152,14.2,1844,1,0.7319,0,0.0,0
SYN-U-15652,39411.67,26195.14,0.9287,0.699,0.2418,18.5,1122,4,0.9719,0,0.0,0
SYN-U-15653,69735.53,50296.69,0.8576,0.8331,0.4467,40.0,916,5,0.8901,0,0.0,0
SYN-U-15654,66648.58,60041.25,0.6327,0.7501,0.6314,33.1,2437,5,0.862,2,3.5,0
SYN-U-15655,17661.77,17119.75,0.5579,0.603,0.8172,62.8,2252,6,0.7032,0,0.0,0
SYN-U-15656,52078.47,40269.22,0.9026,0.8897,0.1863,52.8,858,6,0.882,1,1.0,0
SYN-U-15657,53263.86,38316.39,0.8464,0.5842,0.5311,50.8,788,4,0.853,0,0.0,0
SYN-U-15658,76268.29,56769.99,0.5747,0.417,0.29,47.3,2309,4,0.8086,0,0.0,0
SYN-U-15659,60928.79,41893.19,0.7843,0.6069,0.5106,14.1,439,2,0.8745,1,6.8,0
SYN-U-15660,76499.09,67609.62,0.7727,0.5946,0.6484,10.1,347,1,0.9484,1,5.2,0
SYN-U-15661,57983.95,49425.76,0.7388,0.5762,0.5538,39.4,2082,4,0.8662,0,0.0,0
SYN-U-15662,152938.14,121846.53,0.8394,0.5389,0.5066,31.4,1340,7,0.7295,0,0.0,0
SYN-U-15663,34060.7,30801.5,0.7526,0.7639,0.2065,61.2,2013,1,0.9963,0,0.0,0
SYN-U-15664,34781.5,30428.74,0.8578,0.9086,0.2272,49.2,1012,1,0.9901,2,0.5,0
SYN-U-15665,46193.72,33976.28,0.8937,0.7574,0.3154,38.0,2229,0,1.0,0,0.0,0
SYN-U-15666,22127.47,17366.18,0.651,0.3938,0.6037,65.0,1547,5,0.5394,1,8.9,0
SYN-U-15667,65604.55,55449.26,0.7524,0.9116,0.4676,21.9,2188,2,0.9386,0,0.0,0
SYN-U-15668,44360.93,34928.91,0.8739,0.6,0.3869,14.9,1140,4,0.9894,0,0.0,0
SYN-U-15669,63875.59,42713.81,0.9704,0.9015,0.3248,62.7,858,0,1.0,0,0.0,0
SYN-U-15670,98907.85,81872.21,0.7791,0.6682,0.174,40.2,257,0,1.0,0,0.0,0
SYN-U-15671,31561.05,24857.47,0.3344,0.1907,0.6729,63.4,55,0,1.0,0,0.0,1
SYN-U-15672,116724.06,114368.31,0.8,0.7694,0.2618,49.8,1776,1,0.9042,0,0.0,0
SYN-U-15673,31780.68,23102.57,0.9711,0.9144,0.2962,32.6,2490,1,0.8952,2,1.8,0
SYN-U-15674,32286.13,26660.28,0.9384,0.6864,0.4378,25.7,1556,7,0.9334,0,0.0,0
SYN-U-15675,59434.39,44099.91,0.5462,0.4941,0.6213,25.0,1491,2,0.9045,3,3.2,0
SYN-U-15676,41133.99,33977.22,0.973,0.5749,0.4452,19.1,1619,4,0.9941,0,0.0,0
SYN-U-15677,75284.01,70831.84,0.8159,0.5753,0.3305,9.8,1885,0,1.0,0,0.0,0
SYN-U-15678,56479.75,40120.53,0.6837,0.5383,0.4393,54.9,2329,3,0.9068,1,6.8,0
SYN-U-15679,14027.31,12203.15,0.809,0.7078,0.6094,32.6,1588,5,0.7012,3,4.6,0
SYN-U-15680,30241.66,19746.25,0.5768,0.6196,0.5354,62.8,862,4,0.6922,1,9.1,0
SYN-U-15681,41533.63,34456.05,0.7595,0.6214,0.1642,53.1,2186,6,0.8531,1,0.3,0
SYN-U-15682,35903.17,31463.21,0.9482,0.8033,0.26,9.4,1770,7,0.8634,0,0.0,0
SYN-U-15683,36792.57,35058.66,0.8025,0.7499,0.2916,7.7,1096,5,0.9162,0,0.0,0
SYN-U-15684,167147.51,152325.31,0.7762,0.6826,0.4172,29.9,38,4,0.882,1,2.8,0
SYN-U-15685,39676.49,33686.1,0.6617,0.6351,0.3789,31.6,1273,3,0.7077,0,0.0,0
SYN-U-15686,31788.52,21918.42,0.507,0.6191,0.5618,6.3,1934,0,1.0,0,0.0,0
SYN-U-15687,40634.46,37572.48,0.8765,0.8828,0.4948,16.7,258,5,0.869,0,0.0,0
SYN-U-15688,32679.17,30246.84,0.8125,0.8019,0.3855,62.6,996,7,0.9516,2,1.9,0
SYN-U-15689,62367.34,53873.62,0.8446,0.6639,0.3322,45.8,765,1,0.9286,2,1.7,0
SYN-U-15690,16476.03,14583.07,0.4997,0.3238,0.7251,45.5,1251,2,0.5559,2,11.2,1
SYN-U-15691,59790.1,49596.51,0.5774,0.6159,0.5113,15.7,533,1,0.8325,0,0.0,0
SYN-U-15692,135545.97,101924.92,0.8228,0.7184,0.2579,47.3,2056,6,0.9695,0,0.0,0
SYN-U-15693,84436.59,66811.4,0.3174,0.4163,0.7202,45.7,886,7,0.7727,0,0.0,1
SYN-U-15694,42793.79,35639.38,0.7907,0.7284,0.2579,52.7,999,7,0.9241,0,0.0,0
SYN-U-15695,25819.06,20187.17,0.3228,0.1981,0.4181,45.6,2174,5,0.5295,3,4.0,1
SYN-U-15696,56656.7,40581.52,0.5243,0.4182,0.5513,12.4,871,7,0.9382,0,0.0,1
SYN-U-15697,41265.8,32967.4,0.2242,0.5396,0.7603,30.7,1496,3,0.61,1,15.7,1
SYN-U-15698,13466.75,11180.86,0.966,0.8969,0.3033,50.0,1546,5,0.918,0,0.0,0
SYN-U-15699,128262.31,83541.77,0.962,0.6339,0.4457,37.7,857,4,0.9383,1,2.7,0
SYN-U-15700,162372.83,133641.24,0.8678,0.8936,0.2056,29.3,872,2,0.9273,0,0.0,0
SYN-U-15701,64750.35,48904.47,0.5415,0.1886,0.5688,34.4,86,0,1.0,0,0.0,0
SYN-U-15702,30459.71,22673.87,0.3401,0.5598,0.6276,24.8,2334,4,0.5728,0,0.0,0
SYN-U-15703,26304.08,20765.45,0.7225,0.6739,0.6412,39.1,222,1,0.7701,1,4.6,0
SYN-U-15704,14614.42,13483.36,0.8292,0.5753,0.4894,43.1,2048,4,0.966,0,0.0,0
SYN-U-15705,69989.21,64486.04,0.5247,0.7599,0.4028,12.7,2063,0,1.0,0,0.0,0
SYN-U-15706,31295.06,28075.26,0.5664,0.5592,0.5194,28.2,95,4,0.8725,0,0.0,0
SYN-U-15707,58522.16,48057.61,0.8851,0.9135,0.4297,32.9,889,4,0.8589,2,1.1,0
SYN-U-15708,36810.13,26787.38,0.9496,0.5733,0.2402,12.0,498,2,0.9103,0,0.0,0
SYN-U-15709,15961.41,14080.13,0.5935,0.2742,0.8628,47.9,143,3,0.6772,1,4.0,0
SYN-U-15710,141255.72,95928.66,0.9357,0.6447,0.4913,34.1,1159,0,1.0,0,0.0,0
SYN-U-15711,112311.21,75907.37,0.5212,0.5343,0.624,9.2,1830,1,0.7231,0,0.0,0
SYN-U-15712,35663.71,34362.31,0.9684,0.5748,0.2595,63.3,1080,1,0.9183,1,0.1,0
SYN-U-15713,49116.27,45952.96,0.7772,0.6773,0.4784,51.1,912,5,0.8584,1,2.0,0
SYN-U-15714,145215.37,114389.59,0.7298,0.6526,0.2045,54.7,1427,3,0.8781,0,0.0,0
SYN-U-15715,21521.26,15832.44,0.5736,0.3438,0.4762,11.0,677,4,0.5475,0,0.0,0
SYN-U-15716,97648.53,79199.64,0.918,0.6716,0.4094,7.6,1742,4,0.9192,0,0.0,0
SYN-U-15717,159039.05,114102.32,0.8721,0.672,0.4262,30.4,760,7,0.9231,0,0.0,0
SYN-U-15718,41101.58,37275.84,0.8081,0.8071,0.4079,31.1,1288,5,0.8752,0,0.0,0
SYN-U-15719,102407.51,77967.4,0.9666,0.8018,0.2723,55.3,890,6,0.9685,0,0.0,0
SYN-U-15720,93397.56,90040.6,0.51,0.5596,0.4278,12.1,320,3,0.7938,0,0.0,0
SYN-U-15721,89429.97,74070.43,0.7887,0.8906,0.3804,29.3,1141,4,0.9659,0,0.0,0
SYN-U-15722,46807.66,39137.05,0.4292,0.6098,0.7879,9.8,637,6,0.8291,3,11.4,0
SYN-U-15723,80977.68,76561.54,0.8119,0.731,0.5497,23.0,1388,6,0.8578,0,0.0,0
SYN-U-15724,20909.45,16200.65,0.8669,0.6686,0.2506,12.1,48,5,0.9348,0,0.0,0
SYN-U-15725,130610.1,90430.82,0.54,0.6626,0.5667,13.2,733,6,0.7506,1,2.8,0
SYN-U-15726,36752.96,30208.46,0.8427,0.58,0.4,47.1,1703,6,0.9564,0,0.0,0
SYN-U-15727,97332.38,71283.2,0.7679,0.4058,0.5002,24.6,1937,1,0.9497,0,0.0,0
SYN-U-15728,73282.7,52814.5,0.8088,0.7047,0.6431,59.2,586,7,0.8462,0,0.0,0
SYN-U-15729,54186.11,37863.49,0.9148,0.7402,0.2124,61.7,2378,2,0.9657,1,0.0,0
SYN-U-15730,44394.8,31391.62,0.6105,0.6313,0.3559,6.0,1271,6,0.7124,1,2.2,0
SYN-U-15731,66441.41,54912.5,0.9366,0.6322,0.4839,16.3,1084,6,0.913,0,0.0,0
SYN-U-15732,30808.7,26042.62,0.286,0.242,0.52,20.7,1815,2,0.8015,2,13.7,1
SYN-U-15733,46264.3,30437.71,0.8121,0.7486,0.4268,23.1,1504,0,1.0,0,0.0,0
SYN-U-15734,30734.41,27684.66,0.8465,0.6601,0.3137,42.6,681,5,0.9195,0,0.0,0
SYN-U-15735,61888.53,60562.35,0.9673,0.8795,0.4051,23.6,1552,0,1.0,0,0.0,0
SYN-U-15736,32016.02,25147.51,0.7291,0.6174,0.2237,53.9,2405,2,0.9904,0,0.0,0
SYN-U-15737,91301.64,80362.84,0.8258,0.553,0.5983,62.7,1776,4,0.7926,2,2.7,0
SYN-U-15738,75823.16,66065.99,0.7921,0.689,0.6443,9.0,1099,2,0.8395,0,0.0,0
SYN-U-15739,13908.44,10013.54,0.2104,0.5287,0.8777,14.5,1630,5,0.5753,0,0.0,0
SYN-U-15740,100002.26,95830.02,0.7402,0.748,0.4055,11.8,1914,0,1.0,0,0.0,0
SYN-U-15741,128720.59,115999.32,0.8312,0.599,0.1588,37.0,2032,4,0.9544,0,0.0,0
SYN-U-15742,108587.62,89646.12,0.8484,0.7714,0.2744,42.9,1005,6,0.9203,2,7.0,0
SYN-U-15743,66257.99,47644.01,0.7796,0.8171,0.4784,29.6,1472,0,1.0,0,0.0,0
SYN-U-15744,147127.38,103958.34,0.7944,0.7205,0.4698,16.5,1992,1,0.9377,1,0.3,0
SYN-U-15745,55726.78,53677.22,0.8398,0.5251,0.363,32.6,705,2,0.7301,1,2.4,0
SYN-U-15746,107343.8,95273.83,0.7211,0.7652,0.2968,23.5,466,4,0.9036,0,0.0,0
SYN-U-15747,33105.12,22076.84,0.6169,0.4765,0.2661,58.2,2380,4,0.8999,2,5.1,0
SYN-U-15748,67050.46,61570.52,0.8488,0.889,0.2651,34.6,2104,2,0.8618,0,0.0,0
SYN-U-15749,78074.72,56458.42,0.6409,0.5255,0.5294,10.6,1244,2,0.8029,4,3.2,0
SYN-U-15750,27819.84,21852.47,0.7894,0.8504,0.2875,41.3,689,2,0.8664,0,0.0,0
SYN-U-15751,16447.16,13783.69,0.3182,0.5578,0.4654,19.6,1096,5,0.5016,0,0.0,0
SYN-U-15752,72310.45,55267.94,0.55,0.7223,0.4491,62.2,771,4,0.8255,0,0.0,0
SYN-U-15753,15190.79,14802.64,0.7375,0.5825,0.4063,39.7,2474,6,0.5679,3,3.5,0
SYN-U-15754,14542.04,12236.06,0.6399,0.6491,0.3312,21.9,419,2,0.8542,0,0.0,0
SYN-U-15755,52785.73,38043.61,0.3714,0.3046,0.4552,31.6,955,7,0.5557,1,13.8,1
SYN-U-15756,215945.08,146211.72,0.7965,0.6022,0.3552,46.3,1062,2,0.9571,1,1.6,0
SYN-U-15757,42597.29,36841.73,0.8349,0.6385,0.3227,22.2,1107,0,1.0,0,0.0,0
SYN-U-15758,102824.21,90914.16,0.5946,0.4941,0.3707,47.7,376,7,0.9425,0,0.0,0
SYN-U-15759,39940.36,36335.18,0.9217,0.8503,0.1697,32.5,577,6,0.8864,0,0.0,0
SYN-U-15760,28913.93,19731.25,0.6973,0.5234,0.2823,25.8,975,7,0.8342,0,0.0,0
SYN-U-15761,30880.35,25115.73,0.7111,0.352,0.8418,48.9,1458,1,0.8359,3,15.3,1
SYN-U-15762,37956.33,33233.83,0.9185,0.6187,0.1613,9.5,1509,0,1.0,0,0.0,0
SYN-U-15763,63453.54,43654.84,0.5025,0.7904,0.3965,27.1,679,2,0.8568,1,5.6,0
SYN-U-15764,106917.03,80137.86,0.7888,0.7889,0.3029,21.9,428,1,0.923,0,0.0,0
SYN-U-15765,40196.99,31606.06,0.7375,0.762,0.204,48.3,1879,2,0.8892,1,0.3,0
SYN-U-15766,122058.5,92696.06,0.7282,0.6421,0.1777,49.6,378,7,0.8941,0,0.0,0
SYN-U-15767,12924.4,8712.46,0.5553,0.2953,0.8455,13.6,997,5,0.8761,2,6.5,0
SYN-U-15768,57817.98,56221.91,0.9313,0.6135,0.3009,45.7,1524,5,0.9498,1,2.6,0
SYN-U-15769,111275.73,90421.65,0.8493,0.6156,0.2654,8.4,1219,0,1.0,0,0.0,0
SYN-U-15770,16209.64,10681.78,0.5247,0.3672,0.4428,41.0,961,5,0.8763,2,17.0,1
SYN-U-15771,50501.26,47623.14,0.9724,0.6658,0.1607,60.0,457,3,0.9853,0,0.0,0
SYN-U-15772,22903.57,18913.07,0.5139,0.777,0.6248,52.7,149,7,0.9274,0,0.0,0
SYN-U-15773,39768.57,30713.49,0.9077,0.8942,0.3925,43.3,475,4,0.9548,1,0.4,0
SYN-U-15774,143437.32,134122.0,0.9725,0.7742,0.4958,61.7,508,6,0.9188,0,0.0,0
SYN-U-15775,46913.19,45257.25,0.412,0.5906,0.7474,5.9,1714,5,0.8107,3,13.1,1
SYN-U-15776,103300.6,99080.69,0.7793,0.665,0.1908,15.2,1498,2,0.9822,0,0.0,0
SYN-U-15777,54449.77,39261.88,0.8539,0.6463,0.2646,56.8,980,6,0.9742,1,0.0,0
SYN-U-15778,14588.38,10004.48,0.5795,0.3421,0.7836,9.0,1975,6,0.836,0,0.0,0
SYN-U-15779,40325.49,32601.87,0.9503,0.8298,0.3493,15.1,448,7,0.9507,0,0.0,0
SYN-U-15780,43358.09,28822.56,0.7735,0.6721,0.2633,55.8,1164,2,0.9231,1,1.2,0
SYN-U-15781,86285.53,78627.21,0.9144,0.7593,0.2512,58.0,572,2,0.9094,0,0.0,0
SYN-U-15782,24213.53,23056.05,0.6308,0.4371,0.7793,41.1,1340,7,0.7927,0,0.0,0
SYN-U-15783,72437.19,47351.01,0.3184,0.423,0.7146,26.2,2234,2,0.6981,0,0.0,0
SYN-U-15784,71813.76,54518.95,0.5797,0.4772,0.518,14.2,644,1,0.6057,2,14.9,1
SYN-U-15785,12816.98,12221.66,0.2052,0.419,0.6662,46.2,490,3,0.7167,1,5.0,0
SYN-U-15786,51671.92,35785.3,0.3632,0.5511,0.5181,22.4,877,5,0.9378,1,7.4,1
SYN-U-15787,51169.42,41805.25,0.7584,0.7364,0.3224,42.0,1387,3,0.8655,1,1.7,0
SYN-U-15788,57274.53,55001.75,0.7035,0.7461,0.3117,57.9,1413,6,0.9043,1,4.0,0
SYN-U-15789,65102.79,59050.67,0.5548,0.3296,0.555,48.0,1824,7,0.5467,0,0.0,0
SYN-U-15790,30044.35,20833.61,0.7729,0.5772,0.3864,23.8,777,5,0.7081,1,6.0,0
SYN-U-15791,17012.78,14137.51,0.7234,0.5208,0.798,9.7,849,6,0.8749,0,0.0,0
SYN-U-15792,46548.53,40263.96,0.2792,0.4421,0.6585,54.8,2081,3,0.9321,4,15.6,1
SYN-U-15793,57273.12,53694.22,0.8085,0.6166,0.2963,44.4,804,5,0.9941,0,0.0,0
SYN-U-15794,65853.85,55486.85,0.6992,0.7023,0.6108,38.3,669,4,0.7606,1,2.0,0
SYN-U-15795,30012.83,23423.69,0.9775,0.5503,0.1879,9.9,678,7,0.9042,1,2.2,0
SYN-U-15796,20848.33,18591.87,0.7025,0.4349,0.688,23.1,1623,3,0.7872,1,3.7,0
SYN-U-15797,54668.32,38068.3,0.9477,0.6879,0.4126,50.3,1821,6,0.9848,1,0.4,0
SYN-U-15798,49782.75,35619.28,0.7774,0.7411,0.3718,57.0,661,6,0.9129,0,0.0,0
SYN-U-15799,41299.94,37057.68,0.7583,0.6047,0.1547,43.3,1738,0,1.0,0,0.0,0
SYN-U-15800,47301.1,43320.89,0.9191,0.5539,0.3772,39.2,718,0,1.0,0,0.0,0
SYN-U-15801,84597.09,71754.82,0.7167,0.7936,0.4942,53.3,512,4,0.7665,0,0.0,0
SYN-U-15802,61583.68,55601.7,0.8679,0.8315,0.281,6.2,752,2,0.9222,0,0.0,0
SYN-U-15803,51031.76,37955.54,0.795,0.8955,0.255,25.8,1177,7,0.9589,1,2.3,0
SYN-U-15804,28633.59,19626.45,0.9102,0.8816,0.1909,17.4,193,3,0.9739,1,1.4,0
SYN-U-15805,45740.39,36622.94,0.8067,0.735,0.4315,63.2,2461,1,0.8719,0,0.0,0
SYN-U-15806,76336.0,66806.96,0.6327,0.6841,0.5042,33.7,2240,6,0.7457,0,0.0,0
SYN-U-15807,19788.09,17520.32,0.5778,0.22,0.8435,9.9,507,0,1.0,0,0.0,1
SYN-U-15808,70853.02,58214.11,0.5446,0.5342,0.4691,38.7,1878,4,0.7852,1,4.7,0
SYN-U-15809,202068.54,197293.15,0.9452,0.7059,0.1696,55.0,1435,6,0.9581,0,0.0,0
SYN-U-15810,32708.39,31465.0,0.8506,0.8729,0.2102,7.0,2105,5,0.8703,0,0.0,0
SYN-U-15811,58430.42,43108.06,0.3683,0.2681,0.6116,42.4,149,7,0.8832,0,0.0,0
SYN-U-15812,110352.04,72315.68,0.7235,0.6572,0.4156,24.9,838,1,0.9315,2,0.6,0
SYN-U-15813,50403.37,45725.4,0.7403,0.6929,0.4117,33.6,1535,0,1.0,0,0.0,0
SYN-U-15814,54550.5,48212.1,0.7385,0.7685,0.3314,57.0,347,7,0.7862,0,0.0,0
SYN-U-15815,34278.06,29677.39,0.8449,0.7647,0.1928,22.9,1429,5,0.916,0,0.0,0
SYN-U-15816,112819.14,74410.55,0.7517,0.4771,0.4744,10.2,1437,6,0.909,0,0.0,0
SYN-U-15817,15990.07,10922.9,0.9339,0.7013,0.4743,50.7,2362,7,0.906,0,0.0,0
SYN-U-15818,76451.18,55838.94,0.6563,0.1543,0.4263,46.3,880,3,0.5846,0,0.0,0
SYN-U-15819,52663.67,41008.46,0.9448,0.5902,0.209,32.8,332,4,0.9045,1,2.1,0
SYN-U-15820,97528.68,74307.6,0.7572,0.7468,0.4785,18.5,1073,7,0.7039,0,0.0,0
SYN-U-15821,104284.74,97254.67,0.6699,0.5924,0.3645,44.5,844,0,1.0,0,0.0,0
SYN-U-15822,175666.06,122199.09,0.5565,0.4193,0.6017,8.5,613,1,0.8944,0,0.0,0
SYN-U-15823,50220.22,38987.79,0.8065,0.8671,0.1956,27.7,155,7,0.9829,0,0.0,0
SYN-U-15824,33195.8,32070.24,0.816,0.581,0.2321,17.9,645,1,0.8857,0,0.0,0
SYN-U-15825,33457.36,27211.79,0.8537,0.8128,0.3118,48.3,2488,7,0.9311,0,0.0,0
SYN-U-15826,17064.6,11919.41,0.7753,0.6239,0.3915,24.2,993,7,0.8883,0,0.0,0
SYN-U-15827,98859.08,66836.14,0.9221,0.7262,0.2547,15.7,2109,0,1.0,0,0.0,0
SYN-U-15828,18706.25,16631.23,0.5232,0.1961,0.7023,13.5,590,5,0.9182,3,16.4,1
SYN-U-15829,46638.5,43868.42,0.6332,0.406,0.3568,17.3,806,0,1.0,0,0.0,0
SYN-U-15830,64065.66,54106.14,0.7895,0.6717,0.2107,24.2,658,1,0.987,0,0.0,0
SYN-U-15831,27849.97,21612.87,0.2224,0.5518,0.6296,15.0,1352,1,0.7676,2,15.4,1
SYN-U-15832,29132.29,21803.14,0.8538,0.5973,0.4839,28.2,1667,5,0.8768,0,0.0,0
SYN-U-15833,56355.54,51097.58,0.8731,0.6056,0.2504,50.0,697,1,0.8778,0,0.0,0
SYN-U-15834,141599.87,125187.65,0.7806,0.5851,0.4441,21.5,1836,5,0.7909,1,3.1,0
SYN-U-15835,33575.64,22384.93,0.8394,0.6256,0.2648,10.2,1501,6,0.9635,0,0.0,0
SYN-U-15836,30470.56,24007.39,0.8969,0.9154,0.2778,19.3,2195,7,0.8779,0,0.0,0
SYN-U-15837,41763.01,36920.58,0.7933,0.6411,0.3968,44.1,295,4,0.9495,0,0.0,0
SYN-U-15838,49810.29,35724.55,0.7277,0.7133,0.4432,57.9,2385,2,0.8699,1,1.7,0
SYN-U-15839,49521.2,39201.01,0.6211,0.4101,0.3425,8.9,249,7,0.7031,0,0.0,0
SYN-U-15840,64433.55,54920.32,0.5243,0.5295,0.2543,61.1,1292,2,0.853,0,0.0,0
SYN-U-15841,43003.95,41622.24,0.8263,0.6028,0.4537,53.2,1207,6,0.7459,2,5.4,0
SYN-U-15842,83988.6,60832.15,0.686,0.6255,0.2989,51.5,1896,6,0.9727,1,4.9,0
SYN-U-15843,38605.33,30764.41,0.5138,0.4123,0.4502,62.7,2424,3,0.9517,0,0.0,0
SYN-U-15844,40869.86,39052.4,0.8627,0.5521,0.3728,7.0,1497,0,1.0,0,0.0,0
SYN-U-15845,69439.9,66491.17,0.6128,0.6837,0.596,11.0,97,3,0.7995,1,6.6,0
SYN-U-15846,38018.01,31697.7,0.877,0.7347,0.1507,53.6,1130,2,0.9693,0,0.0,0
SYN-U-15847,58118.29,55766.34,0.6999,0.411,0.4458,59.5,590,0,1.0,0,0.0,0
SYN-U-15848,32278.78,29906.0,0.794,0.6642,0.2866,45.0,793,5,0.964,0,0.0,0
SYN-U-15849,116310.01,83079.02,0.5236,0.6395,0.404,23.3,42,4,0.801,0,0.0,0
SYN-U-15850,27743.09,26243.94,0.5135,0.3905,0.566,56.8,2165,6,0.6639,1,14.3,0
SYN-U-15851,67842.25,47491.33,0.5439,0.6414,0.45,41.2,2111,5,0.7265,0,0.0,0
SYN-U-15852,22582.42,17806.91,0.883,0.78,0.4653,54.3,170,1,0.9836,1,1.5,0
SYN-U-15853,31104.2,23444.44,0.7365,0.7496,0.1986,10.6,1822,7,0.8986,0,0.0,0
SYN-U-15854,42945.9,41809.95,0.2843,0.5516,0.505,30.6,1629,3,0.9228,1,14.6,1
SYN-U-15855,124523.42,116631.06,0.8188,0.6105,0.3909,47.4,2315,0,1.0,0,0.0,0
SYN-U-15856,63765.06,50633.52,0.5768,0.5153,0.292,9.1,1218,7,0.7518,0,0.0,0
SYN-U-15857,83635.21,75598.68,0.7486,0.5725,0.2867,24.1,557,6,0.9333,0,0.0,0
SYN-U-15858,60515.04,42851.66,0.8278,0.5708,0.3121,33.1,2455,5,0.803,0,0.0,0
SYN-U-15859,17251.89,15784.11,0.8711,0.7788,0.2875,26.7,1697,1,0.8811,0,0.0,0
SYN-U-15860,88849.51,77310.55,0.5629,0.5243,0.3467,40.1,1542,5,0.7012,1,5.3,0
SYN-U-15861,21120.69,17797.47,0.2479,0.2874,0.8388,5.6,2347,5,0.9045,0,0.0,1
SYN-U-15862,141069.22,107196.72,0.5142,0.6966,0.5528,20.3,2047,4,0.8064,0,0.0,0
SYN-U-15863,103581.33,91051.81,0.6966,0.7744,0.4424,31.4,225,0,1.0,0,0.0,0
SYN-U-15864,57640.08,51360.2,0.8487,0.5539,0.3225,6.2,1036,0,1.0,0,0.0,0
SYN-U-15865,36195.51,32984.77,0.8224,0.7839,0.2461,26.4,1780,6,0.9291,1,1.8,0
SYN-U-15866,178703.67,148963.46,0.7633,0.7913,0.2337,42.1,1445,2,0.9357,0,0.0,0
SYN-U-15867,61504.91,49193.65,0.8701,0.7218,0.3107,5.4,2480,4,0.9403,1,2.5,0
SYN-U-15868,128143.81,103989.26,0.878,0.8009,0.3312,53.8,1078,0,1.0,0,0.0,0
SYN-U-15869,44150.49,41419.47,0.9176,0.8968,0.4559,64.3,2343,7,0.9577,0,0.0,0
SYN-U-15870,44129.96,36341.44,0.6377,0.5649,0.5422,48.8,433,1,0.9777,3,5.7,0
SYN-U-15871,107798.89,76496.84,0.548,0.4521,0.6012,24.8,79,0,1.0,0,0.0,0
SYN-U-15872,85359.05,75825.22,0.758,0.8114,0.444,8.3,2494,5,0.9287,0,0.0,0
SYN-U-15873,75591.68,50621.34,0.8764,0.624,0.34,48.5,1798,1,0.8856,0,0.0,0
SYN-U-15874,18675.67,12559.84,0.4292,0.2149,0.5671,7.5,1440,2,0.8917,3,3.9,1
SYN-U-15875,95943.23,85387.35,0.8504,0.8398,0.2821,16.2,2111,1,0.9598,0,0.0,0
SYN-U-15876,103101.45,96249.82,0.8635,0.8718,0.4523,62.0,61,0,1.0,0,0.0,0
SYN-U-15877,63562.55,60432.28,0.7733,0.5001,0.6373,6.3,1907,2,0.8512,3,3.3,0
SYN-U-15878,49731.17,38769.45,0.8382,0.7811,0.3254,25.2,739,2,0.7077,0,0.0,0
SYN-U-15879,98316.32,73198.61,0.6123,0.7921,0.4895,23.9,1497,2,0.7346,1,2.6,0
SYN-U-15880,72669.84,64297.0,0.6573,0.7862,0.3525,48.6,508,4,0.922,2,6.2,0
SYN-U-15881,50980.43,38238.91,0.3928,0.1601,0.7961,62.0,2012,0,1.0,0,0.0,1
SYN-U-15882,49117.42,42870.38,0.6318,0.4501,0.4282,38.5,1695,3,0.9762,1,2.9,0
SYN-U-15883,72622.42,61311.85,0.8039,0.6895,0.2683,49.2,1281,1,0.9293,0,0.0,0
SYN-U-15884,40799.23,32578.49,0.6089,0.7262,0.4247,59.9,2420,5,0.7195,1,2.9,0
SYN-U-15885,52562.62,43657.23,0.9036,0.5958,0.1947,17.1,1420,0,1.0,0,0.0,0
SYN-U-15886,108940.45,79286.62,0.7277,0.8243,0.424,50.2,1806,1,0.8602,1,2.4,0
SYN-U-15887,27176.51,17946.68,0.8906,0.5907,0.4072,28.0,1033,4,0.9683,0,0.0,0
SYN-U-15888,40951.48,32767.57,0.7163,0.7403,0.2565,5.9,1990,4,0.8818,1,2.1,0
SYN-U-15889,30867.57,29507.09,0.6024,0.4662,0.4461,6.3,328,7,0.8403,1,2.4,0
SYN-U-15890,103660.65,73486.02,0.9645,0.9005,0.2291,40.3,1495,0,1.0,0,0.0,0
SYN-U-15891,63252.43,50392.16,0.9683,0.7713,0.4086,33.2,590,3,0.9393,0,0.0,0
SYN-U-15892,15380.11,13410.8,0.7042,0.6626,0.3048,64.5,2292,5,0.9151,1,7.8,0
SYN-U-15893,14636.5,13924.98,0.4833,0.5566,0.4223,36.6,1594,0,1.0,0,0.0,0
SYN-U-15894,67553.77,59427.31,0.7872,0.5887,0.372,5.7,551,4,0.8542,0,0.0,0
SYN-U-15895,31267.16,29908.22,0.7424,0.692,0.2679,8.6,1825,4,0.9576,0,0.0,0
SYN-U-15896,41450.81,31646.18,0.8977,0.8514,0.2401,35.7,2301,5,0.9988,0,0.0,0
SYN-U-15897,33912.94,30430.81,0.884,0.5912,0.3808,31.6,1553,0,1.0,0,0.0,0
SYN-U-15898,164103.46,122497.65,0.727,0.7405,0.3405,40.3,199,4,0.9147,1,1.8,0
SYN-U-15899,162513.88,148608.42,0.7353,0.7142,0.4288,26.9,1063,1,0.9911,0,0.0,0
SYN-U-15900,87966.23,60976.31,0.6269,0.6958,0.3148,29.6,131,3,0.7392,3,6.2,0
SYN-U-15901,69535.87,57824.71,0.2681,0.3269,0.8461,52.9,2466,4,0.5372,0,0.0,1
SYN-U-15902,55084.31,41152.97,0.6626,0.6618,0.2993,52.7,418,1,0.7286,0,0.0,0
SYN-U-15903,64873.68,43725.82,0.7272,0.5611,0.257,21.1,2074,0,1.0,0,0.0,0
SYN-U-15904,50473.36,38721.79,0.9742,0.5929,0.3033,49.0,1838,6,0.9922,0,0.0,0
SYN-U-15905,224734.8,197649.26,0.7091,0.6847,0.4071,24.7,246,5,0.7528,0,0.0,0
SYN-U-15906,35591.88,30879.42,0.9041,0.9044,0.3045,24.6,153,3,0.9149,0,0.0,0
SYN-U-15907,65670.25,60800.53,0.665,0.6486,0.5924,58.5,690,0,1.0,0,0.0,0
SYN-U-15908,41937.5,36956.65,0.9095,0.7445,0.1969,52.2,445,0,1.0,0,0.0,0
SYN-U-15909,39185.91,38044.25,0.7363,0.688,0.43,62.2,202,5,0.7901,0,0.0,0
SYN-U-15910,17229.24,15399.71,0.3235,0.5248,0.8315,53.3,955,6,0.6953,2,8.0,1
SYN-U-15911,51640.62,37162.29,0.725,0.6455,0.3069,16.5,249,2,0.8706,0,0.0,0
SYN-U-15912,67920.37,48939.25,0.8408,0.7687,0.3537,14.3,116,6,0.9968,0,0.0,0
SYN-U-15913,18126.6,14166.01,0.6063,0.3131,0.4936,19.2,1103,2,0.6409,0,0.0,0
SYN-U-15914,89132.53,62670.03,0.8312,0.7614,0.1598,15.5,388,5,0.8793,1,1.1,0
SYN-U-15915,66019.03,51985.55,0.6763,0.7476,0.471,8.4,1419,2,0.7804,0,0.0,0
SYN-U-15916,42825.95,29302.31,0.7876,0.6969,0.3977,57.3,536,3,0.9661,0,0.0,0
SYN-U-15917,69746.02,49672.14,0.5517,0.4159,0.7649,33.3,1663,7,0.5854,0,0.0,0
SYN-U-15918,56373.82,45480.25,0.8075,0.6258,0.322,50.2,150,7,0.8576,1,7.2,0
SYN-U-15919,44741.11,40580.61,0.9636,0.7789,0.1997,11.7,281,7,0.9284,1,1.1,0
SYN-U-15920,93435.78,78848.57,0.3818,0.37,0.7633,37.6,174,7,0.6775,0,0.0,1
SYN-U-15921,42574.21,38778.91,0.8465,0.6996,0.208,29.7,2456,1,0.8717,0,0.0,0
SYN-U-15922,48742.75,33083.85,0.9742,0.567,0.4809,59.7,2013,4,0.9222,0,0.0,0
SYN-U-15923,33749.83,24870.87,0.7047,0.638,0.4644,62.1,169,1,0.9221,0,0.0,0
SYN-U-15924,55619.7,37397.33,0.5131,0.7805,0.6102,41.6,1768,4,0.8627,0,0.0,0
SYN-U-15925,61703.3,58777.46,0.8824,0.8048,0.3857,39.6,903,0,1.0,0,0.0,0
SYN-U-15926,71253.86,51248.22,0.7935,0.6893,0.1576,50.4,1962,4,0.9226,1,0.5,0
SYN-U-15927,48465.93,40296.55,0.595,0.2846,0.8213,59.9,453,2,0.749,1,13.4,1
SYN-U-15928,45324.3,41697.37,0.7472,0.573,0.3138,38.1,1117,5,0.8511,0,0.0,0
SYN-U-15929,82017.56,79751.21,0.5856,0.5143,0.5378,6.4,699,4,0.7509,1,3.1,0
SYN-U-15930,51464.53,36309.73,0.8735,0.8637,0.2911,10.6,1224,2,0.8936,1,1.2,0
SYN-U-15931,34541.29,31553.82,0.7798,0.8315,0.3706,42.6,864,6,0.8859,0,0.0,0
SYN-U-15932,56913.52,48326.61,0.881,0.551,0.3885,24.3,2026,4,0.943,0,0.0,0
SYN-U-15933,60568.12,50492.55,0.4079,0.4137,0.4638,25.9,198,6,0.6111,0,0.0,0
SYN-U-15934,175760.02,162298.52,0.742,0.827,0.4705,23.9,1603,2,0.958,1,0.6,0
SYN-U-15935,52497.0,39734.04,0.5898,0.6287,0.8785,43.0,1783,7,0.8339,2,17.8,0
SYN-U-15936,83055.6,57637.95,0.6439,0.4317,0.6046,26.4,1044,4,0.7186,1,9.4,0
SYN-U-15937,13807.26,9464.81,0.7013,0.5315,0.8645,64.0,1148,1,0.8284,0,0.0,0
SYN-U-15938,69666.75,66565.27,0.854,0.9073,0.2723,26.3,462,6,0.8842,0,0.0,0
SYN-U-15939,15502.47,12839.74,0.9182,0.6681,0.1535,60.6,653,0,1.0,0,0.0,0
SYN-U-15940,45685.18,43170.11,0.8181,0.7932,0.3279,33.6,2407,0,1.0,0,0.0,0
SYN-U-15941,29916.16,29215.09,0.7622,0.4226,0.3875,23.5,2419,5,0.7089,1,2.5,0
SYN-U-15942,39822.21,33907.19,0.9314,0.612,0.4609,20.1,158,1,0.8742,0,0.0,0
SYN-U-15943,58030.83,41898.1,0.5241,0.4032,0.5045,55.2,2414,3,0.7027,1,2.1,0
SYN-U-15944,65191.14,48815.64,0.7018,0.404,0.5017,52.6,1405,0,1.0,0,0.0,0
SYN-U-15945,63392.32,61679.32,0.4255,0.3115,0.7572,26.6,99,1,0.6096,0,0.0,1
SYN-U-15946,55636.84,42401.84,0.7304,0.6422,0.2529,32.5,2252,7,0.916,2,0.2,0
SYN-U-15947,49649.15,35541.31,0.708,0.8929,0.2616,48.4,411,4,0.9405,0,0.0,0
SYN-U-15948,44451.87,38520.89,0.7854,0.6008,0.4531,25.8,2367,4,0.9402,0,0.0,0
SYN-U-15949,92041.5,84019.18,0.7784,0.6038,0.3099,29.6,1778,5,0.8995,0,0.0,0
SYN-U-15950,14929.18,10089.61,0.8995,0.619,0.2393,23.6,1273,5,0.865,0,0.0,0
SYN-U-15951,89221.23,58895.13,0.9702,0.7054,0.3584,23.1,1555,0,1.0,0,0.0,0
SYN-U-15952,99169.19,94749.01,0.711,0.7004,0.3751,64.7,837,5,0.9044,3,4.2,0
SYN-U-15953,39871.15,28103.55,0.8752,0.6406,0.3903,62.4,1896,4,0.8814,2,2.2,0
SYN-U-15954,45260.84,37424.01,0.7122,0.7707,0.206,33.0,1127,4,0.9126,0,0.0,0
SYN-U-15955,19927.89,13362.96,0.6323,0.2716,0.5518,57.7,2324,3,0.6394,1,3.2,0
SYN-U-15956,67297.89,57638.22,0.726,0.7511,0.2179,38.0,818,1,0.9396,0,0.0,0
SYN-U-15957,63212.17,58715.26,0.6618,0.4866,0.2863,16.5,129,4,0.7326,0,0.0,0
SYN-U-15958,22810.39,22340.65,0.6355,0.5078,0.7272,63.8,1910,6,0.6939,3,6.0,0
SYN-U-15959,32255.84,23080.08,0.4348,0.3057,0.5773,6.8,1162,3,0.8866,0,0.0,0
SYN-U-15960,34874.38,31903.61,0.8309,0.9118,0.3213,35.8,505,5,0.999,1,2.3,0
SYN-U-15961,145807.67,134108.08,0.8376,0.8966,0.4779,50.3,2356,3,0.9461,0,0.0,0
SYN-U-15962,39612.16,37578.06,0.7171,0.8444,0.2704,18.3,2274,0,1.0,0,0.0,0
SYN-U-15963,101915.29,66378.41,0.9695,0.708,0.1682,9.3,781,4,0.9992,0,0.0,0
SYN-U-15964,79186.13,52927.03,0.7783,0.614,0.2426,23.7,777,3,0.8542,0,0.0,0
SYN-U-15965,22568.62,21854.08,0.6267,0.5141,0.5626,49.2,1553,7,0.7269,0,0.0,0
SYN-U-15966,39985.87,30056.99,0.7735,0.6441,0.3557,37.6,231,4,0.9056,1,0.4,0
SYN-U-15967,107937.07,93683.1,0.5364,0.496,0.5642,58.5,2104,4,0.9093,0,0.0,0
SYN-U-15968,12988.39,10900.44,0.9201,0.7312,0.2032,13.1,2283,2,0.9429,1,1.8,0
SYN-U-15969,197830.8,143370.25,0.7915,0.9005,0.1799,30.6,179,2,0.9822,0,0.0,0
SYN-U-15970,60776.44,54002.17,0.971,0.8155,0.2474,28.5,1259,2,0.8531,0,0.0,0
SYN-U-15971,15042.74,9949.12,0.815,0.438,0.2952,39.3,405,1,0.7363,0,0.0,0
SYN-U-15972,18600.28,15767.66,0.4772,0.3355,0.5635,36.4,817,4,0.6985,1,13.5,1
SYN-U-15973,53947.09,44693.26,0.7314,0.8935,0.4234,31.3,101,3,0.9143,0,0.0,0
SYN-U-15974,40922.07,30705.22,0.9157,0.6908,0.4516,20.3,977,1,0.9646,0,0.0,0
SYN-U-15975,13752.44,12977.04,0.2518,0.6029,0.4837,46.6,1174,5,0.6176,1,5.1,1
SYN-U-15976,20499.69,19297.61,0.669,0.4733,0.8598,25.2,2441,1,0.8481,0,0.0,0
SYN-U-15977,32244.63,30148.98,0.7557,0.6942,0.2105,5.5,2496,3,0.9178,0,0.0,0
SYN-U-15978,14691.13,9871.04,0.6182,0.6987,0.6381,43.9,969,1,0.876,0,0.0,0
SYN-U-15979,50870.18,49836.68,0.5371,0.6765,0.5458,29.6,562,0,1.0,0,0.0,0
SYN-U-15980,52616.76,35385.72,0.2094,0.3973,0.6926,63.9,757,3,0.8946,1,10.2,1
SYN-U-15981,34151.38,24052.94,0.838,0.6732,0.1598,34.5,415,1,0.9196,1,2.6,0
SYN-U-15982,96858.12,69858.98,0.8048,0.6591,0.3537,28.8,1038,3,0.865,0,0.0,0
SYN-U-15983,40040.76,26443.36,0.7389,0.8909,0.272,48.5,321,0,1.0,0,0.0,0
SYN-U-15984,122375.86,107587.81,0.8045,0.7571,0.2858,10.5,472,4,0.9893,2,1.3,0
SYN-U-15985,64271.07,44017.69,0.8567,0.6711,0.4128,64.8,2136,4,0.8974,0,0.0,0
SYN-U-15986,49300.88,40411.15,0.8349,0.8919,0.1813,35.8,2497,5,0.8757,0,0.0,0
SYN-U-15987,46528.93,30293.01,0.8483,0.8462,0.4805,55.3,936,3,0.9008,1,0.9,0
SYN-U-15988,121881.51,92659.29,0.7248,0.6185,0.4598,12.2,2049,5,0.8974,0,0.0,0
SYN-U-15989,19274.44,18351.8,0.4892,0.3342,0.4548,64.5,2224,2,0.7406,0,0.0,0
SYN-U-15990,13132.16,9546.06,0.4912,0.4022,0.7515,17.8,2324,6,0.5922,1,4.1,0
SYN-U-15991,16969.01,16039.4,0.5465,0.3928,0.8153,9.4,2206,1,0.7962,0,0.0,1
SYN-U-15992,48552.0,33341.33,0.9165,0.5554,0.4394,39.1,1289,5,0.893,0,0.0,0
SYN-U-15993,61971.2,53529.52,0.7231,0.2678,0.7632,38.5,61,6,0.9484,0,0.0,0
SYN-U-15994,59307.69,53854.12,0.5011,0.5285,0.5212,9.4,1144,4,0.9304,2,9.1,0
SYN-U-15995,102682.8,95812.08,0.7891,0.4587,0.5806,43.3,1026,5,0.8307,0,0.0,0
SYN-U-15996,61736.41,46944.86,0.5845,0.5035,0.2592,28.0,2404,0,1.0,0,0.0,0
SYN-U-15997,13976.06,9465.22,0.6328,0.4199,0.711,35.4,2077,6,0.5952,0,0.0,0
SYN-U-15998,129623.24,96036.65,0.7697,0.8022,0.3701,47.5,1317,2,0.9526,2,2.1,0
SYN-U-15999,28113.55,23721.94,0.7357,0.9145,0.2778,61.6,1285,6,0.9956,0,0.0,0
SYN-U-16000,107528.29,91430.57,0.7231,0.7226,0.6153,49.9,760,4,0.7117,2,7.5,0
SYN-U-16001,77558.01,72805.84,0.8386,0.7535,0.3018,11.6,1417,4,0.9171,0,0.0,0
SYN-U-16002,15118.8,9990.48,0.4917,0.4941,0.7768,29.5,145,5,0.849,1,17.2,1
SYN-U-16003,30490.07,26698.1,0.3154,0.1738,0.6632,42.5,1043,3,0.8743,0,0.0,1
SYN-U-16004,58199.09,54415.93,0.7167,0.8543,0.1895,55.9,211,3,0.8512,2,0.6,0
SYN-U-16005,30456.16,29519.78,0.911,0.5663,0.3618,34.0,1932,5,0.9759,0,0.0,0
SYN-U-16006,17174.46,16341.29,0.4255,0.3944,0.85,50.9,2086,2,0.8442,3,16.6,1
SYN-U-16007,28281.13,19107.77,0.8127,0.7097,0.3769,46.4,1834,3,0.9087,0,0.0,0
SYN-U-16008,89485.94,58541.93,0.9382,0.8394,0.1715,62.7,1474,5,0.894,0,0.0,0
SYN-U-16009,50466.18,45745.13,0.7019,0.7998,0.3428,46.3,1465,2,0.8771,0,0.0,0
SYN-U-16010,74552.36,72804.01,0.7787,0.6165,0.4555,60.3,801,5,0.9871,0,0.0,0
SYN-U-16011,39332.11,32958.3,0.8854,0.9105,0.3949,38.1,791,3,0.8774,2,1.3,0
SYN-U-16012,187223.99,171254.48,0.9424,0.5793,0.4291,11.4,1101,5,0.8539,1,0.2,0
SYN-U-16013,53946.65,49136.32,0.7098,0.5297,0.6326,6.1,2107,3,0.7795,0,0.0,0
SYN-U-16014,66644.27,51097.19,0.8247,0.9078,0.2616,48.6,1097,5,0.9993,1,2.0,0
SYN-U-16015,26232.76,23517.0,0.7206,0.4614,0.7571,36.9,215,3,0.549,0,0.0,0
SYN-U-16016,47342.97,41659.12,0.7561,0.92,0.3129,20.2,2202,7,0.9262,0,0.0,0
SYN-U-16017,79790.87,75304.5,0.7708,0.6411,0.592,22.0,547,4,0.966,0,0.0,0
SYN-U-16018,37591.74,27474.74,0.8836,0.7822,0.2571,19.5,2464,2,0.9868,0,0.0,0
SYN-U-16019,14594.15,13672.28,0.2404,0.16,0.7757,47.8,1260,3,0.5227,1,9.0,1
SYN-U-16020,45472.33,41522.78,0.7137,0.7882,0.3064,40.3,36,2,0.964,0,0.0,0
SYN-U-16021,167596.84,113946.15,0.7385,0.5681,0.391,16.2,891,4,0.9128,1,0.2,0
SYN-U-16022,55703.52,42157.98,0.6942,0.1759,0.7734,11.3,2462,5,0.5892,3,4.1,0
SYN-U-16023,47134.69,39476.35,0.9488,0.7912,0.3231,38.5,1814,3,0.9081,0,0.0,0
SYN-U-16024,43153.07,31196.29,0.7723,0.5745,0.3709,55.9,704,5,0.9375,0,0.0,0
SYN-U-16025,24906.43,18548.65,0.5413,0.5306,0.6347,43.0,1676,2,0.8869,0,0.0,0
SYN-U-16026,37533.9,31703.97,0.7337,0.6653,0.2255,27.6,959,6,0.9785,1,0.8,0
SYN-U-16027,103800.37,70288.9,0.9035,0.6987,0.1697,12.4,2132,3,0.9752,1,0.0,0
SYN-U-16028,32112.24,28263.54,0.4357,0.4524,0.6268,15.4,1256,0,1.0,0,0.0,0
SYN-U-16029,36399.33,34288.94,0.726,0.7474,0.4492,65.0,355,7,0.9557,1,0.2,0
SYN-U-16030,13029.11,11729.69,0.7852,0.5794,0.4832,43.9,2009,6,0.9694,2,4.7,0
SYN-U-16031,114713.6,108638.93,0.7616,0.4044,0.3038,57.6,1187,5,0.9358,1,7.9,0
SYN-U-16032,38438.78,33753.38,0.7934,0.5963,0.2954,8.3,2168,1,0.9327,0,0.0,0
SYN-U-16033,43569.1,42338.45,0.8288,0.6951,0.4377,16.5,730,5,0.7944,0,0.0,0
SYN-U-16034,53945.26,40889.85,0.8268,0.8261,0.3914,64.3,1141,7,0.9254,0,0.0,0
SYN-U-16035,92676.58,60444.27,0.6925,0.5599,0.427,35.3,1354,5,0.8288,1,4.7,0
SYN-U-16036,23643.86,17360.6,0.8011,0.6591,0.1622,35.0,106,1,0.9876,2,1.7,0
SYN-U-16037,251198.26,208491.37,0.7782,0.7658,0.2329,31.9,932,1,0.8663,0,0.0,0
SYN-U-16038,46597.65,33397.2,0.4915,0.3088,0.8656,64.7,2167,3,0.8708,0,0.0,0
SYN-U-16039,95876.36,63354.77,0.9531,0.6362,0.3347,42.8,972,6,0.9566,1,2.2,0
SYN-U-16040,50718.27,49507.23,0.5524,0.6421,0.3735,9.1,2487,3,0.8034,0,0.0,0
SYN-U-16041,30745.51,26320.7,0.9496,0.6869,0.3577,61.2,1717,1,0.9964,1,2.3,0
SYN-U-16042,16835.4,11916.93,0.2125,0.496,0.5565,10.5,802,2,0.7149,2,16.7,1
SYN-U-16043,19376.75,16763.01,0.7457,0.2176,0.6534,5.5,1648,3,0.5548,3,16.7,1
SYN-U-16044,76174.81,72704.3,0.9006,0.8247,0.4661,44.2,211,0,1.0,0,0.0,0
SYN-U-16045,276100.15,263705.52,0.9194,0.6174,0.2839,54.7,460,3,0.9114,0,0.0,0
SYN-U-16046,81200.27,63939.49,0.2876,0.3636,0.5084,6.7,2052,6,0.615,0,0.0,0
SYN-U-16047,27315.43,17954.97,0.383,0.5296,0.4766,43.8,2163,3,0.5149,0,0.0,0
SYN-U-16048,58045.05,38984.46,0.8336,0.7897,0.4112,24.0,1595,0,1.0,0,0.0,0
SYN-U-16049,39075.92,36089.9,0.7365,0.8058,0.4246,40.5,1370,2,0.944,0,0.0,0
SYN-U-16050,74739.08,62100.75,0.5362,0.7309,0.343,55.9,120,5,0.8048,0,0.0,0
SYN-U-16051,75434.33,65552.96,0.6716,0.5925,0.4627,14.9,1067,3,0.9062,0,0.0,0
SYN-U-16052,71296.16,59961.27,0.924,0.7027,0.2109,10.4,1102,6,0.9762,0,0.0,0
SYN-U-16053,71426.89,51550.62,0.7331,0.5594,0.2904,60.4,1318,2,0.8933,0,0.0,0
SYN-U-16054,92100.6,89647.66,0.5953,0.6333,0.5637,54.6,1150,1,0.8417,1,5.7,0
SYN-U-16055,26340.85,22755.15,0.9548,0.8534,0.4715,14.7,435,2,0.9238,0,0.0,0
SYN-U-16056,16247.31,12254.02,0.6407,0.5225,0.3037,43.4,1100,0,1.0,0,0.0,0
SYN-U-16057,84017.97,80066.87,0.6682,0.5462,0.638,8.9,1501,0,1.0,0,0.0,0
SYN-U-16058,141175.06,116916.61,0.5667,0.6538,0.3618,44.6,585,1,0.9669,0,0.0,0
SYN-U-16059,28913.58,24597.8,0.8731,0.719,0.4321,7.1,2088,0,1.0,0,0.0,0
SYN-U-16060,47217.82,34687.35,0.8183,0.6635,0.2681,59.9,2247,7,0.9186,0,0.0,0
SYN-U-16061,71545.61,58486.8,0.7577,0.826,0.2921,61.4,778,2,0.8645,1,1.6,0
SYN-U-16062,62583.35,43979.39,0.368,0.4942,0.4322,58.8,1663,3,0.6835,1,3.7,0
SYN-U-16063,92630.35,71816.8,0.824,0.6056,0.5864,53.9,1222,4,0.9296,2,7.8,0
SYN-U-16064,47112.96,35001.51,0.9654,0.8635,0.2191,29.6,1234,0,1.0,0,0.0,0
SYN-U-16065,124586.19,97523.25,0.3586,0.3437,0.6696,14.7,319,0,1.0,0,0.0,0
SYN-U-16066,98904.14,70583.86,0.8143,0.5593,0.3749,48.9,1358,2,0.868,0,0.0,0
SYN-U-16067,100373.99,76535.75,0.9733,0.7689,0.3303,17.7,955,1,0.9588,0,0.0,0
SYN-U-16068,36694.18,25847.88,0.7648,0.8759,0.2439,14.1,194,0,1.0,0,0.0,0
SYN-U-16069,100676.42,94174.37,0.7961,0.5734,0.3047,5.2,1174,5,0.8104,0,0.0,0
SYN-U-16070,56491.31,48543.79,0.5552,0.5239,0.3144,26.3,1540,5,0.7502,0,0.0,0
SYN-U-16071,88540.04,75664.61,0.9638,0.781,0.2845,6.1,2453,1,0.9866,0,0.0,0
SYN-U-16072,60119.12,44665.74,0.8209,0.6937,0.4824,61.8,1587,5,0.8135,0,0.0,0
SYN-U-16073,29411.35,28744.07,0.9007,0.8434,0.3565,52.4,1327,0,1.0,0,0.0,0
SYN-U-16074,19234.18,14777.85,0.7614,0.8377,0.4721,43.2,1690,4,0.9485,0,0.0,0
SYN-U-16075,82226.85,71870.95,0.4772,0.2219,0.5883,25.2,66,4,0.8615,2,16.8,1
SYN-U-16076,29030.28,19884.14,0.8961,0.6668,0.326,38.9,1274,2,0.9692,0,0.0,0
SYN-U-16077,99318.9,84600.48,0.532,0.4446,0.3465,37.3,191,5,0.7679,0,0.0,0
SYN-U-16078,108003.28,87241.21,0.8082,0.8648,0.3112,34.5,2265,1,0.9512,0,0.0,0
SYN-U-16079,28146.22,22169.38,0.4557,0.5047,0.6021,42.3,443,1,0.5798,1,14.7,1
SYN-U-16080,13632.44,9365.2,0.7256,0.3876,0.8408,9.2,1410,0,1.0,0,0.0,0
SYN-U-16081,65117.55,61806.25,0.7738,0.6572,0.2083,10.3,1337,5,0.9986,1,2.3,0
SYN-U-16082,40500.47,28383.81,0.7708,0.6927,0.3117,64.0,2379,5,0.8933,0,0.0,0
SYN-U-16083,20784.57,17704.99,0.645,0.2284,0.668,45.3,2136,7,0.9249,0,0.0,0
SYN-U-16084,26129.3,22987.25,0.4855,0.3593,0.7492,24.0,2123,4,0.561,1,12.3,1
SYN-U-16085,25177.93,17733.7,0.6362,0.3,0.6831,8.3,1220,3,0.7124,4,17.6,1
SYN-U-16086,50745.58,33658.52,0.7833,0.6548,0.1675,42.0,917,7,0.9255,0,0.0,0
SYN-U-16087,65966.75,44767.82,0.5605,0.6855,0.473,17.3,2391,1,0.9597,2,2.1,0
SYN-U-16088,140637.23,101634.34,0.8112,0.8989,0.3599,14.7,2012,2,0.8516,0,0.0,0
SYN-U-16089,123118.75,118027.08,0.9617,0.8161,0.3912,31.1,2154,2,0.8863,0,0.0,0
SYN-U-16090,15582.54,10248.44,0.8457,0.4326,0.6147,36.9,1866,0,1.0,0,0.0,0
SYN-U-16091,170971.68,115049.53,0.7173,0.6245,0.4517,20.7,1112,3,0.9637,0,0.0,0
SYN-U-16092,36353.83,25655.33,0.2932,0.6387,0.6889,11.6,1737,4,0.5508,1,15.8,1
SYN-U-16093,38327.62,32191.19,0.9629,0.9128,0.2788,20.4,216,7,0.8722,1,1.1,0
SYN-U-16094,81394.55,65446.6,0.7854,0.7033,0.5623,57.5,390,6,0.7704,1,2.6,0
SYN-U-16095,68464.78,56776.18,0.6011,0.5187,0.4065,33.4,1063,4,0.7198,1,3.4,0
SYN-U-16096,103481.39,69746.92,0.7237,0.4807,0.4324,53.7,2423,0,1.0,0,0.0,0
SYN-U-16097,75219.92,56534.08,0.549,0.6658,0.514,26.6,523,3,0.9501,0,0.0,0
SYN-U-16098,33403.96,25057.62,0.9476,0.578,0.3977,59.2,81,0,1.0,0,0.0,0
SYN-U-16099,46380.11,44516.13,0.9732,0.632,0.2293,29.5,861,1,0.98,0,0.0,0
SYN-U-16100,37581.88,28907.11,0.8517,0.8493,0.2276,60.5,1893,3,0.8673,0,0.0,0
SYN-U-16101,85938.23,64797.19,0.8363,0.8338,0.4625,23.4,431,3,0.958,0,0.0,0
SYN-U-16102,37050.82,27228.21,0.4013,0.3164,0.6111,54.6,2323,0,1.0,0,0.0,0
SYN-U-16103,15651.59,12397.74,0.3121,0.3102,0.6094,38.5,1266,4,0.9194,3,3.7,1
SYN-U-16104,28433.43,19127.47,0.8296,0.6111,0.3869,63.3,1578,7,0.8886,0,0.0,0
SYN-U-16105,27777.46,24849.01,0.6391,0.4434,0.8264,5.9,1277,2,0.5418,0,0.0,0
SYN-U-16106,64978.54,51218.44,0.2942,0.2277,0.7095,39.8,2045,2,0.536,3,9.0,1
SYN-U-16107,39505.1,29961.55,0.6324,0.407,0.3366,42.0,774,7,0.8222,0,0.0,0
SYN-U-16108,23148.65,19129.32,0.944,0.5634,0.2826,5.5,382,7,0.9142,0,0.0,0
SYN-U-16109,39520.68,36543.56,0.675,0.3432,0.596,14.2,406,4,0.5823,1,7.9,0
SYN-U-16110,113904.33,90576.11,0.7155,0.7795,0.3415,51.8,1261,5,0.9941,0,0.0,0
SYN-U-16111,97124.28,87802.65,0.8775,0.7966,0.3083,7.3,1531,3,0.8551,0,0.0,0
SYN-U-16112,29490.59,22023.23,0.714,0.765,0.4546,23.5,152,7,0.7174,2,6.2,0
SYN-U-16113,66576.16,46076.91,0.8599,0.7272,0.1972,5.6,730,5,0.9404,0,0.0,0
SYN-U-16114,61990.22,56626.6,0.858,0.9099,0.2332,61.1,1602,0,1.0,0,0.0,0
SYN-U-16115,57065.05,52276.98,0.7976,0.6806,0.2848,17.5,1687,3,0.9386,0,0.0,0
SYN-U-16116,40421.37,34828.69,0.96,0.773,0.2239,40.8,448,4,0.9987,0,0.0,0
SYN-U-16117,15205.59,11713.31,0.2435,0.6113,0.7546,11.0,1769,5,0.7049,3,16.0,1
SYN-U-16118,18283.75,14997.32,0.4258,0.308,0.7395,62.6,1784,6,0.8229,0,0.0,1
SYN-U-16119,15753.62,15240.82,0.6506,0.5126,0.556,15.5,2161,6,0.8061,0,0.0,0
SYN-U-16120,30247.51,23304.1,0.9008,0.8907,0.2927,44.1,509,0,1.0,0,0.0,0
SYN-U-16121,64472.8,55076.42,0.6705,0.5079,0.7961,27.0,1782,2,0.5731,3,3.5,1
SYN-U-16122,100906.44,75286.03,0.6963,0.6048,0.4208,28.1,1973,2,0.7671,1,4.7,0
SYN-U-16123,17114.13,14983.63,0.2063,0.4511,0.5142,32.2,2193,0,1.0,0,0.0,0
SYN-U-16124,32304.17,31181.47,0.5555,0.5594,0.6654,39.5,529,1,0.8942,0,0.0,0
SYN-U-16125,26675.33,21793.42,0.7665,0.5703,0.3341,46.6,220,2,0.8616,1,0.6,0
SYN-U-16126,28775.77,23654.57,0.971,0.8604,0.4686,37.1,770,7,0.9284,0,0.0,0
SYN-U-16127,45687.41,35665.35,0.5051,0.6132,0.5874,43.3,2277,2,0.5646,0,0.0,0
SYN-U-16128,60662.32,50363.91,0.8981,0.7402,0.4354,41.3,53,7,0.9014,1,1.9,0
SYN-U-16129,44563.33,39172.88,0.7786,0.75,0.4657,14.5,1487,6,0.9587,0,0.0,0
SYN-U-16130,32630.82,22358.79,0.841,0.6044,0.4848,11.4,1005,4,0.9617,2,3.4,0
SYN-U-16131,36648.5,23883.05,0.9673,0.6269,0.1843,18.4,1328,3,0.8987,0,0.0,0
SYN-U-16132,16760.21,13307.72,0.282,0.2059,0.8313,41.8,2175,6,0.6134,4,11.9,1
SYN-U-16133,32389.06,30339.29,0.7375,0.8847,0.2311,36.6,130,6,0.8623,0,0.0,0
SYN-U-16134,46826.64,30645.97,0.854,0.5602,0.4094,58.2,577,3,0.9395,0,0.0,0
SYN-U-16135,52755.55,47893.12,0.5807,0.7659,0.3635,31.7,450,0,1.0,0,0.0,0
SYN-U-16136,91783.21,68388.83,0.8511,0.6791,0.2555,60.6,151,1,0.9895,1,0.6,0
SYN-U-16137,23056.23,18901.72,0.5044,0.5949,0.7684,59.5,2183,2,0.9484,1,10.1,0
SYN-U-16138,21527.62,17933.49,0.7954,0.7693,0.3035,63.5,244,3,0.8565,2,3.0,0
SYN-U-16139,39664.99,29413.0,0.6505,0.5547,0.7338,37.1,2010,5,0.5197,0,0.0,0
SYN-U-16140,75274.91,50871.48,0.8243,0.676,0.1613,13.0,431,7,0.8969,0,0.0,0
SYN-U-16141,77654.44,70866.5,0.6788,0.4599,0.4076,61.7,1549,3,0.8637,1,7.2,0
SYN-U-16142,95222.65,63398.27,0.4168,0.4106,0.759,41.6,2251,3,0.5549,3,7.1,1
SYN-U-16143,21896.73,18190.55,0.2612,0.1763,0.4325,57.0,2104,3,0.7242,3,16.9,1
SYN-U-16144,20899.84,20311.98,0.7001,0.5195,0.5287,44.6,256,6,0.8154,0,0.0,0
SYN-U-16145,33857.23,24719.09,0.5788,0.4679,0.605,41.7,551,2,0.5339,0,0.0,0
SYN-U-16146,52453.15,49987.22,0.7678,0.8518,0.2643,34.2,218,0,1.0,0,0.0,0
SYN-U-16147,37493.99,26257.53,0.9453,0.912,0.1544,13.3,1219,4,0.8826,0,0.0,0
SYN-U-16148,76370.64,60737.35,0.7069,0.7397,0.1701,61.4,1395,3,0.9694,1,1.6,0
SYN-U-16149,49233.59,45633.08,0.8065,0.6616,0.2976,24.1,2285,3,0.8638,1,0.1,0
SYN-U-16150,17489.11,14026.61,0.5928,0.7319,0.5591,55.8,2027,7,0.7459,0,0.0,0
SYN-U-16151,14138.7,11597.47,0.2773,0.2823,0.4536,7.8,782,0,1.0,0,0.0,0
SYN-U-16152,51248.75,44968.86,0.9588,0.8804,0.2976,16.2,1922,4,0.8558,0,0.0,0
SYN-U-16153,28074.27,27404.61,0.7288,0.5667,0.5724,41.1,1198,3,0.8292,0,0.0,0
SYN-U-16154,85200.04,62411.75,0.5518,0.5709,0.3876,55.7,1059,0,1.0,0,0.0,0
SYN-U-16155,58013.92,51187.03,0.5732,0.6989,0.6261,45.8,2350,6,0.7976,0,0.0,0
SYN-U-16156,74602.55,64828.3,0.7179,0.4967,0.6291,34.3,1868,3,0.9311,0,0.0,0
SYN-U-16157,47269.31,45316.0,0.3454,0.3457,0.8683,54.7,1677,4,0.6036,0,0.0,1
SYN-U-16158,63982.49,44140.9,0.4172,0.2056,0.6964,20.3,1330,7,0.6555,0,0.0,1
SYN-U-16159,44785.66,33520.61,0.4821,0.5154,0.6403,44.3,917,3,0.5643,0,0.0,0
SYN-U-16160,50175.38,46587.51,0.5352,0.7559,0.3279,28.5,47,5,0.9594,0,0.0,0
SYN-U-16161,73036.98,59371.35,0.4949,0.4936,0.5811,33.5,203,0,1.0,0,0.0,0
SYN-U-16162,175142.32,153446.82,0.8514,0.6509,0.3951,52.8,1161,5,0.9155,0,0.0,0
SYN-U-16163,40127.54,26394.9,0.6669,0.7076,0.3374,31.5,1983,0,1.0,0,0.0,0
SYN-U-16164,42007.17,29963.76,0.7851,0.6673,0.216,10.2,2394,2,0.8619,0,0.0,0
SYN-U-16165,30811.17,23370.7,0.8525,0.7033,0.3809,19.5,2011,4,0.8749,0,0.0,0
SYN-U-16166,34251.83,25439.85,0.7354,0.6343,0.284,50.3,1322,6,0.7635,2,7.7,0
SYN-U-16167,44554.07,30128.12,0.9483,0.8691,0.2771,51.0,614,2,0.888,0,0.0,0
SYN-U-16168,54203.91,40211.45,0.7425,0.8971,0.3246,20.4,1377,4,0.9248,0,0.0,0
SYN-U-16169,76032.19,67233.62,0.6284,0.7703,0.3483,59.3,2335,1,0.8395,1,6.9,0
SYN-U-16170,30652.26,27402.39,0.4927,0.3675,0.515,9.0,2315,1,0.6578,0,0.0,0
SYN-U-16171,29811.3,20806.86,0.2303,0.5551,0.8533,10.0,1139,6,0.7902,0,0.0,0
SYN-U-16172,55822.26,53189.53,0.6931,0.4317,0.5939,55.9,164,5,0.701,0,0.0,0
SYN-U-16173,12922.93,11747.91,0.6606,0.3374,0.8529,14.7,2446,3,0.5649,3,14.2,1
SYN-U-16174,54337.69,36180.0,0.7823,0.829,0.2776,14.8,1647,4,0.873,2,2.7,0
SYN-U-16175,16197.76,14089.65,0.5041,0.2266,0.857,8.0,273,7,0.6964,2,5.0,1
SYN-U-16176,59673.37,41689.78,0.3382,0.4426,0.401,50.9,1884,0,1.0,0,0.0,0
SYN-U-16177,165217.35,114802.32,0.4939,0.3965,0.4636,50.9,1561,1,0.6248,0,0.0,0
SYN-U-16178,137561.88,93281.0,0.92,0.6083,0.237,53.0,936,0,1.0,0,0.0,0
SYN-U-16179,78435.84,54730.11,0.8986,0.6212,0.2802,13.9,264,0,1.0,0,0.0,0
SYN-U-16180,52999.46,40015.12,0.7668,0.6438,0.4478,28.0,2235,3,0.9034,0,0.0,0
SYN-U-16181,138171.9,112829.18,0.902,0.6086,0.165,38.0,545,6,0.886,0,0.0,0
SYN-U-16182,18329.48,15802.16,0.6253,0.4941,0.6537,40.7,738,6,0.7547,3,14.4,1
SYN-U-16183,14644.71,13404.75,0.7153,0.6203,0.837,39.9,529,0,1.0,0,0.0,0
SYN-U-16184,40416.26,36101.55,0.9028,0.8158,0.4163,50.4,2174,1,0.8764,0,0.0,0
SYN-U-16185,77494.93,68056.21,0.9053,0.8369,0.4151,54.6,45,7,0.986,0,0.0,0
SYN-U-16186,49922.21,45654.62,0.879,0.8689,0.2969,22.6,1813,2,0.9688,0,0.0,0
SYN-U-16187,60592.52,45486.17,0.8706,0.7735,0.4699,16.6,1525,7,0.9358,0,0.0,0
SYN-U-16188,48652.08,36360.56,0.9369,0.5729,0.4226,44.1,669,7,0.9008,0,0.0,0
SYN-U-16189,116157.37,102145.31,0.8932,0.8593,0.3894,13.4,1475,2,0.9171,0,0.0,0
SYN-U-16190,117564.29,100903.42,0.7837,0.7658,0.3362,20.8,1768,6,0.8581,2,1.7,0
SYN-U-16191,23865.16,20722.34,0.5727,0.532,0.6301,63.8,983,5,0.8754,0,0.0,0
SYN-U-16192,16317.26,13215.63,0.6667,0.6061,0.5904,12.4,2047,5,0.7482,2,15.1,0
SYN-U-16193,93272.57,76472.66,0.8858,0.7583,0.2545,16.1,331,4,0.9514,1,0.4,0
SYN-U-16194,41666.2,36192.17,0.9123,0.5769,0.4036,10.9,666,6,0.9287,1,0.8,0
SYN-U-16195,35053.58,32528.89,0.9241,0.5589,0.1831,17.0,214,5,0.9577,1,2.3,0
SYN-U-16196,103757.48,75429.69,0.945,0.8747,0.3992,15.6,1031,2,0.8931,0,0.0,0
SYN-U-16197,52075.46,37740.59,0.7927,0.8171,0.2018,17.6,489,5,0.8625,0,0.0,0
SYN-U-16198,124492.47,92354.2,0.9576,0.5945,0.2652,64.5,1102,5,0.9564,0,0.0,0
SYN-U-16199,20190.01,18403.21,0.4264,0.5621,0.4625,10.1,2237,4,0.5723,0,0.0,0
SYN-U-16200,24754.27,17437.8,0.7398,0.6118,0.5917,36.5,467,4,0.9024,1,5.4,0
SYN-U-16201,87415.03,66878.45,0.7855,0.7942,0.3548,20.0,103,6,0.9472,0,0.0,0
SYN-U-16202,33042.52,32374.13,0.8183,0.7326,0.3686,49.8,168,0,1.0,0,0.0,0
SYN-U-16203,32393.29,25598.95,0.602,0.5428,0.3699,32.0,864,6,0.9071,2,2.4,0
SYN-U-16204,101555.0,68287.43,0.7906,0.6469,0.3965,50.5,618,6,0.9102,1,7.7,0
SYN-U-16205,51583.28,33807.39,0.8965,0.7765,0.4594,31.4,1383,1,0.8555,0,0.0,0
SYN-U-16206,27646.78,18200.73,0.8169,0.7423,0.4324,14.3,964,3,0.902,0,0.0,0
SYN-U-16207,107124.92,80151.37,0.549,0.542,0.3443,14.5,2345,4,0.8865,0,0.0,0
SYN-U-16208,47505.52,36618.4,0.8207,0.6881,0.371,42.0,1667,0,1.0,0,0.0,0
SYN-U-16209,62157.19,45355.36,0.9247,0.7611,0.2958,37.2,637,0,1.0,0,0.0,0
SYN-U-16210,55650.36,36413.16,0.7721,0.7765,0.2448,62.3,570,7,0.959,0,0.0,0
SYN-U-16211,94147.76,81318.78,0.9324,0.892,0.3802,41.7,1925,7,0.9594,0,0.0,0
SYN-U-16212,55056.71,38210.17,0.9298,0.8354,0.3539,33.9,891,1,0.8684,0,0.0,0
SYN-U-16213,70752.01,61028.79,0.3118,0.4589,0.8281,30.1,1965,0,1.0,0,0.0,1
SYN-U-16214,62047.81,45703.76,0.8447,0.6576,0.2356,49.6,532,6,0.935,0,0.0,0
SYN-U-16215,52387.83,39070.98,0.7774,0.8377,0.2838,35.4,399,1,0.8763,1,0.2,0
SYN-U-16216,35581.42,32289.65,0.8137,0.6486,0.4522,55.8,340,6,0.9818,0,0.0,0
SYN-U-16217,20858.55,14727.97,0.3559,0.6191,0.4908,54.8,1197,1,0.6793,2,14.5,1
SYN-U-16218,48328.42,37222.24,0.5256,0.7461,0.5359,22.1,2389,4,0.7581,2,5.9,0
SYN-U-16219,65216.42,48093.3,0.7797,0.5839,0.4294,57.2,1533,7,0.9295,2,1.6,0
SYN-U-16220,63463.42,41619.37,0.9228,0.8485,0.2483,10.5,485,2,0.892,0,0.0,0
SYN-U-16221,64579.67,50511.76,0.947,0.7252,0.3483,16.6,622,0,1.0,0,0.0,0
SYN-U-16222,113428.5,90961.48,0.7848,0.6468,0.378,21.9,2474,0,1.0,0,0.0,0
SYN-U-16223,27167.92,19067.61,0.6429,0.4715,0.5085,51.0,316,5,0.7592,1,7.7,0
SYN-U-16224,56400.12,52520.35,0.9473,0.6024,0.2322,17.3,1772,5,0.9464,0,0.0,0
SYN-U-16225,98095.34,89687.29,0.5698,0.6642,0.4923,22.4,1009,3,0.9487,0,0.0,0
SYN-U-16226,43315.14,39195.81,0.6525,0.7827,0.2625,5.4,1345,1,0.9488,0,0.0,0
SYN-U-16227,126244.86,93723.41,0.7048,0.6775,0.3168,13.5,1513,4,0.9337,1,0.5,0
SYN-U-16228,69555.12,48272.72,0.5192,0.56,0.3157,38.3,1839,7,0.7491,0,0.0,0
SYN-U-16229,70092.46,56392.86,0.5918,0.4963,0.7724,55.6,2413,4,0.8962,0,0.0,0
SYN-U-16230,86879.93,59490.28,0.5364,0.471,0.2677,37.6,263,3,0.7053,0,0.0,0
SYN-U-16231,86560.28,75170.69,0.8867,0.5678,0.2975,22.6,792,2,0.9567,0,0.0,0
SYN-U-16232,41407.18,37058.01,0.3833,0.6012,0.7098,52.4,830,2,0.9471,0,0.0,0
SYN-U-16233,49076.97,37371.18,0.7472,0.7619,0.4041,38.0,415,1,0.9408,0,0.0,0
SYN-U-16234,73697.8,53511.4,0.7525,0.7581,0.2847,8.2,1260,6,0.9692,0,0.0,0
SYN-U-16235,52320.38,34442.24,0.8896,0.7554,0.4936,50.7,577,7,0.9958,1,2.8,0
SYN-U-16236,38296.71,31506.82,0.9333,0.8584,0.1852,57.8,173,3,0.8843,0,0.0,0
SYN-U-16237,86778.12,72306.86,0.7986,0.6762,0.1899,33.0,1225,6,0.8546,0,0.0,0
SYN-U-16238,46246.0,37967.36,0.5843,0.4716,0.2984,19.9,1891,5,0.8177,0,0.0,0
SYN-U-16239,125766.13,103376.97,0.5346,0.4818,0.5201,11.3,1822,7,0.9551,1,5.6,0
SYN-U-16240,14690.66,12627.91,0.8294,0.8988,0.2232,25.1,311,1,0.9537,1,2.7,0
SYN-U-16241,45443.12,35927.38,0.5671,0.7073,0.6063,8.3,2022,3,0.7314,2,2.0,0
SYN-U-16242,90545.07,80155.9,0.3121,0.5493,0.4337,7.9,2224,5,0.6349,0,0.0,0
SYN-U-16243,80853.97,64659.06,0.5823,0.7699,0.4289,58.6,1250,4,0.7869,1,6.1,0
SYN-U-16244,53449.08,48903.77,0.729,0.266,0.7523,11.0,519,5,0.5307,2,11.1,0
SYN-U-16245,16190.3,14958.28,0.5347,0.2116,0.4082,42.2,761,0,1.0,0,0.0,0
SYN-U-16246,103617.25,79219.58,0.9015,0.792,0.2983,8.0,883,3,0.8656,0,0.0,0
SYN-U-16247,55835.27,43812.37,0.7821,0.7829,0.2233,14.9,2474,0,1.0,0,0.0,0
SYN-U-16248,84623.61,73840.33,0.8482,0.6322,0.508,45.9,1854,3,0.9789,1,4.5,0
SYN-U-16249,36363.7,32596.11,0.8874,0.8273,0.3678,13.4,844,3,0.8566,0,0.0,0
SYN-U-16250,43862.55,30197.25,0.344,0.5583,0.6111,28.0,1458,6,0.9054,1,6.5,0
SYN-U-16251,63120.39,61215.58,0.7037,0.8788,0.4623,35.1,532,3,0.9465,0,0.0,0
SYN-U-16252,37616.11,27920.55,0.773,0.849,0.4447,10.0,950,4,0.8616,0,0.0,0
SYN-U-16253,70346.15,53309.05,0.8714,0.8082,0.2764,26.0,1324,0,1.0,0,0.0,0
SYN-U-16254,51569.39,50262.14,0.6534,0.5081,0.3215,52.7,1808,2,0.8723,0,0.0,0
SYN-U-16255,64160.33,53867.23,0.8585,0.8106,0.1658,44.5,169,6,0.9513,1,1.2,0
SYN-U-16256,42275.65,27654.56,0.6694,0.4023,0.5491,24.7,371,4,0.8645,2,4.3,0
SYN-U-16257,43087.62,32725.21,0.7418,0.6593,0.2856,13.9,1015,7,0.9048,0,0.0,0
SYN-U-16258,16797.08,12611.74,0.2694,0.2773,0.4838,23.4,169,0,1.0,0,0.0,0
SYN-U-16259,49689.35,40968.75,0.7403,0.8375,0.4421,32.5,2432,2,0.9727,0,0.0,0
SYN-U-16260,16332.06,15307.89,0.9442,0.6463,0.2391,18.4,2067,3,0.9113,2,2.9,0
SYN-U-16261,38570.58,29756.86,0.7467,0.799,0.4035,63.9,296,6,0.9325,0,0.0,0
SYN-U-16262,17178.64,15696.87,0.4539,0.5943,0.6508,5.4,1826,0,1.0,0,0.0,0
SYN-U-16263,16582.44,13165.42,0.7484,0.2571,0.5049,26.6,1587,2,0.6025,0,0.0,0
SYN-U-16264,29555.3,24215.4,0.3718,0.2933,0.4301,62.5,1559,3,0.8038,0,0.0,0
SYN-U-16265,52925.94,42674.49,0.6605,0.4533,0.847,19.3,1700,5,0.5867,0,0.0,0
SYN-U-16266,45649.15,30548.24,0.7671,0.6792,0.1529,32.0,863,2,0.9048,0,0.0,0
SYN-U-16267,23076.75,21678.4,0.8905,0.5803,0.3971,6.1,995,4,0.996,2,1.6,0
SYN-U-16268,118159.51,108811.66,0.7113,0.4687,0.2767,9.5,1584,5,0.8973,1,7.8,0
SYN-U-16269,19617.68,15801.72,0.2817,0.5944,0.8125,20.4,1181,6,0.5842,1,17.6,1
SYN-U-16270,16171.56,14682.95,0.3681,0.1809,0.8707,42.8,738,0,1.0,0,0.0,1
SYN-U-16271,26998.14,17849.48,0.5459,0.1538,0.7798,28.7,2118,4,0.665,2,17.3,1
SYN-U-16272,125550.73,107530.76,0.7435,0.6636,0.2216,45.5,815,3,0.8566,0,0.0,0
SYN-U-16273,236293.64,227417.83,0.54,0.5398,0.3195,7.8,1132,6,0.71,0,0.0,0
SYN-U-16274,44122.73,29426.6,0.8916,0.8133,0.3892,6.1,1625,2,0.9033,1,0.3,0
SYN-U-16275,16900.46,16023.4,0.5268,0.4617,0.8786,43.0,478,2,0.6093,2,9.0,1
SYN-U-16276,46365.4,41709.89,0.7814,0.6331,0.2562,55.1,1319,3,0.9468,0,0.0,0
SYN-U-16277,72160.59,62267.97,0.5016,0.6432,0.4081,30.7,2457,3,0.7521,0,0.0,0
SYN-U-16278,29852.88,20383.19,0.9361,0.5692,0.2704,21.2,1412,5,0.9091,0,0.0,0
SYN-U-16279,53047.49,37094.81,0.7858,0.9152,0.1569,14.5,859,1,0.8629,1,1.8,0
SYN-U-16280,46865.17,41717.12,0.7952,0.564,0.3325,43.3,1158,2,0.723,0,0.0,0
SYN-U-16281,37367.9,34821.86,0.7082,0.752,0.6166,56.7,2241,5,0.9459,1,2.6,0
SYN-U-16282,81386.39,79171.2,0.8143,0.7241,0.2593,8.8,1257,4,0.8099,0,0.0,0
SYN-U-16283,57858.55,47491.53,0.7121,0.8873,0.3856,21.9,186,5,0.8886,0,0.0,0
SYN-U-16284,89264.11,83961.31,0.8151,0.8763,0.2627,16.4,2212,6,0.9613,0,0.0,0
SYN-U-16285,19734.17,13856.52,0.4775,0.2724,0.5143,17.1,383,1,0.7867,0,0.0,0
SYN-U-16286,59470.98,45206.9,0.496,0.6344,0.5988,44.4,1702,4,0.7772,3,12.1,0
SYN-U-16287,15246.14,14386.4,0.6627,0.4156,0.4882,8.4,1896,0,1.0,0,0.0,0
SYN-U-16288,62827.14,54391.95,0.7673,0.8154,0.1632,38.6,1829,3,0.865,0,0.0,0
SYN-U-16289,30662.1,23598.96,0.9533,0.8943,0.3426,44.0,1128,4,0.9684,2,1.5,0
SYN-U-16290,96445.07,62853.59,0.7088,0.9174,0.4865,51.9,367,1,0.9704,1,0.7,0
SYN-U-16291,41611.63,32593.59,0.7773,0.5984,0.4274,61.0,899,1,0.9843,1,0.6,0
SYN-U-16292,141478.72,99328.96,0.6666,0.4576,0.3358,46.5,2281,3,0.7092,1,6.3,0
SYN-U-16293,161335.98,121988.23,0.5149,0.203,0.5074,45.8,2144,5,0.5914,2,5.8,1
SYN-U-16294,41486.9,32382.5,0.831,0.9162,0.2087,22.7,2314,3,0.9399,0,0.0,0
SYN-U-16295,123166.54,99114.57,0.8154,0.6217,0.1996,60.1,934,4,0.9051,1,0.5,0
SYN-U-16296,64838.66,45637.31,0.687,0.5827,0.3858,22.7,444,3,0.7984,0,0.0,0
SYN-U-16297,16709.1,14254.98,0.6883,0.7497,0.487,22.7,1460,1,0.853,0,0.0,0
SYN-U-16298,65002.9,50871.97,0.2467,0.4582,0.6939,16.3,287,5,0.5921,0,0.0,1
SYN-U-16299,41175.1,38220.18,0.8474,0.6048,0.439,30.8,1785,4,0.9079,1,2.3,0
SYN-U-16300,31290.39,25052.49,0.7495,0.7105,0.5154,35.5,1399,7,0.9649,0,0.0,0
SYN-U-16301,114420.45,101594.06,0.8571,0.6449,0.3497,5.5,2188,4,0.8861,0,0.0,0
SYN-U-16302,48872.39,37335.8,0.8662,0.7388,0.3584,42.3,1755,7,0.9354,0,0.0,0
SYN-U-16303,19722.87,16263.58,0.5814,0.3308,0.4575,6.8,449,1,0.8639,1,12.9,1
SYN-U-16304,174768.17,131688.98,0.8758,0.5907,0.2762,50.2,2248,5,0.8979,0,0.0,0
SYN-U-16305,69856.1,58621.92,0.2096,0.4712,0.762,44.6,1481,4,0.519,1,13.7,1
SYN-U-16306,38642.85,30639.33,0.7547,0.5704,0.3402,49.3,453,0,1.0,0,0.0,0
SYN-U-16307,19737.51,17354.97,0.966,0.8573,0.1589,52.2,2074,0,1.0,0,0.0,0
SYN-U-16308,96737.79,66216.41,0.9439,0.7917,0.1937,64.3,1653,5,0.9529,0,0.0,0
SYN-U-16309,34272.31,31321.7,0.5891,0.4305,0.7759,8.1,2193,4,0.6477,0,0.0,1
SYN-U-16310,43406.07,36495.85,0.9715,0.6168,0.4352,31.3,1252,0,1.0,0,0.0,0
SYN-U-16311,39729.5,33565.13,0.599,0.562,0.4056,61.3,1070,3,0.8998,0,0.0,0
SYN-U-16312,77513.26,61682.92,0.9228,0.8182,0.4479,13.9,2113,2,0.9297,0,0.0,0
SYN-U-16313,28017.93,26260.02,0.7294,0.7831,0.2729,46.3,1307,5,0.8566,0,0.0,0
SYN-U-16314,95211.52,93054.7,0.8879,0.7863,0.3415,52.0,2344,5,0.9447,0,0.0,0
SYN-U-16315,56368.92,37703.45,0.8405,0.8642,0.2338,30.8,1753,0,1.0,0,0.0,0
SYN-U-16316,25470.11,23529.72,0.83,0.5982,0.4204,44.8,2170,1,0.8508,0,0.0,0
SYN-U-16317,66795.46,64975.75,0.7304,0.7643,0.2426,37.1,2224,4,0.8532,0,0.0,0
SYN-U-16318,40759.47,28542.99,0.951,0.5637,0.3112,27.9,234,3,0.8982,1,2.2,0
SYN-U-16319,27757.25,21809.78,0.7349,0.5889,0.4694,38.8,2415,4,0.9656,0,0.0,0
SYN-U-16320,55332.58,42175.95,0.8988,0.7605,0.484,14.4,710,5,0.8864,0,0.0,0
SYN-U-16321,140423.81,123266.96,0.6937,0.6548,0.4688,43.4,1081,3,0.8638,0,0.0,0
SYN-U-16322,59294.44,41529.59,0.8787,0.697,0.3158,39.0,175,3,0.8547,0,0.0,0
SYN-U-16323,56555.1,51665.85,0.9627,0.8965,0.4805,36.9,998,7,0.8721,0,0.0,0
SYN-U-16324,16698.14,14101.33,0.3623,0.4986,0.5125,30.5,1555,0,1.0,0,0.0,0
SYN-U-16325,52736.72,37985.54,0.8076,0.7214,0.3932,42.7,129,4,0.9249,0,0.0,0
SYN-U-16326,44902.04,43750.61,0.6954,0.2746,0.8529,40.3,514,7,0.7274,0,0.0,0
SYN-U-16327,68880.0,45033.37,0.9776,0.6829,0.4029,14.2,1098,2,0.9873,1,0.0,0
SYN-U-16328,18898.7,14034.78,0.7941,0.7938,0.5021,62.7,824,6,0.7391,0,0.0,0
SYN-U-16329,14498.75,12191.11,0.6204,0.4114,0.4061,40.9,1069,7,0.9462,0,0.0,0
SYN-U-16330,78841.34,67452.23,0.6401,0.4534,0.4986,46.4,523,4,0.9143,0,0.0,0
SYN-U-16331,56108.87,38464.69,0.8662,0.7129,0.1653,12.6,840,1,0.9369,1,2.2,0
SYN-U-16332,69186.87,67762.79,0.9277,0.9178,0.4827,40.0,416,4,0.9903,0,0.0,0
SYN-U-16333,47494.11,31256.3,0.8415,0.7923,0.1923,5.7,2132,3,0.8538,0,0.0,0
SYN-U-16334,40198.05,37124.7,0.8335,0.6483,0.3531,54.7,1341,2,0.9898,1,0.5,0
SYN-U-16335,46651.12,43057.3,0.8905,0.607,0.249,24.5,204,3,0.922,0,0.0,0
SYN-U-16336,101964.06,82986.46,0.7925,0.588,0.2194,56.6,1545,7,0.9075,0,0.0,0
SYN-U-16337,59558.08,52608.11,0.5627,0.4195,0.4289,6.0,986,3,0.7642,1,14.4,0
SYN-U-16338,15835.28,13928.28,0.68,0.4763,0.766,59.7,1445,0,1.0,0,0.0,0
SYN-U-16339,178792.91,151121.23,0.7866,0.7091,0.3608,25.5,1419,1,0.9229,0,0.0,0
SYN-U-16340,167480.15,128876.03,0.8291,0.6052,0.2824,10.0,939,4,0.9473,0,0.0,0
SYN-U-16341,61299.0,49895.76,0.2001,0.3027,0.731,61.8,1063,2,0.5743,1,7.5,1
SYN-U-16342,46128.03,39706.91,0.6709,0.2277,0.4338,22.0,1078,6,0.7758,2,13.8,1
SYN-U-16343,15047.64,13773.63,0.5283,0.795,0.4715,53.5,2255,6,0.7176,1,3.1,0
SYN-U-16344,87788.91,76898.63,0.3706,0.262,0.8754,28.2,71,1,0.9149,0,0.0,1
SYN-U-16345,48333.76,34639.66,0.7273,0.8371,0.2908,14.5,1957,3,0.9997,0,0.0,0
SYN-U-16346,60438.58,51456.38,0.6558,0.6859,0.4488,10.0,534,3,0.9596,1,3.5,0
SYN-U-16347,86666.52,66384.03,0.7062,0.7914,0.4084,7.9,1004,5,0.8917,0,0.0,0
SYN-U-16348,93488.08,62968.66,0.3744,0.5778,0.723,24.2,1815,4,0.6299,1,9.3,1
SYN-U-16349,83208.86,79655.88,0.72,0.6826,0.2889,32.3,1048,6,0.8419,0,0.0,0
SYN-U-16350,15480.33,10381.85,0.8508,0.815,0.2124,46.9,1567,4,0.9478,1,1.3,0
SYN-U-16351,74146.7,55614.82,0.6528,0.6589,0.5189,27.4,2075,0,1.0,0,0.0,0
SYN-U-16352,46234.13,44311.01,0.8008,0.8944,0.198,56.9,775,2,0.9085,1,2.8,0
SYN-U-16353,48640.01,38893.64,0.9471,0.6329,0.1553,26.2,436,1,0.9886,0,0.0,0
SYN-U-16354,105417.42,87074.86,0.8028,0.7107,0.4268,57.7,1892,5,0.8913,0,0.0,0
SYN-U-16355,75104.79,69609.32,0.535,0.5093,0.2974,55.5,904,3,0.8735,2,6.7,0
SYN-U-16356,63758.74,54205.67,0.6942,0.7644,0.6379,27.5,2239,1,0.7742,0,0.0,0
SYN-U-16357,89214.7,78372.84,0.5916,0.1759,0.8288,29.2,2417,2,0.7917,3,11.3,1
SYN-U-16358,69355.86,49870.47,0.9741,0.7595,0.1575,17.3,795,7,0.9682,1,1.3,0
SYN-U-16359,48156.16,39245.57,0.7095,0.7044,0.4378,48.2,75,2,0.9966,1,2.6,0
SYN-U-16360,35547.22,33796.69,0.4899,0.2659,0.8588,5.3,934,0,1.0,0,0.0,1
SYN-U-16361,16100.74,13209.6,0.2725,0.3329,0.7079,58.1,2417,1,0.5831,3,3.9,1
SYN-U-16362,79526.97,77240.97,0.6643,0.5386,0.5022,40.7,1270,7,0.8475,0,0.0,0
SYN-U-16363,38230.81,30614.68,0.7766,0.6289,0.3537,62.2,341,4,0.7219,2,6.5,0
SYN-U-16364,85249.82,76378.39,0.7382,0.4269,0.472,20.0,1251,6,0.787,0,0.0,0
SYN-U-16365,14986.72,10138.12,0.4713,0.2256,0.8788,60.4,436,1,0.7881,2,5.7,1
SYN-U-16366,125747.26,99496.9,0.9064,0.8627,0.3865,14.3,2414,0,1.0,0,0.0,0
SYN-U-16367,60625.55,47166.32,0.9118,0.5575,0.4778,28.9,1751,0,1.0,0,0.0,0
SYN-U-16368,57439.81,42519.67,0.7841,0.8777,0.2198,24.6,1941,5,0.8899,0,0.0,0
SYN-U-16369,37408.37,31831.28,0.6853,0.5047,0.4141,50.1,1573,6,0.9241,1,16.1,1
SYN-U-16370,69624.72,52657.73,0.8703,0.8585,0.1845,51.8,1523,2,0.9351,1,2.7,0
SYN-U-16371,48180.27,41226.53,0.7963,0.8778,0.3337,53.4,1900,5,0.9962,0,0.0,0
SYN-U-16372,70127.53,65379.44,0.7402,0.7216,0.4995,23.2,487,7,0.7009,0,0.0,0
SYN-U-16373,16638.73,14384.02,0.6676,0.3508,0.8689,32.9,2248,5,0.7342,0,0.0,0
SYN-U-16374,28276.38,19295.99,0.7924,0.6449,0.3808,44.7,2244,5,0.9417,0,0.0,0
SYN-U-16375,39223.64,28164.5,0.8994,0.5939,0.4807,44.1,884,1,0.9527,0,0.0,0
SYN-U-16376,87226.28,68700.02,0.6564,0.735,0.5132,60.8,79,4,0.9726,1,7.2,0
SYN-U-16377,151570.85,116020.98,0.6366,0.4596,0.3268,38.5,2043,6,0.7042,2,4.5,0
SYN-U-16378,36224.16,30159.72,0.9022,0.6609,0.2816,42.2,2399,5,0.8998,0,0.0,0
SYN-U-16379,47504.25,44944.07,0.4718,0.6177,0.8365,58.2,1506,1,0.8826,0,0.0,1
SYN-U-16380,129644.57,114991.96,0.5949,0.6837,0.5851,21.0,1951,0,1.0,0,0.0,0
SYN-U-16381,38525.42,35420.06,0.7264,0.6245,0.2685,40.4,1551,0,1.0,0,0.0,0
SYN-U-16382,35958.5,28205.4,0.7204,0.7841,0.2978,29.5,898,2,0.9014,0,0.0,0
SYN-U-16383,119940.58,115579.64,0.8459,0.7838,0.3436,50.2,2182,7,0.8778,0,0.0,0
SYN-U-16384,34551.05,22824.87,0.7047,0.5698,0.4338,6.2,2125,0,1.0,0,0.0,0
SYN-U-16385,25727.6,24804.44,0.8115,0.7044,0.1882,39.0,481,4,0.9992,0,0.0,0
SYN-U-16386,13803.93,10664.2,0.9387,0.6627,0.495,41.7,1848,1,0.9909,0,0.0,0
SYN-U-16387,33900.05,33071.59,0.8344,0.8087,0.2647,14.4,735,5,0.8507,1,0.2,0
SYN-U-16388,69490.32,56880.46,0.7043,0.5553,0.4854,20.2,756,7,0.9707,0,0.0,0
SYN-U-16389,28196.45,23037.44,0.9263,0.6992,0.3971,15.1,1408,7,0.9574,1,0.3,0
SYN-U-16390,60533.21,50083.46,0.9509,0.8483,0.3387,55.4,807,5,0.8508,0,0.0,0
SYN-U-16391,20329.33,17947.85,0.9579,0.6864,0.1934,60.7,1848,1,0.886,0,0.0,0
SYN-U-16392,16457.28,15549.07,0.7281,0.8889,0.4213,59.2,1433,7,0.9225,0,0.0,0
SYN-U-16393,161149.92,134222.48,0.6376,0.4511,0.2975,19.1,2284,2,0.7801,2,5.1,0
SYN-U-16394,67353.6,51688.67,0.9641,0.8781,0.3914,38.8,1433,2,0.8967,1,2.1,0
SYN-U-16395,61935.54,47325.8,0.7189,0.7615,0.351,11.1,1673,5,0.9065,0,0.0,0
SYN-U-16396,78090.86,65621.28,0.5425,0.7887,0.5893,25.5,1931,1,0.9113,0,0.0,0
SYN-U-16397,32120.11,31442.95,0.8786,0.8245,0.4578,63.9,37,7,0.8643,0,0.0,0
SYN-U-16398,22680.86,17655.15,0.3471,0.5298,0.8481,25.0,682,1,0.6111,1,13.1,1
SYN-U-16399,141685.9,111770.34,0.8826,0.7849,0.3499,6.0,366,1,0.8987,0,0.0,0
SYN-U-16400,45331.6,29889.77,0.7592,0.8311,0.404,7.9,1858,3,0.8992,0,0.0,0
SYN-U-16401,20549.94,15647.37,0.91,0.8265,0.2188,5.8,742,2,0.9384,1,2.9,0
SYN-U-16402,49692.55,45786.94,0.9086,0.6874,0.1692,30.4,472,5,0.851,0,0.0,0
SYN-U-16403,62107.45,53149.97,0.7415,0.5891,0.3952,20.8,191,4,0.8865,0,0.0,0
SYN-U-16404,25137.8,18677.08,0.4693,0.4347,0.7678,53.1,1446,5,0.7784,0,0.0,0
SYN-U-16405,30810.16,27458.69,0.6542,0.3773,0.4744,47.0,900,4,0.846,0,0.0,0
SYN-U-16406,70275.01,51780.63,0.5282,0.7658,0.3298,63.2,1868,1,0.7907,2,2.8,0
SYN-U-16407,56247.83,39942.51,0.702,0.9148,0.1717,18.9,63,5,0.9042,0,0.0,0
SYN-U-16408,80631.46,72217.99,0.7038,0.6894,0.2167,53.7,2444,5,0.8896,0,0.0,0
SYN-U-16409,111662.07,91857.35,0.8282,0.653,0.5169,59.1,124,7,0.9467,0,0.0,0
SYN-U-16410,47598.31,35076.61,0.901,0.7588,0.2499,32.0,58,2,0.9577,1,0.8,0
SYN-U-16411,47616.78,43001.04,0.5262,0.5319,0.7255,41.4,498,7,0.9091,0,0.0,0
SYN-U-16412,63342.34,61837.48,0.5388,0.6898,0.3721,12.3,2012,2,0.8783,0,0.0,0
SYN-U-16413,65038.91,61444.57,0.7522,0.8177,0.3935,23.5,2411,6,0.8729,1,0.5,0
SYN-U-16414,128661.17,104365.71,0.8061,0.7066,0.4034,14.4,703,1,0.9509,1,3.3,0
SYN-U-16415,72528.47,48433.85,0.9603,0.873,0.3543,20.1,1405,1,0.8767,0,0.0,0
SYN-U-16416,85959.34,57118.53,0.6772,0.7269,0.3957,45.3,1180,3,0.9027,1,7.8,0
SYN-U-16417,16897.23,16117.9,0.282,0.4747,0.5326,60.3,1033,5,0.5481,0,0.0,0
SYN-U-16418,55014.44,38173.38,0.8526,0.7326,0.3354,41.9,100,2,0.8548,0,0.0,0
SYN-U-16419,89148.13,66016.6,0.848,0.8303,0.4107,62.7,1027,3,0.8812,0,0.0,0
SYN-U-16420,67269.26,61629.97,0.9703,0.9061,0.497,25.1,1545,3,0.9337,0,0.0,0
SYN-U-16421,87313.02,56940.99,0.9691,0.7471,0.1978,43.6,1133,7,0.9913,0,0.0,0
SYN-U-16422,75416.0,65655.31,0.5741,0.4774,0.2947,24.5,1119,1,0.871,1,5.2,0
SYN-U-16423,14445.34,11018.87,0.5273,0.2401,0.5815,24.1,2397,6,0.5779,1,3.5,1
SYN-U-16424,50440.69,34853.86,0.8211,0.8602,0.4056,46.8,2497,1,0.8604,0,0.0,0
SYN-U-16425,106418.95,82362.34,0.9352,0.6463,0.4259,59.3,363,7,0.9331,0,0.0,0
SYN-U-16426,15785.86,11376.87,0.6564,0.3072,0.4503,11.8,2456,1,0.5604,2,15.1,0
SYN-U-16427,75980.55,61937.44,0.7499,0.7272,0.591,37.9,837,4,0.7995,1,6.8,0
SYN-U-16428,12805.89,11854.43,0.6518,0.3927,0.5382,43.5,111,0,1.0,0,0.0,0
SYN-U-16429,45106.34,35260.28,0.791,0.8603,0.3502,43.3,2301,1,0.8883,0,0.0,0
SYN-U-16430,61745.92,41331.14,0.9218,0.6078,0.3342,45.8,601,3,0.9317,2,0.0,0
SYN-U-16431,39382.25,28771.92,0.935,0.9037,0.2638,36.6,94,6,0.9926,0,0.0,0
SYN-U-16432,76937.36,68761.02,0.6963,0.5395,0.8659,29.1,2214,7,0.7171,0,0.0,0
SYN-U-16433,97138.46,75571.17,0.7625,0.7024,0.3785,24.5,688,7,0.8609,0,0.0,0
SYN-U-16434,37956.95,35879.41,0.7184,0.8155,0.2416,49.3,659,5,0.9895,1,2.7,0
SYN-U-16435,118523.31,90367.95,0.7705,0.7474,0.5092,13.1,73,0,1.0,0,0.0,0
SYN-U-16436,45732.61,43117.37,0.969,0.7439,0.3793,15.7,2410,2,0.982,0,0.0,0
SYN-U-16437,50239.07,38011.81,0.8917,0.6524,0.3907,53.4,1520,0,1.0,0,0.0,0
SYN-U-16438,43422.74,35340.97,0.813,0.6907,0.1505,6.4,251,7,0.8788,0,0.0,0
SYN-U-16439,82358.55,67085.1,0.9518,0.7268,0.2383,37.1,2404,0,1.0,0,0.0,0
SYN-U-16440,125775.65,93340.4,0.7454,0.8465,0.3415,53.1,789,1,0.8633,0,0.0,0
SYN-U-16441,59092.35,47653.61,0.6121,0.7418,0.3871,23.2,724,3,0.8216,1,4.5,0
SYN-U-16442,61708.51,42459.66,0.7432,0.6256,0.4752,39.1,1654,4,0.9275,0,0.0,0
SYN-U-16443,18613.28,15887.26,0.7395,0.7136,0.4656,62.9,1800,5,0.8928,0,0.0,0
SYN-U-16444,65316.01,56129.99,0.8002,0.7676,0.4903,26.2,862,3,0.9443,0,0.0,0
SYN-U-16445,59385.37,52099.62,0.7107,0.707,0.6342,25.1,788,5,0.7281,1,5.6,0
SYN-U-16446,31454.35,21696.96,0.538,0.2359,0.7816,63.5,1212,7,0.6138,2,17.0,1
SYN-U-16447,77945.7,55537.43,0.8084,0.6081,0.2342,18.9,572,6,0.892,1,2.4,0
SYN-U-16448,52280.07,49176.8,0.2962,0.4859,0.8756,50.5,220,2,0.7462,0,0.0,1
SYN-U-16449,69237.87,53494.47,0.7115,0.7861,0.1725,51.8,1901,4,0.9087,1,2.4,0
SYN-U-16450,22551.06,15269.78,0.5984,0.5368,0.7325,17.7,1858,6,0.7555,0,0.0,0
SYN-U-16451,87546.38,64539.26,0.6846,0.6825,0.6388,41.4,1638,5,0.8487,2,3.3,0
SYN-U-16452,44453.4,33511.41,0.757,0.5933,0.2787,41.6,2275,5,0.8918,0,0.0,0
SYN-U-16453,65928.47,44850.15,0.7908,0.6665,0.4736,49.9,285,1,0.8615,1,2.4,0
SYN-U-16454,49240.2,44439.39,0.7259,0.9007,0.2118,26.1,128,1,0.9409,0,0.0,0
SYN-U-16455,38995.91,37463.23,0.6132,0.4979,0.5418,60.0,436,7,0.6967,1,14.8,1
SYN-U-16456,43345.95,37501.9,0.6089,0.6442,0.5665,48.7,943,7,0.7444,1,12.8,1
SYN-U-16457,68843.39,66125.71,0.8322,0.6683,0.4808,41.0,1129,2,0.9191,0,0.0,0
SYN-U-16458,34389.96,23931.14,0.9611,0.7206,0.3577,36.3,1697,5,0.933,2,1.5,0
SYN-U-16459,36112.05,23489.66,0.9261,0.7798,0.4145,23.1,980,1,0.9899,0,0.0,0
SYN-U-16460,72961.6,66550.72,0.4108,0.4885,0.8033,48.0,943,6,0.9109,0,0.0,1
SYN-U-16461,14756.63,11662.02,0.7734,0.6422,0.3258,42.2,501,5,0.8707,0,0.0,0
SYN-U-16462,75417.6,50632.49,0.4273,0.3189,0.5208,54.7,278,3,0.8888,0,0.0,1
SYN-U-16463,79492.87,73020.84,0.4376,0.2422,0.8513,48.9,853,6,0.5621,4,5.3,1
SYN-U-16464,33648.32,32297.46,0.7167,0.5134,0.3708,43.6,283,6,0.951,1,4.4,0
SYN-U-16465,88800.2,76755.84,0.657,0.3203,0.7873,37.6,527,1,0.6213,0,0.0,1
SYN-U-16466,73042.2,65868.0,0.7208,0.2158,0.4079,33.8,1753,5,0.6547,2,13.3,0
SYN-U-16467,52859.86,47520.8,0.7478,0.4017,0.576,7.0,590,0,1.0,0,0.0,0
SYN-U-16468,43794.43,29323.67,0.7917,0.8109,0.2513,62.7,2438,5,0.8978,0,0.0,0
SYN-U-16469,52526.5,36548.74,0.7478,0.8652,0.4606,62.9,1385,5,0.9236,0,0.0,0
SYN-U-16470,106484.32,76477.24,0.7915,0.4172,0.3771,50.3,867,0,1.0,0,0.0,0
SYN-U-16471,52793.78,36836.56,0.953,0.6012,0.4974,35.6,1290,1,0.88,0,0.0,0
SYN-U-16472,105333.26,77942.29,0.8311,0.5664,0.4454,39.5,2408,6,0.9692,0,0.0,0
SYN-U-16473,14942.09,13314.46,0.324,0.512,0.52,46.8,2088,6,0.5809,1,16.6,1
SYN-U-16474,18323.46,13001.5,0.5294,0.2225,0.5268,19.0,424,4,0.7438,1,8.9,0
SYN-U-16475,148601.99,143008.2,0.8409,0.8918,0.2727,19.2,2381,5,0.9197,0,0.0,0
SYN-U-16476,48583.07,35471.88,0.4111,0.5168,0.4391,38.9,1879,5,0.528,2,13.0,0
SYN-U-16477,21739.34,15747.55,0.7158,0.8962,0.2751,39.4,1076,7,0.9324,0,0.0,0
SYN-U-16478,109661.28,84925.01,0.9572,0.8484,0.3081,15.5,536,1,0.9178,0,0.0,0
SYN-U-16479,111551.56,98700.7,0.7718,0.6875,0.2699,62.3,979,3,0.875,1,2.6,0
SYN-U-16480,52880.3,49463.8,0.8036,0.8507,0.1504,47.2,648,4,0.8695,1,2.8,0
SYN-U-16481,106157.45,88710.38,0.9362,0.6159,0.3211,25.9,1549,2,0.9204,0,0.0,0
SYN-U-16482,108768.71,97503.69,0.5368,0.4989,0.4126,44.9,1991,6,0.7057,2,5.0,0
SYN-U-16483,66900.07,46889.18,0.804,0.7062,0.2269,21.5,2194,5,0.8583,0,0.0,0
SYN-U-16484,14459.49,9677.77,0.5879,0.4093,0.4446,15.9,2493,5,0.534,0,0.0,0
SYN-U-16485,105779.23,103242.47,0.5714,0.6381,0.5191,48.2,697,2,0.9028,1,4.8,0
SYN-U-16486,24604.48,21914.2,0.426,0.6079,0.7386,54.9,1425,5,0.9013,3,7.1,0
SYN-U-16487,34837.96,33356.15,0.8803,0.8712,0.3626,22.8,1491,1,0.8987,0,0.0,0
SYN-U-16488,30297.99,22751.43,0.7181,0.8848,0.1675,35.0,491,0,1.0,0,0.0,0
SYN-U-16489,49481.33,39514.63,0.9084,0.7546,0.276,39.3,220,4,0.8701,1,2.7,0
SYN-U-16490,44170.3,40858.85,0.8859,0.7248,0.445,51.5,1125,7,0.8916,0,0.0,0
SYN-U-16491,60473.79,40162.74,0.7682,0.6338,0.5082,21.0,722,1,0.9072,2,4.0,0
SYN-U-16492,70764.56,50279.15,0.8754,0.8942,0.3595,62.9,377,7,0.8579,0,0.0,0
SYN-U-16493,54323.91,44540.98,0.8611,0.5765,0.2132,34.3,1576,2,0.8824,0,0.0,0
SYN-U-16494,18955.55,13502.39,0.718,0.4163,0.6214,56.8,1070,6,0.6805,1,15.2,1
SYN-U-16495,73834.29,50790.03,0.8869,0.8506,0.3712,41.9,585,1,0.9447,0,0.0,0
SYN-U-16496,41357.05,33042.17,0.7083,0.525,0.5366,62.5,730,0,1.0,0,0.0,0
SYN-U-16497,55543.13,36880.67,0.8604,0.6961,0.3055,20.6,1178,2,0.9499,0,0.0,0
SYN-U-16498,51683.06,48535.27,0.9778,0.649,0.3714,45.5,442,4,0.9231,0,0.0,0
SYN-U-16499,17040.78,11406.68,0.5051,0.3716,0.6366,13.5,1404,6,0.5274,1,9.0,0
SYN-U-16500,50705.89,48116.64,0.9678,0.5645,0.1944,45.9,1600,3,0.9793,1,1.6,0
SYN-U-16501,27307.5,22982.87,0.2444,0.5519,0.4445,53.7,576,5,0.8603,4,10.5,1
SYN-U-16502,34256.87,31687.62,0.5934,0.3701,0.6756,59.6,167,6,0.8737,3,12.9,1
SYN-U-16503,64792.98,48062.37,0.9621,0.791,0.1653,55.1,1619,6,0.879,0,0.0,0
SYN-U-16504,142264.87,116638.86,0.8589,0.603,0.4585,30.9,1601,4,0.9888,1,0.6,0
SYN-U-16505,209261.89,139589.48,0.8819,0.5962,0.4853,31.3,182,4,0.9971,0,0.0,0
SYN-U-16506,16835.97,15837.91,0.3061,0.4037,0.714,51.5,1081,3,0.7,0,0.0,1
SYN-U-16507,50412.09,41824.68,0.9321,0.8402,0.3414,55.0,599,3,0.9398,0,0.0,0
SYN-U-16508,15325.48,12088.35,0.4542,0.5654,0.52,48.7,2391,4,0.8819,1,16.8,1
SYN-U-16509,32486.72,30782.63,0.5771,0.7161,0.5585,62.2,238,5,0.7081,2,4.6,0
SYN-U-16510,23790.03,18419.25,0.777,0.9161,0.2281,47.2,1657,1,0.9763,0,0.0,0
SYN-U-16511,36410.06,30745.14,0.7487,0.7676,0.307,57.0,1983,6,0.8603,0,0.0,0
SYN-U-16512,36334.66,30475.62,0.5869,0.4078,0.319,17.5,440,2,0.9707,0,0.0,0
SYN-U-16513,122114.8,116736.62,0.6028,0.4816,0.2727,34.6,1829,4,0.827,0,0.0,0
SYN-U-16514,43831.02,39742.3,0.6591,0.7395,0.4637,33.5,36,1,0.8763,1,4.1,0
SYN-U-16515,49353.35,32688.84,0.7381,0.6299,0.8063,18.2,270,2,0.9406,2,4.5,0
SYN-U-16516,12765.38,8620.86,0.7217,0.6673,0.2616,60.1,621,0,1.0,0,0.0,0
SYN-U-16517,77471.22,52592.74,0.7022,0.8379,0.2606,19.5,1821,2,0.9289,0,0.0,0
SYN-U-16518,134191.54,128675.47,0.8301,0.6744,0.437,27.0,1019,0,1.0,0,0.0,0
SYN-U-16519,48361.48,37785.17,0.7426,0.7029,0.2674,46.4,2227,7,0.8286,0,0.0,0
SYN-U-16520,88684.11,85364.41,0.5926,0.4727,0.389,38.5,1501,1,0.8471,0,0.0,0
SYN-U-16521,39187.9,38302.7,0.8759,0.7164,0.2164,6.4,1168,3,0.9059,0,0.0,0
SYN-U-16522,57174.02,47128.64,0.696,0.4289,0.2638,55.2,2414,0,1.0,0,0.0,0
SYN-U-16523,49587.19,45612.63,0.5067,0.6769,0.3869,25.4,2196,5,0.8441,0,0.0,0
SYN-U-16524,62720.78,55360.39,0.976,0.795,0.2499,11.3,2417,3,0.8839,0,0.0,0
SYN-U-16525,137120.88,99020.6,0.8298,0.8039,0.2063,31.5,2172,7,0.8655,0,0.0,0
SYN-U-16526,54675.13,37848.98,0.9168,0.7699,0.2674,64.8,153,4,0.8695,0,0.0,0
SYN-U-16527,18907.12,13560.7,0.5456,0.4121,0.7568,36.7,736,0,1.0,0,0.0,1
SYN-U-16528,32752.5,24578.84,0.2507,0.1911,0.4159,10.5,1811,5,0.5518,0,0.0,1
SYN-U-16529,56032.24,53357.57,0.7675,0.9112,0.3237,58.4,1694,1,0.9531,0,0.0,0
SYN-U-16530,32945.48,32114.0,0.8339,0.8724,0.2134,34.3,1069,2,0.9957,0,0.0,0
SYN-U-16531,54354.43,41288.09,0.7908,0.7827,0.2692,17.7,629,6,0.9763,1,5.9,0
SYN-U-16532,67147.4,57268.29,0.898,0.7241,0.3303,32.9,71,7,0.8933,0,0.0,0
SYN-U-16533,18385.68,13743.69,0.7041,0.6099,0.3331,40.1,453,2,0.9615,0,0.0,0
SYN-U-16534,14702.82,13030.77,0.9344,0.705,0.4634,19.8,923,4,0.9129,0,0.0,0
SYN-U-16535,118908.16,111400.82,0.543,0.5278,0.6046,37.9,758,2,0.8302,1,2.9,0
SYN-U-16536,26531.67,23030.82,0.9757,0.6334,0.3698,19.9,1411,6,0.9096,0,0.0,0
SYN-U-16537,70337.13,50444.52,0.7227,0.675,0.3054,39.0,943,2,0.8987,0,0.0,0
SYN-U-16538,101623.07,69899.15,0.7552,0.4563,0.389,29.1,479,0,1.0,0,0.0,0
SYN-U-16539,28350.17,18431.44,0.5423,0.508,0.5726,5.1,1654,7,0.9089,1,4.5,0
SYN-U-16540,40919.43,28513.89,0.9517,0.8077,0.4866,42.9,1249,3,0.8846,0,0.0,0
SYN-U-16541,59785.69,42809.22,0.7986,0.8304,0.2504,48.9,2379,1,0.8897,1,2.5,0
SYN-U-16542,97429.06,90158.38,0.5807,0.6782,0.3485,34.7,60,0,1.0,0,0.0,0
SYN-U-16543,87886.33,66333.54,0.8133,0.897,0.4066,8.2,425,1,0.8575,0,0.0,0
SYN-U-16544,87237.28,65383.77,0.923,0.8392,0.4366,59.1,1310,0,1.0,0,0.0,0
SYN-U-16545,95302.68,83387.31,0.8282,0.5524,0.4871,30.9,1522,2,0.9272,0,0.0,0
SYN-U-16546,53298.67,35793.01,0.7246,0.5562,0.4552,43.1,1867,4,0.9627,0,0.0,0
SYN-U-16547,33593.54,27073.29,0.6011,0.5759,0.2537,9.0,404,3,0.7764,2,4.6,0
SYN-U-16548,46420.88,42469.85,0.5865,0.6357,0.4824,24.9,1850,2,0.9189,1,3.9,0
SYN-U-16549,31380.42,27531.29,0.2498,0.6283,0.609,47.6,2427,3,0.8788,3,4.9,0
SYN-U-16550,63578.62,54332.19,0.9124,0.6328,0.1792,23.0,1590,1,0.9741,0,0.0,0
SYN-U-16551,22579.09,16994.53,0.763,0.6234,0.4867,44.6,768,5,0.9487,0,0.0,0
SYN-U-16552,51439.52,48804.08,0.6522,0.628,0.4962,16.2,2291,5,0.7758,1,9.4,0
SYN-U-16553,41544.92,40169.36,0.8047,0.5507,0.4107,19.3,953,5,0.9538,0,0.0,0
SYN-U-16554,33184.31,31409.37,0.7442,0.6021,0.503,8.4,386,1,0.7006,1,5.6,0
SYN-U-16555,16156.79,13114.34,0.979,0.8159,0.2395,39.3,1331,5,0.9357,0,0.0,0
SYN-U-16556,20065.91,19122.38,0.285,0.1742,0.6805,7.9,2393,3,0.7358,0,0.0,1
SYN-U-16557,14523.32,10792.04,0.5051,0.6643,0.4474,52.8,170,5,0.8459,1,4.0,0
SYN-U-16558,17541.21,16725.01,0.6384,0.2671,0.6644,16.6,220,6,0.7122,0,0.0,0
SYN-U-16559,65611.01,57461.05,0.5836,0.6184,0.3092,13.4,224,2,0.9158,0,0.0,0
SYN-U-16560,168348.96,158253.61,0.9765,0.8185,0.3386,14.0,1274,4,0.999,0,0.0,0
SYN-U-16561,31714.57,29863.85,0.8548,0.7689,0.3354,7.5,1195,7,0.9022,0,0.0,0
SYN-U-16562,49788.59,38429.98,0.2735,0.5515,0.86,43.3,2464,0,1.0,0,0.0,0
SYN-U-16563,117243.37,77025.05,0.7206,0.5907,0.2583,23.2,1563,2,0.9438,1,1.5,0
SYN-U-16564,62470.25,48081.28,0.7467,0.8099,0.3205,37.2,89,7,0.8984,0,0.0,0
SYN-U-16565,66622.19,50379.79,0.747,0.7196,0.3971,18.7,1666,0,1.0,0,0.0,0
SYN-U-16566,40188.2,36921.51,0.9252,0.6016,0.1898,28.0,1633,3,0.9017,0,0.0,0
SYN-U-16567,53327.21,37990.82,0.6512,0.2806,0.5107,25.8,1455,6,0.7531,1,9.7,1
SYN-U-16568,78685.78,75025.49,0.952,0.599,0.2574,40.9,673,2,0.957,0,0.0,0
SYN-U-16569,43456.8,35720.5,0.9703,0.8576,0.2993,11.9,1414,6,0.909,0,0.0,0
SYN-U-16570,40820.39,34116.73,0.5413,0.4766,0.3376,54.5,1909,1,0.87,0,0.0,0
SYN-U-16571,54637.26,40268.83,0.7519,0.756,0.1665,37.1,2491,3,0.9626,0,0.0,0
SYN-U-16572,32180.42,30370.77,0.904,0.5645,0.3273,5.1,2049,3,0.9378,0,0.0,0
SYN-U-16573,75511.21,56504.15,0.757,0.5634,0.3043,18.0,358,5,0.9158,0,0.0,0
SYN-U-16574,22775.94,17431.99,0.8587,0.8205,0.3768,25.1,1757,5,0.8869,0,0.0,0
SYN-U-16575,39769.18,29085.06,0.7414,0.3781,0.7237,12.8,1608,6,0.5505,3,3.0,0
SYN-U-16576,192338.92,170468.75,0.7396,0.4106,0.5156,33.0,597,3,0.8358,1,5.2,0
SYN-U-16577,50396.04,40843.59,0.9257,0.7566,0.2634,57.5,2301,7,0.9979,0,0.0,0
SYN-U-16578,69106.94,53028.2,0.763,0.8402,0.4606,38.0,2226,5,0.9053,0,0.0,0
SYN-U-16579,34776.23,29366.06,0.7965,0.4395,0.2719,23.4,605,7,0.961,1,6.3,0
SYN-U-16580,16274.48,11922.5,0.7543,0.5423,0.3874,43.3,2258,3,0.706,1,7.0,0
SYN-U-16581,20519.51,19630.79,0.2145,0.4052,0.4018,44.7,1773,0,1.0,0,0.0,0
SYN-U-16582,69666.73,49869.84,0.9355,0.7681,0.3213,5.5,592,2,0.9138,1,0.3,0
SYN-U-16583,222995.15,208546.3,0.9036,0.6804,0.1876,59.8,1214,6,0.9742,0,0.0,0
SYN-U-16584,39146.61,31570.25,0.3687,0.2774,0.7251,35.8,1182,5,0.6044,1,14.3,1
SYN-U-16585,47128.05,33281.9,0.7167,0.7485,0.2706,39.7,712,1,0.8925,1,2.9,0
SYN-U-16586,40270.16,38970.2,0.7867,0.651,0.1842,44.9,1520,1,0.9039,0,0.0,0
SYN-U-16587,45749.68,36296.2,0.9439,0.6085,0.371,21.1,2075,3,0.99,0,0.0,0
SYN-U-16588,18852.24,15514.56,0.6347,0.4385,0.2534,24.8,2499,1,0.868,0,0.0,0
SYN-U-16589,49282.41,33655.27,0.9363,0.7273,0.3384,48.9,2132,1,0.856,0,0.0,0
SYN-U-16590,140472.68,103446.05,0.7895,0.8762,0.17,30.7,2419,7,0.9104,1,2.7,0
SYN-U-16591,40234.45,35853.11,0.7269,0.456,0.3013,64.3,2131,4,0.8102,0,0.0,0
SYN-U-16592,128850.92,113197.95,0.8605,0.7732,0.405,42.4,1892,4,0.861,1,2.2,0
SYN-U-16593,26191.48,19410.38,0.9575,0.6364,0.3407,45.0,1123,6,0.9607,0,0.0,0
SYN-U-16594,37182.13,27274.31,0.787,0.6024,0.2649,60.6,78,6,0.9825,0,0.0,0
SYN-U-16595,112234.23,83586.2,0.718,0.8526,0.4512,25.5,2410,2,0.8685,0,0.0,0
SYN-U-16596,17735.99,11937.72,0.2988,0.5069,0.793,54.4,1575,4,0.9253,3,12.0,1
SYN-U-16597,104669.57,88386.72,0.8751,0.7733,0.2295,26.3,2316,4,0.9386,2,0.8,0
SYN-U-16598,13897.64,9992.89,0.3815,0.4214,0.4153,44.4,246,2,0.5763,0,0.0,0
SYN-U-16599,39123.49,38141.76,0.7569,0.7275,0.2997,46.1,2411,2,0.9793,0,0.0,0
SYN-U-16600,66725.47,44938.69,0.9093,0.8741,0.465,8.4,179,1,0.87,0,0.0,0
SYN-U-16601,46921.69,32744.41,0.5345,0.6617,0.4011,62.9,2120,3,0.9284,0,0.0,0
SYN-U-16602,71673.81,65553.78,0.5653,0.2905,0.6775,13.1,2049,2,0.7464,0,0.0,0
SYN-U-16603,41867.41,39298.04,0.4161,0.3779,0.8128,39.0,941,7,0.7753,1,10.8,1
SYN-U-16604,60556.07,50245.81,0.5355,0.4647,0.4196,49.7,790,1,0.7643,2,6.8,0
SYN-U-16605,42690.12,36156.47,0.8509,0.9022,0.4876,49.1,197,6,0.9089,0,0.0,0
SYN-U-16606,38620.16,28697.87,0.6448,0.7085,0.4899,28.2,1232,7,0.8778,1,6.7,0
SYN-U-16607,54414.11,42202.74,0.9661,0.908,0.3125,28.4,851,1,0.8641,0,0.0,0
SYN-U-16608,70299.42,59903.19,0.9496,0.6266,0.2432,50.2,1382,0,1.0,0,0.0,0
SYN-U-16609,56737.7,43867.54,0.8796,0.7688,0.2659,34.3,1032,5,0.9531,0,0.0,0
SYN-U-16610,64228.24,44123.69,0.5423,0.6973,0.5788,32.8,1630,2,0.7601,0,0.0,0
SYN-U-16611,35638.57,29619.77,0.8172,0.6517,0.1802,59.7,527,3,0.9237,0,0.0,0
SYN-U-16612,50126.92,40349.38,0.7364,0.4849,0.7841,25.4,515,7,0.9453,1,5.9,0
SYN-U-16613,55802.71,37271.22,0.8302,0.7815,0.3112,47.4,1041,2,0.873,0,0.0,0
SYN-U-16614,59392.63,41869.99,0.9472,0.5715,0.3964,40.7,1785,5,0.9975,1,0.0,0
SYN-U-16615,53938.13,52430.89,0.5782,0.7544,0.4045,60.4,2454,7,0.9064,1,7.1,0
SYN-U-16616,92406.56,79733.4,0.8438,0.6406,0.205,8.1,2014,3,0.8947,0,0.0,0
SYN-U-16617,24953.94,21273.47,0.3314,0.5964,0.7823,38.3,1182,5,0.8935,0,0.0,0
SYN-U-16618,22120.79,18444.64,0.5695,0.7811,0.458,23.2,709,2,0.7484,0,0.0,0
SYN-U-16619,59284.56,52785.95,0.8816,0.7744,0.3515,15.8,2195,2,0.9901,1,1.4,0
SYN-U-16620,113700.96,108961.1,0.8935,0.7429,0.2322,64.1,1324,0,1.0,0,0.0,0
SYN-U-16621,93675.66,87158.22,0.7504,0.4947,0.4631,18.9,134,4,0.7226,2,2.5,0
SYN-U-16622,83833.39,59926.73,0.8377,0.6421,0.6024,38.5,1316,3,0.8384,1,5.4,0
SYN-U-16623,18390.06,14804.68,0.2271,0.5366,0.5296,18.3,351,1,0.5636,0,0.0,1
SYN-U-16624,17594.74,14242.52,0.6437,0.2583,0.4813,39.0,779,5,0.7728,4,4.5,0
SYN-U-16625,33079.1,28078.72,0.9193,0.7974,0.2553,46.1,738,3,0.8977,2,1.2,0
SYN-U-16626,34282.0,33001.87,0.9539,0.8938,0.3878,28.1,1047,5,0.9607,2,1.9,0
SYN-U-16627,20189.36,17207.68,0.7226,0.5203,0.8188,32.6,2267,5,0.6856,1,3.0,0
SYN-U-16628,40172.39,30822.95,0.6821,0.3017,0.8042,7.2,1858,2,0.8126,1,4.2,1
SYN-U-16629,46521.17,37247.73,0.6395,0.2023,0.7189,19.6,805,3,0.6008,1,12.5,1
SYN-U-16630,42114.44,31709.11,0.91,0.9058,0.1597,41.5,856,1,0.9098,0,0.0,0
SYN-U-16631,159689.28,151430.27,0.8431,0.7608,0.4985,53.5,2031,5,0.9276,0,0.0,0
SYN-U-16632,79958.45,62712.38,0.6946,0.4627,0.6248,64.8,1452,2,0.7006,1,3.1,0
SYN-U-16633,155020.02,150422.0,0.8445,0.5825,0.4037,13.1,1791,7,0.764,2,3.3,0
SYN-U-16634,71948.66,50007.97,0.7192,0.8375,0.4465,56.8,309,0,1.0,0,0.0,0
SYN-U-16635,136024.59,102252.33,0.7281,0.7772,0.3455,49.8,34,0,1.0,0,0.0,0
SYN-U-16636,54422.08,39848.49,0.9557,0.7075,0.4531,19.3,853,0,1.0,0,0.0,0
SYN-U-16637,98815.38,68563.24,0.5014,0.5597,0.4999,17.3,2071,2,0.8367,2,7.4,0
SYN-U-16638,44076.1,34085.74,0.7469,0.4106,0.5693,39.4,995,4,0.8144,0,0.0,0
SYN-U-16639,49730.83,38434.31,0.8882,0.5575,0.2732,38.3,163,6,0.918,0,0.0,0
SYN-U-16640,25615.51,19929.51,0.7145,0.8747,0.2234,23.3,747,2,0.8698,0,0.0,0
SYN-U-16641,50559.57,36001.59,0.6305,0.5386,0.6407,50.8,2479,5,0.875,0,0.0,0
SYN-U-16642,39813.16,28521.96,0.3252,0.2727,0.4864,19.1,1361,4,0.7471,0,0.0,0
SYN-U-16643,17166.23,15059.04,0.7224,0.4529,0.7365,64.8,1353,1,0.5484,1,13.3,1
SYN-U-16644,44407.19,29533.08,0.6028,0.338,0.4338,48.3,1391,4,0.7882,0,0.0,0
SYN-U-16645,18133.22,12267.35,0.7841,0.6565,0.377,5.9,645,2,0.8411,1,4.2,0
SYN-U-16646,30724.28,30045.64,0.7925,0.8085,0.2101,31.4,1047,7,0.8841,2,0.1,0
SYN-U-16647,93613.49,70463.8,0.6152,0.766,0.5549,27.2,924,3,0.7902,2,3.1,0
SYN-U-16648,158154.94,137076.81,0.2685,0.1584,0.4814,37.4,2281,0,1.0,0,0.0,1
SYN-U-16649,118841.92,92297.96,0.7289,0.6246,0.3169,42.2,2329,3,0.9987,1,1.7,0
SYN-U-16650,166346.8,160076.6,0.6444,0.4515,0.424,22.3,514,2,0.9208,0,0.0,0
SYN-U-16651,22496.2,17515.36,0.3648,0.325,0.7082,32.0,1879,1,0.7741,1,16.5,1
SYN-U-16652,122419.25,95484.48,0.7044,0.527,0.3408,11.8,2183,2,0.7954,0,0.0,0
SYN-U-16653,87027.16,77631.26,0.9385,0.9088,0.3602,52.0,788,2,0.8941,0,0.0,0
SYN-U-16654,58833.25,40915.15,0.967,0.8284,0.2664,13.0,742,4,0.9043,0,0.0,0
SYN-U-16655,27779.72,19675.34,0.7115,0.7461,0.5302,61.8,227,4,0.8515,0,0.0,0
SYN-U-16656,15711.1,12346.85,0.7209,0.4678,0.2705,26.8,707,0,1.0,0,0.0,0
SYN-U-16657,52506.43,45682.15,0.9725,0.5723,0.3788,26.9,2008,5,0.9297,0,0.0,0
SYN-U-16658,70964.56,55444.63,0.715,0.8841,0.2744,56.3,2189,6,0.9158,0,0.0,0
SYN-U-16659,43485.77,38585.98,0.8819,0.6737,0.4065,64.4,2347,5,0.9297,0,0.0,0
SYN-U-16660,126690.52,97700.37,0.8321,0.551,0.4424,51.2,1049,0,1.0,0,0.0,0
SYN-U-16661,57937.25,43517.09,0.7667,0.8264,0.1514,61.1,1356,6,0.9398,1,0.1,0
SYN-U-16662,25775.89,22017.04,0.5645,0.3618,0.6943,32.7,1946,5,0.7223,0,0.0,1
SYN-U-16663,42812.04,34724.99,0.6473,0.157,0.411,41.1,2033,7,0.7373,0,0.0,0
SYN-U-16664,69272.94,48212.42,0.9769,0.6854,0.4419,12.9,1364,0,1.0,0,0.0,0
SYN-U-16665,69345.36,61354.46,0.8958,0.778,0.4483,42.5,1233,6,0.9165,0,0.0,0
SYN-U-16666,95704.74,71905.22,0.6885,0.7813,0.405,18.5,643,2,0.7694,0,0.0,0
SYN-U-16667,80138.67,56456.86,0.7914,0.8971,0.2904,45.2,2252,2,0.955,0,0.0,0
SYN-U-16668,54249.7,43461.51,0.7034,0.4114,0.4329,35.0,919,1,0.8692,0,0.0,0
SYN-U-16669,37949.47,33615.48,0.7752,0.7102,0.4421,46.6,1486,4,0.9113,0,0.0,0
SYN-U-16670,30047.17,26122.48,0.9016,0.8953,0.1662,16.4,2062,1,0.9321,0,0.0,0
SYN-U-16671,16433.79,15224.57,0.5904,0.1856,0.6629,21.1,461,0,1.0,0,0.0,0
SYN-U-16672,42723.4,30342.23,0.8289,0.6102,0.1978,13.8,778,5,0.9661,2,3.0,0
SYN-U-16673,128314.97,94449.95,0.8963,0.7184,0.1933,26.3,309,7,0.9176,0,0.0,0
SYN-U-16674,15446.28,11760.7,0.23,0.1508,0.435,19.3,1406,4,0.8772,2,14.5,1
SYN-U-16675,37198.17,33355.77,0.7989,0.901,0.4479,53.1,507,4,0.8792,0,0.0,0
SYN-U-16676,55146.52,45736.0,0.5916,0.7484,0.3974,41.0,1187,4,0.8945,2,4.7,0
SYN-U-16677,43036.03,39665.73,0.3299,0.4435,0.7903,56.9,1799,0,1.0,0,0.0,0
SYN-U-16678,146232.07,101916.21,0.748,0.8016,0.458,14.7,677,0,1.0,0,0.0,0
SYN-U-16679,51259.53,43711.28,0.6298,0.7015,0.5485,32.7,1218,0,1.0,0,0.0,0
SYN-U-16680,56124.98,38672.05,0.9563,0.565,0.355,24.4,484,7,0.9413,0,0.0,0
SYN-U-16681,105707.97,95680.04,0.6759,0.5572,0.4068,18.0,1266,2,0.8306,0,0.0,0
SYN-U-16682,53482.47,51551.14,0.8653,0.6177,0.4199,59.2,523,2,0.8777,0,0.0,0
SYN-U-16683,19275.4,16086.01,0.4737,0.6264,0.7536,33.3,761,2,0.855,2,11.7,1
SYN-U-16684,16074.75,14534.34,0.6105,0.3486,0.4979,28.6,649,5,0.7226,2,8.4,0
SYN-U-16685,44953.22,42430.5,0.894,0.6923,0.2935,16.3,1342,4,0.937,0,0.0,0
SYN-U-16686,30173.42,26528.22,0.7227,0.5553,0.4274,35.0,914,2,0.7675,1,4.3,0
SYN-U-16687,43824.79,30485.94,0.9669,0.7096,0.3629,39.4,2337,3,0.9495,0,0.0,0
SYN-U-16688,87514.42,83881.65,0.7429,0.7478,0.5465,23.8,614,1,0.9132,0,0.0,0
SYN-U-16689,58348.31,47752.21,0.3971,0.4152,0.4959,63.3,630,5,0.6689,0,0.0,0
SYN-U-16690,112413.63,97271.69,0.8052,0.6558,0.3632,44.6,1124,7,0.8635,0,0.0,0
SYN-U-16691,40321.38,30412.53,0.5227,0.7385,0.5782,28.6,2073,0,1.0,0,0.0,0
SYN-U-16692,46430.03,42663.87,0.4631,0.2048,0.6736,7.9,2135,7,0.5001,0,0.0,1
SYN-U-16693,47754.46,31698.19,0.8749,0.8394,0.4503,9.5,1978,2,0.8628,0,0.0,0
SYN-U-16694,28288.35,25678.18,0.793,0.4338,0.4619,60.7,2014,6,0.8838,1,4.9,0
SYN-U-16695,14652.63,11562.62,0.4082,0.4213,0.858,51.5,396,7,0.6864,0,0.0,0
SYN-U-16696,76903.24,65944.79,0.8496,0.5132,0.3446,31.9,1832,7,0.977,0,0.0,0
SYN-U-16697,62441.07,42280.25,0.7829,0.861,0.3736,24.1,1336,0,1.0,0,0.0,0
SYN-U-16698,150062.99,115127.52,0.6911,0.5238,0.5474,5.5,38,7,0.8955,2,4.4,0
SYN-U-16699,35008.22,31349.91,0.5204,0.2428,0.7386,15.0,1838,6,0.5063,0,0.0,1
SYN-U-16700,65452.45,59350.04,0.9183,0.5643,0.3638,29.3,2314,3,0.9535,0,0.0,0
SYN-U-16701,63675.06,51099.51,0.8746,0.6486,0.2808,59.8,1799,2,0.922,0,0.0,0
SYN-U-16702,34700.48,25538.37,0.463,0.3717,0.7668,8.9,1549,2,0.8808,3,10.0,1
SYN-U-16703,34107.82,31033.22,0.7091,0.7509,0.2453,53.7,308,3,0.9089,0,0.0,0
SYN-U-16704,110385.45,84238.8,0.7972,0.7262,0.3253,42.1,712,0,1.0,0,0.0,0
SYN-U-16705,164339.29,119516.81,0.9398,0.6723,0.3072,40.4,553,0,1.0,0,0.0,0
SYN-U-16706,39589.78,30913.84,0.7177,0.7678,0.3753,38.4,2192,5,0.9543,2,7.5,0
SYN-U-16707,55609.03,54270.31,0.8182,0.7339,0.4395,47.2,2311,4,0.8687,0,0.0,0
SYN-U-16708,44508.17,33823.33,0.8902,0.7464,0.3137,42.1,1510,4,0.8715,0,0.0,0
SYN-U-16709,16444.48,10841.08,0.6082,0.4871,0.2561,51.7,406,7,0.7323,0,0.0,0
SYN-U-16710,48972.43,45145.35,0.7658,0.4378,0.3744,59.3,1832,7,0.7783,1,3.5,0
SYN-U-16711,14804.89,14322.16,0.5337,0.31,0.8595,22.6,279,7,0.6874,1,8.8,0
SYN-U-16712,94197.52,78451.58,0.6912,0.582,0.421,25.0,1445,6,0.8518,2,4.5,0
SYN-U-16713,121728.22,102862.26,0.5806,0.6611,0.547,45.8,341,2,0.7166,0,0.0,0
SYN-U-16714,41276.11,32843.42,0.7263,0.6699,0.4804,59.2,1029,4,0.9814,0,0.0,0
SYN-U-16715,33814.36,23297.71,0.6145,0.4508,0.3082,47.3,2225,5,0.8153,1,4.7,0
SYN-U-16716,33541.75,27566.62,0.9445,0.729,0.464,29.2,2394,2,0.9103,0,0.0,0
SYN-U-16717,60550.49,50100.65,0.2989,0.397,0.5474,30.6,1029,0,1.0,0,0.0,0
SYN-U-16718,31435.09,26164.09,0.7604,0.8577,0.2653,52.1,1527,1,0.9565,0,0.0,0
SYN-U-16719,61467.27,47330.66,0.5158,0.5238,0.4937,51.0,1833,1,0.7808,0,0.0,0
SYN-U-16720,109704.11,91594.93,0.9688,0.5577,0.4686,45.0,315,1,0.9858,2,0.2,0
SYN-U-16721,25920.72,23177.26,0.4396,0.6408,0.7174,40.2,275,0,1.0,0,0.0,0
SYN-U-16722,60941.66,41467.18,0.8113,0.6679,0.5731,45.0,2124,6,0.93,0,0.0,0
SYN-U-16723,90805.89,77309.25,0.9645,0.6428,0.2957,57.1,1405,6,0.9381,0,0.0,0
SYN-U-16724,50964.04,43051.75,0.6328,0.7694,0.5974,17.6,1301,4,0.7255,0,0.0,0
SYN-U-16725,48587.74,43408.94,0.8565,0.641,0.4212,18.3,1864,1,0.9552,2,1.8,0
SYN-U-16726,147457.23,121272.83,0.6328,0.4074,0.4459,20.9,244,5,0.7696,0,0.0,0
SYN-U-16727,20753.15,15428.72,0.5529,0.2851,0.5978,48.1,1845,3,0.5667,0,0.0,0
SYN-U-16728,27161.85,24600.5,0.9146,0.8975,0.3172,25.4,1961,2,0.9176,0,0.0,0
SYN-U-16729,13815.64,9031.14,0.2842,0.3674,0.8696,32.5,433,4,0.6439,1,11.1,1
SYN-U-16730,51312.6,45209.72,0.6191,0.4557,0.6088,10.4,1234,3,0.8697,1,5.0,0
SYN-U-16731,53666.52,38064.6,0.7981,0.6108,0.2781,20.4,1517,4,0.7901,2,5.8,0
SYN-U-16732,15580.66,13830.26,0.6658,0.7076,0.308,49.6,393,1,0.9642,1,6.9,0
SYN-U-16733,120722.37,80082.51,0.864,0.5854,0.4974,16.2,1282,5,0.9433,0,0.0,0
SYN-U-16734,50923.7,48595.74,0.8745,0.7201,0.3964,49.8,2336,7,0.9178,1,1.3,0
SYN-U-16735,65740.53,45190.89,0.8377,0.905,0.3354,24.7,2203,2,0.9703,1,1.4,0
SYN-U-16736,117276.66,99852.53,0.9613,0.5515,0.3142,16.5,442,4,0.9522,1,1.5,0
SYN-U-16737,14954.08,13085.4,0.6557,0.6274,0.6243,12.3,1080,5,0.8775,4,3.4,0
SYN-U-16738,30197.54,21512.32,0.7086,0.5942,0.3082,13.8,551,4,0.9648,0,0.0,0
SYN-U-16739,45820.33,37168.7,0.6055,0.5834,0.4362,33.8,1723,3,0.7172,0,0.0,0
SYN-U-16740,43197.36,29086.17,0.7893,0.4843,0.5239,40.7,849,3,0.9398,0,0.0,0
SYN-U-16741,48252.79,34558.88,0.502,0.4947,0.257,8.4,2094,5,0.7588,1,4.2,0
SYN-U-16742,101740.34,88501.15,0.9393,0.6059,0.1602,6.2,1382,1,0.8925,0,0.0,0
SYN-U-16743,247788.11,223670.34,0.7997,0.8701,0.1965,24.5,1782,0,1.0,0,0.0,0
SYN-U-16744,57633.73,55076.41,0.747,0.5601,0.229,62.9,1904,5,0.9825,2,2.7,0
SYN-U-16745,34266.88,30728.09,0.6269,0.7742,0.4029,11.7,1598,4,0.7483,2,4.9,0
SYN-U-16746,17734.27,16322.45,0.7415,0.5516,0.5647,36.8,389,3,0.5258,2,13.8,1
SYN-U-16747,29417.67,20518.39,0.5058,0.6175,0.6162,54.3,290,0,1.0,0,0.0,0
SYN-U-16748,55676.01,49794.0,0.9091,0.5787,0.3446,18.8,1949,0,1.0,0,0.0,0
SYN-U-16749,139053.78,90565.78,0.7517,0.6382,0.4074,55.5,1080,7,0.9769,0,0.0,0
SYN-U-16750,98054.29,87889.53,0.4514,0.5472,0.5659,57.2,1663,2,0.8335,0,0.0,0
SYN-U-16751,37766.48,31100.58,0.5825,0.7194,0.6355,42.4,1533,3,0.8248,2,2.5,0
SYN-U-16752,54242.69,39171.53,0.4489,0.4504,0.5277,11.1,1399,6,0.6632,0,0.0,0
SYN-U-16753,61799.22,48418.96,0.898,0.6569,0.2829,35.8,1717,3,0.9305,1,0.5,0
SYN-U-16754,17115.75,15754.96,0.7324,0.2228,0.5688,12.3,1111,5,0.7159,2,4.7,0
SYN-U-16755,31180.86,27420.63,0.556,0.5576,0.8457,62.0,159,7,0.7016,1,16.3,1
SYN-U-16756,68005.22,52429.34,0.9031,0.8327,0.2488,44.7,1627,7,0.9065,0,0.0,0
SYN-U-16757,93341.24,77882.54,0.812,0.4318,0.4864,15.9,2026,7,0.7793,1,4.5,0
SYN-U-16758,27210.72,25907.71,0.2287,0.5662,0.7363,6.6,414,3,0.6674,3,3.8,0
SYN-U-16759,44386.95,35433.5,0.7173,0.6762,0.333,62.4,1070,5,0.9827,0,0.0,0
SYN-U-16760,141980.87,104214.92,0.5268,0.6528,0.4753,28.2,1318,3,0.7527,2,7.6,0
SYN-U-16761,13934.71,13567.93,0.6756,0.3026,0.8219,32.1,814,7,0.8162,2,14.3,1
SYN-U-16762,49909.52,36497.42,0.7936,0.752,0.2094,30.2,1732,6,0.8913,2,2.4,0
SYN-U-16763,62587.93,42378.3,0.9229,0.8721,0.4325,48.4,1252,4,0.9998,0,0.0,0
SYN-U-16764,37463.11,31611.17,0.8647,0.6642,0.1935,6.3,1095,2,0.9191,1,0.7,0
SYN-U-16765,33996.28,23601.35,0.4054,0.6098,0.5201,36.4,1521,7,0.9133,1,9.9,0
SYN-U-16766,48413.4,38074.56,0.7975,0.5917,0.1501,39.1,1029,6,0.9353,0,0.0,0
SYN-U-16767,151628.54,115661.59,0.8484,0.7077,0.2118,43.0,694,7,0.8799,0,0.0,0
SYN-U-16768,80365.93,64471.04,0.6039,0.6946,0.3807,51.2,1363,2,0.7281,0,0.0,0
SYN-U-16769,18230.83,13599.59,0.7491,0.872,0.3108,22.3,2352,6,0.9479,0,0.0,0
SYN-U-16770,69346.83,53492.07,0.706,0.6734,0.4566,52.2,1249,5,0.8589,0,0.0,0
SYN-U-16771,22296.94,17338.33,0.3681,0.2819,0.5243,15.6,2210,1,0.9085,0,0.0,0
SYN-U-16772,24292.07,23469.39,0.8241,0.9045,0.3896,38.2,712,2,0.8818,1,0.6,0
SYN-U-16773,24672.15,23508.72,0.7118,0.3063,0.8303,61.8,2055,1,0.7218,2,3.4,0
SYN-U-16774,59815.06,49046.72,0.7654,0.6733,0.4781,61.3,387,0,1.0,0,0.0,0
SYN-U-16775,13388.51,10768.49,0.4098,0.2862,0.7001,22.8,1857,1,0.8526,1,12.3,1
SYN-U-16776,77295.57,64405.36,0.7224,0.151,0.7015,45.8,567,1,0.6473,0,0.0,0
SYN-U-16777,246850.27,187340.0,0.8954,0.864,0.214,48.9,593,4,0.8696,0,0.0,0
SYN-U-16778,128014.48,107093.73,0.8553,0.771,0.2389,54.7,1009,4,0.8855,0,0.0,0
SYN-U-16779,100638.63,80701.84,0.5313,0.6568,0.3047,15.4,2433,7,0.7934,1,3.4,0
SYN-U-16780,48809.42,46786.62,0.9252,0.6583,0.212,47.5,279,5,0.9899,1,1.5,0
SYN-U-16781,70335.55,64502.03,0.78,0.7569,0.2433,61.7,840,7,0.8802,0,0.0,0
SYN-U-16782,48862.67,34937.03,0.7839,0.6536,0.634,33.4,2060,6,0.863,2,2.4,0
SYN-U-16783,28720.85,24422.7,0.6377,0.5345,0.5947,7.6,1388,5,0.9061,1,4.1,0
SYN-U-16784,69158.63,44994.31,0.927,0.6645,0.1599,12.0,354,1,0.9166,2,2.3,0
SYN-U-16785,13919.65,9786.32,0.5343,0.6237,0.2751,37.5,1818,6,0.7002,0,0.0,0
SYN-U-16786,44695.47,39069.84,0.8603,0.8153,0.2949,10.5,2265,4,0.9451,0,0.0,0
SYN-U-16787,66179.42,58943.48,0.9072,0.7633,0.4613,28.2,1915,1,0.9657,0,0.0,0
SYN-U-16788,98651.5,82469.02,0.617,0.4663,0.4182,16.0,1798,3,0.7095,0,0.0,0
SYN-U-16789,47114.55,40930.22,0.915,0.6498,0.3604,52.0,2280,7,0.932,1,1.4,0
SYN-U-16790,41715.02,34830.8,0.741,0.8643,0.1608,17.6,2380,3,0.8866,0,0.0,0
SYN-U-16791,15158.33,12178.29,0.588,0.2324,0.5818,50.6,436,5,0.8767,3,6.9,0
SYN-U-16792,118505.67,89492.16,0.7495,0.5963,0.2893,20.5,121,3,0.9408,0,0.0,0
SYN-U-16793,46830.17,31757.97,0.7595,0.5802,0.2757,54.8,858,7,0.998,0,0.0,0
SYN-U-16794,23573.02,18545.3,0.9772,0.6571,0.1944,7.5,405,1,0.9914,0,0.0,0
SYN-U-16795,22126.8,15698.27,0.3291,0.6101,0.5269,23.7,1706,0,1.0,0,0.0,0
SYN-U-16796,37913.56,25339.46,0.7825,0.837,0.4337,45.1,2017,7,0.8672,0,0.0,0
SYN-U-16797,99196.68,66574.75,0.8917,0.8403,0.3098,38.6,2490,4,0.8582,0,0.0,0
SYN-U-16798,32870.1,28695.88,0.9567,0.8029,0.2476,6.4,2051,5,0.9786,1,1.0,0
SYN-U-16799,27527.56,24731.2,0.6457,0.4747,0.3666,60.6,1979,6,0.8332,3,5.1,0
SYN-U-16800,46220.68,44198.22,0.7055,0.6854,0.2343,35.3,223,4,0.9949,0,0.0,0
SYN-U-16801,117750.04,105721.69,0.4084,0.3007,0.7738,19.8,191,5,0.5624,4,9.0,1
SYN-U-16802,13646.48,12170.0,0.2421,0.3082,0.6526,27.5,592,5,0.6251,3,11.2,1
SYN-U-16803,38456.98,32595.83,0.7711,0.8583,0.2207,19.3,43,4,0.894,0,0.0,0
SYN-U-16804,64478.46,52846.68,0.5511,0.5014,0.5513,6.6,2248,2,0.8195,0,0.0,0
SYN-U-16805,67268.44,63561.29,0.8738,0.7331,0.3496,35.5,2232,3,0.8836,0,0.0,0
SYN-U-16806,76940.54,50625.02,0.6368,0.6613,0.3932,38.2,921,3,0.7821,2,6.9,0
SYN-U-16807,160027.7,121755.71,0.8991,0.6637,0.1699,63.7,1860,4,0.8815,1,2.3,0
SYN-U-16808,121927.18,110512.07,0.2098,0.2297,0.5741,26.5,2288,6,0.8414,0,0.0,0
SYN-U-16809,55864.12,54072.04,0.7212,0.9056,0.4444,49.1,947,6,0.8956,0,0.0,0
SYN-U-16810,62383.67,44590.98,0.7787,0.7694,0.2917,44.4,2293,2,0.9774,0,0.0,0
SYN-U-16811,61005.6,40209.01,0.7593,0.7977,0.4752,54.4,302,7,0.9154,2,1.9,0
SYN-U-16812,53547.61,46543.46,0.7869,0.5259,0.5827,23.3,1186,0,1.0,0,0.0,0
SYN-U-16813,229351.91,154784.63,0.7309,0.6006,0.1939,35.3,2233,2,0.8697,0,0.0,0
SYN-U-16814,54811.23,50936.01,0.6962,0.4707,0.2958,20.5,625,7,0.7001,0,0.0,0
SYN-U-16815,63448.98,59137.49,0.7403,0.7185,0.2517,5.7,831,4,0.9912,1,2.9,0
SYN-U-16816,62787.11,59469.61,0.9149,0.6714,0.3039,27.2,854,4,0.9302,0,0.0,0
SYN-U-16817,53932.67,52767.78,0.8041,0.6762,0.4559,21.4,997,5,0.889,0,0.0,0
SYN-U-16818,62747.2,40870.02,0.3478,0.5134,0.8741,60.3,694,7,0.7414,2,8.8,1
SYN-U-16819,15869.87,10405.9,0.393,0.4673,0.4214,19.8,1417,6,0.6934,2,12.9,1
SYN-U-16820,54582.73,37146.21,0.7806,0.6632,0.2017,33.6,1386,2,0.9811,0,0.0,0
SYN-U-16821,60557.82,45360.45,0.9672,0.8021,0.2545,29.3,852,3,0.8753,1,2.4,0
SYN-U-16822,60907.66,45936.38,0.7315,0.6251,0.2595,37.4,276,6,0.9211,0,0.0,0
SYN-U-16823,82336.0,55088.29,0.4586,0.5695,0.5488,45.8,2146,5,0.7276,3,5.8,0
SYN-U-16824,14715.76,11394.23,0.2166,0.4793,0.5513,50.4,1745,5,0.6606,0,0.0,0
SYN-U-16825,41040.81,37716.87,0.8528,0.6683,0.4986,20.5,1027,5,0.8598,0,0.0,0
SYN-U-16826,65112.81,43710.11,0.5065,0.4532,0.5454,52.6,1699,5,0.7135,1,2.0,0
SYN-U-16827,84590.18,57411.98,0.7848,0.7577,0.426,22.3,1879,5,0.8719,0,0.0,0
SYN-U-16828,261094.38,225240.1,0.72,0.7269,0.3346,51.7,1461,6,0.9154,1,2.8,0
SYN-U-16829,15430.65,13490.19,0.3613,0.2678,0.731,38.0,2142,2,0.75,2,3.5,0
SYN-U-16830,68783.38,60664.56,0.6792,0.7305,0.4693,51.1,1333,3,0.7736,0,0.0,0
SYN-U-16831,99624.33,79099.66,0.7239,0.5791,0.3161,17.6,1629,7,0.9947,0,0.0,0
SYN-U-16832,34044.76,23938.14,0.7049,0.9032,0.4182,52.3,2480,6,0.8607,0,0.0,0
SYN-U-16833,204515.72,147759.22,0.9241,0.8089,0.4235,48.9,1294,3,0.903,0,0.0,0
SYN-U-16834,56104.85,53913.55,0.8477,0.7422,0.4695,46.7,1748,5,0.9294,1,2.4,0
SYN-U-16835,24908.38,21276.49,0.2823,0.2834,0.5221,51.4,2335,6,0.6135,2,9.2,1
SYN-U-16836,78835.99,51578.07,0.8285,0.7309,0.3351,22.7,1588,6,0.9756,0,0.0,0
SYN-U-16837,43465.62,40353.02,0.7838,0.6315,0.4943,11.1,2131,1,0.8641,0,0.0,0
SYN-U-16838,73161.12,50866.22,0.5992,0.2652,0.7155,36.9,661,5,0.6889,1,14.4,1
SYN-U-16839,55111.38,47944.56,0.9685,0.5977,0.3687,27.1,1509,0,1.0,0,0.0,0
SYN-U-16840,39296.0,36644.07,0.9775,0.7457,0.201,36.0,1170,3,0.9082,0,0.0,0
SYN-U-16841,13804.79,12940.79,0.7156,0.6374,0.4589,14.3,1375,0,1.0,0,0.0,0
SYN-U-16842,110910.42,106749.33,0.7787,0.5601,0.2064,27.0,1221,7,0.963,1,1.1,0
SYN-U-16843,57483.15,55583.81,0.5251,0.5246,0.622,16.3,461,5,0.8316,0,0.0,0
SYN-U-16844,38608.68,25997.53,0.8055,0.7359,0.181,12.8,2430,3,0.9557,0,0.0,0
SYN-U-16845,73958.35,51208.46,0.4559,0.4042,0.7177,20.1,174,4,0.7819,0,0.0,0
SYN-U-16846,216696.05,209117.32,0.8077,0.8051,0.3877,21.3,2077,0,1.0,0,0.0,0
SYN-U-16847,148616.72,107997.56,0.38,0.1987,0.5693,41.5,257,1,0.5687,1,14.7,1
SYN-U-16848,53972.68,49450.26,0.3031,0.3634,0.6679,13.7,155,5,0.6306,1,9.5,1
SYN-U-16849,48305.49,34654.33,0.6162,0.2192,0.4027,27.9,2220,6,0.7266,3,16.5,1
SYN-U-16850,78639.91,71748.93,0.5985,0.7194,0.2567,8.2,199,0,1.0,0,0.0,0
SYN-U-16851,102345.12,82162.33,0.8107,0.6212,0.3442,60.8,363,2,0.9955,0,0.0,0
SYN-U-16852,15776.62,13243.86,0.6558,0.3839,0.4546,10.1,2083,0,1.0,0,0.0,0
SYN-U-16853,46944.47,38639.31,0.8109,0.7481,0.3002,63.5,1727,7,0.9386,0,0.0,0
SYN-U-16854,105274.69,86859.86,0.8114,0.7773,0.3073,42.1,1747,2,0.8638,0,0.0,0
SYN-U-16855,100052.29,76165.67,0.7466,0.4013,0.5584,54.2,1133,2,0.8096,0,0.0,0
SYN-U-16856,59947.27,45716.77,0.8266,0.7268,0.2606,30.5,1984,3,0.7531,0,0.0,0
SYN-U-16857,31207.32,25533.5,0.7329,0.6411,0.1526,35.2,949,3,0.9516,0,0.0,0
SYN-U-16858,55112.13,43695.48,0.9136,0.6962,0.4281,23.0,2221,5,0.8765,1,0.8,0
SYN-U-16859,21451.36,14937.08,0.4106,0.4494,0.4775,7.9,1337,1,0.5635,1,8.7,0
SYN-U-16860,46532.52,37300.67,0.8486,0.642,0.2701,54.8,2228,1,0.934,0,0.0,0
SYN-U-16861,21501.18,15790.05,0.3533,0.2962,0.4318,24.6,2361,4,0.9027,2,15.6,1
SYN-U-16862,28426.57,22441.45,0.7661,0.6422,0.2865,44.8,1367,1,0.884,0,0.0,0
SYN-U-16863,42264.03,40772.6,0.679,0.7022,0.4877,56.9,159,6,0.8247,0,0.0,0
SYN-U-16864,42362.16,41261.4,0.7144,0.7267,0.413,14.8,2351,0,1.0,0,0.0,0
SYN-U-16865,55908.75,36572.96,0.6005,0.4776,0.5197,40.6,346,1,0.971,1,6.8,0
SYN-U-16866,58591.23,39411.77,0.7115,0.6082,0.4063,27.5,1613,7,0.8575,0,0.0,0
SYN-U-16867,55156.92,39587.8,0.7137,0.5717,0.431,34.0,2389,2,0.9556,1,1.3,0
SYN-U-16868,88834.39,62869.94,0.8369,0.4208,0.4728,24.6,2026,6,0.952,2,5.0,0
SYN-U-16869,43548.83,39249.33,0.5674,0.7636,0.371,24.1,1602,0,1.0,0,0.0,0
SYN-U-16870,17565.11,13125.57,0.4247,0.2396,0.8795,32.1,86,3,0.868,3,10.7,1
SYN-U-16871,21288.36,15915.34,0.7131,0.5772,0.4414,31.0,1690,6,0.9377,0,0.0,0
SYN-U-16872,23714.57,15436.22,0.7416,0.2866,0.5806,32.0,920,3,0.7235,2,16.0,1
SYN-U-16873,64611.14,63213.18,0.7875,0.5771,0.4366,31.1,476,4,0.9451,0,0.0,0
SYN-U-16874,54745.58,51806.61,0.5637,0.3938,0.6581,45.3,946,3,0.53,1,12.5,1
SYN-U-16875,23104.06,19280.21,0.9663,0.8636,0.2758,46.5,1000,0,1.0,0,0.0,0
SYN-U-16876,55615.88,49999.91,0.8251,0.6508,0.5764,8.0,1824,1,0.7399,0,0.0,0
SYN-U-16877,36679.41,32440.98,0.7543,0.8411,0.2208,28.7,506,4,0.895,0,0.0,0
SYN-U-16878,39203.73,26607.81,0.7456,0.8827,0.1821,53.5,664,6,0.8614,0,0.0,0
SYN-U-16879,76377.93,68403.02,0.6842,0.4028,0.4333,37.7,757,7,0.9681,0,0.0,0
SYN-U-16880,83000.12,74517.01,0.4019,0.5965,0.5377,47.2,2488,7,0.8907,2,6.9,0
SYN-U-16881,158848.0,124501.19,0.8215,0.6155,0.1697,44.8,1367,1,0.8857,0,0.0,0
SYN-U-16882,73832.59,51057.99,0.9674,0.6182,0.4964,48.9,109,1,0.9558,0,0.0,0
SYN-U-16883,46702.99,38034.14,0.7162,0.8288,0.1899,25.7,1651,7,0.9833,0,0.0,0
SYN-U-16884,14455.9,12830.66,0.2761,0.1783,0.796,42.8,886,5,0.8273,1,8.1,1
SYN-U-16885,15432.92,13321.76,0.4872,0.4299,0.6193,48.7,2460,3,0.7237,3,13.2,1
SYN-U-16886,16911.27,11929.44,0.5365,0.6218,0.5294,44.4,2058,1,0.9515,0,0.0,0
SYN-U-16887,123155.95,118141.23,0.6767,0.1913,0.5323,24.3,225,3,0.5266,1,5.9,0
SYN-U-16888,80462.89,68592.73,0.8605,0.6862,0.2986,48.4,755,1,0.8525,0,0.0,0
SYN-U-16889,20088.36,18054.96,0.8131,0.5239,0.3965,62.9,1846,5,0.8406,0,0.0,0
SYN-U-16890,36201.41,34240.62,0.5071,0.7837,0.5611,22.6,1821,6,0.7985,2,6.4,0
SYN-U-16891,58945.28,49367.83,0.9155,0.6478,0.4091,49.7,97,0,1.0,0,0.0,0
SYN-U-16892,84228.67,62322.16,0.8305,0.5605,0.3648,7.0,272,7,0.9162,2,2.9,0
SYN-U-16893,45678.84,33531.03,0.8374,0.4359,0.373,33.7,374,1,0.8841,0,0.0,0
SYN-U-16894,32378.56,21473.65,0.6294,0.67,0.3979,46.9,1174,0,1.0,0,0.0,0
SYN-U-16895,59061.73,57162.21,0.5559,0.6995,0.3321,38.9,571,4,0.7701,1,8.0,0
SYN-U-16896,36234.66,28591.88,0.7794,0.6118,0.3725,30.5,252,1,0.8583,0,0.0,0
SYN-U-16897,118291.93,83371.04,0.7008,0.6387,0.2902,8.0,2222,2,0.9394,2,2.9,0
SYN-U-16898,34259.12,26359.74,0.8566,0.6173,0.3228,49.6,1515,5,0.8518,0,0.0,0
SYN-U-16899,77716.23,73995.93,0.7404,0.904,0.1769,44.0,1198,4,0.9256,2,0.1,0
SYN-U-16900,37398.87,32938.43,0.3264,0.5947,0.833,65.0,1985,2,0.6024,1,12.1,1
SYN-U-16901,23807.45,15630.12,0.5441,0.1939,0.429,34.2,813,2,0.8679,0,0.0,0
SYN-U-16902,39793.6,35200.67,0.9249,0.6518,0.3334,29.7,1493,4,0.9281,0,0.0,0
SYN-U-16903,66982.94,56268.66,0.5396,0.5334,0.4064,38.1,801,1,0.7813,0,0.0,0
SYN-U-16904,123262.88,115590.7,0.3587,0.2871,0.8197,19.9,1034,3,0.6858,2,11.1,1
SYN-U-16905,17391.55,13043.94,0.5065,0.3843,0.5258,20.1,360,4,0.5827,0,0.0,1
SYN-U-16906,41131.57,38306.26,0.9249,0.82,0.1512,21.6,936,2,0.9887,0,0.0,0
SYN-U-16907,47822.14,42600.37,0.8604,0.6997,0.485,55.9,2427,4,0.9409,0,0.0,0
SYN-U-16908,16269.13,13192.38,0.2809,0.617,0.4802,37.9,1133,4,0.5949,0,0.0,0
SYN-U-16909,51299.56,46502.53,0.8852,0.7551,0.3033,36.3,1854,2,0.947,0,0.0,0
SYN-U-16910,94709.49,78440.69,0.8383,0.6522,0.2007,11.1,2243,5,0.8827,0,0.0,0
SYN-U-16911,58141.13,55157.24,0.7506,0.7806,0.2649,9.7,1511,0,1.0,0,0.0,0
SYN-U-16912,32101.97,30554.9,0.704,0.3841,0.5158,38.0,1491,1,0.6502,0,0.0,0
SYN-U-16913,62022.33,54152.46,0.8623,0.7452,0.4972,20.3,591,4,0.9543,0,0.0,0
SYN-U-16914,55174.77,50960.32,0.2279,0.1844,0.7991,58.4,2243,3,0.813,2,16.3,1
SYN-U-16915,72441.48,62409.37,0.9263,0.5584,0.2762,20.4,869,2,0.9057,0,0.0,0
SYN-U-16916,67505.63,62172.57,0.6027,0.6901,0.2893,41.1,1436,7,0.8298,0,0.0,0
SYN-U-16917,39953.29,31329.25,0.8028,0.7153,0.4636,33.3,220,6,0.9387,1,1.7,0
SYN-U-16918,19962.39,16407.33,0.3834,0.5642,0.6839,50.8,1195,7,0.6638,2,16.2,1
SYN-U-16919,56191.7,46531.45,0.8815,0.8356,0.4934,48.4,2165,7,0.9065,1,0.2,0
SYN-U-16920,43131.87,29791.11,0.7903,0.5298,0.4947,18.6,2206,2,0.8323,1,7.9,0
SYN-U-16921,28483.93,22180.32,0.8776,0.8847,0.4289,22.0,539,0,1.0,0,0.0,0
SYN-U-16922,40917.67,29113.45,0.5587,0.5932,0.2524,13.7,2018,0,1.0,0,0.0,0
SYN-U-16923,21608.91,15447.31,0.627,0.2721,0.8797,51.7,1592,3,0.9027,0,0.0,0
SYN-U-16924,40558.79,30956.52,0.7242,0.5502,0.4787,55.5,637,5,0.7248,0,0.0,0
SYN-U-16925,263318.57,215731.65,0.7101,0.6527,0.2701,32.6,2189,2,0.9199,0,0.0,0
SYN-U-16926,29811.92,20780.51,0.7237,0.7499,0.377,12.9,1316,7,0.9337,0,0.0,0
SYN-U-16927,37686.21,26891.03,0.9547,0.641,0.3515,61.7,2366,7,0.8692,0,0.0,0
SYN-U-16928,33868.68,30872.12,0.9163,0.8553,0.3429,63.2,853,2,0.9464,1,1.8,0
SYN-U-16929,55515.06,40122.05,0.8555,0.7337,0.1699,8.2,1991,4,0.8802,1,2.2,0
SYN-U-16930,122081.69,91891.94,0.8544,0.8085,0.174,7.2,2076,5,0.9988,0,0.0,0
SYN-U-16931,36711.41,27164.62,0.7419,0.7104,0.6061,40.9,2261,0,1.0,0,0.0,0
SYN-U-16932,109938.66,102139.85,0.9112,0.7236,0.3694,46.6,1490,7,0.9028,2,1.1,0
SYN-U-16933,29065.17,19047.44,0.7992,0.7106,0.2137,36.6,1501,4,0.9692,0,0.0,0
SYN-U-16934,15368.0,11526.46,0.7105,0.7329,0.5387,30.1,928,6,0.7798,1,7.3,0
SYN-U-16935,22399.51,16693.47,0.5886,0.4414,0.3673,9.3,1171,4,0.7868,0,0.0,0
SYN-U-16936,35956.18,31918.66,0.9455,0.7197,0.4262,20.3,1991,5,0.9533,0,0.0,0
SYN-U-16937,114260.58,111750.15,0.7919,0.9039,0.1749,8.9,795,5,0.888,1,1.0,0
SYN-U-16938,72220.85,63170.92,0.9117,0.7776,0.3664,14.8,2211,4,0.9414,0,0.0,0
SYN-U-16939,176099.56,164573.08,0.9142,0.6168,0.2617,32.7,895,2,0.9575,0,0.0,0
SYN-U-16940,63474.31,45120.38,0.4093,0.2288,0.7733,23.3,1914,3,0.8038,2,5.8,1
SYN-U-16941,172838.46,123893.39,0.7536,0.6821,0.2368,43.2,277,4,0.9181,0,0.0,0
SYN-U-16942,32977.9,31221.9,0.8896,0.777,0.4978,32.4,2286,4,0.9406,0,0.0,0
SYN-U-16943,101511.25,72215.56,0.6608,0.5598,0.6011,7.9,1633,7,0.9054,0,0.0,0
SYN-U-16944,92937.06,68023.96,0.8763,0.7877,0.4543,37.5,1137,2,0.9803,0,0.0,0
SYN-U-16945,14370.08,9402.96,0.4447,0.4542,0.7113,64.9,2259,3,0.8063,1,3.1,0
SYN-U-16946,54418.94,49240.53,0.9362,0.5577,0.3823,58.2,1362,5,0.988,0,0.0,0
SYN-U-16947,50309.73,35597.02,0.3905,0.3654,0.4748,17.6,276,5,0.794,2,6.3,1
SYN-U-16948,43714.41,31839.92,0.9139,0.8521,0.4381,56.9,1631,6,0.888,0,0.0,0
SYN-U-16949,165188.35,154115.65,0.9423,0.6258,0.2587,11.2,798,3,0.9472,1,2.9,0
SYN-U-16950,16546.28,16099.01,0.9384,0.8617,0.2275,17.0,1936,1,0.9934,0,0.0,0
SYN-U-16951,15438.84,14952.37,0.9032,0.8504,0.3555,13.1,1213,2,0.8728,0,0.0,0
SYN-U-16952,22599.47,15777.17,0.3924,0.6107,0.6072,33.5,2453,4,0.8397,1,4.5,0
SYN-U-16953,78321.75,70278.13,0.5687,0.6529,0.3676,28.0,2298,7,0.8156,0,0.0,0
SYN-U-16954,67215.56,58104.47,0.6107,0.6498,0.6397,30.9,959,1,0.854,0,0.0,0
SYN-U-16955,41252.25,38387.23,0.7821,0.7483,0.3634,33.2,1331,7,0.9844,0,0.0,0
SYN-U-16956,86722.16,79881.19,0.5574,0.6755,0.5504,20.5,2358,4,0.7966,2,7.8,0
SYN-U-16957,110924.41,78208.91,0.7824,0.6077,0.3131,36.7,157,3,0.9533,0,0.0,0
SYN-U-16958,61611.58,54511.7,0.7502,0.7837,0.2408,19.6,162,4,0.8519,0,0.0,0
SYN-U-16959,69820.27,48404.14,0.7504,0.7258,0.3952,61.6,538,6,0.9474,0,0.0,0
SYN-U-16960,37746.18,30805.71,0.7061,0.2136,0.5867,43.3,1816,1,0.7144,1,13.6,1
SYN-U-16961,105299.43,70143.63,0.7005,0.7262,0.625,24.4,2240,3,0.8782,0,0.0,0
SYN-U-16962,17378.24,13658.47,0.7528,0.8127,0.2716,12.5,702,2,0.8583,2,0.8,0
SYN-U-16963,15184.54,13792.84,0.3702,0.6167,0.6208,62.4,419,1,0.5468,0,0.0,0
SYN-U-16964,41288.93,34116.83,0.8255,0.7011,0.4751,51.6,423,1,0.8742,0,0.0,0
SYN-U-16965,35099.02,32953.35,0.5022,0.7008,0.5241,49.9,2124,6,0.8935,1,3.0,0
SYN-U-16966,14825.37,13985.61,0.7645,0.8662,0.4206,25.3,1427,7,0.8626,2,1.5,0
SYN-U-16967,30710.89,26998.03,0.7936,0.7503,0.4269,30.7,675,5,0.946,0,0.0,0
SYN-U-16968,88607.13,79862.37,0.7968,0.5819,0.4592,23.9,334,5,0.9332,0,0.0,0
SYN-U-16969,15092.51,13168.43,0.8212,0.6367,0.3433,17.7,308,5,0.8959,0,0.0,0
SYN-U-16970,73219.35,65200.44,0.7559,0.7177,0.5893,59.0,2078,5,0.7195,1,7.3,0
SYN-U-16971,73025.26,66076.05,0.8772,0.7139,0.4561,30.3,1995,2,0.9509,0,0.0,0
SYN-U-16972,82671.74,80840.88,0.5172,0.7956,0.3676,43.5,831,6,0.9478,1,8.0,0
SYN-U-16973,26505.48,25398.19,0.7782,0.7561,0.4577,13.9,1294,7,0.8327,0,0.0,0
SYN-U-16974,51233.22,40860.63,0.4448,0.6233,0.7466,24.7,1540,7,0.9167,0,0.0,0
SYN-U-16975,65420.63,57977.06,0.8215,0.7485,0.2996,51.2,886,2,0.858,0,0.0,0
SYN-U-16976,42890.47,29660.28,0.7694,0.7414,0.4776,49.5,1196,3,0.9446,0,0.0,0
SYN-U-16977,36880.33,29972.62,0.7941,0.6316,0.1544,7.7,409,7,0.9229,0,0.0,0
SYN-U-16978,62499.23,60381.13,0.9403,0.5958,0.2871,40.0,1417,1,0.9167,1,1.8,0
SYN-U-16979,26365.35,19263.81,0.589,0.1904,0.4149,46.3,1570,0,1.0,0,0.0,0
SYN-U-16980,39334.79,32078.42,0.7231,0.8115,0.3551,50.5,2470,6,0.987,0,0.0,0
SYN-U-16981,17068.51,11350.72,0.3432,0.1554,0.8705,11.7,324,1,0.8233,1,12.1,1
SYN-U-16982,100019.21,89630.26,0.7715,0.8719,0.3395,9.3,588,0,1.0,0,0.0,0
SYN-U-16983,75301.91,51986.47,0.6008,0.5732,0.383,32.8,994,4,0.7916,1,4.6,0
SYN-U-16984,51043.04,49818.4,0.7131,0.6082,0.3638,62.1,2449,7,0.9028,0,0.0,0
SYN-U-16985,27473.52,24662.62,0.5893,0.6219,0.7685,16.8,1184,6,0.6149,0,0.0,0
SYN-U-16986,74370.79,54394.52,0.8187,0.7552,0.2368,31.9,245,4,0.9528,1,0.5,0
SYN-U-16987,31337.96,21148.9,0.8299,0.7873,0.4509,34.0,1827,0,1.0,0,0.0,0
SYN-U-16988,66522.21,61302.0,0.55,0.3713,0.7317,41.8,993,7,0.5704,3,6.2,0
SYN-U-16989,145963.77,139178.19,0.7828,0.7721,0.3514,23.7,1148,1,0.9742,0,0.0,0
SYN-U-16990,91006.68,85029.37,0.8471,0.7034,0.5902,60.8,1596,4,0.7675,0,0.0,0
SYN-U-16991,151588.14,106824.39,0.5457,0.5592,0.3616,57.3,458,1,0.8656,3,6.7,0
SYN-U-16992,52074.68,48526.99,0.7561,0.7783,0.2344,36.2,2264,5,0.9214,0,0.0,0
SYN-U-16993,258022.74,173305.88,0.7769,0.7584,0.346,17.3,1938,4,0.9545,0,0.0,0
SYN-U-16994,92480.27,60262.26,0.6128,0.7877,0.2882,51.0,1998,3,0.8562,0,0.0,0
SYN-U-16995,57784.54,54338.36,0.7399,0.4251,0.8453,24.3,1570,6,0.5153,0,0.0,0
SYN-U-16996,109766.68,71990.48,0.7121,0.7913,0.3752,13.5,1189,1,0.8571,0,0.0,0
SYN-U-16997,227286.8,163168.35,0.7076,0.7656,0.3866,59.6,1563,3,0.9291,0,0.0,0
SYN-U-16998,17104.13,15310.91,0.4811,0.3826,0.492,20.3,1020,0,1.0,0,0.0,0
SYN-U-16999,17922.36,17020.33,0.3094,0.5776,0.4282,16.1,2088,5,0.8968,0,0.0,0
SYN-U-17000,49899.6,34195.7,0.4135,0.2729,0.7558,55.3,728,6,0.5845,4,6.0,1
SYN-U-17001,38390.02,26644.49,0.5648,0.2649,0.5479,56.0,272,5,0.9163,1,17.2,1
SYN-U-17002,151323.49,143869.66,0.8662,0.6554,0.2804,57.7,207,1,0.8743,0,0.0,0
SYN-U-17003,24627.64,16366.96,0.5449,0.5638,0.3297,7.7,1716,1,0.8769,0,0.0,0
SYN-U-17004,63085.46,46125.04,0.9621,0.7723,0.2735,64.2,1070,1,0.928,0,0.0,0
SYN-U-17005,31757.17,24726.46,0.9032,0.9167,0.4337,57.2,319,6,0.8546,0,0.0,0
SYN-U-17006,20543.45,20038.91,0.3639,0.3535,0.7674,19.8,616,6,0.8332,0,0.0,1
SYN-U-17007,72156.11,52781.34,0.5189,0.6606,0.4885,21.7,872,3,0.761,2,2.2,0
SYN-U-17008,90077.03,59904.7,0.5313,0.661,0.593,33.3,490,6,0.8682,0,0.0,0
SYN-U-17009,49597.77,45297.1,0.8153,0.8757,0.1532,5.8,1067,5,0.9817,0,0.0,0
SYN-U-17010,48408.79,39143.69,0.7892,0.6795,0.2888,36.7,444,0,1.0,0,0.0,0
SYN-U-17011,61869.72,50843.02,0.8142,0.8086,0.2206,46.7,1655,0,1.0,0,0.0,0
SYN-U-17012,41051.86,27780.25,0.7191,0.6212,0.3942,21.0,1223,4,0.8096,3,3.8,0
SYN-U-17013,67769.28,45895.44,0.7973,0.6114,0.3836,7.5,2153,7,0.9615,1,2.2,0
SYN-U-17014,84953.46,55697.96,0.738,0.7276,0.3957,55.4,44,2,0.9675,0,0.0,0
SYN-U-17015,139177.24,106387.38,0.343,0.246,0.4404,26.1,554,4,0.5284,1,16.0,1
SYN-U-17016,157076.93,141030.43,0.7368,0.7596,0.2542,58.3,1743,2,0.8707,0,0.0,0
SYN-U-17017,77653.03,56697.5,0.2099,0.4206,0.5358,55.9,1190,4,0.9065,0,0.0,1
SYN-U-17018,72215.88,55967.88,0.7816,0.4322,0.3621,40.1,1597,7,0.7526,0,0.0,0
SYN-U-17019,60062.29,57951.75,0.7684,0.5834,0.4368,32.7,487,2,0.9854,0,0.0,0
SYN-U-17020,31057.18,22975.74,0.8456,0.5734,0.1662,49.2,267,3,0.8832,1,0.2,0
SYN-U-17021,111529.55,104790.9,0.8724,0.8196,0.2552,51.7,2023,7,0.874,0,0.0,0
SYN-U-17022,54682.46,50978.29,0.5937,0.4411,0.2943,32.6,388,7,0.7547,0,0.0,0
SYN-U-17023,14142.8,13215.22,0.8331,0.7204,0.4899,36.4,69,6,0.9191,0,0.0,0
SYN-U-17024,51224.2,38419.54,0.9047,0.8886,0.2891,18.5,1590,2,0.9502,0,0.0,0
SYN-U-17025,16316.14,11653.22,0.2381,0.6074,0.7379,63.1,516,5,0.578,2,8.5,1
SYN-U-17026,24341.3,20467.72,0.325,0.5178,0.6358,50.1,2077,2,0.9438,1,12.9,1
SYN-U-17027,66836.47,54696.41,0.6235,0.4923,0.5712,64.5,949,0,1.0,0,0.0,0
SYN-U-17028,50928.96,33419.78,0.7267,0.6483,0.4195,43.4,515,6,0.703,0,0.0,0
SYN-U-17029,68943.54,51389.29,0.8344,0.7778,0.5012,14.2,1770,3,0.772,1,3.8,0
SYN-U-17030,81337.81,69666.62,0.5883,0.5269,0.6323,44.9,1947,4,0.9539,0,0.0,0
SYN-U-17031,36910.21,24373.21,0.7189,0.6731,0.3373,64.7,1706,2,0.9611,0,0.0,0
SYN-U-17032,19991.49,13384.62,0.512,0.3585,0.7043,60.6,633,7,0.5659,0,0.0,1
SYN-U-17033,13456.16,9060.7,0.8748,0.5627,0.2797,32.4,734,0,1.0,0,0.0,0
SYN-U-17034,92790.01,62167.77,0.7398,0.8013,0.2295,33.6,2498,7,0.9442,1,1.8,0
SYN-U-17035,74803.67,67226.95,0.6695,0.4101,0.3484,21.3,2412,7,0.9502,0,0.0,0
SYN-U-17036,27645.35,18780.39,0.7016,0.7408,0.1838,20.6,2240,3,0.971,0,0.0,0
SYN-U-17037,27489.25,22237.82,0.8248,0.5565,0.1581,62.1,1862,7,0.9905,1,0.3,0
SYN-U-17038,50037.66,37148.95,0.7144,0.9062,0.18,47.3,254,4,0.8916,1,1.0,0
SYN-U-17039,27536.21,24088.25,0.7435,0.3548,0.5144,50.5,2186,7,0.6798,1,3.6,0
SYN-U-17040,42918.12,28430.62,0.7384,0.8485,0.2043,24.4,1953,4,0.9727,0,0.0,0
SYN-U-17041,47071.12,40681.82,0.9033,0.5772,0.4695,35.2,969,5,0.8677,0,0.0,0
SYN-U-17042,87103.12,64023.02,0.6908,0.593,0.441,37.3,1660,3,0.7018,0,0.0,0
SYN-U-17043,155976.42,128992.51,0.5947,0.7422,0.2804,38.6,68,1,0.8667,0,0.0,0
SYN-U-17044,73901.61,52893.04,0.788,0.6468,0.4153,13.4,1578,4,0.8301,2,3.4,0
SYN-U-17045,20960.69,15041.67,0.9736,0.5891,0.241,28.6,1034,3,0.8635,1,1.8,0
SYN-U-17046,51856.79,36515.72,0.8066,0.5915,0.4911,25.1,1212,4,0.7287,1,5.0,0
SYN-U-17047,96709.67,88395.81,0.7859,0.5844,0.4999,31.8,231,7,0.8966,0,0.0,0
SYN-U-17048,96638.37,63472.58,0.5656,0.5216,0.5848,44.8,877,1,0.9554,2,5.8,0
SYN-U-17049,42292.26,33878.29,0.9662,0.8624,0.1984,19.9,45,6,0.9198,0,0.0,0
SYN-U-17050,29785.82,25744.77,0.7308,0.6947,0.1744,8.6,1612,5,0.928,1,1.4,0
SYN-U-17051,140843.06,123045.76,0.6561,0.6317,0.6339,64.2,420,6,0.8618,0,0.0,0
SYN-U-17052,15097.79,10689.03,0.4365,0.6213,0.8747,34.7,957,0,1.0,0,0.0,0
SYN-U-17053,26525.25,22353.97,0.8032,0.5601,0.2275,57.3,2215,1,0.9462,0,0.0,0
SYN-U-17054,76247.7,50486.79,0.5524,0.5252,0.3593,22.0,1442,7,0.8198,1,4.4,0
SYN-U-17055,39815.95,37860.78,0.7252,0.7722,0.3291,34.2,1600,3,0.965,0,0.0,0
SYN-U-17056,43655.63,31486.93,0.8722,0.7703,0.2627,62.3,248,5,0.9006,0,0.0,0
SYN-U-17057,18975.6,17908.43,0.6012,0.4495,0.7489,48.0,1946,1,0.7538,1,7.1,1
SYN-U-17058,38566.16,30426.48,0.7636,0.5603,0.4188,25.5,355,3,0.8772,0,0.0,0
SYN-U-17059,56258.57,52274.7,0.8414,0.8799,0.2335,18.4,66,7,0.8918,0,0.0,0
SYN-U-17060,91410.63,83662.18,0.5696,0.6759,0.6356,16.9,2110,4,0.7727,0,0.0,0
SYN-U-17061,47569.99,39690.66,0.7641,0.5912,0.475,19.1,2127,3,0.99,0,0.0,0
SYN-U-17062,68202.53,58212.6,0.6866,0.4566,0.4727,10.9,2388,6,0.8737,2,6.8,0
SYN-U-17063,46412.87,38848.76,0.7426,0.7825,0.6007,27.2,620,2,0.8562,0,0.0,0
SYN-U-17064,85251.46,65541.85,0.3145,0.4142,0.7242,45.5,2274,5,0.7755,2,4.0,1
SYN-U-17065,42324.78,31663.81,0.7164,0.6245,0.1567,20.7,207,3,0.8834,0,0.0,0
SYN-U-17066,319575.12,251679.3,0.7724,0.5665,0.3552,40.4,1297,7,0.9899,0,0.0,0
SYN-U-17067,61824.28,47708.29,0.8291,0.7131,0.3099,49.7,82,3,0.9142,0,0.0,0
SYN-U-17068,57791.39,42822.37,0.8719,0.8328,0.4991,5.8,119,7,0.8795,0,0.0,0
SYN-U-17069,236108.06,178185.9,0.8006,0.6311,0.3919,50.6,879,2,0.9434,0,0.0,0
SYN-U-17070,32958.69,29037.54,0.4808,0.1676,0.8212,39.1,715,2,0.9252,1,13.8,1
SYN-U-17071,44335.27,37524.56,0.7424,0.753,0.33,5.9,1769,7,0.9649,0,0.0,0
SYN-U-17072,39071.12,25809.29,0.9157,0.743,0.3455,43.9,877,6,0.9211,0,0.0,0
SYN-U-17073,98608.5,75871.44,0.7393,0.568,0.1813,56.1,677,6,0.8716,2,1.6,0
SYN-U-17074,31972.31,24749.64,0.2414,0.1905,0.6059,41.0,1180,1,0.7014,0,0.0,0
SYN-U-17075,86755.23,59469.33,0.8115,0.6312,0.2066,27.8,254,4,0.9304,0,0.0,0
SYN-U-17076,62681.76,58040.93,0.7756,0.7477,0.42,7.2,250,2,0.8917,2,0.3,0
SYN-U-17077,50238.5,40564.83,0.814,0.7655,0.4057,25.0,1640,6,0.8606,0,0.0,0
SYN-U-17078,33816.26,27346.9,0.8466,0.5997,0.4208,31.2,1166,1,0.9684,1,2.3,0
SYN-U-17079,98850.42,75721.28,0.9592,0.8399,0.2794,27.5,735,5,0.9208,1,1.3,0
SYN-U-17080,35524.69,32690.43,0.9417,0.8866,0.2975,26.0,2263,1,0.9043,1,1.4,0
SYN-U-17081,19064.26,15849.29,0.7213,0.4835,0.874,18.1,2259,2,0.6637,1,6.4,1
SYN-U-17082,98758.85,91643.0,0.256,0.2469,0.5495,42.5,829,0,1.0,0,0.0,0
SYN-U-17083,58733.48,53804.84,0.5786,0.7204,0.5916,28.0,1164,3,0.7813,2,5.7,0
SYN-U-17084,77272.89,53358.99,0.7357,0.7713,0.4511,13.3,1018,2,0.733,0,0.0,0
SYN-U-17085,41908.93,37378.68,0.9359,0.789,0.2366,50.7,524,2,0.9054,0,0.0,0
SYN-U-17086,94821.74,84460.42,0.9064,0.8077,0.4062,55.8,382,1,0.9497,0,0.0,0
SYN-U-17087,35356.15,29972.78,0.7183,0.5553,0.4042,7.9,2025,1,0.9212,0,0.0,0
SYN-U-17088,152669.98,141560.59,0.8217,0.7113,0.2685,22.4,238,0,1.0,0,0.0,0
SYN-U-17089,59631.33,47500.55,0.8078,0.5549,0.2209,46.2,49,4,0.9772,0,0.0,0
SYN-U-17090,107276.42,88524.39,0.8486,0.7292,0.603,63.5,1364,3,0.8179,0,0.0,0
SYN-U-17091,48210.38,34430.44,0.5502,0.5825,0.5399,53.6,1262,6,0.8815,1,6.0,0
SYN-U-17092,92054.29,83213.48,0.67,0.2839,0.5384,61.9,1631,5,0.7513,1,16.2,1
SYN-U-17093,13243.13,11761.86,0.8374,0.8474,0.1867,42.7,1500,5,0.975,1,1.5,0
SYN-U-17094,38761.0,34290.27,0.8702,0.6723,0.3719,61.6,1408,3,0.8752,0,0.0,0
SYN-U-17095,84084.61,73601.32,0.8814,0.6965,0.4802,16.5,1080,1,0.958,1,2.7,0
SYN-U-17096,64575.28,54243.5,0.6831,0.4316,0.2858,21.3,213,0,1.0,0,0.0,0
SYN-U-17097,51172.17,46197.29,0.9301,0.8656,0.2116,24.4,782,2,0.8629,0,0.0,0
SYN-U-17098,43592.41,41529.58,0.8917,0.6284,0.2925,6.9,356,3,0.9633,0,0.0,0
SYN-U-17099,132801.54,126453.87,0.6759,0.6427,0.4323,25.7,2489,4,0.9638,0,0.0,0
SYN-U-17100,15768.64,11765.5,0.7144,0.3296,0.7666,37.4,1446,2,0.543,3,12.3,0
SYN-U-17101,30399.83,23906.89,0.874,0.5753,0.4051,64.7,1611,1,0.9295,1,0.2,0
SYN-U-17102,154341.68,114394.84,0.9075,0.7887,0.2037,37.4,411,3,0.9469,0,0.0,0
SYN-U-17103,42123.24,41168.76,0.6883,0.2732,0.4865,11.0,537,4,0.8347,1,15.6,1
SYN-U-17104,34926.87,25656.6,0.9465,0.5722,0.4673,40.2,505,5,0.9315,0,0.0,0
SYN-U-17105,46820.29,42069.89,0.7921,0.6889,0.1694,8.6,1199,7,0.9188,1,0.1,0
SYN-U-17106,24631.33,19397.82,0.5484,0.1957,0.7877,64.0,2277,5,0.793,0,0.0,0
SYN-U-17107,54971.49,53676.84,0.9177,0.6504,0.2866,14.3,437,7,0.8693,1,0.8,0
SYN-U-17108,25368.46,23394.32,0.6563,0.2095,0.4918,56.4,637,3,0.5394,0,0.0,0
SYN-U-17109,80792.92,52879.26,0.9746,0.8101,0.41,34.6,1813,4,0.9087,0,0.0,0
SYN-U-17110,44274.43,41735.69,0.9725,0.863,0.1877,58.9,1451,1,0.8594,2,1.0,0
SYN-U-17111,90852.89,73871.3,0.6534,0.6439,0.5568,47.7,1432,3,0.7107,1,6.6,0
SYN-U-17112,123394.34,90633.68,0.9396,0.8277,0.4066,51.4,346,4,0.9962,1,1.8,0
SYN-U-17113,32303.16,29246.3,0.5042,0.4228,0.4523,39.0,1512,1,0.5756,1,14.1,0
SYN-U-17114,31581.31,25873.3,0.2821,0.4375,0.7963,53.6,1841,5,0.911,0,0.0,1
SYN-U-17115,54979.18,38728.22,0.7668,0.602,0.5105,41.4,2431,6,0.9054,2,5.8,0
SYN-U-17116,66811.06,52090.34,0.7731,0.5818,0.4708,16.7,2363,4,0.8596,0,0.0,0
SYN-U-17117,30358.13,27409.67,0.9644,0.5981,0.1798,48.6,2452,3,0.9286,1,1.1,0
SYN-U-17118,19518.82,14435.03,0.3785,0.2265,0.8113,26.5,788,7,0.6102,3,8.2,1
SYN-U-17119,33854.73,24189.61,0.5891,0.4929,0.4085,32.9,696,0,1.0,0,0.0,0
SYN-U-17120,98637.2,88639.76,0.6866,0.6976,0.2526,36.4,1394,1,0.9659,0,0.0,0
SYN-U-17121,58599.1,42082.84,0.8131,0.9195,0.319,20.7,1690,5,0.9395,0,0.0,0
SYN-U-17122,157200.61,146470.23,0.7796,0.7555,0.2197,38.9,761,4,0.9042,0,0.0,0
SYN-U-17123,34999.51,23904.8,0.5057,0.487,0.6306,62.7,55,0,1.0,0,0.0,0
SYN-U-17124,50550.74,34780.59,0.5782,0.5159,0.4533,53.4,1987,5,0.7077,1,5.6,0
SYN-U-17125,31311.89,24000.47,0.6163,0.6932,0.4056,20.6,1660,5,0.8896,0,0.0,0
SYN-U-17126,58010.35,47341.15,0.962,0.917,0.4513,64.6,1938,0,1.0,0,0.0,0
SYN-U-17127,60370.75,54275.47,0.7098,0.8082,0.4736,48.8,2416,4,0.9711,0,0.0,0
SYN-U-17128,29057.75,20218.03,0.7759,0.7783,0.4933,54.3,2067,2,0.7265,0,0.0,0
SYN-U-17129,59085.89,51491.28,0.8221,0.7101,0.183,59.7,1534,2,0.8976,1,2.1,0
SYN-U-17130,210830.75,194387.96,0.7543,0.8015,0.4859,29.1,1391,7,0.9133,0,0.0,0
SYN-U-17131,39892.37,36341.07,0.906,0.8111,0.3125,32.5,1725,7,0.8865,2,0.9,0
SYN-U-17132,91066.55,73881.32,0.7474,0.5891,0.4888,32.1,1617,6,0.8511,0,0.0,0
SYN-U-17133,27073.75,17667.36,0.6881,0.4772,0.5207,36.6,817,6,0.9182,0,0.0,0
SYN-U-17134,16285.93,13173.74,0.6622,0.4051,0.8456,51.4,1983,3,0.7656,1,9.2,1
SYN-U-17135,147087.36,137828.11,0.9645,0.8458,0.29,22.9,2472,6,0.9959,1,0.5,0
SYN-U-17136,66256.64,53314.65,0.8974,0.551,0.4633,11.6,1504,4,0.9028,1,2.6,0
SYN-U-17137,135635.16,110444.09,0.5246,0.7463,0.6017,63.8,1970,5,0.7844,0,0.0,0
SYN-U-17138,107486.01,87632.02,0.8226,0.4609,0.3546,32.1,2425,6,0.7291,1,4.4,0
SYN-U-17139,100189.24,69923.27,0.7631,0.6918,0.3013,29.4,1223,5,0.9732,0,0.0,0
SYN-U-17140,16491.94,11023.12,0.8341,0.6056,0.3605,59.2,532,1,0.8763,0,0.0,0
SYN-U-17141,123753.06,87991.07,0.5637,0.5702,0.5838,6.0,60,6,0.9015,0,0.0,0
SYN-U-17142,15230.82,12174.45,0.2024,0.5031,0.4362,64.6,1996,1,0.9069,0,0.0,0
SYN-U-17143,72916.9,69280.34,0.6721,0.7036,0.5337,58.7,299,0,1.0,0,0.0,0
SYN-U-17144,140165.77,122139.48,0.8425,0.7741,0.5164,10.6,574,2,0.8781,0,0.0,0
SYN-U-17145,35337.38,33096.97,0.7314,0.5368,0.6059,25.0,1338,0,1.0,0,0.0,0
SYN-U-17146,15225.78,13310.49,0.6545,0.4202,0.6447,21.5,1401,2,0.6025,0,0.0,0
SYN-U-17147,44433.99,41893.39,0.779,0.5909,0.157,31.1,1269,3,0.9985,0,0.0,0
SYN-U-17148,19675.3,18618.86,0.7803,0.6335,0.587,59.4,1256,5,0.7695,0,0.0,0
SYN-U-17149,43315.24,41852.54,0.965,0.7932,0.3543,13.4,868,2,0.9726,2,2.2,0
SYN-U-17150,18338.41,15827.08,0.631,0.403,0.7466,8.7,170,6,0.5297,2,13.9,1
SYN-U-17151,74481.83,58384.75,0.8138,0.5925,0.5137,21.1,2390,6,0.8968,1,5.7,0
SYN-U-17152,52804.76,47957.42,0.7712,0.4751,0.2646,17.2,526,5,0.7441,1,4.4,0
SYN-U-17153,149115.87,136757.8,0.754,0.7404,0.3803,5.6,905,4,0.91,0,0.0,0
SYN-U-17154,13661.33,9699.12,0.5115,0.4187,0.4313,32.0,2174,3,0.9048,2,4.9,0
SYN-U-17155,17240.2,14513.87,0.6099,0.6026,0.5468,5.2,1973,4,0.7677,0,0.0,0
SYN-U-17156,56114.47,38274.35,0.8745,0.8421,0.2777,15.1,1800,1,0.9331,1,1.9,0
SYN-U-17157,29613.97,21401.71,0.9308,0.8577,0.3984,59.1,477,3,0.9007,0,0.0,0
SYN-U-17158,145552.69,133068.94,0.9798,0.8754,0.2867,53.7,160,3,0.9069,0,0.0,0
SYN-U-17159,77005.33,51016.14,0.7471,0.7603,0.317,26.8,1399,6,0.7538,0,0.0,0
SYN-U-17160,39299.6,32822.98,0.9151,0.7823,0.3871,23.6,1729,1,0.9817,2,2.2,0
SYN-U-17161,41544.08,28834.26,0.8133,0.7135,0.4698,25.1,1461,0,1.0,0,0.0,0
SYN-U-17162,247779.45,167114.51,0.9461,0.6552,0.4508,55.8,100,4,0.9544,0,0.0,0
SYN-U-17163,44422.37,39089.69,0.8846,0.6379,0.4441,28.1,1321,5,0.9838,0,0.0,0
SYN-U-17164,112487.1,85099.52,0.7471,0.6303,0.5939,60.7,1857,1,0.7164,0,0.0,0
SYN-U-17165,41227.61,26926.66,0.8918,0.5547,0.2707,17.3,743,4,0.853,2,0.8,0
SYN-U-17166,75567.49,60237.43,0.7253,0.6915,0.3166,39.2,798,5,0.949,0,0.0,0
SYN-U-17167,13150.03,10297.16,0.3546,0.3149,0.4937,25.6,1315,6,0.8047,1,13.3,1
SYN-U-17168,24590.03,16941.25,0.5049,0.5535,0.4507,9.9,1392,4,0.9458,0,0.0,0
SYN-U-17169,15195.54,9881.39,0.5622,0.4329,0.496,29.9,2005,6,0.9278,2,8.6,0
SYN-U-17170,39147.97,36066.09,0.938,0.6832,0.3813,28.5,1755,2,0.8676,0,0.0,0
SYN-U-17171,142203.21,133931.31,0.782,0.5858,0.4573,7.2,1320,3,0.9481,2,1.6,0
SYN-U-17172,58911.01,44190.51,0.9606,0.5935,0.412,34.1,199,2,0.9275,0,0.0,0
SYN-U-17173,53367.46,44395.52,0.9561,0.8996,0.215,8.6,2498,7,0.9973,0,0.0,0
SYN-U-17174,39098.37,33003.82,0.7839,0.7309,0.4112,7.9,2479,2,0.8974,0,0.0,0
SYN-U-17175,25305.24,17379.77,0.8432,0.6263,0.2905,31.0,1709,1,0.8591,1,1.8,0
SYN-U-17176,25107.95,24531.19,0.4448,0.6479,0.5046,55.0,1109,3,0.5203,2,10.1,0
SYN-U-17177,90903.8,74540.49,0.7174,0.6671,0.4472,56.6,1256,7,0.725,3,2.3,0
SYN-U-17178,52537.74,39450.52,0.8299,0.4423,0.5692,24.2,119,2,0.7621,0,0.0,0
SYN-U-17179,75339.87,72526.8,0.8318,0.7504,0.1757,34.9,1394,1,0.8549,2,2.4,0
SYN-U-17180,21139.6,19587.89,0.5357,0.3534,0.7551,63.9,804,3,0.8569,2,12.4,0
SYN-U-17181,48449.65,32090.75,0.6105,0.7958,0.3034,10.6,106,0,1.0,0,0.0,0
SYN-U-17182,52220.31,43554.37,0.7844,0.7949,0.381,58.1,32,6,0.8649,1,5.4,0
SYN-U-17183,32847.04,30822.67,0.945,0.8015,0.2095,15.9,1837,0,1.0,0,0.0,0
SYN-U-17184,54761.52,53087.06,0.8672,0.744,0.4586,8.2,703,4,0.9308,0,0.0,0
SYN-U-17185,43516.98,28943.76,0.8289,0.9113,0.4001,5.0,1419,0,1.0,0,0.0,0
SYN-U-17186,25241.72,18449.95,0.5618,0.406,0.4525,26.5,1737,7,0.8536,1,2.9,0
SYN-U-17187,31446.29,25668.07,0.3757,0.5701,0.6001,36.6,2038,0,1.0,0,0.0,0
SYN-U-17188,85382.37,57362.72,0.6207,0.5864,0.6111,24.3,1946,7,0.7787,3,3.9,0
SYN-U-17189,94891.75,63712.57,0.7703,0.6665,0.2648,13.6,967,5,0.7877,0,0.0,0
SYN-U-17190,99853.7,93983.58,0.6959,0.7708,0.2774,27.3,2228,6,0.7081,1,3.5,0
SYN-U-17191,68264.34,45245.75,0.7919,0.664,0.4842,36.3,2219,3,0.914,0,0.0,0
SYN-U-17192,27140.66,25669.97,0.9296,0.864,0.1673,5.0,2167,0,1.0,0,0.0,0
SYN-U-17193,19631.35,16109.46,0.8969,0.7119,0.3481,55.9,2375,1,0.9439,0,0.0,0
SYN-U-17194,65482.83,48029.81,0.6977,0.4779,0.401,22.3,806,3,0.6139,1,10.2,0
SYN-U-17195,139386.84,129087.13,0.5003,0.7096,0.296,26.5,2392,5,0.931,0,0.0,0
SYN-U-17196,41292.79,36620.59,0.7397,0.6894,0.2481,31.9,1509,7,0.9095,0,0.0,0
SYN-U-17197,63225.97,42999.49,0.8022,0.7351,0.2689,58.5,120,5,0.9649,0,0.0,0
SYN-U-17198,46865.05,37492.35,0.725,0.6019,0.4781,48.5,2287,1,0.8704,0,0.0,0
SYN-U-17199,30142.63,24652.3,0.3079,0.1609,0.6372,33.7,1053,4,0.8511,2,6.7,1
SYN-U-17200,22337.97,17063.89,0.5016,0.2572,0.8472,62.8,1394,1,0.8017,1,13.3,1
SYN-U-17201,47295.49,44656.75,0.8694,0.7864,0.4198,10.3,107,3,0.9528,0,0.0,0
SYN-U-17202,27549.08,22453.19,0.6779,0.6125,0.827,24.4,416,6,0.6202,2,8.5,0
SYN-U-17203,54087.77,41469.5,0.8413,0.7684,0.4858,21.5,417,4,0.9205,0,0.0,0
SYN-U-17204,27556.4,20430.36,0.6944,0.7161,0.6331,34.3,2118,0,1.0,0,0.0,0
SYN-U-17205,26598.27,19510.92,0.7867,0.5755,0.3869,7.9,1981,4,0.9319,0,0.0,0
SYN-U-17206,65822.34,51066.28,0.8189,0.7634,0.155,62.8,1893,2,0.9196,1,3.0,0
SYN-U-17207,53153.66,43113.03,0.73,0.9122,0.1684,59.4,485,7,0.919,0,0.0,0
SYN-U-17208,22675.79,16548.66,0.6913,0.3465,0.7871,7.2,1189,0,1.0,0,0.0,0
SYN-U-17209,39966.78,37237.34,0.9137,0.7782,0.2884,35.2,1486,1,0.8834,0,0.0,0
SYN-U-17210,17177.92,14922.22,0.7024,0.5467,0.5641,59.7,1578,4,0.777,0,0.0,0
SYN-U-17211,59344.46,50979.3,0.705,0.7269,0.3474,17.5,1404,2,0.9922,0,0.0,0
SYN-U-17212,72210.24,53219.58,0.7085,0.6806,0.1629,22.8,899,6,0.9112,0,0.0,0
SYN-U-17213,15858.67,13418.99,0.4347,0.2125,0.5566,59.1,44,2,0.7305,0,0.0,0
SYN-U-17214,44472.77,39434.47,0.9558,0.8661,0.4406,41.7,2433,0,1.0,0,0.0,0
SYN-U-17215,36131.03,25416.61,0.7241,0.1602,0.8677,28.1,1743,5,0.6104,4,3.5,0
SYN-U-17216,67531.46,46771.11,0.9594,0.7007,0.4995,20.8,927,4,0.9654,0,0.0,0
SYN-U-17217,35966.72,26769.98,0.8691,0.6474,0.3653,6.9,948,5,0.99,0,0.0,0
SYN-U-17218,13273.77,12919.9,0.7947,0.5741,0.6145,27.6,1744,1,0.822,1,7.4,0
SYN-U-17219,44639.6,31815.66,0.8026,0.9151,0.4366,54.0,107,6,0.909,0,0.0,0
SYN-U-17220,48673.43,37797.17,0.5485,0.2565,0.8631,8.5,2273,1,0.6746,1,9.1,1
SYN-U-17221,124815.36,94136.0,0.7528,0.8146,0.3933,28.8,1060,6,0.8905,0,0.0,0
SYN-U-17222,93195.93,70024.91,0.7778,0.7148,0.4461,6.5,786,2,0.9955,0,0.0,0
SYN-U-17223,72214.68,49133.69,0.7086,0.668,0.3369,61.5,1569,3,0.9014,1,5.3,0
SYN-U-17224,70357.85,53612.14,0.4309,0.5068,0.5908,49.0,69,7,0.9239,1,4.7,0
SYN-U-17225,16641.64,16185.3,0.9602,0.8274,0.1966,44.7,1158,0,1.0,0,0.0,0
SYN-U-17226,35208.65,30959.77,0.8064,0.8217,0.1782,34.8,905,5,0.9209,0,0.0,0
SYN-U-17227,65017.01,46753.17,0.6002,0.7921,0.3369,41.5,2466,1,0.8228,2,6.0,0
SYN-U-17228,32884.91,30133.43,0.9604,0.7022,0.4621,58.4,1102,0,1.0,0,0.0,0
SYN-U-17229,24312.91,20334.21,0.6317,0.644,0.4086,14.0,1098,4,0.7413,1,5.9,0
SYN-U-17230,69026.16,54650.1,0.869,0.6573,0.3045,61.9,479,5,0.8869,0,0.0,0
SYN-U-17231,34657.82,33144.04,0.786,0.7156,0.3999,51.6,2408,4,0.9132,0,0.0,0
SYN-U-17232,52184.11,37331.45,0.8343,0.7248,0.4827,5.9,1993,0,1.0,0,0.0,0
SYN-U-17233,87796.91,58960.87,0.7512,0.8227,0.1813,46.6,1922,3,0.9344,0,0.0,0
SYN-U-17234,119696.02,94357.49,0.9014,0.7394,0.3331,8.7,1292,7,0.9798,1,1.9,0
SYN-U-17235,13890.21,9073.48,0.5741,0.4472,0.6256,9.6,1804,0,1.0,0,0.0,0
SYN-U-17236,32844.14,25800.2,0.7657,0.8922,0.2492,28.7,1330,7,0.8722,0,0.0,0
SYN-U-17237,19029.08,14202.07,0.7454,0.3618,0.8328,19.4,1375,5,0.7528,3,8.2,1
SYN-U-17238,52073.02,40732.49,0.922,0.5728,0.3181,35.8,1957,5,0.9683,1,2.9,0
SYN-U-17239,46277.04,35767.12,0.7351,0.4259,0.6725,31.0,2386,7,0.7939,0,0.0,0
SYN-U-17240,34289.9,24292.6,0.8767,0.7584,0.3285,37.5,629,0,1.0,0,0.0,0
SYN-U-17241,47674.91,44232.82,0.7624,0.6197,0.1885,55.2,1764,2,0.9849,0,0.0,0
SYN-U-17242,49352.45,45898.43,0.7419,0.854,0.2047,11.2,1466,6,0.9179,0,0.0,0
SYN-U-17243,47814.41,33787.59,0.5428,0.1651,0.6913,54.0,2451,0,1.0,0,0.0,0
SYN-U-17244,45584.63,41846.87,0.4546,0.3368,0.7014,22.8,778,5,0.6661,0,0.0,0
SYN-U-17245,39859.22,29517.51,0.7766,0.9073,0.435,29.6,1264,0,1.0,0,0.0,0
SYN-U-17246,90383.01,86308.67,0.5165,0.769,0.4939,26.6,1515,0,1.0,0,0.0,0
SYN-U-17247,44111.48,38322.7,0.7835,0.6623,0.365,61.9,1203,2,0.9748,2,0.3,0
SYN-U-17248,14391.06,12520.03,0.2957,0.4851,0.5727,10.0,2085,7,0.6843,2,10.7,1
SYN-U-17249,32279.2,26325.34,0.6849,0.514,0.7031,28.7,2183,4,0.5152,0,0.0,0
SYN-U-17250,50192.8,36780.81,0.8488,0.9104,0.2128,9.2,1813,1,0.916,0,0.0,0
SYN-U-17251,27246.93,25011.76,0.7344,0.567,0.3376,51.0,2202,6,0.9988,0,0.0,0
SYN-U-17252,26650.32,19143.61,0.7429,0.6177,0.3819,62.5,733,4,0.8981,0,0.0,0
SYN-U-17253,23093.01,19148.37,0.7055,0.7617,0.2115,14.3,90,3,0.8929,0,0.0,0
SYN-U-17254,60356.68,48481.86,0.5378,0.747,0.4911,19.8,1698,3,0.7203,0,0.0,0
SYN-U-17255,47409.17,36497.37,0.8304,0.5684,0.4488,31.0,2443,1,0.8026,2,2.2,0
SYN-U-17256,32297.12,22891.47,0.8362,0.6465,0.2394,29.7,2215,0,1.0,0,0.0,0
SYN-U-17257,99233.02,96982.25,0.9141,0.7787,0.2724,55.8,180,3,0.9033,2,2.8,0
SYN-U-17258,101338.63,81955.59,0.7356,0.7879,0.281,47.5,1061,5,0.8988,0,0.0,0
SYN-U-17259,68735.0,59004.43,0.5133,0.5086,0.3402,7.3,1043,3,0.7666,2,4.2,0
SYN-U-17260,61056.32,49640.24,0.6251,0.4167,0.5635,27.9,2247,4,0.6916,0,0.0,0
SYN-U-17261,75672.25,58378.62,0.8741,0.6076,0.4437,32.8,1899,7,0.9946,0,0.0,0
SYN-U-17262,130330.82,113583.82,0.8426,0.7296,0.307,21.1,1002,3,0.8961,0,0.0,0
SYN-U-17263,48495.63,35649.73,0.7765,0.809,0.2405,47.0,2203,4,0.9395,0,0.0,0
SYN-U-17264,180756.47,158068.42,0.98,0.5989,0.458,36.1,743,2,0.9942,0,0.0,0
SYN-U-17265,32474.76,22498.1,0.5902,0.6045,0.5245,53.5,1492,5,0.7231,0,0.0,0
SYN-U-17266,45544.58,30851.14,0.6943,0.4927,0.876,18.7,655,2,0.7535,4,10.3,0
SYN-U-17267,91841.06,65393.11,0.8272,0.6643,0.6093,9.5,1647,0,1.0,0,0.0,0
SYN-U-17268,35592.1,26893.71,0.7241,0.5703,0.3084,56.5,285,5,0.9565,1,1.8,0
SYN-U-17269,35176.41,27660.51,0.9601,0.6152,0.1548,41.1,1374,6,0.9338,1,1.5,0
SYN-U-17270,38467.6,34420.6,0.7914,0.8321,0.3538,36.0,754,5,0.8538,0,0.0,0
SYN-U-17271,40824.64,27809.66,0.4044,0.6403,0.5872,55.0,938,2,0.8742,1,17.1,1
SYN-U-17272,51071.65,47804.54,0.931,0.7574,0.4994,8.5,796,7,0.8523,0,0.0,0
SYN-U-17273,27649.87,25891.85,0.515,0.1983,0.5134,15.9,998,1,0.5236,0,0.0,0
SYN-U-17274,68417.74,62847.03,0.9092,0.7514,0.2122,48.3,157,7,0.8696,1,2.6,0
SYN-U-17275,46314.74,35725.79,0.8083,0.7395,0.4334,39.5,454,3,0.8607,1,2.4,0
SYN-U-17276,30608.8,25287.29,0.7035,0.7034,0.2542,43.1,208,6,0.8991,0,0.0,0
SYN-U-17277,22089.32,16237.82,0.636,0.5164,0.7169,41.4,1412,3,0.9382,1,11.2,0
SYN-U-17278,44193.6,31461.06,0.868,0.7455,0.2651,32.2,1845,6,0.9963,0,0.0,0
SYN-U-17279,70957.78,66699.29,0.6438,0.7122,0.367,57.7,273,1,0.937,1,6.6,0
SYN-U-17280,15063.0,10978.32,0.6966,0.2958,0.4984,14.4,1290,1,0.5491,2,9.0,0
SYN-U-17281,37104.73,34691.79,0.7061,0.4373,0.5455,58.6,248,3,0.8996,2,5.4,0
SYN-U-17282,55303.12,36330.31,0.6731,0.5559,0.7435,45.4,226,0,1.0,0,0.0,0
SYN-U-17283,93844.1,84863.75,0.8161,0.632,0.3625,14.3,678,7,0.8238,1,7.1,0
SYN-U-17284,20483.26,19350.42,0.9593,0.8105,0.3704,15.2,1809,5,0.9175,0,0.0,0
SYN-U-17285,40960.39,39794.13,0.9033,0.6563,0.401,6.4,1877,6,0.9715,0,0.0,0
SYN-U-17286,13485.1,11890.94,0.322,0.2208,0.5387,12.1,2195,5,0.6995,0,0.0,0
SYN-U-17287,66295.1,48716.54,0.5192,0.557,0.3839,25.4,710,0,1.0,0,0.0,0
SYN-U-17288,79201.59,53630.29,0.9316,0.6698,0.2517,45.6,1162,3,0.8988,0,0.0,0
SYN-U-17289,116328.82,107251.4,0.8666,0.6179,0.4329,20.3,1726,1,0.8895,0,0.0,0
SYN-U-17290,19161.12,17003.1,0.2687,0.6488,0.4398,17.1,1979,1,0.5023,0,0.0,0
SYN-U-17291,19252.82,16701.92,0.6478,0.6068,0.8338,61.0,2309,1,0.7456,0,0.0,0
SYN-U-17292,51998.61,40592.39,0.6399,0.4981,0.5166,45.3,1730,7,0.9478,0,0.0,0
SYN-U-17293,78432.42,58576.68,0.6772,0.7423,0.3185,13.1,2397,2,0.774,0,0.0,0
SYN-U-17294,31438.6,22933.5,0.9638,0.8929,0.4129,12.5,987,0,1.0,0,0.0,0
SYN-U-17295,59179.15,47609.62,0.453,0.2783,0.7691,10.5,40,4,0.7372,1,15.3,1
SYN-U-17296,25018.53,17434.19,0.9469,0.8771,0.3761,8.2,658,2,0.9979,0,0.0,0
SYN-U-17297,72441.84,48734.49,0.5194,0.581,0.5305,9.0,965,5,0.9743,2,5.0,0
SYN-U-17298,140039.79,135457.17,0.6028,0.4005,0.4951,48.2,1793,4,0.7774,1,3.7,0
SYN-U-17299,133354.92,105381.5,0.9711,0.7959,0.2683,56.3,842,2,0.9181,1,0.4,0
SYN-U-17300,52335.08,44860.83,0.4995,0.1895,0.4147,46.7,689,2,0.861,0,0.0,0
SYN-U-17301,15357.76,10789.39,0.2462,0.6353,0.7812,10.9,1176,2,0.7036,0,0.0,0
SYN-U-17302,45351.11,35451.14,0.9542,0.754,0.2451,28.6,2485,3,0.9009,0,0.0,0
SYN-U-17303,75490.74,51084.62,0.4554,0.1739,0.5504,15.9,42,2,0.6016,1,13.5,1
SYN-U-17304,78984.5,55467.29,0.8057,0.5572,0.4778,37.8,840,2,0.9417,1,7.0,0
SYN-U-17305,69157.14,53866.11,0.5233,0.4028,0.6002,63.1,1489,1,0.766,0,0.0,0
SYN-U-17306,19475.4,17496.41,0.4561,0.3437,0.8737,12.7,2392,2,0.5142,1,9.4,1
SYN-U-17307,118105.6,86574.02,0.7419,0.7668,0.4294,42.7,1043,2,0.9369,0,0.0,0
SYN-U-17308,19047.54,16636.76,0.6987,0.3537,0.7214,14.1,205,3,0.801,2,5.5,1
SYN-U-17309,36449.94,27126.67,0.5656,0.4928,0.4457,64.6,753,7,0.8816,0,0.0,0
SYN-U-17310,60995.38,47816.14,0.7409,0.8305,0.2831,43.3,655,1,0.9382,0,0.0,0
SYN-U-17311,17301.7,12086.32,0.7656,0.475,0.6468,27.7,466,4,0.9602,0,0.0,0
SYN-U-17312,25418.78,21676.08,0.9423,0.6897,0.4341,22.2,1895,5,0.9285,1,1.1,0
SYN-U-17313,115081.93,105336.79,0.7481,0.9035,0.4149,19.1,980,5,0.9627,0,0.0,0
SYN-U-17314,64124.03,45793.23,0.5545,0.4193,0.8125,16.4,882,4,0.6111,2,5.5,1
SYN-U-17315,90204.9,66032.61,0.6647,0.5124,0.5472,39.4,986,0,1.0,0,0.0,0
SYN-U-17316,33499.26,26846.89,0.8451,0.7882,0.4848,63.1,189,1,0.8759,0,0.0,0
SYN-U-17317,13873.41,11899.58,0.8868,0.744,0.2339,14.4,1807,4,0.9049,0,0.0,0
SYN-U-17318,21998.38,21150.93,0.7159,0.4674,0.4175,60.7,1526,1,0.5947,1,16.7,0
SYN-U-17319,55113.61,40615.65,0.4208,0.3242,0.5042,34.6,2476,6,0.8907,0,0.0,0
SYN-U-17320,47088.32,43907.51,0.8985,0.6947,0.3799,17.6,1100,5,0.9095,0,0.0,0
SYN-U-17321,34115.41,30454.03,0.7357,0.6743,0.3699,49.4,381,6,0.9273,0,0.0,0
SYN-U-17322,28365.7,19969.88,0.8487,0.7353,0.3472,46.5,2450,2,0.8575,2,0.9,0
SYN-U-17323,67538.97,58999.12,0.6297,0.4061,0.4619,21.5,1395,0,1.0,0,0.0,0
SYN-U-17324,33783.66,24928.02,0.5774,0.5658,0.591,56.3,1711,7,0.7121,2,15.0,1
SYN-U-17325,66681.16,61144.73,0.7591,0.7961,0.4864,39.8,462,0,1.0,0,0.0,0
SYN-U-17326,59855.36,42775.62,0.5727,0.7599,0.3772,6.9,1897,7,0.8928,0,0.0,0
SYN-U-17327,41937.73,34514.02,0.822,0.559,0.2529,33.8,1730,7,0.9962,0,0.0,0
SYN-U-17328,25427.14,17894.09,0.9793,0.8192,0.2438,34.7,1549,4,0.9537,0,0.0,0
SYN-U-17329,39463.03,35349.22,0.5751,0.3289,0.5524,62.4,1238,6,0.6288,1,9.9,1
SYN-U-17330,68979.04,55216.11,0.7541,0.6115,0.4826,55.1,1557,6,0.7461,0,0.0,0
SYN-U-17331,33011.18,21940.39,0.7203,0.6372,0.1707,36.6,1986,5,0.9775,1,2.3,0
SYN-U-17332,19501.93,15292.83,0.7745,0.6237,0.4186,48.5,1535,3,0.7258,0,0.0,0
SYN-U-17333,54364.39,50063.84,0.8035,0.7051,0.2588,49.7,1349,6,0.854,0,0.0,0
SYN-U-17334,13823.19,10619.55,0.5106,0.5686,0.8058,47.4,1796,5,0.8294,2,6.5,1
SYN-U-17335,40874.57,29552.97,0.646,0.5582,0.5619,12.7,1742,6,0.8923,0,0.0,0
SYN-U-17336,33642.99,23025.98,0.7651,0.7295,0.1607,62.5,434,3,0.9279,0,0.0,0
SYN-U-17337,109093.06,72104.28,0.7424,0.8171,0.3094,23.1,2173,3,0.8554,0,0.0,0
SYN-U-17338,69252.02,61963.13,0.8678,0.6854,0.3907,47.9,2033,7,0.9331,0,0.0,0
SYN-U-17339,40511.4,27673.75,0.7319,0.7747,0.3165,62.0,1599,5,0.9253,0,0.0,0
SYN-U-17340,128530.17,105025.62,0.5525,0.275,0.7605,17.5,1948,4,0.6175,0,0.0,0
SYN-U-17341,31632.29,22242.51,0.9489,0.8481,0.3136,45.3,763,2,0.9553,0,0.0,0
SYN-U-17342,50468.76,46473.77,0.7235,0.7434,0.3819,61.2,2159,1,0.9009,0,0.0,0
SYN-U-17343,106780.21,79006.9,0.7034,0.8513,0.3529,20.1,118,6,0.8929,0,0.0,0
SYN-U-17344,32032.87,30001.21,0.2266,0.6476,0.5058,61.7,1919,5,0.6358,0,0.0,0
SYN-U-17345,38332.48,26854.49,0.9495,0.8567,0.4316,64.3,2204,0,1.0,0,0.0,0
SYN-U-17346,21209.45,20508.69,0.9057,0.5857,0.4386,9.4,475,0,1.0,0,0.0,0
SYN-U-17347,86478.6,78082.86,0.5151,0.6688,0.4541,29.2,958,2,0.7682,0,0.0,0
SYN-U-17348,58828.24,38714.64,0.7529,0.8321,0.323,14.6,818,6,0.9734,0,0.0,0
SYN-U-17349,95179.52,65523.02,0.8693,0.6745,0.3176,14.6,90,1,0.8904,0,0.0,0
SYN-U-17350,47807.78,44836.6,0.539,0.4894,0.4473,52.8,1800,5,0.8779,1,3.1,0
SYN-U-17351,97938.15,88560.12,0.731,0.8057,0.338,52.4,1679,6,0.9366,0,0.0,0
SYN-U-17352,34866.0,28304.49,0.7149,0.5458,0.5592,50.4,1071,2,0.6059,3,7.5,0
SYN-U-17353,128289.55,125439.41,0.926,0.6175,0.1928,12.2,569,2,0.982,0,0.0,0
SYN-U-17354,38959.62,31970.48,0.6021,0.1818,0.4472,16.3,1171,3,0.7525,0,0.0,0
SYN-U-17355,34248.08,26998.71,0.7125,0.7702,0.3324,9.0,857,5,0.9369,1,1.9,0
SYN-U-17356,66136.63,49723.05,0.9641,0.9121,0.3485,47.4,993,5,0.9566,0,0.0,0
SYN-U-17357,54276.24,44749.95,0.9387,0.7641,0.2146,53.2,672,5,0.8522,0,0.0,0
SYN-U-17358,69488.55,51233.89,0.5751,0.4966,0.2863,27.3,1502,2,0.9001,0,0.0,0
SYN-U-17359,36824.83,26123.03,0.8485,0.7281,0.383,59.9,1783,0,1.0,0,0.0,0
SYN-U-17360,71634.7,64086.43,0.6988,0.4718,0.6121,10.2,130,6,0.9498,0,0.0,0
SYN-U-17361,47209.22,41524.47,0.8426,0.6887,0.4034,53.4,1330,3,0.9482,3,6.5,0
SYN-U-17362,15868.71,15529.24,0.6443,0.259,0.5331,30.8,485,0,1.0,0,0.0,0
SYN-U-17363,43840.3,36621.86,0.7095,0.7589,0.3307,24.3,2354,1,0.8619,0,0.0,0
SYN-U-17364,56304.76,47995.68,0.9604,0.9123,0.2228,25.1,969,2,0.8841,0,0.0,0
SYN-U-17365,41997.48,27919.52,0.9149,0.6959,0.4776,57.2,1093,6,0.9704,0,0.0,0
SYN-U-17366,24524.46,23427.88,0.5665,0.2675,0.6236,7.5,419,7,0.6572,0,0.0,0
SYN-U-17367,15585.67,11288.76,0.3397,0.6203,0.5309,10.3,1216,7,0.7335,0,0.0,0
SYN-U-17368,73772.49,59716.18,0.9079,0.623,0.2722,14.3,1951,0,1.0,0,0.0,0
SYN-U-17369,35093.23,33203.8,0.7212,0.9171,0.3174,32.4,277,0,1.0,0,0.0,0
SYN-U-17370,30339.45,26422.23,0.7392,0.8476,0.2577,14.5,1697,7,0.9489,1,1.3,0
SYN-U-17371,63852.23,57817.81,0.8378,0.7084,0.3525,19.3,653,5,0.7202,0,0.0,0
SYN-U-17372,57820.65,41838.03,0.737,0.7329,0.339,18.0,1689,3,0.9594,0,0.0,0
SYN-U-17373,55056.81,51045.33,0.8852,0.7101,0.3197,50.1,1229,4,0.9707,0,0.0,0
SYN-U-17374,45522.34,32788.55,0.9446,0.7971,0.2977,61.7,486,7,0.934,0,0.0,0
SYN-U-17375,59970.04,54535.52,0.8342,0.4829,0.4259,61.8,1939,7,0.8354,1,8.0,0
SYN-U-17376,15099.95,10187.12,0.6832,0.5201,0.8178,45.6,782,3,0.6413,0,0.0,0
SYN-U-17377,22760.08,18823.84,0.7516,0.9182,0.4312,18.5,998,5,0.9725,0,0.0,0
SYN-U-17378,31385.48,26651.8,0.3013,0.237,0.7116,48.9,910,2,0.6126,2,12.7,1
SYN-U-17379,99251.58,86443.84,0.2134,0.1885,0.7138,41.6,476,3,0.5289,4,11.0,1
SYN-U-17380,56252.31,46905.7,0.7599,0.6793,0.3375,59.3,1886,7,0.9288,0,0.0,0
SYN-U-17381,51646.64,34474.37,0.9477,0.7951,0.4212,13.9,1650,2,0.9458,0,0.0,0
SYN-U-17382,67090.84,64777.83,0.5588,0.5082,0.5397,19.4,530,2,0.818,1,7.3,0
SYN-U-17383,23312.9,15443.16,0.6588,0.4352,0.848,50.2,1859,1,0.8365,0,0.0,0
SYN-U-17384,46088.03,30191.1,0.4489,0.4524,0.4066,24.5,502,5,0.8518,0,0.0,0
SYN-U-17385,37996.57,29673.92,0.4494,0.2761,0.5479,22.2,352,0,1.0,0,0.0,0
SYN-U-17386,37126.07,24637.24,0.6573,0.5332,0.4279,32.4,911,0,1.0,0,0.0,0
SYN-U-17387,17582.15,14907.65,0.4916,0.2217,0.8194,11.0,1700,0,1.0,0,0.0,0
SYN-U-17388,33317.62,29547.0,0.7229,0.5065,0.5857,8.0,642,2,0.5183,1,17.5,1
SYN-U-17389,66849.49,48518.15,0.3212,0.4359,0.4879,18.5,1554,0,1.0,0,0.0,0
SYN-U-17390,42043.42,37831.48,0.575,0.2821,0.5156,23.8,1151,5,0.5159,2,9.3,0
SYN-U-17391,50582.68,42450.51,0.7389,0.5733,0.4076,22.2,1749,0,1.0,0,0.0,0
SYN-U-17392,88332.6,80789.4,0.6663,0.5686,0.509,22.7,642,1,0.935,0,0.0,0
SYN-U-17393,34358.59,24643.84,0.7157,0.7696,0.2828,46.6,1593,5,0.9715,1,1.8,0
SYN-U-17394,84541.26,61215.83,0.6138,0.5656,0.2723,37.9,1603,1,0.7866,1,3.0,0
SYN-U-17395,46371.87,34700.45,0.5247,0.411,0.5274,55.5,1538,1,0.7551,2,17.1,1
SYN-U-17396,18338.09,14542.27,0.7401,0.5176,0.8507,24.5,1296,6,0.6651,2,17.4,0
SYN-U-17397,62995.32,54060.68,0.626,0.6035,0.4238,55.5,2482,4,0.9151,3,4.8,0
SYN-U-17398,28484.36,19630.32,0.5694,0.4461,0.7794,45.0,667,0,1.0,0,0.0,0
SYN-U-17399,39002.37,29506.99,0.4546,0.4997,0.6114,31.6,1186,6,0.7108,1,6.8,1
SYN-U-17400,45800.37,39199.49,0.2177,0.5439,0.5128,59.4,1976,4,0.812,0,0.0,0
SYN-U-17401,14776.47,12471.61,0.4455,0.2398,0.4767,40.3,924,7,0.7095,0,0.0,1
SYN-U-17402,91200.63,72461.09,0.5419,0.6423,0.5721,7.3,2251,2,0.7149,0,0.0,0
SYN-U-17403,29810.4,27894.21,0.8719,0.6703,0.2731,8.6,1828,5,0.9674,0,0.0,0
SYN-U-17404,15465.06,14045.25,0.2792,0.3607,0.6836,21.3,1702,0,1.0,0,0.0,1
SYN-U-17405,221513.88,206682.89,0.7394,0.5802,0.4205,60.8,527,4,0.8551,2,2.1,0
SYN-U-17406,38262.04,27517.12,0.7628,0.628,0.2173,53.0,1545,5,0.8828,0,0.0,0
SYN-U-17407,69345.9,60635.71,0.8932,0.6788,0.2693,6.8,101,3,0.9612,0,0.0,0
SYN-U-17408,30370.29,25823.52,0.6285,0.5124,0.7444,35.5,2484,7,0.6103,1,4.2,0
SYN-U-17409,35172.37,31328.67,0.8094,0.6369,0.5404,5.4,190,7,0.9733,1,6.3,0
SYN-U-17410,39403.48,32544.8,0.8699,0.6791,0.2099,28.3,1521,0,1.0,0,0.0,0
SYN-U-17411,39831.92,34671.82,0.456,0.1735,0.777,15.4,1093,4,0.5739,1,9.8,1
SYN-U-17412,17103.47,14924.07,0.6854,0.4829,0.3266,27.8,844,4,0.9673,1,3.6,0
SYN-U-17413,117078.24,93450.67,0.7827,0.6882,0.2951,13.9,1203,3,0.9748,1,2.1,0
SYN-U-17414,50030.9,39730.21,0.5895,0.6407,0.3947,30.6,1156,1,0.7852,2,3.8,0
SYN-U-17415,85851.92,73384.56,0.7685,0.6594,0.2741,36.2,1898,6,0.7008,0,0.0,0
SYN-U-17416,13577.42,12779.24,0.6809,0.3263,0.4012,43.5,2219,3,0.6818,0,0.0,0
SYN-U-17417,78714.87,62342.37,0.7965,0.712,0.2956,17.4,812,5,0.8555,0,0.0,0
SYN-U-17418,59101.4,51978.83,0.9732,0.8402,0.2355,10.7,2427,3,0.9921,0,0.0,0
SYN-U-17419,122606.18,95655.01,0.5223,0.776,0.604,6.8,2254,7,0.9176,1,2.3,0
SYN-U-17420,35190.69,23236.78,0.9328,0.6212,0.4739,42.2,489,7,0.9647,0,0.0,0
SYN-U-17421,43265.75,36341.7,0.8856,0.8355,0.1914,14.8,679,6,0.8603,1,2.5,0
SYN-U-17422,45511.05,33412.9,0.7065,0.9009,0.1677,16.9,1164,6,0.8641,0,0.0,0
SYN-U-17423,122108.3,97203.79,0.8624,0.8479,0.4507,9.0,2274,4,0.9365,2,0.9,0
SYN-U-17424,17055.35,11759.37,0.7553,0.4911,0.4223,56.8,1016,5,0.9694,2,7.8,0
SYN-U-17425,35654.89,28557.16,0.942,0.7702,0.1509,11.8,427,4,0.9077,0,0.0,0
SYN-U-17426,30745.5,23887.69,0.7833,0.6643,0.3975,62.4,2198,7,0.9499,1,0.3,0
SYN-U-17427,58810.09,43177.43,0.9414,0.9192,0.2667,38.7,1763,3,0.9445,0,0.0,0
SYN-U-17428,32245.04,27244.78,0.83,0.565,0.4535,11.8,1842,0,1.0,0,0.0,0
SYN-U-17429,49478.31,46171.95,0.8916,0.8542,0.4188,45.3,417,0,1.0,0,0.0,0
SYN-U-17430,166773.84,137721.97,0.7897,0.5853,0.6082,46.4,248,5,0.7091,1,4.6,0
SYN-U-17431,43057.71,39971.24,0.7994,0.5348,0.3707,37.2,2049,1,0.9159,2,4.6,0
SYN-U-17432,121662.66,96593.11,0.6986,0.46,0.5478,27.2,150,7,0.714,2,3.4,0
SYN-U-17433,217831.21,209203.89,0.6221,0.4274,0.6335,63.4,2249,0,1.0,0,0.0,0
SYN-U-17434,20971.57,18449.28,0.4602,0.4543,0.5241,44.2,940,5,0.9205,1,10.7,1
SYN-U-17435,48438.95,45106.27,0.6093,0.6437,0.6276,44.5,381,1,0.848,0,0.0,0
SYN-U-17436,16217.05,10647.37,0.7188,0.8297,0.2936,25.7,577,6,0.9423,0,0.0,0
SYN-U-17437,33940.9,23642.66,0.7545,0.6724,0.3819,59.8,226,7,0.921,1,0.6,0
SYN-U-17438,14394.43,11965.61,0.6311,0.304,0.5364,16.4,710,0,1.0,0,0.0,0
SYN-U-17439,21048.57,20339.98,0.8158,0.7892,0.4919,7.0,678,3,0.8625,0,0.0,0
SYN-U-17440,52101.4,48310.17,0.8892,0.8833,0.3145,43.0,643,0,1.0,0,0.0,0
SYN-U-17441,15498.06,11134.66,0.4661,0.4451,0.6916,30.8,1821,2,0.9259,0,0.0,0
SYN-U-17442,32492.04,25185.82,0.7623,0.6658,0.2471,35.3,1584,5,0.8984,1,2.6,0
SYN-U-17443,75368.0,51816.25,0.8551,0.5886,0.2695,57.2,2177,5,0.9551,0,0.0,0
SYN-U-17444,31068.51,20438.29,0.8443,0.577,0.2768,20.1,1616,1,0.9995,0,0.0,0
SYN-U-17445,44482.2,33979.98,0.8523,0.8672,0.4245,21.3,1749,5,0.9509,0,0.0,0
SYN-U-17446,68149.73,46029.9,0.6193,0.2944,0.6117,6.8,2177,3,0.7822,4,17.8,1
SYN-U-17447,29194.4,20924.82,0.8126,0.5832,0.2523,35.4,1101,5,0.9125,0,0.0,0
SYN-U-17448,45434.61,38638.31,0.8023,0.8842,0.41,5.4,2175,3,0.9337,0,0.0,0
SYN-U-17449,14436.57,10154.01,0.2068,0.5393,0.7605,51.6,2336,0,1.0,0,0.0,1
SYN-U-17450,127111.26,91498.75,0.3037,0.1896,0.844,23.0,455,6,0.7041,2,16.3,1
SYN-U-17451,40408.03,34173.81,0.5518,0.4179,0.5113,44.8,1653,5,0.7011,3,4.2,0
SYN-U-17452,32313.96,21705.94,0.8977,0.6145,0.3778,42.3,1367,5,0.8841,2,1.9,0
SYN-U-17453,58868.09,52972.82,0.9228,0.6075,0.1795,25.3,607,5,0.8609,0,0.0,0
SYN-U-17454,15557.51,11228.93,0.9214,0.7645,0.2409,59.7,1757,4,0.9557,0,0.0,0
SYN-U-17455,24353.42,23629.11,0.8336,0.6281,0.3646,64.2,1523,5,0.9309,0,0.0,0
SYN-U-17456,105775.37,81205.0,0.7461,0.7039,0.4952,47.3,919,3,0.8543,0,0.0,0
SYN-U-17457,134647.45,116442.37,0.7955,0.6574,0.5253,57.5,1174,0,1.0,0,0.0,0
SYN-U-17458,39119.87,35259.14,0.8904,0.5815,0.4014,42.3,62,1,0.906,1,0.7,0
SYN-U-17459,41552.01,39850.77,0.9656,0.5634,0.2517,58.3,414,0,1.0,0,0.0,0
SYN-U-17460,94558.9,90979.28,0.8284,0.7808,0.3317,22.4,1128,1,0.8828,0,0.0,0
SYN-U-17461,37399.95,30300.5,0.9486,0.8095,0.3248,20.5,953,6,0.9795,0,0.0,0
SYN-U-17462,221316.88,148305.08,0.7387,0.7942,0.4111,8.8,1532,7,0.9436,0,0.0,0
SYN-U-17463,34005.46,29370.44,0.7796,0.5937,0.2178,59.0,543,0,1.0,0,0.0,0
SYN-U-17464,34867.92,33450.72,0.9165,0.8318,0.2194,60.7,1631,6,0.9254,0,0.0,0
SYN-U-17465,93323.4,68815.46,0.7087,0.7057,0.2712,26.4,2432,4,0.7061,0,0.0,0
SYN-U-17466,30540.66,24062.09,0.8581,0.9178,0.4062,12.7,1711,6,0.9084,2,0.4,0
SYN-U-17467,23526.08,17114.16,0.2577,0.5923,0.4357,59.8,1325,6,0.8788,3,13.0,1
SYN-U-17468,15755.89,13118.41,0.677,0.32,0.8421,31.7,1353,7,0.5192,3,6.5,0
SYN-U-17469,108322.15,75892.0,0.9731,0.8709,0.4941,18.9,770,4,0.8751,2,2.4,0
SYN-U-17470,36994.5,30848.39,0.5265,0.4099,0.4159,58.6,52,0,1.0,0,0.0,0
SYN-U-17471,17530.68,13641.0,0.5909,0.2518,0.791,35.6,109,2,0.6832,0,0.0,1
SYN-U-17472,79542.36,76067.36,0.8459,0.5631,0.1816,26.3,2494,1,0.9587,0,0.0,0
SYN-U-17473,67170.01,50704.74,0.6861,0.4468,0.5718,45.1,1003,6,0.8274,1,2.3,0
SYN-U-17474,82030.88,58561.17,0.8096,0.594,0.2434,33.8,1803,6,0.8576,0,0.0,0
SYN-U-17475,32073.18,23647.61,0.7776,0.6893,0.3643,51.1,136,2,0.9944,0,0.0,0
SYN-U-17476,68824.83,47922.08,0.7419,0.6805,0.4044,64.6,1137,1,0.8712,0,0.0,0
SYN-U-17477,36187.64,24925.49,0.8218,0.7082,0.3607,10.2,2212,3,0.9502,0,0.0,0
SYN-U-17478,76384.65,71956.5,0.6234,0.7455,0.6192,62.6,639,4,0.9481,0,0.0,0
SYN-U-17479,69952.91,63637.91,0.8461,0.7039,0.2354,8.5,2352,5,0.8693,0,0.0,0
SYN-U-17480,42845.81,37954.48,0.8235,0.6217,0.207,24.4,1937,7,0.8529,0,0.0,0
SYN-U-17481,111070.28,104120.0,0.9571,0.8459,0.3074,62.6,2463,7,0.91,0,0.0,0
SYN-U-17482,42616.35,28122.65,0.4662,0.5898,0.5461,61.1,2113,0,1.0,0,0.0,0
SYN-U-17483,183362.27,174041.19,0.8875,0.8362,0.324,42.3,1753,5,0.882,0,0.0,0
SYN-U-17484,54903.0,41573.26,0.7682,0.7147,0.164,17.1,81,2,0.8628,0,0.0,0
SYN-U-17485,43046.22,34041.6,0.9312,0.8541,0.1664,17.8,1018,7,0.9341,0,0.0,0
SYN-U-17486,92508.22,77027.72,0.8901,0.8867,0.1719,16.7,1669,5,0.8705,0,0.0,0
SYN-U-17487,103471.33,73567.9,0.761,0.4629,0.468,24.8,1019,4,0.757,0,0.0,0
SYN-U-17488,70764.3,46897.83,0.9177,0.6078,0.2702,33.5,2301,0,1.0,0,0.0,0
SYN-U-17489,27518.3,19854.54,0.5997,0.5735,0.4445,45.0,1214,4,0.5508,0,0.0,0
SYN-U-17490,62878.08,59960.0,0.504,0.799,0.2874,9.6,1254,0,1.0,0,0.0,0
SYN-U-17491,23822.71,18225.25,0.7625,0.5792,0.3584,59.5,2130,5,0.9723,2,0.6,0
SYN-U-17492,13853.49,11490.78,0.855,0.5915,0.2755,33.3,2221,6,0.9992,2,0.3,0
SYN-U-17493,44736.97,30740.74,0.7009,0.5535,0.3191,57.9,2339,1,0.9696,1,2.0,0
SYN-U-17494,41221.47,40010.52,0.973,0.5816,0.3573,60.2,414,6,0.9127,1,0.2,0
SYN-U-17495,102139.03,95486.92,0.8898,0.8139,0.4079,44.6,2434,3,0.9292,0,0.0,0
SYN-U-17496,123451.32,115186.07,0.8431,0.7912,0.2904,24.8,1340,6,0.706,1,3.1,0
SYN-U-17497,20653.85,18153.72,0.5918,0.7142,0.5459,59.1,1733,7,0.8578,1,4.8,0
SYN-U-17498,21720.77,18012.07,0.3689,0.5171,0.5191,48.1,460,7,0.694,4,17.2,1
SYN-U-17499,84346.87,76027.14,0.6061,0.7597,0.3207,29.8,1781,5,0.9276,0,0.0,0
SYN-U-17500,40569.39,37431.21,0.885,0.8898,0.1883,35.9,885,4,0.9856,0,0.0,0
SYN-U-17501,22911.77,19546.06,0.9627,0.771,0.2677,6.5,1757,3,0.8766,0,0.0,0
SYN-U-17502,19354.17,18088.64,0.2645,0.6008,0.7464,47.8,1093,2,0.8833,0,0.0,1
SYN-U-17503,89913.79,59228.51,0.5333,0.7966,0.596,43.4,1275,2,0.7527,1,7.3,0
SYN-U-17504,35786.31,26187.93,0.8768,0.766,0.3072,48.8,414,0,1.0,0,0.0,0
SYN-U-17505,127994.86,116312.66,0.7203,0.4659,0.489,35.1,1050,7,0.8962,0,0.0,0
SYN-U-17506,91613.02,78605.54,0.358,0.5251,0.6458,20.7,1643,7,0.5496,1,11.9,1
SYN-U-17507,55667.0,52764.67,0.9441,0.5615,0.186,62.9,1691,0,1.0,0,0.0,0
SYN-U-17508,27733.35,25147.08,0.7541,0.6209,0.3312,61.6,2043,2,0.9878,0,0.0,0
SYN-U-17509,70329.95,61362.35,0.7894,0.7713,0.2322,22.2,2079,5,0.9496,0,0.0,0
SYN-U-17510,42535.16,32405.59,0.7135,0.6937,0.6092,30.9,574,1,0.7237,1,2.5,0
SYN-U-17511,29396.06,20631.35,0.8663,0.5899,0.4045,24.3,165,4,0.9105,0,0.0,0
SYN-U-17512,50073.86,41563.3,0.7489,0.6915,0.4762,53.2,546,5,0.868,0,0.0,0
SYN-U-17513,58159.76,52520.6,0.7654,0.8172,0.1672,8.7,1831,4,0.9937,0,0.0,0
SYN-U-17514,84819.17,59656.02,0.5294,0.7576,0.3287,16.7,1991,3,0.8127,1,2.6,0
SYN-U-17515,106490.38,89710.89,0.6676,0.3589,0.7018,39.4,321,3,0.6627,1,3.2,0
SYN-U-17516,63715.04,52431.02,0.8315,0.7498,0.4427,15.8,422,4,0.8578,0,0.0,0
SYN-U-17517,58555.74,44274.17,0.7409,0.7428,0.1957,46.1,448,7,0.9899,0,0.0,0
SYN-U-17518,16341.04,15899.46,0.5225,0.6337,0.4192,29.4,1732,0,1.0,0,0.0,0
SYN-U-17519,86694.23,74915.54,0.6181,0.7837,0.4239,28.6,1761,7,0.7916,0,0.0,0
SYN-U-17520,42795.85,30890.84,0.8242,0.816,0.3744,16.1,616,6,0.9239,0,0.0,0
SYN-U-17521,49554.63,39535.77,0.9522,0.6796,0.4329,25.3,778,1,0.8695,0,0.0,0
SYN-U-17522,19595.44,14863.96,0.2944,0.3706,0.7183,60.2,1916,3,0.5139,0,0.0,1
SYN-U-17523,95653.57,92606.14,0.7191,0.564,0.1601,62.3,223,2,0.8914,0,0.0,0
SYN-U-17524,184044.48,168063.19,0.8704,0.696,0.2416,51.7,2047,0,1.0,0,0.0,0
SYN-U-17525,56090.69,49395.29,0.8158,0.5544,0.2874,46.7,1213,7,0.8857,0,0.0,0
SYN-U-17526,62694.92,46466.42,0.7021,0.6847,0.2834,27.9,2062,5,0.8586,0,0.0,0
SYN-U-17527,119119.28,89178.53,0.8075,0.6551,0.5675,45.9,472,2,0.8342,2,6.9,0
SYN-U-17528,60756.68,53359.87,0.9731,0.7603,0.3339,43.1,656,6,0.9011,1,0.7,0
SYN-U-17529,43439.04,40067.86,0.9622,0.886,0.4493,18.0,1019,7,0.9307,0,0.0,0
SYN-U-17530,17187.33,12161.67,0.4819,0.2095,0.4553,15.7,137,0,1.0,0,0.0,0
SYN-U-17531,41894.97,34735.71,0.8821,0.6256,0.1543,38.2,458,3,0.988,0,0.0,0
SYN-U-17532,47686.39,36723.27,0.8062,0.7749,0.2032,52.5,2165,5,0.8875,0,0.0,0
SYN-U-17533,115235.16,76482.29,0.7964,0.4726,0.2625,26.9,1289,2,0.8323,0,0.0,0
SYN-U-17534,59568.43,51425.21,0.6925,0.6279,0.6,53.3,1969,0,1.0,0,0.0,0
SYN-U-17535,53053.28,48921.81,0.8784,0.9162,0.4023,27.2,2337,2,0.9663,0,0.0,0
SYN-U-17536,69225.43,50937.11,0.6854,0.6114,0.5749,40.1,2027,3,0.8278,0,0.0,0
SYN-U-17537,71856.71,47307.84,0.7575,0.8731,0.3637,37.2,1221,2,0.9755,0,0.0,0
SYN-U-17538,55650.58,48005.24,0.7857,0.6739,0.3846,51.7,2147,2,0.8736,1,2.8,0
SYN-U-17539,48446.28,46653.43,0.8849,0.5867,0.262,57.0,453,3,0.9135,1,1.9,0
SYN-U-17540,122362.33,99358.29,0.7039,0.9145,0.244,20.5,2167,7,0.9287,0,0.0,0
SYN-U-17541,66217.89,56357.11,0.6966,0.4061,0.4596,56.6,126,5,0.7566,0,0.0,0
SYN-U-17542,38603.68,34133.46,0.8786,0.6014,0.1988,8.1,536,6,0.9501,1,1.8,0
SYN-U-17543,253155.22,166552.53,0.7088,0.8021,0.4183,34.3,801,6,0.9978,0,0.0,0
SYN-U-17544,53456.99,46909.59,0.7593,0.6754,0.6099,57.4,797,7,0.8745,0,0.0,0
SYN-U-17545,30968.95,29414.24,0.9532,0.7105,0.4042,20.8,2081,5,0.9339,0,0.0,0
SYN-U-17546,19802.24,15647.05,0.6366,0.3393,0.4657,18.2,1630,2,0.8273,4,8.9,0
SYN-U-17547,47817.62,34540.65,0.8708,0.847,0.2269,51.8,1515,2,0.9058,0,0.0,0
SYN-U-17548,111756.39,80106.11,0.7098,0.7819,0.1666,49.2,2149,1,0.9221,0,0.0,0
SYN-U-17549,82995.49,69955.37,0.7256,0.8077,0.1717,53.9,2430,0,1.0,0,0.0,0
SYN-U-17550,36358.65,33717.89,0.9014,0.8132,0.2198,33.8,2401,1,0.8924,0,0.0,0
SYN-U-17551,59777.85,56656.04,0.9148,0.8355,0.176,42.5,1984,0,1.0,0,0.0,0
SYN-U-17552,195587.64,164799.04,0.6209,0.5046,0.26,5.9,284,4,0.8877,3,2.8,0
SYN-U-17553,15604.91,12169.02,0.7819,0.4091,0.313,57.9,958,2,0.7888,0,0.0,0
SYN-U-17554,124597.98,95770.96,0.9386,0.6902,0.4908,20.1,409,0,1.0,0,0.0,0
SYN-U-17555,16655.75,11075.25,0.362,0.6126,0.4306,24.3,1885,1,0.5609,0,0.0,0
SYN-U-17556,98282.68,68676.42,0.811,0.6362,0.4423,33.6,1438,2,0.7305,1,2.3,0
SYN-U-17557,152738.78,120665.86,0.9612,0.8078,0.2221,13.8,2064,0,1.0,0,0.0,0
SYN-U-17558,37288.93,27942.36,0.8572,0.5727,0.2353,27.7,165,5,0.8775,0,0.0,0
SYN-U-17559,109386.84,72855.25,0.5303,0.6773,0.418,36.4,1451,6,0.8406,1,5.8,0
SYN-U-17560,108105.69,87429.89,0.8114,0.8054,0.4534,20.7,2447,6,0.8887,1,1.3,0
SYN-U-17561,13438.77,11978.04,0.6285,0.6157,0.6234,54.5,884,1,0.7268,0,0.0,0
SYN-U-17562,16796.25,16220.0,0.7841,0.626,0.3052,22.6,2133,0,1.0,0,0.0,0
SYN-U-17563,57093.84,45981.35,0.4454,0.6204,0.6241,48.0,1719,2,0.8675,2,16.7,1
SYN-U-17564,53423.21,36297.08,0.6349,0.4454,0.6974,5.5,2110,2,0.8912,0,0.0,0
SYN-U-17565,67527.66,44039.36,0.9532,0.8993,0.4921,9.7,2434,1,0.9527,0,0.0,0
SYN-U-17566,83062.38,77069.54,0.4741,0.606,0.6613,56.6,576,5,0.6852,0,0.0,0
SYN-U-17567,41415.99,39293.42,0.7469,0.5882,0.3215,26.8,145,4,0.9116,0,0.0,0
SYN-U-17568,54734.82,44315.48,0.972,0.6707,0.3014,29.9,2390,7,0.8655,0,0.0,0
SYN-U-17569,83296.32,66762.91,0.7656,0.7932,0.1716,57.3,690,6,0.9671,0,0.0,0
SYN-U-17570,19798.3,14338.82,0.6823,0.5606,0.7336,27.8,1341,1,0.7404,0,0.0,0
SYN-U-17571,36799.78,32116.95,0.7936,0.8967,0.4502,26.7,2290,2,0.9409,0,0.0,0
SYN-U-17572,240811.11,161072.14,0.849,0.6283,0.3065,63.8,522,4,0.874,0,0.0,0
SYN-U-17573,36495.31,25909.91,0.874,0.5745,0.3775,45.1,2053,2,0.9822,0,0.0,0
SYN-U-17574,95068.02,70737.35,0.5579,0.544,0.6105,31.0,492,3,0.9643,1,4.9,0
SYN-U-17575,50779.73,43145.94,0.2435,0.1784,0.41,23.3,1238,4,0.5566,0,0.0,1
SYN-U-17576,14940.4,10764.0,0.6158,0.2303,0.5508,44.0,1505,3,0.8784,1,16.1,1
SYN-U-17577,66050.48,57882.12,0.6132,0.5175,0.2684,53.5,879,5,0.9278,0,0.0,0
SYN-U-17578,52895.43,49518.58,0.8635,0.9163,0.2262,42.1,2413,4,0.9619,0,0.0,0
SYN-U-17579,36143.69,30955.48,0.6957,0.4787,0.6222,15.7,1151,5,0.8167,0,0.0,0
SYN-U-17580,92354.21,62989.83,0.7266,0.5841,0.4255,18.3,1822,0,1.0,0,0.0,0
SYN-U-17581,48933.73,32358.69,0.8147,0.8828,0.2204,52.6,2414,4,0.9489,0,0.0,0
SYN-U-17582,34269.24,30083.62,0.7021,0.182,0.7755,57.4,2035,3,0.525,1,10.5,1
SYN-U-17583,73798.78,52069.92,0.7116,0.4259,0.2586,30.5,2332,3,0.8514,0,0.0,0
SYN-U-17584,155041.29,147504.06,0.7044,0.7789,0.3913,19.9,1480,6,0.9889,1,1.0,0
SYN-U-17585,84592.62,56888.57,0.7635,0.8871,0.2318,17.2,354,0,1.0,0,0.0,0
SYN-U-17586,57567.82,43074.83,0.5767,0.4649,0.6433,11.1,404,6,0.9495,0,0.0,1
SYN-U-17587,31109.16,26838.78,0.7372,0.6069,0.5361,38.9,2373,1,0.5114,1,10.8,0
SYN-U-17588,28586.68,25406.83,0.74,0.7065,0.3829,19.2,317,2,0.9965,0,0.0,0
SYN-U-17589,38175.68,35191.33,0.2094,0.4122,0.4335,21.2,412,6,0.8005,1,13.5,1
SYN-U-17590,20141.98,14631.96,0.5916,0.6684,0.2752,39.4,364,7,0.923,0,0.0,0
SYN-U-17591,103847.74,91168.87,0.8252,0.571,0.3986,53.3,899,4,0.9969,1,2.2,0
SYN-U-17592,74516.1,69028.76,0.7062,0.5314,0.2977,27.6,1458,2,0.9517,2,5.2,0
SYN-U-17593,42860.71,28196.76,0.7119,0.5987,0.4043,22.7,543,6,0.9907,0,0.0,0
SYN-U-17594,21782.89,18096.02,0.5558,0.6145,0.4481,59.3,1788,1,0.7905,0,0.0,0
SYN-U-17595,178581.75,173957.09,0.5484,0.5273,0.517,6.0,729,1,0.9619,0,0.0,0
SYN-U-17596,70502.75,46532.53,0.8846,0.8273,0.32,15.4,638,1,0.888,0,0.0,0
SYN-U-17597,32946.57,21989.2,0.7645,0.8005,0.263,23.6,550,1,0.9875,0,0.0,0
SYN-U-17598,14507.51,10963.55,0.9065,0.7207,0.192,33.5,390,2,0.8574,0,0.0,0
SYN-U-17599,58431.08,51836.91,0.9079,0.5956,0.1549,43.1,1654,3,0.9699,0,0.0,0
SYN-U-17600,29457.43,28050.44,0.8928,0.8106,0.2248,11.5,893,3,0.994,0,0.0,0
SYN-U-17601,29425.18,24869.05,0.2942,0.4695,0.7545,43.0,2288,6,0.8297,2,14.5,1
SYN-U-17602,41636.0,36322.06,0.9684,0.6246,0.3691,42.5,2305,6,0.9314,0,0.0,0
SYN-U-17603,75118.11,67092.89,0.826,0.627,0.3245,59.7,691,1,0.7045,1,7.8,0
SYN-U-17604,52349.08,36558.89,0.793,0.5633,0.4213,10.9,1096,2,0.9757,0,0.0,0
SYN-U-17605,15031.15,10695.78,0.3315,0.5581,0.8547,10.3,856,0,1.0,0,0.0,0
SYN-U-17606,52791.77,45240.61,0.7869,0.6228,0.6413,24.6,1894,3,0.9472,2,7.7,0
SYN-U-17607,42018.78,27424.78,0.9319,0.8315,0.2951,31.9,1945,4,0.8663,0,0.0,0
SYN-U-17608,43478.29,34440.94,0.9388,0.6852,0.1569,7.3,1366,5,0.9189,0,0.0,0
SYN-U-17609,25861.35,18528.86,0.7429,0.6368,0.8615,46.3,623,7,0.6828,1,8.9,0
SYN-U-17610,42449.9,41290.73,0.9645,0.5759,0.3016,13.2,280,2,0.8735,0,0.0,0
SYN-U-17611,22703.83,20576.59,0.8102,0.6452,0.4089,34.6,1520,1,0.9693,0,0.0,0
SYN-U-17612,56630.14,40250.16,0.7766,0.7887,0.4678,52.4,1205,2,0.9189,0,0.0,0
SYN-U-17613,23692.19,18872.74,0.5013,0.4668,0.4928,12.5,1962,2,0.5224,2,3.2,0
SYN-U-17614,72061.62,68985.69,0.756,0.9068,0.3483,48.6,365,5,0.9324,0,0.0,0
SYN-U-17615,38184.05,30148.29,0.7064,0.9111,0.1871,16.5,1224,0,1.0,0,0.0,0
SYN-U-17616,47171.69,41103.3,0.9423,0.7851,0.2404,35.6,1113,1,0.8537,0,0.0,0
SYN-U-17617,92248.25,86631.51,0.8381,0.5531,0.1588,16.6,569,4,0.9721,0,0.0,0
SYN-U-17618,44307.17,34692.34,0.8317,0.6545,0.2201,43.6,1881,1,0.8563,1,0.1,0
SYN-U-17619,32179.15,26803.31,0.7282,0.244,0.6597,27.3,1608,0,1.0,0,0.0,0
SYN-U-17620,43869.18,40975.49,0.881,0.7204,0.2667,9.4,514,7,0.8872,0,0.0,0
SYN-U-17621,58249.24,48575.67,0.7301,0.6659,0.4685,57.2,461,7,0.8106,2,6.3,0
SYN-U-17622,98834.24,75036.51,0.9658,0.7637,0.1964,16.6,1591,0,1.0,0,0.0,0
SYN-U-17623,55609.99,38675.43,0.8675,0.6951,0.1563,6.2,471,1,0.8552,0,0.0,0
SYN-U-17624,63485.67,43526.86,0.71,0.91,0.2783,64.9,756,7,0.967,2,1.9,0
SYN-U-17625,58263.47,42169.13,0.703,0.9047,0.4002,46.9,2287,2,0.865,0,0.0,0
SYN-U-17626,104678.1,96239.77,0.4702,0.3532,0.7008,25.0,1050,0,1.0,0,0.0,0
SYN-U-17627,154925.79,113119.64,0.5083,0.4587,0.4611,62.2,114,3,0.9013,3,6.4,0
SYN-U-17628,27543.07,22792.87,0.5696,0.482,0.5096,64.0,520,2,0.5123,0,0.0,0
SYN-U-17629,14527.13,10572.8,0.6445,0.2476,0.7882,13.8,716,1,0.911,0,0.0,0
SYN-U-17630,51359.09,35126.48,0.9705,0.5516,0.3207,54.1,977,2,0.9595,0,0.0,0
SYN-U-17631,80591.43,73646.5,0.7025,0.5321,0.3034,27.2,2233,5,0.8609,0,0.0,0
SYN-U-17632,84991.71,73525.17,0.6209,0.7557,0.3081,36.8,350,7,0.7927,1,4.9,0
SYN-U-17633,46945.86,37276.81,0.7844,0.662,0.2336,17.8,2228,3,0.9263,0,0.0,0
SYN-U-17634,56226.63,48609.52,0.9582,0.7679,0.2585,51.3,2105,5,0.9071,0,0.0,0
SYN-U-17635,29049.3,22532.06,0.9257,0.5503,0.3426,7.2,825,3,0.8691,1,1.5,0
SYN-U-17636,47032.98,38268.9,0.9618,0.9117,0.1619,61.5,1667,3,0.9169,0,0.0,0
SYN-U-17637,13933.79,12570.15,0.585,0.3119,0.5383,39.5,920,1,0.8119,3,7.6,1
SYN-U-17638,16033.45,11781.55,0.7233,0.9149,0.2334,40.1,1635,0,1.0,0,0.0,0
SYN-U-17639,52972.19,48738.7,0.957,0.5574,0.4251,6.2,1256,7,0.8532,0,0.0,0
SYN-U-17640,109082.3,105971.21,0.6085,0.4084,0.4739,24.2,811,7,0.8599,1,7.7,0
SYN-U-17641,15970.86,12755.29,0.6449,0.5991,0.4434,50.9,1972,1,0.6499,1,8.2,0
SYN-U-17642,51326.48,50053.81,0.5058,0.5317,0.2787,59.6,1572,2,0.9174,0,0.0,0
SYN-U-17643,216603.29,177189.95,0.7382,0.6982,0.3019,27.1,1780,3,0.9281,0,0.0,0
SYN-U-17644,16107.86,11712.08,0.4041,0.6495,0.4529,55.8,2436,7,0.9147,0,0.0,0
SYN-U-17645,34911.38,24685.65,0.9467,0.595,0.2409,43.2,1607,2,0.8785,0,0.0,0
SYN-U-17646,60940.87,43043.11,0.5336,0.586,0.4884,20.9,1388,5,0.9424,3,6.8,0
SYN-U-17647,89087.35,62663.17,0.9199,0.8822,0.277,22.1,1032,0,1.0,0,0.0,0
SYN-U-17648,22576.23,16190.16,0.7776,0.8035,0.3909,43.0,919,1,0.8935,1,0.7,0
SYN-U-17649,42836.37,33341.11,0.8263,0.6782,0.4464,30.2,889,5,0.9362,1,2.8,0
SYN-U-17650,93734.18,89783.49,0.5967,0.4093,0.428,23.0,1098,6,0.9318,1,7.5,0
SYN-U-17651,29756.41,26858.91,0.9473,0.8534,0.3607,61.0,1251,6,0.8666,1,1.2,0
SYN-U-17652,136302.36,106859.49,0.8992,0.5513,0.439,16.6,1493,6,0.9785,1,2.4,0
SYN-U-17653,93775.15,71326.02,0.9282,0.576,0.1652,29.4,630,7,0.9919,0,0.0,0
SYN-U-17654,14753.68,9854.17,0.2403,0.3699,0.8547,32.6,1551,7,0.7135,3,10.8,1
SYN-U-17655,18184.23,12185.13,0.4761,0.1849,0.8372,31.0,271,6,0.8474,2,8.8,1
SYN-U-17656,54413.9,36827.34,0.299,0.5548,0.5515,8.2,2129,1,0.7972,0,0.0,0
SYN-U-17657,23089.39,18751.81,0.7679,0.594,0.1964,64.8,1375,7,0.9012,1,1.8,0
SYN-U-17658,62569.89,44754.29,0.9292,0.8835,0.3391,11.3,754,3,0.9609,1,0.6,0
SYN-U-17659,14369.71,14037.47,0.6663,0.4949,0.7626,30.5,1119,7,0.7285,0,0.0,0
SYN-U-17660,44200.28,33088.82,0.9113,0.7028,0.429,9.0,1353,4,0.9011,0,0.0,0
SYN-U-17661,102928.43,69073.84,0.7251,0.3102,0.7515,62.1,776,6,0.5778,0,0.0,0
SYN-U-17662,46860.39,37226.85,0.8216,0.7545,0.4893,20.8,1536,0,1.0,0,0.0,0
SYN-U-17663,90806.28,75651.0,0.6548,0.3568,0.4415,28.2,1963,6,0.6131,1,8.2,0
SYN-U-17664,30647.28,27950.86,0.3166,0.5581,0.5271,32.1,2243,5,0.5591,0,0.0,0
SYN-U-17665,35595.03,24827.78,0.7589,0.6028,0.2949,41.0,2005,0,1.0,0,0.0,0
SYN-U-17666,138489.74,100456.42,0.7345,0.8387,0.2579,25.4,1855,7,0.8662,2,1.8,0
SYN-U-17667,56782.86,36955.94,0.7468,0.6629,0.2509,8.8,1380,0,1.0,0,0.0,0
SYN-U-17668,88439.01,70340.02,0.2037,0.1676,0.5961,22.3,1190,7,0.6075,3,14.8,1
SYN-U-17669,68221.77,57167.75,0.8403,0.6574,0.3739,12.8,2216,5,0.9818,0,0.0,0
SYN-U-17670,66426.26,58988.55,0.5378,0.437,0.4623,42.1,1337,2,0.9745,0,0.0,0
SYN-U-17671,19454.99,18086.75,0.6069,0.548,0.6421,7.5,155,0,1.0,0,0.0,0
SYN-U-17672,124967.95,90559.2,0.7971,0.5534,0.5679,11.0,1019,0,1.0,0,0.0,0
SYN-U-17673,27571.32,17990.72,0.9271,0.7022,0.328,16.9,572,2,0.9172,0,0.0,0
SYN-U-17674,123130.63,95493.41,0.7756,0.6915,0.4394,9.8,940,3,0.8973,0,0.0,0
SYN-U-17675,39512.67,27166.82,0.9722,0.8254,0.2615,59.3,1647,4,0.9833,0,0.0,0
SYN-U-17676,104932.39,85698.88,0.9462,0.5964,0.3183,17.7,2059,4,0.9915,0,0.0,0
SYN-U-17677,154822.71,141598.69,0.6211,0.7042,0.4929,45.6,1518,6,0.9114,1,5.9,0
SYN-U-17678,23489.09,21030.38,0.9524,0.797,0.1972,27.2,434,6,0.9819,0,0.0,0
SYN-U-17679,95962.91,63594.19,0.7692,0.5972,0.4624,39.2,1229,2,0.8791,1,2.8,0
SYN-U-17680,18802.23,14570.73,0.2074,0.6251,0.7849,21.9,1730,4,0.6634,3,16.6,1
SYN-U-17681,19825.43,15526.27,0.7648,0.8801,0.1591,53.9,258,4,0.919,0,0.0,0
SYN-U-17682,94762.79,88996.09,0.7242,0.6957,0.2885,51.5,1885,5,0.9149,1,0.5,0
SYN-U-17683,31401.07,25958.26,0.9623,0.7449,0.2038,20.1,1139,5,0.8585,0,0.0,0
SYN-U-17684,16947.76,13629.36,0.3457,0.4322,0.5826,35.2,882,4,0.7215,1,4.2,0
SYN-U-17685,48561.13,37645.73,0.7998,0.5991,0.3088,63.5,650,0,1.0,0,0.0,0
SYN-U-17686,92756.06,66202.07,0.6593,0.6006,0.4421,52.4,2148,0,1.0,0,0.0,0
SYN-U-17687,57910.26,41994.04,0.6598,0.5071,0.2707,8.5,1558,1,0.876,1,2.6,0
SYN-U-17688,51453.61,34748.77,0.7945,0.8266,0.1792,55.3,2401,4,0.8842,0,0.0,0
SYN-U-17689,51402.21,36646.56,0.5647,0.6621,0.2714,46.7,889,3,0.7844,0,0.0,0
SYN-U-17690,108102.31,77032.98,0.7553,0.9184,0.4714,6.7,668,7,0.8502,0,0.0,0
SYN-U-17691,21275.24,17302.87,0.9165,0.8308,0.3158,12.6,2061,6,0.9914,1,0.8,0
SYN-U-17692,43507.98,35691.37,0.8656,0.7528,0.4102,30.8,918,4,0.863,0,0.0,0
SYN-U-17693,45574.01,38597.3,0.7256,0.5981,0.4166,33.0,856,3,0.9043,0,0.0,0
SYN-U-17694,96721.05,79944.48,0.5322,0.4458,0.5873,6.5,191,3,0.7889,0,0.0,0
SYN-U-17695,122925.55,95663.95,0.909,0.6974,0.3799,10.9,2041,7,0.9884,0,0.0,0
SYN-U-17696,26746.79,22957.35,0.2177,0.1692,0.6389,25.1,442,6,0.7587,1,15.0,1
SYN-U-17697,150330.62,135451.78,0.8845,0.696,0.3147,43.4,1076,0,1.0,0,0.0,0
SYN-U-17698,44489.74,41028.34,0.9197,0.8018,0.3565,31.2,756,0,1.0,0,0.0,0
SYN-U-17699,15358.08,13535.79,0.9182,0.7224,0.4863,55.0,1838,5,0.9111,0,0.0,0
SYN-U-17700,63542.36,60194.16,0.6013,0.3661,0.6992,13.8,415,7,0.8112,1,11.4,0
SYN-U-17701,24272.11,18549.3,0.6948,0.6746,0.3907,7.9,719,4,0.8358,1,7.4,0
SYN-U-17702,93219.91,65922.99,0.6419,0.5443,0.5665,14.7,1181,5,0.7088,2,4.4,0
SYN-U-17703,54072.96,43507.56,0.268,0.3205,0.6485,45.8,1135,2,0.6306,0,0.0,1
SYN-U-17704,23564.62,17190.73,0.9609,0.863,0.232,30.3,1731,6,0.9821,0,0.0,0
SYN-U-17705,34694.6,24574.27,0.9627,0.6592,0.3966,54.6,542,1,0.961,0,0.0,0
SYN-U-17706,50752.04,47796.91,0.6408,0.6721,0.5759,48.4,197,6,0.7987,0,0.0,0
SYN-U-17707,22737.4,16684.96,0.7327,0.9175,0.2847,27.1,473,5,0.8887,1,0.8,0
SYN-U-17708,57506.93,45170.36,0.7266,0.7503,0.196,46.5,1334,3,0.8936,1,0.3,0
SYN-U-17709,105154.9,99808.19,0.9596,0.6917,0.4422,46.0,1052,3,0.8647,1,2.5,0
SYN-U-17710,31367.62,21456.43,0.6062,0.4734,0.8002,56.4,1446,2,0.6257,0,0.0,0
SYN-U-17711,36018.01,24059.0,0.8327,0.7144,0.2169,55.9,939,6,0.8792,0,0.0,0
SYN-U-17712,68199.56,48709.13,0.5524,0.4863,0.6893,31.6,1418,7,0.5894,0,0.0,0
SYN-U-17713,41703.65,40425.04,0.8331,0.5758,0.2607,54.1,1551,0,1.0,0,0.0,0
SYN-U-17714,115743.96,108932.09,0.5518,0.5084,0.5487,14.9,691,7,0.7446,0,0.0,0
SYN-U-17715,50391.69,48388.12,0.8504,0.7438,0.4686,33.9,1311,4,0.9715,0,0.0,0
SYN-U-17716,36340.8,25730.73,0.5623,0.5074,0.7451,26.6,1787,5,0.5532,0,0.0,0
SYN-U-17717,15460.14,14384.63,0.5722,0.4979,0.4144,22.7,2151,5,0.7511,1,3.5,0
SYN-U-17718,220786.23,198819.4,0.8848,0.6457,0.4851,50.2,473,1,0.8802,0,0.0,0
SYN-U-17719,66913.83,53710.93,0.5593,0.5999,0.2667,32.5,2132,5,0.8075,1,7.1,0
SYN-U-17720,53982.51,35101.66,0.8305,0.7291,0.2851,18.4,1590,4,0.9619,0,0.0,0
SYN-U-17721,71703.62,70138.72,0.7987,0.8812,0.4924,39.5,2476,7,0.8753,0,0.0,0
SYN-U-17722,24248.49,19637.97,0.4916,0.3742,0.5632,38.1,671,3,0.5952,1,12.1,0
SYN-U-17723,33202.96,29840.37,0.2409,0.3108,0.7495,38.0,2429,6,0.7874,1,4.3,1
SYN-U-17724,82763.7,65335.68,0.8723,0.9022,0.2738,24.9,60,4,0.964,0,0.0,0
SYN-U-17725,15405.38,11934.21,0.6549,0.5686,0.8461,57.5,1066,7,0.6826,0,0.0,0
SYN-U-17726,17863.45,16152.59,0.4433,0.2687,0.564,31.5,645,0,1.0,0,0.0,1
SYN-U-17727,26919.17,20723.44,0.4726,0.3313,0.7151,8.2,414,5,0.8742,1,13.6,1
SYN-U-17728,14735.17,11244.48,0.5611,0.5062,0.4875,18.9,631,6,0.8541,0,0.0,0
SYN-U-17729,100379.77,96750.46,0.8618,0.858,0.3117,23.6,1022,1,0.9549,0,0.0,0
SYN-U-17730,13815.28,9075.59,0.7315,0.683,0.2572,5.6,1234,0,1.0,0,0.0,0
SYN-U-17731,38617.89,27009.97,0.8581,0.5746,0.1565,63.2,818,5,0.9907,1,1.7,0
SYN-U-17732,200538.59,182390.7,0.616,0.7034,0.6008,28.3,1465,7,0.7322,0,0.0,0
SYN-U-17733,54452.27,43174.62,0.8817,0.6161,0.4242,40.3,2088,5,0.9928,0,0.0,0
SYN-U-17734,78843.68,61493.19,0.8111,0.6625,0.1579,5.3,353,2,0.9892,2,2.7,0
SYN-U-17735,176664.1,122342.02,0.9702,0.756,0.1847,7.4,1679,3,0.9095,0,0.0,0
SYN-U-17736,53365.92,51395.39,0.9185,0.6257,0.3224,41.2,474,5,0.9527,0,0.0,0
SYN-U-17737,18972.41,14145.21,0.2749,0.1947,0.5547,18.0,1741,6,0.7787,1,12.1,1
SYN-U-17738,72008.15,70005.2,0.4746,0.4594,0.8257,30.1,1203,6,0.5673,1,4.6,0
SYN-U-17739,67085.37,58935.71,0.6073,0.426,0.5377,51.3,1715,0,1.0,0,0.0,0
SYN-U-17740,16809.49,14678.1,0.5783,0.4407,0.3123,5.5,1760,0,1.0,0,0.0,0
SYN-U-17741,81366.67,61807.55,0.5561,0.6522,0.3692,60.1,1734,0,1.0,0,0.0,0
SYN-U-17742,97026.76,83597.24,0.8323,0.6033,0.3265,58.4,1633,2,0.8884,0,0.0,0
SYN-U-17743,45823.28,41669.07,0.9271,0.7859,0.1687,43.3,910,2,0.8704,0,0.0,0
SYN-U-17744,26680.47,25832.23,0.3944,0.377,0.7462,56.7,1571,0,1.0,0,0.0,0
SYN-U-17745,13162.14,10503.05,0.6637,0.4298,0.4183,23.5,1373,1,0.5741,0,0.0,0
SYN-U-17746,116337.36,100074.06,0.8876,0.7581,0.407,16.0,2361,5,0.8907,0,0.0,0
SYN-U-17747,38960.44,26742.14,0.5655,0.4867,0.8614,9.7,1952,3,0.7729,0,0.0,0
SYN-U-17748,44631.92,37018.58,0.5741,0.3972,0.5312,10.1,645,0,1.0,0,0.0,0
SYN-U-17749,62259.65,41704.78,0.3078,0.4587,0.7572,54.6,718,4,0.627,1,16.6,1
SYN-U-17750,35311.41,31015.5,0.9346,0.7929,0.4738,47.2,1457,4,0.9834,0,0.0,0
SYN-U-17751,36378.66,30116.78,0.7214,0.5643,0.2553,33.6,182,1,0.9692,1,0.7,0
SYN-U-17752,64471.32,44833.88,0.716,0.8923,0.2055,32.3,330,7,0.9007,0,0.0,0
SYN-U-17753,37316.11,36185.37,0.8706,0.8773,0.1627,28.4,1636,4,0.9089,0,0.0,0
SYN-U-17754,112166.41,92450.45,0.9746,0.858,0.2541,61.8,1273,2,0.8602,1,2.5,0
SYN-U-17755,171855.44,123719.93,0.7681,0.8248,0.3784,26.4,1494,1,0.9774,0,0.0,0
SYN-U-17756,75212.48,54707.54,0.7119,0.5574,0.5255,26.8,2302,5,0.9031,0,0.0,0
SYN-U-17757,64203.72,44531.33,0.7307,0.5818,0.3367,47.2,480,0,1.0,0,0.0,0
SYN-U-17758,87925.07,62704.84,0.9455,0.6163,0.3525,57.6,344,7,0.8781,1,0.5,0
SYN-U-17759,16335.35,11067.19,0.22,0.2751,0.6006,25.6,1925,1,0.7236,3,14.8,1
SYN-U-17760,43027.86,35255.21,0.9671,0.641,0.3767,5.4,990,5,0.9003,0,0.0,0
SYN-U-17761,21674.66,19144.18,0.2818,0.4563,0.7514,48.5,2274,6,0.921,2,12.0,1
SYN-U-17762,35195.15,24303.5,0.7423,0.5868,0.4393,53.9,1207,4,0.9018,0,0.0,0
SYN-U-17763,54703.16,50826.91,0.7051,0.829,0.2273,51.5,2481,5,0.8752,0,0.0,0
SYN-U-17764,52084.83,44299.79,0.6255,0.5005,0.4142,5.8,1386,1,0.9756,0,0.0,0
SYN-U-17765,101959.61,86047.93,0.9258,0.5994,0.3708,61.0,680,1,0.9307,1,1.3,0
SYN-U-17766,39243.47,36829.65,0.8225,0.7958,0.2029,61.3,1768,0,1.0,0,0.0,0
SYN-U-17767,73568.39,67809.22,0.927,0.6336,0.3376,59.9,618,5,0.9245,0,0.0,0
SYN-U-17768,61278.64,51516.23,0.5932,0.5425,0.5166,8.0,1605,4,0.9135,2,7.6,0
SYN-U-17769,25435.82,21402.65,0.6777,0.1779,0.8615,8.7,1857,4,0.6828,1,8.1,0
SYN-U-17770,84209.14,67526.77,0.2533,0.543,0.4601,15.2,1950,2,0.9464,1,7.0,1
SYN-U-17771,136757.61,132595.18,0.7405,0.9017,0.4142,48.6,949,1,0.8931,0,0.0,0
SYN-U-17772,86233.58,76107.74,0.5054,0.4166,0.375,63.2,763,0,1.0,0,0.0,0
SYN-U-17773,16591.87,11332.61,0.6436,0.5956,0.6555,23.8,1364,2,0.5571,1,10.4,0
SYN-U-17774,208308.66,193409.95,0.9671,0.608,0.3326,31.4,150,3,0.8763,0,0.0,0
SYN-U-17775,44914.52,38544.81,0.7529,0.7611,0.4679,21.6,731,4,0.9878,1,0.6,0
SYN-U-17776,240394.07,161885.33,0.6322,0.5117,0.5686,20.9,1445,0,1.0,0,0.0,0
SYN-U-17777,51018.44,39852.9,0.8379,0.7365,0.4315,48.8,651,0,1.0,0,0.0,0
SYN-U-17778,104346.97,90162.43,0.7491,0.7292,0.5081,31.8,2044,7,0.9462,2,3.1,0
SYN-U-17779,92144.99,72108.15,0.92,0.7855,0.4233,33.2,2129,3,0.8993,0,0.0,0
SYN-U-17780,17699.6,15146.53,0.6773,0.3988,0.513,11.5,2345,0,1.0,0,0.0,0
SYN-U-17781,75360.48,59122.03,0.5145,0.4553,0.5054,39.2,1675,1,0.7198,0,0.0,0
SYN-U-17782,20668.19,13877.2,0.5395,0.3968,0.4374,42.6,1602,1,0.6553,3,13.3,1
SYN-U-17783,58023.93,40634.18,0.3963,0.3097,0.5545,21.2,2142,1,0.6929,0,0.0,0
SYN-U-17784,24665.53,21785.59,0.8271,0.623,0.2294,50.6,349,4,0.9535,0,0.0,0
SYN-U-17785,50871.82,42629.32,0.5907,0.3518,0.798,46.7,710,6,0.7202,3,7.2,1
SYN-U-17786,69793.4,56831.39,0.2464,0.2595,0.5735,35.7,830,1,0.715,2,8.8,1
SYN-U-17787,41835.94,32348.0,0.9207,0.551,0.3479,34.1,1061,1,0.8816,0,0.0,0
SYN-U-17788,40744.87,39827.89,0.7566,0.7587,0.4095,28.6,762,0,1.0,0,0.0,0
SYN-U-17789,25974.95,24159.18,0.7631,0.9121,0.2033,9.2,2421,3,0.8802,1,2.4,0
SYN-U-17790,16248.19,11152.85,0.6389,0.2997,0.8665,32.0,1427,1,0.7211,2,16.7,1
SYN-U-17791,50934.9,35290.86,0.7187,0.8086,0.1504,31.4,200,0,1.0,0,0.0,0
SYN-U-17792,94802.37,68650.87,0.7884,0.7742,0.5866,30.0,935,7,0.8263,0,0.0,0
SYN-U-17793,25605.95,19301.79,0.6647,0.3504,0.7893,30.6,502,3,0.9449,2,16.1,1
SYN-U-17794,127223.54,119230.76,0.7632,0.5134,0.6104,46.3,1047,2,0.9184,2,5.8,0
SYN-U-17795,18770.34,15259.87,0.6136,0.4854,0.877,28.0,2096,3,0.8771,2,7.6,1
SYN-U-17796,239153.14,159403.61,0.9788,0.7808,0.4546,53.6,495,5,0.8748,0,0.0,0
SYN-U-17797,118710.14,77741.4,0.8819,0.8971,0.3316,18.4,985,6,0.947,0,0.0,0
SYN-U-17798,33917.74,32661.57,0.8788,0.6171,0.3201,55.8,1783,2,0.9275,0,0.0,0
SYN-U-17799,32322.76,29041.8,0.8227,0.6081,0.3009,43.6,741,5,0.9045,0,0.0,0
SYN-U-17800,26614.85,25153.89,0.6855,0.1657,0.6587,6.7,887,7,0.8848,3,10.7,1
SYN-U-17801,22815.83,18076.3,0.2042,0.3093,0.7366,51.0,1996,0,1.0,0,0.0,1
SYN-U-17802,61886.14,41157.71,0.743,0.6796,0.493,11.2,166,5,0.8998,0,0.0,0
SYN-U-17803,15080.65,12414.99,0.2887,0.6294,0.7363,24.3,1479,7,0.6346,1,8.7,0
SYN-U-17804,30645.99,24669.16,0.5859,0.6482,0.5153,61.1,2489,2,0.8142,0,0.0,0
SYN-U-17805,54754.31,43483.04,0.7573,0.7223,0.5007,59.0,2261,2,0.9583,1,4.2,0
SYN-U-17806,48346.53,36036.58,0.8421,0.743,0.6152,56.0,680,0,1.0,0,0.0,0
SYN-U-17807,50169.11,41382.48,0.348,0.508,0.7108,53.5,250,4,0.7675,0,0.0,0
SYN-U-17808,44135.26,30608.63,0.9432,0.844,0.2813,59.1,336,6,0.9799,1,1.4,0
SYN-U-17809,56402.57,39802.75,0.7249,0.7189,0.4589,52.5,594,7,0.9407,0,0.0,0
SYN-U-17810,42953.16,31953.29,0.3949,0.5967,0.407,57.2,1578,7,0.5084,0,0.0,0
SYN-U-17811,76225.49,57091.77,0.7632,0.9061,0.4913,30.7,469,1,0.9826,1,2.2,0
SYN-U-17812,72092.22,62112.58,0.5301,0.515,0.4705,56.3,1146,6,0.8021,0,0.0,0
SYN-U-17813,67886.91,55480.45,0.9507,0.8014,0.3179,18.4,301,1,0.8936,2,1.1,0
SYN-U-17814,56132.68,43060.12,0.962,0.8357,0.3083,25.7,1963,1,0.9875,1,0.7,0
SYN-U-17815,64815.13,44292.47,0.641,0.4712,0.5739,49.8,2284,1,0.9296,1,4.3,0
SYN-U-17816,66120.17,54312.24,0.6216,0.2826,0.5954,42.2,794,3,0.8379,1,11.2,1
SYN-U-17817,19510.51,17651.34,0.6567,0.2646,0.8449,25.7,1462,3,0.7661,0,0.0,0
SYN-U-17818,19823.1,18633.35,0.2134,0.4198,0.8198,42.2,2335,0,1.0,0,0.0,1
SYN-U-17819,103859.27,79054.76,0.6736,0.487,0.5185,35.9,1554,2,0.9106,0,0.0,0
SYN-U-17820,13955.47,10949.39,0.4885,0.3613,0.842,17.0,1166,0,1.0,0,0.0,0
SYN-U-17821,47029.43,30937.49,0.9152,0.682,0.4933,29.9,2376,4,0.8951,0,0.0,0
SYN-U-17822,104778.27,99615.82,0.5055,0.5724,0.4848,22.8,286,0,1.0,0,0.0,0
SYN-U-17823,66033.51,62319.63,0.8997,0.6026,0.4805,15.3,267,4,0.8784,2,2.1,0
SYN-U-17824,42747.53,41742.26,0.2174,0.3494,0.778,42.2,352,1,0.543,0,0.0,1
SYN-U-17825,107020.1,87897.46,0.7748,0.7728,0.2108,54.8,618,6,0.9107,0,0.0,0
SYN-U-17826,127834.79,93385.04,0.7899,0.8811,0.1918,51.9,2393,7,0.891,0,0.0,0
SYN-U-17827,15950.67,14538.61,0.7152,0.7365,0.3407,42.8,551,5,0.8162,0,0.0,0
SYN-U-17828,45629.34,38687.44,0.7977,0.572,0.2368,14.7,441,5,0.9466,0,0.0,0
SYN-U-17829,150949.8,114378.62,0.9155,0.7567,0.2118,39.4,2122,4,0.9961,0,0.0,0
SYN-U-17830,107384.72,93084.15,0.7006,0.7368,0.1999,52.7,2363,4,0.8742,0,0.0,0
SYN-U-17831,14466.24,11574.08,0.493,0.549,0.7615,44.4,1151,2,0.7905,2,16.8,1
SYN-U-17832,20283.07,16048.44,0.6391,0.3079,0.6166,22.0,1362,7,0.7536,0,0.0,0
SYN-U-17833,44846.34,41309.5,0.6115,0.6715,0.3811,14.8,1158,1,0.7866,1,7.2,0
SYN-U-17834,124131.76,115901.94,0.751,0.6575,0.483,6.0,1349,7,0.9924,0,0.0,0
SYN-U-17835,50575.66,39464.74,0.7896,0.7851,0.4541,48.1,125,7,0.9627,0,0.0,0
SYN-U-17836,27711.26,19337.88,0.628,0.448,0.5267,46.9,2327,1,0.7244,0,0.0,0
SYN-U-17837,28714.21,22137.66,0.9673,0.8501,0.4485,49.8,1699,4,0.9212,0,0.0,0
SYN-U-17838,76290.65,68412.2,0.5143,0.459,0.6166,37.4,1889,7,0.7693,0,0.0,1
SYN-U-17839,13156.56,11277.61,0.407,0.6028,0.7529,32.9,309,1,0.8548,0,0.0,0
SYN-U-17840,21923.48,14448.99,0.5333,0.5087,0.3927,17.9,1419,4,0.9482,2,6.5,0
SYN-U-17841,16869.64,11610.17,0.6985,0.5292,0.5081,42.1,1228,1,0.8685,1,14.8,0
SYN-U-17842,53854.35,48503.49,0.5163,0.4608,0.7725,10.8,1566,7,0.6343,1,17.8,1
SYN-U-17843,67964.68,63825.64,0.332,0.2462,0.5514,17.2,1054,7,0.5954,4,4.9,1
SYN-U-17844,93686.27,81732.55,0.869,0.8554,0.2787,14.8,1264,4,0.8798,2,0.9,0
SYN-U-17845,77941.44,65979.33,0.695,0.416,0.7523,8.3,2429,6,0.575,0,0.0,0
SYN-U-17846,112181.94,104472.99,0.9627,0.6066,0.4966,63.9,1947,1,0.8752,0,0.0,0
SYN-U-17847,114217.03,79302.32,0.6417,0.4094,0.7794,14.6,870,2,0.5447,2,7.7,1
SYN-U-17848,43766.43,42863.1,0.4392,0.2026,0.6386,49.1,983,5,0.5086,4,3.4,1
SYN-U-17849,84399.49,62090.83,0.7949,0.6488,0.5549,26.8,279,5,0.9115,0,0.0,0
SYN-U-17850,70990.96,46640.45,0.7411,0.6802,0.2153,41.7,147,7,0.8645,0,0.0,0
SYN-U-17851,106603.49,99475.71,0.9417,0.7364,0.4765,35.1,598,5,0.9639,1,1.3,0
SYN-U-17852,69149.67,46157.49,0.5229,0.7742,0.3721,49.3,2192,0,1.0,0,0.0,0
SYN-U-17853,41974.74,33772.87,0.8325,0.7579,0.4141,57.6,1306,0,1.0,0,0.0,0
SYN-U-17854,68801.4,56154.22,0.2514,0.1602,0.6844,44.7,45,7,0.7195,1,3.0,1
SYN-U-17855,69516.32,65320.27,0.7359,0.7713,0.1985,5.3,2282,3,0.9558,0,0.0,0
SYN-U-17856,25437.02,18282.13,0.633,0.5652,0.7644,49.2,1887,1,0.8744,1,4.1,0
SYN-U-17857,27741.27,24650.86,0.2346,0.5975,0.6878,29.3,1143,6,0.8167,1,16.2,1
SYN-U-17858,61211.86,43468.73,0.7823,0.8175,0.3119,27.1,1722,1,0.9578,0,0.0,0
SYN-U-17859,17248.41,16358.26,0.2715,0.6215,0.5536,58.7,1168,5,0.9137,4,12.6,1
SYN-U-17860,26107.95,22129.21,0.8776,0.6258,0.4102,27.0,1736,3,0.9929,0,0.0,0
SYN-U-17861,29018.2,24973.54,0.8495,0.8001,0.4887,52.9,365,2,0.9536,0,0.0,0
SYN-U-17862,62514.29,50698.31,0.8322,0.7301,0.1589,56.6,1743,5,0.9405,0,0.0,0
SYN-U-17863,92511.68,67680.93,0.7238,0.9134,0.299,61.0,859,2,0.9094,1,1.4,0
SYN-U-17864,70366.41,66007.7,0.7797,0.5885,0.1998,14.0,435,3,0.9837,1,1.6,0
SYN-U-17865,59347.38,38843.69,0.7674,0.5129,0.347,43.4,692,4,0.8012,0,0.0,0
SYN-U-17866,73851.55,70548.42,0.9402,0.9157,0.2246,6.5,1878,4,0.9447,0,0.0,0
SYN-U-17867,43928.39,42067.67,0.8148,0.7344,0.3845,64.6,2168,6,0.983,0,0.0,0
SYN-U-17868,45171.07,40005.6,0.853,0.9103,0.2202,39.9,2340,0,1.0,0,0.0,0
SYN-U-17869,24163.21,18060.66,0.4892,0.3795,0.8537,44.2,2032,6,0.5707,3,9.3,1
SYN-U-17870,73183.12,60725.89,0.2457,0.4643,0.8377,33.3,1237,6,0.6722,1,14.4,1
SYN-U-17871,55943.02,38928.16,0.843,0.6697,0.3145,54.6,1996,0,1.0,0,0.0,0
SYN-U-17872,119741.08,101716.73,0.3321,0.1739,0.8157,20.1,1169,3,0.7701,0,0.0,1
SYN-U-17873,63385.36,50413.3,0.7597,0.5912,0.3689,27.2,1869,7,0.8559,0,0.0,0
SYN-U-17874,57060.33,40885.97,0.8839,0.6603,0.1684,38.4,2225,0,1.0,0,0.0,0
SYN-U-17875,37354.3,30821.07,0.2834,0.181,0.4874,55.5,855,5,0.615,2,4.6,1
SYN-U-17876,145498.96,95647.72,0.7507,0.6766,0.5338,59.0,598,2,0.7289,0,0.0,0
SYN-U-17877,145451.0,111786.57,0.5522,0.4386,0.388,42.3,215,4,0.8566,1,3.7,0
SYN-U-17878,41529.57,32428.82,0.9303,0.5871,0.1681,8.9,2141,7,0.8884,0,0.0,0
SYN-U-17879,71797.56,59774.98,0.7945,0.5882,0.3308,13.6,539,4,0.769,0,0.0,0
SYN-U-17880,28272.44,26421.62,0.9487,0.8974,0.3554,42.4,1939,0,1.0,0,0.0,0
SYN-U-17881,52364.66,50258.7,0.7461,0.6813,0.4171,51.0,924,3,0.9294,0,0.0,0
SYN-U-17882,66609.3,51366.32,0.6421,0.7604,0.5554,31.4,238,6,0.7511,0,0.0,0
SYN-U-17883,60346.15,48307.03,0.8551,0.6893,0.4623,50.2,236,5,0.9498,1,1.0,0
SYN-U-17884,133512.57,125607.69,0.9706,0.6641,0.1656,63.7,2469,2,0.9061,0,0.0,0
SYN-U-17885,14985.34,13322.46,0.5396,0.4993,0.5763,18.2,1308,3,0.9211,0,0.0,0
SYN-U-17886,87955.61,66695.24,0.7591,0.867,0.2575,37.1,1291,3,0.9729,0,0.0,0
SYN-U-17887,78250.85,53801.93,0.5249,0.4346,0.5532,36.5,1774,1,0.9628,3,7.7,0
SYN-U-17888,77163.22,51783.52,0.5678,0.7241,0.3292,38.3,865,0,1.0,0,0.0,0
SYN-U-17889,88903.62,68482.36,0.5435,0.6851,0.617,49.9,2248,3,0.9584,0,0.0,0
SYN-U-17890,16289.88,13952.98,0.7337,0.551,0.2597,24.5,1386,7,0.9372,1,1.1,0
SYN-U-17891,228641.43,179920.35,0.746,0.7091,0.1916,46.0,2152,5,0.9475,0,0.0,0
SYN-U-17892,19253.14,13810.09,0.5301,0.5075,0.6736,9.8,2239,2,0.7949,0,0.0,0
SYN-U-17893,25372.81,16952.18,0.9279,0.6035,0.3369,59.7,41,6,0.8714,1,0.7,0
SYN-U-17894,41933.83,33505.08,0.5122,0.4366,0.4235,19.4,1744,2,0.5644,1,5.2,0
SYN-U-17895,38044.28,33800.36,0.7561,0.7002,0.2964,22.6,453,6,0.9709,0,0.0,0
SYN-U-17896,55585.86,49173.96,0.9266,0.8811,0.3598,46.2,856,5,0.9395,0,0.0,0
SYN-U-17897,14105.28,11180.2,0.4631,0.2153,0.587,13.0,743,0,1.0,0,0.0,0
SYN-U-17898,100464.3,88384.89,0.7521,0.6872,0.2552,59.1,1367,5,0.8989,0,0.0,0
SYN-U-17899,53895.91,47096.65,0.7968,0.8497,0.4951,10.0,2022,5,0.9226,0,0.0,0
SYN-U-17900,71395.41,49517.07,0.7627,0.8476,0.4154,29.0,1984,4,0.9431,0,0.0,0
SYN-U-17901,59158.7,50865.69,0.7694,0.6056,0.4103,26.8,1229,4,0.759,1,7.8,0
SYN-U-17902,45096.37,38435.83,0.7704,0.888,0.2631,16.0,1611,2,0.9407,1,3.0,0
SYN-U-17903,22103.52,16210.21,0.3757,0.2192,0.6589,25.6,1698,4,0.9219,1,13.7,1
SYN-U-17904,138358.48,133780.32,0.8889,0.821,0.3386,49.5,420,2,0.9616,1,1.1,0
SYN-U-17905,15948.23,15202.3,0.2773,0.5109,0.5027,42.0,792,0,1.0,0,0.0,0
SYN-U-17906,86855.78,60645.64,0.8089,0.474,0.4759,41.7,1085,1,0.7338,1,3.9,0
SYN-U-17907,53288.53,49484.34,0.8726,0.7695,0.1861,46.3,1590,1,0.9004,0,0.0,0
SYN-U-17908,28531.2,27157.9,0.4178,0.3955,0.5598,63.5,1612,2,0.7347,1,6.0,1
SYN-U-17909,21894.75,17133.45,0.7805,0.7765,0.2615,25.1,1799,4,0.8973,0,0.0,0
SYN-U-17910,67983.41,54414.85,0.9452,0.5714,0.4936,30.4,2383,3,0.9723,0,0.0,0
SYN-U-17911,89136.95,68132.39,0.5265,0.6991,0.4833,51.6,1538,0,1.0,0,0.0,0
SYN-U-17912,97349.67,69883.4,0.5509,0.428,0.8138,52.1,492,6,0.8192,0,0.0,0
SYN-U-17913,26677.36,25314.26,0.9677,0.8223,0.206,27.1,351,7,0.9973,0,0.0,0
SYN-U-17914,81620.64,70340.98,0.7045,0.568,0.4632,37.4,1911,0,1.0,0,0.0,0
SYN-U-17915,69216.24,52164.62,0.978,0.9048,0.4544,33.9,223,5,0.8544,0,0.0,0
SYN-U-17916,13664.75,13071.72,0.3931,0.5836,0.7416,51.6,884,1,0.8012,4,16.1,1
SYN-U-17917,31958.55,28595.92,0.9618,0.8734,0.2555,49.1,108,4,0.9784,0,0.0,0
SYN-U-17918,98424.96,87075.73,0.8112,0.6286,0.4662,15.7,243,5,0.8531,0,0.0,0
SYN-U-17919,14889.21,12662.05,0.2791,0.6347,0.4504,59.5,778,5,0.6706,0,0.0,0
SYN-U-17920,39212.91,35835.01,0.9476,0.7721,0.1696,31.5,2212,7,0.9824,0,0.0,0
SYN-U-17921,78398.92,56082.31,0.5555,0.4884,0.3145,7.8,1405,7,0.9563,0,0.0,0
SYN-U-17922,25405.79,17672.96,0.8522,0.8532,0.2379,44.6,1399,6,0.9936,0,0.0,0
SYN-U-17923,82278.23,68040.4,0.8125,0.4345,0.5634,13.6,577,2,0.7775,1,5.7,0
SYN-U-17924,36917.06,32386.81,0.8513,0.5549,0.3209,19.8,704,2,0.9488,0,0.0,0
SYN-U-17925,194388.79,186971.26,0.716,0.6765,0.2182,51.9,462,5,0.8859,1,1.9,0
SYN-U-17926,95385.02,67165.77,0.8495,0.7454,0.2314,47.1,807,7,0.8778,2,2.1,0
SYN-U-17927,35989.01,32804.35,0.8724,0.6884,0.4534,12.2,457,0,1.0,0,0.0,0
SYN-U-17928,27945.99,20706.14,0.2286,0.4277,0.823,44.5,195,2,0.7939,1,16.3,1
SYN-U-17929,37545.59,29967.21,0.3872,0.2466,0.5652,26.6,2424,5,0.9014,2,16.9,1
SYN-U-17930,106398.85,100956.62,0.9134,0.8606,0.4831,38.8,1315,2,0.929,0,0.0,0
SYN-U-17931,46881.66,30953.1,0.7663,0.8174,0.4844,57.3,1839,7,0.9844,0,0.0,0
SYN-U-17932,114333.66,81475.7,0.829,0.6023,0.2797,28.3,1695,4,0.8841,1,7.2,0
SYN-U-17933,16330.7,12065.98,0.3042,0.1628,0.6619,46.2,1985,2,0.5733,4,13.6,1
SYN-U-17934,30158.09,23130.64,0.5885,0.6076,0.6095,47.5,1098,1,0.7189,2,7.8,0
SYN-U-17935,13359.78,9399.77,0.5558,0.5973,0.5104,22.8,734,2,0.7075,3,5.8,0
SYN-U-17936,15833.25,13895.09,0.6734,0.3879,0.5112,11.7,608,7,0.6714,1,13.5,0
SYN-U-17937,58491.72,48637.1,0.7675,0.7285,0.295,62.3,1139,5,0.9219,0,0.0,0
SYN-U-17938,14535.83,9665.6,0.5876,0.4576,0.6194,55.7,1393,6,0.7323,0,0.0,0
SYN-U-17939,18473.81,15766.07,0.6791,0.5955,0.7153,23.5,583,4,0.8934,0,0.0,0
SYN-U-17940,15674.54,11667.86,0.3844,0.4027,0.6467,11.9,784,0,1.0,0,0.0,0
SYN-U-17941,42977.43,39380.24,0.8771,0.8752,0.3403,57.9,1319,6,0.8644,0,0.0,0
SYN-U-17942,109453.87,81720.09,0.7134,0.667,0.3373,38.5,1106,7,0.9264,2,1.6,0
SYN-U-17943,18800.62,14014.75,0.6578,0.445,0.8521,11.9,1393,4,0.6153,0,0.0,0
SYN-U-17944,53500.86,42938.51,0.2162,0.3807,0.4462,25.3,554,7,0.9455,1,14.9,1
SYN-U-17945,213034.99,146134.48,0.8352,0.7274,0.2932,62.7,1610,3,0.8945,0,0.0,0
SYN-U-17946,71895.59,60025.87,0.2209,0.2292,0.8047,52.8,1865,4,0.9479,1,15.8,1
SYN-U-17947,16221.54,15488.07,0.5484,0.2577,0.4415,54.2,1214,7,0.7364,0,0.0,0
SYN-U-17948,53110.2,36879.61,0.9304,0.8083,0.1611,9.1,1692,0,1.0,0,0.0,0
SYN-U-17949,33421.71,27329.21,0.8291,0.8135,0.3769,43.7,178,6,0.9136,2,1.0,0
SYN-U-17950,22668.95,16996.8,0.8197,0.7683,0.3332,60.8,613,1,0.9332,0,0.0,0
SYN-U-17951,22173.37,17853.06,0.4785,0.4484,0.6037,51.9,1938,5,0.9268,0,0.0,0
SYN-U-17952,135231.78,119003.19,0.9024,0.5939,0.4093,27.7,1829,3,0.9747,1,1.9,0
SYN-U-17953,26663.34,19208.31,0.7185,0.5658,0.2543,14.5,166,5,0.959,0,0.0,0
SYN-U-17954,52187.4,46171.82,0.8347,0.6605,0.2031,50.4,1836,0,1.0,0,0.0,0
SYN-U-17955,15646.26,10739.51,0.5819,0.4482,0.5788,53.6,156,0,1.0,0,0.0,0
SYN-U-17956,15273.8,12498.03,0.7611,0.4401,0.4199,60.3,1991,5,0.8912,2,4.3,0
SYN-U-17957,69800.53,45781.8,0.5232,0.4318,0.2661,62.3,1557,6,0.7324,2,2.5,0
SYN-U-17958,44572.04,32824.08,0.9361,0.6671,0.2178,34.4,2125,4,0.9781,0,0.0,0
SYN-U-17959,70997.44,56610.76,0.3503,0.4606,0.4588,22.3,560,7,0.6877,1,17.7,1
SYN-U-17960,42099.67,31111.06,0.8309,0.698,0.1729,43.1,202,2,0.9826,0,0.0,0
SYN-U-17961,18338.66,14941.54,0.5976,0.5369,0.7642,57.9,2232,4,0.6161,3,11.8,0
SYN-U-17962,19079.08,16816.26,0.4532,0.2218,0.5539,50.6,1741,6,0.7813,1,6.4,1
SYN-U-17963,28074.33,20994.65,0.627,0.5911,0.6166,23.1,380,4,0.5716,0,0.0,0
SYN-U-17964,68736.29,54701.7,0.6318,0.674,0.4537,16.0,2215,2,0.7979,1,4.8,0
SYN-U-17965,49118.82,45751.82,0.955,0.6694,0.199,64.4,2297,5,0.903,0,0.0,0
SYN-U-17966,46593.95,43968.28,0.4828,0.3491,0.6249,42.0,2251,3,0.6333,4,9.6,1
SYN-U-17967,91079.84,59624.28,0.7745,0.8045,0.3494,44.8,554,5,0.9463,0,0.0,0
SYN-U-17968,23114.0,17303.01,0.5334,0.2629,0.7129,30.2,566,0,1.0,0,0.0,0
SYN-U-17969,32385.89,23582.72,0.8194,0.6829,0.4582,50.3,1894,2,0.9312,1,1.0,0
SYN-U-17970,75311.88,61232.35,0.7565,0.5446,0.6178,17.3,1444,4,0.7765,0,0.0,0
SYN-U-17971,91635.04,84797.49,0.7865,0.6344,0.3281,24.0,204,7,0.931,0,0.0,0
SYN-U-17972,41158.36,32507.59,0.6188,0.6305,0.5803,8.2,1937,3,0.7207,0,0.0,0
SYN-U-17973,14462.96,9678.36,0.4014,0.6318,0.772,11.1,619,5,0.7768,4,9.3,1
SYN-U-17974,85667.61,56510.57,0.5133,0.6851,0.3159,25.6,1593,2,0.721,0,0.0,0
SYN-U-17975,134063.01,97178.28,0.7461,0.5515,0.2272,55.5,789,6,0.9104,0,0.0,0
SYN-U-17976,65641.26,52021.09,0.861,0.7607,0.2913,14.9,1124,1,0.8903,0,0.0,0
SYN-U-17977,19997.17,16230.13,0.4777,0.5557,0.7122,17.6,388,6,0.6217,1,3.5,0
SYN-U-17978,66614.07,48006.16,0.9457,0.8866,0.2513,22.1,2190,6,0.9849,1,2.8,0
SYN-U-17979,123659.84,96961.71,0.9251,0.8772,0.4118,6.7,1422,1,0.9365,0,0.0,0
SYN-U-17980,34888.8,23739.24,0.9435,0.7392,0.3076,13.1,1690,3,0.9975,0,0.0,0
SYN-U-17981,13682.02,12215.59,0.9247,0.6873,0.1579,40.6,1256,3,0.8646,0,0.0,0
SYN-U-17982,185467.72,151949.12,0.8432,0.7521,0.1937,21.8,1390,7,0.877,1,0.8,0
SYN-U-17983,43426.04,28356.82,0.7256,0.7171,0.4066,61.7,1058,7,0.8753,0,0.0,0
SYN-U-17984,63278.53,44034.21,0.7809,0.681,0.3617,36.6,1072,3,0.9631,0,0.0,0
SYN-U-17985,39300.57,30555.84,0.8571,0.5616,0.4746,46.2,691,6,0.9489,0,0.0,0
SYN-U-17986,22113.8,16952.65,0.4253,0.2636,0.5984,48.1,2004,1,0.925,0,0.0,0
SYN-U-17987,101979.73,99670.59,0.9534,0.6009,0.1903,51.7,710,3,0.9033,0,0.0,0
SYN-U-17988,77032.19,73611.93,0.5903,0.4424,0.4568,52.0,245,1,0.7494,1,3.4,0
SYN-U-17989,66774.62,48736.36,0.76,0.638,0.2505,24.4,371,1,0.8945,0,0.0,0
SYN-U-17990,78481.44,66982.64,0.5891,0.48,0.273,41.9,1238,1,0.9217,0,0.0,0
SYN-U-17991,53836.52,43910.27,0.7186,0.5349,0.5759,36.8,1721,4,0.8686,0,0.0,0
SYN-U-17992,48882.45,37778.65,0.9009,0.6457,0.2169,36.6,2483,5,0.9434,0,0.0,0
SYN-U-17993,39738.58,37396.81,0.7199,0.7179,0.3637,8.7,2284,0,1.0,0,0.0,0
SYN-U-17994,28985.84,24040.14,0.7868,0.7904,0.4734,7.8,151,4,0.9285,0,0.0,0
SYN-U-17995,48786.15,36475.99,0.8729,0.7406,0.4878,11.5,1744,7,0.8813,0,0.0,0
SYN-U-17996,28207.46,26772.07,0.7311,0.7228,0.3327,41.2,2473,7,0.8963,2,2.2,0
SYN-U-17997,99418.48,77753.77,0.5654,0.6083,0.4531,52.2,1680,1,0.5943,1,7.4,0
SYN-U-17998,76726.1,51504.65,0.7095,0.4638,0.6244,37.9,756,6,0.5356,1,7.4,0
SYN-U-17999,182493.75,163811.52,0.951,0.765,0.4797,11.6,738,7,0.8802,0,0.0,0
SYN-U-18000,90086.76,67771.87,0.5834,0.709,0.5567,64.3,2215,1,0.9272,1,7.8,0
SYN-U-18001,27435.98,23368.36,0.8518,0.5869,0.3187,31.4,1286,4,0.9592,0,0.0,0
SYN-U-18002,41838.87,27423.61,0.7461,0.5934,0.604,35.6,1774,1,0.8726,1,4.5,0
SYN-U-18003,112252.07,77493.73,0.8936,0.7509,0.4753,42.9,2145,3,0.903,0,0.0,0
SYN-U-18004,51442.18,39579.34,0.8301,0.4042,0.5938,7.9,2487,4,0.8192,3,2.6,0
SYN-U-18005,39524.56,33524.86,0.9086,0.66,0.4656,42.7,1096,6,0.8834,0,0.0,0
SYN-U-18006,12961.19,9918.72,0.7237,0.8249,0.2121,18.0,1613,1,0.8578,1,0.0,0
SYN-U-18007,20941.79,17537.93,0.8996,0.8259,0.3602,62.7,540,5,0.9157,0,0.0,0
SYN-U-18008,16130.2,14105.94,0.3917,0.4495,0.5727,14.6,205,5,0.8857,2,8.2,0
SYN-U-18009,82930.89,63664.6,0.393,0.2747,0.7357,20.9,1013,6,0.6907,0,0.0,1
SYN-U-18010,116498.67,109565.8,0.5414,0.5622,0.5972,52.8,1031,5,0.8745,0,0.0,0
SYN-U-18011,58929.46,49566.3,0.8502,0.6865,0.1764,8.1,2406,2,0.9693,0,0.0,0
SYN-U-18012,27678.04,20551.13,0.7185,0.305,0.6,16.5,2337,2,0.6875,1,11.8,1
SYN-U-18013,109673.47,83666.39,0.7687,0.6106,0.4221,32.4,1713,7,0.9653,1,1.8,0
SYN-U-18014,84100.91,73329.68,0.8059,0.6469,0.3023,34.5,1993,5,0.871,0,0.0,0
SYN-U-18015,78644.86,57316.33,0.6676,0.4508,0.3515,56.7,2001,3,0.7816,1,3.0,0
SYN-U-18016,55666.76,47207.23,0.8482,0.4711,0.2634,58.1,2228,3,0.9487,0,0.0,0
SYN-U-18017,62686.29,41370.3,0.8633,0.5534,0.4117,22.6,918,7,0.8695,1,2.1,0
SYN-U-18018,169366.89,138499.48,0.4925,0.1863,0.7204,8.3,1312,1,0.8666,1,5.0,1
SYN-U-18019,26367.02,22187.39,0.45,0.4359,0.5216,55.3,1239,7,0.9276,4,9.0,0
SYN-U-18020,154391.97,119827.27,0.8042,0.7323,0.4149,5.7,1201,4,0.8615,0,0.0,0
SYN-U-18021,70285.25,55675.14,0.9412,0.8644,0.4123,59.3,545,7,0.9815,0,0.0,0
SYN-U-18022,65701.86,54800.92,0.8032,0.7184,0.4563,12.0,535,3,0.863,1,0.0,0
SYN-U-18023,41829.99,32919.18,0.8162,0.7965,0.3524,52.4,1003,1,0.9707,0,0.0,0
SYN-U-18024,48562.06,32892.84,0.7808,0.7739,0.2739,28.5,395,6,0.8819,0,0.0,0
SYN-U-18025,60187.9,43502.66,0.9702,0.7726,0.4498,45.5,2398,3,0.9375,0,0.0,0
SYN-U-18026,58510.25,50844.22,0.7603,0.4198,0.3236,24.5,2497,4,0.742,1,3.2,0
SYN-U-18027,47286.03,44945.17,0.659,0.7134,0.4063,41.9,462,2,0.7252,0,0.0,0
SYN-U-18028,119689.79,100503.41,0.5291,0.458,0.4215,56.8,243,1,0.8503,0,0.0,0
SYN-U-18029,30253.42,24956.12,0.8475,0.8609,0.4347,18.9,776,0,1.0,0,0.0,0
SYN-U-18030,114430.01,89770.04,0.7834,0.8123,0.4633,27.3,1290,2,0.9534,0,0.0,0
SYN-U-18031,15630.01,14592.08,0.6851,0.5466,0.8093,14.6,1499,5,0.6098,0,0.0,0
SYN-U-18032,215349.12,201425.03,0.7134,0.5677,0.3207,23.7,1134,5,0.9225,0,0.0,0
SYN-U-18033,51372.93,44949.51,0.4281,0.2366,0.5747,51.7,1656,0,1.0,0,0.0,1
SYN-U-18034,49100.14,41399.49,0.8435,0.5843,0.2702,58.9,1129,6,0.9401,0,0.0,0
SYN-U-18035,107506.63,97649.79,0.8484,0.6723,0.4654,9.9,1201,7,0.9255,0,0.0,0
SYN-U-18036,39355.14,35164.1,0.5777,0.7015,0.2698,40.6,2367,2,0.9443,0,0.0,0
SYN-U-18037,41277.88,33648.21,0.8973,0.7855,0.3064,11.8,2224,0,1.0,0,0.0,0
SYN-U-18038,174240.94,114015.18,0.8274,0.5585,0.2217,39.2,1813,4,0.9451,0,0.0,0
SYN-U-18039,72360.56,47297.46,0.9671,0.7451,0.3539,41.6,1564,2,0.9368,0,0.0,0
SYN-U-18040,17714.85,14561.49,0.9402,0.8736,0.3649,45.2,2317,2,0.8681,0,0.0,0
SYN-U-18041,66183.99,44763.6,0.4163,0.2323,0.4518,40.4,881,0,1.0,0,0.0,1
SYN-U-18042,216627.01,193503.71,0.9324,0.5751,0.4174,60.4,519,1,0.8965,0,0.0,0
SYN-U-18043,23723.72,15688.65,0.9097,0.5751,0.3521,24.2,1693,7,0.9476,1,0.1,0
SYN-U-18044,83061.1,69101.36,0.7817,0.7083,0.2563,27.1,841,1,0.7527,1,7.7,0
SYN-U-18045,68601.2,46867.27,0.938,0.7942,0.4031,52.6,403,3,0.9389,0,0.0,0
SYN-U-18046,43513.55,42260.69,0.8926,0.5722,0.3222,20.8,1716,6,0.952,0,0.0,0
SYN-U-18047,13916.06,9358.93,0.4564,0.2598,0.8275,12.7,661,7,0.9328,2,9.9,1
SYN-U-18048,57620.68,55438.9,0.9046,0.5742,0.3667,38.9,382,7,0.9007,0,0.0,0
SYN-U-18049,57383.18,51363.75,0.9751,0.6836,0.3964,39.9,1599,0,1.0,0,0.0,0
SYN-U-18050,22693.0,15491.97,0.6211,0.4941,0.3867,33.8,1798,1,0.8748,0,0.0,0
SYN-U-18051,75160.59,65659.19,0.7771,0.8334,0.3401,54.7,1993,1,0.8739,0,0.0,0
SYN-U-18052,70104.27,57446.21,0.887,0.7899,0.2273,28.1,1101,6,0.8781,0,0.0,0
SYN-U-18053,28188.1,25156.82,0.8355,0.5675,0.3349,21.5,2199,6,0.973,0,0.0,0
SYN-U-18054,29098.36,24664.11,0.8405,0.9116,0.4368,8.3,1355,6,0.9565,1,0.1,0
SYN-U-18055,36992.88,36158.16,0.2668,0.4258,0.6712,36.7,1970,7,0.8592,1,15.4,1
SYN-U-18056,15380.07,13967.71,0.3054,0.2374,0.6971,61.5,1085,0,1.0,0,0.0,1
SYN-U-18057,33231.95,29353.29,0.2891,0.2905,0.7889,29.9,2320,1,0.638,0,0.0,1
SYN-U-18058,60781.36,53243.66,0.7413,0.6692,0.1532,60.4,162,1,0.979,1,0.0,0
SYN-U-18059,67078.61,47733.87,0.7295,0.8784,0.4336,56.1,152,1,0.9309,0,0.0,0
SYN-U-18060,19824.84,17836.04,0.3838,0.5671,0.8088,13.1,792,0,1.0,0,0.0,0
SYN-U-18061,64434.51,60751.44,0.9633,0.6405,0.3214,44.5,791,5,0.9601,1,0.8,0
SYN-U-18062,57399.65,39991.18,0.7796,0.6052,0.588,41.3,1932,0,1.0,0,0.0,0
SYN-U-18063,48435.13,40754.36,0.7019,0.7361,0.1987,26.4,777,4,0.9329,0,0.0,0
SYN-U-18064,18034.3,15034.15,0.4942,0.4242,0.7274,14.8,1210,6,0.8799,3,9.5,1
SYN-U-18065,20488.47,18715.74,0.7405,0.2205,0.4035,43.3,1771,3,0.8705,2,3.7,0
SYN-U-18066,31133.05,27271.67,0.7804,0.5738,0.4468,53.5,2445,5,0.951,0,0.0,0
SYN-U-18067,96431.05,89916.93,0.8734,0.7908,0.1942,15.8,1789,5,0.9361,0,0.0,0
SYN-U-18068,41399.02,38346.94,0.781,0.901,0.1741,52.1,2344,0,1.0,0,0.0,0
SYN-U-18069,60617.93,45826.73,0.872,0.7664,0.3903,49.7,704,7,0.9358,0,0.0,0
SYN-U-18070,108743.15,84591.1,0.863,0.5812,0.4049,22.1,340,5,0.9455,1,3.0,0
SYN-U-18071,23494.3,21088.61,0.7638,0.5671,0.2777,40.0,1419,7,0.8958,0,0.0,0
SYN-U-18072,23965.42,22296.87,0.8865,0.9067,0.4915,27.0,1931,6,0.9045,0,0.0,0
SYN-U-18073,52421.65,34645.22,0.8356,0.7243,0.1719,5.1,1081,2,0.9343,0,0.0,0
SYN-U-18074,17964.34,14131.58,0.976,0.646,0.2979,62.5,2138,4,0.9362,1,1.1,0
SYN-U-18075,33056.35,27154.8,0.8457,0.6229,0.4518,33.0,2091,6,0.9637,1,1.5,0
SYN-U-18076,39743.68,28313.58,0.6445,0.5566,0.5782,50.7,1435,0,1.0,0,0.0,0
SYN-U-18077,43350.35,41027.22,0.3125,0.2755,0.6433,25.5,535,6,0.6635,1,9.5,1
SYN-U-18078,17327.89,16214.51,0.3256,0.2029,0.4549,25.7,2187,2,0.8822,2,12.0,1
SYN-U-18079,39576.19,30117.28,0.2806,0.2374,0.8522,51.0,975,6,0.6395,3,16.7,1
SYN-U-18080,12813.67,11150.24,0.2361,0.352,0.4955,15.3,1261,0,1.0,0,0.0,0
SYN-U-18081,59057.53,50335.08,0.7407,0.5712,0.4001,14.0,1438,7,0.8785,0,0.0,0
SYN-U-18082,36003.17,27337.66,0.7765,0.6014,0.2758,36.6,1861,1,0.8838,0,0.0,0
SYN-U-18083,245891.37,221585.81,0.7254,0.8291,0.433,25.3,2384,5,0.961,0,0.0,0
SYN-U-18084,58286.89,41368.14,0.7024,0.8124,0.4765,6.0,2426,0,1.0,0,0.0,0
SYN-U-18085,63245.76,57294.83,0.8756,0.6082,0.3664,16.0,796,5,0.9654,0,0.0,0
SYN-U-18086,36892.07,26489.31,0.3672,0.1544,0.535,43.7,451,4,0.7219,1,12.5,1
SYN-U-18087,67459.94,61379.01,0.5397,0.6349,0.5676,42.0,2091,3,0.7432,0,0.0,0
SYN-U-18088,26065.57,16996.89,0.4763,0.1581,0.8243,10.9,1247,3,0.7284,2,6.6,1
SYN-U-18089,49689.89,35721.44,0.4824,0.4215,0.8717,44.4,1912,0,1.0,0,0.0,0
SYN-U-18090,193387.92,185937.18,0.781,0.8682,0.4832,30.9,859,7,0.8582,1,2.7,0
SYN-U-18091,143017.42,118370.84,0.5647,0.3993,0.4549,47.0,2226,4,0.8163,1,11.3,1
SYN-U-18092,50060.12,41489.54,0.7085,0.5367,0.3694,59.5,574,4,0.9109,0,0.0,0
SYN-U-18093,35239.2,31071.51,0.7951,0.6027,0.2511,45.9,1199,5,0.9337,0,0.0,0
SYN-U-18094,68505.63,58923.56,0.7538,0.8142,0.4002,64.5,61,2,0.8896,0,0.0,0
SYN-U-18095,73164.52,71359.5,0.7409,0.7369,0.3747,10.3,1079,4,0.9524,0,0.0,0
SYN-U-18096,36819.89,32321.0,0.6086,0.4096,0.8444,6.2,1230,7,0.8596,0,0.0,0
SYN-U-18097,145201.03,110446.94,0.6142,0.7117,0.4433,13.2,1000,4,0.7892,0,0.0,0
SYN-U-18098,56561.79,43107.88,0.8886,0.8387,0.3086,13.9,300,7,0.9798,0,0.0,0
SYN-U-18099,65477.36,64095.71,0.3429,0.1724,0.8636,32.1,962,5,0.8006,1,10.6,1
SYN-U-18100,87426.96,58963.3,0.628,0.5418,0.488,25.7,142,2,0.8773,1,2.6,0
SYN-U-18101,18066.96,14248.2,0.5384,0.1907,0.7897,42.4,2311,0,1.0,0,0.0,1
SYN-U-18102,24045.33,16740.4,0.4708,0.5095,0.5124,12.8,614,5,0.8918,0,0.0,0
SYN-U-18103,123495.91,95879.96,0.8684,0.8548,0.1883,44.4,185,4,0.8992,0,0.0,0
SYN-U-18104,40855.81,38884.05,0.7439,0.7588,0.2502,36.7,900,1,0.9153,0,0.0,0
SYN-U-18105,47725.97,41597.02,0.6894,0.7967,0.5282,39.1,75,4,0.8417,0,0.0,0
SYN-U-18106,50621.2,45221.29,0.5654,0.6971,0.3145,58.2,672,5,0.8626,2,5.0,0
SYN-U-18107,70256.97,53904.04,0.8175,0.5804,0.3206,43.7,1229,3,0.9401,0,0.0,0
SYN-U-18108,90695.83,81354.79,0.6342,0.4245,0.5,56.3,2396,0,1.0,0,0.0,0
SYN-U-18109,59625.24,46034.57,0.7058,0.5772,0.3642,50.8,88,0,1.0,0,0.0,0
SYN-U-18110,73522.7,70874.66,0.9763,0.7574,0.399,30.0,2149,0,1.0,0,0.0,0
SYN-U-18111,64036.32,48281.05,0.8201,0.8311,0.4672,17.0,1825,2,0.9712,0,0.0,0
SYN-U-18112,27851.73,20254.63,0.2503,0.3714,0.4316,58.9,336,1,0.7765,2,4.4,1
SYN-U-18113,78607.7,53895.45,0.7881,0.7336,0.5088,64.6,1888,2,0.8461,0,0.0,0
SYN-U-18114,19700.06,16412.47,0.4086,0.3521,0.5264,12.8,997,4,0.6851,3,5.3,0
SYN-U-18115,53614.4,47782.42,0.9411,0.9139,0.2469,49.9,2482,2,0.9553,2,0.1,0
SYN-U-18116,42446.82,27757.93,0.9685,0.7561,0.3404,61.9,1127,0,1.0,0,0.0,0
SYN-U-18117,12837.3,11771.54,0.3408,0.237,0.6513,37.2,1169,7,0.8475,2,6.0,1
SYN-U-18118,69408.91,63198.8,0.6845,0.4061,0.5954,57.4,2279,5,0.9458,0,0.0,0
SYN-U-18119,47431.14,39463.28,0.8808,0.8944,0.4072,13.7,2418,0,1.0,0,0.0,0
SYN-U-18120,78642.29,75656.18,0.5413,0.4405,0.4071,51.6,1541,7,0.8015,1,5.7,0
SYN-U-18121,73535.74,56879.49,0.972,0.8579,0.178,13.8,273,0,1.0,0,0.0,0
SYN-U-18122,41039.97,39577.18,0.2871,0.4196,0.84,57.1,1469,2,0.665,0,0.0,1
SYN-U-18123,20054.9,14069.69,0.8507,0.6214,0.1532,31.0,1034,7,0.8699,0,0.0,0
SYN-U-18124,95840.59,77272.27,0.7573,0.6816,0.3446,19.4,628,0,1.0,0,0.0,0
SYN-U-18125,45542.59,32876.03,0.8915,0.5966,0.297,22.1,981,7,0.9545,0,0.0,0
SYN-U-18126,16473.49,12809.53,0.2865,0.2249,0.4692,25.9,1121,2,0.8676,4,6.5,1
SYN-U-18127,115442.23,89539.61,0.6663,0.462,0.5516,61.9,1525,5,0.8414,0,0.0,0
SYN-U-18128,58627.37,53216.48,0.5709,0.5204,0.7276,33.8,1885,4,0.5739,0,0.0,0
SYN-U-18129,123237.99,99988.5,0.6152,0.4323,0.4258,8.3,866,1,0.7432,1,6.3,0
SYN-U-18130,15335.18,12375.67,0.3284,0.3128,0.859,34.0,633,6,0.6239,1,5.7,1
SYN-U-18131,79162.78,51579.13,0.5015,0.435,0.3377,20.4,1270,3,0.7291,0,0.0,0
SYN-U-18132,165898.63,128543.72,0.7002,0.6036,0.5495,47.1,1776,3,0.7956,0,0.0,0
SYN-U-18133,76360.14,65486.72,0.7613,0.5879,0.3091,41.8,321,2,0.9217,0,0.0,0
SYN-U-18134,35222.26,34169.65,0.8348,0.7648,0.4033,20.7,229,1,0.847,0,0.0,0
SYN-U-18135,30224.8,22358.46,0.7729,0.8571,0.3225,7.5,2323,1,0.8751,0,0.0,0
SYN-U-18136,56243.01,52108.0,0.6718,0.5847,0.5092,42.2,106,2,0.9446,1,11.1,0
SYN-U-18137,14503.58,13383.43,0.6597,0.5611,0.5444,50.6,437,5,0.7025,1,15.2,0
SYN-U-18138,53188.76,36307.95,0.7469,0.6131,0.4448,59.4,91,1,0.9537,1,1.1,0
SYN-U-18139,236884.99,227749.08,0.7505,0.7979,0.4013,28.6,2373,4,0.856,1,2.5,0
SYN-U-18140,36195.89,34237.7,0.8427,0.7248,0.5792,21.8,1905,2,0.8345,0,0.0,0
SYN-U-18141,23450.66,21530.99,0.708,0.3941,0.4862,31.5,1507,7,0.8688,0,0.0,0
SYN-U-18142,50017.31,40089.95,0.8035,0.7127,0.3038,43.3,1427,0,1.0,0,0.0,0
SYN-U-18143,21907.71,20256.83,0.4989,0.5157,0.4463,25.3,907,0,1.0,0,0.0,0
SYN-U-18144,62881.28,46766.05,0.3798,0.5286,0.7484,33.5,1729,6,0.5352,1,10.2,1
SYN-U-18145,87625.7,69613.05,0.228,0.562,0.8253,31.4,31,4,0.637,1,6.2,1
SYN-U-18146,55459.64,45654.7,0.7354,0.9173,0.2397,49.5,2008,3,0.9874,2,2.6,0
SYN-U-18147,65858.47,44207.62,0.371,0.4097,0.412,59.0,242,4,0.8704,2,6.0,1
SYN-U-18148,71061.48,53538.83,0.8391,0.8842,0.2521,53.5,967,2,0.9668,0,0.0,0
SYN-U-18149,123335.05,113349.82,0.8602,0.6827,0.2942,49.5,672,4,0.9854,0,0.0,0
SYN-U-18150,53417.69,41033.07,0.7481,0.7681,0.4354,24.5,1113,0,1.0,0,0.0,0
SYN-U-18151,35087.18,23124.18,0.7112,0.7056,0.1717,17.3,869,0,1.0,0,0.0,0
SYN-U-18152,48805.19,45118.1,0.6717,0.7755,0.486,61.4,1268,3,0.8682,0,0.0,0
SYN-U-18153,58646.02,53617.02,0.936,0.5733,0.1688,42.9,944,0,1.0,0,0.0,0
SYN-U-18154,33459.36,24135.04,0.5598,0.4995,0.6311,43.9,233,3,0.7366,0,0.0,0
SYN-U-18155,50083.14,43086.51,0.6937,0.513,0.4355,61.6,928,3,0.9466,3,6.8,0
SYN-U-18156,152678.37,104028.69,0.8374,0.6069,0.4248,44.4,1775,4,0.9817,0,0.0,0
SYN-U-18157,14348.08,13702.52,0.4596,0.3678,0.7517,23.1,1762,5,0.8559,2,15.9,1
SYN-U-18158,46084.77,31338.67,0.7293,0.8903,0.3071,31.2,1477,1,0.9154,0,0.0,0
SYN-U-18159,24815.97,19770.71,0.3791,0.4953,0.6075,58.8,2348,4,0.6179,1,16.1,1
SYN-U-18160,54829.56,42688.92,0.6621,0.5763,0.4829,48.5,2286,1,0.903,0,0.0,0
SYN-U-18161,36904.86,32699.0,0.7081,0.7511,0.2319,43.8,611,5,0.9351,0,0.0,0
SYN-U-18162,71509.77,60174.82,0.7649,0.461,0.5424,22.6,1823,1,0.8439,0,0.0,0
SYN-U-18163,58815.01,55595.43,0.8086,0.5692,0.4952,19.2,682,2,0.9456,0,0.0,0
SYN-U-18164,55915.68,40582.55,0.7483,0.606,0.4968,5.1,1904,4,0.8888,1,2.4,0
SYN-U-18165,73346.9,50407.74,0.6733,0.5847,0.2758,25.0,741,1,0.7867,0,0.0,0
SYN-U-18166,78312.54,76633.52,0.8795,0.8854,0.3138,6.6,2142,6,0.9586,2,1.5,0
SYN-U-18167,22326.67,15121.47,0.3868,0.2776,0.4582,33.7,1876,6,0.5347,0,0.0,1
SYN-U-18168,71325.27,68553.98,0.7459,0.5865,0.3393,41.4,785,2,0.9573,0,0.0,0
SYN-U-18169,84758.59,68935.02,0.8069,0.7136,0.3648,56.5,1482,2,0.734,0,0.0,0
SYN-U-18170,37013.21,26360.04,0.5023,0.2083,0.774,30.5,142,6,0.8566,1,10.0,1
SYN-U-18171,69953.37,57552.85,0.9438,0.845,0.2482,14.9,1049,0,1.0,0,0.0,0
SYN-U-18172,44907.86,32064.04,0.9072,0.7599,0.1645,56.1,673,5,0.8958,1,2.2,0
SYN-U-18173,53626.88,45657.05,0.6855,0.7891,0.3461,19.1,227,6,0.8112,3,2.8,0
SYN-U-18174,18718.99,18019.61,0.3304,0.2601,0.8729,27.3,56,2,0.5333,0,0.0,1
SYN-U-18175,15207.81,10384.69,0.3484,0.4093,0.83,46.5,2337,2,0.5083,0,0.0,1
SYN-U-18176,30839.9,26216.5,0.9194,0.8647,0.304,18.5,2451,6,0.9394,1,1.6,0
SYN-U-18177,67836.75,56139.02,0.6901,0.7224,0.4236,52.5,221,6,0.8736,0,0.0,0
SYN-U-18178,40176.49,38295.84,0.5106,0.4746,0.2719,51.3,1804,0,1.0,0,0.0,0
SYN-U-18179,167461.71,109113.25,0.6073,0.4895,0.5488,8.2,248,0,1.0,0,0.0,0
SYN-U-18180,40864.37,32000.24,0.6985,0.4427,0.4178,30.1,1515,7,0.9322,0,0.0,0
SYN-U-18181,31112.84,22393.02,0.8389,0.7407,0.3095,46.5,163,7,0.8668,0,0.0,0
SYN-U-18182,54262.96,49381.19,0.7847,0.7086,0.3434,60.5,1520,0,1.0,0,0.0,0
SYN-U-18183,62777.93,58707.28,0.2173,0.2213,0.56,40.3,58,6,0.6989,0,0.0,1
SYN-U-18184,49854.38,43508.33,0.7036,0.5527,0.5021,60.0,306,1,0.9565,2,6.5,0
SYN-U-18185,36283.82,33535.95,0.6006,0.3728,0.4962,48.3,619,5,0.9313,2,9.8,0
SYN-U-18186,229131.19,216618.81,0.8366,0.6518,0.3353,31.3,189,6,0.9169,0,0.0,0
SYN-U-18187,68379.87,59986.37,0.7879,0.5936,0.3414,23.0,2404,6,0.9064,0,0.0,0
SYN-U-18188,46257.75,35913.21,0.9524,0.6604,0.3214,29.7,1356,0,1.0,0,0.0,0
SYN-U-18189,115851.74,93213.23,0.7299,0.8621,0.1974,52.5,1909,1,0.8592,0,0.0,0
SYN-U-18190,64623.98,45333.8,0.8136,0.6546,0.6042,52.0,1916,5,0.7857,1,3.7,0
SYN-U-18191,17129.15,13275.43,0.3903,0.613,0.8221,46.7,538,5,0.6149,1,6.9,1
SYN-U-18192,12859.23,11353.83,0.8639,0.9048,0.4129,21.5,1872,1,0.9618,0,0.0,0
SYN-U-18193,28060.51,26878.3,0.2192,0.2778,0.7854,61.7,1023,0,1.0,0,0.0,1
SYN-U-18194,30495.67,21539.77,0.8942,0.7972,0.1643,25.8,660,3,0.8914,0,0.0,0
SYN-U-18195,51629.91,39965.87,0.4494,0.4949,0.7487,9.9,1959,1,0.8695,3,3.2,0
SYN-U-18196,42753.08,28048.09,0.7866,0.8158,0.3832,41.4,2178,0,1.0,0,0.0,0
SYN-U-18197,63672.8,50662.77,0.7368,0.8458,0.3019,22.5,63,1,0.8879,0,0.0,0
SYN-U-18198,71602.91,52740.18,0.6864,0.4868,0.4878,26.5,1366,4,0.7388,0,0.0,0
SYN-U-18199,21652.47,14401.1,0.9193,0.7648,0.2803,55.6,2350,4,0.936,0,0.0,0
SYN-U-18200,18666.16,17287.98,0.5547,0.3675,0.6858,23.1,1275,3,0.9103,4,9.0,0
SYN-U-18201,39094.08,30184.98,0.6535,0.2847,0.8034,39.4,2258,6,0.6448,1,15.6,1
SYN-U-18202,32482.39,22122.95,0.6251,0.5818,0.4763,44.3,74,1,0.6184,3,4.0,0
SYN-U-18203,31601.88,20805.44,0.7221,0.8775,0.1966,49.0,65,2,0.9755,0,0.0,0
SYN-U-18204,21178.04,17643.46,0.9121,0.9119,0.2136,53.8,205,2,0.8539,0,0.0,0
SYN-U-18205,65768.22,61165.77,0.762,0.7424,0.2793,25.2,1362,7,0.8722,0,0.0,0
SYN-U-18206,156784.3,147197.56,0.2184,0.5105,0.7853,23.0,1326,6,0.5988,3,9.1,0
SYN-U-18207,65140.81,52519.73,0.545,0.2311,0.693,23.3,1448,6,0.6726,0,0.0,0
SYN-U-18208,84121.08,80524.0,0.6977,0.4397,0.511,15.1,983,6,0.957,0,0.0,0
SYN-U-18209,26227.29,19302.7,0.3429,0.2636,0.4368,53.0,2256,7,0.5073,0,0.0,0
SYN-U-18210,47456.74,38144.4,0.8791,0.6298,0.1507,6.5,332,3,0.9623,0,0.0,0
SYN-U-18211,62875.11,54728.78,0.8655,0.6306,0.2447,33.4,472,1,0.9181,1,1.1,0
SYN-U-18212,43868.06,31945.83,0.9698,0.7857,0.169,16.8,741,3,0.8535,0,0.0,0
SYN-U-18213,38003.87,32509.5,0.8196,0.636,0.2732,39.6,1169,5,0.8949,0,0.0,0
SYN-U-18214,35041.89,32341.71,0.7191,0.5138,0.4065,33.6,1099,1,0.6107,0,0.0,0
SYN-U-18215,15779.55,10986.12,0.3048,0.2088,0.6726,14.6,400,5,0.7251,0,0.0,1
SYN-U-18216,36769.95,31025.57,0.8394,0.8418,0.2964,20.8,851,2,0.8576,0,0.0,0
SYN-U-18217,38249.35,34779.53,0.9384,0.5956,0.2177,22.6,1866,1,0.9217,0,0.0,0
SYN-U-18218,15469.1,12568.78,0.5804,0.3527,0.5318,23.8,837,6,0.793,1,12.5,1
SYN-U-18219,89376.83,75649.99,0.2933,0.2397,0.8133,17.4,761,3,0.7071,3,7.4,1
SYN-U-18220,48307.73,38758.5,0.8404,0.6863,0.3756,60.8,1898,6,0.9754,0,0.0,0
SYN-U-18221,32324.2,25753.65,0.8474,0.8609,0.484,38.3,1165,2,0.8965,0,0.0,0
SYN-U-18222,34632.37,22739.26,0.4242,0.4728,0.7501,14.1,1080,7,0.7896,0,0.0,1
SYN-U-18223,57236.1,50390.75,0.8948,0.785,0.4366,31.9,108,2,0.8678,0,0.0,0
SYN-U-18224,61003.83,49133.4,0.8353,0.7964,0.3907,44.3,1173,2,0.9501,0,0.0,0
SYN-U-18225,72351.75,66588.59,0.7511,0.5523,0.3824,34.3,1504,0,1.0,0,0.0,0
SYN-U-18226,14206.18,13195.09,0.6914,0.6114,0.584,8.1,2399,6,0.8469,1,2.9,0
SYN-U-18227,48276.76,35799.19,0.863,0.7475,0.4934,10.4,1104,5,0.9146,1,2.0,0
SYN-U-18228,75228.36,50715.54,0.7454,0.6157,0.4446,23.0,2086,4,0.9699,0,0.0,0
SYN-U-18229,31250.17,22154.0,0.7399,0.2875,0.4286,48.1,482,5,0.5634,0,0.0,0
SYN-U-18230,84780.3,58219.81,0.5153,0.6801,0.6461,38.0,2140,4,0.8547,0,0.0,0
SYN-U-18231,105517.92,74386.49,0.5654,0.6225,0.2751,56.1,1802,7,0.8253,0,0.0,0
SYN-U-18232,32571.16,25957.58,0.3622,0.4017,0.6928,44.5,2470,2,0.5958,1,10.4,1
SYN-U-18233,16920.06,12950.55,0.6935,0.2067,0.708,53.2,1019,6,0.7752,2,17.6,1
SYN-U-18234,97387.83,78199.74,0.5921,0.7953,0.4474,29.0,145,1,0.9641,0,0.0,0
SYN-U-18235,91052.78,81686.59,0.8981,0.7772,0.2682,27.2,473,4,0.986,0,0.0,0
SYN-U-18236,90923.8,64739.56,0.7362,0.7718,0.3916,30.4,418,1,0.9671,1,3.0,0
SYN-U-18237,53034.84,43328.41,0.7207,0.9112,0.3062,29.0,1540,2,0.9438,0,0.0,0
SYN-U-18238,63978.17,48267.52,0.9147,0.7811,0.2875,16.6,1538,7,0.8958,1,1.5,0
SYN-U-18239,168083.3,118597.86,0.8689,0.8578,0.4628,29.7,1615,3,0.934,1,0.5,0
SYN-U-18240,43566.79,41367.84,0.6821,0.4532,0.3537,51.2,899,4,0.764,1,4.8,0
SYN-U-18241,71371.13,61773.75,0.9053,0.6246,0.3529,37.4,2492,2,0.8597,0,0.0,0
SYN-U-18242,68289.21,61123.35,0.7655,0.5767,0.3922,31.2,1631,2,0.7685,0,0.0,0
SYN-U-18243,46188.6,37376.5,0.4895,0.3199,0.8779,20.7,1403,1,0.9413,1,10.6,1
SYN-U-18244,111909.94,100474.44,0.5756,0.711,0.3172,41.6,2382,5,0.9534,0,0.0,0
SYN-U-18245,158776.43,130521.6,0.84,0.9019,0.3028,44.7,1975,3,0.9628,0,0.0,0
SYN-U-18246,72113.64,56412.09,0.946,0.8456,0.4179,19.5,1687,7,0.9123,0,0.0,0
SYN-U-18247,58444.42,48774.16,0.4285,0.5995,0.8615,15.2,1673,6,0.8786,0,0.0,1
SYN-U-18248,65621.67,49781.23,0.7239,0.4203,0.4464,61.1,1517,0,1.0,0,0.0,0
SYN-U-18249,18687.41,17738.06,0.6699,0.4463,0.5857,60.4,2237,7,0.6651,0,0.0,0
SYN-U-18250,17200.3,11300.39,0.9159,0.5633,0.2305,62.5,1883,5,0.9313,0,0.0,0
SYN-U-18251,76333.61,51368.4,0.6255,0.497,0.6152,35.9,704,3,0.7969,1,7.4,0
SYN-U-18252,65045.64,57880.6,0.6393,0.4464,0.505,21.6,1778,0,1.0,0,0.0,0
SYN-U-18253,173637.45,118701.7,0.7908,0.8861,0.1976,62.5,1728,2,0.857,0,0.0,0
SYN-U-18254,66788.93,51505.42,0.9565,0.8943,0.4252,11.5,2361,2,0.9207,0,0.0,0
SYN-U-18255,20699.43,17828.78,0.523,0.4458,0.5261,18.5,2330,0,1.0,0,0.0,0
SYN-U-18256,68603.99,57613.03,0.8622,0.7276,0.2979,46.2,1926,5,0.9172,0,0.0,0
SYN-U-18257,27363.42,21284.59,0.9661,0.5592,0.2355,55.4,797,6,0.9668,1,0.2,0
SYN-U-18258,97266.25,83856.87,0.5563,0.5377,0.6063,43.1,660,4,0.8286,1,4.6,0
SYN-U-18259,41935.53,36358.81,0.524,0.2781,0.6316,24.6,790,0,1.0,0,0.0,0
SYN-U-18260,139719.77,111810.02,0.9096,0.6265,0.2378,59.0,966,0,1.0,0,0.0,0
SYN-U-18261,40403.33,36108.48,0.7005,0.8971,0.1741,12.5,1601,6,0.9484,1,2.9,0
SYN-U-18262,14418.62,13007.35,0.7547,0.6962,0.2824,48.2,516,1,0.8545,1,0.3,0
SYN-U-18263,137847.89,123692.53,0.9215,0.7037,0.3559,59.7,2067,0,1.0,0,0.0,0
SYN-U-18264,22469.1,18901.21,0.2398,0.3605,0.6839,29.2,1345,4,0.5209,0,0.0,0
SYN-U-18265,13678.52,9982.76,0.652,0.5398,0.6091,38.7,1115,0,1.0,0,0.0,0
SYN-U-18266,143804.79,101301.98,0.7545,0.8241,0.4356,16.7,2199,4,0.9206,0,0.0,0
SYN-U-18267,95125.72,85973.27,0.9405,0.8413,0.2482,38.6,2447,4,0.9518,0,0.0,0
SYN-U-18268,43606.43,30375.55,0.7453,0.7006,0.4796,29.6,1984,1,0.9802,0,0.0,0
SYN-U-18269,85354.29,73486.0,0.6764,0.7651,0.5139,31.2,614,3,0.7854,0,0.0,0
SYN-U-18270,33460.36,22423.29,0.7817,0.5553,0.4532,16.3,639,1,0.9354,1,2.6,0
SYN-U-18271,37107.1,32062.09,0.6008,0.6162,0.5537,61.6,2307,4,0.7965,2,7.5,0
SYN-U-18272,13745.21,10163.78,0.6879,0.4713,0.6841,14.0,1076,4,0.5396,2,7.4,0
SYN-U-18273,63101.45,56614.47,0.7049,0.6059,0.2918,48.5,2049,3,0.9623,1,7.4,0
SYN-U-18274,111036.85,94429.24,0.5618,0.4476,0.8551,25.8,1399,3,0.6928,0,0.0,1
SYN-U-18275,38253.17,32936.17,0.3739,0.3335,0.5466,13.5,1905,6,0.5929,0,0.0,0
SYN-U-18276,48344.5,33540.17,0.8752,0.8828,0.207,37.0,642,5,0.9126,1,2.7,0
SYN-U-18277,90953.07,80949.26,0.8744,0.5561,0.4352,62.6,590,1,0.8859,2,0.5,0
SYN-U-18278,51128.02,35796.35,0.4468,0.3734,0.6942,5.7,1723,1,0.939,3,13.8,1
SYN-U-18279,46605.64,31862.43,0.8298,0.4129,0.4783,45.7,2130,2,0.9194,0,0.0,0
SYN-U-18280,72794.08,56695.29,0.8144,0.7662,0.3915,8.4,2107,7,0.8814,0,0.0,0
SYN-U-18281,39316.55,32957.18,0.69,0.4379,0.3509,10.4,481,0,1.0,0,0.0,0
SYN-U-18282,53544.77,50241.96,0.9032,0.8609,0.4514,29.1,405,0,1.0,0,0.0,0
SYN-U-18283,23747.8,15535.09,0.6867,0.2878,0.7608,27.4,1940,7,0.8865,0,0.0,0
SYN-U-18284,37435.69,32752.46,0.8838,0.7029,0.2224,44.8,1136,7,0.977,0,0.0,0
SYN-U-18285,34830.39,23336.68,0.6971,0.613,0.4555,28.7,1291,7,0.9236,4,8.9,0
SYN-U-18286,16301.94,13154.37,0.5845,0.3291,0.6026,18.3,2431,0,1.0,0,0.0,0
SYN-U-18287,48447.48,45076.68,0.5322,0.5472,0.4489,40.6,930,3,0.7636,0,0.0,0
SYN-U-18288,37248.26,26176.18,0.875,0.6049,0.4393,5.3,131,1,0.8907,0,0.0,0
SYN-U-18289,27320.59,20957.75,0.6298,0.5491,0.4764,12.0,343,6,0.7761,0,0.0,0
SYN-U-18290,15117.43,10213.68,0.6081,0.6106,0.7511,49.0,216,5,0.6723,3,14.2,1
SYN-U-18291,66078.83,43970.53,0.5425,0.4821,0.4048,9.1,141,7,0.741,0,0.0,0
SYN-U-18292,48495.41,33504.35,0.8991,0.8198,0.4629,5.8,2358,1,0.8662,2,0.1,0
SYN-U-18293,17160.14,16469.06,0.8276,0.6382,0.176,43.6,989,0,1.0,0,0.0,0
SYN-U-18294,36854.44,35900.04,0.7861,0.7511,0.4221,45.9,2421,2,0.9304,2,2.9,0
SYN-U-18295,244774.74,173048.74,0.8587,0.803,0.3093,58.0,2157,3,0.8739,0,0.0,0
SYN-U-18296,22912.83,21027.43,0.8343,0.5813,0.411,9.5,1270,7,0.9805,0,0.0,0
SYN-U-18297,58621.74,52430.39,0.6101,0.407,0.4871,35.5,2190,2,0.7216,0,0.0,0
SYN-U-18298,82250.29,57612.88,0.5358,0.7127,0.4402,62.7,1311,2,0.8209,0,0.0,0
SYN-U-18299,36317.76,31927.22,0.7194,0.5997,0.1536,45.2,713,6,0.8868,1,0.5,0
SYN-U-18300,108414.05,84827.86,0.793,0.6744,0.2316,6.8,405,5,0.8648,0,0.0,0
SYN-U-18301,31445.24,30100.59,0.7771,0.8097,0.3907,37.9,1567,6,0.9481,0,0.0,0
SYN-U-18302,91146.54,82371.03,0.5547,0.4455,0.3478,27.2,1222,5,0.7723,2,5.3,0
SYN-U-18303,28218.79,20451.49,0.8581,0.6485,0.4617,22.0,48,0,1.0,0,0.0,0
SYN-U-18304,99708.52,84665.12,0.6772,0.4083,0.29,26.1,2280,3,0.9656,1,3.9,0
SYN-U-18305,40356.52,28943.69,0.8836,0.8049,0.2776,19.0,1445,0,1.0,0,0.0,0
SYN-U-18306,37034.3,24298.13,0.9624,0.6476,0.3718,38.8,771,0,1.0,0,0.0,0
SYN-U-18307,60421.5,40519.71,0.5304,0.7374,0.2537,12.0,2018,0,1.0,0,0.0,0
SYN-U-18308,97334.91,65005.41,0.6092,0.5279,0.6228,33.4,1622,7,0.8554,2,6.1,0
SYN-U-18309,22567.38,19553.96,0.6645,0.5476,0.5467,21.6,1753,7,0.6914,2,5.7,0
SYN-U-18310,117196.13,103582.51,0.7818,0.8861,0.2239,14.1,2062,5,0.8991,0,0.0,0
SYN-U-18311,33098.84,29484.46,0.7523,0.9137,0.1833,26.0,1763,6,0.9377,0,0.0,0
SYN-U-18312,52820.0,41102.7,0.6966,0.4594,0.3439,59.9,1601,1,0.7968,1,3.9,0
SYN-U-18313,48189.93,38450.72,0.5352,0.401,0.5839,39.1,1502,5,0.8011,1,13.3,1
SYN-U-18314,40108.21,38851.06,0.9494,0.6657,0.4364,54.1,1123,5,0.8959,0,0.0,0
SYN-U-18315,61886.76,52945.22,0.2446,0.5874,0.6007,63.1,1608,4,0.5955,4,10.6,0
SYN-U-18316,62456.1,53340.1,0.9197,0.593,0.4405,64.2,1736,3,0.9742,0,0.0,0
SYN-U-18317,83312.79,79177.79,0.8287,0.4857,0.6149,42.1,1128,1,0.7067,1,4.1,0
SYN-U-18318,32151.23,30010.03,0.5144,0.7399,0.2621,62.8,416,0,1.0,0,0.0,0
SYN-U-18319,106020.61,95074.41,0.6096,0.4998,0.6094,63.6,340,0,1.0,0,0.0,0
SYN-U-18320,43839.12,42342.37,0.4888,0.581,0.6124,24.2,2345,6,0.6456,0,0.0,0
SYN-U-18321,97928.33,93219.95,0.6946,0.6858,0.6385,22.7,956,3,0.9191,0,0.0,0
SYN-U-18322,141155.73,130701.57,0.7884,0.8249,0.2248,9.5,563,6,0.9297,0,0.0,0
SYN-U-18323,100305.58,95441.46,0.8237,0.6414,0.4957,41.2,762,0,1.0,0,0.0,0
SYN-U-18324,29703.68,23484.97,0.9205,0.8404,0.3614,7.4,1546,1,0.9325,0,0.0,0
SYN-U-18325,31955.05,25992.49,0.7542,0.9047,0.3879,14.4,1625,5,0.85,0,0.0,0
SYN-U-18326,13228.76,10234.5,0.3899,0.2827,0.6375,10.7,860,6,0.8532,0,0.0,1
SYN-U-18327,120415.95,88427.47,0.6118,0.526,0.5852,63.3,946,0,1.0,0,0.0,0
SYN-U-18328,61157.96,56701.9,0.6795,0.1756,0.5152,50.3,1253,4,0.5626,0,0.0,0
SYN-U-18329,106144.92,100562.47,0.9331,0.8152,0.3644,47.3,265,3,0.8666,0,0.0,0
SYN-U-18330,80438.22,73474.62,0.9426,0.6602,0.1731,50.4,2301,2,0.9487,0,0.0,0
SYN-U-18331,19686.48,14124.2,0.3848,0.3184,0.6386,22.9,1798,2,0.595,2,15.2,1
SYN-U-18332,26955.66,18821.83,0.5837,0.4224,0.6888,5.6,759,3,0.6741,0,0.0,1
SYN-U-18333,51221.0,43164.63,0.7541,0.8512,0.3651,15.2,2442,3,0.9652,0,0.0,0
SYN-U-18334,38552.35,29793.67,0.8583,0.8804,0.1934,47.8,1512,0,1.0,0,0.0,0
SYN-U-18335,66647.27,48633.12,0.828,0.8029,0.4333,31.5,1537,4,0.9556,0,0.0,0
SYN-U-18336,37218.43,30584.45,0.5363,0.4486,0.8101,41.1,1451,2,0.7642,1,9.9,0
SYN-U-18337,66317.46,55291.42,0.9375,0.7594,0.2469,22.3,1533,7,0.9433,0,0.0,0
SYN-U-18338,55007.04,40818.51,0.8336,0.6479,0.1754,15.2,2074,1,0.9594,0,0.0,0
SYN-U-18339,21042.9,18253.02,0.768,0.7952,0.4928,62.9,2175,0,1.0,0,0.0,0
SYN-U-18340,17232.82,12067.64,0.2495,0.5321,0.7031,50.2,1549,4,0.7167,1,14.2,1
SYN-U-18341,20035.15,17915.13,0.7731,0.7602,0.3248,57.9,1505,4,0.9737,0,0.0,0
SYN-U-18342,64280.23,48170.54,0.7314,0.7962,0.6204,28.6,800,2,0.9342,1,2.7,0
SYN-U-18343,32520.25,23367.44,0.801,0.7025,0.1668,37.1,489,4,0.8505,0,0.0,0
SYN-U-18344,40158.06,31668.97,0.7086,0.78,0.4131,8.9,1273,6,0.8563,0,0.0,0
SYN-U-18345,14860.54,9667.74,0.8231,0.7343,0.3207,23.4,293,1,0.8598,0,0.0,0
SYN-U-18346,110984.6,96518.07,0.93,0.7265,0.4071,12.2,308,1,0.8991,2,2.8,0
SYN-U-18347,29456.44,20959.99,0.4499,0.3186,0.8301,52.0,2410,4,0.5161,1,6.4,1
SYN-U-18348,156436.5,102705.94,0.9434,0.5866,0.2444,5.2,742,4,0.9232,0,0.0,0
SYN-U-18349,44965.54,38413.82,0.892,0.9011,0.3103,39.1,1340,2,0.9671,0,0.0,0
SYN-U-18350,64210.08,49563.39,0.5337,0.488,0.3809,24.8,2158,0,1.0,0,0.0,0
SYN-U-18351,92499.84,73942.29,0.5161,0.3513,0.6691,46.7,2477,4,0.91,0,0.0,0
SYN-U-18352,79119.93,68271.49,0.6869,0.5231,0.4211,48.5,2479,7,0.9726,1,5.2,0
SYN-U-18353,56264.22,50176.94,0.6534,0.7703,0.4519,18.7,238,4,0.765,0,0.0,0
SYN-U-18354,14909.1,12128.87,0.6722,0.2579,0.8434,5.1,1903,4,0.5119,1,6.5,1
SYN-U-18355,42116.81,39004.28,0.55,0.545,0.4746,22.0,2201,0,1.0,0,0.0,0
SYN-U-18356,54109.4,42194.32,0.8252,0.6012,0.3292,44.0,2130,0,1.0,0,0.0,0
SYN-U-18357,117501.45,78008.07,0.7435,0.8246,0.4738,28.1,840,6,0.855,0,0.0,0
SYN-U-18358,100531.54,77356.35,0.7537,0.6454,0.4837,50.5,625,1,0.8701,0,0.0,0
SYN-U-18359,60096.6,45713.95,0.8529,0.7974,0.4557,29.9,297,7,0.8793,0,0.0,0
SYN-U-18360,33149.33,30062.56,0.7124,0.6118,0.3575,39.5,1356,0,1.0,0,0.0,0
SYN-U-18361,196316.94,133487.07,0.8006,0.5985,0.2712,38.6,1867,5,0.9627,0,0.0,0
SYN-U-18362,63329.73,41583.25,0.8489,0.6792,0.6022,23.7,2327,5,0.8711,0,0.0,0
SYN-U-18363,29561.95,19339.2,0.9111,0.7624,0.353,58.8,2217,6,0.9617,0,0.0,0
SYN-U-18364,67729.93,60987.33,0.8267,0.843,0.1506,54.7,426,0,1.0,0,0.0,0
SYN-U-18365,78993.0,70292.9,0.4153,0.4239,0.5525,23.7,483,7,0.5709,0,0.0,0
SYN-U-18366,56845.43,41289.24,0.7927,0.8415,0.1739,8.0,716,1,0.8592,1,1.0,0
SYN-U-18367,94501.06,88607.26,0.6067,0.6325,0.254,31.6,931,1,0.7341,1,5.5,0
SYN-U-18368,101017.92,77394.31,0.9619,0.869,0.4479,5.2,439,1,0.9376,0,0.0,0
SYN-U-18369,90217.71,79409.84,0.6933,0.519,0.3766,35.4,1896,0,1.0,0,0.0,0
SYN-U-18370,19090.83,13589.52,0.2265,0.2642,0.7371,22.3,352,2,0.7514,3,17.6,1
SYN-U-18371,22831.5,17473.43,0.883,0.7585,0.2143,61.5,968,4,0.8884,0,0.0,0
SYN-U-18372,15040.61,10152.55,0.6153,0.2202,0.6743,53.8,1013,3,0.6121,3,8.5,1
SYN-U-18373,74815.33,72624.13,0.5507,0.4464,0.4382,11.3,1121,7,0.7011,0,0.0,0
SYN-U-18374,21061.41,18268.63,0.881,0.8444,0.4726,48.7,718,6,0.9409,0,0.0,0
SYN-U-18375,15854.7,10566.02,0.7345,0.6498,0.6084,40.7,226,7,0.596,0,0.0,0
SYN-U-18376,298801.18,291614.19,0.8442,0.9085,0.1621,20.6,1490,0,1.0,0,0.0,0
SYN-U-18377,31097.41,26868.43,0.2272,0.2524,0.4816,58.8,1210,3,0.8811,1,15.5,1
SYN-U-18378,17320.31,11525.13,0.6948,0.1582,0.7423,42.8,2435,2,0.8261,3,9.1,1
SYN-U-18379,109810.59,90188.29,0.9404,0.8067,0.3711,38.8,2475,5,0.9658,0,0.0,0
SYN-U-18380,101517.76,92833.34,0.8314,0.755,0.3812,51.8,1963,4,0.9455,1,0.6,0
SYN-U-18381,64941.32,47297.29,0.973,0.8912,0.1607,18.5,534,2,0.9257,0,0.0,0
SYN-U-18382,70032.5,53086.84,0.4485,0.3525,0.6865,58.9,2184,0,1.0,0,0.0,1
SYN-U-18383,20728.2,15343.14,0.77,0.6403,0.4647,56.7,402,6,0.8506,0,0.0,0
SYN-U-18384,29349.51,20718.32,0.8393,0.8635,0.1603,37.1,1730,4,0.9535,0,0.0,0
SYN-U-18385,42826.43,29914.22,0.9521,0.7985,0.4698,59.9,882,2,0.9572,0,0.0,0
SYN-U-18386,52081.58,37662.4,0.7103,0.3843,0.6964,27.9,421,4,0.7527,1,10.0,0
SYN-U-18387,228506.84,155094.38,0.8248,0.5891,0.1547,50.4,2228,7,0.9466,0,0.0,0
SYN-U-18388,41564.36,28323.14,0.625,0.4066,0.4431,49.3,2163,2,0.7109,2,6.3,0
SYN-U-18389,25370.65,20962.43,0.7414,0.2717,0.5659,27.8,1362,5,0.9453,0,0.0,0
SYN-U-18390,52748.78,51483.5,0.7195,0.6917,0.3561,51.1,2139,6,0.936,2,2.6,0
SYN-U-18391,63363.41,60833.64,0.5409,0.5649,0.5963,36.4,2123,2,0.8252,0,0.0,0
SYN-U-18392,46346.97,39523.11,0.7373,0.8738,0.2352,26.7,525,1,0.9334,0,0.0,0
SYN-U-18393,79400.87,54744.39,0.6162,0.4673,0.2573,35.4,1410,7,0.9582,0,0.0,0
SYN-U-18394,142664.09,114849.14,0.6887,0.4015,0.5578,62.4,1554,4,0.8832,1,5.7,0
SYN-U-18395,204455.53,157116.31,0.8975,0.8719,0.4935,63.1,1474,6,0.95,0,0.0,0
SYN-U-18396,223481.11,158383.77,0.9215,0.7403,0.3314,58.9,625,6,0.8698,1,3.0,0
SYN-U-18397,20051.71,13528.93,0.7626,0.6997,0.2183,18.6,1071,1,0.8631,0,0.0,0
SYN-U-18398,47153.77,35150.73,0.9704,0.8532,0.4672,11.6,1205,2,0.8554,1,1.8,0
SYN-U-18399,71479.44,62691.48,0.3045,0.5231,0.6972,23.6,904,6,0.732,1,10.0,1
SYN-U-18400,93947.08,77632.86,0.7526,0.7949,0.2082,29.3,1293,0,1.0,0,0.0,0
SYN-U-18401,23533.84,19267.22,0.8366,0.5748,0.459,21.8,1694,3,0.8526,0,0.0,0
SYN-U-18402,69110.59,57997.32,0.627,0.6099,0.4016,56.0,1316,5,0.9561,0,0.0,0
SYN-U-18403,21705.6,14990.64,0.6283,0.2046,0.7812,22.0,2184,2,0.5832,4,11.7,1
SYN-U-18404,23582.56,18662.44,0.2963,0.3226,0.505,11.0,530,3,0.6097,1,8.3,1
SYN-U-18405,77187.15,53381.29,0.6215,0.5792,0.5431,11.4,1956,2,0.968,2,7.4,0
SYN-U-18406,63203.51,59534.64,0.684,0.4727,0.5147,12.5,1311,5,0.8185,0,0.0,0
SYN-U-18407,25605.5,21947.13,0.4604,0.5767,0.5771,19.4,1096,1,0.6609,2,11.3,1
SYN-U-18408,62453.07,55992.72,0.8646,0.5832,0.2808,49.6,192,4,0.9503,0,0.0,0
SYN-U-18409,43758.16,32006.3,0.7521,0.5186,0.6336,53.5,1216,1,0.7065,0,0.0,0
SYN-U-18410,68847.17,44901.7,0.7563,0.7925,0.5934,25.9,708,6,0.8605,0,0.0,0
SYN-U-18411,96946.19,65533.43,0.7353,0.6694,0.4891,40.4,1464,6,0.9308,0,0.0,0
SYN-U-18412,27648.13,18659.82,0.7909,0.6903,0.4922,45.3,1421,4,0.8613,0,0.0,0
SYN-U-18413,24400.22,19750.9,0.7986,0.8603,0.2004,31.6,1170,2,0.9242,1,1.5,0
SYN-U-18414,135828.51,104247.38,0.8049,0.5837,0.1992,38.2,1413,0,1.0,0,0.0,0
SYN-U-18415,43369.06,31013.18,0.9596,0.7984,0.2182,27.8,967,6,0.884,1,0.2,0
SYN-U-18416,35616.16,33025.89,0.9754,0.8311,0.1596,58.7,1751,2,0.8538,2,0.4,0
SYN-U-18417,67412.15,54349.59,0.7591,0.485,0.5183,47.0,1961,3,0.7913,1,5.7,0
SYN-U-18418,51870.82,35249.73,0.5357,0.687,0.6135,50.4,612,1,0.8038,1,7.2,0
SYN-U-18419,93154.17,70237.0,0.59,0.4914,0.366,46.1,895,7,0.8397,0,0.0,0
SYN-U-18420,66747.59,43534.02,0.4965,0.414,0.4109,62.9,534,1,0.6446,0,0.0,0
SYN-U-18421,51169.95,35294.57,0.7812,0.6639,0.3555,54.3,1411,7,0.9996,0,0.0,0
SYN-U-18422,95871.04,83623.84,0.5313,0.3131,0.4545,28.0,1170,6,0.6048,0,0.0,0
SYN-U-18423,107610.76,71307.82,0.4344,0.3854,0.778,50.8,2228,2,0.8514,0,0.0,1
SYN-U-18424,75271.69,54536.21,0.2382,0.1656,0.7099,5.1,777,4,0.7968,1,12.1,1
SYN-U-18425,32026.52,28026.45,0.9259,0.8109,0.1683,57.7,514,4,0.9903,0,0.0,0
SYN-U-18426,88712.12,68624.28,0.6442,0.5812,0.6453,48.2,655,1,0.9338,0,0.0,0
SYN-U-18427,75026.93,65845.73,0.7117,0.8906,0.1631,32.0,317,1,0.8861,2,1.0,0
SYN-U-18428,20721.62,14348.79,0.9556,0.626,0.293,64.7,42,3,0.8792,0,0.0,0
SYN-U-18429,46782.41,42303.68,0.8136,0.7286,0.3902,50.6,738,6,0.8743,0,0.0,0
SYN-U-18430,123720.37,86162.76,0.8863,0.8681,0.3223,46.7,825,6,0.8716,0,0.0,0
SYN-U-18431,19255.97,16314.77,0.4715,0.3678,0.6506,41.4,965,0,1.0,0,0.0,0
SYN-U-18432,73096.8,71230.89,0.7303,0.7896,0.4911,61.2,2424,1,0.7828,2,2.9,0
SYN-U-18433,41037.95,34197.58,0.5229,0.7087,0.4059,39.2,2139,4,0.8199,1,7.9,0
SYN-U-18434,22791.12,20942.14,0.8072,0.7764,0.2946,64.7,265,6,0.9095,0,0.0,0
SYN-U-18435,23509.61,21850.83,0.3222,0.4394,0.7802,13.6,426,1,0.7503,2,5.1,0
SYN-U-18436,28720.35,24210.72,0.3469,0.5885,0.8752,58.9,1408,2,0.7426,0,0.0,1
SYN-U-18437,70588.74,61855.37,0.6034,0.5294,0.323,39.1,876,5,0.7827,1,7.8,0
SYN-U-18438,30270.37,28869.7,0.8186,0.6071,0.2396,30.8,724,5,0.8915,1,0.8,0
SYN-U-18439,53543.45,50617.06,0.9695,0.6499,0.4251,38.5,1852,2,0.8957,1,0.2,0
SYN-U-18440,76433.45,59117.64,0.7899,0.8547,0.2434,59.2,1922,0,1.0,0,0.0,0
SYN-U-18441,36755.58,31576.38,0.7598,0.661,0.1713,22.3,2079,0,1.0,0,0.0,0
SYN-U-18442,104555.27,84465.96,0.7516,0.6729,0.234,38.5,1366,2,0.9661,0,0.0,0
SYN-U-18443,16530.17,12259.13,0.7571,0.7652,0.2664,45.1,303,6,0.9523,3,3.3,0
SYN-U-18444,28368.7,21293.83,0.5124,0.6164,0.5604,22.4,1726,7,0.7045,0,0.0,0
SYN-U-18445,36837.36,33340.42,0.9773,0.7089,0.4152,5.9,594,2,0.96,1,3.0,0
SYN-U-18446,40291.79,37191.61,0.7882,0.5692,0.2118,12.2,2203,0,1.0,0,0.0,0
SYN-U-18447,130465.25,125983.64,0.8847,0.7057,0.2942,21.7,55,0,1.0,0,0.0,0
SYN-U-18448,39353.38,30020.08,0.9174,0.8726,0.1977,49.1,2454,0,1.0,0,0.0,0
SYN-U-18449,31523.15,26448.9,0.7726,0.5544,0.4811,24.1,2036,7,0.955,0,0.0,0
SYN-U-18450,36117.93,32827.65,0.7274,0.7851,0.3712,26.6,1388,6,0.9876,1,2.4,0
SYN-U-18451,42860.24,30039.53,0.8098,0.8277,0.4673,45.5,2096,5,0.914,0,0.0,0
SYN-U-18452,28268.12,20998.53,0.8982,0.6914,0.3978,53.2,2321,2,0.9757,0,0.0,0
SYN-U-18453,74655.03,57170.58,0.8417,0.5555,0.3179,42.5,1223,2,0.8674,0,0.0,0
SYN-U-18454,176825.41,116328.33,0.8979,0.5726,0.4768,49.9,113,0,1.0,0,0.0,0
SYN-U-18455,70308.2,67897.26,0.77,0.5643,0.4827,22.0,800,5,0.919,2,3.1,0
SYN-U-18456,27890.72,26905.49,0.9701,0.6607,0.3332,49.4,60,1,0.948,1,1.2,0
SYN-U-18457,40810.78,33156.58,0.5148,0.6148,0.4198,44.3,296,2,0.8044,1,5.5,0
SYN-U-18458,42594.33,39309.46,0.9184,0.613,0.3715,63.2,826,7,0.8718,0,0.0,0
SYN-U-18459,68636.82,64614.18,0.5614,0.7186,0.2562,35.4,1995,5,0.9435,2,2.1,0
SYN-U-18460,36725.24,34260.52,0.7162,0.6932,0.4442,49.0,402,0,1.0,0,0.0,0
SYN-U-18461,58584.63,39395.56,0.9788,0.6992,0.3804,33.0,1922,4,0.9687,0,0.0,0
SYN-U-18462,48233.01,42841.46,0.9003,0.8271,0.4312,14.9,907,4,0.9427,0,0.0,0
SYN-U-18463,132617.16,126698.47,0.7292,0.7405,0.465,27.0,2116,2,0.9552,1,2.8,0
SYN-U-18464,75987.53,72459.32,0.701,0.9095,0.3476,46.4,623,0,1.0,0,0.0,0
SYN-U-18465,113006.81,107838.17,0.7841,0.757,0.3629,18.6,1902,4,0.9374,1,0.0,0
SYN-U-18466,36218.58,32388.04,0.9182,0.6637,0.2054,49.9,73,6,0.8556,0,0.0,0
SYN-U-18467,38966.2,31444.04,0.7498,0.787,0.3681,38.8,2019,6,0.9718,0,0.0,0
SYN-U-18468,65417.78,50568.1,0.8403,0.6889,0.3226,59.9,136,0,1.0,0,0.0,0
SYN-U-18469,37789.25,31444.25,0.8077,0.5237,0.6407,28.4,1646,7,0.9321,2,4.8,0
SYN-U-18470,20979.21,14325.99,0.7195,0.5567,0.5576,16.6,1641,5,0.6247,0,0.0,0
SYN-U-18471,49633.96,45018.79,0.405,0.3199,0.4564,60.3,1339,3,0.5814,0,0.0,0
SYN-U-18472,37941.07,26995.24,0.2167,0.5655,0.7265,10.1,1619,2,0.5883,1,5.6,1
SYN-U-18473,53840.52,48849.38,0.8182,0.5726,0.416,61.3,697,5,0.9096,0,0.0,0
SYN-U-18474,89121.19,63754.33,0.8899,0.7812,0.482,25.8,146,6,0.9408,0,0.0,0
SYN-U-18475,14861.44,13368.72,0.2508,0.4367,0.6071,55.5,1093,7,0.8056,1,3.6,1
SYN-U-18476,96260.74,79087.62,0.8994,0.7891,0.4326,8.9,263,0,1.0,0,0.0,0
SYN-U-18477,21252.16,14903.84,0.4493,0.2989,0.8166,55.9,1837,6,0.7228,0,0.0,1
SYN-U-18478,22471.63,15724.48,0.3873,0.4533,0.6947,58.8,379,7,0.7866,1,10.7,1
SYN-U-18479,185898.68,124815.3,0.9683,0.657,0.296,48.1,539,5,0.9319,0,0.0,0
SYN-U-18480,52504.89,48464.79,0.836,0.9019,0.4001,29.2,1959,3,0.9805,0,0.0,0
SYN-U-18481,38255.02,31495.41,0.7018,0.7059,0.2043,58.0,922,0,1.0,0,0.0,0
SYN-U-18482,43541.94,40807.61,0.7981,0.5584,0.4125,44.0,2313,2,0.8944,0,0.0,0
SYN-U-18483,15722.41,11874.64,0.5422,0.5938,0.2724,53.3,2192,7,0.8741,3,2.6,0
SYN-U-18484,13703.79,9190.47,0.2968,0.4339,0.4943,41.8,538,3,0.8492,4,17.7,1
SYN-U-18485,16293.17,15712.98,0.6356,0.5203,0.7807,18.5,1784,1,0.7552,0,0.0,0
SYN-U-18486,19774.38,13413.96,0.8597,0.6352,0.4559,36.5,96,4,0.9784,1,2.6,0
SYN-U-18487,19201.57,13041.31,0.6443,0.5971,0.3783,47.2,2294,5,0.8931,0,0.0,0
SYN-U-18488,68441.02,51210.37,0.2551,0.3832,0.5252,55.3,1469,2,0.7449,2,16.4,1
SYN-U-18489,14574.41,9617.55,0.8961,0.7692,0.3786,20.0,1993,6,0.9171,1,1.4,0
SYN-U-18490,136271.83,120465.75,0.8837,0.8254,0.3271,30.0,1699,4,0.8935,0,0.0,0
SYN-U-18491,73878.94,69232.86,0.7689,0.8544,0.3794,57.4,581,4,0.98,0,0.0,0
SYN-U-18492,26546.28,17613.8,0.2189,0.4151,0.5404,29.4,1331,4,0.6797,3,13.5,1
SYN-U-18493,65645.54,48683.97,0.6896,0.7319,0.4087,58.1,2113,5,0.8938,0,0.0,0
SYN-U-18494,19904.91,17487.92,0.6793,0.393,0.8068,22.2,599,0,1.0,0,0.0,0
SYN-U-18495,107250.93,75389.92,0.7088,0.4279,0.3339,44.0,1033,5,0.8241,0,0.0,0
SYN-U-18496,62078.86,49346.74,0.8865,0.761,0.2866,43.3,2278,0,1.0,0,0.0,0
SYN-U-18497,193352.48,149927.73,0.7318,0.5933,0.1689,54.6,1150,7,0.873,0,0.0,0
SYN-U-18498,46917.38,44847.1,0.4617,0.4509,0.7352,38.4,164,2,0.6478,1,10.8,0
SYN-U-18499,26373.71,20275.76,0.3688,0.2131,0.659,11.2,1219,6,0.6976,2,4.6,1
SYN-U-18500,74828.46,53536.87,0.8244,0.7893,0.3019,36.9,1162,2,0.7579,2,4.7,0
SYN-U-18501,86819.74,76093.84,0.8497,0.5882,0.642,30.3,1789,2,0.7477,1,6.0,0
SYN-U-18502,21366.65,14911.83,0.8321,0.8618,0.4423,20.3,2419,2,0.8836,0,0.0,0
SYN-U-18503,47567.21,42227.57,0.7769,0.7561,0.2466,37.5,2073,0,1.0,0,0.0,0
SYN-U-18504,144297.06,123807.54,0.9297,0.9051,0.4323,62.6,1864,1,0.9257,0,0.0,0
SYN-U-18505,19068.64,13442.52,0.2338,0.1664,0.6702,31.2,1751,7,0.7892,0,0.0,1
SYN-U-18506,14236.22,12491.29,0.6477,0.2882,0.4703,10.7,1292,0,1.0,0,0.0,0
SYN-U-18507,22223.35,17922.79,0.4169,0.4922,0.511,24.5,1861,1,0.5927,2,6.4,0
SYN-U-18508,27367.3,23570.62,0.3939,0.1794,0.4546,28.2,1178,3,0.8664,0,0.0,0
SYN-U-18509,65995.38,49562.14,0.67,0.466,0.7294,57.9,1603,6,0.6696,2,5.0,0
SYN-U-18510,28929.01,24133.66,0.9723,0.687,0.4008,49.7,503,2,0.9601,0,0.0,0
SYN-U-18511,45478.82,30021.44,0.9018,0.7692,0.1619,62.0,548,1,0.9241,1,2.1,0
SYN-U-18512,46705.27,41591.25,0.8341,0.8399,0.378,15.4,2053,7,0.9205,0,0.0,0
SYN-U-18513,66584.35,49426.49,0.8413,0.6795,0.4703,20.1,691,3,0.8514,1,0.3,0
SYN-U-18514,36876.58,27157.54,0.4659,0.5873,0.85,9.4,1676,0,1.0,0,0.0,1
SYN-U-18515,19309.93,14252.59,0.6427,0.1956,0.8709,43.5,529,4,0.932,0,0.0,0
SYN-U-18516,57616.91,50419.81,0.7723,0.7846,0.2746,16.5,1284,1,0.8916,2,3.1,0
SYN-U-18517,81920.58,62389.49,0.8401,0.4284,0.3073,45.8,1060,4,0.8852,1,4.7,0
SYN-U-18518,51592.06,44318.39,0.855,0.7976,0.4242,42.1,659,5,0.8655,1,0.2,0
SYN-U-18519,15714.69,10223.03,0.4838,0.2749,0.8716,36.3,1145,1,0.8949,1,6.3,0
SYN-U-18520,60103.48,56593.58,0.751,0.903,0.3285,35.7,2308,3,0.9602,0,0.0,0
SYN-U-18521,87550.15,76766.18,0.4923,0.6303,0.6552,53.7,1049,4,0.9017,1,6.9,0
SYN-U-18522,143689.8,95673.36,0.6494,0.4614,0.3149,12.7,1530,5,0.725,3,7.7,0
SYN-U-18523,52767.57,39011.25,0.8982,0.7668,0.2671,16.8,1002,2,0.9345,0,0.0,0
SYN-U-18524,31355.8,26993.48,0.9653,0.6276,0.2789,6.7,2272,4,0.9618,0,0.0,0
SYN-U-18525,69378.71,61555.5,0.9645,0.7942,0.4773,26.6,820,6,0.9506,0,0.0,0
SYN-U-18526,43667.88,37788.06,0.7891,0.6504,0.2745,7.7,521,1,0.8574,0,0.0,0
SYN-U-18527,21820.57,17579.78,0.5601,0.6299,0.3915,19.0,215,2,0.7725,0,0.0,0
SYN-U-18528,30261.69,28474.1,0.6738,0.3489,0.4992,15.6,2142,6,0.6067,0,0.0,0
SYN-U-18529,98171.97,76151.71,0.7914,0.8054,0.2642,36.7,1205,1,0.8614,0,0.0,0
SYN-U-18530,41367.36,37601.55,0.7517,0.7329,0.1955,24.9,175,4,0.9098,0,0.0,0
SYN-U-18531,158919.41,137451.17,0.6507,0.4524,0.6312,39.0,2330,5,0.8883,2,4.0,0
SYN-U-18532,36310.18,32519.03,0.8881,0.5509,0.2925,23.1,2207,7,0.8939,0,0.0,0
SYN-U-18533,16709.08,15928.92,0.3396,0.1953,0.7522,9.5,1619,6,0.7265,0,0.0,1
SYN-U-18534,63535.08,54383.87,0.8298,0.664,0.4521,57.2,48,3,0.7207,2,5.7,0
SYN-U-18535,100778.05,73830.29,0.7598,0.6356,0.3612,26.0,2196,4,0.9099,2,1.1,0
SYN-U-18536,40779.6,28771.37,0.9259,0.8158,0.1549,43.6,485,3,0.9367,0,0.0,0
SYN-U-18537,16749.06,14071.16,0.5845,0.525,0.439,15.7,1665,3,0.9461,0,0.0,0
SYN-U-18538,51664.11,38300.14,0.5879,0.7392,0.3503,13.9,2093,7,0.8926,0,0.0,0
SYN-U-18539,57884.13,47766.43,0.9038,0.5755,0.2742,33.8,1895,2,0.9094,0,0.0,0
SYN-U-18540,70411.56,62924.39,0.9593,0.845,0.1824,45.9,1420,0,1.0,0,0.0,0
SYN-U-18541,32501.36,25915.19,0.8595,0.8944,0.3206,11.0,236,6,0.897,1,2.1,0
SYN-U-18542,67939.16,46365.94,0.606,0.4217,0.7221,47.4,2006,4,0.7299,1,16.3,1
SYN-U-18543,71947.75,66188.88,0.5717,0.5983,0.5766,31.1,1749,5,0.9463,0,0.0,0
SYN-U-18544,31949.72,27393.07,0.8352,0.6624,0.2166,36.9,294,1,0.8532,0,0.0,0
SYN-U-18545,59760.43,50109.88,0.7107,0.514,0.2513,50.7,1017,6,0.7617,1,3.4,0
SYN-U-18546,44345.15,40750.32,0.8801,0.5688,0.1815,21.7,988,2,0.9595,0,0.0,0
SYN-U-18547,40121.28,35580.93,0.8807,0.6042,0.1659,37.5,2305,2,0.8559,0,0.0,0
SYN-U-18548,115193.67,106801.14,0.7597,0.6071,0.3023,50.4,637,1,0.9532,0,0.0,0
SYN-U-18549,46484.34,32944.43,0.7191,0.7569,0.2234,20.8,468,7,0.9515,0,0.0,0
SYN-U-18550,63047.25,43291.31,0.2526,0.2387,0.5775,9.0,1861,1,0.8702,2,4.8,1
SYN-U-18551,135961.38,100801.32,0.8226,0.7687,0.2679,56.7,676,3,0.9884,0,0.0,0
SYN-U-18552,79332.91,65357.98,0.7632,0.6021,0.364,59.8,493,4,0.8832,1,1.9,0
SYN-U-18553,61969.58,42937.81,0.8574,0.8003,0.4646,20.8,2299,7,0.888,0,0.0,0
SYN-U-18554,48398.89,45772.73,0.7173,0.7974,0.1637,26.8,2499,2,0.951,0,0.0,0
SYN-U-18555,66751.14,49487.94,0.8658,0.6148,0.3698,51.6,1888,7,0.8864,0,0.0,0
SYN-U-18556,60442.77,48984.71,0.7631,0.6491,0.5458,22.5,519,4,0.8037,2,6.6,0
SYN-U-18557,63641.15,45633.09,0.8984,0.8713,0.3689,59.4,1277,5,0.8938,1,0.1,0
SYN-U-18558,86566.2,83612.98,0.8063,0.6219,0.4174,48.7,2102,1,0.9464,2,7.9,0
SYN-U-18559,33398.02,29676.34,0.6765,0.4687,0.6887,15.5,1405,6,0.6611,0,0.0,0
SYN-U-18560,53411.69,39029.03,0.5297,0.2844,0.6586,64.3,1781,5,0.8756,1,5.0,0
SYN-U-18561,23012.39,18250.5,0.6644,0.3741,0.586,24.3,1764,5,0.5894,1,7.9,1
SYN-U-18562,26042.14,22440.45,0.6146,0.3757,0.6246,50.5,1883,1,0.8092,1,13.4,1
SYN-U-18563,15694.64,11235.28,0.2145,0.5697,0.6855,42.5,251,7,0.9108,2,3.5,0
SYN-U-18564,22959.71,16176.48,0.7172,0.6604,0.4036,14.0,359,3,0.8562,0,0.0,0
SYN-U-18565,63857.98,56800.07,0.7287,0.6001,0.2026,41.5,2451,5,0.8891,0,0.0,0
SYN-U-18566,82606.38,57510.85,0.8509,0.6781,0.355,64.1,1668,1,0.859,0,0.0,0
SYN-U-18567,97967.86,76842.91,0.6651,0.5339,0.7189,26.8,2393,1,0.9275,2,4.3,0
SYN-U-18568,43398.79,32520.51,0.8202,0.787,0.3764,56.9,597,5,0.9548,2,4.1,0
SYN-U-18569,86213.0,62937.49,0.7465,0.5788,0.3179,52.9,1119,3,0.9951,0,0.0,0
SYN-U-18570,58965.12,44803.35,0.7359,0.5774,0.5387,7.8,791,5,0.9786,2,3.4,0
SYN-U-18571,46467.79,36373.47,0.9185,0.551,0.2483,23.5,535,6,0.893,1,1.0,0
SYN-U-18572,16808.65,13329.84,0.4114,0.5144,0.7555,49.6,2314,3,0.7246,1,11.0,0
SYN-U-18573,42316.19,39438.53,0.9761,0.7525,0.3967,24.4,2199,7,0.945,1,2.6,0
SYN-U-18574,15688.67,11974.39,0.6781,0.6985,0.5177,42.7,1151,3,0.8605,0,0.0,0
SYN-U-18575,21274.31,18596.06,0.837,0.5851,0.3791,24.1,1206,2,0.9581,0,0.0,0
SYN-U-18576,49484.28,35241.31,0.8001,0.6193,0.1852,55.5,2368,5,0.9577,0,0.0,0
SYN-U-18577,45748.54,41580.6,0.735,0.6242,0.2374,56.5,2048,5,0.9533,0,0.0,0
SYN-U-18578,46743.9,36381.24,0.7776,0.6107,0.3969,56.0,2128,4,0.9499,0,0.0,0
SYN-U-18579,158503.44,148730.98,0.7132,0.6608,0.2936,26.9,1859,7,0.913,0,0.0,0
SYN-U-18580,35958.8,28293.76,0.4337,0.2604,0.5044,26.4,634,4,0.8511,3,9.7,1
SYN-U-18581,56993.73,37473.32,0.7441,0.8105,0.2489,5.8,2120,1,0.9035,0,0.0,0
SYN-U-18582,22673.27,19136.81,0.3088,0.2465,0.4837,50.2,298,4,0.8446,2,16.4,1
SYN-U-18583,95552.74,74346.96,0.5013,0.7719,0.5618,40.6,1861,2,0.8929,1,5.9,0
SYN-U-18584,37496.92,34892.81,0.9688,0.5732,0.1915,30.5,1459,1,0.9772,1,2.9,0
SYN-U-18585,65672.23,61993.56,0.3793,0.4647,0.7684,58.4,1935,5,0.8618,1,15.0,1
SYN-U-18586,21698.15,14963.32,0.7143,0.8742,0.4642,33.0,2281,7,0.8536,0,0.0,0
SYN-U-18587,60590.3,41808.61,0.9369,0.8357,0.4454,5.1,187,2,0.8662,2,0.9,0
SYN-U-18588,72581.3,56422.56,0.6221,0.6047,0.8173,27.6,1496,5,0.805,0,0.0,0
SYN-U-18589,211841.66,151099.7,0.9423,0.7303,0.2222,26.4,2177,3,0.9623,1,0.7,0
SYN-U-18590,57733.45,53174.62,0.965,0.8881,0.4442,55.3,733,7,0.8783,1,2.3,0
SYN-U-18591,52426.97,45865.55,0.2605,0.2243,0.6932,22.0,900,4,0.5261,0,0.0,1
SYN-U-18592,18751.95,16844.47,0.8639,0.56,0.3996,23.2,950,0,1.0,0,0.0,0
SYN-U-18593,166008.4,150582.18,0.9066,0.6374,0.192,48.1,1827,4,0.8697,1,0.7,0
SYN-U-18594,49980.62,40988.03,0.9058,0.868,0.2734,58.1,430,7,0.961,0,0.0,0
SYN-U-18595,150348.78,111540.55,0.6475,0.7226,0.3839,16.1,2261,5,0.7287,0,0.0,0
SYN-U-18596,32950.84,32220.15,0.7412,0.4203,0.7328,16.9,464,1,0.8951,2,7.4,0
SYN-U-18597,55759.32,38891.19,0.9453,0.6663,0.3053,20.3,2005,4,0.8715,0,0.0,0
SYN-U-18598,87615.55,70370.85,0.7799,0.6379,0.3843,54.5,2197,2,0.9701,0,0.0,0
SYN-U-18599,30895.98,24573.91,0.7003,0.6435,0.2092,14.2,895,4,0.874,0,0.0,0
SYN-U-18600,49040.74,43918.34,0.573,0.4954,0.3936,8.9,321,7,0.9433,0,0.0,0
SYN-U-18601,32107.8,28568.86,0.5172,0.3272,0.6283,31.6,2475,5,0.5409,0,0.0,0
SYN-U-18602,33476.66,24982.96,0.8733,0.6636,0.2888,19.2,693,7,0.875,0,0.0,0
SYN-U-18603,52801.29,42802.47,0.7822,0.7087,0.4505,60.9,1326,6,0.9394,0,0.0,0
SYN-U-18604,80682.49,57170.95,0.627,0.6613,0.3411,7.6,139,4,0.8426,0,0.0,0
SYN-U-18605,72530.34,69968.11,0.365,0.2303,0.5835,14.8,2002,7,0.6967,2,14.9,1
SYN-U-18606,44501.72,36434.76,0.2245,0.4883,0.6389,25.9,346,1,0.6753,2,15.6,1
SYN-U-18607,44735.87,36776.7,0.3914,0.425,0.7803,57.5,1085,6,0.5738,3,14.0,1
SYN-U-18608,77370.98,51682.4,0.5175,0.4345,0.4175,13.3,1041,6,0.7419,2,3.1,0
SYN-U-18609,58700.94,46836.88,0.5688,0.3595,0.4808,39.7,2345,3,0.8605,2,13.0,1
SYN-U-18610,74635.97,56299.43,0.9441,0.8348,0.1599,10.5,522,0,1.0,0,0.0,0
SYN-U-18611,22862.21,16315.57,0.858,0.7259,0.1973,11.8,2070,3,0.9617,0,0.0,0
SYN-U-18612,33204.84,21729.29,0.6866,0.4474,0.6822,19.5,1590,6,0.7098,1,7.0,0
SYN-U-18613,45668.22,32567.0,0.949,0.5796,0.1592,44.1,815,0,1.0,0,0.0,0
SYN-U-18614,124954.53,102962.03,0.8637,0.5986,0.4725,46.0,1042,7,0.9132,0,0.0,0
SYN-U-18615,66402.05,55438.13,0.919,0.7173,0.4024,31.7,1355,3,0.9015,0,0.0,0
SYN-U-18616,37600.32,24745.48,0.8898,0.6449,0.4496,31.7,139,4,0.8706,0,0.0,0
SYN-U-18617,65453.23,45251.74,0.8478,0.691,0.2323,18.4,453,4,0.9718,0,0.0,0
SYN-U-18618,34058.52,26443.26,0.7045,0.8352,0.4529,31.9,372,0,1.0,0,0.0,0
SYN-U-18619,60293.46,56941.23,0.8786,0.8782,0.324,32.4,676,6,0.97,0,0.0,0
SYN-U-18620,17048.68,12527.12,0.3253,0.5297,0.8219,12.7,1247,6,0.5013,0,0.0,1
SYN-U-18621,48303.13,43964.21,0.7135,0.5543,0.2485,20.9,322,2,0.8837,0,0.0,0
SYN-U-18622,31195.57,28770.48,0.7329,0.3989,0.7068,60.7,718,7,0.937,3,10.9,0
SYN-U-18623,50056.23,36353.02,0.7131,0.8154,0.1556,6.7,480,2,0.954,0,0.0,0
SYN-U-18624,58030.0,55194.27,0.2222,0.4838,0.6431,45.3,637,6,0.5838,1,4.8,1
SYN-U-18625,15263.89,14817.59,0.6789,0.5323,0.7441,9.5,331,4,0.7493,1,3.3,0
SYN-U-18626,52236.38,47687.5,0.8543,0.9137,0.3392,36.3,2342,7,0.8868,0,0.0,0
SYN-U-18627,19050.77,16323.39,0.2517,0.2748,0.7559,14.6,1283,3,0.7884,0,0.0,1
SYN-U-18628,149406.83,103149.23,0.7531,0.7877,0.3619,44.2,1513,5,0.8077,0,0.0,0
SYN-U-18629,32598.24,28497.54,0.76,0.791,0.4654,58.2,1421,2,0.9837,0,0.0,0
SYN-U-18630,29602.79,20643.84,0.8279,0.6174,0.2419,19.9,901,7,0.8882,1,2.2,0
SYN-U-18631,57754.59,52808.07,0.939,0.8617,0.3003,14.0,1416,3,0.8556,0,0.0,0
SYN-U-18632,65572.89,43952.36,0.8172,0.7315,0.3373,62.9,1314,6,0.8723,0,0.0,0
SYN-U-18633,31542.37,30640.59,0.2491,0.2193,0.6563,63.9,821,5,0.5739,1,15.7,1
SYN-U-18634,93871.84,78792.4,0.947,0.8531,0.2111,31.5,99,4,0.9946,0,0.0,0
SYN-U-18635,36849.65,27185.8,0.8933,0.8437,0.2567,55.3,1312,0,1.0,0,0.0,0
SYN-U-18636,22592.52,15357.1,0.5834,0.5673,0.2696,10.9,2466,6,0.8656,0,0.0,0
SYN-U-18637,99828.41,95220.63,0.7795,0.6193,0.3713,14.3,712,1,0.9855,2,2.8,0
SYN-U-18638,44105.98,35160.32,0.9428,0.5899,0.2686,46.7,479,2,0.8614,0,0.0,0
SYN-U-18639,62872.8,49342.58,0.7079,0.8744,0.4886,52.4,2192,5,0.9273,0,0.0,0
SYN-U-18640,46126.56,34017.63,0.7587,0.4431,0.537,38.7,2043,3,0.8908,0,0.0,0
SYN-U-18641,95053.27,78913.35,0.9648,0.7971,0.3062,64.7,1087,0,1.0,0,0.0,0
SYN-U-18642,44814.53,40112.9,0.5436,0.6613,0.2689,48.0,992,1,0.7901,2,2.4,0
SYN-U-18643,35714.92,29265.73,0.9085,0.5978,0.2236,11.9,744,7,0.9631,0,0.0,0
SYN-U-18644,76285.02,68527.69,0.8308,0.4312,0.6167,28.9,1822,5,0.8417,1,6.5,0
SYN-U-18645,33075.19,25569.47,0.7355,0.7195,0.5076,14.2,594,2,0.7726,1,6.6,0
SYN-U-18646,39389.94,30118.46,0.8252,0.679,0.2142,40.5,2477,4,0.8601,0,0.0,0
SYN-U-18647,29829.23,28002.93,0.4049,0.5324,0.867,19.5,774,0,1.0,0,0.0,1
SYN-U-18648,49575.68,47080.3,0.9455,0.5808,0.1673,25.5,2031,4,0.9117,0,0.0,0
SYN-U-18649,49668.78,35518.92,0.5504,0.7483,0.3146,48.0,1402,0,1.0,0,0.0,0
SYN-U-18650,44091.63,39200.84,0.7702,0.8159,0.3117,26.5,105,3,0.9651,0,0.0,0
SYN-U-18651,50318.01,36426.78,0.7606,0.8818,0.3462,30.5,420,0,1.0,0,0.0,0
SYN-U-18652,30276.39,21490.31,0.7051,0.6932,0.2498,48.5,1817,4,0.9306,1,1.1,0
SYN-U-18653,314724.13,306624.86,0.8118,0.8018,0.3393,50.3,184,2,0.8965,0,0.0,0
SYN-U-18654,14942.48,11281.48,0.6204,0.6107,0.3663,17.2,2177,3,0.8419,0,0.0,0
SYN-U-18655,100190.66,73884.74,0.8772,0.6607,0.4618,20.9,1977,6,0.9106,1,2.7,0
SYN-U-18656,38583.54,37709.36,0.8688,0.7919,0.3802,24.9,1992,3,0.9871,0,0.0,0
SYN-U-18657,44763.43,35020.18,0.7151,0.6996,0.18,45.5,2264,3,0.9861,0,0.0,0
SYN-U-18658,65259.81,63762.01,0.6173,0.7004,0.5437,41.4,1429,6,0.8689,1,6.0,0
SYN-U-18659,32926.42,27443.44,0.6297,0.3712,0.5975,55.6,770,0,1.0,0,0.0,0
SYN-U-18660,15442.23,11113.79,0.239,0.247,0.4139,52.7,2035,5,0.6166,0,0.0,1
SYN-U-18661,15836.04,10507.6,0.5512,0.4687,0.435,29.3,1885,7,0.9332,0,0.0,0
SYN-U-18662,44985.81,32669.43,0.752,0.7054,0.4075,26.4,2465,2,0.8734,0,0.0,0
SYN-U-18663,15639.86,12753.28,0.2723,0.5074,0.572,22.0,1094,3,0.8097,2,16.7,1
SYN-U-18664,142662.78,123195.09,0.4884,0.3462,0.7233,45.5,765,1,0.5842,2,11.0,1
SYN-U-18665,98065.4,86796.46,0.7922,0.4585,0.6408,64.9,2383,0,1.0,0,0.0,0
SYN-U-18666,81541.16,74390.68,0.8316,0.5807,0.4866,19.7,1035,6,0.9282,2,4.4,0
SYN-U-18667,66054.02,60311.0,0.8433,0.6143,0.1704,52.8,503,1,0.9331,2,0.8,0
SYN-U-18668,129387.01,94112.32,0.5652,0.5297,0.6388,49.2,1920,1,0.9443,1,6.5,0
SYN-U-18669,14996.28,10552.69,0.7841,0.7712,0.4001,47.1,430,3,0.9689,0,0.0,0
SYN-U-18670,196337.52,144850.94,0.9066,0.6558,0.3354,41.0,1858,4,0.8988,0,0.0,0
SYN-U-18671,39783.0,31435.8,0.9086,0.8023,0.4705,58.6,55,0,1.0,0,0.0,0
SYN-U-18672,57604.47,48060.91,0.8057,0.6746,0.5837,64.2,53,5,0.9571,0,0.0,0
SYN-U-18673,83587.04,75544.42,0.7269,0.4414,0.518,22.8,1896,0,1.0,0,0.0,0
SYN-U-18674,64034.97,51299.49,0.5346,0.7332,0.3898,35.7,639,0,1.0,0,0.0,0
SYN-U-18675,66102.15,53257.86,0.358,0.3297,0.8314,28.7,1764,0,1.0,0,0.0,1
SYN-U-18676,35462.6,33083.6,0.7754,0.7772,0.2502,55.1,787,0,1.0,0,0.0,0
SYN-U-18677,123174.93,91915.92,0.9671,0.8322,0.4293,19.6,1065,0,1.0,0,0.0,0
SYN-U-18678,50635.54,34070.43,0.6578,0.7116,0.6194,56.5,1231,7,0.9107,0,0.0,0
SYN-U-18679,58082.97,42185.29,0.9085,0.7326,0.3346,27.8,458,5,0.9158,0,0.0,0
SYN-U-18680,38099.23,32849.84,0.8618,0.8837,0.3023,57.7,639,4,0.9983,1,1.7,0
SYN-U-18681,69735.79,52220.24,0.7594,0.8591,0.3729,50.9,1189,0,1.0,0,0.0,0
SYN-U-18682,105107.0,87138.44,0.7123,0.6196,0.3056,18.0,163,2,0.9196,1,2.3,0
SYN-U-18683,19675.43,18392.42,0.7076,0.3208,0.8399,57.7,773,5,0.9284,0,0.0,0
SYN-U-18684,40947.03,27919.19,0.7181,0.8719,0.3171,60.5,1639,3,0.8959,0,0.0,0
SYN-U-18685,40345.16,30919.98,0.8129,0.5515,0.2936,12.7,1521,0,1.0,0,0.0,0
SYN-U-18686,90453.84,60789.85,0.9482,0.5565,0.4475,5.6,1502,7,0.9878,0,0.0,0
SYN-U-18687,93579.74,83238.64,0.3854,0.3901,0.5038,57.4,1387,1,0.527,0,0.0,0
SYN-U-18688,59064.89,39794.07,0.976,0.8204,0.3761,59.9,567,2,0.8636,0,0.0,0
SYN-U-18689,47812.08,43872.06,0.7174,0.677,0.4163,63.9,2397,3,0.9053,0,0.0,0
SYN-U-18690,28022.25,22830.4,0.6239,0.478,0.2507,51.1,2294,3,0.8239,2,6.9,0
SYN-U-18691,32588.53,24019.96,0.3101,0.4,0.7875,53.5,54,3,0.923,0,0.0,0
SYN-U-18692,19152.07,16278.35,0.6613,0.158,0.5095,54.6,95,2,0.5546,0,0.0,0
SYN-U-18693,71621.93,52664.7,0.9124,0.8491,0.4991,42.2,157,4,0.8893,0,0.0,0
SYN-U-18694,36728.67,31686.24,0.9078,0.8124,0.428,43.5,716,5,0.9799,1,2.6,0
SYN-U-18695,57874.24,54610.21,0.4776,0.563,0.5823,58.8,1161,5,0.8518,4,11.7,1
SYN-U-18696,56021.67,44720.35,0.5795,0.5476,0.5246,35.2,2005,4,0.7114,0,0.0,0
SYN-U-18697,84661.24,78090.59,0.8212,0.8534,0.4188,18.1,684,3,0.8765,0,0.0,0
SYN-U-18698,71123.66,59341.34,0.9217,0.8439,0.424,50.5,1880,3,0.9991,2,0.7,0
SYN-U-18699,63212.96,42391.06,0.6592,0.7289,0.6033,48.3,792,1,0.7499,0,0.0,0
SYN-U-18700,30069.42,27261.93,0.4319,0.6208,0.7799,38.6,1675,2,0.6674,1,4.6,0
SYN-U-18701,17132.16,12814.53,0.4519,0.4819,0.7114,33.6,723,6,0.6333,2,4.5,0
SYN-U-18702,65906.95,49053.73,0.503,0.7726,0.6215,38.5,1506,4,0.7846,0,0.0,0
SYN-U-18703,13942.41,9179.41,0.2926,0.6226,0.8571,23.3,1438,7,0.5867,2,10.8,1
SYN-U-18704,60748.03,47202.58,0.7065,0.7941,0.6229,8.5,1261,2,0.705,0,0.0,0
SYN-U-18705,138492.01,125312.31,0.7889,0.8929,0.2366,17.1,775,3,0.85,1,2.8,0
SYN-U-18706,44408.79,41928.34,0.9189,0.6608,0.2631,19.4,142,4,0.9351,0,0.0,0
SYN-U-18707,31201.84,23915.88,0.7327,0.7745,0.446,34.1,685,2,0.7685,0,0.0,0
SYN-U-18708,37504.81,33449.38,0.7246,0.9,0.463,19.1,250,2,0.9384,0,0.0,0
SYN-U-18709,22458.08,20101.03,0.9327,0.8597,0.4419,42.8,1690,5,0.9763,0,0.0,0
SYN-U-18710,68199.92,57213.22,0.7306,0.7997,0.2928,55.5,1641,1,0.9824,0,0.0,0
SYN-U-18711,13325.63,11966.62,0.3542,0.2838,0.4405,40.7,1930,3,0.5171,2,13.1,1
SYN-U-18712,132342.71,101868.35,0.9655,0.7937,0.4618,53.5,2148,1,0.9323,0,0.0,0
SYN-U-18713,62837.38,60217.7,0.6059,0.5071,0.4192,35.6,446,5,0.8707,0,0.0,0
SYN-U-18714,93268.11,74312.18,0.7548,0.8682,0.473,21.7,1514,0,1.0,0,0.0,0
SYN-U-18715,34076.28,28351.87,0.9059,0.8799,0.3172,19.3,266,1,0.8588,0,0.0,0
SYN-U-18716,14660.07,11022.36,0.2064,0.1636,0.8103,40.9,380,0,1.0,0,0.0,1
SYN-U-18717,35654.3,34892.21,0.5718,0.6955,0.5072,48.4,2280,3,0.9014,0,0.0,0
SYN-U-18718,55339.87,51774.99,0.714,0.8033,0.4696,64.6,1195,2,0.9258,0,0.0,0
SYN-U-18719,58613.29,53043.74,0.8241,0.709,0.29,40.7,657,3,0.8743,1,2.7,0
SYN-U-18720,16973.48,11730.63,0.5224,0.2204,0.6508,27.6,1278,0,1.0,0,0.0,0
SYN-U-18721,63335.93,60219.44,0.6372,0.7793,0.4049,29.9,1823,1,0.8206,0,0.0,0
SYN-U-18722,77530.33,67285.51,0.5424,0.6094,0.3667,50.0,2251,5,0.7847,2,3.6,0
SYN-U-18723,131744.77,99150.54,0.7387,0.7717,0.2986,36.5,1666,6,0.915,0,0.0,0
SYN-U-18724,94208.44,81864.05,0.8477,0.8857,0.3931,51.8,2000,2,0.9942,1,1.4,0
SYN-U-18725,65510.17,56373.64,0.8445,0.6206,0.3449,51.2,1738,4,0.9101,0,0.0,0
SYN-U-18726,58127.8,40470.29,0.8938,0.6995,0.4146,63.4,1047,5,0.9235,0,0.0,0
SYN-U-18727,39214.96,27385.69,0.7841,0.8376,0.2373,46.5,995,3,0.8912,1,0.4,0
SYN-U-18728,141676.48,124167.84,0.5286,0.6816,0.4012,52.0,2204,1,0.8497,1,7.8,0
SYN-U-18729,91390.02,87719.57,0.8441,0.731,0.4907,34.3,985,1,0.9945,1,0.7,0
SYN-U-18730,30803.42,27736.06,0.4338,0.5471,0.7554,34.3,52,7,0.5924,2,14.3,1
SYN-U-18731,105786.97,78667.67,0.7432,0.5738,0.1733,57.7,1220,0,1.0,0,0.0,0
SYN-U-18732,43720.03,40675.28,0.8345,0.4314,0.5722,58.0,2198,5,0.7391,0,0.0,0
SYN-U-18733,68600.89,64910.53,0.8865,0.7654,0.2834,36.0,498,3,0.9571,0,0.0,0
SYN-U-18734,40043.48,35668.9,0.4742,0.3657,0.8234,58.0,225,5,0.5907,2,5.0,1
SYN-U-18735,20445.42,17669.87,0.8109,0.9076,0.385,24.5,904,4,0.8869,1,1.3,0
SYN-U-18736,51202.11,36438.17,0.7132,0.8153,0.31,18.4,64,3,0.9473,0,0.0,0
SYN-U-18737,44094.78,37319.27,0.5539,0.2826,0.71,51.9,1600,6,0.5632,1,9.2,1
SYN-U-18738,78252.43,51872.59,0.7264,0.8133,0.485,56.2,306,7,0.9681,2,0.3,0
SYN-U-18739,65122.54,57748.0,0.9683,0.581,0.3656,11.9,1444,7,0.9061,0,0.0,0
SYN-U-18740,19798.64,15936.47,0.5271,0.1697,0.7954,49.2,769,3,0.651,2,16.2,1
SYN-U-18741,13124.48,11451.06,0.7326,0.8361,0.2241,7.5,1712,2,0.8769,0,0.0,0
SYN-U-18742,62386.25,53098.15,0.748,0.6998,0.3346,8.9,972,6,0.8646,1,2.2,0
SYN-U-18743,97194.6,88484.91,0.9317,0.7248,0.1639,31.8,990,7,0.9413,0,0.0,0
SYN-U-18744,21095.36,15248.86,0.6689,0.7231,0.6348,20.6,1217,6,0.8032,0,0.0,0
SYN-U-18745,64971.94,57284.73,0.5516,0.7356,0.4724,39.3,2030,0,1.0,0,0.0,0
SYN-U-18746,25080.75,23604.95,0.87,0.8808,0.4281,8.5,816,4,0.9769,0,0.0,0
SYN-U-18747,49915.84,37896.89,0.7389,0.6623,0.217,49.4,2244,2,0.8621,1,3.0,0
SYN-U-18748,101134.12,79581.81,0.8477,0.8996,0.2521,33.0,894,0,1.0,0,0.0,0
SYN-U-18749,100492.16,73478.7,0.9742,0.8708,0.1871,59.7,2000,2,0.9907,0,0.0,0
SYN-U-18750,38493.61,32850.11,0.7818,0.5655,0.3206,45.1,1009,0,1.0,0,0.0,0
SYN-U-18751,95275.09,68227.42,0.6719,0.6419,0.4998,40.4,1565,7,0.7784,3,2.5,0
SYN-U-18752,22549.77,15690.72,0.2878,0.4221,0.4094,12.4,2055,7,0.8318,4,12.0,1
SYN-U-18753,190057.21,164740.12,0.7282,0.7243,0.3464,21.9,1276,7,0.9765,2,1.5,0
SYN-U-18754,102880.06,75279.66,0.7484,0.775,0.3148,44.4,2114,1,0.8955,0,0.0,0
SYN-U-18755,22058.41,19586.13,0.9163,0.6938,0.4861,49.8,1514,6,0.9713,0,0.0,0
SYN-U-18756,55921.92,38244.52,0.7115,0.5998,0.3622,33.0,2477,4,0.8655,1,1.5,0
SYN-U-18757,37136.41,26258.22,0.7528,0.8312,0.1787,26.4,1966,0,1.0,0,0.0,0
SYN-U-18758,19629.15,15607.44,0.7268,0.8574,0.1987,50.2,1334,2,0.951,0,0.0,0
SYN-U-18759,38113.31,35520.36,0.2093,0.581,0.6223,27.3,2371,6,0.5602,0,0.0,0
SYN-U-18760,33557.83,29973.48,0.7732,0.8124,0.4171,5.9,1214,3,0.8537,0,0.0,0
SYN-U-18761,79483.72,63150.5,0.9149,0.5761,0.3506,24.8,2215,3,0.9798,0,0.0,0
SYN-U-18762,106694.77,75616.24,0.819,0.9004,0.3862,33.5,1928,7,0.877,0,0.0,0
SYN-U-18763,36116.04,25982.32,0.927,0.6669,0.49,34.8,2288,2,0.9674,1,2.2,0
SYN-U-18764,77190.28,75555.07,0.8756,0.6098,0.4972,31.6,1315,0,1.0,0,0.0,0
SYN-U-18765,33222.38,27301.49,0.7655,0.7632,0.2403,37.5,2088,2,0.8733,0,0.0,0
SYN-U-18766,15303.84,12727.9,0.5263,0.6473,0.7357,35.9,1037,4,0.7998,0,0.0,0
SYN-U-18767,32097.29,29108.86,0.9373,0.5899,0.3698,61.5,1483,2,0.9822,1,1.6,0
SYN-U-18768,92883.63,80582.06,0.6119,0.7986,0.6346,23.2,1756,3,0.9186,2,4.6,0
SYN-U-18769,86693.06,63147.37,0.8215,0.7966,0.3477,45.9,315,1,0.7483,0,0.0,0
SYN-U-18770,57007.7,42355.5,0.9782,0.736,0.4197,49.5,528,7,0.9745,0,0.0,0
SYN-U-18771,41732.92,30786.87,0.7441,0.6094,0.2078,18.4,1022,0,1.0,0,0.0,0
SYN-U-18772,50044.94,47970.98,0.8537,0.7762,0.2368,27.9,321,6,0.9811,0,0.0,0
SYN-U-18773,42813.98,40851.28,0.9523,0.8548,0.176,39.8,243,7,0.9779,0,0.0,0
SYN-U-18774,15300.78,10076.13,0.7043,0.6433,0.4884,10.5,2254,4,0.8963,3,16.5,0
SYN-U-18775,98940.14,94971.03,0.8228,0.8059,0.4289,28.5,1071,4,0.9868,0,0.0,0
SYN-U-18776,15906.58,13822.31,0.5699,0.3078,0.4888,56.9,2122,0,1.0,0,0.0,0
SYN-U-18777,20376.49,15095.91,0.7512,0.5998,0.4672,16.2,2372,1,0.8952,0,0.0,0
SYN-U-18778,30894.56,22193.59,0.9638,0.7696,0.4467,25.1,1747,1,0.9514,0,0.0,0
SYN-U-18779,12995.22,12174.36,0.7897,0.5831,0.345,42.0,212,6,0.9538,1,6.0,0
SYN-U-18780,55759.87,48617.71,0.9236,0.8017,0.4673,44.5,1538,4,0.912,1,2.9,0
SYN-U-18781,247479.81,213432.93,0.8603,0.85,0.2244,14.3,1050,1,0.8878,0,0.0,0
SYN-U-18782,41951.28,40703.7,0.744,0.9022,0.4064,49.0,1272,1,0.991,0,0.0,0
SYN-U-18783,98174.2,79419.31,0.5905,0.6265,0.6133,19.5,465,2,0.7052,0,0.0,0
SYN-U-18784,94223.35,71415.58,0.6069,0.6407,0.6246,34.7,2233,1,0.959,2,2.7,0
SYN-U-18785,33554.9,27137.27,0.331,0.1567,0.4437,12.1,1575,1,0.5587,1,8.3,1
SYN-U-18786,55137.29,44107.37,0.533,0.7469,0.4417,57.9,229,7,0.7887,0,0.0,0
SYN-U-18787,28046.95,21502.32,0.6875,0.4527,0.5902,19.9,2032,1,0.7421,0,0.0,0
SYN-U-18788,34960.34,31504.59,0.7959,0.8709,0.311,27.7,1576,4,0.8737,1,0.9,0
SYN-U-18789,102996.47,83360.88,0.8494,0.7441,0.2733,28.4,1253,1,0.7326,0,0.0,0
SYN-U-18790,75441.51,67553.49,0.6479,0.3237,0.7679,63.3,1395,7,0.9016,1,13.7,1
SYN-U-18791,64434.2,49824.79,0.5081,0.4472,0.5734,40.9,375,5,0.7334,1,3.1,0
SYN-U-18792,51679.92,42802.65,0.7855,0.7613,0.4015,7.9,920,4,0.9651,0,0.0,0
SYN-U-18793,158058.76,151802.44,0.7372,0.4693,0.3745,46.9,1215,2,0.7126,0,0.0,0
SYN-U-18794,56730.81,44704.18,0.8877,0.8185,0.1639,46.2,996,4,0.9769,0,0.0,0
SYN-U-18795,14422.94,12150.16,0.7975,0.5356,0.434,34.3,296,2,0.8524,1,5.9,0
SYN-U-18796,59152.57,55513.83,0.9511,0.7094,0.3618,61.8,2478,5,0.9082,0,0.0,0
SYN-U-18797,73213.32,56081.08,0.942,0.7925,0.3354,62.7,1746,7,0.8844,1,0.1,0
SYN-U-18798,36320.02,29379.59,0.7414,0.6705,0.1864,24.4,753,1,0.9286,0,0.0,0
SYN-U-18799,67629.78,47398.11,0.6184,0.5584,0.634,25.6,2049,5,0.7039,0,0.0,0
SYN-U-18800,53538.27,47705.51,0.8036,0.5593,0.2609,41.1,687,3,0.872,0,0.0,0
SYN-U-18801,49020.32,38832.95,0.728,0.7543,0.4804,26.7,2056,2,0.9712,0,0.0,0
SYN-U-18802,43637.37,32716.47,0.6231,0.3939,0.5809,55.5,129,7,0.8334,3,17.8,1
SYN-U-18803,60350.85,58176.87,0.8901,0.8484,0.458,63.9,948,0,1.0,0,0.0,0
SYN-U-18804,38246.2,36427.4,0.9702,0.586,0.4835,36.4,2108,1,0.8858,0,0.0,0
SYN-U-18805,101489.68,81757.85,0.7676,0.6803,0.2739,23.3,1134,3,0.8526,1,1.8,0
SYN-U-18806,106515.77,104114.88,0.8312,0.6381,0.3908,27.0,233,1,0.8615,0,0.0,0
SYN-U-18807,40385.08,30045.68,0.7056,0.56,0.442,37.8,1721,5,0.7131,0,0.0,0
SYN-U-18808,43617.86,32104.41,0.9168,0.6088,0.4902,23.8,888,6,0.9652,0,0.0,0
SYN-U-18809,58910.54,55675.62,0.9758,0.8038,0.4834,28.7,130,6,0.9974,0,0.0,0
SYN-U-18810,247810.9,235801.49,0.9492,0.6907,0.3403,39.4,440,4,0.9404,0,0.0,0
SYN-U-18811,29224.42,28085.33,0.7928,0.5794,0.1713,47.1,837,2,0.9975,1,0.1,0
SYN-U-18812,69568.1,55364.08,0.6497,0.7117,0.5032,55.7,1678,1,0.8771,0,0.0,0
SYN-U-18813,103031.45,74214.51,0.5254,0.4217,0.4201,20.4,2286,7,0.7568,0,0.0,0
SYN-U-18814,52662.68,47835.35,0.826,0.5669,0.2671,13.2,1865,1,0.8801,0,0.0,0
SYN-U-18815,101132.16,74757.16,0.7931,0.7011,0.2998,26.7,1383,0,1.0,0,0.0,0
SYN-U-18816,89058.78,74189.52,0.5589,0.6699,0.2716,43.1,2296,4,0.8808,0,0.0,0
SYN-U-18817,43239.1,33330.13,0.6308,0.4523,0.6323,42.9,572,3,0.8737,1,7.3,0
SYN-U-18818,166549.68,109143.85,0.8437,0.7623,0.2405,9.1,1855,6,0.9746,1,0.2,0
SYN-U-18819,65047.43,46623.04,0.7983,0.6509,0.431,12.3,1339,0,1.0,0,0.0,0
SYN-U-18820,80294.49,54531.09,0.8085,0.7703,0.5908,30.6,133,6,0.8513,3,7.1,0
SYN-U-18821,173496.35,133098.62,0.7284,0.8155,0.1603,21.9,2252,4,0.8923,0,0.0,0
SYN-U-18822,32864.66,31175.78,0.706,0.6826,0.2941,8.7,943,7,0.9419,0,0.0,0
SYN-U-18823,70126.82,51790.42,0.7033,0.551,0.5654,23.9,1078,6,0.783,0,0.0,0
SYN-U-18824,23247.77,20945.86,0.3251,0.324,0.6059,35.8,1014,7,0.5649,0,0.0,0
SYN-U-18825,31985.19,30006.57,0.9361,0.5767,0.1904,17.2,1613,6,0.8638,1,0.6,0
SYN-U-18826,58046.26,52145.94,0.5148,0.6063,0.599,56.2,636,0,1.0,0,0.0,0
SYN-U-18827,29409.69,25081.47,0.314,0.3793,0.6582,39.5,2137,0,1.0,0,0.0,0
SYN-U-18828,45243.06,40393.05,0.7423,0.5529,0.2823,32.6,72,7,0.8219,0,0.0,0
SYN-U-18829,52411.63,41580.56,0.8907,0.7731,0.3647,24.0,1463,0,1.0,0,0.0,0
SYN-U-18830,115992.02,108293.27,0.9027,0.5638,0.1879,18.2,365,4,0.9474,0,0.0,0
SYN-U-18831,52124.88,40345.87,0.8949,0.7777,0.3935,25.8,717,2,0.9781,0,0.0,0
SYN-U-18832,27093.2,25172.5,0.7736,0.6948,0.4783,29.3,1215,3,0.9389,1,2.3,0
SYN-U-18833,79099.61,72055.24,0.6195,0.6507,0.3307,10.8,1614,3,0.7415,0,0.0,0
SYN-U-18834,63888.83,43699.84,0.7224,0.4648,0.6315,55.9,1763,5,0.8025,1,7.8,0
SYN-U-18835,82866.2,78259.53,0.5592,0.226,0.5297,45.4,2278,3,0.7157,4,10.5,1
SYN-U-18836,41460.24,33773.17,0.6248,0.2712,0.8779,12.4,1964,4,0.521,0,0.0,1
SYN-U-18837,88573.93,83219.98,0.7038,0.865,0.4551,5.1,775,6,0.9064,0,0.0,0
SYN-U-18838,43388.33,41707.88,0.8736,0.7714,0.2128,12.1,311,4,0.922,2,2.3,0
SYN-U-18839,155006.5,102666.87,0.7999,0.6039,0.4657,41.7,317,7,0.9425,0,0.0,0
SYN-U-18840,42464.72,32230.33,0.9132,0.7472,0.4126,25.7,2103,3,0.9132,0,0.0,0
SYN-U-18841,70521.25,60249.1,0.9583,0.8029,0.1536,15.9,1423,3,0.966,0,0.0,0
SYN-U-18842,16711.26,12171.29,0.4021,0.372,0.5087,23.1,505,7,0.8012,3,10.1,1
SYN-U-18843,59305.99,51904.72,0.9501,0.6649,0.4903,65.0,1385,4,0.9488,0,0.0,0
SYN-U-18844,29432.64,21720.09,0.9347,0.6776,0.2735,50.4,1966,1,0.8808,0,0.0,0
SYN-U-18845,14982.25,11989.73,0.4696,0.4863,0.5374,41.7,1277,1,0.8597,0,0.0,0
SYN-U-18846,61507.08,55027.95,0.8788,0.7533,0.1864,47.5,886,4,0.973,0,0.0,0
SYN-U-18847,14797.44,11180.34,0.588,0.3682,0.7907,11.2,589,5,0.7223,0,0.0,1
SYN-U-18848,17282.46,16893.98,0.4532,0.1946,0.6189,37.9,672,1,0.6918,0,0.0,0
SYN-U-18849,51255.77,42842.6,0.7442,0.7973,0.2793,52.3,1445,5,0.9831,1,0.5,0
SYN-U-18850,51362.62,35484.63,0.5723,0.3098,0.4861,53.7,504,1,0.5567,0,0.0,0
SYN-U-18851,80032.55,57265.02,0.7149,0.5503,0.2435,31.3,1529,3,0.9121,1,1.0,0
SYN-U-18852,58648.46,54467.45,0.7375,0.8521,0.4005,14.1,237,4,0.9799,0,0.0,0
SYN-U-18853,136727.82,103266.48,0.8272,0.9104,0.2802,56.5,1997,6,0.9647,0,0.0,0
SYN-U-18854,38162.22,28262.68,0.3888,0.2796,0.6592,11.4,185,7,0.5897,0,0.0,0
SYN-U-18855,116115.88,91068.08,0.5429,0.7955,0.47,41.7,2072,6,0.8163,1,5.4,0
SYN-U-18856,26072.17,21601.05,0.6738,0.2094,0.8673,31.1,1533,1,0.8444,2,17.6,1
SYN-U-18857,56996.89,41154.77,0.9358,0.8311,0.2658,16.7,1812,2,0.892,0,0.0,0
SYN-U-18858,103297.01,71112.64,0.7546,0.5196,0.257,55.0,2168,3,0.923,0,0.0,0
SYN-U-18859,23103.17,22338.18,0.4507,0.3935,0.5722,5.4,85,0,1.0,0,0.0,0
SYN-U-18860,51086.01,34917.67,0.4689,0.4472,0.4179,58.8,899,0,1.0,0,0.0,0
SYN-U-18861,109742.28,107369.71,0.7692,0.6468,0.3039,47.7,1300,5,0.872,0,0.0,0
SYN-U-18862,23771.22,16059.78,0.5106,0.3361,0.4157,26.8,953,0,1.0,0,0.0,0
SYN-U-18863,109816.89,74901.33,0.5452,0.7201,0.3231,33.5,260,4,0.8483,1,4.2,0
SYN-U-18864,47734.33,40438.21,0.9442,0.8796,0.4703,56.4,972,3,0.9045,0,0.0,0
SYN-U-18865,114853.7,89207.06,0.784,0.8763,0.2448,44.1,2034,7,0.9791,0,0.0,0
SYN-U-18866,83491.69,60564.91,0.6633,0.4916,0.3265,30.8,1354,1,0.8909,0,0.0,0
SYN-U-18867,40492.02,37702.59,0.854,0.6,0.4013,9.7,984,2,0.9678,1,1.6,0
SYN-U-18868,76513.06,59956.02,0.8996,0.6812,0.3788,62.0,1885,6,0.9704,0,0.0,0
SYN-U-18869,50788.12,35989.23,0.5801,0.2221,0.5135,6.9,1812,0,1.0,0,0.0,0
SYN-U-18870,14745.75,9743.1,0.7475,0.5076,0.6191,43.1,354,0,1.0,0,0.0,0
SYN-U-18871,64132.07,54003.55,0.8747,0.6379,0.2308,44.0,2100,6,0.8815,1,2.4,0
SYN-U-18872,13868.14,10341.27,0.25,0.6408,0.4596,15.1,1429,1,0.864,2,12.9,1
SYN-U-18873,134561.6,130022.8,0.7805,0.584,0.2288,43.3,2313,3,0.9991,0,0.0,0
SYN-U-18874,63063.31,42122.89,0.8864,0.5652,0.4875,14.0,765,3,0.9464,0,0.0,0
SYN-U-18875,35498.54,32547.43,0.6228,0.3736,0.7635,24.9,481,6,0.5887,1,15.9,1
SYN-U-18876,64032.15,44054.23,0.7825,0.8683,0.2549,22.4,371,7,0.9895,0,0.0,0
SYN-U-18877,88936.47,63786.4,0.7376,0.6619,0.2918,13.9,830,5,0.7743,0,0.0,0
SYN-U-18878,58048.99,55077.72,0.6174,0.515,0.3196,15.6,93,2,0.8471,2,4.4,0
SYN-U-18879,44170.68,33970.92,0.9603,0.7256,0.4468,23.8,962,3,0.9744,0,0.0,0
SYN-U-18880,17532.23,13345.6,0.5666,0.392,0.5956,39.9,2224,6,0.9007,2,9.6,1
SYN-U-18881,72206.4,47731.46,0.5604,0.6153,0.2779,44.5,713,1,0.7363,1,4.4,0
SYN-U-18882,18688.56,18113.72,0.5405,0.2932,0.7404,48.0,2268,2,0.6457,0,0.0,0
SYN-U-18883,71620.26,61123.46,0.8108,0.4127,0.4295,62.3,2284,4,0.7381,0,0.0,0
SYN-U-18884,32520.03,22794.95,0.8043,0.5905,0.4362,31.3,2295,4,0.9758,0,0.0,0
SYN-U-18885,33577.67,30801.37,0.8466,0.83,0.1995,18.3,2440,2,0.938,0,0.0,0
SYN-U-18886,150562.95,139988.79,0.8204,0.669,0.3649,8.9,629,5,0.987,0,0.0,0
SYN-U-18887,78462.35,52930.97,0.2359,0.609,0.7019,23.2,824,2,0.8076,1,8.2,1
SYN-U-18888,54722.63,36301.74,0.6978,0.5656,0.572,47.2,74,0,1.0,0,0.0,0
SYN-U-18889,22068.84,16132.6,0.6979,0.416,0.839,24.8,189,5,0.5456,0,0.0,0
SYN-U-18890,14632.49,12184.14,0.3236,0.5868,0.788,5.7,1366,7,0.7034,0,0.0,0
SYN-U-18891,105578.9,88626.76,0.8005,0.6116,0.3522,32.4,2021,0,1.0,0,0.0,0
SYN-U-18892,136322.1,127407.16,0.7405,0.6987,0.534,26.4,728,5,0.7402,0,0.0,0
SYN-U-18893,15600.32,14599.64,0.6336,0.7815,0.2603,54.3,1844,7,0.8324,0,0.0,0
SYN-U-18894,45655.54,31517.32,0.5938,0.4368,0.2929,34.9,2261,6,0.8238,0,0.0,0
SYN-U-18895,56467.72,52248.95,0.6247,0.2224,0.6033,34.4,476,2,0.6213,2,17.9,1
SYN-U-18896,16874.52,15273.14,0.8753,0.8065,0.4955,29.6,837,6,0.8569,0,0.0,0
SYN-U-18897,35098.24,28383.78,0.8291,0.8745,0.2421,42.1,1671,0,1.0,0,0.0,0
SYN-U-18898,35389.47,26334.29,0.2043,0.3959,0.7078,35.0,2124,2,0.7735,0,0.0,1
SYN-U-18899,51415.91,39394.24,0.8375,0.6941,0.4746,13.6,1537,4,0.991,0,0.0,0
SYN-U-18900,31776.87,26391.94,0.7421,0.6063,0.3399,17.3,2219,0,1.0,0,0.0,0
SYN-U-18901,36925.41,31084.79,0.3442,0.4417,0.6669,44.2,375,2,0.7537,0,0.0,0
SYN-U-18902,85896.27,83096.03,0.5711,0.4134,0.4326,45.6,2043,7,0.9428,0,0.0,0
SYN-U-18903,65821.01,42978.92,0.8767,0.7388,0.2603,42.4,892,7,0.9373,0,0.0,0
SYN-U-18904,82668.89,60992.45,0.7992,0.6807,0.4557,32.7,2144,5,0.8748,0,0.0,0
SYN-U-18905,46544.24,45390.92,0.9051,0.6613,0.4226,57.2,1982,3,0.9629,0,0.0,0
SYN-U-18906,239255.24,195221.22,0.9287,0.759,0.3005,11.9,965,1,0.8773,0,0.0,0
SYN-U-18907,76739.17,66214.84,0.3208,0.3719,0.8281,23.2,549,1,0.6058,1,6.6,1
SYN-U-18908,14670.09,12799.82,0.6127,0.607,0.6435,24.9,2017,2,0.943,0,0.0,0
SYN-U-18909,44194.29,37980.7,0.7559,0.5507,0.1871,14.5,1579,2,0.9519,0,0.0,0
SYN-U-18910,18952.16,15122.61,0.6954,0.4265,0.2715,11.8,228,7,0.8634,0,0.0,0
SYN-U-18911,22664.37,20686.22,0.3643,0.2862,0.8427,55.5,1628,3,0.8103,2,6.7,1
SYN-U-18912,13671.39,9452.69,0.6157,0.2792,0.6651,55.1,722,2,0.5583,1,10.1,1
SYN-U-18913,118170.74,79567.06,0.8153,0.9189,0.4238,49.9,976,2,0.9885,0,0.0,0
SYN-U-18914,31389.72,21002.39,0.724,0.917,0.3709,15.0,494,1,0.8661,0,0.0,0
SYN-U-18915,14750.24,12187.24,0.839,0.699,0.3218,51.2,1760,4,0.9709,2,1.4,0
SYN-U-18916,16852.94,13942.64,0.7437,0.2591,0.6044,13.1,824,5,0.6938,3,7.4,0
SYN-U-18917,70621.08,55688.04,0.7273,0.5129,0.5824,64.8,2469,7,0.8507,1,6.7,0
SYN-U-18918,54001.11,39822.22,0.708,0.5535,0.2491,17.1,1476,1,0.9747,0,0.0,0
SYN-U-18919,39803.65,38752.81,0.6535,0.5749,0.3935,7.4,447,6,0.9116,0,0.0,0
SYN-U-18920,56086.27,40583.85,0.7304,0.6805,0.5284,21.8,107,7,0.859,1,5.3,0
SYN-U-18921,55015.16,53226.4,0.809,0.7229,0.2603,10.7,1534,6,0.9389,1,0.2,0
SYN-U-18922,56009.13,39933.13,0.2142,0.3796,0.5964,46.2,727,0,1.0,0,0.0,1
SYN-U-18923,15849.03,14758.1,0.7467,0.6031,0.3157,30.6,1347,4,0.9801,0,0.0,0
SYN-U-18924,35119.4,25542.89,0.6683,0.1965,0.4061,37.4,2386,7,0.7471,3,13.7,1
SYN-U-18925,53310.36,37578.37,0.9799,0.8773,0.4079,22.9,2293,5,0.9708,0,0.0,0
SYN-U-18926,44561.72,38781.6,0.8362,0.8743,0.3051,50.4,633,5,0.9346,0,0.0,0
SYN-U-18927,27253.38,23133.12,0.5613,0.3831,0.7982,11.1,2216,4,0.8785,0,0.0,0
SYN-U-18928,14392.01,10138.73,0.5254,0.4618,0.6168,15.5,253,7,0.7529,0,0.0,0
SYN-U-18929,20500.09,13745.5,0.9484,0.794,0.4528,6.5,2151,7,0.965,0,0.0,0
SYN-U-18930,17137.5,12053.65,0.3174,0.3603,0.6337,30.0,2053,5,0.7032,4,7.1,1
SYN-U-18931,99615.17,90851.08,0.8337,0.7972,0.2511,6.2,2390,3,0.9927,1,1.4,0
SYN-U-18932,94919.87,86038.33,0.9776,0.6606,0.1703,59.0,2260,7,0.9338,0,0.0,0
SYN-U-18933,52041.99,36182.43,0.9051,0.7084,0.2885,37.3,1991,5,0.8543,0,0.0,0
SYN-U-18934,43595.58,28529.25,0.9034,0.7799,0.4895,38.6,729,5,0.9213,0,0.0,0
SYN-U-18935,70331.57,67879.34,0.4194,0.3175,0.8224,32.0,2064,4,0.7971,1,3.1,1
SYN-U-18936,14089.32,12646.28,0.254,0.6045,0.4399,25.7,1169,6,0.6297,0,0.0,0
SYN-U-18937,54888.05,53652.55,0.5485,0.5175,0.8234,35.0,870,0,1.0,0,0.0,0
SYN-U-18938,61877.77,60455.27,0.9542,0.7507,0.4836,28.2,1181,2,0.8937,2,1.6,0
SYN-U-18939,49692.89,46951.94,0.918,0.8155,0.4259,36.7,2459,5,0.926,0,0.0,0
SYN-U-18940,46371.19,34926.33,0.7637,0.8556,0.3242,50.0,1220,5,0.9611,0,0.0,0
SYN-U-18941,24572.93,17385.87,0.2698,0.3564,0.594,8.5,201,2,0.5331,0,0.0,1
SYN-U-18942,71816.89,66025.24,0.5534,0.4653,0.5316,35.0,1006,0,1.0,0,0.0,0
SYN-U-18943,34312.5,23476.87,0.9504,0.7858,0.1585,64.0,2494,4,0.9775,0,0.0,0
SYN-U-18944,44715.76,31069.7,0.7249,0.6735,0.2546,54.8,702,0,1.0,0,0.0,0
SYN-U-18945,55517.46,46570.97,0.934,0.5979,0.3696,21.5,578,1,0.9769,0,0.0,0
SYN-U-18946,50680.57,48698.14,0.832,0.6718,0.1823,50.2,1314,2,0.9133,0,0.0,0
SYN-U-18947,50796.01,41566.3,0.8597,0.866,0.2272,22.3,635,2,0.9267,1,0.0,0
SYN-U-18948,36692.06,28153.22,0.6816,0.4522,0.5559,23.4,186,7,0.8161,0,0.0,0
SYN-U-18949,13524.83,10790.88,0.6911,0.5461,0.8632,26.7,1129,1,0.8118,1,9.5,0
SYN-U-18950,51354.43,41889.31,0.9703,0.6667,0.4997,58.7,144,7,0.8589,0,0.0,0
SYN-U-18951,43840.46,34358.69,0.3652,0.6295,0.8415,62.0,100,4,0.8846,0,0.0,0
SYN-U-18952,72819.22,52018.15,0.8249,0.8923,0.4295,52.7,576,5,0.8586,1,1.8,0
SYN-U-18953,25668.18,19338.5,0.3482,0.4573,0.7186,52.9,783,3,0.8473,1,17.3,1
SYN-U-18954,62241.97,45772.01,0.7706,0.624,0.4382,47.8,2340,3,0.8643,0,0.0,0
SYN-U-18955,77759.6,68825.61,0.7723,0.8799,0.2582,20.0,1761,1,0.9973,1,1.0,0
SYN-U-18956,28735.96,24288.52,0.7381,0.847,0.4716,27.6,179,2,0.8773,0,0.0,0
SYN-U-18957,61831.37,47522.49,0.5722,0.6337,0.253,22.5,1527,2,0.8208,0,0.0,0
SYN-U-18958,66100.51,62796.9,0.4588,0.1932,0.6319,6.9,1848,2,0.9165,4,5.0,1
SYN-U-18959,16553.73,13763.55,0.3568,0.2772,0.4192,49.5,686,7,0.5756,4,10.6,1
SYN-U-18960,51985.67,50271.87,0.8656,0.6153,0.4492,14.6,404,0,1.0,0,0.0,0
SYN-U-18961,17822.4,16728.18,0.2834,0.4194,0.5717,7.2,704,5,0.8749,0,0.0,0
SYN-U-18962,56415.35,53756.81,0.8356,0.5708,0.3488,61.9,431,5,0.861,1,1.6,0
SYN-U-18963,15986.81,11147.75,0.6721,0.2988,0.8279,19.7,1630,5,0.7899,0,0.0,0
SYN-U-18964,99768.35,68891.41,0.9605,0.6679,0.4619,63.6,2197,2,0.8728,0,0.0,0
SYN-U-18965,24133.04,21195.33,0.4709,0.3154,0.6244,27.5,2327,3,0.6991,3,17.4,1
SYN-U-18966,66687.48,45640.39,0.8606,0.6762,0.4053,14.4,1551,5,0.8533,2,0.3,0
SYN-U-18967,38546.45,36149.58,0.5043,0.7183,0.3711,64.2,1667,4,0.8464,2,5.2,0
SYN-U-18968,65678.83,59662.32,0.766,0.7204,0.235,55.9,1830,2,0.93,2,1.4,0
SYN-U-18969,83011.98,60198.88,0.8347,0.7009,0.2558,43.8,2202,4,0.9382,1,0.1,0
SYN-U-18970,84308.73,55321.82,0.5377,0.7306,0.4778,55.3,772,7,0.8467,2,6.2,0
SYN-U-18971,69310.14,47409.87,0.8521,0.8794,0.2484,7.3,1001,0,1.0,0,0.0,0
SYN-U-18972,50612.68,35690.31,0.8404,0.5809,0.5224,47.0,425,6,0.8542,0,0.0,0
SYN-U-18973,47864.39,45309.12,0.7086,0.8407,0.2779,35.8,283,6,0.9886,0,0.0,0
SYN-U-18974,62490.21,48540.08,0.8813,0.7328,0.2489,23.4,643,0,1.0,0,0.0,0
SYN-U-18975,48438.05,35416.02,0.8118,0.6362,0.5784,41.6,833,3,0.9039,0,0.0,0
SYN-U-18976,36848.99,30771.4,0.5399,0.6797,0.4431,12.3,1953,5,0.9492,0,0.0,0
SYN-U-18977,75595.8,68929.27,0.7658,0.7443,0.6241,46.5,2246,1,0.8621,1,2.7,0
SYN-U-18978,40529.58,26717.29,0.8865,0.7993,0.4336,35.6,2440,7,0.8553,0,0.0,0
SYN-U-18979,80781.97,63407.24,0.6087,0.6895,0.5709,54.2,1791,7,0.8509,0,0.0,0
SYN-U-18980,41717.04,33785.54,0.6689,0.2362,0.8481,39.1,1459,0,1.0,0,0.0,0
SYN-U-18981,33160.41,30734.77,0.8679,0.764,0.187,49.4,138,3,0.9744,1,2.3,0
SYN-U-18982,57852.02,50419.85,0.7688,0.6884,0.4945,39.9,1978,7,0.9628,0,0.0,0
SYN-U-18983,59536.72,52407.86,0.3229,0.4064,0.4515,35.3,112,0,1.0,0,0.0,0
SYN-U-18984,19806.07,16462.52,0.9658,0.7763,0.2807,22.4,2142,0,1.0,0,0.0,0
SYN-U-18985,43724.94,29888.74,0.753,0.7798,0.4883,7.5,2280,4,0.7582,0,0.0,0
SYN-U-18986,43932.29,38272.97,0.7567,0.7798,0.2106,50.0,690,0,1.0,0,0.0,0
SYN-U-18987,43746.37,42353.65,0.5131,0.7799,0.6001,26.4,216,3,0.7498,2,2.8,0
SYN-U-18988,80010.12,74347.38,0.3218,0.48,0.7695,5.3,283,1,0.8079,3,9.0,1
SYN-U-18989,59930.13,58578.09,0.934,0.8105,0.3023,41.0,639,4,0.8703,0,0.0,0
SYN-U-18990,115705.84,86325.86,0.7513,0.6727,0.1864,59.9,303,1,0.8698,1,1.8,0
SYN-U-18991,112975.0,108446.55,0.8767,0.6113,0.1986,62.7,2409,2,0.9539,0,0.0,0
SYN-U-18992,41646.25,31774.43,0.5128,0.4702,0.4424,52.7,512,2,0.8098,0,0.0,0
SYN-U-18993,119802.49,85049.09,0.9517,0.8014,0.1834,33.5,1179,3,0.8531,1,1.1,0
SYN-U-18994,63730.31,59684.05,0.8643,0.669,0.4126,43.4,343,3,0.8751,1,2.5,0
SYN-U-18995,47668.86,32963.34,0.7735,0.8072,0.3961,25.6,1406,0,1.0,0,0.0,0
SYN-U-18996,131015.95,97507.38,0.5608,0.4361,0.3466,57.9,1167,2,0.8271,0,0.0,0
SYN-U-18997,98143.47,68912.77,0.8246,0.752,0.4685,40.3,2189,2,0.9224,0,0.0,0
SYN-U-18998,25718.71,21338.15,0.4852,0.5649,0.4121,16.7,494,3,0.8574,0,0.0,0
SYN-U-18999,16077.39,12773.59,0.9181,0.6222,0.2984,49.7,1544,0,1.0,0,0.0,0
SYN-U-19000,36581.57,28618.12,0.6338,0.6305,0.4939,57.8,794,6,0.8187,1,3.5,0
SYN-U-19001,46972.44,39779.81,0.7213,0.4366,0.3982,7.6,1419,6,0.9393,2,4.9,0
SYN-U-19002,111797.21,75108.01,0.7017,0.6175,0.2698,52.6,2158,3,0.9362,1,1.8,0
SYN-U-19003,46517.04,41544.71,0.706,0.6151,0.2745,56.1,1938,0,1.0,0,0.0,0
SYN-U-19004,46622.33,40758.83,0.6787,0.6299,0.4082,49.8,1204,0,1.0,0,0.0,0
SYN-U-19005,36524.55,34458.03,0.7167,0.4649,0.4034,62.7,2207,6,0.7305,2,7.0,0
SYN-U-19006,27465.89,22253.77,0.7554,0.7048,0.2134,62.3,1167,1,0.8804,0,0.0,0
SYN-U-19007,40172.16,32443.62,0.64,0.7628,0.478,10.1,620,4,0.9262,0,0.0,0
SYN-U-19008,19499.03,14772.21,0.3109,0.5978,0.6202,43.1,2428,2,0.9047,2,15.6,0
SYN-U-19009,45428.64,43351.91,0.7343,0.5813,0.2794,51.4,1095,7,0.9489,1,0.3,0
SYN-U-19010,56358.23,48318.23,0.8731,0.6471,0.2867,28.3,1167,1,0.8642,0,0.0,0
SYN-U-19011,67087.85,65390.49,0.8991,0.5939,0.2305,18.9,2472,2,0.8689,1,0.8,0
SYN-U-19012,44909.67,40771.37,0.8826,0.6614,0.429,9.2,627,4,0.8579,0,0.0,0
SYN-U-19013,60556.46,47305.75,0.7065,0.9157,0.1516,31.5,1933,7,0.975,0,0.0,0
SYN-U-19014,20149.56,13356.34,0.6086,0.1712,0.6562,41.5,1323,7,0.8171,0,0.0,0
SYN-U-19015,27267.28,25194.14,0.6629,0.4088,0.2744,19.5,2103,5,0.7332,0,0.0,0
SYN-U-19016,44691.44,40587.73,0.7925,0.8411,0.4968,11.8,943,5,0.9899,1,0.4,0
SYN-U-19017,34996.52,33095.73,0.5814,0.4846,0.5987,55.1,1660,2,0.7719,0,0.0,0
SYN-U-19018,72572.79,66502.47,0.8746,0.7192,0.3103,8.8,2296,5,0.8852,2,1.7,0
SYN-U-19019,13405.5,12152.22,0.2492,0.338,0.8562,29.0,1833,5,0.9389,3,17.0,1
SYN-U-19020,59459.84,49988.1,0.8876,0.5758,0.2418,47.0,1760,0,1.0,0,0.0,0
SYN-U-19021,33981.05,23601.94,0.8636,0.7312,0.2038,11.2,1248,6,0.9467,0,0.0,0
SYN-U-19022,180368.82,163208.21,0.6426,0.7027,0.3972,8.1,778,1,0.7537,0,0.0,0
SYN-U-19023,23543.5,16019.73,0.5603,0.3119,0.4105,32.5,2142,0,1.0,0,0.0,0
SYN-U-19024,54036.6,41661.95,0.9338,0.8795,0.2328,50.5,1835,7,0.9665,0,0.0,0
SYN-U-19025,42450.89,34716.17,0.5079,0.2592,0.6701,53.7,2453,0,1.0,0,0.0,0
SYN-U-19026,21276.96,14551.49,0.5693,0.3176,0.4876,35.2,2290,4,0.8993,1,10.2,1
SYN-U-19027,143435.74,139662.16,0.9724,0.9048,0.4612,55.9,2388,5,0.9051,0,0.0,0
SYN-U-19028,16230.02,15542.3,0.3506,0.3389,0.7036,39.9,1011,4,0.6777,0,0.0,0
SYN-U-19029,26132.07,24771.09,0.8024,0.5424,0.5997,26.3,741,5,0.8833,0,0.0,0
SYN-U-19030,47221.95,34906.8,0.2051,0.1728,0.7466,10.0,1679,0,1.0,0,0.0,1
SYN-U-19031,30277.47,25682.25,0.7307,0.7954,0.1645,13.0,680,5,0.9592,1,1.5,0
SYN-U-19032,43970.72,34996.55,0.3538,0.5231,0.4791,39.4,469,2,0.6923,1,6.5,0
SYN-U-19033,60296.52,52066.32,0.9387,0.7146,0.4727,48.4,181,2,0.8598,0,0.0,0
SYN-U-19034,14412.06,13532.98,0.4877,0.2853,0.5972,63.9,585,2,0.8546,1,13.1,1
SYN-U-19035,38242.97,31183.07,0.9191,0.6023,0.263,54.6,2097,4,0.9821,0,0.0,0
SYN-U-19036,95609.44,79495.32,0.9387,0.5871,0.2793,32.5,2017,0,1.0,0,0.0,0
SYN-U-19037,71536.75,48419.44,0.5502,0.4733,0.2962,58.6,1407,5,0.8743,1,6.3,0
SYN-U-19038,34040.38,26043.08,0.8119,0.5901,0.6271,58.0,894,3,0.7373,0,0.0,0
SYN-U-19039,42402.55,28888.37,0.5368,0.684,0.4534,5.8,2035,7,0.887,0,0.0,0
SYN-U-19040,40036.03,37796.45,0.8323,0.6767,0.5336,31.8,510,1,0.9462,2,3.0,0
SYN-U-19041,83860.75,71465.2,0.8001,0.7108,0.3919,9.0,805,2,0.8716,0,0.0,0
SYN-U-19042,37680.93,36918.7,0.8834,0.568,0.2739,50.8,200,1,0.9035,0,0.0,0
SYN-U-19043,33697.39,22701.59,0.2353,0.2796,0.8745,64.8,2335,1,0.5148,1,5.1,1
SYN-U-19044,44442.22,39942.13,0.9584,0.5676,0.2365,57.5,2289,1,0.9747,0,0.0,0
SYN-U-19045,39723.17,30007.16,0.8511,0.553,0.4694,57.2,1767,1,0.9519,0,0.0,0
SYN-U-19046,42903.89,34171.99,0.8823,0.8194,0.2531,26.2,1768,7,0.8826,1,2.5,0
SYN-U-19047,28832.48,19980.92,0.729,0.7644,0.3844,56.6,1651,2,0.8828,0,0.0,0
SYN-U-19048,32005.39,26058.4,0.5649,0.3067,0.625,64.9,458,6,0.5963,0,0.0,0
SYN-U-19049,52606.11,46150.06,0.2031,0.5533,0.4532,5.3,326,2,0.9141,0,0.0,0
SYN-U-19050,50426.52,45685.76,0.523,0.511,0.6188,52.5,1676,0,1.0,0,0.0,0
SYN-U-19051,16197.92,14567.2,0.6143,0.1866,0.846,39.6,832,1,0.9241,2,6.7,1
SYN-U-19052,26324.4,22960.61,0.2058,0.5283,0.6498,28.4,932,0,1.0,0,0.0,0
SYN-U-19053,100135.17,65091.83,0.9131,0.6152,0.4103,6.3,1746,7,0.9349,2,2.1,0
SYN-U-19054,56148.53,44009.78,0.8599,0.8171,0.1607,61.7,2423,3,0.8852,0,0.0,0
SYN-U-19055,15180.65,12327.53,0.4839,0.2044,0.8572,29.0,1610,4,0.5985,0,0.0,1
SYN-U-19056,53250.45,51179.38,0.9537,0.8205,0.2675,21.3,662,1,0.8643,1,2.9,0
SYN-U-19057,97657.99,82981.16,0.5416,0.6698,0.6006,34.4,2446,1,0.7711,2,3.8,0
SYN-U-19058,32420.0,30293.21,0.7308,0.6118,0.4359,58.6,1117,3,0.7425,2,2.9,0
SYN-U-19059,32158.23,26363.23,0.5843,0.2102,0.8204,15.2,1858,7,0.6391,0,0.0,0
SYN-U-19060,18650.2,13684.94,0.5025,0.1726,0.738,25.3,1137,0,1.0,0,0.0,0
SYN-U-19061,36928.76,34290.48,0.7225,0.5832,0.1972,28.3,1649,2,0.881,1,2.7,0
SYN-U-19062,78873.48,65472.55,0.6903,0.427,0.3092,28.4,1458,2,0.7274,2,2.9,0
SYN-U-19063,21599.26,19327.12,0.8536,0.5801,0.4534,9.1,748,3,0.8527,0,0.0,0
SYN-U-19064,25948.34,25106.38,0.7105,0.553,0.3221,56.5,591,2,0.8955,0,0.0,0
SYN-U-19065,22128.25,19091.35,0.2626,0.2365,0.6146,47.6,322,3,0.6512,1,17.6,1
SYN-U-19066,32971.81,24794.49,0.7313,0.7361,0.4675,31.8,1846,6,0.904,0,0.0,0
SYN-U-19067,95053.17,74950.36,0.762,0.4466,0.3662,42.3,1608,5,0.8173,2,2.0,0
SYN-U-19068,78120.56,56766.42,0.6018,0.1543,0.5456,63.6,1243,1,0.7527,0,0.0,0
SYN-U-19069,45425.98,38505.28,0.8085,0.5739,0.2885,57.2,1419,6,0.979,0,0.0,0
SYN-U-19070,44707.57,33643.93,0.5979,0.3513,0.5274,20.3,2465,2,0.7763,3,8.5,0
SYN-U-19071,51765.71,42615.43,0.224,0.629,0.4193,24.3,1304,5,0.9026,1,5.3,0
SYN-U-19072,79589.08,67008.27,0.9051,0.8157,0.4989,53.1,1489,6,0.9058,2,2.2,0
SYN-U-19073,49364.42,37238.6,0.5143,0.591,0.3372,27.7,1138,2,0.7609,3,3.7,0
SYN-U-19074,29392.92,24730.0,0.8451,0.5954,0.4483,24.0,1668,0,1.0,0,0.0,0
SYN-U-19075,86387.45,82836.3,0.7499,0.4865,0.2745,48.9,1929,3,0.7738,1,3.5,0
SYN-U-19076,49432.19,33901.9,0.8741,0.7391,0.4526,17.1,1887,6,0.9811,0,0.0,0
SYN-U-19077,26769.58,22376.09,0.8359,0.7244,0.2688,37.0,99,4,0.8982,0,0.0,0
SYN-U-19078,96043.92,75588.57,0.8265,0.5643,0.2579,37.5,1052,5,0.8929,0,0.0,0
SYN-U-19079,92243.94,65701.54,0.4086,0.4298,0.4013,39.1,772,7,0.7199,0,0.0,0
SYN-U-19080,48950.03,33870.6,0.833,0.6004,0.2678,57.3,103,5,0.9978,0,0.0,0
SYN-U-19081,176285.05,148972.86,0.8399,0.8124,0.3343,26.1,1126,2,0.8694,0,0.0,0
SYN-U-19082,46854.14,37803.73,0.8115,0.7979,0.5076,63.3,1290,7,0.9217,0,0.0,0
SYN-U-19083,45224.03,36852.39,0.7359,0.7858,0.3506,54.6,1644,0,1.0,0,0.0,0
SYN-U-19084,126461.86,119295.94,0.8942,0.6861,0.4136,49.4,901,0,1.0,0,0.0,0
SYN-U-19085,63190.37,43053.67,0.9412,0.7475,0.2143,62.9,1342,4,0.9659,0,0.0,0
SYN-U-19086,54112.84,45881.06,0.8701,0.8816,0.3087,22.2,599,7,0.9393,0,0.0,0
SYN-U-19087,140671.7,127835.8,0.7407,0.577,0.4913,24.7,1216,6,0.9578,0,0.0,0
SYN-U-19088,46175.75,34264.03,0.8905,0.6512,0.4247,47.0,2013,6,0.9309,0,0.0,0
SYN-U-19089,79524.62,52702.95,0.3879,0.5859,0.7205,15.7,1041,0,1.0,0,0.0,0
SYN-U-19090,169451.42,115965.58,0.9252,0.6417,0.4651,50.8,92,2,0.9745,0,0.0,0
SYN-U-19091,80498.65,60130.11,0.778,0.8229,0.2645,29.7,2425,7,0.8962,0,0.0,0
SYN-U-19092,15800.97,11515.7,0.7079,0.7685,0.3452,51.0,85,1,0.9654,0,0.0,0
SYN-U-19093,16060.79,13806.93,0.4768,0.5663,0.5332,50.8,684,7,0.7334,1,3.1,0
SYN-U-19094,27913.01,23730.84,0.9745,0.6578,0.284,21.9,2479,2,0.9093,0,0.0,0
SYN-U-19095,60807.57,50318.26,0.9126,0.6674,0.4324,58.4,265,7,0.898,0,0.0,0
SYN-U-19096,166013.25,126849.47,0.9542,0.6712,0.1655,50.2,1984,7,0.9137,0,0.0,0
SYN-U-19097,75319.53,54844.31,0.7144,0.9076,0.2237,33.6,509,4,0.9075,0,0.0,0
SYN-U-19098,79796.69,65975.51,0.9021,0.6767,0.2924,37.0,1683,7,0.8819,2,1.6,0
SYN-U-19099,50245.14,39694.08,0.8954,0.9078,0.1903,29.0,761,2,0.9989,0,0.0,0
SYN-U-19100,88677.38,83742.75,0.7431,0.6334,0.6188,43.1,1629,4,0.805,0,0.0,0
SYN-U-19101,26673.12,25344.49,0.9115,0.6511,0.3742,42.2,309,4,0.9722,0,0.0,0
SYN-U-19102,13619.16,11718.61,0.6535,0.5049,0.429,17.0,76,3,0.7155,1,7.7,0
SYN-U-19103,43764.9,29528.98,0.8469,0.5912,0.6498,8.1,2001,3,0.8164,0,0.0,0
SYN-U-19104,65184.8,56560.02,0.7518,0.7823,0.2876,13.4,1629,5,0.9984,1,0.1,0
SYN-U-19105,56858.6,42548.85,0.8695,0.8693,0.3581,37.0,50,0,1.0,0,0.0,0
SYN-U-19106,187808.79,127067.67,0.7512,0.6806,0.3768,63.1,1563,2,0.8981,0,0.0,0
SYN-U-19107,16657.24,13047.15,0.3033,0.4853,0.7016,36.4,633,0,1.0,0,0.0,0
SYN-U-19108,58923.01,47710.91,0.4428,0.4387,0.5958,49.2,1076,0,1.0,0,0.0,0
SYN-U-19109,77513.17,61924.99,0.5034,0.736,0.2855,58.2,895,3,0.9412,0,0.0,0
SYN-U-19110,52920.49,45626.46,0.6452,0.5287,0.6457,24.9,56,0,1.0,0,0.0,0
SYN-U-19111,99001.38,91373.38,0.956,0.5821,0.2403,54.3,1046,6,0.8662,1,0.7,0
SYN-U-19112,93516.28,71767.23,0.6316,0.7368,0.4084,11.2,1279,0,1.0,0,0.0,0
SYN-U-19113,80038.39,78000.18,0.6144,0.7612,0.3746,31.8,811,7,0.9793,0,0.0,0
SYN-U-19114,83544.72,69011.5,0.8439,0.4593,0.5879,62.3,1611,2,0.7941,0,0.0,0
SYN-U-19115,33010.0,31827.98,0.8601,0.7658,0.3867,54.3,2254,3,0.9266,0,0.0,0
SYN-U-19116,35702.32,31733.15,0.8821,0.8346,0.361,15.3,1105,2,0.9029,0,0.0,0
SYN-U-19117,33063.03,25008.41,0.9486,0.7289,0.2793,50.7,1160,1,0.8687,0,0.0,0
SYN-U-19118,13783.1,9588.74,0.8281,0.7308,0.2932,8.4,1580,6,0.7721,1,4.0,0
SYN-U-19119,157086.89,128832.01,0.9659,0.778,0.183,52.8,2084,0,1.0,0,0.0,0
SYN-U-19120,85011.06,77252.9,0.5084,0.7751,0.5825,63.3,743,3,0.7103,0,0.0,0
SYN-U-19121,190200.3,151851.02,0.8445,0.7604,0.5464,34.2,2436,5,0.7236,2,4.4,0
SYN-U-19122,45045.19,34775.9,0.8711,0.8705,0.3515,49.2,2389,0,1.0,0,0.0,0
SYN-U-19123,36322.95,26332.06,0.6314,0.2108,0.4697,44.9,676,4,0.655,0,0.0,0
SYN-U-19124,43176.02,28422.08,0.9631,0.6699,0.2727,63.8,2363,6,0.869,0,0.0,0
SYN-U-19125,136692.18,100858.25,0.741,0.6,0.4253,53.5,810,5,0.9673,0,0.0,0
SYN-U-19126,43937.64,28725.14,0.7587,0.5694,0.3517,13.4,1580,1,0.9171,0,0.0,0
SYN-U-19127,48251.67,40583.77,0.9141,0.7229,0.4842,23.8,282,6,0.9859,0,0.0,0
SYN-U-19128,19548.61,18302.58,0.5087,0.2237,0.8714,21.9,664,4,0.5922,3,7.7,1
SYN-U-19129,32578.2,31561.92,0.7427,0.7112,0.3548,60.6,2289,6,0.9078,0,0.0,0
SYN-U-19130,87066.73,85173.06,0.8656,0.5669,0.4811,61.2,1948,7,0.9139,0,0.0,0
SYN-U-19131,201700.84,195116.1,0.8217,0.7507,0.442,13.6,1895,2,0.867,0,0.0,0
SYN-U-19132,151175.3,130128.46,0.802,0.8329,0.325,34.0,757,4,0.879,1,2.8,0
SYN-U-19133,101848.29,93718.62,0.9799,0.8377,0.3532,62.2,1249,3,0.8596,0,0.0,0
SYN-U-19134,34217.33,24814.74,0.8554,0.8905,0.4747,62.0,407,2,0.9395,1,2.0,0
SYN-U-19135,18310.45,17750.69,0.5221,0.2127,0.4902,60.8,1030,7,0.6786,0,0.0,0
SYN-U-19136,16829.27,12039.14,0.3231,0.2074,0.4315,56.1,1520,3,0.9043,0,0.0,1
SYN-U-19137,29752.44,25231.12,0.7596,0.9171,0.1933,30.1,966,4,0.8713,1,2.8,0
SYN-U-19138,84980.13,60391.79,0.8996,0.6922,0.2049,47.3,404,7,0.8932,2,1.2,0
SYN-U-19139,30890.09,29296.1,0.8813,0.6034,0.4321,19.6,353,7,0.926,1,0.2,0
SYN-U-19140,107826.86,86342.46,0.9489,0.7918,0.4136,14.2,194,2,0.9592,0,0.0,0
SYN-U-19141,131982.52,128363.22,0.8246,0.6171,0.3882,46.6,1361,4,0.981,1,1.0,0
SYN-U-19142,127295.29,104902.48,0.8182,0.6199,0.2412,59.9,1575,5,0.9199,0,0.0,0
SYN-U-19143,106036.59,85353.71,0.8506,0.839,0.4248,46.3,1541,2,0.9437,0,0.0,0
SYN-U-19144,101501.91,71719.27,0.6771,0.7617,0.6137,50.4,653,6,0.9683,1,4.6,0
SYN-U-19145,103975.32,79570.33,0.9168,0.6237,0.184,38.2,993,1,0.8883,0,0.0,0
SYN-U-19146,42650.59,39753.3,0.8941,0.8337,0.3451,22.4,813,4,0.8827,0,0.0,0
SYN-U-19147,119214.32,111495.84,0.5031,0.7219,0.4817,64.0,185,6,0.7331,0,0.0,0
SYN-U-19148,67202.79,55803.55,0.9334,0.7686,0.2217,28.2,2390,0,1.0,0,0.0,0
SYN-U-19149,83207.69,74660.04,0.5714,0.5389,0.465,42.4,1195,0,1.0,0,0.0,0
SYN-U-19150,35094.44,33484.82,0.7009,0.8879,0.3032,56.8,2270,7,0.9143,0,0.0,0
SYN-U-19151,28905.38,25360.66,0.8765,0.6927,0.4484,64.1,634,5,0.9664,0,0.0,0
SYN-U-19152,38928.62,32642.41,0.9114,0.613,0.3791,51.5,1137,2,0.898,0,0.0,0
SYN-U-19153,74185.48,62266.35,0.6498,0.7115,0.5803,42.7,697,7,0.8711,0,0.0,0
SYN-U-19154,85517.8,56737.98,0.8316,0.6736,0.4901,37.4,1672,5,0.9186,1,7.9,0
SYN-U-19155,51990.1,37703.61,0.9169,0.716,0.1679,13.0,321,3,0.9959,0,0.0,0
SYN-U-19156,33394.92,23126.32,0.7278,0.3795,0.4601,30.2,537,1,0.6888,0,0.0,0
SYN-U-19157,91949.11,65217.01,0.7333,0.4598,0.4329,34.0,599,2,0.9098,0,0.0,0
SYN-U-19158,17498.34,15537.66,0.8089,0.9005,0.4131,35.3,209,6,0.8803,0,0.0,0
SYN-U-19159,51223.92,42452.12,0.8163,0.5757,0.395,44.3,2408,7,0.9636,0,0.0,0
SYN-U-19160,52044.19,41755.38,0.8435,0.7709,0.3175,37.4,107,2,0.908,3,7.3,0
SYN-U-19161,41072.26,31708.39,0.9332,0.7921,0.4296,5.7,1920,2,0.9328,0,0.0,0
SYN-U-19162,65908.8,48474.73,0.9181,0.8373,0.1616,43.3,196,6,0.9313,2,0.4,0
SYN-U-19163,19319.78,17660.28,0.7015,0.728,0.3912,48.2,1730,1,0.9828,1,2.6,0
SYN-U-19164,84998.76,77399.27,0.709,0.5464,0.5982,40.8,851,7,0.7775,0,0.0,0
SYN-U-19165,160835.88,123025.24,0.8824,0.866,0.4894,12.4,1852,1,0.9623,0,0.0,0
SYN-U-19166,49501.2,44572.46,0.6437,0.5162,0.5528,37.5,1351,7,0.9193,0,0.0,0
SYN-U-19167,48835.47,45075.56,0.4244,0.4639,0.6393,29.7,214,0,1.0,0,0.0,1
SYN-U-19168,61731.9,51652.21,0.7017,0.9173,0.1532,38.9,1860,6,0.8613,1,0.1,0
SYN-U-19169,98302.25,80686.78,0.9206,0.6726,0.2593,8.9,1261,7,0.8822,1,0.6,0
SYN-U-19170,49645.61,37539.67,0.7273,0.6002,0.1667,9.5,778,0,1.0,0,0.0,0
SYN-U-19171,120972.32,110111.87,0.536,0.6423,0.3685,45.7,881,4,0.8475,0,0.0,0
SYN-U-19172,47950.15,43753.8,0.763,0.6447,0.4897,52.7,2488,3,0.9923,0,0.0,0
SYN-U-19173,42368.96,34944.43,0.9763,0.8692,0.3967,10.6,903,6,0.9945,0,0.0,0
SYN-U-19174,61656.21,53549.74,0.7776,0.8725,0.23,61.4,2221,4,0.9894,0,0.0,0
SYN-U-19175,22871.15,17635.92,0.7882,0.5503,0.3982,55.0,34,2,0.8612,0,0.0,0
SYN-U-19176,15810.79,10612.07,0.7488,0.3572,0.7174,33.3,1675,7,0.5299,0,0.0,0
SYN-U-19177,187997.33,171588.07,0.7374,0.4452,0.2583,8.5,2306,2,0.7263,0,0.0,0
SYN-U-19178,23071.26,22399.04,0.6205,0.4602,0.2818,15.4,2400,5,0.9384,0,0.0,0
SYN-U-19179,70654.35,49711.85,0.6064,0.4393,0.2933,15.8,1286,5,0.7711,2,2.5,0
SYN-U-19180,38943.99,34852.65,0.8664,0.7377,0.2914,11.7,176,6,0.966,0,0.0,0
SYN-U-19181,62461.79,41085.29,0.8935,0.7313,0.4925,22.4,1151,7,0.9691,0,0.0,0
SYN-U-19182,36033.8,25978.87,0.7746,0.5886,0.4743,51.5,1431,5,0.7193,0,0.0,0
SYN-U-19183,86384.19,57306.7,0.6144,0.7886,0.3969,33.4,2266,3,0.8924,1,2.4,0
SYN-U-19184,58444.48,51955.25,0.6635,0.1519,0.7876,18.3,1060,4,0.682,3,7.4,1
SYN-U-19185,24390.47,19032.66,0.3844,0.5129,0.7952,16.3,1275,4,0.8413,0,0.0,0
SYN-U-19186,41845.42,40237.85,0.8446,0.4881,0.2801,54.4,1595,2,0.927,2,3.1,0
SYN-U-19187,53694.73,43424.19,0.7557,0.8934,0.3582,46.4,2185,2,0.9758,0,0.0,0
SYN-U-19188,38810.15,35005.68,0.7121,0.8466,0.1718,36.6,391,2,0.8616,0,0.0,0
SYN-U-19189,13807.33,12921.45,0.8324,0.7474,0.3087,54.2,2135,1,0.8851,0,0.0,0
SYN-U-19190,57950.96,40857.13,0.7443,0.7163,0.4354,31.5,347,7,0.8571,1,1.5,0
SYN-U-19191,117693.33,91691.55,0.8751,0.8548,0.2212,62.1,2233,4,0.9253,1,1.4,0
SYN-U-19192,43165.79,32397.4,0.7343,0.6136,0.1988,26.3,2317,3,0.9674,0,0.0,0
SYN-U-19193,80308.36,63783.3,0.5009,0.561,0.3283,53.6,136,3,0.8368,0,0.0,0
SYN-U-19194,51056.68,33935.17,0.2068,0.2754,0.6447,40.3,2092,4,0.5996,4,5.0,1
SYN-U-19195,49232.47,39540.22,0.8574,0.7841,0.3412,44.4,2056,6,0.9036,0,0.0,0
SYN-U-19196,109354.44,82090.43,0.7864,0.6012,0.2208,50.0,417,1,0.8843,1,0.1,0
SYN-U-19197,15069.12,13408.43,0.4289,0.2286,0.6201,40.3,2240,6,0.5875,1,7.6,1
SYN-U-19198,111090.3,73992.73,0.578,0.5114,0.6253,20.9,204,6,0.7082,1,2.6,0
SYN-U-19199,40737.71,34200.77,0.2196,0.5229,0.432,51.9,762,3,0.8171,4,7.8,1
SYN-U-19200,73565.82,63173.36,0.9544,0.7828,0.1588,29.9,1572,1,0.9279,1,1.1,0
SYN-U-19201,116822.21,92364.03,0.9584,0.657,0.3561,41.1,1222,4,0.9287,0,0.0,0
SYN-U-19202,29584.33,25202.58,0.8977,0.7688,0.221,63.9,114,1,0.9503,0,0.0,0
SYN-U-19203,50374.58,40665.4,0.7917,0.7609,0.2589,17.8,2352,3,0.9734,0,0.0,0
SYN-U-19204,44449.36,43271.31,0.9263,0.6051,0.2078,39.0,945,4,0.9573,0,0.0,0
SYN-U-19205,94923.81,83681.03,0.8637,0.5642,0.2522,21.2,36,1,0.9257,1,1.8,0
SYN-U-19206,66243.78,63083.4,0.7421,0.5442,0.4832,63.5,1974,4,0.9225,0,0.0,0
SYN-U-19207,38815.02,33738.25,0.9198,0.7103,0.4829,46.3,2209,7,0.9536,0,0.0,0
SYN-U-19208,58000.65,44293.19,0.6978,0.5056,0.3444,7.9,718,0,1.0,0,0.0,0
SYN-U-19209,14838.88,10454.68,0.5127,0.649,0.6385,27.0,347,6,0.7146,2,9.1,1
SYN-U-19210,47719.13,36649.2,0.7333,0.802,0.3218,22.7,1159,5,0.998,0,0.0,0
SYN-U-19211,46568.86,39475.84,0.7607,0.7798,0.4755,62.2,103,5,0.8965,1,1.6,0
SYN-U-19212,62981.67,44794.41,0.7119,0.9175,0.2491,16.2,2459,1,0.9751,0,0.0,0
SYN-U-19213,207785.31,193479.58,0.8009,0.597,0.641,38.8,1314,3,0.8201,2,5.8,0
SYN-U-19214,65480.95,55236.77,0.5779,0.5712,0.3704,31.9,1999,6,0.8603,0,0.0,0
SYN-U-19215,44856.53,34731.88,0.7072,0.1925,0.4316,31.7,1373,6,0.755,0,0.0,0
SYN-U-19216,49984.1,38983.6,0.8675,0.8337,0.3524,49.8,238,4,0.9846,1,2.8,0
SYN-U-19217,14266.27,11549.48,0.3238,0.5133,0.7365,20.9,1540,7,0.7742,3,13.0,1
SYN-U-19218,17190.51,13710.62,0.4704,0.4845,0.4271,52.2,179,5,0.6782,2,12.6,0
SYN-U-19219,75375.97,49630.19,0.858,0.7113,0.1622,13.8,1016,7,0.9883,2,2.4,0
SYN-U-19220,38912.05,30789.98,0.6805,0.4917,0.6169,64.8,380,4,0.694,2,15.9,0
SYN-U-19221,69897.91,66851.29,0.5589,0.6157,0.5892,49.6,954,6,0.8498,1,5.0,0
SYN-U-19222,105687.07,84418.0,0.8293,0.5954,0.229,60.4,1707,2,0.9096,0,0.0,0
SYN-U-19223,162435.93,150294.21,0.8428,0.7328,0.2935,34.2,1839,1,0.8765,2,7.6,0
SYN-U-19224,51857.92,36538.39,0.9644,0.6364,0.1814,36.3,591,4,0.9663,0,0.0,0
SYN-U-19225,153146.42,102254.84,0.9637,0.9105,0.3975,16.7,1004,3,0.9168,0,0.0,0
SYN-U-19226,77512.17,61281.14,0.5999,0.596,0.4785,19.9,1581,7,0.8965,1,4.6,0
SYN-U-19227,27908.87,21099.28,0.5374,0.6169,0.2892,61.9,1861,1,0.979,0,0.0,0
SYN-U-19228,14885.21,12191.12,0.713,0.4017,0.266,28.1,2202,3,0.8212,2,5.7,0
SYN-U-19229,37256.72,27687.52,0.8865,0.5828,0.4368,10.0,994,6,0.9219,0,0.0,0
SYN-U-19230,120741.76,90649.3,0.823,0.558,0.2507,55.9,1517,4,0.9692,1,8.0,0
SYN-U-19231,15200.41,11893.99,0.9102,0.5742,0.274,53.0,1464,0,1.0,0,0.0,0
SYN-U-19232,57343.25,48166.37,0.6667,0.7108,0.2581,16.9,1206,5,0.9553,2,3.8,0
SYN-U-19233,88583.18,59690.22,0.6591,0.4832,0.6089,14.4,1950,0,1.0,0,0.0,0
SYN-U-19234,53479.01,48940.7,0.6042,0.427,0.5679,28.7,620,5,0.9671,1,2.7,0
SYN-U-19235,46537.99,38806.62,0.2858,0.2017,0.6448,21.4,1853,1,0.5193,3,9.3,1
SYN-U-19236,12851.79,9370.41,0.5434,0.6995,0.3095,61.5,508,5,0.921,0,0.0,0
SYN-U-19237,58238.07,43101.99,0.9674,0.7298,0.3422,41.7,957,7,0.8622,0,0.0,0
SYN-U-19238,31353.95,22074.48,0.7604,0.8639,0.4186,44.6,1891,2,0.8877,2,2.9,0
SYN-U-19239,73986.11,65613.1,0.5185,0.4844,0.5825,37.9,2452,4,0.7951,0,0.0,0
SYN-U-19240,79654.8,54717.77,0.2109,0.4334,0.422,26.9,1225,2,0.5524,0,0.0,0
SYN-U-19241,24425.23,16289.27,0.8222,0.771,0.2837,63.3,1178,4,0.8697,0,0.0,0
SYN-U-19242,54216.57,45837.2,0.7423,0.8573,0.4981,20.6,92,2,0.8567,0,0.0,0
SYN-U-19243,64824.14,58768.68,0.7258,0.6308,0.2712,58.4,524,7,0.8936,2,0.3,0
SYN-U-19244,88847.63,83784.02,0.8159,0.6612,0.3535,12.7,637,7,0.8826,0,0.0,0
SYN-U-19245,48273.2,36867.78,0.6286,0.6125,0.5606,61.0,448,6,0.5212,1,3.9,0
SYN-U-19246,47194.56,33489.24,0.6124,0.7374,0.5082,62.3,2236,1,0.9161,0,0.0,0
SYN-U-19247,50150.1,40762.32,0.9088,0.7103,0.4526,34.6,2326,1,0.8525,0,0.0,0
SYN-U-19248,13835.18,9199.83,0.2166,0.3933,0.5638,44.3,910,0,1.0,0,0.0,1
SYN-U-19249,69224.92,66193.01,0.631,0.2689,0.515,64.7,1979,1,0.7438,0,0.0,0
SYN-U-19250,54553.43,50154.76,0.7108,0.8132,0.4986,54.0,700,5,0.9694,1,2.6,0
SYN-U-19251,36539.65,26002.73,0.7579,0.7979,0.2814,53.2,2412,1,0.9341,2,1.4,0
SYN-U-19252,40978.29,39758.58,0.7417,0.7238,0.4042,31.0,976,1,0.918,0,0.0,0
SYN-U-19253,12983.01,10663.18,0.4281,0.3983,0.865,49.4,2022,4,0.9156,1,8.3,1
SYN-U-19254,46255.36,44185.56,0.811,0.6093,0.3974,53.1,790,7,0.9904,1,1.5,0
SYN-U-19255,68555.28,45675.62,0.822,0.8427,0.3213,57.5,261,6,0.9353,1,2.0,0
SYN-U-19256,146502.98,123336.07,0.5024,0.5239,0.3521,49.4,835,6,0.9347,0,0.0,0
SYN-U-19257,57538.5,53364.56,0.9762,0.6002,0.4392,21.5,423,2,0.9976,1,1.8,0
SYN-U-19258,115342.95,95877.71,0.8369,0.8023,0.1807,5.6,249,5,0.8909,0,0.0,0
SYN-U-19259,41410.52,32307.68,0.5282,0.7849,0.3033,62.8,135,6,0.928,0,0.0,0
SYN-U-19260,45601.05,30105.48,0.6746,0.7585,0.3148,32.7,43,7,0.7915,0,0.0,0
SYN-U-19261,18906.54,17900.48,0.6905,0.3202,0.7427,22.8,649,6,0.5912,0,0.0,0
SYN-U-19262,34490.93,26306.85,0.9356,0.8076,0.2392,57.7,1303,5,0.9238,0,0.0,0
SYN-U-19263,80369.2,75258.91,0.5218,0.423,0.2689,57.6,1307,5,0.9588,0,0.0,0
SYN-U-19264,121037.51,86373.13,0.7951,0.6,0.2755,53.3,268,0,1.0,0,0.0,0
SYN-U-19265,31773.16,28940.44,0.8552,0.8465,0.3783,9.9,435,1,0.9373,0,0.0,0
SYN-U-19266,72948.89,68418.95,0.885,0.7531,0.4781,27.8,2022,6,0.972,0,0.0,0
SYN-U-19267,122860.6,84973.73,0.9155,0.7,0.4048,30.9,1922,1,0.8695,0,0.0,0
SYN-U-19268,49221.99,41839.96,0.7029,0.9139,0.4781,52.6,857,0,1.0,0,0.0,0
SYN-U-19269,84301.5,79005.82,0.8078,0.6996,0.2233,5.0,2025,6,0.872,0,0.0,0
SYN-U-19270,115279.65,86299.13,0.6033,0.708,0.3016,32.0,673,7,0.9524,1,7.6,0
SYN-U-19271,70930.91,58246.79,0.9218,0.5858,0.3297,14.8,2383,2,0.9765,0,0.0,0
SYN-U-19272,101579.86,92218.62,0.703,0.5618,0.49,26.5,1367,4,0.9064,0,0.0,0
SYN-U-19273,46604.33,33360.44,0.882,0.7014,0.2561,36.7,157,3,0.9591,0,0.0,0
SYN-U-19274,76688.09,70448.38,0.8403,0.477,0.5923,19.2,1777,7,0.9704,0,0.0,0
SYN-U-19275,107126.74,83038.63,0.878,0.6152,0.2064,44.5,1947,3,0.8678,0,0.0,0
SYN-U-19276,29344.79,21995.54,0.3689,0.1625,0.7258,18.5,1219,5,0.8148,3,6.5,1
SYN-U-19277,88129.29,61547.08,0.5708,0.573,0.5458,55.8,627,6,0.9447,1,5.1,0
SYN-U-19278,27444.96,22431.26,0.5029,0.6306,0.4597,46.3,1130,0,1.0,0,0.0,0
SYN-U-19279,122065.35,99366.93,0.7762,0.6653,0.2512,52.0,33,5,0.9589,0,0.0,0
SYN-U-19280,21792.92,20702.95,0.3104,0.1949,0.4756,48.7,73,7,0.5642,0,0.0,1
SYN-U-19281,94791.45,69861.18,0.8164,0.6358,0.5505,45.7,511,5,0.8245,0,0.0,0
SYN-U-19282,22360.13,17194.53,0.528,0.4707,0.5621,38.3,87,7,0.5267,1,12.0,1
SYN-U-19283,44955.84,30278.81,0.7441,0.6837,0.3445,27.2,2173,1,0.8683,1,0.4,0
SYN-U-19284,46938.17,40915.74,0.7135,0.5664,0.2005,60.4,2343,1,0.8615,1,1.0,0
SYN-U-19285,106811.72,73629.61,0.8208,0.5799,0.2919,9.1,885,6,0.8568,0,0.0,0
SYN-U-19286,46043.31,31196.44,0.8441,0.6723,0.3001,41.6,2140,2,0.7541,0,0.0,0
SYN-U-19287,16285.86,13160.33,0.675,0.6339,0.4031,18.7,1921,2,0.5762,0,0.0,0
SYN-U-19288,30562.05,22994.2,0.8906,0.8079,0.2322,59.6,299,3,0.9453,1,0.3,0
SYN-U-19289,16742.01,13108.69,0.4229,0.3985,0.4436,57.3,1776,3,0.8243,2,10.8,1
SYN-U-19290,35583.27,26709.19,0.7906,0.6448,0.2645,40.3,2379,2,0.9251,0,0.0,0
SYN-U-19291,49295.16,39813.57,0.773,0.6089,0.4011,44.7,2368,2,0.8874,0,0.0,0
SYN-U-19292,25462.6,24587.54,0.3166,0.4628,0.415,33.6,1379,7,0.7423,2,11.3,1
SYN-U-19293,29759.03,23003.61,0.9737,0.8957,0.2183,49.9,1404,4,0.8637,0,0.0,0
SYN-U-19294,43320.52,40979.6,0.7396,0.4864,0.7219,45.6,1744,3,0.885,3,14.9,1
SYN-U-19295,22865.21,21824.24,0.7337,0.8384,0.4145,5.6,1278,0,1.0,0,0.0,0
SYN-U-19296,31506.81,26269.34,0.7963,0.669,0.3217,57.4,73,3,0.9019,0,0.0,0
SYN-U-19297,40072.98,36099.91,0.8908,0.7698,0.4651,54.0,1474,5,0.9638,0,0.0,0
SYN-U-19298,21205.84,13959.76,0.6177,0.5956,0.5822,61.0,721,6,0.7355,0,0.0,0
SYN-U-19299,49502.93,45664.49,0.6488,0.2436,0.6838,42.9,1413,0,1.0,0,0.0,0
SYN-U-19300,47242.55,45723.91,0.7008,0.4785,0.514,48.3,157,2,0.559,0,0.0,0
SYN-U-19301,87444.28,62969.97,0.5689,0.4625,0.2785,28.6,655,0,1.0,0,0.0,0
SYN-U-19302,37328.63,31445.51,0.5372,0.4905,0.2738,59.2,2407,0,1.0,0,0.0,0
SYN-U-19303,71884.9,51656.05,0.8767,0.756,0.1853,20.0,1523,6,0.9984,1,0.5,0
SYN-U-19304,78017.95,70121.82,0.5578,0.5588,0.5271,7.8,241,2,0.8868,1,2.0,0
SYN-U-19305,157947.03,122021.45,0.939,0.9148,0.2626,33.6,2226,2,0.9061,2,0.2,0
SYN-U-19306,107049.62,86436.97,0.6786,0.4723,0.2914,39.5,715,4,0.8142,1,4.4,0
SYN-U-19307,32774.52,27959.72,0.5792,0.4633,0.7108,51.5,2401,5,0.9133,3,5.1,0
SYN-U-19308,24288.6,19615.01,0.363,0.5355,0.5607,60.1,2205,4,0.8324,3,7.8,0
SYN-U-19309,71156.19,61015.8,0.5066,0.6328,0.2518,26.5,2165,4,0.9628,2,7.9,0
SYN-U-19310,69986.46,66410.79,0.7145,0.7596,0.4367,12.0,851,3,0.7075,3,4.5,0
SYN-U-19311,119977.06,107675.43,0.7001,0.7977,0.4961,43.3,623,3,0.8614,0,0.0,0
SYN-U-19312,32932.81,31568.18,0.9288,0.8621,0.3812,48.7,1770,4,0.982,1,1.4,0
SYN-U-19313,60767.37,51758.29,0.8681,0.8717,0.2421,5.8,1445,2,0.8718,0,0.0,0
SYN-U-19314,53704.44,39033.4,0.6532,0.2956,0.4557,58.0,718,6,0.5168,1,12.1,1
SYN-U-19315,24932.72,19984.5,0.3561,0.6364,0.5725,61.5,2352,1,0.704,3,17.8,1
SYN-U-19316,63112.53,51925.06,0.7454,0.6754,0.4742,52.4,762,4,0.893,0,0.0,0
SYN-U-19317,173087.01,114125.0,0.8293,0.6628,0.1769,39.5,511,3,0.9091,0,0.0,0
SYN-U-19318,71242.33,59738.34,0.7005,0.7618,0.3423,10.4,1712,0,1.0,0,0.0,0
SYN-U-19319,84487.66,73587.47,0.718,0.5487,0.5129,61.5,721,3,0.7864,0,0.0,0
SYN-U-19320,39145.99,27547.86,0.7355,0.6567,0.1978,64.5,2471,4,0.8505,1,0.3,0
SYN-U-19321,98000.8,93638.12,0.4086,0.6154,0.4802,6.6,685,6,0.9476,0,0.0,0
SYN-U-19322,81279.71,78160.88,0.9,0.8849,0.4464,32.1,1041,1,0.9584,1,1.5,0
SYN-U-19323,55772.94,40353.34,0.7153,0.522,0.6441,61.8,835,2,0.7863,2,2.2,0
SYN-U-19324,88238.18,83274.99,0.6439,0.7703,0.5452,24.4,618,6,0.8899,0,0.0,0
SYN-U-19325,48462.38,44563.86,0.7635,0.6557,0.2966,34.9,1125,5,0.9773,0,0.0,0
SYN-U-19326,24471.45,21676.79,0.6797,0.4783,0.7785,52.5,1016,1,0.6708,3,4.0,0
SYN-U-19327,33833.34,22384.49,0.8128,0.5813,0.4383,42.6,1547,1,0.9001,0,0.0,0
SYN-U-19328,23245.86,18837.64,0.2676,0.2555,0.5183,13.0,1452,5,0.8512,2,7.2,1
SYN-U-19329,148733.51,126192.59,0.7339,0.6793,0.2963,27.6,1507,4,0.9583,0,0.0,0
SYN-U-19330,67282.82,50051.13,0.838,0.74,0.4664,15.3,126,7,0.9848,2,0.2,0
SYN-U-19331,34808.77,31576.26,0.7867,0.5616,0.4451,55.6,2299,6,0.9289,0,0.0,0
SYN-U-19332,187220.21,168700.08,0.9152,0.6036,0.4683,63.4,1904,2,0.8928,0,0.0,0
SYN-U-19333,47746.0,31964.86,0.8892,0.8571,0.3701,26.8,2209,0,1.0,0,0.0,0
SYN-U-19334,16226.63,12200.92,0.7055,0.7101,0.3677,40.2,1400,1,0.8959,3,6.6,0
SYN-U-19335,15010.64,12779.1,0.4047,0.3116,0.6566,38.3,244,2,0.5754,0,0.0,0
SYN-U-19336,20027.79,16679.56,0.4504,0.2713,0.6556,30.2,2020,4,0.7983,1,10.3,1
SYN-U-19337,74483.67,52632.05,0.8492,0.6589,0.6387,15.6,688,1,0.9359,3,2.6,0
SYN-U-19338,66207.18,47967.89,0.972,0.6176,0.3979,34.7,2388,1,0.9374,1,0.6,0
SYN-U-19339,112468.99,84110.49,0.4143,0.4702,0.6841,27.8,1653,1,0.5367,1,14.2,1
SYN-U-19340,52322.11,48177.33,0.8236,0.673,0.1512,12.6,123,6,0.8972,0,0.0,0
SYN-U-19341,109732.61,90791.09,0.917,0.9128,0.1872,43.0,1905,1,0.9726,0,0.0,0
SYN-U-19342,16709.47,13267.1,0.6202,0.5252,0.5983,27.9,369,3,0.7017,1,7.6,0
SYN-U-19343,71394.3,52848.83,0.7189,0.5581,0.4061,52.7,1129,7,0.8856,0,0.0,0
SYN-U-19344,102152.33,76039.43,0.6365,0.4784,0.3624,9.7,2022,6,0.7622,1,2.9,0
SYN-U-19345,93914.55,74851.07,0.7564,0.7793,0.3625,44.8,70,5,0.9765,1,0.0,0
SYN-U-19346,97222.14,90009.1,0.8612,0.5941,0.241,59.4,412,4,0.9161,0,0.0,0
SYN-U-19347,14486.19,9419.34,0.8448,0.5503,0.251,6.7,115,2,0.9473,0,0.0,0
SYN-U-19348,16885.02,11354.35,0.8649,0.6632,0.4678,54.4,2049,6,0.993,0,0.0,0
SYN-U-19349,250143.82,178648.88,0.9541,0.8255,0.1873,34.0,822,3,0.9179,0,0.0,0
SYN-U-19350,165806.77,154167.44,0.9786,0.8031,0.3146,23.6,1452,2,0.9267,0,0.0,0
SYN-U-19351,91899.65,82973.59,0.5011,0.6068,0.4752,44.3,2333,5,0.8081,0,0.0,0
SYN-U-19352,148180.4,119094.16,0.8033,0.5202,0.6438,21.3,828,4,0.8716,3,4.7,0
SYN-U-19353,25636.03,19783.92,0.6884,0.6623,0.6133,55.3,2089,1,0.9609,1,4.8,0
SYN-U-19354,94819.94,75990.06,0.6032,0.4666,0.3961,56.0,1836,7,0.8317,0,0.0,0
SYN-U-19355,39517.54,34304.77,0.8043,0.8142,0.4783,27.8,1788,0,1.0,0,0.0,0
SYN-U-19356,15231.95,12055.44,0.2638,0.2683,0.8413,34.4,1057,4,0.6921,0,0.0,1
SYN-U-19357,53668.27,48776.6,0.7741,0.6976,0.2795,53.6,125,0,1.0,0,0.0,0
SYN-U-19358,40339.98,33359.33,0.6031,0.4276,0.5096,53.0,1633,1,0.8207,1,4.5,0
SYN-U-19359,41517.01,37860.25,0.7099,0.7388,0.3738,20.9,1545,6,0.7332,0,0.0,0
SYN-U-19360,87210.53,58329.42,0.7673,0.8562,0.4983,55.3,1823,0,1.0,0,0.0,0
SYN-U-19361,174278.69,140172.93,0.9772,0.8981,0.4066,14.5,1056,1,0.8909,0,0.0,0
SYN-U-19362,66643.91,43734.67,0.8638,0.7733,0.2903,34.6,211,7,0.8846,0,0.0,0
SYN-U-19363,15395.29,12649.17,0.3414,0.1862,0.4489,43.3,2403,7,0.8847,4,3.6,0
SYN-U-19364,58879.0,49203.6,0.7223,0.7629,0.2744,49.9,2285,0,1.0,0,0.0,0
SYN-U-19365,46884.33,43085.33,0.8324,0.6144,0.2612,5.6,218,6,0.8685,0,0.0,0
SYN-U-19366,97376.7,73251.54,0.6424,0.4317,0.6179,54.8,321,5,0.9363,0,0.0,0
SYN-U-19367,14041.63,11082.38,0.5047,0.4538,0.7788,11.5,1653,3,0.9445,4,13.4,1
SYN-U-19368,28924.6,28303.5,0.845,0.5752,0.568,44.0,148,5,0.7132,2,7.4,0
SYN-U-19369,61091.72,50537.03,0.6008,0.7118,0.4936,22.9,1108,5,0.7132,0,0.0,0
SYN-U-19370,20571.3,19797.26,0.2429,0.3359,0.6731,10.6,1273,5,0.5093,1,12.4,1
SYN-U-19371,162729.14,122390.91,0.8725,0.6641,0.4446,34.9,1593,4,0.9452,0,0.0,0
SYN-U-19372,31840.12,22324.31,0.8814,0.5794,0.461,47.4,1261,4,0.8769,0,0.0,0
SYN-U-19373,78278.63,73714.81,0.79,0.6321,0.2329,33.3,593,0,1.0,0,0.0,0
SYN-U-19374,119972.84,88775.57,0.9417,0.5517,0.4714,23.8,2178,2,0.8562,0,0.0,0
SYN-U-19375,61525.5,52035.09,0.7981,0.7642,0.214,58.1,1706,2,0.8755,0,0.0,0
SYN-U-19376,54403.47,37467.16,0.2626,0.2523,0.5037,7.4,673,2,0.724,0,0.0,0
SYN-U-19377,25326.08,22690.85,0.3224,0.2785,0.567,10.3,614,6,0.6064,1,11.5,1
SYN-U-19378,61438.67,50110.94,0.3359,0.4513,0.4387,41.3,666,3,0.7029,1,14.5,1
SYN-U-19379,35948.23,30215.5,0.7297,0.6007,0.2877,23.0,1217,3,0.7894,0,0.0,0
SYN-U-19380,34195.91,26642.03,0.79,0.4658,0.3218,8.5,1376,0,1.0,0,0.0,0
SYN-U-19381,42993.48,37836.58,0.9695,0.9138,0.4449,38.8,295,7,0.982,0,0.0,0
SYN-U-19382,44579.61,38835.24,0.8383,0.782,0.4584,34.5,1221,7,0.8549,0,0.0,0
SYN-U-19383,58003.15,42499.83,0.937,0.776,0.4167,53.8,1635,0,1.0,0,0.0,0
SYN-U-19384,29012.4,18982.66,0.7335,0.6351,0.496,58.3,1209,6,0.9622,1,0.2,0
SYN-U-19385,58232.93,51851.78,0.5778,0.7236,0.2732,30.5,51,3,0.8342,0,0.0,0
SYN-U-19386,19277.19,12751.83,0.34,0.5303,0.4174,42.8,46,7,0.9015,1,10.0,1
SYN-U-19387,59998.45,57211.11,0.9394,0.8858,0.1806,53.1,285,6,0.9727,1,2.1,0
SYN-U-19388,68268.85,65854.68,0.7062,0.7996,0.4099,51.0,617,6,0.9842,0,0.0,0
SYN-U-19389,79921.52,54361.64,0.7216,0.6152,0.4431,41.5,259,1,0.9935,1,2.8,0
SYN-U-19390,72972.9,64561.52,0.6391,0.5987,0.3588,60.8,1361,5,0.9013,2,7.6,0
SYN-U-19391,128200.84,99244.46,0.853,0.7057,0.4268,46.2,203,0,1.0,0,0.0,0
SYN-U-19392,175732.41,149667.02,0.876,0.6102,0.4795,23.7,111,1,0.8566,0,0.0,0
SYN-U-19393,48620.26,38642.22,0.8245,0.8432,0.2078,51.9,508,5,0.9954,1,1.2,0
SYN-U-19394,41769.88,34666.84,0.5925,0.4292,0.6389,37.4,917,7,0.7167,1,2.7,0
SYN-U-19395,92011.98,71846.69,0.7814,0.7907,0.3303,57.3,2084,6,0.868,0,0.0,0
SYN-U-19396,59535.13,53489.62,0.629,0.5246,0.5714,25.4,1354,2,0.8495,0,0.0,0
SYN-U-19397,137465.02,111559.96,0.7467,0.7038,0.2794,5.5,1793,7,0.7045,0,0.0,0
SYN-U-19398,53676.86,41567.95,0.7575,0.9016,0.3838,46.7,698,2,0.8611,0,0.0,0
SYN-U-19399,49878.61,33276.48,0.949,0.9112,0.3328,40.2,948,7,0.9681,0,0.0,0
SYN-U-19400,23105.48,15564.32,0.6035,0.5494,0.5119,6.2,2143,0,1.0,0,0.0,0
SYN-U-19401,79787.84,68093.87,0.9041,0.6992,0.2725,30.9,741,1,0.916,0,0.0,0
SYN-U-19402,30069.31,22597.69,0.717,0.8366,0.3469,29.9,217,0,1.0,0,0.0,0
SYN-U-19403,49509.59,47641.83,0.9419,0.8851,0.295,41.1,2401,0,1.0,0,0.0,0
SYN-U-19404,142868.86,127443.88,0.9323,0.5748,0.2983,32.9,1500,2,0.9424,0,0.0,0
SYN-U-19405,13433.17,10234.94,0.2962,0.3076,0.7432,59.4,2320,2,0.8729,2,17.6,1
SYN-U-19406,48766.51,46858.5,0.9236,0.857,0.4319,60.0,1356,5,0.8733,1,1.9,0
SYN-U-19407,27119.08,19030.11,0.5029,0.4646,0.4884,64.2,1394,2,0.8241,0,0.0,0
SYN-U-19408,56092.3,53780.37,0.5382,0.4141,0.3603,43.3,1413,0,1.0,0,0.0,0
SYN-U-19409,32810.84,27867.92,0.7296,0.6356,0.1674,56.9,576,1,0.8587,0,0.0,0
SYN-U-19410,142191.26,116615.47,0.86,0.8695,0.3947,53.9,1373,2,0.9957,1,1.0,0
SYN-U-19411,46555.98,39812.78,0.9704,0.8142,0.3449,49.9,77,4,0.9524,1,2.4,0
SYN-U-19412,118543.9,80938.07,0.7289,0.6134,0.3859,16.4,874,2,0.9841,1,0.3,0
SYN-U-19413,59526.68,45060.92,0.7589,0.4188,0.405,30.5,346,6,0.7276,0,0.0,0
SYN-U-19414,129031.55,111609.46,0.3152,0.2978,0.6456,52.0,1902,7,0.6924,0,0.0,0
SYN-U-19415,31210.04,27486.61,0.8487,0.5761,0.238,6.9,2196,5,0.8722,0,0.0,0
SYN-U-19416,72352.76,52745.21,0.7066,0.6288,0.8258,58.8,521,1,0.781,1,8.3,0
SYN-U-19417,56622.06,40398.39,0.7743,0.7303,0.1501,11.1,1269,0,1.0,0,0.0,0
SYN-U-19418,35682.56,28624.36,0.726,0.6012,0.3408,23.0,2062,1,0.9602,1,1.1,0
SYN-U-19419,62162.69,51049.04,0.5713,0.5008,0.2515,13.6,266,0,1.0,0,0.0,0
SYN-U-19420,87795.73,61873.12,0.5658,0.4294,0.4373,42.9,1554,6,0.7148,1,2.3,0
SYN-U-19421,49068.94,34415.82,0.5738,0.5761,0.4146,42.6,1890,0,1.0,0,0.0,0
SYN-U-19422,91046.01,83426.0,0.5836,0.5629,0.309,64.3,1050,2,0.8978,0,0.0,0
SYN-U-19423,134708.27,100655.13,0.6658,0.4143,0.42,28.5,2324,0,1.0,0,0.0,0
SYN-U-19424,44138.61,39501.33,0.9202,0.659,0.3576,12.1,1177,2,0.9381,0,0.0,0
SYN-U-19425,36254.85,33059.84,0.8435,0.9117,0.4513,13.8,1570,0,1.0,0,0.0,0
SYN-U-19426,75687.71,54757.37,0.7051,0.573,0.4666,35.7,2182,6,0.8574,0,0.0,0
SYN-U-19427,20241.34,19269.03,0.7266,0.7007,0.239,55.9,1218,3,0.9614,0,0.0,0
SYN-U-19428,100558.82,83082.41,0.7496,0.6734,0.5661,11.9,602,0,1.0,0,0.0,0
SYN-U-19429,14543.8,11374.94,0.2277,0.2474,0.6966,10.1,1200,7,0.5703,0,0.0,1
SYN-U-19430,49012.51,35258.33,0.7934,0.6242,0.4698,44.9,374,5,0.8644,2,1.7,0
SYN-U-19431,140081.94,103593.09,0.9219,0.8647,0.453,19.0,809,4,0.8794,1,1.1,0
SYN-U-19432,55563.63,52638.56,0.7958,0.8765,0.4634,9.9,2358,7,0.9268,1,0.2,0
SYN-U-19433,40798.02,27540.12,0.8292,0.9062,0.4066,37.1,1730,5,0.9324,0,0.0,0
SYN-U-19434,27157.62,21787.03,0.9283,0.7846,0.3139,19.1,507,5,0.9524,0,0.0,0
SYN-U-19435,71816.62,69718.3,0.8257,0.5893,0.2763,10.8,1761,4,0.9306,1,1.9,0
SYN-U-19436,66779.65,63614.14,0.595,0.2934,0.4957,55.0,536,2,0.64,0,0.0,0
SYN-U-19437,19666.78,17371.76,0.4599,0.3423,0.5225,54.7,2147,4,0.9265,0,0.0,0
SYN-U-19438,76440.77,65891.32,0.6913,0.6015,0.2835,7.1,2443,0,1.0,0,0.0,0
SYN-U-19439,52816.17,41759.88,0.5143,0.3382,0.6018,11.9,1457,2,0.7008,0,0.0,0
SYN-U-19440,54838.56,42904.22,0.7878,0.6008,0.5801,64.9,290,3,0.8855,1,5.8,0
SYN-U-19441,128410.66,107337.95,0.8573,0.7513,0.1972,28.5,387,4,0.997,0,0.0,0
SYN-U-19442,194248.0,149297.64,0.8621,0.6247,0.3056,5.8,672,7,0.9767,0,0.0,0
SYN-U-19443,92606.42,68949.65,0.6871,0.214,0.5472,51.0,1079,7,0.5175,0,0.0,0
SYN-U-19444,56922.52,37745.26,0.5669,0.1842,0.5899,53.2,251,1,0.7962,0,0.0,0
SYN-U-19445,48305.55,32679.77,0.9347,0.8573,0.1678,25.9,2299,1,0.9062,0,0.0,0
SYN-U-19446,55908.24,42469.8,0.5389,0.4851,0.5269,45.0,2170,6,0.8972,1,3.9,0
SYN-U-19447,57472.7,50654.59,0.4409,0.1559,0.6935,48.8,1076,6,0.7341,1,13.7,1
SYN-U-19448,33512.19,23457.72,0.8799,0.7207,0.3109,24.1,1553,0,1.0,0,0.0,0
SYN-U-19449,58320.17,53375.71,0.7824,0.6484,0.464,28.5,488,0,1.0,0,0.0,0
SYN-U-19450,138026.29,110408.64,0.5564,0.628,0.5268,46.8,1000,3,0.9664,2,2.6,0
SYN-U-19451,51101.6,44976.38,0.8592,0.5512,0.3599,29.0,1136,3,0.8547,0,0.0,0
SYN-U-19452,61929.52,60574.22,0.5345,0.4647,0.2615,56.5,1507,0,1.0,0,0.0,0
SYN-U-19453,48302.69,38245.58,0.7218,0.7642,0.2905,50.3,1000,7,0.8041,0,0.0,0
SYN-U-19454,64869.71,49002.31,0.8401,0.6267,0.5325,50.0,2202,1,0.809,0,0.0,0
SYN-U-19455,40696.81,34891.44,0.5979,0.6411,0.4597,19.2,2271,7,0.8253,0,0.0,0
SYN-U-19456,39074.89,32180.24,0.9113,0.5662,0.4853,24.9,1268,6,0.8855,1,2.5,0
SYN-U-19457,69110.15,55163.42,0.7144,0.8519,0.2055,13.8,1045,1,0.9554,0,0.0,0
SYN-U-19458,105087.7,81407.72,0.7788,0.6063,0.419,41.6,435,6,0.9396,0,0.0,0
SYN-U-19459,45785.01,32968.32,0.8155,0.6554,0.1757,28.5,163,7,0.8837,1,0.7,0
SYN-U-19460,36337.68,25361.92,0.8375,0.6506,0.3187,9.5,2193,7,0.9375,1,1.3,0
SYN-U-19461,92121.95,63618.67,0.6698,0.6419,0.3962,59.7,1697,1,0.9652,1,2.7,0
SYN-U-19462,14100.04,9500.86,0.242,0.6365,0.8251,57.8,1212,6,0.9438,1,12.0,1
SYN-U-19463,27499.17,21661.19,0.8056,0.7158,0.194,36.5,1503,6,0.8997,0,0.0,0
SYN-U-19464,16719.77,15959.35,0.8984,0.8514,0.1809,8.7,1518,5,0.9684,0,0.0,0
SYN-U-19465,14739.62,11358.87,0.5815,0.4382,0.5201,63.1,971,0,1.0,0,0.0,0
SYN-U-19466,35336.03,25024.74,0.5544,0.2932,0.5897,10.6,283,6,0.6226,0,0.0,0
SYN-U-19467,61374.14,41402.22,0.7418,0.7899,0.352,41.5,1453,6,0.8916,0,0.0,0
SYN-U-19468,77398.07,59778.68,0.8408,0.7744,0.3308,51.2,1406,3,0.9244,0,0.0,0
SYN-U-19469,61232.02,42441.09,0.7731,0.4514,0.439,30.6,327,5,0.9346,1,5.9,0
SYN-U-19470,69689.44,64923.66,0.7967,0.5968,0.3563,17.9,1266,3,0.8953,0,0.0,0
SYN-U-19471,20069.23,16859.1,0.3482,0.2234,0.644,56.0,2036,6,0.6381,2,5.9,1
SYN-U-19472,15549.94,10749.57,0.8379,0.7394,0.5073,51.7,857,0,1.0,0,0.0,0
SYN-U-19473,53182.46,51443.34,0.8003,0.6642,0.3223,7.7,508,0,1.0,0,0.0,0
SYN-U-19474,34425.31,27192.96,0.7322,0.6543,0.2028,60.5,448,5,0.9056,1,0.8,0
SYN-U-19475,85034.08,77066.68,0.7745,0.9188,0.3982,53.6,1814,7,0.925,0,0.0,0
SYN-U-19476,16817.45,14138.3,0.5687,0.5717,0.6957,60.7,2096,0,1.0,0,0.0,0
SYN-U-19477,31599.08,28077.51,0.9068,0.8445,0.3159,49.0,150,6,0.9198,1,0.6,0
SYN-U-19478,142947.81,124116.65,0.9718,0.7728,0.356,47.7,2006,6,0.8854,0,0.0,0
SYN-U-19479,16001.11,15395.18,0.4059,0.4403,0.8538,15.5,2470,2,0.9161,2,5.7,0
SYN-U-19480,125239.1,101989.01,0.8034,0.6346,0.3909,39.8,787,1,0.7799,2,3.4,0
SYN-U-19481,95750.08,84732.73,0.7891,0.7953,0.3503,31.2,1884,1,0.904,0,0.0,0
SYN-U-19482,55865.26,38360.58,0.977,0.7435,0.2364,11.7,259,3,0.8704,1,2.1,0
SYN-U-19483,54690.18,37615.99,0.8403,0.7024,0.4311,42.9,1855,7,0.9345,0,0.0,0
SYN-U-19484,98449.43,94801.96,0.9773,0.8879,0.4967,53.8,2499,7,0.8559,0,0.0,0
SYN-U-19485,14586.31,11171.51,0.674,0.7873,0.2876,44.7,626,7,0.7701,0,0.0,0
SYN-U-19486,61971.73,43919.04,0.8043,0.8913,0.3925,17.6,797,3,0.8689,1,2.7,0
SYN-U-19487,24714.21,17138.39,0.415,0.2877,0.7949,22.9,670,1,0.6529,0,0.0,1
SYN-U-19488,133462.35,112282.52,0.5663,0.7782,0.2828,41.2,401,6,0.9434,3,4.2,0
SYN-U-19489,41365.49,39078.42,0.8572,0.5912,0.2558,17.0,146,5,0.8591,0,0.0,0
SYN-U-19490,66931.02,63568.73,0.8132,0.7201,0.1717,22.2,1132,1,0.9604,0,0.0,0
SYN-U-19491,37573.31,27236.95,0.9522,0.8962,0.151,27.4,2330,5,0.8791,1,2.3,0
SYN-U-19492,72335.17,55841.76,0.6092,0.7881,0.2872,61.0,558,2,0.7287,0,0.0,0
SYN-U-19493,49140.39,47929.54,0.7831,0.7258,0.4676,30.6,236,3,0.8586,0,0.0,0
SYN-U-19494,75604.83,62870.64,0.7825,0.8555,0.2563,28.8,1586,5,0.9554,2,2.9,0
SYN-U-19495,38741.23,35709.24,0.8664,0.8239,0.1781,6.5,1130,2,0.8922,0,0.0,0
SYN-U-19496,43738.13,29231.51,0.7336,0.8301,0.3421,32.9,2421,6,0.9386,0,0.0,0
SYN-U-19497,28168.39,18724.23,0.7505,0.5627,0.2337,21.4,904,1,0.889,1,1.7,0
SYN-U-19498,62447.75,48358.84,0.7411,0.638,0.3874,18.1,80,3,0.9575,0,0.0,0
SYN-U-19499,83488.93,56539.16,0.6259,0.7561,0.3127,46.0,445,4,0.7943,0,0.0,0
SYN-U-19500,115380.62,76784.22,0.536,0.7776,0.3618,44.3,493,6,0.7853,0,0.0,0
SYN-U-19501,30004.86,24922.44,0.9061,0.7848,0.274,58.2,154,5,0.9908,0,0.0,0
SYN-U-19502,120886.76,89069.98,0.8931,0.9011,0.3283,8.6,781,4,0.9264,0,0.0,0
SYN-U-19503,34517.03,31883.31,0.7151,0.7238,0.233,9.6,212,7,0.9859,0,0.0,0
SYN-U-19504,97748.91,93446.05,0.8816,0.734,0.1671,5.5,2097,3,0.8955,1,2.7,0
SYN-U-19505,102259.41,85378.86,0.643,0.4063,0.4256,56.8,2147,5,0.7847,0,0.0,0
SYN-U-19506,35003.51,22787.92,0.6369,0.3741,0.5528,35.3,2283,3,0.5255,3,14.7,1
SYN-U-19507,52578.99,40714.71,0.8921,0.623,0.2917,39.1,644,3,0.9092,0,0.0,0
SYN-U-19508,199083.02,132019.72,0.7059,0.8539,0.1741,44.8,2222,6,0.9864,1,0.9,0
SYN-U-19509,24407.19,17501.66,0.2882,0.601,0.6743,63.0,1841,4,0.7089,3,14.9,1
SYN-U-19510,54198.44,47762.26,0.2446,0.195,0.6505,9.8,1598,5,0.6231,0,0.0,1
SYN-U-19511,35070.78,31612.97,0.3908,0.602,0.4103,34.6,1300,6,0.6735,4,11.6,0
SYN-U-19512,50468.82,40403.14,0.7137,0.6139,0.4293,46.0,1667,4,0.9585,0,0.0,0
SYN-U-19513,105305.69,79758.31,0.7665,0.7356,0.6268,31.1,662,7,0.7531,0,0.0,0
SYN-U-19514,27984.02,21275.19,0.8103,0.733,0.4214,54.6,1401,6,0.8717,2,7.3,0
SYN-U-19515,85966.94,66496.99,0.9178,0.6387,0.4238,5.1,1047,6,0.9006,0,0.0,0
SYN-U-19516,85794.44,69376.96,0.808,0.5988,0.397,34.2,1909,0,1.0,0,0.0,0
SYN-U-19517,17057.54,13691.84,0.2876,0.5945,0.4916,14.5,243,4,0.8371,1,3.4,0
SYN-U-19518,42062.43,28205.21,0.6469,0.5222,0.4886,36.6,1160,1,0.8898,2,3.3,0
SYN-U-19519,15361.44,11905.57,0.3179,0.5809,0.4595,10.8,1672,7,0.8653,2,12.7,1
SYN-U-19520,40914.98,28061.47,0.8857,0.8227,0.3276,32.3,2377,5,0.9751,0,0.0,0
SYN-U-19521,15902.78,13336.79,0.8777,0.6067,0.166,30.8,2305,1,0.967,0,0.0,0
SYN-U-19522,14533.32,11093.37,0.8394,0.5541,0.1518,22.2,2115,4,0.8777,0,0.0,0
SYN-U-19523,47903.55,46230.71,0.8996,0.6403,0.4014,12.9,2032,1,0.9928,0,0.0,0
SYN-U-19524,64580.67,49834.67,0.8159,0.6206,0.3989,28.3,371,3,0.958,0,0.0,0
SYN-U-19525,40104.12,31757.46,0.9228,0.7673,0.2989,45.1,1282,3,0.9913,2,2.1,0
SYN-U-19526,20134.48,15635.81,0.5388,0.5028,0.7975,7.5,1179,5,0.9184,0,0.0,0
SYN-U-19527,34094.57,25927.81,0.7285,0.7487,0.3424,26.1,1430,4,0.9562,0,0.0,0
SYN-U-19528,184828.81,149281.35,0.7031,0.8326,0.4957,40.3,1016,5,0.909,0,0.0,0
SYN-U-19529,144614.41,116449.99,0.942,0.5988,0.2428,40.3,858,7,0.8605,0,0.0,0
SYN-U-19530,42150.31,29921.99,0.7713,0.6543,0.4452,11.9,641,0,1.0,0,0.0,0
SYN-U-19531,15994.43,14601.67,0.4316,0.2432,0.7159,27.6,1992,6,0.5689,1,8.0,1
SYN-U-19532,131701.52,102071.65,0.7972,0.9178,0.4945,20.1,1604,5,0.9279,0,0.0,0
SYN-U-19533,72365.03,59299.01,0.7733,0.7304,0.6493,29.5,445,6,0.7006,3,4.1,0
SYN-U-19534,37159.03,33689.22,0.6782,0.5785,0.6408,47.0,1071,3,0.9282,4,3.8,0
SYN-U-19535,38654.17,27587.11,0.8281,0.6516,0.2586,63.1,748,4,0.9733,1,2.6,0
SYN-U-19536,37656.11,28666.29,0.8153,0.809,0.3696,35.5,503,6,0.989,1,2.9,0
SYN-U-19537,145553.59,117262.55,0.975,0.7267,0.2155,26.5,364,3,0.9639,0,0.0,0
SYN-U-19538,59233.49,43966.16,0.8953,0.606,0.2147,23.9,1634,0,1.0,0,0.0,0
SYN-U-19539,17148.56,11700.04,0.3879,0.3287,0.6358,51.9,2109,0,1.0,0,0.0,0
SYN-U-19540,40117.78,27030.11,0.848,0.784,0.2188,7.4,302,2,0.8513,0,0.0,0
SYN-U-19541,37569.97,34914.19,0.752,0.6719,0.1866,54.1,972,6,0.8585,0,0.0,0
SYN-U-19542,48284.45,32456.04,0.8209,0.8608,0.3648,16.4,995,5,0.9366,1,2.5,0
SYN-U-19543,17907.3,17328.19,0.2438,0.5421,0.6082,22.8,856,3,0.514,0,0.0,0
SYN-U-19544,38510.9,28554.53,0.7394,0.8866,0.2094,62.5,202,0,1.0,0,0.0,0
SYN-U-19545,135674.2,127624.23,0.8285,0.908,0.4912,10.9,900,0,1.0,0,0.0,0
SYN-U-19546,50752.28,44694.11,0.8465,0.5456,0.6452,20.5,1314,5,0.9027,2,3.4,0
SYN-U-19547,66030.52,60811.13,0.8107,0.6396,0.6421,41.4,1516,3,0.7542,1,6.9,0
SYN-U-19548,15976.4,11006.77,0.5805,0.4338,0.7923,46.8,2040,1,0.5945,0,0.0,0
SYN-U-19549,54314.76,49467.54,0.9538,0.8948,0.3233,8.3,1176,3,0.9434,0,0.0,0
SYN-U-19550,150824.28,116928.7,0.8618,0.6364,0.3019,17.1,1161,4,0.8873,0,0.0,0
SYN-U-19551,118143.82,83005.08,0.7719,0.7122,0.2512,7.7,287,3,0.9776,0,0.0,0
SYN-U-19552,38045.46,32386.12,0.9115,0.7208,0.4906,44.8,176,7,0.8988,1,0.8,0
SYN-U-19553,64371.02,49867.24,0.8855,0.7609,0.2515,53.2,2299,5,0.9916,0,0.0,0
SYN-U-19554,39269.03,33763.96,0.5839,0.618,0.2612,43.8,130,7,0.8224,0,0.0,0
SYN-U-19555,52434.52,35383.54,0.333,0.4527,0.7765,9.2,1394,3,0.8917,2,14.9,1
SYN-U-19556,56912.24,50308.92,0.6604,0.3216,0.8626,29.9,1893,3,0.8442,1,14.4,1
SYN-U-19557,69775.04,67666.04,0.9408,0.9026,0.4154,63.1,1398,3,0.8577,0,0.0,0
SYN-U-19558,206495.73,194326.68,0.8255,0.5642,0.2782,45.4,1703,5,0.9286,0,0.0,0
SYN-U-19559,46847.82,32344.79,0.8199,0.686,0.2264,44.7,1939,2,0.8954,0,0.0,0
SYN-U-19560,84727.52,56248.24,0.8604,0.6407,0.4218,46.0,1131,1,0.9818,0,0.0,0
SYN-U-19561,56573.3,51448.58,0.7229,0.7989,0.3992,63.9,967,3,0.9257,1,2.0,0
SYN-U-19562,156828.68,109067.08,0.902,0.6966,0.1905,36.8,1460,1,0.8907,0,0.0,0
SYN-U-19563,105255.93,74104.24,0.9039,0.7507,0.2794,5.6,1345,4,0.9538,0,0.0,0
SYN-U-19564,37599.66,34437.3,0.8705,0.8124,0.3378,45.9,2400,3,0.8948,0,0.0,0
SYN-U-19565,30620.92,23724.72,0.3979,0.5968,0.5258,17.8,146,7,0.8401,0,0.0,0
SYN-U-19566,27437.74,23908.69,0.9362,0.5955,0.3633,57.4,1456,5,0.8827,0,0.0,0
SYN-U-19567,96955.13,63535.56,0.5576,0.7208,0.3107,57.7,1004,4,0.9486,1,5.3,0
SYN-U-19568,22830.11,19059.13,0.5617,0.2597,0.7723,13.2,721,6,0.771,1,8.7,1
SYN-U-19569,44052.47,35596.68,0.5275,0.7079,0.5472,55.6,343,4,0.8089,2,3.5,0
SYN-U-19570,250773.75,196858.63,0.7386,0.6696,0.2899,15.1,2467,6,0.9496,0,0.0,0
SYN-U-19571,64518.3,42329.48,0.3101,0.3963,0.5965,48.4,1933,1,0.8202,4,14.4,1
SYN-U-19572,46821.57,35347.51,0.91,0.5889,0.2725,17.9,42,1,0.9134,0,0.0,0
SYN-U-19573,34961.49,26202.51,0.5297,0.4535,0.5719,20.9,197,0,1.0,0,0.0,0
SYN-U-19574,69175.54,50735.22,0.7059,0.6749,0.4027,47.0,1392,0,1.0,0,0.0,0
SYN-U-19575,60992.82,46184.89,0.6452,0.7971,0.5206,24.6,1169,3,0.8416,0,0.0,0
SYN-U-19576,69577.54,67374.64,0.7279,0.8667,0.3392,30.1,1318,4,0.9664,0,0.0,0
SYN-U-19577,37202.89,28757.12,0.9177,0.6957,0.3291,12.6,2268,5,0.8639,0,0.0,0
SYN-U-19578,22669.81,15758.22,0.5158,0.1662,0.5966,40.5,464,1,0.9285,0,0.0,0
SYN-U-19579,16336.93,14896.13,0.4999,0.1746,0.5912,36.9,184,3,0.5866,0,0.0,0
SYN-U-19580,99894.73,67686.39,0.7588,0.7522,0.3025,43.6,1092,5,0.9183,0,0.0,0
SYN-U-19581,95501.44,81206.86,0.8068,0.5804,0.2926,6.9,2384,3,0.7777,0,0.0,0
SYN-U-19582,25782.41,23771.49,0.9732,0.8162,0.2323,53.9,2358,4,0.974,0,0.0,0
SYN-U-19583,183451.2,157684.19,0.8478,0.8496,0.3365,41.2,1138,6,0.8572,0,0.0,0
SYN-U-19584,56976.69,52421.23,0.6768,0.5098,0.4355,42.3,2472,3,0.8269,2,9.0,0
SYN-U-19585,16699.81,16302.54,0.5933,0.5561,0.7801,20.1,1763,2,0.6887,1,14.2,1
SYN-U-19586,73416.83,53921.8,0.6029,0.5003,0.5883,34.7,1592,1,0.7799,0,0.0,0
SYN-U-19587,19115.38,15876.23,0.2839,0.48,0.8753,30.9,2181,0,1.0,0,0.0,0
SYN-U-19588,55791.36,36752.91,0.7173,0.575,0.1847,55.6,1119,4,0.957,1,2.1,0
SYN-U-19589,39162.12,34035.24,0.9213,0.587,0.2068,41.8,428,3,0.9784,1,1.2,0
SYN-U-19590,16630.47,14793.85,0.4069,0.5561,0.8069,5.6,720,0,1.0,0,0.0,0
SYN-U-19591,39660.54,29012.3,0.7119,0.8329,0.2655,43.3,1299,1,0.9347,0,0.0,0
SYN-U-19592,63012.54,44586.12,0.762,0.7379,0.2191,27.3,1253,2,0.9962,0,0.0,0
SYN-U-19593,77556.46,64963.47,0.3516,0.2969,0.5658,12.6,1648,1,0.6205,0,0.0,1
SYN-U-19594,43759.05,36604.03,0.2637,0.2552,0.7046,40.1,181,2,0.6919,2,14.1,1
SYN-U-19595,37018.73,29401.71,0.4247,0.2806,0.5307,26.1,2263,6,0.9016,4,16.6,1
SYN-U-19596,117765.86,96527.5,0.788,0.7858,0.1687,12.0,1839,2,0.89,0,0.0,0
SYN-U-19597,97640.95,74905.08,0.654,0.6878,0.5349,30.1,1965,7,0.9052,0,0.0,0
SYN-U-19598,43212.3,31681.8,0.8104,0.7199,0.3166,35.1,1472,3,0.8805,0,0.0,0
SYN-U-19599,59801.6,43630.93,0.7726,0.7612,0.25,16.7,494,3,0.9397,1,2.7,0
SYN-U-19600,60390.58,44526.17,0.5903,0.4184,0.6067,53.9,940,1,0.803,3,5.1,0
SYN-U-19601,47679.79,45544.9,0.9228,0.7379,0.1771,59.2,929,5,0.9675,0,0.0,0
SYN-U-19602,41353.47,38881.93,0.8491,0.801,0.4698,16.6,97,1,0.8969,0,0.0,0
SYN-U-19603,163468.64,137735.47,0.3091,0.5759,0.7159,28.2,2278,2,0.9098,3,9.9,1
SYN-U-19604,41068.47,36862.74,0.8249,0.6243,0.2471,40.8,576,5,0.9531,0,0.0,0
SYN-U-19605,22436.36,17255.67,0.7186,0.7818,0.3062,9.0,933,5,0.9774,0,0.0,0
SYN-U-19606,75366.57,69422.33,0.8109,0.8362,0.4396,15.9,1613,0,1.0,0,0.0,0
SYN-U-19607,39581.95,33642.8,0.6009,0.638,0.8586,23.7,1086,3,0.933,0,0.0,0
SYN-U-19608,74467.0,63139.03,0.7956,0.6726,0.3451,46.6,323,4,0.8549,1,1.5,0
SYN-U-19609,54294.0,46038.71,0.7579,0.7998,0.4946,17.7,2157,0,1.0,0,0.0,0
SYN-U-19610,21707.62,17336.25,0.3072,0.5791,0.7994,34.4,2184,5,0.8003,0,0.0,0
SYN-U-19611,19618.28,17482.89,0.9777,0.8401,0.3774,45.6,598,7,0.9101,0,0.0,0
SYN-U-19612,45674.84,38732.81,0.7377,0.7931,0.4843,19.7,2387,1,0.9901,0,0.0,0
SYN-U-19613,96792.87,63993.95,0.8287,0.7889,0.4728,47.1,1342,6,0.9699,2,0.5,0
SYN-U-19614,79989.16,59692.01,0.9508,0.6052,0.254,37.0,1914,5,0.9046,0,0.0,0
SYN-U-19615,54224.5,39697.45,0.7227,0.7461,0.291,40.2,1610,7,0.9993,0,0.0,0
SYN-U-19616,106001.12,98875.27,0.8383,0.7052,0.2801,41.9,2281,6,0.9748,0,0.0,0
SYN-U-19617,59311.01,41615.54,0.7675,0.6335,0.2277,49.1,1979,6,0.8794,0,0.0,0
SYN-U-19618,32106.11,22976.91,0.9716,0.6331,0.2271,29.2,120,7,0.9539,2,0.8,0
SYN-U-19619,64424.73,54480.23,0.8285,0.5852,0.5535,40.0,153,7,0.7346,2,6.8,0
SYN-U-19620,64028.89,42596.34,0.8038,0.6834,0.4911,7.7,399,1,0.9417,0,0.0,0
SYN-U-19621,50745.44,46170.53,0.7852,0.8843,0.495,24.9,1956,0,1.0,0,0.0,0
SYN-U-19622,116347.34,99293.47,0.7755,0.9153,0.4926,41.2,802,6,0.9804,2,1.2,0
SYN-U-19623,112824.23,85121.77,0.7566,0.8983,0.217,32.5,741,4,0.8986,0,0.0,0
SYN-U-19624,170314.75,121199.07,0.8905,0.7023,0.2536,28.9,704,4,0.9563,1,1.9,0
SYN-U-19625,115639.39,83105.33,0.742,0.7333,0.4967,39.5,2193,3,0.8895,0,0.0,0
SYN-U-19626,50936.36,41572.43,0.9137,0.8577,0.1942,15.4,1086,6,0.9277,0,0.0,0
SYN-U-19627,17618.49,12174.83,0.814,0.4208,0.3701,14.9,740,1,0.9768,0,0.0,0
SYN-U-19628,27150.45,21415.07,0.5821,0.494,0.7464,8.1,1789,4,0.7627,3,6.2,0
SYN-U-19629,24120.68,18274.74,0.7497,0.643,0.2756,29.5,1549,7,0.9288,1,0.7,0
SYN-U-19630,55009.82,41523.55,0.8948,0.5997,0.3969,42.9,1012,7,0.8825,0,0.0,0
SYN-U-19631,18654.44,14710.67,0.6737,0.6142,0.7076,17.8,1930,1,0.8531,4,10.3,0
SYN-U-19632,32562.93,24763.77,0.9401,0.8099,0.3372,15.2,729,0,1.0,0,0.0,0
SYN-U-19633,66592.21,64329.72,0.8529,0.5995,0.4239,14.3,660,4,0.9528,0,0.0,0
SYN-U-19634,30716.73,22866.32,0.8154,0.8131,0.2864,6.8,66,1,0.854,0,0.0,0
SYN-U-19635,21919.02,21200.52,0.5636,0.309,0.475,50.2,538,6,0.6968,2,5.1,0
SYN-U-19636,96631.27,85624.26,0.924,0.8991,0.2148,60.3,1194,6,0.937,0,0.0,0
SYN-U-19637,64882.51,55951.0,0.9188,0.6758,0.1629,46.8,477,5,0.9305,1,0.4,0
SYN-U-19638,70456.7,50002.85,0.5458,0.4882,0.6011,37.5,2282,7,0.7512,0,0.0,0
SYN-U-19639,80733.3,60998.85,0.8673,0.7428,0.3292,64.2,1450,3,0.9613,0,0.0,0
SYN-U-19640,37689.91,33359.17,0.8142,0.8394,0.1789,15.5,252,4,0.9565,0,0.0,0
SYN-U-19641,38638.11,32187.5,0.6633,0.6078,0.5265,41.8,164,7,0.803,0,0.0,0
SYN-U-19642,114303.05,85674.47,0.974,0.7153,0.4304,53.7,1513,3,0.8886,0,0.0,0
SYN-U-19643,42357.44,32898.08,0.7901,0.6493,0.4716,63.7,377,6,0.9565,0,0.0,0
SYN-U-19644,56093.34,53269.1,0.7131,0.8743,0.3521,13.0,1293,5,0.8502,0,0.0,0
SYN-U-19645,36583.95,27156.97,0.781,0.8356,0.4297,47.1,2439,0,1.0,0,0.0,0
SYN-U-19646,63465.46,61696.82,0.7497,0.6742,0.4438,25.5,1923,7,0.9588,0,0.0,0
SYN-U-19647,42291.71,31236.93,0.6696,0.4662,0.683,11.5,337,2,0.8605,1,8.8,0
SYN-U-19648,41878.19,32531.13,0.9436,0.8702,0.3226,48.0,1149,1,0.9953,1,1.8,0
SYN-U-19649,42691.2,34045.29,0.7665,0.6967,0.1941,55.3,846,1,0.853,0,0.0,0
SYN-U-19650,34799.3,27687.2,0.8218,0.8921,0.2212,51.7,1231,5,0.9469,0,0.0,0
SYN-U-19651,67930.59,65243.29,0.8895,0.6009,0.1761,15.6,1108,2,0.9147,0,0.0,0
SYN-U-19652,33891.84,26898.68,0.646,0.5006,0.6487,45.4,1771,4,0.8207,1,6.0,0
SYN-U-19653,30579.07,29194.0,0.7806,0.6378,0.1647,24.1,1527,7,0.9214,2,2.9,0
SYN-U-19654,69927.82,53281.62,0.8705,0.8693,0.4174,61.7,1903,4,0.9966,0,0.0,0
SYN-U-19655,130666.77,105314.02,0.9413,0.5531,0.4888,33.3,2119,4,0.9518,1,1.2,0
SYN-U-19656,187596.68,183646.58,0.5712,0.5805,0.2613,64.8,1623,1,0.8496,0,0.0,0
SYN-U-19657,44354.1,40963.05,0.7821,0.5551,0.4729,25.8,1178,7,0.8822,1,2.4,0
SYN-U-19658,112684.11,101873.34,0.9197,0.9082,0.2376,24.9,563,0,1.0,0,0.0,0
SYN-U-19659,26425.74,22249.56,0.721,0.4506,0.4219,55.0,927,4,0.5369,2,10.0,0
SYN-U-19660,81506.21,74066.49,0.8583,0.647,0.3463,64.5,1549,7,0.9872,0,0.0,0
SYN-U-19661,85984.62,74673.96,0.6823,0.4097,0.4794,52.8,349,1,0.9405,0,0.0,0
SYN-U-19662,33740.24,22935.13,0.7005,0.601,0.1616,47.6,1500,0,1.0,0,0.0,0
SYN-U-19663,41115.97,31198.57,0.8849,0.7548,0.3264,21.1,1365,3,0.8705,0,0.0,0
SYN-U-19664,89450.41,69806.69,0.7735,0.7775,0.2094,45.8,825,2,0.933,0,0.0,0
SYN-U-19665,244911.05,233315.71,0.7361,0.5684,0.309,58.5,238,7,0.898,1,2.3,0
SYN-U-19666,29220.28,25724.78,0.2629,0.4452,0.4,23.8,863,5,0.8821,2,16.4,1
SYN-U-19667,19397.64,15116.21,0.8496,0.446,0.5944,37.7,1277,0,1.0,0,0.0,0
SYN-U-19668,61964.54,56152.88,0.8293,0.7683,0.4134,40.1,533,1,0.7978,1,6.5,0
SYN-U-19669,53762.17,45757.66,0.7261,0.4926,0.4564,55.5,1113,1,0.8176,0,0.0,0
SYN-U-19670,31420.1,24037.7,0.7185,0.8774,0.1762,28.9,2388,3,0.8739,1,2.2,0
SYN-U-19671,100217.83,77662.96,0.3593,0.3695,0.6568,27.0,1376,2,0.8193,0,0.0,0
SYN-U-19672,46186.45,42324.87,0.7696,0.731,0.4601,20.5,1430,7,0.8801,0,0.0,0
SYN-U-19673,140987.25,115161.32,0.6235,0.4066,0.6097,34.5,1499,7,0.8322,0,0.0,0
SYN-U-19674,47155.51,37632.42,0.7326,0.8659,0.2858,18.2,892,6,0.893,0,0.0,0
SYN-U-19675,38076.46,27587.75,0.8882,0.9118,0.281,50.2,1590,3,0.9697,1,1.7,0
SYN-U-19676,29671.59,27278.13,0.5199,0.505,0.4266,15.2,2228,7,0.9367,0,0.0,0
SYN-U-19677,38143.73,34815.66,0.5573,0.7163,0.3045,50.3,765,5,0.7786,0,0.0,0
SYN-U-19678,21199.79,18870.36,0.5282,0.531,0.7955,41.7,1831,7,0.8961,1,7.2,0
SYN-U-19679,51980.65,46258.87,0.5095,0.5323,0.5085,45.7,571,2,0.861,2,7.3,0
SYN-U-19680,37321.56,28878.91,0.2948,0.2227,0.7949,6.7,1509,0,1.0,0,0.0,1
SYN-U-19681,94791.35,70807.89,0.7107,0.5494,0.4579,41.7,970,7,0.9677,1,4.9,0
SYN-U-19682,14772.02,9809.26,0.3562,0.1655,0.6966,52.9,1825,0,1.0,0,0.0,0
SYN-U-19683,27359.1,26137.75,0.5174,0.3126,0.6719,14.5,2463,5,0.887,3,9.1,1
SYN-U-19684,50895.33,35430.78,0.3964,0.4892,0.5125,17.8,1422,6,0.8024,0,0.0,0
SYN-U-19685,21677.32,17081.2,0.7358,0.5331,0.8546,12.8,1031,4,0.6776,3,15.3,1
SYN-U-19686,21819.87,15431.96,0.8105,0.8306,0.3457,62.1,1156,3,0.9663,0,0.0,0
SYN-U-19687,80420.3,75640.85,0.7954,0.578,0.1844,12.1,430,1,0.8935,0,0.0,0
SYN-U-19688,48939.41,41914.78,0.3254,0.5155,0.8152,25.6,699,1,0.8374,2,8.9,1
SYN-U-19689,41992.97,34911.98,0.8284,0.7021,0.2207,19.5,229,3,0.9853,0,0.0,0
SYN-U-19690,138327.25,118511.33,0.7185,0.7076,0.1966,24.3,1800,4,0.8705,1,1.8,0
SYN-U-19691,90333.79,67514.97,0.7954,0.5625,0.4302,29.3,591,7,0.9172,0,0.0,0
SYN-U-19692,16638.32,15706.97,0.6251,0.2125,0.8634,49.3,1229,7,0.6209,1,11.6,0
SYN-U-19693,15874.44,14309.39,0.6776,0.5291,0.4581,43.2,1974,3,0.8337,1,5.9,0
SYN-U-19694,20143.94,19648.08,0.9115,0.7803,0.2805,36.4,605,0,1.0,0,0.0,0
SYN-U-19695,41776.91,34553.04,0.9491,0.633,0.4164,7.0,1152,1,0.9467,2,0.8,0
SYN-U-19696,209839.55,162299.56,0.6653,0.5364,0.5553,16.4,1332,1,0.8103,0,0.0,0
SYN-U-19697,48013.36,45404.47,0.5249,0.5463,0.4494,47.5,1708,0,1.0,0,0.0,0
SYN-U-19698,90402.63,67825.48,0.5945,0.4528,0.4829,43.7,1069,3,0.8352,1,4.9,0
SYN-U-19699,38780.78,25402.0,0.242,0.2508,0.4614,63.8,1631,0,1.0,0,0.0,0
SYN-U-19700,99789.63,65828.16,0.8447,0.8918,0.1669,61.1,591,0,1.0,0,0.0,0
SYN-U-19701,57373.29,40838.65,0.6042,0.2452,0.6552,20.7,2088,1,0.8765,4,13.7,1
SYN-U-19702,16146.61,15253.81,0.3253,0.5464,0.7002,16.9,98,0,1.0,0,0.0,0
SYN-U-19703,133735.48,91270.0,0.8886,0.9168,0.4965,9.3,1797,4,0.9304,1,2.6,0
SYN-U-19704,19669.7,14611.27,0.8284,0.5808,0.4593,57.3,1927,3,0.8701,0,0.0,0
SYN-U-19705,69024.38,55075.56,0.7301,0.632,0.449,26.2,1027,6,0.8839,0,0.0,0
SYN-U-19706,93979.75,82307.29,0.7419,0.7819,0.1999,26.6,477,6,0.892,0,0.0,0
SYN-U-19707,67416.14,52649.78,0.3564,0.2774,0.8081,36.8,360,6,0.8019,0,0.0,1
SYN-U-19708,24830.79,19925.72,0.7959,0.7604,0.1601,27.9,639,2,0.9864,0,0.0,0
SYN-U-19709,29778.36,23231.24,0.7242,0.6264,0.1888,16.8,461,5,0.9995,0,0.0,0
SYN-U-19710,55819.2,45684.23,0.861,0.7137,0.2562,16.6,874,6,0.8631,0,0.0,0
SYN-U-19711,66439.05,63109.4,0.2166,0.2586,0.5196,40.6,2213,6,0.807,0,0.0,0
SYN-U-19712,116324.96,102132.43,0.9738,0.5519,0.4579,18.9,1510,0,1.0,0,0.0,0
SYN-U-19713,19554.22,13376.74,0.3282,0.2613,0.5697,18.3,58,2,0.7326,0,0.0,0
SYN-U-19714,47914.2,35679.1,0.717,0.8104,0.4432,39.0,1495,5,0.9007,0,0.0,0
SYN-U-19715,23553.43,18262.02,0.4328,0.3917,0.4472,28.4,295,1,0.8708,4,7.1,1
SYN-U-19716,68598.42,58070.21,0.8776,0.8903,0.1702,59.2,2119,3,0.9719,0,0.0,0
SYN-U-19717,22320.16,19803.67,0.8492,0.5833,0.3604,63.4,1963,1,0.9198,1,1.8,0
SYN-U-19718,25268.62,23162.6,0.8775,0.7317,0.4112,47.2,1277,4,0.9983,0,0.0,0
SYN-U-19719,30482.13,23357.28,0.8683,0.6492,0.3403,35.7,187,0,1.0,0,0.0,0
SYN-U-19720,55426.6,50549.78,0.9145,0.8726,0.2834,39.9,2232,7,0.9548,1,0.3,0
SYN-U-19721,16621.21,13324.6,0.5414,0.5347,0.6403,13.6,191,1,0.9353,0,0.0,0
SYN-U-19722,59036.43,51101.02,0.662,0.7593,0.4122,56.4,619,1,0.8105,0,0.0,0
SYN-U-19723,56673.78,47364.43,0.9154,0.8203,0.4121,46.7,831,4,0.9821,0,0.0,0
SYN-U-19724,82562.08,70344.61,0.8015,0.8941,0.2333,30.2,718,6,0.9362,0,0.0,0
SYN-U-19725,90410.91,60224.16,0.719,0.6246,0.3767,20.4,716,2,0.9525,1,2.0,0
SYN-U-19726,111195.93,77822.27,0.7681,0.8203,0.3351,40.8,616,3,0.8791,1,1.5,0
SYN-U-19727,73689.37,65250.69,0.7995,0.6485,0.2654,29.2,924,5,0.8925,0,0.0,0
SYN-U-19728,170145.15,153323.43,0.926,0.9022,0.2553,22.5,583,1,0.9729,1,0.4,0
SYN-U-19729,56222.24,45268.93,0.8506,0.6418,0.2444,20.6,2415,3,0.8902,0,0.0,0
SYN-U-19730,52717.35,45940.74,0.6218,0.36,0.7698,54.4,1434,2,0.707,1,9.1,1
SYN-U-19731,61443.67,41109.89,0.8355,0.8569,0.4374,29.3,56,4,0.8946,0,0.0,0
SYN-U-19732,44904.89,32066.8,0.3337,0.5811,0.4198,62.7,2000,6,0.5157,0,0.0,0
SYN-U-19733,46002.84,33955.84,0.7983,0.6392,0.3497,47.0,435,1,0.8258,0,0.0,0
SYN-U-19734,18503.59,13015.44,0.41,0.2947,0.6981,39.0,2451,1,0.6426,0,0.0,1
SYN-U-19735,16147.02,12839.85,0.2205,0.4552,0.5601,19.6,2308,4,0.8221,3,17.2,1
SYN-U-19736,44982.05,42543.39,0.5322,0.4349,0.7589,25.0,2015,5,0.8593,2,12.9,1
SYN-U-19737,35421.37,31300.14,0.9176,0.7243,0.423,56.0,693,7,0.9412,0,0.0,0
SYN-U-19738,240708.34,191366.35,0.7204,0.5544,0.6183,31.2,521,5,0.7336,0,0.0,0
SYN-U-19739,15856.21,12084.61,0.7542,0.6125,0.5589,24.2,1147,7,0.7916,1,2.7,0
SYN-U-19740,22518.16,21426.31,0.7187,0.6553,0.4415,14.1,1733,5,0.9775,0,0.0,0
SYN-U-19741,66077.94,60556.95,0.7385,0.8891,0.2449,14.0,441,0,1.0,0,0.0,0
SYN-U-19742,23943.98,16071.22,0.686,0.4705,0.5274,49.6,2410,5,0.8791,1,8.5,0
SYN-U-19743,74392.28,70028.53,0.7726,0.8555,0.2002,10.6,1499,0,1.0,0,0.0,0
SYN-U-19744,84869.96,56305.01,0.9633,0.7036,0.2946,56.0,671,6,0.8506,0,0.0,0
SYN-U-19745,36430.23,28106.6,0.9506,0.7302,0.227,16.7,331,7,0.9928,1,2.7,0
SYN-U-19746,22561.52,16307.04,0.5464,0.5328,0.2526,58.7,308,1,0.8836,0,0.0,0
SYN-U-19747,36275.86,28847.36,0.8827,0.5671,0.3049,26.0,855,4,0.9642,1,1.5,0
SYN-U-19748,66678.76,58478.01,0.7242,0.1968,0.8167,20.3,517,6,0.8775,2,3.2,0
SYN-U-19749,70155.85,53244.05,0.9694,0.7175,0.3139,5.9,2297,1,0.8726,0,0.0,0
SYN-U-19750,19345.76,18417.8,0.4023,0.1631,0.4941,63.4,2479,0,1.0,0,0.0,1
SYN-U-19751,51097.64,44254.99,0.9483,0.7851,0.1801,27.2,986,4,0.9816,0,0.0,0
SYN-U-19752,83261.98,57909.51,0.7271,0.9107,0.2371,30.2,2171,3,0.8981,0,0.0,0
SYN-U-19753,69415.53,66112.42,0.7401,0.5687,0.1822,26.7,1849,6,0.9898,0,0.0,0
SYN-U-19754,45469.49,43296.98,0.724,0.6831,0.46,49.5,1409,0,1.0,0,0.0,0
SYN-U-19755,208591.87,145473.66,0.7178,0.7177,0.3465,53.5,1183,7,0.9066,0,0.0,0
SYN-U-19756,116595.24,96420.64,0.939,0.5624,0.4983,41.1,595,1,0.9663,0,0.0,0
SYN-U-19757,23341.62,19006.78,0.3781,0.1924,0.4386,48.9,964,6,0.7795,0,0.0,0
SYN-U-19758,27348.98,20142.28,0.2084,0.614,0.6883,25.0,304,3,0.7345,0,0.0,0
SYN-U-19759,83102.44,63631.45,0.5236,0.5002,0.364,32.5,938,2,0.74,0,0.0,0
SYN-U-19760,64594.97,57872.63,0.8954,0.8313,0.2804,25.7,2323,6,0.8956,0,0.0,0
SYN-U-19761,148760.18,132048.21,0.7005,0.8996,0.187,23.5,1748,6,0.8808,0,0.0,0
SYN-U-19762,80070.75,57421.88,0.9033,0.5791,0.2137,54.4,2335,0,1.0,0,0.0,0
SYN-U-19763,152546.59,120048.6,0.7268,0.7058,0.3108,21.9,727,5,0.8229,0,0.0,0
SYN-U-19764,113160.32,109242.79,0.7929,0.5253,0.3054,6.2,1036,3,0.9364,0,0.0,0
SYN-U-19765,19392.53,13920.08,0.6748,0.2882,0.6982,45.4,1519,5,0.9305,0,0.0,0
SYN-U-19766,71101.58,61581.38,0.7443,0.7818,0.5752,34.2,612,7,0.7534,1,4.7,0
SYN-U-19767,80416.81,53577.14,0.8247,0.6251,0.4445,9.0,969,7,0.9282,1,2.4,0
SYN-U-19768,101362.55,78937.08,0.9041,0.6369,0.2023,39.2,2179,6,0.9238,0,0.0,0
SYN-U-19769,62334.75,43056.55,0.8907,0.859,0.1714,37.0,1874,1,0.9541,0,0.0,0
SYN-U-19770,54448.46,38988.79,0.9739,0.9177,0.2146,49.6,296,5,0.8604,0,0.0,0
SYN-U-19771,56404.1,51462.42,0.9336,0.6884,0.1746,27.5,161,7,0.8668,0,0.0,0
SYN-U-19772,66117.9,49037.96,0.3614,0.3373,0.5949,6.0,893,6,0.8323,0,0.0,0
SYN-U-19773,134995.11,123386.19,0.7392,0.6222,0.2066,37.7,710,1,0.8612,1,2.0,0
SYN-U-19774,63818.49,53447.67,0.8636,0.6188,0.3188,45.4,1553,2,0.9639,0,0.0,0
SYN-U-19775,65702.19,61839.67,0.7026,0.7038,0.3905,18.7,996,3,0.7553,0,0.0,0
SYN-U-19776,17753.65,15699.85,0.5497,0.4323,0.4873,53.8,1346,2,0.506,3,13.9,1
SYN-U-19777,41323.76,29943.0,0.7267,0.5849,0.4816,59.9,1633,0,1.0,0,0.0,0
SYN-U-19778,66199.62,59710.53,0.9572,0.7567,0.1582,33.2,379,0,1.0,0,0.0,0
SYN-U-19779,72611.84,53921.13,0.8707,0.8699,0.4415,47.5,943,3,0.9505,0,0.0,0
SYN-U-19780,63306.57,61087.04,0.8117,0.6315,0.281,24.3,1405,3,0.7276,2,7.6,0
SYN-U-19781,66346.35,59378.6,0.5231,0.4243,0.8408,8.8,161,3,0.6204,0,0.0,0
SYN-U-19782,37921.29,30557.32,0.7818,0.789,0.4326,35.7,1561,5,0.925,0,0.0,0
SYN-U-19783,49130.76,38278.99,0.939,0.5546,0.3266,27.0,362,3,0.9688,1,2.1,0
SYN-U-19784,181122.34,150400.79,0.9348,0.6608,0.2319,39.4,2234,3,0.8974,0,0.0,0
SYN-U-19785,41588.84,31741.16,0.9622,0.6959,0.3991,36.2,1587,7,0.9939,0,0.0,0
SYN-U-19786,67990.65,58256.28,0.964,0.6705,0.2426,57.6,2020,0,1.0,0,0.0,0
SYN-U-19787,44853.76,34421.81,0.7797,0.9054,0.3187,9.1,1936,1,0.9448,0,0.0,0
SYN-U-19788,89618.44,64248.25,0.8352,0.7894,0.1988,19.2,271,3,0.9364,2,0.0,0
SYN-U-19789,265115.95,179102.04,0.7891,0.7695,0.398,17.4,1744,3,0.907,0,0.0,0
SYN-U-19790,40456.81,31432.6,0.7496,0.53,0.5444,41.5,2012,5,0.8309,3,7.0,0
SYN-U-19791,155473.74,150486.45,0.7676,0.6962,0.3371,51.5,158,5,0.8518,0,0.0,0
SYN-U-19792,55047.86,50114.59,0.7566,0.7176,0.2767,36.1,2315,6,0.957,1,2.9,0
SYN-U-19793,101297.69,81152.4,0.7982,0.7677,0.408,27.0,1899,6,0.9667,0,0.0,0
SYN-U-19794,26957.64,24216.23,0.6688,0.7229,0.4647,46.4,1429,1,0.8945,3,5.2,0
SYN-U-19795,61150.52,49452.9,0.7452,0.7316,0.4975,64.6,1704,1,0.8937,0,0.0,0
SYN-U-19796,50406.37,32908.53,0.9482,0.5851,0.2066,53.2,1742,2,0.864,1,1.4,0
SYN-U-19797,28015.49,25096.74,0.8173,0.7158,0.2615,60.1,2235,7,0.9449,0,0.0,0
SYN-U-19798,22471.38,18344.02,0.6351,0.5809,0.4518,40.9,2391,6,0.8261,1,4.5,0
SYN-U-19799,25174.5,19287.49,0.8716,0.7258,0.1917,6.3,2311,7,0.9616,0,0.0,0
SYN-U-19800,59238.3,44009.52,0.9327,0.6437,0.2965,36.6,2195,0,1.0,0,0.0,0
SYN-U-19801,68508.47,62740.22,0.9558,0.7336,0.2585,48.2,1037,0,1.0,0,0.0,0
SYN-U-19802,29790.76,27907.06,0.5544,0.6731,0.4469,26.0,1408,2,0.7245,0,0.0,0
SYN-U-19803,103869.12,88601.53,0.8303,0.8076,0.1605,62.6,2373,6,0.9388,0,0.0,0
SYN-U-19804,49850.81,38764.93,0.5075,0.4583,0.3762,64.4,866,5,0.9471,0,0.0,0
SYN-U-19805,71765.01,60037.56,0.7784,0.6124,0.4556,23.1,2364,2,0.8587,0,0.0,0
SYN-U-19806,46900.09,36127.09,0.7177,0.6508,0.2748,9.5,945,7,0.8976,0,0.0,0
SYN-U-19807,13940.98,10259.14,0.5006,0.2983,0.8406,36.7,663,7,0.8243,2,12.2,1
SYN-U-19808,92372.77,83588.31,0.883,0.7106,0.2034,13.7,1699,0,1.0,0,0.0,0
SYN-U-19809,53623.53,43395.67,0.9317,0.7363,0.3767,62.5,1383,3,0.9697,2,2.5,0
SYN-U-19810,87930.65,60914.06,0.8257,0.4149,0.5605,47.3,1999,0,1.0,0,0.0,0
SYN-U-19811,65335.71,50440.37,0.715,0.5127,0.3832,51.6,1953,1,0.9794,0,0.0,0
SYN-U-19812,47504.45,33795.67,0.7269,0.6474,0.2953,34.0,725,5,0.9019,1,2.6,0
SYN-U-19813,73984.77,65065.02,0.6,0.5932,0.3857,62.6,1117,1,0.8992,1,7.6,0
SYN-U-19814,92310.17,76762.18,0.7201,0.7664,0.6456,34.9,919,2,0.7507,1,6.4,0
SYN-U-19815,161293.22,125139.13,0.8641,0.8176,0.4136,54.4,2014,1,0.9385,0,0.0,0
SYN-U-19816,16291.07,13905.57,0.3463,0.2896,0.4786,52.4,544,2,0.6195,1,16.4,1
SYN-U-19817,168032.01,164455.26,0.6397,0.5826,0.5685,35.3,2313,6,0.9331,1,7.1,0
SYN-U-19818,87878.81,83663.25,0.5151,0.4734,0.511,53.8,1334,4,0.7235,0,0.0,0
SYN-U-19819,60115.96,52298.04,0.2181,0.474,0.68,5.0,711,2,0.6318,0,0.0,0
SYN-U-19820,59693.93,56280.48,0.804,0.6168,0.382,49.3,1698,6,0.948,1,0.2,0
SYN-U-19821,27738.97,24990.11,0.2368,0.2463,0.7565,5.4,1483,2,0.7093,1,11.5,1
SYN-U-19822,91791.95,83939.26,0.6347,0.4886,0.4108,26.6,1542,5,0.8363,2,3.0,0
SYN-U-19823,115418.98,94739.68,0.8681,0.7546,0.4213,52.2,1972,2,0.993,0,0.0,0
SYN-U-19824,32733.1,22534.16,0.8706,0.6413,0.2846,26.4,2057,6,0.8957,0,0.0,0
SYN-U-19825,16041.12,11155.46,0.4445,0.6274,0.6321,11.2,538,4,0.6316,0,0.0,0
SYN-U-19826,71092.34,56080.93,0.6724,0.7948,0.3161,32.6,193,5,0.8487,0,0.0,0
SYN-U-19827,59988.31,46639.61,0.4785,0.6127,0.5882,8.1,851,7,0.8218,3,15.2,1
SYN-U-19828,70629.42,60902.65,0.8015,0.798,0.3128,8.8,1699,2,0.9863,1,1.8,0
SYN-U-19829,30526.71,26328.69,0.7099,0.7747,0.263,15.6,240,2,0.9985,0,0.0,0
SYN-U-19830,25930.87,18902.29,0.803,0.8167,0.268,54.7,1335,2,0.9656,0,0.0,0
SYN-U-19831,118019.08,94291.96,0.7041,0.3602,0.6918,11.7,2215,5,0.5019,0,0.0,0
SYN-U-19832,40015.75,32268.81,0.787,0.7317,0.2345,7.5,74,2,0.9549,0,0.0,0
SYN-U-19833,75289.47,60540.31,0.2671,0.2983,0.5481,53.8,613,2,0.8647,2,13.7,1
SYN-U-19834,38174.08,25813.04,0.7993,0.8515,0.4879,47.3,764,1,0.9262,0,0.0,0
SYN-U-19835,57013.81,45120.28,0.6012,0.2042,0.5946,9.6,2083,2,0.6684,3,15.2,1
SYN-U-19836,23571.72,18707.74,0.6292,0.218,0.8443,31.6,174,0,1.0,0,0.0,0
SYN-U-19837,63760.23,43676.67,0.7609,0.7659,0.4244,19.1,896,4,0.8871,0,0.0,0
SYN-U-19838,65827.19,60980.19,0.5657,0.7557,0.2737,40.5,527,5,0.7849,0,0.0,0
SYN-U-19839,35081.77,33881.51,0.8257,0.5785,0.3788,30.0,311,3,0.9427,0,0.0,0
SYN-U-19840,109998.4,94928.18,0.8167,0.5632,0.3259,52.3,77,0,1.0,0,0.0,0
SYN-U-19841,40727.59,29892.02,0.7978,0.7126,0.4203,34.4,2457,4,0.9895,0,0.0,0
SYN-U-19842,73934.21,55305.16,0.3265,0.2089,0.8256,27.7,579,0,1.0,0,0.0,1
SYN-U-19843,43974.28,33831.23,0.7931,0.8703,0.296,10.3,783,2,0.9583,0,0.0,0
SYN-U-19844,54132.38,46298.93,0.9641,0.7619,0.3776,57.0,463,7,0.9274,0,0.0,0
SYN-U-19845,41186.8,34124.83,0.8364,0.7205,0.4946,55.0,450,4,0.9486,0,0.0,0
SYN-U-19846,123318.5,92396.68,0.8965,0.6243,0.4462,39.1,676,2,0.8755,0,0.0,0
SYN-U-19847,39249.74,29807.92,0.816,0.564,0.3525,45.0,1135,5,0.9221,0,0.0,0
SYN-U-19848,18852.38,15547.42,0.5759,0.2102,0.6063,12.0,2364,7,0.6792,1,7.9,0
SYN-U-19849,20971.93,17151.23,0.582,0.6775,0.5445,35.7,1421,7,0.9211,3,5.1,0
SYN-U-19850,171927.15,126189.51,0.8669,0.8608,0.4117,15.6,2280,1,0.9157,0,0.0,0
SYN-U-19851,53851.39,48141.2,0.9425,0.5634,0.4317,33.7,651,5,0.8835,0,0.0,0
SYN-U-19852,71907.07,56868.73,0.79,0.6581,0.1916,62.6,1841,5,0.8536,0,0.0,0
SYN-U-19853,14887.81,9897.61,0.4723,0.5095,0.6673,30.1,1432,5,0.8794,0,0.0,0
SYN-U-19854,57667.98,47594.3,0.9467,0.7669,0.4631,26.4,1059,1,0.8762,0,0.0,0
SYN-U-19855,13095.68,12471.6,0.7037,0.2459,0.4366,48.8,344,5,0.9243,2,5.3,0
SYN-U-19856,46007.35,44426.94,0.8069,0.6458,0.4022,23.1,668,1,0.9192,0,0.0,0
SYN-U-19857,94360.28,66778.91,0.7261,0.55,0.3159,11.3,2372,3,0.96,2,5.6,0
SYN-U-19858,53209.16,46805.65,0.6795,0.7216,0.531,20.4,140,0,1.0,0,0.0,0
SYN-U-19859,53974.93,51688.49,0.8276,0.7106,0.4211,61.6,1136,7,0.9252,1,1.5,0
SYN-U-19860,49544.08,41335.6,0.7509,0.7385,0.2903,16.7,1477,5,0.9556,0,0.0,0
SYN-U-19861,51201.69,48427.47,0.6621,0.3376,0.8314,64.8,2371,6,0.5268,2,10.2,1
SYN-U-19862,23085.49,22015.09,0.4064,0.4013,0.4932,34.6,2333,6,0.5759,0,0.0,0
SYN-U-19863,33152.35,30789.11,0.7706,0.7443,0.2729,30.3,964,6,0.9849,1,3.0,0
SYN-U-19864,47437.59,41615.55,0.9219,0.5936,0.3734,49.3,1035,7,0.9671,0,0.0,0
SYN-U-19865,54777.63,41451.77,0.9446,0.6247,0.3371,45.8,2485,0,1.0,0,0.0,0
SYN-U-19866,48004.5,46163.46,0.8118,0.5951,0.4122,11.4,1486,6,0.96,0,0.0,0
SYN-U-19867,32411.11,30285.78,0.3303,0.5732,0.5706,63.1,682,6,0.8304,0,0.0,0
SYN-U-19868,19427.39,14490.1,0.4791,0.3624,0.6941,24.5,2376,7,0.578,1,17.0,1
SYN-U-19869,23177.18,18099.69,0.374,0.4957,0.4213,30.9,1851,6,0.6262,1,13.6,0
SYN-U-19870,108079.07,85805.77,0.5301,0.6911,0.3574,53.0,989,2,0.79,0,0.0,0
SYN-U-19871,36537.77,35148.44,0.5329,0.2774,0.8421,62.6,465,4,0.6446,3,5.7,1
SYN-U-19872,16032.13,15333.6,0.3234,0.325,0.746,31.7,940,1,0.7278,0,0.0,1
SYN-U-19873,14576.69,13007.5,0.6521,0.3757,0.7094,56.6,2287,1,0.7014,0,0.0,0
SYN-U-19874,53467.12,45817.53,0.9624,0.9198,0.3924,24.2,1169,6,0.8995,0,0.0,0
SYN-U-19875,65521.18,60901.62,0.7388,0.9012,0.3997,59.8,504,7,0.9902,1,0.1,0
SYN-U-19876,159174.29,128941.51,0.7214,0.9136,0.1613,27.7,1118,4,0.8802,0,0.0,0
SYN-U-19877,41622.88,33716.36,0.4449,0.1627,0.6817,63.9,2476,3,0.7234,4,8.3,1
SYN-U-19878,38431.02,25016.46,0.3098,0.2452,0.7438,23.6,1158,4,0.9496,3,16.6,1
SYN-U-19879,82301.38,79679.33,0.7306,0.6247,0.4011,29.8,2426,1,0.9534,0,0.0,0
SYN-U-19880,49772.04,41304.93,0.7176,0.5769,0.4253,44.8,1086,1,0.9204,1,2.2,0
SYN-U-19881,45418.03,37440.8,0.6763,0.634,0.5375,28.7,2246,5,0.8143,0,0.0,0
SYN-U-19882,62117.87,51364.36,0.9727,0.8469,0.3202,53.1,1732,3,0.8953,0,0.0,0
SYN-U-19883,98667.55,65314.07,0.9681,0.5999,0.3267,28.7,95,5,0.9646,0,0.0,0
SYN-U-19884,61186.15,56076.17,0.8137,0.5896,0.4816,22.4,1871,7,0.8134,3,2.9,0
SYN-U-19885,94431.1,88128.22,0.8053,0.7446,0.1805,33.8,1146,3,0.9009,0,0.0,0
SYN-U-19886,200267.86,134880.97,0.7445,0.6195,0.4484,40.4,2456,0,1.0,0,0.0,0
SYN-U-19887,59146.87,47646.13,0.4209,0.35,0.8194,12.3,1633,4,0.8971,0,0.0,1
SYN-U-19888,82212.59,53962.03,0.9419,0.913,0.1924,25.5,700,3,0.912,0,0.0,0
SYN-U-19889,80388.58,66025.59,0.7415,0.7776,0.1636,61.1,2438,0,1.0,0,0.0,0
SYN-U-19890,99390.56,92091.35,0.3506,0.4049,0.4437,36.9,1691,4,0.761,0,0.0,0
SYN-U-19891,73028.16,48011.96,0.8076,0.8891,0.1942,12.5,149,2,0.9453,1,1.1,0
SYN-U-19892,16037.55,10720.71,0.5006,0.1733,0.4562,34.1,710,2,0.7664,1,16.2,1
SYN-U-19893,103662.82,85134.11,0.774,0.6471,0.2809,23.6,163,4,0.9657,0,0.0,0
SYN-U-19894,108916.39,95951.47,0.6779,0.648,0.3071,50.9,1546,1,0.8174,0,0.0,0
SYN-U-19895,40992.55,35366.65,0.7874,0.7473,0.4295,56.2,752,7,0.97,0,0.0,0
SYN-U-19896,82323.05,72827.89,0.5215,0.4987,0.5218,41.2,1917,2,0.7445,0,0.0,0
SYN-U-19897,75498.27,62428.31,0.6881,0.7576,0.3616,63.5,521,6,0.7211,0,0.0,0
SYN-U-19898,61950.74,48508.18,0.5529,0.615,0.5872,46.6,2493,6,0.9262,0,0.0,0
SYN-U-19899,72557.61,53874.08,0.8663,0.8556,0.4944,51.7,2336,0,1.0,0,0.0,0
SYN-U-19900,220445.95,196527.43,0.842,0.8971,0.4217,24.8,516,3,0.8733,0,0.0,0
SYN-U-19901,30825.68,27320.34,0.5168,0.5618,0.3362,11.0,1621,0,1.0,0,0.0,0
SYN-U-19902,41142.15,37736.71,0.889,0.7408,0.3961,45.4,1331,1,0.8641,0,0.0,0
SYN-U-19903,65510.28,47158.19,0.9013,0.8057,0.4753,11.5,2005,5,0.9429,0,0.0,0
SYN-U-19904,90186.36,69314.12,0.8223,0.7986,0.312,34.4,62,1,0.962,0,0.0,0
SYN-U-19905,42702.38,35214.84,0.3599,0.339,0.8713,55.2,2194,0,1.0,0,0.0,1
SYN-U-19906,41945.82,29182.98,0.795,0.6619,0.2154,29.2,385,5,0.9023,0,0.0,0
SYN-U-19907,27425.24,19239.97,0.7598,0.8118,0.2477,21.3,2362,5,0.9039,1,2.3,0
SYN-U-19908,97803.1,92356.68,0.8065,0.5757,0.1699,12.9,2372,2,0.8907,0,0.0,0
SYN-U-19909,35654.35,31989.93,0.7641,0.7774,0.2653,25.8,1747,5,0.9645,0,0.0,0
SYN-U-19910,16338.12,11998.18,0.5649,0.5751,0.5535,13.3,813,6,0.7463,0,0.0,0
SYN-U-19911,145501.88,131616.77,0.7978,0.9047,0.3741,30.1,1182,3,0.8838,0,0.0,0
SYN-U-19912,31701.06,25202.24,0.8102,0.7303,0.4792,31.3,917,5,0.9338,0,0.0,0
SYN-U-19913,47417.38,39350.92,0.834,0.7484,0.3044,42.0,2152,7,0.892,0,0.0,0
SYN-U-19914,66759.64,55380.34,0.9599,0.6457,0.3427,33.0,571,4,0.8977,2,2.6,0
SYN-U-19915,15330.72,11334.76,0.3276,0.4534,0.8637,28.7,1134,4,0.8132,3,16.5,1
SYN-U-19916,15282.19,11116.04,0.2853,0.3279,0.4184,62.4,1737,4,0.5406,2,11.2,1
SYN-U-19917,26123.94,24910.59,0.7578,0.4976,0.3343,36.1,2460,1,0.8305,0,0.0,0
SYN-U-19918,67767.85,59875.76,0.7632,0.8973,0.3817,36.8,1567,1,0.8658,0,0.0,0
SYN-U-19919,49709.95,37671.8,0.9002,0.5925,0.4239,5.1,310,4,0.9149,1,0.2,0
SYN-U-19920,17548.02,16141.4,0.2742,0.2381,0.6858,48.5,261,1,0.614,1,12.2,1
SYN-U-19921,60783.02,40978.33,0.8358,0.7925,0.5223,63.0,1344,5,0.9451,0,0.0,0
SYN-U-19922,71820.67,50106.63,0.7269,0.7235,0.4286,24.4,1907,7,0.7722,0,0.0,0
SYN-U-19923,51323.99,44126.74,0.5074,0.5912,0.2615,59.2,677,4,0.736,0,0.0,0
SYN-U-19924,53946.77,52530.01,0.555,0.4156,0.6161,22.6,791,1,0.7708,2,7.7,1
SYN-U-19925,39624.63,30186.78,0.9175,0.6865,0.4842,16.9,1860,6,0.8873,0,0.0,0
SYN-U-19926,36647.75,28993.42,0.6233,0.4897,0.3741,61.4,1670,7,0.8778,1,5.4,0
SYN-U-19927,15429.04,11558.31,0.7878,0.7263,0.2836,8.8,2141,2,0.9635,0,0.0,0
SYN-U-19928,64688.2,56585.44,0.7173,0.694,0.4466,49.7,1260,5,0.9447,0,0.0,0
SYN-U-19929,49261.56,41037.68,0.8532,0.6212,0.4089,55.3,1262,3,0.9949,0,0.0,0
SYN-U-19930,15169.62,10154.35,0.4098,0.3665,0.8757,25.9,1759,2,0.7557,0,0.0,1
SYN-U-19931,61314.69,51291.1,0.7564,0.9168,0.1938,31.2,1291,0,1.0,0,0.0,0
SYN-U-19932,14872.06,11150.44,0.4513,0.5308,0.8245,42.8,1291,4,0.5757,0,0.0,0
SYN-U-19933,79164.2,53548.69,0.8284,0.7719,0.2552,19.5,1454,6,0.9753,0,0.0,0
SYN-U-19934,15863.88,12125.94,0.5656,0.4957,0.5202,21.0,116,0,1.0,0,0.0,0
SYN-U-19935,58033.89,54727.63,0.7773,0.6605,0.2675,14.1,2331,5,0.9258,0,0.0,0
SYN-U-19936,80639.51,70280.61,0.7565,0.5087,0.4178,34.0,2197,0,1.0,0,0.0,0
SYN-U-19937,26483.44,24314.14,0.6468,0.6455,0.4312,13.7,52,1,0.657,0,0.0,0
SYN-U-19938,101155.48,76197.25,0.9385,0.9164,0.4292,63.7,2363,6,0.8689,0,0.0,0
SYN-U-19939,55780.32,44922.35,0.5081,0.3922,0.7737,22.2,294,6,0.7336,2,15.9,1
SYN-U-19940,19952.81,16916.4,0.4802,0.3118,0.7609,17.3,1378,1,0.9069,0,0.0,1
SYN-U-19941,41503.03,28754.93,0.8119,0.7455,0.2436,19.0,718,3,0.9329,0,0.0,0
SYN-U-19942,31550.9,26794.84,0.8329,0.626,0.2476,63.7,1808,0,1.0,0,0.0,0
SYN-U-19943,96034.11,92118.43,0.5842,0.4097,0.3697,50.4,1217,1,0.9197,0,0.0,0
SYN-U-19944,256803.15,180033.48,0.8698,0.9079,0.4128,64.3,1432,2,0.9091,0,0.0,0
SYN-U-19945,198167.81,178041.14,0.7165,0.8969,0.413,52.4,404,0,1.0,0,0.0,0
SYN-U-19946,78304.91,55361.4,0.8145,0.5729,0.2174,62.5,959,5,0.94,1,2.8,0
SYN-U-19947,91725.2,87333.37,0.848,0.6183,0.4683,36.4,1895,5,0.8567,0,0.0,0
SYN-U-19948,54452.43,50091.38,0.8616,0.8545,0.4984,16.1,2043,7,0.9725,0,0.0,0
SYN-U-19949,52701.28,48450.78,0.3635,0.3115,0.6748,14.8,1188,5,0.9172,2,6.0,1
SYN-U-19950,33599.54,30991.56,0.7397,0.6749,0.2763,52.7,1499,7,0.8985,0,0.0,0
SYN-U-19951,51865.07,44631.76,0.7814,0.9083,0.2819,19.5,1167,5,0.9463,0,0.0,0
SYN-U-19952,23200.99,16428.98,0.6031,0.6509,0.5581,29.7,403,7,0.7907,0,0.0,0
SYN-U-19953,63842.42,44921.84,0.8381,0.7428,0.4074,11.0,1173,0,1.0,0,0.0,0
SYN-U-19954,41956.86,31035.04,0.9317,0.8837,0.2466,58.5,1385,7,0.927,0,0.0,0
SYN-U-19955,61766.21,42083.65,0.7277,0.7019,0.361,33.7,544,2,0.9908,0,0.0,0
SYN-U-19956,125149.45,110204.22,0.8113,0.8988,0.177,51.9,1300,0,1.0,0,0.0,0
SYN-U-19957,62248.77,41947.0,0.7565,0.9097,0.3668,9.8,1981,6,0.8821,0,0.0,0
SYN-U-19958,70677.09,51293.5,0.6423,0.7068,0.3323,52.7,1921,3,0.7703,1,3.3,0
SYN-U-19959,30160.89,23222.24,0.5391,0.5892,0.4677,13.3,1926,0,1.0,0,0.0,0
SYN-U-19960,113778.16,96779.25,0.7392,0.8922,0.3983,41.2,891,2,0.8898,0,0.0,0
SYN-U-19961,94976.39,87536.32,0.8451,0.5989,0.3482,37.6,312,7,0.9237,0,0.0,0
SYN-U-19962,38467.75,31807.63,0.7382,0.5831,0.4131,56.3,68,0,1.0,0,0.0,0
SYN-U-19963,165218.46,153771.22,0.8979,0.7587,0.4394,41.3,2473,2,0.9824,0,0.0,0
SYN-U-19964,87256.73,61282.97,0.7735,0.4088,0.6189,35.0,1882,6,0.8102,0,0.0,0
SYN-U-19965,14069.92,13483.25,0.565,0.4862,0.706,42.4,1441,3,0.7453,2,11.8,1
SYN-U-19966,25821.5,17587.32,0.2585,0.526,0.5421,61.6,2248,7,0.5198,2,9.3,1
SYN-U-19967,40849.4,30779.22,0.787,0.7086,0.3891,63.7,784,0,1.0,0,0.0,0
SYN-U-19968,81760.39,75118.86,0.8343,0.6993,0.3771,46.6,702,6,0.8456,1,6.5,0
SYN-U-19969,116208.78,103643.52,0.9709,0.6741,0.4453,16.9,1172,3,0.9439,1,0.2,0
SYN-U-19970,65248.82,53248.7,0.9372,0.8741,0.3959,17.1,109,2,0.9246,0,0.0,0
SYN-U-19971,42927.73,36846.2,0.9374,0.8828,0.2315,32.6,2214,1,0.8582,0,0.0,0
SYN-U-19972,32330.93,29346.13,0.9458,0.8193,0.3709,17.5,1932,2,0.9628,0,0.0,0
SYN-U-19973,39120.93,33020.13,0.704,0.7276,0.3238,35.9,2252,3,0.8872,0,0.0,0
SYN-U-19974,24727.52,17550.23,0.4039,0.3188,0.7278,61.4,1318,7,0.7985,3,15.8,1
SYN-U-19975,120379.29,82387.37,0.5461,0.6217,0.3383,11.8,372,1,0.9097,0,0.0,0
SYN-U-19976,117816.75,107799.43,0.738,0.7955,0.3341,49.8,1409,3,0.8967,2,2.3,0
SYN-U-19977,13805.28,10352.71,0.2651,0.2625,0.5527,46.9,430,4,0.6247,0,0.0,0
SYN-U-19978,51265.22,35730.76,0.7965,0.8168,0.4244,31.1,1201,6,0.985,0,0.0,0
SYN-U-19979,13484.73,12056.25,0.4133,0.4594,0.4464,36.2,386,7,0.5959,0,0.0,0
SYN-U-19980,93651.86,87584.64,0.5471,0.6041,0.5431,37.7,1144,7,0.8196,2,6.1,0
SYN-U-19981,14543.24,10865.69,0.7282,0.5447,0.5353,38.8,894,6,0.8555,2,6.1,0
SYN-U-19982,41147.85,39492.18,0.8911,0.6541,0.3277,42.6,1633,6,0.9497,0,0.0,0
SYN-U-19983,72568.7,69157.6,0.7225,0.8121,0.4614,63.9,874,3,0.9702,0,0.0,0
SYN-U-19984,26812.35,25556.68,0.8172,0.5709,0.4654,31.4,645,2,0.885,0,0.0,0
SYN-U-19985,85956.66,63725.22,0.7658,0.698,0.2828,57.2,1216,2,0.9991,0,0.0,0
SYN-U-19986,51617.67,38247.71,0.9467,0.703,0.3112,25.9,1277,3,0.8572,0,0.0,0
SYN-U-19987,46674.6,43164.42,0.7044,0.7749,0.4394,52.3,571,0,1.0,0,0.0,0
SYN-U-19988,23183.08,16449.15,0.4758,0.4578,0.5688,7.5,923,7,0.6993,3,17.2,0
SYN-U-19989,55196.71,53948.74,0.7648,0.5961,0.3846,7.2,2179,0,1.0,0,0.0,0
SYN-U-19990,29475.8,23738.73,0.225,0.4424,0.498,25.7,376,0,1.0,0,0.0,0
SYN-U-19991,27124.05,26308.83,0.704,0.6107,0.3855,53.4,1135,5,0.9223,0,0.0,0
SYN-U-19992,80687.23,78795.66,0.5757,0.4876,0.5536,29.5,150,0,1.0,0,0.0,0
SYN-U-19993,67979.49,56417.25,0.8611,0.8502,0.3991,55.1,140,4,0.9221,0,0.0,0
SYN-U-19994,14545.85,10128.86,0.5381,0.4133,0.3203,63.7,251,6,0.7659,1,3.4,0
SYN-U-19995,18313.82,12198.93,0.2926,0.5329,0.7088,12.7,2107,0,1.0,0,0.0,0
SYN-U-19996,28281.66,20028.72,0.7243,0.5336,0.6993,40.6,386,4,0.8255,0,0.0,0
SYN-U-19997,16816.84,14491.34,0.7342,0.5341,0.3715,31.4,254,5,0.7721,0,0.0,0
SYN-U-19998,50387.46,37120.87,0.7934,0.8775,0.1586,20.9,2483,2,0.8707,0,0.0,0
SYN-U-19999,35560.25,32987.22,0.549,0.7021,0.6203,48.9,1641,5,0.7519,3,3.2,0
SYN-U-20000,100212.75,78645.44,0.7841,0.8563,0.4611,22.6,1365,2,0.9187,0,0.0,0
