customer_id,age,gender_code,occupation_type,monthly_income,district,account_age_days,registration_channel,device_type,customer_segment,account_status
SYN-U-10001,33,M,SALARIED,59561.32,Cox's Bazar,141,APP,ANDROID,MASS,ACTIVE
SYN-U-10002,51,F,BUSINESS,40582.5,Dhaka,276,BRANCH,ANDROID,MASS,DORMANT
SYN-U-10003,65,M,HOMEMAKER,34365.27,Khulna,830,AGENT,ANDROID,MASS,ACTIVE
SYN-U-10004,47,M,SALARIED,57440.03,Chittagong,1509,BRANCH,ANDROID,SME,ACTIVE
SYN-U-10005,35,F,SALARIED,48094.28,Khulna,1293,APP,ANDROID,MASS,ACTIVE
SYN-U-10006,35,M,BUSINESS,218585.28,Mymensingh,672,APP,ANDROID,AFFLUENT,ACTIVE
SYN-U-10007,67,F,STUDENT,27559.25,Chittagong,2377,APP,ANDROID,MASS,ACTIVE
SYN-U-10008,52,M,SALARIED,115384.48,Dhaka,873,AGENT,ANDROID,AFFLUENT,ACTIVE
SYN-U-10009,19,M,SALARIED,69590.62,Dhaka,164,APP,ANDROID,MASS,ACTIVE
SYN-U-10010,71,F,BUSINESS,35740.79,Dhaka,1317,APP,ANDROID,MASS,ACTIVE
SYN-U-10011,61,F,STUDENT,66622.78,Barishal,1020,APP,ANDROID,AFFLUENT,ACTIVE
SYN-U-10012,40,M,SALARIED,32635.26,Dhaka,2414,APP,ANDROID,SME,ACTIVE
SYN-U-10013,70,M,SALARIED,36280.45,Dhaka,1297,APP,ANDROID,MASS,ACTIVE
SYN-U-10014,34,M,FREELANCER,16126.32,Gazipur,2083,AGENT,ANDROID,MASS,ACTIVE
SYN-U-10015,20,M,BUSINESS,59622.9,Chittagong,1216,APP,ANDROID,MASS,ACTIVE
SYN-U-10016,53,F,BUSINESS,108219.44,Dhaka,1083,APP,ANDROID,SME,ACTIVE
SYN-U-10017,25,F,SALARIED,39333.4,Barishal,1211,APP,ANDROID,PAYROLL,ACTIVE
SYN-U-10018,43,F,STUDENT,16273.92,Rangpur,1002,AGENT,IOS,MASS,ACTIVE
SYN-U-10019,37,M,FREELANCER,55615.34,Dhaka,2362,AGENT,IOS,PAYROLL,ACTIVE
SYN-U-10020,57,F,SALARIED,118992.09,Dhaka,1774,AGENT,ANDROID,SME,ACTIVE
SYN-U-10021,29,M,SALARIED,33143.55,Dhaka,359,AGENT,IOS,STUDENT,ACTIVE
SYN-U-10022,23,F,STUDENT,17646.3,Dhaka,315,AGENT,ANDROID,MASS,ACTIVE
SYN-U-10023,46,M,FREELANCER,79031.04,Khulna,2190,APP,ANDROID,MASS,ACTIVE
SYN-U-10024,34,F,BUSINESS,53103.72,Barishal,626,APP,ANDROID,MASS,ACTIVE
SYN-U-10025,65,M,BUSINESS,77060.03,Mymensingh,2430,AGENT,ANDROID,MASS,ACTIVE
SYN-U-10026,23,M,SALARIED,50855.21,Narayanganj,317,AGENT,ANDROID,MASS,ACTIVE
SYN-U-10027,50,M,BUSINESS,95583.17,Chittagong,1788,APP,ANDROID,SME,ACTIVE
SYN-U-10028,71,M,BUSINESS,15000.0,Dhaka,2274,APP,ANDROID,SME,ACTIVE
SYN-U-10029,43,M,BUSINESS,95920.92,Dhaka,268,APP,ANDROID,MASS,ACTIVE
SYN-U-10030,63,F,BUSINESS,63952.06,Dhaka,1420,APP,ANDROID,STUDENT,ACTIVE
SYN-U-10031,50,M,SALARIED,66712.57,Rangpur,1674,APP,ANDROID,MASS,ACTIVE
SYN-U-10032,20,F,BUSINESS,41609.93,Dhaka,321,AGENT,ANDROID,STUDENT,ACTIVE
SYN-U-10033,33,F,SALARIED,59684.23,Mymensingh,2030,APP,ANDROID,MASS,ACTIVE
SYN-U-10034,33,F,BUSINESS,56264.43,Barishal,503,APP,ANDROID,MASS,ACTIVE
SYN-U-10035,32,M,SALARIED,51323.65,Dhaka,76,AGENT,ANDROID,MASS,ACTIVE
SYN-U-10036,63,M,SALARIED,31714.43,Barishal,571,APP,FEATURE_PHONE,MASS,ACTIVE
SYN-U-10037,61,M,FREELANCER,39518.63,Mymensingh,643,APP,ANDROID,MASS,ACTIVE
SYN-U-10038,69,F,SALARIED,57488.11,Dhaka,1529,APP,ANDROID,MASS,ACTIVE
SYN-U-10039,58,M,SALARIED,64661.04,Dhaka,1470,APP,IOS,MASS,ACTIVE
SYN-U-10040,28,M,SALARIED,86849.58,Dhaka,1266,APP,IOS,MASS,ACTIVE
SYN-U-10041,49,F,SALARIED,20844.72,Dhaka,1715,APP,ANDROID,PAYROLL,ACTIVE
SYN-U-10042,56,M,SALARIED,94358.54,Chittagong,2067,APP,ANDROID,SME,ACTIVE
SYN-U-10043,51,M,BUSINESS,20805.43,Gazipur,663,APP,ANDROID,MASS,ACTIVE
SYN-U-10044,69,F,BUSINESS,71148.74,Khulna,1134,AGENT,ANDROID,MASS,ACTIVE
SYN-U-10045,67,F,BUSINESS,67643.04,Sylhet,1345,APP,ANDROID,PAYROLL,ACTIVE
SYN-U-10046,27,F,SALARIED,45781.36,Cox's Bazar,830,BRANCH,IOS,MASS,ACTIVE
SYN-U-10047,21,M,BUSINESS,87801.41,Barishal,1197,APP,ANDROID,MASS,ACTIVE
SYN-U-10048,49,F,BUSINESS,67974.1,Gazipur,681,APP,IOS,STUDENT,ACTIVE
SYN-U-10049,33,F,RETIRED,37928.82,Dhaka,384,APP,ANDROID,MASS,ACTIVE
SYN-U-10050,63,F,BUSINESS,29368.75,Cumilla,487,APP,FEATURE_PHONE,MASS,ACTIVE
SYN-U-10051,33,M,BUSINESS,15000.0,Dhaka,133,APP,ANDROID,MASS,ACTIVE
SYN-U-10052,44,F,SALARIED,72142.29,Sylhet,1405,AGENT,ANDROID,MASS,ACTIVE
SYN-U-10053,56,M,FREELANCER,42704.99,Chittagong,533,AGENT,ANDROID,PAYROLL,ACTIVE
SYN-U-10054,29,F,BUSINESS,42690.57,Dhaka,146,AGENT,ANDROID,MASS,ACTIVE
SYN-U-10055,25,M,SALARIED,50343.58,Gazipur,1415,APP,ANDROID,PAYROLL,ACTIVE
SYN-U-10056,26,M,SALARIED,78480.93,Sylhet,1884,APP,ANDROID,MASS,ACTIVE
SYN-U-10057,40,M,SALARIED,55540.42,Dhaka,2068,AGENT,ANDROID,PAYROLL,ACTIVE
SYN-U-10058,19,M,SALARIED,51548.89,Dhaka,176,APP,ANDROID,MASS,ACTIVE
SYN-U-10059,32,M,BUSINESS,78097.83,Mymensingh,1789,APP,ANDROID,MASS,ACTIVE
SYN-U-10060,54,F,SALARIED,28323.55,Cumilla,1353,APP,ANDROID,STUDENT,ACTIVE
SYN-U-10061,32,M,BUSINESS,88134.44,Chittagong,1011,APP,ANDROID,MASS,RESTRICTED
SYN-U-10062,41,F,FREELANCER,73235.55,Dhaka,1165,APP,ANDROID,MASS,ACTIVE
SYN-U-10063,26,M,BUSINESS,111110.3,Dhaka,431,AGENT,IOS,MASS,ACTIVE
SYN-U-10064,55,F,SALARIED,15000.0,Chittagong,386,APP,IOS,MASS,ACTIVE
SYN-U-10065,54,F,SALARIED,44656.87,Chittagong,82,BRANCH,FEATURE_PHONE,MASS,ACTIVE
SYN-U-10066,69,M,BUSINESS,47448.37,Narayanganj,1090,APP,ANDROID,STUDENT,ACTIVE
SYN-U-10067,42,F,STUDENT,15000.0,Rajshahi,1264,AGENT,ANDROID,PAYROLL,ACTIVE
SYN-U-10068,27,F,BUSINESS,145227.59,Dhaka,2228,AGENT,IOS,AFFLUENT,ACTIVE
SYN-U-10069,58,M,BUSINESS,206780.76,Dhaka,345,AGENT,ANDROID,SME,ACTIVE
SYN-U-10070,21,F,SALARIED,24999.25,Chittagong,1829,USSD,ANDROID,STUDENT,ACTIVE
SYN-U-10071,19,F,SALARIED,48540.91,Khulna,2322,APP,ANDROID,MASS,ACTIVE
SYN-U-10072,23,F,BUSINESS,49213.87,Khulna,127,USSD,ANDROID,PAYROLL,ACTIVE
SYN-U-10073,45,F,SALARIED,119044.82,Gazipur,1650,APP,ANDROID,AFFLUENT,ACTIVE
SYN-U-10074,21,M,SALARIED,55386.5,Sylhet,1281,APP,ANDROID,MASS,ACTIVE
SYN-U-10075,28,F,FREELANCER,51397.73,Gazipur,1924,AGENT,ANDROID,MASS,ACTIVE
SYN-U-10076,68,F,HOMEMAKER,80487.26,Dhaka,1474,APP,ANDROID,AFFLUENT,ACTIVE
SYN-U-10077,69,M,HOMEMAKER,27369.21,Chittagong,1227,APP,ANDROID,MASS,ACTIVE
SYN-U-10078,48,M,SALARIED,56068.28,Gazipur,1498,APP,ANDROID,MASS,ACTIVE
SYN-U-10079,19,F,HOMEMAKER,29946.3,Sylhet,452,APP,ANDROID,PAYROLL,ACTIVE
SYN-U-10080,29,F,SALARIED,61227.87,Dhaka,32,APP,ANDROID,PAYROLL,ACTIVE
SYN-U-10081,36,F,STUDENT,24198.15,Chittagong,1046,APP,ANDROID,MASS,ACTIVE
SYN-U-10082,55,M,SALARIED,163370.2,Cumilla,129,AGENT,ANDROID,AFFLUENT,ACTIVE
SYN-U-10083,54,F,BUSINESS,74014.62,Chittagong,2431,AGENT,IOS,PAYROLL,ACTIVE
SYN-U-10084,24,M,SALARIED,33080.46,Narayanganj,1380,APP,ANDROID,MASS,ACTIVE
SYN-U-10085,25,M,BUSINESS,106758.88,Dhaka,1427,USSD,ANDROID,MASS,ACTIVE
SYN-U-10086,58,F,FREELANCER,76231.57,Chittagong,765,USSD,ANDROID,PAYROLL,ACTIVE
SYN-U-10087,30,M,BUSINESS,82043.05,Rajshahi,1494,APP,ANDROID,MASS,ACTIVE
SYN-U-10088,57,F,SALARIED,38905.92,Dhaka,533,BRANCH,ANDROID,MASS,ACTIVE
SYN-U-10089,47,F,BUSINESS,84435.83,Chittagong,1270,APP,ANDROID,STUDENT,ACTIVE
SYN-U-10090,56,M,STUDENT,15000.0,Rajshahi,119,APP,ANDROID,STUDENT,ACTIVE
SYN-U-10091,36,M,BUSINESS,18740.53,Dhaka,1783,APP,ANDROID,STUDENT,ACTIVE
SYN-U-10092,37,F,FREELANCER,80121.49,Gazipur,1118,AGENT,ANDROID,SME,ACTIVE
SYN-U-10093,28,M,BUSINESS,188100.99,Sylhet,2174,APP,ANDROID,AFFLUENT,ACTIVE
SYN-U-10094,62,F,SALARIED,44049.11,Dhaka,1114,AGENT,ANDROID,MASS,ACTIVE
SYN-U-10095,40,M,BUSINESS,72814.13,Chittagong,897,APP,ANDROID,STUDENT,ACTIVE
SYN-U-10096,29,M,BUSINESS,54809.67,Dhaka,1844,APP,ANDROID,MASS,ACTIVE
SYN-U-10097,48,M,SALARIED,67863.18,Cumilla,1575,AGENT,IOS,MASS,ACTIVE
SYN-U-10098,30,M,BUSINESS,75421.78,Sylhet,564,APP,ANDROID,MASS,ACTIVE
SYN-U-10099,22,M,HOMEMAKER,34195.79,Sylhet,1629,AGENT,ANDROID,SME,ACTIVE
SYN-U-10100,32,M,BUSINESS,213796.13,Chittagong,1799,APP,ANDROID,AFFLUENT,ACTIVE
SYN-U-10101,26,F,SALARIED,49978.82,Dhaka,1804,APP,IOS,MASS,ACTIVE
SYN-U-10102,53,F,RETIRED,15000.0,Sylhet,544,APP,ANDROID,STUDENT,ACTIVE
SYN-U-10103,36,F,SALARIED,48352.32,Barishal,914,BRANCH,IOS,STUDENT,ACTIVE
SYN-U-10104,28,M,SALARIED,44904.52,Chittagong,278,APP,ANDROID,MASS,ACTIVE
SYN-U-10105,25,M,SALARIED,80944.43,Cumilla,393,APP,ANDROID,AFFLUENT,ACTIVE
SYN-U-10106,35,F,SALARIED,66322.13,Khulna,893,BRANCH,ANDROID,MASS,ACTIVE
SYN-U-10107,66,F,BUSINESS,32152.34,Dhaka,2407,APP,FEATURE_PHONE,STUDENT,ACTIVE
SYN-U-10108,33,F,SALARIED,104882.68,Chittagong,1429,APP,FEATURE_PHONE,AFFLUENT,ACTIVE
SYN-U-10109,45,M,BUSINESS,92916.37,Jessore,859,APP,ANDROID,MASS,ACTIVE
SYN-U-10110,51,F,BUSINESS,103260.98,Dhaka,1835,AGENT,ANDROID,SME,DORMANT
SYN-U-10111,68,M,BUSINESS,71145.26,Khulna,88,APP,IOS,MASS,ACTIVE
SYN-U-10112,66,F,STUDENT,24928.72,Dhaka,1630,APP,ANDROID,STUDENT,ACTIVE
SYN-U-10113,54,M,BUSINESS,121976.16,Chittagong,1148,AGENT,FEATURE_PHONE,SME,ACTIVE
SYN-U-10114,26,M,SALARIED,65904.54,Dhaka,636,AGENT,IOS,MASS,ACTIVE
SYN-U-10115,64,M,SALARIED,68641.8,Chittagong,2101,APP,ANDROID,MASS,ACTIVE
SYN-U-10116,34,M,SALARIED,46364.89,Rangpur,1387,BRANCH,ANDROID,MASS,ACTIVE
SYN-U-10117,38,F,FREELANCER,15000.0,Dhaka,2488,BRANCH,ANDROID,MASS,ACTIVE
SYN-U-10118,55,M,HOMEMAKER,66800.04,Rangpur,859,AGENT,ANDROID,AFFLUENT,ACTIVE
SYN-U-10119,69,F,FREELANCER,81218.46,Rangpur,1499,APP,ANDROID,MASS,ACTIVE
SYN-U-10120,32,M,BUSINESS,65914.78,Khulna,2491,APP,ANDROID,MASS,ACTIVE
SYN-U-10121,58,F,FREELANCER,104205.56,Dhaka,987,USSD,ANDROID,AFFLUENT,ACTIVE
SYN-U-10122,59,F,SALARIED,52593.32,Dhaka,416,APP,ANDROID,MASS,ACTIVE
SYN-U-10123,23,M,BUSINESS,110751.86,Dhaka,973,APP,ANDROID,SME,ACTIVE
SYN-U-10124,22,M,SALARIED,154599.8,Dhaka,638,APP,ANDROID,AFFLUENT,ACTIVE
SYN-U-10125,19,F,FREELANCER,55774.69,Chittagong,2042,APP,ANDROID,SME,ACTIVE
SYN-U-10126,26,F,SALARIED,37371.75,Gazipur,2461,APP,ANDROID,MASS,ACTIVE
SYN-U-10127,19,M,SALARIED,20562.07,Gazipur,605,APP,ANDROID,MASS,ACTIVE
SYN-U-10128,18,F,SALARIED,54055.48,Dhaka,1157,APP,ANDROID,MASS,ACTIVE
SYN-U-10129,44,M,SALARIED,64861.39,Dhaka,1201,BRANCH,IOS,MASS,ACTIVE
SYN-U-10130,57,F,SALARIED,59808.49,Dhaka,1695,BRANCH,IOS,MASS,ACTIVE
SYN-U-10131,35,M,SALARIED,26936.92,Chittagong,1459,APP,ANDROID,STUDENT,ACTIVE
SYN-U-10132,18,M,FREELANCER,58580.07,Rajshahi,306,AGENT,ANDROID,STUDENT,ACTIVE
SYN-U-10133,40,M,FREELANCER,60187.65,Bogura,839,AGENT,ANDROID,AFFLUENT,ACTIVE
SYN-U-10134,60,F,BUSINESS,36091.19,Dhaka,2168,AGENT,ANDROID,MASS,ACTIVE
SYN-U-10135,42,F,HOMEMAKER,42554.2,Chittagong,177,AGENT,ANDROID,SME,ACTIVE
SYN-U-10136,46,F,SALARIED,31845.46,Dhaka,34,APP,ANDROID,STUDENT,ACTIVE
SYN-U-10137,36,F,BUSINESS,21108.76,Rajshahi,1062,AGENT,IOS,MASS,ACTIVE
SYN-U-10138,69,M,FREELANCER,167019.17,Sylhet,349,APP,ANDROID,SME,ACTIVE
SYN-U-10139,71,F,FREELANCER,39187.16,Dhaka,1978,BRANCH,ANDROID,MASS,ACTIVE
SYN-U-10140,43,F,BUSINESS,72412.51,Jessore,1182,APP,ANDROID,MASS,ACTIVE
SYN-U-10141,46,M,SALARIED,97268.55,Gazipur,634,AGENT,ANDROID,AFFLUENT,ACTIVE
SYN-U-10142,31,M,BUSINESS,214185.9,Rajshahi,1167,AGENT,ANDROID,AFFLUENT,ACTIVE
SYN-U-10143,51,M,SALARIED,73068.98,Rangpur,709,APP,ANDROID,AFFLUENT,ACTIVE
SYN-U-10144,48,M,RETIRED,44905.32,Rangpur,2068,APP,ANDROID,MASS,RESTRICTED
SYN-U-10145,28,M,BUSINESS,93598.4,Mymensingh,396,APP,ANDROID,MASS,ACTIVE
SYN-U-10146,19,F,BUSINESS,15000.0,Dhaka,1798,APP,IOS,MASS,ACTIVE
SYN-U-10147,35,M,BUSINESS,81036.68,Chittagong,114,AGENT,ANDROID,MASS,ACTIVE
SYN-U-10148,30,M,SALARIED,33040.63,Mymensingh,1721,APP,ANDROID,MASS,ACTIVE
SYN-U-10149,44,M,SALARIED,129303.38,Rangpur,575,BRANCH,ANDROID,AFFLUENT,ACTIVE
SYN-U-10150,52,F,HOMEMAKER,15336.72,Sylhet,95,APP,ANDROID,MASS,ACTIVE
SYN-U-10151,60,F,SALARIED,46205.25,Cumilla,1953,AGENT,ANDROID,MASS,ACTIVE
SYN-U-10152,21,M,FREELANCER,35732.36,Sylhet,1669,BRANCH,ANDROID,MASS,ACTIVE
SYN-U-10153,62,M,SALARIED,45350.66,Chittagong,2147,APP,ANDROID,MASS,ACTIVE
SYN-U-10154,52,F,SALARIED,45772.98,Dhaka,1227,APP,ANDROID,MASS,ACTIVE
SYN-U-10155,20,M,SALARIED,66204.51,Dhaka,1422,APP,ANDROID,MASS,ACTIVE
SYN-U-10156,53,M,HOMEMAKER,15971.83,Chittagong,1695,AGENT,ANDROID,MASS,ACTIVE
SYN-U-10157,21,M,SALARIED,96272.4,Khulna,999,AGENT,ANDROID,AFFLUENT,ACTIVE
SYN-U-10158,21,F,FREELANCER,29694.98,Chittagong,1338,APP,ANDROID,STUDENT,ACTIVE
SYN-U-10159,67,M,BUSINESS,87339.45,Dhaka,157,APP,ANDROID,MASS,ACTIVE
SYN-U-10160,55,F,SALARIED,54499.7,Cumilla,1184,APP,ANDROID,STUDENT,DORMANT
SYN-U-10161,36,M,BUSINESS,86426.8,Dhaka,2097,APP,IOS,SME,ACTIVE
SYN-U-10162,24,F,SALARIED,43227.63,Gazipur,1932,AGENT,ANDROID,MASS,ACTIVE
SYN-U-10163,58,F,SALARIED,52887.11,Chittagong,159,AGENT,ANDROID,STUDENT,DORMANT
SYN-U-10164,60,M,SALARIED,60225.69,Khulna,1976,APP,ANDROID,MASS,ACTIVE
SYN-U-10165,70,F,SALARIED,49175.23,Cumilla,1076,BRANCH,IOS,PAYROLL,ACTIVE
SYN-U-10166,21,M,SALARIED,45314.61,Rangpur,1230,BRANCH,ANDROID,PAYROLL,ACTIVE
SYN-U-10167,52,M,FREELANCER,35932.19,Dhaka,2227,BRANCH,ANDROID,PAYROLL,ACTIVE
SYN-U-10168,71,F,STUDENT,29708.91,Gazipur,2020,BRANCH,ANDROID,MASS,ACTIVE
SYN-U-10169,58,F,SALARIED,65429.48,Chittagong,1054,AGENT,IOS,SME,ACTIVE
SYN-U-10170,62,M,SALARIED,25935.8,Khulna,1409,USSD,ANDROID,STUDENT,ACTIVE
SYN-U-10171,40,M,BUSINESS,147344.04,Gazipur,1064,APP,IOS,SME,ACTIVE
SYN-U-10172,52,M,SALARIED,83697.23,Dhaka,830,APP,ANDROID,SME,ACTIVE
SYN-U-10173,25,M,SALARIED,67823.25,Dhaka,1984,APP,ANDROID,AFFLUENT,ACTIVE
SYN-U-10174,45,M,SALARIED,17703.85,Gazipur,2465,BRANCH,ANDROID,MASS,ACTIVE
SYN-U-10175,28,M,BUSINESS,130956.08,Chittagong,1230,APP,ANDROID,AFFLUENT,ACTIVE
SYN-U-10176,29,F,FREELANCER,54676.43,Dhaka,1710,APP,ANDROID,AFFLUENT,ACTIVE
SYN-U-10177,49,M,BUSINESS,155692.18,Dhaka,1036,APP,ANDROID,AFFLUENT,ACTIVE
SYN-U-10178,68,F,SALARIED,56697.31,Dhaka,2191,APP,ANDROID,MASS,ACTIVE
SYN-U-10179,61,F,BUSINESS,54234.57,Chittagong,2385,APP,ANDROID,MASS,ACTIVE
SYN-U-10180,51,M,SALARIED,91771.52,Chittagong,1636,APP,ANDROID,SME,ACTIVE
SYN-U-10181,68,F,FREELANCER,50935.16,Mymensingh,2289,APP,IOS,STUDENT,ACTIVE
SYN-U-10182,70,M,SALARIED,44771.11,Dhaka,1251,APP,ANDROID,MASS,ACTIVE
SYN-U-10183,61,M,FREELANCER,22017.36,Dhaka,1641,APP,ANDROID,PAYROLL,ACTIVE
SYN-U-10184,43,M,HOMEMAKER,24414.91,Bogura,1762,AGENT,IOS,MASS,ACTIVE
SYN-U-10185,23,M,BUSINESS,81812.19,Chittagong,2191,APP,ANDROID,MASS,ACTIVE
SYN-U-10186,53,F,HOMEMAKER,25126.1,Dhaka,908,APP,IOS,MASS,ACTIVE
SYN-U-10187,59,M,BUSINESS,54068.39,Mymensingh,709,AGENT,ANDROID,STUDENT,ACTIVE
SYN-U-10188,60,M,SALARIED,48997.22,Dhaka,585,AGENT,ANDROID,MASS,ACTIVE
SYN-U-10189,65,F,FREELANCER,70592.0,Sylhet,794,APP,IOS,MASS,ACTIVE
SYN-U-10190,60,F,SALARIED,166415.0,Dhaka,1967,APP,ANDROID,AFFLUENT,ACTIVE
SYN-U-10191,39,M,BUSINESS,178694.19,Jessore,2258,AGENT,IOS,AFFLUENT,ACTIVE
SYN-U-10192,36,M,SALARIED,40176.25,Cumilla,2221,APP,ANDROID,MASS,ACTIVE
SYN-U-10193,22,F,FREELANCER,147207.6,Chittagong,2082,AGENT,ANDROID,AFFLUENT,ACTIVE
SYN-U-10194,52,M,BUSINESS,41322.67,Sylhet,940,AGENT,ANDROID,MASS,ACTIVE
SYN-U-10195,18,M,SALARIED,23426.38,Chittagong,1144,AGENT,ANDROID,STUDENT,ACTIVE
SYN-U-10196,51,M,SALARIED,75385.62,Dhaka,1433,USSD,ANDROID,MASS,ACTIVE
SYN-U-10197,67,M,SALARIED,38366.14,Dhaka,1400,APP,ANDROID,MASS,ACTIVE
SYN-U-10198,26,M,SALARIED,18049.83,Sylhet,1388,APP,IOS,STUDENT,ACTIVE
SYN-U-10199,22,M,FREELANCER,55898.18,Rajshahi,2199,APP,ANDROID,MASS,ACTIVE
SYN-U-10200,28,M,SALARIED,69315.36,Dhaka,611,APP,ANDROID,SME,ACTIVE
SYN-U-10201,25,F,STUDENT,48373.95,Chittagong,2044,USSD,ANDROID,AFFLUENT,ACTIVE
SYN-U-10202,32,M,FREELANCER,60465.59,Sylhet,1869,BRANCH,ANDROID,MASS,ACTIVE
SYN-U-10203,45,F,BUSINESS,90881.44,Dhaka,689,AGENT,ANDROID,MASS,ACTIVE
SYN-U-10204,68,F,BUSINESS,15000.0,Dhaka,1485,USSD,ANDROID,STUDENT,ACTIVE
SYN-U-10205,58,F,SALARIED,54254.44,Chittagong,927,APP,ANDROID,MASS,ACTIVE
SYN-U-10206,20,M,BUSINESS,62241.76,Rajshahi,2122,APP,IOS,MASS,ACTIVE
SYN-U-10207,31,M,STUDENT,26025.7,Chittagong,309,APP,ANDROID,MASS,ACTIVE
SYN-U-10208,19,F,SALARIED,40985.39,Dhaka,273,AGENT,ANDROID,MASS,DORMANT
SYN-U-10209,39,M,FREELANCER,65741.58,Dhaka,857,APP,ANDROID,STUDENT,ACTIVE
SYN-U-10210,51,M,FREELANCER,35856.21,Barishal,165,AGENT,ANDROID,PAYROLL,ACTIVE
SYN-U-10211,67,M,SALARIED,55772.48,Gazipur,1230,APP,ANDROID,MASS,ACTIVE
SYN-U-10212,63,M,FREELANCER,129392.41,Mymensingh,2332,APP,ANDROID,SME,ACTIVE
SYN-U-10213,52,M,STUDENT,15801.1,Bogura,200,APP,IOS,PAYROLL,ACTIVE
SYN-U-10214,43,F,BUSINESS,47325.1,Barishal,1527,APP,ANDROID,STUDENT,ACTIVE
SYN-U-10215,26,M,SALARIED,101828.22,Sylhet,1593,APP,ANDROID,SME,ACTIVE
SYN-U-10216,18,M,BUSINESS,47121.11,Gazipur,1815,APP,ANDROID,AFFLUENT,ACTIVE
SYN-U-10217,29,M,BUSINESS,214250.74,Dhaka,1756,AGENT,ANDROID,SME,ACTIVE
SYN-U-10218,45,F,SALARIED,39314.43,Narayanganj,787,APP,ANDROID,STUDENT,ACTIVE
SYN-U-10219,55,F,HOMEMAKER,24906.15,Dhaka,2200,APP,ANDROID,SME,ACTIVE
SYN-U-10220,44,M,STUDENT,15000.0,Chittagong,1225,APP,ANDROID,STUDENT,DORMANT
SYN-U-10221,27,F,BUSINESS,152897.34,Sylhet,2352,APP,ANDROID,AFFLUENT,ACTIVE
SYN-U-10222,22,M,SALARIED,41000.66,Barishal,2485,APP,ANDROID,MASS,ACTIVE
SYN-U-10223,32,M,SALARIED,15000.0,Cox's Bazar,1826,APP,IOS,PAYROLL,ACTIVE
SYN-U-10224,41,M,FREELANCER,111464.26,Rajshahi,1964,AGENT,ANDROID,SME,ACTIVE
SYN-U-10225,44,F,SALARIED,53080.79,Sylhet,1326,APP,FEATURE_PHONE,SME,ACTIVE
SYN-U-10226,33,M,BUSINESS,50819.78,Sylhet,648,APP,ANDROID,MASS,ACTIVE
SYN-U-10227,39,M,SALARIED,72912.86,Cumilla,1999,AGENT,ANDROID,MASS,ACTIVE
SYN-U-10228,71,M,FREELANCER,176588.95,Dhaka,1824,AGENT,ANDROID,AFFLUENT,ACTIVE
SYN-U-10229,65,M,SALARIED,99850.15,Dhaka,1435,APP,ANDROID,AFFLUENT,ACTIVE
SYN-U-10230,53,M,RETIRED,22782.32,Rangpur,908,APP,IOS,MASS,ACTIVE
SYN-U-10231,33,F,BUSINESS,216231.06,Chittagong,379,APP,FEATURE_PHONE,AFFLUENT,ACTIVE
SYN-U-10232,21,F,STUDENT,17102.05,Chittagong,878,APP,FEATURE_PHONE,MASS,ACTIVE
SYN-U-10233,28,F,RETIRED,22578.43,Rajshahi,840,BRANCH,IOS,MASS,ACTIVE
SYN-U-10234,68,F,BUSINESS,106219.79,Dhaka,82,AGENT,ANDROID,MASS,ACTIVE
SYN-U-10235,67,F,BUSINESS,68509.49,Chittagong,784,AGENT,IOS,STUDENT,ACTIVE
SYN-U-10236,43,M,FREELANCER,45442.66,Chittagong,1600,BRANCH,ANDROID,MASS,ACTIVE
SYN-U-10237,66,M,BUSINESS,60401.48,Dhaka,178,APP,IOS,SME,ACTIVE
SYN-U-10238,65,F,BUSINESS,233341.59,Bogura,2084,APP,IOS,AFFLUENT,ACTIVE
SYN-U-10239,71,M,BUSINESS,115834.27,Chittagong,127,APP,ANDROID,MASS,ACTIVE
SYN-U-10240,28,F,SALARIED,100013.87,Dhaka,1607,APP,ANDROID,AFFLUENT,ACTIVE
SYN-U-10241,52,M,HOMEMAKER,83733.78,Chittagong,617,AGENT,IOS,AFFLUENT,ACTIVE
SYN-U-10242,51,F,SALARIED,53956.57,Dhaka,204,APP,ANDROID,MASS,ACTIVE
SYN-U-10243,32,M,SALARIED,57128.0,Sylhet,1400,BRANCH,IOS,MASS,ACTIVE
SYN-U-10244,28,M,SALARIED,56050.91,Sylhet,2238,APP,ANDROID,MASS,ACTIVE
SYN-U-10245,41,M,BUSINESS,46384.55,Khulna,380,APP,ANDROID,MASS,ACTIVE
SYN-U-10246,32,M,SALARIED,48649.95,Narayanganj,2325,APP,ANDROID,MASS,ACTIVE
SYN-U-10247,21,F,SALARIED,18310.99,Dhaka,438,APP,ANDROID,STUDENT,ACTIVE
SYN-U-10248,23,F,BUSINESS,81021.09,Dhaka,95,APP,ANDROID,MASS,ACTIVE
SYN-U-10249,71,M,FREELANCER,52265.02,Sylhet,1761,APP,ANDROID,STUDENT,ACTIVE
SYN-U-10250,27,F,BUSINESS,83085.86,Dhaka,1290,USSD,ANDROID,MASS,ACTIVE
SYN-U-10251,60,F,SALARIED,41540.03,Rajshahi,630,APP,ANDROID,MASS,ACTIVE
SYN-U-10252,54,M,HOMEMAKER,21952.0,Mymensingh,39,AGENT,IOS,MASS,ACTIVE
SYN-U-10253,68,M,FREELANCER,83953.38,Chittagong,668,APP,ANDROID,MASS,ACTIVE
SYN-U-10254,52,M,STUDENT,15000.0,Chittagong,2320,AGENT,ANDROID,MASS,ACTIVE
SYN-U-10255,33,F,BUSINESS,91404.72,Chittagong,373,APP,ANDROID,SME,ACTIVE
SYN-U-10256,67,F,BUSINESS,202915.43,Chittagong,2450,USSD,ANDROID,AFFLUENT,ACTIVE
SYN-U-10257,54,F,SALARIED,169557.4,Dhaka,61,APP,FEATURE_PHONE,AFFLUENT,ACTIVE
SYN-U-10258,70,M,SALARIED,57544.78,Chittagong,712,APP,ANDROID,AFFLUENT,ACTIVE
SYN-U-10259,56,M,BUSINESS,147457.82,Dhaka,1223,APP,FEATURE_PHONE,SME,ACTIVE
SYN-U-10260,57,O,SALARIED,30000.66,Jessore,1665,APP,ANDROID,STUDENT,ACTIVE
SYN-U-10261,18,M,RETIRED,37620.79,Chittagong,34,AGENT,ANDROID,MASS,ACTIVE
SYN-U-10262,30,F,HOMEMAKER,28329.82,Barishal,750,AGENT,IOS,MASS,ACTIVE
SYN-U-10263,54,F,SALARIED,45541.36,Dhaka,2103,BRANCH,ANDROID,SME,ACTIVE
SYN-U-10264,30,F,SALARIED,46163.47,Gazipur,1782,AGENT,ANDROID,MASS,ACTIVE
SYN-U-10265,53,F,FREELANCER,38137.94,Barishal,618,BRANCH,ANDROID,MASS,ACTIVE
SYN-U-10266,55,F,SALARIED,69240.51,Mymensingh,2013,USSD,IOS,MASS,ACTIVE
SYN-U-10267,22,F,BUSINESS,33875.22,Sylhet,1476,APP,ANDROID,MASS,ACTIVE
SYN-U-10268,52,M,SALARIED,37997.86,Chittagong,522,AGENT,ANDROID,MASS,ACTIVE
SYN-U-10269,24,F,SALARIED,55522.52,Dhaka,120,APP,ANDROID,AFFLUENT,ACTIVE
SYN-U-10270,36,F,BUSINESS,81741.49,Dhaka,2107,APP,ANDROID,PAYROLL,ACTIVE
SYN-U-10271,69,F,SALARIED,52312.74,Khulna,1841,APP,ANDROID,MASS,ACTIVE
SYN-U-10272,19,M,HOMEMAKER,16360.41,Khulna,1486,AGENT,IOS,MASS,ACTIVE
SYN-U-10273,71,F,BUSINESS,58354.33,Chittagong,1598,APP,ANDROID,SME,ACTIVE
SYN-U-10274,18,M,HOMEMAKER,68403.75,Dhaka,1238,AGENT,ANDROID,AFFLUENT,ACTIVE
SYN-U-10275,23,M,BUSINESS,55689.69,Chittagong,1861,AGENT,ANDROID,MASS,ACTIVE
SYN-U-10276,24,M,BUSINESS,62323.0,Mymensingh,1080,BRANCH,IOS,MASS,ACTIVE
SYN-U-10277,53,F,BUSINESS,119625.17,Dhaka,2248,APP,ANDROID,AFFLUENT,ACTIVE
SYN-U-10278,25,M,SALARIED,77908.83,Rajshahi,2004,APP,ANDROID,MASS,ACTIVE
SYN-U-10279,23,F,SALARIED,69078.45,Cumilla,1052,AGENT,ANDROID,MASS,ACTIVE
SYN-U-10280,62,M,SALARIED,122420.61,Chittagong,251,APP,ANDROID,AFFLUENT,ACTIVE
SYN-U-10281,23,F,RETIRED,36547.39,Chittagong,1134,APP,ANDROID,STUDENT,ACTIVE
SYN-U-10282,24,F,HOMEMAKER,18334.38,Dhaka,51,AGENT,ANDROID,PAYROLL,ACTIVE
SYN-U-10283,49,F,BUSINESS,53857.62,Chittagong,1587,AGENT,ANDROID,SME,ACTIVE
SYN-U-10284,48,M,BUSINESS,77393.9,Khulna,2005,APP,IOS,PAYROLL,ACTIVE
SYN-U-10285,48,F,FREELANCER,60585.88,Chittagong,673,AGENT,ANDROID,MASS,ACTIVE
SYN-U-10286,30,M,FREELANCER,48954.52,Mymensingh,2130,APP,ANDROID,MASS,ACTIVE
SYN-U-10287,36,F,SALARIED,41634.1,Dhaka,152,APP,ANDROID,MASS,ACTIVE
SYN-U-10288,49,F,BUSINESS,43116.43,Sylhet,2164,APP,ANDROID,MASS,ACTIVE
SYN-U-10289,46,F,BUSINESS,96580.51,Rajshahi,1431,APP,ANDROID,MASS,ACTIVE
SYN-U-10290,46,M,HOMEMAKER,15000.0,Sylhet,1825,AGENT,ANDROID,MASS,ACTIVE
SYN-U-10291,25,M,STUDENT,26240.05,Rajshahi,2162,USSD,IOS,MASS,ACTIVE
SYN-U-10292,67,M,SALARIED,45187.99,Dhaka,900,APP,ANDROID,MASS,ACTIVE
SYN-U-10293,32,M,FREELANCER,28816.37,Chittagong,1040,APP,ANDROID,MASS,ACTIVE
SYN-U-10294,59,F,BUSINESS,83446.26,Dhaka,295,AGENT,ANDROID,SME,ACTIVE
SYN-U-10295,60,M,FREELANCER,97518.65,Sylhet,2015,USSD,ANDROID,PAYROLL,ACTIVE
SYN-U-10296,70,M,SALARIED,30658.15,Sylhet,2075,AGENT,IOS,MASS,ACTIVE
SYN-U-10297,32,F,SALARIED,65750.36,Mymensingh,2438,APP,ANDROID,MASS,ACTIVE
SYN-U-10298,42,M,SALARIED,24236.82,Chittagong,99,AGENT,ANDROID,MASS,ACTIVE
SYN-U-10299,31,M,HOMEMAKER,16196.48,Chittagong,639,BRANCH,ANDROID,MASS,ACTIVE
SYN-U-10300,46,M,FREELANCER,190975.5,Dhaka,2285,USSD,IOS,AFFLUENT,ACTIVE
SYN-U-10301,24,F,SALARIED,41625.51,Dhaka,2190,APP,ANDROID,STUDENT,ACTIVE
SYN-U-10302,46,M,SALARIED,37054.19,Dhaka,1673,APP,ANDROID,STUDENT,ACTIVE
SYN-U-10303,41,M,STUDENT,17597.36,Dhaka,228,AGENT,ANDROID,MASS,ACTIVE
SYN-U-10304,49,M,BUSINESS,134146.77,Dhaka,991,APP,ANDROID,SME,ACTIVE
SYN-U-10305,20,M,FREELANCER,61018.67,Dhaka,1668,APP,IOS,MASS,ACTIVE
SYN-U-10306,55,M,STUDENT,15000.0,Dhaka,2227,USSD,ANDROID,MASS,ACTIVE
SYN-U-10307,63,F,HOMEMAKER,15000.0,Cumilla,238,AGENT,ANDROID,MASS,ACTIVE
SYN-U-10308,38,M,SALARIED,15518.18,Dhaka,1201,AGENT,ANDROID,MASS,ACTIVE
SYN-U-10309,30,M,FREELANCER,114422.17,Barishal,1945,USSD,ANDROID,SME,ACTIVE
SYN-U-10310,18,M,RETIRED,31024.12,Rangpur,787,APP,ANDROID,MASS,ACTIVE
SYN-U-10311,41,M,SALARIED,102918.09,Dhaka,1573,AGENT,ANDROID,AFFLUENT,ACTIVE
SYN-U-10312,23,F,FREELANCER,72385.9,Sylhet,659,APP,ANDROID,MASS,ACTIVE
SYN-U-10313,41,F,SALARIED,48137.77,Chittagong,2002,BRANCH,ANDROID,MASS,ACTIVE
SYN-U-10314,55,F,FREELANCER,25528.73,Dhaka,1702,AGENT,ANDROID,STUDENT,ACTIVE
SYN-U-10315,31,M,BUSINESS,209123.31,Chittagong,1446,AGENT,ANDROID,AFFLUENT,ACTIVE
SYN-U-10316,28,M,BUSINESS,47445.95,Khulna,602,USSD,IOS,PAYROLL,ACTIVE
SYN-U-10317,18,M,SALARIED,38163.89,Dhaka,1966,BRANCH,ANDROID,MASS,ACTIVE
SYN-U-10318,43,M,RETIRED,32316.09,Dhaka,1445,APP,ANDROID,MASS,ACTIVE
SYN-U-10319,65,F,SALARIED,49795.67,Chittagong,1987,AGENT,IOS,STUDENT,ACTIVE
SYN-U-10320,64,F,SALARIED,30633.72,Sylhet,1892,AGENT,ANDROID,MASS,ACTIVE
SYN-U-10321,44,M,FREELANCER,103620.1,Chittagong,651,APP,ANDROID,AFFLUENT,ACTIVE
SYN-U-10322,55,M,SALARIED,46870.88,Chittagong,1299,APP,ANDROID,STUDENT,ACTIVE
SYN-U-10323,62,F,FREELANCER,57355.33,Chittagong,602,AGENT,ANDROID,MASS,ACTIVE
SYN-U-10324,34,M,STUDENT,15000.0,Dhaka,2158,APP,ANDROID,MASS,ACTIVE
SYN-U-10325,32,M,RETIRED,33142.17,Khulna,2228,APP,ANDROID,MASS,ACTIVE
SYN-U-10326,52,M,BUSINESS,60462.26,Chittagong,415,APP,ANDROID,MASS,ACTIVE
SYN-U-10327,66,M,SALARIED,48731.12,Khulna,1690,APP,IOS,PAYROLL,ACTIVE
SYN-U-10328,52,M,RETIRED,62951.66,Dhaka,450,AGENT,ANDROID,MASS,ACTIVE
SYN-U-10329,24,F,BUSINESS,102168.83,Dhaka,1444,APP,ANDROID,AFFLUENT,ACTIVE
SYN-U-10330,38,F,RETIRED,47116.55,Dhaka,176,APP,ANDROID,MASS,ACTIVE
SYN-U-10331,37,F,BUSINESS,20389.02,Chittagong,1521,APP,ANDROID,STUDENT,ACTIVE
SYN-U-10332,61,F,FREELANCER,61403.12,Dhaka,1355,APP,IOS,PAYROLL,ACTIVE
SYN-U-10333,47,M,BUSINESS,127339.38,Dhaka,149,APP,ANDROID,SME,ACTIVE
SYN-U-10334,56,M,SALARIED,45672.03,Bogura,880,APP,ANDROID,MASS,ACTIVE
SYN-U-10335,26,F,SALARIED,38855.15,Mymensingh,294,BRANCH,ANDROID,STUDENT,ACTIVE
SYN-U-10336,35,M,SALARIED,46271.74,Dhaka,730,APP,ANDROID,MASS,ACTIVE
SYN-U-10337,55,F,FREELANCER,54372.68,Sylhet,703,BRANCH,ANDROID,MASS,ACTIVE
SYN-U-10338,64,M,SALARIED,51686.44,Cumilla,2256,APP,ANDROID,MASS,ACTIVE
SYN-U-10339,37,M,BUSINESS,69059.1,Khulna,2302,BRANCH,ANDROID,MASS,ACTIVE
SYN-U-10340,38,M,SALARIED,32936.81,Dhaka,2413,APP,IOS,MASS,ACTIVE
SYN-U-10341,41,F,STUDENT,26401.3,Dhaka,450,AGENT,ANDROID,SME,ACTIVE
SYN-U-10342,40,M,STUDENT,15000.0,Dhaka,1458,AGENT,ANDROID,MASS,ACTIVE
SYN-U-10343,21,M,SALARIED,58466.63,Chittagong,576,APP,IOS,MASS,ACTIVE
SYN-U-10344,64,F,FREELANCER,42756.41,Chittagong,458,AGENT,ANDROID,MASS,ACTIVE
SYN-U-10345,22,F,FREELANCER,71048.39,Dhaka,568,USSD,IOS,MASS,ACTIVE
SYN-U-10346,59,M,BUSINESS,40602.9,Dhaka,202,USSD,ANDROID,MASS,DORMANT
SYN-U-10347,20,F,FREELANCER,63004.11,Cumilla,1977,APP,ANDROID,STUDENT,ACTIVE
SYN-U-10348,52,M,SALARIED,82575.31,Sylhet,1238,BRANCH,ANDROID,MASS,ACTIVE
SYN-U-10349,51,F,BUSINESS,37272.3,Gazipur,617,APP,ANDROID,MASS,ACTIVE
SYN-U-10350,61,F,SALARIED,119639.31,Khulna,2408,BRANCH,ANDROID,SME,ACTIVE
SYN-U-10351,59,O,SALARIED,100286.86,Chittagong,2196,APP,ANDROID,AFFLUENT,ACTIVE
SYN-U-10352,34,F,BUSINESS,91448.3,Sylhet,794,APP,ANDROID,MASS,ACTIVE
SYN-U-10353,70,F,SALARIED,66187.62,Barishal,1116,APP,ANDROID,MASS,ACTIVE
SYN-U-10354,28,F,SALARIED,23919.49,Dhaka,703,APP,ANDROID,STUDENT,ACTIVE
SYN-U-10355,48,F,HOMEMAKER,20758.49,Barishal,570,APP,ANDROID,MASS,ACTIVE
SYN-U-10356,52,M,BUSINESS,62794.32,Gazipur,271,AGENT,ANDROID,MASS,ACTIVE
SYN-U-10357,51,F,SALARIED,23492.73,Gazipur,401,APP,ANDROID,MASS,ACTIVE
SYN-U-10358,64,M,SALARIED,60080.83,Chittagong,917,APP,ANDROID,AFFLUENT,ACTIVE
SYN-U-10359,32,F,SALARIED,30241.45,Chittagong,2262,APP,ANDROID,MASS,ACTIVE
SYN-U-10360,70,M,FREELANCER,16682.45,Dhaka,1065,APP,ANDROID,PAYROLL,ACTIVE
SYN-U-10361,64,M,FREELANCER,53345.97,Chittagong,706,APP,ANDROID,MASS,ACTIVE
SYN-U-10362,57,F,SALARIED,69313.55,Dhaka,1671,AGENT,ANDROID,MASS,ACTIVE
SYN-U-10363,49,F,BUSINESS,44070.22,Dhaka,1920,BRANCH,ANDROID,MASS,ACTIVE
SYN-U-10364,51,F,BUSINESS,29278.49,Dhaka,203,APP,ANDROID,MASS,ACTIVE
SYN-U-10365,29,F,SALARIED,91504.48,Cumilla,1461,APP,ANDROID,AFFLUENT,ACTIVE
SYN-U-10366,29,M,SALARIED,58208.25,Sylhet,1476,APP,IOS,STUDENT,ACTIVE
SYN-U-10367,33,M,SALARIED,41190.94,Dhaka,910,APP,ANDROID,MASS,ACTIVE
SYN-U-10368,68,F,SALARIED,53925.92,Gazipur,1103,APP,ANDROID,PAYROLL,ACTIVE
SYN-U-10369,62,F,FREELANCER,60884.9,Rangpur,1893,APP,ANDROID,MASS,DORMANT
SYN-U-10370,30,F,FREELANCER,166260.51,Narayanganj,2181,BRANCH,ANDROID,AFFLUENT,ACTIVE
SYN-U-10371,46,F,SALARIED,63356.48,Gazipur,2366,APP,ANDROID,MASS,ACTIVE
SYN-U-10372,34,F,BUSINESS,30339.28,Dhaka,420,AGENT,ANDROID,MASS,ACTIVE
SYN-U-10373,22,F,SALARIED,80605.51,Sylhet,1501,APP,ANDROID,MASS,ACTIVE
SYN-U-10374,26,M,HOMEMAKER,37728.4,Cumilla,1589,AGENT,ANDROID,SME,ACTIVE
SYN-U-10375,18,F,RETIRED,48599.98,Dhaka,1493,AGENT,ANDROID,SME,ACTIVE
SYN-U-10376,21,M,SALARIED,51882.11,Barishal,2335,BRANCH,ANDROID,MASS,ACTIVE
SYN-U-10377,42,M,FREELANCER,57336.98,Dhaka,374,APP,IOS,PAYROLL,ACTIVE
SYN-U-10378,30,M,STUDENT,15000.0,Dhaka,1236,AGENT,ANDROID,MASS,ACTIVE
SYN-U-10379,60,M,SALARIED,22947.52,Dhaka,1613,APP,ANDROID,MASS,ACTIVE
SYN-U-10380,54,F,FREELANCER,38900.56,Dhaka,694,AGENT,ANDROID,MASS,ACTIVE
SYN-U-10381,28,M,FREELANCER,38592.27,Dhaka,1213,AGENT,ANDROID,MASS,ACTIVE
SYN-U-10382,70,F,SALARIED,49411.45,Mymensingh,620,APP,ANDROID,MASS,ACTIVE
SYN-U-10383,18,F,SALARIED,167660.74,Rangpur,200,AGENT,FEATURE_PHONE,AFFLUENT,ACTIVE
SYN-U-10384,36,F,BUSINESS,64815.25,Chittagong,1500,BRANCH,ANDROID,PAYROLL,ACTIVE
SYN-U-10385,52,F,SALARIED,66983.41,Khulna,1446,APP,FEATURE_PHONE,PAYROLL,ACTIVE
SYN-U-10386,24,F,STUDENT,15000.0,Dhaka,35,APP,IOS,MASS,ACTIVE
SYN-U-10387,43,F,SALARIED,62292.11,Chittagong,850,AGENT,ANDROID,MASS,ACTIVE
SYN-U-10388,36,M,STUDENT,15000.0,Cox's Bazar,1324,APP,ANDROID,MASS,ACTIVE
SYN-U-10389,71,M,SALARIED,87799.85,Sylhet,2346,APP,IOS,AFFLUENT,ACTIVE
SYN-U-10390,27,F,SALARIED,31839.73,Chittagong,980,APP,IOS,STUDENT,ACTIVE
SYN-U-10391,71,M,BUSINESS,58126.91,Barishal,1938,APP,ANDROID,MASS,ACTIVE
SYN-U-10392,27,M,HOMEMAKER,22623.29,Rajshahi,267,APP,ANDROID,MASS,ACTIVE
SYN-U-10393,62,M,SALARIED,56677.21,Khulna,1931,APP,ANDROID,MASS,ACTIVE
SYN-U-10394,42,M,BUSINESS,159805.83,Dhaka,51,AGENT,IOS,SME,ACTIVE
SYN-U-10395,32,M,SALARIED,65046.7,Sylhet,2026,APP,ANDROID,STUDENT,ACTIVE
SYN-U-10396,71,M,FREELANCER,48453.31,Dhaka,1512,APP,FEATURE_PHONE,MASS,ACTIVE
SYN-U-10397,25,F,SALARIED,61505.15,Dhaka,175,AGENT,FEATURE_PHONE,MASS,ACTIVE
SYN-U-10398,34,M,BUSINESS,22976.97,Dhaka,602,APP,IOS,MASS,ACTIVE
SYN-U-10399,69,M,STUDENT,36438.31,Dhaka,696,APP,ANDROID,SME,ACTIVE
SYN-U-10400,38,M,HOMEMAKER,15000.0,Barishal,844,AGENT,ANDROID,MASS,ACTIVE
SYN-U-10401,37,M,SALARIED,27140.54,Dhaka,1668,APP,ANDROID,AFFLUENT,ACTIVE
SYN-U-10402,19,F,HOMEMAKER,17680.06,Dhaka,2335,AGENT,ANDROID,MASS,ACTIVE
SYN-U-10403,52,F,RETIRED,35818.92,Chittagong,2499,APP,IOS,PAYROLL,ACTIVE
SYN-U-10404,27,F,FREELANCER,46577.06,Dhaka,1570,APP,ANDROID,MASS,ACTIVE
SYN-U-10405,18,F,SALARIED,40317.16,Barishal,1794,APP,IOS,MASS,ACTIVE
SYN-U-10406,69,M,BUSINESS,195243.94,Khulna,276,APP,IOS,AFFLUENT,ACTIVE
SYN-U-10407,38,M,STUDENT,15053.29,Dhaka,1168,APP,IOS,MASS,ACTIVE
SYN-U-10408,64,M,SALARIED,55307.24,Dhaka,2114,AGENT,IOS,MASS,DORMANT
SYN-U-10409,52,F,SALARIED,106989.08,Dhaka,1558,APP,IOS,SME,ACTIVE
SYN-U-10410,35,F,SALARIED,48521.83,Dhaka,1213,APP,FEATURE_PHONE,MASS,ACTIVE
SYN-U-10411,67,M,STUDENT,18840.31,Sylhet,1915,APP,ANDROID,MASS,ACTIVE
SYN-U-10412,22,M,SALARIED,42035.56,Dhaka,1359,AGENT,IOS,MASS,ACTIVE
SYN-U-10413,35,F,BUSINESS,58966.24,Dhaka,343,AGENT,ANDROID,PAYROLL,ACTIVE
SYN-U-10414,28,F,FREELANCER,55967.82,Sylhet,128,APP,ANDROID,MASS,ACTIVE
SYN-U-10415,19,M,BUSINESS,80098.25,Barishal,198,APP,ANDROID,MASS,DORMANT
SYN-U-10416,31,F,BUSINESS,15000.0,Rangpur,1633,APP,ANDROID,MASS,ACTIVE
SYN-U-10417,58,F,FREELANCER,44711.48,Sylhet,2343,AGENT,IOS,MASS,ACTIVE
SYN-U-10418,65,M,BUSINESS,66290.6,Sylhet,1836,APP,ANDROID,MASS,ACTIVE
SYN-U-10419,61,F,SALARIED,67518.78,Gazipur,434,APP,ANDROID,MASS,ACTIVE
SYN-U-10420,27,M,STUDENT,15000.0,Dhaka,2201,APP,ANDROID,MASS,ACTIVE
SYN-U-10421,37,F,SALARIED,68980.75,Dhaka,402,USSD,ANDROID,SME,ACTIVE
SYN-U-10422,59,F,SALARIED,107215.22,Dhaka,97,APP,ANDROID,AFFLUENT,ACTIVE
SYN-U-10423,20,F,SALARIED,41101.12,Dhaka,448,APP,ANDROID,STUDENT,ACTIVE
SYN-U-10424,61,F,FREELANCER,140018.42,Dhaka,2190,APP,IOS,AFFLUENT,ACTIVE
SYN-U-10425,52,F,SALARIED,15000.0,Dhaka,1273,APP,ANDROID,MASS,ACTIVE
SYN-U-10426,49,F,BUSINESS,50325.92,Dhaka,676,APP,ANDROID,MASS,ACTIVE
SYN-U-10427,54,M,BUSINESS,169357.77,Sylhet,1764,APP,ANDROID,AFFLUENT,ACTIVE
SYN-U-10428,48,F,BUSINESS,49924.84,Mymensingh,819,AGENT,ANDROID,MASS,ACTIVE
SYN-U-10429,41,M,SALARIED,34519.55,Sylhet,140,APP,ANDROID,MASS,ACTIVE
SYN-U-10430,45,M,SALARIED,63337.34,Dhaka,2207,APP,IOS,MASS,ACTIVE
SYN-U-10431,31,F,STUDENT,43878.61,Chittagong,929,APP,ANDROID,AFFLUENT,ACTIVE
SYN-U-10432,21,F,BUSINESS,74490.2,Khulna,171,APP,ANDROID,MASS,ACTIVE
SYN-U-10433,32,M,FREELANCER,36034.55,Dhaka,1618,APP,ANDROID,MASS,ACTIVE
SYN-U-10434,59,M,SALARIED,47300.89,Dhaka,1024,APP,ANDROID,MASS,ACTIVE
SYN-U-10435,32,F,BUSINESS,238997.78,Dhaka,1066,APP,ANDROID,SME,ACTIVE
SYN-U-10436,26,M,HOMEMAKER,23002.03,Chittagong,2103,APP,ANDROID,MASS,ACTIVE
SYN-U-10437,44,M,BUSINESS,78501.48,Dhaka,389,AGENT,ANDROID,AFFLUENT,ACTIVE
SYN-U-10438,62,M,FREELANCER,220143.18,Narayanganj,2292,APP,ANDROID,AFFLUENT,ACTIVE
SYN-U-10439,18,M,BUSINESS,27741.63,Rajshahi,2306,APP,ANDROID,MASS,ACTIVE
SYN-U-10440,64,M,SALARIED,87371.18,Rajshahi,1088,APP,ANDROID,SME,ACTIVE
SYN-U-10441,68,F,BUSINESS,41790.38,Dhaka,49,APP,ANDROID,MASS,ACTIVE
SYN-U-10442,35,M,STUDENT,15000.0,Dhaka,651,APP,ANDROID,MASS,ACTIVE
SYN-U-10443,64,F,BUSINESS,46038.47,Chittagong,2438,USSD,ANDROID,STUDENT,ACTIVE
SYN-U-10444,52,M,BUSINESS,198407.47,Gazipur,298,AGENT,ANDROID,AFFLUENT,ACTIVE
SYN-U-10445,32,M,SALARIED,82352.39,Rajshahi,219,APP,ANDROID,AFFLUENT,ACTIVE
SYN-U-10446,24,O,HOMEMAKER,33013.9,Rajshahi,1834,BRANCH,IOS,MASS,ACTIVE
SYN-U-10447,67,F,SALARIED,50922.4,Dhaka,736,APP,ANDROID,STUDENT,ACTIVE
SYN-U-10448,47,F,STUDENT,25965.75,Dhaka,1630,APP,ANDROID,MASS,ACTIVE
SYN-U-10449,21,F,SALARIED,48932.1,Gazipur,904,APP,IOS,SME,ACTIVE
SYN-U-10450,29,F,FREELANCER,61584.79,Dhaka,375,AGENT,ANDROID,AFFLUENT,ACTIVE
SYN-U-10451,38,F,SALARIED,51297.86,Chittagong,731,APP,ANDROID,MASS,ACTIVE
SYN-U-10452,40,M,BUSINESS,71515.72,Chittagong,346,USSD,ANDROID,MASS,ACTIVE
SYN-U-10453,45,F,SALARIED,61217.44,Narayanganj,1897,AGENT,IOS,MASS,ACTIVE
SYN-U-10454,30,M,BUSINESS,65459.09,Rajshahi,1002,AGENT,IOS,MASS,ACTIVE
SYN-U-10455,50,M,SALARIED,15631.94,Dhaka,2014,APP,ANDROID,STUDENT,ACTIVE
SYN-U-10456,52,F,FREELANCER,60381.43,Cumilla,1248,APP,ANDROID,MASS,ACTIVE
SYN-U-10457,52,M,STUDENT,29903.59,Dhaka,515,APP,ANDROID,MASS,ACTIVE
SYN-U-10458,37,F,RETIRED,28038.42,Dhaka,2471,APP,ANDROID,PAYROLL,ACTIVE
SYN-U-10459,50,F,SALARIED,44279.33,Dhaka,1371,APP,ANDROID,MASS,ACTIVE
SYN-U-10460,25,M,SALARIED,65063.33,Dhaka,1500,BRANCH,ANDROID,MASS,ACTIVE
SYN-U-10461,70,M,SALARIED,32317.22,Chittagong,384,APP,ANDROID,STUDENT,ACTIVE
SYN-U-10462,23,F,SALARIED,37330.54,Khulna,1984,BRANCH,IOS,PAYROLL,ACTIVE
SYN-U-10463,61,F,FREELANCER,61428.62,Chittagong,857,APP,ANDROID,MASS,ACTIVE
SYN-U-10464,20,F,SALARIED,48690.64,Sylhet,248,APP,ANDROID,MASS,ACTIVE
SYN-U-10465,63,F,FREELANCER,45116.11,Chittagong,1002,BRANCH,ANDROID,MASS,ACTIVE
SYN-U-10466,49,O,SALARIED,15000.0,Dhaka,1740,APP,ANDROID,MASS,ACTIVE
SYN-U-10467,58,F,SALARIED,106918.29,Dhaka,807,APP,ANDROID,AFFLUENT,ACTIVE
SYN-U-10468,51,F,FREELANCER,38001.16,Chittagong,1445,APP,FEATURE_PHONE,MASS,ACTIVE
SYN-U-10469,46,F,STUDENT,15000.0,Dhaka,710,APP,IOS,STUDENT,ACTIVE
SYN-U-10470,61,F,SALARIED,49835.33,Rajshahi,1520,AGENT,ANDROID,MASS,RESTRICTED
SYN-U-10471,50,M,SALARIED,47519.36,Dhaka,2153,APP,ANDROID,PAYROLL,ACTIVE
SYN-U-10472,43,F,RETIRED,33580.11,Chittagong,1829,APP,ANDROID,MASS,ACTIVE
SYN-U-10473,69,F,STUDENT,15000.0,Cumilla,665,APP,ANDROID,PAYROLL,ACTIVE
SYN-U-10474,66,M,SALARIED,79498.36,Dhaka,211,APP,ANDROID,SME,ACTIVE
SYN-U-10475,28,M,SALARIED,45397.91,Dhaka,792,APP,ANDROID,SME,ACTIVE
SYN-U-10476,41,F,FREELANCER,53952.35,Dhaka,2327,APP,ANDROID,MASS,ACTIVE
SYN-U-10477,34,F,FREELANCER,109366.49,Dhaka,1146,AGENT,FEATURE_PHONE,SME,ACTIVE
SYN-U-10478,70,F,SALARIED,35580.96,Khulna,1862,AGENT,ANDROID,MASS,ACTIVE
SYN-U-10479,37,F,SALARIED,73957.12,Sylhet,78,BRANCH,ANDROID,MASS,ACTIVE
SYN-U-10480,36,M,BUSINESS,51397.97,Mymensingh,1569,APP,ANDROID,MASS,ACTIVE
SYN-U-10481,67,F,BUSINESS,120369.11,Rajshahi,1635,AGENT,ANDROID,MASS,ACTIVE
SYN-U-10482,64,M,RETIRED,67828.54,Rajshahi,2301,AGENT,IOS,SME,ACTIVE
SYN-U-10483,39,F,SALARIED,29758.31,Sylhet,827,APP,ANDROID,STUDENT,ACTIVE
SYN-U-10484,52,M,SALARIED,70609.39,Sylhet,1782,APP,ANDROID,SME,ACTIVE
SYN-U-10485,37,M,FREELANCER,36704.06,Chittagong,529,BRANCH,ANDROID,MASS,ACTIVE
SYN-U-10486,25,O,BUSINESS,109091.2,Sylhet,711,APP,ANDROID,MASS,ACTIVE
SYN-U-10487,32,F,BUSINESS,154560.58,Rangpur,1824,APP,ANDROID,AFFLUENT,ACTIVE
SYN-U-10488,46,M,BUSINESS,114055.69,Cox's Bazar,2301,APP,ANDROID,SME,ACTIVE
SYN-U-10489,27,F,BUSINESS,144207.68,Chittagong,1907,APP,ANDROID,SME,ACTIVE
SYN-U-10490,55,M,SALARIED,42435.75,Rajshahi,606,APP,ANDROID,PAYROLL,ACTIVE
SYN-U-10491,46,F,BUSINESS,151293.65,Chittagong,319,APP,IOS,AFFLUENT,ACTIVE
SYN-U-10492,27,M,SALARIED,81036.45,Dhaka,1375,AGENT,ANDROID,PAYROLL,ACTIVE
SYN-U-10493,71,F,FREELANCER,90731.67,Rajshahi,246,APP,ANDROID,MASS,ACTIVE
SYN-U-10494,51,M,SALARIED,25513.08,Gazipur,1852,APP,ANDROID,STUDENT,ACTIVE
SYN-U-10495,18,M,BUSINESS,84481.69,Bogura,197,AGENT,IOS,MASS,ACTIVE
SYN-U-10496,30,M,SALARIED,32593.31,Cumilla,700,APP,ANDROID,MASS,ACTIVE
SYN-U-10497,25,M,SALARIED,121967.88,Dhaka,1609,APP,ANDROID,SME,ACTIVE
SYN-U-10498,38,F,SALARIED,34599.29,Dhaka,1677,APP,ANDROID,MASS,ACTIVE
SYN-U-10499,18,M,STUDENT,20292.04,Dhaka,2156,AGENT,ANDROID,MASS,ACTIVE
SYN-U-10500,58,F,SALARIED,42126.63,Mymensingh,2141,APP,IOS,STUDENT,ACTIVE
SYN-U-10501,65,F,STUDENT,26195.25,Dhaka,2426,APP,ANDROID,MASS,ACTIVE
SYN-U-10502,51,F,SALARIED,78896.47,Dhaka,1115,APP,ANDROID,AFFLUENT,ACTIVE
SYN-U-10503,59,M,SALARIED,36840.19,Rajshahi,420,APP,ANDROID,STUDENT,ACTIVE
SYN-U-10504,29,M,STUDENT,18473.43,Sylhet,273,APP,ANDROID,MASS,ACTIVE
SYN-U-10505,20,M,BUSINESS,79425.48,Rajshahi,1614,APP,ANDROID,MASS,ACTIVE
SYN-U-10506,50,M,FREELANCER,50894.62,Dhaka,655,APP,ANDROID,STUDENT,ACTIVE
SYN-U-10507,25,F,BUSINESS,107469.72,Sylhet,319,AGENT,IOS,MASS,ACTIVE
SYN-U-10508,51,F,FREELANCER,66910.42,Mymensingh,797,APP,ANDROID,MASS,ACTIVE
SYN-U-10509,46,F,SALARIED,25604.17,Sylhet,361,APP,ANDROID,STUDENT,ACTIVE
SYN-U-10510,26,M,BUSINESS,84635.05,Dhaka,379,BRANCH,ANDROID,MASS,ACTIVE
SYN-U-10511,44,M,SALARIED,65568.89,Cumilla,238,APP,ANDROID,MASS,ACTIVE
SYN-U-10512,63,F,STUDENT,15000.0,Chittagong,841,APP,ANDROID,MASS,ACTIVE
SYN-U-10513,27,M,SALARIED,43648.45,Dhaka,1144,APP,ANDROID,MASS,ACTIVE
SYN-U-10514,47,M,RETIRED,47211.03,Cox's Bazar,2211,AGENT,ANDROID,SME,ACTIVE
SYN-U-10515,61,M,SALARIED,42974.93,Chittagong,394,AGENT,ANDROID,MASS,DORMANT
SYN-U-10516,61,F,STUDENT,18881.12,Dhaka,1343,AGENT,IOS,MASS,ACTIVE
SYN-U-10517,68,F,SALARIED,73560.83,Rangpur,2274,AGENT,ANDROID,MASS,ACTIVE
SYN-U-10518,25,M,FREELANCER,121453.4,Chittagong,2319,AGENT,ANDROID,SME,ACTIVE
SYN-U-10519,31,M,SALARIED,49913.98,Barishal,73,AGENT,IOS,MASS,ACTIVE
SYN-U-10520,23,F,STUDENT,18186.03,Sylhet,2164,BRANCH,ANDROID,MASS,ACTIVE
SYN-U-10521,57,M,SALARIED,65176.62,Dhaka,1168,USSD,ANDROID,MASS,ACTIVE
SYN-U-10522,69,F,SALARIED,59130.29,Mymensingh,2176,BRANCH,ANDROID,MASS,ACTIVE
SYN-U-10523,18,M,BUSINESS,107991.96,Chittagong,2261,AGENT,ANDROID,STUDENT,ACTIVE
SYN-U-10524,66,M,SALARIED,37129.16,Chittagong,739,APP,ANDROID,MASS,ACTIVE
SYN-U-10525,65,M,RETIRED,44041.64,Dhaka,1121,AGENT,ANDROID,MASS,ACTIVE
SYN-U-10526,57,M,RETIRED,18509.24,Gazipur,189,AGENT,IOS,MASS,ACTIVE
SYN-U-10527,66,F,HOMEMAKER,15000.0,Rajshahi,1167,APP,ANDROID,MASS,ACTIVE
SYN-U-10528,31,M,SALARIED,50858.09,Bogura,2050,APP,ANDROID,MASS,ACTIVE
SYN-U-10529,30,F,FREELANCER,97606.5,Dhaka,537,APP,ANDROID,SME,ACTIVE
SYN-U-10530,49,M,STUDENT,20042.35,Dhaka,2155,APP,ANDROID,MASS,ACTIVE
SYN-U-10531,49,F,STUDENT,23703.92,Dhaka,1897,APP,ANDROID,SME,ACTIVE
SYN-U-10532,47,F,STUDENT,15000.0,Gazipur,335,AGENT,ANDROID,MASS,ACTIVE
SYN-U-10533,50,M,SALARIED,41706.21,Barishal,1325,APP,IOS,PAYROLL,ACTIVE
SYN-U-10534,22,F,SALARIED,55535.95,Khulna,1281,BRANCH,IOS,MASS,ACTIVE
SYN-U-10535,41,M,BUSINESS,106666.78,Chittagong,1112,APP,ANDROID,MASS,ACTIVE
SYN-U-10536,46,F,RETIRED,53205.27,Dhaka,872,APP,ANDROID,SME,ACTIVE
SYN-U-10537,68,M,HOMEMAKER,43288.49,Dhaka,882,APP,ANDROID,AFFLUENT,ACTIVE
SYN-U-10538,38,F,SALARIED,40690.06,Sylhet,1326,APP,ANDROID,PAYROLL,ACTIVE
SYN-U-10539,44,M,RETIRED,73752.15,Dhaka,1495,AGENT,ANDROID,AFFLUENT,ACTIVE
SYN-U-10540,51,M,SALARIED,39390.07,Rangpur,888,APP,ANDROID,PAYROLL,ACTIVE
SYN-U-10541,68,M,SALARIED,33587.19,Dhaka,363,USSD,ANDROID,MASS,ACTIVE
SYN-U-10542,32,F,BUSINESS,65343.53,Gazipur,1299,APP,ANDROID,SME,ACTIVE
SYN-U-10543,39,F,BUSINESS,16502.59,Dhaka,2216,AGENT,ANDROID,STUDENT,ACTIVE
SYN-U-10544,24,M,STUDENT,15000.0,Narayanganj,202,APP,ANDROID,MASS,ACTIVE
SYN-U-10545,55,M,SALARIED,60498.92,Khulna,1722,AGENT,ANDROID,SME,ACTIVE
SYN-U-10546,23,M,FREELANCER,25800.51,Sylhet,473,BRANCH,ANDROID,MASS,ACTIVE
SYN-U-10547,63,F,SALARIED,30724.54,Cox's Bazar,1351,BRANCH,ANDROID,STUDENT,ACTIVE
SYN-U-10548,19,M,FREELANCER,155571.13,Dhaka,1793,APP,ANDROID,AFFLUENT,ACTIVE
SYN-U-10549,31,M,SALARIED,120966.4,Gazipur,1511,APP,ANDROID,AFFLUENT,ACTIVE
SYN-U-10550,31,F,STUDENT,15000.0,Chittagong,2052,APP,ANDROID,STUDENT,ACTIVE
SYN-U-10551,52,F,SALARIED,32129.23,Rajshahi,891,APP,ANDROID,PAYROLL,ACTIVE
SYN-U-10552,20,F,HOMEMAKER,58515.14,Dhaka,2364,APP,ANDROID,SME,ACTIVE
SYN-U-10553,68,M,BUSINESS,33123.06,Mymensingh,62,BRANCH,ANDROID,STUDENT,ACTIVE
SYN-U-10554,69,M,SALARIED,52081.32,Dhaka,2146,APP,ANDROID,MASS,ACTIVE
SYN-U-10555,47,M,BUSINESS,101971.8,Gazipur,612,APP,IOS,AFFLUENT,ACTIVE
SYN-U-10556,53,F,STUDENT,51423.17,Rajshahi,1508,APP,ANDROID,AFFLUENT,ACTIVE
SYN-U-10557,25,F,STUDENT,25466.18,Khulna,84,APP,ANDROID,MASS,ACTIVE
SYN-U-10558,41,M,FREELANCER,97357.94,Dhaka,2063,APP,ANDROID,MASS,ACTIVE
SYN-U-10559,26,M,SALARIED,74546.98,Khulna,184,USSD,ANDROID,MASS,ACTIVE
SYN-U-10560,39,M,BUSINESS,29536.97,Sylhet,1349,APP,ANDROID,STUDENT,DORMANT
SYN-U-10561,47,F,RETIRED,31597.08,Dhaka,757,AGENT,ANDROID,MASS,ACTIVE
SYN-U-10562,59,F,BUSINESS,86230.07,Sylhet,1157,BRANCH,ANDROID,MASS,ACTIVE
SYN-U-10563,49,F,RETIRED,35283.78,Dhaka,598,APP,ANDROID,STUDENT,ACTIVE
SYN-U-10564,57,F,SALARIED,64395.83,Chittagong,1485,APP,ANDROID,MASS,ACTIVE
SYN-U-10565,48,F,SALARIED,89709.75,Khulna,2214,APP,IOS,AFFLUENT,ACTIVE
SYN-U-10566,20,F,HOMEMAKER,21183.19,Dhaka,1574,APP,ANDROID,MASS,ACTIVE
SYN-U-10567,70,F,SALARIED,25245.22,Narayanganj,443,AGENT,ANDROID,PAYROLL,ACTIVE
SYN-U-10568,40,M,SALARIED,27574.74,Chittagong,1520,AGENT,ANDROID,STUDENT,ACTIVE
SYN-U-10569,33,F,BUSINESS,114406.67,Dhaka,511,APP,ANDROID,MASS,ACTIVE
SYN-U-10570,30,F,FREELANCER,87306.82,Dhaka,590,APP,IOS,MASS,ACTIVE
SYN-U-10571,53,M,FREELANCER,82068.46,Rajshahi,1310,AGENT,ANDROID,AFFLUENT,ACTIVE
SYN-U-10572,37,M,BUSINESS,15000.0,Dhaka,1488,AGENT,FEATURE_PHONE,STUDENT,ACTIVE
SYN-U-10573,52,F,SALARIED,37632.89,Rajshahi,1757,AGENT,ANDROID,MASS,ACTIVE
SYN-U-10574,53,F,SALARIED,29771.68,Dhaka,2436,APP,ANDROID,MASS,ACTIVE
SYN-U-10575,30,F,BUSINESS,83800.85,Chittagong,1023,APP,ANDROID,SME,ACTIVE
SYN-U-10576,21,F,BUSINESS,74516.89,Rangpur,677,AGENT,ANDROID,MASS,ACTIVE
SYN-U-10577,33,M,STUDENT,15000.0,Chittagong,244,BRANCH,ANDROID,STUDENT,ACTIVE
SYN-U-10578,48,F,SALARIED,43987.65,Rajshahi,908,APP,ANDROID,MASS,ACTIVE
SYN-U-10579,37,F,BUSINESS,84213.08,Dhaka,1548,APP,ANDROID,AFFLUENT,ACTIVE
SYN-U-10580,53,M,STUDENT,42413.67,Dhaka,686,APP,ANDROID,AFFLUENT,ACTIVE
SYN-U-10581,23,F,FREELANCER,69464.33,Dhaka,2384,APP,ANDROID,STUDENT,ACTIVE
SYN-U-10582,40,M,BUSINESS,45802.29,Dhaka,788,APP,IOS,AFFLUENT,ACTIVE
SYN-U-10583,62,M,BUSINESS,112785.27,Barishal,1135,APP,ANDROID,SME,ACTIVE
SYN-U-10584,48,F,FREELANCER,69375.22,Dhaka,659,BRANCH,FEATURE_PHONE,MASS,ACTIVE
SYN-U-10585,23,M,SALARIED,106362.58,Dhaka,1142,APP,ANDROID,SME,ACTIVE
SYN-U-10586,62,M,SALARIED,44612.28,Khulna,546,APP,ANDROID,MASS,ACTIVE
SYN-U-10587,25,M,STUDENT,20893.03,Dhaka,1485,APP,IOS,MASS,ACTIVE
SYN-U-10588,45,M,STUDENT,17401.79,Dhaka,845,APP,ANDROID,MASS,ACTIVE
SYN-U-10589,64,M,BUSINESS,45268.62,Dhaka,366,BRANCH,ANDROID,MASS,ACTIVE
SYN-U-10590,29,M,BUSINESS,89358.23,Chittagong,1370,BRANCH,ANDROID,PAYROLL,ACTIVE
SYN-U-10591,38,F,SALARIED,56617.46,Mymensingh,1274,AGENT,ANDROID,MASS,ACTIVE
SYN-U-10592,32,M,FREELANCER,61245.54,Dhaka,108,APP,ANDROID,MASS,ACTIVE
SYN-U-10593,47,M,FREELANCER,50455.82,Rajshahi,1169,AGENT,ANDROID,PAYROLL,ACTIVE
SYN-U-10594,67,F,STUDENT,31931.81,Rajshahi,448,APP,ANDROID,AFFLUENT,ACTIVE
SYN-U-10595,36,F,BUSINESS,94903.45,Barishal,625,APP,ANDROID,MASS,ACTIVE
SYN-U-10596,66,M,SALARIED,79226.1,Dhaka,635,BRANCH,IOS,SME,ACTIVE
SYN-U-10597,32,M,BUSINESS,51349.11,Chittagong,625,APP,ANDROID,PAYROLL,ACTIVE
SYN-U-10598,21,F,STUDENT,17639.12,Chittagong,1653,APP,ANDROID,SME,ACTIVE
SYN-U-10599,45,M,BUSINESS,164790.31,Chittagong,1372,APP,ANDROID,SME,ACTIVE
SYN-U-10600,42,M,SALARIED,46184.58,Mymensingh,839,APP,ANDROID,MASS,ACTIVE
SYN-U-10601,29,F,BUSINESS,39056.11,Mymensingh,1621,APP,ANDROID,MASS,ACTIVE
SYN-U-10602,45,M,SALARIED,61307.13,Rajshahi,2052,APP,ANDROID,SME,ACTIVE
SYN-U-10603,42,F,BUSINESS,15000.0,Dhaka,1845,AGENT,ANDROID,STUDENT,ACTIVE
SYN-U-10604,55,F,STUDENT,47449.67,Dhaka,2461,APP,ANDROID,AFFLUENT,ACTIVE
SYN-U-10605,63,M,SALARIED,113536.94,Rangpur,1031,APP,ANDROID,AFFLUENT,ACTIVE
SYN-U-10606,61,F,SALARIED,56597.13,Dhaka,532,APP,ANDROID,MASS,ACTIVE
SYN-U-10607,70,F,BUSINESS,83116.47,Gazipur,1976,AGENT,ANDROID,MASS,ACTIVE
SYN-U-10608,44,F,BUSINESS,190577.84,Sylhet,1215,APP,ANDROID,SME,ACTIVE
SYN-U-10609,18,F,STUDENT,15000.0,Dhaka,1283,APP,ANDROID,MASS,ACTIVE
SYN-U-10610,60,F,BUSINESS,85398.29,Dhaka,1086,AGENT,ANDROID,MASS,ACTIVE
SYN-U-10611,23,F,SALARIED,51785.02,Rajshahi,953,APP,ANDROID,MASS,ACTIVE
SYN-U-10612,19,M,HOMEMAKER,26880.33,Chittagong,2159,APP,ANDROID,PAYROLL,ACTIVE
SYN-U-10613,35,M,SALARIED,69628.39,Dhaka,2039,APP,ANDROID,SME,ACTIVE
SYN-U-10614,45,M,HOMEMAKER,17555.43,Dhaka,125,APP,ANDROID,MASS,ACTIVE
SYN-U-10615,51,M,SALARIED,59989.73,Rajshahi,1091,APP,ANDROID,PAYROLL,ACTIVE
SYN-U-10616,33,F,RETIRED,66409.53,Chittagong,1720,AGENT,ANDROID,SME,ACTIVE
SYN-U-10617,33,M,SALARIED,35484.71,Dhaka,652,APP,ANDROID,STUDENT,ACTIVE
SYN-U-10618,38,M,SALARIED,45324.12,Rangpur,367,APP,IOS,MASS,ACTIVE
SYN-U-10619,63,M,SALARIED,31169.03,Rangpur,1909,BRANCH,ANDROID,STUDENT,ACTIVE
SYN-U-10620,41,M,FREELANCER,198691.32,Dhaka,1032,AGENT,ANDROID,AFFLUENT,ACTIVE
SYN-U-10621,38,F,BUSINESS,65856.83,Sylhet,128,APP,ANDROID,MASS,ACTIVE
SYN-U-10622,34,F,SALARIED,34750.13,Khulna,1861,APP,IOS,STUDENT,ACTIVE
SYN-U-10623,21,F,SALARIED,27906.23,Jessore,1620,AGENT,ANDROID,SME,ACTIVE
SYN-U-10624,28,M,STUDENT,21970.04,Dhaka,205,APP,ANDROID,MASS,ACTIVE
SYN-U-10625,32,F,SALARIED,71808.85,Dhaka,455,AGENT,ANDROID,MASS,ACTIVE
SYN-U-10626,67,F,SALARIED,15449.51,Rajshahi,1875,AGENT,IOS,MASS,ACTIVE
SYN-U-10627,36,F,SALARIED,44569.89,Gazipur,2494,APP,ANDROID,MASS,ACTIVE
SYN-U-10628,42,F,RETIRED,17298.46,Rajshahi,2193,APP,IOS,STUDENT,ACTIVE
SYN-U-10629,22,F,SALARIED,74066.52,Khulna,656,APP,ANDROID,MASS,ACTIVE
SYN-U-10630,70,F,SALARIED,21677.0,Chittagong,2253,BRANCH,IOS,STUDENT,ACTIVE
SYN-U-10631,61,M,SALARIED,55843.27,Rajshahi,1029,APP,ANDROID,STUDENT,ACTIVE
SYN-U-10632,69,M,SALARIED,49011.33,Cumilla,359,AGENT,IOS,MASS,ACTIVE
SYN-U-10633,29,F,SALARIED,26537.94,Chittagong,933,APP,IOS,STUDENT,ACTIVE
SYN-U-10634,50,F,RETIRED,66937.02,Barishal,994,APP,ANDROID,AFFLUENT,ACTIVE
SYN-U-10635,67,M,BUSINESS,115389.19,Rangpur,2123,BRANCH,IOS,MASS,ACTIVE
SYN-U-10636,28,F,HOMEMAKER,15000.0,Cumilla,171,APP,ANDROID,MASS,ACTIVE
SYN-U-10637,29,F,SALARIED,81338.79,Rajshahi,1967,USSD,ANDROID,SME,DORMANT
SYN-U-10638,64,F,HOMEMAKER,15000.0,Chittagong,1452,APP,ANDROID,MASS,ACTIVE
SYN-U-10639,67,M,SALARIED,106081.85,Narayanganj,884,APP,ANDROID,AFFLUENT,ACTIVE
SYN-U-10640,66,F,BUSINESS,57799.52,Khulna,1710,AGENT,ANDROID,STUDENT,ACTIVE
SYN-U-10641,58,F,SALARIED,70922.05,Bogura,1298,APP,ANDROID,SME,ACTIVE
SYN-U-10642,67,F,FREELANCER,59228.68,Cox's Bazar,388,AGENT,ANDROID,MASS,ACTIVE
SYN-U-10643,18,F,FREELANCER,91859.24,Dhaka,1763,AGENT,ANDROID,MASS,ACTIVE
SYN-U-10644,24,F,SALARIED,39605.43,Khulna,273,AGENT,ANDROID,MASS,ACTIVE
SYN-U-10645,67,M,BUSINESS,76241.95,Cumilla,1014,APP,ANDROID,MASS,ACTIVE
SYN-U-10646,33,F,SALARIED,44792.45,Dhaka,1645,USSD,ANDROID,AFFLUENT,ACTIVE
SYN-U-10647,56,F,SALARIED,43909.63,Chittagong,1077,APP,ANDROID,MASS,RESTRICTED
SYN-U-10648,62,F,BUSINESS,53848.9,Mymensingh,963,AGENT,ANDROID,STUDENT,ACTIVE
SYN-U-10649,40,M,FREELANCER,104703.88,Dhaka,2223,APP,ANDROID,SME,ACTIVE
SYN-U-10650,25,M,SALARIED,42261.69,Dhaka,2045,AGENT,ANDROID,SME,ACTIVE
SYN-U-10651,28,F,SALARIED,46971.82,Dhaka,907,APP,ANDROID,MASS,ACTIVE
SYN-U-10652,53,F,BUSINESS,78160.92,Rajshahi,580,BRANCH,ANDROID,SME,ACTIVE
SYN-U-10653,71,M,STUDENT,22136.93,Cumilla,1586,AGENT,ANDROID,PAYROLL,ACTIVE
SYN-U-10654,26,F,RETIRED,32100.74,Dhaka,2413,APP,ANDROID,PAYROLL,ACTIVE
SYN-U-10655,50,M,HOMEMAKER,25045.58,Dhaka,990,APP,ANDROID,MASS,ACTIVE
SYN-U-10656,62,M,SALARIED,41118.16,Dhaka,731,BRANCH,IOS,MASS,ACTIVE
SYN-U-10657,29,M,STUDENT,27072.09,Dhaka,807,APP,ANDROID,SME,ACTIVE
SYN-U-10658,27,F,RETIRED,24609.21,Chittagong,566,APP,ANDROID,MASS,ACTIVE
SYN-U-10659,68,F,BUSINESS,48611.42,Mymensingh,1125,APP,ANDROID,MASS,ACTIVE
SYN-U-10660,71,M,FREELANCER,34695.06,Chittagong,431,APP,ANDROID,MASS,ACTIVE
SYN-U-10661,18,M,SALARIED,119694.7,Sylhet,2490,AGENT,IOS,AFFLUENT,ACTIVE
SYN-U-10662,63,M,STUDENT,15000.0,Dhaka,2010,APP,IOS,MASS,ACTIVE
SYN-U-10663,62,M,BUSINESS,64168.33,Dhaka,796,APP,ANDROID,STUDENT,ACTIVE
SYN-U-10664,23,M,SALARIED,84871.36,Chittagong,1670,USSD,ANDROID,SME,RESTRICTED
SYN-U-10665,58,F,SALARIED,41339.8,Jessore,1615,AGENT,ANDROID,STUDENT,ACTIVE
SYN-U-10666,56,M,FREELANCER,42153.51,Barishal,724,APP,ANDROID,MASS,ACTIVE
SYN-U-10667,58,F,SALARIED,44956.57,Jessore,47,APP,ANDROID,MASS,ACTIVE
SYN-U-10668,25,M,BUSINESS,100604.98,Khulna,1457,APP,ANDROID,MASS,ACTIVE
SYN-U-10669,31,F,FREELANCER,44522.48,Chittagong,2078,APP,ANDROID,MASS,DORMANT
SYN-U-10670,35,M,SALARIED,54969.99,Chittagong,1382,AGENT,ANDROID,MASS,ACTIVE
SYN-U-10671,64,F,BUSINESS,100557.46,Rajshahi,1235,AGENT,ANDROID,MASS,ACTIVE
SYN-U-10672,61,M,BUSINESS,27982.1,Dhaka,702,AGENT,ANDROID,MASS,ACTIVE
SYN-U-10673,34,M,FREELANCER,26862.4,Rajshahi,1179,AGENT,IOS,MASS,ACTIVE
SYN-U-10674,28,F,STUDENT,16247.64,Chittagong,364,BRANCH,ANDROID,MASS,ACTIVE
SYN-U-10675,71,M,BUSINESS,62876.85,Mymensingh,2344,APP,ANDROID,MASS,ACTIVE
SYN-U-10676,55,M,STUDENT,18855.29,Chittagong,1870,AGENT,ANDROID,MASS,ACTIVE
SYN-U-10677,69,M,SALARIED,30454.83,Sylhet,2158,APP,IOS,MASS,ACTIVE
SYN-U-10678,61,M,BUSINESS,96407.26,Dhaka,1997,APP,ANDROID,PAYROLL,ACTIVE
SYN-U-10679,31,M,BUSINESS,63533.17,Dhaka,1587,AGENT,ANDROID,MASS,ACTIVE
SYN-U-10680,68,M,BUSINESS,33241.25,Dhaka,2190,APP,IOS,MASS,ACTIVE
SYN-U-10681,19,F,HOMEMAKER,35459.47,Chittagong,210,APP,FEATURE_PHONE,MASS,ACTIVE
SYN-U-10682,53,F,SALARIED,108140.1,Barishal,1000,APP,ANDROID,SME,ACTIVE
SYN-U-10683,59,F,STUDENT,20703.86,Rajshahi,369,APP,ANDROID,MASS,ACTIVE
SYN-U-10684,41,M,SALARIED,59062.54,Sylhet,1155,BRANCH,ANDROID,AFFLUENT,ACTIVE
SYN-U-10685,57,M,BUSINESS,46935.47,Rangpur,936,APP,ANDROID,MASS,ACTIVE
SYN-U-10686,20,F,SALARIED,24806.23,Rangpur,2154,APP,ANDROID,MASS,ACTIVE
SYN-U-10687,36,M,SALARIED,102785.26,Dhaka,1059,APP,ANDROID,SME,ACTIVE
SYN-U-10688,20,F,BUSINESS,116767.48,Chittagong,1541,APP,ANDROID,MASS,ACTIVE
SYN-U-10689,50,M,STUDENT,15149.29,Chittagong,1030,AGENT,ANDROID,STUDENT,ACTIVE
SYN-U-10690,44,F,SALARIED,55678.91,Cox's Bazar,1169,APP,ANDROID,MASS,ACTIVE
SYN-U-10691,62,F,BUSINESS,110207.76,Rajshahi,2174,BRANCH,ANDROID,AFFLUENT,ACTIVE
SYN-U-10692,56,M,STUDENT,15000.0,Dhaka,1312,AGENT,IOS,STUDENT,ACTIVE
SYN-U-10693,43,F,BUSINESS,73258.84,Dhaka,764,APP,ANDROID,MASS,ACTIVE
SYN-U-10694,38,M,BUSINESS,52754.81,Dhaka,1430,USSD,IOS,MASS,ACTIVE
SYN-U-10695,27,F,STUDENT,19216.22,Dhaka,2436,APP,ANDROID,MASS,ACTIVE
SYN-U-10696,61,M,SALARIED,31743.78,Narayanganj,417,BRANCH,ANDROID,MASS,ACTIVE
SYN-U-10697,54,F,BUSINESS,155052.56,Dhaka,1788,APP,ANDROID,SME,ACTIVE
SYN-U-10698,41,F,RETIRED,25179.57,Gazipur,2413,APP,ANDROID,MASS,ACTIVE
SYN-U-10699,63,O,SALARIED,61565.59,Dhaka,1969,AGENT,ANDROID,MASS,ACTIVE
SYN-U-10700,56,M,BUSINESS,79269.77,Chittagong,1388,APP,ANDROID,MASS,ACTIVE
SYN-U-10701,56,M,SALARIED,39899.78,Chittagong,1148,APP,ANDROID,STUDENT,ACTIVE
SYN-U-10702,63,F,SALARIED,63260.64,Rangpur,1375,APP,ANDROID,MASS,ACTIVE
SYN-U-10703,64,M,BUSINESS,238512.8,Chittagong,1958,AGENT,ANDROID,AFFLUENT,ACTIVE
SYN-U-10704,32,F,SALARIED,41726.76,Cumilla,280,AGENT,ANDROID,MASS,ACTIVE
SYN-U-10705,40,M,RETIRED,31312.57,Chittagong,619,APP,ANDROID,MASS,ACTIVE
SYN-U-10706,18,M,BUSINESS,15000.0,Dhaka,429,APP,ANDROID,MASS,ACTIVE
SYN-U-10707,59,M,BUSINESS,92553.23,Khulna,215,BRANCH,ANDROID,SME,ACTIVE
SYN-U-10708,32,F,SALARIED,28514.21,Cumilla,1077,APP,ANDROID,STUDENT,ACTIVE
SYN-U-10709,55,M,STUDENT,17499.14,Mymensingh,1424,APP,ANDROID,PAYROLL,ACTIVE
SYN-U-10710,62,M,SALARIED,80009.45,Dhaka,597,AGENT,ANDROID,AFFLUENT,ACTIVE
SYN-U-10711,49,F,HOMEMAKER,27715.65,Gazipur,228,AGENT,ANDROID,MASS,ACTIVE
SYN-U-10712,57,M,SALARIED,65265.03,Mymensingh,2368,USSD,ANDROID,PAYROLL,ACTIVE
SYN-U-10713,53,M,SALARIED,36284.17,Dhaka,1074,APP,ANDROID,MASS,ACTIVE
SYN-U-10714,26,M,FREELANCER,121565.24,Dhaka,2000,APP,ANDROID,AFFLUENT,ACTIVE
SYN-U-10715,59,M,SALARIED,91380.02,Dhaka,1468,AGENT,ANDROID,AFFLUENT,ACTIVE
SYN-U-10716,40,M,FREELANCER,177478.63,Dhaka,1869,APP,ANDROID,AFFLUENT,ACTIVE
SYN-U-10717,60,M,BUSINESS,40310.02,Khulna,2458,APP,FEATURE_PHONE,MASS,ACTIVE
SYN-U-10718,61,F,FREELANCER,50731.03,Chittagong,1578,APP,FEATURE_PHONE,MASS,ACTIVE
SYN-U-10719,58,F,BUSINESS,48381.1,Dhaka,237,AGENT,ANDROID,STUDENT,ACTIVE
SYN-U-10720,20,F,STUDENT,15000.0,Dhaka,1823,AGENT,ANDROID,MASS,ACTIVE
SYN-U-10721,54,M,SALARIED,44596.14,Cumilla,1613,APP,FEATURE_PHONE,STUDENT,ACTIVE
SYN-U-10722,27,M,STUDENT,20609.97,Rajshahi,1504,AGENT,ANDROID,PAYROLL,ACTIVE
SYN-U-10723,69,M,SALARIED,132508.23,Sylhet,1106,APP,IOS,AFFLUENT,ACTIVE
SYN-U-10724,50,F,SALARIED,17370.75,Sylhet,1361,APP,ANDROID,STUDENT,ACTIVE
SYN-U-10725,51,F,BUSINESS,70539.43,Dhaka,434,BRANCH,ANDROID,MASS,ACTIVE
SYN-U-10726,23,M,SALARIED,33350.39,Gazipur,2381,APP,ANDROID,STUDENT,ACTIVE
SYN-U-10727,39,F,SALARIED,48609.81,Chittagong,599,AGENT,ANDROID,STUDENT,ACTIVE
SYN-U-10728,63,F,FREELANCER,88113.97,Bogura,2412,APP,IOS,SME,ACTIVE
SYN-U-10729,64,F,STUDENT,15000.0,Sylhet,2010,AGENT,ANDROID,PAYROLL,ACTIVE
SYN-U-10730,28,M,BUSINESS,15000.0,Dhaka,999,APP,ANDROID,STUDENT,ACTIVE
SYN-U-10731,39,F,STUDENT,23557.72,Dhaka,1998,BRANCH,ANDROID,MASS,ACTIVE
SYN-U-10732,38,F,HOMEMAKER,30386.34,Chittagong,1710,APP,ANDROID,MASS,ACTIVE
SYN-U-10733,67,M,FREELANCER,61074.15,Chittagong,2154,APP,ANDROID,MASS,ACTIVE
SYN-U-10734,66,M,SALARIED,72521.94,Chittagong,1843,APP,ANDROID,PAYROLL,ACTIVE
SYN-U-10735,37,M,FREELANCER,51405.78,Dhaka,1970,APP,ANDROID,PAYROLL,ACTIVE
SYN-U-10736,44,M,HOMEMAKER,15000.0,Dhaka,2315,APP,IOS,MASS,DORMANT
SYN-U-10737,28,F,SALARIED,57231.76,Khulna,1713,APP,ANDROID,SME,ACTIVE
SYN-U-10738,70,M,SALARIED,30475.49,Dhaka,2212,APP,FEATURE_PHONE,STUDENT,ACTIVE
SYN-U-10739,67,M,SALARIED,28256.84,Chittagong,95,AGENT,ANDROID,MASS,ACTIVE
SYN-U-10740,23,F,BUSINESS,31661.4,Rajshahi,202,BRANCH,IOS,MASS,ACTIVE
SYN-U-10741,24,M,BUSINESS,72016.52,Rajshahi,1646,APP,ANDROID,MASS,ACTIVE
SYN-U-10742,42,M,SALARIED,43538.2,Dhaka,726,APP,ANDROID,STUDENT,ACTIVE
SYN-U-10743,54,F,BUSINESS,66399.95,Rajshahi,1361,APP,ANDROID,MASS,ACTIVE
SYN-U-10744,33,M,BUSINESS,225227.08,Cumilla,1051,AGENT,ANDROID,AFFLUENT,ACTIVE
SYN-U-10745,43,M,BUSINESS,38043.08,Chittagong,2391,APP,ANDROID,MASS,ACTIVE
SYN-U-10746,38,F,RETIRED,63350.85,Dhaka,1934,APP,ANDROID,AFFLUENT,ACTIVE
SYN-U-10747,35,M,SALARIED,58636.84,Dhaka,2233,USSD,ANDROID,MASS,ACTIVE
SYN-U-10748,34,F,BUSINESS,166054.01,Narayanganj,1511,APP,ANDROID,AFFLUENT,DORMANT
SYN-U-10749,40,F,SALARIED,38575.26,Dhaka,1108,APP,IOS,MASS,ACTIVE
SYN-U-10750,37,M,SALARIED,32358.94,Chittagong,1598,APP,ANDROID,MASS,ACTIVE
SYN-U-10751,63,M,SALARIED,46063.25,Dhaka,1100,APP,ANDROID,MASS,ACTIVE
SYN-U-10752,57,M,BUSINESS,97756.81,Mymensingh,1730,APP,ANDROID,MASS,ACTIVE
SYN-U-10753,28,M,BUSINESS,34448.29,Chittagong,2165,AGENT,ANDROID,MASS,ACTIVE
SYN-U-10754,26,F,BUSINESS,15224.67,Sylhet,1971,AGENT,ANDROID,MASS,ACTIVE
SYN-U-10755,38,M,STUDENT,41205.99,Dhaka,1822,APP,ANDROID,AFFLUENT,ACTIVE
SYN-U-10756,30,M,FREELANCER,60700.06,Sylhet,985,APP,ANDROID,MASS,ACTIVE
SYN-U-10757,42,M,RETIRED,33790.99,Barishal,1878,APP,ANDROID,MASS,ACTIVE
SYN-U-10758,46,F,FREELANCER,31838.83,Dhaka,841,APP,ANDROID,PAYROLL,ACTIVE
SYN-U-10759,37,M,SALARIED,53338.35,Sylhet,435,AGENT,IOS,MASS,ACTIVE
SYN-U-10760,29,M,SALARIED,106771.34,Narayanganj,1382,AGENT,ANDROID,AFFLUENT,ACTIVE
SYN-U-10761,57,F,SALARIED,15000.0,Mymensingh,1535,AGENT,ANDROID,STUDENT,ACTIVE
SYN-U-10762,22,M,SALARIED,57694.18,Dhaka,969,APP,ANDROID,MASS,ACTIVE
SYN-U-10763,28,M,SALARIED,39293.88,Chittagong,1097,APP,ANDROID,PAYROLL,ACTIVE
SYN-U-10764,44,M,SALARIED,74386.56,Dhaka,2377,AGENT,ANDROID,MASS,ACTIVE
SYN-U-10765,61,F,SALARIED,39978.77,Dhaka,1684,AGENT,ANDROID,MASS,ACTIVE
SYN-U-10766,27,F,BUSINESS,55339.15,Mymensingh,2419,APP,ANDROID,PAYROLL,ACTIVE
SYN-U-10767,69,F,BUSINESS,83070.66,Sylhet,1817,APP,ANDROID,STUDENT,ACTIVE
SYN-U-10768,39,M,SALARIED,50936.52,Chittagong,1177,APP,ANDROID,MASS,ACTIVE
SYN-U-10769,63,M,SALARIED,29267.28,Dhaka,975,APP,ANDROID,MASS,ACTIVE
SYN-U-10770,31,M,RETIRED,29236.83,Cox's Bazar,261,APP,ANDROID,STUDENT,ACTIVE
SYN-U-10771,71,F,FREELANCER,15000.0,Mymensingh,619,AGENT,ANDROID,MASS,ACTIVE
SYN-U-10772,40,M,SALARIED,45539.95,Rajshahi,627,APP,ANDROID,MASS,ACTIVE
SYN-U-10773,29,F,SALARIED,52213.23,Chittagong,2367,APP,ANDROID,MASS,ACTIVE
SYN-U-10774,42,M,FREELANCER,182106.23,Barishal,994,APP,ANDROID,AFFLUENT,ACTIVE
SYN-U-10775,44,M,SALARIED,54251.97,Rajshahi,391,AGENT,ANDROID,PAYROLL,ACTIVE
SYN-U-10776,37,M,SALARIED,41540.56,Dhaka,229,APP,ANDROID,MASS,ACTIVE
SYN-U-10777,48,F,BUSINESS,60524.38,Gazipur,2138,AGENT,IOS,MASS,ACTIVE
SYN-U-10778,68,F,SALARIED,58400.4,Chittagong,1150,APP,ANDROID,MASS,ACTIVE
SYN-U-10779,37,M,BUSINESS,144128.45,Narayanganj,1809,APP,ANDROID,SME,ACTIVE
SYN-U-10780,26,M,FREELANCER,106231.75,Barishal,2376,APP,IOS,SME,ACTIVE
SYN-U-10781,62,M,BUSINESS,75631.38,Chittagong,1090,APP,ANDROID,MASS,ACTIVE
SYN-U-10782,29,M,BUSINESS,170926.28,Dhaka,1542,APP,ANDROID,AFFLUENT,DORMANT
SYN-U-10783,35,F,SALARIED,69415.67,Sylhet,1027,AGENT,ANDROID,AFFLUENT,ACTIVE
SYN-U-10784,19,F,BUSINESS,71263.26,Khulna,2231,APP,ANDROID,SME,ACTIVE
SYN-U-10785,43,F,STUDENT,51547.15,Dhaka,648,APP,IOS,AFFLUENT,ACTIVE
SYN-U-10786,36,F,STUDENT,16380.56,Dhaka,541,BRANCH,ANDROID,PAYROLL,ACTIVE
SYN-U-10787,26,M,BUSINESS,73620.33,Dhaka,463,APP,ANDROID,MASS,ACTIVE
SYN-U-10788,40,M,SALARIED,88287.03,Dhaka,687,USSD,ANDROID,SME,ACTIVE
SYN-U-10789,18,F,STUDENT,15000.0,Sylhet,2013,APP,ANDROID,PAYROLL,ACTIVE
SYN-U-10790,56,M,BUSINESS,52531.61,Barishal,991,BRANCH,ANDROID,MASS,ACTIVE
SYN-U-10791,65,F,BUSINESS,133758.11,Dhaka,451,AGENT,ANDROID,AFFLUENT,ACTIVE
SYN-U-10792,38,F,SALARIED,83746.3,Chittagong,2377,APP,ANDROID,SME,ACTIVE
SYN-U-10793,41,F,SALARIED,46965.5,Sylhet,956,APP,IOS,MASS,ACTIVE
SYN-U-10794,40,M,BUSINESS,168969.46,Khulna,1140,APP,ANDROID,SME,ACTIVE
SYN-U-10795,34,M,SALARIED,54634.44,Dhaka,633,APP,ANDROID,MASS,ACTIVE
SYN-U-10796,44,M,STUDENT,22919.9,Chittagong,1892,APP,ANDROID,MASS,ACTIVE
SYN-U-10797,34,M,HOMEMAKER,18204.46,Chittagong,794,APP,ANDROID,MASS,ACTIVE
SYN-U-10798,42,F,RETIRED,29921.7,Dhaka,480,AGENT,IOS,MASS,ACTIVE
SYN-U-10799,46,M,HOMEMAKER,77936.87,Dhaka,89,BRANCH,IOS,AFFLUENT,ACTIVE
SYN-U-10800,62,M,SALARIED,72952.66,Dhaka,2128,APP,ANDROID,MASS,ACTIVE
SYN-U-10801,46,M,SALARIED,51497.76,Dhaka,436,APP,ANDROID,MASS,ACTIVE
SYN-U-10802,19,M,BUSINESS,76113.34,Barishal,951,APP,ANDROID,PAYROLL,ACTIVE
SYN-U-10803,55,F,BUSINESS,97024.76,Khulna,1345,USSD,ANDROID,AFFLUENT,ACTIVE
SYN-U-10804,63,F,FREELANCER,65995.77,Dhaka,1614,APP,ANDROID,SME,ACTIVE
SYN-U-10805,49,F,SALARIED,20674.43,Dhaka,1529,BRANCH,ANDROID,MASS,ACTIVE
SYN-U-10806,24,F,SALARIED,24296.12,Mymensingh,1490,APP,ANDROID,MASS,ACTIVE
SYN-U-10807,61,F,BUSINESS,15042.3,Jessore,552,BRANCH,ANDROID,MASS,ACTIVE
SYN-U-10808,35,M,HOMEMAKER,30733.31,Dhaka,847,APP,ANDROID,SME,ACTIVE
SYN-U-10809,54,M,STUDENT,51373.62,Sylhet,733,APP,IOS,AFFLUENT,ACTIVE
SYN-U-10810,36,F,SALARIED,65546.71,Gazipur,1728,AGENT,ANDROID,MASS,ACTIVE
SYN-U-10811,71,F,HOMEMAKER,43066.71,Mymensingh,60,APP,ANDROID,AFFLUENT,ACTIVE
SYN-U-10812,27,M,SALARIED,39000.55,Cumilla,1717,AGENT,FEATURE_PHONE,STUDENT,ACTIVE
SYN-U-10813,31,F,SALARIED,18848.24,Khulna,901,AGENT,ANDROID,STUDENT,ACTIVE
SYN-U-10814,62,O,SALARIED,29533.64,Dhaka,1236,APP,ANDROID,STUDENT,ACTIVE
SYN-U-10815,30,F,BUSINESS,219415.32,Cumilla,1842,APP,ANDROID,AFFLUENT,ACTIVE
SYN-U-10816,42,M,BUSINESS,185315.75,Dhaka,952,BRANCH,ANDROID,AFFLUENT,ACTIVE
SYN-U-10817,43,F,HOMEMAKER,15000.0,Dhaka,1279,BRANCH,ANDROID,MASS,ACTIVE
SYN-U-10818,23,M,BUSINESS,90509.07,Chittagong,1819,APP,ANDROID,MASS,ACTIVE
SYN-U-10819,19,F,FREELANCER,41887.64,Sylhet,88,USSD,ANDROID,STUDENT,ACTIVE
SYN-U-10820,57,F,STUDENT,19410.44,Dhaka,782,USSD,ANDROID,MASS,ACTIVE
SYN-U-10821,54,M,FREELANCER,138557.81,Barishal,1344,USSD,ANDROID,AFFLUENT,ACTIVE
SYN-U-10822,32,F,SALARIED,68963.57,Chittagong,306,APP,IOS,PAYROLL,ACTIVE
SYN-U-10823,59,M,FREELANCER,102845.89,Gazipur,2278,APP,IOS,SME,ACTIVE
SYN-U-10824,68,F,SALARIED,32356.04,Chittagong,328,APP,ANDROID,STUDENT,ACTIVE
SYN-U-10825,23,F,SALARIED,39206.08,Barishal,1299,APP,ANDROID,MASS,ACTIVE
SYN-U-10826,61,F,SALARIED,59986.93,Dhaka,1865,APP,ANDROID,MASS,ACTIVE
SYN-U-10827,66,M,BUSINESS,167987.5,Sylhet,2110,BRANCH,ANDROID,SME,ACTIVE
SYN-U-10828,23,M,SALARIED,38094.88,Chittagong,2060,APP,ANDROID,MASS,ACTIVE
SYN-U-10829,54,M,SALARIED,62190.58,Rangpur,355,APP,ANDROID,MASS,ACTIVE
SYN-U-10830,53,F,BUSINESS,56068.01,Khulna,560,AGENT,ANDROID,MASS,ACTIVE
SYN-U-10831,22,F,SALARIED,36296.8,Dhaka,1816,APP,ANDROID,MASS,ACTIVE
SYN-U-10832,36,F,SALARIED,52767.61,Mymensingh,321,AGENT,ANDROID,MASS,ACTIVE
SYN-U-10833,69,M,STUDENT,31896.67,Chittagong,520,APP,ANDROID,SME,ACTIVE
SYN-U-10834,20,M,SALARIED,36165.16,Dhaka,1174,APP,ANDROID,MASS,ACTIVE
SYN-U-10835,65,M,SALARIED,44899.64,Dhaka,627,APP,ANDROID,MASS,ACTIVE
SYN-U-10836,26,M,SALARIED,84598.12,Sylhet,129,APP,ANDROID,SME,ACTIVE
SYN-U-10837,42,F,STUDENT,15000.0,Chittagong,1118,AGENT,ANDROID,MASS,ACTIVE
SYN-U-10838,39,M,SALARIED,35038.88,Rajshahi,1720,APP,ANDROID,MASS,ACTIVE
SYN-U-10839,56,F,BUSINESS,56281.94,Khulna,1028,APP,ANDROID,MASS,ACTIVE
SYN-U-10840,23,F,SALARIED,52405.25,Sylhet,1385,APP,ANDROID,MASS,ACTIVE
SYN-U-10841,20,M,SALARIED,33689.74,Khulna,2152,AGENT,ANDROID,MASS,ACTIVE
SYN-U-10842,38,M,SALARIED,37330.68,Dhaka,1063,APP,ANDROID,MASS,ACTIVE
SYN-U-10843,23,M,BUSINESS,49667.69,Mymensingh,944,AGENT,ANDROID,MASS,ACTIVE
SYN-U-10844,22,F,SALARIED,76040.3,Chittagong,708,APP,ANDROID,SME,ACTIVE
SYN-U-10845,21,F,BUSINESS,156019.51,Chittagong,172,APP,ANDROID,SME,ACTIVE
SYN-U-10846,48,M,SALARIED,50461.41,Chittagong,243,APP,ANDROID,MASS,ACTIVE
SYN-U-10847,29,M,HOMEMAKER,15000.0,Dhaka,504,APP,ANDROID,MASS,ACTIVE
SYN-U-10848,56,F,FREELANCER,27166.04,Dhaka,1243,AGENT,IOS,MASS,ACTIVE
SYN-U-10849,45,F,STUDENT,37180.98,Sylhet,2244,APP,ANDROID,AFFLUENT,ACTIVE
SYN-U-10850,28,M,BUSINESS,126119.59,Dhaka,1561,AGENT,IOS,AFFLUENT,ACTIVE
SYN-U-10851,64,M,BUSINESS,57728.46,Sylhet,2064,AGENT,ANDROID,STUDENT,ACTIVE
SYN-U-10852,58,F,BUSINESS,67898.88,Gazipur,2280,AGENT,ANDROID,PAYROLL,ACTIVE
SYN-U-10853,66,M,SALARIED,47686.02,Dhaka,1038,APP,ANDROID,MASS,ACTIVE
SYN-U-10854,25,M,HOMEMAKER,54537.29,Dhaka,2376,AGENT,ANDROID,SME,ACTIVE
SYN-U-10855,30,F,SALARIED,37993.94,Sylhet,1616,APP,ANDROID,STUDENT,ACTIVE
SYN-U-10856,23,F,SALARIED,125218.27,Barishal,1555,APP,ANDROID,AFFLUENT,ACTIVE
SYN-U-10857,47,F,BUSINESS,50553.99,Dhaka,1050,BRANCH,ANDROID,PAYROLL,ACTIVE
SYN-U-10858,54,F,FREELANCER,166945.19,Sylhet,953,BRANCH,ANDROID,AFFLUENT,ACTIVE
SYN-U-10859,63,F,SALARIED,65257.75,Dhaka,1562,APP,ANDROID,SME,ACTIVE
SYN-U-10860,43,M,SALARIED,42251.92,Dhaka,1189,AGENT,ANDROID,MASS,ACTIVE
SYN-U-10861,53,M,SALARIED,101566.46,Khulna,828,USSD,ANDROID,AFFLUENT,ACTIVE
SYN-U-10862,43,F,STUDENT,45713.4,Dhaka,2438,APP,ANDROID,AFFLUENT,ACTIVE
SYN-U-10863,44,M,SALARIED,36809.0,Rangpur,1893,APP,ANDROID,MASS,ACTIVE
SYN-U-10864,65,M,SALARIED,75165.91,Dhaka,1684,APP,ANDROID,SME,ACTIVE
SYN-U-10865,25,F,SALARIED,48362.45,Dhaka,2313,APP,ANDROID,MASS,ACTIVE
SYN-U-10866,18,M,RETIRED,33457.1,Cumilla,2006,APP,FEATURE_PHONE,MASS,ACTIVE
SYN-U-10867,62,M,SALARIED,36320.32,Rajshahi,2388,APP,ANDROID,MASS,ACTIVE
SYN-U-10868,54,F,FREELANCER,38241.06,Chittagong,2474,APP,ANDROID,MASS,ACTIVE
SYN-U-10869,58,M,FREELANCER,157769.58,Dhaka,496,AGENT,ANDROID,AFFLUENT,ACTIVE
SYN-U-10870,36,F,STUDENT,23295.02,Rajshahi,1311,AGENT,ANDROID,PAYROLL,ACTIVE
SYN-U-10871,41,M,STUDENT,44980.18,Barishal,775,AGENT,ANDROID,SME,ACTIVE
SYN-U-10872,35,M,SALARIED,155460.0,Rajshahi,504,APP,ANDROID,AFFLUENT,ACTIVE
SYN-U-10873,19,M,SALARIED,103741.64,Dhaka,2373,APP,FEATURE_PHONE,AFFLUENT,ACTIVE
SYN-U-10874,31,M,STUDENT,19874.49,Rajshahi,869,AGENT,ANDROID,MASS,ACTIVE
SYN-U-10875,70,F,STUDENT,21468.44,Narayanganj,1881,APP,ANDROID,PAYROLL,ACTIVE
SYN-U-10876,68,F,SALARIED,28684.17,Dhaka,874,APP,ANDROID,STUDENT,ACTIVE
SYN-U-10877,46,M,SALARIED,100188.18,Dhaka,2259,APP,ANDROID,SME,ACTIVE
SYN-U-10878,27,M,SALARIED,18705.43,Dhaka,1885,BRANCH,IOS,MASS,ACTIVE
SYN-U-10879,30,F,SALARIED,41997.19,Dhaka,1766,AGENT,ANDROID,MASS,ACTIVE
SYN-U-10880,44,F,SALARIED,34267.4,Barishal,164,AGENT,IOS,MASS,ACTIVE
SYN-U-10881,38,M,FREELANCER,31959.01,Dhaka,515,APP,ANDROID,MASS,ACTIVE
SYN-U-10882,70,F,BUSINESS,77729.38,Sylhet,2360,APP,IOS,MASS,ACTIVE
SYN-U-10883,28,M,SALARIED,82325.8,Mymensingh,693,APP,ANDROID,AFFLUENT,ACTIVE
SYN-U-10884,50,F,BUSINESS,221362.73,Dhaka,2385,APP,ANDROID,AFFLUENT,ACTIVE
SYN-U-10885,66,M,BUSINESS,58718.14,Barishal,2021,APP,IOS,PAYROLL,ACTIVE
SYN-U-10886,22,F,BUSINESS,117938.14,Dhaka,408,APP,FEATURE_PHONE,SME,ACTIVE
SYN-U-10887,60,M,STUDENT,18591.83,Rajshahi,862,APP,ANDROID,MASS,ACTIVE
SYN-U-10888,32,M,SALARIED,20424.02,Cox's Bazar,1556,BRANCH,ANDROID,MASS,DORMANT
SYN-U-10889,69,M,BUSINESS,58842.79,Dhaka,1231,APP,IOS,MASS,ACTIVE
SYN-U-10890,19,M,SALARIED,47290.42,Mymensingh,1036,APP,ANDROID,STUDENT,ACTIVE
SYN-U-10891,37,F,BUSINESS,78483.98,Rangpur,791,APP,FEATURE_PHONE,MASS,ACTIVE
SYN-U-10892,67,F,FREELANCER,66627.16,Chittagong,1776,BRANCH,ANDROID,MASS,ACTIVE
SYN-U-10893,20,F,BUSINESS,221029.92,Rangpur,926,APP,ANDROID,AFFLUENT,ACTIVE
SYN-U-10894,62,M,SALARIED,78738.99,Barishal,1603,APP,ANDROID,AFFLUENT,ACTIVE
SYN-U-10895,68,M,BUSINESS,39815.84,Mymensingh,1405,AGENT,ANDROID,STUDENT,ACTIVE
SYN-U-10896,32,M,BUSINESS,40344.12,Dhaka,2172,APP,ANDROID,STUDENT,ACTIVE
SYN-U-10897,55,F,BUSINESS,62790.15,Khulna,765,APP,ANDROID,STUDENT,ACTIVE
SYN-U-10898,23,M,STUDENT,17773.33,Gazipur,596,BRANCH,ANDROID,MASS,ACTIVE
SYN-U-10899,31,M,BUSINESS,164832.05,Cumilla,1480,AGENT,ANDROID,AFFLUENT,ACTIVE
SYN-U-10900,23,M,SALARIED,50034.07,Khulna,441,AGENT,ANDROID,MASS,ACTIVE
SYN-U-10901,56,M,BUSINESS,30145.21,Chittagong,310,APP,ANDROID,PAYROLL,ACTIVE
SYN-U-10902,27,F,SALARIED,45883.75,Dhaka,2210,APP,ANDROID,MASS,ACTIVE
SYN-U-10903,43,M,FREELANCER,25932.33,Dhaka,1933,APP,ANDROID,PAYROLL,ACTIVE
SYN-U-10904,52,M,RETIRED,32498.74,Chittagong,173,APP,ANDROID,MASS,ACTIVE
SYN-U-10905,44,F,SALARIED,123764.98,Cox's Bazar,554,USSD,ANDROID,SME,ACTIVE
SYN-U-10906,35,M,HOMEMAKER,37605.62,Cumilla,1768,APP,ANDROID,SME,ACTIVE
SYN-U-10907,25,F,HOMEMAKER,28532.2,Dhaka,1037,AGENT,ANDROID,MASS,ACTIVE
SYN-U-10908,36,M,SALARIED,101548.45,Narayanganj,2459,BRANCH,ANDROID,AFFLUENT,ACTIVE
SYN-U-10909,30,M,SALARIED,45772.48,Dhaka,1838,APP,ANDROID,MASS,ACTIVE
SYN-U-10910,56,F,SALARIED,56079.86,Dhaka,2109,BRANCH,ANDROID,MASS,ACTIVE
SYN-U-10911,35,F,HOMEMAKER,27524.32,Rajshahi,1605,BRANCH,ANDROID,MASS,ACTIVE
SYN-U-10912,56,F,SALARIED,35655.25,Narayanganj,54,AGENT,ANDROID,MASS,ACTIVE
SYN-U-10913,35,M,SALARIED,100769.27,Dhaka,647,AGENT,ANDROID,AFFLUENT,ACTIVE
SYN-U-10914,44,M,SALARIED,130334.9,Chittagong,1498,AGENT,ANDROID,SME,ACTIVE
SYN-U-10915,36,F,BUSINESS,46785.99,Dhaka,641,APP,ANDROID,MASS,ACTIVE
SYN-U-10916,23,F,SALARIED,134986.13,Chittagong,1384,APP,ANDROID,AFFLUENT,ACTIVE
SYN-U-10917,28,F,RETIRED,24842.74,Sylhet,165,APP,ANDROID,MASS,ACTIVE
SYN-U-10918,69,F,SALARIED,108641.58,Dhaka,610,AGENT,ANDROID,AFFLUENT,ACTIVE
SYN-U-10919,63,F,SALARIED,35005.79,Dhaka,1446,APP,ANDROID,MASS,ACTIVE
SYN-U-10920,27,M,FREELANCER,62482.96,Dhaka,2440,AGENT,ANDROID,MASS,ACTIVE
SYN-U-10921,29,M,SALARIED,41950.95,Dhaka,687,AGENT,ANDROID,STUDENT,ACTIVE
SYN-U-10922,53,M,BUSINESS,83765.29,Cumilla,582,AGENT,ANDROID,MASS,ACTIVE
SYN-U-10923,61,F,BUSINESS,88648.42,Gazipur,2026,APP,ANDROID,AFFLUENT,ACTIVE
SYN-U-10924,41,F,STUDENT,15000.0,Barishal,2218,BRANCH,ANDROID,PAYROLL,ACTIVE
SYN-U-10925,54,M,BUSINESS,82850.66,Rajshahi,438,APP,ANDROID,MASS,ACTIVE
SYN-U-10926,23,F,HOMEMAKER,36947.76,Chittagong,983,APP,ANDROID,AFFLUENT,ACTIVE
SYN-U-10927,31,M,SALARIED,130502.47,Dhaka,769,APP,ANDROID,AFFLUENT,ACTIVE
SYN-U-10928,32,F,BUSINESS,92734.16,Cox's Bazar,1851,AGENT,IOS,MASS,ACTIVE
SYN-U-10929,20,F,SALARIED,21079.9,Gazipur,1306,APP,ANDROID,MASS,ACTIVE
SYN-U-10930,29,O,SALARIED,68159.52,Rajshahi,1799,AGENT,ANDROID,AFFLUENT,ACTIVE
SYN-U-10931,64,F,BUSINESS,73220.14,Rangpur,1993,AGENT,ANDROID,STUDENT,ACTIVE
SYN-U-10932,40,F,BUSINESS,82370.69,Dhaka,2138,APP,ANDROID,AFFLUENT,ACTIVE
SYN-U-10933,66,F,SALARIED,76545.72,Rangpur,2479,AGENT,ANDROID,AFFLUENT,ACTIVE
SYN-U-10934,19,F,SALARIED,67640.55,Dhaka,2310,APP,ANDROID,MASS,ACTIVE
SYN-U-10935,28,F,FREELANCER,94941.99,Dhaka,2249,APP,ANDROID,MASS,ACTIVE
SYN-U-10936,54,M,STUDENT,15000.0,Mymensingh,1078,APP,ANDROID,PAYROLL,ACTIVE
SYN-U-10937,40,M,SALARIED,47526.55,Dhaka,1757,APP,IOS,STUDENT,ACTIVE
SYN-U-10938,26,M,FREELANCER,62720.05,Dhaka,560,AGENT,IOS,MASS,ACTIVE
SYN-U-10939,19,M,SALARIED,41648.31,Barishal,1560,AGENT,ANDROID,MASS,ACTIVE
SYN-U-10940,19,F,SALARIED,48154.65,Dhaka,2185,APP,IOS,MASS,ACTIVE
SYN-U-10941,58,M,FREELANCER,48582.39,Cumilla,580,BRANCH,ANDROID,MASS,ACTIVE
SYN-U-10942,38,M,SALARIED,31384.9,Khulna,1623,BRANCH,ANDROID,STUDENT,ACTIVE
SYN-U-10943,55,M,SALARIED,54069.68,Dhaka,2303,BRANCH,ANDROID,MASS,ACTIVE
SYN-U-10944,26,M,SALARIED,33437.93,Dhaka,1298,APP,ANDROID,PAYROLL,ACTIVE
SYN-U-10945,18,O,BUSINESS,28935.26,Chittagong,1269,APP,FEATURE_PHONE,MASS,ACTIVE
SYN-U-10946,47,F,SALARIED,47901.09,Dhaka,634,APP,ANDROID,MASS,ACTIVE
SYN-U-10947,51,F,FREELANCER,69536.56,Rangpur,2109,APP,IOS,MASS,ACTIVE
SYN-U-10948,39,M,BUSINESS,15000.0,Dhaka,417,APP,IOS,MASS,ACTIVE
SYN-U-10949,50,M,BUSINESS,66878.98,Dhaka,1448,APP,ANDROID,MASS,ACTIVE
SYN-U-10950,57,M,FREELANCER,42921.11,Rajshahi,766,AGENT,ANDROID,PAYROLL,ACTIVE
SYN-U-10951,50,M,SALARIED,29830.88,Gazipur,1578,AGENT,FEATURE_PHONE,STUDENT,ACTIVE
SYN-U-10952,33,F,BUSINESS,177616.26,Bogura,1831,BRANCH,ANDROID,SME,ACTIVE
SYN-U-10953,21,F,SALARIED,32025.35,Narayanganj,779,APP,ANDROID,MASS,ACTIVE
SYN-U-10954,28,F,SALARIED,39468.82,Chittagong,159,APP,IOS,PAYROLL,ACTIVE
SYN-U-10955,58,F,FREELANCER,18180.84,Dhaka,1686,APP,ANDROID,MASS,ACTIVE
SYN-U-10956,69,M,BUSINESS,69537.18,Khulna,2119,AGENT,ANDROID,PAYROLL,ACTIVE
SYN-U-10957,51,F,BUSINESS,130295.35,Barishal,531,APP,IOS,AFFLUENT,ACTIVE
SYN-U-10958,66,M,BUSINESS,91057.52,Dhaka,2471,BRANCH,ANDROID,SME,ACTIVE
SYN-U-10959,47,F,SALARIED,61332.85,Rangpur,1784,APP,ANDROID,SME,ACTIVE
SYN-U-10960,53,M,FREELANCER,120222.03,Dhaka,1545,APP,IOS,AFFLUENT,ACTIVE
SYN-U-10961,27,M,FREELANCER,73611.27,Jessore,1494,BRANCH,ANDROID,AFFLUENT,ACTIVE
SYN-U-10962,24,M,STUDENT,39949.12,Dhaka,620,BRANCH,ANDROID,AFFLUENT,ACTIVE
SYN-U-10963,68,M,SALARIED,44789.61,Dhaka,1274,APP,ANDROID,STUDENT,ACTIVE
SYN-U-10964,61,F,BUSINESS,25549.47,Narayanganj,2235,APP,ANDROID,MASS,ACTIVE
SYN-U-10965,56,M,BUSINESS,45830.85,Dhaka,1031,APP,ANDROID,STUDENT,ACTIVE
SYN-U-10966,61,M,BUSINESS,76269.94,Chittagong,1997,APP,FEATURE_PHONE,MASS,ACTIVE
SYN-U-10967,42,F,STUDENT,15000.0,Dhaka,289,APP,ANDROID,MASS,ACTIVE
SYN-U-10968,18,F,FREELANCER,25075.96,Rajshahi,2190,AGENT,ANDROID,STUDENT,ACTIVE
SYN-U-10969,31,F,STUDENT,15000.0,Cumilla,1427,AGENT,ANDROID,MASS,ACTIVE
SYN-U-10970,37,F,BUSINESS,40458.52,Rajshahi,638,APP,ANDROID,STUDENT,ACTIVE
SYN-U-10971,24,M,SALARIED,42976.37,Chittagong,385,APP,ANDROID,MASS,ACTIVE
SYN-U-10972,66,F,BUSINESS,28095.6,Chittagong,1401,APP,ANDROID,MASS,ACTIVE
SYN-U-10973,71,F,BUSINESS,283107.69,Dhaka,1707,AGENT,IOS,AFFLUENT,ACTIVE
SYN-U-10974,54,F,FREELANCER,57291.7,Rangpur,861,BRANCH,ANDROID,PAYROLL,ACTIVE
SYN-U-10975,22,M,BUSINESS,73687.79,Rajshahi,197,APP,ANDROID,AFFLUENT,ACTIVE
SYN-U-10976,60,F,HOMEMAKER,46329.08,Chittagong,1179,AGENT,ANDROID,SME,ACTIVE
SYN-U-10977,38,M,BUSINESS,51544.53,Mymensingh,2394,APP,ANDROID,STUDENT,ACTIVE
SYN-U-10978,47,M,BUSINESS,306911.12,Barishal,941,BRANCH,ANDROID,AFFLUENT,ACTIVE
SYN-U-10979,37,M,SALARIED,34629.75,Cumilla,1438,APP,ANDROID,MASS,ACTIVE
SYN-U-10980,67,F,BUSINESS,88305.84,Dhaka,1405,APP,ANDROID,MASS,ACTIVE
SYN-U-10981,65,F,FREELANCER,40691.17,Dhaka,1358,APP,ANDROID,STUDENT,ACTIVE
SYN-U-10982,28,M,SALARIED,58143.42,Khulna,520,APP,ANDROID,MASS,ACTIVE
SYN-U-10983,48,F,SALARIED,25029.94,Dhaka,2086,AGENT,ANDROID,MASS,ACTIVE
SYN-U-10984,20,M,BUSINESS,60927.06,Khulna,2383,APP,ANDROID,MASS,ACTIVE
SYN-U-10985,29,F,FREELANCER,77210.81,Dhaka,1218,BRANCH,ANDROID,MASS,ACTIVE
SYN-U-10986,38,F,BUSINESS,215988.77,Chittagong,1314,APP,ANDROID,AFFLUENT,ACTIVE
SYN-U-10987,50,M,STUDENT,32764.22,Khulna,1434,APP,ANDROID,SME,ACTIVE
SYN-U-10988,27,M,SALARIED,51926.76,Rajshahi,456,APP,ANDROID,MASS,ACTIVE
SYN-U-10989,55,F,BUSINESS,39200.04,Narayanganj,1702,APP,ANDROID,MASS,ACTIVE
SYN-U-10990,31,O,FREELANCER,70623.66,Dhaka,105,APP,ANDROID,MASS,ACTIVE
SYN-U-10991,35,M,FREELANCER,39967.25,Dhaka,1543,APP,ANDROID,PAYROLL,ACTIVE
SYN-U-10992,45,M,STUDENT,22670.42,Chittagong,779,APP,ANDROID,STUDENT,ACTIVE
SYN-U-10993,24,M,SALARIED,40502.28,Mymensingh,574,BRANCH,FEATURE_PHONE,MASS,ACTIVE
SYN-U-10994,71,F,SALARIED,78976.41,Khulna,2122,APP,IOS,MASS,ACTIVE
SYN-U-10995,68,M,STUDENT,15000.0,Dhaka,933,APP,ANDROID,MASS,ACTIVE
SYN-U-10996,68,F,BUSINESS,101237.58,Cumilla,904,APP,ANDROID,MASS,ACTIVE
SYN-U-10997,62,M,SALARIED,29949.41,Gazipur,1325,AGENT,ANDROID,MASS,ACTIVE
SYN-U-10998,20,F,FREELANCER,71576.05,Dhaka,1829,APP,FEATURE_PHONE,MASS,ACTIVE
SYN-U-10999,45,F,SALARIED,50592.86,Sylhet,782,AGENT,IOS,MASS,ACTIVE
SYN-U-11000,43,F,FREELANCER,67416.57,Dhaka,1632,BRANCH,ANDROID,STUDENT,DORMANT
SYN-U-11001,55,M,SALARIED,51788.79,Chittagong,1024,AGENT,ANDROID,MASS,ACTIVE
SYN-U-11002,28,F,SALARIED,39648.83,Sylhet,1528,APP,ANDROID,MASS,ACTIVE
SYN-U-11003,24,M,SALARIED,49932.39,Dhaka,1564,APP,ANDROID,PAYROLL,ACTIVE
SYN-U-11004,29,M,SALARIED,18040.79,Dhaka,1452,APP,ANDROID,PAYROLL,ACTIVE
SYN-U-11005,25,F,RETIRED,95015.53,Dhaka,506,AGENT,ANDROID,AFFLUENT,ACTIVE
SYN-U-11006,57,F,STUDENT,26629.42,Barishal,2337,APP,ANDROID,MASS,ACTIVE
SYN-U-11007,53,M,BUSINESS,54073.54,Dhaka,1597,BRANCH,ANDROID,PAYROLL,ACTIVE
SYN-U-11008,52,F,FREELANCER,53901.4,Chittagong,2351,AGENT,ANDROID,MASS,ACTIVE
SYN-U-11009,69,M,BUSINESS,234858.13,Cox's Bazar,187,APP,ANDROID,SME,ACTIVE
SYN-U-11010,32,M,BUSINESS,157225.03,Cumilla,1194,AGENT,ANDROID,SME,ACTIVE
SYN-U-11011,51,F,BUSINESS,101322.39,Cox's Bazar,2415,APP,ANDROID,MASS,ACTIVE
SYN-U-11012,68,M,SALARIED,57714.89,Mymensingh,474,APP,IOS,STUDENT,ACTIVE
SYN-U-11013,70,M,STUDENT,20202.39,Cox's Bazar,856,APP,ANDROID,MASS,ACTIVE
SYN-U-11014,56,M,SALARIED,49097.95,Dhaka,236,AGENT,ANDROID,MASS,ACTIVE
SYN-U-11015,27,O,SALARIED,57650.91,Rangpur,1734,APP,ANDROID,SME,ACTIVE
SYN-U-11016,26,M,BUSINESS,83035.39,Chittagong,513,APP,FEATURE_PHONE,MASS,ACTIVE
SYN-U-11017,71,M,SALARIED,44066.86,Chittagong,1594,BRANCH,ANDROID,MASS,ACTIVE
SYN-U-11018,25,M,HOMEMAKER,44661.18,Cumilla,1460,APP,ANDROID,SME,ACTIVE
SYN-U-11019,53,M,SALARIED,44499.38,Khulna,80,APP,ANDROID,MASS,ACTIVE
SYN-U-11020,58,F,STUDENT,15000.0,Sylhet,2337,BRANCH,ANDROID,PAYROLL,ACTIVE
SYN-U-11021,31,F,SALARIED,46503.16,Dhaka,2450,APP,ANDROID,STUDENT,DORMANT
SYN-U-11022,20,F,STUDENT,68394.73,Dhaka,1737,AGENT,ANDROID,AFFLUENT,ACTIVE
SYN-U-11023,63,M,SALARIED,20903.97,Cumilla,2300,APP,ANDROID,MASS,ACTIVE
SYN-U-11024,42,M,SALARIED,45328.01,Dhaka,1317,APP,ANDROID,MASS,ACTIVE
SYN-U-11025,49,F,BUSINESS,117520.83,Jessore,2135,APP,ANDROID,MASS,ACTIVE
SYN-U-11026,65,F,SALARIED,42460.07,Rajshahi,610,APP,ANDROID,MASS,ACTIVE
SYN-U-11027,29,M,BUSINESS,95887.17,Sylhet,774,AGENT,ANDROID,MASS,ACTIVE
SYN-U-11028,27,M,BUSINESS,113436.56,Dhaka,1761,APP,FEATURE_PHONE,AFFLUENT,ACTIVE
SYN-U-11029,18,F,SALARIED,96995.07,Dhaka,1005,APP,ANDROID,AFFLUENT,ACTIVE
SYN-U-11030,50,M,BUSINESS,75788.91,Dhaka,652,APP,IOS,STUDENT,ACTIVE
SYN-U-11031,19,O,SALARIED,55625.22,Cumilla,1719,APP,ANDROID,MASS,ACTIVE
SYN-U-11032,67,M,BUSINESS,81878.21,Dhaka,2461,APP,ANDROID,MASS,ACTIVE
SYN-U-11033,56,F,SALARIED,59481.91,Mymensingh,796,APP,ANDROID,STUDENT,ACTIVE
SYN-U-11034,18,F,SALARIED,32989.3,Khulna,1827,AGENT,ANDROID,STUDENT,ACTIVE
SYN-U-11035,56,F,BUSINESS,96469.37,Dhaka,1608,AGENT,ANDROID,MASS,ACTIVE
SYN-U-11036,31,M,BUSINESS,72292.06,Rajshahi,1846,APP,FEATURE_PHONE,MASS,ACTIVE
SYN-U-11037,29,M,FREELANCER,68160.04,Dhaka,1750,APP,ANDROID,MASS,ACTIVE
SYN-U-11038,71,F,SALARIED,49556.11,Dhaka,2128,APP,IOS,STUDENT,ACTIVE
SYN-U-11039,68,M,SALARIED,28739.14,Dhaka,143,APP,FEATURE_PHONE,MASS,ACTIVE
SYN-U-11040,21,M,HOMEMAKER,20436.0,Khulna,1797,AGENT,ANDROID,STUDENT,ACTIVE
SYN-U-11041,64,M,SALARIED,29924.64,Rangpur,791,USSD,ANDROID,MASS,ACTIVE
SYN-U-11042,70,F,SALARIED,53942.65,Chittagong,614,APP,ANDROID,MASS,ACTIVE
SYN-U-11043,26,M,BUSINESS,178492.63,Sylhet,1692,AGENT,ANDROID,SME,ACTIVE
SYN-U-11044,52,F,HOMEMAKER,54976.32,Barishal,1345,USSD,ANDROID,AFFLUENT,ACTIVE
SYN-U-11045,49,M,SALARIED,36733.27,Chittagong,286,APP,ANDROID,MASS,DORMANT
SYN-U-11046,20,F,SALARIED,28980.51,Cox's Bazar,229,APP,ANDROID,MASS,ACTIVE
SYN-U-11047,37,M,SALARIED,66458.08,Rajshahi,2094,APP,ANDROID,PAYROLL,ACTIVE
SYN-U-11048,18,M,STUDENT,24485.13,Dhaka,2069,APP,IOS,STUDENT,ACTIVE
SYN-U-11049,48,F,BUSINESS,105520.48,Barishal,1991,AGENT,ANDROID,MASS,ACTIVE
SYN-U-11050,26,M,HOMEMAKER,19889.55,Dhaka,217,APP,ANDROID,MASS,ACTIVE
SYN-U-11051,56,M,BUSINESS,15000.0,Gazipur,882,APP,ANDROID,MASS,ACTIVE
SYN-U-11052,29,M,STUDENT,15000.0,Dhaka,601,APP,ANDROID,PAYROLL,ACTIVE
SYN-U-11053,57,M,BUSINESS,109810.14,Chittagong,1493,AGENT,ANDROID,MASS,ACTIVE
SYN-U-11054,50,M,BUSINESS,32085.04,Barishal,989,AGENT,ANDROID,AFFLUENT,ACTIVE
SYN-U-11055,45,M,STUDENT,22547.81,Rangpur,1454,APP,IOS,MASS,ACTIVE
SYN-U-11056,40,F,SALARIED,43952.96,Chittagong,913,APP,ANDROID,MASS,ACTIVE
SYN-U-11057,41,M,BUSINESS,15000.0,Dhaka,1122,APP,ANDROID,PAYROLL,ACTIVE
SYN-U-11058,62,F,SALARIED,19385.51,Sylhet,489,APP,ANDROID,MASS,ACTIVE
SYN-U-11059,65,M,SALARIED,47179.35,Dhaka,600,APP,ANDROID,MASS,ACTIVE
SYN-U-11060,50,F,STUDENT,28914.97,Dhaka,515,AGENT,ANDROID,MASS,ACTIVE
SYN-U-11061,24,F,SALARIED,63940.79,Cumilla,286,APP,FEATURE_PHONE,MASS,ACTIVE
SYN-U-11062,68,M,FREELANCER,108940.32,Rajshahi,2413,AGENT,ANDROID,SME,ACTIVE
SYN-U-11063,50,F,SALARIED,57580.16,Dhaka,1105,BRANCH,ANDROID,PAYROLL,ACTIVE
SYN-U-11064,65,F,BUSINESS,77515.06,Chittagong,1524,APP,ANDROID,MASS,ACTIVE
SYN-U-11065,59,F,STUDENT,15000.0,Dhaka,2261,BRANCH,ANDROID,STUDENT,ACTIVE
SYN-U-11066,53,F,FREELANCER,72670.21,Chittagong,2206,APP,FEATURE_PHONE,MASS,ACTIVE
SYN-U-11067,39,M,SALARIED,59758.9,Dhaka,894,APP,IOS,PAYROLL,ACTIVE
SYN-U-11068,20,F,SALARIED,89568.85,Dhaka,1250,APP,ANDROID,MASS,ACTIVE
SYN-U-11069,37,M,STUDENT,23989.03,Chittagong,2338,APP,ANDROID,MASS,ACTIVE
SYN-U-11070,65,F,SALARIED,38879.99,Dhaka,1870,AGENT,ANDROID,MASS,ACTIVE
SYN-U-11071,20,F,RETIRED,40736.49,Gazipur,2333,APP,ANDROID,MASS,ACTIVE
SYN-U-11072,60,M,SALARIED,47306.42,Bogura,1413,APP,ANDROID,STUDENT,ACTIVE
SYN-U-11073,64,F,RETIRED,33819.32,Rajshahi,909,APP,ANDROID,MASS,ACTIVE
SYN-U-11074,28,F,SALARIED,42338.48,Khulna,1409,AGENT,ANDROID,MASS,ACTIVE
SYN-U-11075,29,M,SALARIED,57107.36,Jessore,784,AGENT,ANDROID,MASS,ACTIVE
SYN-U-11076,54,F,STUDENT,15000.0,Bogura,2229,APP,ANDROID,STUDENT,ACTIVE
SYN-U-11077,26,M,BUSINESS,64943.88,Barishal,1329,APP,ANDROID,MASS,ACTIVE
SYN-U-11078,42,M,SALARIED,56311.2,Dhaka,1217,APP,IOS,MASS,ACTIVE
SYN-U-11079,40,F,BUSINESS,38177.22,Rangpur,2142,USSD,ANDROID,MASS,ACTIVE
SYN-U-11080,56,F,STUDENT,15000.0,Chittagong,1190,APP,ANDROID,MASS,ACTIVE
SYN-U-11081,43,F,SALARIED,30542.64,Dhaka,1241,APP,ANDROID,MASS,ACTIVE
SYN-U-11082,63,F,BUSINESS,62708.69,Dhaka,151,APP,ANDROID,STUDENT,ACTIVE
SYN-U-11083,19,M,STUDENT,15000.0,Dhaka,1313,APP,ANDROID,MASS,ACTIVE
SYN-U-11084,63,F,BUSINESS,78832.6,Narayanganj,1939,APP,FEATURE_PHONE,PAYROLL,ACTIVE
SYN-U-11085,34,M,STUDENT,17740.08,Cumilla,212,APP,IOS,MASS,ACTIVE
SYN-U-11086,23,F,FREELANCER,17196.74,Dhaka,696,AGENT,ANDROID,MASS,ACTIVE
SYN-U-11087,70,M,SALARIED,73106.9,Gazipur,1257,APP,IOS,MASS,ACTIVE
SYN-U-11088,50,M,BUSINESS,61506.48,Rajshahi,379,APP,FEATURE_PHONE,STUDENT,ACTIVE
SYN-U-11089,29,F,SALARIED,49504.03,Dhaka,1752,AGENT,ANDROID,MASS,RESTRICTED
SYN-U-11090,20,F,SALARIED,58087.55,Chittagong,901,BRANCH,FEATURE_PHONE,MASS,ACTIVE
SYN-U-11091,46,M,SALARIED,52696.3,Barishal,1542,BRANCH,ANDROID,MASS,ACTIVE
SYN-U-11092,38,M,SALARIED,39751.65,Chittagong,579,APP,ANDROID,MASS,ACTIVE
SYN-U-11093,41,M,SALARIED,87040.01,Cumilla,445,APP,FEATURE_PHONE,SME,ACTIVE
SYN-U-11094,32,F,BUSINESS,57359.17,Chittagong,1690,BRANCH,ANDROID,STUDENT,ACTIVE
SYN-U-11095,25,F,SALARIED,72406.85,Chittagong,1204,APP,ANDROID,SME,ACTIVE
SYN-U-11096,52,M,SALARIED,30504.5,Sylhet,240,APP,ANDROID,MASS,ACTIVE
SYN-U-11097,26,F,SALARIED,37966.45,Dhaka,624,AGENT,ANDROID,MASS,ACTIVE
SYN-U-11098,47,F,BUSINESS,84541.55,Dhaka,1859,BRANCH,ANDROID,MASS,ACTIVE
SYN-U-11099,66,F,SALARIED,58912.62,Sylhet,1711,APP,ANDROID,MASS,ACTIVE
SYN-U-11100,29,F,SALARIED,21817.13,Dhaka,1223,APP,ANDROID,MASS,ACTIVE
SYN-U-11101,54,M,SALARIED,48022.26,Dhaka,987,APP,IOS,MASS,ACTIVE
SYN-U-11102,54,F,HOMEMAKER,39529.72,Chittagong,2022,APP,ANDROID,SME,ACTIVE
SYN-U-11103,43,M,BUSINESS,80503.09,Sylhet,715,APP,ANDROID,MASS,ACTIVE
SYN-U-11104,35,F,BUSINESS,97318.27,Rangpur,565,APP,ANDROID,MASS,ACTIVE
SYN-U-11105,42,M,SALARIED,110023.51,Chittagong,43,APP,ANDROID,SME,ACTIVE
SYN-U-11106,58,M,FREELANCER,69555.28,Khulna,448,APP,ANDROID,PAYROLL,ACTIVE
SYN-U-11107,30,F,SALARIED,39748.98,Chittagong,1273,APP,ANDROID,MASS,ACTIVE
SYN-U-11108,43,M,STUDENT,18772.49,Chittagong,1527,APP,ANDROID,MASS,ACTIVE
SYN-U-11109,45,M,SALARIED,38907.84,Dhaka,576,BRANCH,IOS,STUDENT,DORMANT
SYN-U-11110,70,M,SALARIED,121431.6,Cumilla,2492,AGENT,FEATURE_PHONE,AFFLUENT,ACTIVE
SYN-U-11111,66,M,BUSINESS,110106.32,Dhaka,847,AGENT,ANDROID,PAYROLL,ACTIVE
SYN-U-11112,28,M,BUSINESS,78211.21,Dhaka,270,AGENT,ANDROID,MASS,ACTIVE
SYN-U-11113,65,F,HOMEMAKER,15000.0,Barishal,2307,APP,ANDROID,STUDENT,ACTIVE
SYN-U-11114,29,M,RETIRED,41157.3,Dhaka,1431,APP,FEATURE_PHONE,MASS,ACTIVE
SYN-U-11115,65,M,SALARIED,47291.45,Dhaka,180,APP,ANDROID,MASS,ACTIVE
SYN-U-11116,66,M,SALARIED,48804.76,Dhaka,1738,USSD,ANDROID,MASS,ACTIVE
SYN-U-11117,33,F,SALARIED,39845.76,Dhaka,1311,APP,ANDROID,MASS,ACTIVE
SYN-U-11118,64,M,SALARIED,43939.67,Dhaka,569,APP,ANDROID,PAYROLL,ACTIVE
SYN-U-11119,55,M,STUDENT,16674.23,Dhaka,1903,APP,ANDROID,MASS,ACTIVE
SYN-U-11120,25,M,STUDENT,29092.35,Dhaka,1518,AGENT,ANDROID,SME,ACTIVE
SYN-U-11121,53,F,SALARIED,23568.87,Rajshahi,2127,USSD,ANDROID,STUDENT,ACTIVE
SYN-U-11122,51,M,SALARIED,40049.3,Chittagong,1964,APP,ANDROID,STUDENT,DORMANT
SYN-U-11123,52,F,BUSINESS,42375.86,Dhaka,1576,APP,ANDROID,MASS,ACTIVE
SYN-U-11124,67,M,SALARIED,15000.0,Chittagong,1681,APP,FEATURE_PHONE,STUDENT,ACTIVE
SYN-U-11125,66,M,SALARIED,54653.5,Dhaka,2366,BRANCH,FEATURE_PHONE,PAYROLL,ACTIVE
SYN-U-11126,62,F,BUSINESS,118313.14,Dhaka,772,APP,ANDROID,MASS,ACTIVE
SYN-U-11127,47,F,BUSINESS,43709.38,Dhaka,1537,APP,ANDROID,MASS,ACTIVE
SYN-U-11128,70,F,STUDENT,50137.96,Sylhet,815,AGENT,FEATURE_PHONE,AFFLUENT,ACTIVE
SYN-U-11129,22,M,SALARIED,28681.83,Chittagong,1126,BRANCH,ANDROID,STUDENT,ACTIVE
SYN-U-11130,51,M,FREELANCER,50332.18,Dhaka,2469,APP,ANDROID,MASS,ACTIVE
SYN-U-11131,41,M,HOMEMAKER,42228.11,Chittagong,621,APP,FEATURE_PHONE,SME,ACTIVE
SYN-U-11132,24,F,BUSINESS,27461.77,Dhaka,981,APP,ANDROID,SME,ACTIVE
SYN-U-11133,53,M,RETIRED,22340.8,Dhaka,1739,APP,ANDROID,MASS,ACTIVE
SYN-U-11134,26,F,BUSINESS,72330.31,Sylhet,1720,AGENT,ANDROID,AFFLUENT,ACTIVE
SYN-U-11135,64,M,SALARIED,46660.76,Chittagong,1012,BRANCH,IOS,MASS,ACTIVE
SYN-U-11136,39,F,STUDENT,15000.0,Dhaka,1652,APP,ANDROID,MASS,ACTIVE
SYN-U-11137,22,M,FREELANCER,157395.76,Dhaka,909,APP,IOS,AFFLUENT,ACTIVE
SYN-U-11138,58,O,SALARIED,52317.21,Chittagong,1317,AGENT,ANDROID,PAYROLL,ACTIVE
SYN-U-11139,47,M,STUDENT,16043.92,Dhaka,1374,APP,ANDROID,MASS,ACTIVE
SYN-U-11140,32,F,BUSINESS,48156.16,Sylhet,167,APP,ANDROID,MASS,ACTIVE
SYN-U-11141,49,F,BUSINESS,24715.56,Dhaka,1645,AGENT,ANDROID,MASS,ACTIVE
SYN-U-11142,50,F,BUSINESS,75860.79,Dhaka,2370,AGENT,ANDROID,MASS,ACTIVE
SYN-U-11143,71,F,SALARIED,50887.96,Dhaka,2332,APP,ANDROID,MASS,ACTIVE
SYN-U-11144,63,M,FREELANCER,110321.74,Chittagong,2269,APP,ANDROID,SME,ACTIVE
SYN-U-11145,58,F,SALARIED,41121.31,Barishal,297,APP,ANDROID,PAYROLL,ACTIVE
SYN-U-11146,44,F,SALARIED,40416.22,Dhaka,2325,APP,ANDROID,STUDENT,ACTIVE
SYN-U-11147,49,M,HOMEMAKER,20577.33,Bogura,34,APP,IOS,MASS,ACTIVE
SYN-U-11148,53,M,BUSINESS,77243.76,Dhaka,1708,USSD,IOS,PAYROLL,ACTIVE
SYN-U-11149,50,F,SALARIED,126216.74,Gazipur,2291,APP,ANDROID,AFFLUENT,ACTIVE
SYN-U-11150,68,M,SALARIED,57551.86,Rajshahi,1852,BRANCH,ANDROID,MASS,ACTIVE
SYN-U-11151,18,M,SALARIED,45945.51,Dhaka,1219,USSD,ANDROID,STUDENT,ACTIVE
SYN-U-11152,67,F,STUDENT,29121.76,Rajshahi,2414,AGENT,ANDROID,SME,ACTIVE
SYN-U-11153,39,M,SALARIED,22332.04,Dhaka,350,APP,ANDROID,MASS,ACTIVE
SYN-U-11154,69,F,BUSINESS,54872.52,Dhaka,1574,AGENT,ANDROID,MASS,ACTIVE
SYN-U-11155,51,F,SALARIED,70985.67,Chittagong,605,AGENT,FEATURE_PHONE,MASS,ACTIVE
SYN-U-11156,53,M,SALARIED,54678.11,Jessore,979,APP,ANDROID,PAYROLL,ACTIVE
SYN-U-11157,63,M,SALARIED,63184.32,Chittagong,2321,AGENT,IOS,MASS,ACTIVE
SYN-U-11158,39,M,SALARIED,100047.46,Dhaka,1955,AGENT,FEATURE_PHONE,AFFLUENT,ACTIVE
SYN-U-11159,46,M,STUDENT,64809.65,Sylhet,1322,APP,ANDROID,AFFLUENT,ACTIVE
SYN-U-11160,52,M,BUSINESS,73065.82,Dhaka,1694,APP,ANDROID,MASS,ACTIVE
SYN-U-11161,28,M,STUDENT,22117.02,Cox's Bazar,631,APP,ANDROID,MASS,ACTIVE
SYN-U-11162,42,M,BUSINESS,56930.13,Gazipur,1544,APP,ANDROID,MASS,ACTIVE
SYN-U-11163,34,M,SALARIED,47207.85,Dhaka,1251,APP,IOS,MASS,ACTIVE
SYN-U-11164,54,F,SALARIED,60235.63,Chittagong,2376,APP,IOS,MASS,ACTIVE
SYN-U-11165,57,M,SALARIED,61836.0,Khulna,230,APP,ANDROID,MASS,ACTIVE
SYN-U-11166,53,F,SALARIED,98955.89,Dhaka,1859,APP,ANDROID,AFFLUENT,ACTIVE
SYN-U-11167,33,M,FREELANCER,25906.68,Rajshahi,888,APP,ANDROID,MASS,ACTIVE
SYN-U-11168,61,O,FREELANCER,37302.35,Cumilla,2184,APP,ANDROID,MASS,ACTIVE
SYN-U-11169,50,F,FREELANCER,49800.44,Cumilla,1330,APP,ANDROID,STUDENT,ACTIVE
SYN-U-11170,38,F,FREELANCER,77721.41,Khulna,1048,USSD,ANDROID,MASS,ACTIVE
SYN-U-11171,19,F,SALARIED,65588.88,Sylhet,676,BRANCH,ANDROID,PAYROLL,ACTIVE
SYN-U-11172,50,F,SALARIED,48061.24,Dhaka,1141,APP,ANDROID,MASS,ACTIVE
SYN-U-11173,27,F,BUSINESS,91169.76,Gazipur,1710,AGENT,ANDROID,MASS,ACTIVE
SYN-U-11174,56,M,SALARIED,41917.43,Khulna,36,APP,ANDROID,MASS,ACTIVE
SYN-U-11175,42,F,BUSINESS,52932.22,Khulna,1142,APP,ANDROID,STUDENT,ACTIVE
SYN-U-11176,71,F,SALARIED,28172.19,Bogura,1166,AGENT,ANDROID,STUDENT,ACTIVE
SYN-U-11177,56,F,SALARIED,60934.05,Chittagong,1584,AGENT,ANDROID,MASS,ACTIVE
SYN-U-11178,34,F,SALARIED,56329.37,Dhaka,852,AGENT,ANDROID,MASS,ACTIVE
SYN-U-11179,31,F,SALARIED,38447.13,Rajshahi,1522,BRANCH,ANDROID,STUDENT,ACTIVE
SYN-U-11180,28,M,SALARIED,37780.54,Dhaka,429,APP,ANDROID,MASS,ACTIVE
SYN-U-11181,42,M,BUSINESS,52694.76,Chittagong,1954,APP,IOS,SME,ACTIVE
SYN-U-11182,66,M,STUDENT,19373.08,Sylhet,962,USSD,ANDROID,PAYROLL,ACTIVE
SYN-U-11183,69,F,HOMEMAKER,15000.0,Barishal,811,USSD,ANDROID,SME,ACTIVE
SYN-U-11184,52,F,SALARIED,75970.35,Chittagong,907,BRANCH,ANDROID,SME,ACTIVE
SYN-U-11185,30,M,RETIRED,78045.64,Sylhet,954,APP,IOS,AFFLUENT,ACTIVE
SYN-U-11186,28,F,SALARIED,55145.76,Cumilla,2195,BRANCH,ANDROID,MASS,ACTIVE
SYN-U-11187,56,F,SALARIED,94219.9,Dhaka,2182,AGENT,IOS,AFFLUENT,ACTIVE
SYN-U-11188,44,F,SALARIED,38705.17,Dhaka,779,AGENT,ANDROID,STUDENT,ACTIVE
SYN-U-11189,44,M,STUDENT,17767.47,Dhaka,2358,AGENT,FEATURE_PHONE,MASS,ACTIVE
SYN-U-11190,70,F,STUDENT,15000.0,Sylhet,2110,APP,ANDROID,STUDENT,ACTIVE
SYN-U-11191,47,M,STUDENT,29685.77,Dhaka,1602,APP,ANDROID,AFFLUENT,ACTIVE
SYN-U-11192,41,M,BUSINESS,48279.88,Dhaka,1745,APP,ANDROID,MASS,ACTIVE
SYN-U-11193,61,M,SALARIED,48881.99,Jessore,1942,AGENT,ANDROID,STUDENT,ACTIVE
SYN-U-11194,18,M,FREELANCER,42434.73,Dhaka,1313,BRANCH,ANDROID,SME,ACTIVE
SYN-U-11195,59,M,FREELANCER,37384.47,Dhaka,2348,APP,ANDROID,PAYROLL,ACTIVE
SYN-U-11196,29,M,BUSINESS,65277.23,Dhaka,234,APP,ANDROID,PAYROLL,ACTIVE
SYN-U-11197,29,F,BUSINESS,128253.73,Rangpur,252,APP,IOS,AFFLUENT,ACTIVE
SYN-U-11198,29,M,HOMEMAKER,15000.0,Chittagong,119,APP,ANDROID,MASS,ACTIVE
SYN-U-11199,22,F,HOMEMAKER,71655.09,Chittagong,1256,APP,ANDROID,AFFLUENT,ACTIVE
SYN-U-11200,60,M,BUSINESS,21226.75,Dhaka,1860,AGENT,ANDROID,STUDENT,ACTIVE
SYN-U-11201,30,M,SALARIED,66522.65,Cumilla,783,AGENT,ANDROID,MASS,ACTIVE
SYN-U-11202,31,F,STUDENT,18806.73,Cumilla,2188,APP,FEATURE_PHONE,MASS,ACTIVE
SYN-U-11203,41,M,HOMEMAKER,36033.4,Sylhet,31,APP,ANDROID,PAYROLL,ACTIVE
SYN-U-11204,45,O,SALARIED,43741.86,Sylhet,1157,APP,ANDROID,STUDENT,ACTIVE
SYN-U-11205,34,M,BUSINESS,47826.1,Dhaka,1795,APP,ANDROID,MASS,ACTIVE
SYN-U-11206,47,M,BUSINESS,56741.19,Khulna,2003,AGENT,ANDROID,MASS,ACTIVE
SYN-U-11207,20,M,SALARIED,86870.04,Barishal,1763,APP,ANDROID,SME,ACTIVE
SYN-U-11208,66,F,STUDENT,18870.54,Chittagong,288,APP,ANDROID,PAYROLL,ACTIVE
SYN-U-11209,22,F,HOMEMAKER,24981.08,Chittagong,1207,AGENT,ANDROID,MASS,ACTIVE
SYN-U-11210,38,F,BUSINESS,62638.81,Barishal,1671,APP,IOS,MASS,ACTIVE
SYN-U-11211,59,F,BUSINESS,64238.98,Bogura,2115,AGENT,ANDROID,SME,ACTIVE
SYN-U-11212,33,M,BUSINESS,63049.82,Rajshahi,583,AGENT,ANDROID,MASS,ACTIVE
SYN-U-11213,38,F,HOMEMAKER,15000.0,Rangpur,2403,AGENT,IOS,PAYROLL,ACTIVE
SYN-U-11214,57,M,SALARIED,146938.62,Dhaka,1424,APP,IOS,AFFLUENT,ACTIVE
SYN-U-11215,53,O,BUSINESS,96509.91,Jessore,2440,BRANCH,IOS,MASS,ACTIVE
SYN-U-11216,66,M,HOMEMAKER,22013.01,Chittagong,1599,APP,ANDROID,MASS,ACTIVE
SYN-U-11217,46,M,BUSINESS,186477.95,Chittagong,1261,BRANCH,IOS,SME,ACTIVE
SYN-U-11218,55,F,FREELANCER,48076.63,Rajshahi,629,APP,ANDROID,STUDENT,ACTIVE
SYN-U-11219,26,F,FREELANCER,106972.53,Dhaka,1006,APP,ANDROID,AFFLUENT,ACTIVE
SYN-U-11220,43,M,FREELANCER,92429.97,Dhaka,547,APP,ANDROID,SME,ACTIVE
SYN-U-11221,49,F,STUDENT,49550.95,Rangpur,2197,APP,ANDROID,SME,ACTIVE
SYN-U-11222,30,F,STUDENT,15000.0,Dhaka,2271,AGENT,ANDROID,STUDENT,ACTIVE
SYN-U-11223,39,M,FREELANCER,44207.33,Dhaka,2287,BRANCH,ANDROID,MASS,ACTIVE
SYN-U-11224,22,F,RETIRED,39939.64,Chittagong,1121,APP,ANDROID,MASS,ACTIVE
SYN-U-11225,53,M,SALARIED,60915.41,Khulna,468,APP,IOS,MASS,ACTIVE
SYN-U-11226,65,F,SALARIED,101095.46,Chittagong,800,APP,ANDROID,AFFLUENT,ACTIVE
SYN-U-11227,33,M,SALARIED,52728.06,Dhaka,1076,APP,ANDROID,STUDENT,ACTIVE
SYN-U-11228,66,M,SALARIED,46213.02,Dhaka,1882,APP,ANDROID,MASS,ACTIVE
SYN-U-11229,67,M,BUSINESS,64102.33,Rangpur,1638,APP,ANDROID,MASS,ACTIVE
SYN-U-11230,49,M,SALARIED,79734.66,Rajshahi,2405,APP,ANDROID,AFFLUENT,ACTIVE
SYN-U-11231,42,M,BUSINESS,139336.53,Bogura,1435,AGENT,ANDROID,SME,ACTIVE
SYN-U-11232,69,M,SALARIED,42152.06,Narayanganj,98,AGENT,ANDROID,MASS,ACTIVE
SYN-U-11233,58,F,SALARIED,102108.64,Dhaka,1351,BRANCH,IOS,AFFLUENT,ACTIVE
SYN-U-11234,70,M,BUSINESS,77189.29,Khulna,1014,AGENT,ANDROID,MASS,ACTIVE
SYN-U-11235,57,F,FREELANCER,38846.77,Chittagong,557,APP,ANDROID,STUDENT,ACTIVE
SYN-U-11236,41,M,SALARIED,59040.92,Rangpur,62,BRANCH,ANDROID,MASS,ACTIVE
SYN-U-11237,54,M,BUSINESS,114803.7,Barishal,1853,APP,ANDROID,AFFLUENT,ACTIVE
SYN-U-11238,56,M,RETIRED,42548.47,Cox's Bazar,1531,APP,ANDROID,MASS,ACTIVE
SYN-U-11239,49,M,STUDENT,32445.9,Dhaka,1341,APP,ANDROID,SME,ACTIVE
SYN-U-11240,63,M,BUSINESS,83410.75,Mymensingh,1244,BRANCH,IOS,PAYROLL,ACTIVE
SYN-U-11241,26,F,SALARIED,22644.38,Rajshahi,2427,USSD,IOS,MASS,ACTIVE
SYN-U-11242,31,M,SALARIED,34736.54,Dhaka,604,USSD,ANDROID,MASS,ACTIVE
SYN-U-11243,41,F,SALARIED,56630.53,Chittagong,2020,BRANCH,ANDROID,MASS,ACTIVE
SYN-U-11244,42,F,BUSINESS,39897.24,Dhaka,2262,BRANCH,ANDROID,MASS,ACTIVE
SYN-U-11245,71,M,FREELANCER,32068.79,Dhaka,2192,APP,ANDROID,MASS,ACTIVE
SYN-U-11246,36,F,SALARIED,59475.3,Mymensingh,1292,APP,ANDROID,MASS,ACTIVE
SYN-U-11247,37,M,SALARIED,46544.1,Rangpur,675,APP,ANDROID,MASS,ACTIVE
SYN-U-11248,59,F,FREELANCER,25902.92,Mymensingh,1437,APP,ANDROID,STUDENT,ACTIVE
SYN-U-11249,30,F,HOMEMAKER,25331.68,Dhaka,1291,APP,ANDROID,MASS,ACTIVE
SYN-U-11250,63,O,BUSINESS,47115.98,Cumilla,2489,USSD,ANDROID,PAYROLL,ACTIVE
SYN-U-11251,60,F,BUSINESS,96478.35,Dhaka,2114,APP,ANDROID,STUDENT,ACTIVE
SYN-U-11252,27,M,FREELANCER,49412.97,Dhaka,1307,AGENT,ANDROID,MASS,ACTIVE
SYN-U-11253,64,F,SALARIED,137382.06,Dhaka,1155,APP,FEATURE_PHONE,AFFLUENT,ACTIVE
SYN-U-11254,56,M,BUSINESS,69108.22,Dhaka,1854,APP,IOS,MASS,ACTIVE
SYN-U-11255,62,F,BUSINESS,41968.84,Chittagong,1964,AGENT,ANDROID,STUDENT,ACTIVE
SYN-U-11256,34,F,BUSINESS,197596.57,Dhaka,2027,BRANCH,ANDROID,AFFLUENT,ACTIVE
SYN-U-11257,42,M,STUDENT,15000.0,Sylhet,1597,APP,IOS,MASS,ACTIVE
SYN-U-11258,57,F,BUSINESS,202833.58,Cumilla,917,APP,ANDROID,AFFLUENT,ACTIVE
SYN-U-11259,37,M,SALARIED,46557.48,Chittagong,1695,APP,IOS,MASS,ACTIVE
SYN-U-11260,28,M,BUSINESS,66739.86,Chittagong,374,AGENT,ANDROID,STUDENT,ACTIVE
SYN-U-11261,71,M,RETIRED,127704.84,Rangpur,2216,APP,ANDROID,SME,ACTIVE
SYN-U-11262,60,M,HOMEMAKER,22006.38,Dhaka,545,APP,ANDROID,MASS,ACTIVE
SYN-U-11263,54,M,STUDENT,15000.0,Dhaka,1847,AGENT,ANDROID,STUDENT,ACTIVE
SYN-U-11264,26,F,SALARIED,34992.85,Chittagong,1035,BRANCH,IOS,MASS,ACTIVE
SYN-U-11265,27,M,SALARIED,39010.35,Cumilla,464,AGENT,ANDROID,STUDENT,ACTIVE
SYN-U-11266,18,F,SALARIED,52460.14,Gazipur,1403,APP,IOS,PAYROLL,ACTIVE
SYN-U-11267,46,O,FREELANCER,55606.23,Chittagong,1802,APP,FEATURE_PHONE,STUDENT,ACTIVE
SYN-U-11268,43,F,STUDENT,20239.56,Dhaka,417,AGENT,ANDROID,AFFLUENT,ACTIVE
SYN-U-11269,26,F,SALARIED,29646.72,Narayanganj,1659,AGENT,ANDROID,STUDENT,DORMANT
SYN-U-11270,45,M,BUSINESS,75028.34,Gazipur,2344,APP,ANDROID,MASS,ACTIVE
SYN-U-11271,46,M,HOMEMAKER,15000.0,Gazipur,42,USSD,FEATURE_PHONE,MASS,ACTIVE
SYN-U-11272,26,M,FREELANCER,143692.6,Chittagong,35,APP,ANDROID,SME,ACTIVE
SYN-U-11273,48,F,BUSINESS,90974.25,Mymensingh,2064,APP,ANDROID,MASS,ACTIVE
SYN-U-11274,43,F,STUDENT,23892.52,Dhaka,1614,BRANCH,IOS,SME,ACTIVE
SYN-U-11275,38,O,BUSINESS,97103.1,Rajshahi,1509,USSD,ANDROID,MASS,ACTIVE
SYN-U-11276,67,F,STUDENT,35134.23,Dhaka,476,BRANCH,ANDROID,AFFLUENT,ACTIVE
SYN-U-11277,59,M,SALARIED,22226.63,Chittagong,1915,APP,ANDROID,PAYROLL,ACTIVE
SYN-U-11278,63,M,RETIRED,23891.99,Chittagong,2493,AGENT,ANDROID,STUDENT,ACTIVE
SYN-U-11279,35,M,SALARIED,59363.6,Dhaka,2435,APP,FEATURE_PHONE,MASS,ACTIVE
SYN-U-11280,23,M,HOMEMAKER,23483.51,Khulna,2489,AGENT,ANDROID,MASS,ACTIVE
SYN-U-11281,35,M,STUDENT,15000.0,Rangpur,454,APP,FEATURE_PHONE,PAYROLL,ACTIVE
SYN-U-11282,51,M,SALARIED,42465.11,Barishal,1197,APP,ANDROID,PAYROLL,ACTIVE
SYN-U-11283,54,F,FREELANCER,128524.83,Rajshahi,855,APP,ANDROID,SME,ACTIVE
SYN-U-11284,21,M,HOMEMAKER,17430.89,Chittagong,2427,APP,ANDROID,PAYROLL,ACTIVE
SYN-U-11285,65,M,SALARIED,31814.5,Chittagong,2300,AGENT,ANDROID,MASS,ACTIVE
SYN-U-11286,49,F,BUSINESS,60667.26,Dhaka,2461,APP,ANDROID,MASS,ACTIVE
SYN-U-11287,19,M,STUDENT,24389.58,Dhaka,1584,APP,ANDROID,MASS,DORMANT
SYN-U-11288,39,M,SALARIED,24614.57,Rangpur,1157,APP,ANDROID,MASS,ACTIVE
SYN-U-11289,53,F,STUDENT,24338.27,Dhaka,598,AGENT,FEATURE_PHONE,MASS,ACTIVE
SYN-U-11290,19,M,SALARIED,26730.14,Khulna,979,AGENT,ANDROID,MASS,ACTIVE
SYN-U-11291,67,M,FREELANCER,80732.08,Barishal,934,APP,ANDROID,MASS,ACTIVE
SYN-U-11292,41,F,SALARIED,48781.21,Gazipur,594,APP,ANDROID,MASS,ACTIVE
SYN-U-11293,54,F,SALARIED,47580.26,Chittagong,1392,AGENT,ANDROID,STUDENT,ACTIVE
SYN-U-11294,29,F,BUSINESS,118009.06,Dhaka,2340,APP,IOS,AFFLUENT,ACTIVE
SYN-U-11295,22,M,SALARIED,51174.33,Chittagong,554,AGENT,ANDROID,MASS,ACTIVE
SYN-U-11296,34,M,BUSINESS,74229.08,Rajshahi,585,APP,ANDROID,MASS,ACTIVE
SYN-U-11297,44,F,SALARIED,30469.82,Rajshahi,1653,APP,ANDROID,MASS,ACTIVE
SYN-U-11298,64,M,BUSINESS,83214.03,Rangpur,363,APP,ANDROID,SME,ACTIVE
SYN-U-11299,43,F,SALARIED,56416.42,Dhaka,2232,AGENT,ANDROID,MASS,RESTRICTED
SYN-U-11300,28,M,BUSINESS,64772.5,Dhaka,57,APP,ANDROID,MASS,ACTIVE
SYN-U-11301,59,M,STUDENT,21699.88,Dhaka,1752,BRANCH,ANDROID,STUDENT,ACTIVE
SYN-U-11302,55,F,STUDENT,17777.99,Gazipur,2102,AGENT,ANDROID,PAYROLL,ACTIVE
SYN-U-11303,40,M,BUSINESS,57448.61,Dhaka,2307,APP,ANDROID,MASS,ACTIVE
SYN-U-11304,68,M,RETIRED,18182.81,Sylhet,503,AGENT,ANDROID,MASS,ACTIVE
SYN-U-11305,53,F,STUDENT,15199.4,Dhaka,2190,APP,ANDROID,STUDENT,ACTIVE
SYN-U-11306,45,M,STUDENT,27750.55,Chittagong,367,AGENT,ANDROID,MASS,ACTIVE
SYN-U-11307,33,F,BUSINESS,72772.2,Narayanganj,2134,APP,ANDROID,MASS,ACTIVE
SYN-U-11308,45,M,BUSINESS,108749.22,Dhaka,199,APP,ANDROID,PAYROLL,ACTIVE
SYN-U-11309,18,F,BUSINESS,31011.65,Rajshahi,772,BRANCH,ANDROID,MASS,ACTIVE
SYN-U-11310,27,F,BUSINESS,97809.02,Dhaka,1949,APP,ANDROID,PAYROLL,ACTIVE
SYN-U-11311,39,M,STUDENT,15000.0,Chittagong,299,APP,ANDROID,MASS,ACTIVE
SYN-U-11312,25,M,SALARIED,68086.74,Chittagong,2122,APP,ANDROID,SME,ACTIVE
SYN-U-11313,27,F,STUDENT,15000.0,Sylhet,1487,APP,ANDROID,AFFLUENT,ACTIVE
SYN-U-11314,43,M,SALARIED,32289.3,Gazipur,2499,APP,ANDROID,SME,ACTIVE
SYN-U-11315,29,F,HOMEMAKER,25037.68,Dhaka,2350,BRANCH,ANDROID,MASS,ACTIVE
SYN-U-11316,20,M,SALARIED,24214.18,Dhaka,656,AGENT,ANDROID,MASS,ACTIVE
SYN-U-11317,48,O,SALARIED,118072.33,Dhaka,2194,APP,ANDROID,SME,ACTIVE
SYN-U-11318,65,M,SALARIED,54831.73,Dhaka,2162,APP,ANDROID,MASS,ACTIVE
SYN-U-11319,61,M,BUSINESS,265697.53,Sylhet,274,APP,ANDROID,AFFLUENT,ACTIVE
SYN-U-11320,56,M,SALARIED,112121.15,Chittagong,1209,APP,ANDROID,AFFLUENT,ACTIVE
SYN-U-11321,57,F,BUSINESS,114985.88,Chittagong,229,APP,ANDROID,MASS,ACTIVE
SYN-U-11322,46,M,BUSINESS,267354.64,Dhaka,1778,APP,ANDROID,AFFLUENT,ACTIVE
SYN-U-11323,66,M,HOMEMAKER,53006.39,Khulna,483,APP,ANDROID,AFFLUENT,ACTIVE
SYN-U-11324,48,F,FREELANCER,53196.56,Bogura,791,APP,ANDROID,MASS,ACTIVE
SYN-U-11325,48,F,FREELANCER,41490.15,Dhaka,1250,AGENT,ANDROID,PAYROLL,ACTIVE
SYN-U-11326,70,F,SALARIED,114412.88,Khulna,277,AGENT,ANDROID,SME,ACTIVE
SYN-U-11327,43,M,STUDENT,18765.61,Chittagong,2257,APP,ANDROID,MASS,ACTIVE
SYN-U-11328,24,F,FREELANCER,154892.8,Dhaka,1547,AGENT,ANDROID,SME,ACTIVE
SYN-U-11329,57,O,SALARIED,36757.21,Sylhet,2493,BRANCH,ANDROID,MASS,ACTIVE
SYN-U-11330,56,M,SALARIED,44822.57,Barishal,1409,APP,ANDROID,STUDENT,ACTIVE
SYN-U-11331,44,F,BUSINESS,83581.69,Rajshahi,1439,APP,FEATURE_PHONE,SME,ACTIVE
SYN-U-11332,18,M,SALARIED,117022.0,Dhaka,1388,AGENT,IOS,SME,DORMANT
SYN-U-11333,20,F,BUSINESS,63162.46,Rajshahi,572,AGENT,ANDROID,MASS,ACTIVE
SYN-U-11334,64,M,BUSINESS,124217.59,Mymensingh,698,APP,ANDROID,MASS,ACTIVE
SYN-U-11335,19,M,SALARIED,41404.5,Gazipur,2049,APP,ANDROID,STUDENT,ACTIVE
SYN-U-11336,48,F,STUDENT,25407.57,Sylhet,1872,APP,ANDROID,PAYROLL,DORMANT
SYN-U-11337,42,F,SALARIED,91131.27,Barishal,127,AGENT,ANDROID,AFFLUENT,ACTIVE
SYN-U-11338,29,F,STUDENT,17756.68,Chittagong,42,APP,ANDROID,MASS,ACTIVE
SYN-U-11339,71,M,BUSINESS,68628.38,Chittagong,213,APP,ANDROID,MASS,DORMANT
SYN-U-11340,23,F,SALARIED,59733.38,Dhaka,1001,AGENT,ANDROID,MASS,ACTIVE
SYN-U-11341,41,M,FREELANCER,23570.26,Dhaka,135,APP,ANDROID,MASS,ACTIVE
SYN-U-11342,59,M,STUDENT,16214.61,Rajshahi,992,APP,ANDROID,MASS,ACTIVE
SYN-U-11343,18,M,BUSINESS,99486.0,Rajshahi,567,APP,ANDROID,MASS,ACTIVE
SYN-U-11344,30,M,BUSINESS,286413.44,Sylhet,645,APP,ANDROID,AFFLUENT,ACTIVE
SYN-U-11345,35,M,SALARIED,43819.34,Narayanganj,1956,APP,ANDROID,STUDENT,ACTIVE
SYN-U-11346,38,F,FREELANCER,46646.63,Dhaka,2285,APP,ANDROID,MASS,ACTIVE
SYN-U-11347,32,F,HOMEMAKER,15000.0,Dhaka,2397,AGENT,ANDROID,STUDENT,ACTIVE
SYN-U-11348,63,M,SALARIED,54214.98,Chittagong,1081,AGENT,IOS,MASS,ACTIVE
SYN-U-11349,53,M,BUSINESS,107783.86,Cumilla,1789,USSD,ANDROID,SME,ACTIVE
SYN-U-11350,64,F,SALARIED,56467.87,Rangpur,2168,BRANCH,ANDROID,PAYROLL,ACTIVE
SYN-U-11351,30,F,BUSINESS,62034.35,Sylhet,1038,APP,IOS,MASS,ACTIVE
SYN-U-11352,25,M,HOMEMAKER,41941.86,Rajshahi,1131,APP,ANDROID,AFFLUENT,ACTIVE
SYN-U-11353,54,M,FREELANCER,41286.16,Dhaka,1263,AGENT,IOS,AFFLUENT,ACTIVE
SYN-U-11354,62,F,SALARIED,60273.07,Dhaka,666,AGENT,ANDROID,MASS,ACTIVE
SYN-U-11355,65,M,BUSINESS,15000.0,Dhaka,993,USSD,ANDROID,STUDENT,ACTIVE
SYN-U-11356,46,M,STUDENT,15000.0,Chittagong,620,APP,ANDROID,MASS,ACTIVE
SYN-U-11357,56,M,BUSINESS,183937.97,Sylhet,1255,APP,ANDROID,SME,ACTIVE
SYN-U-11358,65,M,FREELANCER,45417.23,Barishal,1265,AGENT,IOS,MASS,ACTIVE
SYN-U-11359,34,F,SALARIED,42072.95,Barishal,1420,APP,ANDROID,STUDENT,ACTIVE
SYN-U-11360,67,M,FREELANCER,71694.94,Dhaka,1988,APP,ANDROID,MASS,ACTIVE
SYN-U-11361,43,M,SALARIED,49604.71,Dhaka,917,AGENT,ANDROID,MASS,ACTIVE
SYN-U-11362,39,M,BUSINESS,54183.64,Dhaka,358,APP,ANDROID,MASS,DORMANT
SYN-U-11363,65,F,BUSINESS,34009.08,Gazipur,671,APP,ANDROID,MASS,ACTIVE
SYN-U-11364,21,M,BUSINESS,61134.43,Khulna,39,APP,ANDROID,STUDENT,ACTIVE
SYN-U-11365,38,M,FREELANCER,148174.75,Dhaka,895,APP,ANDROID,AFFLUENT,ACTIVE
SYN-U-11366,40,M,BUSINESS,15000.0,Chittagong,1016,APP,ANDROID,AFFLUENT,ACTIVE
SYN-U-11367,69,F,FREELANCER,58543.63,Dhaka,902,APP,ANDROID,MASS,ACTIVE
SYN-U-11368,57,M,BUSINESS,15000.0,Dhaka,1573,APP,ANDROID,MASS,DORMANT
SYN-U-11369,55,M,SALARIED,45372.42,Rangpur,590,APP,IOS,STUDENT,ACTIVE
SYN-U-11370,31,M,BUSINESS,48542.01,Dhaka,1235,APP,ANDROID,AFFLUENT,ACTIVE
SYN-U-11371,69,M,SALARIED,40363.6,Khulna,1683,AGENT,ANDROID,MASS,ACTIVE
SYN-U-11372,57,F,SALARIED,47996.73,Sylhet,2200,APP,ANDROID,PAYROLL,ACTIVE
SYN-U-11373,48,F,BUSINESS,80249.82,Dhaka,1358,BRANCH,ANDROID,STUDENT,DORMANT
SYN-U-11374,44,M,SALARIED,115424.78,Rangpur,2265,AGENT,ANDROID,AFFLUENT,ACTIVE
SYN-U-11375,45,M,BUSINESS,38165.2,Dhaka,722,APP,IOS,MASS,ACTIVE
SYN-U-11376,61,F,SALARIED,92005.18,Narayanganj,537,APP,IOS,AFFLUENT,ACTIVE
SYN-U-11377,71,F,FREELANCER,39664.85,Khulna,680,AGENT,ANDROID,STUDENT,ACTIVE
SYN-U-11378,27,M,SALARIED,50542.38,Chittagong,1316,BRANCH,ANDROID,MASS,ACTIVE
SYN-U-11379,53,M,HOMEMAKER,61577.13,Dhaka,1588,AGENT,ANDROID,AFFLUENT,ACTIVE
SYN-U-11380,33,M,SALARIED,57672.79,Barishal,473,AGENT,ANDROID,MASS,ACTIVE
SYN-U-11381,67,F,STUDENT,15000.0,Dhaka,1551,APP,ANDROID,MASS,ACTIVE
SYN-U-11382,65,F,BUSINESS,39508.71,Sylhet,1779,AGENT,ANDROID,AFFLUENT,ACTIVE
SYN-U-11383,54,M,SALARIED,134607.41,Dhaka,209,BRANCH,ANDROID,AFFLUENT,ACTIVE
SYN-U-11384,49,M,BUSINESS,75955.71,Rangpur,953,APP,ANDROID,MASS,ACTIVE
SYN-U-11385,37,M,BUSINESS,142431.51,Dhaka,88,APP,ANDROID,MASS,ACTIVE
SYN-U-11386,71,M,SALARIED,52474.21,Sylhet,1772,APP,IOS,STUDENT,ACTIVE
SYN-U-11387,50,M,HOMEMAKER,35106.69,Bogura,2187,AGENT,ANDROID,MASS,ACTIVE
SYN-U-11388,64,F,SALARIED,57196.93,Mymensingh,95,BRANCH,IOS,PAYROLL,ACTIVE
SYN-U-11389,63,M,BUSINESS,230790.54,Dhaka,298,APP,ANDROID,AFFLUENT,ACTIVE
SYN-U-11390,66,M,BUSINESS,42668.74,Dhaka,2001,APP,IOS,STUDENT,ACTIVE
SYN-U-11391,31,F,HOMEMAKER,15000.0,Chittagong,2114,AGENT,IOS,STUDENT,ACTIVE
SYN-U-11392,65,M,HOMEMAKER,19724.64,Chittagong,1038,APP,ANDROID,MASS,ACTIVE
SYN-U-11393,21,M,BUSINESS,41449.44,Dhaka,399,APP,ANDROID,MASS,ACTIVE
SYN-U-11394,70,M,BUSINESS,54865.78,Barishal,1215,APP,ANDROID,PAYROLL,ACTIVE
SYN-U-11395,18,F,FREELANCER,131021.7,Dhaka,1331,APP,IOS,AFFLUENT,ACTIVE
SYN-U-11396,56,F,STUDENT,15000.0,Dhaka,1446,AGENT,ANDROID,SME,ACTIVE
SYN-U-11397,47,M,FREELANCER,43140.81,Dhaka,2138,AGENT,ANDROID,STUDENT,ACTIVE
SYN-U-11398,66,M,BUSINESS,122727.29,Narayanganj,302,APP,IOS,MASS,ACTIVE
SYN-U-11399,52,M,SALARIED,46970.79,Dhaka,587,BRANCH,ANDROID,PAYROLL,ACTIVE
SYN-U-11400,40,M,STUDENT,47304.36,Bogura,2388,AGENT,ANDROID,AFFLUENT,ACTIVE
SYN-U-11401,40,F,SALARIED,46018.57,Dhaka,2250,APP,ANDROID,MASS,ACTIVE
SYN-U-11402,53,M,FREELANCER,15995.7,Chittagong,949,APP,ANDROID,MASS,ACTIVE
SYN-U-11403,51,F,FREELANCER,57274.61,Dhaka,1896,AGENT,IOS,MASS,ACTIVE
SYN-U-11404,30,F,SALARIED,56855.94,Jessore,1690,AGENT,ANDROID,AFFLUENT,ACTIVE
SYN-U-11405,52,F,BUSINESS,49293.35,Chittagong,2323,AGENT,ANDROID,STUDENT,ACTIVE
SYN-U-11406,42,M,SALARIED,43660.09,Dhaka,80,APP,ANDROID,MASS,ACTIVE
SYN-U-11407,42,M,SALARIED,157584.27,Dhaka,898,APP,ANDROID,AFFLUENT,ACTIVE
SYN-U-11408,55,M,FREELANCER,165639.72,Chittagong,899,USSD,ANDROID,AFFLUENT,ACTIVE
SYN-U-11409,21,F,SALARIED,62844.6,Rangpur,624,AGENT,ANDROID,PAYROLL,ACTIVE
SYN-U-11410,68,F,SALARIED,51012.35,Chittagong,1150,AGENT,ANDROID,PAYROLL,ACTIVE
SYN-U-11411,71,F,HOMEMAKER,15000.0,Mymensingh,1605,USSD,ANDROID,MASS,ACTIVE
SYN-U-11412,35,M,STUDENT,15000.0,Dhaka,1742,USSD,ANDROID,STUDENT,ACTIVE
SYN-U-11413,55,F,BUSINESS,49337.76,Rajshahi,628,APP,ANDROID,MASS,ACTIVE
SYN-U-11414,24,M,HOMEMAKER,26541.64,Chittagong,1398,APP,ANDROID,MASS,ACTIVE
SYN-U-11415,34,M,BUSINESS,100005.84,Dhaka,1981,AGENT,ANDROID,SME,ACTIVE
SYN-U-11416,18,F,STUDENT,34488.13,Rangpur,894,AGENT,ANDROID,AFFLUENT,ACTIVE
SYN-U-11417,51,F,FREELANCER,15000.0,Dhaka,1141,APP,ANDROID,STUDENT,ACTIVE
SYN-U-11418,40,F,STUDENT,25352.21,Chittagong,2307,APP,ANDROID,MASS,ACTIVE
SYN-U-11419,65,M,RETIRED,27627.01,Chittagong,1365,AGENT,ANDROID,MASS,ACTIVE
SYN-U-11420,50,M,BUSINESS,153008.21,Gazipur,439,APP,ANDROID,SME,ACTIVE
SYN-U-11421,60,M,BUSINESS,88861.5,Gazipur,2326,APP,ANDROID,MASS,ACTIVE
SYN-U-11422,67,M,BUSINESS,71371.98,Dhaka,988,APP,ANDROID,MASS,ACTIVE
SYN-U-11423,32,M,BUSINESS,65393.14,Dhaka,332,AGENT,ANDROID,PAYROLL,ACTIVE
SYN-U-11424,38,F,BUSINESS,58872.37,Chittagong,157,APP,ANDROID,MASS,ACTIVE
SYN-U-11425,61,F,SALARIED,68974.77,Dhaka,2413,AGENT,ANDROID,MASS,ACTIVE
SYN-U-11426,34,F,STUDENT,42602.15,Dhaka,2197,APP,ANDROID,SME,ACTIVE
SYN-U-11427,68,F,SALARIED,56625.77,Chittagong,1569,APP,FEATURE_PHONE,MASS,ACTIVE
SYN-U-11428,18,F,BUSINESS,17076.96,Dhaka,547,AGENT,ANDROID,AFFLUENT,ACTIVE
SYN-U-11429,43,O,FREELANCER,188071.23,Dhaka,125,AGENT,ANDROID,AFFLUENT,RESTRICTED
SYN-U-11430,43,M,SALARIED,45694.78,Gazipur,355,APP,ANDROID,MASS,DORMANT
SYN-U-11431,23,F,BUSINESS,82689.27,Sylhet,144,APP,ANDROID,MASS,ACTIVE
SYN-U-11432,70,M,SALARIED,33744.76,Dhaka,203,AGENT,ANDROID,MASS,ACTIVE
SYN-U-11433,37,F,SALARIED,39956.81,Chittagong,271,APP,ANDROID,MASS,ACTIVE
SYN-U-11434,36,O,BUSINESS,179196.73,Rangpur,782,APP,ANDROID,SME,ACTIVE
SYN-U-11435,41,M,RETIRED,37609.14,Rajshahi,1254,APP,IOS,MASS,ACTIVE
SYN-U-11436,25,M,SALARIED,49485.86,Cumilla,2324,USSD,ANDROID,MASS,ACTIVE
SYN-U-11437,69,F,BUSINESS,62514.39,Sylhet,1766,AGENT,ANDROID,MASS,ACTIVE
SYN-U-11438,63,F,FREELANCER,44293.59,Narayanganj,400,AGENT,FEATURE_PHONE,SME,ACTIVE
SYN-U-11439,26,O,RETIRED,45202.02,Dhaka,177,APP,ANDROID,MASS,ACTIVE
SYN-U-11440,59,F,BUSINESS,51156.31,Dhaka,494,BRANCH,ANDROID,STUDENT,ACTIVE
SYN-U-11441,40,F,SALARIED,69702.63,Chittagong,1345,APP,ANDROID,SME,ACTIVE
SYN-U-11442,39,F,SALARIED,53573.82,Khulna,950,APP,ANDROID,MASS,ACTIVE
SYN-U-11443,57,M,SALARIED,34396.84,Rajshahi,1831,APP,ANDROID,MASS,ACTIVE
SYN-U-11444,68,M,HOMEMAKER,55504.97,Dhaka,885,APP,IOS,SME,ACTIVE
SYN-U-11445,52,F,SALARIED,55412.91,Mymensingh,523,AGENT,ANDROID,MASS,DORMANT
SYN-U-11446,49,F,SALARIED,61695.36,Dhaka,2442,BRANCH,IOS,SME,ACTIVE
SYN-U-11447,26,M,SALARIED,44117.15,Khulna,1849,APP,ANDROID,STUDENT,ACTIVE
SYN-U-11448,45,M,BUSINESS,76162.31,Chittagong,1574,BRANCH,IOS,STUDENT,ACTIVE
SYN-U-11449,57,F,SALARIED,59734.34,Narayanganj,1987,BRANCH,ANDROID,PAYROLL,ACTIVE
SYN-U-11450,34,F,BUSINESS,54351.49,Gazipur,1111,AGENT,ANDROID,MASS,ACTIVE
SYN-U-11451,40,M,BUSINESS,173203.21,Rajshahi,887,APP,ANDROID,SME,ACTIVE
SYN-U-11452,34,M,FREELANCER,109414.65,Chittagong,1915,AGENT,IOS,AFFLUENT,ACTIVE
SYN-U-11453,38,F,STUDENT,22940.85,Dhaka,1795,APP,ANDROID,PAYROLL,ACTIVE
SYN-U-11454,29,M,FREELANCER,33381.95,Cumilla,1456,BRANCH,ANDROID,MASS,ACTIVE
SYN-U-11455,68,M,FREELANCER,81473.3,Dhaka,416,APP,ANDROID,STUDENT,ACTIVE
SYN-U-11456,61,F,FREELANCER,52143.45,Dhaka,1710,AGENT,ANDROID,STUDENT,ACTIVE
SYN-U-11457,69,M,SALARIED,56465.63,Dhaka,1427,BRANCH,ANDROID,MASS,ACTIVE
SYN-U-11458,53,F,HOMEMAKER,55245.6,Chittagong,2069,AGENT,ANDROID,SME,ACTIVE
SYN-U-11459,58,M,SALARIED,17148.45,Chittagong,2051,APP,ANDROID,PAYROLL,ACTIVE
SYN-U-11460,52,F,SALARIED,23463.93,Dhaka,526,APP,ANDROID,MASS,ACTIVE
SYN-U-11461,69,M,STUDENT,22297.87,Dhaka,1008,APP,IOS,MASS,ACTIVE
SYN-U-11462,51,M,BUSINESS,51206.95,Dhaka,592,APP,ANDROID,MASS,ACTIVE
SYN-U-11463,22,M,SALARIED,44989.36,Khulna,775,APP,ANDROID,STUDENT,ACTIVE
SYN-U-11464,47,M,FREELANCER,63099.1,Dhaka,635,APP,ANDROID,MASS,ACTIVE
SYN-U-11465,56,M,BUSINESS,15000.0,Chittagong,867,APP,FEATURE_PHONE,MASS,ACTIVE
SYN-U-11466,58,M,SALARIED,71329.2,Dhaka,474,APP,ANDROID,MASS,ACTIVE
SYN-U-11467,39,M,BUSINESS,56011.46,Chittagong,1744,BRANCH,ANDROID,MASS,ACTIVE
SYN-U-11468,31,M,BUSINESS,94501.85,Chittagong,1386,APP,FEATURE_PHONE,MASS,DORMANT
SYN-U-11469,56,M,BUSINESS,201787.02,Khulna,880,APP,ANDROID,SME,ACTIVE
SYN-U-11470,42,M,HOMEMAKER,86384.92,Dhaka,378,AGENT,ANDROID,AFFLUENT,ACTIVE
SYN-U-11471,23,F,BUSINESS,70618.34,Rajshahi,596,USSD,ANDROID,SME,ACTIVE
SYN-U-11472,65,M,SALARIED,154528.2,Chittagong,612,AGENT,ANDROID,AFFLUENT,ACTIVE
SYN-U-11473,65,M,FREELANCER,20479.25,Cumilla,2417,APP,ANDROID,STUDENT,ACTIVE
SYN-U-11474,43,O,SALARIED,76183.95,Rajshahi,1332,APP,ANDROID,PAYROLL,ACTIVE
SYN-U-11475,22,M,SALARIED,50938.58,Chittagong,1907,APP,IOS,STUDENT,ACTIVE
SYN-U-11476,29,M,STUDENT,15000.0,Barishal,2454,USSD,ANDROID,MASS,ACTIVE
SYN-U-11477,50,M,FREELANCER,83636.88,Cumilla,1041,AGENT,ANDROID,AFFLUENT,ACTIVE
SYN-U-11478,25,F,FREELANCER,20694.43,Chittagong,1730,APP,ANDROID,MASS,ACTIVE
SYN-U-11479,35,F,BUSINESS,59971.94,Barishal,121,AGENT,ANDROID,PAYROLL,ACTIVE
SYN-U-11480,40,M,SALARIED,69575.7,Sylhet,2376,APP,ANDROID,MASS,ACTIVE
SYN-U-11481,22,F,SALARIED,93265.21,Dhaka,2486,APP,IOS,AFFLUENT,ACTIVE
SYN-U-11482,22,F,BUSINESS,16376.69,Khulna,1526,APP,ANDROID,MASS,ACTIVE
SYN-U-11483,34,M,SALARIED,23609.0,Dhaka,441,APP,ANDROID,MASS,ACTIVE
SYN-U-11484,32,F,BUSINESS,36127.51,Rangpur,1761,APP,ANDROID,STUDENT,ACTIVE
SYN-U-11485,40,F,FREELANCER,85739.64,Dhaka,581,APP,ANDROID,MASS,ACTIVE
SYN-U-11486,18,O,STUDENT,15000.0,Rangpur,295,BRANCH,FEATURE_PHONE,STUDENT,ACTIVE
SYN-U-11487,45,M,SALARIED,56495.98,Dhaka,594,APP,ANDROID,MASS,ACTIVE
SYN-U-11488,65,F,SALARIED,22707.37,Barishal,1422,APP,ANDROID,MASS,ACTIVE
SYN-U-11489,30,F,BUSINESS,33437.29,Rajshahi,267,APP,ANDROID,MASS,ACTIVE
SYN-U-11490,41,F,SALARIED,34784.26,Mymensingh,1728,APP,ANDROID,MASS,ACTIVE
SYN-U-11491,58,F,SALARIED,89189.38,Gazipur,630,USSD,ANDROID,AFFLUENT,ACTIVE
SYN-U-11492,35,M,STUDENT,20064.45,Dhaka,2492,AGENT,ANDROID,STUDENT,ACTIVE
SYN-U-11493,42,F,BUSINESS,151244.35,Barishal,469,AGENT,ANDROID,AFFLUENT,ACTIVE
SYN-U-11494,59,F,BUSINESS,234148.99,Chittagong,1445,APP,ANDROID,SME,ACTIVE
SYN-U-11495,57,F,SALARIED,59572.51,Dhaka,2478,AGENT,IOS,AFFLUENT,ACTIVE
SYN-U-11496,45,F,BUSINESS,62929.41,Mymensingh,162,APP,ANDROID,MASS,ACTIVE
SYN-U-11497,49,M,BUSINESS,101565.14,Chittagong,504,APP,FEATURE_PHONE,PAYROLL,ACTIVE
SYN-U-11498,56,M,SALARIED,70841.66,Narayanganj,524,APP,ANDROID,MASS,ACTIVE
SYN-U-11499,28,M,SALARIED,69118.66,Cumilla,1811,APP,ANDROID,MASS,ACTIVE
SYN-U-11500,28,F,BUSINESS,80526.13,Rangpur,142,APP,ANDROID,STUDENT,ACTIVE
SYN-U-11501,38,M,FREELANCER,60403.05,Chittagong,1485,APP,ANDROID,AFFLUENT,ACTIVE
SYN-U-11502,26,M,STUDENT,15211.05,Rajshahi,1839,APP,ANDROID,MASS,ACTIVE
SYN-U-11503,63,M,FREELANCER,27932.13,Sylhet,1880,APP,ANDROID,MASS,ACTIVE
SYN-U-11504,31,M,FREELANCER,73498.4,Dhaka,958,USSD,ANDROID,MASS,ACTIVE
SYN-U-11505,23,F,SALARIED,93674.01,Mymensingh,2043,AGENT,ANDROID,SME,ACTIVE
SYN-U-11506,54,M,BUSINESS,15924.63,Rajshahi,203,APP,IOS,MASS,ACTIVE
SYN-U-11507,36,M,SALARIED,57358.35,Chittagong,2425,AGENT,ANDROID,MASS,ACTIVE
SYN-U-11508,31,F,BUSINESS,232231.3,Dhaka,1611,APP,ANDROID,AFFLUENT,ACTIVE
SYN-U-11509,45,F,FREELANCER,42682.78,Chittagong,1508,APP,ANDROID,PAYROLL,ACTIVE
SYN-U-11510,59,F,BUSINESS,70349.77,Mymensingh,891,BRANCH,ANDROID,MASS,ACTIVE
SYN-U-11511,54,F,BUSINESS,85592.95,Dhaka,2004,APP,ANDROID,STUDENT,ACTIVE
SYN-U-11512,50,F,RETIRED,36313.75,Rajshahi,1814,APP,ANDROID,STUDENT,ACTIVE
SYN-U-11513,53,M,SALARIED,48663.05,Dhaka,1203,AGENT,IOS,MASS,ACTIVE
SYN-U-11514,50,F,SALARIED,59214.84,Sylhet,1341,APP,IOS,MASS,ACTIVE
SYN-U-11515,23,M,FREELANCER,73840.85,Chittagong,1825,APP,ANDROID,AFFLUENT,ACTIVE
SYN-U-11516,24,M,RETIRED,40937.69,Dhaka,391,APP,ANDROID,MASS,ACTIVE
SYN-U-11517,21,F,HOMEMAKER,24328.96,Dhaka,450,APP,ANDROID,MASS,ACTIVE
SYN-U-11518,28,M,SALARIED,114386.14,Dhaka,228,APP,IOS,AFFLUENT,ACTIVE
SYN-U-11519,34,F,BUSINESS,58688.66,Rangpur,1888,APP,ANDROID,MASS,DORMANT
SYN-U-11520,60,F,BUSINESS,18830.43,Dhaka,2035,APP,FEATURE_PHONE,MASS,ACTIVE
SYN-U-11521,52,M,SALARIED,52086.47,Dhaka,2361,APP,ANDROID,MASS,ACTIVE
SYN-U-11522,25,F,FREELANCER,49222.79,Dhaka,1613,APP,ANDROID,PAYROLL,ACTIVE
SYN-U-11523,36,M,SALARIED,39115.3,Dhaka,2135,APP,IOS,MASS,ACTIVE
SYN-U-11524,60,F,RETIRED,30633.53,Rajshahi,814,BRANCH,ANDROID,STUDENT,ACTIVE
SYN-U-11525,21,F,FREELANCER,47216.67,Dhaka,1636,USSD,ANDROID,MASS,ACTIVE
SYN-U-11526,40,F,BUSINESS,83004.72,Sylhet,1274,APP,IOS,STUDENT,ACTIVE
SYN-U-11527,21,F,SALARIED,50776.11,Dhaka,1324,APP,ANDROID,MASS,ACTIVE
SYN-U-11528,27,M,BUSINESS,76759.91,Dhaka,1907,AGENT,IOS,MASS,ACTIVE
SYN-U-11529,60,F,SALARIED,48878.4,Rangpur,869,APP,ANDROID,STUDENT,ACTIVE
SYN-U-11530,33,F,FREELANCER,72094.4,Dhaka,917,BRANCH,ANDROID,MASS,ACTIVE
SYN-U-11531,47,F,SALARIED,44526.07,Chittagong,437,USSD,ANDROID,PAYROLL,ACTIVE
SYN-U-11532,43,M,BUSINESS,94926.24,Mymensingh,66,APP,ANDROID,SME,ACTIVE
SYN-U-11533,40,F,BUSINESS,131161.74,Dhaka,701,BRANCH,ANDROID,AFFLUENT,ACTIVE
SYN-U-11534,25,F,SALARIED,43397.62,Dhaka,2492,APP,ANDROID,MASS,ACTIVE
SYN-U-11535,52,F,BUSINESS,190748.12,Chittagong,1229,AGENT,ANDROID,AFFLUENT,ACTIVE
SYN-U-11536,63,F,SALARIED,46793.98,Dhaka,1429,AGENT,ANDROID,STUDENT,ACTIVE
SYN-U-11537,45,M,BUSINESS,79509.49,Rangpur,1301,AGENT,ANDROID,MASS,ACTIVE
SYN-U-11538,52,F,FREELANCER,39047.11,Dhaka,950,APP,ANDROID,STUDENT,ACTIVE
SYN-U-11539,38,M,SALARIED,133727.08,Rangpur,885,AGENT,ANDROID,SME,ACTIVE
SYN-U-11540,71,M,BUSINESS,130659.31,Dhaka,2484,APP,IOS,AFFLUENT,ACTIVE
SYN-U-11541,34,F,BUSINESS,29282.01,Dhaka,1812,APP,ANDROID,STUDENT,ACTIVE
SYN-U-11542,71,M,BUSINESS,45235.65,Sylhet,845,APP,FEATURE_PHONE,PAYROLL,ACTIVE
SYN-U-11543,42,M,SALARIED,50284.66,Dhaka,2090,APP,ANDROID,SME,ACTIVE
SYN-U-11544,55,F,BUSINESS,111698.88,Chittagong,1755,APP,ANDROID,MASS,ACTIVE
SYN-U-11545,66,F,SALARIED,34180.93,Dhaka,299,APP,ANDROID,MASS,ACTIVE
SYN-U-11546,57,F,STUDENT,15850.24,Gazipur,454,APP,ANDROID,MASS,ACTIVE
SYN-U-11547,55,M,FREELANCER,32181.54,Rangpur,2202,APP,ANDROID,MASS,ACTIVE
SYN-U-11548,38,F,SALARIED,103440.5,Dhaka,591,APP,ANDROID,SME,ACTIVE
SYN-U-11549,70,M,SALARIED,100576.55,Rajshahi,2333,APP,ANDROID,AFFLUENT,ACTIVE
SYN-U-11550,21,F,HOMEMAKER,19080.56,Gazipur,2467,APP,ANDROID,MASS,ACTIVE
SYN-U-11551,35,F,BUSINESS,85813.75,Chittagong,1721,APP,IOS,MASS,ACTIVE
SYN-U-11552,19,M,BUSINESS,39163.03,Dhaka,107,APP,IOS,STUDENT,ACTIVE
SYN-U-11553,48,M,STUDENT,49523.55,Cox's Bazar,65,APP,ANDROID,AFFLUENT,ACTIVE
SYN-U-11554,24,F,SALARIED,40015.36,Sylhet,1115,APP,ANDROID,MASS,ACTIVE
SYN-U-11555,31,F,SALARIED,125766.25,Dhaka,1766,APP,ANDROID,AFFLUENT,ACTIVE
SYN-U-11556,34,M,BUSINESS,67649.33,Chittagong,1103,AGENT,ANDROID,STUDENT,ACTIVE
SYN-U-11557,70,M,FREELANCER,84868.45,Sylhet,453,APP,ANDROID,MASS,ACTIVE
SYN-U-11558,71,M,SALARIED,101615.03,Chittagong,1260,AGENT,ANDROID,AFFLUENT,ACTIVE
SYN-U-11559,49,M,STUDENT,20125.13,Sylhet,1945,APP,ANDROID,SME,ACTIVE
SYN-U-11560,63,M,BUSINESS,155815.42,Chittagong,798,APP,ANDROID,AFFLUENT,ACTIVE
SYN-U-11561,61,F,SALARIED,49109.12,Chittagong,41,APP,ANDROID,MASS,ACTIVE
SYN-U-11562,51,M,BUSINESS,55411.88,Cox's Bazar,843,APP,ANDROID,STUDENT,ACTIVE
SYN-U-11563,66,F,SALARIED,34480.42,Dhaka,2185,APP,ANDROID,MASS,ACTIVE
SYN-U-11564,60,F,BUSINESS,92184.69,Barishal,2290,AGENT,ANDROID,MASS,ACTIVE
SYN-U-11565,61,M,SALARIED,60237.94,Dhaka,565,AGENT,ANDROID,PAYROLL,ACTIVE
SYN-U-11566,26,F,SALARIED,64208.1,Dhaka,1912,APP,ANDROID,PAYROLL,ACTIVE
SYN-U-11567,23,M,BUSINESS,222385.24,Chittagong,1941,AGENT,ANDROID,AFFLUENT,ACTIVE
SYN-U-11568,67,F,SALARIED,116268.89,Dhaka,825,APP,ANDROID,AFFLUENT,ACTIVE
SYN-U-11569,68,F,HOMEMAKER,15000.0,Chittagong,655,APP,ANDROID,MASS,ACTIVE
SYN-U-11570,28,M,BUSINESS,137303.06,Dhaka,2177,AGENT,ANDROID,SME,ACTIVE
SYN-U-11571,31,M,BUSINESS,60795.86,Jessore,216,APP,ANDROID,AFFLUENT,ACTIVE
SYN-U-11572,61,M,BUSINESS,52767.48,Dhaka,481,APP,ANDROID,MASS,DORMANT
SYN-U-11573,39,F,SALARIED,120903.44,Dhaka,2013,AGENT,ANDROID,AFFLUENT,ACTIVE
SYN-U-11574,44,M,BUSINESS,28510.39,Dhaka,945,USSD,ANDROID,MASS,ACTIVE
SYN-U-11575,52,F,SALARIED,49858.0,Dhaka,1016,BRANCH,ANDROID,MASS,ACTIVE
SYN-U-11576,37,F,HOMEMAKER,21527.97,Dhaka,278,AGENT,ANDROID,STUDENT,ACTIVE
SYN-U-11577,38,M,BUSINESS,23229.7,Dhaka,1897,APP,ANDROID,MASS,ACTIVE
SYN-U-11578,29,F,SALARIED,49651.29,Rangpur,2455,APP,ANDROID,MASS,ACTIVE
SYN-U-11579,38,M,SALARIED,46494.73,Chittagong,2196,APP,ANDROID,MASS,ACTIVE
SYN-U-11580,65,M,SALARIED,53138.95,Gazipur,1894,AGENT,ANDROID,MASS,ACTIVE
SYN-U-11581,33,F,STUDENT,59991.1,Dhaka,1001,APP,ANDROID,AFFLUENT,ACTIVE
SYN-U-11582,61,M,SALARIED,86191.09,Bogura,1652,APP,IOS,SME,ACTIVE
SYN-U-11583,52,F,FREELANCER,58007.51,Dhaka,1671,APP,ANDROID,MASS,ACTIVE
SYN-U-11584,40,F,BUSINESS,96193.39,Sylhet,337,APP,ANDROID,STUDENT,ACTIVE
SYN-U-11585,30,F,SALARIED,52734.72,Dhaka,115,BRANCH,ANDROID,SME,ACTIVE
SYN-U-11586,50,M,SALARIED,33262.75,Gazipur,71,APP,ANDROID,MASS,ACTIVE
SYN-U-11587,52,F,SALARIED,115155.27,Gazipur,1335,APP,IOS,SME,ACTIVE
SYN-U-11588,51,M,SALARIED,47578.78,Dhaka,448,BRANCH,ANDROID,STUDENT,DORMANT
SYN-U-11589,43,M,FREELANCER,50923.55,Chittagong,1041,AGENT,IOS,MASS,ACTIVE
SYN-U-11590,21,F,RETIRED,33566.21,Khulna,797,AGENT,ANDROID,STUDENT,ACTIVE
SYN-U-11591,66,F,HOMEMAKER,20283.23,Dhaka,841,AGENT,IOS,MASS,ACTIVE
SYN-U-11592,43,F,BUSINESS,15000.0,Dhaka,2150,APP,ANDROID,AFFLUENT,ACTIVE
SYN-U-11593,55,M,SALARIED,99794.23,Khulna,2214,APP,ANDROID,SME,ACTIVE
SYN-U-11594,31,F,BUSINESS,114179.14,Rajshahi,2332,APP,ANDROID,AFFLUENT,ACTIVE
SYN-U-11595,43,M,BUSINESS,247709.77,Dhaka,323,BRANCH,ANDROID,SME,ACTIVE
SYN-U-11596,42,M,BUSINESS,56239.62,Dhaka,1364,APP,ANDROID,SME,ACTIVE
SYN-U-11597,53,F,BUSINESS,53950.73,Dhaka,1153,AGENT,ANDROID,MASS,ACTIVE
SYN-U-11598,35,F,STUDENT,19739.44,Chittagong,1068,APP,IOS,MASS,ACTIVE
SYN-U-11599,66,M,FREELANCER,88300.43,Mymensingh,1698,BRANCH,ANDROID,STUDENT,ACTIVE
SYN-U-11600,46,F,STUDENT,19490.77,Rajshahi,706,APP,ANDROID,MASS,ACTIVE
SYN-U-11601,45,M,BUSINESS,56379.24,Gazipur,766,USSD,ANDROID,MASS,ACTIVE
SYN-U-11602,43,F,SALARIED,58269.72,Dhaka,977,APP,IOS,MASS,ACTIVE
SYN-U-11603,23,M,SALARIED,43274.54,Gazipur,519,APP,ANDROID,STUDENT,ACTIVE
SYN-U-11604,68,F,HOMEMAKER,15000.0,Rajshahi,284,APP,ANDROID,STUDENT,ACTIVE
SYN-U-11605,61,M,BUSINESS,66614.89,Chittagong,1485,BRANCH,ANDROID,STUDENT,ACTIVE
SYN-U-11606,61,F,BUSINESS,55581.53,Dhaka,528,APP,ANDROID,MASS,ACTIVE
SYN-U-11607,58,M,SALARIED,100313.57,Dhaka,645,APP,ANDROID,SME,ACTIVE
SYN-U-11608,34,M,BUSINESS,75411.74,Gazipur,1208,APP,ANDROID,MASS,ACTIVE
SYN-U-11609,68,F,SALARIED,127643.51,Rajshahi,1601,APP,ANDROID,SME,ACTIVE
SYN-U-11610,62,F,BUSINESS,90828.53,Narayanganj,2478,AGENT,ANDROID,SME,ACTIVE
SYN-U-11611,24,O,FREELANCER,24892.77,Dhaka,988,AGENT,ANDROID,MASS,ACTIVE
SYN-U-11612,42,M,FREELANCER,90633.8,Chittagong,2104,APP,IOS,MASS,ACTIVE
SYN-U-11613,60,F,SALARIED,31740.93,Barishal,908,USSD,ANDROID,MASS,ACTIVE
SYN-U-11614,50,F,SALARIED,52232.29,Chittagong,1450,BRANCH,ANDROID,PAYROLL,ACTIVE
SYN-U-11615,48,M,SALARIED,68430.65,Dhaka,2431,APP,IOS,SME,ACTIVE
SYN-U-11616,48,F,SALARIED,41742.04,Dhaka,1561,AGENT,ANDROID,MASS,ACTIVE
SYN-U-11617,53,F,BUSINESS,261208.79,Chittagong,1207,APP,ANDROID,AFFLUENT,ACTIVE
SYN-U-11618,43,F,BUSINESS,80191.48,Mymensingh,880,APP,ANDROID,MASS,ACTIVE
SYN-U-11619,59,M,SALARIED,31922.52,Narayanganj,2247,APP,ANDROID,MASS,ACTIVE
SYN-U-11620,59,M,SALARIED,53680.49,Chittagong,2468,APP,IOS,MASS,ACTIVE
SYN-U-11621,22,M,SALARIED,46338.03,Cumilla,1760,APP,IOS,MASS,ACTIVE
SYN-U-11622,35,M,SALARIED,24346.27,Chittagong,1665,APP,IOS,STUDENT,ACTIVE
SYN-U-11623,46,F,STUDENT,16341.48,Rajshahi,2315,AGENT,ANDROID,AFFLUENT,RESTRICTED
SYN-U-11624,25,M,SALARIED,23413.59,Gazipur,2367,APP,ANDROID,MASS,ACTIVE
SYN-U-11625,29,M,SALARIED,110972.43,Chittagong,193,APP,ANDROID,SME,ACTIVE
SYN-U-11626,28,M,SALARIED,112697.65,Dhaka,1049,APP,ANDROID,SME,ACTIVE
SYN-U-11627,45,F,SALARIED,56076.13,Dhaka,511,AGENT,ANDROID,MASS,ACTIVE
SYN-U-11628,56,M,SALARIED,42688.65,Dhaka,348,AGENT,ANDROID,MASS,ACTIVE
SYN-U-11629,28,F,FREELANCER,63208.43,Sylhet,960,APP,IOS,MASS,ACTIVE
SYN-U-11630,70,M,SALARIED,57808.9,Barishal,1104,AGENT,ANDROID,MASS,ACTIVE
SYN-U-11631,38,M,FREELANCER,102110.87,Cumilla,800,APP,ANDROID,AFFLUENT,ACTIVE
SYN-U-11632,71,M,SALARIED,33449.36,Sylhet,1977,APP,ANDROID,MASS,ACTIVE
SYN-U-11633,55,O,SALARIED,16862.74,Dhaka,69,APP,ANDROID,PAYROLL,ACTIVE
SYN-U-11634,48,M,STUDENT,15000.0,Barishal,1305,APP,ANDROID,MASS,ACTIVE
SYN-U-11635,41,M,BUSINESS,63544.05,Chittagong,229,APP,ANDROID,MASS,ACTIVE
SYN-U-11636,70,F,SALARIED,42690.89,Dhaka,742,BRANCH,ANDROID,PAYROLL,ACTIVE
SYN-U-11637,34,M,SALARIED,81815.99,Gazipur,1813,APP,ANDROID,SME,ACTIVE
SYN-U-11638,66,M,SALARIED,86943.06,Dhaka,899,APP,IOS,SME,ACTIVE
SYN-U-11639,27,F,SALARIED,55763.64,Barishal,1402,AGENT,ANDROID,MASS,ACTIVE
SYN-U-11640,21,M,BUSINESS,68524.52,Dhaka,1601,APP,ANDROID,STUDENT,ACTIVE
SYN-U-11641,20,F,STUDENT,23701.3,Cumilla,337,USSD,ANDROID,MASS,ACTIVE
SYN-U-11642,53,M,SALARIED,41417.64,Khulna,992,BRANCH,ANDROID,STUDENT,ACTIVE
SYN-U-11643,41,F,BUSINESS,251371.01,Chittagong,511,APP,ANDROID,AFFLUENT,ACTIVE
SYN-U-11644,62,F,BUSINESS,51913.45,Dhaka,770,BRANCH,ANDROID,AFFLUENT,ACTIVE
SYN-U-11645,30,F,BUSINESS,73911.18,Sylhet,193,APP,ANDROID,PAYROLL,ACTIVE
SYN-U-11646,28,F,SALARIED,48600.75,Gazipur,894,APP,ANDROID,SME,ACTIVE
SYN-U-11647,19,F,FREELANCER,62292.56,Cumilla,193,AGENT,IOS,MASS,ACTIVE
SYN-U-11648,30,F,STUDENT,21532.17,Dhaka,1615,BRANCH,IOS,MASS,ACTIVE
SYN-U-11649,57,M,FREELANCER,36446.57,Rajshahi,937,APP,ANDROID,MASS,ACTIVE
SYN-U-11650,35,F,SALARIED,33560.95,Chittagong,1534,APP,ANDROID,MASS,ACTIVE
SYN-U-11651,28,M,STUDENT,27017.63,Mymensingh,94,AGENT,ANDROID,MASS,ACTIVE
SYN-U-11652,68,M,HOMEMAKER,23659.3,Jessore,1045,USSD,ANDROID,STUDENT,ACTIVE
SYN-U-11653,58,F,HOMEMAKER,57257.64,Cumilla,152,AGENT,ANDROID,SME,ACTIVE
SYN-U-11654,64,F,BUSINESS,100191.44,Gazipur,2257,APP,ANDROID,SME,ACTIVE
SYN-U-11655,18,M,SALARIED,71228.33,Dhaka,408,APP,ANDROID,MASS,ACTIVE
SYN-U-11656,40,F,SALARIED,54245.71,Khulna,1140,AGENT,ANDROID,MASS,ACTIVE
SYN-U-11657,18,F,SALARIED,107417.55,Dhaka,488,APP,ANDROID,SME,ACTIVE
SYN-U-11658,30,M,HOMEMAKER,24218.34,Khulna,764,APP,IOS,STUDENT,ACTIVE
SYN-U-11659,67,M,BUSINESS,73798.18,Narayanganj,1504,APP,ANDROID,SME,ACTIVE
SYN-U-11660,39,F,BUSINESS,282871.03,Bogura,1430,AGENT,ANDROID,AFFLUENT,ACTIVE
SYN-U-11661,20,M,SALARIED,34174.13,Cumilla,310,APP,ANDROID,MASS,ACTIVE
SYN-U-11662,50,F,SALARIED,53191.93,Chittagong,1122,AGENT,ANDROID,MASS,ACTIVE
SYN-U-11663,34,M,SALARIED,59763.05,Narayanganj,370,APP,IOS,AFFLUENT,ACTIVE
SYN-U-11664,23,F,BUSINESS,66475.67,Dhaka,1002,AGENT,ANDROID,STUDENT,ACTIVE
SYN-U-11665,47,M,BUSINESS,124230.4,Dhaka,516,BRANCH,ANDROID,MASS,ACTIVE
SYN-U-11666,28,M,SALARIED,116587.51,Gazipur,1472,APP,IOS,AFFLUENT,ACTIVE
SYN-U-11667,42,M,BUSINESS,127546.98,Sylhet,2317,APP,ANDROID,AFFLUENT,ACTIVE
SYN-U-11668,53,F,BUSINESS,72419.59,Bogura,814,AGENT,ANDROID,MASS,ACTIVE
SYN-U-11669,46,M,FREELANCER,33347.53,Rajshahi,2340,USSD,ANDROID,MASS,ACTIVE
SYN-U-11670,25,F,SALARIED,95447.4,Dhaka,590,USSD,IOS,AFFLUENT,ACTIVE
SYN-U-11671,54,F,SALARIED,43598.93,Khulna,961,BRANCH,ANDROID,PAYROLL,ACTIVE
SYN-U-11672,35,F,SALARIED,79059.25,Khulna,871,USSD,FEATURE_PHONE,SME,ACTIVE
SYN-U-11673,36,F,SALARIED,71906.25,Dhaka,621,AGENT,ANDROID,AFFLUENT,ACTIVE
SYN-U-11674,19,M,SALARIED,61421.26,Dhaka,454,APP,ANDROID,MASS,ACTIVE
SYN-U-11675,44,M,SALARIED,78195.92,Dhaka,1553,APP,IOS,MASS,ACTIVE
SYN-U-11676,71,M,HOMEMAKER,21564.42,Gazipur,310,APP,ANDROID,MASS,ACTIVE
SYN-U-11677,67,F,SALARIED,40038.26,Dhaka,2260,APP,ANDROID,AFFLUENT,ACTIVE
SYN-U-11678,51,F,STUDENT,15032.5,Dhaka,1361,APP,ANDROID,MASS,ACTIVE
SYN-U-11679,47,M,SALARIED,87543.22,Barishal,2217,APP,ANDROID,AFFLUENT,ACTIVE
SYN-U-11680,71,M,SALARIED,47743.21,Dhaka,704,APP,ANDROID,MASS,ACTIVE
SYN-U-11681,44,F,SALARIED,62448.32,Sylhet,1067,APP,ANDROID,MASS,ACTIVE
SYN-U-11682,39,M,BUSINESS,44750.78,Rangpur,1841,APP,ANDROID,STUDENT,ACTIVE
SYN-U-11683,45,M,SALARIED,55346.03,Chittagong,1537,AGENT,ANDROID,MASS,ACTIVE
SYN-U-11684,69,M,SALARIED,60560.52,Rangpur,2133,AGENT,ANDROID,MASS,ACTIVE
SYN-U-11685,60,M,SALARIED,31752.84,Mymensingh,721,APP,IOS,MASS,ACTIVE
SYN-U-11686,57,M,STUDENT,21240.16,Rajshahi,2424,APP,IOS,MASS,ACTIVE
SYN-U-11687,66,F,SALARIED,24231.02,Cumilla,2219,BRANCH,ANDROID,STUDENT,ACTIVE
SYN-U-11688,48,M,BUSINESS,119864.81,Chittagong,1513,APP,ANDROID,AFFLUENT,ACTIVE
SYN-U-11689,19,M,FREELANCER,111703.79,Dhaka,1224,APP,ANDROID,AFFLUENT,ACTIVE
SYN-U-11690,26,M,BUSINESS,99331.09,Chittagong,756,APP,ANDROID,MASS,ACTIVE
SYN-U-11691,63,M,FREELANCER,119599.52,Rajshahi,762,AGENT,ANDROID,SME,ACTIVE
SYN-U-11692,60,M,STUDENT,16108.99,Dhaka,192,BRANCH,ANDROID,MASS,ACTIVE
SYN-U-11693,69,M,SALARIED,62646.85,Chittagong,1183,AGENT,ANDROID,MASS,ACTIVE
SYN-U-11694,43,F,STUDENT,46760.12,Dhaka,1964,APP,ANDROID,AFFLUENT,ACTIVE
SYN-U-11695,47,M,STUDENT,15000.0,Chittagong,886,APP,ANDROID,STUDENT,ACTIVE
SYN-U-11696,54,F,FREELANCER,77132.21,Chittagong,1273,AGENT,ANDROID,MASS,ACTIVE
SYN-U-11697,25,M,FREELANCER,37159.16,Barishal,1068,AGENT,ANDROID,MASS,ACTIVE
SYN-U-11698,33,M,BUSINESS,45979.41,Barishal,1774,BRANCH,FEATURE_PHONE,MASS,ACTIVE
SYN-U-11699,37,M,BUSINESS,29495.77,Dhaka,372,APP,ANDROID,AFFLUENT,ACTIVE
SYN-U-11700,30,F,HOMEMAKER,15000.0,Chittagong,723,AGENT,IOS,MASS,ACTIVE
SYN-U-11701,71,F,BUSINESS,48789.23,Cumilla,1497,APP,ANDROID,MASS,ACTIVE
SYN-U-11702,43,F,SALARIED,73707.42,Chittagong,370,USSD,IOS,SME,ACTIVE
SYN-U-11703,28,M,SALARIED,135817.38,Dhaka,1355,BRANCH,ANDROID,AFFLUENT,ACTIVE
SYN-U-11704,26,F,SALARIED,34441.52,Gazipur,2385,AGENT,ANDROID,MASS,ACTIVE
SYN-U-11705,35,F,SALARIED,67238.37,Chittagong,2142,BRANCH,ANDROID,MASS,ACTIVE
SYN-U-11706,18,F,SALARIED,53580.11,Dhaka,1888,APP,ANDROID,PAYROLL,ACTIVE
SYN-U-11707,20,M,FREELANCER,32006.55,Dhaka,1281,AGENT,ANDROID,MASS,ACTIVE
SYN-U-11708,18,M,STUDENT,15000.0,Narayanganj,851,AGENT,ANDROID,MASS,ACTIVE
SYN-U-11709,54,F,FREELANCER,44201.56,Dhaka,154,APP,ANDROID,MASS,ACTIVE
SYN-U-11710,20,M,BUSINESS,96091.74,Dhaka,923,AGENT,ANDROID,MASS,ACTIVE
SYN-U-11711,61,F,FREELANCER,50575.97,Bogura,2234,APP,ANDROID,MASS,ACTIVE
SYN-U-11712,39,F,RETIRED,25181.27,Dhaka,1288,APP,ANDROID,MASS,ACTIVE
SYN-U-11713,52,M,SALARIED,98997.92,Sylhet,1248,AGENT,ANDROID,SME,ACTIVE
SYN-U-11714,69,M,BUSINESS,68364.86,Chittagong,358,APP,ANDROID,MASS,ACTIVE
SYN-U-11715,30,M,SALARIED,39836.07,Cox's Bazar,962,APP,ANDROID,PAYROLL,ACTIVE
SYN-U-11716,51,M,BUSINESS,252552.6,Dhaka,1947,APP,ANDROID,SME,ACTIVE
SYN-U-11717,54,M,BUSINESS,78050.48,Chittagong,776,AGENT,FEATURE_PHONE,PAYROLL,ACTIVE
SYN-U-11718,26,F,FREELANCER,50547.5,Dhaka,96,APP,ANDROID,MASS,ACTIVE
SYN-U-11719,30,M,STUDENT,19574.15,Dhaka,1737,APP,ANDROID,MASS,ACTIVE
SYN-U-11720,46,F,SALARIED,64191.78,Dhaka,466,APP,ANDROID,SME,ACTIVE
SYN-U-11721,51,M,SALARIED,32806.35,Rajshahi,1808,APP,ANDROID,MASS,ACTIVE
SYN-U-11722,68,F,BUSINESS,71004.11,Dhaka,1522,AGENT,ANDROID,STUDENT,ACTIVE
SYN-U-11723,29,F,FREELANCER,55574.44,Mymensingh,655,APP,ANDROID,MASS,ACTIVE
SYN-U-11724,38,F,SALARIED,46710.48,Mymensingh,2167,AGENT,ANDROID,MASS,ACTIVE
SYN-U-11725,49,F,SALARIED,29145.54,Chittagong,2293,APP,ANDROID,STUDENT,ACTIVE
SYN-U-11726,18,F,SALARIED,37165.51,Chittagong,1760,BRANCH,ANDROID,STUDENT,ACTIVE
SYN-U-11727,69,F,STUDENT,20828.27,Dhaka,336,AGENT,ANDROID,MASS,ACTIVE
SYN-U-11728,21,F,BUSINESS,81717.01,Khulna,1366,AGENT,ANDROID,MASS,ACTIVE
SYN-U-11729,57,M,SALARIED,37647.91,Chittagong,2453,BRANCH,ANDROID,MASS,ACTIVE
SYN-U-11730,70,M,FREELANCER,59708.91,Dhaka,196,APP,ANDROID,MASS,ACTIVE
SYN-U-11731,41,M,RETIRED,15000.0,Barishal,2336,APP,ANDROID,AFFLUENT,ACTIVE
SYN-U-11732,70,M,SALARIED,48325.83,Dhaka,2366,AGENT,ANDROID,MASS,ACTIVE
SYN-U-11733,70,F,SALARIED,50150.43,Barishal,1455,APP,ANDROID,PAYROLL,ACTIVE
SYN-U-11734,63,M,STUDENT,27817.2,Mymensingh,102,APP,ANDROID,MASS,ACTIVE
SYN-U-11735,20,F,SALARIED,98758.37,Dhaka,884,USSD,ANDROID,SME,ACTIVE
SYN-U-11736,49,M,FREELANCER,39959.28,Cumilla,1502,AGENT,ANDROID,MASS,ACTIVE
SYN-U-11737,18,F,BUSINESS,191407.34,Dhaka,1346,AGENT,FEATURE_PHONE,AFFLUENT,ACTIVE
SYN-U-11738,52,M,BUSINESS,15000.0,Khulna,1655,APP,ANDROID,MASS,ACTIVE
SYN-U-11739,63,F,FREELANCER,44270.43,Cumilla,1846,USSD,IOS,MASS,ACTIVE
SYN-U-11740,27,F,FREELANCER,68767.01,Gazipur,1046,APP,FEATURE_PHONE,MASS,ACTIVE
SYN-U-11741,53,O,FREELANCER,27204.71,Dhaka,816,APP,IOS,SME,ACTIVE
SYN-U-11742,71,M,SALARIED,58860.47,Rajshahi,1589,APP,IOS,MASS,ACTIVE
SYN-U-11743,33,F,BUSINESS,76400.88,Barishal,959,APP,ANDROID,MASS,ACTIVE
SYN-U-11744,28,F,FREELANCER,37179.67,Dhaka,448,AGENT,ANDROID,MASS,ACTIVE
SYN-U-11745,61,M,BUSINESS,80102.98,Rangpur,1832,AGENT,ANDROID,AFFLUENT,ACTIVE
SYN-U-11746,56,F,BUSINESS,90172.8,Chittagong,156,APP,ANDROID,STUDENT,ACTIVE
SYN-U-11747,37,F,STUDENT,17607.62,Dhaka,1807,BRANCH,ANDROID,PAYROLL,ACTIVE
SYN-U-11748,28,M,SALARIED,69925.49,Dhaka,1144,AGENT,ANDROID,MASS,ACTIVE
SYN-U-11749,70,F,STUDENT,23654.95,Rangpur,1012,APP,ANDROID,SME,ACTIVE
SYN-U-11750,55,F,BUSINESS,81233.86,Rajshahi,1772,APP,IOS,MASS,ACTIVE
SYN-U-11751,19,F,FREELANCER,75426.97,Khulna,2051,APP,ANDROID,AFFLUENT,ACTIVE
SYN-U-11752,30,F,SALARIED,95113.26,Dhaka,1778,APP,ANDROID,AFFLUENT,DORMANT
SYN-U-11753,70,M,SALARIED,32376.51,Dhaka,940,AGENT,ANDROID,STUDENT,ACTIVE
SYN-U-11754,25,M,SALARIED,81330.87,Rajshahi,927,APP,ANDROID,AFFLUENT,ACTIVE
SYN-U-11755,71,M,FREELANCER,66743.13,Chittagong,236,AGENT,IOS,MASS,ACTIVE
SYN-U-11756,66,M,SALARIED,85188.5,Chittagong,2063,AGENT,ANDROID,SME,ACTIVE
SYN-U-11757,50,M,FREELANCER,61740.65,Barishal,2351,APP,ANDROID,MASS,ACTIVE
SYN-U-11758,18,M,SALARIED,45672.08,Dhaka,266,AGENT,IOS,MASS,ACTIVE
SYN-U-11759,23,F,FREELANCER,30254.61,Sylhet,1380,APP,ANDROID,PAYROLL,ACTIVE
SYN-U-11760,69,M,SALARIED,55884.33,Gazipur,1676,BRANCH,ANDROID,MASS,ACTIVE
SYN-U-11761,69,F,RETIRED,33318.31,Dhaka,1352,APP,IOS,MASS,ACTIVE
SYN-U-11762,59,M,SALARIED,67916.37,Chittagong,2433,APP,ANDROID,MASS,ACTIVE
SYN-U-11763,26,M,HOMEMAKER,24188.18,Gazipur,175,AGENT,IOS,MASS,ACTIVE
SYN-U-11764,53,F,SALARIED,122611.07,Dhaka,178,APP,ANDROID,AFFLUENT,ACTIVE
SYN-U-11765,50,M,SALARIED,38933.15,Dhaka,1365,APP,IOS,STUDENT,ACTIVE
SYN-U-11766,64,F,BUSINESS,118082.32,Dhaka,1645,BRANCH,ANDROID,AFFLUENT,ACTIVE
SYN-U-11767,64,M,STUDENT,47155.75,Narayanganj,581,APP,FEATURE_PHONE,AFFLUENT,ACTIVE
SYN-U-11768,42,F,BUSINESS,62964.79,Dhaka,1343,APP,ANDROID,MASS,DORMANT
SYN-U-11769,41,F,SALARIED,61399.14,Dhaka,1303,AGENT,ANDROID,MASS,ACTIVE
SYN-U-11770,44,F,SALARIED,92208.14,Chittagong,1250,AGENT,ANDROID,AFFLUENT,DORMANT
SYN-U-11771,44,M,FREELANCER,26166.4,Dhaka,1943,APP,IOS,MASS,ACTIVE
SYN-U-11772,31,F,FREELANCER,75568.46,Khulna,930,BRANCH,ANDROID,MASS,ACTIVE
SYN-U-11773,29,M,SALARIED,33244.58,Rajshahi,1840,APP,IOS,MASS,ACTIVE
SYN-U-11774,57,F,BUSINESS,46049.69,Mymensingh,2181,APP,ANDROID,MASS,ACTIVE
SYN-U-11775,43,F,HOMEMAKER,20153.97,Mymensingh,1270,APP,FEATURE_PHONE,MASS,ACTIVE
SYN-U-11776,54,F,BUSINESS,98184.18,Sylhet,321,APP,ANDROID,MASS,ACTIVE
SYN-U-11777,43,M,HOMEMAKER,28620.24,Barishal,2088,USSD,ANDROID,PAYROLL,ACTIVE
SYN-U-11778,47,F,STUDENT,36678.18,Dhaka,1025,USSD,ANDROID,AFFLUENT,DORMANT
SYN-U-11779,39,F,SALARIED,126528.92,Gazipur,1774,APP,ANDROID,AFFLUENT,ACTIVE
SYN-U-11780,62,M,STUDENT,30588.8,Gazipur,1012,AGENT,ANDROID,AFFLUENT,ACTIVE
SYN-U-11781,31,F,STUDENT,15496.0,Dhaka,1211,AGENT,ANDROID,MASS,ACTIVE
SYN-U-11782,31,M,SALARIED,51785.69,Rangpur,162,BRANCH,ANDROID,SME,ACTIVE
SYN-U-11783,49,F,SALARIED,15183.47,Rajshahi,2321,APP,ANDROID,MASS,ACTIVE
SYN-U-11784,18,F,SALARIED,126788.8,Khulna,2260,AGENT,FEATURE_PHONE,SME,ACTIVE
SYN-U-11785,69,M,STUDENT,20947.23,Khulna,2337,APP,ANDROID,MASS,ACTIVE
SYN-U-11786,21,F,HOMEMAKER,26045.36,Dhaka,908,APP,ANDROID,MASS,ACTIVE
SYN-U-11787,24,F,SALARIED,58716.52,Cumilla,597,BRANCH,ANDROID,MASS,ACTIVE
SYN-U-11788,30,F,SALARIED,29810.21,Dhaka,1113,APP,ANDROID,MASS,ACTIVE
SYN-U-11789,71,M,SALARIED,136071.82,Khulna,1880,USSD,ANDROID,SME,ACTIVE
SYN-U-11790,21,M,SALARIED,52918.23,Dhaka,898,APP,ANDROID,MASS,ACTIVE
SYN-U-11791,41,F,BUSINESS,282927.52,Chittagong,271,APP,IOS,AFFLUENT,ACTIVE
SYN-U-11792,57,F,HOMEMAKER,49201.32,Dhaka,2141,APP,ANDROID,AFFLUENT,ACTIVE
SYN-U-11793,47,M,SALARIED,46982.87,Sylhet,87,AGENT,ANDROID,MASS,DORMANT
SYN-U-11794,42,F,SALARIED,22719.63,Sylhet,2329,BRANCH,ANDROID,STUDENT,ACTIVE
SYN-U-11795,20,F,BUSINESS,34567.57,Gazipur,1116,AGENT,IOS,MASS,ACTIVE
SYN-U-11796,55,M,SALARIED,30257.25,Dhaka,2345,BRANCH,ANDROID,STUDENT,ACTIVE
SYN-U-11797,65,F,RETIRED,84925.25,Chittagong,2093,APP,ANDROID,AFFLUENT,ACTIVE
SYN-U-11798,24,F,HOMEMAKER,18596.95,Dhaka,1806,APP,ANDROID,MASS,ACTIVE
SYN-U-11799,50,M,SALARIED,57996.08,Chittagong,836,USSD,ANDROID,STUDENT,ACTIVE
SYN-U-11800,44,M,FREELANCER,53351.99,Rajshahi,1635,APP,ANDROID,MASS,ACTIVE
SYN-U-11801,51,M,FREELANCER,109284.8,Dhaka,1906,APP,ANDROID,MASS,ACTIVE
SYN-U-11802,38,F,SALARIED,57744.34,Gazipur,855,AGENT,ANDROID,MASS,ACTIVE
SYN-U-11803,44,M,SALARIED,64541.61,Khulna,923,APP,ANDROID,MASS,ACTIVE
SYN-U-11804,34,M,FREELANCER,42953.11,Rajshahi,1840,BRANCH,ANDROID,SME,ACTIVE
SYN-U-11805,24,F,STUDENT,20057.21,Dhaka,1563,APP,ANDROID,MASS,ACTIVE
SYN-U-11806,59,F,HOMEMAKER,35413.14,Sylhet,1341,APP,ANDROID,MASS,ACTIVE
SYN-U-11807,65,M,BUSINESS,24645.66,Rangpur,1715,USSD,IOS,STUDENT,ACTIVE
SYN-U-11808,70,M,BUSINESS,51725.32,Khulna,1676,BRANCH,ANDROID,MASS,ACTIVE
SYN-U-11809,56,M,STUDENT,15000.0,Chittagong,713,APP,IOS,PAYROLL,ACTIVE
SYN-U-11810,27,F,SALARIED,28556.62,Dhaka,2473,APP,ANDROID,MASS,ACTIVE
SYN-U-11811,19,M,FREELANCER,54481.2,Dhaka,1599,APP,FEATURE_PHONE,MASS,ACTIVE
SYN-U-11812,67,F,SALARIED,98061.17,Rajshahi,122,APP,IOS,AFFLUENT,ACTIVE
SYN-U-11813,35,M,SALARIED,15000.0,Dhaka,1650,APP,ANDROID,MASS,ACTIVE
SYN-U-11814,43,M,SALARIED,30252.14,Gazipur,1433,APP,ANDROID,MASS,ACTIVE
SYN-U-11815,22,M,FREELANCER,93646.33,Jessore,193,APP,IOS,AFFLUENT,ACTIVE
SYN-U-11816,45,F,SALARIED,47850.3,Chittagong,1300,APP,IOS,PAYROLL,ACTIVE
SYN-U-11817,24,F,SALARIED,56365.49,Rajshahi,1610,APP,ANDROID,PAYROLL,ACTIVE
SYN-U-11818,30,F,STUDENT,17569.88,Dhaka,936,BRANCH,ANDROID,MASS,ACTIVE
SYN-U-11819,43,M,BUSINESS,70484.91,Chittagong,1046,APP,ANDROID,MASS,ACTIVE
SYN-U-11820,51,F,BUSINESS,71295.37,Chittagong,1195,AGENT,ANDROID,MASS,ACTIVE
SYN-U-11821,62,M,SALARIED,130884.94,Dhaka,1821,APP,ANDROID,AFFLUENT,ACTIVE
SYN-U-11822,20,M,FREELANCER,85744.95,Jessore,36,APP,ANDROID,MASS,ACTIVE
SYN-U-11823,71,F,FREELANCER,190395.98,Dhaka,1970,APP,IOS,SME,ACTIVE
SYN-U-11824,29,M,BUSINESS,102122.53,Cumilla,2093,APP,ANDROID,PAYROLL,ACTIVE
SYN-U-11825,69,M,BUSINESS,82142.62,Chittagong,886,APP,ANDROID,MASS,ACTIVE
SYN-U-11826,70,F,SALARIED,55381.67,Cumilla,1844,APP,ANDROID,MASS,ACTIVE
SYN-U-11827,43,M,RETIRED,23645.61,Cumilla,1324,AGENT,ANDROID,STUDENT,ACTIVE
SYN-U-11828,31,M,BUSINESS,45186.3,Dhaka,870,APP,ANDROID,MASS,ACTIVE
SYN-U-11829,38,M,RETIRED,63290.25,Dhaka,2222,APP,ANDROID,MASS,ACTIVE
SYN-U-11830,55,M,BUSINESS,76103.55,Dhaka,1931,APP,ANDROID,MASS,ACTIVE
SYN-U-11831,52,F,SALARIED,43785.83,Barishal,1994,BRANCH,ANDROID,PAYROLL,ACTIVE
SYN-U-11832,29,M,FREELANCER,21025.04,Gazipur,1863,AGENT,ANDROID,STUDENT,ACTIVE
SYN-U-11833,64,M,STUDENT,17079.98,Dhaka,2214,AGENT,IOS,STUDENT,ACTIVE
SYN-U-11834,64,F,STUDENT,26862.18,Rajshahi,678,AGENT,ANDROID,MASS,ACTIVE
SYN-U-11835,33,F,SALARIED,50264.52,Dhaka,278,APP,IOS,MASS,ACTIVE
SYN-U-11836,47,M,SALARIED,46465.79,Chittagong,786,USSD,ANDROID,MASS,ACTIVE
SYN-U-11837,48,M,FREELANCER,40834.3,Dhaka,1148,BRANCH,ANDROID,MASS,ACTIVE
SYN-U-11838,39,M,SALARIED,15000.0,Mymensingh,617,APP,FEATURE_PHONE,MASS,ACTIVE
SYN-U-11839,41,F,SALARIED,64930.2,Chittagong,2472,APP,ANDROID,STUDENT,ACTIVE
SYN-U-11840,70,M,FREELANCER,52866.3,Dhaka,1875,APP,IOS,STUDENT,ACTIVE
SYN-U-11841,24,M,SALARIED,25271.32,Dhaka,1984,AGENT,FEATURE_PHONE,STUDENT,ACTIVE
SYN-U-11842,53,F,SALARIED,63703.26,Cumilla,39,BRANCH,ANDROID,MASS,ACTIVE
SYN-U-11843,47,M,SALARIED,57776.08,Chittagong,176,BRANCH,ANDROID,PAYROLL,ACTIVE
SYN-U-11844,70,F,SALARIED,54513.3,Rangpur,1508,APP,ANDROID,MASS,ACTIVE
SYN-U-11845,36,M,SALARIED,67656.34,Chittagong,1134,AGENT,ANDROID,PAYROLL,ACTIVE
SYN-U-11846,45,F,BUSINESS,59222.52,Dhaka,2319,APP,ANDROID,MASS,ACTIVE
SYN-U-11847,60,M,FREELANCER,76393.84,Dhaka,1852,APP,ANDROID,MASS,DORMANT
SYN-U-11848,42,M,SALARIED,38270.92,Khulna,91,APP,ANDROID,MASS,ACTIVE
SYN-U-11849,66,M,BUSINESS,68456.51,Dhaka,2179,AGENT,ANDROID,MASS,ACTIVE
SYN-U-11850,29,F,BUSINESS,82125.22,Dhaka,2340,APP,ANDROID,MASS,ACTIVE
SYN-U-11851,40,M,SALARIED,67049.28,Rajshahi,2024,AGENT,ANDROID,MASS,ACTIVE
SYN-U-11852,24,F,FREELANCER,32631.1,Dhaka,1857,APP,ANDROID,STUDENT,ACTIVE
SYN-U-11853,25,F,RETIRED,46086.84,Chittagong,1261,BRANCH,ANDROID,MASS,ACTIVE
SYN-U-11854,31,M,FREELANCER,60417.26,Jessore,1149,USSD,ANDROID,MASS,ACTIVE
SYN-U-11855,51,F,FREELANCER,55040.49,Rajshahi,343,APP,ANDROID,STUDENT,ACTIVE
SYN-U-11856,34,M,BUSINESS,78592.34,Narayanganj,1485,APP,ANDROID,MASS,ACTIVE
SYN-U-11857,22,F,SALARIED,46469.94,Narayanganj,2118,APP,ANDROID,MASS,ACTIVE
SYN-U-11858,65,F,BUSINESS,68909.48,Khulna,1558,APP,ANDROID,MASS,ACTIVE
SYN-U-11859,45,M,HOMEMAKER,17987.84,Rangpur,1604,APP,ANDROID,PAYROLL,ACTIVE
SYN-U-11860,19,M,BUSINESS,153563.26,Chittagong,1667,AGENT,ANDROID,AFFLUENT,ACTIVE
SYN-U-11861,70,M,BUSINESS,15000.0,Dhaka,1354,APP,ANDROID,PAYROLL,ACTIVE
SYN-U-11862,32,F,SALARIED,60680.99,Dhaka,1076,APP,ANDROID,MASS,ACTIVE
SYN-U-11863,46,F,SALARIED,51455.71,Chittagong,1757,APP,ANDROID,STUDENT,ACTIVE
SYN-U-11864,63,F,BUSINESS,50797.74,Dhaka,1544,APP,ANDROID,MASS,ACTIVE
SYN-U-11865,24,F,BUSINESS,60178.2,Dhaka,2463,AGENT,IOS,MASS,ACTIVE
SYN-U-11866,53,F,SALARIED,70261.3,Sylhet,1250,APP,ANDROID,SME,ACTIVE
SYN-U-11867,65,F,BUSINESS,36413.38,Chittagong,572,APP,IOS,MASS,ACTIVE
SYN-U-11868,65,F,SALARIED,49111.57,Khulna,1000,BRANCH,ANDROID,MASS,ACTIVE
SYN-U-11869,60,F,FREELANCER,31080.87,Chittagong,1821,AGENT,IOS,PAYROLL,ACTIVE
SYN-U-11870,42,M,HOMEMAKER,51049.21,Dhaka,1168,APP,ANDROID,AFFLUENT,ACTIVE
SYN-U-11871,49,M,SALARIED,39830.02,Chittagong,1507,APP,ANDROID,STUDENT,ACTIVE
SYN-U-11872,23,F,BUSINESS,91715.35,Dhaka,1190,APP,ANDROID,STUDENT,ACTIVE
SYN-U-11873,22,F,SALARIED,39663.13,Sylhet,2043,AGENT,IOS,STUDENT,ACTIVE
SYN-U-11874,57,F,SALARIED,39243.5,Dhaka,1945,USSD,ANDROID,STUDENT,ACTIVE
SYN-U-11875,21,F,BUSINESS,86806.85,Rajshahi,1409,APP,ANDROID,AFFLUENT,ACTIVE
SYN-U-11876,53,F,BUSINESS,54918.94,Cumilla,1235,APP,ANDROID,MASS,ACTIVE
SYN-U-11877,38,M,FREELANCER,45432.35,Dhaka,2057,APP,ANDROID,STUDENT,ACTIVE
SYN-U-11878,28,M,FREELANCER,15000.0,Dhaka,2038,APP,IOS,MASS,ACTIVE
SYN-U-11879,24,M,SALARIED,30898.78,Bogura,775,APP,ANDROID,MASS,ACTIVE
SYN-U-11880,25,M,BUSINESS,100814.84,Cumilla,64,APP,ANDROID,MASS,ACTIVE
SYN-U-11881,56,M,BUSINESS,49798.38,Dhaka,2208,APP,ANDROID,MASS,ACTIVE
SYN-U-11882,71,M,BUSINESS,60073.3,Dhaka,86,APP,ANDROID,MASS,ACTIVE
SYN-U-11883,41,M,BUSINESS,65366.16,Chittagong,1266,APP,ANDROID,STUDENT,ACTIVE
SYN-U-11884,30,F,FREELANCER,135480.51,Dhaka,1332,APP,ANDROID,SME,ACTIVE
SYN-U-11885,65,M,FREELANCER,86881.94,Dhaka,1130,BRANCH,FEATURE_PHONE,SME,ACTIVE
SYN-U-11886,67,M,SALARIED,48181.72,Mymensingh,62,USSD,ANDROID,STUDENT,ACTIVE
SYN-U-11887,62,F,SALARIED,59955.6,Mymensingh,693,APP,ANDROID,MASS,ACTIVE
SYN-U-11888,27,M,FREELANCER,18012.0,Rajshahi,1517,APP,ANDROID,MASS,ACTIVE
SYN-U-11889,34,F,BUSINESS,15000.0,Dhaka,2350,APP,ANDROID,SME,ACTIVE
SYN-U-11890,32,M,BUSINESS,22115.83,Khulna,99,APP,ANDROID,MASS,ACTIVE
SYN-U-11891,62,M,HOMEMAKER,15000.0,Rajshahi,2453,APP,ANDROID,STUDENT,ACTIVE
SYN-U-11892,58,M,SALARIED,29476.56,Dhaka,1672,APP,ANDROID,MASS,ACTIVE
SYN-U-11893,23,F,BUSINESS,265430.8,Dhaka,133,BRANCH,ANDROID,AFFLUENT,ACTIVE
SYN-U-11894,48,M,FREELANCER,63790.42,Mymensingh,1172,AGENT,ANDROID,MASS,ACTIVE
SYN-U-11895,22,F,SALARIED,138509.72,Dhaka,955,AGENT,ANDROID,AFFLUENT,ACTIVE
SYN-U-11896,46,M,BUSINESS,36500.17,Sylhet,374,APP,ANDROID,MASS,ACTIVE
SYN-U-11897,53,M,SALARIED,42242.43,Dhaka,80,APP,ANDROID,MASS,ACTIVE
SYN-U-11898,70,F,SALARIED,51515.16,Dhaka,2472,APP,ANDROID,MASS,ACTIVE
SYN-U-11899,71,O,STUDENT,43433.95,Chittagong,1063,APP,ANDROID,SME,ACTIVE
SYN-U-11900,65,M,FREELANCER,89199.44,Mymensingh,934,APP,ANDROID,AFFLUENT,ACTIVE
SYN-U-11901,36,F,SALARIED,117603.9,Dhaka,2397,AGENT,ANDROID,AFFLUENT,ACTIVE
SYN-U-11902,60,F,SALARIED,90429.98,Dhaka,2089,USSD,ANDROID,AFFLUENT,ACTIVE
SYN-U-11903,62,M,SALARIED,123776.49,Dhaka,1000,AGENT,ANDROID,AFFLUENT,ACTIVE
SYN-U-11904,21,F,STUDENT,42082.74,Cumilla,2229,USSD,ANDROID,AFFLUENT,ACTIVE
SYN-U-11905,37,F,BUSINESS,15000.0,Chittagong,1874,APP,ANDROID,PAYROLL,ACTIVE
SYN-U-11906,54,M,BUSINESS,81756.24,Sylhet,1869,APP,ANDROID,MASS,ACTIVE
SYN-U-11907,39,F,RETIRED,46175.25,Chittagong,2368,AGENT,ANDROID,MASS,ACTIVE
SYN-U-11908,35,M,FREELANCER,139164.65,Rangpur,356,APP,ANDROID,SME,ACTIVE
SYN-U-11909,67,M,STUDENT,29154.97,Dhaka,1879,AGENT,IOS,SME,ACTIVE
SYN-U-11910,25,M,FREELANCER,20060.46,Dhaka,2258,APP,ANDROID,STUDENT,ACTIVE
SYN-U-11911,58,M,BUSINESS,32639.09,Sylhet,87,APP,ANDROID,MASS,ACTIVE
SYN-U-11912,39,F,SALARIED,43111.66,Mymensingh,1302,BRANCH,ANDROID,MASS,ACTIVE
SYN-U-11913,24,F,BUSINESS,152605.57,Mymensingh,413,APP,ANDROID,SME,ACTIVE
SYN-U-11914,30,F,BUSINESS,86930.78,Rajshahi,1787,BRANCH,ANDROID,PAYROLL,ACTIVE
SYN-U-11915,61,M,BUSINESS,44834.02,Rajshahi,1947,APP,ANDROID,MASS,ACTIVE
SYN-U-11916,65,F,BUSINESS,75719.28,Narayanganj,1757,AGENT,IOS,SME,ACTIVE
SYN-U-11917,44,M,SALARIED,51443.87,Rangpur,460,APP,ANDROID,MASS,DORMANT
SYN-U-11918,48,F,STUDENT,17341.4,Rajshahi,1552,BRANCH,ANDROID,SME,ACTIVE
SYN-U-11919,65,M,BUSINESS,71385.68,Dhaka,2200,BRANCH,FEATURE_PHONE,STUDENT,ACTIVE
SYN-U-11920,39,M,BUSINESS,15000.0,Dhaka,2135,AGENT,FEATURE_PHONE,MASS,ACTIVE
SYN-U-11921,19,M,SALARIED,63997.9,Dhaka,289,BRANCH,IOS,MASS,ACTIVE
SYN-U-11922,44,F,SALARIED,67447.63,Chittagong,1124,BRANCH,ANDROID,AFFLUENT,ACTIVE
SYN-U-11923,18,M,SALARIED,53087.74,Chittagong,538,APP,ANDROID,PAYROLL,ACTIVE
SYN-U-11924,35,F,SALARIED,34530.63,Dhaka,1071,AGENT,IOS,PAYROLL,ACTIVE
SYN-U-11925,46,M,STUDENT,15000.0,Rangpur,1750,AGENT,ANDROID,MASS,ACTIVE
SYN-U-11926,30,F,BUSINESS,85339.67,Dhaka,1573,APP,ANDROID,MASS,ACTIVE
SYN-U-11927,50,M,FREELANCER,94559.7,Gazipur,1934,AGENT,ANDROID,SME,ACTIVE
SYN-U-11928,58,M,FREELANCER,91209.76,Barishal,800,BRANCH,ANDROID,AFFLUENT,ACTIVE
SYN-U-11929,26,M,SALARIED,50549.33,Dhaka,907,APP,ANDROID,MASS,ACTIVE
SYN-U-11930,65,M,SALARIED,27524.55,Chittagong,192,AGENT,ANDROID,MASS,ACTIVE
SYN-U-11931,46,M,SALARIED,113469.36,Chittagong,2451,AGENT,ANDROID,AFFLUENT,ACTIVE
SYN-U-11932,71,F,SALARIED,88529.77,Barishal,1638,AGENT,ANDROID,AFFLUENT,DORMANT
SYN-U-11933,23,M,BUSINESS,22252.15,Dhaka,2236,BRANCH,ANDROID,MASS,ACTIVE
SYN-U-11934,30,F,BUSINESS,83935.52,Dhaka,788,APP,ANDROID,MASS,ACTIVE
SYN-U-11935,55,M,SALARIED,57224.24,Gazipur,1662,APP,ANDROID,PAYROLL,ACTIVE
SYN-U-11936,22,M,HOMEMAKER,33118.51,Rajshahi,1360,APP,ANDROID,MASS,ACTIVE
SYN-U-11937,67,M,SALARIED,51032.91,Rajshahi,356,AGENT,ANDROID,MASS,DORMANT
SYN-U-11938,18,F,BUSINESS,124148.17,Mymensingh,2384,APP,ANDROID,AFFLUENT,ACTIVE
SYN-U-11939,48,M,SALARIED,75464.53,Rajshahi,1398,BRANCH,ANDROID,AFFLUENT,ACTIVE
SYN-U-11940,37,F,FREELANCER,75406.62,Dhaka,987,APP,ANDROID,MASS,ACTIVE
SYN-U-11941,48,F,SALARIED,63034.25,Chittagong,1094,APP,ANDROID,MASS,ACTIVE
SYN-U-11942,63,M,SALARIED,27260.02,Sylhet,642,USSD,ANDROID,STUDENT,ACTIVE
SYN-U-11943,31,M,BUSINESS,155268.99,Sylhet,2347,AGENT,ANDROID,AFFLUENT,ACTIVE
SYN-U-11944,20,F,SALARIED,57867.48,Dhaka,390,APP,ANDROID,MASS,ACTIVE
SYN-U-11945,68,F,STUDENT,15000.0,Narayanganj,632,APP,ANDROID,MASS,ACTIVE
SYN-U-11946,64,F,SALARIED,48929.44,Dhaka,584,AGENT,ANDROID,SME,ACTIVE
SYN-U-11947,53,M,SALARIED,68483.62,Chittagong,48,APP,ANDROID,MASS,ACTIVE
SYN-U-11948,22,F,SALARIED,81604.89,Mymensingh,523,APP,ANDROID,STUDENT,ACTIVE
SYN-U-11949,38,M,STUDENT,47394.81,Gazipur,952,APP,IOS,AFFLUENT,ACTIVE
SYN-U-11950,28,M,SALARIED,34280.69,Chittagong,1064,APP,ANDROID,MASS,ACTIVE
SYN-U-11951,57,M,BUSINESS,50650.08,Sylhet,2335,APP,ANDROID,STUDENT,ACTIVE
SYN-U-11952,55,F,STUDENT,28874.38,Chittagong,437,APP,ANDROID,MASS,ACTIVE
SYN-U-11953,54,F,STUDENT,27236.33,Chittagong,623,APP,ANDROID,MASS,ACTIVE
SYN-U-11954,61,M,SALARIED,27244.18,Rangpur,835,APP,ANDROID,MASS,ACTIVE
SYN-U-11955,28,M,STUDENT,15000.0,Khulna,1768,APP,IOS,SME,ACTIVE
SYN-U-11956,26,F,SALARIED,24266.72,Sylhet,2346,USSD,ANDROID,PAYROLL,ACTIVE
SYN-U-11957,68,M,BUSINESS,31961.39,Jessore,2288,APP,ANDROID,STUDENT,ACTIVE
SYN-U-11958,63,M,BUSINESS,109897.03,Khulna,1020,APP,ANDROID,MASS,ACTIVE
SYN-U-11959,52,M,STUDENT,15157.84,Sylhet,737,APP,ANDROID,MASS,ACTIVE
SYN-U-11960,67,M,SALARIED,102811.21,Narayanganj,1759,APP,ANDROID,SME,ACTIVE
SYN-U-11961,28,F,STUDENT,20074.52,Dhaka,2492,APP,IOS,MASS,ACTIVE
SYN-U-11962,32,M,SALARIED,137857.89,Mymensingh,863,AGENT,ANDROID,SME,ACTIVE
SYN-U-11963,38,F,BUSINESS,53879.29,Dhaka,2228,BRANCH,ANDROID,MASS,ACTIVE
SYN-U-11964,52,F,FREELANCER,26882.05,Chittagong,1686,APP,FEATURE_PHONE,PAYROLL,ACTIVE
SYN-U-11965,66,M,HOMEMAKER,20914.22,Dhaka,690,APP,ANDROID,MASS,ACTIVE
SYN-U-11966,59,F,BUSINESS,152049.78,Dhaka,385,APP,ANDROID,AFFLUENT,ACTIVE
SYN-U-11967,42,F,STUDENT,15000.0,Bogura,50,APP,IOS,MASS,ACTIVE
SYN-U-11968,56,M,BUSINESS,41461.65,Rajshahi,1476,APP,ANDROID,MASS,ACTIVE
SYN-U-11969,50,F,BUSINESS,53705.71,Rajshahi,2110,APP,ANDROID,MASS,ACTIVE
SYN-U-11970,69,M,FREELANCER,85786.74,Dhaka,238,APP,ANDROID,MASS,ACTIVE
SYN-U-11971,55,F,BUSINESS,91957.29,Dhaka,1780,APP,ANDROID,MASS,ACTIVE
SYN-U-11972,22,M,BUSINESS,72281.18,Dhaka,1161,AGENT,ANDROID,MASS,ACTIVE
SYN-U-11973,53,F,BUSINESS,151477.31,Dhaka,204,APP,ANDROID,AFFLUENT,ACTIVE
SYN-U-11974,23,F,SALARIED,57270.18,Dhaka,1465,AGENT,IOS,MASS,ACTIVE
SYN-U-11975,43,F,SALARIED,34180.52,Chittagong,1455,AGENT,ANDROID,MASS,ACTIVE
SYN-U-11976,31,M,FREELANCER,28503.64,Sylhet,100,AGENT,ANDROID,STUDENT,ACTIVE
SYN-U-11977,50,F,SALARIED,43042.14,Chittagong,254,AGENT,IOS,MASS,DORMANT
SYN-U-11978,39,F,SALARIED,30585.36,Khulna,1159,USSD,ANDROID,STUDENT,ACTIVE
SYN-U-11979,67,F,SALARIED,45742.05,Khulna,815,AGENT,ANDROID,STUDENT,ACTIVE
SYN-U-11980,66,F,SALARIED,28672.02,Dhaka,1522,APP,ANDROID,STUDENT,ACTIVE
SYN-U-11981,21,F,BUSINESS,42108.24,Barishal,2354,AGENT,ANDROID,AFFLUENT,ACTIVE
SYN-U-11982,69,F,SALARIED,35503.81,Dhaka,584,AGENT,ANDROID,PAYROLL,ACTIVE
SYN-U-11983,64,M,SALARIED,43654.91,Gazipur,748,APP,ANDROID,MASS,ACTIVE
SYN-U-11984,28,M,FREELANCER,36043.36,Chittagong,1265,BRANCH,ANDROID,STUDENT,ACTIVE
SYN-U-11985,29,M,BUSINESS,55663.29,Chittagong,373,AGENT,ANDROID,SME,ACTIVE
SYN-U-11986,41,F,STUDENT,15000.0,Sylhet,792,APP,IOS,MASS,ACTIVE
SYN-U-11987,19,M,SALARIED,82160.53,Mymensingh,1847,AGENT,ANDROID,SME,ACTIVE
SYN-U-11988,68,M,FREELANCER,93929.64,Dhaka,1017,APP,ANDROID,SME,ACTIVE
SYN-U-11989,69,F,FREELANCER,91633.54,Chittagong,405,APP,ANDROID,MASS,ACTIVE
SYN-U-11990,24,M,SALARIED,68557.49,Chittagong,1794,APP,ANDROID,MASS,ACTIVE
SYN-U-11991,35,M,FREELANCER,56678.22,Dhaka,848,AGENT,ANDROID,MASS,ACTIVE
SYN-U-11992,52,F,SALARIED,50717.55,Gazipur,693,AGENT,ANDROID,PAYROLL,ACTIVE
SYN-U-11993,48,M,BUSINESS,120221.76,Dhaka,2286,AGENT,ANDROID,MASS,ACTIVE
SYN-U-11994,35,F,SALARIED,45045.64,Dhaka,1099,APP,ANDROID,MASS,ACTIVE
SYN-U-11995,25,M,SALARIED,56145.49,Barishal,1383,APP,ANDROID,PAYROLL,ACTIVE
SYN-U-11996,66,F,BUSINESS,64820.7,Khulna,2091,AGENT,ANDROID,MASS,ACTIVE
SYN-U-11997,53,F,FREELANCER,105080.04,Chittagong,512,APP,IOS,AFFLUENT,ACTIVE
SYN-U-11998,19,M,SALARIED,21875.6,Chittagong,1038,APP,ANDROID,STUDENT,ACTIVE
SYN-U-11999,41,F,SALARIED,38469.09,Dhaka,2130,AGENT,IOS,MASS,ACTIVE
SYN-U-12000,47,M,SALARIED,39094.79,Barishal,1194,USSD,ANDROID,MASS,ACTIVE
SYN-U-12001,56,M,SALARIED,51738.55,Rangpur,42,APP,IOS,MASS,ACTIVE
SYN-U-12002,22,M,HOMEMAKER,26792.51,Mymensingh,1741,APP,ANDROID,MASS,ACTIVE
SYN-U-12003,49,M,BUSINESS,21079.41,Rangpur,1377,AGENT,IOS,MASS,ACTIVE
SYN-U-12004,70,M,HOMEMAKER,19731.48,Sylhet,346,APP,ANDROID,MASS,ACTIVE
SYN-U-12005,18,F,SALARIED,33654.41,Sylhet,50,APP,ANDROID,MASS,ACTIVE
SYN-U-12006,34,F,BUSINESS,36042.01,Rajshahi,307,APP,ANDROID,MASS,ACTIVE
SYN-U-12007,56,M,SALARIED,60929.86,Chittagong,829,APP,ANDROID,MASS,ACTIVE
SYN-U-12008,55,M,SALARIED,87896.21,Gazipur,2409,APP,ANDROID,AFFLUENT,ACTIVE
SYN-U-12009,26,M,FREELANCER,90125.2,Chittagong,832,APP,ANDROID,AFFLUENT,ACTIVE
SYN-U-12010,35,F,SALARIED,49689.99,Khulna,1672,AGENT,ANDROID,MASS,ACTIVE
SYN-U-12011,67,M,FREELANCER,56002.85,Chittagong,905,USSD,ANDROID,MASS,ACTIVE
SYN-U-12012,60,M,BUSINESS,49853.82,Rajshahi,1808,APP,ANDROID,MASS,ACTIVE
SYN-U-12013,23,F,RETIRED,31381.74,Sylhet,40,AGENT,ANDROID,MASS,ACTIVE
SYN-U-12014,67,M,SALARIED,53884.96,Dhaka,2335,APP,ANDROID,MASS,ACTIVE
SYN-U-12015,53,F,BUSINESS,26329.63,Chittagong,835,APP,ANDROID,MASS,ACTIVE
SYN-U-12016,47,M,RETIRED,35339.94,Chittagong,144,AGENT,ANDROID,PAYROLL,ACTIVE
SYN-U-12017,66,F,BUSINESS,138166.23,Khulna,1302,APP,ANDROID,AFFLUENT,ACTIVE
SYN-U-12018,25,M,SALARIED,103790.31,Rajshahi,1381,APP,ANDROID,AFFLUENT,ACTIVE
SYN-U-12019,62,M,FREELANCER,44031.94,Narayanganj,1414,AGENT,ANDROID,MASS,ACTIVE
SYN-U-12020,27,M,SALARIED,65809.19,Dhaka,1779,APP,FEATURE_PHONE,MASS,ACTIVE
SYN-U-12021,35,F,SALARIED,30743.13,Rangpur,1067,BRANCH,ANDROID,MASS,ACTIVE
SYN-U-12022,40,M,STUDENT,66623.95,Dhaka,500,APP,ANDROID,AFFLUENT,ACTIVE
SYN-U-12023,24,M,FREELANCER,49359.6,Dhaka,188,AGENT,ANDROID,STUDENT,ACTIVE
SYN-U-12024,69,F,SALARIED,43725.9,Rangpur,2401,APP,ANDROID,MASS,ACTIVE
SYN-U-12025,71,M,BUSINESS,89814.11,Rajshahi,1732,APP,ANDROID,STUDENT,ACTIVE
SYN-U-12026,58,F,SALARIED,32689.64,Gazipur,2051,USSD,ANDROID,MASS,ACTIVE
SYN-U-12027,31,F,HOMEMAKER,35306.45,Dhaka,1479,APP,ANDROID,MASS,ACTIVE
SYN-U-12028,40,F,SALARIED,43475.41,Gazipur,2098,BRANCH,ANDROID,PAYROLL,ACTIVE
SYN-U-12029,19,F,BUSINESS,79730.17,Rajshahi,2309,USSD,ANDROID,MASS,ACTIVE
SYN-U-12030,45,F,SALARIED,40336.93,Rangpur,1783,AGENT,ANDROID,PAYROLL,ACTIVE
SYN-U-12031,58,F,BUSINESS,48053.54,Sylhet,899,APP,ANDROID,PAYROLL,ACTIVE
SYN-U-12032,59,F,SALARIED,30374.54,Cumilla,205,APP,ANDROID,MASS,ACTIVE
SYN-U-12033,46,F,BUSINESS,29330.18,Mymensingh,1186,APP,ANDROID,MASS,ACTIVE
SYN-U-12034,70,M,BUSINESS,19488.46,Cumilla,1382,APP,ANDROID,STUDENT,ACTIVE
SYN-U-12035,20,M,BUSINESS,124783.35,Rangpur,2184,APP,ANDROID,MASS,ACTIVE
SYN-U-12036,45,O,SALARIED,70076.92,Barishal,1661,AGENT,ANDROID,AFFLUENT,ACTIVE
SYN-U-12037,44,F,SALARIED,52191.12,Sylhet,837,APP,ANDROID,MASS,ACTIVE
SYN-U-12038,37,F,FREELANCER,37145.37,Rajshahi,1013,BRANCH,ANDROID,MASS,ACTIVE
SYN-U-12039,41,M,SALARIED,110696.48,Dhaka,1272,APP,ANDROID,AFFLUENT,ACTIVE
SYN-U-12040,45,M,SALARIED,61471.9,Sylhet,692,APP,ANDROID,AFFLUENT,ACTIVE
SYN-U-12041,67,M,FREELANCER,28969.74,Rangpur,154,APP,ANDROID,MASS,ACTIVE
SYN-U-12042,57,F,HOMEMAKER,20052.08,Dhaka,1642,APP,ANDROID,MASS,ACTIVE
SYN-U-12043,21,M,SALARIED,52496.1,Dhaka,1767,APP,ANDROID,PAYROLL,ACTIVE
SYN-U-12044,37,M,SALARIED,89629.71,Dhaka,120,APP,ANDROID,AFFLUENT,ACTIVE
SYN-U-12045,63,M,STUDENT,29747.09,Rajshahi,245,AGENT,ANDROID,AFFLUENT,ACTIVE
SYN-U-12046,22,M,STUDENT,37105.84,Mymensingh,2177,AGENT,IOS,SME,ACTIVE
SYN-U-12047,63,M,SALARIED,48172.88,Cumilla,2336,APP,IOS,MASS,ACTIVE
SYN-U-12048,67,M,SALARIED,44127.98,Dhaka,480,APP,ANDROID,MASS,ACTIVE
SYN-U-12049,25,M,BUSINESS,228682.43,Khulna,1980,BRANCH,ANDROID,SME,ACTIVE
SYN-U-12050,49,F,SALARIED,156096.98,Chittagong,1167,APP,FEATURE_PHONE,SME,ACTIVE
SYN-U-12051,19,M,BUSINESS,133912.53,Dhaka,2009,APP,ANDROID,AFFLUENT,ACTIVE
SYN-U-12052,71,M,STUDENT,19327.44,Dhaka,431,AGENT,ANDROID,MASS,ACTIVE
SYN-U-12053,25,M,SALARIED,55083.55,Chittagong,2132,APP,ANDROID,MASS,ACTIVE
SYN-U-12054,42,F,STUDENT,19142.84,Gazipur,367,AGENT,ANDROID,MASS,ACTIVE
SYN-U-12055,32,F,SALARIED,57633.38,Khulna,2087,AGENT,ANDROID,PAYROLL,ACTIVE
SYN-U-12056,53,M,SALARIED,89532.84,Cumilla,1941,AGENT,ANDROID,SME,ACTIVE
SYN-U-12057,48,M,BUSINESS,37620.07,Rajshahi,2096,USSD,ANDROID,MASS,ACTIVE
SYN-U-12058,35,M,SALARIED,51837.28,Dhaka,2408,AGENT,ANDROID,MASS,ACTIVE
SYN-U-12059,59,M,BUSINESS,91578.83,Dhaka,667,AGENT,ANDROID,AFFLUENT,ACTIVE
SYN-U-12060,24,F,STUDENT,19219.18,Gazipur,2492,APP,ANDROID,MASS,ACTIVE
SYN-U-12061,44,M,SALARIED,38861.4,Dhaka,123,AGENT,ANDROID,MASS,ACTIVE
SYN-U-12062,69,F,RETIRED,37283.76,Gazipur,393,APP,ANDROID,MASS,ACTIVE
SYN-U-12063,42,M,BUSINESS,64016.91,Dhaka,462,APP,IOS,AFFLUENT,ACTIVE
SYN-U-12064,56,M,SALARIED,61050.62,Chittagong,633,AGENT,IOS,MASS,ACTIVE
SYN-U-12065,20,M,SALARIED,47638.92,Dhaka,2171,APP,ANDROID,MASS,ACTIVE
SYN-U-12066,65,M,BUSINESS,43487.3,Rangpur,77,APP,ANDROID,MASS,ACTIVE
SYN-U-12067,66,M,SALARIED,103238.37,Barishal,1947,APP,ANDROID,AFFLUENT,ACTIVE
SYN-U-12068,26,M,SALARIED,44228.89,Dhaka,674,APP,ANDROID,STUDENT,ACTIVE
SYN-U-12069,36,M,BUSINESS,144560.35,Dhaka,1615,APP,ANDROID,AFFLUENT,ACTIVE
SYN-U-12070,20,M,SALARIED,37381.37,Narayanganj,1761,AGENT,IOS,STUDENT,ACTIVE
SYN-U-12071,27,F,STUDENT,15000.0,Chittagong,1773,APP,FEATURE_PHONE,STUDENT,ACTIVE
SYN-U-12072,37,M,BUSINESS,99120.98,Mymensingh,1153,APP,IOS,MASS,ACTIVE
SYN-U-12073,42,F,SALARIED,37398.96,Mymensingh,753,APP,ANDROID,MASS,ACTIVE
SYN-U-12074,61,F,BUSINESS,110690.86,Khulna,335,BRANCH,ANDROID,PAYROLL,ACTIVE
SYN-U-12075,58,F,BUSINESS,42888.5,Sylhet,718,BRANCH,ANDROID,MASS,ACTIVE
SYN-U-12076,35,F,STUDENT,15732.53,Dhaka,1142,APP,ANDROID,PAYROLL,ACTIVE
SYN-U-12077,61,F,STUDENT,16017.3,Dhaka,2038,APP,IOS,MASS,ACTIVE
SYN-U-12078,21,M,SALARIED,78539.96,Rajshahi,888,APP,ANDROID,MASS,ACTIVE
SYN-U-12079,26,M,BUSINESS,75724.38,Dhaka,614,APP,ANDROID,MASS,ACTIVE
SYN-U-12080,39,F,RETIRED,28374.96,Dhaka,907,APP,ANDROID,MASS,ACTIVE
SYN-U-12081,70,M,SALARIED,58586.45,Dhaka,2458,USSD,ANDROID,MASS,ACTIVE
SYN-U-12082,39,F,STUDENT,21584.16,Narayanganj,1442,APP,FEATURE_PHONE,MASS,ACTIVE
SYN-U-12083,25,M,SALARIED,51285.36,Jessore,1625,BRANCH,ANDROID,MASS,ACTIVE
SYN-U-12084,30,M,FREELANCER,32291.63,Khulna,830,AGENT,ANDROID,PAYROLL,ACTIVE
SYN-U-12085,55,F,BUSINESS,101233.77,Chittagong,1075,APP,FEATURE_PHONE,MASS,ACTIVE
SYN-U-12086,41,F,STUDENT,15300.54,Cumilla,1509,APP,ANDROID,MASS,ACTIVE
SYN-U-12087,37,M,SALARIED,73758.48,Dhaka,1892,APP,ANDROID,MASS,ACTIVE
SYN-U-12088,56,M,SALARIED,77011.01,Dhaka,863,APP,ANDROID,AFFLUENT,ACTIVE
SYN-U-12089,45,F,SALARIED,49184.51,Chittagong,2287,AGENT,ANDROID,MASS,ACTIVE
SYN-U-12090,45,M,BUSINESS,150850.39,Dhaka,164,BRANCH,ANDROID,AFFLUENT,ACTIVE
SYN-U-12091,32,M,BUSINESS,92544.81,Rajshahi,1939,APP,ANDROID,MASS,ACTIVE
SYN-U-12092,63,F,BUSINESS,123085.12,Dhaka,34,APP,ANDROID,AFFLUENT,ACTIVE
SYN-U-12093,34,F,SALARIED,39421.67,Rajshahi,836,APP,ANDROID,MASS,ACTIVE
SYN-U-12094,67,F,SALARIED,41115.42,Mymensingh,210,AGENT,ANDROID,MASS,ACTIVE
SYN-U-12095,44,M,HOMEMAKER,15818.22,Chittagong,812,AGENT,IOS,MASS,ACTIVE
SYN-U-12096,35,M,SALARIED,42272.17,Mymensingh,2100,APP,ANDROID,MASS,ACTIVE
SYN-U-12097,39,F,SALARIED,38748.6,Gazipur,1305,APP,IOS,MASS,ACTIVE
SYN-U-12098,42,F,FREELANCER,15241.18,Dhaka,1636,APP,ANDROID,STUDENT,ACTIVE
SYN-U-12099,34,M,BUSINESS,58381.87,Sylhet,1796,APP,ANDROID,SME,ACTIVE
SYN-U-12100,67,M,SALARIED,130665.07,Rajshahi,1916,APP,ANDROID,AFFLUENT,ACTIVE
SYN-U-12101,22,M,SALARIED,33054.16,Jessore,2361,APP,IOS,MASS,DORMANT
SYN-U-12102,19,F,SALARIED,42036.09,Dhaka,618,APP,FEATURE_PHONE,MASS,ACTIVE
SYN-U-12103,69,F,STUDENT,15000.0,Sylhet,1332,AGENT,ANDROID,MASS,ACTIVE
SYN-U-12104,56,M,SALARIED,65859.38,Barishal,963,APP,ANDROID,SME,ACTIVE
SYN-U-12105,56,F,HOMEMAKER,28741.45,Dhaka,1838,AGENT,IOS,MASS,ACTIVE
SYN-U-12106,46,M,FREELANCER,66111.4,Dhaka,679,AGENT,ANDROID,MASS,ACTIVE
SYN-U-12107,31,M,HOMEMAKER,15000.0,Barishal,961,APP,IOS,STUDENT,ACTIVE
SYN-U-12108,55,M,FREELANCER,74027.36,Gazipur,1876,AGENT,IOS,STUDENT,DORMANT
SYN-U-12109,54,M,STUDENT,27042.96,Chittagong,441,AGENT,ANDROID,AFFLUENT,ACTIVE
SYN-U-12110,38,M,SALARIED,57295.19,Chittagong,902,APP,IOS,MASS,ACTIVE
SYN-U-12111,51,M,SALARIED,38404.3,Rajshahi,542,APP,ANDROID,MASS,ACTIVE
SYN-U-12112,37,M,SALARIED,38992.87,Khulna,2373,APP,ANDROID,MASS,ACTIVE
SYN-U-12113,56,F,BUSINESS,60558.79,Dhaka,1988,APP,IOS,MASS,ACTIVE
SYN-U-12114,18,M,STUDENT,36444.08,Khulna,2132,AGENT,IOS,AFFLUENT,ACTIVE
SYN-U-12115,28,M,SALARIED,101118.07,Dhaka,380,APP,ANDROID,AFFLUENT,ACTIVE
SYN-U-12116,69,M,BUSINESS,33185.68,Dhaka,511,BRANCH,ANDROID,MASS,ACTIVE
SYN-U-12117,18,F,SALARIED,49229.8,Dhaka,1358,APP,ANDROID,MASS,ACTIVE
SYN-U-12118,52,F,BUSINESS,68933.09,Dhaka,804,APP,ANDROID,MASS,ACTIVE
SYN-U-12119,20,F,SALARIED,40365.88,Chittagong,1393,APP,ANDROID,MASS,ACTIVE
SYN-U-12120,25,O,FREELANCER,55589.08,Dhaka,2009,BRANCH,ANDROID,SME,ACTIVE
SYN-U-12121,24,M,SALARIED,103368.29,Barishal,1481,APP,ANDROID,AFFLUENT,ACTIVE
SYN-U-12122,40,F,BUSINESS,118477.01,Jessore,1417,APP,IOS,MASS,ACTIVE
SYN-U-12123,26,M,BUSINESS,92713.64,Cumilla,144,AGENT,ANDROID,MASS,ACTIVE
SYN-U-12124,50,F,BUSINESS,15000.0,Khulna,1143,APP,ANDROID,MASS,ACTIVE
SYN-U-12125,59,F,SALARIED,15000.0,Cumilla,459,AGENT,IOS,STUDENT,ACTIVE
SYN-U-12126,50,F,BUSINESS,60956.07,Chittagong,283,AGENT,ANDROID,STUDENT,ACTIVE
SYN-U-12127,40,M,STUDENT,20715.47,Chittagong,1946,APP,ANDROID,MASS,ACTIVE
SYN-U-12128,36,F,BUSINESS,39427.78,Rangpur,1372,USSD,ANDROID,MASS,ACTIVE
SYN-U-12129,19,F,SALARIED,92951.71,Cumilla,2374,AGENT,ANDROID,AFFLUENT,ACTIVE
SYN-U-12130,26,F,SALARIED,74493.96,Dhaka,676,AGENT,IOS,SME,DORMANT
SYN-U-12131,60,M,BUSINESS,40008.82,Barishal,2482,APP,IOS,MASS,ACTIVE
SYN-U-12132,69,M,STUDENT,24809.56,Dhaka,2181,APP,FEATURE_PHONE,PAYROLL,ACTIVE
SYN-U-12133,39,M,SALARIED,43680.24,Chittagong,1095,APP,ANDROID,MASS,ACTIVE
SYN-U-12134,68,F,BUSINESS,59518.29,Dhaka,939,APP,FEATURE_PHONE,MASS,ACTIVE
SYN-U-12135,41,M,BUSINESS,15000.0,Khulna,883,AGENT,ANDROID,MASS,ACTIVE
SYN-U-12136,54,M,BUSINESS,59320.06,Chittagong,1745,APP,ANDROID,MASS,ACTIVE
SYN-U-12137,46,M,SALARIED,41413.31,Dhaka,2468,AGENT,IOS,MASS,ACTIVE
SYN-U-12138,71,M,SALARIED,60813.27,Chittagong,2243,APP,IOS,MASS,ACTIVE
SYN-U-12139,20,M,SALARIED,58256.6,Dhaka,777,AGENT,ANDROID,MASS,ACTIVE
SYN-U-12140,66,F,SALARIED,78182.34,Chittagong,1125,AGENT,IOS,MASS,ACTIVE
SYN-U-12141,71,F,SALARIED,39866.92,Cox's Bazar,348,APP,ANDROID,MASS,ACTIVE
SYN-U-12142,56,F,SALARIED,55343.3,Dhaka,1511,AGENT,IOS,MASS,ACTIVE
SYN-U-12143,61,M,SALARIED,17707.25,Chittagong,1988,APP,ANDROID,MASS,ACTIVE
SYN-U-12144,64,F,STUDENT,19807.57,Dhaka,1453,BRANCH,ANDROID,MASS,DORMANT
SYN-U-12145,27,M,STUDENT,21597.59,Khulna,1963,USSD,IOS,MASS,ACTIVE
SYN-U-12146,43,M,RETIRED,34230.7,Dhaka,695,APP,ANDROID,MASS,DORMANT
SYN-U-12147,46,F,BUSINESS,95906.03,Dhaka,1247,APP,ANDROID,MASS,ACTIVE
SYN-U-12148,24,M,BUSINESS,88599.59,Rajshahi,2063,AGENT,ANDROID,MASS,ACTIVE
SYN-U-12149,21,F,SALARIED,45294.34,Dhaka,1588,APP,ANDROID,MASS,ACTIVE
SYN-U-12150,35,F,BUSINESS,85430.46,Jessore,613,APP,ANDROID,MASS,ACTIVE
SYN-U-12151,29,F,HOMEMAKER,22788.73,Dhaka,1623,APP,IOS,MASS,ACTIVE
SYN-U-12152,35,F,STUDENT,15000.0,Dhaka,1480,APP,ANDROID,MASS,ACTIVE
SYN-U-12153,43,M,FREELANCER,63346.39,Dhaka,472,APP,ANDROID,MASS,ACTIVE
SYN-U-12154,18,M,FREELANCER,82050.67,Sylhet,2038,BRANCH,ANDROID,SME,ACTIVE
SYN-U-12155,25,M,BUSINESS,15000.0,Gazipur,630,APP,IOS,MASS,ACTIVE
SYN-U-12156,60,F,STUDENT,22282.32,Cumilla,252,APP,ANDROID,AFFLUENT,DORMANT
SYN-U-12157,56,O,SALARIED,75442.3,Chittagong,1613,AGENT,ANDROID,SME,ACTIVE
SYN-U-12158,65,F,HOMEMAKER,21837.81,Rajshahi,250,APP,ANDROID,MASS,ACTIVE
SYN-U-12159,51,M,STUDENT,15900.93,Sylhet,1147,APP,IOS,MASS,ACTIVE
SYN-U-12160,62,M,SALARIED,46045.96,Dhaka,2164,AGENT,ANDROID,AFFLUENT,ACTIVE
SYN-U-12161,28,F,SALARIED,38440.75,Chittagong,123,APP,ANDROID,STUDENT,ACTIVE
SYN-U-12162,21,M,FREELANCER,37650.57,Rajshahi,164,AGENT,ANDROID,MASS,ACTIVE
SYN-U-12163,65,F,BUSINESS,25421.94,Dhaka,604,APP,ANDROID,MASS,ACTIVE
SYN-U-12164,37,F,SALARIED,26998.62,Dhaka,1096,APP,IOS,PAYROLL,ACTIVE
SYN-U-12165,24,F,HOMEMAKER,15000.0,Cumilla,1134,APP,IOS,MASS,ACTIVE
SYN-U-12166,28,M,FREELANCER,55246.51,Dhaka,1491,USSD,ANDROID,MASS,ACTIVE
SYN-U-12167,58,M,BUSINESS,78168.72,Dhaka,224,APP,IOS,MASS,ACTIVE
SYN-U-12168,71,F,BUSINESS,155389.53,Rangpur,381,APP,ANDROID,AFFLUENT,ACTIVE
SYN-U-12169,39,M,BUSINESS,54285.79,Chittagong,1633,APP,ANDROID,SME,ACTIVE
SYN-U-12170,35,M,STUDENT,19781.03,Rajshahi,453,AGENT,ANDROID,MASS,ACTIVE
SYN-U-12171,35,M,STUDENT,57238.69,Cumilla,224,BRANCH,ANDROID,AFFLUENT,ACTIVE
SYN-U-12172,32,O,FREELANCER,34137.82,Bogura,1709,APP,ANDROID,MASS,ACTIVE
SYN-U-12173,19,F,BUSINESS,80649.31,Dhaka,830,AGENT,ANDROID,MASS,ACTIVE
SYN-U-12174,23,F,BUSINESS,70816.25,Chittagong,2203,APP,ANDROID,PAYROLL,ACTIVE
SYN-U-12175,34,M,SALARIED,46556.31,Chittagong,1896,APP,ANDROID,MASS,ACTIVE
SYN-U-12176,63,F,HOMEMAKER,22451.19,Chittagong,2142,APP,ANDROID,MASS,DORMANT
SYN-U-12177,59,F,SALARIED,34026.81,Chittagong,1079,APP,ANDROID,STUDENT,ACTIVE
SYN-U-12178,66,M,SALARIED,73163.36,Dhaka,2404,APP,ANDROID,MASS,ACTIVE
SYN-U-12179,56,F,SALARIED,57246.4,Cox's Bazar,1946,BRANCH,ANDROID,MASS,ACTIVE
SYN-U-12180,29,F,SALARIED,28075.35,Dhaka,968,APP,ANDROID,STUDENT,ACTIVE
SYN-U-12181,70,M,RETIRED,33259.08,Sylhet,1291,APP,IOS,MASS,ACTIVE
SYN-U-12182,47,M,FREELANCER,154714.24,Dhaka,428,APP,ANDROID,SME,ACTIVE
SYN-U-12183,32,F,HOMEMAKER,15078.85,Chittagong,448,AGENT,ANDROID,MASS,ACTIVE
SYN-U-12184,23,F,SALARIED,38859.36,Rajshahi,2182,APP,ANDROID,PAYROLL,DORMANT
SYN-U-12185,46,F,FREELANCER,83933.92,Dhaka,640,APP,ANDROID,MASS,ACTIVE
SYN-U-12186,57,M,FREELANCER,43938.28,Rajshahi,2478,AGENT,ANDROID,MASS,DORMANT
SYN-U-12187,38,M,SALARIED,78301.56,Dhaka,2362,AGENT,ANDROID,PAYROLL,ACTIVE
SYN-U-12188,28,F,FREELANCER,49228.59,Khulna,1547,APP,ANDROID,MASS,ACTIVE
SYN-U-12189,58,F,SALARIED,75113.78,Dhaka,2416,USSD,ANDROID,AFFLUENT,ACTIVE
SYN-U-12190,18,M,SALARIED,65158.55,Gazipur,945,AGENT,ANDROID,PAYROLL,ACTIVE
SYN-U-12191,48,M,SALARIED,40927.81,Dhaka,1330,USSD,ANDROID,MASS,ACTIVE
SYN-U-12192,32,M,BUSINESS,84533.52,Dhaka,1891,APP,ANDROID,MASS,ACTIVE
SYN-U-12193,34,F,RETIRED,70591.8,Khulna,2260,APP,ANDROID,SME,ACTIVE
SYN-U-12194,26,F,SALARIED,40111.46,Dhaka,1872,AGENT,ANDROID,MASS,ACTIVE
SYN-U-12195,51,M,FREELANCER,116079.94,Gazipur,325,APP,IOS,SME,ACTIVE
SYN-U-12196,57,F,SALARIED,47717.56,Rajshahi,1400,APP,ANDROID,MASS,ACTIVE
SYN-U-12197,25,F,SALARIED,86209.41,Bogura,407,AGENT,IOS,MASS,ACTIVE
SYN-U-12198,23,M,STUDENT,16536.35,Sylhet,2462,BRANCH,ANDROID,MASS,ACTIVE
SYN-U-12199,19,M,BUSINESS,219397.1,Dhaka,430,AGENT,ANDROID,AFFLUENT,ACTIVE
SYN-U-12200,25,M,SALARIED,54181.55,Chittagong,343,AGENT,ANDROID,MASS,ACTIVE
SYN-U-12201,18,F,BUSINESS,35654.82,Chittagong,2212,APP,ANDROID,MASS,ACTIVE
SYN-U-12202,20,M,BUSINESS,38649.4,Chittagong,1172,APP,ANDROID,MASS,DORMANT
SYN-U-12203,47,M,FREELANCER,76311.71,Chittagong,111,BRANCH,ANDROID,MASS,ACTIVE
SYN-U-12204,18,M,BUSINESS,38819.66,Chittagong,2458,APP,ANDROID,STUDENT,ACTIVE
SYN-U-12205,33,F,SALARIED,58289.51,Gazipur,2055,AGENT,ANDROID,STUDENT,ACTIVE
SYN-U-12206,70,F,STUDENT,21916.97,Dhaka,2250,APP,IOS,MASS,ACTIVE
SYN-U-12207,19,F,BUSINESS,241182.12,Chittagong,512,APP,IOS,AFFLUENT,ACTIVE
SYN-U-12208,68,F,BUSINESS,91125.82,Cumilla,739,APP,ANDROID,MASS,ACTIVE
SYN-U-12209,27,M,FREELANCER,102391.83,Barishal,1540,BRANCH,ANDROID,SME,ACTIVE
SYN-U-12210,20,F,BUSINESS,52574.76,Sylhet,322,APP,IOS,MASS,ACTIVE
SYN-U-12211,62,M,SALARIED,29661.64,Rajshahi,2266,APP,ANDROID,MASS,ACTIVE
SYN-U-12212,48,F,STUDENT,20545.17,Sylhet,2290,APP,ANDROID,MASS,ACTIVE
SYN-U-12213,63,F,HOMEMAKER,15000.0,Cumilla,2494,APP,ANDROID,MASS,ACTIVE
SYN-U-12214,63,M,SALARIED,47273.94,Dhaka,129,USSD,ANDROID,MASS,ACTIVE
SYN-U-12215,68,M,BUSINESS,140884.62,Rajshahi,1944,AGENT,ANDROID,AFFLUENT,ACTIVE
SYN-U-12216,64,F,BUSINESS,55672.23,Sylhet,1476,APP,ANDROID,MASS,ACTIVE
SYN-U-12217,39,F,SALARIED,55997.87,Chittagong,285,AGENT,ANDROID,MASS,ACTIVE
SYN-U-12218,44,M,BUSINESS,75618.35,Dhaka,1532,APP,ANDROID,MASS,ACTIVE
SYN-U-12219,33,F,FREELANCER,157592.27,Cumilla,314,APP,ANDROID,AFFLUENT,ACTIVE
SYN-U-12220,35,M,STUDENT,27368.44,Dhaka,369,BRANCH,ANDROID,SME,ACTIVE
SYN-U-12221,54,F,SALARIED,59447.38,Dhaka,869,AGENT,ANDROID,MASS,DORMANT
SYN-U-12222,21,F,FREELANCER,55527.31,Cumilla,826,APP,ANDROID,MASS,ACTIVE
SYN-U-12223,37,M,SALARIED,58424.28,Dhaka,986,USSD,ANDROID,SME,ACTIVE
SYN-U-12224,23,F,SALARIED,40615.33,Chittagong,2356,APP,ANDROID,MASS,ACTIVE
SYN-U-12225,43,F,SALARIED,37557.6,Sylhet,2111,APP,ANDROID,MASS,ACTIVE
SYN-U-12226,56,F,BUSINESS,25124.83,Dhaka,2307,BRANCH,ANDROID,MASS,ACTIVE
SYN-U-12227,41,M,BUSINESS,96557.65,Khulna,2112,APP,ANDROID,SME,ACTIVE
SYN-U-12228,49,M,STUDENT,15000.0,Rajshahi,1939,APP,IOS,STUDENT,ACTIVE
SYN-U-12229,26,F,BUSINESS,96833.72,Khulna,1443,APP,ANDROID,MASS,ACTIVE
SYN-U-12230,47,F,BUSINESS,205597.0,Chittagong,1270,APP,ANDROID,SME,ACTIVE
SYN-U-12231,25,M,STUDENT,28029.27,Dhaka,1378,APP,ANDROID,MASS,ACTIVE
SYN-U-12232,31,M,SALARIED,41644.98,Cumilla,1000,AGENT,ANDROID,MASS,ACTIVE
SYN-U-12233,23,F,SALARIED,30903.78,Rangpur,845,APP,ANDROID,MASS,ACTIVE
SYN-U-12234,46,M,BUSINESS,135108.87,Chittagong,997,APP,ANDROID,SME,ACTIVE
SYN-U-12235,59,M,STUDENT,15000.0,Cumilla,33,AGENT,ANDROID,MASS,ACTIVE
SYN-U-12236,39,M,BUSINESS,84933.52,Jessore,1181,APP,ANDROID,AFFLUENT,ACTIVE
SYN-U-12237,64,M,FREELANCER,50686.0,Dhaka,573,APP,ANDROID,STUDENT,ACTIVE
SYN-U-12238,42,M,SALARIED,26850.46,Gazipur,517,AGENT,ANDROID,MASS,ACTIVE
SYN-U-12239,41,F,SALARIED,59233.12,Dhaka,1435,APP,IOS,MASS,ACTIVE
SYN-U-12240,57,F,RETIRED,30919.51,Dhaka,563,AGENT,ANDROID,MASS,ACTIVE
SYN-U-12241,56,F,SALARIED,43780.34,Barishal,945,AGENT,ANDROID,PAYROLL,ACTIVE
SYN-U-12242,44,M,SALARIED,57770.68,Dhaka,903,APP,ANDROID,STUDENT,ACTIVE
SYN-U-12243,33,F,BUSINESS,80406.07,Sylhet,540,APP,ANDROID,MASS,ACTIVE
SYN-U-12244,58,F,SALARIED,39963.45,Khulna,1769,AGENT,ANDROID,MASS,ACTIVE
SYN-U-12245,50,F,FREELANCER,63102.67,Sylhet,678,APP,ANDROID,MASS,ACTIVE
SYN-U-12246,20,F,FREELANCER,39141.86,Dhaka,751,APP,ANDROID,MASS,ACTIVE
SYN-U-12247,26,F,SALARIED,67795.03,Dhaka,395,APP,ANDROID,MASS,ACTIVE
SYN-U-12248,51,F,BUSINESS,44446.14,Khulna,2379,APP,ANDROID,MASS,ACTIVE
SYN-U-12249,43,M,STUDENT,24009.51,Chittagong,1842,USSD,ANDROID,MASS,ACTIVE
SYN-U-12250,69,F,BUSINESS,38811.01,Dhaka,1488,APP,ANDROID,MASS,ACTIVE
SYN-U-12251,20,F,FREELANCER,63980.35,Sylhet,2260,APP,ANDROID,STUDENT,ACTIVE
SYN-U-12252,42,F,STUDENT,15309.35,Gazipur,481,AGENT,ANDROID,MASS,ACTIVE
SYN-U-12253,66,M,STUDENT,21963.32,Sylhet,1881,BRANCH,ANDROID,MASS,ACTIVE
SYN-U-12254,27,F,SALARIED,43691.16,Dhaka,1934,APP,FEATURE_PHONE,STUDENT,ACTIVE
SYN-U-12255,64,F,SALARIED,64773.08,Cumilla,2360,BRANCH,ANDROID,PAYROLL,ACTIVE
SYN-U-12256,36,M,SALARIED,44149.37,Jessore,485,APP,ANDROID,MASS,ACTIVE
SYN-U-12257,50,M,BUSINESS,85990.91,Chittagong,1277,AGENT,ANDROID,MASS,ACTIVE
SYN-U-12258,55,M,BUSINESS,15000.0,Dhaka,216,APP,ANDROID,STUDENT,ACTIVE
SYN-U-12259,20,M,SALARIED,120868.17,Sylhet,2270,APP,ANDROID,SME,ACTIVE
SYN-U-12260,54,M,HOMEMAKER,15000.0,Sylhet,2262,BRANCH,ANDROID,MASS,ACTIVE
SYN-U-12261,44,M,SALARIED,68867.88,Dhaka,291,APP,ANDROID,SME,ACTIVE
SYN-U-12262,50,F,RETIRED,94034.76,Dhaka,1929,AGENT,ANDROID,AFFLUENT,DORMANT
SYN-U-12263,69,M,SALARIED,54246.72,Rangpur,235,APP,ANDROID,MASS,ACTIVE
SYN-U-12264,38,F,BUSINESS,71156.9,Sylhet,260,APP,ANDROID,MASS,ACTIVE
SYN-U-12265,61,F,HOMEMAKER,15000.0,Cox's Bazar,2031,APP,IOS,MASS,ACTIVE
SYN-U-12266,48,F,SALARIED,46698.32,Rajshahi,1411,APP,ANDROID,MASS,ACTIVE
SYN-U-12267,22,M,SALARIED,38514.41,Dhaka,1599,APP,ANDROID,STUDENT,ACTIVE
SYN-U-12268,69,F,SALARIED,184066.33,Rajshahi,1259,APP,ANDROID,AFFLUENT,ACTIVE
SYN-U-12269,65,O,STUDENT,15389.68,Bogura,246,APP,ANDROID,PAYROLL,ACTIVE
SYN-U-12270,34,F,SALARIED,77261.9,Dhaka,2383,APP,ANDROID,MASS,ACTIVE
SYN-U-12271,41,M,STUDENT,21641.17,Sylhet,1165,APP,IOS,MASS,ACTIVE
SYN-U-12272,26,F,SALARIED,59211.45,Chittagong,1849,APP,ANDROID,MASS,ACTIVE
SYN-U-12273,60,M,STUDENT,15000.0,Chittagong,1906,APP,IOS,MASS,ACTIVE
SYN-U-12274,36,F,SALARIED,107126.88,Dhaka,1978,AGENT,ANDROID,AFFLUENT,ACTIVE
SYN-U-12275,23,M,SALARIED,30426.08,Gazipur,1952,APP,ANDROID,SME,ACTIVE
SYN-U-12276,60,M,SALARIED,48874.5,Mymensingh,2051,APP,ANDROID,MASS,ACTIVE
SYN-U-12277,42,F,SALARIED,28545.25,Rajshahi,878,AGENT,ANDROID,SME,ACTIVE
SYN-U-12278,31,M,FREELANCER,60043.79,Chittagong,1459,APP,IOS,MASS,ACTIVE
SYN-U-12279,68,M,STUDENT,31368.24,Gazipur,2332,APP,ANDROID,AFFLUENT,ACTIVE
SYN-U-12280,35,M,HOMEMAKER,55462.5,Khulna,1196,AGENT,ANDROID,AFFLUENT,ACTIVE
SYN-U-12281,40,M,HOMEMAKER,21804.99,Gazipur,691,APP,ANDROID,MASS,ACTIVE
SYN-U-12282,53,F,SALARIED,54464.55,Dhaka,1670,AGENT,ANDROID,MASS,ACTIVE
SYN-U-12283,44,M,BUSINESS,62002.86,Rangpur,778,AGENT,ANDROID,MASS,ACTIVE
SYN-U-12284,43,F,HOMEMAKER,21832.65,Dhaka,2295,APP,ANDROID,MASS,ACTIVE
SYN-U-12285,45,M,FREELANCER,92886.86,Khulna,587,AGENT,ANDROID,AFFLUENT,ACTIVE
SYN-U-12286,19,M,BUSINESS,29121.16,Chittagong,55,APP,ANDROID,MASS,ACTIVE
SYN-U-12287,23,F,HOMEMAKER,57754.9,Dhaka,907,APP,ANDROID,AFFLUENT,ACTIVE
SYN-U-12288,22,F,SALARIED,67895.85,Barishal,1932,AGENT,ANDROID,MASS,ACTIVE
SYN-U-12289,66,M,FREELANCER,39264.48,Chittagong,2171,APP,ANDROID,MASS,ACTIVE
SYN-U-12290,25,F,SALARIED,48125.61,Chittagong,1873,APP,IOS,MASS,ACTIVE
SYN-U-12291,35,F,BUSINESS,97890.96,Rajshahi,1176,BRANCH,ANDROID,MASS,ACTIVE
SYN-U-12292,24,M,BUSINESS,74015.6,Chittagong,1011,APP,ANDROID,STUDENT,ACTIVE
SYN-U-12293,68,F,SALARIED,41782.88,Khulna,1346,APP,ANDROID,STUDENT,ACTIVE
SYN-U-12294,50,M,SALARIED,60835.32,Dhaka,533,APP,ANDROID,PAYROLL,ACTIVE
SYN-U-12295,65,F,HOMEMAKER,17570.77,Gazipur,418,APP,ANDROID,MASS,ACTIVE
SYN-U-12296,45,F,BUSINESS,78904.56,Sylhet,1251,USSD,ANDROID,PAYROLL,ACTIVE
SYN-U-12297,34,O,SALARIED,34272.47,Dhaka,1210,APP,ANDROID,MASS,ACTIVE
SYN-U-12298,37,F,SALARIED,40565.57,Dhaka,1650,USSD,ANDROID,MASS,ACTIVE
SYN-U-12299,47,M,STUDENT,28894.96,Dhaka,2262,BRANCH,ANDROID,AFFLUENT,ACTIVE
SYN-U-12300,37,F,SALARIED,52043.72,Barishal,926,BRANCH,IOS,MASS,ACTIVE
SYN-U-12301,35,M,SALARIED,51028.03,Dhaka,806,AGENT,ANDROID,MASS,ACTIVE
SYN-U-12302,59,M,SALARIED,74010.97,Chittagong,1002,APP,IOS,PAYROLL,ACTIVE
SYN-U-12303,68,F,BUSINESS,61150.16,Dhaka,278,AGENT,ANDROID,MASS,ACTIVE
SYN-U-12304,21,M,SALARIED,57680.86,Dhaka,424,BRANCH,IOS,MASS,ACTIVE
SYN-U-12305,35,F,BUSINESS,154086.71,Dhaka,449,BRANCH,IOS,AFFLUENT,ACTIVE
SYN-U-12306,38,M,SALARIED,58902.98,Khulna,1425,APP,ANDROID,AFFLUENT,ACTIVE
SYN-U-12307,62,F,SALARIED,134849.86,Khulna,146,AGENT,ANDROID,AFFLUENT,ACTIVE
SYN-U-12308,58,F,BUSINESS,54669.96,Dhaka,2229,APP,ANDROID,MASS,ACTIVE
SYN-U-12309,28,M,BUSINESS,20649.19,Dhaka,743,AGENT,ANDROID,MASS,ACTIVE
SYN-U-12310,70,F,BUSINESS,15000.0,Dhaka,1741,AGENT,ANDROID,AFFLUENT,ACTIVE
SYN-U-12311,67,F,RETIRED,66687.68,Mymensingh,535,APP,ANDROID,AFFLUENT,ACTIVE
SYN-U-12312,41,F,RETIRED,22126.12,Dhaka,980,APP,ANDROID,MASS,ACTIVE
SYN-U-12313,66,M,SALARIED,51653.85,Sylhet,1311,AGENT,ANDROID,MASS,ACTIVE
SYN-U-12314,55,F,BUSINESS,103566.0,Rajshahi,1042,APP,ANDROID,SME,ACTIVE
SYN-U-12315,59,F,HOMEMAKER,21575.52,Chittagong,406,APP,FEATURE_PHONE,MASS,ACTIVE
SYN-U-12316,19,M,FREELANCER,56863.55,Khulna,1463,APP,FEATURE_PHONE,MASS,ACTIVE
SYN-U-12317,18,F,FREELANCER,45440.86,Mymensingh,1426,USSD,IOS,MASS,ACTIVE
SYN-U-12318,63,F,STUDENT,39557.85,Chittagong,674,APP,IOS,AFFLUENT,ACTIVE
SYN-U-12319,55,F,STUDENT,19056.61,Chittagong,1096,APP,ANDROID,MASS,ACTIVE
SYN-U-12320,24,F,SALARIED,84226.29,Chittagong,493,APP,ANDROID,SME,ACTIVE
SYN-U-12321,54,M,SALARIED,59393.21,Barishal,1513,APP,IOS,MASS,ACTIVE
SYN-U-12322,20,F,SALARIED,45268.52,Gazipur,908,AGENT,ANDROID,MASS,ACTIVE
SYN-U-12323,68,M,SALARIED,51198.43,Khulna,1075,AGENT,ANDROID,MASS,ACTIVE
SYN-U-12324,23,F,STUDENT,15185.94,Sylhet,2305,APP,ANDROID,MASS,ACTIVE
SYN-U-12325,40,M,BUSINESS,29994.66,Mymensingh,292,APP,FEATURE_PHONE,MASS,ACTIVE
SYN-U-12326,65,M,SALARIED,47221.55,Dhaka,1528,APP,ANDROID,STUDENT,ACTIVE
SYN-U-12327,38,M,FREELANCER,103003.0,Dhaka,1065,APP,ANDROID,AFFLUENT,ACTIVE
SYN-U-12328,32,M,BUSINESS,66221.36,Chittagong,1745,APP,ANDROID,MASS,ACTIVE
SYN-U-12329,41,F,FREELANCER,81750.12,Rajshahi,496,APP,ANDROID,AFFLUENT,ACTIVE
SYN-U-12330,57,F,SALARIED,57157.54,Chittagong,1601,AGENT,ANDROID,MASS,ACTIVE
SYN-U-12331,26,M,BUSINESS,94367.88,Dhaka,2122,APP,ANDROID,MASS,ACTIVE
SYN-U-12332,46,F,STUDENT,18318.57,Khulna,989,AGENT,ANDROID,STUDENT,ACTIVE
SYN-U-12333,56,F,BUSINESS,83613.2,Chittagong,1013,AGENT,ANDROID,STUDENT,ACTIVE
SYN-U-12334,52,F,FREELANCER,53736.05,Gazipur,1125,AGENT,IOS,MASS,ACTIVE
SYN-U-12335,23,F,SALARIED,63624.07,Rajshahi,2270,APP,ANDROID,SME,ACTIVE
SYN-U-12336,25,F,SALARIED,32484.93,Khulna,625,AGENT,ANDROID,STUDENT,ACTIVE
SYN-U-12337,62,F,HOMEMAKER,26140.03,Dhaka,41,APP,ANDROID,STUDENT,ACTIVE
SYN-U-12338,62,F,FREELANCER,44496.43,Sylhet,1977,AGENT,ANDROID,STUDENT,ACTIVE
SYN-U-12339,48,F,SALARIED,55444.28,Gazipur,2448,AGENT,IOS,MASS,ACTIVE
SYN-U-12340,40,F,BUSINESS,31505.35,Dhaka,973,APP,ANDROID,MASS,ACTIVE
SYN-U-12341,31,F,BUSINESS,81003.92,Rajshahi,43,AGENT,ANDROID,MASS,ACTIVE
SYN-U-12342,56,F,STUDENT,24320.16,Narayanganj,1266,APP,FEATURE_PHONE,SME,ACTIVE
SYN-U-12343,51,F,BUSINESS,97473.23,Sylhet,114,APP,ANDROID,AFFLUENT,ACTIVE
SYN-U-12344,25,F,BUSINESS,54199.82,Khulna,1602,APP,ANDROID,SME,ACTIVE
SYN-U-12345,22,M,SALARIED,46860.39,Chittagong,366,APP,ANDROID,MASS,ACTIVE
SYN-U-12346,29,M,SALARIED,106154.39,Chittagong,2484,BRANCH,IOS,AFFLUENT,ACTIVE
SYN-U-12347,41,M,FREELANCER,50335.29,Barishal,171,APP,ANDROID,STUDENT,ACTIVE
SYN-U-12348,31,M,BUSINESS,23836.48,Sylhet,371,APP,ANDROID,MASS,ACTIVE
SYN-U-12349,68,F,BUSINESS,32902.99,Sylhet,1869,APP,ANDROID,STUDENT,ACTIVE
SYN-U-12350,68,M,SALARIED,118912.72,Dhaka,2384,AGENT,ANDROID,AFFLUENT,ACTIVE
SYN-U-12351,46,F,RETIRED,41253.95,Gazipur,1315,APP,FEATURE_PHONE,PAYROLL,ACTIVE
SYN-U-12352,64,F,SALARIED,39517.78,Dhaka,1095,AGENT,ANDROID,PAYROLL,ACTIVE
SYN-U-12353,48,M,BUSINESS,91411.8,Dhaka,256,AGENT,IOS,SME,ACTIVE
SYN-U-12354,41,M,FREELANCER,127991.25,Sylhet,1532,APP,ANDROID,SME,ACTIVE
SYN-U-12355,45,F,RETIRED,18293.21,Chittagong,655,APP,ANDROID,MASS,ACTIVE
SYN-U-12356,45,M,BUSINESS,249843.43,Khulna,1668,USSD,ANDROID,AFFLUENT,ACTIVE
SYN-U-12357,32,F,BUSINESS,55955.62,Chittagong,965,APP,ANDROID,MASS,ACTIVE
SYN-U-12358,44,M,SALARIED,53893.78,Dhaka,290,AGENT,ANDROID,MASS,ACTIVE
SYN-U-12359,37,M,BUSINESS,189883.59,Dhaka,1934,APP,ANDROID,AFFLUENT,ACTIVE
SYN-U-12360,62,M,SALARIED,96925.97,Dhaka,1445,BRANCH,IOS,SME,ACTIVE
SYN-U-12361,52,M,STUDENT,15000.0,Mymensingh,1005,APP,IOS,MASS,ACTIVE
SYN-U-12362,20,M,SALARIED,54445.74,Sylhet,448,BRANCH,ANDROID,SME,ACTIVE
SYN-U-12363,39,F,SALARIED,98380.42,Gazipur,413,APP,IOS,AFFLUENT,ACTIVE
SYN-U-12364,50,F,SALARIED,65496.31,Dhaka,1190,APP,ANDROID,AFFLUENT,ACTIVE
SYN-U-12365,25,M,BUSINESS,69364.49,Rajshahi,2285,APP,ANDROID,MASS,ACTIVE
SYN-U-12366,44,F,BUSINESS,35775.1,Sylhet,2474,APP,IOS,STUDENT,ACTIVE
SYN-U-12367,47,M,RETIRED,46005.95,Rajshahi,531,APP,ANDROID,AFFLUENT,ACTIVE
SYN-U-12368,30,M,SALARIED,63692.79,Dhaka,2338,USSD,ANDROID,MASS,ACTIVE
SYN-U-12369,49,M,SALARIED,55672.97,Gazipur,2203,APP,ANDROID,PAYROLL,ACTIVE
SYN-U-12370,25,M,SALARIED,43896.61,Cumilla,1744,APP,IOS,MASS,ACTIVE
SYN-U-12371,69,M,HOMEMAKER,15000.0,Chittagong,2047,BRANCH,ANDROID,MASS,ACTIVE
SYN-U-12372,62,M,BUSINESS,130143.12,Cumilla,2177,AGENT,ANDROID,AFFLUENT,ACTIVE
SYN-U-12373,59,F,SALARIED,43333.06,Cox's Bazar,393,APP,ANDROID,MASS,ACTIVE
SYN-U-12374,55,M,BUSINESS,33293.21,Cumilla,1861,AGENT,ANDROID,MASS,ACTIVE
SYN-U-12375,18,F,SALARIED,57550.87,Chittagong,1840,APP,ANDROID,MASS,ACTIVE
SYN-U-12376,21,F,BUSINESS,84640.22,Rajshahi,1910,APP,ANDROID,MASS,ACTIVE
SYN-U-12377,22,F,STUDENT,24307.02,Khulna,1972,APP,ANDROID,MASS,ACTIVE
SYN-U-12378,50,F,SALARIED,89853.43,Rangpur,1146,AGENT,ANDROID,AFFLUENT,DORMANT
SYN-U-12379,34,F,HOMEMAKER,17458.53,Dhaka,127,APP,IOS,MASS,ACTIVE
SYN-U-12380,54,F,BUSINESS,52463.4,Gazipur,802,APP,ANDROID,MASS,ACTIVE
SYN-U-12381,47,F,SALARIED,71049.41,Chittagong,1523,APP,ANDROID,MASS,DORMANT
SYN-U-12382,71,F,RETIRED,15000.0,Dhaka,854,AGENT,ANDROID,MASS,ACTIVE
SYN-U-12383,51,M,SALARIED,33297.78,Dhaka,131,APP,ANDROID,MASS,DORMANT
SYN-U-12384,66,M,SALARIED,44554.25,Gazipur,2491,APP,ANDROID,PAYROLL,ACTIVE
SYN-U-12385,71,M,BUSINESS,35445.03,Khulna,1548,APP,ANDROID,STUDENT,ACTIVE
SYN-U-12386,30,M,FREELANCER,59654.01,Dhaka,1290,APP,ANDROID,MASS,ACTIVE
SYN-U-12387,45,M,BUSINESS,16586.06,Chittagong,1205,AGENT,FEATURE_PHONE,STUDENT,ACTIVE
SYN-U-12388,44,F,SALARIED,39843.31,Chittagong,915,APP,ANDROID,MASS,ACTIVE
SYN-U-12389,64,F,BUSINESS,36941.56,Dhaka,1625,APP,ANDROID,STUDENT,ACTIVE
SYN-U-12390,20,F,BUSINESS,131681.24,Narayanganj,1339,APP,ANDROID,SME,ACTIVE
SYN-U-12391,59,M,RETIRED,88179.78,Chittagong,957,BRANCH,ANDROID,AFFLUENT,ACTIVE
SYN-U-12392,39,F,SALARIED,57606.92,Cumilla,523,BRANCH,IOS,MASS,ACTIVE
SYN-U-12393,52,F,SALARIED,36891.43,Khulna,445,AGENT,ANDROID,STUDENT,ACTIVE
SYN-U-12394,25,F,BUSINESS,76463.51,Rajshahi,957,APP,ANDROID,MASS,ACTIVE
SYN-U-12395,30,F,BUSINESS,108434.57,Chittagong,594,AGENT,ANDROID,SME,ACTIVE
SYN-U-12396,58,M,BUSINESS,15000.0,Dhaka,245,APP,ANDROID,STUDENT,ACTIVE
SYN-U-12397,38,O,SALARIED,69617.28,Khulna,2129,APP,ANDROID,MASS,ACTIVE
SYN-U-12398,66,M,SALARIED,51115.73,Chittagong,2429,APP,ANDROID,PAYROLL,ACTIVE
SYN-U-12399,41,F,BUSINESS,106024.07,Chittagong,1676,APP,ANDROID,SME,ACTIVE
SYN-U-12400,53,F,SALARIED,36434.01,Mymensingh,2427,AGENT,ANDROID,MASS,ACTIVE
SYN-U-12401,32,F,SALARIED,30894.84,Chittagong,1996,APP,IOS,MASS,ACTIVE
SYN-U-12402,45,M,FREELANCER,45899.34,Gazipur,1828,APP,ANDROID,MASS,ACTIVE
SYN-U-12403,43,F,SALARIED,82116.04,Khulna,1884,APP,ANDROID,MASS,ACTIVE
SYN-U-12404,69,M,SALARIED,36168.17,Dhaka,1339,AGENT,FEATURE_PHONE,MASS,ACTIVE
SYN-U-12405,51,M,SALARIED,35299.09,Mymensingh,657,AGENT,ANDROID,MASS,ACTIVE
SYN-U-12406,22,M,BUSINESS,79084.29,Rangpur,1641,APP,ANDROID,MASS,ACTIVE
SYN-U-12407,23,F,SALARIED,63035.75,Rangpur,512,APP,ANDROID,MASS,RESTRICTED
SYN-U-12408,54,M,BUSINESS,29000.14,Sylhet,958,APP,ANDROID,PAYROLL,ACTIVE
SYN-U-12409,19,M,SALARIED,87387.86,Dhaka,1767,APP,ANDROID,SME,ACTIVE
SYN-U-12410,64,M,HOMEMAKER,59649.18,Dhaka,736,BRANCH,ANDROID,AFFLUENT,ACTIVE
SYN-U-12411,48,F,FREELANCER,39694.63,Sylhet,124,AGENT,ANDROID,STUDENT,ACTIVE
SYN-U-12412,38,M,STUDENT,19773.49,Gazipur,1534,APP,ANDROID,PAYROLL,ACTIVE
SYN-U-12413,37,M,SALARIED,55336.27,Sylhet,2294,APP,ANDROID,MASS,ACTIVE
SYN-U-12414,18,M,BUSINESS,82259.74,Khulna,251,USSD,ANDROID,MASS,ACTIVE
SYN-U-12415,62,M,SALARIED,48053.54,Dhaka,1017,APP,ANDROID,SME,ACTIVE
SYN-U-12416,47,M,FREELANCER,73833.83,Rajshahi,721,APP,ANDROID,AFFLUENT,ACTIVE
SYN-U-12417,61,M,SALARIED,48291.57,Chittagong,972,APP,ANDROID,MASS,ACTIVE
SYN-U-12418,36,M,SALARIED,61635.66,Chittagong,1658,APP,ANDROID,MASS,ACTIVE
SYN-U-12419,26,O,BUSINESS,50584.55,Chittagong,1414,BRANCH,ANDROID,STUDENT,ACTIVE
SYN-U-12420,32,M,SALARIED,48857.71,Narayanganj,1223,APP,ANDROID,MASS,ACTIVE
SYN-U-12421,59,F,STUDENT,16437.69,Chittagong,2491,APP,ANDROID,STUDENT,ACTIVE
SYN-U-12422,48,M,STUDENT,15000.0,Dhaka,724,APP,ANDROID,MASS,ACTIVE
SYN-U-12423,20,F,SALARIED,49666.26,Barishal,1506,APP,IOS,MASS,ACTIVE
SYN-U-12424,54,M,BUSINESS,47545.49,Dhaka,810,APP,ANDROID,MASS,ACTIVE
SYN-U-12425,50,M,STUDENT,15000.0,Jessore,1445,APP,ANDROID,STUDENT,ACTIVE
SYN-U-12426,18,M,BUSINESS,79316.63,Dhaka,190,AGENT,ANDROID,MASS,ACTIVE
SYN-U-12427,50,F,BUSINESS,76791.54,Dhaka,1454,APP,ANDROID,MASS,ACTIVE
SYN-U-12428,71,M,BUSINESS,116161.44,Chittagong,2120,USSD,ANDROID,SME,ACTIVE
SYN-U-12429,42,F,SALARIED,144535.09,Sylhet,467,APP,ANDROID,AFFLUENT,ACTIVE
SYN-U-12430,65,F,FREELANCER,34514.22,Dhaka,2056,APP,IOS,STUDENT,ACTIVE
SYN-U-12431,31,F,BUSINESS,131399.11,Chittagong,1278,APP,ANDROID,SME,ACTIVE
SYN-U-12432,41,M,SALARIED,36033.49,Barishal,2401,APP,ANDROID,PAYROLL,ACTIVE
SYN-U-12433,45,F,SALARIED,113007.33,Dhaka,707,APP,ANDROID,SME,ACTIVE
SYN-U-12434,32,F,BUSINESS,26602.28,Sylhet,797,AGENT,IOS,MASS,ACTIVE
SYN-U-12435,64,F,RETIRED,25261.93,Chittagong,830,AGENT,ANDROID,MASS,ACTIVE
SYN-U-12436,23,F,SALARIED,33856.44,Dhaka,1002,AGENT,IOS,PAYROLL,ACTIVE
SYN-U-12437,60,M,STUDENT,16470.21,Mymensingh,177,APP,IOS,MASS,ACTIVE
SYN-U-12438,49,F,SALARIED,43579.89,Jessore,2250,USSD,ANDROID,PAYROLL,ACTIVE
SYN-U-12439,61,O,STUDENT,17615.93,Chittagong,1448,APP,ANDROID,MASS,ACTIVE
SYN-U-12440,27,F,BUSINESS,37719.84,Chittagong,127,APP,IOS,STUDENT,ACTIVE
SYN-U-12441,27,M,FREELANCER,27628.38,Dhaka,2497,APP,IOS,STUDENT,ACTIVE
SYN-U-12442,25,M,HOMEMAKER,15000.0,Cumilla,1773,AGENT,ANDROID,MASS,ACTIVE
SYN-U-12443,42,M,SALARIED,45772.25,Dhaka,391,BRANCH,ANDROID,MASS,ACTIVE
SYN-U-12444,50,M,FREELANCER,54771.57,Rajshahi,2042,APP,ANDROID,SME,ACTIVE
SYN-U-12445,42,F,BUSINESS,83723.85,Sylhet,604,AGENT,ANDROID,MASS,ACTIVE
SYN-U-12446,23,F,SALARIED,23154.07,Barishal,1211,APP,ANDROID,AFFLUENT,ACTIVE
SYN-U-12447,71,F,SALARIED,113499.84,Chittagong,1146,APP,ANDROID,AFFLUENT,ACTIVE
SYN-U-12448,39,M,HOMEMAKER,25991.99,Dhaka,300,APP,FEATURE_PHONE,SME,ACTIVE
SYN-U-12449,46,F,BUSINESS,170204.08,Dhaka,300,AGENT,IOS,AFFLUENT,ACTIVE
SYN-U-12450,29,M,BUSINESS,53819.95,Barishal,1437,APP,ANDROID,MASS,ACTIVE
SYN-U-12451,27,M,RETIRED,19729.38,Jessore,2487,APP,ANDROID,MASS,ACTIVE
SYN-U-12452,56,M,SALARIED,81200.27,Chittagong,30,APP,ANDROID,AFFLUENT,ACTIVE
SYN-U-12453,42,M,SALARIED,36364.46,Narayanganj,1739,AGENT,ANDROID,MASS,ACTIVE
SYN-U-12454,61,M,SALARIED,65886.99,Sylhet,411,APP,ANDROID,MASS,ACTIVE
SYN-U-12455,56,M,FREELANCER,161158.34,Gazipur,1075,APP,ANDROID,AFFLUENT,ACTIVE
SYN-U-12456,35,F,HOMEMAKER,56343.53,Dhaka,148,BRANCH,ANDROID,AFFLUENT,ACTIVE
SYN-U-12457,67,F,SALARIED,31265.51,Rajshahi,1726,APP,ANDROID,STUDENT,ACTIVE
SYN-U-12458,53,M,BUSINESS,30454.07,Barishal,888,AGENT,ANDROID,PAYROLL,ACTIVE
SYN-U-12459,58,F,HOMEMAKER,19405.28,Dhaka,2008,APP,ANDROID,MASS,ACTIVE
SYN-U-12460,33,F,SALARIED,32840.86,Rangpur,254,AGENT,ANDROID,MASS,ACTIVE
SYN-U-12461,54,M,BUSINESS,183128.95,Gazipur,302,APP,ANDROID,AFFLUENT,ACTIVE
SYN-U-12462,66,F,RETIRED,41432.92,Dhaka,133,APP,ANDROID,MASS,ACTIVE
SYN-U-12463,60,F,SALARIED,60227.13,Dhaka,691,AGENT,ANDROID,MASS,ACTIVE
SYN-U-12464,66,F,BUSINESS,45883.22,Chittagong,1573,BRANCH,IOS,MASS,ACTIVE
SYN-U-12465,27,M,BUSINESS,125188.74,Sylhet,237,APP,ANDROID,AFFLUENT,ACTIVE
SYN-U-12466,23,F,STUDENT,30015.44,Mymensingh,1962,APP,FEATURE_PHONE,AFFLUENT,ACTIVE
SYN-U-12467,28,M,SALARIED,76389.69,Chittagong,1385,APP,ANDROID,MASS,ACTIVE
SYN-U-12468,63,M,BUSINESS,94913.83,Dhaka,2149,APP,ANDROID,SME,ACTIVE
SYN-U-12469,40,M,FREELANCER,27551.4,Chittagong,1417,APP,ANDROID,MASS,ACTIVE
SYN-U-12470,63,F,HOMEMAKER,16474.18,Rajshahi,240,APP,ANDROID,MASS,ACTIVE
SYN-U-12471,69,M,HOMEMAKER,22032.45,Dhaka,1770,APP,IOS,MASS,ACTIVE
SYN-U-12472,59,M,BUSINESS,53577.35,Dhaka,915,APP,ANDROID,MASS,ACTIVE
SYN-U-12473,39,M,SALARIED,25114.77,Rajshahi,1109,BRANCH,ANDROID,STUDENT,ACTIVE
SYN-U-12474,29,F,BUSINESS,116716.81,Barishal,214,APP,ANDROID,SME,ACTIVE
SYN-U-12475,28,M,BUSINESS,61913.53,Gazipur,700,AGENT,ANDROID,STUDENT,ACTIVE
SYN-U-12476,43,F,SALARIED,136884.53,Chittagong,2186,APP,ANDROID,AFFLUENT,ACTIVE
SYN-U-12477,58,M,STUDENT,19041.34,Rajshahi,2017,APP,ANDROID,MASS,ACTIVE
SYN-U-12478,56,M,FREELANCER,46744.67,Mymensingh,1415,AGENT,ANDROID,MASS,ACTIVE
SYN-U-12479,63,M,BUSINESS,196096.18,Dhaka,1865,APP,ANDROID,AFFLUENT,ACTIVE
SYN-U-12480,67,M,BUSINESS,63051.66,Dhaka,309,APP,IOS,MASS,ACTIVE
SYN-U-12481,38,F,SALARIED,40626.59,Barishal,2156,USSD,IOS,MASS,ACTIVE
SYN-U-12482,24,F,SALARIED,128044.93,Dhaka,1959,BRANCH,FEATURE_PHONE,SME,ACTIVE
SYN-U-12483,49,F,SALARIED,35505.18,Rajshahi,651,AGENT,IOS,STUDENT,ACTIVE
SYN-U-12484,68,M,FREELANCER,45772.67,Gazipur,2097,APP,ANDROID,MASS,ACTIVE
SYN-U-12485,19,F,BUSINESS,42305.45,Rajshahi,2316,AGENT,ANDROID,STUDENT,ACTIVE
SYN-U-12486,46,F,SALARIED,35837.26,Jessore,238,APP,ANDROID,SME,ACTIVE
SYN-U-12487,51,F,BUSINESS,178430.57,Dhaka,1658,AGENT,ANDROID,SME,ACTIVE
SYN-U-12488,33,M,FREELANCER,62739.04,Sylhet,1338,USSD,IOS,MASS,ACTIVE
SYN-U-12489,24,M,SALARIED,59121.27,Dhaka,1385,AGENT,ANDROID,MASS,ACTIVE
SYN-U-12490,37,M,BUSINESS,88925.87,Dhaka,1651,APP,ANDROID,MASS,ACTIVE
SYN-U-12491,60,F,FREELANCER,87555.96,Barishal,946,APP,ANDROID,MASS,ACTIVE
SYN-U-12492,22,M,STUDENT,19348.73,Dhaka,1760,AGENT,IOS,STUDENT,ACTIVE
SYN-U-12493,42,F,HOMEMAKER,24307.54,Rajshahi,1923,APP,ANDROID,MASS,ACTIVE
SYN-U-12494,31,F,HOMEMAKER,15000.0,Dhaka,1217,BRANCH,IOS,PAYROLL,ACTIVE
SYN-U-12495,64,M,SALARIED,40874.04,Rajshahi,1906,AGENT,ANDROID,MASS,ACTIVE
SYN-U-12496,52,F,FREELANCER,125328.39,Khulna,2324,APP,ANDROID,SME,ACTIVE
SYN-U-12497,42,M,STUDENT,26771.63,Chittagong,241,APP,ANDROID,AFFLUENT,ACTIVE
SYN-U-12498,22,F,BUSINESS,81158.2,Chittagong,153,APP,ANDROID,MASS,ACTIVE
SYN-U-12499,46,F,SALARIED,170163.42,Dhaka,2180,APP,IOS,AFFLUENT,ACTIVE
SYN-U-12500,59,M,STUDENT,15000.0,Chittagong,1074,APP,ANDROID,SME,DORMANT
SYN-U-12501,59,M,BUSINESS,18105.79,Sylhet,1727,APP,ANDROID,MASS,ACTIVE
SYN-U-12502,24,F,STUDENT,28349.67,Chittagong,1071,APP,ANDROID,SME,ACTIVE
SYN-U-12503,19,M,BUSINESS,75211.8,Dhaka,894,BRANCH,ANDROID,MASS,ACTIVE
SYN-U-12504,55,M,SALARIED,111540.93,Chittagong,964,APP,ANDROID,AFFLUENT,ACTIVE
SYN-U-12505,42,M,BUSINESS,44743.23,Mymensingh,706,BRANCH,IOS,AFFLUENT,ACTIVE
SYN-U-12506,18,F,STUDENT,15085.22,Mymensingh,1369,APP,ANDROID,MASS,ACTIVE
SYN-U-12507,36,M,SALARIED,43264.26,Rangpur,574,APP,ANDROID,MASS,DORMANT
SYN-U-12508,68,F,BUSINESS,80101.95,Dhaka,2386,APP,ANDROID,MASS,ACTIVE
SYN-U-12509,51,M,RETIRED,40056.42,Dhaka,1376,APP,ANDROID,MASS,ACTIVE
SYN-U-12510,48,M,SALARIED,119017.78,Mymensingh,1053,APP,ANDROID,AFFLUENT,ACTIVE
SYN-U-12511,38,M,SALARIED,89195.13,Sylhet,1817,APP,ANDROID,AFFLUENT,ACTIVE
SYN-U-12512,48,M,SALARIED,81534.72,Dhaka,925,APP,ANDROID,MASS,ACTIVE
SYN-U-12513,64,M,BUSINESS,15000.0,Rangpur,701,APP,ANDROID,MASS,ACTIVE
SYN-U-12514,37,M,SALARIED,58585.7,Cox's Bazar,1944,APP,ANDROID,MASS,ACTIVE
SYN-U-12515,32,F,SALARIED,52735.24,Khulna,2493,APP,ANDROID,AFFLUENT,ACTIVE
SYN-U-12516,67,F,STUDENT,15000.0,Dhaka,2451,APP,IOS,PAYROLL,ACTIVE
SYN-U-12517,28,M,FREELANCER,137865.83,Dhaka,827,APP,ANDROID,AFFLUENT,ACTIVE
SYN-U-12518,49,F,BUSINESS,21929.08,Barishal,428,AGENT,ANDROID,PAYROLL,ACTIVE
SYN-U-12519,56,F,SALARIED,44405.27,Dhaka,2274,APP,IOS,MASS,ACTIVE
SYN-U-12520,51,M,SALARIED,39116.4,Rajshahi,2245,AGENT,ANDROID,MASS,ACTIVE
SYN-U-12521,45,M,SALARIED,44419.65,Sylhet,657,APP,ANDROID,MASS,ACTIVE
SYN-U-12522,68,F,STUDENT,35899.05,Dhaka,1583,USSD,ANDROID,AFFLUENT,ACTIVE
SYN-U-12523,20,F,BUSINESS,124195.04,Rajshahi,1736,AGENT,ANDROID,AFFLUENT,ACTIVE
SYN-U-12524,21,M,SALARIED,46799.39,Dhaka,2496,APP,ANDROID,SME,ACTIVE
SYN-U-12525,20,F,FREELANCER,69277.03,Chittagong,314,APP,ANDROID,PAYROLL,ACTIVE
SYN-U-12526,38,F,FREELANCER,166884.87,Rajshahi,729,APP,IOS,AFFLUENT,ACTIVE
SYN-U-12527,49,M,SALARIED,134945.81,Cumilla,2072,APP,ANDROID,AFFLUENT,ACTIVE
SYN-U-12528,69,F,STUDENT,22776.21,Jessore,614,APP,ANDROID,PAYROLL,ACTIVE
SYN-U-12529,60,M,BUSINESS,25409.58,Khulna,2130,APP,FEATURE_PHONE,MASS,ACTIVE
SYN-U-12530,43,F,FREELANCER,15000.0,Dhaka,2473,BRANCH,ANDROID,AFFLUENT,ACTIVE
SYN-U-12531,67,F,SALARIED,31085.81,Rajshahi,116,APP,ANDROID,MASS,ACTIVE
SYN-U-12532,69,M,STUDENT,15000.0,Dhaka,766,APP,ANDROID,MASS,ACTIVE
SYN-U-12533,69,M,FREELANCER,48026.44,Dhaka,808,APP,ANDROID,MASS,ACTIVE
SYN-U-12534,65,F,BUSINESS,38993.29,Chittagong,1135,AGENT,IOS,MASS,ACTIVE
SYN-U-12535,53,F,SALARIED,24840.17,Dhaka,461,APP,ANDROID,MASS,ACTIVE
SYN-U-12536,63,F,SALARIED,79131.52,Sylhet,1218,APP,ANDROID,SME,ACTIVE
SYN-U-12537,35,M,FREELANCER,50678.47,Rajshahi,2162,APP,ANDROID,MASS,ACTIVE
SYN-U-12538,54,M,BUSINESS,83066.8,Sylhet,1744,APP,IOS,MASS,ACTIVE
SYN-U-12539,69,F,HOMEMAKER,16409.75,Dhaka,950,USSD,ANDROID,MASS,ACTIVE
SYN-U-12540,56,F,BUSINESS,200000.99,Dhaka,233,AGENT,ANDROID,AFFLUENT,ACTIVE
SYN-U-12541,57,M,HOMEMAKER,15000.0,Dhaka,2242,BRANCH,ANDROID,MASS,ACTIVE
SYN-U-12542,55,M,HOMEMAKER,15663.71,Dhaka,761,AGENT,ANDROID,MASS,ACTIVE
SYN-U-12543,40,M,SALARIED,61880.86,Rangpur,2248,APP,ANDROID,MASS,ACTIVE
SYN-U-12544,28,M,SALARIED,168841.71,Khulna,2106,APP,ANDROID,AFFLUENT,ACTIVE
SYN-U-12545,59,F,SALARIED,67964.02,Chittagong,727,APP,ANDROID,MASS,ACTIVE
SYN-U-12546,39,F,SALARIED,67182.19,Dhaka,1607,AGENT,ANDROID,SME,ACTIVE
SYN-U-12547,69,F,SALARIED,33430.75,Rangpur,1165,APP,ANDROID,MASS,ACTIVE
SYN-U-12548,20,M,SALARIED,26214.7,Chittagong,1769,APP,ANDROID,PAYROLL,ACTIVE
SYN-U-12549,26,M,STUDENT,25838.34,Dhaka,1432,AGENT,ANDROID,AFFLUENT,ACTIVE
SYN-U-12550,28,F,SALARIED,64682.69,Dhaka,823,AGENT,ANDROID,MASS,ACTIVE
SYN-U-12551,65,F,SALARIED,63198.32,Dhaka,1155,AGENT,ANDROID,MASS,ACTIVE
SYN-U-12552,37,M,FREELANCER,65181.33,Dhaka,817,BRANCH,ANDROID,MASS,ACTIVE
SYN-U-12553,40,F,SALARIED,66814.46,Rajshahi,314,APP,ANDROID,MASS,ACTIVE
SYN-U-12554,51,M,RETIRED,95131.7,Gazipur,2411,AGENT,ANDROID,AFFLUENT,ACTIVE
SYN-U-12555,67,F,SALARIED,69830.68,Dhaka,1507,APP,ANDROID,SME,ACTIVE
SYN-U-12556,64,F,BUSINESS,104466.44,Gazipur,1045,AGENT,ANDROID,SME,ACTIVE
SYN-U-12557,37,F,SALARIED,73119.62,Mymensingh,2421,BRANCH,ANDROID,MASS,ACTIVE
SYN-U-12558,30,M,SALARIED,65740.97,Mymensingh,1774,AGENT,ANDROID,AFFLUENT,ACTIVE
SYN-U-12559,54,M,BUSINESS,83660.76,Rangpur,2166,APP,ANDROID,AFFLUENT,ACTIVE
SYN-U-12560,60,F,STUDENT,17720.78,Dhaka,907,USSD,ANDROID,MASS,ACTIVE
SYN-U-12561,34,F,STUDENT,18828.29,Chittagong,1446,APP,IOS,MASS,ACTIVE
SYN-U-12562,33,F,SALARIED,37047.61,Cumilla,1378,BRANCH,ANDROID,MASS,ACTIVE
SYN-U-12563,56,F,STUDENT,17500.12,Dhaka,1090,APP,IOS,MASS,ACTIVE
SYN-U-12564,48,F,HOMEMAKER,15000.0,Barishal,794,AGENT,ANDROID,MASS,ACTIVE
SYN-U-12565,47,F,SALARIED,24672.64,Mymensingh,1854,APP,ANDROID,PAYROLL,ACTIVE
SYN-U-12566,40,M,FREELANCER,15000.0,Chittagong,1866,APP,ANDROID,MASS,ACTIVE
SYN-U-12567,25,M,SALARIED,80426.43,Rangpur,1784,APP,ANDROID,SME,ACTIVE
SYN-U-12568,24,M,BUSINESS,55523.47,Dhaka,1754,APP,ANDROID,MASS,ACTIVE
SYN-U-12569,44,M,SALARIED,50208.39,Dhaka,1992,AGENT,ANDROID,STUDENT,ACTIVE
SYN-U-12570,66,F,SALARIED,40452.28,Rajshahi,2245,APP,ANDROID,MASS,ACTIVE
SYN-U-12571,58,M,SALARIED,74520.8,Rangpur,455,APP,IOS,MASS,ACTIVE
SYN-U-12572,38,M,BUSINESS,15000.0,Dhaka,1019,APP,ANDROID,SME,ACTIVE
SYN-U-12573,42,M,BUSINESS,53049.89,Rangpur,333,APP,ANDROID,PAYROLL,ACTIVE
SYN-U-12574,54,F,SALARIED,90009.49,Khulna,52,AGENT,ANDROID,AFFLUENT,ACTIVE
SYN-U-12575,44,F,FREELANCER,89187.01,Dhaka,457,APP,ANDROID,MASS,ACTIVE
SYN-U-12576,34,F,SALARIED,30662.1,Chittagong,1207,APP,ANDROID,MASS,ACTIVE
SYN-U-12577,32,F,SALARIED,55528.17,Dhaka,1896,APP,ANDROID,MASS,ACTIVE
SYN-U-12578,62,M,BUSINESS,40051.61,Gazipur,972,APP,ANDROID,MASS,ACTIVE
SYN-U-12579,44,M,SALARIED,110193.85,Chittagong,1774,APP,ANDROID,AFFLUENT,ACTIVE
SYN-U-12580,63,F,BUSINESS,124314.07,Khulna,1867,AGENT,IOS,MASS,ACTIVE
SYN-U-12581,51,M,STUDENT,21150.35,Gazipur,555,APP,ANDROID,MASS,ACTIVE
SYN-U-12582,53,M,SALARIED,55468.95,Dhaka,1468,BRANCH,ANDROID,MASS,ACTIVE
SYN-U-12583,63,F,RETIRED,58672.25,Mymensingh,2186,APP,ANDROID,MASS,ACTIVE
SYN-U-12584,61,M,SALARIED,45527.24,Dhaka,488,APP,IOS,STUDENT,ACTIVE
SYN-U-12585,30,F,SALARIED,29997.35,Chittagong,1678,AGENT,ANDROID,MASS,ACTIVE
SYN-U-12586,25,M,SALARIED,58252.74,Barishal,1772,APP,ANDROID,MASS,ACTIVE
SYN-U-12587,32,M,SALARIED,31452.59,Mymensingh,40,AGENT,IOS,MASS,ACTIVE
SYN-U-12588,41,F,STUDENT,44394.4,Mymensingh,64,APP,FEATURE_PHONE,SME,ACTIVE
SYN-U-12589,36,M,SALARIED,33797.26,Cumilla,246,APP,ANDROID,MASS,ACTIVE
SYN-U-12590,70,F,SALARIED,127682.34,Dhaka,431,APP,ANDROID,AFFLUENT,ACTIVE
SYN-U-12591,19,M,BUSINESS,84063.47,Dhaka,1831,APP,ANDROID,MASS,ACTIVE
SYN-U-12592,53,F,BUSINESS,15000.0,Chittagong,441,AGENT,IOS,PAYROLL,ACTIVE
SYN-U-12593,47,M,BUSINESS,17876.05,Chittagong,2086,APP,ANDROID,MASS,ACTIVE
SYN-U-12594,65,M,BUSINESS,41090.8,Dhaka,1246,AGENT,ANDROID,STUDENT,ACTIVE
SYN-U-12595,69,M,BUSINESS,15000.0,Dhaka,1071,APP,ANDROID,SME,ACTIVE
SYN-U-12596,70,M,SALARIED,38872.94,Dhaka,2131,APP,ANDROID,STUDENT,ACTIVE
SYN-U-12597,37,M,FREELANCER,24730.8,Khulna,444,APP,IOS,MASS,ACTIVE
SYN-U-12598,64,M,SALARIED,38587.43,Gazipur,2321,AGENT,ANDROID,MASS,ACTIVE
SYN-U-12599,33,F,STUDENT,21562.78,Dhaka,633,BRANCH,IOS,MASS,ACTIVE
SYN-U-12600,31,M,STUDENT,37173.16,Dhaka,1951,AGENT,ANDROID,SME,ACTIVE
SYN-U-12601,32,M,SALARIED,58928.2,Dhaka,341,AGENT,ANDROID,MASS,RESTRICTED
SYN-U-12602,59,M,SALARIED,46432.36,Narayanganj,1955,APP,ANDROID,MASS,ACTIVE
SYN-U-12603,43,M,BUSINESS,120761.3,Mymensingh,1954,APP,IOS,SME,ACTIVE
SYN-U-12604,36,F,SALARIED,45972.22,Gazipur,125,AGENT,ANDROID,MASS,ACTIVE
SYN-U-12605,43,F,BUSINESS,53759.11,Sylhet,2365,AGENT,ANDROID,MASS,ACTIVE
SYN-U-12606,39,F,SALARIED,69898.16,Chittagong,1539,APP,ANDROID,PAYROLL,ACTIVE
SYN-U-12607,26,F,BUSINESS,66944.3,Cumilla,2321,APP,ANDROID,MASS,ACTIVE
SYN-U-12608,35,F,SALARIED,129616.96,Mymensingh,1733,BRANCH,ANDROID,AFFLUENT,ACTIVE
SYN-U-12609,27,M,FREELANCER,69273.41,Sylhet,1447,AGENT,ANDROID,MASS,ACTIVE
SYN-U-12610,58,M,SALARIED,50615.46,Cumilla,776,APP,ANDROID,MASS,ACTIVE
SYN-U-12611,41,F,SALARIED,31765.31,Chittagong,832,BRANCH,ANDROID,PAYROLL,ACTIVE
SYN-U-12612,45,M,FREELANCER,21870.2,Cumilla,1032,BRANCH,IOS,STUDENT,ACTIVE
SYN-U-12613,64,F,SALARIED,37588.8,Dhaka,568,APP,ANDROID,MASS,ACTIVE
SYN-U-12614,60,F,SALARIED,83862.93,Dhaka,664,AGENT,ANDROID,SME,ACTIVE
SYN-U-12615,67,F,SALARIED,96619.06,Sylhet,1401,APP,ANDROID,AFFLUENT,ACTIVE
SYN-U-12616,55,F,FREELANCER,62245.66,Chittagong,1885,AGENT,FEATURE_PHONE,MASS,ACTIVE
SYN-U-12617,60,M,BUSINESS,86181.07,Chittagong,552,BRANCH,ANDROID,MASS,ACTIVE
SYN-U-12618,48,F,SALARIED,35282.64,Dhaka,1171,APP,ANDROID,PAYROLL,ACTIVE
SYN-U-12619,59,F,SALARIED,49010.54,Sylhet,1455,APP,ANDROID,STUDENT,ACTIVE
SYN-U-12620,58,M,HOMEMAKER,15000.0,Narayanganj,1570,BRANCH,IOS,STUDENT,ACTIVE
SYN-U-12621,47,F,BUSINESS,71568.7,Chittagong,1401,APP,ANDROID,MASS,ACTIVE
SYN-U-12622,23,M,BUSINESS,41673.28,Khulna,687,APP,IOS,STUDENT,ACTIVE
SYN-U-12623,49,F,FREELANCER,112245.82,Rajshahi,1910,APP,ANDROID,MASS,ACTIVE
SYN-U-12624,38,M,SALARIED,39359.24,Dhaka,953,AGENT,ANDROID,MASS,ACTIVE
SYN-U-12625,60,F,FREELANCER,82241.66,Dhaka,239,APP,ANDROID,MASS,ACTIVE
SYN-U-12626,46,M,BUSINESS,58017.46,Dhaka,1216,APP,ANDROID,MASS,ACTIVE
SYN-U-12627,26,M,SALARIED,30422.41,Cumilla,2133,APP,ANDROID,MASS,ACTIVE
SYN-U-12628,64,F,BUSINESS,56026.85,Gazipur,1534,BRANCH,IOS,MASS,ACTIVE
SYN-U-12629,35,M,SALARIED,51433.5,Khulna,1545,AGENT,ANDROID,PAYROLL,ACTIVE
SYN-U-12630,22,M,STUDENT,23364.86,Sylhet,2286,APP,ANDROID,MASS,ACTIVE
SYN-U-12631,41,M,SALARIED,32196.26,Gazipur,832,APP,ANDROID,MASS,ACTIVE
SYN-U-12632,68,M,SALARIED,58560.48,Sylhet,752,AGENT,ANDROID,PAYROLL,ACTIVE
SYN-U-12633,20,M,BUSINESS,23719.64,Mymensingh,480,BRANCH,ANDROID,MASS,ACTIVE
SYN-U-12634,38,F,FREELANCER,54518.71,Chittagong,218,APP,ANDROID,MASS,ACTIVE
SYN-U-12635,41,M,SALARIED,20819.47,Dhaka,1088,AGENT,ANDROID,MASS,ACTIVE
SYN-U-12636,58,F,BUSINESS,189970.92,Cumilla,999,APP,ANDROID,SME,ACTIVE
SYN-U-12637,54,M,BUSINESS,42641.53,Dhaka,2400,APP,ANDROID,MASS,ACTIVE
SYN-U-12638,20,F,SALARIED,19427.21,Chittagong,673,APP,ANDROID,MASS,ACTIVE
SYN-U-12639,51,M,FREELANCER,90834.45,Cumilla,521,APP,ANDROID,MASS,ACTIVE
SYN-U-12640,69,F,STUDENT,28078.21,Rangpur,1210,AGENT,ANDROID,AFFLUENT,ACTIVE
SYN-U-12641,32,F,SALARIED,102964.68,Chittagong,1651,APP,ANDROID,AFFLUENT,ACTIVE
SYN-U-12642,69,M,SALARIED,56428.14,Rangpur,1125,APP,ANDROID,MASS,ACTIVE
SYN-U-12643,66,F,SALARIED,39078.53,Dhaka,1739,USSD,ANDROID,PAYROLL,ACTIVE
SYN-U-12644,18,F,BUSINESS,133678.88,Dhaka,1917,APP,IOS,AFFLUENT,ACTIVE
SYN-U-12645,43,F,BUSINESS,151769.07,Chittagong,766,BRANCH,ANDROID,SME,ACTIVE
SYN-U-12646,64,O,STUDENT,15000.0,Chittagong,2120,AGENT,ANDROID,MASS,ACTIVE
SYN-U-12647,54,M,SALARIED,48502.65,Dhaka,1803,APP,ANDROID,AFFLUENT,ACTIVE
SYN-U-12648,26,F,BUSINESS,109862.4,Cumilla,2352,APP,ANDROID,MASS,ACTIVE
SYN-U-12649,56,F,SALARIED,70283.54,Cumilla,1808,APP,ANDROID,MASS,ACTIVE
SYN-U-12650,70,F,SALARIED,57097.69,Mymensingh,1190,AGENT,ANDROID,MASS,ACTIVE
SYN-U-12651,28,M,SALARIED,24542.73,Dhaka,570,AGENT,ANDROID,MASS,ACTIVE
SYN-U-12652,34,F,FREELANCER,16402.52,Dhaka,190,BRANCH,ANDROID,MASS,ACTIVE
SYN-U-12653,48,M,SALARIED,80291.87,Khulna,677,APP,ANDROID,MASS,ACTIVE
SYN-U-12654,21,M,HOMEMAKER,32335.33,Dhaka,448,APP,ANDROID,PAYROLL,ACTIVE
SYN-U-12655,59,M,BUSINESS,227488.35,Dhaka,565,AGENT,ANDROID,AFFLUENT,ACTIVE
SYN-U-12656,21,F,STUDENT,15000.0,Chittagong,2453,AGENT,ANDROID,MASS,ACTIVE
SYN-U-12657,54,F,SALARIED,93904.38,Jessore,1463,AGENT,ANDROID,AFFLUENT,ACTIVE
SYN-U-12658,58,M,BUSINESS,100268.23,Khulna,1974,APP,ANDROID,STUDENT,ACTIVE
SYN-U-12659,62,M,SALARIED,26158.53,Dhaka,863,AGENT,ANDROID,STUDENT,ACTIVE
SYN-U-12660,44,M,STUDENT,15000.0,Dhaka,110,APP,IOS,MASS,ACTIVE
SYN-U-12661,70,M,BUSINESS,199908.69,Chittagong,1389,AGENT,ANDROID,SME,ACTIVE
SYN-U-12662,41,M,STUDENT,17114.2,Rangpur,1371,APP,ANDROID,MASS,ACTIVE
SYN-U-12663,47,M,HOMEMAKER,20408.79,Narayanganj,1391,USSD,ANDROID,MASS,ACTIVE
SYN-U-12664,32,F,BUSINESS,45906.78,Dhaka,702,APP,IOS,MASS,ACTIVE
SYN-U-12665,51,M,SALARIED,41887.56,Chittagong,83,APP,ANDROID,STUDENT,ACTIVE
SYN-U-12666,36,M,STUDENT,18784.9,Rangpur,999,BRANCH,ANDROID,MASS,ACTIVE
SYN-U-12667,36,F,SALARIED,15164.57,Gazipur,528,APP,ANDROID,MASS,ACTIVE
SYN-U-12668,20,F,SALARIED,111207.08,Dhaka,1507,BRANCH,ANDROID,SME,ACTIVE
SYN-U-12669,41,M,SALARIED,41211.54,Dhaka,63,APP,ANDROID,PAYROLL,ACTIVE
SYN-U-12670,47,M,SALARIED,98445.42,Mymensingh,2033,APP,IOS,AFFLUENT,ACTIVE
SYN-U-12671,50,M,FREELANCER,43810.56,Barishal,998,AGENT,IOS,STUDENT,ACTIVE
SYN-U-12672,26,F,SALARIED,47803.76,Chittagong,49,BRANCH,IOS,MASS,ACTIVE
SYN-U-12673,63,M,SALARIED,94849.89,Dhaka,1316,AGENT,ANDROID,AFFLUENT,ACTIVE
SYN-U-12674,49,F,BUSINESS,80154.05,Chittagong,1374,APP,IOS,PAYROLL,ACTIVE
SYN-U-12675,62,M,STUDENT,17173.83,Barishal,804,BRANCH,ANDROID,MASS,ACTIVE
SYN-U-12676,47,F,BUSINESS,124309.25,Rajshahi,1370,AGENT,IOS,MASS,ACTIVE
SYN-U-12677,69,M,BUSINESS,101686.87,Dhaka,57,APP,ANDROID,MASS,ACTIVE
SYN-U-12678,19,M,FREELANCER,68784.84,Narayanganj,876,APP,ANDROID,PAYROLL,ACTIVE
SYN-U-12679,52,M,BUSINESS,68627.55,Dhaka,1165,APP,ANDROID,MASS,ACTIVE
SYN-U-12680,33,M,SALARIED,41389.34,Mymensingh,2127,AGENT,IOS,PAYROLL,ACTIVE
SYN-U-12681,43,F,STUDENT,25673.33,Cumilla,537,AGENT,ANDROID,AFFLUENT,ACTIVE
SYN-U-12682,57,M,BUSINESS,15000.0,Rajshahi,2044,APP,ANDROID,AFFLUENT,ACTIVE
SYN-U-12683,35,M,BUSINESS,15000.0,Chittagong,2285,APP,ANDROID,SME,ACTIVE
SYN-U-12684,66,M,SALARIED,131262.79,Rajshahi,494,APP,ANDROID,SME,ACTIVE
SYN-U-12685,19,F,SALARIED,46710.34,Mymensingh,572,APP,ANDROID,MASS,DORMANT
SYN-U-12686,21,F,SALARIED,64289.96,Dhaka,2395,APP,ANDROID,MASS,ACTIVE
SYN-U-12687,33,M,BUSINESS,138984.3,Cox's Bazar,742,USSD,ANDROID,SME,DORMANT
SYN-U-12688,51,M,SALARIED,97800.42,Dhaka,1330,APP,ANDROID,AFFLUENT,ACTIVE
SYN-U-12689,21,M,BUSINESS,40970.48,Dhaka,2048,APP,ANDROID,MASS,ACTIVE
SYN-U-12690,49,F,HOMEMAKER,15000.0,Rajshahi,1555,APP,ANDROID,MASS,ACTIVE
SYN-U-12691,58,F,SALARIED,27049.1,Dhaka,1591,APP,IOS,MASS,ACTIVE
SYN-U-12692,58,F,STUDENT,23415.01,Dhaka,830,APP,ANDROID,PAYROLL,ACTIVE
SYN-U-12693,49,M,BUSINESS,32951.79,Khulna,1954,APP,ANDROID,MASS,ACTIVE
SYN-U-12694,55,M,BUSINESS,205754.12,Chittagong,1357,APP,ANDROID,SME,ACTIVE
SYN-U-12695,45,M,SALARIED,110721.18,Gazipur,1373,APP,FEATURE_PHONE,AFFLUENT,ACTIVE
SYN-U-12696,31,F,SALARIED,70224.95,Dhaka,608,APP,ANDROID,SME,ACTIVE
SYN-U-12697,66,M,BUSINESS,126722.45,Rajshahi,204,APP,ANDROID,AFFLUENT,ACTIVE
SYN-U-12698,24,F,SALARIED,43622.64,Bogura,2145,APP,ANDROID,MASS,ACTIVE
SYN-U-12699,33,M,SALARIED,42952.99,Dhaka,1274,BRANCH,ANDROID,MASS,ACTIVE
SYN-U-12700,19,M,BUSINESS,50910.24,Dhaka,846,APP,ANDROID,MASS,ACTIVE
SYN-U-12701,65,F,BUSINESS,68557.33,Chittagong,2035,AGENT,ANDROID,SME,ACTIVE
SYN-U-12702,61,F,BUSINESS,80924.78,Dhaka,1139,APP,IOS,MASS,ACTIVE
SYN-U-12703,69,M,SALARIED,17748.41,Dhaka,849,AGENT,ANDROID,STUDENT,ACTIVE
SYN-U-12704,40,M,BUSINESS,85805.04,Gazipur,1613,APP,ANDROID,MASS,ACTIVE
SYN-U-12705,28,F,SALARIED,54743.62,Cox's Bazar,950,APP,IOS,MASS,ACTIVE
SYN-U-12706,54,F,BUSINESS,42739.98,Chittagong,825,BRANCH,ANDROID,MASS,ACTIVE
SYN-U-12707,25,F,BUSINESS,236176.81,Sylhet,957,APP,ANDROID,AFFLUENT,ACTIVE
SYN-U-12708,46,M,SALARIED,59178.45,Dhaka,1486,APP,ANDROID,PAYROLL,ACTIVE
SYN-U-12709,24,M,BUSINESS,215211.54,Dhaka,246,BRANCH,ANDROID,SME,DORMANT
SYN-U-12710,45,M,SALARIED,118046.52,Sylhet,1872,AGENT,IOS,AFFLUENT,ACTIVE
SYN-U-12711,42,M,BUSINESS,104344.96,Jessore,1099,AGENT,ANDROID,AFFLUENT,ACTIVE
SYN-U-12712,42,F,BUSINESS,212722.28,Dhaka,352,AGENT,ANDROID,AFFLUENT,ACTIVE
SYN-U-12713,33,M,SALARIED,75736.93,Dhaka,615,BRANCH,ANDROID,PAYROLL,ACTIVE
SYN-U-12714,30,F,SALARIED,53798.35,Dhaka,1101,AGENT,ANDROID,MASS,ACTIVE
SYN-U-12715,27,M,SALARIED,71771.2,Narayanganj,2037,APP,ANDROID,AFFLUENT,ACTIVE
SYN-U-12716,33,M,RETIRED,34426.35,Dhaka,1009,APP,ANDROID,MASS,ACTIVE
SYN-U-12717,68,F,FREELANCER,15000.0,Chittagong,36,APP,ANDROID,MASS,ACTIVE
SYN-U-12718,23,F,SALARIED,54803.64,Khulna,1566,AGENT,ANDROID,STUDENT,ACTIVE
SYN-U-12719,43,M,RETIRED,51897.82,Mymensingh,1340,APP,ANDROID,MASS,ACTIVE
SYN-U-12720,65,F,BUSINESS,176021.59,Dhaka,2301,AGENT,ANDROID,AFFLUENT,ACTIVE
SYN-U-12721,33,M,RETIRED,37416.07,Sylhet,248,AGENT,ANDROID,MASS,ACTIVE
SYN-U-12722,19,F,BUSINESS,106348.54,Rangpur,803,AGENT,ANDROID,MASS,ACTIVE
SYN-U-12723,38,M,STUDENT,38589.58,Sylhet,483,APP,ANDROID,AFFLUENT,ACTIVE
SYN-U-12724,70,M,SALARIED,37552.92,Khulna,2273,AGENT,ANDROID,MASS,ACTIVE
SYN-U-12725,71,F,BUSINESS,86610.83,Dhaka,1656,AGENT,ANDROID,MASS,ACTIVE
SYN-U-12726,64,M,SALARIED,50297.57,Dhaka,2129,APP,ANDROID,MASS,ACTIVE
SYN-U-12727,57,F,BUSINESS,35936.28,Rajshahi,1581,APP,ANDROID,MASS,ACTIVE
SYN-U-12728,23,F,BUSINESS,46909.47,Dhaka,2293,APP,ANDROID,MASS,ACTIVE
SYN-U-12729,50,M,BUSINESS,54607.63,Dhaka,684,BRANCH,ANDROID,MASS,DORMANT
SYN-U-12730,70,M,SALARIED,55226.37,Chittagong,1406,AGENT,ANDROID,MASS,RESTRICTED
SYN-U-12731,26,M,SALARIED,36212.39,Chittagong,322,APP,ANDROID,MASS,ACTIVE
SYN-U-12732,23,F,SALARIED,70274.8,Chittagong,1032,APP,ANDROID,MASS,ACTIVE
SYN-U-12733,21,M,HOMEMAKER,16864.92,Rangpur,1241,APP,ANDROID,MASS,ACTIVE
SYN-U-12734,34,M,BUSINESS,60970.62,Chittagong,1705,AGENT,ANDROID,MASS,ACTIVE
SYN-U-12735,35,M,BUSINESS,31120.45,Rajshahi,1038,APP,ANDROID,MASS,ACTIVE
SYN-U-12736,42,M,FREELANCER,79541.67,Chittagong,2469,APP,ANDROID,MASS,ACTIVE
SYN-U-12737,67,F,SALARIED,44525.92,Sylhet,2102,AGENT,FEATURE_PHONE,STUDENT,ACTIVE
SYN-U-12738,63,F,STUDENT,16598.8,Dhaka,1072,APP,ANDROID,MASS,DORMANT
SYN-U-12739,69,M,SALARIED,108370.37,Rajshahi,540,APP,ANDROID,SME,ACTIVE
SYN-U-12740,36,M,SALARIED,66078.87,Mymensingh,1257,APP,IOS,MASS,DORMANT
SYN-U-12741,44,F,SALARIED,79197.06,Rajshahi,1464,APP,ANDROID,SME,ACTIVE
SYN-U-12742,64,F,BUSINESS,40852.13,Chittagong,2072,APP,ANDROID,MASS,ACTIVE
SYN-U-12743,46,M,STUDENT,15000.0,Gazipur,725,APP,FEATURE_PHONE,STUDENT,ACTIVE
SYN-U-12744,19,F,SALARIED,213760.75,Chittagong,337,APP,ANDROID,AFFLUENT,ACTIVE
SYN-U-12745,42,M,BUSINESS,109053.13,Dhaka,1754,BRANCH,IOS,MASS,ACTIVE
SYN-U-12746,71,M,BUSINESS,54012.7,Rangpur,1010,AGENT,ANDROID,PAYROLL,ACTIVE
SYN-U-12747,35,F,SALARIED,74984.85,Chittagong,1488,USSD,ANDROID,MASS,ACTIVE
SYN-U-12748,66,F,SALARIED,28024.2,Rajshahi,1769,APP,FEATURE_PHONE,STUDENT,ACTIVE
SYN-U-12749,48,M,SALARIED,37116.32,Dhaka,1340,AGENT,ANDROID,MASS,ACTIVE
SYN-U-12750,59,F,BUSINESS,73157.17,Chittagong,1266,APP,ANDROID,AFFLUENT,ACTIVE
SYN-U-12751,58,F,BUSINESS,119228.59,Rajshahi,809,USSD,ANDROID,PAYROLL,ACTIVE
SYN-U-12752,24,F,STUDENT,20486.48,Dhaka,1028,USSD,ANDROID,MASS,ACTIVE
SYN-U-12753,25,M,STUDENT,15000.0,Rangpur,652,APP,ANDROID,STUDENT,ACTIVE
SYN-U-12754,31,F,SALARIED,49917.55,Sylhet,1265,AGENT,IOS,MASS,ACTIVE
SYN-U-12755,38,M,SALARIED,55846.11,Rajshahi,2313,BRANCH,ANDROID,MASS,ACTIVE
SYN-U-12756,27,M,SALARIED,41371.62,Khulna,852,APP,ANDROID,MASS,ACTIVE
SYN-U-12757,66,F,BUSINESS,69603.75,Barishal,626,APP,ANDROID,MASS,ACTIVE
SYN-U-12758,36,M,FREELANCER,44937.65,Dhaka,1707,APP,ANDROID,MASS,ACTIVE
SYN-U-12759,40,F,SALARIED,52064.59,Chittagong,1716,APP,ANDROID,STUDENT,ACTIVE
SYN-U-12760,31,F,SALARIED,27583.84,Dhaka,1341,AGENT,ANDROID,PAYROLL,ACTIVE
SYN-U-12761,48,F,FREELANCER,36224.09,Rajshahi,1929,AGENT,ANDROID,STUDENT,ACTIVE
SYN-U-12762,64,M,SALARIED,76993.06,Dhaka,1185,AGENT,ANDROID,SME,ACTIVE
SYN-U-12763,36,M,FREELANCER,76997.3,Dhaka,2149,APP,ANDROID,SME,ACTIVE
SYN-U-12764,50,M,SALARIED,122876.8,Dhaka,384,APP,ANDROID,AFFLUENT,ACTIVE
SYN-U-12765,39,M,SALARIED,83687.43,Rajshahi,2055,AGENT,ANDROID,AFFLUENT,ACTIVE
SYN-U-12766,56,F,BUSINESS,42695.28,Dhaka,791,APP,ANDROID,MASS,ACTIVE
SYN-U-12767,22,M,FREELANCER,105615.7,Chittagong,1629,AGENT,ANDROID,SME,ACTIVE
SYN-U-12768,34,M,BUSINESS,73831.91,Sylhet,1557,APP,IOS,MASS,ACTIVE
SYN-U-12769,60,F,FREELANCER,49083.17,Dhaka,600,AGENT,ANDROID,AFFLUENT,ACTIVE
SYN-U-12770,36,F,SALARIED,57798.4,Dhaka,1757,APP,IOS,MASS,ACTIVE
SYN-U-12771,45,M,SALARIED,131993.88,Chittagong,2168,APP,ANDROID,SME,ACTIVE
SYN-U-12772,54,M,SALARIED,67871.75,Chittagong,2057,AGENT,IOS,AFFLUENT,ACTIVE
SYN-U-12773,19,F,HOMEMAKER,26412.9,Dhaka,1983,BRANCH,ANDROID,MASS,ACTIVE
SYN-U-12774,18,M,FREELANCER,15000.0,Chittagong,99,APP,ANDROID,MASS,ACTIVE
SYN-U-12775,71,F,SALARIED,109818.41,Sylhet,1228,BRANCH,ANDROID,AFFLUENT,ACTIVE
SYN-U-12776,50,M,BUSINESS,48352.12,Sylhet,793,APP,ANDROID,MASS,ACTIVE
SYN-U-12777,50,M,BUSINESS,53934.45,Khulna,960,BRANCH,ANDROID,SME,ACTIVE
SYN-U-12778,46,M,SALARIED,99038.85,Dhaka,567,BRANCH,ANDROID,AFFLUENT,ACTIVE
SYN-U-12779,38,M,HOMEMAKER,15000.0,Rangpur,1393,AGENT,ANDROID,MASS,ACTIVE
SYN-U-12780,59,F,FREELANCER,60911.77,Rangpur,67,AGENT,ANDROID,MASS,ACTIVE
SYN-U-12781,20,M,HOMEMAKER,35354.11,Sylhet,2404,APP,ANDROID,SME,ACTIVE
SYN-U-12782,27,M,BUSINESS,83559.98,Chittagong,314,APP,ANDROID,MASS,ACTIVE
SYN-U-12783,52,F,BUSINESS,152951.08,Dhaka,1463,APP,ANDROID,SME,ACTIVE
SYN-U-12784,61,M,SALARIED,16154.75,Dhaka,305,APP,ANDROID,STUDENT,ACTIVE
SYN-U-12785,32,F,STUDENT,15059.45,Dhaka,961,BRANCH,ANDROID,MASS,ACTIVE
SYN-U-12786,45,M,SALARIED,47761.04,Dhaka,1951,APP,ANDROID,MASS,ACTIVE
SYN-U-12787,49,M,BUSINESS,53601.24,Gazipur,2228,APP,ANDROID,MASS,ACTIVE
SYN-U-12788,68,M,SALARIED,62307.25,Mymensingh,2206,APP,ANDROID,MASS,ACTIVE
SYN-U-12789,48,F,BUSINESS,77228.73,Khulna,2121,AGENT,ANDROID,MASS,DORMANT
SYN-U-12790,65,F,BUSINESS,109859.85,Dhaka,1166,APP,ANDROID,SME,ACTIVE
SYN-U-12791,45,M,FREELANCER,15000.0,Cumilla,203,APP,IOS,MASS,ACTIVE
SYN-U-12792,53,M,FREELANCER,70476.9,Dhaka,635,AGENT,ANDROID,STUDENT,ACTIVE
SYN-U-12793,54,M,STUDENT,26007.08,Dhaka,99,APP,ANDROID,SME,ACTIVE
SYN-U-12794,52,F,BUSINESS,92230.4,Sylhet,2064,APP,FEATURE_PHONE,MASS,ACTIVE
SYN-U-12795,23,M,BUSINESS,47302.88,Dhaka,1583,BRANCH,IOS,MASS,ACTIVE
SYN-U-12796,35,M,BUSINESS,86035.39,Dhaka,1906,APP,ANDROID,MASS,ACTIVE
SYN-U-12797,21,F,SALARIED,147323.44,Sylhet,1156,AGENT,ANDROID,AFFLUENT,ACTIVE
SYN-U-12798,35,M,HOMEMAKER,38735.22,Cumilla,263,APP,ANDROID,SME,ACTIVE
SYN-U-12799,60,M,SALARIED,49726.57,Dhaka,2081,APP,IOS,MASS,ACTIVE
SYN-U-12800,48,F,SALARIED,23895.79,Sylhet,798,AGENT,ANDROID,STUDENT,ACTIVE
SYN-U-12801,45,F,BUSINESS,63831.95,Sylhet,748,APP,ANDROID,MASS,ACTIVE
SYN-U-12802,21,M,FREELANCER,63460.25,Rajshahi,720,APP,IOS,STUDENT,ACTIVE
SYN-U-12803,69,M,BUSINESS,35838.81,Dhaka,1722,AGENT,ANDROID,MASS,ACTIVE
SYN-U-12804,30,M,FREELANCER,23341.15,Dhaka,1745,AGENT,ANDROID,STUDENT,ACTIVE
SYN-U-12805,62,M,STUDENT,15000.0,Barishal,741,APP,ANDROID,MASS,ACTIVE
SYN-U-12806,35,M,SALARIED,77456.47,Cumilla,653,APP,ANDROID,AFFLUENT,ACTIVE
SYN-U-12807,43,F,SALARIED,46507.6,Dhaka,2465,APP,ANDROID,MASS,ACTIVE
SYN-U-12808,58,M,BUSINESS,60410.42,Dhaka,2266,USSD,ANDROID,STUDENT,ACTIVE
SYN-U-12809,44,F,STUDENT,27276.04,Chittagong,2265,AGENT,FEATURE_PHONE,AFFLUENT,ACTIVE
SYN-U-12810,67,F,BUSINESS,61415.01,Chittagong,887,USSD,ANDROID,MASS,ACTIVE
SYN-U-12811,33,F,STUDENT,53643.6,Khulna,1895,APP,ANDROID,SME,ACTIVE
SYN-U-12812,38,F,SALARIED,40569.24,Chittagong,1157,AGENT,ANDROID,MASS,ACTIVE
SYN-U-12813,49,M,SALARIED,67519.27,Chittagong,1827,APP,IOS,MASS,ACTIVE
SYN-U-12814,56,M,STUDENT,15000.0,Sylhet,2405,AGENT,ANDROID,MASS,ACTIVE
SYN-U-12815,49,F,BUSINESS,78984.81,Chittagong,2478,APP,ANDROID,MASS,ACTIVE
SYN-U-12816,21,M,BUSINESS,61212.82,Chittagong,1528,APP,ANDROID,STUDENT,ACTIVE
SYN-U-12817,35,M,BUSINESS,19062.33,Khulna,995,APP,ANDROID,STUDENT,ACTIVE
SYN-U-12818,44,M,SALARIED,53922.42,Rajshahi,820,APP,ANDROID,MASS,ACTIVE
SYN-U-12819,57,M,BUSINESS,95022.77,Chittagong,787,AGENT,IOS,MASS,ACTIVE
SYN-U-12820,44,F,BUSINESS,120677.98,Sylhet,2394,AGENT,ANDROID,SME,ACTIVE
SYN-U-12821,38,F,BUSINESS,32547.93,Khulna,1893,APP,FEATURE_PHONE,MASS,ACTIVE
SYN-U-12822,33,M,BUSINESS,95353.46,Dhaka,1058,APP,ANDROID,PAYROLL,ACTIVE
SYN-U-12823,38,M,FREELANCER,69283.02,Sylhet,2356,AGENT,ANDROID,PAYROLL,ACTIVE
SYN-U-12824,43,F,FREELANCER,64096.81,Chittagong,1468,AGENT,IOS,MASS,ACTIVE
SYN-U-12825,56,F,FREELANCER,172953.19,Chittagong,1999,AGENT,IOS,AFFLUENT,ACTIVE
SYN-U-12826,19,M,FREELANCER,43349.38,Sylhet,990,APP,ANDROID,MASS,ACTIVE
SYN-U-12827,69,F,BUSINESS,222317.84,Dhaka,741,AGENT,ANDROID,SME,ACTIVE
SYN-U-12828,33,F,BUSINESS,44038.67,Rajshahi,752,APP,ANDROID,MASS,ACTIVE
SYN-U-12829,63,F,SALARIED,15000.0,Chittagong,2269,AGENT,ANDROID,MASS,ACTIVE
SYN-U-12830,33,F,SALARIED,61518.26,Dhaka,2059,APP,IOS,MASS,ACTIVE
SYN-U-12831,18,F,BUSINESS,112660.04,Dhaka,1369,AGENT,ANDROID,MASS,ACTIVE
SYN-U-12832,55,F,HOMEMAKER,15000.0,Dhaka,310,APP,ANDROID,STUDENT,ACTIVE
SYN-U-12833,44,F,BUSINESS,44675.28,Dhaka,611,APP,ANDROID,MASS,ACTIVE
SYN-U-12834,59,M,BUSINESS,57068.16,Dhaka,1440,AGENT,ANDROID,MASS,ACTIVE
SYN-U-12835,32,F,BUSINESS,128640.03,Khulna,2406,APP,IOS,AFFLUENT,ACTIVE
SYN-U-12836,45,F,SALARIED,46039.79,Dhaka,1398,APP,ANDROID,MASS,ACTIVE
SYN-U-12837,32,M,SALARIED,57415.12,Barishal,1011,APP,ANDROID,MASS,ACTIVE
SYN-U-12838,33,M,FREELANCER,39448.49,Sylhet,1379,APP,IOS,MASS,ACTIVE
SYN-U-12839,57,M,SALARIED,31941.99,Dhaka,1301,APP,ANDROID,MASS,ACTIVE
SYN-U-12840,61,F,SALARIED,76749.36,Rajshahi,1153,APP,ANDROID,MASS,ACTIVE
SYN-U-12841,50,M,BUSINESS,44507.81,Sylhet,1570,APP,ANDROID,MASS,ACTIVE
SYN-U-12842,48,F,FREELANCER,159120.74,Dhaka,1086,APP,ANDROID,AFFLUENT,ACTIVE
SYN-U-12843,44,F,FREELANCER,43712.32,Dhaka,961,APP,ANDROID,STUDENT,ACTIVE
SYN-U-12844,31,M,SALARIED,33408.13,Dhaka,1369,APP,ANDROID,MASS,ACTIVE
SYN-U-12845,23,M,FREELANCER,68212.08,Narayanganj,108,APP,ANDROID,MASS,ACTIVE
SYN-U-12846,68,M,STUDENT,15000.0,Rajshahi,2333,APP,ANDROID,PAYROLL,ACTIVE
SYN-U-12847,42,F,FREELANCER,29780.37,Dhaka,367,AGENT,ANDROID,MASS,ACTIVE
SYN-U-12848,32,M,SALARIED,74335.57,Chittagong,1049,APP,ANDROID,MASS,ACTIVE
SYN-U-12849,43,M,BUSINESS,57076.49,Sylhet,1096,AGENT,ANDROID,MASS,ACTIVE
SYN-U-12850,54,M,SALARIED,57890.55,Cox's Bazar,854,APP,ANDROID,MASS,ACTIVE
SYN-U-12851,62,F,FREELANCER,89548.14,Dhaka,1755,APP,ANDROID,AFFLUENT,ACTIVE
SYN-U-12852,51,M,SALARIED,47163.42,Rajshahi,2091,AGENT,ANDROID,PAYROLL,ACTIVE
SYN-U-12853,70,F,FREELANCER,29183.57,Rangpur,2434,AGENT,ANDROID,STUDENT,ACTIVE
SYN-U-12854,69,O,HOMEMAKER,21432.3,Gazipur,1582,AGENT,IOS,MASS,ACTIVE
SYN-U-12855,39,M,BUSINESS,32551.89,Narayanganj,184,APP,IOS,SME,ACTIVE
SYN-U-12856,66,O,SALARIED,95476.38,Dhaka,1489,AGENT,ANDROID,AFFLUENT,ACTIVE
SYN-U-12857,69,M,SALARIED,50880.35,Chittagong,314,APP,ANDROID,MASS,ACTIVE
SYN-U-12858,25,F,SALARIED,39620.14,Sylhet,598,APP,ANDROID,SME,ACTIVE
SYN-U-12859,60,F,SALARIED,68768.36,Sylhet,1537,AGENT,ANDROID,MASS,ACTIVE
SYN-U-12860,59,M,SALARIED,73932.88,Sylhet,1642,USSD,IOS,MASS,ACTIVE
SYN-U-12861,68,F,STUDENT,43513.72,Sylhet,592,BRANCH,IOS,AFFLUENT,ACTIVE
SYN-U-12862,65,M,HOMEMAKER,22833.15,Chittagong,1864,AGENT,IOS,MASS,ACTIVE
SYN-U-12863,55,M,SALARIED,40868.2,Sylhet,1659,APP,ANDROID,MASS,ACTIVE
SYN-U-12864,34,M,SALARIED,26474.25,Cumilla,176,APP,IOS,MASS,ACTIVE
SYN-U-12865,42,F,SALARIED,52384.38,Chittagong,653,APP,ANDROID,STUDENT,ACTIVE
SYN-U-12866,37,F,SALARIED,71067.13,Dhaka,1146,APP,IOS,MASS,ACTIVE
SYN-U-12867,18,M,FREELANCER,34089.62,Khulna,563,APP,ANDROID,PAYROLL,ACTIVE
SYN-U-12868,35,F,STUDENT,16537.11,Jessore,1707,USSD,ANDROID,MASS,DORMANT
SYN-U-12869,25,F,SALARIED,61537.95,Gazipur,893,APP,ANDROID,MASS,ACTIVE
SYN-U-12870,51,M,BUSINESS,82528.9,Cumilla,1496,BRANCH,ANDROID,MASS,ACTIVE
SYN-U-12871,61,M,FREELANCER,80968.95,Chittagong,311,AGENT,ANDROID,MASS,DORMANT
SYN-U-12872,71,M,FREELANCER,65719.41,Cox's Bazar,2106,APP,ANDROID,MASS,ACTIVE
SYN-U-12873,50,M,FREELANCER,60031.41,Mymensingh,582,APP,ANDROID,MASS,ACTIVE
SYN-U-12874,33,M,STUDENT,15000.0,Khulna,1145,AGENT,ANDROID,MASS,ACTIVE
SYN-U-12875,31,F,SALARIED,58964.1,Dhaka,33,AGENT,ANDROID,STUDENT,ACTIVE
SYN-U-12876,63,M,SALARIED,100275.83,Rajshahi,1120,USSD,ANDROID,AFFLUENT,ACTIVE
SYN-U-12877,40,M,STUDENT,15152.46,Rajshahi,2012,APP,ANDROID,MASS,DORMANT
SYN-U-12878,43,M,SALARIED,54352.63,Chittagong,261,APP,ANDROID,MASS,ACTIVE
SYN-U-12879,51,F,FREELANCER,134516.64,Rajshahi,1245,APP,ANDROID,AFFLUENT,ACTIVE
SYN-U-12880,36,M,FREELANCER,22267.25,Dhaka,830,BRANCH,ANDROID,PAYROLL,ACTIVE
SYN-U-12881,70,O,SALARIED,61272.12,Dhaka,837,AGENT,ANDROID,PAYROLL,ACTIVE
SYN-U-12882,46,M,SALARIED,50016.51,Chittagong,2361,APP,IOS,MASS,DORMANT
SYN-U-12883,25,F,BUSINESS,227251.01,Chittagong,2242,USSD,ANDROID,AFFLUENT,ACTIVE
SYN-U-12884,28,F,SALARIED,68312.85,Rangpur,2194,APP,ANDROID,MASS,ACTIVE
SYN-U-12885,62,M,BUSINESS,74256.64,Khulna,2378,APP,IOS,MASS,ACTIVE
SYN-U-12886,19,M,SALARIED,41263.56,Dhaka,888,APP,ANDROID,MASS,DORMANT
SYN-U-12887,57,F,STUDENT,18922.58,Dhaka,1057,APP,ANDROID,MASS,ACTIVE
SYN-U-12888,70,M,BUSINESS,161873.91,Dhaka,2262,APP,ANDROID,AFFLUENT,ACTIVE
SYN-U-12889,47,M,STUDENT,15000.0,Dhaka,2420,AGENT,ANDROID,SME,ACTIVE
SYN-U-12890,30,F,SALARIED,25692.46,Khulna,245,APP,ANDROID,MASS,ACTIVE
SYN-U-12891,25,F,SALARIED,93450.82,Khulna,1910,APP,ANDROID,SME,ACTIVE
SYN-U-12892,71,O,FREELANCER,31396.12,Sylhet,1561,APP,IOS,MASS,ACTIVE
SYN-U-12893,40,F,SALARIED,34159.97,Barishal,2264,APP,ANDROID,STUDENT,ACTIVE
SYN-U-12894,51,M,STUDENT,31894.15,Dhaka,321,USSD,ANDROID,SME,ACTIVE
SYN-U-12895,42,F,STUDENT,22552.89,Dhaka,1990,APP,ANDROID,SME,ACTIVE
SYN-U-12896,44,F,BUSINESS,74956.95,Chittagong,837,AGENT,ANDROID,SME,ACTIVE
SYN-U-12897,65,M,FREELANCER,99785.69,Chittagong,1213,BRANCH,ANDROID,MASS,ACTIVE
SYN-U-12898,22,F,FREELANCER,43456.92,Gazipur,343,APP,ANDROID,MASS,ACTIVE
SYN-U-12899,63,F,BUSINESS,27240.51,Rangpur,1723,APP,ANDROID,STUDENT,ACTIVE
SYN-U-12900,57,F,BUSINESS,140962.77,Jessore,389,AGENT,ANDROID,AFFLUENT,ACTIVE
SYN-U-12901,43,M,BUSINESS,94938.71,Chittagong,892,APP,ANDROID,MASS,ACTIVE
SYN-U-12902,60,M,FREELANCER,53574.35,Narayanganj,1047,AGENT,ANDROID,MASS,ACTIVE
SYN-U-12903,27,M,BUSINESS,30529.02,Dhaka,1964,APP,IOS,MASS,ACTIVE
SYN-U-12904,37,F,FREELANCER,109827.03,Dhaka,1965,APP,ANDROID,SME,ACTIVE
SYN-U-12905,31,F,SALARIED,136570.93,Khulna,149,APP,ANDROID,SME,ACTIVE
SYN-U-12906,18,F,SALARIED,70189.68,Chittagong,1135,APP,ANDROID,PAYROLL,ACTIVE
SYN-U-12907,61,F,SALARIED,33956.32,Dhaka,456,APP,ANDROID,STUDENT,ACTIVE
SYN-U-12908,62,M,BUSINESS,46029.08,Dhaka,1773,APP,IOS,MASS,ACTIVE
SYN-U-12909,37,F,SALARIED,38448.44,Dhaka,1658,USSD,IOS,MASS,ACTIVE
SYN-U-12910,45,F,SALARIED,22482.71,Mymensingh,779,AGENT,ANDROID,STUDENT,ACTIVE
SYN-U-12911,38,M,RETIRED,26714.36,Rangpur,2381,APP,ANDROID,MASS,ACTIVE
SYN-U-12912,30,F,RETIRED,35847.84,Dhaka,1684,APP,IOS,STUDENT,ACTIVE
SYN-U-12913,36,M,BUSINESS,111151.79,Sylhet,1596,APP,ANDROID,AFFLUENT,ACTIVE
SYN-U-12914,50,F,SALARIED,26830.61,Rangpur,2149,APP,ANDROID,PAYROLL,ACTIVE
SYN-U-12915,53,F,BUSINESS,189092.47,Rajshahi,2411,AGENT,ANDROID,AFFLUENT,ACTIVE
SYN-U-12916,71,F,SALARIED,47711.57,Dhaka,1316,APP,ANDROID,MASS,ACTIVE
SYN-U-12917,37,M,STUDENT,34298.09,Barishal,1565,APP,ANDROID,AFFLUENT,ACTIVE
SYN-U-12918,40,M,SALARIED,49250.1,Dhaka,2187,APP,ANDROID,MASS,ACTIVE
SYN-U-12919,66,F,FREELANCER,144338.51,Chittagong,2218,USSD,ANDROID,AFFLUENT,ACTIVE
SYN-U-12920,58,F,SALARIED,25247.23,Chittagong,1225,APP,ANDROID,MASS,ACTIVE
SYN-U-12921,20,F,SALARIED,18852.76,Dhaka,205,APP,ANDROID,STUDENT,ACTIVE
SYN-U-12922,18,M,SALARIED,57769.26,Sylhet,2246,AGENT,ANDROID,MASS,ACTIVE
SYN-U-12923,64,F,HOMEMAKER,15000.0,Dhaka,691,APP,IOS,STUDENT,ACTIVE
SYN-U-12924,29,F,STUDENT,19335.94,Chittagong,1022,AGENT,ANDROID,MASS,ACTIVE
SYN-U-12925,33,F,SALARIED,91830.38,Rajshahi,874,AGENT,FEATURE_PHONE,SME,ACTIVE
SYN-U-12926,62,M,STUDENT,15000.0,Dhaka,715,APP,ANDROID,MASS,ACTIVE
SYN-U-12927,70,F,BUSINESS,40958.38,Dhaka,930,AGENT,ANDROID,MASS,ACTIVE
SYN-U-12928,50,M,SALARIED,40827.91,Khulna,1028,APP,ANDROID,MASS,ACTIVE
SYN-U-12929,31,F,SALARIED,45145.4,Chittagong,2089,APP,IOS,MASS,DORMANT
SYN-U-12930,26,M,STUDENT,21256.84,Dhaka,1923,APP,ANDROID,SME,ACTIVE
SYN-U-12931,48,M,FREELANCER,139582.79,Chittagong,2063,APP,ANDROID,SME,ACTIVE
SYN-U-12932,56,F,FREELANCER,79296.16,Dhaka,1152,APP,ANDROID,MASS,DORMANT
SYN-U-12933,23,M,SALARIED,79020.2,Rajshahi,450,AGENT,ANDROID,PAYROLL,ACTIVE
SYN-U-12934,30,F,BUSINESS,67345.72,Sylhet,1357,APP,ANDROID,MASS,ACTIVE
SYN-U-12935,61,F,SALARIED,53810.89,Dhaka,1437,APP,IOS,AFFLUENT,ACTIVE
SYN-U-12936,53,F,SALARIED,38939.12,Dhaka,474,AGENT,ANDROID,MASS,ACTIVE
SYN-U-12937,20,M,SALARIED,53932.37,Dhaka,223,APP,ANDROID,MASS,ACTIVE
SYN-U-12938,57,M,FREELANCER,112627.03,Gazipur,1250,APP,ANDROID,SME,ACTIVE
SYN-U-12939,50,M,SALARIED,42171.83,Dhaka,2313,APP,ANDROID,STUDENT,ACTIVE
SYN-U-12940,22,M,BUSINESS,198777.89,Dhaka,788,AGENT,ANDROID,AFFLUENT,ACTIVE
SYN-U-12941,50,F,STUDENT,39905.0,Chittagong,1468,APP,ANDROID,AFFLUENT,ACTIVE
SYN-U-12942,36,M,SALARIED,26505.29,Sylhet,1655,APP,IOS,MASS,RESTRICTED
SYN-U-12943,45,M,FREELANCER,17013.4,Cumilla,1912,APP,ANDROID,PAYROLL,ACTIVE
SYN-U-12944,20,M,FREELANCER,106929.88,Dhaka,739,AGENT,ANDROID,AFFLUENT,ACTIVE
SYN-U-12945,52,F,BUSINESS,67681.38,Rajshahi,323,APP,ANDROID,STUDENT,ACTIVE
SYN-U-12946,31,M,SALARIED,43979.87,Dhaka,1084,USSD,ANDROID,PAYROLL,ACTIVE
SYN-U-12947,28,M,BUSINESS,37755.42,Dhaka,166,APP,ANDROID,STUDENT,ACTIVE
SYN-U-12948,47,F,FREELANCER,56447.63,Chittagong,532,AGENT,ANDROID,PAYROLL,ACTIVE
SYN-U-12949,33,F,STUDENT,15888.56,Sylhet,1034,APP,ANDROID,MASS,ACTIVE
SYN-U-12950,71,M,FREELANCER,68274.81,Khulna,39,APP,ANDROID,MASS,ACTIVE
SYN-U-12951,31,F,FREELANCER,17942.87,Chittagong,1501,APP,ANDROID,MASS,ACTIVE
SYN-U-12952,23,M,SALARIED,72265.82,Sylhet,1675,APP,ANDROID,SME,ACTIVE
SYN-U-12953,34,F,FREELANCER,74008.68,Khulna,907,APP,IOS,AFFLUENT,ACTIVE
SYN-U-12954,38,M,SALARIED,138682.93,Khulna,1394,AGENT,ANDROID,AFFLUENT,ACTIVE
SYN-U-12955,21,F,SALARIED,126521.89,Dhaka,1590,APP,ANDROID,AFFLUENT,ACTIVE
SYN-U-12956,20,M,BUSINESS,41265.52,Barishal,563,APP,ANDROID,MASS,ACTIVE
SYN-U-12957,57,F,STUDENT,15000.0,Sylhet,710,APP,ANDROID,STUDENT,DORMANT
SYN-U-12958,37,M,SALARIED,43982.59,Bogura,2084,AGENT,IOS,MASS,ACTIVE
SYN-U-12959,53,F,SALARIED,66245.4,Khulna,1424,APP,ANDROID,SME,ACTIVE
SYN-U-12960,59,F,SALARIED,72090.62,Chittagong,843,APP,ANDROID,AFFLUENT,ACTIVE
SYN-U-12961,63,M,SALARIED,69050.49,Sylhet,1856,APP,ANDROID,SME,ACTIVE
SYN-U-12962,51,M,FREELANCER,89466.02,Sylhet,1783,APP,IOS,SME,ACTIVE
SYN-U-12963,22,F,FREELANCER,44054.2,Barishal,802,BRANCH,ANDROID,STUDENT,ACTIVE
SYN-U-12964,58,M,FREELANCER,22803.54,Dhaka,873,APP,ANDROID,MASS,ACTIVE
SYN-U-12965,60,M,SALARIED,50001.56,Dhaka,1029,APP,IOS,MASS,ACTIVE
SYN-U-12966,22,F,SALARIED,74467.59,Sylhet,1968,AGENT,ANDROID,MASS,ACTIVE
SYN-U-12967,71,F,FREELANCER,21659.17,Chittagong,1285,APP,ANDROID,PAYROLL,ACTIVE
SYN-U-12968,44,M,SALARIED,34162.63,Rajshahi,439,APP,ANDROID,MASS,ACTIVE
SYN-U-12969,48,M,SALARIED,52299.35,Dhaka,140,APP,ANDROID,MASS,ACTIVE
SYN-U-12970,34,F,SALARIED,50932.47,Dhaka,549,APP,ANDROID,MASS,ACTIVE
SYN-U-12971,38,F,BUSINESS,86813.5,Rangpur,390,APP,ANDROID,AFFLUENT,ACTIVE
SYN-U-12972,71,M,SALARIED,75903.89,Chittagong,928,APP,ANDROID,SME,ACTIVE
SYN-U-12973,24,F,SALARIED,47374.58,Dhaka,2357,BRANCH,ANDROID,STUDENT,ACTIVE
SYN-U-12974,40,M,FREELANCER,65002.98,Chittagong,141,AGENT,ANDROID,MASS,ACTIVE
SYN-U-12975,22,F,STUDENT,15000.0,Khulna,2289,APP,ANDROID,STUDENT,ACTIVE
SYN-U-12976,63,M,SALARIED,21314.87,Chittagong,794,AGENT,ANDROID,MASS,ACTIVE
SYN-U-12977,40,M,BUSINESS,78098.26,Cumilla,1318,APP,ANDROID,PAYROLL,ACTIVE
SYN-U-12978,30,F,STUDENT,26025.74,Dhaka,1534,BRANCH,ANDROID,SME,ACTIVE
SYN-U-12979,27,F,BUSINESS,44514.82,Dhaka,437,APP,ANDROID,MASS,ACTIVE
SYN-U-12980,43,M,SALARIED,52801.41,Rangpur,742,BRANCH,ANDROID,MASS,ACTIVE
SYN-U-12981,29,F,SALARIED,75915.84,Rajshahi,1019,APP,IOS,AFFLUENT,ACTIVE
SYN-U-12982,37,F,STUDENT,15000.0,Rangpur,768,BRANCH,ANDROID,MASS,ACTIVE
SYN-U-12983,55,F,HOMEMAKER,51500.32,Khulna,278,AGENT,ANDROID,AFFLUENT,ACTIVE
SYN-U-12984,34,F,FREELANCER,62293.13,Bogura,1922,APP,ANDROID,PAYROLL,ACTIVE
SYN-U-12985,26,M,SALARIED,18079.98,Rajshahi,377,APP,ANDROID,MASS,ACTIVE
SYN-U-12986,45,M,BUSINESS,53315.07,Dhaka,636,AGENT,ANDROID,MASS,ACTIVE
SYN-U-12987,34,M,BUSINESS,49003.33,Dhaka,903,APP,ANDROID,MASS,ACTIVE
SYN-U-12988,53,F,FREELANCER,71253.67,Sylhet,1822,AGENT,ANDROID,MASS,ACTIVE
SYN-U-12989,71,F,BUSINESS,51923.35,Dhaka,2040,APP,ANDROID,MASS,ACTIVE
SYN-U-12990,52,F,SALARIED,49627.18,Dhaka,1458,APP,ANDROID,MASS,ACTIVE
SYN-U-12991,36,M,SALARIED,41070.83,Chittagong,1647,APP,ANDROID,MASS,ACTIVE
SYN-U-12992,35,F,SALARIED,96398.61,Khulna,1414,APP,ANDROID,AFFLUENT,ACTIVE
SYN-U-12993,53,F,STUDENT,17614.59,Sylhet,1843,APP,ANDROID,MASS,ACTIVE
SYN-U-12994,64,F,SALARIED,77082.13,Dhaka,2400,BRANCH,ANDROID,MASS,ACTIVE
SYN-U-12995,51,M,SALARIED,80017.95,Dhaka,1339,APP,ANDROID,MASS,ACTIVE
SYN-U-12996,52,M,STUDENT,15000.0,Dhaka,81,APP,IOS,MASS,ACTIVE
SYN-U-12997,31,F,RETIRED,98134.98,Chittagong,1367,APP,IOS,AFFLUENT,ACTIVE
SYN-U-12998,47,M,FREELANCER,42005.76,Rajshahi,2278,USSD,ANDROID,MASS,ACTIVE
SYN-U-12999,38,M,HOMEMAKER,25368.72,Dhaka,1463,APP,ANDROID,MASS,ACTIVE
SYN-U-13000,40,M,SALARIED,43338.71,Khulna,2266,AGENT,ANDROID,MASS,ACTIVE
SYN-U-13001,38,F,SALARIED,51486.99,Dhaka,453,AGENT,ANDROID,STUDENT,ACTIVE
SYN-U-13002,53,M,SALARIED,44014.4,Dhaka,2378,APP,ANDROID,STUDENT,ACTIVE
SYN-U-13003,45,M,BUSINESS,88347.17,Gazipur,937,APP,ANDROID,PAYROLL,ACTIVE
SYN-U-13004,47,M,BUSINESS,66933.39,Dhaka,192,BRANCH,ANDROID,MASS,ACTIVE
SYN-U-13005,44,F,STUDENT,15000.0,Sylhet,1380,APP,ANDROID,PAYROLL,ACTIVE
SYN-U-13006,51,M,BUSINESS,15000.0,Rajshahi,1675,APP,ANDROID,STUDENT,ACTIVE
SYN-U-13007,22,F,BUSINESS,59187.42,Barishal,1460,APP,ANDROID,PAYROLL,ACTIVE
SYN-U-13008,24,M,BUSINESS,69112.09,Sylhet,1328,APP,ANDROID,STUDENT,ACTIVE
SYN-U-13009,48,M,BUSINESS,77773.31,Chittagong,901,BRANCH,ANDROID,PAYROLL,ACTIVE
SYN-U-13010,53,F,BUSINESS,171515.59,Chittagong,60,APP,ANDROID,SME,ACTIVE
SYN-U-13011,37,M,FREELANCER,81193.06,Dhaka,2322,BRANCH,ANDROID,SME,ACTIVE
SYN-U-13012,54,F,SALARIED,75068.98,Mymensingh,1857,APP,ANDROID,MASS,ACTIVE
SYN-U-13013,37,M,HOMEMAKER,48066.43,Khulna,227,APP,ANDROID,AFFLUENT,ACTIVE
SYN-U-13014,47,F,STUDENT,17699.38,Chittagong,1105,AGENT,IOS,MASS,ACTIVE
SYN-U-13015,21,M,SALARIED,54841.59,Cox's Bazar,1695,APP,ANDROID,PAYROLL,ACTIVE
SYN-U-13016,45,M,STUDENT,15000.0,Chittagong,2454,USSD,IOS,STUDENT,ACTIVE
SYN-U-13017,39,M,BUSINESS,35869.18,Chittagong,1359,APP,ANDROID,STUDENT,ACTIVE
SYN-U-13018,40,M,SALARIED,49013.37,Narayanganj,1663,APP,ANDROID,MASS,ACTIVE
SYN-U-13019,47,F,SALARIED,44507.91,Dhaka,548,APP,ANDROID,MASS,ACTIVE
SYN-U-13020,63,F,SALARIED,66376.76,Dhaka,2163,USSD,ANDROID,MASS,ACTIVE
SYN-U-13021,26,M,STUDENT,41232.66,Sylhet,1986,AGENT,ANDROID,AFFLUENT,ACTIVE
SYN-U-13022,49,M,SALARIED,43128.6,Mymensingh,188,BRANCH,ANDROID,MASS,ACTIVE
SYN-U-13023,39,M,FREELANCER,15000.0,Dhaka,642,AGENT,FEATURE_PHONE,MASS,ACTIVE
SYN-U-13024,20,M,FREELANCER,81767.7,Dhaka,1480,AGENT,ANDROID,MASS,ACTIVE
SYN-U-13025,68,F,STUDENT,27561.72,Cumilla,210,APP,ANDROID,SME,DORMANT
SYN-U-13026,68,F,SALARIED,70892.15,Chittagong,2048,APP,ANDROID,PAYROLL,ACTIVE
SYN-U-13027,38,F,BUSINESS,60570.13,Dhaka,1436,APP,IOS,MASS,ACTIVE
SYN-U-13028,25,F,SALARIED,30072.65,Mymensingh,1706,APP,ANDROID,MASS,ACTIVE
SYN-U-13029,21,M,BUSINESS,64476.03,Chittagong,1551,BRANCH,ANDROID,MASS,ACTIVE
SYN-U-13030,61,F,SALARIED,126397.95,Chittagong,1288,AGENT,IOS,AFFLUENT,ACTIVE
SYN-U-13031,48,F,BUSINESS,17979.67,Dhaka,1470,USSD,ANDROID,STUDENT,ACTIVE
SYN-U-13032,18,M,SALARIED,149508.87,Gazipur,257,APP,ANDROID,AFFLUENT,ACTIVE
SYN-U-13033,51,M,SALARIED,51526.89,Chittagong,357,APP,ANDROID,MASS,ACTIVE
SYN-U-13034,18,M,FREELANCER,40301.33,Dhaka,2227,AGENT,ANDROID,MASS,ACTIVE
SYN-U-13035,49,M,SALARIED,51665.74,Chittagong,1397,BRANCH,ANDROID,MASS,ACTIVE
SYN-U-13036,31,F,BUSINESS,83951.62,Chittagong,1684,APP,ANDROID,PAYROLL,ACTIVE
SYN-U-13037,64,M,SALARIED,47002.72,Barishal,1294,APP,IOS,AFFLUENT,ACTIVE
SYN-U-13038,41,F,BUSINESS,86127.8,Rangpur,2025,USSD,ANDROID,PAYROLL,ACTIVE
SYN-U-13039,22,M,BUSINESS,89865.35,Dhaka,1764,APP,ANDROID,SME,ACTIVE
SYN-U-13040,45,M,SALARIED,71620.07,Dhaka,2058,APP,ANDROID,SME,ACTIVE
SYN-U-13041,53,M,SALARIED,55606.29,Dhaka,849,AGENT,IOS,MASS,ACTIVE
SYN-U-13042,58,F,STUDENT,16354.06,Chittagong,555,AGENT,IOS,AFFLUENT,ACTIVE
SYN-U-13043,38,F,SALARIED,32075.01,Dhaka,1558,APP,ANDROID,STUDENT,ACTIVE
SYN-U-13044,63,O,BUSINESS,238815.77,Sylhet,1675,APP,ANDROID,AFFLUENT,ACTIVE
SYN-U-13045,55,F,FREELANCER,64404.87,Cox's Bazar,788,APP,ANDROID,MASS,ACTIVE
SYN-U-13046,51,F,SALARIED,50991.59,Dhaka,722,USSD,ANDROID,MASS,ACTIVE
SYN-U-13047,70,M,HOMEMAKER,15000.0,Dhaka,2462,APP,ANDROID,MASS,ACTIVE
SYN-U-13048,71,F,SALARIED,26756.48,Khulna,1313,APP,ANDROID,MASS,ACTIVE
SYN-U-13049,26,F,STUDENT,29737.8,Chittagong,1763,AGENT,ANDROID,SME,ACTIVE
SYN-U-13050,25,F,SALARIED,41867.78,Chittagong,1537,APP,ANDROID,PAYROLL,ACTIVE
SYN-U-13051,19,M,SALARIED,52550.77,Dhaka,1599,AGENT,ANDROID,SME,ACTIVE
SYN-U-13052,46,M,STUDENT,25866.01,Sylhet,2363,APP,ANDROID,MASS,ACTIVE
SYN-U-13053,61,M,FREELANCER,71709.46,Dhaka,2229,APP,ANDROID,PAYROLL,ACTIVE
SYN-U-13054,20,M,HOMEMAKER,21915.08,Dhaka,649,BRANCH,ANDROID,MASS,ACTIVE
SYN-U-13055,59,F,SALARIED,77076.93,Dhaka,319,AGENT,ANDROID,AFFLUENT,ACTIVE
SYN-U-13056,23,M,STUDENT,53869.43,Sylhet,1058,APP,ANDROID,AFFLUENT,ACTIVE
SYN-U-13057,35,M,FREELANCER,46364.3,Bogura,1008,AGENT,IOS,MASS,ACTIVE
SYN-U-13058,40,M,BUSINESS,15000.0,Mymensingh,1479,APP,IOS,MASS,ACTIVE
SYN-U-13059,42,F,BUSINESS,41982.07,Dhaka,818,BRANCH,ANDROID,MASS,ACTIVE
SYN-U-13060,49,F,RETIRED,26654.48,Dhaka,1551,APP,ANDROID,MASS,ACTIVE
SYN-U-13061,22,F,SALARIED,134245.56,Sylhet,2257,APP,ANDROID,AFFLUENT,ACTIVE
SYN-U-13062,71,M,SALARIED,45444.79,Rajshahi,2173,APP,ANDROID,MASS,ACTIVE
SYN-U-13063,39,F,HOMEMAKER,15000.0,Mymensingh,1930,AGENT,ANDROID,MASS,ACTIVE
SYN-U-13064,31,F,BUSINESS,78124.21,Rajshahi,1357,AGENT,ANDROID,AFFLUENT,ACTIVE
SYN-U-13065,29,M,STUDENT,21169.69,Dhaka,1742,APP,ANDROID,PAYROLL,ACTIVE
SYN-U-13066,57,M,SALARIED,53849.76,Barishal,413,AGENT,ANDROID,MASS,ACTIVE
SYN-U-13067,25,M,BUSINESS,211474.26,Chittagong,1488,APP,ANDROID,AFFLUENT,ACTIVE
SYN-U-13068,54,F,SALARIED,45998.01,Mymensingh,839,APP,ANDROID,MASS,ACTIVE
SYN-U-13069,53,F,FREELANCER,15000.0,Barishal,1372,APP,ANDROID,STUDENT,ACTIVE
SYN-U-13070,66,F,SALARIED,66836.81,Cumilla,1487,BRANCH,ANDROID,MASS,ACTIVE
SYN-U-13071,36,F,BUSINESS,96790.14,Gazipur,321,BRANCH,ANDROID,AFFLUENT,ACTIVE
SYN-U-13072,64,M,SALARIED,64833.67,Rangpur,967,BRANCH,IOS,PAYROLL,ACTIVE
SYN-U-13073,30,F,STUDENT,28197.73,Chittagong,1098,APP,ANDROID,MASS,ACTIVE
SYN-U-13074,47,M,SALARIED,26369.34,Chittagong,2311,AGENT,IOS,MASS,ACTIVE
SYN-U-13075,55,M,FREELANCER,35668.38,Bogura,1106,APP,IOS,MASS,ACTIVE
SYN-U-13076,48,M,SALARIED,80490.02,Dhaka,2175,BRANCH,ANDROID,MASS,ACTIVE
SYN-U-13077,19,F,BUSINESS,29972.79,Sylhet,1932,APP,ANDROID,PAYROLL,ACTIVE
SYN-U-13078,44,F,BUSINESS,98644.19,Barishal,254,APP,FEATURE_PHONE,SME,DORMANT
SYN-U-13079,67,M,SALARIED,49215.47,Sylhet,2159,AGENT,ANDROID,MASS,ACTIVE
SYN-U-13080,28,F,RETIRED,21088.05,Narayanganj,1192,BRANCH,IOS,MASS,ACTIVE
SYN-U-13081,39,F,BUSINESS,163563.62,Dhaka,788,USSD,ANDROID,AFFLUENT,ACTIVE
SYN-U-13082,57,M,BUSINESS,166006.47,Sylhet,547,AGENT,ANDROID,SME,ACTIVE
SYN-U-13083,20,M,BUSINESS,185278.66,Sylhet,1027,APP,ANDROID,AFFLUENT,ACTIVE
SYN-U-13084,68,F,SALARIED,62489.1,Chittagong,716,APP,ANDROID,MASS,ACTIVE
SYN-U-13085,31,M,FREELANCER,89785.94,Chittagong,2237,AGENT,ANDROID,AFFLUENT,ACTIVE
SYN-U-13086,20,F,HOMEMAKER,49799.05,Sylhet,2476,APP,ANDROID,SME,ACTIVE
SYN-U-13087,58,M,SALARIED,86915.47,Dhaka,2013,AGENT,FEATURE_PHONE,AFFLUENT,ACTIVE
SYN-U-13088,21,M,SALARIED,83322.28,Rajshahi,1851,APP,IOS,MASS,ACTIVE
SYN-U-13089,38,M,SALARIED,73164.18,Gazipur,1529,APP,ANDROID,SME,ACTIVE
SYN-U-13090,63,M,BUSINESS,58115.75,Dhaka,1410,APP,ANDROID,MASS,ACTIVE
SYN-U-13091,25,M,SALARIED,73646.35,Cumilla,1430,APP,ANDROID,AFFLUENT,ACTIVE
SYN-U-13092,28,M,RETIRED,61751.96,Dhaka,637,APP,ANDROID,MASS,ACTIVE
SYN-U-13093,21,F,RETIRED,20333.52,Chittagong,306,APP,ANDROID,MASS,ACTIVE
SYN-U-13094,32,F,FREELANCER,47199.83,Chittagong,1943,APP,ANDROID,STUDENT,ACTIVE
SYN-U-13095,69,M,SALARIED,33563.65,Gazipur,2470,BRANCH,ANDROID,STUDENT,ACTIVE
SYN-U-13096,23,F,FREELANCER,33378.98,Dhaka,1762,APP,ANDROID,MASS,ACTIVE
SYN-U-13097,40,F,SALARIED,95890.8,Gazipur,2494,APP,ANDROID,AFFLUENT,ACTIVE
SYN-U-13098,44,F,FREELANCER,216674.52,Dhaka,2377,AGENT,ANDROID,AFFLUENT,ACTIVE
SYN-U-13099,35,M,BUSINESS,91293.54,Dhaka,2104,APP,ANDROID,MASS,ACTIVE
SYN-U-13100,30,M,STUDENT,24061.95,Dhaka,1498,BRANCH,ANDROID,MASS,ACTIVE
SYN-U-13101,58,F,SALARIED,54506.26,Dhaka,1391,BRANCH,FEATURE_PHONE,MASS,ACTIVE
SYN-U-13102,20,F,BUSINESS,70323.0,Dhaka,575,APP,ANDROID,MASS,ACTIVE
SYN-U-13103,56,M,SALARIED,30834.78,Cox's Bazar,590,APP,ANDROID,MASS,ACTIVE
SYN-U-13104,44,F,SALARIED,60810.31,Dhaka,1694,APP,ANDROID,MASS,ACTIVE
SYN-U-13105,48,F,SALARIED,129129.48,Chittagong,1777,APP,ANDROID,AFFLUENT,ACTIVE
SYN-U-13106,68,M,SALARIED,91280.68,Dhaka,723,AGENT,IOS,MASS,ACTIVE
SYN-U-13107,36,M,HOMEMAKER,56163.17,Chittagong,1529,APP,ANDROID,AFFLUENT,ACTIVE
SYN-U-13108,68,F,SALARIED,58332.9,Dhaka,1122,APP,ANDROID,AFFLUENT,ACTIVE
SYN-U-13109,71,M,BUSINESS,22651.98,Rajshahi,1869,APP,ANDROID,MASS,ACTIVE
SYN-U-13110,70,M,BUSINESS,234179.82,Dhaka,1320,AGENT,ANDROID,AFFLUENT,ACTIVE
SYN-U-13111,51,F,STUDENT,15000.0,Rangpur,911,BRANCH,ANDROID,STUDENT,ACTIVE
SYN-U-13112,58,M,SALARIED,62017.24,Chittagong,966,AGENT,ANDROID,MASS,ACTIVE
SYN-U-13113,57,F,FREELANCER,68136.8,Dhaka,2403,AGENT,ANDROID,MASS,ACTIVE
SYN-U-13114,59,M,SALARIED,72859.97,Dhaka,75,AGENT,ANDROID,MASS,ACTIVE
SYN-U-13115,19,M,SALARIED,32364.43,Chittagong,1685,AGENT,ANDROID,MASS,ACTIVE
SYN-U-13116,53,F,FREELANCER,45165.01,Rajshahi,1239,APP,ANDROID,MASS,ACTIVE
SYN-U-13117,55,F,FREELANCER,45877.72,Mymensingh,2300,AGENT,ANDROID,MASS,ACTIVE
SYN-U-13118,35,F,BUSINESS,67619.27,Dhaka,643,APP,ANDROID,MASS,ACTIVE
SYN-U-13119,29,F,SALARIED,142765.41,Bogura,1028,APP,ANDROID,AFFLUENT,ACTIVE
SYN-U-13120,52,M,SALARIED,136520.45,Chittagong,1234,BRANCH,ANDROID,AFFLUENT,ACTIVE
SYN-U-13121,47,F,FREELANCER,95475.15,Rajshahi,1750,APP,ANDROID,SME,ACTIVE
SYN-U-13122,57,F,STUDENT,23975.07,Gazipur,684,AGENT,ANDROID,MASS,ACTIVE
SYN-U-13123,27,M,SALARIED,53878.91,Barishal,1748,APP,ANDROID,MASS,ACTIVE
SYN-U-13124,29,F,SALARIED,51526.69,Chittagong,338,APP,ANDROID,MASS,ACTIVE
SYN-U-13125,28,M,SALARIED,51382.17,Sylhet,610,APP,ANDROID,MASS,ACTIVE
SYN-U-13126,70,F,SALARIED,42758.44,Dhaka,374,APP,IOS,STUDENT,ACTIVE
SYN-U-13127,32,F,BUSINESS,69534.45,Mymensingh,431,APP,IOS,PAYROLL,ACTIVE
SYN-U-13128,65,M,SALARIED,43907.32,Dhaka,729,AGENT,ANDROID,MASS,ACTIVE
SYN-U-13129,62,F,BUSINESS,100451.07,Cumilla,487,APP,ANDROID,MASS,ACTIVE
SYN-U-13130,18,M,SALARIED,22810.02,Mymensingh,1614,AGENT,ANDROID,MASS,ACTIVE
SYN-U-13131,57,F,BUSINESS,163735.46,Chittagong,216,APP,IOS,AFFLUENT,ACTIVE
SYN-U-13132,50,F,BUSINESS,57544.83,Dhaka,697,APP,ANDROID,STUDENT,ACTIVE
SYN-U-13133,18,M,STUDENT,23024.19,Dhaka,633,APP,ANDROID,MASS,ACTIVE
SYN-U-13134,37,F,RETIRED,15000.0,Chittagong,1047,AGENT,ANDROID,MASS,ACTIVE
SYN-U-13135,63,M,BUSINESS,81233.1,Khulna,2113,APP,ANDROID,MASS,ACTIVE
SYN-U-13136,47,M,SALARIED,56863.47,Sylhet,396,AGENT,ANDROID,MASS,DORMANT
SYN-U-13137,40,O,BUSINESS,88311.63,Gazipur,1370,APP,ANDROID,MASS,ACTIVE
SYN-U-13138,21,M,STUDENT,22659.34,Dhaka,948,APP,ANDROID,SME,ACTIVE
SYN-U-13139,52,F,FREELANCER,53944.24,Sylhet,1453,AGENT,ANDROID,MASS,ACTIVE
SYN-U-13140,48,F,FREELANCER,39020.48,Dhaka,1804,APP,ANDROID,MASS,ACTIVE
SYN-U-13141,43,F,SALARIED,32910.7,Chittagong,1010,BRANCH,ANDROID,MASS,ACTIVE
SYN-U-13142,48,F,SALARIED,61595.06,Gazipur,954,APP,IOS,MASS,ACTIVE
SYN-U-13143,56,F,BUSINESS,43270.14,Dhaka,752,APP,ANDROID,MASS,ACTIVE
SYN-U-13144,57,M,SALARIED,24297.35,Rajshahi,2194,APP,IOS,MASS,ACTIVE
SYN-U-13145,31,M,SALARIED,46084.27,Dhaka,1470,USSD,IOS,STUDENT,ACTIVE
SYN-U-13146,28,F,BUSINESS,233185.97,Chittagong,899,AGENT,ANDROID,AFFLUENT,ACTIVE
SYN-U-13147,48,F,STUDENT,47441.88,Cumilla,168,USSD,ANDROID,SME,ACTIVE
SYN-U-13148,32,F,BUSINESS,15000.0,Dhaka,1943,APP,IOS,MASS,ACTIVE
SYN-U-13149,38,F,STUDENT,30280.11,Chittagong,1729,BRANCH,FEATURE_PHONE,SME,ACTIVE
SYN-U-13150,23,F,BUSINESS,61716.05,Sylhet,1922,APP,ANDROID,MASS,ACTIVE
SYN-U-13151,43,F,BUSINESS,37044.09,Dhaka,1504,APP,IOS,MASS,ACTIVE
SYN-U-13152,31,M,SALARIED,45988.27,Dhaka,2349,AGENT,ANDROID,PAYROLL,ACTIVE
SYN-U-13153,56,M,STUDENT,20264.16,Sylhet,156,APP,ANDROID,MASS,ACTIVE
SYN-U-13154,24,F,SALARIED,82149.7,Chittagong,1210,APP,FEATURE_PHONE,SME,ACTIVE
SYN-U-13155,54,M,SALARIED,25592.71,Khulna,1057,AGENT,ANDROID,MASS,ACTIVE
SYN-U-13156,43,M,STUDENT,20550.3,Cumilla,1143,APP,FEATURE_PHONE,MASS,ACTIVE
SYN-U-13157,48,F,HOMEMAKER,33715.78,Rangpur,2412,APP,ANDROID,MASS,ACTIVE
SYN-U-13158,65,M,SALARIED,18982.56,Sylhet,1814,APP,ANDROID,MASS,ACTIVE
SYN-U-13159,36,F,SALARIED,62942.17,Bogura,584,APP,ANDROID,AFFLUENT,ACTIVE
SYN-U-13160,45,M,BUSINESS,62866.12,Chittagong,870,AGENT,ANDROID,MASS,ACTIVE
SYN-U-13161,39,M,STUDENT,15000.0,Rangpur,896,AGENT,ANDROID,MASS,ACTIVE
SYN-U-13162,27,M,SALARIED,28611.2,Dhaka,2218,APP,ANDROID,STUDENT,ACTIVE
SYN-U-13163,18,F,STUDENT,25008.71,Dhaka,1845,AGENT,FEATURE_PHONE,MASS,ACTIVE
SYN-U-13164,71,F,BUSINESS,109378.09,Dhaka,614,BRANCH,IOS,SME,ACTIVE
SYN-U-13165,32,M,SALARIED,48593.53,Khulna,1584,APP,ANDROID,MASS,ACTIVE
SYN-U-13166,54,M,FREELANCER,77670.16,Dhaka,57,AGENT,ANDROID,MASS,ACTIVE
SYN-U-13167,41,F,FREELANCER,64817.85,Dhaka,1668,APP,ANDROID,MASS,ACTIVE
SYN-U-13168,30,M,HOMEMAKER,28619.39,Chittagong,408,APP,ANDROID,MASS,ACTIVE
SYN-U-13169,38,M,FREELANCER,142198.78,Rajshahi,818,APP,IOS,AFFLUENT,ACTIVE
SYN-U-13170,29,M,BUSINESS,75359.82,Cox's Bazar,1104,APP,ANDROID,MASS,ACTIVE
SYN-U-13171,38,M,RETIRED,43952.91,Rajshahi,1661,BRANCH,ANDROID,PAYROLL,ACTIVE
SYN-U-13172,41,F,SALARIED,56593.93,Rajshahi,2446,APP,ANDROID,MASS,ACTIVE
SYN-U-13173,36,F,SALARIED,75766.57,Chittagong,1426,USSD,FEATURE_PHONE,SME,ACTIVE
SYN-U-13174,41,M,BUSINESS,28798.55,Gazipur,819,AGENT,ANDROID,STUDENT,ACTIVE
SYN-U-13175,49,M,BUSINESS,95802.84,Dhaka,893,APP,ANDROID,MASS,ACTIVE
SYN-U-13176,23,M,FREELANCER,21762.95,Dhaka,1021,APP,ANDROID,PAYROLL,ACTIVE
SYN-U-13177,24,F,BUSINESS,63083.88,Chittagong,642,AGENT,ANDROID,MASS,ACTIVE
SYN-U-13178,37,M,SALARIED,68221.76,Khulna,1369,APP,ANDROID,MASS,ACTIVE
SYN-U-13179,49,F,RETIRED,35568.3,Chittagong,2087,APP,ANDROID,MASS,ACTIVE
SYN-U-13180,31,M,BUSINESS,79141.35,Cumilla,1160,APP,ANDROID,MASS,ACTIVE
SYN-U-13181,64,F,SALARIED,116237.94,Khulna,1397,USSD,ANDROID,AFFLUENT,ACTIVE
SYN-U-13182,51,M,SALARIED,34880.37,Mymensingh,996,APP,ANDROID,MASS,DORMANT
SYN-U-13183,42,F,SALARIED,38876.3,Sylhet,257,AGENT,ANDROID,MASS,ACTIVE
SYN-U-13184,40,M,STUDENT,20559.97,Chittagong,302,USSD,FEATURE_PHONE,AFFLUENT,ACTIVE
SYN-U-13185,32,F,SALARIED,135114.84,Chittagong,2109,APP,ANDROID,AFFLUENT,ACTIVE
SYN-U-13186,25,F,BUSINESS,31192.07,Sylhet,1120,AGENT,ANDROID,MASS,ACTIVE
SYN-U-13187,55,F,BUSINESS,100222.49,Gazipur,1837,BRANCH,IOS,AFFLUENT,ACTIVE
SYN-U-13188,68,F,SALARIED,33868.63,Dhaka,1759,APP,ANDROID,MASS,ACTIVE
SYN-U-13189,30,M,SALARIED,36553.26,Chittagong,758,AGENT,ANDROID,MASS,RESTRICTED
SYN-U-13190,56,M,BUSINESS,137794.63,Barishal,870,AGENT,ANDROID,MASS,ACTIVE
SYN-U-13191,45,F,BUSINESS,80719.02,Dhaka,1996,APP,IOS,MASS,ACTIVE
SYN-U-13192,52,M,STUDENT,25495.87,Sylhet,374,BRANCH,ANDROID,AFFLUENT,ACTIVE
SYN-U-13193,63,F,SALARIED,60448.23,Dhaka,1052,BRANCH,ANDROID,MASS,ACTIVE
SYN-U-13194,70,M,SALARIED,140406.89,Rangpur,2245,APP,ANDROID,SME,ACTIVE
SYN-U-13195,36,M,SALARIED,80331.88,Barishal,165,APP,IOS,SME,ACTIVE
SYN-U-13196,18,M,FREELANCER,39682.32,Dhaka,1527,AGENT,ANDROID,MASS,ACTIVE
SYN-U-13197,66,M,SALARIED,43902.19,Dhaka,2260,USSD,ANDROID,MASS,ACTIVE
SYN-U-13198,61,M,BUSINESS,99908.32,Dhaka,1711,APP,IOS,MASS,ACTIVE
SYN-U-13199,23,M,SALARIED,57025.64,Sylhet,1252,APP,ANDROID,MASS,ACTIVE
SYN-U-13200,40,M,SALARIED,40606.3,Dhaka,1250,BRANCH,ANDROID,MASS,ACTIVE
SYN-U-13201,56,M,FREELANCER,93929.42,Dhaka,1832,AGENT,ANDROID,MASS,ACTIVE
SYN-U-13202,18,M,SALARIED,22157.26,Narayanganj,251,APP,ANDROID,MASS,ACTIVE
SYN-U-13203,58,F,FREELANCER,151622.71,Dhaka,1684,USSD,ANDROID,AFFLUENT,ACTIVE
SYN-U-13204,43,F,SALARIED,56291.14,Chittagong,707,APP,ANDROID,MASS,ACTIVE
SYN-U-13205,25,M,FREELANCER,33301.45,Chittagong,1058,APP,ANDROID,STUDENT,ACTIVE
SYN-U-13206,46,M,BUSINESS,78787.88,Sylhet,1961,AGENT,FEATURE_PHONE,MASS,ACTIVE
SYN-U-13207,31,M,SALARIED,75180.03,Chittagong,2003,AGENT,ANDROID,MASS,ACTIVE
SYN-U-13208,57,F,BUSINESS,72486.27,Dhaka,473,AGENT,ANDROID,MASS,ACTIVE
SYN-U-13209,33,M,FREELANCER,77037.91,Chittagong,2150,BRANCH,ANDROID,MASS,ACTIVE
SYN-U-13210,58,F,BUSINESS,15000.0,Khulna,2134,AGENT,IOS,STUDENT,ACTIVE
SYN-U-13211,60,F,BUSINESS,55447.95,Dhaka,2314,APP,ANDROID,MASS,ACTIVE
SYN-U-13212,36,F,FREELANCER,91242.97,Dhaka,1331,APP,ANDROID,MASS,ACTIVE
SYN-U-13213,54,F,FREELANCER,58981.18,Narayanganj,2491,APP,ANDROID,PAYROLL,ACTIVE
SYN-U-13214,41,M,SALARIED,139758.14,Cumilla,203,APP,ANDROID,AFFLUENT,ACTIVE
SYN-U-13215,18,M,SALARIED,24279.96,Rajshahi,800,APP,ANDROID,STUDENT,ACTIVE
SYN-U-13216,34,F,BUSINESS,158491.89,Chittagong,825,AGENT,ANDROID,SME,ACTIVE
SYN-U-13217,27,F,FREELANCER,79541.57,Rajshahi,1162,AGENT,ANDROID,MASS,ACTIVE
SYN-U-13218,21,M,STUDENT,26887.76,Dhaka,2101,AGENT,ANDROID,MASS,ACTIVE
SYN-U-13219,46,M,BUSINESS,51982.84,Dhaka,64,USSD,ANDROID,MASS,ACTIVE
SYN-U-13220,65,F,BUSINESS,110848.49,Gazipur,1594,APP,ANDROID,SME,ACTIVE
SYN-U-13221,47,M,SALARIED,78456.9,Dhaka,2303,APP,ANDROID,SME,ACTIVE
SYN-U-13222,71,M,SALARIED,132392.8,Chittagong,662,APP,ANDROID,AFFLUENT,ACTIVE
SYN-U-13223,45,F,FREELANCER,15000.0,Gazipur,1391,APP,ANDROID,AFFLUENT,ACTIVE
SYN-U-13224,67,F,SALARIED,52359.64,Dhaka,557,AGENT,ANDROID,MASS,ACTIVE
SYN-U-13225,63,F,FREELANCER,67131.17,Rajshahi,1997,AGENT,ANDROID,MASS,ACTIVE
SYN-U-13226,19,F,SALARIED,51876.1,Chittagong,2428,APP,ANDROID,MASS,ACTIVE
SYN-U-13227,64,F,SALARIED,104039.2,Dhaka,370,AGENT,ANDROID,AFFLUENT,ACTIVE
SYN-U-13228,30,M,SALARIED,89197.1,Chittagong,1583,APP,ANDROID,AFFLUENT,ACTIVE
SYN-U-13229,55,M,HOMEMAKER,31889.51,Chittagong,1798,APP,IOS,PAYROLL,ACTIVE
SYN-U-13230,26,M,SALARIED,50966.47,Cumilla,1808,APP,ANDROID,MASS,ACTIVE
SYN-U-13231,67,M,RETIRED,15868.16,Sylhet,1073,USSD,ANDROID,MASS,ACTIVE
SYN-U-13232,33,M,SALARIED,40714.36,Barishal,1200,APP,ANDROID,STUDENT,ACTIVE
SYN-U-13233,51,F,SALARIED,42226.38,Dhaka,1376,APP,ANDROID,MASS,ACTIVE
SYN-U-13234,52,M,SALARIED,26560.88,Dhaka,1929,AGENT,ANDROID,MASS,ACTIVE
SYN-U-13235,18,F,FREELANCER,27126.1,Sylhet,1222,AGENT,ANDROID,STUDENT,ACTIVE
SYN-U-13236,20,M,STUDENT,15000.0,Rajshahi,388,AGENT,ANDROID,STUDENT,ACTIVE
SYN-U-13237,65,F,SALARIED,28203.23,Rangpur,2180,APP,ANDROID,STUDENT,DORMANT
SYN-U-13238,21,F,FREELANCER,77023.42,Dhaka,2360,APP,ANDROID,MASS,ACTIVE
SYN-U-13239,67,M,HOMEMAKER,21315.23,Narayanganj,1149,APP,ANDROID,MASS,ACTIVE
SYN-U-13240,49,F,SALARIED,38490.81,Dhaka,1886,AGENT,ANDROID,MASS,ACTIVE
SYN-U-13241,53,M,BUSINESS,25159.03,Barishal,1752,APP,ANDROID,MASS,ACTIVE
SYN-U-13242,61,M,STUDENT,15000.0,Dhaka,2065,AGENT,ANDROID,STUDENT,ACTIVE
SYN-U-13243,25,F,STUDENT,15000.0,Sylhet,2155,APP,ANDROID,MASS,ACTIVE
SYN-U-13244,68,F,FREELANCER,40912.01,Rajshahi,1864,APP,ANDROID,MASS,ACTIVE
SYN-U-13245,21,F,BUSINESS,61143.75,Chittagong,983,APP,ANDROID,MASS,ACTIVE
SYN-U-13246,30,M,SALARIED,56971.22,Chittagong,217,AGENT,ANDROID,MASS,ACTIVE
SYN-U-13247,50,M,BUSINESS,112444.08,Jessore,546,APP,IOS,MASS,ACTIVE
SYN-U-13248,20,F,BUSINESS,84203.4,Rajshahi,2440,APP,ANDROID,MASS,DORMANT
SYN-U-13249,52,M,FREELANCER,150117.38,Sylhet,855,APP,ANDROID,AFFLUENT,ACTIVE
SYN-U-13250,52,F,BUSINESS,46094.17,Dhaka,130,APP,ANDROID,MASS,ACTIVE
SYN-U-13251,24,M,STUDENT,15000.0,Sylhet,1417,APP,ANDROID,MASS,ACTIVE
SYN-U-13252,33,M,BUSINESS,229015.97,Rangpur,1476,BRANCH,ANDROID,AFFLUENT,ACTIVE
SYN-U-13253,30,M,SALARIED,40385.25,Dhaka,1431,AGENT,ANDROID,AFFLUENT,ACTIVE
SYN-U-13254,62,F,BUSINESS,56919.16,Mymensingh,266,APP,ANDROID,AFFLUENT,ACTIVE
SYN-U-13255,53,M,SALARIED,56095.84,Barishal,237,APP,ANDROID,PAYROLL,ACTIVE
SYN-U-13256,69,M,FREELANCER,51547.21,Khulna,2481,BRANCH,ANDROID,MASS,ACTIVE
SYN-U-13257,19,F,HOMEMAKER,29872.56,Dhaka,754,APP,ANDROID,MASS,ACTIVE
SYN-U-13258,28,F,SALARIED,69243.46,Dhaka,1565,APP,ANDROID,PAYROLL,ACTIVE
SYN-U-13259,54,M,SALARIED,37419.61,Chittagong,466,APP,ANDROID,MASS,ACTIVE
SYN-U-13260,70,F,SALARIED,35569.94,Khulna,1366,USSD,ANDROID,STUDENT,RESTRICTED
SYN-U-13261,39,M,FREELANCER,75299.58,Rangpur,342,APP,ANDROID,AFFLUENT,ACTIVE
SYN-U-13262,60,M,BUSINESS,28633.95,Mymensingh,493,BRANCH,ANDROID,MASS,ACTIVE
SYN-U-13263,58,M,BUSINESS,125342.54,Mymensingh,1690,AGENT,ANDROID,MASS,ACTIVE
SYN-U-13264,69,F,FREELANCER,74183.67,Chittagong,2433,APP,ANDROID,MASS,ACTIVE
SYN-U-13265,63,F,SALARIED,64429.04,Rajshahi,2297,AGENT,ANDROID,PAYROLL,ACTIVE
SYN-U-13266,30,F,SALARIED,48905.22,Dhaka,1713,APP,ANDROID,MASS,ACTIVE
SYN-U-13267,42,M,BUSINESS,71643.8,Rangpur,1540,AGENT,IOS,MASS,ACTIVE
SYN-U-13268,63,M,SALARIED,44041.96,Rajshahi,2491,APP,ANDROID,MASS,ACTIVE
SYN-U-13269,56,F,SALARIED,135531.44,Dhaka,1224,APP,ANDROID,SME,ACTIVE
SYN-U-13270,52,M,SALARIED,50222.11,Dhaka,2307,BRANCH,ANDROID,MASS,ACTIVE
SYN-U-13271,43,M,SALARIED,44371.25,Cumilla,1836,APP,ANDROID,STUDENT,ACTIVE
SYN-U-13272,49,F,SALARIED,73841.06,Chittagong,1569,AGENT,IOS,AFFLUENT,ACTIVE
SYN-U-13273,58,F,SALARIED,55301.04,Sylhet,713,APP,ANDROID,MASS,ACTIVE
SYN-U-13274,59,F,SALARIED,43434.36,Chittagong,1165,APP,ANDROID,MASS,ACTIVE
SYN-U-13275,29,M,SALARIED,56143.13,Chittagong,279,AGENT,ANDROID,PAYROLL,ACTIVE
SYN-U-13276,33,M,SALARIED,39614.18,Dhaka,1769,APP,ANDROID,STUDENT,ACTIVE
SYN-U-13277,19,M,BUSINESS,88275.84,Chittagong,222,AGENT,ANDROID,PAYROLL,ACTIVE
SYN-U-13278,44,M,BUSINESS,25339.74,Dhaka,1145,APP,ANDROID,MASS,ACTIVE
SYN-U-13279,40,F,FREELANCER,15000.0,Dhaka,1645,AGENT,ANDROID,AFFLUENT,ACTIVE
SYN-U-13280,62,O,STUDENT,15000.0,Chittagong,2287,AGENT,ANDROID,MASS,ACTIVE
SYN-U-13281,24,F,BUSINESS,15000.0,Rajshahi,1502,AGENT,ANDROID,STUDENT,ACTIVE
SYN-U-13282,68,F,SALARIED,77008.96,Khulna,1114,AGENT,ANDROID,AFFLUENT,ACTIVE
SYN-U-13283,63,F,STUDENT,15036.43,Dhaka,1849,APP,ANDROID,MASS,ACTIVE
SYN-U-13284,66,M,HOMEMAKER,18789.2,Dhaka,1875,APP,IOS,MASS,ACTIVE
SYN-U-13285,64,M,FREELANCER,15000.0,Dhaka,1342,APP,IOS,MASS,ACTIVE
SYN-U-13286,60,F,SALARIED,51407.64,Chittagong,48,APP,ANDROID,MASS,DORMANT
SYN-U-13287,26,M,FREELANCER,123294.98,Barishal,525,APP,ANDROID,AFFLUENT,ACTIVE
SYN-U-13288,51,F,STUDENT,15000.0,Chittagong,43,APP,ANDROID,STUDENT,ACTIVE
SYN-U-13289,61,F,SALARIED,127410.89,Chittagong,1535,AGENT,ANDROID,AFFLUENT,ACTIVE
SYN-U-13290,62,M,FREELANCER,45892.75,Rangpur,310,APP,ANDROID,AFFLUENT,ACTIVE
SYN-U-13291,38,M,SALARIED,41083.19,Dhaka,2234,USSD,IOS,MASS,ACTIVE
SYN-U-13292,65,M,BUSINESS,83592.13,Dhaka,1245,USSD,ANDROID,MASS,DORMANT
SYN-U-13293,33,F,HOMEMAKER,25227.63,Dhaka,1187,AGENT,IOS,MASS,ACTIVE
SYN-U-13294,69,M,FREELANCER,72653.47,Rajshahi,2399,APP,ANDROID,AFFLUENT,DORMANT
SYN-U-13295,61,F,SALARIED,38308.23,Dhaka,1033,AGENT,ANDROID,MASS,ACTIVE
SYN-U-13296,65,M,SALARIED,56601.67,Dhaka,1338,APP,ANDROID,MASS,ACTIVE
SYN-U-13297,40,F,FREELANCER,100610.06,Khulna,1516,AGENT,ANDROID,SME,ACTIVE
SYN-U-13298,38,M,SALARIED,102429.17,Khulna,2010,APP,ANDROID,AFFLUENT,ACTIVE
SYN-U-13299,34,M,BUSINESS,98659.66,Dhaka,721,AGENT,ANDROID,MASS,ACTIVE
SYN-U-13300,30,F,SALARIED,82299.37,Dhaka,2209,AGENT,IOS,AFFLUENT,ACTIVE
SYN-U-13301,20,F,SALARIED,52811.93,Dhaka,1535,APP,ANDROID,MASS,ACTIVE
SYN-U-13302,34,M,SALARIED,54234.04,Khulna,1174,APP,ANDROID,MASS,ACTIVE
SYN-U-13303,56,F,SALARIED,82802.13,Narayanganj,618,BRANCH,ANDROID,AFFLUENT,ACTIVE
SYN-U-13304,19,F,SALARIED,25673.22,Cox's Bazar,842,AGENT,ANDROID,MASS,ACTIVE
SYN-U-13305,47,M,SALARIED,59646.14,Chittagong,857,APP,ANDROID,MASS,ACTIVE
SYN-U-13306,36,M,SALARIED,75895.64,Dhaka,1318,AGENT,ANDROID,SME,ACTIVE
SYN-U-13307,36,M,SALARIED,48831.72,Sylhet,661,APP,ANDROID,PAYROLL,ACTIVE
SYN-U-13308,56,F,FREELANCER,80508.02,Mymensingh,2163,AGENT,FEATURE_PHONE,MASS,DORMANT
SYN-U-13309,45,F,BUSINESS,25642.66,Khulna,363,AGENT,FEATURE_PHONE,MASS,ACTIVE
SYN-U-13310,46,M,HOMEMAKER,34207.31,Sylhet,1746,APP,ANDROID,SME,ACTIVE
SYN-U-13311,23,F,STUDENT,15000.0,Sylhet,1956,APP,ANDROID,STUDENT,ACTIVE
SYN-U-13312,30,F,BUSINESS,52936.71,Rajshahi,1537,AGENT,IOS,AFFLUENT,ACTIVE
SYN-U-13313,24,F,RETIRED,94757.02,Khulna,824,AGENT,ANDROID,AFFLUENT,ACTIVE
SYN-U-13314,36,F,HOMEMAKER,28036.89,Jessore,2335,APP,ANDROID,MASS,ACTIVE
SYN-U-13315,36,F,SALARIED,132921.97,Khulna,2278,APP,ANDROID,AFFLUENT,ACTIVE
SYN-U-13316,65,F,BUSINESS,18490.57,Chittagong,40,BRANCH,ANDROID,STUDENT,ACTIVE
SYN-U-13317,46,M,SALARIED,44315.85,Rajshahi,1726,APP,ANDROID,MASS,ACTIVE
SYN-U-13318,26,M,BUSINESS,132522.02,Dhaka,1188,APP,ANDROID,MASS,ACTIVE
SYN-U-13319,68,M,FREELANCER,32489.84,Chittagong,2220,USSD,ANDROID,MASS,RESTRICTED
SYN-U-13320,41,F,SALARIED,42412.22,Dhaka,1712,APP,ANDROID,MASS,ACTIVE
SYN-U-13321,68,F,BUSINESS,40103.48,Dhaka,2225,AGENT,ANDROID,MASS,ACTIVE
SYN-U-13322,67,M,SALARIED,49341.85,Dhaka,2050,AGENT,ANDROID,MASS,ACTIVE
SYN-U-13323,53,F,SALARIED,69483.84,Dhaka,790,AGENT,ANDROID,MASS,ACTIVE
SYN-U-13324,61,F,SALARIED,34862.52,Dhaka,1253,APP,ANDROID,MASS,ACTIVE
SYN-U-13325,33,F,FREELANCER,37337.17,Dhaka,871,APP,ANDROID,MASS,ACTIVE
SYN-U-13326,45,M,RETIRED,24581.13,Khulna,502,AGENT,ANDROID,STUDENT,ACTIVE
SYN-U-13327,31,M,BUSINESS,65025.54,Chittagong,703,APP,ANDROID,STUDENT,ACTIVE
SYN-U-13328,51,F,BUSINESS,74590.94,Dhaka,2186,BRANCH,ANDROID,STUDENT,ACTIVE
SYN-U-13329,48,M,SALARIED,79528.75,Rangpur,305,APP,ANDROID,SME,ACTIVE
SYN-U-13330,61,F,SALARIED,46950.59,Dhaka,1239,USSD,ANDROID,MASS,ACTIVE
SYN-U-13331,32,F,SALARIED,133651.72,Dhaka,178,APP,IOS,SME,ACTIVE
SYN-U-13332,69,F,BUSINESS,75515.57,Sylhet,1714,BRANCH,ANDROID,PAYROLL,ACTIVE
SYN-U-13333,18,F,SALARIED,114506.18,Rajshahi,1376,APP,ANDROID,AFFLUENT,ACTIVE
SYN-U-13334,36,F,STUDENT,21174.11,Gazipur,2076,AGENT,ANDROID,MASS,ACTIVE
SYN-U-13335,39,F,BUSINESS,65884.21,Sylhet,1996,AGENT,ANDROID,MASS,ACTIVE
SYN-U-13336,50,F,SALARIED,57986.97,Khulna,2388,APP,ANDROID,SME,DORMANT
SYN-U-13337,19,F,SALARIED,115041.42,Gazipur,320,BRANCH,ANDROID,AFFLUENT,ACTIVE
SYN-U-13338,28,M,SALARIED,23465.21,Dhaka,1184,APP,ANDROID,MASS,ACTIVE
SYN-U-13339,41,F,BUSINESS,32499.04,Chittagong,1053,APP,ANDROID,MASS,ACTIVE
SYN-U-13340,42,M,SALARIED,32615.69,Dhaka,2102,APP,ANDROID,MASS,ACTIVE
SYN-U-13341,44,F,FREELANCER,56096.0,Dhaka,1617,APP,ANDROID,MASS,ACTIVE
SYN-U-13342,44,F,SALARIED,68222.83,Dhaka,2479,APP,ANDROID,MASS,ACTIVE
SYN-U-13343,69,F,SALARIED,47524.42,Rajshahi,1795,AGENT,ANDROID,MASS,ACTIVE
SYN-U-13344,44,F,STUDENT,15873.0,Dhaka,93,APP,ANDROID,MASS,ACTIVE
SYN-U-13345,55,F,FREELANCER,49847.36,Dhaka,153,AGENT,FEATURE_PHONE,MASS,ACTIVE
SYN-U-13346,32,M,SALARIED,115184.91,Bogura,329,APP,ANDROID,AFFLUENT,ACTIVE
SYN-U-13347,22,F,SALARIED,128832.65,Dhaka,1713,USSD,ANDROID,SME,ACTIVE
SYN-U-13348,18,M,SALARIED,67450.38,Sylhet,1436,APP,ANDROID,AFFLUENT,DORMANT
SYN-U-13349,23,M,SALARIED,31786.96,Rangpur,256,APP,ANDROID,MASS,ACTIVE
SYN-U-13350,59,F,BUSINESS,60253.86,Dhaka,2155,APP,ANDROID,SME,ACTIVE
SYN-U-13351,37,M,SALARIED,36280.83,Barishal,1596,BRANCH,ANDROID,MASS,ACTIVE
SYN-U-13352,61,F,SALARIED,52299.37,Dhaka,1696,APP,ANDROID,PAYROLL,ACTIVE
SYN-U-13353,23,F,SALARIED,45482.41,Dhaka,65,APP,ANDROID,MASS,ACTIVE
SYN-U-13354,54,M,RETIRED,36567.75,Dhaka,496,APP,IOS,MASS,ACTIVE
SYN-U-13355,57,F,FREELANCER,68410.25,Chittagong,1547,AGENT,ANDROID,MASS,ACTIVE
SYN-U-13356,25,M,STUDENT,24141.24,Rangpur,106,APP,ANDROID,STUDENT,ACTIVE
SYN-U-13357,35,F,RETIRED,84006.19,Chittagong,1786,AGENT,ANDROID,SME,ACTIVE
SYN-U-13358,49,F,BUSINESS,96504.01,Dhaka,325,APP,ANDROID,PAYROLL,ACTIVE
SYN-U-13359,62,F,SALARIED,33735.55,Rajshahi,2039,AGENT,ANDROID,MASS,ACTIVE
SYN-U-13360,56,M,BUSINESS,15000.0,Dhaka,1146,APP,ANDROID,AFFLUENT,ACTIVE
SYN-U-13361,30,F,FREELANCER,72211.62,Dhaka,1786,APP,ANDROID,MASS,ACTIVE
SYN-U-13362,30,F,BUSINESS,19015.05,Cumilla,1920,APP,ANDROID,STUDENT,ACTIVE
SYN-U-13363,66,F,RETIRED,53061.57,Cumilla,1461,AGENT,ANDROID,MASS,ACTIVE
SYN-U-13364,53,M,SALARIED,38136.34,Dhaka,1558,APP,ANDROID,MASS,DORMANT
SYN-U-13365,27,F,STUDENT,66180.62,Dhaka,1357,APP,IOS,AFFLUENT,ACTIVE
SYN-U-13366,35,M,HOMEMAKER,23317.82,Dhaka,390,APP,ANDROID,MASS,ACTIVE
SYN-U-13367,45,F,SALARIED,36431.29,Cumilla,2410,APP,ANDROID,STUDENT,ACTIVE
SYN-U-13368,20,F,SALARIED,51622.21,Dhaka,303,APP,ANDROID,MASS,ACTIVE
SYN-U-13369,71,F,SALARIED,146399.32,Khulna,2134,APP,ANDROID,AFFLUENT,ACTIVE
SYN-U-13370,22,M,BUSINESS,78334.36,Rangpur,947,APP,ANDROID,MASS,ACTIVE
SYN-U-13371,66,M,SALARIED,49352.35,Dhaka,1112,APP,ANDROID,MASS,ACTIVE
SYN-U-13372,64,M,BUSINESS,123432.3,Narayanganj,1236,APP,ANDROID,SME,ACTIVE
SYN-U-13373,62,F,SALARIED,71377.97,Cox's Bazar,1613,USSD,ANDROID,MASS,ACTIVE
SYN-U-13374,39,M,SALARIED,109237.54,Khulna,774,APP,IOS,SME,ACTIVE
SYN-U-13375,43,F,BUSINESS,38202.17,Sylhet,581,AGENT,ANDROID,STUDENT,ACTIVE
SYN-U-13376,50,F,SALARIED,53897.54,Cumilla,1162,APP,ANDROID,STUDENT,ACTIVE
SYN-U-13377,44,M,STUDENT,25245.15,Barishal,865,APP,ANDROID,MASS,ACTIVE
SYN-U-13378,26,M,FREELANCER,48515.81,Dhaka,1179,APP,ANDROID,MASS,ACTIVE
SYN-U-13379,39,F,HOMEMAKER,16130.07,Barishal,2215,AGENT,ANDROID,STUDENT,ACTIVE
SYN-U-13380,20,M,SALARIED,64547.95,Sylhet,181,APP,ANDROID,MASS,ACTIVE
SYN-U-13381,53,M,BUSINESS,223925.57,Rangpur,1005,APP,ANDROID,AFFLUENT,ACTIVE
SYN-U-13382,63,F,SALARIED,38815.67,Dhaka,414,AGENT,ANDROID,MASS,ACTIVE
SYN-U-13383,43,M,SALARIED,45791.22,Dhaka,886,BRANCH,ANDROID,MASS,ACTIVE
SYN-U-13384,42,F,BUSINESS,15000.0,Sylhet,1214,AGENT,ANDROID,MASS,ACTIVE
SYN-U-13385,34,M,STUDENT,15000.0,Gazipur,1187,APP,FEATURE_PHONE,AFFLUENT,ACTIVE
SYN-U-13386,30,F,RETIRED,24241.49,Dhaka,1036,APP,ANDROID,PAYROLL,ACTIVE
SYN-U-13387,51,M,SALARIED,50404.32,Rangpur,55,APP,ANDROID,MASS,ACTIVE
SYN-U-13388,59,M,SALARIED,38997.01,Dhaka,389,AGENT,IOS,STUDENT,ACTIVE
SYN-U-13389,66,F,RETIRED,144585.55,Gazipur,580,APP,IOS,AFFLUENT,ACTIVE
SYN-U-13390,29,M,SALARIED,36182.0,Chittagong,300,APP,ANDROID,MASS,ACTIVE
SYN-U-13391,47,F,FREELANCER,92727.36,Chittagong,2032,APP,ANDROID,MASS,ACTIVE
SYN-U-13392,51,M,SALARIED,39219.71,Chittagong,204,APP,ANDROID,MASS,ACTIVE
SYN-U-13393,71,M,BUSINESS,141870.21,Khulna,1413,APP,IOS,SME,ACTIVE
SYN-U-13394,52,M,SALARIED,50310.62,Sylhet,2071,AGENT,ANDROID,MASS,ACTIVE
SYN-U-13395,29,F,BUSINESS,44611.03,Dhaka,463,AGENT,ANDROID,MASS,ACTIVE
SYN-U-13396,46,F,SALARIED,44627.52,Rajshahi,550,AGENT,ANDROID,AFFLUENT,ACTIVE
SYN-U-13397,58,F,SALARIED,108259.16,Dhaka,1249,AGENT,ANDROID,AFFLUENT,ACTIVE
SYN-U-13398,19,F,BUSINESS,73181.31,Khulna,1721,APP,ANDROID,MASS,ACTIVE
SYN-U-13399,51,F,SALARIED,141269.34,Rajshahi,1998,APP,ANDROID,AFFLUENT,ACTIVE
SYN-U-13400,24,M,BUSINESS,37901.51,Chittagong,2144,BRANCH,ANDROID,MASS,ACTIVE
SYN-U-13401,51,F,SALARIED,67070.69,Gazipur,1259,APP,ANDROID,MASS,ACTIVE
SYN-U-13402,33,M,BUSINESS,78520.25,Chittagong,129,AGENT,ANDROID,MASS,ACTIVE
SYN-U-13403,40,M,SALARIED,56750.68,Sylhet,1163,AGENT,ANDROID,SME,ACTIVE
SYN-U-13404,21,F,SALARIED,49281.1,Mymensingh,1498,APP,ANDROID,MASS,ACTIVE
SYN-U-13405,36,M,STUDENT,15000.0,Dhaka,2360,BRANCH,ANDROID,STUDENT,ACTIVE
SYN-U-13406,23,M,SALARIED,41315.25,Rajshahi,867,APP,ANDROID,MASS,ACTIVE
SYN-U-13407,25,M,SALARIED,104702.36,Chittagong,1215,AGENT,ANDROID,SME,ACTIVE
SYN-U-13408,32,M,FREELANCER,89760.37,Dhaka,2163,APP,ANDROID,SME,ACTIVE
SYN-U-13409,52,M,SALARIED,83063.92,Chittagong,839,AGENT,ANDROID,MASS,DORMANT
SYN-U-13410,19,M,BUSINESS,71128.84,Khulna,525,APP,ANDROID,STUDENT,ACTIVE
SYN-U-13411,34,F,BUSINESS,15000.0,Sylhet,1384,APP,ANDROID,MASS,ACTIVE
SYN-U-13412,39,M,STUDENT,20203.84,Chittagong,44,APP,ANDROID,MASS,DORMANT
SYN-U-13413,55,M,SALARIED,60684.58,Jessore,914,AGENT,ANDROID,MASS,ACTIVE
SYN-U-13414,29,M,BUSINESS,157560.58,Chittagong,614,AGENT,IOS,AFFLUENT,ACTIVE
SYN-U-13415,21,F,SALARIED,27798.89,Gazipur,1311,APP,ANDROID,MASS,ACTIVE
SYN-U-13416,52,F,STUDENT,48187.46,Dhaka,72,AGENT,ANDROID,SME,ACTIVE
SYN-U-13417,64,M,SALARIED,15000.0,Chittagong,140,AGENT,ANDROID,AFFLUENT,ACTIVE
SYN-U-13418,45,F,BUSINESS,52356.05,Chittagong,548,AGENT,IOS,SME,ACTIVE
SYN-U-13419,45,F,SALARIED,21940.57,Rajshahi,814,APP,ANDROID,MASS,ACTIVE
SYN-U-13420,64,M,SALARIED,122417.99,Dhaka,1426,APP,ANDROID,AFFLUENT,ACTIVE
SYN-U-13421,54,M,HOMEMAKER,15000.0,Dhaka,897,AGENT,FEATURE_PHONE,MASS,ACTIVE
SYN-U-13422,26,F,FREELANCER,39440.36,Dhaka,929,APP,ANDROID,MASS,ACTIVE
SYN-U-13423,26,M,STUDENT,15000.0,Dhaka,399,APP,ANDROID,STUDENT,ACTIVE
SYN-U-13424,21,F,BUSINESS,98854.31,Rajshahi,168,APP,IOS,MASS,ACTIVE
SYN-U-13425,67,F,BUSINESS,47813.64,Chittagong,1791,BRANCH,ANDROID,MASS,RESTRICTED
SYN-U-13426,56,M,BUSINESS,91744.82,Bogura,612,BRANCH,ANDROID,MASS,ACTIVE
SYN-U-13427,70,F,HOMEMAKER,15000.0,Dhaka,1009,APP,IOS,MASS,ACTIVE
SYN-U-13428,42,F,FREELANCER,15000.0,Chittagong,1794,APP,ANDROID,MASS,ACTIVE
SYN-U-13429,57,F,SALARIED,59630.64,Dhaka,61,APP,ANDROID,MASS,ACTIVE
SYN-U-13430,66,F,HOMEMAKER,39305.19,Sylhet,926,BRANCH,ANDROID,SME,RESTRICTED
SYN-U-13431,63,F,FREELANCER,95960.65,Sylhet,1372,APP,ANDROID,SME,ACTIVE
SYN-U-13432,22,F,FREELANCER,104723.25,Rajshahi,1675,AGENT,ANDROID,MASS,ACTIVE
SYN-U-13433,46,F,BUSINESS,141322.56,Chittagong,1987,APP,ANDROID,MASS,ACTIVE
SYN-U-13434,56,M,HOMEMAKER,35679.13,Dhaka,2140,APP,ANDROID,AFFLUENT,ACTIVE
SYN-U-13435,27,M,SALARIED,156005.87,Chittagong,1775,APP,ANDROID,SME,ACTIVE
SYN-U-13436,20,F,SALARIED,60223.48,Rajshahi,402,USSD,ANDROID,MASS,ACTIVE
SYN-U-13437,69,M,BUSINESS,60723.47,Bogura,396,APP,ANDROID,MASS,ACTIVE
SYN-U-13438,70,F,STUDENT,19562.76,Narayanganj,101,APP,ANDROID,MASS,ACTIVE
SYN-U-13439,70,M,FREELANCER,49946.37,Chittagong,1912,APP,ANDROID,MASS,ACTIVE
SYN-U-13440,58,M,SALARIED,88142.61,Chittagong,730,APP,ANDROID,AFFLUENT,ACTIVE
SYN-U-13441,46,M,BUSINESS,53778.39,Rajshahi,2409,AGENT,IOS,MASS,ACTIVE
SYN-U-13442,26,F,SALARIED,41335.74,Rangpur,960,APP,ANDROID,MASS,ACTIVE
SYN-U-13443,68,M,STUDENT,25351.0,Dhaka,2055,AGENT,ANDROID,PAYROLL,ACTIVE
SYN-U-13444,31,M,FREELANCER,52677.47,Khulna,77,APP,ANDROID,STUDENT,ACTIVE
SYN-U-13445,40,F,STUDENT,36676.89,Dhaka,1648,APP,ANDROID,SME,ACTIVE
SYN-U-13446,44,M,SALARIED,43172.4,Dhaka,195,BRANCH,ANDROID,STUDENT,ACTIVE
SYN-U-13447,42,F,STUDENT,18336.65,Rajshahi,346,USSD,ANDROID,MASS,ACTIVE
SYN-U-13448,41,M,BUSINESS,98493.92,Dhaka,1832,AGENT,IOS,MASS,ACTIVE
SYN-U-13449,61,F,BUSINESS,99230.17,Khulna,1329,AGENT,ANDROID,MASS,ACTIVE
SYN-U-13450,38,F,BUSINESS,96845.03,Khulna,1921,APP,ANDROID,PAYROLL,ACTIVE
SYN-U-13451,70,M,SALARIED,46930.43,Dhaka,949,BRANCH,IOS,MASS,ACTIVE
SYN-U-13452,51,M,FREELANCER,46134.54,Chittagong,909,USSD,ANDROID,MASS,ACTIVE
SYN-U-13453,71,M,BUSINESS,21809.12,Dhaka,90,APP,ANDROID,MASS,ACTIVE
SYN-U-13454,50,F,SALARIED,15000.0,Dhaka,2166,APP,ANDROID,MASS,ACTIVE
SYN-U-13455,39,M,SALARIED,49813.69,Dhaka,1950,BRANCH,IOS,MASS,ACTIVE
SYN-U-13456,28,M,STUDENT,22388.62,Dhaka,358,BRANCH,ANDROID,MASS,ACTIVE
SYN-U-13457,38,F,FREELANCER,40191.62,Dhaka,1937,AGENT,IOS,MASS,ACTIVE
SYN-U-13458,26,O,RETIRED,44381.5,Dhaka,1577,APP,ANDROID,MASS,ACTIVE
SYN-U-13459,33,M,RETIRED,39472.53,Dhaka,1304,AGENT,ANDROID,MASS,ACTIVE
SYN-U-13460,35,M,BUSINESS,193308.61,Dhaka,1086,APP,ANDROID,SME,ACTIVE
SYN-U-13461,66,M,BUSINESS,46025.23,Khulna,53,AGENT,ANDROID,MASS,ACTIVE
SYN-U-13462,37,F,STUDENT,15000.0,Barishal,834,APP,ANDROID,STUDENT,ACTIVE
SYN-U-13463,25,F,SALARIED,65290.88,Dhaka,172,APP,ANDROID,MASS,ACTIVE
SYN-U-13464,22,M,STUDENT,15000.0,Rangpur,1580,APP,ANDROID,MASS,ACTIVE
SYN-U-13465,35,F,SALARIED,111755.84,Chittagong,2141,APP,ANDROID,AFFLUENT,ACTIVE
SYN-U-13466,29,F,SALARIED,65655.49,Narayanganj,1295,BRANCH,FEATURE_PHONE,PAYROLL,ACTIVE
SYN-U-13467,54,F,BUSINESS,52858.51,Dhaka,2121,AGENT,IOS,MASS,ACTIVE
SYN-U-13468,41,F,SALARIED,18083.44,Dhaka,1931,BRANCH,FEATURE_PHONE,MASS,ACTIVE
SYN-U-13469,25,M,SALARIED,50842.43,Chittagong,475,APP,ANDROID,MASS,ACTIVE
SYN-U-13470,60,F,SALARIED,55987.47,Cumilla,2317,APP,ANDROID,PAYROLL,ACTIVE
SYN-U-13471,47,F,BUSINESS,70688.26,Narayanganj,983,APP,ANDROID,STUDENT,ACTIVE
SYN-U-13472,22,F,SALARIED,59427.89,Bogura,444,AGENT,ANDROID,MASS,ACTIVE
SYN-U-13473,66,F,STUDENT,18054.27,Dhaka,925,APP,ANDROID,SME,ACTIVE
SYN-U-13474,63,M,BUSINESS,39535.73,Dhaka,97,USSD,IOS,MASS,ACTIVE
SYN-U-13475,46,F,BUSINESS,24757.48,Barishal,1429,APP,IOS,PAYROLL,ACTIVE
SYN-U-13476,65,M,SALARIED,57469.42,Chittagong,587,AGENT,ANDROID,MASS,ACTIVE
SYN-U-13477,68,M,BUSINESS,75830.93,Khulna,789,APP,FEATURE_PHONE,STUDENT,ACTIVE
SYN-U-13478,32,M,STUDENT,24508.32,Dhaka,2211,APP,ANDROID,MASS,ACTIVE
SYN-U-13479,32,F,BUSINESS,54439.15,Rangpur,1090,BRANCH,ANDROID,MASS,ACTIVE
SYN-U-13480,39,M,BUSINESS,166807.16,Chittagong,2431,APP,ANDROID,AFFLUENT,ACTIVE
SYN-U-13481,65,F,BUSINESS,45234.34,Chittagong,1509,APP,IOS,MASS,ACTIVE
SYN-U-13482,62,M,FREELANCER,83716.91,Dhaka,2241,APP,ANDROID,MASS,ACTIVE
SYN-U-13483,49,F,STUDENT,41569.38,Cumilla,856,APP,ANDROID,AFFLUENT,ACTIVE
SYN-U-13484,26,M,RETIRED,33227.06,Rajshahi,2413,BRANCH,ANDROID,STUDENT,ACTIVE
SYN-U-13485,32,F,BUSINESS,64081.34,Rajshahi,410,APP,ANDROID,MASS,ACTIVE
SYN-U-13486,49,M,FREELANCER,82753.28,Rajshahi,806,APP,IOS,SME,ACTIVE
SYN-U-13487,39,M,SALARIED,61484.94,Khulna,2359,APP,ANDROID,MASS,ACTIVE
SYN-U-13488,46,M,BUSINESS,65082.97,Dhaka,225,APP,ANDROID,AFFLUENT,ACTIVE
SYN-U-13489,40,F,BUSINESS,51949.98,Chittagong,814,APP,ANDROID,MASS,ACTIVE
SYN-U-13490,47,M,SALARIED,56774.47,Sylhet,1876,APP,ANDROID,MASS,ACTIVE
SYN-U-13491,43,M,SALARIED,73029.3,Dhaka,903,APP,ANDROID,AFFLUENT,ACTIVE
SYN-U-13492,33,M,BUSINESS,63467.76,Chittagong,925,AGENT,ANDROID,STUDENT,ACTIVE
SYN-U-13493,28,M,SALARIED,93537.09,Sylhet,1322,AGENT,ANDROID,AFFLUENT,ACTIVE
SYN-U-13494,68,F,BUSINESS,72232.04,Chittagong,2340,APP,ANDROID,MASS,ACTIVE
SYN-U-13495,18,M,SALARIED,63738.54,Chittagong,1119,APP,ANDROID,MASS,ACTIVE
SYN-U-13496,29,M,SALARIED,60392.86,Dhaka,974,APP,ANDROID,MASS,ACTIVE
SYN-U-13497,42,M,BUSINESS,68224.59,Khulna,2315,AGENT,ANDROID,STUDENT,ACTIVE
SYN-U-13498,37,F,SALARIED,98332.86,Narayanganj,456,APP,ANDROID,AFFLUENT,ACTIVE
SYN-U-13499,25,M,STUDENT,17338.14,Chittagong,2269,AGENT,ANDROID,MASS,ACTIVE
SYN-U-13500,56,F,SALARIED,75633.68,Khulna,2148,AGENT,ANDROID,MASS,ACTIVE
SYN-U-13501,30,F,HOMEMAKER,52092.96,Mymensingh,619,AGENT,ANDROID,SME,ACTIVE
SYN-U-13502,39,M,HOMEMAKER,15000.0,Rajshahi,1243,BRANCH,FEATURE_PHONE,MASS,ACTIVE
SYN-U-13503,31,M,BUSINESS,94328.19,Rangpur,2221,APP,ANDROID,MASS,ACTIVE
SYN-U-13504,22,F,SALARIED,28445.09,Chittagong,305,AGENT,ANDROID,STUDENT,ACTIVE
SYN-U-13505,27,M,SALARIED,96115.85,Chittagong,1424,APP,ANDROID,AFFLUENT,ACTIVE
SYN-U-13506,30,F,BUSINESS,40693.1,Gazipur,976,APP,ANDROID,MASS,ACTIVE
SYN-U-13507,26,M,SALARIED,29706.02,Dhaka,1720,APP,ANDROID,PAYROLL,ACTIVE
SYN-U-13508,59,F,BUSINESS,41013.41,Jessore,180,AGENT,ANDROID,MASS,ACTIVE
SYN-U-13509,54,M,FREELANCER,63307.91,Dhaka,2111,APP,ANDROID,SME,ACTIVE
SYN-U-13510,35,F,BUSINESS,101576.56,Dhaka,483,APP,ANDROID,STUDENT,ACTIVE
SYN-U-13511,62,F,SALARIED,58728.13,Chittagong,1468,APP,ANDROID,MASS,ACTIVE
SYN-U-13512,68,M,FREELANCER,50487.22,Dhaka,2053,AGENT,ANDROID,MASS,ACTIVE
SYN-U-13513,26,M,SALARIED,31250.22,Chittagong,1962,APP,ANDROID,MASS,ACTIVE
SYN-U-13514,33,F,STUDENT,15000.0,Cumilla,2461,APP,ANDROID,MASS,ACTIVE
SYN-U-13515,71,O,BUSINESS,165271.66,Sylhet,875,AGENT,ANDROID,AFFLUENT,ACTIVE
SYN-U-13516,37,F,SALARIED,37786.26,Sylhet,2014,APP,ANDROID,MASS,ACTIVE
SYN-U-13517,57,M,BUSINESS,130620.65,Dhaka,1504,APP,ANDROID,MASS,ACTIVE
SYN-U-13518,32,M,BUSINESS,21471.79,Chittagong,877,APP,ANDROID,MASS,ACTIVE
SYN-U-13519,40,F,SALARIED,58794.05,Sylhet,2267,AGENT,ANDROID,AFFLUENT,ACTIVE
SYN-U-13520,31,M,STUDENT,42189.4,Dhaka,171,APP,ANDROID,SME,ACTIVE
SYN-U-13521,32,F,SALARIED,88939.43,Khulna,1885,AGENT,ANDROID,SME,ACTIVE
SYN-U-13522,19,M,STUDENT,16331.99,Khulna,1919,APP,IOS,MASS,ACTIVE
SYN-U-13523,33,M,SALARIED,56703.53,Khulna,1989,APP,ANDROID,MASS,ACTIVE
SYN-U-13524,58,F,SALARIED,46771.12,Narayanganj,1806,AGENT,ANDROID,MASS,ACTIVE
SYN-U-13525,38,F,SALARIED,34670.27,Narayanganj,1831,BRANCH,ANDROID,STUDENT,ACTIVE
SYN-U-13526,29,M,RETIRED,45832.39,Bogura,1339,APP,ANDROID,MASS,ACTIVE
SYN-U-13527,62,F,SALARIED,60068.28,Rajshahi,1140,APP,ANDROID,PAYROLL,ACTIVE
SYN-U-13528,62,F,FREELANCER,38807.23,Barishal,2453,APP,ANDROID,MASS,ACTIVE
SYN-U-13529,42,F,SALARIED,63626.64,Sylhet,1919,APP,IOS,MASS,ACTIVE
SYN-U-13530,28,M,SALARIED,58271.73,Cox's Bazar,2341,APP,ANDROID,MASS,ACTIVE
SYN-U-13531,57,F,BUSINESS,74252.13,Dhaka,537,APP,ANDROID,SME,ACTIVE
SYN-U-13532,37,M,STUDENT,34215.66,Sylhet,385,APP,ANDROID,AFFLUENT,ACTIVE
SYN-U-13533,44,F,SALARIED,20973.56,Sylhet,743,AGENT,ANDROID,MASS,DORMANT
SYN-U-13534,62,M,SALARIED,77810.33,Chittagong,71,APP,ANDROID,AFFLUENT,ACTIVE
SYN-U-13535,42,F,SALARIED,44165.1,Khulna,1386,BRANCH,ANDROID,STUDENT,ACTIVE
SYN-U-13536,28,F,SALARIED,111828.85,Dhaka,1373,APP,ANDROID,AFFLUENT,ACTIVE
SYN-U-13537,68,M,BUSINESS,57793.32,Cumilla,1473,AGENT,ANDROID,MASS,ACTIVE
SYN-U-13538,33,M,SALARIED,115533.8,Khulna,2291,AGENT,ANDROID,AFFLUENT,ACTIVE
SYN-U-13539,23,F,FREELANCER,41258.59,Khulna,407,AGENT,ANDROID,MASS,ACTIVE
SYN-U-13540,70,M,SALARIED,102024.88,Dhaka,1755,USSD,ANDROID,AFFLUENT,ACTIVE
SYN-U-13541,34,M,BUSINESS,74179.45,Khulna,1365,APP,ANDROID,MASS,ACTIVE
SYN-U-13542,54,M,STUDENT,26368.65,Dhaka,397,AGENT,ANDROID,MASS,ACTIVE
SYN-U-13543,28,M,SALARIED,116198.91,Chittagong,215,APP,IOS,SME,ACTIVE
SYN-U-13544,55,M,FREELANCER,87039.17,Khulna,2060,APP,ANDROID,PAYROLL,ACTIVE
SYN-U-13545,26,M,BUSINESS,204601.74,Cumilla,290,BRANCH,ANDROID,AFFLUENT,ACTIVE
SYN-U-13546,65,M,RETIRED,16368.39,Dhaka,120,APP,ANDROID,MASS,ACTIVE
SYN-U-13547,57,F,FREELANCER,39974.78,Dhaka,1796,APP,ANDROID,STUDENT,ACTIVE
SYN-U-13548,59,M,FREELANCER,47450.27,Khulna,895,APP,ANDROID,MASS,ACTIVE
SYN-U-13549,21,M,BUSINESS,35327.72,Sylhet,615,APP,ANDROID,PAYROLL,ACTIVE
SYN-U-13550,46,F,RETIRED,27986.89,Dhaka,1046,BRANCH,ANDROID,MASS,ACTIVE
SYN-U-13551,57,M,SALARIED,19050.18,Chittagong,2200,AGENT,ANDROID,MASS,ACTIVE
SYN-U-13552,63,M,BUSINESS,120897.84,Narayanganj,1858,APP,ANDROID,SME,ACTIVE
SYN-U-13553,36,F,STUDENT,39275.12,Dhaka,615,APP,IOS,SME,ACTIVE
SYN-U-13554,64,M,STUDENT,15000.0,Mymensingh,1874,APP,ANDROID,STUDENT,ACTIVE
SYN-U-13555,46,F,BUSINESS,60849.39,Dhaka,1257,APP,IOS,PAYROLL,ACTIVE
SYN-U-13556,31,F,BUSINESS,56420.77,Dhaka,221,AGENT,ANDROID,STUDENT,ACTIVE
SYN-U-13557,45,M,STUDENT,18220.36,Cumilla,1058,APP,IOS,AFFLUENT,ACTIVE
SYN-U-13558,66,F,FREELANCER,31722.82,Dhaka,1403,APP,ANDROID,STUDENT,ACTIVE
SYN-U-13559,66,F,SALARIED,40558.19,Dhaka,2060,AGENT,ANDROID,MASS,DORMANT
SYN-U-13560,35,O,BUSINESS,36770.87,Rajshahi,1175,BRANCH,ANDROID,STUDENT,ACTIVE
SYN-U-13561,71,F,BUSINESS,53708.59,Dhaka,2248,BRANCH,ANDROID,MASS,ACTIVE
SYN-U-13562,40,F,BUSINESS,93876.05,Chittagong,1360,APP,IOS,MASS,ACTIVE
SYN-U-13563,68,F,SALARIED,131343.39,Dhaka,2230,AGENT,ANDROID,AFFLUENT,ACTIVE
SYN-U-13564,25,F,SALARIED,83595.75,Cumilla,596,AGENT,ANDROID,SME,ACTIVE
SYN-U-13565,31,M,BUSINESS,242451.65,Chittagong,509,AGENT,ANDROID,AFFLUENT,ACTIVE
SYN-U-13566,27,F,STUDENT,21654.84,Chittagong,1103,APP,ANDROID,MASS,ACTIVE
SYN-U-13567,71,M,FREELANCER,48693.82,Chittagong,379,AGENT,IOS,MASS,ACTIVE
SYN-U-13568,68,M,SALARIED,54595.37,Dhaka,827,APP,ANDROID,SME,ACTIVE
SYN-U-13569,50,F,BUSINESS,64239.95,Dhaka,1494,BRANCH,ANDROID,STUDENT,ACTIVE
SYN-U-13570,60,F,BUSINESS,53464.62,Chittagong,39,AGENT,ANDROID,PAYROLL,ACTIVE
SYN-U-13571,68,M,STUDENT,15000.0,Sylhet,188,APP,IOS,MASS,ACTIVE
SYN-U-13572,24,F,SALARIED,30850.99,Dhaka,486,APP,ANDROID,MASS,ACTIVE
SYN-U-13573,29,M,SALARIED,27549.97,Gazipur,240,APP,ANDROID,MASS,ACTIVE
SYN-U-13574,62,F,BUSINESS,159931.55,Dhaka,618,APP,FEATURE_PHONE,AFFLUENT,ACTIVE
SYN-U-13575,68,F,SALARIED,47661.75,Dhaka,1649,APP,ANDROID,MASS,ACTIVE
SYN-U-13576,36,M,BUSINESS,62098.31,Khulna,1846,APP,ANDROID,MASS,ACTIVE
SYN-U-13577,26,F,BUSINESS,35707.18,Dhaka,1551,APP,ANDROID,MASS,ACTIVE
SYN-U-13578,47,F,FREELANCER,64321.06,Mymensingh,2119,BRANCH,ANDROID,AFFLUENT,ACTIVE
SYN-U-13579,68,F,RETIRED,43932.61,Dhaka,2019,APP,ANDROID,MASS,ACTIVE
SYN-U-13580,68,M,SALARIED,98254.98,Dhaka,549,AGENT,ANDROID,SME,ACTIVE
SYN-U-13581,56,M,BUSINESS,15127.75,Chittagong,763,APP,ANDROID,MASS,ACTIVE
SYN-U-13582,44,M,BUSINESS,36032.13,Chittagong,2110,APP,ANDROID,MASS,ACTIVE
SYN-U-13583,30,M,SALARIED,131778.54,Dhaka,2375,APP,ANDROID,SME,ACTIVE
SYN-U-13584,56,F,BUSINESS,149770.74,Rajshahi,710,APP,ANDROID,AFFLUENT,RESTRICTED
SYN-U-13585,65,M,SALARIED,55485.52,Dhaka,584,APP,ANDROID,STUDENT,ACTIVE
SYN-U-13586,27,M,SALARIED,143318.07,Khulna,1323,APP,ANDROID,SME,ACTIVE
SYN-U-13587,36,F,BUSINESS,142377.26,Sylhet,2322,BRANCH,ANDROID,PAYROLL,ACTIVE
SYN-U-13588,31,F,HOMEMAKER,34584.62,Mymensingh,380,APP,ANDROID,MASS,ACTIVE
SYN-U-13589,49,M,BUSINESS,54970.3,Jessore,1835,APP,ANDROID,MASS,ACTIVE
SYN-U-13590,44,M,BUSINESS,270587.52,Cumilla,1873,BRANCH,ANDROID,AFFLUENT,ACTIVE
SYN-U-13591,32,M,STUDENT,15000.0,Dhaka,534,APP,ANDROID,MASS,ACTIVE
SYN-U-13592,29,M,SALARIED,70314.41,Khulna,1158,APP,ANDROID,MASS,ACTIVE
SYN-U-13593,37,F,FREELANCER,72046.82,Dhaka,1785,BRANCH,ANDROID,MASS,ACTIVE
SYN-U-13594,40,F,STUDENT,24284.83,Dhaka,1992,APP,IOS,SME,ACTIVE
SYN-U-13595,58,F,SALARIED,26518.21,Rajshahi,1045,APP,ANDROID,MASS,ACTIVE
SYN-U-13596,30,F,BUSINESS,16637.51,Dhaka,883,AGENT,ANDROID,SME,ACTIVE
SYN-U-13597,67,F,BUSINESS,119338.66,Dhaka,2231,APP,FEATURE_PHONE,SME,ACTIVE
SYN-U-13598,31,F,BUSINESS,76806.01,Chittagong,1860,APP,ANDROID,STUDENT,ACTIVE
SYN-U-13599,60,F,HOMEMAKER,17932.78,Chittagong,933,AGENT,IOS,MASS,ACTIVE
SYN-U-13600,49,F,SALARIED,40371.42,Chittagong,679,USSD,ANDROID,PAYROLL,ACTIVE
SYN-U-13601,43,F,SALARIED,83406.54,Dhaka,568,APP,ANDROID,AFFLUENT,ACTIVE
SYN-U-13602,49,F,HOMEMAKER,104965.07,Mymensingh,2178,APP,IOS,AFFLUENT,ACTIVE
SYN-U-13603,53,M,FREELANCER,34543.1,Khulna,123,APP,FEATURE_PHONE,MASS,ACTIVE
SYN-U-13604,18,M,SALARIED,40288.23,Cox's Bazar,657,AGENT,ANDROID,STUDENT,ACTIVE
SYN-U-13605,24,M,SALARIED,43859.57,Cumilla,1603,APP,ANDROID,MASS,ACTIVE
SYN-U-13606,70,F,SALARIED,68966.13,Cox's Bazar,1615,APP,ANDROID,SME,ACTIVE
SYN-U-13607,64,F,SALARIED,65163.24,Rangpur,229,APP,ANDROID,AFFLUENT,ACTIVE
SYN-U-13608,53,M,RETIRED,30254.05,Barishal,1328,AGENT,IOS,MASS,ACTIVE
SYN-U-13609,49,F,BUSINESS,38153.11,Dhaka,1622,APP,ANDROID,MASS,ACTIVE
SYN-U-13610,25,M,HOMEMAKER,15334.83,Chittagong,612,BRANCH,ANDROID,AFFLUENT,ACTIVE
SYN-U-13611,56,F,SALARIED,70858.39,Chittagong,138,APP,IOS,SME,ACTIVE
SYN-U-13612,54,F,FREELANCER,39998.03,Sylhet,2002,APP,ANDROID,MASS,ACTIVE
SYN-U-13613,67,F,BUSINESS,61960.82,Dhaka,1308,APP,FEATURE_PHONE,AFFLUENT,ACTIVE
SYN-U-13614,53,F,FREELANCER,65342.47,Sylhet,2410,APP,ANDROID,AFFLUENT,ACTIVE
SYN-U-13615,67,M,BUSINESS,15000.0,Dhaka,795,USSD,ANDROID,STUDENT,DORMANT
SYN-U-13616,50,M,SALARIED,72148.01,Dhaka,1130,APP,ANDROID,MASS,ACTIVE
SYN-U-13617,70,M,STUDENT,36523.18,Dhaka,780,AGENT,IOS,SME,ACTIVE
SYN-U-13618,22,M,HOMEMAKER,53065.74,Khulna,2045,BRANCH,IOS,AFFLUENT,ACTIVE
SYN-U-13619,65,F,BUSINESS,99098.23,Dhaka,1463,APP,ANDROID,MASS,ACTIVE
SYN-U-13620,68,F,SALARIED,65088.32,Chittagong,217,APP,ANDROID,STUDENT,ACTIVE
SYN-U-13621,42,F,FREELANCER,209316.56,Gazipur,529,USSD,ANDROID,SME,ACTIVE
SYN-U-13622,61,F,SALARIED,24066.93,Dhaka,1567,BRANCH,ANDROID,MASS,ACTIVE
SYN-U-13623,61,M,SALARIED,48402.91,Sylhet,1171,BRANCH,IOS,MASS,ACTIVE
SYN-U-13624,18,M,FREELANCER,43289.01,Gazipur,2157,APP,IOS,MASS,ACTIVE
SYN-U-13625,21,F,STUDENT,15000.0,Dhaka,640,APP,ANDROID,MASS,ACTIVE
SYN-U-13626,40,M,BUSINESS,64384.16,Chittagong,1351,USSD,ANDROID,SME,ACTIVE
SYN-U-13627,70,M,SALARIED,44582.73,Dhaka,2089,BRANCH,ANDROID,MASS,ACTIVE
SYN-U-13628,48,M,STUDENT,15000.0,Dhaka,1738,APP,ANDROID,MASS,ACTIVE
SYN-U-13629,50,M,BUSINESS,48932.4,Sylhet,480,APP,IOS,PAYROLL,ACTIVE
SYN-U-13630,60,F,SALARIED,122636.0,Dhaka,570,BRANCH,ANDROID,AFFLUENT,ACTIVE
SYN-U-13631,31,M,SALARIED,37967.67,Bogura,585,APP,ANDROID,STUDENT,ACTIVE
SYN-U-13632,48,F,FREELANCER,46295.86,Dhaka,1147,BRANCH,ANDROID,MASS,ACTIVE
SYN-U-13633,69,M,SALARIED,23859.52,Rajshahi,324,AGENT,ANDROID,STUDENT,ACTIVE
SYN-U-13634,63,M,STUDENT,15000.0,Rajshahi,1513,APP,ANDROID,STUDENT,ACTIVE
SYN-U-13635,44,O,HOMEMAKER,38516.41,Sylhet,1444,AGENT,ANDROID,MASS,ACTIVE
SYN-U-13636,71,F,SALARIED,35294.52,Rajshahi,686,APP,ANDROID,MASS,ACTIVE
SYN-U-13637,24,F,BUSINESS,134263.1,Rangpur,812,APP,ANDROID,AFFLUENT,ACTIVE
SYN-U-13638,68,M,SALARIED,56360.55,Cumilla,925,AGENT,ANDROID,MASS,ACTIVE
SYN-U-13639,53,F,SALARIED,48424.32,Chittagong,988,BRANCH,ANDROID,STUDENT,ACTIVE
SYN-U-13640,18,F,STUDENT,39160.07,Dhaka,812,AGENT,ANDROID,AFFLUENT,ACTIVE
SYN-U-13641,65,M,BUSINESS,93340.91,Dhaka,1012,APP,ANDROID,MASS,ACTIVE
SYN-U-13642,36,F,FREELANCER,77720.37,Gazipur,280,APP,ANDROID,MASS,ACTIVE
SYN-U-13643,70,F,STUDENT,17332.99,Narayanganj,2049,BRANCH,ANDROID,MASS,ACTIVE
SYN-U-13644,31,O,BUSINESS,87697.21,Dhaka,998,APP,ANDROID,PAYROLL,ACTIVE
SYN-U-13645,68,F,SALARIED,58205.28,Narayanganj,220,AGENT,ANDROID,MASS,ACTIVE
SYN-U-13646,57,F,SALARIED,62576.91,Dhaka,1795,AGENT,ANDROID,SME,ACTIVE
SYN-U-13647,48,F,SALARIED,52867.53,Rangpur,2014,APP,ANDROID,MASS,ACTIVE
SYN-U-13648,50,M,SALARIED,45419.36,Dhaka,1029,APP,IOS,STUDENT,ACTIVE
SYN-U-13649,46,F,FREELANCER,44346.94,Rangpur,909,USSD,ANDROID,MASS,ACTIVE
SYN-U-13650,31,M,BUSINESS,144109.77,Chittagong,1776,AGENT,ANDROID,SME,ACTIVE
SYN-U-13651,30,F,BUSINESS,84638.68,Dhaka,1077,USSD,ANDROID,PAYROLL,ACTIVE
SYN-U-13652,65,F,FREELANCER,52352.23,Mymensingh,743,APP,IOS,MASS,ACTIVE
SYN-U-13653,24,M,BUSINESS,109244.6,Mymensingh,1981,AGENT,ANDROID,MASS,ACTIVE
SYN-U-13654,18,M,SALARIED,28684.6,Chittagong,967,APP,ANDROID,PAYROLL,ACTIVE
SYN-U-13655,22,M,BUSINESS,68879.46,Chittagong,1054,AGENT,ANDROID,MASS,ACTIVE
SYN-U-13656,49,M,SALARIED,73616.67,Cox's Bazar,1355,APP,ANDROID,MASS,ACTIVE
SYN-U-13657,25,F,RETIRED,26319.48,Chittagong,1812,APP,ANDROID,SME,ACTIVE
SYN-U-13658,53,F,SALARIED,95733.32,Cumilla,2075,APP,ANDROID,AFFLUENT,ACTIVE
SYN-U-13659,51,M,BUSINESS,15000.0,Dhaka,2370,APP,ANDROID,AFFLUENT,ACTIVE
SYN-U-13660,53,M,BUSINESS,39679.44,Dhaka,410,AGENT,ANDROID,MASS,ACTIVE
SYN-U-13661,63,F,SALARIED,51715.0,Gazipur,924,APP,ANDROID,MASS,ACTIVE
SYN-U-13662,29,M,STUDENT,17799.31,Chittagong,1295,APP,ANDROID,MASS,ACTIVE
SYN-U-13663,63,M,BUSINESS,87565.55,Khulna,1214,APP,ANDROID,PAYROLL,ACTIVE
SYN-U-13664,22,M,BUSINESS,198623.68,Dhaka,1651,APP,ANDROID,AFFLUENT,DORMANT
SYN-U-13665,22,F,SALARIED,42730.9,Bogura,931,APP,FEATURE_PHONE,MASS,ACTIVE
SYN-U-13666,71,M,BUSINESS,151603.82,Chittagong,1477,USSD,ANDROID,AFFLUENT,ACTIVE
SYN-U-13667,47,F,BUSINESS,47688.51,Sylhet,383,APP,ANDROID,MASS,ACTIVE
SYN-U-13668,51,F,BUSINESS,143724.5,Dhaka,180,APP,ANDROID,AFFLUENT,ACTIVE
SYN-U-13669,28,M,FREELANCER,48658.45,Chittagong,735,APP,ANDROID,STUDENT,ACTIVE
SYN-U-13670,59,F,FREELANCER,163985.25,Dhaka,2054,APP,ANDROID,AFFLUENT,ACTIVE
SYN-U-13671,69,O,SALARIED,53570.38,Dhaka,1762,APP,ANDROID,MASS,ACTIVE
SYN-U-13672,43,M,STUDENT,21994.08,Dhaka,2420,AGENT,ANDROID,MASS,ACTIVE
SYN-U-13673,69,M,SALARIED,46720.55,Chittagong,1455,APP,ANDROID,MASS,ACTIVE
SYN-U-13674,45,F,BUSINESS,71319.26,Khulna,389,APP,ANDROID,STUDENT,ACTIVE
SYN-U-13675,47,M,FREELANCER,132002.26,Dhaka,843,AGENT,ANDROID,SME,ACTIVE
SYN-U-13676,33,M,BUSINESS,63375.43,Dhaka,898,APP,ANDROID,AFFLUENT,ACTIVE
SYN-U-13677,40,M,SALARIED,75137.54,Chittagong,1790,AGENT,ANDROID,SME,ACTIVE
SYN-U-13678,24,F,BUSINESS,98520.04,Dhaka,1215,APP,IOS,MASS,ACTIVE
SYN-U-13679,49,M,SALARIED,52302.1,Dhaka,105,APP,ANDROID,PAYROLL,ACTIVE
SYN-U-13680,57,M,SALARIED,50334.78,Dhaka,1743,APP,ANDROID,MASS,ACTIVE
SYN-U-13681,50,F,SALARIED,43231.68,Chittagong,1727,BRANCH,ANDROID,MASS,ACTIVE
SYN-U-13682,19,M,FREELANCER,41526.3,Dhaka,311,APP,ANDROID,MASS,ACTIVE
SYN-U-13683,58,M,SALARIED,49959.29,Chittagong,2241,APP,ANDROID,MASS,ACTIVE
SYN-U-13684,63,M,SALARIED,66225.47,Khulna,329,USSD,IOS,MASS,ACTIVE
SYN-U-13685,51,M,BUSINESS,51115.2,Dhaka,1458,AGENT,IOS,MASS,ACTIVE
SYN-U-13686,20,F,FREELANCER,37942.58,Dhaka,2298,APP,ANDROID,STUDENT,ACTIVE
SYN-U-13687,71,F,SALARIED,44000.11,Chittagong,79,APP,ANDROID,MASS,ACTIVE
SYN-U-13688,52,F,SALARIED,47307.65,Dhaka,674,APP,ANDROID,MASS,ACTIVE
SYN-U-13689,51,F,SALARIED,44492.32,Sylhet,897,AGENT,ANDROID,STUDENT,ACTIVE
SYN-U-13690,63,M,BUSINESS,15000.0,Chittagong,1747,APP,ANDROID,MASS,ACTIVE
SYN-U-13691,31,M,SALARIED,43819.53,Dhaka,2059,AGENT,ANDROID,MASS,ACTIVE
SYN-U-13692,32,M,SALARIED,46481.47,Rajshahi,1628,APP,ANDROID,MASS,ACTIVE
SYN-U-13693,51,M,BUSINESS,65021.13,Rajshahi,1418,APP,ANDROID,MASS,ACTIVE
SYN-U-13694,28,M,SALARIED,43455.33,Rangpur,2043,AGENT,ANDROID,MASS,ACTIVE
SYN-U-13695,39,M,SALARIED,123448.4,Dhaka,1921,APP,ANDROID,AFFLUENT,ACTIVE
SYN-U-13696,40,M,BUSINESS,183469.69,Cumilla,2323,BRANCH,ANDROID,AFFLUENT,ACTIVE
SYN-U-13697,62,F,SALARIED,91262.74,Chittagong,2007,AGENT,ANDROID,AFFLUENT,ACTIVE
SYN-U-13698,69,F,SALARIED,49635.76,Rajshahi,1136,AGENT,ANDROID,MASS,ACTIVE
SYN-U-13699,38,F,SALARIED,142166.84,Dhaka,1635,AGENT,ANDROID,AFFLUENT,ACTIVE
SYN-U-13700,55,M,SALARIED,45981.83,Dhaka,1472,APP,ANDROID,STUDENT,ACTIVE
SYN-U-13701,44,M,BUSINESS,138573.44,Dhaka,2419,APP,ANDROID,AFFLUENT,ACTIVE
SYN-U-13702,67,M,SALARIED,52179.57,Dhaka,2220,APP,ANDROID,STUDENT,ACTIVE
SYN-U-13703,22,F,SALARIED,104836.26,Dhaka,198,AGENT,ANDROID,AFFLUENT,ACTIVE
SYN-U-13704,19,M,HOMEMAKER,25795.88,Cumilla,2378,APP,ANDROID,MASS,ACTIVE
SYN-U-13705,56,M,SALARIED,47378.43,Chittagong,2225,APP,ANDROID,MASS,ACTIVE
SYN-U-13706,43,M,BUSINESS,78764.21,Dhaka,2491,APP,ANDROID,MASS,ACTIVE
SYN-U-13707,40,M,SALARIED,90051.69,Dhaka,1811,APP,ANDROID,AFFLUENT,ACTIVE
SYN-U-13708,44,F,BUSINESS,76127.09,Sylhet,342,APP,ANDROID,MASS,ACTIVE
SYN-U-13709,69,F,FREELANCER,76402.85,Dhaka,1326,AGENT,ANDROID,MASS,ACTIVE
SYN-U-13710,69,M,SALARIED,66037.96,Narayanganj,1503,BRANCH,ANDROID,MASS,ACTIVE
SYN-U-13711,46,M,BUSINESS,210897.29,Sylhet,1121,AGENT,ANDROID,AFFLUENT,ACTIVE
SYN-U-13712,54,M,FREELANCER,68632.73,Dhaka,935,APP,ANDROID,AFFLUENT,ACTIVE
SYN-U-13713,42,M,SALARIED,34646.83,Dhaka,699,APP,ANDROID,MASS,ACTIVE
SYN-U-13714,48,M,BUSINESS,236400.58,Rajshahi,1821,AGENT,ANDROID,AFFLUENT,ACTIVE
SYN-U-13715,67,F,BUSINESS,33208.19,Bogura,2117,APP,IOS,STUDENT,ACTIVE
SYN-U-13716,50,F,SALARIED,36406.6,Cox's Bazar,1917,APP,ANDROID,PAYROLL,ACTIVE
SYN-U-13717,67,F,STUDENT,16654.7,Dhaka,2062,APP,ANDROID,STUDENT,ACTIVE
SYN-U-13718,29,M,FREELANCER,56824.95,Sylhet,727,AGENT,IOS,PAYROLL,ACTIVE
SYN-U-13719,38,M,SALARIED,137987.58,Dhaka,448,APP,ANDROID,AFFLUENT,ACTIVE
SYN-U-13720,46,M,BUSINESS,74452.17,Chittagong,960,APP,IOS,STUDENT,ACTIVE
SYN-U-13721,23,M,SALARIED,55634.26,Chittagong,820,APP,ANDROID,MASS,ACTIVE
SYN-U-13722,35,F,BUSINESS,158762.26,Barishal,1772,AGENT,ANDROID,AFFLUENT,ACTIVE
SYN-U-13723,35,F,BUSINESS,25710.35,Rajshahi,1102,BRANCH,ANDROID,STUDENT,ACTIVE
SYN-U-13724,56,M,SALARIED,69801.92,Chittagong,1665,APP,ANDROID,MASS,ACTIVE
SYN-U-13725,33,F,STUDENT,15000.0,Dhaka,1229,APP,ANDROID,MASS,ACTIVE
SYN-U-13726,21,F,SALARIED,106799.26,Sylhet,488,APP,ANDROID,SME,ACTIVE
SYN-U-13727,62,M,RETIRED,91199.76,Mymensingh,118,AGENT,IOS,SME,ACTIVE
SYN-U-13728,26,F,SALARIED,43322.69,Gazipur,202,APP,FEATURE_PHONE,MASS,ACTIVE
SYN-U-13729,71,M,FREELANCER,72646.43,Rangpur,2366,APP,ANDROID,MASS,ACTIVE
SYN-U-13730,22,F,FREELANCER,15795.86,Dhaka,1410,AGENT,ANDROID,MASS,ACTIVE
SYN-U-13731,32,M,SALARIED,69893.81,Cumilla,876,BRANCH,FEATURE_PHONE,MASS,ACTIVE
SYN-U-13732,22,M,SALARIED,59949.29,Chittagong,2231,AGENT,ANDROID,MASS,ACTIVE
SYN-U-13733,40,F,BUSINESS,73908.45,Jessore,1159,APP,ANDROID,MASS,ACTIVE
SYN-U-13734,37,M,SALARIED,75330.58,Dhaka,226,APP,ANDROID,MASS,ACTIVE
SYN-U-13735,24,M,BUSINESS,54766.67,Chittagong,563,APP,ANDROID,MASS,ACTIVE
SYN-U-13736,23,M,FREELANCER,61422.7,Dhaka,1489,APP,ANDROID,PAYROLL,ACTIVE
SYN-U-13737,51,M,HOMEMAKER,15000.0,Dhaka,337,BRANCH,ANDROID,MASS,ACTIVE
SYN-U-13738,61,M,BUSINESS,83614.34,Dhaka,729,APP,ANDROID,MASS,ACTIVE
SYN-U-13739,67,M,BUSINESS,108390.41,Chittagong,154,AGENT,ANDROID,AFFLUENT,ACTIVE
SYN-U-13740,50,M,SALARIED,25565.65,Barishal,1454,APP,ANDROID,STUDENT,ACTIVE
SYN-U-13741,18,M,RETIRED,20129.3,Dhaka,637,AGENT,ANDROID,MASS,ACTIVE
SYN-U-13742,59,M,STUDENT,17463.42,Chittagong,1063,APP,ANDROID,MASS,ACTIVE
SYN-U-13743,46,M,FREELANCER,61506.7,Gazipur,1863,AGENT,ANDROID,MASS,ACTIVE
SYN-U-13744,25,M,SALARIED,77379.0,Chittagong,480,AGENT,ANDROID,AFFLUENT,ACTIVE
SYN-U-13745,39,F,STUDENT,19443.78,Chittagong,2291,APP,ANDROID,MASS,ACTIVE
SYN-U-13746,71,M,STUDENT,25220.23,Dhaka,1264,AGENT,ANDROID,SME,ACTIVE
SYN-U-13747,32,F,SALARIED,97823.46,Chittagong,323,APP,IOS,SME,ACTIVE
SYN-U-13748,50,M,STUDENT,16336.04,Dhaka,1841,APP,ANDROID,MASS,ACTIVE
SYN-U-13749,33,M,FREELANCER,44037.71,Narayanganj,1662,APP,FEATURE_PHONE,STUDENT,ACTIVE
SYN-U-13750,55,M,SALARIED,62123.5,Gazipur,1995,APP,ANDROID,SME,ACTIVE
SYN-U-13751,64,F,FREELANCER,42393.43,Chittagong,774,AGENT,ANDROID,PAYROLL,ACTIVE
SYN-U-13752,21,M,SALARIED,56448.73,Dhaka,2291,APP,FEATURE_PHONE,MASS,ACTIVE
SYN-U-13753,18,F,STUDENT,19092.49,Chittagong,1170,APP,ANDROID,MASS,ACTIVE
SYN-U-13754,70,F,SALARIED,48348.4,Dhaka,158,APP,ANDROID,STUDENT,ACTIVE
SYN-U-13755,45,F,BUSINESS,28200.38,Dhaka,1753,APP,ANDROID,PAYROLL,ACTIVE
SYN-U-13756,55,M,BUSINESS,27011.33,Dhaka,2085,USSD,IOS,MASS,ACTIVE
SYN-U-13757,19,F,SALARIED,61167.67,Dhaka,833,APP,ANDROID,MASS,ACTIVE
SYN-U-13758,49,M,BUSINESS,153463.59,Barishal,1760,APP,FEATURE_PHONE,AFFLUENT,ACTIVE
SYN-U-13759,48,M,SALARIED,29556.39,Chittagong,420,AGENT,ANDROID,MASS,ACTIVE
SYN-U-13760,18,M,SALARIED,68825.49,Khulna,948,APP,ANDROID,MASS,ACTIVE
SYN-U-13761,42,F,SALARIED,27354.25,Rajshahi,144,APP,ANDROID,MASS,ACTIVE
SYN-U-13762,31,M,SALARIED,51286.59,Sylhet,2228,BRANCH,ANDROID,MASS,ACTIVE
SYN-U-13763,31,M,BUSINESS,75890.59,Barishal,1642,APP,ANDROID,MASS,ACTIVE
SYN-U-13764,35,M,FREELANCER,41582.09,Dhaka,162,APP,ANDROID,MASS,ACTIVE
SYN-U-13765,30,F,BUSINESS,72423.42,Bogura,2359,AGENT,ANDROID,MASS,ACTIVE
SYN-U-13766,41,M,FREELANCER,60420.52,Dhaka,94,APP,ANDROID,MASS,ACTIVE
SYN-U-13767,40,F,BUSINESS,81841.34,Dhaka,1128,APP,ANDROID,MASS,ACTIVE
SYN-U-13768,34,M,SALARIED,50828.84,Narayanganj,1881,APP,ANDROID,MASS,ACTIVE
SYN-U-13769,54,M,BUSINESS,69353.32,Sylhet,1679,APP,ANDROID,MASS,ACTIVE
SYN-U-13770,53,F,SALARIED,39952.27,Dhaka,1874,APP,ANDROID,STUDENT,ACTIVE
SYN-U-13771,45,M,BUSINESS,29845.29,Barishal,1687,APP,IOS,SME,ACTIVE
SYN-U-13772,45,M,SALARIED,55180.99,Dhaka,1771,USSD,ANDROID,MASS,ACTIVE
SYN-U-13773,24,M,SALARIED,36365.54,Chittagong,2388,APP,ANDROID,MASS,ACTIVE
SYN-U-13774,37,F,SALARIED,25214.37,Dhaka,2262,APP,ANDROID,STUDENT,ACTIVE
SYN-U-13775,66,F,SALARIED,151206.75,Dhaka,624,USSD,IOS,AFFLUENT,ACTIVE
SYN-U-13776,39,F,SALARIED,43384.7,Rajshahi,1139,AGENT,ANDROID,MASS,ACTIVE
SYN-U-13777,63,M,SALARIED,31667.88,Dhaka,674,BRANCH,ANDROID,MASS,ACTIVE
SYN-U-13778,19,F,SALARIED,65225.1,Dhaka,182,AGENT,ANDROID,AFFLUENT,ACTIVE
SYN-U-13779,28,F,BUSINESS,38661.15,Dhaka,1313,APP,ANDROID,MASS,ACTIVE
SYN-U-13780,62,F,BUSINESS,52527.5,Gazipur,872,AGENT,ANDROID,MASS,ACTIVE
SYN-U-13781,21,F,BUSINESS,86923.88,Chittagong,1274,APP,ANDROID,MASS,ACTIVE
SYN-U-13782,66,M,SALARIED,42590.7,Rajshahi,1321,APP,IOS,MASS,ACTIVE
SYN-U-13783,24,M,BUSINESS,59066.87,Jessore,1439,APP,ANDROID,MASS,ACTIVE
SYN-U-13784,65,M,SALARIED,33708.31,Chittagong,2215,AGENT,FEATURE_PHONE,MASS,ACTIVE
SYN-U-13785,58,F,SALARIED,73349.69,Dhaka,2372,USSD,ANDROID,MASS,ACTIVE
SYN-U-13786,55,F,SALARIED,46380.59,Chittagong,1192,APP,ANDROID,MASS,ACTIVE
SYN-U-13787,38,F,BUSINESS,75862.32,Barishal,1488,APP,ANDROID,MASS,ACTIVE
SYN-U-13788,24,F,BUSINESS,58259.58,Dhaka,2392,BRANCH,ANDROID,MASS,ACTIVE
SYN-U-13789,33,O,STUDENT,31427.64,Sylhet,1650,APP,ANDROID,SME,ACTIVE
SYN-U-13790,32,F,SALARIED,36726.82,Sylhet,1206,APP,ANDROID,MASS,ACTIVE
SYN-U-13791,60,F,SALARIED,45916.68,Cox's Bazar,1493,BRANCH,ANDROID,MASS,ACTIVE
SYN-U-13792,40,M,SALARIED,58658.05,Narayanganj,1258,APP,ANDROID,MASS,ACTIVE
SYN-U-13793,62,M,RETIRED,15000.0,Sylhet,1388,APP,ANDROID,MASS,ACTIVE
SYN-U-13794,70,M,BUSINESS,40131.75,Mymensingh,1694,APP,ANDROID,MASS,ACTIVE
SYN-U-13795,66,F,STUDENT,15000.0,Dhaka,2077,APP,ANDROID,MASS,ACTIVE
SYN-U-13796,48,F,SALARIED,41200.85,Mymensingh,658,USSD,IOS,MASS,ACTIVE
SYN-U-13797,54,M,SALARIED,97661.34,Chittagong,2498,APP,ANDROID,AFFLUENT,ACTIVE
SYN-U-13798,29,F,FREELANCER,53666.43,Sylhet,219,AGENT,IOS,MASS,ACTIVE
SYN-U-13799,41,M,BUSINESS,49284.96,Dhaka,1984,APP,ANDROID,MASS,ACTIVE
SYN-U-13800,18,F,SALARIED,67683.52,Narayanganj,1591,APP,ANDROID,MASS,ACTIVE
SYN-U-13801,63,F,BUSINESS,97794.92,Narayanganj,999,BRANCH,ANDROID,MASS,ACTIVE
SYN-U-13802,46,M,SALARIED,30490.7,Dhaka,1421,APP,ANDROID,MASS,ACTIVE
SYN-U-13803,40,M,SALARIED,60872.21,Chittagong,80,AGENT,ANDROID,SME,ACTIVE
SYN-U-13804,41,M,SALARIED,33902.94,Chittagong,494,AGENT,ANDROID,STUDENT,DORMANT
SYN-U-13805,66,F,BUSINESS,105222.01,Chittagong,1518,BRANCH,ANDROID,MASS,ACTIVE
SYN-U-13806,62,M,BUSINESS,106070.43,Dhaka,2277,AGENT,ANDROID,MASS,ACTIVE
SYN-U-13807,64,F,BUSINESS,95237.88,Khulna,1130,APP,ANDROID,MASS,ACTIVE
SYN-U-13808,30,F,STUDENT,22724.17,Rajshahi,2337,USSD,ANDROID,MASS,ACTIVE
SYN-U-13809,59,M,STUDENT,16839.84,Chittagong,1563,AGENT,ANDROID,MASS,ACTIVE
SYN-U-13810,36,M,SALARIED,47155.34,Gazipur,983,APP,ANDROID,MASS,ACTIVE
SYN-U-13811,29,M,SALARIED,70437.09,Dhaka,1553,USSD,IOS,MASS,ACTIVE
SYN-U-13812,52,F,SALARIED,48369.2,Chittagong,1040,AGENT,ANDROID,MASS,ACTIVE
SYN-U-13813,70,F,BUSINESS,99176.89,Dhaka,2200,BRANCH,ANDROID,PAYROLL,ACTIVE
SYN-U-13814,32,M,BUSINESS,23123.35,Chittagong,680,AGENT,ANDROID,STUDENT,ACTIVE
SYN-U-13815,38,M,BUSINESS,80234.7,Chittagong,248,APP,ANDROID,PAYROLL,DORMANT
SYN-U-13816,55,F,BUSINESS,107719.21,Sylhet,2452,AGENT,IOS,AFFLUENT,DORMANT
SYN-U-13817,37,F,SALARIED,49987.32,Rangpur,587,APP,ANDROID,MASS,ACTIVE
SYN-U-13818,34,F,SALARIED,84902.22,Rajshahi,2165,AGENT,ANDROID,AFFLUENT,ACTIVE
SYN-U-13819,41,M,RETIRED,34069.59,Chittagong,225,APP,ANDROID,PAYROLL,ACTIVE
SYN-U-13820,62,M,BUSINESS,86361.73,Dhaka,783,AGENT,ANDROID,MASS,ACTIVE
SYN-U-13821,50,M,STUDENT,20048.34,Chittagong,2161,APP,ANDROID,MASS,ACTIVE
SYN-U-13822,52,M,BUSINESS,204776.88,Cumilla,2201,APP,ANDROID,AFFLUENT,ACTIVE
SYN-U-13823,42,F,SALARIED,67689.64,Dhaka,2355,APP,ANDROID,PAYROLL,ACTIVE
SYN-U-13824,39,F,STUDENT,17523.8,Chittagong,1765,BRANCH,FEATURE_PHONE,STUDENT,ACTIVE
SYN-U-13825,47,M,BUSINESS,119184.06,Dhaka,2446,APP,ANDROID,PAYROLL,ACTIVE
SYN-U-13826,33,F,HOMEMAKER,18211.55,Dhaka,2073,AGENT,ANDROID,STUDENT,ACTIVE
SYN-U-13827,60,F,STUDENT,20444.44,Mymensingh,1583,BRANCH,ANDROID,PAYROLL,ACTIVE
SYN-U-13828,63,M,SALARIED,129875.97,Cumilla,1886,APP,ANDROID,AFFLUENT,DORMANT
SYN-U-13829,51,F,BUSINESS,92105.4,Sylhet,2296,APP,ANDROID,STUDENT,ACTIVE
SYN-U-13830,55,M,SALARIED,68930.89,Gazipur,1145,BRANCH,ANDROID,MASS,ACTIVE
SYN-U-13831,38,F,RETIRED,33572.35,Dhaka,2422,APP,FEATURE_PHONE,MASS,ACTIVE
SYN-U-13832,63,M,SALARIED,87190.24,Rajshahi,2176,APP,ANDROID,PAYROLL,ACTIVE
SYN-U-13833,57,M,SALARIED,41489.83,Dhaka,1436,APP,ANDROID,STUDENT,ACTIVE
SYN-U-13834,37,F,STUDENT,18087.88,Chittagong,333,BRANCH,ANDROID,PAYROLL,ACTIVE
SYN-U-13835,35,M,BUSINESS,72127.42,Chittagong,727,AGENT,ANDROID,MASS,ACTIVE
SYN-U-13836,53,M,SALARIED,71328.89,Cox's Bazar,1588,AGENT,ANDROID,SME,ACTIVE
SYN-U-13837,19,F,BUSINESS,124174.91,Chittagong,1265,AGENT,ANDROID,MASS,ACTIVE
SYN-U-13838,54,M,BUSINESS,102197.01,Barishal,638,AGENT,ANDROID,STUDENT,ACTIVE
SYN-U-13839,24,F,FREELANCER,55687.23,Chittagong,1764,APP,FEATURE_PHONE,MASS,ACTIVE
SYN-U-13840,65,F,FREELANCER,69915.68,Dhaka,855,AGENT,ANDROID,MASS,ACTIVE
SYN-U-13841,29,F,SALARIED,83147.06,Rangpur,1686,USSD,ANDROID,AFFLUENT,ACTIVE
SYN-U-13842,29,F,SALARIED,69034.54,Dhaka,1378,APP,ANDROID,MASS,ACTIVE
SYN-U-13843,41,M,BUSINESS,80510.54,Chittagong,115,APP,ANDROID,MASS,ACTIVE
SYN-U-13844,69,M,STUDENT,20665.13,Chittagong,449,APP,ANDROID,MASS,ACTIVE
SYN-U-13845,29,M,SALARIED,26638.26,Rangpur,2486,APP,ANDROID,MASS,ACTIVE
SYN-U-13846,49,M,BUSINESS,207880.61,Rangpur,710,APP,IOS,SME,ACTIVE
SYN-U-13847,22,M,SALARIED,21535.28,Dhaka,1323,AGENT,ANDROID,PAYROLL,ACTIVE
SYN-U-13848,25,M,SALARIED,47193.63,Dhaka,2498,APP,ANDROID,STUDENT,ACTIVE
SYN-U-13849,54,F,HOMEMAKER,15000.0,Khulna,2268,AGENT,ANDROID,STUDENT,ACTIVE
SYN-U-13850,43,F,SALARIED,75735.92,Dhaka,1969,APP,ANDROID,MASS,ACTIVE
SYN-U-13851,22,F,SALARIED,38533.71,Dhaka,2411,AGENT,ANDROID,MASS,ACTIVE
SYN-U-13852,70,M,BUSINESS,60412.5,Dhaka,1065,APP,ANDROID,STUDENT,ACTIVE
SYN-U-13853,22,F,SALARIED,37815.58,Dhaka,671,APP,ANDROID,MASS,ACTIVE
SYN-U-13854,40,F,SALARIED,27225.37,Dhaka,2207,BRANCH,ANDROID,MASS,ACTIVE
SYN-U-13855,66,M,BUSINESS,221947.74,Cumilla,1089,APP,ANDROID,AFFLUENT,ACTIVE
SYN-U-13856,54,F,FREELANCER,41538.03,Barishal,2178,AGENT,ANDROID,MASS,ACTIVE
SYN-U-13857,44,M,FREELANCER,21900.04,Sylhet,790,APP,IOS,PAYROLL,ACTIVE
SYN-U-13858,69,F,SALARIED,51275.85,Gazipur,232,APP,ANDROID,MASS,ACTIVE
SYN-U-13859,37,M,STUDENT,15000.0,Dhaka,2466,APP,ANDROID,MASS,ACTIVE
SYN-U-13860,29,M,BUSINESS,46261.88,Gazipur,1995,APP,ANDROID,MASS,ACTIVE
SYN-U-13861,65,F,STUDENT,21328.6,Gazipur,1673,APP,ANDROID,AFFLUENT,ACTIVE
SYN-U-13862,43,M,SALARIED,41435.59,Dhaka,2180,USSD,ANDROID,MASS,ACTIVE
SYN-U-13863,33,F,SALARIED,59471.19,Chittagong,1845,USSD,ANDROID,STUDENT,ACTIVE
SYN-U-13864,21,M,SALARIED,42154.42,Khulna,2023,APP,ANDROID,STUDENT,ACTIVE
SYN-U-13865,57,F,STUDENT,15000.0,Chittagong,91,AGENT,ANDROID,MASS,ACTIVE
SYN-U-13866,51,M,SALARIED,69476.57,Dhaka,2496,APP,ANDROID,MASS,ACTIVE
SYN-U-13867,31,M,BUSINESS,39996.71,Chittagong,1503,AGENT,ANDROID,MASS,ACTIVE
SYN-U-13868,59,M,BUSINESS,225731.25,Barishal,331,APP,ANDROID,AFFLUENT,ACTIVE
SYN-U-13869,48,M,FREELANCER,103213.98,Chittagong,764,AGENT,ANDROID,AFFLUENT,ACTIVE
SYN-U-13870,24,M,BUSINESS,61237.4,Dhaka,1816,APP,ANDROID,STUDENT,ACTIVE
SYN-U-13871,66,M,HOMEMAKER,34160.16,Sylhet,1554,APP,ANDROID,MASS,ACTIVE
SYN-U-13872,60,M,FREELANCER,86120.05,Khulna,750,APP,ANDROID,MASS,ACTIVE
SYN-U-13873,49,M,FREELANCER,43742.67,Sylhet,2409,AGENT,ANDROID,MASS,ACTIVE
SYN-U-13874,68,M,SALARIED,36058.96,Rajshahi,538,AGENT,ANDROID,STUDENT,ACTIVE
SYN-U-13875,30,M,SALARIED,38530.45,Narayanganj,1471,AGENT,ANDROID,MASS,ACTIVE
SYN-U-13876,20,F,BUSINESS,192470.32,Dhaka,2170,AGENT,ANDROID,SME,ACTIVE
SYN-U-13877,48,M,BUSINESS,114084.53,Khulna,1029,AGENT,ANDROID,SME,ACTIVE
SYN-U-13878,26,M,BUSINESS,36726.7,Sylhet,1480,APP,ANDROID,MASS,ACTIVE
SYN-U-13879,41,M,SALARIED,98630.55,Dhaka,2411,APP,ANDROID,AFFLUENT,ACTIVE
SYN-U-13880,22,M,SALARIED,32031.62,Chittagong,1483,APP,ANDROID,STUDENT,ACTIVE
SYN-U-13881,62,M,BUSINESS,126157.07,Chittagong,2431,USSD,ANDROID,SME,ACTIVE
SYN-U-13882,33,F,SALARIED,53984.87,Mymensingh,792,BRANCH,ANDROID,AFFLUENT,ACTIVE
SYN-U-13883,38,M,FREELANCER,57033.32,Chittagong,1744,APP,FEATURE_PHONE,MASS,ACTIVE
SYN-U-13884,23,M,FREELANCER,117605.42,Chittagong,337,APP,ANDROID,SME,ACTIVE
SYN-U-13885,51,F,BUSINESS,98624.18,Gazipur,2004,APP,ANDROID,MASS,ACTIVE
SYN-U-13886,21,M,BUSINESS,15000.0,Dhaka,1167,BRANCH,ANDROID,MASS,ACTIVE
SYN-U-13887,29,M,SALARIED,39437.02,Rajshahi,1530,APP,ANDROID,MASS,ACTIVE
SYN-U-13888,42,F,BUSINESS,137329.63,Rajshahi,2113,AGENT,ANDROID,SME,ACTIVE
SYN-U-13889,33,F,SALARIED,37541.02,Rajshahi,242,APP,ANDROID,MASS,ACTIVE
SYN-U-13890,58,F,SALARIED,153841.82,Dhaka,596,APP,ANDROID,AFFLUENT,ACTIVE
SYN-U-13891,45,F,SALARIED,57471.59,Barishal,867,AGENT,ANDROID,MASS,ACTIVE
SYN-U-13892,39,M,HOMEMAKER,24588.4,Cox's Bazar,82,USSD,IOS,PAYROLL,ACTIVE
SYN-U-13893,45,M,SALARIED,61235.7,Rangpur,1027,APP,ANDROID,PAYROLL,ACTIVE
SYN-U-13894,25,F,SALARIED,84194.3,Chittagong,1158,APP,ANDROID,SME,ACTIVE
SYN-U-13895,40,F,BUSINESS,46304.13,Dhaka,415,BRANCH,ANDROID,MASS,ACTIVE
SYN-U-13896,71,M,BUSINESS,32455.29,Bogura,683,AGENT,ANDROID,STUDENT,ACTIVE
SYN-U-13897,70,F,SALARIED,35791.09,Dhaka,699,APP,FEATURE_PHONE,STUDENT,ACTIVE
SYN-U-13898,18,F,SALARIED,69945.73,Rangpur,361,AGENT,ANDROID,MASS,ACTIVE
SYN-U-13899,23,M,BUSINESS,71076.42,Mymensingh,2296,APP,FEATURE_PHONE,MASS,ACTIVE
SYN-U-13900,46,F,SALARIED,35560.27,Rangpur,952,AGENT,ANDROID,MASS,ACTIVE
SYN-U-13901,58,M,BUSINESS,123930.27,Dhaka,734,APP,ANDROID,AFFLUENT,ACTIVE
SYN-U-13902,44,F,SALARIED,31764.82,Mymensingh,2301,APP,ANDROID,MASS,ACTIVE
SYN-U-13903,21,M,SALARIED,54378.37,Rangpur,2316,APP,ANDROID,MASS,ACTIVE
SYN-U-13904,37,M,SALARIED,53898.08,Dhaka,648,APP,ANDROID,MASS,ACTIVE
SYN-U-13905,42,F,STUDENT,17403.31,Chittagong,1596,APP,ANDROID,PAYROLL,ACTIVE
SYN-U-13906,29,M,RETIRED,28963.31,Dhaka,2298,AGENT,ANDROID,MASS,ACTIVE
SYN-U-13907,43,M,BUSINESS,55657.8,Rajshahi,916,APP,IOS,MASS,ACTIVE
SYN-U-13908,27,M,SALARIED,46100.23,Dhaka,1026,APP,ANDROID,MASS,ACTIVE
SYN-U-13909,44,F,BUSINESS,251226.83,Rangpur,65,APP,IOS,AFFLUENT,ACTIVE
SYN-U-13910,35,M,SALARIED,43383.96,Dhaka,1165,AGENT,ANDROID,MASS,ACTIVE
SYN-U-13911,22,M,FREELANCER,36172.85,Rajshahi,299,APP,IOS,STUDENT,ACTIVE
SYN-U-13912,70,O,BUSINESS,79478.17,Dhaka,1321,AGENT,ANDROID,PAYROLL,ACTIVE
SYN-U-13913,24,F,SALARIED,67484.82,Rajshahi,2390,APP,ANDROID,MASS,ACTIVE
SYN-U-13914,43,F,HOMEMAKER,17995.08,Chittagong,2114,APP,ANDROID,STUDENT,ACTIVE
SYN-U-13915,38,F,BUSINESS,105603.02,Khulna,831,APP,ANDROID,AFFLUENT,ACTIVE
SYN-U-13916,53,M,FREELANCER,48785.43,Cumilla,1174,APP,ANDROID,MASS,DORMANT
SYN-U-13917,39,F,SALARIED,52415.96,Mymensingh,2433,APP,ANDROID,MASS,ACTIVE
SYN-U-13918,50,M,SALARIED,48253.38,Narayanganj,293,APP,ANDROID,MASS,ACTIVE
SYN-U-13919,38,M,BUSINESS,209251.15,Jessore,729,APP,ANDROID,SME,ACTIVE
SYN-U-13920,54,F,SALARIED,28259.28,Dhaka,1051,APP,IOS,MASS,ACTIVE
SYN-U-13921,51,M,HOMEMAKER,21537.02,Gazipur,2204,APP,ANDROID,MASS,ACTIVE
SYN-U-13922,55,M,SALARIED,51751.6,Mymensingh,890,APP,ANDROID,MASS,ACTIVE
SYN-U-13923,68,M,HOMEMAKER,82978.96,Khulna,486,APP,ANDROID,AFFLUENT,ACTIVE
SYN-U-13924,51,F,STUDENT,21459.11,Chittagong,308,BRANCH,ANDROID,MASS,ACTIVE
SYN-U-13925,43,M,SALARIED,40015.07,Chittagong,782,APP,ANDROID,MASS,ACTIVE
SYN-U-13926,18,M,SALARIED,35122.29,Gazipur,30,APP,ANDROID,STUDENT,ACTIVE
SYN-U-13927,66,F,SALARIED,38721.09,Dhaka,2295,AGENT,ANDROID,MASS,ACTIVE
SYN-U-13928,58,F,SALARIED,31211.67,Rajshahi,1434,APP,ANDROID,MASS,ACTIVE
SYN-U-13929,32,F,BUSINESS,84875.28,Dhaka,279,APP,IOS,AFFLUENT,ACTIVE
SYN-U-13930,22,F,STUDENT,15000.0,Rajshahi,61,APP,ANDROID,STUDENT,ACTIVE
SYN-U-13931,52,M,FREELANCER,96351.39,Sylhet,314,APP,ANDROID,MASS,ACTIVE
SYN-U-13932,21,M,SALARIED,60609.29,Dhaka,1432,USSD,ANDROID,AFFLUENT,ACTIVE
SYN-U-13933,63,F,RETIRED,27207.65,Dhaka,923,APP,ANDROID,MASS,ACTIVE
SYN-U-13934,22,M,STUDENT,31580.31,Sylhet,801,APP,ANDROID,MASS,ACTIVE
SYN-U-13935,23,F,SALARIED,36356.35,Dhaka,1560,AGENT,ANDROID,SME,ACTIVE
SYN-U-13936,23,F,BUSINESS,40468.17,Dhaka,501,APP,ANDROID,MASS,ACTIVE
SYN-U-13937,52,M,SALARIED,42622.37,Narayanganj,1363,APP,ANDROID,STUDENT,ACTIVE
SYN-U-13938,70,M,SALARIED,70919.43,Chittagong,874,APP,ANDROID,MASS,ACTIVE
SYN-U-13939,50,F,SALARIED,36562.35,Khulna,2173,AGENT,ANDROID,MASS,ACTIVE
SYN-U-13940,21,M,FREELANCER,52738.53,Chittagong,1339,USSD,ANDROID,MASS,ACTIVE
SYN-U-13941,22,F,BUSINESS,22964.43,Cumilla,893,APP,ANDROID,MASS,ACTIVE
SYN-U-13942,30,F,BUSINESS,53953.14,Dhaka,1083,AGENT,IOS,MASS,ACTIVE
SYN-U-13943,65,M,SALARIED,17193.04,Dhaka,264,APP,ANDROID,PAYROLL,ACTIVE
SYN-U-13944,57,M,SALARIED,46419.18,Sylhet,466,APP,ANDROID,MASS,ACTIVE
SYN-U-13945,49,F,SALARIED,46161.61,Sylhet,1639,APP,ANDROID,MASS,ACTIVE
SYN-U-13946,18,M,BUSINESS,38725.63,Dhaka,522,APP,ANDROID,AFFLUENT,ACTIVE
SYN-U-13947,71,F,BUSINESS,15000.0,Dhaka,1109,AGENT,ANDROID,AFFLUENT,ACTIVE
SYN-U-13948,29,F,SALARIED,38995.09,Dhaka,310,AGENT,ANDROID,MASS,ACTIVE
SYN-U-13949,55,F,FREELANCER,130179.44,Gazipur,117,APP,IOS,AFFLUENT,ACTIVE
SYN-U-13950,26,M,HOMEMAKER,56472.15,Chittagong,1592,APP,ANDROID,AFFLUENT,ACTIVE
SYN-U-13951,44,M,SALARIED,61715.18,Khulna,2356,APP,ANDROID,MASS,ACTIVE
SYN-U-13952,55,M,FREELANCER,64517.68,Sylhet,917,BRANCH,FEATURE_PHONE,MASS,ACTIVE
SYN-U-13953,48,O,SALARIED,55950.62,Barishal,1995,AGENT,ANDROID,PAYROLL,ACTIVE
SYN-U-13954,48,M,SALARIED,34758.73,Dhaka,1342,APP,ANDROID,MASS,ACTIVE
SYN-U-13955,71,F,STUDENT,35079.94,Cumilla,1156,APP,ANDROID,SME,ACTIVE
SYN-U-13956,43,F,BUSINESS,70570.08,Sylhet,1942,APP,ANDROID,MASS,ACTIVE
SYN-U-13957,66,F,BUSINESS,27477.58,Dhaka,1928,APP,IOS,PAYROLL,ACTIVE
SYN-U-13958,59,M,BUSINESS,66268.52,Mymensingh,1169,APP,ANDROID,PAYROLL,DORMANT
SYN-U-13959,26,M,STUDENT,23958.19,Dhaka,720,AGENT,FEATURE_PHONE,STUDENT,ACTIVE
SYN-U-13960,44,F,SALARIED,42341.08,Dhaka,763,BRANCH,ANDROID,MASS,ACTIVE
SYN-U-13961,26,M,SALARIED,60945.7,Rangpur,1926,APP,ANDROID,MASS,ACTIVE
SYN-U-13962,54,M,SALARIED,134016.83,Dhaka,1849,APP,ANDROID,SME,ACTIVE
SYN-U-13963,58,M,RETIRED,59997.46,Chittagong,1811,APP,ANDROID,SME,ACTIVE
SYN-U-13964,56,M,BUSINESS,200668.16,Dhaka,837,AGENT,ANDROID,AFFLUENT,ACTIVE
SYN-U-13965,44,M,FREELANCER,151494.01,Dhaka,1601,AGENT,ANDROID,AFFLUENT,ACTIVE
SYN-U-13966,51,M,SALARIED,150003.07,Dhaka,278,APP,IOS,AFFLUENT,ACTIVE
SYN-U-13967,66,M,SALARIED,38593.57,Bogura,1722,APP,ANDROID,MASS,ACTIVE
SYN-U-13968,35,M,BUSINESS,132290.77,Sylhet,255,APP,ANDROID,AFFLUENT,ACTIVE
SYN-U-13969,71,M,BUSINESS,43268.64,Chittagong,1266,APP,ANDROID,MASS,ACTIVE
SYN-U-13970,70,M,BUSINESS,90730.99,Dhaka,1931,APP,FEATURE_PHONE,MASS,ACTIVE
SYN-U-13971,22,F,SALARIED,100413.95,Chittagong,1755,APP,ANDROID,SME,ACTIVE
SYN-U-13972,42,M,BUSINESS,214380.46,Chittagong,543,APP,ANDROID,AFFLUENT,ACTIVE
SYN-U-13973,28,F,FREELANCER,18124.88,Cumilla,1584,APP,ANDROID,MASS,ACTIVE
SYN-U-13974,27,F,FREELANCER,48902.36,Gazipur,2288,AGENT,ANDROID,MASS,ACTIVE
SYN-U-13975,47,F,SALARIED,95037.76,Dhaka,1813,APP,FEATURE_PHONE,AFFLUENT,DORMANT
SYN-U-13976,49,M,SALARIED,117774.13,Mymensingh,748,APP,ANDROID,AFFLUENT,ACTIVE
SYN-U-13977,58,F,SALARIED,53199.3,Dhaka,1560,USSD,FEATURE_PHONE,MASS,ACTIVE
SYN-U-13978,48,F,SALARIED,47220.04,Dhaka,463,APP,IOS,MASS,ACTIVE
SYN-U-13979,44,M,HOMEMAKER,17955.94,Dhaka,540,APP,ANDROID,MASS,ACTIVE
SYN-U-13980,40,M,SALARIED,94173.38,Dhaka,2179,AGENT,ANDROID,AFFLUENT,ACTIVE
SYN-U-13981,48,F,SALARIED,23007.25,Chittagong,2124,APP,ANDROID,STUDENT,ACTIVE
SYN-U-13982,26,M,FREELANCER,108541.32,Barishal,1165,APP,ANDROID,SME,ACTIVE
SYN-U-13983,35,F,STUDENT,27356.86,Jessore,2152,APP,ANDROID,SME,ACTIVE
SYN-U-13984,54,M,SALARIED,73124.67,Rajshahi,1641,APP,ANDROID,STUDENT,ACTIVE
SYN-U-13985,29,F,BUSINESS,65966.15,Dhaka,1264,AGENT,IOS,MASS,RESTRICTED
SYN-U-13986,18,M,BUSINESS,52139.15,Chittagong,431,APP,IOS,MASS,ACTIVE
SYN-U-13987,36,M,SALARIED,19215.97,Dhaka,708,APP,ANDROID,STUDENT,DORMANT
SYN-U-13988,37,F,SALARIED,27799.03,Chittagong,741,APP,ANDROID,STUDENT,ACTIVE
SYN-U-13989,58,F,BUSINESS,79344.63,Dhaka,2038,APP,ANDROID,STUDENT,ACTIVE
SYN-U-13990,70,F,SALARIED,116043.09,Narayanganj,1854,APP,ANDROID,AFFLUENT,ACTIVE
SYN-U-13991,23,F,FREELANCER,94701.53,Rajshahi,300,BRANCH,ANDROID,MASS,ACTIVE
SYN-U-13992,62,F,HOMEMAKER,15000.0,Dhaka,997,APP,ANDROID,MASS,ACTIVE
SYN-U-13993,21,M,RETIRED,30388.88,Gazipur,1179,APP,IOS,PAYROLL,ACTIVE
SYN-U-13994,42,F,BUSINESS,85189.67,Cumilla,2059,APP,ANDROID,MASS,ACTIVE
SYN-U-13995,71,M,RETIRED,81031.15,Sylhet,1135,AGENT,ANDROID,AFFLUENT,ACTIVE
SYN-U-13996,42,M,SALARIED,71197.45,Rajshahi,938,AGENT,ANDROID,MASS,ACTIVE
SYN-U-13997,52,F,SALARIED,137735.22,Gazipur,2321,AGENT,FEATURE_PHONE,AFFLUENT,ACTIVE
SYN-U-13998,61,M,STUDENT,20986.45,Chittagong,82,AGENT,ANDROID,AFFLUENT,ACTIVE
SYN-U-13999,20,F,SALARIED,34944.3,Chittagong,81,BRANCH,ANDROID,MASS,ACTIVE
SYN-U-14000,56,M,BUSINESS,55338.1,Dhaka,853,APP,ANDROID,MASS,ACTIVE
SYN-U-14001,58,F,SALARIED,76604.91,Dhaka,1834,APP,IOS,MASS,ACTIVE
SYN-U-14002,33,F,FREELANCER,64373.02,Chittagong,2193,BRANCH,ANDROID,MASS,DORMANT
SYN-U-14003,25,F,SALARIED,23442.72,Chittagong,2130,USSD,FEATURE_PHONE,MASS,ACTIVE
SYN-U-14004,67,F,SALARIED,15000.0,Dhaka,176,APP,ANDROID,MASS,ACTIVE
SYN-U-14005,36,M,FREELANCER,69971.1,Dhaka,906,APP,ANDROID,STUDENT,ACTIVE
SYN-U-14006,70,M,RETIRED,32131.58,Khulna,884,USSD,FEATURE_PHONE,MASS,ACTIVE
SYN-U-14007,54,M,BUSINESS,88418.11,Chittagong,1112,AGENT,ANDROID,MASS,ACTIVE
SYN-U-14008,69,M,HOMEMAKER,19483.07,Dhaka,1973,APP,ANDROID,STUDENT,ACTIVE
SYN-U-14009,38,F,FREELANCER,89763.08,Dhaka,191,AGENT,ANDROID,MASS,ACTIVE
SYN-U-14010,66,F,SALARIED,52066.87,Dhaka,2323,AGENT,ANDROID,MASS,ACTIVE
SYN-U-14011,59,M,SALARIED,47840.48,Rajshahi,282,APP,ANDROID,MASS,ACTIVE
SYN-U-14012,69,M,FREELANCER,64057.31,Khulna,1346,AGENT,ANDROID,PAYROLL,ACTIVE
SYN-U-14013,67,M,SALARIED,31584.65,Rangpur,2050,APP,ANDROID,MASS,ACTIVE
SYN-U-14014,52,M,BUSINESS,111293.86,Sylhet,985,APP,ANDROID,MASS,ACTIVE
SYN-U-14015,25,M,SALARIED,55018.05,Gazipur,129,AGENT,ANDROID,MASS,ACTIVE
SYN-U-14016,38,F,SALARIED,145638.98,Dhaka,785,AGENT,ANDROID,AFFLUENT,ACTIVE
SYN-U-14017,18,M,BUSINESS,115103.29,Cumilla,1875,AGENT,ANDROID,SME,ACTIVE
SYN-U-14018,63,F,STUDENT,23166.32,Sylhet,681,APP,ANDROID,MASS,ACTIVE
SYN-U-14019,19,F,SALARIED,30545.03,Barishal,325,AGENT,ANDROID,MASS,ACTIVE
SYN-U-14020,42,M,SALARIED,35115.99,Dhaka,669,APP,ANDROID,MASS,DORMANT
SYN-U-14021,23,F,BUSINESS,44031.15,Dhaka,1997,APP,FEATURE_PHONE,PAYROLL,ACTIVE
SYN-U-14022,44,F,SALARIED,61969.99,Dhaka,2272,APP,ANDROID,SME,RESTRICTED
SYN-U-14023,44,F,SALARIED,42106.91,Dhaka,772,BRANCH,ANDROID,PAYROLL,ACTIVE
SYN-U-14024,32,F,BUSINESS,68440.73,Dhaka,721,APP,ANDROID,MASS,ACTIVE
SYN-U-14025,68,M,SALARIED,52258.84,Chittagong,748,APP,ANDROID,MASS,ACTIVE
SYN-U-14026,34,M,BUSINESS,58848.94,Dhaka,467,AGENT,ANDROID,MASS,ACTIVE
SYN-U-14027,35,M,FREELANCER,50140.97,Chittagong,536,APP,ANDROID,MASS,ACTIVE
SYN-U-14028,69,F,SALARIED,38720.05,Dhaka,820,APP,ANDROID,MASS,ACTIVE
SYN-U-14029,44,M,BUSINESS,75273.0,Mymensingh,165,AGENT,IOS,MASS,ACTIVE
SYN-U-14030,53,F,BUSINESS,102008.42,Dhaka,516,APP,ANDROID,MASS,ACTIVE
SYN-U-14031,30,F,STUDENT,43328.55,Chittagong,1018,BRANCH,ANDROID,SME,ACTIVE
SYN-U-14032,68,M,RETIRED,90812.07,Gazipur,94,AGENT,ANDROID,SME,ACTIVE
SYN-U-14033,24,M,SALARIED,52276.66,Chittagong,2435,APP,ANDROID,MASS,ACTIVE
SYN-U-14034,32,F,STUDENT,15000.0,Rajshahi,2396,APP,ANDROID,MASS,ACTIVE
SYN-U-14035,20,F,BUSINESS,53424.79,Sylhet,1414,APP,ANDROID,AFFLUENT,ACTIVE
SYN-U-14036,33,F,FREELANCER,23571.62,Cumilla,1125,APP,ANDROID,MASS,ACTIVE
SYN-U-14037,68,F,SALARIED,114223.5,Chittagong,1785,APP,ANDROID,AFFLUENT,ACTIVE
SYN-U-14038,69,M,SALARIED,65114.28,Khulna,2396,APP,ANDROID,MASS,ACTIVE
SYN-U-14039,48,M,SALARIED,73184.55,Dhaka,116,AGENT,ANDROID,AFFLUENT,ACTIVE
SYN-U-14040,53,M,HOMEMAKER,53162.07,Chittagong,1721,APP,ANDROID,SME,ACTIVE
SYN-U-14041,43,F,SALARIED,51955.02,Chittagong,1964,APP,ANDROID,MASS,ACTIVE
SYN-U-14042,47,M,BUSINESS,75741.5,Dhaka,554,AGENT,ANDROID,MASS,ACTIVE
SYN-U-14043,64,M,SALARIED,58372.95,Dhaka,1534,APP,ANDROID,MASS,ACTIVE
SYN-U-14044,25,F,BUSINESS,83466.79,Cumilla,2360,AGENT,ANDROID,MASS,ACTIVE
SYN-U-14045,22,M,FREELANCER,30347.52,Cumilla,1690,APP,ANDROID,PAYROLL,ACTIVE
SYN-U-14046,23,F,BUSINESS,44937.22,Dhaka,506,APP,ANDROID,MASS,ACTIVE
SYN-U-14047,37,F,SALARIED,60855.27,Narayanganj,1261,APP,IOS,MASS,ACTIVE
SYN-U-14048,55,F,SALARIED,27489.62,Dhaka,1396,AGENT,ANDROID,AFFLUENT,ACTIVE
SYN-U-14049,67,M,BUSINESS,29945.27,Gazipur,1559,BRANCH,ANDROID,MASS,ACTIVE
SYN-U-14050,48,M,SALARIED,15000.0,Mymensingh,133,AGENT,ANDROID,MASS,ACTIVE
SYN-U-14051,67,M,STUDENT,31675.64,Gazipur,447,AGENT,ANDROID,AFFLUENT,ACTIVE
SYN-U-14052,42,F,SALARIED,63769.09,Rajshahi,2358,AGENT,ANDROID,MASS,ACTIVE
SYN-U-14053,71,M,BUSINESS,93160.23,Cumilla,398,APP,ANDROID,MASS,ACTIVE
SYN-U-14054,20,F,SALARIED,106260.69,Cumilla,2296,APP,ANDROID,SME,ACTIVE
SYN-U-14055,20,M,BUSINESS,54576.48,Chittagong,34,AGENT,ANDROID,AFFLUENT,ACTIVE
SYN-U-14056,53,M,BUSINESS,70199.99,Dhaka,2328,APP,ANDROID,STUDENT,ACTIVE
SYN-U-14057,33,F,HOMEMAKER,19682.23,Dhaka,1031,USSD,ANDROID,MASS,ACTIVE
SYN-U-14058,42,F,RETIRED,15341.02,Chittagong,802,USSD,ANDROID,MASS,ACTIVE
SYN-U-14059,47,F,SALARIED,25961.59,Dhaka,1637,BRANCH,IOS,MASS,ACTIVE
SYN-U-14060,35,M,SALARIED,37730.64,Dhaka,2244,APP,IOS,MASS,ACTIVE
SYN-U-14061,22,F,SALARIED,45501.1,Dhaka,412,AGENT,ANDROID,MASS,ACTIVE
SYN-U-14062,38,F,BUSINESS,37965.33,Dhaka,1247,APP,ANDROID,MASS,ACTIVE
SYN-U-14063,41,M,SALARIED,41834.02,Khulna,461,AGENT,IOS,MASS,ACTIVE
SYN-U-14064,33,F,BUSINESS,15000.0,Chittagong,1951,AGENT,ANDROID,MASS,ACTIVE
SYN-U-14065,21,M,FREELANCER,108360.47,Sylhet,2027,APP,IOS,AFFLUENT,ACTIVE
SYN-U-14066,34,M,BUSINESS,58863.35,Dhaka,103,APP,ANDROID,STUDENT,ACTIVE
SYN-U-14067,33,F,SALARIED,107734.87,Dhaka,671,APP,ANDROID,SME,ACTIVE
SYN-U-14068,30,F,BUSINESS,65171.89,Jessore,2368,AGENT,ANDROID,PAYROLL,ACTIVE
SYN-U-14069,52,M,BUSINESS,20748.43,Sylhet,564,AGENT,FEATURE_PHONE,MASS,ACTIVE
SYN-U-14070,55,F,FREELANCER,15000.0,Dhaka,223,AGENT,ANDROID,MASS,ACTIVE
SYN-U-14071,29,M,SALARIED,47828.42,Khulna,2275,APP,ANDROID,STUDENT,ACTIVE
SYN-U-14072,49,M,SALARIED,55503.82,Dhaka,2298,AGENT,FEATURE_PHONE,AFFLUENT,ACTIVE
SYN-U-14073,25,M,BUSINESS,74918.47,Dhaka,2357,AGENT,ANDROID,AFFLUENT,ACTIVE
SYN-U-14074,24,F,STUDENT,15000.0,Gazipur,2475,AGENT,ANDROID,MASS,DORMANT
SYN-U-14075,38,F,FREELANCER,63692.51,Rangpur,1185,AGENT,ANDROID,MASS,ACTIVE
SYN-U-14076,57,M,FREELANCER,80627.48,Khulna,1302,AGENT,ANDROID,AFFLUENT,ACTIVE
SYN-U-14077,58,M,SALARIED,69111.36,Cox's Bazar,779,APP,ANDROID,MASS,ACTIVE
SYN-U-14078,30,F,BUSINESS,125649.68,Chittagong,1903,AGENT,ANDROID,AFFLUENT,ACTIVE
SYN-U-14079,60,F,RETIRED,138216.86,Dhaka,541,APP,ANDROID,AFFLUENT,ACTIVE
SYN-U-14080,63,F,SALARIED,95396.63,Gazipur,1717,BRANCH,ANDROID,AFFLUENT,ACTIVE
SYN-U-14081,62,F,FREELANCER,59816.77,Sylhet,1386,APP,IOS,MASS,ACTIVE
SYN-U-14082,48,M,SALARIED,15000.0,Dhaka,1438,AGENT,ANDROID,MASS,ACTIVE
SYN-U-14083,22,F,BUSINESS,75619.89,Chittagong,235,APP,ANDROID,AFFLUENT,ACTIVE
SYN-U-14084,68,M,SALARIED,26961.62,Gazipur,92,APP,ANDROID,MASS,ACTIVE
SYN-U-14085,22,F,STUDENT,28759.57,Sylhet,1253,APP,ANDROID,SME,ACTIVE
SYN-U-14086,26,F,SALARIED,38555.2,Narayanganj,883,AGENT,ANDROID,MASS,ACTIVE
SYN-U-14087,56,F,STUDENT,20969.78,Rangpur,506,AGENT,ANDROID,STUDENT,ACTIVE
SYN-U-14088,46,M,BUSINESS,79836.04,Sylhet,2345,APP,ANDROID,AFFLUENT,ACTIVE
SYN-U-14089,71,F,BUSINESS,133553.36,Gazipur,570,APP,ANDROID,AFFLUENT,ACTIVE
SYN-U-14090,50,M,BUSINESS,82851.36,Gazipur,1410,AGENT,ANDROID,MASS,ACTIVE
SYN-U-14091,50,M,BUSINESS,116122.13,Bogura,2306,AGENT,ANDROID,SME,ACTIVE
SYN-U-14092,53,F,BUSINESS,120493.3,Dhaka,380,APP,ANDROID,SME,ACTIVE
SYN-U-14093,48,F,SALARIED,19717.44,Chittagong,1914,APP,ANDROID,MASS,ACTIVE
SYN-U-14094,38,M,SALARIED,36613.87,Dhaka,1184,BRANCH,ANDROID,MASS,ACTIVE
SYN-U-14095,63,M,SALARIED,47305.09,Dhaka,1041,APP,ANDROID,STUDENT,ACTIVE
SYN-U-14096,53,M,BUSINESS,129240.9,Dhaka,972,USSD,ANDROID,AFFLUENT,ACTIVE
SYN-U-14097,57,M,SALARIED,45975.64,Cumilla,479,AGENT,ANDROID,MASS,ACTIVE
SYN-U-14098,38,M,SALARIED,16315.31,Khulna,703,APP,ANDROID,MASS,ACTIVE
SYN-U-14099,28,M,SALARIED,31848.56,Khulna,53,APP,ANDROID,MASS,ACTIVE
SYN-U-14100,65,M,STUDENT,48375.45,Chittagong,1574,APP,ANDROID,SME,ACTIVE
SYN-U-14101,26,F,FREELANCER,102986.47,Chittagong,2438,APP,ANDROID,MASS,ACTIVE
SYN-U-14102,55,F,RETIRED,88459.32,Barishal,1965,APP,IOS,SME,ACTIVE
SYN-U-14103,50,M,SALARIED,48145.11,Chittagong,65,APP,ANDROID,STUDENT,ACTIVE
SYN-U-14104,59,M,SALARIED,81031.4,Dhaka,1239,AGENT,ANDROID,MASS,ACTIVE
SYN-U-14105,45,F,FREELANCER,47043.23,Dhaka,1436,AGENT,ANDROID,MASS,ACTIVE
SYN-U-14106,20,F,SALARIED,90544.88,Rangpur,1566,APP,ANDROID,AFFLUENT,ACTIVE
SYN-U-14107,69,M,HOMEMAKER,15000.0,Dhaka,1904,BRANCH,ANDROID,STUDENT,ACTIVE
SYN-U-14108,38,F,SALARIED,44029.51,Rajshahi,763,AGENT,ANDROID,MASS,ACTIVE
SYN-U-14109,42,F,HOMEMAKER,37943.28,Dhaka,469,APP,IOS,MASS,ACTIVE
SYN-U-14110,68,F,SALARIED,57721.26,Dhaka,461,APP,ANDROID,MASS,ACTIVE
SYN-U-14111,56,F,BUSINESS,87951.73,Gazipur,887,APP,ANDROID,MASS,DORMANT
SYN-U-14112,60,M,SALARIED,136091.13,Cumilla,1717,BRANCH,ANDROID,AFFLUENT,ACTIVE
SYN-U-14113,60,M,BUSINESS,110719.89,Khulna,238,USSD,IOS,MASS,ACTIVE
SYN-U-14114,41,M,RETIRED,51056.18,Barishal,1148,APP,ANDROID,MASS,ACTIVE
SYN-U-14115,49,F,STUDENT,28595.31,Chittagong,2049,AGENT,ANDROID,SME,ACTIVE
SYN-U-14116,32,F,BUSINESS,89939.08,Chittagong,1401,APP,ANDROID,MASS,ACTIVE
SYN-U-14117,40,F,BUSINESS,47731.83,Dhaka,909,APP,ANDROID,MASS,ACTIVE
SYN-U-14118,66,M,BUSINESS,75268.2,Dhaka,2375,APP,ANDROID,PAYROLL,ACTIVE
SYN-U-14119,67,M,SALARIED,33349.19,Chittagong,695,APP,IOS,STUDENT,ACTIVE
SYN-U-14120,69,M,SALARIED,37699.34,Sylhet,35,BRANCH,ANDROID,PAYROLL,ACTIVE
SYN-U-14121,71,M,SALARIED,66457.13,Dhaka,113,APP,IOS,MASS,ACTIVE
SYN-U-14122,56,F,STUDENT,28329.69,Dhaka,1581,BRANCH,ANDROID,PAYROLL,ACTIVE
SYN-U-14123,42,F,SALARIED,81737.91,Rajshahi,1552,AGENT,ANDROID,MASS,ACTIVE
SYN-U-14124,63,M,BUSINESS,38799.03,Khulna,838,APP,ANDROID,MASS,ACTIVE
SYN-U-14125,21,M,BUSINESS,62171.49,Dhaka,1146,AGENT,ANDROID,MASS,DORMANT
SYN-U-14126,43,M,STUDENT,29805.61,Barishal,447,APP,ANDROID,AFFLUENT,DORMANT
SYN-U-14127,58,F,SALARIED,37460.83,Dhaka,31,AGENT,ANDROID,MASS,ACTIVE
SYN-U-14128,28,M,SALARIED,28254.45,Cumilla,1710,AGENT,IOS,MASS,ACTIVE
SYN-U-14129,49,M,SALARIED,59865.71,Sylhet,2230,AGENT,IOS,MASS,ACTIVE
SYN-U-14130,51,F,SALARIED,128971.13,Chittagong,1035,USSD,IOS,AFFLUENT,ACTIVE
SYN-U-14131,50,M,BUSINESS,34825.17,Sylhet,378,AGENT,IOS,STUDENT,ACTIVE
SYN-U-14132,71,M,BUSINESS,54977.97,Dhaka,1470,BRANCH,ANDROID,STUDENT,ACTIVE
SYN-U-14133,34,F,FREELANCER,109988.19,Rangpur,2166,BRANCH,IOS,AFFLUENT,ACTIVE
SYN-U-14134,19,M,BUSINESS,24942.98,Dhaka,845,BRANCH,ANDROID,MASS,DORMANT
SYN-U-14135,59,F,STUDENT,18509.09,Cumilla,468,APP,ANDROID,STUDENT,ACTIVE
SYN-U-14136,23,F,BUSINESS,41631.58,Chittagong,1753,APP,ANDROID,MASS,ACTIVE
SYN-U-14137,47,F,SALARIED,79187.21,Sylhet,375,APP,ANDROID,MASS,ACTIVE
SYN-U-14138,67,F,BUSINESS,71441.97,Rangpur,2126,AGENT,ANDROID,MASS,ACTIVE
SYN-U-14139,21,M,SALARIED,37608.95,Rajshahi,203,BRANCH,IOS,STUDENT,ACTIVE
SYN-U-14140,66,F,SALARIED,82201.15,Chittagong,481,APP,ANDROID,MASS,ACTIVE
SYN-U-14141,44,M,SALARIED,95712.33,Cumilla,1990,AGENT,ANDROID,AFFLUENT,ACTIVE
SYN-U-14142,64,F,BUSINESS,59306.52,Chittagong,352,AGENT,ANDROID,MASS,ACTIVE
SYN-U-14143,50,F,BUSINESS,74378.41,Cumilla,1493,BRANCH,ANDROID,STUDENT,DORMANT
SYN-U-14144,22,M,SALARIED,55921.06,Chittagong,1231,APP,ANDROID,AFFLUENT,ACTIVE
SYN-U-14145,21,M,BUSINESS,15000.0,Khulna,1685,APP,ANDROID,PAYROLL,ACTIVE
SYN-U-14146,44,M,FREELANCER,183841.86,Rajshahi,1836,AGENT,ANDROID,AFFLUENT,ACTIVE
SYN-U-14147,47,M,BUSINESS,237919.4,Dhaka,1320,APP,ANDROID,AFFLUENT,ACTIVE
SYN-U-14148,59,F,BUSINESS,141383.15,Gazipur,1395,USSD,ANDROID,SME,ACTIVE
SYN-U-14149,37,F,SALARIED,20945.55,Dhaka,2149,AGENT,ANDROID,AFFLUENT,ACTIVE
SYN-U-14150,24,F,SALARIED,55611.88,Rajshahi,444,AGENT,ANDROID,MASS,ACTIVE
SYN-U-14151,56,M,RETIRED,36837.85,Barishal,2318,APP,ANDROID,PAYROLL,ACTIVE
SYN-U-14152,64,F,FREELANCER,41368.07,Gazipur,859,APP,FEATURE_PHONE,STUDENT,ACTIVE
SYN-U-14153,50,M,SALARIED,56188.58,Gazipur,47,AGENT,ANDROID,MASS,ACTIVE
SYN-U-14154,50,M,SALARIED,50555.56,Chittagong,1426,APP,ANDROID,MASS,ACTIVE
SYN-U-14155,56,F,SALARIED,35040.36,Dhaka,1080,APP,ANDROID,MASS,ACTIVE
SYN-U-14156,28,F,SALARIED,68166.61,Dhaka,1399,APP,ANDROID,MASS,ACTIVE
SYN-U-14157,42,M,SALARIED,91569.34,Sylhet,1881,APP,ANDROID,SME,ACTIVE
SYN-U-14158,54,F,SALARIED,125412.93,Dhaka,1505,AGENT,FEATURE_PHONE,AFFLUENT,ACTIVE
SYN-U-14159,43,F,HOMEMAKER,49713.9,Khulna,1385,AGENT,ANDROID,SME,ACTIVE
SYN-U-14160,62,F,BUSINESS,37252.76,Chittagong,657,APP,ANDROID,STUDENT,ACTIVE
SYN-U-14161,50,M,SALARIED,34084.34,Dhaka,257,APP,ANDROID,MASS,ACTIVE
SYN-U-14162,42,F,SALARIED,82283.1,Dhaka,614,APP,FEATURE_PHONE,AFFLUENT,ACTIVE
SYN-U-14163,65,F,BUSINESS,94721.98,Dhaka,589,USSD,FEATURE_PHONE,MASS,ACTIVE
SYN-U-14164,53,M,SALARIED,33040.96,Chittagong,355,BRANCH,IOS,MASS,ACTIVE
SYN-U-14165,58,M,SALARIED,50980.16,Barishal,1315,APP,ANDROID,MASS,ACTIVE
SYN-U-14166,69,F,SALARIED,43474.75,Dhaka,2077,APP,ANDROID,MASS,DORMANT
SYN-U-14167,59,M,BUSINESS,70290.44,Chittagong,984,APP,ANDROID,MASS,ACTIVE
SYN-U-14168,57,M,BUSINESS,64938.3,Dhaka,1297,APP,ANDROID,MASS,ACTIVE
SYN-U-14169,50,F,SALARIED,30907.19,Chittagong,2434,APP,ANDROID,STUDENT,ACTIVE
SYN-U-14170,20,M,SALARIED,21050.37,Dhaka,2300,BRANCH,ANDROID,MASS,ACTIVE
SYN-U-14171,56,F,BUSINESS,187612.04,Chittagong,57,APP,ANDROID,AFFLUENT,ACTIVE
SYN-U-14172,34,F,BUSINESS,128771.84,Rajshahi,1166,APP,ANDROID,MASS,ACTIVE
SYN-U-14173,47,F,FREELANCER,94974.38,Chittagong,366,APP,IOS,MASS,ACTIVE
SYN-U-14174,28,F,RETIRED,42111.41,Cumilla,250,APP,ANDROID,MASS,ACTIVE
SYN-U-14175,38,F,STUDENT,40638.79,Chittagong,951,APP,ANDROID,AFFLUENT,ACTIVE
SYN-U-14176,39,F,STUDENT,15000.0,Barishal,1615,APP,FEATURE_PHONE,STUDENT,ACTIVE
SYN-U-14177,28,F,SALARIED,44508.88,Chittagong,1557,APP,ANDROID,STUDENT,ACTIVE
SYN-U-14178,47,F,BUSINESS,89645.6,Gazipur,367,BRANCH,ANDROID,MASS,ACTIVE
SYN-U-14179,68,M,SALARIED,104312.22,Bogura,1486,APP,ANDROID,SME,ACTIVE
SYN-U-14180,22,M,FREELANCER,33096.51,Jessore,853,APP,ANDROID,STUDENT,ACTIVE
SYN-U-14181,26,F,SALARIED,46448.62,Dhaka,456,AGENT,ANDROID,MASS,ACTIVE
SYN-U-14182,35,F,SALARIED,29412.82,Jessore,1489,BRANCH,ANDROID,MASS,ACTIVE
SYN-U-14183,24,F,FREELANCER,84600.57,Cumilla,144,APP,ANDROID,MASS,ACTIVE
SYN-U-14184,64,M,BUSINESS,82849.55,Barishal,603,APP,ANDROID,MASS,ACTIVE
SYN-U-14185,66,M,SALARIED,29361.47,Dhaka,2208,AGENT,IOS,STUDENT,DORMANT
SYN-U-14186,23,M,SALARIED,129014.76,Dhaka,459,AGENT,ANDROID,AFFLUENT,ACTIVE
SYN-U-14187,68,F,SALARIED,33233.82,Dhaka,2429,APP,ANDROID,MASS,ACTIVE
SYN-U-14188,59,M,BUSINESS,70420.59,Khulna,1592,APP,ANDROID,MASS,ACTIVE
SYN-U-14189,25,M,SALARIED,33313.51,Chittagong,1953,AGENT,ANDROID,MASS,ACTIVE
SYN-U-14190,67,M,SALARIED,72111.29,Dhaka,1565,AGENT,ANDROID,PAYROLL,ACTIVE
SYN-U-14191,62,F,FREELANCER,50389.5,Gazipur,1945,AGENT,ANDROID,SME,ACTIVE
SYN-U-14192,70,M,BUSINESS,37423.55,Khulna,345,APP,ANDROID,MASS,ACTIVE
SYN-U-14193,61,M,BUSINESS,38693.05,Dhaka,2152,BRANCH,ANDROID,STUDENT,ACTIVE
SYN-U-14194,64,M,FREELANCER,52959.95,Dhaka,2339,USSD,ANDROID,MASS,ACTIVE
SYN-U-14195,52,M,SALARIED,103204.29,Chittagong,1362,APP,ANDROID,AFFLUENT,ACTIVE
SYN-U-14196,47,M,FREELANCER,50858.88,Dhaka,2016,APP,ANDROID,PAYROLL,ACTIVE
SYN-U-14197,69,M,FREELANCER,40132.51,Chittagong,295,APP,ANDROID,MASS,ACTIVE
SYN-U-14198,18,F,FREELANCER,21203.22,Chittagong,753,BRANCH,ANDROID,MASS,ACTIVE
SYN-U-14199,62,F,SALARIED,60095.68,Cumilla,1424,APP,ANDROID,MASS,DORMANT
SYN-U-14200,64,F,SALARIED,82746.85,Dhaka,467,APP,ANDROID,MASS,ACTIVE
SYN-U-14201,51,F,SALARIED,84654.24,Rajshahi,2216,APP,IOS,AFFLUENT,ACTIVE
SYN-U-14202,26,F,SALARIED,37528.93,Narayanganj,2334,AGENT,ANDROID,STUDENT,ACTIVE
SYN-U-14203,32,M,FREELANCER,71053.93,Rajshahi,2118,APP,ANDROID,MASS,ACTIVE
SYN-U-14204,64,M,SALARIED,53839.99,Cox's Bazar,2291,APP,ANDROID,MASS,ACTIVE
SYN-U-14205,44,M,BUSINESS,74577.85,Gazipur,850,APP,ANDROID,MASS,ACTIVE
SYN-U-14206,41,M,FREELANCER,30311.15,Dhaka,1244,APP,ANDROID,STUDENT,ACTIVE
SYN-U-14207,56,M,FREELANCER,54423.92,Dhaka,1201,APP,ANDROID,MASS,ACTIVE
SYN-U-14208,45,F,FREELANCER,33843.4,Rangpur,1777,APP,ANDROID,STUDENT,ACTIVE
SYN-U-14209,60,M,BUSINESS,15000.0,Dhaka,927,AGENT,ANDROID,MASS,ACTIVE
SYN-U-14210,40,F,SALARIED,63810.68,Sylhet,2324,APP,ANDROID,MASS,ACTIVE
SYN-U-14211,43,M,SALARIED,47559.19,Chittagong,2211,AGENT,ANDROID,MASS,ACTIVE
SYN-U-14212,42,M,HOMEMAKER,21732.56,Dhaka,1367,AGENT,ANDROID,MASS,ACTIVE
SYN-U-14213,32,M,RETIRED,39327.73,Dhaka,1125,AGENT,IOS,STUDENT,ACTIVE
SYN-U-14214,61,M,SALARIED,56934.16,Cumilla,2028,BRANCH,FEATURE_PHONE,MASS,ACTIVE
SYN-U-14215,18,M,BUSINESS,48455.1,Rangpur,1872,APP,ANDROID,MASS,ACTIVE
SYN-U-14216,43,F,SALARIED,47403.87,Dhaka,735,APP,ANDROID,MASS,ACTIVE
SYN-U-14217,41,M,SALARIED,33474.29,Chittagong,888,APP,ANDROID,STUDENT,ACTIVE
SYN-U-14218,55,M,FREELANCER,54925.99,Dhaka,1411,APP,ANDROID,MASS,ACTIVE
SYN-U-14219,44,M,FREELANCER,113094.31,Jessore,890,APP,ANDROID,AFFLUENT,ACTIVE
SYN-U-14220,65,F,RETIRED,21814.9,Dhaka,688,AGENT,ANDROID,PAYROLL,ACTIVE
SYN-U-14221,61,F,FREELANCER,61850.62,Cox's Bazar,516,APP,ANDROID,MASS,ACTIVE
SYN-U-14222,64,M,SALARIED,26964.64,Gazipur,527,BRANCH,ANDROID,PAYROLL,ACTIVE
SYN-U-14223,60,M,SALARIED,36378.42,Dhaka,1166,APP,ANDROID,STUDENT,ACTIVE
SYN-U-14224,24,F,BUSINESS,61287.16,Dhaka,257,AGENT,ANDROID,PAYROLL,ACTIVE
SYN-U-14225,67,M,STUDENT,15769.27,Dhaka,1679,AGENT,FEATURE_PHONE,MASS,ACTIVE
SYN-U-14226,30,M,BUSINESS,152834.37,Dhaka,2366,APP,ANDROID,AFFLUENT,ACTIVE
SYN-U-14227,39,M,SALARIED,71807.39,Dhaka,2233,APP,ANDROID,AFFLUENT,ACTIVE
SYN-U-14228,34,F,STUDENT,15000.0,Rangpur,1991,BRANCH,IOS,STUDENT,ACTIVE
SYN-U-14229,51,M,SALARIED,51361.33,Khulna,163,AGENT,ANDROID,STUDENT,ACTIVE
SYN-U-14230,61,F,FREELANCER,31018.37,Dhaka,1955,AGENT,ANDROID,MASS,ACTIVE
SYN-U-14231,31,F,STUDENT,15000.0,Dhaka,2317,APP,IOS,MASS,ACTIVE
SYN-U-14232,35,M,BUSINESS,57859.33,Dhaka,431,APP,ANDROID,MASS,ACTIVE
SYN-U-14233,34,F,SALARIED,122973.95,Chittagong,1435,APP,ANDROID,SME,ACTIVE
SYN-U-14234,63,F,FREELANCER,171041.22,Dhaka,516,APP,ANDROID,AFFLUENT,ACTIVE
SYN-U-14235,64,F,SALARIED,73366.92,Khulna,189,APP,ANDROID,MASS,ACTIVE
SYN-U-14236,51,F,SALARIED,54949.38,Dhaka,2033,AGENT,ANDROID,MASS,ACTIVE
SYN-U-14237,57,F,SALARIED,49558.69,Dhaka,2428,AGENT,IOS,MASS,ACTIVE
SYN-U-14238,69,F,BUSINESS,96457.67,Rajshahi,1596,BRANCH,ANDROID,MASS,ACTIVE
SYN-U-14239,31,M,BUSINESS,72419.01,Dhaka,1437,AGENT,ANDROID,MASS,ACTIVE
SYN-U-14240,24,M,HOMEMAKER,18776.7,Dhaka,2401,APP,ANDROID,MASS,ACTIVE
SYN-U-14241,27,F,FREELANCER,60682.01,Dhaka,1397,AGENT,IOS,MASS,RESTRICTED
SYN-U-14242,31,M,FREELANCER,60775.36,Dhaka,1468,APP,ANDROID,STUDENT,ACTIVE
SYN-U-14243,68,M,BUSINESS,99712.37,Dhaka,851,AGENT,IOS,MASS,ACTIVE
SYN-U-14244,32,M,BUSINESS,107155.2,Sylhet,2316,AGENT,ANDROID,SME,ACTIVE
SYN-U-14245,61,F,BUSINESS,139374.77,Dhaka,1995,AGENT,IOS,AFFLUENT,ACTIVE
SYN-U-14246,69,M,RETIRED,25012.65,Dhaka,191,AGENT,ANDROID,MASS,ACTIVE
SYN-U-14247,70,F,HOMEMAKER,28677.18,Chittagong,1687,APP,ANDROID,MASS,ACTIVE
SYN-U-14248,50,F,SALARIED,66522.63,Sylhet,1198,APP,ANDROID,AFFLUENT,ACTIVE
SYN-U-14249,46,F,FREELANCER,176643.48,Dhaka,322,APP,ANDROID,AFFLUENT,ACTIVE
SYN-U-14250,19,M,SALARIED,96100.63,Sylhet,2461,BRANCH,ANDROID,AFFLUENT,ACTIVE
SYN-U-14251,45,M,SALARIED,48803.06,Narayanganj,647,AGENT,ANDROID,STUDENT,ACTIVE
SYN-U-14252,34,M,BUSINESS,58094.6,Chittagong,76,BRANCH,IOS,MASS,ACTIVE
SYN-U-14253,24,F,FREELANCER,19257.86,Cumilla,312,APP,ANDROID,SME,ACTIVE
SYN-U-14254,66,M,BUSINESS,183913.95,Chittagong,1529,BRANCH,ANDROID,SME,ACTIVE
SYN-U-14255,25,F,SALARIED,15000.0,Chittagong,748,BRANCH,ANDROID,MASS,ACTIVE
SYN-U-14256,63,F,BUSINESS,181245.35,Chittagong,1995,APP,ANDROID,AFFLUENT,ACTIVE
SYN-U-14257,38,F,BUSINESS,74355.16,Chittagong,1473,APP,ANDROID,AFFLUENT,ACTIVE
SYN-U-14258,21,M,HOMEMAKER,65502.45,Cumilla,1929,APP,IOS,AFFLUENT,ACTIVE
SYN-U-14259,31,F,SALARIED,73512.75,Cumilla,2473,AGENT,ANDROID,SME,ACTIVE
SYN-U-14260,39,M,SALARIED,61953.54,Dhaka,1032,AGENT,ANDROID,MASS,ACTIVE
SYN-U-14261,61,F,BUSINESS,83592.7,Dhaka,1333,AGENT,ANDROID,STUDENT,ACTIVE
SYN-U-14262,24,M,FREELANCER,78662.41,Narayanganj,2259,APP,ANDROID,AFFLUENT,ACTIVE
SYN-U-14263,46,M,BUSINESS,41718.1,Gazipur,1393,APP,ANDROID,MASS,ACTIVE
SYN-U-14264,37,F,BUSINESS,110032.15,Chittagong,1178,APP,FEATURE_PHONE,PAYROLL,ACTIVE
SYN-U-14265,52,F,FREELANCER,120979.26,Chittagong,1033,AGENT,ANDROID,AFFLUENT,ACTIVE
SYN-U-14266,40,M,SALARIED,39249.67,Rangpur,216,APP,ANDROID,MASS,ACTIVE
SYN-U-14267,49,M,SALARIED,26304.31,Sylhet,2174,APP,ANDROID,MASS,ACTIVE
SYN-U-14268,37,M,SALARIED,22800.44,Dhaka,138,AGENT,ANDROID,STUDENT,ACTIVE
SYN-U-14269,34,M,SALARIED,31784.3,Chittagong,1863,APP,ANDROID,STUDENT,ACTIVE
SYN-U-14270,46,F,SALARIED,44325.31,Dhaka,379,AGENT,ANDROID,PAYROLL,ACTIVE
SYN-U-14271,47,F,SALARIED,38891.22,Khulna,936,APP,ANDROID,MASS,ACTIVE
SYN-U-14272,20,F,SALARIED,27649.16,Gazipur,679,APP,ANDROID,STUDENT,ACTIVE
SYN-U-14273,50,F,SALARIED,42205.06,Bogura,1159,APP,ANDROID,STUDENT,ACTIVE
SYN-U-14274,43,F,FREELANCER,62433.87,Dhaka,2305,APP,ANDROID,STUDENT,ACTIVE
SYN-U-14275,34,F,BUSINESS,15000.0,Rajshahi,1761,AGENT,ANDROID,STUDENT,ACTIVE
SYN-U-14276,53,F,BUSINESS,91718.9,Rangpur,34,APP,ANDROID,MASS,ACTIVE
SYN-U-14277,58,F,SALARIED,68653.64,Khulna,2276,APP,IOS,MASS,ACTIVE
SYN-U-14278,69,F,BUSINESS,110344.86,Dhaka,2032,APP,IOS,MASS,ACTIVE
SYN-U-14279,33,O,STUDENT,15000.0,Rangpur,1853,APP,ANDROID,STUDENT,ACTIVE
SYN-U-14280,24,M,STUDENT,15000.0,Sylhet,794,AGENT,ANDROID,STUDENT,ACTIVE
SYN-U-14281,33,M,RETIRED,47503.55,Mymensingh,517,APP,IOS,SME,ACTIVE
SYN-U-14282,37,F,STUDENT,17138.73,Chittagong,100,APP,ANDROID,MASS,ACTIVE
SYN-U-14283,29,F,HOMEMAKER,15000.0,Dhaka,285,AGENT,ANDROID,MASS,ACTIVE
SYN-U-14284,26,M,SALARIED,39751.93,Chittagong,1126,APP,ANDROID,MASS,ACTIVE
SYN-U-14285,47,F,SALARIED,51751.23,Rangpur,2147,APP,ANDROID,MASS,ACTIVE
SYN-U-14286,20,F,FREELANCER,187895.1,Chittagong,2448,APP,ANDROID,AFFLUENT,ACTIVE
SYN-U-14287,22,F,SALARIED,123906.59,Dhaka,644,AGENT,ANDROID,AFFLUENT,ACTIVE
SYN-U-14288,71,M,HOMEMAKER,25747.18,Dhaka,1932,BRANCH,FEATURE_PHONE,MASS,DORMANT
SYN-U-14289,66,M,SALARIED,58141.1,Barishal,67,AGENT,ANDROID,MASS,ACTIVE
SYN-U-14290,38,F,SALARIED,51242.59,Chittagong,316,AGENT,ANDROID,SME,ACTIVE
SYN-U-14291,42,M,BUSINESS,19834.83,Chittagong,282,APP,ANDROID,MASS,ACTIVE
SYN-U-14292,20,F,BUSINESS,89906.77,Sylhet,1210,AGENT,ANDROID,PAYROLL,ACTIVE
SYN-U-14293,65,M,SALARIED,117479.19,Dhaka,1598,APP,IOS,AFFLUENT,ACTIVE
SYN-U-14294,24,M,FREELANCER,39472.34,Khulna,672,AGENT,ANDROID,MASS,ACTIVE
SYN-U-14295,22,M,SALARIED,39100.27,Dhaka,1434,APP,ANDROID,MASS,ACTIVE
SYN-U-14296,58,F,SALARIED,20439.4,Narayanganj,427,APP,ANDROID,MASS,ACTIVE
SYN-U-14297,40,F,FREELANCER,48236.39,Dhaka,2469,APP,ANDROID,MASS,ACTIVE
SYN-U-14298,24,F,SALARIED,88362.45,Dhaka,272,APP,ANDROID,AFFLUENT,ACTIVE
SYN-U-14299,57,F,BUSINESS,44018.02,Rajshahi,1702,APP,ANDROID,STUDENT,ACTIVE
SYN-U-14300,58,F,SALARIED,63287.92,Dhaka,1411,AGENT,ANDROID,MASS,ACTIVE
SYN-U-14301,55,F,SALARIED,132999.74,Barishal,418,APP,IOS,AFFLUENT,ACTIVE
SYN-U-14302,46,F,STUDENT,17403.61,Chittagong,185,AGENT,ANDROID,STUDENT,ACTIVE
SYN-U-14303,33,M,SALARIED,58790.14,Sylhet,1746,APP,ANDROID,MASS,ACTIVE
SYN-U-14304,63,M,BUSINESS,79072.15,Dhaka,31,APP,FEATURE_PHONE,MASS,ACTIVE
SYN-U-14305,42,M,SALARIED,71322.03,Sylhet,1992,USSD,ANDROID,MASS,ACTIVE
SYN-U-14306,21,M,STUDENT,15359.2,Dhaka,896,USSD,ANDROID,MASS,ACTIVE
SYN-U-14307,35,M,SALARIED,41089.53,Chittagong,466,APP,ANDROID,MASS,ACTIVE
SYN-U-14308,56,F,SALARIED,47757.28,Dhaka,1369,AGENT,IOS,MASS,ACTIVE
SYN-U-14309,50,M,SALARIED,53609.18,Dhaka,1973,AGENT,IOS,STUDENT,ACTIVE
SYN-U-14310,44,F,SALARIED,53671.19,Barishal,1388,APP,ANDROID,MASS,ACTIVE
SYN-U-14311,48,F,BUSINESS,69455.34,Mymensingh,2272,APP,ANDROID,MASS,ACTIVE
SYN-U-14312,67,F,SALARIED,135511.32,Gazipur,30,USSD,ANDROID,AFFLUENT,ACTIVE
SYN-U-14313,66,M,SALARIED,47881.25,Narayanganj,2221,AGENT,ANDROID,MASS,ACTIVE
SYN-U-14314,42,M,STUDENT,24314.56,Gazipur,1246,BRANCH,IOS,PAYROLL,ACTIVE
SYN-U-14315,60,M,SALARIED,103186.31,Dhaka,1266,BRANCH,ANDROID,AFFLUENT,ACTIVE
SYN-U-14316,37,M,SALARIED,30770.83,Dhaka,1707,APP,ANDROID,STUDENT,ACTIVE
SYN-U-14317,56,M,STUDENT,23522.1,Dhaka,364,APP,ANDROID,STUDENT,ACTIVE
SYN-U-14318,43,F,BUSINESS,163664.17,Sylhet,1443,APP,ANDROID,AFFLUENT,ACTIVE
SYN-U-14319,31,M,SALARIED,62423.55,Chittagong,1104,APP,ANDROID,MASS,ACTIVE
SYN-U-14320,59,M,STUDENT,40008.97,Cumilla,1801,AGENT,IOS,SME,ACTIVE
SYN-U-14321,51,M,SALARIED,50995.65,Dhaka,2216,BRANCH,IOS,STUDENT,ACTIVE
SYN-U-14322,28,F,HOMEMAKER,15861.58,Dhaka,1052,APP,ANDROID,PAYROLL,ACTIVE
SYN-U-14323,38,M,BUSINESS,127767.43,Dhaka,515,APP,IOS,MASS,ACTIVE
SYN-U-14324,71,F,STUDENT,16351.76,Barishal,1596,USSD,ANDROID,MASS,ACTIVE
SYN-U-14325,49,F,BUSINESS,193509.37,Khulna,1997,APP,ANDROID,SME,ACTIVE
SYN-U-14326,71,M,STUDENT,16491.33,Dhaka,1650,APP,ANDROID,PAYROLL,ACTIVE
SYN-U-14327,29,F,SALARIED,52234.67,Cumilla,2073,APP,ANDROID,MASS,ACTIVE
SYN-U-14328,47,F,SALARIED,107458.11,Chittagong,255,APP,IOS,AFFLUENT,RESTRICTED
SYN-U-14329,51,F,SALARIED,103933.52,Jessore,2224,AGENT,ANDROID,SME,ACTIVE
SYN-U-14330,59,M,BUSINESS,47907.66,Dhaka,927,APP,ANDROID,MASS,ACTIVE
SYN-U-14331,33,M,SALARIED,51076.93,Dhaka,2017,APP,ANDROID,STUDENT,ACTIVE
SYN-U-14332,63,M,SALARIED,34491.38,Barishal,1444,AGENT,ANDROID,MASS,ACTIVE
SYN-U-14333,26,M,SALARIED,67331.97,Dhaka,281,BRANCH,ANDROID,AFFLUENT,ACTIVE
SYN-U-14334,59,M,BUSINESS,97306.98,Gazipur,1831,AGENT,ANDROID,MASS,ACTIVE
SYN-U-14335,46,F,SALARIED,36786.16,Khulna,470,APP,ANDROID,MASS,ACTIVE
SYN-U-14336,66,M,SALARIED,35873.41,Dhaka,1858,APP,ANDROID,MASS,ACTIVE
SYN-U-14337,42,M,SALARIED,29899.96,Sylhet,696,AGENT,ANDROID,MASS,ACTIVE
SYN-U-14338,42,F,BUSINESS,48578.76,Rajshahi,1453,APP,ANDROID,MASS,ACTIVE
SYN-U-14339,70,M,SALARIED,37681.43,Dhaka,1919,APP,ANDROID,MASS,ACTIVE
SYN-U-14340,35,M,STUDENT,23357.81,Chittagong,2226,APP,ANDROID,MASS,ACTIVE
SYN-U-14341,38,M,SALARIED,50500.53,Cox's Bazar,799,APP,ANDROID,STUDENT,ACTIVE
SYN-U-14342,49,M,FREELANCER,48419.71,Sylhet,1934,AGENT,ANDROID,MASS,ACTIVE
SYN-U-14343,67,F,SALARIED,40867.93,Dhaka,907,APP,ANDROID,PAYROLL,ACTIVE
SYN-U-14344,71,M,FREELANCER,76919.13,Rangpur,1010,APP,ANDROID,MASS,ACTIVE
SYN-U-14345,26,F,STUDENT,19706.79,Dhaka,2350,APP,ANDROID,MASS,ACTIVE
SYN-U-14346,36,F,BUSINESS,34929.9,Dhaka,985,APP,ANDROID,MASS,ACTIVE
SYN-U-14347,26,F,SALARIED,37005.28,Gazipur,380,BRANCH,ANDROID,MASS,ACTIVE
SYN-U-14348,71,M,SALARIED,33885.88,Cumilla,1253,AGENT,ANDROID,MASS,ACTIVE
SYN-U-14349,31,F,FREELANCER,56728.46,Chittagong,1565,BRANCH,ANDROID,SME,ACTIVE
SYN-U-14350,19,M,SALARIED,39322.14,Cox's Bazar,1137,APP,ANDROID,MASS,DORMANT
SYN-U-14351,56,F,FREELANCER,48984.4,Narayanganj,1981,APP,ANDROID,STUDENT,ACTIVE
SYN-U-14352,46,F,BUSINESS,28043.59,Khulna,1353,AGENT,ANDROID,MASS,ACTIVE
SYN-U-14353,19,M,BUSINESS,26287.3,Dhaka,717,AGENT,ANDROID,STUDENT,ACTIVE
SYN-U-14354,26,O,FREELANCER,47024.17,Narayanganj,1421,APP,ANDROID,PAYROLL,ACTIVE
SYN-U-14355,56,F,STUDENT,21051.99,Sylhet,336,APP,FEATURE_PHONE,STUDENT,ACTIVE
SYN-U-14356,44,M,SALARIED,78894.26,Dhaka,855,APP,ANDROID,SME,ACTIVE
SYN-U-14357,69,F,BUSINESS,147742.78,Chittagong,206,APP,ANDROID,MASS,ACTIVE
SYN-U-14358,56,M,STUDENT,15000.0,Rangpur,439,APP,ANDROID,PAYROLL,ACTIVE
SYN-U-14359,41,M,BUSINESS,85753.16,Khulna,2235,APP,ANDROID,SME,ACTIVE
SYN-U-14360,31,M,SALARIED,47357.15,Sylhet,1068,APP,ANDROID,MASS,ACTIVE
SYN-U-14361,65,F,FREELANCER,59981.54,Dhaka,2379,AGENT,ANDROID,PAYROLL,ACTIVE
SYN-U-14362,30,M,BUSINESS,72005.97,Rajshahi,114,APP,FEATURE_PHONE,SME,ACTIVE
SYN-U-14363,41,M,BUSINESS,58966.29,Rajshahi,1291,AGENT,ANDROID,MASS,ACTIVE
SYN-U-14364,71,M,SALARIED,16297.01,Khulna,811,APP,FEATURE_PHONE,MASS,ACTIVE
SYN-U-14365,31,F,STUDENT,16985.35,Khulna,423,APP,ANDROID,STUDENT,ACTIVE
SYN-U-14366,24,F,RETIRED,33901.17,Dhaka,484,AGENT,IOS,MASS,ACTIVE
SYN-U-14367,66,F,BUSINESS,15000.0,Gazipur,1729,APP,ANDROID,SME,ACTIVE
SYN-U-14368,29,F,BUSINESS,35282.88,Dhaka,2470,APP,ANDROID,MASS,ACTIVE
SYN-U-14369,44,M,SALARIED,35622.2,Narayanganj,830,APP,ANDROID,MASS,ACTIVE
SYN-U-14370,64,F,SALARIED,66635.93,Khulna,496,APP,ANDROID,MASS,ACTIVE
SYN-U-14371,44,F,BUSINESS,95787.24,Chittagong,743,APP,ANDROID,MASS,DORMANT
SYN-U-14372,45,M,FREELANCER,68593.96,Barishal,1667,APP,ANDROID,MASS,ACTIVE
SYN-U-14373,21,F,STUDENT,21706.34,Chittagong,2476,APP,IOS,MASS,ACTIVE
SYN-U-14374,34,F,SALARIED,125513.23,Dhaka,1927,APP,ANDROID,AFFLUENT,ACTIVE
SYN-U-14375,67,M,FREELANCER,76071.63,Dhaka,2078,BRANCH,ANDROID,MASS,ACTIVE
SYN-U-14376,61,F,SALARIED,43797.28,Chittagong,696,AGENT,IOS,MASS,DORMANT
SYN-U-14377,40,M,SALARIED,78972.95,Rangpur,2097,APP,ANDROID,AFFLUENT,ACTIVE
SYN-U-14378,24,M,FREELANCER,25368.94,Dhaka,1515,APP,ANDROID,STUDENT,ACTIVE
SYN-U-14379,54,F,SALARIED,70921.35,Rangpur,1871,APP,IOS,MASS,ACTIVE
SYN-U-14380,63,M,STUDENT,27996.82,Rajshahi,1380,APP,IOS,SME,ACTIVE
SYN-U-14381,28,M,BUSINESS,55814.17,Chittagong,123,AGENT,ANDROID,AFFLUENT,ACTIVE
SYN-U-14382,38,F,SALARIED,60567.97,Chittagong,1976,APP,ANDROID,MASS,ACTIVE
SYN-U-14383,53,F,FREELANCER,28352.69,Dhaka,645,AGENT,ANDROID,STUDENT,ACTIVE
SYN-U-14384,42,M,FREELANCER,62977.18,Sylhet,1222,APP,ANDROID,PAYROLL,ACTIVE
SYN-U-14385,24,M,HOMEMAKER,22617.03,Dhaka,1020,APP,ANDROID,MASS,ACTIVE
SYN-U-14386,68,F,SALARIED,52945.3,Jessore,1963,APP,ANDROID,MASS,ACTIVE
SYN-U-14387,50,F,SALARIED,31168.31,Rajshahi,2415,APP,ANDROID,MASS,ACTIVE
SYN-U-14388,52,M,BUSINESS,105377.43,Chittagong,1015,APP,FEATURE_PHONE,MASS,ACTIVE
SYN-U-14389,70,M,SALARIED,87002.22,Chittagong,345,APP,ANDROID,SME,ACTIVE
SYN-U-14390,26,M,SALARIED,56574.71,Sylhet,2035,BRANCH,ANDROID,MASS,ACTIVE
SYN-U-14391,23,M,SALARIED,56979.51,Khulna,2219,AGENT,ANDROID,MASS,ACTIVE
SYN-U-14392,62,F,RETIRED,38247.93,Khulna,187,APP,ANDROID,SME,ACTIVE
SYN-U-14393,21,M,FREELANCER,139516.94,Dhaka,251,APP,ANDROID,AFFLUENT,ACTIVE
SYN-U-14394,67,F,SALARIED,50052.56,Dhaka,1414,APP,ANDROID,MASS,ACTIVE
SYN-U-14395,38,F,SALARIED,43589.45,Dhaka,449,APP,ANDROID,MASS,ACTIVE
SYN-U-14396,49,M,BUSINESS,83044.15,Dhaka,391,APP,IOS,SME,ACTIVE
SYN-U-14397,52,F,BUSINESS,43322.07,Narayanganj,815,APP,ANDROID,STUDENT,ACTIVE
SYN-U-14398,62,M,SALARIED,97385.98,Gazipur,2127,AGENT,ANDROID,AFFLUENT,ACTIVE
SYN-U-14399,58,F,SALARIED,35818.22,Dhaka,1500,APP,ANDROID,MASS,ACTIVE
SYN-U-14400,56,O,SALARIED,69241.6,Dhaka,106,APP,ANDROID,MASS,ACTIVE
SYN-U-14401,31,M,SALARIED,44767.06,Chittagong,1286,APP,ANDROID,STUDENT,ACTIVE
SYN-U-14402,20,F,SALARIED,49671.96,Khulna,632,BRANCH,ANDROID,MASS,ACTIVE
SYN-U-14403,24,M,BUSINESS,58952.99,Dhaka,2254,AGENT,ANDROID,PAYROLL,ACTIVE
SYN-U-14404,64,F,BUSINESS,108938.94,Rajshahi,593,APP,IOS,MASS,ACTIVE
SYN-U-14405,27,M,BUSINESS,89389.27,Dhaka,2105,APP,ANDROID,PAYROLL,ACTIVE
SYN-U-14406,46,M,SALARIED,58335.35,Chittagong,547,APP,ANDROID,MASS,ACTIVE
SYN-U-14407,66,M,SALARIED,45887.22,Dhaka,1087,AGENT,ANDROID,MASS,ACTIVE
SYN-U-14408,52,F,FREELANCER,48658.26,Cumilla,1161,BRANCH,ANDROID,STUDENT,ACTIVE
SYN-U-14409,27,F,BUSINESS,122563.51,Dhaka,1803,APP,IOS,MASS,ACTIVE
SYN-U-14410,18,M,BUSINESS,71261.37,Khulna,1351,APP,IOS,MASS,ACTIVE
SYN-U-14411,59,F,SALARIED,38997.02,Gazipur,1254,APP,ANDROID,STUDENT,ACTIVE
SYN-U-14412,45,F,SALARIED,32897.92,Khulna,1178,APP,IOS,PAYROLL,ACTIVE
SYN-U-14413,19,F,BUSINESS,121523.03,Khulna,276,AGENT,ANDROID,SME,ACTIVE
SYN-U-14414,53,F,SALARIED,61559.38,Barishal,1772,APP,ANDROID,MASS,ACTIVE
SYN-U-14415,65,F,BUSINESS,84748.24,Dhaka,1295,AGENT,IOS,MASS,ACTIVE
SYN-U-14416,38,M,SALARIED,109556.46,Dhaka,436,USSD,ANDROID,AFFLUENT,ACTIVE
SYN-U-14417,42,F,SALARIED,54794.3,Rangpur,1013,APP,IOS,MASS,ACTIVE
SYN-U-14418,27,M,HOMEMAKER,15927.9,Khulna,965,APP,ANDROID,MASS,ACTIVE
SYN-U-14419,23,F,SALARIED,40765.31,Mymensingh,1651,APP,ANDROID,MASS,ACTIVE
SYN-U-14420,32,F,STUDENT,40319.75,Mymensingh,2097,APP,FEATURE_PHONE,AFFLUENT,ACTIVE
SYN-U-14421,25,F,BUSINESS,107531.51,Chittagong,455,APP,ANDROID,SME,ACTIVE
SYN-U-14422,25,M,SALARIED,56554.17,Dhaka,2191,APP,ANDROID,MASS,ACTIVE
SYN-U-14423,51,M,SALARIED,21964.47,Dhaka,1390,APP,ANDROID,PAYROLL,ACTIVE
SYN-U-14424,38,F,BUSINESS,133933.94,Sylhet,671,BRANCH,IOS,SME,ACTIVE
SYN-U-14425,53,M,BUSINESS,32076.99,Khulna,1432,APP,ANDROID,MASS,ACTIVE
SYN-U-14426,49,M,SALARIED,31422.7,Dhaka,1908,USSD,ANDROID,MASS,ACTIVE
SYN-U-14427,62,M,RETIRED,37053.95,Mymensingh,1654,AGENT,ANDROID,MASS,ACTIVE
SYN-U-14428,24,F,FREELANCER,109715.15,Barishal,1032,AGENT,ANDROID,AFFLUENT,ACTIVE
SYN-U-14429,25,F,SALARIED,31266.98,Dhaka,1089,APP,FEATURE_PHONE,STUDENT,ACTIVE
SYN-U-14430,52,F,SALARIED,59746.56,Dhaka,1600,APP,IOS,MASS,ACTIVE
SYN-U-14431,27,M,SALARIED,52014.21,Dhaka,1672,AGENT,ANDROID,STUDENT,ACTIVE
SYN-U-14432,22,F,SALARIED,32961.56,Dhaka,221,AGENT,ANDROID,MASS,ACTIVE
SYN-U-14433,27,M,SALARIED,45050.66,Dhaka,583,USSD,IOS,PAYROLL,ACTIVE
SYN-U-14434,57,F,HOMEMAKER,31364.5,Cumilla,817,APP,ANDROID,MASS,ACTIVE
SYN-U-14435,47,F,SALARIED,57584.99,Dhaka,1692,APP,IOS,MASS,ACTIVE
SYN-U-14436,46,F,HOMEMAKER,15000.0,Dhaka,466,APP,IOS,MASS,ACTIVE
SYN-U-14437,65,F,HOMEMAKER,23805.72,Chittagong,1706,BRANCH,ANDROID,MASS,ACTIVE
SYN-U-14438,70,F,FREELANCER,59166.94,Dhaka,339,APP,ANDROID,MASS,ACTIVE
SYN-U-14439,19,M,HOMEMAKER,19269.79,Cumilla,719,APP,ANDROID,PAYROLL,ACTIVE
SYN-U-14440,19,F,FREELANCER,75654.23,Chittagong,1013,BRANCH,ANDROID,MASS,ACTIVE
SYN-U-14441,66,M,SALARIED,24450.76,Sylhet,1716,AGENT,ANDROID,STUDENT,ACTIVE
SYN-U-14442,69,M,SALARIED,36921.71,Rangpur,1524,APP,ANDROID,STUDENT,ACTIVE
SYN-U-14443,26,M,STUDENT,35064.13,Chittagong,1375,APP,ANDROID,AFFLUENT,ACTIVE
SYN-U-14444,26,M,BUSINESS,142773.14,Dhaka,299,APP,ANDROID,SME,ACTIVE
SYN-U-14445,28,M,BUSINESS,72218.79,Barishal,1814,AGENT,ANDROID,MASS,ACTIVE
SYN-U-14446,54,F,HOMEMAKER,15204.38,Chittagong,666,AGENT,ANDROID,MASS,ACTIVE
SYN-U-14447,47,M,STUDENT,15000.0,Chittagong,1504,APP,ANDROID,MASS,ACTIVE
SYN-U-14448,37,M,SALARIED,55964.81,Rajshahi,1335,AGENT,ANDROID,STUDENT,ACTIVE
SYN-U-14449,33,M,SALARIED,33938.53,Dhaka,398,APP,ANDROID,PAYROLL,ACTIVE
SYN-U-14450,60,F,BUSINESS,47788.32,Dhaka,467,AGENT,ANDROID,MASS,ACTIVE
SYN-U-14451,65,F,FREELANCER,112566.97,Dhaka,234,BRANCH,IOS,AFFLUENT,ACTIVE
SYN-U-14452,40,F,SALARIED,34013.93,Rangpur,240,APP,ANDROID,PAYROLL,ACTIVE
SYN-U-14453,64,F,BUSINESS,110853.31,Sylhet,1579,AGENT,ANDROID,PAYROLL,ACTIVE
SYN-U-14454,40,F,STUDENT,25057.4,Dhaka,555,USSD,ANDROID,MASS,ACTIVE
SYN-U-14455,39,F,FREELANCER,67948.4,Chittagong,1597,AGENT,ANDROID,MASS,ACTIVE
SYN-U-14456,30,F,BUSINESS,89481.52,Chittagong,231,APP,FEATURE_PHONE,MASS,ACTIVE
SYN-U-14457,53,F,SALARIED,40365.37,Chittagong,465,APP,IOS,MASS,ACTIVE
SYN-U-14458,34,M,BUSINESS,41114.17,Dhaka,917,APP,FEATURE_PHONE,PAYROLL,ACTIVE
SYN-U-14459,31,M,BUSINESS,209567.36,Dhaka,1936,USSD,ANDROID,AFFLUENT,ACTIVE
SYN-U-14460,27,M,BUSINESS,51167.86,Dhaka,2467,AGENT,ANDROID,MASS,ACTIVE
SYN-U-14461,26,M,SALARIED,89195.06,Cumilla,111,AGENT,ANDROID,SME,ACTIVE
SYN-U-14462,55,M,BUSINESS,101724.42,Chittagong,819,APP,ANDROID,MASS,ACTIVE
SYN-U-14463,60,M,HOMEMAKER,21176.44,Barishal,1292,APP,ANDROID,MASS,ACTIVE
SYN-U-14464,41,F,SALARIED,39451.99,Gazipur,2080,AGENT,ANDROID,MASS,ACTIVE
SYN-U-14465,30,F,SALARIED,44190.82,Mymensingh,2270,APP,ANDROID,STUDENT,ACTIVE
SYN-U-14466,62,M,HOMEMAKER,31005.56,Narayanganj,400,APP,ANDROID,MASS,ACTIVE
SYN-U-14467,47,M,FREELANCER,40203.37,Jessore,2156,AGENT,ANDROID,MASS,ACTIVE
SYN-U-14468,19,M,STUDENT,22626.27,Rajshahi,1022,APP,IOS,AFFLUENT,ACTIVE
SYN-U-14469,60,O,SALARIED,66445.94,Chittagong,851,BRANCH,FEATURE_PHONE,MASS,ACTIVE
SYN-U-14470,47,F,BUSINESS,43305.17,Dhaka,444,AGENT,ANDROID,MASS,ACTIVE
SYN-U-14471,53,F,BUSINESS,63282.35,Dhaka,2375,AGENT,ANDROID,PAYROLL,ACTIVE
SYN-U-14472,53,M,BUSINESS,164845.78,Khulna,1053,APP,IOS,SME,ACTIVE
SYN-U-14473,64,F,SALARIED,54674.62,Dhaka,1375,APP,IOS,MASS,ACTIVE
SYN-U-14474,49,F,FREELANCER,71185.57,Rajshahi,2475,APP,ANDROID,MASS,ACTIVE
SYN-U-14475,28,F,BUSINESS,73185.38,Khulna,219,APP,IOS,MASS,ACTIVE
SYN-U-14476,46,M,SALARIED,41854.21,Rajshahi,745,AGENT,ANDROID,MASS,ACTIVE
SYN-U-14477,59,F,SALARIED,68001.36,Chittagong,1670,APP,ANDROID,MASS,ACTIVE
SYN-U-14478,23,F,BUSINESS,54527.52,Rajshahi,343,AGENT,ANDROID,MASS,ACTIVE
SYN-U-14479,44,M,BUSINESS,88141.37,Chittagong,1410,APP,ANDROID,STUDENT,ACTIVE
SYN-U-14480,25,F,SALARIED,60373.65,Rajshahi,2358,BRANCH,FEATURE_PHONE,MASS,ACTIVE
SYN-U-14481,52,F,STUDENT,15167.32,Dhaka,1531,USSD,ANDROID,MASS,ACTIVE
SYN-U-14482,26,M,HOMEMAKER,15000.0,Dhaka,1296,APP,ANDROID,MASS,ACTIVE
SYN-U-14483,53,F,SALARIED,50171.75,Gazipur,1693,APP,FEATURE_PHONE,MASS,ACTIVE
SYN-U-14484,50,F,SALARIED,65407.31,Chittagong,134,APP,ANDROID,AFFLUENT,ACTIVE
SYN-U-14485,37,M,BUSINESS,134842.8,Cox's Bazar,543,APP,ANDROID,AFFLUENT,ACTIVE
SYN-U-14486,69,F,SALARIED,40800.52,Dhaka,1906,APP,ANDROID,MASS,ACTIVE
SYN-U-14487,37,F,BUSINESS,84409.6,Rangpur,1288,AGENT,FEATURE_PHONE,SME,ACTIVE
SYN-U-14488,33,F,BUSINESS,125074.3,Chittagong,1473,APP,ANDROID,AFFLUENT,DORMANT
SYN-U-14489,30,F,BUSINESS,96851.58,Cumilla,2492,AGENT,ANDROID,PAYROLL,ACTIVE
SYN-U-14490,48,M,STUDENT,24391.75,Dhaka,475,APP,IOS,MASS,ACTIVE
SYN-U-14491,44,M,STUDENT,15000.0,Barishal,1490,APP,ANDROID,MASS,ACTIVE
SYN-U-14492,46,M,FREELANCER,97978.75,Sylhet,609,APP,ANDROID,MASS,ACTIVE
SYN-U-14493,69,M,RETIRED,38358.93,Sylhet,633,USSD,ANDROID,MASS,ACTIVE
SYN-U-14494,50,M,SALARIED,43077.76,Dhaka,2302,APP,IOS,MASS,ACTIVE
SYN-U-14495,43,F,SALARIED,70410.06,Mymensingh,146,APP,ANDROID,AFFLUENT,ACTIVE
SYN-U-14496,60,M,STUDENT,15000.0,Rangpur,682,AGENT,ANDROID,MASS,ACTIVE
SYN-U-14497,46,F,BUSINESS,153658.75,Rajshahi,1572,APP,ANDROID,AFFLUENT,ACTIVE
SYN-U-14498,62,F,BUSINESS,273007.89,Dhaka,1511,APP,ANDROID,AFFLUENT,ACTIVE
SYN-U-14499,40,F,BUSINESS,82741.3,Sylhet,1108,APP,ANDROID,MASS,ACTIVE
SYN-U-14500,46,M,SALARIED,51496.13,Dhaka,2135,USSD,ANDROID,MASS,ACTIVE
SYN-U-14501,52,F,BUSINESS,88059.13,Dhaka,468,APP,ANDROID,MASS,ACTIVE
SYN-U-14502,42,F,FREELANCER,36756.19,Chittagong,577,AGENT,IOS,AFFLUENT,ACTIVE
SYN-U-14503,46,M,SALARIED,22570.57,Dhaka,1787,AGENT,ANDROID,STUDENT,ACTIVE
SYN-U-14504,30,F,BUSINESS,52525.67,Khulna,798,APP,ANDROID,PAYROLL,ACTIVE
SYN-U-14505,66,M,SALARIED,133165.26,Sylhet,128,APP,ANDROID,AFFLUENT,ACTIVE
SYN-U-14506,59,M,STUDENT,17372.99,Rangpur,2278,AGENT,ANDROID,MASS,ACTIVE
SYN-U-14507,47,F,SALARIED,49241.01,Mymensingh,120,AGENT,ANDROID,MASS,ACTIVE
SYN-U-14508,20,M,STUDENT,15000.0,Khulna,1840,APP,ANDROID,STUDENT,ACTIVE
SYN-U-14509,39,M,SALARIED,18213.83,Rajshahi,2415,APP,ANDROID,STUDENT,ACTIVE
SYN-U-14510,61,F,BUSINESS,15631.93,Dhaka,970,APP,ANDROID,MASS,ACTIVE
SYN-U-14511,20,M,HOMEMAKER,49854.11,Dhaka,721,AGENT,FEATURE_PHONE,AFFLUENT,ACTIVE
SYN-U-14512,58,M,BUSINESS,16262.42,Dhaka,167,USSD,ANDROID,MASS,ACTIVE
SYN-U-14513,56,M,STUDENT,21583.01,Rajshahi,479,APP,FEATURE_PHONE,SME,ACTIVE
SYN-U-14514,29,F,SALARIED,135666.69,Sylhet,757,USSD,IOS,AFFLUENT,ACTIVE
SYN-U-14515,47,F,SALARIED,118908.76,Khulna,255,APP,ANDROID,AFFLUENT,ACTIVE
SYN-U-14516,23,M,HOMEMAKER,16585.21,Cumilla,1945,BRANCH,ANDROID,MASS,ACTIVE
SYN-U-14517,69,F,SALARIED,72872.29,Dhaka,2257,APP,IOS,MASS,ACTIVE
SYN-U-14518,32,M,BUSINESS,89887.39,Sylhet,2031,APP,ANDROID,STUDENT,ACTIVE
SYN-U-14519,29,M,BUSINESS,45844.03,Dhaka,1037,APP,ANDROID,MASS,ACTIVE
SYN-U-14520,21,F,SALARIED,40399.83,Khulna,312,APP,IOS,PAYROLL,ACTIVE
SYN-U-14521,29,M,FREELANCER,104841.87,Sylhet,1758,AGENT,ANDROID,AFFLUENT,ACTIVE
SYN-U-14522,70,M,SALARIED,46977.3,Jessore,422,APP,ANDROID,STUDENT,ACTIVE
SYN-U-14523,70,F,BUSINESS,69222.29,Dhaka,1966,APP,ANDROID,PAYROLL,ACTIVE
SYN-U-14524,57,M,SALARIED,123712.08,Dhaka,1679,AGENT,ANDROID,SME,ACTIVE
SYN-U-14525,57,F,BUSINESS,153305.25,Dhaka,608,APP,ANDROID,AFFLUENT,ACTIVE
SYN-U-14526,40,F,HOMEMAKER,15000.0,Khulna,111,APP,IOS,STUDENT,ACTIVE
SYN-U-14527,66,F,SALARIED,36020.75,Dhaka,1669,APP,IOS,MASS,ACTIVE
SYN-U-14528,59,F,FREELANCER,66170.12,Sylhet,893,AGENT,ANDROID,MASS,ACTIVE
SYN-U-14529,55,M,SALARIED,118257.88,Rajshahi,1681,AGENT,ANDROID,AFFLUENT,ACTIVE
SYN-U-14530,24,F,BUSINESS,78641.86,Chittagong,188,APP,ANDROID,PAYROLL,ACTIVE
SYN-U-14531,50,M,FREELANCER,62154.85,Dhaka,2475,BRANCH,FEATURE_PHONE,MASS,ACTIVE
SYN-U-14532,28,F,SALARIED,53624.7,Rajshahi,1720,APP,ANDROID,MASS,ACTIVE
SYN-U-14533,23,M,BUSINESS,170419.07,Dhaka,1892,APP,ANDROID,AFFLUENT,ACTIVE
SYN-U-14534,27,M,HOMEMAKER,15000.0,Sylhet,1967,APP,ANDROID,MASS,ACTIVE
SYN-U-14535,40,F,SALARIED,32002.16,Dhaka,485,BRANCH,ANDROID,MASS,ACTIVE
SYN-U-14536,64,F,BUSINESS,51357.66,Gazipur,1157,APP,ANDROID,PAYROLL,ACTIVE
SYN-U-14537,31,F,SALARIED,72588.96,Rajshahi,1957,AGENT,ANDROID,MASS,ACTIVE
SYN-U-14538,61,M,FREELANCER,28617.02,Dhaka,165,APP,IOS,MASS,ACTIVE
SYN-U-14539,54,M,SALARIED,132275.58,Dhaka,2185,APP,ANDROID,AFFLUENT,ACTIVE
SYN-U-14540,40,F,SALARIED,94784.52,Chittagong,1657,APP,ANDROID,AFFLUENT,ACTIVE
SYN-U-14541,49,F,BUSINESS,135029.88,Dhaka,595,APP,IOS,AFFLUENT,ACTIVE
SYN-U-14542,26,M,SALARIED,61259.8,Dhaka,1412,AGENT,IOS,STUDENT,ACTIVE
SYN-U-14543,64,M,SALARIED,27740.5,Rangpur,1377,BRANCH,ANDROID,MASS,ACTIVE
SYN-U-14544,68,M,BUSINESS,32570.15,Gazipur,1859,APP,ANDROID,STUDENT,ACTIVE
SYN-U-14545,32,M,SALARIED,61560.28,Mymensingh,1461,AGENT,ANDROID,MASS,ACTIVE
SYN-U-14546,38,M,SALARIED,63173.14,Chittagong,735,APP,IOS,SME,ACTIVE
SYN-U-14547,43,F,FREELANCER,58439.18,Rajshahi,951,AGENT,ANDROID,MASS,ACTIVE
SYN-U-14548,21,F,BUSINESS,30654.24,Dhaka,581,APP,ANDROID,MASS,ACTIVE
SYN-U-14549,24,F,SALARIED,51284.56,Chittagong,390,AGENT,ANDROID,MASS,ACTIVE
SYN-U-14550,68,F,SALARIED,41110.93,Dhaka,1699,APP,ANDROID,STUDENT,ACTIVE
SYN-U-14551,71,M,SALARIED,57708.06,Gazipur,2231,AGENT,ANDROID,SME,ACTIVE
SYN-U-14552,29,F,FREELANCER,51575.9,Dhaka,2294,AGENT,IOS,PAYROLL,ACTIVE
SYN-U-14553,24,F,SALARIED,53194.47,Dhaka,1172,AGENT,ANDROID,MASS,ACTIVE
SYN-U-14554,47,F,FREELANCER,42971.12,Chittagong,1718,AGENT,ANDROID,MASS,ACTIVE
SYN-U-14555,54,M,HOMEMAKER,18029.5,Chittagong,2274,APP,ANDROID,MASS,ACTIVE
SYN-U-14556,32,F,RETIRED,85691.52,Dhaka,718,APP,ANDROID,AFFLUENT,RESTRICTED
SYN-U-14557,60,F,BUSINESS,59411.04,Chittagong,2008,APP,IOS,MASS,ACTIVE
SYN-U-14558,50,M,SALARIED,18858.34,Dhaka,2148,APP,ANDROID,STUDENT,ACTIVE
SYN-U-14559,48,F,SALARIED,54952.22,Dhaka,1918,APP,ANDROID,MASS,ACTIVE
SYN-U-14560,62,M,BUSINESS,62434.9,Narayanganj,2168,AGENT,ANDROID,SME,ACTIVE
SYN-U-14561,59,M,SALARIED,28851.81,Barishal,371,APP,ANDROID,MASS,ACTIVE
SYN-U-14562,39,M,SALARIED,64249.93,Khulna,858,APP,ANDROID,MASS,ACTIVE
SYN-U-14563,55,F,BUSINESS,204106.81,Dhaka,657,APP,ANDROID,AFFLUENT,ACTIVE
SYN-U-14564,24,F,BUSINESS,85471.74,Dhaka,86,AGENT,ANDROID,STUDENT,ACTIVE
SYN-U-14565,19,M,SALARIED,63859.52,Dhaka,618,APP,ANDROID,SME,ACTIVE
SYN-U-14566,68,F,BUSINESS,69071.31,Chittagong,1694,AGENT,ANDROID,MASS,ACTIVE
SYN-U-14567,32,O,SALARIED,50895.76,Dhaka,1882,AGENT,ANDROID,MASS,ACTIVE
SYN-U-14568,41,F,SALARIED,44055.9,Dhaka,146,APP,ANDROID,MASS,ACTIVE
SYN-U-14569,52,F,STUDENT,15067.31,Gazipur,2067,APP,ANDROID,MASS,ACTIVE
SYN-U-14570,64,F,SALARIED,52366.05,Dhaka,1889,BRANCH,ANDROID,MASS,ACTIVE
SYN-U-14571,26,M,FREELANCER,42638.9,Sylhet,79,AGENT,ANDROID,SME,ACTIVE
SYN-U-14572,63,F,BUSINESS,88948.37,Dhaka,1058,USSD,ANDROID,MASS,ACTIVE
SYN-U-14573,22,M,FREELANCER,15000.0,Mymensingh,1256,AGENT,ANDROID,MASS,ACTIVE
SYN-U-14574,43,F,SALARIED,62205.31,Rajshahi,491,AGENT,ANDROID,MASS,ACTIVE
SYN-U-14575,44,M,SALARIED,42094.05,Rajshahi,1701,APP,ANDROID,MASS,ACTIVE
SYN-U-14576,22,M,SALARIED,52881.96,Jessore,749,AGENT,ANDROID,MASS,ACTIVE
SYN-U-14577,71,F,HOMEMAKER,30588.14,Sylhet,1317,AGENT,ANDROID,MASS,DORMANT
SYN-U-14578,40,M,STUDENT,30490.18,Cumilla,1205,APP,ANDROID,SME,ACTIVE
SYN-U-14579,64,F,BUSINESS,36909.8,Dhaka,933,APP,ANDROID,MASS,ACTIVE
SYN-U-14580,71,M,FREELANCER,40553.76,Khulna,2397,APP,ANDROID,MASS,ACTIVE
SYN-U-14581,64,F,STUDENT,28820.65,Dhaka,2002,APP,ANDROID,MASS,ACTIVE
SYN-U-14582,44,F,SALARIED,36920.7,Khulna,1308,APP,IOS,MASS,ACTIVE
SYN-U-14583,46,M,HOMEMAKER,61353.2,Rajshahi,2306,APP,ANDROID,AFFLUENT,ACTIVE
SYN-U-14584,65,F,FREELANCER,72851.59,Dhaka,2319,AGENT,ANDROID,MASS,ACTIVE
SYN-U-14585,38,M,SALARIED,30327.9,Chittagong,2175,APP,ANDROID,MASS,ACTIVE
SYN-U-14586,31,M,STUDENT,22879.49,Gazipur,1459,AGENT,IOS,AFFLUENT,ACTIVE
SYN-U-14587,33,M,SALARIED,79448.75,Dhaka,1107,APP,ANDROID,AFFLUENT,ACTIVE
SYN-U-14588,38,M,BUSINESS,158011.91,Bogura,800,BRANCH,ANDROID,AFFLUENT,ACTIVE
SYN-U-14589,40,M,SALARIED,55683.28,Sylhet,1218,AGENT,IOS,AFFLUENT,ACTIVE
SYN-U-14590,25,M,BUSINESS,120903.27,Chittagong,792,BRANCH,ANDROID,PAYROLL,ACTIVE
SYN-U-14591,53,M,BUSINESS,103759.51,Dhaka,381,APP,ANDROID,MASS,ACTIVE
SYN-U-14592,51,M,FREELANCER,31390.88,Dhaka,2322,APP,ANDROID,MASS,ACTIVE
SYN-U-14593,71,F,BUSINESS,271545.59,Dhaka,2049,APP,IOS,AFFLUENT,ACTIVE
SYN-U-14594,29,F,SALARIED,29430.35,Khulna,78,AGENT,ANDROID,STUDENT,ACTIVE
SYN-U-14595,47,F,SALARIED,39754.8,Dhaka,401,AGENT,ANDROID,MASS,ACTIVE
SYN-U-14596,19,F,SALARIED,32481.33,Dhaka,934,APP,ANDROID,STUDENT,ACTIVE
SYN-U-14597,51,M,BUSINESS,23946.2,Mymensingh,1326,APP,ANDROID,MASS,ACTIVE
SYN-U-14598,48,M,SALARIED,59708.18,Narayanganj,624,APP,ANDROID,MASS,ACTIVE
SYN-U-14599,34,F,SALARIED,33873.62,Cumilla,357,APP,IOS,MASS,ACTIVE
SYN-U-14600,46,M,BUSINESS,54725.45,Sylhet,2415,AGENT,ANDROID,STUDENT,ACTIVE
SYN-U-14601,58,M,SALARIED,99461.62,Rajshahi,2128,APP,ANDROID,AFFLUENT,ACTIVE
SYN-U-14602,22,M,FREELANCER,66790.03,Rajshahi,624,AGENT,ANDROID,MASS,ACTIVE
SYN-U-14603,61,F,SALARIED,71870.03,Dhaka,584,AGENT,ANDROID,AFFLUENT,ACTIVE
SYN-U-14604,56,M,SALARIED,32157.84,Dhaka,1277,BRANCH,ANDROID,STUDENT,ACTIVE
SYN-U-14605,54,F,FREELANCER,27282.33,Mymensingh,2374,APP,ANDROID,STUDENT,ACTIVE
SYN-U-14606,63,F,SALARIED,48960.26,Khulna,920,APP,ANDROID,MASS,ACTIVE
SYN-U-14607,22,M,FREELANCER,53378.39,Sylhet,672,APP,ANDROID,MASS,ACTIVE
SYN-U-14608,20,O,SALARIED,24527.87,Chittagong,936,BRANCH,ANDROID,MASS,ACTIVE
SYN-U-14609,47,M,BUSINESS,212680.23,Rajshahi,665,APP,ANDROID,AFFLUENT,ACTIVE
SYN-U-14610,35,O,SALARIED,49360.0,Chittagong,1885,BRANCH,ANDROID,MASS,ACTIVE
SYN-U-14611,22,F,FREELANCER,37444.22,Dhaka,2497,APP,ANDROID,PAYROLL,ACTIVE
SYN-U-14612,34,F,SALARIED,58846.7,Dhaka,965,APP,ANDROID,PAYROLL,ACTIVE
SYN-U-14613,44,M,BUSINESS,68821.05,Sylhet,178,APP,ANDROID,MASS,ACTIVE
SYN-U-14614,24,F,SALARIED,15000.0,Cumilla,774,USSD,IOS,STUDENT,ACTIVE
SYN-U-14615,28,M,SALARIED,56922.99,Barishal,1409,AGENT,ANDROID,STUDENT,ACTIVE
SYN-U-14616,28,F,BUSINESS,60016.25,Chittagong,1953,AGENT,ANDROID,STUDENT,ACTIVE
SYN-U-14617,28,F,FREELANCER,68226.35,Dhaka,65,APP,ANDROID,MASS,ACTIVE
SYN-U-14618,49,M,BUSINESS,31872.29,Chittagong,372,APP,ANDROID,MASS,ACTIVE
SYN-U-14619,24,M,SALARIED,88738.94,Dhaka,2213,AGENT,ANDROID,SME,ACTIVE
SYN-U-14620,56,M,SALARIED,97092.12,Rajshahi,2456,APP,FEATURE_PHONE,SME,ACTIVE
SYN-U-14621,50,M,SALARIED,43063.23,Dhaka,497,AGENT,ANDROID,MASS,ACTIVE
SYN-U-14622,70,F,STUDENT,15000.0,Sylhet,1013,APP,ANDROID,MASS,ACTIVE
SYN-U-14623,63,F,SALARIED,29919.73,Rajshahi,124,APP,ANDROID,STUDENT,ACTIVE
SYN-U-14624,65,M,SALARIED,102055.72,Rajshahi,639,AGENT,IOS,SME,ACTIVE
SYN-U-14625,56,M,FREELANCER,48225.59,Dhaka,1842,AGENT,ANDROID,MASS,ACTIVE
SYN-U-14626,26,M,SALARIED,48428.66,Chittagong,1813,AGENT,ANDROID,MASS,ACTIVE
SYN-U-14627,23,M,BUSINESS,35457.44,Dhaka,1075,APP,ANDROID,PAYROLL,ACTIVE
SYN-U-14628,21,M,SALARIED,134395.98,Dhaka,1899,APP,ANDROID,AFFLUENT,ACTIVE
SYN-U-14629,30,F,SALARIED,83235.14,Mymensingh,2350,APP,ANDROID,SME,ACTIVE
SYN-U-14630,19,M,BUSINESS,88006.57,Sylhet,522,BRANCH,ANDROID,MASS,ACTIVE
SYN-U-14631,33,M,SALARIED,51427.9,Chittagong,1667,APP,IOS,MASS,ACTIVE
SYN-U-14632,30,M,FREELANCER,42049.37,Sylhet,1839,APP,IOS,MASS,ACTIVE
SYN-U-14633,20,F,STUDENT,26699.38,Dhaka,556,APP,ANDROID,MASS,ACTIVE
SYN-U-14634,44,M,FREELANCER,47168.72,Chittagong,219,APP,ANDROID,SME,ACTIVE
SYN-U-14635,57,F,BUSINESS,69407.5,Dhaka,1289,APP,ANDROID,STUDENT,ACTIVE
SYN-U-14636,33,F,SALARIED,39109.76,Dhaka,811,BRANCH,ANDROID,MASS,ACTIVE
SYN-U-14637,70,F,SALARIED,56331.21,Dhaka,360,AGENT,ANDROID,MASS,DORMANT
SYN-U-14638,56,M,BUSINESS,108319.11,Gazipur,1330,APP,ANDROID,MASS,ACTIVE
SYN-U-14639,38,F,SALARIED,54632.19,Cumilla,1197,APP,ANDROID,MASS,ACTIVE
SYN-U-14640,65,F,BUSINESS,85181.4,Dhaka,716,USSD,ANDROID,SME,ACTIVE
SYN-U-14641,22,F,BUSINESS,51694.37,Dhaka,1413,BRANCH,IOS,STUDENT,ACTIVE
SYN-U-14642,66,F,BUSINESS,49791.18,Sylhet,2365,APP,IOS,MASS,ACTIVE
SYN-U-14643,22,F,FREELANCER,51861.84,Dhaka,1619,APP,ANDROID,STUDENT,ACTIVE
SYN-U-14644,21,M,HOMEMAKER,16293.34,Chittagong,1377,BRANCH,ANDROID,PAYROLL,ACTIVE
SYN-U-14645,58,M,BUSINESS,90310.97,Bogura,1423,AGENT,ANDROID,STUDENT,ACTIVE
SYN-U-14646,49,F,SALARIED,62506.03,Chittagong,957,APP,ANDROID,MASS,ACTIVE
SYN-U-14647,49,F,SALARIED,40090.7,Chittagong,2265,APP,ANDROID,MASS,ACTIVE
SYN-U-14648,69,F,SALARIED,38509.05,Gazipur,1735,APP,ANDROID,MASS,ACTIVE
SYN-U-14649,37,M,SALARIED,16997.28,Gazipur,1137,APP,ANDROID,MASS,ACTIVE
SYN-U-14650,20,M,BUSINESS,30705.99,Rajshahi,1486,APP,ANDROID,MASS,ACTIVE
SYN-U-14651,22,F,BUSINESS,52111.02,Chittagong,1192,APP,ANDROID,STUDENT,ACTIVE
SYN-U-14652,33,F,SALARIED,50299.81,Dhaka,1508,APP,ANDROID,MASS,ACTIVE
SYN-U-14653,58,M,SALARIED,42700.03,Narayanganj,2157,APP,ANDROID,STUDENT,DORMANT
SYN-U-14654,62,M,FREELANCER,56864.55,Rajshahi,657,APP,ANDROID,MASS,ACTIVE
SYN-U-14655,58,M,BUSINESS,215343.61,Dhaka,2139,BRANCH,ANDROID,AFFLUENT,ACTIVE
SYN-U-14656,32,F,SALARIED,29567.19,Rajshahi,2087,APP,ANDROID,STUDENT,ACTIVE
SYN-U-14657,58,M,BUSINESS,66729.56,Dhaka,1827,APP,IOS,MASS,ACTIVE
SYN-U-14658,57,F,BUSINESS,122102.61,Gazipur,528,AGENT,ANDROID,AFFLUENT,ACTIVE
SYN-U-14659,35,M,SALARIED,62820.32,Mymensingh,93,APP,ANDROID,MASS,ACTIVE
SYN-U-14660,42,M,BUSINESS,93241.71,Barishal,754,AGENT,IOS,PAYROLL,ACTIVE
SYN-U-14661,26,M,BUSINESS,90103.97,Sylhet,97,APP,ANDROID,MASS,ACTIVE
SYN-U-14662,60,F,BUSINESS,108658.59,Khulna,886,BRANCH,IOS,SME,ACTIVE
SYN-U-14663,25,M,SALARIED,41491.86,Rangpur,423,APP,ANDROID,STUDENT,ACTIVE
SYN-U-14664,47,M,SALARIED,39957.44,Cumilla,620,APP,FEATURE_PHONE,MASS,ACTIVE
SYN-U-14665,62,M,STUDENT,15000.0,Bogura,1288,APP,IOS,MASS,DORMANT
SYN-U-14666,38,F,BUSINESS,65132.77,Rangpur,661,AGENT,ANDROID,MASS,ACTIVE
SYN-U-14667,22,M,SALARIED,44572.61,Dhaka,763,APP,ANDROID,MASS,ACTIVE
SYN-U-14668,21,M,FREELANCER,67620.16,Dhaka,690,APP,ANDROID,STUDENT,ACTIVE
SYN-U-14669,37,F,STUDENT,31270.1,Khulna,1526,AGENT,ANDROID,SME,ACTIVE
SYN-U-14670,53,M,BUSINESS,46910.36,Narayanganj,71,AGENT,ANDROID,STUDENT,ACTIVE
SYN-U-14671,26,M,BUSINESS,44357.67,Dhaka,627,APP,ANDROID,MASS,ACTIVE
SYN-U-14672,18,F,STUDENT,19328.93,Khulna,1299,AGENT,FEATURE_PHONE,MASS,ACTIVE
SYN-U-14673,62,F,FREELANCER,70662.23,Sylhet,245,APP,ANDROID,MASS,ACTIVE
SYN-U-14674,64,M,SALARIED,49731.82,Dhaka,390,APP,ANDROID,STUDENT,ACTIVE
SYN-U-14675,59,M,SALARIED,66801.75,Chittagong,1893,APP,ANDROID,STUDENT,RESTRICTED
SYN-U-14676,40,F,RETIRED,34450.6,Gazipur,656,APP,FEATURE_PHONE,MASS,ACTIVE
SYN-U-14677,37,F,SALARIED,53920.4,Rajshahi,1146,APP,FEATURE_PHONE,MASS,ACTIVE
SYN-U-14678,24,M,SALARIED,45228.24,Rajshahi,1890,APP,IOS,MASS,ACTIVE
SYN-U-14679,41,F,BUSINESS,266596.58,Barishal,1406,BRANCH,ANDROID,AFFLUENT,ACTIVE
SYN-U-14680,37,F,HOMEMAKER,15000.0,Dhaka,1084,APP,ANDROID,MASS,ACTIVE
SYN-U-14681,19,M,SALARIED,15000.0,Cumilla,2173,APP,ANDROID,PAYROLL,ACTIVE
SYN-U-14682,21,M,SALARIED,47279.5,Rajshahi,512,APP,IOS,MASS,ACTIVE
SYN-U-14683,49,F,FREELANCER,43283.15,Chittagong,1658,APP,ANDROID,MASS,ACTIVE
SYN-U-14684,39,M,BUSINESS,84597.32,Rajshahi,97,APP,FEATURE_PHONE,SME,ACTIVE
SYN-U-14685,24,F,BUSINESS,87829.5,Sylhet,714,AGENT,IOS,AFFLUENT,ACTIVE
SYN-U-14686,22,M,BUSINESS,43976.37,Chittagong,1915,APP,ANDROID,MASS,ACTIVE
SYN-U-14687,58,M,SALARIED,47927.19,Chittagong,2333,APP,ANDROID,MASS,ACTIVE
SYN-U-14688,42,M,STUDENT,37502.53,Dhaka,1307,AGENT,ANDROID,SME,ACTIVE
SYN-U-14689,50,M,FREELANCER,170723.68,Barishal,1697,AGENT,ANDROID,SME,ACTIVE
SYN-U-14690,55,F,SALARIED,62441.21,Chittagong,2237,APP,ANDROID,MASS,ACTIVE
SYN-U-14691,69,M,FREELANCER,51566.86,Dhaka,2216,AGENT,ANDROID,MASS,ACTIVE
SYN-U-14692,19,M,BUSINESS,122534.77,Chittagong,1563,APP,ANDROID,AFFLUENT,ACTIVE
SYN-U-14693,65,M,HOMEMAKER,15000.0,Sylhet,644,APP,ANDROID,MASS,ACTIVE
SYN-U-14694,31,M,HOMEMAKER,39939.5,Rajshahi,1252,BRANCH,ANDROID,SME,ACTIVE
SYN-U-14695,64,F,SALARIED,33757.85,Dhaka,1934,AGENT,ANDROID,MASS,ACTIVE
SYN-U-14696,57,M,SALARIED,68999.31,Rajshahi,1438,APP,ANDROID,MASS,ACTIVE
SYN-U-14697,55,F,BUSINESS,64605.36,Rangpur,2121,USSD,IOS,STUDENT,ACTIVE
SYN-U-14698,26,F,SALARIED,68309.12,Sylhet,582,AGENT,FEATURE_PHONE,MASS,ACTIVE
SYN-U-14699,27,M,SALARIED,24448.9,Chittagong,833,APP,IOS,STUDENT,ACTIVE
SYN-U-14700,53,M,FREELANCER,50637.24,Chittagong,1013,APP,ANDROID,MASS,ACTIVE
SYN-U-14701,42,M,SALARIED,90295.77,Dhaka,2329,APP,ANDROID,SME,ACTIVE
SYN-U-14702,51,M,FREELANCER,161692.48,Rajshahi,1283,APP,ANDROID,AFFLUENT,ACTIVE
SYN-U-14703,43,M,SALARIED,21162.09,Dhaka,1032,USSD,ANDROID,MASS,DORMANT
SYN-U-14704,65,F,SALARIED,66113.9,Narayanganj,969,APP,ANDROID,MASS,ACTIVE
SYN-U-14705,27,M,RETIRED,33125.38,Chittagong,223,AGENT,FEATURE_PHONE,MASS,ACTIVE
SYN-U-14706,56,M,BUSINESS,94140.14,Gazipur,155,APP,ANDROID,MASS,ACTIVE
SYN-U-14707,61,F,SALARIED,115212.21,Dhaka,2247,AGENT,ANDROID,SME,ACTIVE
SYN-U-14708,68,F,STUDENT,20257.21,Narayanganj,1763,APP,ANDROID,STUDENT,ACTIVE
SYN-U-14709,49,F,SALARIED,60829.51,Sylhet,1856,APP,ANDROID,MASS,ACTIVE
SYN-U-14710,64,M,BUSINESS,175183.82,Khulna,89,APP,ANDROID,SME,ACTIVE
SYN-U-14711,41,M,BUSINESS,93879.02,Rajshahi,563,AGENT,ANDROID,MASS,ACTIVE
SYN-U-14712,52,M,SALARIED,37616.12,Gazipur,995,APP,ANDROID,MASS,ACTIVE
SYN-U-14713,36,F,SALARIED,76945.21,Chittagong,1088,AGENT,ANDROID,MASS,ACTIVE
SYN-U-14714,31,M,SALARIED,70144.95,Mymensingh,1643,APP,FEATURE_PHONE,MASS,ACTIVE
SYN-U-14715,46,M,SALARIED,51414.34,Chittagong,1440,APP,ANDROID,SME,ACTIVE
SYN-U-14716,25,F,BUSINESS,63237.53,Dhaka,914,USSD,ANDROID,MASS,ACTIVE
SYN-U-14717,50,F,FREELANCER,39939.06,Gazipur,1394,APP,ANDROID,MASS,ACTIVE
SYN-U-14718,66,M,SALARIED,61061.5,Dhaka,754,APP,ANDROID,AFFLUENT,ACTIVE
SYN-U-14719,57,M,SALARIED,68298.33,Mymensingh,1112,BRANCH,ANDROID,MASS,ACTIVE
SYN-U-14720,52,F,SALARIED,93456.84,Mymensingh,2128,APP,ANDROID,AFFLUENT,ACTIVE
SYN-U-14721,32,F,STUDENT,15000.0,Dhaka,1510,AGENT,ANDROID,MASS,ACTIVE
SYN-U-14722,31,M,STUDENT,33702.64,Rajshahi,2047,USSD,ANDROID,AFFLUENT,ACTIVE
SYN-U-14723,58,F,RETIRED,54087.51,Chittagong,71,AGENT,ANDROID,MASS,ACTIVE
SYN-U-14724,70,O,STUDENT,20867.95,Dhaka,1397,APP,ANDROID,PAYROLL,ACTIVE
SYN-U-14725,61,M,STUDENT,19423.36,Dhaka,782,USSD,ANDROID,PAYROLL,ACTIVE
SYN-U-14726,65,M,SALARIED,107501.17,Chittagong,467,APP,ANDROID,AFFLUENT,ACTIVE
SYN-U-14727,47,F,SALARIED,24629.09,Gazipur,2342,APP,ANDROID,STUDENT,ACTIVE
SYN-U-14728,45,M,SALARIED,74327.36,Dhaka,513,AGENT,ANDROID,SME,ACTIVE
SYN-U-14729,51,F,BUSINESS,35498.25,Dhaka,305,AGENT,ANDROID,MASS,ACTIVE
SYN-U-14730,68,M,SALARIED,35493.61,Khulna,859,AGENT,ANDROID,MASS,ACTIVE
SYN-U-14731,57,M,SALARIED,78564.39,Sylhet,864,AGENT,ANDROID,AFFLUENT,ACTIVE
SYN-U-14732,45,M,SALARIED,34550.33,Rangpur,1786,BRANCH,IOS,MASS,ACTIVE
SYN-U-14733,33,M,SALARIED,106654.71,Sylhet,525,BRANCH,FEATURE_PHONE,AFFLUENT,ACTIVE
SYN-U-14734,24,F,SALARIED,84920.64,Dhaka,788,APP,ANDROID,AFFLUENT,ACTIVE
SYN-U-14735,18,F,STUDENT,17326.27,Gazipur,1109,AGENT,ANDROID,PAYROLL,ACTIVE
SYN-U-14736,62,M,RETIRED,31758.88,Dhaka,170,APP,ANDROID,PAYROLL,ACTIVE
SYN-U-14737,44,M,STUDENT,15000.0,Dhaka,1956,APP,ANDROID,MASS,ACTIVE
SYN-U-14738,52,M,BUSINESS,265203.02,Chittagong,548,APP,ANDROID,AFFLUENT,ACTIVE
SYN-U-14739,44,M,BUSINESS,98466.94,Gazipur,1269,APP,ANDROID,MASS,ACTIVE
SYN-U-14740,24,F,HOMEMAKER,34316.06,Barishal,2061,APP,ANDROID,PAYROLL,ACTIVE
SYN-U-14741,24,F,BUSINESS,54568.5,Chittagong,1846,APP,ANDROID,MASS,ACTIVE
SYN-U-14742,24,F,BUSINESS,84315.29,Sylhet,1939,APP,ANDROID,MASS,ACTIVE
SYN-U-14743,39,F,SALARIED,36872.1,Cumilla,1236,BRANCH,ANDROID,PAYROLL,ACTIVE
SYN-U-14744,52,M,FREELANCER,54199.59,Dhaka,2446,APP,ANDROID,MASS,ACTIVE
SYN-U-14745,71,F,STUDENT,17237.92,Chittagong,1477,APP,ANDROID,STUDENT,ACTIVE
SYN-U-14746,53,M,SALARIED,62713.13,Sylhet,2141,APP,ANDROID,MASS,ACTIVE
SYN-U-14747,37,M,STUDENT,18774.49,Chittagong,2238,APP,IOS,MASS,ACTIVE
SYN-U-14748,21,F,SALARIED,40371.99,Rangpur,1801,APP,ANDROID,STUDENT,ACTIVE
SYN-U-14749,20,F,STUDENT,19905.05,Sylhet,1041,APP,ANDROID,PAYROLL,ACTIVE
SYN-U-14750,42,M,FREELANCER,68099.57,Dhaka,2347,APP,ANDROID,MASS,ACTIVE
SYN-U-14751,70,F,RETIRED,40730.47,Dhaka,67,APP,FEATURE_PHONE,MASS,ACTIVE
SYN-U-14752,50,M,SALARIED,41250.37,Dhaka,1948,AGENT,IOS,MASS,ACTIVE
SYN-U-14753,36,F,BUSINESS,74739.96,Mymensingh,2397,AGENT,ANDROID,STUDENT,ACTIVE
SYN-U-14754,23,F,HOMEMAKER,30350.96,Rangpur,74,AGENT,FEATURE_PHONE,PAYROLL,ACTIVE
SYN-U-14755,51,F,SALARIED,39643.75,Barishal,1936,APP,ANDROID,MASS,ACTIVE
SYN-U-14756,68,F,BUSINESS,42832.84,Gazipur,423,APP,ANDROID,MASS,ACTIVE
SYN-U-14757,19,M,SALARIED,35452.25,Rajshahi,2461,APP,ANDROID,MASS,ACTIVE
SYN-U-14758,19,F,SALARIED,61052.51,Dhaka,925,APP,IOS,MASS,ACTIVE
SYN-U-14759,33,F,BUSINESS,68004.61,Gazipur,1557,USSD,ANDROID,STUDENT,ACTIVE
SYN-U-14760,66,F,SALARIED,23741.24,Chittagong,1903,APP,ANDROID,MASS,ACTIVE
SYN-U-14761,58,F,SALARIED,40818.74,Chittagong,1738,APP,ANDROID,MASS,ACTIVE
SYN-U-14762,19,M,BUSINESS,86051.39,Sylhet,869,AGENT,IOS,MASS,ACTIVE
SYN-U-14763,47,M,BUSINESS,70972.51,Cox's Bazar,1799,AGENT,ANDROID,PAYROLL,ACTIVE
SYN-U-14764,31,M,RETIRED,37263.71,Mymensingh,914,APP,ANDROID,MASS,ACTIVE
SYN-U-14765,25,F,SALARIED,63275.95,Cumilla,1198,APP,ANDROID,MASS,ACTIVE
SYN-U-14766,61,F,RETIRED,124651.1,Chittagong,330,BRANCH,ANDROID,AFFLUENT,ACTIVE
SYN-U-14767,39,M,BUSINESS,59885.84,Dhaka,1576,AGENT,ANDROID,MASS,ACTIVE
SYN-U-14768,58,M,SALARIED,68943.83,Cumilla,1664,APP,FEATURE_PHONE,MASS,ACTIVE
SYN-U-14769,54,M,SALARIED,52256.57,Dhaka,570,APP,ANDROID,MASS,ACTIVE
SYN-U-14770,53,M,SALARIED,26511.6,Dhaka,2409,APP,ANDROID,SME,ACTIVE
SYN-U-14771,57,F,SALARIED,55999.22,Barishal,566,APP,ANDROID,MASS,ACTIVE
SYN-U-14772,41,M,SALARIED,66916.54,Dhaka,216,BRANCH,ANDROID,MASS,ACTIVE
SYN-U-14773,30,F,RETIRED,23110.28,Gazipur,2233,AGENT,ANDROID,MASS,ACTIVE
SYN-U-14774,26,M,SALARIED,30164.87,Dhaka,2404,APP,ANDROID,STUDENT,ACTIVE
SYN-U-14775,33,F,BUSINESS,77164.13,Dhaka,2397,APP,ANDROID,SME,ACTIVE
SYN-U-14776,53,F,SALARIED,41452.99,Dhaka,2107,AGENT,ANDROID,MASS,ACTIVE
SYN-U-14777,48,F,BUSINESS,33943.45,Dhaka,292,APP,ANDROID,MASS,ACTIVE
SYN-U-14778,48,F,BUSINESS,195562.88,Chittagong,780,APP,IOS,AFFLUENT,ACTIVE
SYN-U-14779,21,F,SALARIED,68071.26,Dhaka,1027,USSD,ANDROID,MASS,ACTIVE
SYN-U-14780,59,F,FREELANCER,69733.67,Dhaka,1004,AGENT,ANDROID,MASS,ACTIVE
SYN-U-14781,20,M,BUSINESS,26658.42,Dhaka,494,APP,FEATURE_PHONE,PAYROLL,ACTIVE
SYN-U-14782,53,F,SALARIED,42364.41,Dhaka,1847,APP,ANDROID,MASS,ACTIVE
SYN-U-14783,70,F,BUSINESS,22006.37,Dhaka,2152,APP,ANDROID,MASS,ACTIVE
SYN-U-14784,40,M,SALARIED,15000.0,Chittagong,941,APP,IOS,MASS,ACTIVE
SYN-U-14785,23,M,SALARIED,37431.48,Dhaka,1210,USSD,ANDROID,MASS,ACTIVE
SYN-U-14786,52,F,BUSINESS,88786.99,Dhaka,1554,BRANCH,ANDROID,STUDENT,ACTIVE
SYN-U-14787,68,F,SALARIED,39898.05,Rajshahi,1337,APP,IOS,STUDENT,ACTIVE
SYN-U-14788,69,F,SALARIED,41103.44,Rajshahi,745,AGENT,ANDROID,MASS,ACTIVE
SYN-U-14789,20,M,HOMEMAKER,24854.73,Rajshahi,771,AGENT,ANDROID,PAYROLL,ACTIVE
SYN-U-14790,56,F,FREELANCER,45856.43,Dhaka,514,APP,ANDROID,STUDENT,ACTIVE
SYN-U-14791,48,F,BUSINESS,120442.03,Mymensingh,1856,USSD,ANDROID,AFFLUENT,ACTIVE
SYN-U-14792,52,F,FREELANCER,184568.36,Chittagong,723,USSD,ANDROID,AFFLUENT,ACTIVE
SYN-U-14793,40,M,BUSINESS,234210.47,Dhaka,730,APP,ANDROID,AFFLUENT,ACTIVE
SYN-U-14794,29,M,STUDENT,18736.27,Rangpur,1494,AGENT,IOS,STUDENT,ACTIVE
SYN-U-14795,57,F,BUSINESS,44021.97,Khulna,1617,AGENT,ANDROID,STUDENT,ACTIVE
SYN-U-14796,24,M,SALARIED,30877.82,Sylhet,1029,AGENT,ANDROID,MASS,ACTIVE
SYN-U-14797,20,M,SALARIED,108276.39,Rajshahi,685,AGENT,ANDROID,AFFLUENT,ACTIVE
SYN-U-14798,56,M,HOMEMAKER,22193.18,Khulna,2127,AGENT,ANDROID,AFFLUENT,ACTIVE
SYN-U-14799,51,M,SALARIED,31222.63,Chittagong,548,APP,FEATURE_PHONE,MASS,ACTIVE
SYN-U-14800,35,F,FREELANCER,81185.59,Dhaka,337,APP,ANDROID,MASS,ACTIVE
SYN-U-14801,46,F,STUDENT,15000.0,Rajshahi,614,APP,ANDROID,MASS,ACTIVE
SYN-U-14802,33,F,BUSINESS,77661.16,Sylhet,1650,USSD,ANDROID,MASS,ACTIVE
SYN-U-14803,69,M,SALARIED,73911.47,Chittagong,2209,BRANCH,IOS,SME,ACTIVE
SYN-U-14804,61,F,SALARIED,41565.91,Rangpur,1129,USSD,IOS,MASS,ACTIVE
SYN-U-14805,38,F,BUSINESS,138622.59,Dhaka,1616,APP,ANDROID,AFFLUENT,ACTIVE
SYN-U-14806,37,F,FREELANCER,72346.22,Khulna,546,APP,ANDROID,MASS,ACTIVE
SYN-U-14807,47,M,HOMEMAKER,45230.05,Chittagong,2099,APP,ANDROID,SME,ACTIVE
SYN-U-14808,43,O,SALARIED,97746.19,Chittagong,98,APP,ANDROID,SME,ACTIVE
SYN-U-14809,25,M,BUSINESS,46864.75,Chittagong,2473,BRANCH,IOS,PAYROLL,ACTIVE
SYN-U-14810,45,M,BUSINESS,55628.49,Dhaka,553,APP,ANDROID,MASS,ACTIVE
SYN-U-14811,36,F,SALARIED,65935.99,Sylhet,1492,APP,ANDROID,MASS,ACTIVE
SYN-U-14812,49,M,BUSINESS,39610.1,Dhaka,1683,AGENT,IOS,MASS,ACTIVE
SYN-U-14813,57,M,BUSINESS,71931.35,Chittagong,843,APP,ANDROID,PAYROLL,ACTIVE
SYN-U-14814,55,F,BUSINESS,80445.33,Dhaka,2325,AGENT,ANDROID,MASS,ACTIVE
SYN-U-14815,39,F,STUDENT,15000.0,Sylhet,1648,BRANCH,ANDROID,SME,ACTIVE
SYN-U-14816,55,M,BUSINESS,66885.53,Dhaka,1106,AGENT,ANDROID,PAYROLL,ACTIVE
SYN-U-14817,51,M,BUSINESS,94646.52,Chittagong,1403,APP,ANDROID,MASS,ACTIVE
SYN-U-14818,62,M,BUSINESS,31534.27,Chittagong,2421,APP,IOS,MASS,ACTIVE
SYN-U-14819,65,M,STUDENT,15000.0,Cox's Bazar,2290,APP,ANDROID,MASS,ACTIVE
SYN-U-14820,48,M,SALARIED,66067.32,Gazipur,1598,AGENT,ANDROID,MASS,ACTIVE
SYN-U-14821,23,F,SALARIED,41050.64,Dhaka,745,APP,ANDROID,MASS,ACTIVE
SYN-U-14822,67,M,HOMEMAKER,60882.0,Dhaka,2063,APP,ANDROID,AFFLUENT,ACTIVE
SYN-U-14823,62,F,RETIRED,23949.42,Khulna,2205,APP,ANDROID,STUDENT,ACTIVE
SYN-U-14824,40,M,BUSINESS,64964.0,Rajshahi,124,APP,IOS,MASS,ACTIVE
SYN-U-14825,20,F,FREELANCER,69803.03,Chittagong,716,AGENT,IOS,MASS,ACTIVE
SYN-U-14826,30,M,FREELANCER,80996.04,Dhaka,1935,APP,FEATURE_PHONE,MASS,ACTIVE
SYN-U-14827,55,M,SALARIED,67503.48,Chittagong,608,APP,ANDROID,MASS,ACTIVE
SYN-U-14828,28,F,RETIRED,85237.37,Chittagong,1171,APP,ANDROID,AFFLUENT,ACTIVE
SYN-U-14829,58,F,BUSINESS,49664.96,Khulna,1389,APP,ANDROID,MASS,RESTRICTED
SYN-U-14830,39,M,SALARIED,55810.32,Sylhet,1670,APP,ANDROID,MASS,ACTIVE
SYN-U-14831,56,M,SALARIED,137404.76,Rangpur,1082,APP,ANDROID,AFFLUENT,ACTIVE
SYN-U-14832,47,F,BUSINESS,64729.23,Dhaka,2055,APP,ANDROID,STUDENT,ACTIVE
SYN-U-14833,26,M,SALARIED,126505.01,Dhaka,2410,BRANCH,ANDROID,AFFLUENT,ACTIVE
SYN-U-14834,22,F,SALARIED,35619.4,Chittagong,807,APP,ANDROID,SME,ACTIVE
SYN-U-14835,67,F,SALARIED,35109.05,Cox's Bazar,2021,APP,ANDROID,STUDENT,ACTIVE
SYN-U-14836,43,F,SALARIED,49555.56,Chittagong,2084,APP,ANDROID,MASS,ACTIVE
SYN-U-14837,34,M,BUSINESS,42857.71,Rangpur,1712,AGENT,ANDROID,MASS,ACTIVE
SYN-U-14838,21,F,STUDENT,15000.0,Cumilla,1720,APP,ANDROID,STUDENT,ACTIVE
SYN-U-14839,19,F,BUSINESS,63976.25,Narayanganj,393,AGENT,ANDROID,MASS,ACTIVE
SYN-U-14840,46,M,STUDENT,15000.0,Dhaka,1946,APP,ANDROID,PAYROLL,ACTIVE
SYN-U-14841,22,M,FREELANCER,44116.4,Khulna,377,APP,ANDROID,PAYROLL,ACTIVE
SYN-U-14842,39,F,HOMEMAKER,19160.0,Dhaka,1703,USSD,ANDROID,MASS,ACTIVE
SYN-U-14843,62,M,RETIRED,29088.3,Dhaka,90,APP,ANDROID,STUDENT,ACTIVE
SYN-U-14844,46,F,BUSINESS,62858.96,Cox's Bazar,782,APP,ANDROID,MASS,ACTIVE
SYN-U-14845,70,M,BUSINESS,58782.71,Khulna,262,USSD,IOS,MASS,ACTIVE
SYN-U-14846,40,M,SALARIED,154647.28,Barishal,193,AGENT,ANDROID,AFFLUENT,DORMANT
SYN-U-14847,68,M,SALARIED,42177.84,Mymensingh,1565,BRANCH,ANDROID,MASS,ACTIVE
SYN-U-14848,32,M,BUSINESS,43310.16,Cumilla,140,APP,ANDROID,MASS,ACTIVE
SYN-U-14849,28,F,SALARIED,37755.11,Dhaka,783,APP,ANDROID,MASS,ACTIVE
SYN-U-14850,30,M,SALARIED,89713.4,Dhaka,216,APP,ANDROID,MASS,ACTIVE
SYN-U-14851,52,M,SALARIED,69612.73,Rajshahi,358,AGENT,ANDROID,MASS,ACTIVE
SYN-U-14852,68,F,SALARIED,55282.73,Barishal,302,AGENT,ANDROID,MASS,ACTIVE
SYN-U-14853,31,M,BUSINESS,270049.49,Sylhet,1241,AGENT,ANDROID,AFFLUENT,ACTIVE
SYN-U-14854,64,M,SALARIED,74743.91,Mymensingh,367,APP,ANDROID,MASS,ACTIVE
SYN-U-14855,49,F,HOMEMAKER,20411.44,Mymensingh,1639,APP,IOS,MASS,ACTIVE
SYN-U-14856,64,F,SALARIED,36802.15,Narayanganj,340,AGENT,IOS,MASS,ACTIVE
SYN-U-14857,69,M,BUSINESS,44942.38,Khulna,569,APP,ANDROID,MASS,ACTIVE
SYN-U-14858,23,M,SALARIED,41324.15,Mymensingh,354,APP,ANDROID,MASS,ACTIVE
SYN-U-14859,44,F,FREELANCER,42122.77,Dhaka,780,AGENT,ANDROID,MASS,ACTIVE
SYN-U-14860,26,M,SALARIED,45013.47,Dhaka,72,APP,ANDROID,STUDENT,ACTIVE
SYN-U-14861,20,F,HOMEMAKER,24297.32,Rajshahi,1242,AGENT,ANDROID,MASS,ACTIVE
SYN-U-14862,53,M,STUDENT,28642.0,Dhaka,1279,AGENT,ANDROID,MASS,ACTIVE
SYN-U-14863,52,M,SALARIED,54414.94,Chittagong,932,APP,ANDROID,MASS,ACTIVE
SYN-U-14864,59,O,BUSINESS,54138.06,Khulna,2313,BRANCH,ANDROID,MASS,ACTIVE
SYN-U-14865,32,M,SALARIED,52935.16,Chittagong,1883,APP,ANDROID,MASS,ACTIVE
SYN-U-14866,42,F,SALARIED,63120.91,Rangpur,951,AGENT,ANDROID,MASS,ACTIVE
SYN-U-14867,31,F,SALARIED,84430.63,Dhaka,391,APP,ANDROID,AFFLUENT,ACTIVE
SYN-U-14868,59,F,SALARIED,131217.03,Chittagong,2279,APP,IOS,AFFLUENT,ACTIVE
SYN-U-14869,59,M,SALARIED,79469.84,Barishal,111,APP,ANDROID,SME,ACTIVE
SYN-U-14870,56,M,FREELANCER,118906.34,Chittagong,2120,APP,ANDROID,AFFLUENT,ACTIVE
SYN-U-14871,67,M,FREELANCER,74641.94,Chittagong,1128,APP,ANDROID,PAYROLL,ACTIVE
SYN-U-14872,24,F,HOMEMAKER,28786.72,Dhaka,1414,AGENT,IOS,PAYROLL,ACTIVE
SYN-U-14873,52,F,SALARIED,108365.63,Rajshahi,2396,APP,ANDROID,AFFLUENT,ACTIVE
SYN-U-14874,67,F,SALARIED,137401.83,Rajshahi,466,AGENT,ANDROID,AFFLUENT,ACTIVE
SYN-U-14875,63,F,STUDENT,15000.0,Dhaka,819,AGENT,ANDROID,MASS,ACTIVE
SYN-U-14876,21,F,BUSINESS,47037.86,Dhaka,313,APP,ANDROID,MASS,ACTIVE
SYN-U-14877,27,M,BUSINESS,80127.44,Dhaka,1401,AGENT,ANDROID,MASS,ACTIVE
SYN-U-14878,57,M,FREELANCER,64056.38,Rajshahi,31,APP,ANDROID,STUDENT,ACTIVE
SYN-U-14879,18,M,BUSINESS,75864.92,Jessore,1693,APP,ANDROID,MASS,ACTIVE
SYN-U-14880,70,M,BUSINESS,82209.07,Gazipur,45,AGENT,ANDROID,MASS,ACTIVE
SYN-U-14881,30,F,HOMEMAKER,27974.34,Gazipur,1054,BRANCH,ANDROID,MASS,RESTRICTED
SYN-U-14882,41,F,SALARIED,29116.49,Chittagong,668,APP,ANDROID,MASS,ACTIVE
SYN-U-14883,28,F,SALARIED,36732.67,Dhaka,1632,APP,IOS,MASS,ACTIVE
SYN-U-14884,53,M,FREELANCER,60549.18,Dhaka,2214,AGENT,ANDROID,MASS,ACTIVE
SYN-U-14885,32,M,SALARIED,88151.82,Dhaka,1717,APP,ANDROID,MASS,ACTIVE
SYN-U-14886,31,F,SALARIED,66845.03,Rangpur,2336,APP,ANDROID,PAYROLL,ACTIVE
SYN-U-14887,39,F,SALARIED,68208.09,Rajshahi,1332,APP,ANDROID,SME,ACTIVE
SYN-U-14888,58,M,STUDENT,15000.0,Rajshahi,2141,AGENT,ANDROID,MASS,ACTIVE
SYN-U-14889,20,M,BUSINESS,49801.86,Rajshahi,2232,APP,IOS,MASS,ACTIVE
SYN-U-14890,22,F,BUSINESS,65442.53,Khulna,385,BRANCH,ANDROID,MASS,ACTIVE
SYN-U-14891,62,F,SALARIED,48390.13,Sylhet,2110,APP,ANDROID,MASS,ACTIVE
SYN-U-14892,35,F,RETIRED,20507.62,Khulna,1154,APP,ANDROID,MASS,ACTIVE
SYN-U-14893,26,M,SALARIED,155625.35,Dhaka,1862,APP,ANDROID,AFFLUENT,ACTIVE
SYN-U-14894,57,M,RETIRED,40662.04,Dhaka,747,APP,ANDROID,PAYROLL,ACTIVE
SYN-U-14895,35,F,SALARIED,79733.1,Chittagong,198,AGENT,ANDROID,MASS,ACTIVE
SYN-U-14896,57,F,BUSINESS,102422.91,Dhaka,2355,AGENT,ANDROID,MASS,ACTIVE
SYN-U-14897,33,M,SALARIED,49177.95,Sylhet,659,APP,ANDROID,MASS,ACTIVE
SYN-U-14898,20,M,SALARIED,41037.32,Chittagong,2344,AGENT,ANDROID,MASS,ACTIVE
SYN-U-14899,19,F,FREELANCER,45363.21,Sylhet,1439,AGENT,ANDROID,MASS,ACTIVE
SYN-U-14900,42,M,BUSINESS,119731.06,Dhaka,2381,APP,IOS,MASS,ACTIVE
SYN-U-14901,52,M,SALARIED,34762.82,Dhaka,1845,AGENT,ANDROID,STUDENT,ACTIVE
SYN-U-14902,26,F,FREELANCER,99904.14,Chittagong,58,APP,ANDROID,SME,ACTIVE
SYN-U-14903,53,F,BUSINESS,74534.8,Rajshahi,1329,AGENT,IOS,MASS,ACTIVE
SYN-U-14904,57,M,SALARIED,33502.35,Chittagong,1295,APP,FEATURE_PHONE,MASS,ACTIVE
SYN-U-14905,32,F,SALARIED,40557.86,Dhaka,1713,APP,ANDROID,MASS,ACTIVE
SYN-U-14906,51,M,HOMEMAKER,29007.52,Dhaka,2050,AGENT,ANDROID,MASS,ACTIVE
SYN-U-14907,67,F,SALARIED,67929.31,Sylhet,1873,APP,ANDROID,AFFLUENT,ACTIVE
SYN-U-14908,43,M,BUSINESS,86003.71,Sylhet,388,APP,ANDROID,MASS,ACTIVE
SYN-U-14909,37,F,STUDENT,15000.0,Rajshahi,1865,APP,ANDROID,MASS,ACTIVE
SYN-U-14910,24,M,SALARIED,61734.81,Sylhet,2254,APP,ANDROID,MASS,RESTRICTED
SYN-U-14911,52,M,SALARIED,56555.72,Barishal,376,APP,IOS,MASS,ACTIVE
SYN-U-14912,69,M,SALARIED,132530.96,Dhaka,1926,AGENT,ANDROID,AFFLUENT,ACTIVE
SYN-U-14913,53,M,SALARIED,39926.08,Barishal,1966,APP,ANDROID,MASS,ACTIVE
SYN-U-14914,63,F,SALARIED,54571.26,Sylhet,840,AGENT,ANDROID,MASS,ACTIVE
SYN-U-14915,65,F,BUSINESS,88503.92,Barishal,1120,BRANCH,IOS,PAYROLL,ACTIVE
SYN-U-14916,44,M,FREELANCER,65503.58,Chittagong,1116,APP,IOS,MASS,ACTIVE
SYN-U-14917,43,M,BUSINESS,141428.28,Sylhet,487,BRANCH,IOS,SME,ACTIVE
SYN-U-14918,40,M,SALARIED,19904.53,Dhaka,1351,AGENT,ANDROID,PAYROLL,ACTIVE
SYN-U-14919,43,M,BUSINESS,185526.63,Dhaka,327,APP,ANDROID,SME,ACTIVE
SYN-U-14920,22,F,FREELANCER,33256.93,Jessore,1104,AGENT,ANDROID,STUDENT,ACTIVE
SYN-U-14921,53,F,BUSINESS,15000.0,Dhaka,2475,APP,ANDROID,MASS,ACTIVE
SYN-U-14922,51,F,STUDENT,16087.66,Chittagong,943,AGENT,ANDROID,MASS,ACTIVE
SYN-U-14923,29,F,SALARIED,25192.36,Dhaka,792,APP,ANDROID,PAYROLL,ACTIVE
SYN-U-14924,45,F,BUSINESS,65471.77,Narayanganj,1274,APP,ANDROID,PAYROLL,ACTIVE
SYN-U-14925,70,F,STUDENT,20315.91,Dhaka,1835,USSD,ANDROID,MASS,ACTIVE
SYN-U-14926,49,F,STUDENT,16871.23,Dhaka,407,APP,ANDROID,MASS,ACTIVE
SYN-U-14927,24,F,SALARIED,68316.62,Cumilla,328,APP,ANDROID,MASS,ACTIVE
SYN-U-14928,27,F,BUSINESS,15000.0,Gazipur,2488,USSD,ANDROID,MASS,ACTIVE
SYN-U-14929,54,M,SALARIED,52724.12,Dhaka,993,AGENT,ANDROID,MASS,ACTIVE
SYN-U-14930,36,M,BUSINESS,52958.45,Gazipur,948,APP,ANDROID,PAYROLL,ACTIVE
SYN-U-14931,68,F,BUSINESS,251469.0,Khulna,379,USSD,ANDROID,AFFLUENT,RESTRICTED
SYN-U-14932,44,F,FREELANCER,147746.35,Chittagong,872,AGENT,IOS,SME,DORMANT
SYN-U-14933,51,M,FREELANCER,42012.79,Mymensingh,2004,APP,IOS,MASS,ACTIVE
SYN-U-14934,68,M,FREELANCER,70855.76,Chittagong,2188,AGENT,ANDROID,MASS,ACTIVE
SYN-U-14935,27,F,FREELANCER,58707.89,Dhaka,2164,USSD,ANDROID,MASS,ACTIVE
SYN-U-14936,27,O,FREELANCER,71767.0,Mymensingh,672,APP,FEATURE_PHONE,MASS,ACTIVE
SYN-U-14937,40,M,BUSINESS,53552.93,Gazipur,150,BRANCH,ANDROID,MASS,ACTIVE
SYN-U-14938,20,M,STUDENT,25866.51,Chittagong,399,AGENT,ANDROID,MASS,ACTIVE
SYN-U-14939,19,F,BUSINESS,119853.13,Khulna,240,APP,ANDROID,SME,ACTIVE
SYN-U-14940,71,M,BUSINESS,91982.32,Rajshahi,706,APP,ANDROID,MASS,ACTIVE
SYN-U-14941,19,F,SALARIED,29862.34,Dhaka,1711,BRANCH,ANDROID,MASS,ACTIVE
SYN-U-14942,59,F,STUDENT,16601.24,Dhaka,2224,APP,ANDROID,STUDENT,ACTIVE
SYN-U-14943,70,F,BUSINESS,79568.0,Khulna,2473,BRANCH,ANDROID,MASS,ACTIVE
SYN-U-14944,25,F,SALARIED,80960.9,Barishal,1543,AGENT,ANDROID,AFFLUENT,ACTIVE
SYN-U-14945,35,F,HOMEMAKER,19293.19,Rajshahi,1452,BRANCH,ANDROID,MASS,ACTIVE
SYN-U-14946,32,F,SALARIED,24516.11,Dhaka,2004,APP,ANDROID,MASS,ACTIVE
SYN-U-14947,28,F,RETIRED,39754.2,Khulna,1196,APP,IOS,MASS,ACTIVE
SYN-U-14948,58,M,BUSINESS,222935.73,Rajshahi,40,BRANCH,ANDROID,AFFLUENT,ACTIVE
SYN-U-14949,62,M,SALARIED,40693.19,Sylhet,1113,APP,ANDROID,MASS,ACTIVE
SYN-U-14950,19,M,BUSINESS,140210.29,Khulna,693,BRANCH,ANDROID,AFFLUENT,ACTIVE
SYN-U-14951,68,F,SALARIED,44267.32,Barishal,1972,APP,ANDROID,STUDENT,ACTIVE
SYN-U-14952,59,M,SALARIED,72013.5,Barishal,1825,AGENT,ANDROID,SME,ACTIVE
SYN-U-14953,49,M,SALARIED,51313.7,Chittagong,1291,APP,ANDROID,STUDENT,ACTIVE
SYN-U-14954,71,M,HOMEMAKER,17073.77,Sylhet,2469,AGENT,ANDROID,MASS,ACTIVE
SYN-U-14955,56,M,SALARIED,21061.43,Dhaka,528,APP,ANDROID,STUDENT,ACTIVE
SYN-U-14956,38,M,STUDENT,20586.67,Rangpur,1354,APP,ANDROID,MASS,ACTIVE
SYN-U-14957,24,M,BUSINESS,192727.1,Sylhet,2014,APP,ANDROID,AFFLUENT,ACTIVE
SYN-U-14958,47,M,SALARIED,34697.96,Chittagong,1721,APP,ANDROID,MASS,ACTIVE
SYN-U-14959,68,F,SALARIED,47599.8,Barishal,1008,APP,FEATURE_PHONE,MASS,ACTIVE
SYN-U-14960,64,F,BUSINESS,70994.72,Mymensingh,986,AGENT,ANDROID,STUDENT,ACTIVE
SYN-U-14961,39,M,FREELANCER,115879.12,Dhaka,286,AGENT,ANDROID,MASS,ACTIVE
SYN-U-14962,45,M,BUSINESS,71510.57,Dhaka,2307,BRANCH,ANDROID,MASS,ACTIVE
SYN-U-14963,57,O,SALARIED,55816.91,Barishal,1344,AGENT,IOS,MASS,ACTIVE
SYN-U-14964,32,F,STUDENT,25100.99,Cumilla,448,APP,ANDROID,MASS,ACTIVE
SYN-U-14965,49,M,SALARIED,40534.03,Chittagong,1889,APP,ANDROID,MASS,ACTIVE
SYN-U-14966,38,M,BUSINESS,52009.8,Sylhet,1709,AGENT,ANDROID,MASS,ACTIVE
SYN-U-14967,52,F,SALARIED,56791.38,Gazipur,1297,APP,ANDROID,MASS,DORMANT
SYN-U-14968,64,M,SALARIED,16883.51,Khulna,72,APP,IOS,MASS,ACTIVE
SYN-U-14969,65,M,BUSINESS,39407.96,Sylhet,191,APP,ANDROID,STUDENT,ACTIVE
SYN-U-14970,59,F,RETIRED,48016.12,Sylhet,896,APP,ANDROID,AFFLUENT,ACTIVE
SYN-U-14971,69,M,HOMEMAKER,44191.38,Cox's Bazar,1723,APP,ANDROID,SME,ACTIVE
SYN-U-14972,68,F,STUDENT,18388.04,Dhaka,1597,APP,ANDROID,AFFLUENT,ACTIVE
SYN-U-14973,35,F,SALARIED,60316.41,Rajshahi,153,AGENT,ANDROID,PAYROLL,ACTIVE
SYN-U-14974,60,M,STUDENT,15720.21,Barishal,140,AGENT,ANDROID,MASS,ACTIVE
SYN-U-14975,32,F,BUSINESS,15000.0,Dhaka,2365,BRANCH,ANDROID,MASS,ACTIVE
SYN-U-14976,22,F,SALARIED,117133.06,Rajshahi,1091,APP,IOS,SME,ACTIVE
SYN-U-14977,62,F,FREELANCER,44052.66,Cumilla,213,APP,ANDROID,AFFLUENT,ACTIVE
SYN-U-14978,62,F,HOMEMAKER,16090.92,Dhaka,1884,BRANCH,IOS,MASS,ACTIVE
SYN-U-14979,64,F,HOMEMAKER,15000.0,Jessore,1732,APP,ANDROID,MASS,ACTIVE
SYN-U-14980,45,F,SALARIED,92979.08,Barishal,1656,BRANCH,ANDROID,PAYROLL,ACTIVE
SYN-U-14981,20,F,FREELANCER,56913.79,Dhaka,318,AGENT,ANDROID,SME,ACTIVE
SYN-U-14982,38,F,SALARIED,77350.47,Rajshahi,640,AGENT,ANDROID,AFFLUENT,ACTIVE
SYN-U-14983,60,F,SALARIED,64220.26,Dhaka,2177,BRANCH,ANDROID,MASS,ACTIVE
SYN-U-14984,50,F,FREELANCER,29516.23,Dhaka,843,APP,ANDROID,STUDENT,ACTIVE
SYN-U-14985,37,M,FREELANCER,27681.83,Chittagong,1408,APP,ANDROID,MASS,ACTIVE
SYN-U-14986,21,M,SALARIED,57874.1,Bogura,1592,APP,ANDROID,STUDENT,ACTIVE
SYN-U-14987,35,M,SALARIED,95143.45,Rajshahi,2055,APP,ANDROID,SME,ACTIVE
SYN-U-14988,63,M,SALARIED,57943.34,Mymensingh,2249,BRANCH,ANDROID,MASS,ACTIVE
SYN-U-14989,23,M,RETIRED,35892.14,Chittagong,1828,AGENT,IOS,STUDENT,ACTIVE
SYN-U-14990,59,M,FREELANCER,89295.31,Dhaka,258,APP,ANDROID,MASS,ACTIVE
SYN-U-14991,54,F,BUSINESS,52633.89,Dhaka,1130,APP,FEATURE_PHONE,STUDENT,ACTIVE
SYN-U-14992,49,F,RETIRED,59400.52,Cox's Bazar,740,USSD,ANDROID,AFFLUENT,ACTIVE
SYN-U-14993,23,M,BUSINESS,43280.35,Sylhet,2015,BRANCH,IOS,MASS,ACTIVE
SYN-U-14994,19,F,SALARIED,43405.2,Dhaka,785,APP,ANDROID,STUDENT,ACTIVE
SYN-U-14995,33,M,SALARIED,152862.47,Narayanganj,397,AGENT,IOS,AFFLUENT,ACTIVE
SYN-U-14996,64,F,SALARIED,44587.12,Mymensingh,395,APP,IOS,PAYROLL,ACTIVE
SYN-U-14997,59,F,STUDENT,16532.41,Dhaka,1637,AGENT,ANDROID,MASS,ACTIVE
SYN-U-14998,51,F,BUSINESS,43416.08,Dhaka,2189,APP,FEATURE_PHONE,MASS,ACTIVE
SYN-U-14999,27,M,BUSINESS,138393.24,Rajshahi,1864,AGENT,ANDROID,MASS,ACTIVE
SYN-U-15000,70,F,SALARIED,116134.15,Gazipur,1015,APP,ANDROID,AFFLUENT,ACTIVE
SYN-U-15001,69,F,BUSINESS,58145.68,Chittagong,2443,AGENT,ANDROID,MASS,ACTIVE
SYN-U-15002,50,M,SALARIED,65587.59,Gazipur,1206,APP,ANDROID,MASS,ACTIVE
SYN-U-15003,41,M,SALARIED,33880.65,Barishal,232,APP,ANDROID,MASS,ACTIVE
SYN-U-15004,57,M,SALARIED,35366.63,Dhaka,1283,APP,IOS,MASS,ACTIVE
SYN-U-15005,38,M,SALARIED,53330.23,Rangpur,1731,AGENT,IOS,MASS,ACTIVE
SYN-U-15006,46,F,BUSINESS,69887.56,Rangpur,1393,APP,ANDROID,MASS,ACTIVE
SYN-U-15007,43,M,SALARIED,45369.89,Mymensingh,723,APP,ANDROID,MASS,ACTIVE
SYN-U-15008,29,F,SALARIED,34302.55,Mymensingh,771,AGENT,ANDROID,PAYROLL,ACTIVE
SYN-U-15009,47,M,FREELANCER,88811.4,Dhaka,2189,BRANCH,ANDROID,MASS,ACTIVE
SYN-U-15010,18,M,STUDENT,23252.57,Dhaka,2387,APP,ANDROID,AFFLUENT,ACTIVE
SYN-U-15011,27,F,BUSINESS,76073.82,Rajshahi,341,AGENT,ANDROID,MASS,ACTIVE
SYN-U-15012,37,F,HOMEMAKER,59838.39,Dhaka,1712,AGENT,ANDROID,AFFLUENT,ACTIVE
SYN-U-15013,57,F,BUSINESS,112485.27,Dhaka,1925,BRANCH,ANDROID,SME,ACTIVE
SYN-U-15014,30,M,RETIRED,36340.88,Cumilla,767,USSD,ANDROID,STUDENT,ACTIVE
SYN-U-15015,26,F,FREELANCER,64295.17,Chittagong,2490,APP,ANDROID,MASS,ACTIVE
SYN-U-15016,48,M,BUSINESS,100003.96,Dhaka,446,AGENT,ANDROID,PAYROLL,ACTIVE
SYN-U-15017,39,M,SALARIED,23710.32,Jessore,2145,APP,FEATURE_PHONE,MASS,ACTIVE
SYN-U-15018,68,O,SALARIED,34516.95,Khulna,1886,APP,ANDROID,MASS,ACTIVE
SYN-U-15019,68,F,SALARIED,65809.65,Sylhet,2380,APP,ANDROID,MASS,ACTIVE
SYN-U-15020,67,M,SALARIED,31830.28,Dhaka,2039,APP,ANDROID,PAYROLL,ACTIVE
SYN-U-15021,23,F,STUDENT,15000.0,Chittagong,2014,USSD,ANDROID,MASS,ACTIVE
SYN-U-15022,42,M,STUDENT,35018.61,Dhaka,1029,APP,ANDROID,AFFLUENT,ACTIVE
SYN-U-15023,59,M,SALARIED,54867.79,Chittagong,1233,BRANCH,ANDROID,PAYROLL,ACTIVE
SYN-U-15024,43,F,BUSINESS,91182.86,Cumilla,2109,APP,ANDROID,MASS,ACTIVE
SYN-U-15025,48,M,BUSINESS,46168.19,Dhaka,2320,APP,ANDROID,MASS,ACTIVE
SYN-U-15026,49,F,BUSINESS,71724.13,Dhaka,2283,APP,ANDROID,STUDENT,ACTIVE
SYN-U-15027,70,F,FREELANCER,67069.43,Rajshahi,829,APP,ANDROID,MASS,DORMANT
SYN-U-15028,53,M,FREELANCER,45460.27,Dhaka,1357,AGENT,ANDROID,MASS,ACTIVE
SYN-U-15029,19,F,SALARIED,87875.09,Sylhet,1153,APP,ANDROID,AFFLUENT,ACTIVE
SYN-U-15030,50,M,BUSINESS,102056.49,Jessore,809,AGENT,ANDROID,MASS,ACTIVE
SYN-U-15031,43,M,BUSINESS,58878.87,Narayanganj,545,AGENT,ANDROID,MASS,ACTIVE
SYN-U-15032,22,F,STUDENT,21143.96,Dhaka,307,AGENT,ANDROID,MASS,ACTIVE
SYN-U-15033,42,M,SALARIED,43960.42,Dhaka,971,APP,FEATURE_PHONE,STUDENT,ACTIVE
SYN-U-15034,25,F,SALARIED,33730.87,Gazipur,531,AGENT,ANDROID,STUDENT,ACTIVE
SYN-U-15035,70,M,BUSINESS,73268.35,Dhaka,442,APP,ANDROID,PAYROLL,ACTIVE
SYN-U-15036,24,F,BUSINESS,41461.13,Chittagong,802,AGENT,ANDROID,STUDENT,ACTIVE
SYN-U-15037,20,M,BUSINESS,89087.69,Dhaka,1236,APP,ANDROID,MASS,ACTIVE
SYN-U-15038,62,F,BUSINESS,119721.86,Dhaka,1201,AGENT,ANDROID,MASS,ACTIVE
SYN-U-15039,54,F,RETIRED,37147.28,Dhaka,313,APP,ANDROID,STUDENT,ACTIVE
SYN-U-15040,27,M,FREELANCER,146607.24,Dhaka,1356,AGENT,IOS,SME,ACTIVE
SYN-U-15041,58,M,STUDENT,36232.22,Dhaka,2196,APP,ANDROID,SME,ACTIVE
SYN-U-15042,23,F,BUSINESS,100041.47,Rajshahi,1362,AGENT,ANDROID,MASS,ACTIVE
SYN-U-15043,26,M,RETIRED,44904.54,Dhaka,1484,APP,ANDROID,MASS,ACTIVE
SYN-U-15044,49,M,SALARIED,18910.39,Rangpur,1640,APP,IOS,STUDENT,ACTIVE
SYN-U-15045,25,F,FREELANCER,40549.93,Dhaka,1389,APP,ANDROID,MASS,ACTIVE
SYN-U-15046,23,M,STUDENT,15000.0,Narayanganj,1234,APP,ANDROID,MASS,ACTIVE
SYN-U-15047,29,M,SALARIED,46410.28,Cumilla,1552,APP,IOS,MASS,ACTIVE
SYN-U-15048,70,M,BUSINESS,131968.76,Khulna,172,APP,ANDROID,PAYROLL,ACTIVE
SYN-U-15049,65,M,RETIRED,59200.95,Dhaka,2153,APP,ANDROID,AFFLUENT,ACTIVE
SYN-U-15050,54,M,FREELANCER,27324.14,Khulna,1191,APP,FEATURE_PHONE,STUDENT,ACTIVE
SYN-U-15051,29,F,SALARIED,29628.01,Barishal,280,BRANCH,IOS,MASS,ACTIVE
SYN-U-15052,46,M,SALARIED,67101.54,Gazipur,2102,APP,IOS,MASS,ACTIVE
SYN-U-15053,51,M,SALARIED,67937.11,Sylhet,709,APP,IOS,MASS,ACTIVE
SYN-U-15054,63,F,BUSINESS,155554.87,Rajshahi,795,AGENT,ANDROID,AFFLUENT,ACTIVE
SYN-U-15055,34,M,BUSINESS,15000.0,Mymensingh,487,BRANCH,ANDROID,STUDENT,ACTIVE
SYN-U-15056,46,F,FREELANCER,43371.3,Dhaka,1279,APP,ANDROID,MASS,ACTIVE
SYN-U-15057,40,F,FREELANCER,121657.68,Dhaka,2255,APP,ANDROID,AFFLUENT,ACTIVE
SYN-U-15058,67,F,SALARIED,25389.73,Chittagong,2353,APP,ANDROID,MASS,ACTIVE
SYN-U-15059,20,F,BUSINESS,228740.35,Dhaka,1346,AGENT,ANDROID,AFFLUENT,ACTIVE
SYN-U-15060,18,M,FREELANCER,62361.67,Dhaka,495,APP,ANDROID,MASS,ACTIVE
SYN-U-15061,39,M,HOMEMAKER,24790.18,Rajshahi,571,APP,ANDROID,MASS,ACTIVE
SYN-U-15062,69,F,SALARIED,39257.05,Dhaka,1710,AGENT,ANDROID,STUDENT,ACTIVE
SYN-U-15063,38,F,STUDENT,15000.0,Dhaka,1640,APP,ANDROID,AFFLUENT,ACTIVE
SYN-U-15064,50,F,STUDENT,52624.71,Chittagong,1746,APP,ANDROID,AFFLUENT,ACTIVE
SYN-U-15065,40,F,SALARIED,133665.64,Dhaka,1717,APP,ANDROID,SME,ACTIVE
SYN-U-15066,66,F,HOMEMAKER,19223.39,Jessore,1573,APP,ANDROID,MASS,ACTIVE
SYN-U-15067,54,F,SALARIED,45855.81,Gazipur,2323,APP,ANDROID,STUDENT,ACTIVE
SYN-U-15068,32,M,RETIRED,20071.54,Cox's Bazar,1108,APP,ANDROID,STUDENT,ACTIVE
SYN-U-15069,48,M,SALARIED,62292.87,Dhaka,2411,APP,ANDROID,MASS,ACTIVE
SYN-U-15070,21,F,HOMEMAKER,44055.71,Dhaka,960,APP,ANDROID,AFFLUENT,ACTIVE
SYN-U-15071,65,F,SALARIED,44443.71,Dhaka,1919,AGENT,ANDROID,MASS,ACTIVE
SYN-U-15072,31,M,FREELANCER,90159.64,Dhaka,104,APP,IOS,SME,ACTIVE
SYN-U-15073,34,O,SALARIED,77500.81,Narayanganj,692,APP,ANDROID,MASS,ACTIVE
SYN-U-15074,30,F,BUSINESS,15000.0,Barishal,1656,APP,ANDROID,STUDENT,DORMANT
SYN-U-15075,38,M,SALARIED,131097.38,Dhaka,1816,BRANCH,IOS,AFFLUENT,ACTIVE
SYN-U-15076,40,M,SALARIED,34361.49,Barishal,808,APP,ANDROID,STUDENT,ACTIVE
SYN-U-15077,55,M,SALARIED,36726.71,Dhaka,2452,APP,ANDROID,MASS,ACTIVE
SYN-U-15078,34,F,HOMEMAKER,30701.7,Dhaka,911,BRANCH,ANDROID,MASS,ACTIVE
SYN-U-15079,50,M,SALARIED,37800.62,Sylhet,1122,BRANCH,ANDROID,MASS,ACTIVE
SYN-U-15080,20,F,FREELANCER,51564.5,Narayanganj,107,APP,ANDROID,MASS,ACTIVE
SYN-U-15081,58,M,SALARIED,58164.84,Cumilla,2219,APP,ANDROID,MASS,ACTIVE
SYN-U-15082,22,F,BUSINESS,80874.15,Rangpur,1900,APP,IOS,MASS,ACTIVE
SYN-U-15083,24,F,SALARIED,34250.41,Dhaka,617,AGENT,ANDROID,MASS,ACTIVE
SYN-U-15084,37,M,FREELANCER,86660.16,Gazipur,532,AGENT,ANDROID,AFFLUENT,ACTIVE
SYN-U-15085,37,M,BUSINESS,58323.09,Dhaka,953,AGENT,ANDROID,MASS,ACTIVE
SYN-U-15086,51,M,SALARIED,24157.48,Cumilla,412,APP,ANDROID,STUDENT,ACTIVE
SYN-U-15087,48,M,FREELANCER,25082.65,Rajshahi,563,APP,IOS,MASS,ACTIVE
SYN-U-15088,35,F,SALARIED,31342.69,Dhaka,2043,BRANCH,FEATURE_PHONE,STUDENT,ACTIVE
SYN-U-15089,32,F,BUSINESS,52968.41,Mymensingh,787,APP,ANDROID,MASS,ACTIVE
SYN-U-15090,64,M,SALARIED,38683.19,Sylhet,1377,BRANCH,FEATURE_PHONE,MASS,ACTIVE
SYN-U-15091,54,M,FREELANCER,184321.94,Chittagong,1384,APP,ANDROID,AFFLUENT,ACTIVE
SYN-U-15092,18,F,SALARIED,47643.5,Chittagong,819,APP,ANDROID,MASS,ACTIVE
SYN-U-15093,68,F,SALARIED,51019.65,Sylhet,824,AGENT,ANDROID,MASS,ACTIVE
SYN-U-15094,60,F,SALARIED,37317.57,Mymensingh,2489,APP,ANDROID,PAYROLL,ACTIVE
SYN-U-15095,24,M,SALARIED,43810.27,Sylhet,1788,APP,IOS,MASS,ACTIVE
SYN-U-15096,37,F,SALARIED,38713.78,Chittagong,191,APP,IOS,STUDENT,ACTIVE
SYN-U-15097,22,M,BUSINESS,89426.16,Gazipur,727,APP,ANDROID,PAYROLL,ACTIVE
SYN-U-15098,63,M,SALARIED,26839.76,Gazipur,54,AGENT,ANDROID,MASS,ACTIVE
SYN-U-15099,31,M,FREELANCER,48244.12,Dhaka,326,APP,ANDROID,MASS,ACTIVE
SYN-U-15100,19,M,SALARIED,86589.96,Chittagong,669,BRANCH,ANDROID,AFFLUENT,ACTIVE
SYN-U-15101,52,M,BUSINESS,53867.34,Rajshahi,1826,AGENT,ANDROID,PAYROLL,ACTIVE
SYN-U-15102,65,F,BUSINESS,20378.4,Chittagong,1780,AGENT,ANDROID,MASS,ACTIVE
SYN-U-15103,68,F,SALARIED,34988.25,Dhaka,2332,AGENT,ANDROID,MASS,ACTIVE
SYN-U-15104,64,M,SALARIED,44743.95,Sylhet,1976,APP,IOS,STUDENT,ACTIVE
SYN-U-15105,24,M,RETIRED,111071.27,Dhaka,1264,USSD,ANDROID,AFFLUENT,ACTIVE
SYN-U-15106,50,M,SALARIED,41042.7,Dhaka,1430,APP,ANDROID,MASS,ACTIVE
SYN-U-15107,64,M,SALARIED,43934.82,Chittagong,1747,AGENT,ANDROID,AFFLUENT,DORMANT
SYN-U-15108,66,M,SALARIED,21237.57,Dhaka,189,APP,ANDROID,MASS,ACTIVE
SYN-U-15109,38,O,BUSINESS,73463.35,Chittagong,1863,APP,ANDROID,MASS,ACTIVE
SYN-U-15110,33,M,BUSINESS,111823.72,Cumilla,76,APP,ANDROID,MASS,ACTIVE
SYN-U-15111,66,M,STUDENT,15516.13,Mymensingh,191,AGENT,ANDROID,MASS,ACTIVE
SYN-U-15112,70,M,HOMEMAKER,57436.91,Dhaka,358,APP,ANDROID,SME,ACTIVE
SYN-U-15113,45,F,FREELANCER,107531.59,Rajshahi,1526,APP,ANDROID,MASS,ACTIVE
SYN-U-15114,29,F,RETIRED,35296.74,Dhaka,1853,APP,ANDROID,MASS,ACTIVE
SYN-U-15115,37,M,SALARIED,23573.99,Cumilla,1128,USSD,ANDROID,MASS,ACTIVE
SYN-U-15116,62,F,STUDENT,23537.72,Dhaka,149,APP,IOS,AFFLUENT,ACTIVE
SYN-U-15117,20,F,BUSINESS,87995.16,Khulna,1446,APP,ANDROID,STUDENT,ACTIVE
SYN-U-15118,21,M,FREELANCER,15000.0,Chittagong,1547,APP,ANDROID,MASS,ACTIVE
SYN-U-15119,49,M,SALARIED,90691.3,Mymensingh,2011,APP,ANDROID,SME,ACTIVE
SYN-U-15120,69,F,STUDENT,15000.0,Dhaka,37,APP,ANDROID,PAYROLL,ACTIVE
SYN-U-15121,42,M,SALARIED,77190.62,Rajshahi,355,AGENT,ANDROID,MASS,ACTIVE
SYN-U-15122,43,M,SALARIED,39080.06,Cumilla,1988,AGENT,ANDROID,STUDENT,ACTIVE
SYN-U-15123,67,M,SALARIED,87571.02,Narayanganj,2406,APP,ANDROID,SME,ACTIVE
SYN-U-15124,59,M,SALARIED,37688.83,Chittagong,1251,BRANCH,ANDROID,MASS,ACTIVE
SYN-U-15125,35,F,STUDENT,19534.39,Mymensingh,919,APP,ANDROID,MASS,ACTIVE
SYN-U-15126,38,M,RETIRED,22079.42,Rajshahi,2476,AGENT,ANDROID,STUDENT,ACTIVE
SYN-U-15127,52,M,SALARIED,52371.5,Dhaka,2222,APP,ANDROID,STUDENT,ACTIVE
SYN-U-15128,70,F,FREELANCER,23571.53,Dhaka,244,AGENT,ANDROID,MASS,ACTIVE
SYN-U-15129,61,F,SALARIED,21051.83,Jessore,629,APP,ANDROID,MASS,ACTIVE
SYN-U-15130,70,M,SALARIED,70971.06,Khulna,778,APP,ANDROID,PAYROLL,ACTIVE
SYN-U-15131,28,M,BUSINESS,33483.91,Dhaka,1162,APP,ANDROID,MASS,ACTIVE
SYN-U-15132,48,M,STUDENT,15000.0,Chittagong,1416,APP,ANDROID,AFFLUENT,ACTIVE
SYN-U-15133,32,F,BUSINESS,193688.59,Jessore,184,USSD,ANDROID,AFFLUENT,ACTIVE
SYN-U-15134,66,M,SALARIED,18756.4,Chittagong,1977,BRANCH,ANDROID,STUDENT,ACTIVE
SYN-U-15135,34,M,SALARIED,90893.36,Dhaka,491,APP,ANDROID,MASS,ACTIVE
SYN-U-15136,64,F,STUDENT,23166.16,Chittagong,390,APP,ANDROID,MASS,ACTIVE
SYN-U-15137,45,M,STUDENT,33148.98,Bogura,1033,APP,ANDROID,SME,ACTIVE
SYN-U-15138,69,M,STUDENT,46201.77,Rajshahi,502,APP,IOS,SME,ACTIVE
SYN-U-15139,67,M,BUSINESS,78174.3,Chittagong,2033,APP,ANDROID,STUDENT,ACTIVE
SYN-U-15140,40,F,SALARIED,59784.15,Dhaka,742,AGENT,ANDROID,MASS,ACTIVE
SYN-U-15141,57,F,HOMEMAKER,24345.41,Dhaka,1792,APP,ANDROID,MASS,ACTIVE
SYN-U-15142,64,M,RETIRED,73262.64,Dhaka,2101,APP,IOS,AFFLUENT,ACTIVE
SYN-U-15143,68,M,SALARIED,51666.1,Dhaka,2288,APP,ANDROID,MASS,ACTIVE
SYN-U-15144,38,F,SALARIED,44677.6,Sylhet,411,APP,ANDROID,MASS,ACTIVE
SYN-U-15145,58,M,SALARIED,59638.4,Chittagong,1812,APP,ANDROID,MASS,ACTIVE
SYN-U-15146,69,M,SALARIED,58503.32,Dhaka,2403,APP,ANDROID,MASS,ACTIVE
SYN-U-15147,30,F,FREELANCER,32900.34,Khulna,886,AGENT,ANDROID,MASS,ACTIVE
SYN-U-15148,68,F,FREELANCER,77302.92,Mymensingh,1621,APP,ANDROID,PAYROLL,ACTIVE
SYN-U-15149,24,M,BUSINESS,117531.88,Chittagong,1561,APP,ANDROID,SME,ACTIVE
SYN-U-15150,48,F,SALARIED,89490.38,Sylhet,206,APP,ANDROID,AFFLUENT,ACTIVE
SYN-U-15151,70,F,SALARIED,20731.99,Dhaka,2229,APP,ANDROID,STUDENT,ACTIVE
SYN-U-15152,52,M,BUSINESS,114217.36,Gazipur,1210,AGENT,ANDROID,MASS,ACTIVE
SYN-U-15153,50,M,SALARIED,94934.25,Chittagong,2304,AGENT,ANDROID,AFFLUENT,DORMANT
SYN-U-15154,37,M,BUSINESS,99755.11,Dhaka,1332,APP,ANDROID,STUDENT,ACTIVE
SYN-U-15155,29,F,STUDENT,15000.0,Dhaka,2427,APP,ANDROID,MASS,ACTIVE
SYN-U-15156,71,O,SALARIED,35248.03,Bogura,1106,APP,ANDROID,MASS,ACTIVE
SYN-U-15157,31,M,SALARIED,55196.84,Dhaka,289,AGENT,ANDROID,MASS,ACTIVE
SYN-U-15158,58,F,SALARIED,35235.32,Dhaka,1925,APP,ANDROID,STUDENT,ACTIVE
SYN-U-15159,39,F,SALARIED,45278.76,Dhaka,997,APP,ANDROID,MASS,ACTIVE
SYN-U-15160,37,F,SALARIED,24254.97,Dhaka,2311,AGENT,ANDROID,MASS,ACTIVE
SYN-U-15161,34,F,BUSINESS,85788.38,Dhaka,176,APP,IOS,SME,ACTIVE
SYN-U-15162,54,M,SALARIED,28138.02,Dhaka,1953,BRANCH,ANDROID,STUDENT,ACTIVE
SYN-U-15163,51,F,SALARIED,30216.93,Dhaka,797,APP,IOS,MASS,ACTIVE
SYN-U-15164,28,M,SALARIED,35617.89,Chittagong,1159,BRANCH,ANDROID,MASS,ACTIVE
SYN-U-15165,20,M,SALARIED,51505.01,Chittagong,2257,APP,ANDROID,MASS,ACTIVE
SYN-U-15166,70,F,SALARIED,120242.97,Dhaka,569,APP,ANDROID,AFFLUENT,ACTIVE
SYN-U-15167,27,F,FREELANCER,59648.19,Dhaka,1584,APP,ANDROID,MASS,ACTIVE
SYN-U-15168,59,M,SALARIED,41941.75,Chittagong,1708,AGENT,ANDROID,STUDENT,ACTIVE
SYN-U-15169,54,M,STUDENT,24294.05,Dhaka,1319,APP,ANDROID,MASS,ACTIVE
SYN-U-15170,33,M,STUDENT,17340.7,Khulna,754,APP,IOS,MASS,ACTIVE
SYN-U-15171,25,M,BUSINESS,39972.98,Dhaka,1730,APP,ANDROID,MASS,ACTIVE
SYN-U-15172,52,F,SALARIED,44905.68,Dhaka,611,APP,ANDROID,MASS,ACTIVE
SYN-U-15173,53,M,SALARIED,15000.0,Sylhet,990,BRANCH,ANDROID,MASS,ACTIVE
SYN-U-15174,32,M,SALARIED,30065.24,Rangpur,1733,AGENT,FEATURE_PHONE,PAYROLL,ACTIVE
SYN-U-15175,45,F,FREELANCER,15000.0,Mymensingh,1685,APP,ANDROID,MASS,ACTIVE
SYN-U-15176,18,M,BUSINESS,61225.08,Narayanganj,1402,AGENT,ANDROID,STUDENT,ACTIVE
SYN-U-15177,35,M,FREELANCER,37533.78,Sylhet,738,BRANCH,ANDROID,MASS,ACTIVE
SYN-U-15178,19,O,FREELANCER,189702.59,Gazipur,1639,AGENT,ANDROID,AFFLUENT,ACTIVE
SYN-U-15179,30,M,SALARIED,54391.97,Dhaka,1327,AGENT,ANDROID,MASS,ACTIVE
SYN-U-15180,62,F,SALARIED,30165.05,Rajshahi,114,APP,ANDROID,STUDENT,ACTIVE
SYN-U-15181,31,F,SALARIED,18183.5,Dhaka,1571,BRANCH,ANDROID,STUDENT,ACTIVE
SYN-U-15182,19,M,BUSINESS,87156.57,Dhaka,1387,APP,ANDROID,STUDENT,ACTIVE
SYN-U-15183,34,F,SALARIED,34806.31,Chittagong,792,APP,ANDROID,MASS,ACTIVE
SYN-U-15184,69,F,FREELANCER,53870.88,Dhaka,1165,AGENT,ANDROID,PAYROLL,ACTIVE
SYN-U-15185,21,M,SALARIED,87609.15,Jessore,122,APP,ANDROID,SME,ACTIVE
SYN-U-15186,55,F,FREELANCER,37655.83,Dhaka,1522,BRANCH,ANDROID,STUDENT,ACTIVE
SYN-U-15187,32,F,SALARIED,38090.17,Gazipur,2240,APP,FEATURE_PHONE,MASS,ACTIVE
SYN-U-15188,61,M,RETIRED,42422.3,Rajshahi,259,AGENT,IOS,MASS,DORMANT
SYN-U-15189,19,F,SALARIED,49497.6,Dhaka,1046,USSD,ANDROID,MASS,ACTIVE
SYN-U-15190,28,F,BUSINESS,56135.02,Mymensingh,1766,AGENT,ANDROID,PAYROLL,ACTIVE
SYN-U-15191,51,M,SALARIED,58910.12,Chittagong,949,AGENT,ANDROID,STUDENT,DORMANT
SYN-U-15192,50,M,SALARIED,42485.69,Chittagong,1294,APP,ANDROID,AFFLUENT,ACTIVE
SYN-U-15193,61,M,FREELANCER,35673.42,Chittagong,305,BRANCH,ANDROID,MASS,ACTIVE
SYN-U-15194,28,F,FREELANCER,51927.34,Barishal,2070,AGENT,IOS,MASS,ACTIVE
SYN-U-15195,61,M,BUSINESS,49231.01,Chittagong,1833,APP,ANDROID,STUDENT,ACTIVE
SYN-U-15196,18,F,HOMEMAKER,30064.29,Chittagong,1384,APP,ANDROID,MASS,ACTIVE
SYN-U-15197,46,O,BUSINESS,136475.22,Rajshahi,1541,APP,ANDROID,AFFLUENT,ACTIVE
SYN-U-15198,35,M,STUDENT,20417.35,Chittagong,679,AGENT,ANDROID,MASS,ACTIVE
SYN-U-15199,30,M,FREELANCER,83791.86,Cox's Bazar,1398,AGENT,IOS,MASS,ACTIVE
SYN-U-15200,24,M,HOMEMAKER,15000.0,Mymensingh,758,APP,ANDROID,MASS,ACTIVE
SYN-U-15201,55,M,SALARIED,32911.43,Dhaka,1738,AGENT,ANDROID,MASS,ACTIVE
SYN-U-15202,23,M,SALARIED,80264.45,Dhaka,1925,AGENT,ANDROID,PAYROLL,ACTIVE
SYN-U-15203,53,M,SALARIED,70386.74,Dhaka,259,AGENT,ANDROID,MASS,ACTIVE
SYN-U-15204,58,M,FREELANCER,34719.27,Mymensingh,1673,AGENT,ANDROID,MASS,ACTIVE
SYN-U-15205,22,F,SALARIED,39853.67,Dhaka,1113,APP,ANDROID,MASS,ACTIVE
SYN-U-15206,27,F,BUSINESS,80247.23,Narayanganj,1262,AGENT,ANDROID,PAYROLL,ACTIVE
SYN-U-15207,58,F,SALARIED,19948.64,Sylhet,1736,APP,ANDROID,MASS,ACTIVE
SYN-U-15208,70,M,SALARIED,51138.62,Cumilla,1107,AGENT,ANDROID,PAYROLL,ACTIVE
SYN-U-15209,60,F,FREELANCER,37820.16,Cox's Bazar,1619,APP,ANDROID,MASS,ACTIVE
SYN-U-15210,65,M,BUSINESS,120336.84,Dhaka,240,APP,ANDROID,MASS,ACTIVE
SYN-U-15211,67,F,STUDENT,29796.06,Dhaka,1062,APP,ANDROID,AFFLUENT,ACTIVE
SYN-U-15212,42,M,STUDENT,23340.58,Barishal,224,BRANCH,ANDROID,MASS,ACTIVE
SYN-U-15213,68,M,BUSINESS,117765.38,Sylhet,312,AGENT,ANDROID,MASS,ACTIVE
SYN-U-15214,71,F,SALARIED,71377.9,Sylhet,1202,AGENT,ANDROID,MASS,ACTIVE
SYN-U-15215,27,F,SALARIED,68279.86,Bogura,295,APP,FEATURE_PHONE,PAYROLL,ACTIVE
SYN-U-15216,21,M,BUSINESS,25852.97,Chittagong,2413,APP,FEATURE_PHONE,MASS,ACTIVE
SYN-U-15217,35,M,BUSINESS,23009.98,Rangpur,1039,APP,ANDROID,MASS,DORMANT
SYN-U-15218,63,F,SALARIED,39406.22,Mymensingh,553,APP,IOS,PAYROLL,ACTIVE
SYN-U-15219,19,F,SALARIED,62270.06,Dhaka,435,APP,IOS,MASS,ACTIVE
SYN-U-15220,20,F,SALARIED,80541.07,Dhaka,550,APP,ANDROID,SME,ACTIVE
SYN-U-15221,19,M,FREELANCER,64615.23,Rajshahi,2298,APP,ANDROID,MASS,ACTIVE
SYN-U-15222,61,M,BUSINESS,67293.2,Rajshahi,1894,AGENT,ANDROID,PAYROLL,ACTIVE
SYN-U-15223,25,M,SALARIED,55014.71,Chittagong,1900,AGENT,ANDROID,PAYROLL,ACTIVE
SYN-U-15224,62,M,HOMEMAKER,15000.0,Dhaka,452,APP,ANDROID,MASS,ACTIVE
SYN-U-15225,67,M,HOMEMAKER,15000.0,Chittagong,971,AGENT,ANDROID,MASS,RESTRICTED
SYN-U-15226,30,F,FREELANCER,39445.64,Bogura,1100,AGENT,ANDROID,MASS,ACTIVE
SYN-U-15227,28,M,STUDENT,21426.23,Sylhet,525,USSD,ANDROID,MASS,ACTIVE
SYN-U-15228,34,F,HOMEMAKER,15000.0,Mymensingh,427,APP,ANDROID,MASS,ACTIVE
SYN-U-15229,45,M,BUSINESS,165973.86,Dhaka,2351,APP,ANDROID,AFFLUENT,ACTIVE
SYN-U-15230,71,F,SALARIED,62239.84,Sylhet,72,APP,ANDROID,MASS,DORMANT
SYN-U-15231,21,F,BUSINESS,125939.26,Gazipur,2129,APP,ANDROID,SME,ACTIVE
SYN-U-15232,62,F,STUDENT,17033.97,Gazipur,2387,APP,ANDROID,PAYROLL,ACTIVE
SYN-U-15233,71,M,SALARIED,124777.28,Dhaka,1982,AGENT,ANDROID,SME,ACTIVE
SYN-U-15234,33,M,BUSINESS,62143.83,Dhaka,1923,APP,IOS,STUDENT,ACTIVE
SYN-U-15235,22,F,SALARIED,43589.68,Dhaka,2441,APP,IOS,MASS,ACTIVE
SYN-U-15236,62,F,STUDENT,39174.37,Dhaka,206,APP,ANDROID,AFFLUENT,ACTIVE
SYN-U-15237,65,M,STUDENT,28117.72,Chittagong,2013,USSD,ANDROID,MASS,ACTIVE
SYN-U-15238,49,F,SALARIED,44468.93,Dhaka,1556,APP,ANDROID,MASS,ACTIVE
SYN-U-15239,43,M,SALARIED,48485.06,Chittagong,333,AGENT,IOS,MASS,ACTIVE
SYN-U-15240,27,F,BUSINESS,15000.0,Sylhet,1975,APP,ANDROID,PAYROLL,ACTIVE
SYN-U-15241,40,M,FREELANCER,150822.57,Sylhet,2476,APP,ANDROID,AFFLUENT,ACTIVE
SYN-U-15242,40,F,FREELANCER,167023.86,Cumilla,1271,APP,ANDROID,AFFLUENT,ACTIVE
SYN-U-15243,19,M,BUSINESS,43104.89,Khulna,1574,APP,IOS,PAYROLL,ACTIVE
SYN-U-15244,48,M,FREELANCER,40216.23,Dhaka,138,APP,ANDROID,MASS,ACTIVE
SYN-U-15245,36,M,RETIRED,23295.66,Dhaka,758,APP,ANDROID,STUDENT,ACTIVE
SYN-U-15246,32,F,BUSINESS,74481.34,Rajshahi,572,AGENT,ANDROID,MASS,ACTIVE
SYN-U-15247,24,M,SALARIED,57512.46,Chittagong,1417,APP,ANDROID,MASS,ACTIVE
SYN-U-15248,25,F,FREELANCER,66469.51,Sylhet,2006,USSD,ANDROID,MASS,ACTIVE
SYN-U-15249,43,F,BUSINESS,35358.4,Rajshahi,2201,APP,ANDROID,MASS,DORMANT
SYN-U-15250,21,M,FREELANCER,40753.13,Barishal,1758,AGENT,IOS,MASS,ACTIVE
SYN-U-15251,37,M,STUDENT,15000.0,Dhaka,1608,APP,IOS,STUDENT,ACTIVE
SYN-U-15252,33,M,BUSINESS,168360.51,Rajshahi,1959,AGENT,ANDROID,SME,ACTIVE
SYN-U-15253,26,F,SALARIED,102099.7,Dhaka,238,APP,ANDROID,SME,ACTIVE
SYN-U-15254,41,M,STUDENT,19842.99,Khulna,902,APP,ANDROID,PAYROLL,DORMANT
SYN-U-15255,52,M,HOMEMAKER,38186.14,Gazipur,1079,AGENT,ANDROID,SME,ACTIVE
SYN-U-15256,43,M,FREELANCER,172758.38,Chittagong,1849,AGENT,ANDROID,AFFLUENT,ACTIVE
SYN-U-15257,18,M,SALARIED,26186.37,Rajshahi,2115,AGENT,ANDROID,MASS,ACTIVE
SYN-U-15258,29,F,SALARIED,51211.94,Dhaka,1838,APP,ANDROID,STUDENT,ACTIVE
SYN-U-15259,61,F,BUSINESS,126036.75,Mymensingh,1042,APP,ANDROID,SME,ACTIVE
SYN-U-15260,58,F,FREELANCER,54766.75,Barishal,1578,APP,ANDROID,MASS,ACTIVE
SYN-U-15261,65,M,HOMEMAKER,57982.78,Khulna,415,AGENT,FEATURE_PHONE,SME,ACTIVE
SYN-U-15262,33,F,BUSINESS,101898.19,Rajshahi,759,APP,ANDROID,MASS,ACTIVE
SYN-U-15263,47,M,BUSINESS,64071.31,Dhaka,1017,BRANCH,IOS,STUDENT,ACTIVE
SYN-U-15264,55,F,BUSINESS,47533.92,Dhaka,1320,APP,ANDROID,MASS,ACTIVE
SYN-U-15265,62,M,SALARIED,63572.07,Sylhet,766,APP,ANDROID,PAYROLL,ACTIVE
SYN-U-15266,21,F,FREELANCER,70572.89,Sylhet,2357,APP,ANDROID,STUDENT,ACTIVE
SYN-U-15267,62,M,FREELANCER,46074.12,Sylhet,1949,APP,ANDROID,MASS,ACTIVE
SYN-U-15268,59,F,SALARIED,38768.49,Dhaka,1332,APP,ANDROID,MASS,ACTIVE
SYN-U-15269,54,M,SALARIED,27167.57,Rajshahi,401,APP,ANDROID,MASS,ACTIVE
SYN-U-15270,36,M,SALARIED,122142.86,Chittagong,1313,APP,ANDROID,AFFLUENT,ACTIVE
SYN-U-15271,25,M,SALARIED,47665.13,Sylhet,116,APP,ANDROID,STUDENT,ACTIVE
SYN-U-15272,63,M,HOMEMAKER,27553.9,Chittagong,2285,APP,IOS,MASS,ACTIVE
SYN-U-15273,22,M,SALARIED,36141.34,Chittagong,2293,APP,ANDROID,MASS,ACTIVE
SYN-U-15274,67,M,HOMEMAKER,23958.89,Dhaka,1337,APP,ANDROID,MASS,ACTIVE
SYN-U-15275,46,M,FREELANCER,92578.94,Sylhet,1066,AGENT,ANDROID,PAYROLL,ACTIVE
SYN-U-15276,69,M,FREELANCER,52606.2,Rajshahi,2026,AGENT,ANDROID,SME,ACTIVE
SYN-U-15277,51,M,SALARIED,53347.99,Rangpur,1805,APP,ANDROID,MASS,ACTIVE
SYN-U-15278,40,M,HOMEMAKER,18929.49,Dhaka,2000,APP,ANDROID,MASS,ACTIVE
SYN-U-15279,70,F,HOMEMAKER,28011.64,Dhaka,1411,BRANCH,ANDROID,MASS,ACTIVE
SYN-U-15280,60,M,BUSINESS,18872.99,Khulna,1746,APP,ANDROID,STUDENT,ACTIVE
SYN-U-15281,28,M,FREELANCER,59162.9,Dhaka,2434,AGENT,FEATURE_PHONE,MASS,ACTIVE
SYN-U-15282,57,F,BUSINESS,121631.34,Dhaka,783,APP,ANDROID,MASS,ACTIVE
SYN-U-15283,42,M,STUDENT,16233.0,Cox's Bazar,1241,APP,ANDROID,STUDENT,ACTIVE
SYN-U-15284,71,M,SALARIED,21689.08,Dhaka,2312,USSD,ANDROID,STUDENT,ACTIVE
SYN-U-15285,54,F,SALARIED,91361.02,Dhaka,1731,APP,IOS,SME,ACTIVE
SYN-U-15286,58,F,STUDENT,17781.22,Chittagong,1558,APP,ANDROID,MASS,ACTIVE
SYN-U-15287,22,M,SALARIED,31837.37,Mymensingh,1428,APP,ANDROID,STUDENT,ACTIVE
SYN-U-15288,68,F,STUDENT,15000.0,Jessore,399,APP,ANDROID,MASS,ACTIVE
SYN-U-15289,41,M,SALARIED,84248.76,Gazipur,115,APP,ANDROID,SME,ACTIVE
SYN-U-15290,67,M,FREELANCER,59730.98,Barishal,688,AGENT,IOS,PAYROLL,ACTIVE
SYN-U-15291,55,F,HOMEMAKER,40165.6,Dhaka,478,AGENT,FEATURE_PHONE,AFFLUENT,ACTIVE
SYN-U-15292,49,M,FREELANCER,54685.66,Gazipur,658,AGENT,ANDROID,MASS,DORMANT
SYN-U-15293,68,F,FREELANCER,196919.56,Chittagong,57,APP,ANDROID,AFFLUENT,ACTIVE
SYN-U-15294,46,M,SALARIED,112400.49,Dhaka,652,APP,IOS,AFFLUENT,ACTIVE
SYN-U-15295,20,M,FREELANCER,47363.22,Barishal,2310,APP,ANDROID,STUDENT,DORMANT
SYN-U-15296,69,F,SALARIED,28885.72,Rajshahi,1916,APP,ANDROID,MASS,ACTIVE
SYN-U-15297,22,M,FREELANCER,97394.86,Mymensingh,895,APP,IOS,PAYROLL,ACTIVE
SYN-U-15298,63,F,SALARIED,37513.78,Cumilla,1053,BRANCH,ANDROID,MASS,ACTIVE
SYN-U-15299,55,F,BUSINESS,86701.5,Dhaka,1742,APP,ANDROID,MASS,ACTIVE
SYN-U-15300,34,M,FREELANCER,15625.72,Dhaka,1938,APP,ANDROID,MASS,ACTIVE
SYN-U-15301,62,M,BUSINESS,49842.97,Chittagong,1959,APP,ANDROID,STUDENT,ACTIVE
SYN-U-15302,28,M,SALARIED,43041.82,Dhaka,2106,AGENT,ANDROID,PAYROLL,DORMANT
SYN-U-15303,55,F,BUSINESS,36366.76,Dhaka,539,APP,ANDROID,SME,ACTIVE
SYN-U-15304,53,M,BUSINESS,84944.39,Dhaka,995,APP,ANDROID,MASS,ACTIVE
SYN-U-15305,19,F,SALARIED,64926.46,Khulna,1693,APP,ANDROID,MASS,ACTIVE
SYN-U-15306,47,M,FREELANCER,60828.67,Dhaka,682,AGENT,ANDROID,MASS,ACTIVE
SYN-U-15307,59,F,BUSINESS,25602.11,Chittagong,1629,APP,IOS,MASS,ACTIVE
SYN-U-15308,46,M,FREELANCER,59213.31,Dhaka,61,AGENT,IOS,MASS,ACTIVE
SYN-U-15309,34,M,SALARIED,52457.19,Dhaka,2188,BRANCH,IOS,MASS,ACTIVE
SYN-U-15310,71,F,SALARIED,96268.6,Dhaka,1163,APP,ANDROID,SME,DORMANT
SYN-U-15311,68,M,STUDENT,35020.08,Dhaka,1049,AGENT,ANDROID,MASS,ACTIVE
SYN-U-15312,27,F,SALARIED,38641.57,Dhaka,1237,APP,ANDROID,MASS,ACTIVE
SYN-U-15313,63,M,SALARIED,35023.0,Chittagong,692,USSD,ANDROID,MASS,ACTIVE
SYN-U-15314,25,F,HOMEMAKER,31989.35,Dhaka,1335,APP,ANDROID,PAYROLL,ACTIVE
SYN-U-15315,58,M,SALARIED,98971.48,Dhaka,1519,AGENT,ANDROID,SME,ACTIVE
SYN-U-15316,55,M,SALARIED,153565.52,Dhaka,2098,APP,ANDROID,AFFLUENT,ACTIVE
SYN-U-15317,54,M,SALARIED,40482.35,Rajshahi,1159,BRANCH,ANDROID,MASS,ACTIVE
SYN-U-15318,29,M,SALARIED,15000.0,Dhaka,155,APP,ANDROID,STUDENT,ACTIVE
SYN-U-15319,26,F,BUSINESS,18977.25,Dhaka,1101,AGENT,ANDROID,MASS,ACTIVE
SYN-U-15320,42,F,SALARIED,49175.42,Dhaka,760,APP,IOS,STUDENT,ACTIVE
SYN-U-15321,57,F,SALARIED,62614.03,Gazipur,770,AGENT,ANDROID,MASS,ACTIVE
SYN-U-15322,43,F,BUSINESS,69399.74,Dhaka,1426,APP,ANDROID,SME,ACTIVE
SYN-U-15323,31,M,SALARIED,51686.51,Rangpur,1233,APP,ANDROID,MASS,ACTIVE
SYN-U-15324,63,F,SALARIED,51632.66,Gazipur,306,AGENT,ANDROID,STUDENT,ACTIVE
SYN-U-15325,35,M,BUSINESS,15000.0,Dhaka,715,APP,ANDROID,PAYROLL,ACTIVE
SYN-U-15326,33,M,SALARIED,59773.11,Khulna,2113,USSD,ANDROID,AFFLUENT,ACTIVE
SYN-U-15327,67,F,SALARIED,100408.78,Sylhet,1781,AGENT,ANDROID,AFFLUENT,ACTIVE
SYN-U-15328,24,M,FREELANCER,90344.81,Chittagong,768,APP,ANDROID,AFFLUENT,ACTIVE
SYN-U-15329,52,F,SALARIED,64187.27,Sylhet,682,AGENT,ANDROID,MASS,ACTIVE
SYN-U-15330,22,F,STUDENT,17140.67,Dhaka,574,USSD,ANDROID,MASS,ACTIVE
SYN-U-15331,29,M,SALARIED,32934.0,Gazipur,394,AGENT,ANDROID,MASS,ACTIVE
SYN-U-15332,58,F,BUSINESS,141288.96,Dhaka,2460,USSD,ANDROID,SME,ACTIVE
SYN-U-15333,60,M,BUSINESS,53745.14,Khulna,1870,APP,ANDROID,MASS,ACTIVE
SYN-U-15334,69,F,STUDENT,28110.44,Chittagong,262,APP,ANDROID,SME,ACTIVE
SYN-U-15335,70,F,SALARIED,42987.92,Dhaka,1761,APP,IOS,MASS,ACTIVE
SYN-U-15336,52,F,BUSINESS,41901.94,Gazipur,1130,APP,ANDROID,MASS,ACTIVE
SYN-U-15337,36,M,STUDENT,18980.45,Dhaka,1863,APP,ANDROID,STUDENT,ACTIVE
SYN-U-15338,28,F,FREELANCER,75433.94,Dhaka,282,APP,ANDROID,STUDENT,ACTIVE
SYN-U-15339,43,M,HOMEMAKER,80150.21,Dhaka,342,AGENT,FEATURE_PHONE,AFFLUENT,ACTIVE
SYN-U-15340,29,F,FREELANCER,60042.87,Rajshahi,1698,AGENT,ANDROID,MASS,ACTIVE
SYN-U-15341,59,M,FREELANCER,107860.98,Dhaka,1271,APP,ANDROID,MASS,ACTIVE
SYN-U-15342,54,F,FREELANCER,143740.13,Dhaka,2455,APP,IOS,AFFLUENT,ACTIVE
SYN-U-15343,36,M,SALARIED,58163.28,Narayanganj,2079,APP,ANDROID,MASS,ACTIVE
SYN-U-15344,45,M,BUSINESS,96780.56,Narayanganj,1229,APP,ANDROID,MASS,ACTIVE
SYN-U-15345,64,F,BUSINESS,52479.78,Sylhet,1169,BRANCH,IOS,STUDENT,ACTIVE
SYN-U-15346,56,M,RETIRED,15000.0,Sylhet,368,AGENT,ANDROID,STUDENT,ACTIVE
SYN-U-15347,68,F,FREELANCER,65470.31,Chittagong,1333,APP,IOS,PAYROLL,ACTIVE
SYN-U-15348,62,F,FREELANCER,39277.01,Chittagong,1822,BRANCH,IOS,MASS,ACTIVE
SYN-U-15349,36,M,SALARIED,56961.57,Cumilla,2029,APP,IOS,MASS,ACTIVE
SYN-U-15350,46,F,BUSINESS,42692.62,Rajshahi,599,APP,IOS,STUDENT,ACTIVE
SYN-U-15351,65,F,BUSINESS,67982.89,Rajshahi,89,AGENT,FEATURE_PHONE,MASS,ACTIVE
SYN-U-15352,64,F,STUDENT,15000.0,Chittagong,1653,APP,ANDROID,SME,ACTIVE
SYN-U-15353,36,M,SALARIED,50942.07,Dhaka,1743,APP,ANDROID,MASS,ACTIVE
SYN-U-15354,64,F,FREELANCER,59575.2,Barishal,1066,APP,IOS,MASS,ACTIVE
SYN-U-15355,66,M,SALARIED,99698.32,Khulna,1371,APP,ANDROID,AFFLUENT,ACTIVE
SYN-U-15356,27,F,SALARIED,40287.65,Rajshahi,1416,AGENT,ANDROID,STUDENT,ACTIVE
SYN-U-15357,24,F,STUDENT,19087.48,Cumilla,828,APP,ANDROID,MASS,ACTIVE
SYN-U-15358,56,F,FREELANCER,47263.39,Dhaka,1904,APP,ANDROID,MASS,DORMANT
SYN-U-15359,22,F,SALARIED,34865.02,Dhaka,471,AGENT,ANDROID,MASS,ACTIVE
SYN-U-15360,36,M,SALARIED,100397.4,Dhaka,1343,APP,ANDROID,AFFLUENT,ACTIVE
SYN-U-15361,47,F,STUDENT,15000.0,Rajshahi,1584,APP,ANDROID,MASS,ACTIVE
SYN-U-15362,66,M,BUSINESS,80700.54,Chittagong,1724,APP,ANDROID,MASS,ACTIVE
SYN-U-15363,66,M,SALARIED,51943.62,Mymensingh,1880,AGENT,ANDROID,MASS,ACTIVE
SYN-U-15364,35,M,BUSINESS,127811.85,Dhaka,1418,APP,ANDROID,MASS,ACTIVE
SYN-U-15365,35,F,SALARIED,51951.12,Mymensingh,966,APP,ANDROID,PAYROLL,ACTIVE
SYN-U-15366,33,F,FREELANCER,48839.24,Gazipur,1676,AGENT,IOS,SME,ACTIVE
SYN-U-15367,37,F,SALARIED,47618.47,Rajshahi,123,AGENT,IOS,MASS,ACTIVE
SYN-U-15368,32,M,FREELANCER,74970.16,Chittagong,2398,APP,ANDROID,PAYROLL,ACTIVE
SYN-U-15369,68,M,STUDENT,28003.29,Barishal,529,APP,ANDROID,PAYROLL,ACTIVE
SYN-U-15370,28,O,BUSINESS,24017.52,Dhaka,348,APP,ANDROID,PAYROLL,ACTIVE
SYN-U-15371,42,M,BUSINESS,31234.6,Dhaka,2217,BRANCH,ANDROID,MASS,ACTIVE
SYN-U-15372,54,M,FREELANCER,53401.48,Dhaka,1573,AGENT,IOS,MASS,ACTIVE
SYN-U-15373,47,M,BUSINESS,103325.09,Narayanganj,673,BRANCH,ANDROID,MASS,ACTIVE
SYN-U-15374,64,M,SALARIED,17229.91,Mymensingh,1513,APP,ANDROID,MASS,ACTIVE
SYN-U-15375,20,M,SALARIED,20489.94,Chittagong,1589,APP,ANDROID,STUDENT,ACTIVE
SYN-U-15376,46,M,STUDENT,50682.84,Khulna,663,BRANCH,ANDROID,SME,ACTIVE
SYN-U-15377,28,F,BUSINESS,32026.13,Dhaka,1564,APP,ANDROID,MASS,ACTIVE
SYN-U-15378,69,M,SALARIED,49291.56,Dhaka,938,APP,ANDROID,MASS,ACTIVE
SYN-U-15379,28,F,SALARIED,34746.42,Chittagong,212,BRANCH,ANDROID,MASS,ACTIVE
SYN-U-15380,57,F,STUDENT,57453.96,Chittagong,1030,BRANCH,ANDROID,AFFLUENT,ACTIVE
SYN-U-15381,22,F,BUSINESS,103910.03,Cumilla,1268,APP,ANDROID,SME,RESTRICTED
SYN-U-15382,32,M,SALARIED,106184.79,Chittagong,2284,AGENT,ANDROID,AFFLUENT,ACTIVE
SYN-U-15383,19,M,FREELANCER,79791.73,Dhaka,2084,APP,ANDROID,MASS,ACTIVE
SYN-U-15384,32,M,BUSINESS,79732.94,Chittagong,2355,USSD,ANDROID,MASS,ACTIVE
SYN-U-15385,52,M,FREELANCER,25492.35,Gazipur,1347,AGENT,ANDROID,AFFLUENT,ACTIVE
SYN-U-15386,57,F,BUSINESS,91845.03,Rajshahi,2144,BRANCH,IOS,MASS,ACTIVE
SYN-U-15387,25,M,BUSINESS,16169.9,Sylhet,182,APP,ANDROID,MASS,ACTIVE
SYN-U-15388,22,M,SALARIED,48916.7,Rajshahi,2477,APP,ANDROID,MASS,ACTIVE
SYN-U-15389,62,M,SALARIED,27043.02,Chittagong,1642,BRANCH,ANDROID,MASS,ACTIVE
SYN-U-15390,70,M,BUSINESS,67765.59,Chittagong,1336,APP,ANDROID,MASS,ACTIVE
SYN-U-15391,61,F,SALARIED,58196.24,Bogura,1175,APP,ANDROID,PAYROLL,ACTIVE
SYN-U-15392,33,M,BUSINESS,102485.3,Dhaka,389,APP,ANDROID,SME,ACTIVE
SYN-U-15393,59,F,BUSINESS,35117.08,Khulna,1144,AGENT,IOS,MASS,ACTIVE
SYN-U-15394,35,M,SALARIED,48698.97,Dhaka,988,BRANCH,IOS,SME,ACTIVE
SYN-U-15395,41,F,SALARIED,78849.96,Sylhet,147,APP,ANDROID,MASS,ACTIVE
SYN-U-15396,34,M,BUSINESS,90929.13,Mymensingh,41,AGENT,ANDROID,MASS,ACTIVE
SYN-U-15397,25,F,SALARIED,20265.92,Dhaka,567,APP,IOS,STUDENT,ACTIVE
SYN-U-15398,56,M,HOMEMAKER,15000.0,Sylhet,1304,APP,ANDROID,STUDENT,ACTIVE
SYN-U-15399,38,M,FREELANCER,42958.44,Dhaka,1331,AGENT,ANDROID,MASS,ACTIVE
SYN-U-15400,26,F,SALARIED,60571.21,Dhaka,1151,APP,ANDROID,SME,ACTIVE
SYN-U-15401,58,F,FREELANCER,62447.69,Dhaka,1236,APP,ANDROID,MASS,ACTIVE
SYN-U-15402,25,M,BUSINESS,46398.46,Chittagong,608,BRANCH,ANDROID,STUDENT,ACTIVE
SYN-U-15403,58,M,STUDENT,49918.88,Dhaka,1305,APP,ANDROID,AFFLUENT,ACTIVE
SYN-U-15404,66,F,SALARIED,41858.15,Narayanganj,2181,AGENT,ANDROID,MASS,ACTIVE
SYN-U-15405,42,M,BUSINESS,115182.58,Rangpur,1645,USSD,ANDROID,AFFLUENT,ACTIVE
SYN-U-15406,42,F,SALARIED,28047.76,Dhaka,2345,APP,FEATURE_PHONE,MASS,ACTIVE
SYN-U-15407,30,F,SALARIED,78089.91,Dhaka,110,APP,ANDROID,SME,ACTIVE
SYN-U-15408,67,M,BUSINESS,55660.75,Chittagong,2437,APP,ANDROID,MASS,ACTIVE
SYN-U-15409,20,F,SALARIED,31228.81,Chittagong,2018,BRANCH,ANDROID,STUDENT,ACTIVE
SYN-U-15410,30,F,BUSINESS,59289.13,Rangpur,333,APP,ANDROID,MASS,ACTIVE
SYN-U-15411,24,M,HOMEMAKER,67819.12,Gazipur,558,APP,ANDROID,AFFLUENT,ACTIVE
SYN-U-15412,64,F,BUSINESS,86144.17,Cumilla,1569,BRANCH,IOS,MASS,ACTIVE
SYN-U-15413,34,F,BUSINESS,164103.12,Dhaka,2431,AGENT,ANDROID,AFFLUENT,ACTIVE
SYN-U-15414,48,F,FREELANCER,97291.15,Chittagong,2034,APP,ANDROID,AFFLUENT,ACTIVE
SYN-U-15415,30,M,STUDENT,37321.67,Chittagong,2283,APP,ANDROID,AFFLUENT,ACTIVE
SYN-U-15416,33,M,STUDENT,18891.37,Chittagong,994,AGENT,ANDROID,MASS,ACTIVE
SYN-U-15417,37,M,SALARIED,132700.36,Barishal,1496,APP,IOS,AFFLUENT,ACTIVE
SYN-U-15418,40,M,SALARIED,134547.45,Chittagong,412,AGENT,ANDROID,AFFLUENT,ACTIVE
SYN-U-15419,70,F,FREELANCER,78292.02,Chittagong,315,AGENT,ANDROID,PAYROLL,ACTIVE
SYN-U-15420,48,M,BUSINESS,114354.52,Rajshahi,2441,AGENT,ANDROID,MASS,ACTIVE
SYN-U-15421,22,M,RETIRED,75402.1,Dhaka,58,APP,ANDROID,AFFLUENT,ACTIVE
SYN-U-15422,38,F,HOMEMAKER,34880.41,Chittagong,31,APP,ANDROID,MASS,ACTIVE
SYN-U-15423,36,F,BUSINESS,35297.01,Dhaka,314,APP,ANDROID,MASS,ACTIVE
SYN-U-15424,67,M,SALARIED,69660.12,Dhaka,976,AGENT,IOS,MASS,ACTIVE
SYN-U-15425,24,M,SALARIED,57761.68,Dhaka,1983,AGENT,ANDROID,MASS,ACTIVE
SYN-U-15426,21,M,BUSINESS,34676.27,Dhaka,2368,AGENT,ANDROID,STUDENT,ACTIVE
SYN-U-15427,67,M,BUSINESS,81664.57,Rajshahi,2381,APP,ANDROID,STUDENT,ACTIVE
SYN-U-15428,53,F,SALARIED,42544.92,Chittagong,724,APP,IOS,MASS,ACTIVE
SYN-U-15429,23,M,SALARIED,50674.92,Chittagong,2216,BRANCH,ANDROID,STUDENT,ACTIVE
SYN-U-15430,69,M,FREELANCER,94123.6,Sylhet,97,APP,ANDROID,AFFLUENT,ACTIVE
SYN-U-15431,29,F,SALARIED,46288.23,Rajshahi,1553,AGENT,ANDROID,MASS,ACTIVE
SYN-U-15432,65,M,BUSINESS,33821.55,Chittagong,427,BRANCH,ANDROID,STUDENT,ACTIVE
SYN-U-15433,38,M,FREELANCER,52829.23,Gazipur,2079,AGENT,ANDROID,MASS,ACTIVE
SYN-U-15434,44,M,BUSINESS,15000.0,Dhaka,1890,USSD,ANDROID,PAYROLL,ACTIVE
SYN-U-15435,44,M,SALARIED,37707.45,Chittagong,841,AGENT,ANDROID,MASS,ACTIVE
SYN-U-15436,48,F,SALARIED,78970.35,Gazipur,1903,AGENT,IOS,MASS,ACTIVE
SYN-U-15437,32,F,SALARIED,64122.83,Dhaka,451,APP,ANDROID,SME,ACTIVE
SYN-U-15438,44,M,BUSINESS,72186.7,Khulna,899,BRANCH,ANDROID,MASS,DORMANT
SYN-U-15439,19,F,SALARIED,83100.97,Dhaka,2055,APP,ANDROID,AFFLUENT,ACTIVE
SYN-U-15440,60,M,BUSINESS,69072.16,Sylhet,933,APP,IOS,MASS,ACTIVE
SYN-U-15441,66,M,SALARIED,43716.56,Cumilla,822,APP,ANDROID,MASS,ACTIVE
SYN-U-15442,59,F,SALARIED,63224.68,Dhaka,386,APP,ANDROID,SME,ACTIVE
SYN-U-15443,38,F,STUDENT,15000.0,Dhaka,1850,APP,ANDROID,MASS,ACTIVE
SYN-U-15444,52,F,BUSINESS,69005.52,Chittagong,1597,APP,ANDROID,AFFLUENT,ACTIVE
SYN-U-15445,49,M,BUSINESS,58748.75,Barishal,769,APP,ANDROID,STUDENT,ACTIVE
SYN-U-15446,47,F,BUSINESS,118808.93,Dhaka,2402,APP,ANDROID,MASS,ACTIVE
SYN-U-15447,33,M,SALARIED,60575.67,Rajshahi,1463,USSD,ANDROID,PAYROLL,ACTIVE
SYN-U-15448,67,F,SALARIED,135053.66,Chittagong,206,BRANCH,IOS,AFFLUENT,ACTIVE
SYN-U-15449,62,F,STUDENT,22730.41,Rangpur,195,USSD,IOS,MASS,ACTIVE
SYN-U-15450,62,M,FREELANCER,46015.37,Dhaka,799,BRANCH,ANDROID,MASS,ACTIVE
SYN-U-15451,56,F,SALARIED,58185.81,Khulna,655,APP,ANDROID,SME,ACTIVE
SYN-U-15452,58,F,FREELANCER,116012.9,Dhaka,2327,APP,ANDROID,AFFLUENT,ACTIVE
SYN-U-15453,57,M,RETIRED,28435.17,Dhaka,1877,AGENT,ANDROID,MASS,ACTIVE
SYN-U-15454,22,F,SALARIED,60325.72,Sylhet,1190,APP,ANDROID,MASS,ACTIVE
SYN-U-15455,35,M,SALARIED,45289.67,Chittagong,282,AGENT,ANDROID,MASS,ACTIVE
SYN-U-15456,44,M,SALARIED,64624.54,Dhaka,102,APP,ANDROID,MASS,ACTIVE
SYN-U-15457,48,M,BUSINESS,63516.57,Gazipur,1064,APP,ANDROID,STUDENT,ACTIVE
SYN-U-15458,24,F,SALARIED,101842.65,Mymensingh,496,AGENT,ANDROID,AFFLUENT,ACTIVE
SYN-U-15459,59,F,FREELANCER,74393.03,Sylhet,1768,APP,ANDROID,MASS,ACTIVE
SYN-U-15460,28,F,SALARIED,60766.92,Gazipur,1090,APP,ANDROID,MASS,ACTIVE
SYN-U-15461,18,M,BUSINESS,173552.39,Rajshahi,1703,AGENT,ANDROID,SME,ACTIVE
SYN-U-15462,66,M,SALARIED,48755.63,Dhaka,836,APP,ANDROID,MASS,ACTIVE
SYN-U-15463,21,F,FREELANCER,102187.98,Sylhet,833,APP,FEATURE_PHONE,AFFLUENT,ACTIVE
SYN-U-15464,24,M,FREELANCER,59806.8,Cumilla,78,AGENT,ANDROID,MASS,ACTIVE
SYN-U-15465,35,M,STUDENT,15000.0,Rajshahi,672,APP,ANDROID,STUDENT,ACTIVE
SYN-U-15466,32,F,STUDENT,36334.85,Chittagong,204,APP,ANDROID,AFFLUENT,ACTIVE
SYN-U-15467,29,F,SALARIED,48841.18,Dhaka,181,APP,IOS,MASS,ACTIVE
SYN-U-15468,32,M,FREELANCER,42120.4,Dhaka,960,APP,ANDROID,MASS,ACTIVE
SYN-U-15469,54,M,SALARIED,47798.02,Rajshahi,171,APP,ANDROID,MASS,ACTIVE
SYN-U-15470,36,M,SALARIED,35085.25,Chittagong,1271,BRANCH,ANDROID,STUDENT,ACTIVE
SYN-U-15471,47,M,SALARIED,47431.31,Dhaka,1599,APP,ANDROID,MASS,ACTIVE
SYN-U-15472,52,F,SALARIED,60764.84,Dhaka,248,APP,ANDROID,SME,ACTIVE
SYN-U-15473,47,M,SALARIED,59822.88,Dhaka,823,APP,ANDROID,MASS,ACTIVE
SYN-U-15474,60,M,SALARIED,56695.82,Dhaka,1770,AGENT,ANDROID,PAYROLL,ACTIVE
SYN-U-15475,30,F,HOMEMAKER,31559.21,Cumilla,1119,AGENT,FEATURE_PHONE,MASS,ACTIVE
SYN-U-15476,28,M,SALARIED,39944.56,Chittagong,1250,APP,ANDROID,MASS,ACTIVE
SYN-U-15477,43,M,BUSINESS,80831.85,Chittagong,1430,BRANCH,ANDROID,MASS,ACTIVE
SYN-U-15478,34,F,FREELANCER,21302.3,Dhaka,351,AGENT,ANDROID,MASS,ACTIVE
SYN-U-15479,27,F,FREELANCER,50862.82,Barishal,652,APP,ANDROID,AFFLUENT,ACTIVE
SYN-U-15480,59,F,BUSINESS,80793.92,Dhaka,1732,APP,IOS,AFFLUENT,ACTIVE
SYN-U-15481,26,F,SALARIED,110533.79,Bogura,1599,AGENT,ANDROID,AFFLUENT,ACTIVE
SYN-U-15482,32,M,HOMEMAKER,43762.99,Dhaka,641,APP,ANDROID,AFFLUENT,ACTIVE
SYN-U-15483,50,F,BUSINESS,65730.09,Dhaka,1058,APP,ANDROID,MASS,ACTIVE
SYN-U-15484,61,F,SALARIED,35308.77,Rajshahi,347,APP,ANDROID,MASS,ACTIVE
SYN-U-15485,22,M,BUSINESS,92664.41,Rajshahi,217,AGENT,ANDROID,MASS,ACTIVE
SYN-U-15486,61,M,SALARIED,50514.21,Dhaka,1179,AGENT,ANDROID,MASS,ACTIVE
SYN-U-15487,55,F,RETIRED,36924.84,Khulna,203,APP,ANDROID,MASS,ACTIVE
SYN-U-15488,59,M,SALARIED,26456.34,Bogura,1285,APP,ANDROID,MASS,ACTIVE
SYN-U-15489,30,F,FREELANCER,55390.53,Dhaka,778,AGENT,ANDROID,STUDENT,ACTIVE
SYN-U-15490,44,F,HOMEMAKER,20173.37,Dhaka,1664,APP,ANDROID,MASS,ACTIVE
SYN-U-15491,57,M,BUSINESS,17683.25,Dhaka,675,APP,ANDROID,MASS,ACTIVE
SYN-U-15492,46,M,SALARIED,138656.12,Dhaka,1577,APP,ANDROID,AFFLUENT,DORMANT
SYN-U-15493,34,M,RETIRED,89536.17,Rangpur,2167,APP,ANDROID,SME,ACTIVE
SYN-U-15494,63,M,FREELANCER,152387.87,Gazipur,444,AGENT,ANDROID,AFFLUENT,DORMANT
SYN-U-15495,34,M,BUSINESS,63069.05,Sylhet,2005,APP,ANDROID,AFFLUENT,ACTIVE
SYN-U-15496,58,M,BUSINESS,61657.85,Dhaka,650,APP,ANDROID,STUDENT,ACTIVE
SYN-U-15497,45,F,FREELANCER,90513.12,Rajshahi,1371,APP,ANDROID,MASS,ACTIVE
SYN-U-15498,20,M,SALARIED,47538.63,Rajshahi,243,APP,ANDROID,PAYROLL,ACTIVE
SYN-U-15499,48,F,SALARIED,26019.53,Rajshahi,1862,APP,ANDROID,MASS,ACTIVE
SYN-U-15500,33,F,BUSINESS,105126.28,Dhaka,1334,AGENT,FEATURE_PHONE,MASS,ACTIVE
SYN-U-15501,51,M,SALARIED,59621.55,Cumilla,2495,APP,ANDROID,PAYROLL,ACTIVE
SYN-U-15502,24,M,SALARIED,49547.55,Sylhet,1922,USSD,ANDROID,AFFLUENT,ACTIVE
SYN-U-15503,26,M,HOMEMAKER,15000.0,Mymensingh,2010,APP,ANDROID,MASS,ACTIVE
SYN-U-15504,61,F,BUSINESS,78908.16,Dhaka,2387,APP,IOS,PAYROLL,ACTIVE
SYN-U-15505,48,M,FREELANCER,72397.65,Dhaka,185,AGENT,ANDROID,MASS,ACTIVE
SYN-U-15506,18,M,SALARIED,114745.37,Sylhet,979,APP,ANDROID,AFFLUENT,ACTIVE
SYN-U-15507,68,F,SALARIED,42281.8,Chittagong,1170,APP,ANDROID,MASS,ACTIVE
SYN-U-15508,54,F,BUSINESS,85232.38,Chittagong,1732,APP,ANDROID,PAYROLL,ACTIVE
SYN-U-15509,47,F,FREELANCER,39518.35,Cumilla,1305,APP,ANDROID,MASS,ACTIVE
SYN-U-15510,60,M,BUSINESS,60520.59,Khulna,1707,APP,ANDROID,MASS,ACTIVE
SYN-U-15511,69,F,SALARIED,36735.66,Rajshahi,1784,AGENT,ANDROID,MASS,ACTIVE
SYN-U-15512,34,F,HOMEMAKER,19344.59,Dhaka,150,APP,ANDROID,PAYROLL,ACTIVE
SYN-U-15513,55,F,BUSINESS,88091.61,Dhaka,1379,APP,ANDROID,SME,ACTIVE
SYN-U-15514,54,M,STUDENT,35244.11,Dhaka,1076,AGENT,ANDROID,AFFLUENT,ACTIVE
SYN-U-15515,56,M,HOMEMAKER,29018.84,Cumilla,250,AGENT,ANDROID,STUDENT,ACTIVE
SYN-U-15516,51,M,SALARIED,32859.02,Mymensingh,700,AGENT,ANDROID,STUDENT,ACTIVE
SYN-U-15517,61,F,SALARIED,66608.25,Rajshahi,2172,BRANCH,ANDROID,MASS,ACTIVE
SYN-U-15518,41,F,BUSINESS,186703.28,Dhaka,937,APP,IOS,AFFLUENT,ACTIVE
SYN-U-15519,53,M,SALARIED,21694.8,Chittagong,327,AGENT,ANDROID,MASS,ACTIVE
SYN-U-15520,55,M,SALARIED,53074.54,Khulna,2060,APP,ANDROID,MASS,ACTIVE
SYN-U-15521,37,M,BUSINESS,97024.39,Mymensingh,1609,AGENT,FEATURE_PHONE,MASS,ACTIVE
SYN-U-15522,32,F,STUDENT,23927.01,Mymensingh,603,AGENT,ANDROID,MASS,ACTIVE
SYN-U-15523,52,M,BUSINESS,72789.61,Khulna,2191,APP,ANDROID,MASS,ACTIVE
SYN-U-15524,54,M,SALARIED,48695.03,Dhaka,838,BRANCH,ANDROID,STUDENT,RESTRICTED
SYN-U-15525,59,M,STUDENT,15000.0,Dhaka,1556,AGENT,ANDROID,MASS,ACTIVE
SYN-U-15526,50,M,SALARIED,58673.32,Barishal,270,APP,ANDROID,MASS,ACTIVE
SYN-U-15527,69,F,FREELANCER,70581.23,Sylhet,792,APP,ANDROID,MASS,ACTIVE
SYN-U-15528,20,M,HOMEMAKER,62650.67,Bogura,901,APP,IOS,AFFLUENT,ACTIVE
SYN-U-15529,66,F,HOMEMAKER,63177.29,Chittagong,1725,APP,ANDROID,AFFLUENT,ACTIVE
SYN-U-15530,43,M,SALARIED,52608.58,Sylhet,406,APP,ANDROID,MASS,ACTIVE
SYN-U-15531,56,M,STUDENT,24427.04,Dhaka,2250,APP,IOS,MASS,ACTIVE
SYN-U-15532,70,F,BUSINESS,35478.89,Dhaka,1464,APP,IOS,MASS,ACTIVE
SYN-U-15533,29,M,SALARIED,67412.96,Cumilla,2044,APP,ANDROID,SME,ACTIVE
SYN-U-15534,42,F,BUSINESS,82787.35,Khulna,1953,APP,ANDROID,MASS,ACTIVE
SYN-U-15535,32,M,BUSINESS,59387.31,Cumilla,2072,APP,ANDROID,MASS,ACTIVE
SYN-U-15536,42,F,SALARIED,138063.8,Cumilla,1531,AGENT,IOS,AFFLUENT,ACTIVE
SYN-U-15537,45,M,SALARIED,69476.82,Rajshahi,374,APP,ANDROID,AFFLUENT,ACTIVE
SYN-U-15538,36,F,BUSINESS,17891.09,Chittagong,1713,AGENT,ANDROID,STUDENT,ACTIVE
SYN-U-15539,50,F,FREELANCER,217651.69,Rajshahi,176,APP,ANDROID,AFFLUENT,ACTIVE
SYN-U-15540,41,M,BUSINESS,54182.23,Rangpur,174,APP,ANDROID,STUDENT,ACTIVE
SYN-U-15541,51,F,SALARIED,21184.96,Chittagong,782,APP,ANDROID,STUDENT,ACTIVE
SYN-U-15542,50,F,FREELANCER,35261.99,Chittagong,1241,APP,ANDROID,MASS,ACTIVE
SYN-U-15543,31,M,SALARIED,95866.8,Sylhet,1447,APP,FEATURE_PHONE,SME,ACTIVE
SYN-U-15544,54,M,FREELANCER,29849.91,Narayanganj,2022,APP,ANDROID,PAYROLL,RESTRICTED
SYN-U-15545,19,F,FREELANCER,53455.6,Gazipur,1388,AGENT,ANDROID,STUDENT,ACTIVE
SYN-U-15546,62,F,SALARIED,43001.48,Rangpur,492,APP,FEATURE_PHONE,MASS,ACTIVE
SYN-U-15547,63,F,SALARIED,46675.23,Sylhet,456,BRANCH,ANDROID,MASS,ACTIVE
SYN-U-15548,45,M,SALARIED,44592.35,Rajshahi,1083,AGENT,ANDROID,PAYROLL,ACTIVE
SYN-U-15549,66,F,HOMEMAKER,22909.2,Mymensingh,938,BRANCH,ANDROID,PAYROLL,ACTIVE
SYN-U-15550,65,M,BUSINESS,50010.92,Cox's Bazar,1408,BRANCH,ANDROID,MASS,ACTIVE
SYN-U-15551,46,F,SALARIED,75648.75,Dhaka,1726,APP,ANDROID,SME,ACTIVE
SYN-U-15552,70,M,SALARIED,40500.22,Dhaka,746,APP,ANDROID,STUDENT,ACTIVE
SYN-U-15553,32,M,BUSINESS,68805.55,Khulna,2133,APP,ANDROID,PAYROLL,ACTIVE
SYN-U-15554,52,F,FREELANCER,25138.59,Gazipur,1417,APP,ANDROID,MASS,ACTIVE
SYN-U-15555,49,F,BUSINESS,129774.2,Dhaka,335,AGENT,ANDROID,SME,ACTIVE
SYN-U-15556,24,F,BUSINESS,61404.83,Rangpur,1105,APP,ANDROID,MASS,ACTIVE
SYN-U-15557,34,M,FREELANCER,77736.15,Chittagong,436,AGENT,ANDROID,MASS,ACTIVE
SYN-U-15558,53,F,HOMEMAKER,18559.45,Rajshahi,386,APP,IOS,SME,ACTIVE
SYN-U-15559,52,M,STUDENT,62914.79,Rajshahi,1670,AGENT,ANDROID,AFFLUENT,ACTIVE
SYN-U-15560,56,M,BUSINESS,19792.39,Narayanganj,543,APP,ANDROID,SME,ACTIVE
SYN-U-15561,35,F,HOMEMAKER,15000.0,Sylhet,2121,BRANCH,ANDROID,AFFLUENT,ACTIVE
SYN-U-15562,59,F,RETIRED,32312.52,Dhaka,2248,AGENT,IOS,STUDENT,ACTIVE
SYN-U-15563,23,M,SALARIED,52186.7,Dhaka,1886,APP,ANDROID,MASS,ACTIVE
SYN-U-15564,56,F,SALARIED,59867.02,Khulna,534,AGENT,ANDROID,PAYROLL,ACTIVE
SYN-U-15565,48,F,SALARIED,24001.07,Mymensingh,60,APP,ANDROID,MASS,ACTIVE
SYN-U-15566,70,M,FREELANCER,26908.35,Khulna,1899,AGENT,ANDROID,MASS,ACTIVE
SYN-U-15567,65,M,BUSINESS,66279.15,Dhaka,2135,AGENT,IOS,STUDENT,ACTIVE
SYN-U-15568,23,F,BUSINESS,62293.09,Rangpur,371,BRANCH,ANDROID,PAYROLL,ACTIVE
SYN-U-15569,35,F,RETIRED,63712.35,Rangpur,1678,USSD,IOS,MASS,ACTIVE
SYN-U-15570,62,F,SALARIED,46441.98,Rajshahi,43,APP,ANDROID,MASS,ACTIVE
SYN-U-15571,59,M,HOMEMAKER,65255.66,Mymensingh,1976,APP,IOS,AFFLUENT,ACTIVE
SYN-U-15572,53,F,HOMEMAKER,26378.61,Rajshahi,1273,APP,ANDROID,PAYROLL,ACTIVE
SYN-U-15573,51,F,STUDENT,43555.41,Chittagong,2229,AGENT,ANDROID,AFFLUENT,ACTIVE
SYN-U-15574,58,M,BUSINESS,96095.09,Dhaka,2215,APP,ANDROID,MASS,ACTIVE
SYN-U-15575,48,M,HOMEMAKER,52253.03,Dhaka,1180,BRANCH,ANDROID,SME,ACTIVE
SYN-U-15576,26,F,FREELANCER,226757.43,Sylhet,2252,APP,ANDROID,AFFLUENT,ACTIVE
SYN-U-15577,35,F,FREELANCER,153619.22,Rangpur,167,BRANCH,ANDROID,AFFLUENT,DORMANT
SYN-U-15578,57,M,SALARIED,43989.07,Rangpur,974,APP,ANDROID,SME,ACTIVE
SYN-U-15579,50,M,FREELANCER,76317.4,Barishal,1931,AGENT,ANDROID,MASS,ACTIVE
SYN-U-15580,70,M,BUSINESS,67205.12,Sylhet,58,USSD,ANDROID,STUDENT,ACTIVE
SYN-U-15581,38,M,SALARIED,47430.81,Dhaka,1177,AGENT,ANDROID,AFFLUENT,ACTIVE
SYN-U-15582,31,F,SALARIED,33212.66,Sylhet,911,AGENT,ANDROID,MASS,ACTIVE
SYN-U-15583,71,F,STUDENT,28881.49,Rajshahi,143,APP,ANDROID,SME,ACTIVE
SYN-U-15584,24,F,FREELANCER,59115.93,Chittagong,567,AGENT,ANDROID,PAYROLL,ACTIVE
SYN-U-15585,25,F,RETIRED,69546.48,Dhaka,929,AGENT,IOS,AFFLUENT,ACTIVE
SYN-U-15586,54,F,SALARIED,34880.96,Mymensingh,1993,APP,FEATURE_PHONE,STUDENT,ACTIVE
SYN-U-15587,41,M,SALARIED,45082.71,Dhaka,1911,APP,ANDROID,MASS,ACTIVE
SYN-U-15588,49,M,SALARIED,56106.36,Mymensingh,725,APP,ANDROID,MASS,ACTIVE
SYN-U-15589,59,F,SALARIED,90050.2,Rangpur,917,AGENT,ANDROID,AFFLUENT,ACTIVE
SYN-U-15590,46,M,BUSINESS,90122.58,Chittagong,2002,APP,ANDROID,MASS,ACTIVE
SYN-U-15591,31,F,SALARIED,36803.64,Chittagong,1474,APP,ANDROID,STUDENT,ACTIVE
SYN-U-15592,35,F,BUSINESS,85709.39,Dhaka,71,APP,ANDROID,MASS,ACTIVE
SYN-U-15593,41,F,SALARIED,71824.15,Chittagong,342,APP,IOS,SME,ACTIVE
SYN-U-15594,37,O,SALARIED,43160.71,Dhaka,1982,APP,ANDROID,MASS,ACTIVE
SYN-U-15595,60,F,BUSINESS,26335.24,Mymensingh,90,APP,ANDROID,STUDENT,ACTIVE
SYN-U-15596,50,M,STUDENT,15000.0,Cumilla,868,APP,ANDROID,STUDENT,ACTIVE
SYN-U-15597,23,M,SALARIED,115864.15,Chittagong,431,APP,ANDROID,SME,ACTIVE
SYN-U-15598,59,M,SALARIED,38423.09,Dhaka,160,AGENT,IOS,MASS,ACTIVE
SYN-U-15599,18,F,STUDENT,23512.02,Khulna,1786,BRANCH,ANDROID,MASS,ACTIVE
SYN-U-15600,29,F,STUDENT,15000.0,Chittagong,1681,APP,ANDROID,MASS,ACTIVE
SYN-U-15601,36,M,SALARIED,40522.1,Dhaka,529,APP,ANDROID,MASS,ACTIVE
SYN-U-15602,35,F,FREELANCER,37996.59,Dhaka,2027,APP,IOS,STUDENT,ACTIVE
SYN-U-15603,27,M,SALARIED,29899.51,Dhaka,2276,USSD,ANDROID,MASS,ACTIVE
SYN-U-15604,50,M,SALARIED,47578.94,Barishal,1173,BRANCH,ANDROID,MASS,ACTIVE
SYN-U-15605,23,F,FREELANCER,16874.67,Rajshahi,708,BRANCH,ANDROID,STUDENT,ACTIVE
SYN-U-15606,61,F,BUSINESS,77097.49,Dhaka,1006,APP,ANDROID,MASS,ACTIVE
SYN-U-15607,25,M,RETIRED,65370.42,Dhaka,1352,APP,ANDROID,SME,ACTIVE
SYN-U-15608,58,F,SALARIED,39000.56,Chittagong,505,BRANCH,ANDROID,MASS,ACTIVE
SYN-U-15609,60,M,SALARIED,73632.67,Chittagong,503,APP,ANDROID,MASS,ACTIVE
SYN-U-15610,38,F,SALARIED,49692.59,Dhaka,1400,APP,ANDROID,SME,ACTIVE
SYN-U-15611,50,F,STUDENT,16650.29,Gazipur,1422,AGENT,ANDROID,MASS,ACTIVE
SYN-U-15612,43,F,SALARIED,55671.28,Dhaka,2425,AGENT,IOS,MASS,ACTIVE
SYN-U-15613,39,F,FREELANCER,154885.58,Dhaka,1547,APP,ANDROID,SME,ACTIVE
SYN-U-15614,26,M,BUSINESS,78016.44,Chittagong,1457,AGENT,ANDROID,MASS,ACTIVE
SYN-U-15615,46,F,SALARIED,181197.92,Sylhet,1790,APP,FEATURE_PHONE,AFFLUENT,ACTIVE
SYN-U-15616,27,M,BUSINESS,219891.4,Dhaka,2328,APP,ANDROID,AFFLUENT,DORMANT
SYN-U-15617,46,F,STUDENT,15401.72,Dhaka,774,AGENT,ANDROID,MASS,ACTIVE
SYN-U-15618,65,F,FREELANCER,37206.42,Rangpur,287,APP,ANDROID,PAYROLL,ACTIVE
SYN-U-15619,53,F,BUSINESS,61032.03,Mymensingh,556,APP,FEATURE_PHONE,MASS,RESTRICTED
SYN-U-15620,22,F,BUSINESS,71809.55,Rajshahi,1968,APP,IOS,MASS,ACTIVE
SYN-U-15621,55,F,BUSINESS,83046.16,Jessore,2465,APP,IOS,AFFLUENT,ACTIVE
SYN-U-15622,50,F,STUDENT,15000.0,Narayanganj,1691,AGENT,ANDROID,MASS,ACTIVE
SYN-U-15623,41,M,SALARIED,20401.5,Cumilla,756,APP,ANDROID,STUDENT,ACTIVE
SYN-U-15624,28,F,HOMEMAKER,26402.13,Dhaka,1448,APP,ANDROID,MASS,ACTIVE
SYN-U-15625,35,F,SALARIED,58740.0,Cox's Bazar,653,AGENT,ANDROID,MASS,ACTIVE
SYN-U-15626,28,F,SALARIED,92433.7,Dhaka,2076,APP,ANDROID,SME,ACTIVE
SYN-U-15627,63,M,SALARIED,75071.96,Dhaka,2210,AGENT,ANDROID,MASS,ACTIVE
SYN-U-15628,41,M,SALARIED,53146.31,Dhaka,1185,APP,ANDROID,PAYROLL,ACTIVE
SYN-U-15629,54,F,SALARIED,47272.04,Rajshahi,1028,AGENT,IOS,MASS,ACTIVE
SYN-U-15630,33,F,BUSINESS,100743.09,Dhaka,310,AGENT,ANDROID,PAYROLL,ACTIVE
SYN-U-15631,32,M,FREELANCER,89493.67,Sylhet,518,APP,ANDROID,MASS,ACTIVE
SYN-U-15632,47,M,SALARIED,66065.93,Chittagong,2486,APP,ANDROID,STUDENT,ACTIVE
SYN-U-15633,19,M,SALARIED,127971.35,Gazipur,139,AGENT,ANDROID,SME,ACTIVE
SYN-U-15634,29,F,SALARIED,55031.8,Dhaka,637,AGENT,IOS,MASS,ACTIVE
SYN-U-15635,69,F,FREELANCER,68371.13,Sylhet,64,USSD,ANDROID,MASS,ACTIVE
SYN-U-15636,20,M,FREELANCER,65054.26,Chittagong,238,AGENT,IOS,STUDENT,ACTIVE
SYN-U-15637,31,M,SALARIED,45685.62,Chittagong,124,BRANCH,ANDROID,MASS,ACTIVE
SYN-U-15638,67,F,SALARIED,50227.11,Chittagong,2087,AGENT,ANDROID,MASS,ACTIVE
SYN-U-15639,51,M,SALARIED,43782.07,Chittagong,997,APP,ANDROID,MASS,ACTIVE
SYN-U-15640,35,O,FREELANCER,96365.62,Rajshahi,1284,APP,ANDROID,AFFLUENT,ACTIVE
SYN-U-15641,67,M,BUSINESS,63624.07,Gazipur,1422,APP,ANDROID,MASS,ACTIVE
SYN-U-15642,30,M,SALARIED,30865.89,Dhaka,1325,BRANCH,ANDROID,MASS,ACTIVE
SYN-U-15643,49,F,SALARIED,65245.4,Dhaka,479,BRANCH,ANDROID,SME,ACTIVE
SYN-U-15644,24,M,FREELANCER,64461.96,Chittagong,1008,USSD,ANDROID,MASS,ACTIVE
SYN-U-15645,23,M,SALARIED,61263.64,Sylhet,1368,APP,ANDROID,PAYROLL,ACTIVE
SYN-U-15646,67,F,STUDENT,18682.29,Barishal,1352,BRANCH,ANDROID,STUDENT,ACTIVE
SYN-U-15647,41,M,HOMEMAKER,18232.26,Dhaka,1833,APP,ANDROID,PAYROLL,DORMANT
SYN-U-15648,52,M,SALARIED,48916.77,Gazipur,1090,APP,ANDROID,SME,ACTIVE
SYN-U-15649,71,F,SALARIED,24239.96,Dhaka,1252,APP,ANDROID,STUDENT,ACTIVE
SYN-U-15650,23,F,BUSINESS,23577.3,Dhaka,1489,AGENT,IOS,MASS,ACTIVE
SYN-U-15651,33,F,BUSINESS,74764.63,Chittagong,1844,APP,ANDROID,STUDENT,ACTIVE
SYN-U-15652,42,F,SALARIED,39771.12,Sylhet,1122,APP,ANDROID,PAYROLL,ACTIVE
SYN-U-15653,47,F,SALARIED,67404.11,Rajshahi,916,AGENT,ANDROID,AFFLUENT,ACTIVE
SYN-U-15654,45,M,BUSINESS,73461.26,Rajshahi,2437,AGENT,ANDROID,MASS,ACTIVE
SYN-U-15655,35,M,HOMEMAKER,20658.8,Sylhet,2252,USSD,ANDROID,MASS,ACTIVE
SYN-U-15656,55,M,RETIRED,46967.52,Gazipur,858,APP,ANDROID,STUDENT,ACTIVE
SYN-U-15657,37,M,BUSINESS,53748.46,Narayanganj,788,AGENT,ANDROID,MASS,ACTIVE
SYN-U-15658,52,M,BUSINESS,89189.98,Chittagong,2309,BRANCH,FEATURE_PHONE,MASS,ACTIVE
SYN-U-15659,32,M,BUSINESS,67649.28,Dhaka,439,AGENT,ANDROID,STUDENT,ACTIVE
SYN-U-15660,70,M,BUSINESS,67932.49,Mymensingh,347,APP,ANDROID,STUDENT,ACTIVE
SYN-U-15661,50,F,BUSINESS,59776.9,Dhaka,2082,USSD,IOS,MASS,ACTIVE
SYN-U-15662,42,F,BUSINESS,168984.39,Dhaka,1340,APP,IOS,SME,ACTIVE
SYN-U-15663,20,F,SALARIED,37040.42,Dhaka,2013,APP,ANDROID,MASS,ACTIVE
SYN-U-15664,43,F,SALARIED,31980.32,Khulna,1012,AGENT,ANDROID,STUDENT,ACTIVE
SYN-U-15665,40,F,SALARIED,43728.07,Chittagong,2229,AGENT,IOS,MASS,ACTIVE
SYN-U-15666,44,M,STUDENT,22800.45,Chittagong,1547,APP,ANDROID,MASS,ACTIVE
SYN-U-15667,66,F,SALARIED,67559.64,Dhaka,2188,AGENT,ANDROID,SME,ACTIVE
SYN-U-15668,70,F,SALARIED,52168.66,Rajshahi,1140,AGENT,IOS,PAYROLL,ACTIVE
SYN-U-15669,58,M,FREELANCER,67726.1,Barishal,858,APP,ANDROID,AFFLUENT,ACTIVE
SYN-U-15670,35,M,SALARIED,86078.49,Dhaka,257,APP,ANDROID,SME,ACTIVE
SYN-U-15671,28,M,HOMEMAKER,32430.46,Dhaka,55,APP,ANDROID,SME,ACTIVE
SYN-U-15672,43,M,FREELANCER,113108.49,Sylhet,1776,AGENT,ANDROID,AFFLUENT,ACTIVE
SYN-U-15673,37,F,SALARIED,36212.61,Chittagong,2490,AGENT,ANDROID,STUDENT,ACTIVE
SYN-U-15674,69,F,SALARIED,32517.7,Rangpur,1556,APP,ANDROID,MASS,ACTIVE
SYN-U-15675,28,F,FREELANCER,58440.18,Mymensingh,1491,APP,FEATURE_PHONE,MASS,ACTIVE
SYN-U-15676,71,F,RETIRED,43045.81,Rangpur,1619,APP,ANDROID,MASS,ACTIVE
SYN-U-15677,56,M,BUSINESS,70070.6,Mymensingh,1885,APP,ANDROID,MASS,ACTIVE
SYN-U-15678,37,F,BUSINESS,56818.57,Dhaka,2329,AGENT,ANDROID,SME,DORMANT
SYN-U-15679,44,F,BUSINESS,15000.0,Khulna,1588,APP,ANDROID,MASS,ACTIVE
SYN-U-15680,57,M,FREELANCER,30559.71,Gazipur,862,APP,IOS,MASS,ACTIVE
SYN-U-15681,37,M,SALARIED,40775.59,Chittagong,2186,AGENT,ANDROID,PAYROLL,ACTIVE
SYN-U-15682,34,F,SALARIED,31906.24,Dhaka,1770,APP,FEATURE_PHONE,MASS,ACTIVE
SYN-U-15683,18,F,HOMEMAKER,38471.41,Dhaka,1096,APP,ANDROID,AFFLUENT,ACTIVE
SYN-U-15684,62,F,BUSINESS,166272.34,Dhaka,38,BRANCH,ANDROID,AFFLUENT,ACTIVE
SYN-U-15685,57,F,BUSINESS,41516.9,Gazipur,1273,APP,ANDROID,MASS,ACTIVE
SYN-U-15686,35,F,FREELANCER,28678.49,Cumilla,1934,AGENT,ANDROID,MASS,ACTIVE
SYN-U-15687,71,F,SALARIED,42531.75,Bogura,258,APP,IOS,MASS,ACTIVE
SYN-U-15688,38,F,SALARIED,34558.0,Dhaka,996,APP,ANDROID,MASS,ACTIVE
SYN-U-15689,23,F,SALARIED,71169.7,Chittagong,765,AGENT,IOS,MASS,ACTIVE
SYN-U-15690,22,F,STUDENT,15000.0,Cox's Bazar,1251,APP,ANDROID,MASS,DORMANT
SYN-U-15691,50,M,BUSINESS,54744.67,Chittagong,533,APP,ANDROID,SME,ACTIVE
SYN-U-15692,36,M,FREELANCER,124962.89,Dhaka,2056,APP,ANDROID,AFFLUENT,ACTIVE
SYN-U-15693,34,M,FREELANCER,85750.43,Cumilla,886,APP,ANDROID,MASS,ACTIVE
SYN-U-15694,59,M,SALARIED,43290.14,Chittagong,999,APP,ANDROID,STUDENT,ACTIVE
SYN-U-15695,37,F,STUDENT,25333.87,Rajshahi,2174,APP,ANDROID,STUDENT,ACTIVE
SYN-U-15696,59,M,BUSINESS,50713.26,Rangpur,871,BRANCH,ANDROID,SME,ACTIVE
SYN-U-15697,40,M,FREELANCER,41019.76,Mymensingh,1496,APP,ANDROID,STUDENT,ACTIVE
SYN-U-15698,25,M,SALARIED,15000.0,Sylhet,1546,APP,ANDROID,STUDENT,ACTIVE
SYN-U-15699,67,M,SALARIED,118179.32,Khulna,857,BRANCH,ANDROID,AFFLUENT,ACTIVE
SYN-U-15700,45,M,SALARIED,144524.27,Dhaka,872,APP,ANDROID,AFFLUENT,ACTIVE
SYN-U-15701,35,M,FREELANCER,66241.25,Dhaka,86,APP,ANDROID,STUDENT,ACTIVE
SYN-U-15702,35,M,STUDENT,30752.94,Dhaka,2334,AGENT,ANDROID,SME,ACTIVE
SYN-U-15703,42,M,BUSINESS,28929.52,Barishal,222,APP,IOS,STUDENT,ACTIVE
SYN-U-15704,60,F,SALARIED,15000.0,Gazipur,2048,AGENT,IOS,STUDENT,ACTIVE
SYN-U-15705,67,F,BUSINESS,64706.81,Dhaka,2063,AGENT,FEATURE_PHONE,PAYROLL,ACTIVE
SYN-U-15706,68,F,BUSINESS,30510.89,Khulna,95,AGENT,ANDROID,MASS,ACTIVE
SYN-U-15707,59,M,RETIRED,53796.54,Chittagong,889,BRANCH,ANDROID,MASS,ACTIVE
SYN-U-15708,67,F,SALARIED,36092.77,Chittagong,498,AGENT,IOS,PAYROLL,ACTIVE
SYN-U-15709,64,F,STUDENT,15000.0,Narayanganj,143,BRANCH,ANDROID,MASS,ACTIVE
SYN-U-15710,34,M,SALARIED,138806.8,Narayanganj,1159,AGENT,ANDROID,AFFLUENT,ACTIVE
SYN-U-15711,71,F,BUSINESS,105813.51,Cumilla,1830,APP,ANDROID,MASS,ACTIVE
SYN-U-15712,56,F,SALARIED,37373.77,Khulna,1080,APP,ANDROID,MASS,ACTIVE
SYN-U-15713,43,M,SALARIED,47732.73,Sylhet,912,AGENT,ANDROID,MASS,ACTIVE
SYN-U-15714,31,F,BUSINESS,137556.98,Sylhet,1427,AGENT,IOS,AFFLUENT,ACTIVE
SYN-U-15715,62,M,HOMEMAKER,18897.44,Chittagong,677,APP,ANDROID,MASS,ACTIVE
SYN-U-15716,29,M,SALARIED,88157.8,Dhaka,1742,APP,ANDROID,AFFLUENT,ACTIVE
SYN-U-15717,31,F,SALARIED,155028.33,Chittagong,760,APP,ANDROID,SME,ACTIVE
SYN-U-15718,33,F,SALARIED,38075.53,Dhaka,1288,APP,ANDROID,MASS,ACTIVE
SYN-U-15719,67,M,FREELANCER,111819.72,Chittagong,890,APP,ANDROID,AFFLUENT,ACTIVE
SYN-U-15720,22,F,BUSINESS,91332.99,Rajshahi,320,APP,IOS,MASS,ACTIVE
SYN-U-15721,68,M,SALARIED,88784.11,Dhaka,1141,APP,IOS,SME,ACTIVE
SYN-U-15722,35,F,FREELANCER,47223.33,Rangpur,637,APP,ANDROID,MASS,ACTIVE
SYN-U-15723,19,M,BUSINESS,91240.86,Dhaka,1388,APP,IOS,MASS,ACTIVE
SYN-U-15724,63,F,HOMEMAKER,19039.22,Rajshahi,48,APP,IOS,AFFLUENT,ACTIVE
SYN-U-15725,65,M,BUSINESS,114844.26,Sylhet,733,USSD,ANDROID,SME,ACTIVE
SYN-U-15726,66,M,SALARIED,38039.52,Dhaka,1703,APP,ANDROID,PAYROLL,ACTIVE
SYN-U-15727,18,F,BUSINESS,87518.47,Mymensingh,1937,USSD,ANDROID,MASS,ACTIVE
SYN-U-15728,50,F,BUSINESS,80532.22,Barishal,586,APP,IOS,MASS,ACTIVE
SYN-U-15729,33,M,SALARIED,54767.67,Rajshahi,2378,APP,ANDROID,MASS,ACTIVE
SYN-U-15730,49,M,BUSINESS,41560.1,Mymensingh,1271,APP,FEATURE_PHONE,MASS,ACTIVE
SYN-U-15731,20,F,SALARIED,58205.73,Dhaka,1084,AGENT,ANDROID,STUDENT,ACTIVE
SYN-U-15732,39,F,HOMEMAKER,28374.62,Dhaka,1815,APP,ANDROID,MASS,ACTIVE
SYN-U-15733,47,F,SALARIED,53480.85,Khulna,1504,AGENT,IOS,MASS,ACTIVE
SYN-U-15734,35,F,SALARIED,35597.3,Dhaka,681,AGENT,ANDROID,PAYROLL,ACTIVE
SYN-U-15735,58,F,SALARIED,56195.39,Chittagong,1552,AGENT,ANDROID,MASS,ACTIVE
SYN-U-15736,59,M,SALARIED,28820.49,Dhaka,2405,APP,ANDROID,MASS,ACTIVE
SYN-U-15737,51,F,BUSINESS,89293.13,Dhaka,1776,AGENT,ANDROID,MASS,ACTIVE
SYN-U-15738,54,F,BUSINESS,67772.66,Rajshahi,1099,AGENT,ANDROID,MASS,ACTIVE
SYN-U-15739,54,M,HOMEMAKER,15000.0,Dhaka,1630,AGENT,ANDROID,MASS,ACTIVE
SYN-U-15740,56,F,FREELANCER,109309.8,Sylhet,1914,APP,ANDROID,AFFLUENT,ACTIVE
SYN-U-15741,34,M,SALARIED,146504.22,Dhaka,2032,APP,ANDROID,AFFLUENT,ACTIVE
SYN-U-15742,68,M,BUSINESS,97195.42,Chittagong,1005,BRANCH,FEATURE_PHONE,STUDENT,ACTIVE
SYN-U-15743,55,F,SALARIED,70026.31,Chittagong,1472,APP,FEATURE_PHONE,MASS,ACTIVE
SYN-U-15744,62,F,BUSINESS,157450.04,Narayanganj,1992,BRANCH,FEATURE_PHONE,AFFLUENT,ACTIVE
SYN-U-15745,20,F,BUSINESS,59796.75,Barishal,705,BRANCH,ANDROID,MASS,ACTIVE
SYN-U-15746,23,M,SALARIED,103379.45,Dhaka,466,BRANCH,ANDROID,SME,ACTIVE
SYN-U-15747,69,F,BUSINESS,35410.26,Rangpur,2380,APP,ANDROID,MASS,ACTIVE
SYN-U-15748,18,M,SALARIED,68722.5,Khulna,2104,APP,ANDROID,MASS,ACTIVE
SYN-U-15749,51,M,FREELANCER,82145.79,Dhaka,1244,APP,ANDROID,MASS,ACTIVE
SYN-U-15750,36,F,RETIRED,27582.86,Mymensingh,689,APP,ANDROID,PAYROLL,ACTIVE
SYN-U-15751,49,F,STUDENT,19230.2,Sylhet,1096,AGENT,ANDROID,STUDENT,ACTIVE
SYN-U-15752,18,F,BUSINESS,64656.67,Chittagong,771,AGENT,ANDROID,MASS,ACTIVE
SYN-U-15753,64,M,STUDENT,15000.0,Dhaka,2474,APP,ANDROID,MASS,ACTIVE
SYN-U-15754,50,F,BUSINESS,15000.0,Dhaka,419,APP,IOS,SME,ACTIVE
SYN-U-15755,40,F,FREELANCER,56891.61,Dhaka,955,AGENT,ANDROID,MASS,ACTIVE
SYN-U-15756,50,M,SALARIED,190694.4,Dhaka,1062,APP,ANDROID,AFFLUENT,ACTIVE
SYN-U-15757,63,M,BUSINESS,45656.22,Mymensingh,1107,AGENT,ANDROID,SME,ACTIVE
SYN-U-15758,59,M,BUSINESS,101847.12,Chittagong,376,AGENT,ANDROID,STUDENT,ACTIVE
SYN-U-15759,38,F,SALARIED,38701.13,Cumilla,577,APP,ANDROID,MASS,ACTIVE
SYN-U-15760,18,M,BUSINESS,32100.91,Dhaka,975,AGENT,ANDROID,SME,ACTIVE
SYN-U-15761,38,F,HOMEMAKER,27249.18,Sylhet,1458,AGENT,ANDROID,PAYROLL,ACTIVE
SYN-U-15762,35,F,SALARIED,44361.95,Dhaka,1509,AGENT,ANDROID,MASS,ACTIVE
SYN-U-15763,19,M,BUSINESS,66748.24,Mymensingh,679,APP,ANDROID,MASS,ACTIVE
SYN-U-15764,63,M,FREELANCER,103834.74,Khulna,428,APP,ANDROID,AFFLUENT,ACTIVE
SYN-U-15765,20,F,SALARIED,39592.36,Dhaka,1879,APP,ANDROID,MASS,DORMANT
SYN-U-15766,46,M,SALARIED,107115.19,Chittagong,378,BRANCH,ANDROID,AFFLUENT,ACTIVE
SYN-U-15767,35,F,HOMEMAKER,15000.0,Dhaka,997,AGENT,ANDROID,MASS,ACTIVE
SYN-U-15768,57,F,SALARIED,51586.4,Dhaka,1524,APP,ANDROID,MASS,ACTIVE
SYN-U-15769,42,M,BUSINESS,126072.15,Sylhet,1219,APP,ANDROID,MASS,ACTIVE
SYN-U-15770,19,M,STUDENT,18963.99,Dhaka,961,APP,ANDROID,MASS,ACTIVE
SYN-U-15771,68,F,SALARIED,56716.68,Gazipur,457,APP,ANDROID,MASS,ACTIVE
SYN-U-15772,44,M,BUSINESS,20797.98,Dhaka,149,BRANCH,IOS,PAYROLL,ACTIVE
SYN-U-15773,26,F,SALARIED,37517.46,Rajshahi,475,APP,IOS,MASS,ACTIVE
SYN-U-15774,56,M,SALARIED,128778.51,Dhaka,508,BRANCH,ANDROID,AFFLUENT,ACTIVE
SYN-U-15775,53,M,FREELANCER,48831.41,Sylhet,1714,AGENT,IOS,MASS,ACTIVE
SYN-U-15776,57,F,SALARIED,104054.52,Chittagong,1498,APP,ANDROID,AFFLUENT,ACTIVE
SYN-U-15777,23,F,SALARIED,48804.24,Dhaka,980,USSD,ANDROID,PAYROLL,ACTIVE
SYN-U-15778,50,M,STUDENT,15000.0,Bogura,1975,AGENT,ANDROID,MASS,ACTIVE
SYN-U-15779,49,F,SALARIED,41209.01,Khulna,448,APP,ANDROID,MASS,ACTIVE
SYN-U-15780,24,M,SALARIED,39831.34,Narayanganj,1164,APP,ANDROID,AFFLUENT,ACTIVE
SYN-U-15781,38,F,FREELANCER,90174.29,Dhaka,572,APP,ANDROID,AFFLUENT,ACTIVE
SYN-U-15782,41,F,STUDENT,25278.35,Dhaka,1340,APP,IOS,STUDENT,ACTIVE
SYN-U-15783,19,M,FREELANCER,68312.58,Chittagong,2234,APP,ANDROID,MASS,ACTIVE
SYN-U-15784,63,M,FREELANCER,64900.39,Dhaka,644,APP,ANDROID,SME,ACTIVE
SYN-U-15785,28,M,STUDENT,15000.0,Rajshahi,490,APP,ANDROID,MASS,ACTIVE
SYN-U-15786,40,F,FREELANCER,55631.42,Rajshahi,877,AGENT,ANDROID,MASS,ACTIVE
SYN-U-15787,25,F,SALARIED,54602.58,Dhaka,1387,USSD,ANDROID,MASS,ACTIVE
SYN-U-15788,40,M,BUSINESS,60847.61,Chittagong,1413,APP,ANDROID,STUDENT,ACTIVE
SYN-U-15789,64,M,FREELANCER,63862.3,Dhaka,1824,USSD,ANDROID,MASS,ACTIVE
SYN-U-15790,63,F,BUSINESS,27127.42,Barishal,777,APP,ANDROID,MASS,ACTIVE
SYN-U-15791,23,F,HOMEMAKER,15000.0,Khulna,849,AGENT,ANDROID,PAYROLL,ACTIVE
SYN-U-15792,69,M,FREELANCER,42861.34,Dhaka,2081,BRANCH,IOS,MASS,ACTIVE
SYN-U-15793,69,F,SALARIED,57646.37,Sylhet,804,AGENT,IOS,MASS,ACTIVE
SYN-U-15794,27,M,BUSINESS,66387.61,Mymensingh,669,APP,IOS,STUDENT,ACTIVE
SYN-U-15795,44,F,STUDENT,33271.94,Rangpur,678,AGENT,ANDROID,AFFLUENT,ACTIVE
SYN-U-15796,61,M,STUDENT,18185.41,Dhaka,1623,APP,ANDROID,MASS,ACTIVE
SYN-U-15797,47,M,RETIRED,48754.68,Barishal,1821,APP,ANDROID,MASS,ACTIVE
SYN-U-15798,50,F,SALARIED,49052.65,Barishal,661,AGENT,FEATURE_PHONE,MASS,ACTIVE
SYN-U-15799,22,M,SALARIED,45325.59,Dhaka,1738,AGENT,IOS,MASS,ACTIVE
SYN-U-15800,41,M,SALARIED,41886.58,Dhaka,718,AGENT,ANDROID,MASS,ACTIVE
SYN-U-15801,71,M,BUSINESS,76942.88,Sylhet,512,AGENT,ANDROID,STUDENT,ACTIVE
SYN-U-15802,21,F,SALARIED,66227.33,Rajshahi,752,APP,ANDROID,PAYROLL,ACTIVE
SYN-U-15803,71,F,SALARIED,46634.87,Narayanganj,1177,APP,ANDROID,STUDENT,ACTIVE
SYN-U-15804,41,F,RETIRED,29397.25,Dhaka,193,APP,ANDROID,MASS,ACTIVE
SYN-U-15805,48,F,SALARIED,41592.02,Chittagong,2461,APP,FEATURE_PHONE,STUDENT,ACTIVE
SYN-U-15806,58,M,BUSINESS,71724.71,Dhaka,2240,APP,ANDROID,MASS,ACTIVE
SYN-U-15807,47,F,HOMEMAKER,18822.89,Dhaka,507,APP,ANDROID,MASS,ACTIVE
SYN-U-15808,51,M,BUSINESS,64451.63,Sylhet,1878,BRANCH,ANDROID,MASS,ACTIVE
SYN-U-15809,25,F,BUSINESS,178876.3,Rajshahi,1435,APP,ANDROID,AFFLUENT,ACTIVE
SYN-U-15810,50,F,SALARIED,35660.55,Dhaka,2105,BRANCH,ANDROID,STUDENT,DORMANT
SYN-U-15811,19,F,FREELANCER,53680.7,Dhaka,149,APP,ANDROID,MASS,ACTIVE
SYN-U-15812,53,M,BUSINESS,116056.07,Barishal,838,APP,ANDROID,AFFLUENT,ACTIVE
SYN-U-15813,30,M,SALARIED,47159.08,Dhaka,1535,APP,ANDROID,MASS,ACTIVE
SYN-U-15814,56,M,BUSINESS,64127.25,Dhaka,347,AGENT,ANDROID,PAYROLL,ACTIVE
SYN-U-15815,41,M,SALARIED,37912.34,Chittagong,1429,APP,ANDROID,PAYROLL,ACTIVE
SYN-U-15816,25,M,BUSINESS,124402.8,Dhaka,1437,APP,ANDROID,PAYROLL,ACTIVE
SYN-U-15817,56,F,SALARIED,16092.9,Chittagong,2362,BRANCH,IOS,MASS,ACTIVE
SYN-U-15818,32,F,FREELANCER,89487.03,Gazipur,880,APP,ANDROID,MASS,ACTIVE
SYN-U-15819,31,M,SALARIED,60973.75,Dhaka,332,APP,ANDROID,MASS,RESTRICTED
SYN-U-15820,52,F,BUSINESS,112016.31,Barishal,1073,APP,ANDROID,SME,ACTIVE
SYN-U-15821,39,F,BUSINESS,102153.63,Chittagong,844,APP,ANDROID,MASS,ACTIVE
SYN-U-15822,64,F,BUSINESS,200307.74,Khulna,613,USSD,ANDROID,SME,ACTIVE
SYN-U-15823,26,F,SALARIED,48131.77,Gazipur,155,APP,ANDROID,STUDENT,ACTIVE
SYN-U-15824,32,F,SALARIED,36173.09,Sylhet,645,APP,ANDROID,STUDENT,ACTIVE
SYN-U-15825,64,M,SALARIED,38929.14,Cumilla,2488,APP,ANDROID,SME,ACTIVE
SYN-U-15826,42,F,SALARIED,16344.25,Dhaka,993,APP,ANDROID,PAYROLL,ACTIVE
SYN-U-15827,68,F,SALARIED,104924.99,Bogura,2109,APP,IOS,SME,ACTIVE
SYN-U-15828,36,M,STUDENT,20332.09,Sylhet,590,APP,FEATURE_PHONE,STUDENT,ACTIVE
SYN-U-15829,69,F,BUSINESS,46385.83,Mymensingh,806,APP,ANDROID,MASS,ACTIVE
SYN-U-15830,38,F,SALARIED,61333.39,Dhaka,658,AGENT,ANDROID,AFFLUENT,ACTIVE
SYN-U-15831,26,M,STUDENT,24367.27,Khulna,1352,AGENT,ANDROID,PAYROLL,ACTIVE
SYN-U-15832,50,F,RETIRED,28971.88,Khulna,1667,BRANCH,ANDROID,MASS,ACTIVE
SYN-U-15833,67,F,SALARIED,55168.15,Sylhet,697,AGENT,ANDROID,MASS,ACTIVE
SYN-U-15834,52,M,BUSINESS,164972.09,Dhaka,1836,APP,ANDROID,SME,ACTIVE
SYN-U-15835,51,M,BUSINESS,32631.16,Dhaka,1501,AGENT,ANDROID,MASS,ACTIVE
SYN-U-15836,25,M,STUDENT,26801.18,Sylhet,2195,APP,ANDROID,AFFLUENT,ACTIVE
SYN-U-15837,29,F,SALARIED,37874.31,Cumilla,295,APP,ANDROID,PAYROLL,ACTIVE
SYN-U-15838,60,F,SALARIED,49491.07,Chittagong,2385,AGENT,ANDROID,MASS,ACTIVE
SYN-U-15839,38,F,BUSINESS,45764.39,Dhaka,249,APP,ANDROID,MASS,DORMANT
SYN-U-15840,18,F,BUSINESS,71442.15,Chittagong,1292,APP,ANDROID,MASS,DORMANT
SYN-U-15841,63,M,BUSINESS,42249.58,Chittagong,1207,BRANCH,ANDROID,MASS,ACTIVE
SYN-U-15842,29,F,BUSINESS,94711.92,Dhaka,1896,APP,ANDROID,MASS,DORMANT
SYN-U-15843,51,M,BUSINESS,40768.87,Barishal,2424,APP,IOS,MASS,ACTIVE
SYN-U-15844,55,F,SALARIED,36313.77,Dhaka,1497,APP,ANDROID,STUDENT,ACTIVE
SYN-U-15845,32,F,BUSINESS,66367.98,Cumilla,97,BRANCH,ANDROID,STUDENT,ACTIVE
SYN-U-15846,32,M,SALARIED,36668.32,Cumilla,1130,BRANCH,IOS,STUDENT,ACTIVE
SYN-U-15847,21,F,BUSINESS,51297.26,Mymensingh,590,AGENT,ANDROID,MASS,ACTIVE
SYN-U-15848,60,M,SALARIED,37700.35,Dhaka,793,APP,ANDROID,PAYROLL,ACTIVE
SYN-U-15849,53,M,BUSINESS,113699.86,Chittagong,42,BRANCH,ANDROID,SME,ACTIVE
SYN-U-15850,21,M,HOMEMAKER,26821.45,Dhaka,2165,AGENT,ANDROID,MASS,ACTIVE
SYN-U-15851,36,F,BUSINESS,77175.88,Chittagong,2111,APP,IOS,MASS,ACTIVE
SYN-U-15852,24,M,RETIRED,22633.24,Khulna,170,APP,ANDROID,MASS,ACTIVE
SYN-U-15853,18,M,HOMEMAKER,33794.58,Chittagong,1822,APP,ANDROID,AFFLUENT,ACTIVE
SYN-U-15854,62,M,FREELANCER,46567.04,Dhaka,1629,AGENT,IOS,MASS,ACTIVE
SYN-U-15855,37,M,SALARIED,145270.93,Rajshahi,2315,APP,ANDROID,SME,ACTIVE
SYN-U-15856,66,F,BUSINESS,67379.82,Gazipur,1218,USSD,ANDROID,MASS,DORMANT
SYN-U-15857,24,M,BUSINESS,73837.92,Rangpur,557,APP,ANDROID,MASS,ACTIVE
SYN-U-15858,18,M,BUSINESS,59331.05,Gazipur,2455,USSD,ANDROID,MASS,ACTIVE
SYN-U-15859,69,F,SALARIED,16774.21,Chittagong,1697,AGENT,IOS,STUDENT,ACTIVE
SYN-U-15860,60,M,BUSINESS,91200.33,Mymensingh,1542,AGENT,ANDROID,MASS,ACTIVE
SYN-U-15861,49,M,HOMEMAKER,22834.95,Gazipur,2347,APP,ANDROID,STUDENT,ACTIVE
SYN-U-15862,44,M,BUSINESS,156500.47,Sylhet,2047,APP,ANDROID,SME,ACTIVE
SYN-U-15863,64,F,BUSINESS,102920.04,Dhaka,225,AGENT,IOS,MASS,ACTIVE
SYN-U-15864,38,M,BUSINESS,56324.26,Dhaka,1036,APP,ANDROID,STUDENT,ACTIVE
SYN-U-15865,62,M,BUSINESS,33044.43,Dhaka,1780,APP,ANDROID,AFFLUENT,ACTIVE
SYN-U-15866,65,F,SALARIED,162396.87,Rajshahi,1445,APP,ANDROID,AFFLUENT,ACTIVE
SYN-U-15867,61,F,SALARIED,65825.92,Chittagong,2480,BRANCH,ANDROID,MASS,ACTIVE
SYN-U-15868,38,M,SALARIED,140367.51,Dhaka,1078,APP,ANDROID,AFFLUENT,ACTIVE
SYN-U-15869,63,M,SALARIED,49670.95,Dhaka,2343,APP,ANDROID,MASS,ACTIVE
SYN-U-15870,29,F,BUSINESS,50717.15,Khulna,433,APP,IOS,MASS,ACTIVE
SYN-U-15871,45,F,FREELANCER,107600.73,Dhaka,79,APP,ANDROID,SME,ACTIVE
SYN-U-15872,55,M,SALARIED,87311.13,Chittagong,2494,APP,IOS,AFFLUENT,ACTIVE
SYN-U-15873,49,M,SALARIED,69883.18,Dhaka,1798,AGENT,ANDROID,MASS,ACTIVE
SYN-U-15874,44,M,HOMEMAKER,19883.81,Rajshahi,1440,AGENT,ANDROID,MASS,ACTIVE
SYN-U-15875,19,M,SALARIED,87071.11,Cumilla,2111,AGENT,IOS,SME,ACTIVE
SYN-U-15876,37,F,SALARIED,107895.95,Dhaka,61,APP,ANDROID,AFFLUENT,ACTIVE
SYN-U-15877,47,M,BUSINESS,64827.51,Sylhet,1907,APP,ANDROID,MASS,ACTIVE
SYN-U-15878,18,F,BUSINESS,50153.88,Dhaka,739,APP,IOS,PAYROLL,ACTIVE
SYN-U-15879,30,M,BUSINESS,98049.75,Dhaka,1497,APP,IOS,MASS,ACTIVE
SYN-U-15880,67,F,BUSINESS,80653.2,Khulna,508,AGENT,ANDROID,SME,ACTIVE
SYN-U-15881,29,F,STUDENT,45791.13,Bogura,2012,APP,ANDROID,SME,ACTIVE
SYN-U-15882,21,F,BUSINESS,47108.79,Dhaka,1695,AGENT,ANDROID,STUDENT,ACTIVE
SYN-U-15883,46,F,RETIRED,73370.85,Barishal,1281,APP,ANDROID,AFFLUENT,ACTIVE
SYN-U-15884,51,M,BUSINESS,39233.9,Cumilla,2420,APP,ANDROID,MASS,ACTIVE
SYN-U-15885,38,M,SALARIED,54744.24,Sylhet,1420,APP,ANDROID,MASS,ACTIVE
SYN-U-15886,34,F,FREELANCER,115251.57,Chittagong,1806,APP,FEATURE_PHONE,AFFLUENT,ACTIVE
SYN-U-15887,67,M,RETIRED,29346.51,Mymensingh,1033,USSD,ANDROID,MASS,ACTIVE
SYN-U-15888,23,F,SALARIED,37489.55,Narayanganj,1990,APP,ANDROID,STUDENT,ACTIVE
SYN-U-15889,57,F,BUSINESS,28411.45,Dhaka,328,BRANCH,ANDROID,STUDENT,ACTIVE
SYN-U-15890,69,M,BUSINESS,120547.28,Mymensingh,1495,APP,ANDROID,AFFLUENT,ACTIVE
SYN-U-15891,38,M,SALARIED,56417.61,Sylhet,590,APP,ANDROID,MASS,ACTIVE
SYN-U-15892,36,F,BUSINESS,15266.85,Mymensingh,2292,AGENT,ANDROID,MASS,ACTIVE
SYN-U-15893,60,F,STUDENT,15000.0,Chittagong,1594,AGENT,ANDROID,MASS,RESTRICTED
SYN-U-15894,23,M,SALARIED,71258.31,Sylhet,551,APP,IOS,MASS,ACTIVE
SYN-U-15895,28,M,SALARIED,29139.05,Dhaka,1825,APP,ANDROID,MASS,ACTIVE
SYN-U-15896,29,F,SALARIED,39736.86,Dhaka,2301,APP,ANDROID,MASS,ACTIVE
SYN-U-15897,67,M,SALARIED,36614.64,Chittagong,1553,AGENT,ANDROID,MASS,ACTIVE
SYN-U-15898,46,M,BUSINESS,157148.37,Dhaka,199,APP,ANDROID,AFFLUENT,ACTIVE
SYN-U-15899,66,M,BUSINESS,148559.04,Chittagong,1063,AGENT,ANDROID,AFFLUENT,ACTIVE
SYN-U-15900,21,F,BUSINESS,81317.92,Rajshahi,131,AGENT,ANDROID,PAYROLL,ACTIVE
SYN-U-15901,48,M,FREELANCER,62496.01,Sylhet,2466,APP,IOS,STUDENT,ACTIVE
SYN-U-15902,30,F,BUSINESS,59519.35,Chittagong,418,APP,IOS,MASS,ACTIVE
SYN-U-15903,44,M,SALARIED,71325.18,Chittagong,2074,USSD,IOS,SME,ACTIVE
SYN-U-15904,23,F,SALARIED,54127.86,Dhaka,1838,APP,FEATURE_PHONE,MASS,ACTIVE
SYN-U-15905,51,F,BUSINESS,205394.94,Dhaka,246,APP,ANDROID,SME,ACTIVE
SYN-U-15906,29,M,RETIRED,35478.42,Barishal,153,APP,ANDROID,MASS,ACTIVE
SYN-U-15907,67,M,BUSINESS,71523.71,Dhaka,690,APP,ANDROID,MASS,ACTIVE
SYN-U-15908,67,F,SALARIED,46147.41,Sylhet,445,USSD,ANDROID,SME,ACTIVE
SYN-U-15909,67,F,BUSINESS,35735.48,Khulna,202,BRANCH,IOS,MASS,ACTIVE
SYN-U-15910,59,F,HOMEMAKER,15000.0,Sylhet,955,APP,ANDROID,STUDENT,ACTIVE
SYN-U-15911,20,F,SALARIED,50620.93,Khulna,249,APP,ANDROID,STUDENT,ACTIVE
SYN-U-15912,41,M,SALARIED,71279.07,Gazipur,116,USSD,ANDROID,MASS,ACTIVE
SYN-U-15913,25,F,STUDENT,20456.59,Mymensingh,1103,APP,ANDROID,MASS,ACTIVE
SYN-U-15914,40,M,BUSINESS,95225.12,Sylhet,388,APP,ANDROID,AFFLUENT,ACTIVE
SYN-U-15915,34,M,BUSINESS,66096.46,Dhaka,1419,BRANCH,ANDROID,MASS,DORMANT
SYN-U-15916,50,F,SALARIED,48747.72,Khulna,536,APP,ANDROID,MASS,ACTIVE
SYN-U-15917,45,M,FREELANCER,68359.59,Dhaka,1663,USSD,ANDROID,STUDENT,ACTIVE
SYN-U-15918,69,F,BUSINESS,50261.17,Dhaka,150,USSD,ANDROID,MASS,ACTIVE
SYN-U-15919,26,F,SALARIED,46550.73,Dhaka,281,APP,ANDROID,SME,ACTIVE
SYN-U-15920,58,F,FREELANCER,99615.21,Dhaka,174,APP,ANDROID,SME,ACTIVE
SYN-U-15921,47,M,SALARIED,44036.46,Rajshahi,2456,AGENT,IOS,PAYROLL,ACTIVE
SYN-U-15922,50,F,SALARIED,53509.25,Khulna,2013,BRANCH,IOS,MASS,ACTIVE
SYN-U-15923,41,M,SALARIED,34514.15,Rajshahi,169,USSD,ANDROID,STUDENT,ACTIVE
SYN-U-15924,69,M,BUSINESS,51127.11,Dhaka,1768,BRANCH,ANDROID,MASS,ACTIVE
SYN-U-15925,45,F,SALARIED,54336.94,Narayanganj,903,AGENT,ANDROID,MASS,ACTIVE
SYN-U-15926,61,F,SALARIED,78603.81,Dhaka,1962,APP,ANDROID,MASS,ACTIVE
SYN-U-15927,29,M,FREELANCER,45952.51,Chittagong,453,APP,IOS,STUDENT,ACTIVE
SYN-U-15928,23,M,SALARIED,50644.32,Rajshahi,1117,AGENT,ANDROID,MASS,ACTIVE
SYN-U-15929,36,M,BUSINESS,80000.53,Chittagong,699,APP,ANDROID,MASS,ACTIVE
SYN-U-15930,59,O,SALARIED,48746.21,Rajshahi,1224,APP,FEATURE_PHONE,STUDENT,ACTIVE
SYN-U-15931,32,F,SALARIED,30775.5,Chittagong,864,AGENT,ANDROID,MASS,ACTIVE
SYN-U-15932,28,F,SALARIED,53507.89,Chittagong,2026,APP,ANDROID,MASS,ACTIVE
SYN-U-15933,40,F,FREELANCER,57923.29,Barishal,198,APP,IOS,MASS,ACTIVE
SYN-U-15934,54,F,SALARIED,167323.09,Gazipur,1603,APP,FEATURE_PHONE,AFFLUENT,ACTIVE
SYN-U-15935,43,M,FREELANCER,55619.72,Dhaka,1783,APP,IOS,PAYROLL,ACTIVE
SYN-U-15936,42,M,FREELANCER,83955.3,Mymensingh,1044,USSD,ANDROID,SME,ACTIVE
SYN-U-15937,53,M,STUDENT,15465.98,Dhaka,1148,BRANCH,ANDROID,STUDENT,ACTIVE
SYN-U-15938,53,F,SALARIED,75420.19,Rangpur,462,AGENT,ANDROID,SME,ACTIVE
SYN-U-15939,52,F,RETIRED,16550.49,Chittagong,653,APP,ANDROID,MASS,ACTIVE
SYN-U-15940,47,F,SALARIED,42270.86,Sylhet,2407,AGENT,ANDROID,STUDENT,ACTIVE
SYN-U-15941,42,M,BUSINESS,31007.0,Dhaka,2419,APP,ANDROID,MASS,ACTIVE
SYN-U-15942,46,M,SALARIED,42688.22,Chittagong,158,APP,ANDROID,MASS,ACTIVE
SYN-U-15943,62,M,BUSINESS,60318.31,Chittagong,2414,APP,ANDROID,STUDENT,ACTIVE
SYN-U-15944,46,F,FREELANCER,67522.67,Khulna,1405,AGENT,ANDROID,MASS,RESTRICTED
SYN-U-15945,62,F,FREELANCER,71247.44,Barishal,99,APP,ANDROID,MASS,DORMANT
SYN-U-15946,53,F,SALARIED,52993.77,Rajshahi,2252,APP,ANDROID,MASS,ACTIVE
SYN-U-15947,68,M,SALARIED,46464.58,Sylhet,411,APP,ANDROID,STUDENT,ACTIVE
SYN-U-15948,33,F,SALARIED,42355.44,Dhaka,2367,APP,ANDROID,MASS,ACTIVE
SYN-U-15949,25,M,SALARIED,92127.26,Chittagong,1778,AGENT,ANDROID,AFFLUENT,ACTIVE
SYN-U-15950,59,M,SALARIED,15000.0,Dhaka,1273,APP,ANDROID,MASS,ACTIVE
SYN-U-15951,48,M,SALARIED,85778.84,Jessore,1555,BRANCH,ANDROID,SME,ACTIVE
SYN-U-15952,45,M,BUSINESS,91225.19,Dhaka,837,AGENT,ANDROID,MASS,ACTIVE
SYN-U-15953,62,F,SALARIED,45809.35,Chittagong,1896,AGENT,ANDROID,MASS,ACTIVE
SYN-U-15954,42,M,SALARIED,52608.94,Rajshahi,1127,APP,IOS,MASS,ACTIVE
SYN-U-15955,53,M,STUDENT,19345.45,Dhaka,2324,APP,ANDROID,MASS,ACTIVE
SYN-U-15956,61,M,SALARIED,62410.63,Rangpur,818,APP,IOS,MASS,ACTIVE
SYN-U-15957,44,F,BUSINESS,67451.45,Chittagong,129,APP,ANDROID,MASS,ACTIVE
SYN-U-15958,21,M,STUDENT,23413.43,Gazipur,1910,APP,IOS,MASS,ACTIVE
SYN-U-15959,24,M,FREELANCER,34022.86,Dhaka,1162,APP,ANDROID,MASS,ACTIVE
SYN-U-15960,51,F,SALARIED,35835.42,Chittagong,505,APP,IOS,MASS,ACTIVE
SYN-U-15961,44,F,BUSINESS,146628.81,Dhaka,2356,AGENT,ANDROID,AFFLUENT,ACTIVE
SYN-U-15962,20,M,SALARIED,46509.28,Dhaka,2274,USSD,ANDROID,MASS,ACTIVE
SYN-U-15963,19,F,SALARIED,91502.81,Dhaka,781,AGENT,ANDROID,AFFLUENT,ACTIVE
SYN-U-15964,51,M,SALARIED,89191.46,Dhaka,777,APP,ANDROID,SME,ACTIVE
SYN-U-15965,33,M,BUSINESS,21329.13,Cumilla,1553,AGENT,ANDROID,MASS,ACTIVE
SYN-U-15966,70,F,SALARIED,46096.77,Chittagong,231,APP,ANDROID,PAYROLL,ACTIVE
SYN-U-15967,42,F,BUSINESS,104613.57,Barishal,2104,APP,ANDROID,MASS,ACTIVE
SYN-U-15968,68,F,BUSINESS,15000.0,Khulna,2283,APP,ANDROID,AFFLUENT,ACTIVE
SYN-U-15969,58,F,BUSINESS,176197.3,Cox's Bazar,179,AGENT,ANDROID,AFFLUENT,DORMANT
SYN-U-15970,49,M,SALARIED,69484.41,Dhaka,1259,BRANCH,ANDROID,AFFLUENT,ACTIVE
SYN-U-15971,57,F,BUSINESS,15000.0,Mymensingh,405,APP,ANDROID,MASS,ACTIVE
SYN-U-15972,33,F,STUDENT,18798.51,Mymensingh,817,AGENT,ANDROID,MASS,ACTIVE
SYN-U-15973,59,F,SALARIED,51559.31,Dhaka,101,APP,ANDROID,MASS,ACTIVE
SYN-U-15974,20,M,SALARIED,36550.63,Chittagong,977,APP,ANDROID,MASS,ACTIVE
SYN-U-15975,68,F,STUDENT,15000.0,Dhaka,1174,APP,FEATURE_PHONE,MASS,ACTIVE
SYN-U-15976,55,M,STUDENT,18045.68,Chittagong,2441,APP,ANDROID,MASS,ACTIVE
SYN-U-15977,41,M,SALARIED,31134.11,Dhaka,2496,APP,ANDROID,PAYROLL,ACTIVE
SYN-U-15978,29,M,BUSINESS,15000.0,Dhaka,969,AGENT,ANDROID,PAYROLL,ACTIVE
SYN-U-15979,68,M,BUSINESS,59520.94,Jessore,562,BRANCH,ANDROID,MASS,ACTIVE
SYN-U-15980,43,F,FREELANCER,58852.98,Chittagong,757,APP,ANDROID,MASS,ACTIVE
SYN-U-15981,52,M,SALARIED,36904.41,Dhaka,415,AGENT,ANDROID,MASS,ACTIVE
SYN-U-15982,58,M,SALARIED,112939.82,Dhaka,1038,APP,ANDROID,AFFLUENT,ACTIVE
SYN-U-15983,29,M,SALARIED,42503.89,Chittagong,321,APP,ANDROID,PAYROLL,ACTIVE
SYN-U-15984,18,F,BUSINESS,117847.09,Dhaka,472,AGENT,ANDROID,AFFLUENT,ACTIVE
SYN-U-15985,68,M,SALARIED,66490.18,Dhaka,2136,AGENT,ANDROID,MASS,ACTIVE
SYN-U-15986,49,M,SALARIED,44162.41,Dhaka,2497,APP,ANDROID,MASS,ACTIVE
SYN-U-15987,23,F,SALARIED,41628.57,Cumilla,936,APP,ANDROID,PAYROLL,ACTIVE
SYN-U-15988,43,M,FREELANCER,119158.01,Dhaka,2049,APP,ANDROID,AFFLUENT,ACTIVE
SYN-U-15989,68,F,STUDENT,20822.65,Dhaka,2224,APP,ANDROID,PAYROLL,ACTIVE
SYN-U-15990,39,M,HOMEMAKER,15000.0,Dhaka,2324,APP,ANDROID,MASS,ACTIVE
SYN-U-15991,22,M,STUDENT,15000.0,Chittagong,2206,USSD,ANDROID,STUDENT,ACTIVE
SYN-U-15992,55,F,SALARIED,45145.75,Dhaka,1289,APP,ANDROID,STUDENT,ACTIVE
SYN-U-15993,69,M,FREELANCER,58414.43,Dhaka,61,APP,IOS,STUDENT,ACTIVE
SYN-U-15994,23,M,FREELANCER,52817.47,Gazipur,1144,AGENT,ANDROID,STUDENT,ACTIVE
SYN-U-15995,49,F,BUSINESS,109154.31,Dhaka,1026,BRANCH,ANDROID,MASS,ACTIVE
SYN-U-15996,45,F,BUSINESS,70425.98,Chittagong,2404,APP,ANDROID,STUDENT,ACTIVE
SYN-U-15997,49,M,STUDENT,15000.0,Dhaka,2077,APP,ANDROID,MASS,ACTIVE
SYN-U-15998,61,F,SALARIED,125211.79,Gazipur,1317,AGENT,ANDROID,AFFLUENT,ACTIVE
SYN-U-15999,70,F,SALARIED,30173.2,Mymensingh,1285,AGENT,ANDROID,MASS,ACTIVE
SYN-U-16000,65,F,BUSINESS,106831.8,Dhaka,760,APP,ANDROID,SME,ACTIVE
SYN-U-16001,60,F,SALARIED,69374.2,Chittagong,1417,AGENT,ANDROID,MASS,ACTIVE
SYN-U-16002,44,F,STUDENT,15043.88,Chittagong,145,APP,ANDROID,MASS,ACTIVE
SYN-U-16003,24,F,HOMEMAKER,29012.56,Cumilla,1043,APP,IOS,MASS,DORMANT
SYN-U-16004,35,F,STUDENT,52411.63,Mymensingh,211,AGENT,ANDROID,AFFLUENT,ACTIVE
SYN-U-16005,50,M,SALARIED,34428.72,Dhaka,1932,APP,ANDROID,MASS,ACTIVE
SYN-U-16006,50,M,STUDENT,15000.0,Rajshahi,2086,APP,ANDROID,MASS,ACTIVE
SYN-U-16007,57,M,RETIRED,27455.15,Cumilla,1834,APP,ANDROID,PAYROLL,ACTIVE
SYN-U-16008,44,F,SALARIED,93246.92,Dhaka,1474,BRANCH,ANDROID,SME,ACTIVE
SYN-U-16009,20,F,SALARIED,44139.38,Gazipur,1465,APP,ANDROID,STUDENT,ACTIVE
SYN-U-16010,39,M,SALARIED,67669.43,Cumilla,801,AGENT,ANDROID,MASS,ACTIVE
SYN-U-16011,24,F,SALARIED,42335.62,Sylhet,791,APP,IOS,MASS,ACTIVE
SYN-U-16012,62,F,SALARIED,181383.13,Dhaka,1101,APP,ANDROID,AFFLUENT,ACTIVE
SYN-U-16013,61,F,BUSINESS,51541.19,Sylhet,2107,AGENT,IOS,MASS,ACTIVE
SYN-U-16014,53,M,SALARIED,67353.16,Sylhet,1097,APP,ANDROID,MASS,ACTIVE
SYN-U-16015,60,F,FREELANCER,24876.93,Dhaka,215,APP,ANDROID,MASS,ACTIVE
SYN-U-16016,43,F,SALARIED,48844.33,Narayanganj,2202,AGENT,ANDROID,SME,ACTIVE
SYN-U-16017,33,M,BUSINESS,75149.71,Chittagong,547,AGENT,ANDROID,MASS,ACTIVE
SYN-U-16018,45,F,SALARIED,38050.82,Dhaka,2464,APP,ANDROID,STUDENT,ACTIVE
SYN-U-16019,47,M,STUDENT,15019.21,Dhaka,1260,APP,IOS,MASS,ACTIVE
SYN-U-16020,22,F,SALARIED,42014.78,Dhaka,36,APP,IOS,MASS,ACTIVE
SYN-U-16021,48,M,BUSINESS,190154.32,Dhaka,891,APP,ANDROID,AFFLUENT,ACTIVE
SYN-U-16022,66,M,FREELANCER,56950.35,Dhaka,2462,BRANCH,ANDROID,MASS,ACTIVE
SYN-U-16023,66,F,SALARIED,48841.6,Sylhet,1814,AGENT,ANDROID,MASS,ACTIVE
SYN-U-16024,26,M,HOMEMAKER,41314.58,Dhaka,704,APP,ANDROID,AFFLUENT,ACTIVE
SYN-U-16025,36,M,BUSINESS,25559.7,Barishal,1676,BRANCH,IOS,STUDENT,ACTIVE
SYN-U-16026,61,F,SALARIED,43088.74,Khulna,959,APP,IOS,MASS,ACTIVE
SYN-U-16027,71,M,SALARIED,95504.56,Gazipur,2132,APP,ANDROID,AFFLUENT,ACTIVE
SYN-U-16028,54,M,STUDENT,32096.06,Chittagong,1256,APP,ANDROID,SME,ACTIVE
SYN-U-16029,35,M,SALARIED,37409.05,Chittagong,355,USSD,ANDROID,MASS,ACTIVE
SYN-U-16030,41,M,BUSINESS,15000.0,Jessore,2009,APP,ANDROID,PAYROLL,ACTIVE
SYN-U-16031,62,M,BUSINESS,100778.31,Chittagong,1187,AGENT,ANDROID,SME,ACTIVE
SYN-U-16032,35,M,SALARIED,45044.54,Mymensingh,2168,AGENT,FEATURE_PHONE,MASS,ACTIVE
SYN-U-16033,69,F,BUSINESS,38699.64,Chittagong,730,APP,ANDROID,MASS,ACTIVE
SYN-U-16034,19,M,SALARIED,57266.33,Chittagong,1141,APP,ANDROID,MASS,ACTIVE
SYN-U-16035,55,M,BUSINESS,96973.8,Khulna,1354,AGENT,ANDROID,MASS,ACTIVE
SYN-U-16036,62,M,RETIRED,22518.77,Gazipur,106,APP,ANDROID,MASS,ACTIVE
SYN-U-16037,31,F,BUSINESS,232864.95,Dhaka,932,APP,IOS,AFFLUENT,ACTIVE
SYN-U-16038,23,M,FREELANCER,41209.9,Dhaka,2167,AGENT,ANDROID,PAYROLL,ACTIVE
SYN-U-16039,44,M,BUSINESS,96716.57,Narayanganj,972,APP,ANDROID,AFFLUENT,ACTIVE
SYN-U-16040,30,F,BUSINESS,49216.36,Gazipur,2487,APP,ANDROID,PAYROLL,ACTIVE
SYN-U-16041,34,F,FREELANCER,35917.22,Barishal,1717,USSD,ANDROID,AFFLUENT,ACTIVE
SYN-U-16042,33,M,HOMEMAKER,15000.0,Dhaka,802,AGENT,ANDROID,MASS,ACTIVE
SYN-U-16043,57,M,HOMEMAKER,18091.79,Gazipur,1648,APP,ANDROID,STUDENT,ACTIVE
SYN-U-16044,70,M,RETIRED,71614.98,Sylhet,211,BRANCH,ANDROID,AFFLUENT,ACTIVE
SYN-U-16045,50,F,BUSINESS,297318.68,Rangpur,460,APP,ANDROID,AFFLUENT,ACTIVE
SYN-U-16046,30,M,FREELANCER,83690.76,Dhaka,2052,APP,IOS,PAYROLL,ACTIVE
SYN-U-16047,68,M,FREELANCER,26424.31,Chittagong,2163,APP,ANDROID,STUDENT,ACTIVE
SYN-U-16048,58,F,SALARIED,62601.9,Bogura,1595,APP,ANDROID,MASS,ACTIVE
SYN-U-16049,71,M,RETIRED,34368.57,Dhaka,1370,APP,ANDROID,MASS,ACTIVE
SYN-U-16050,58,F,BUSINESS,82419.47,Sylhet,120,APP,ANDROID,MASS,ACTIVE
SYN-U-16051,47,F,BUSINESS,72008.35,Chittagong,1067,APP,IOS,PAYROLL,ACTIVE
SYN-U-16052,45,M,HOMEMAKER,75627.8,Barishal,1102,APP,ANDROID,AFFLUENT,ACTIVE
SYN-U-16053,60,M,SALARIED,69181.83,Dhaka,1318,BRANCH,ANDROID,MASS,ACTIVE
SYN-U-16054,47,M,BUSINESS,82250.58,Chittagong,1150,AGENT,ANDROID,MASS,ACTIVE
SYN-U-16055,43,M,SALARIED,29094.62,Khulna,435,APP,ANDROID,MASS,ACTIVE
SYN-U-16056,38,F,BUSINESS,15000.0,Rajshahi,1100,AGENT,ANDROID,MASS,ACTIVE
SYN-U-16057,18,M,BUSINESS,76164.81,Khulna,1501,BRANCH,ANDROID,MASS,ACTIVE
SYN-U-16058,28,F,BUSINESS,160051.53,Sylhet,585,APP,ANDROID,SME,ACTIVE
SYN-U-16059,57,F,SALARIED,28037.61,Dhaka,2088,APP,ANDROID,MASS,ACTIVE
SYN-U-16060,20,F,BUSINESS,54322.96,Sylhet,2247,USSD,ANDROID,STUDENT,ACTIVE
SYN-U-16061,47,M,SALARIED,73661.71,Rajshahi,778,APP,ANDROID,MASS,ACTIVE
SYN-U-16062,44,M,FREELANCER,61406.14,Barishal,1663,AGENT,IOS,MASS,ACTIVE
SYN-U-16063,28,F,BUSINESS,80870.75,Gazipur,1222,APP,IOS,MASS,ACTIVE
SYN-U-16064,25,M,SALARIED,55409.64,Dhaka,1234,APP,ANDROID,MASS,ACTIVE
SYN-U-16065,70,F,FREELANCER,131284.11,Khulna,319,AGENT,ANDROID,SME,ACTIVE
SYN-U-16066,23,F,SALARIED,109554.23,Rajshahi,1358,APP,ANDROID,SME,ACTIVE
SYN-U-16067,68,F,RETIRED,102944.38,Narayanganj,955,APP,IOS,AFFLUENT,ACTIVE
SYN-U-16068,19,M,SALARIED,35563.73,Dhaka,194,APP,ANDROID,MASS,ACTIVE
SYN-U-16069,65,M,BUSINESS,89330.36,Dhaka,1174,AGENT,ANDROID,SME,ACTIVE
SYN-U-16070,54,M,BUSINESS,62778.22,Dhaka,1540,APP,ANDROID,PAYROLL,ACTIVE
SYN-U-16071,42,M,SALARIED,96597.47,Narayanganj,2453,AGENT,ANDROID,AFFLUENT,ACTIVE
SYN-U-16072,18,M,BUSINESS,61529.09,Mymensingh,1587,APP,ANDROID,STUDENT,ACTIVE
SYN-U-16073,31,F,SALARIED,33469.48,Dhaka,1327,AGENT,ANDROID,MASS,ACTIVE
SYN-U-16074,29,M,SALARIED,21192.71,Sylhet,1690,APP,IOS,MASS,ACTIVE
SYN-U-16075,33,M,FREELANCER,81597.57,Dhaka,66,APP,ANDROID,MASS,ACTIVE
SYN-U-16076,28,F,SALARIED,29840.69,Dhaka,1274,BRANCH,ANDROID,MASS,ACTIVE
SYN-U-16077,57,M,BUSINESS,102533.06,Dhaka,191,APP,IOS,MASS,ACTIVE
SYN-U-16078,58,M,SALARIED,101623.18,Khulna,2265,APP,ANDROID,SME,ACTIVE
SYN-U-16079,35,F,FREELANCER,27378.97,Khulna,443,AGENT,ANDROID,STUDENT,ACTIVE
SYN-U-16080,42,F,STUDENT,15000.0,Mymensingh,1410,APP,IOS,STUDENT,ACTIVE
SYN-U-16081,37,F,SALARIED,64644.93,Barishal,1337,APP,ANDROID,SME,ACTIVE
SYN-U-16082,65,M,SALARIED,45316.34,Gazipur,2379,BRANCH,ANDROID,MASS,ACTIVE
SYN-U-16083,52,M,STUDENT,24420.94,Dhaka,2136,APP,ANDROID,MASS,ACTIVE
SYN-U-16084,18,M,HOMEMAKER,23043.97,Dhaka,2123,APP,IOS,SME,ACTIVE
SYN-U-16085,49,M,STUDENT,27179.27,Rangpur,1220,AGENT,ANDROID,MASS,ACTIVE
SYN-U-16086,41,F,SALARIED,49798.42,Gazipur,917,AGENT,IOS,MASS,ACTIVE
SYN-U-16087,38,M,BUSINESS,69377.4,Chittagong,2391,AGENT,ANDROID,SME,ACTIVE
SYN-U-16088,21,M,SALARIED,136610.01,Chittagong,2012,APP,IOS,AFFLUENT,ACTIVE
SYN-U-16089,38,M,SALARIED,119330.39,Dhaka,2154,USSD,ANDROID,AFFLUENT,ACTIVE
SYN-U-16090,54,F,BUSINESS,15000.0,Rajshahi,1866,AGENT,ANDROID,MASS,ACTIVE
SYN-U-16091,41,F,BUSINESS,184472.41,Dhaka,1112,APP,ANDROID,AFFLUENT,ACTIVE
SYN-U-16092,24,M,FREELANCER,42171.48,Khulna,1737,APP,ANDROID,MASS,ACTIVE
SYN-U-16093,70,M,SALARIED,41925.79,Khulna,216,APP,ANDROID,STUDENT,ACTIVE
SYN-U-16094,20,F,BUSINESS,92833.62,Sylhet,390,BRANCH,ANDROID,MASS,ACTIVE
SYN-U-16095,54,M,BUSINESS,62205.43,Rangpur,1063,APP,ANDROID,MASS,ACTIVE
SYN-U-16096,57,F,BUSINESS,94031.69,Cumilla,2423,APP,ANDROID,MASS,ACTIVE
SYN-U-16097,33,M,BUSINESS,82587.75,Dhaka,523,AGENT,ANDROID,MASS,ACTIVE
SYN-U-16098,32,M,SALARIED,39275.39,Dhaka,81,APP,ANDROID,MASS,ACTIVE
SYN-U-16099,21,M,SALARIED,41491.29,Rajshahi,861,APP,FEATURE_PHONE,MASS,ACTIVE
SYN-U-16100,22,M,SALARIED,39751.17,Dhaka,1893,BRANCH,IOS,PAYROLL,ACTIVE
SYN-U-16101,61,M,SALARIED,81519.4,Barishal,431,APP,ANDROID,AFFLUENT,ACTIVE
SYN-U-16102,49,M,STUDENT,41116.35,Dhaka,2323,AGENT,ANDROID,SME,ACTIVE
SYN-U-16103,41,F,STUDENT,15265.59,Cumilla,1266,APP,ANDROID,PAYROLL,ACTIVE
SYN-U-16104,31,F,RETIRED,31333.18,Dhaka,1578,AGENT,ANDROID,STUDENT,ACTIVE
SYN-U-16105,71,M,HOMEMAKER,28379.12,Rajshahi,1277,APP,ANDROID,PAYROLL,ACTIVE
SYN-U-16106,56,F,FREELANCER,68393.87,Khulna,2045,AGENT,ANDROID,MASS,ACTIVE
SYN-U-16107,25,F,BUSINESS,34957.75,Rajshahi,774,APP,IOS,PAYROLL,ACTIVE
SYN-U-16108,70,M,SALARIED,25306.99,Mymensingh,382,APP,ANDROID,PAYROLL,ACTIVE
SYN-U-16109,55,M,FREELANCER,45258.17,Dhaka,406,APP,ANDROID,MASS,ACTIVE
SYN-U-16110,56,M,SALARIED,117175.8,Dhaka,1261,USSD,ANDROID,SME,ACTIVE
SYN-U-16111,28,M,SALARIED,85987.42,Chittagong,1531,APP,ANDROID,AFFLUENT,ACTIVE
SYN-U-16112,36,F,BUSINESS,29768.41,Sylhet,152,BRANCH,ANDROID,MASS,ACTIVE
SYN-U-16113,55,F,SALARIED,67927.86,Dhaka,730,AGENT,ANDROID,MASS,ACTIVE
SYN-U-16114,67,F,STUDENT,57132.78,Dhaka,1602,APP,IOS,AFFLUENT,ACTIVE
SYN-U-16115,32,M,SALARIED,58744.99,Dhaka,1687,APP,ANDROID,SME,ACTIVE
SYN-U-16116,68,M,SALARIED,42681.34,Dhaka,448,APP,ANDROID,MASS,ACTIVE
SYN-U-16117,26,F,STUDENT,15000.0,Cox's Bazar,1769,APP,ANDROID,MASS,ACTIVE
SYN-U-16118,37,F,STUDENT,16593.25,Rangpur,1784,APP,ANDROID,MASS,ACTIVE
SYN-U-16119,58,F,BUSINESS,15000.0,Rangpur,2161,APP,ANDROID,STUDENT,ACTIVE
SYN-U-16120,62,M,RETIRED,34589.97,Sylhet,509,AGENT,ANDROID,STUDENT,ACTIVE
SYN-U-16121,64,M,FREELANCER,69993.11,Chittagong,1782,APP,ANDROID,MASS,ACTIVE
SYN-U-16122,63,F,BUSINESS,97894.32,Chittagong,1973,APP,ANDROID,MASS,ACTIVE
SYN-U-16123,38,M,STUDENT,15000.0,Mymensingh,2193,APP,ANDROID,MASS,ACTIVE
SYN-U-16124,44,F,FREELANCER,31932.36,Sylhet,529,APP,ANDROID,STUDENT,ACTIVE
SYN-U-16125,56,M,SALARIED,30882.12,Dhaka,220,APP,ANDROID,MASS,ACTIVE
SYN-U-16126,66,M,SALARIED,28943.26,Jessore,770,AGENT,ANDROID,MASS,ACTIVE
SYN-U-16127,45,M,FREELANCER,47630.94,Mymensingh,2277,AGENT,ANDROID,MASS,ACTIVE
SYN-U-16128,56,M,SALARIED,55014.62,Chittagong,53,APP,ANDROID,MASS,RESTRICTED
SYN-U-16129,65,F,SALARIED,44107.61,Dhaka,1487,BRANCH,ANDROID,MASS,ACTIVE
SYN-U-16130,33,F,BUSINESS,35888.97,Rajshahi,1005,USSD,ANDROID,MASS,ACTIVE
SYN-U-16131,47,F,SALARIED,40651.35,Dhaka,1328,BRANCH,ANDROID,STUDENT,ACTIVE
SYN-U-16132,42,M,STUDENT,15911.37,Dhaka,2175,APP,ANDROID,MASS,ACTIVE
SYN-U-16133,27,M,SALARIED,34500.36,Khulna,130,APP,ANDROID,MASS,ACTIVE
SYN-U-16134,20,F,SALARIED,51205.02,Chittagong,577,APP,IOS,MASS,ACTIVE
SYN-U-16135,46,M,BUSINESS,46086.72,Chittagong,450,APP,ANDROID,MASS,ACTIVE
SYN-U-16136,66,M,SALARIED,107614.29,Rajshahi,151,APP,ANDROID,AFFLUENT,ACTIVE
SYN-U-16137,51,M,FREELANCER,25642.1,Sylhet,2183,APP,ANDROID,STUDENT,ACTIVE
SYN-U-16138,55,F,SALARIED,25269.0,Sylhet,244,APP,ANDROID,MASS,ACTIVE
SYN-U-16139,48,M,HOMEMAKER,39318.75,Dhaka,2010,APP,ANDROID,MASS,ACTIVE
SYN-U-16140,19,F,SALARIED,71406.6,Gazipur,431,USSD,ANDROID,MASS,ACTIVE
SYN-U-16141,32,F,BUSINESS,71406.09,Dhaka,1549,AGENT,ANDROID,MASS,ACTIVE
SYN-U-16142,24,M,FREELANCER,90758.43,Cumilla,2251,AGENT,ANDROID,SME,ACTIVE
SYN-U-16143,56,M,STUDENT,25313.83,Gazipur,2104,APP,ANDROID,MASS,ACTIVE
SYN-U-16144,56,M,HOMEMAKER,19474.53,Mymensingh,256,APP,ANDROID,MASS,RESTRICTED
SYN-U-16145,62,M,FREELANCER,38042.97,Dhaka,551,BRANCH,ANDROID,MASS,ACTIVE
SYN-U-16146,43,F,SALARIED,53924.75,Dhaka,218,APP,ANDROID,MASS,ACTIVE
SYN-U-16147,53,M,SALARIED,40773.5,Dhaka,1219,AGENT,ANDROID,MASS,ACTIVE
SYN-U-16148,65,F,SALARIED,70476.66,Dhaka,1395,AGENT,ANDROID,AFFLUENT,ACTIVE
SYN-U-16149,71,F,SALARIED,55312.44,Sylhet,2285,AGENT,ANDROID,MASS,ACTIVE
SYN-U-16150,41,M,BUSINESS,17958.94,Dhaka,2027,AGENT,ANDROID,MASS,ACTIVE
SYN-U-16151,28,M,STUDENT,15000.0,Chittagong,782,APP,ANDROID,MASS,ACTIVE
SYN-U-16152,25,M,SALARIED,49205.35,Chittagong,1922,APP,FEATURE_PHONE,PAYROLL,ACTIVE
SYN-U-16153,35,M,BUSINESS,27906.97,Barishal,1198,APP,ANDROID,MASS,ACTIVE
SYN-U-16154,33,F,BUSINESS,89248.54,Rajshahi,1059,APP,ANDROID,SME,ACTIVE
SYN-U-16155,52,F,BUSINESS,60635.35,Dhaka,2350,BRANCH,ANDROID,MASS,ACTIVE
SYN-U-16156,40,F,BUSINESS,77183.48,Dhaka,1868,AGENT,ANDROID,MASS,DORMANT
SYN-U-16157,58,M,FREELANCER,46483.57,Dhaka,1677,APP,IOS,MASS,ACTIVE
SYN-U-16158,53,M,FREELANCER,70891.73,Mymensingh,1330,APP,ANDROID,MASS,ACTIVE
SYN-U-16159,63,M,FREELANCER,52133.56,Khulna,917,APP,ANDROID,STUDENT,ACTIVE
SYN-U-16160,69,M,BUSINESS,53525.45,Sylhet,47,AGENT,ANDROID,MASS,ACTIVE
SYN-U-16161,50,F,FREELANCER,79744.49,Barishal,203,APP,IOS,MASS,ACTIVE
SYN-U-16162,51,F,SALARIED,153897.46,Dhaka,1161,APP,ANDROID,AFFLUENT,ACTIVE
SYN-U-16163,25,M,BUSINESS,43154.96,Dhaka,1983,USSD,ANDROID,MASS,ACTIVE
SYN-U-16164,35,F,SALARIED,46440.77,Dhaka,2394,APP,ANDROID,MASS,ACTIVE
SYN-U-16165,71,M,RETIRED,27124.84,Dhaka,2011,APP,ANDROID,AFFLUENT,ACTIVE
SYN-U-16166,21,F,BUSINESS,30848.32,Rajshahi,1322,AGENT,ANDROID,MASS,ACTIVE
SYN-U-16167,48,M,SALARIED,44539.47,Mymensingh,614,APP,ANDROID,MASS,ACTIVE
SYN-U-16168,31,M,SALARIED,50304.83,Dhaka,1377,APP,ANDROID,MASS,ACTIVE
SYN-U-16169,59,F,BUSINESS,80052.6,Chittagong,2335,AGENT,ANDROID,MASS,ACTIVE
SYN-U-16170,31,M,FREELANCER,29134.43,Dhaka,2315,APP,ANDROID,STUDENT,ACTIVE
SYN-U-16171,29,M,STUDENT,27145.57,Chittagong,1139,APP,ANDROID,MASS,ACTIVE
SYN-U-16172,52,F,BUSINESS,54131.87,Rajshahi,164,APP,ANDROID,MASS,ACTIVE
SYN-U-16173,52,M,STUDENT,15019.39,Dhaka,2446,APP,ANDROID,MASS,ACTIVE
SYN-U-16174,55,F,SALARIED,56833.79,Chittagong,1647,AGENT,ANDROID,MASS,ACTIVE
SYN-U-16175,36,F,STUDENT,15956.4,Chittagong,273,AGENT,ANDROID,MASS,ACTIVE
SYN-U-16176,27,F,FREELANCER,53982.74,Chittagong,1884,APP,ANDROID,MASS,ACTIVE
SYN-U-16177,44,M,FREELANCER,155788.25,Chittagong,1561,APP,ANDROID,SME,ACTIVE
SYN-U-16178,61,M,SALARIED,122556.6,Dhaka,936,AGENT,IOS,SME,ACTIVE
SYN-U-16179,52,F,SALARIED,81475.37,Chittagong,264,BRANCH,ANDROID,SME,ACTIVE
SYN-U-16180,22,M,SALARIED,48436.36,Khulna,2235,AGENT,ANDROID,MASS,ACTIVE
SYN-U-16181,55,M,FREELANCER,150750.18,Chittagong,545,APP,ANDROID,AFFLUENT,ACTIVE
SYN-U-16182,36,M,STUDENT,17038.16,Dhaka,738,APP,ANDROID,MASS,ACTIVE
SYN-U-16183,60,F,FREELANCER,15000.0,Rajshahi,529,APP,ANDROID,PAYROLL,ACTIVE
SYN-U-16184,57,F,SALARIED,42794.01,Dhaka,2174,APP,IOS,PAYROLL,ACTIVE
SYN-U-16185,50,M,SALARIED,70042.97,Dhaka,45,APP,IOS,MASS,ACTIVE
SYN-U-16186,24,F,SALARIED,54318.84,Rajshahi,1813,AGENT,IOS,STUDENT,ACTIVE
SYN-U-16187,45,F,SALARIED,56759.32,Cumilla,1525,APP,ANDROID,MASS,ACTIVE
SYN-U-16188,44,F,SALARIED,53174.53,Dhaka,669,APP,ANDROID,AFFLUENT,ACTIVE
SYN-U-16189,48,M,BUSINESS,114445.2,Rajshahi,1475,APP,ANDROID,AFFLUENT,ACTIVE
SYN-U-16190,31,F,SALARIED,104510.34,Dhaka,1768,APP,ANDROID,AFFLUENT,ACTIVE
SYN-U-16191,26,F,STUDENT,22776.58,Dhaka,983,APP,ANDROID,MASS,ACTIVE
SYN-U-16192,53,M,STUDENT,15000.0,Gazipur,2047,APP,ANDROID,STUDENT,ACTIVE
SYN-U-16193,30,M,SALARIED,99362.16,Bogura,331,APP,ANDROID,SME,ACTIVE
SYN-U-16194,33,M,SALARIED,39288.69,Cumilla,666,APP,ANDROID,MASS,ACTIVE
SYN-U-16195,52,M,SALARIED,40037.86,Dhaka,214,AGENT,ANDROID,MASS,ACTIVE
SYN-U-16196,69,F,FREELANCER,103975.46,Sylhet,1031,USSD,ANDROID,AFFLUENT,ACTIVE
SYN-U-16197,19,F,SALARIED,56502.41,Dhaka,489,AGENT,ANDROID,MASS,ACTIVE
SYN-U-16198,54,M,BUSINESS,117993.54,Gazipur,1102,APP,ANDROID,AFFLUENT,ACTIVE
SYN-U-16199,64,F,HOMEMAKER,21051.2,Chittagong,2237,AGENT,ANDROID,MASS,ACTIVE
SYN-U-16200,47,M,STUDENT,23381.26,Barishal,467,APP,ANDROID,PAYROLL,ACTIVE
SYN-U-16201,64,M,BUSINESS,94208.51,Cox's Bazar,103,BRANCH,IOS,MASS,DORMANT
SYN-U-16202,35,F,RETIRED,33405.04,Dhaka,168,APP,IOS,MASS,ACTIVE
SYN-U-16203,53,M,BUSINESS,36285.09,Mymensingh,864,AGENT,ANDROID,MASS,ACTIVE
SYN-U-16204,70,F,BUSINESS,88597.11,Sylhet,618,APP,ANDROID,MASS,ACTIVE
SYN-U-16205,53,O,SALARIED,50162.34,Chittagong,1383,APP,ANDROID,MASS,ACTIVE
SYN-U-16206,44,M,SALARIED,32016.5,Dhaka,964,APP,ANDROID,PAYROLL,ACTIVE
SYN-U-16207,60,F,BUSINESS,94410.21,Narayanganj,2345,BRANCH,IOS,SME,ACTIVE
SYN-U-16208,18,M,BUSINESS,47347.95,Cox's Bazar,1667,BRANCH,ANDROID,MASS,ACTIVE
SYN-U-16209,41,M,HOMEMAKER,67749.1,Gazipur,637,APP,IOS,AFFLUENT,ACTIVE
SYN-U-16210,22,M,SALARIED,54079.2,Dhaka,570,APP,ANDROID,MASS,ACTIVE
SYN-U-16211,25,F,SALARIED,104236.03,Gazipur,1925,APP,ANDROID,SME,ACTIVE
SYN-U-16212,35,F,SALARIED,56027.16,Narayanganj,891,APP,ANDROID,MASS,ACTIVE
SYN-U-16213,71,M,FREELANCER,69514.32,Chittagong,1965,APP,ANDROID,MASS,ACTIVE
SYN-U-16214,47,F,SALARIED,68297.23,Sylhet,532,AGENT,ANDROID,MASS,ACTIVE
SYN-U-16215,21,M,SALARIED,52755.71,Dhaka,399,USSD,IOS,MASS,ACTIVE
SYN-U-16216,18,M,SALARIED,36114.36,Dhaka,340,APP,ANDROID,MASS,ACTIVE
SYN-U-16217,25,F,STUDENT,22356.79,Dhaka,1197,AGENT,ANDROID,SME,ACTIVE
SYN-U-16218,36,F,BUSINESS,46647.48,Rajshahi,2389,APP,ANDROID,MASS,ACTIVE
SYN-U-16219,23,M,SALARIED,63922.02,Chittagong,1533,APP,ANDROID,MASS,ACTIVE
SYN-U-16220,37,F,SALARIED,65112.57,Dhaka,485,APP,ANDROID,MASS,ACTIVE
SYN-U-16221,31,F,SALARIED,75630.14,Chittagong,622,APP,ANDROID,MASS,ACTIVE
SYN-U-16222,49,F,SALARIED,99903.81,Sylhet,2474,AGENT,ANDROID,PAYROLL,ACTIVE
SYN-U-16223,34,M,BUSINESS,29693.36,Barishal,316,APP,ANDROID,STUDENT,DORMANT
SYN-U-16224,18,F,SALARIED,55410.82,Rangpur,1772,AGENT,ANDROID,MASS,ACTIVE
SYN-U-16225,20,M,BUSINESS,96530.27,Dhaka,1009,APP,IOS,MASS,ACTIVE
SYN-U-16226,61,F,BUSINESS,44188.74,Chittagong,1345,USSD,ANDROID,STUDENT,ACTIVE
SYN-U-16227,25,M,SALARIED,109875.06,Dhaka,1513,USSD,ANDROID,AFFLUENT,ACTIVE
SYN-U-16228,53,M,BUSINESS,77098.56,Cox's Bazar,1839,APP,ANDROID,MASS,ACTIVE
SYN-U-16229,43,M,FREELANCER,68738.44,Dhaka,2413,APP,FEATURE_PHONE,MASS,ACTIVE
SYN-U-16230,22,F,BUSINESS,85285.42,Rajshahi,263,USSD,ANDROID,MASS,ACTIVE
SYN-U-16231,19,F,BUSINESS,96970.88,Gazipur,792,APP,ANDROID,AFFLUENT,ACTIVE
SYN-U-16232,59,F,FREELANCER,39614.81,Khulna,830,USSD,ANDROID,SME,ACTIVE
SYN-U-16233,20,F,SALARIED,44912.59,Narayanganj,415,AGENT,IOS,MASS,ACTIVE
SYN-U-16234,21,M,SALARIED,73661.0,Barishal,1260,APP,ANDROID,MASS,ACTIVE
SYN-U-16235,48,F,SALARIED,58122.59,Dhaka,577,AGENT,ANDROID,MASS,ACTIVE
SYN-U-16236,55,M,SALARIED,34347.53,Gazipur,173,APP,ANDROID,MASS,ACTIVE
SYN-U-16237,41,F,SALARIED,77612.26,Narayanganj,1225,USSD,ANDROID,AFFLUENT,ACTIVE
SYN-U-16238,27,F,BUSINESS,43151.04,Dhaka,1891,USSD,ANDROID,MASS,ACTIVE
SYN-U-16239,53,M,BUSINESS,112669.11,Dhaka,1822,USSD,IOS,SME,ACTIVE
SYN-U-16240,38,F,SALARIED,16076.09,Mymensingh,311,APP,ANDROID,MASS,ACTIVE
SYN-U-16241,57,M,BUSINESS,50292.1,Chittagong,2022,APP,ANDROID,MASS,ACTIVE
SYN-U-16242,49,F,FREELANCER,97616.49,Dhaka,2224,APP,ANDROID,MASS,ACTIVE
SYN-U-16243,34,F,BUSINESS,72189.51,Gazipur,1250,APP,IOS,MASS,DORMANT
SYN-U-16244,22,F,FREELANCER,47216.43,Dhaka,519,AGENT,ANDROID,MASS,ACTIVE
SYN-U-16245,52,M,STUDENT,17592.46,Chittagong,761,APP,ANDROID,MASS,ACTIVE
SYN-U-16246,24,M,SALARIED,117661.92,Dhaka,883,APP,ANDROID,AFFLUENT,ACTIVE
SYN-U-16247,65,M,SALARIED,52713.49,Chittagong,2474,APP,ANDROID,PAYROLL,ACTIVE
SYN-U-16248,41,M,BUSINESS,97444.18,Sylhet,1854,BRANCH,IOS,MASS,ACTIVE
SYN-U-16249,45,M,SALARIED,42478.51,Dhaka,844,BRANCH,ANDROID,MASS,ACTIVE
SYN-U-16250,50,F,FREELANCER,38234.83,Dhaka,1458,AGENT,IOS,STUDENT,DORMANT
SYN-U-16251,31,F,SALARIED,56143.69,Rangpur,532,AGENT,ANDROID,MASS,DORMANT
SYN-U-16252,46,M,RETIRED,41052.88,Dhaka,950,AGENT,ANDROID,MASS,ACTIVE
SYN-U-16253,34,F,SALARIED,73425.06,Dhaka,1324,APP,ANDROID,SME,ACTIVE
SYN-U-16254,53,M,BUSINESS,52939.65,Sylhet,1808,AGENT,ANDROID,MASS,ACTIVE
SYN-U-16255,36,M,SALARIED,59456.11,Rangpur,169,AGENT,ANDROID,MASS,ACTIVE
SYN-U-16256,44,M,BUSINESS,46334.82,Chittagong,371,AGENT,FEATURE_PHONE,STUDENT,ACTIVE
SYN-U-16257,41,F,BUSINESS,42832.59,Chittagong,1015,AGENT,ANDROID,STUDENT,ACTIVE
SYN-U-16258,18,F,HOMEMAKER,16845.74,Mymensingh,169,APP,ANDROID,MASS,ACTIVE
SYN-U-16259,44,F,RETIRED,47214.56,Dhaka,2432,APP,ANDROID,MASS,ACTIVE
SYN-U-16260,71,M,HOMEMAKER,15000.0,Chittagong,2067,APP,ANDROID,AFFLUENT,ACTIVE
SYN-U-16261,48,M,SALARIED,38293.39,Gazipur,296,APP,ANDROID,MASS,ACTIVE
SYN-U-16262,18,F,STUDENT,16202.42,Cox's Bazar,1826,AGENT,ANDROID,PAYROLL,ACTIVE
SYN-U-16263,51,F,HOMEMAKER,18218.56,Sylhet,1587,AGENT,ANDROID,PAYROLL,ACTIVE
SYN-U-16264,57,F,FREELANCER,33680.74,Rajshahi,1559,AGENT,ANDROID,MASS,ACTIVE
SYN-U-16265,63,M,FREELANCER,48416.37,Dhaka,1700,APP,IOS,STUDENT,ACTIVE
SYN-U-16266,48,M,SALARIED,40445.76,Gazipur,863,BRANCH,ANDROID,MASS,ACTIVE
SYN-U-16267,49,M,SALARIED,20983.36,Cox's Bazar,995,APP,FEATURE_PHONE,PAYROLL,ACTIVE
SYN-U-16268,29,F,BUSINESS,131004.48,Gazipur,1584,APP,ANDROID,PAYROLL,ACTIVE
SYN-U-16269,59,F,HOMEMAKER,21817.89,Dhaka,1181,USSD,IOS,MASS,ACTIVE
SYN-U-16270,21,M,STUDENT,15000.0,Dhaka,738,USSD,ANDROID,MASS,ACTIVE
SYN-U-16271,18,O,FREELANCER,24761.64,Khulna,2118,USSD,ANDROID,MASS,ACTIVE
SYN-U-16272,19,M,SALARIED,124811.82,Rajshahi,815,APP,IOS,SME,ACTIVE
SYN-U-16273,71,F,BUSINESS,265707.3,Mymensingh,1132,APP,IOS,SME,ACTIVE
SYN-U-16274,67,F,SALARIED,42826.44,Chittagong,1625,APP,ANDROID,MASS,ACTIVE
SYN-U-16275,40,M,FREELANCER,15000.0,Dhaka,478,BRANCH,ANDROID,STUDENT,ACTIVE
SYN-U-16276,63,F,SALARIED,44080.97,Jessore,1319,USSD,ANDROID,STUDENT,ACTIVE
SYN-U-16277,50,F,BUSINESS,81801.2,Dhaka,2457,APP,ANDROID,STUDENT,ACTIVE
SYN-U-16278,36,F,SALARIED,30492.8,Chittagong,1412,APP,ANDROID,STUDENT,ACTIVE
SYN-U-16279,44,F,SALARIED,46671.61,Cumilla,859,APP,ANDROID,MASS,ACTIVE
SYN-U-16280,52,M,BUSINESS,48579.68,Bogura,1158,AGENT,ANDROID,MASS,ACTIVE
SYN-U-16281,42,F,BUSINESS,40168.55,Sylhet,2241,APP,ANDROID,MASS,ACTIVE
SYN-U-16282,26,M,BUSINESS,76475.97,Dhaka,1257,APP,ANDROID,MASS,ACTIVE
SYN-U-16283,21,M,SALARIED,50764.14,Narayanganj,186,APP,ANDROID,PAYROLL,ACTIVE
SYN-U-16284,56,F,SALARIED,83656.11,Dhaka,2212,BRANCH,ANDROID,SME,ACTIVE
SYN-U-16285,67,M,HOMEMAKER,18437.89,Chittagong,383,APP,ANDROID,MASS,ACTIVE
SYN-U-16286,30,M,FREELANCER,53460.6,Chittagong,1702,APP,IOS,MASS,ACTIVE
SYN-U-16287,61,F,FREELANCER,15000.0,Rajshahi,1896,APP,ANDROID,MASS,ACTIVE
SYN-U-16288,69,F,RETIRED,58396.23,Khulna,1829,APP,ANDROID,AFFLUENT,ACTIVE
SYN-U-16289,35,M,HOMEMAKER,29980.46,Dhaka,1128,BRANCH,IOS,AFFLUENT,ACTIVE
SYN-U-16290,47,F,SALARIED,87654.65,Dhaka,367,APP,IOS,SME,ACTIVE
SYN-U-16291,32,F,SALARIED,38372.88,Rajshahi,899,BRANCH,ANDROID,MASS,ACTIVE
SYN-U-16292,52,M,BUSINESS,154868.58,Gazipur,2281,APP,ANDROID,SME,ACTIVE
SYN-U-16293,53,M,FREELANCER,143361.86,Dhaka,2144,APP,ANDROID,SME,ACTIVE
SYN-U-16294,68,F,SALARIED,42968.52,Dhaka,2314,APP,ANDROID,MASS,ACTIVE
SYN-U-16295,69,F,SALARIED,114694.67,Dhaka,934,APP,ANDROID,SME,ACTIVE
SYN-U-16296,67,M,BUSINESS,66452.43,Dhaka,444,APP,ANDROID,MASS,ACTIVE
SYN-U-16297,59,F,BUSINESS,15000.0,Dhaka,1460,APP,ANDROID,STUDENT,DORMANT
SYN-U-16298,35,M,FREELANCER,73540.02,Chittagong,287,APP,ANDROID,MASS,ACTIVE
SYN-U-16299,21,F,BUSINESS,36703.64,Chittagong,1785,APP,ANDROID,AFFLUENT,ACTIVE
SYN-U-16300,19,F,BUSINESS,28608.95,Dhaka,1399,APP,ANDROID,PAYROLL,ACTIVE
SYN-U-16301,63,M,BUSINESS,128914.98,Dhaka,2188,USSD,ANDROID,AFFLUENT,ACTIVE
SYN-U-16302,39,M,SALARIED,55162.02,Dhaka,1755,APP,IOS,STUDENT,ACTIVE
SYN-U-16303,67,M,STUDENT,18068.6,Chittagong,449,APP,ANDROID,PAYROLL,ACTIVE
SYN-U-16304,62,M,FREELANCER,177988.08,Chittagong,2248,BRANCH,ANDROID,AFFLUENT,ACTIVE
SYN-U-16305,55,M,FREELANCER,68182.61,Chittagong,1481,APP,ANDROID,STUDENT,ACTIVE
SYN-U-16306,18,M,SALARIED,45388.44,Dhaka,453,AGENT,ANDROID,MASS,ACTIVE
SYN-U-16307,49,F,RETIRED,20377.85,Dhaka,2074,APP,ANDROID,MASS,ACTIVE
SYN-U-16308,21,M,SALARIED,99933.16,Rajshahi,1653,AGENT,ANDROID,AFFLUENT,ACTIVE
SYN-U-16309,67,F,FREELANCER,35404.44,Rajshahi,2193,AGENT,ANDROID,MASS,ACTIVE
SYN-U-16310,23,M,SALARIED,42323.32,Sylhet,1252,APP,ANDROID,MASS,DORMANT
SYN-U-16311,60,F,BUSINESS,39504.72,Dhaka,1070,APP,ANDROID,MASS,ACTIVE
SYN-U-16312,69,M,SALARIED,90976.8,Chittagong,2113,APP,ANDROID,AFFLUENT,ACTIVE
SYN-U-16313,40,M,RETIRED,31108.51,Chittagong,1307,APP,ANDROID,MASS,ACTIVE
SYN-U-16314,66,F,SALARIED,89172.41,Khulna,2344,USSD,IOS,PAYROLL,ACTIVE
SYN-U-16315,22,M,SALARIED,57997.94,Khulna,1753,APP,IOS,PAYROLL,ACTIVE
SYN-U-16316,44,F,SALARIED,26626.94,Dhaka,2170,APP,ANDROID,MASS,ACTIVE
SYN-U-16317,64,F,SALARIED,67258.33,Rajshahi,2224,APP,ANDROID,MASS,ACTIVE
SYN-U-16318,63,M,RETIRED,39481.64,Dhaka,234,APP,ANDROID,PAYROLL,ACTIVE
SYN-U-16319,25,F,SALARIED,29242.62,Dhaka,2415,AGENT,ANDROID,MASS,ACTIVE
SYN-U-16320,65,M,RETIRED,61695.29,Dhaka,710,APP,ANDROID,AFFLUENT,ACTIVE
SYN-U-16321,54,M,BUSINESS,127531.18,Dhaka,1081,APP,ANDROID,MASS,ACTIVE
SYN-U-16322,53,M,SALARIED,55879.94,Dhaka,175,APP,ANDROID,MASS,ACTIVE
SYN-U-16323,63,M,SALARIED,57051.13,Dhaka,998,AGENT,ANDROID,MASS,ACTIVE
SYN-U-16324,60,F,HOMEMAKER,15000.0,Dhaka,1555,AGENT,ANDROID,MASS,ACTIVE
SYN-U-16325,33,M,SALARIED,51420.72,Rajshahi,129,AGENT,ANDROID,SME,ACTIVE
SYN-U-16326,63,F,FREELANCER,39293.39,Rangpur,514,APP,ANDROID,MASS,ACTIVE
SYN-U-16327,62,F,SALARIED,63932.87,Dhaka,1098,APP,ANDROID,MASS,ACTIVE
SYN-U-16328,37,F,BUSINESS,21119.48,Dhaka,824,APP,ANDROID,STUDENT,ACTIVE
SYN-U-16329,49,F,BUSINESS,15255.33,Gazipur,1069,APP,ANDROID,MASS,ACTIVE
SYN-U-16330,28,F,BUSINESS,73552.36,Rajshahi,523,APP,ANDROID,MASS,ACTIVE
SYN-U-16331,59,F,SALARIED,48852.12,Barishal,840,BRANCH,ANDROID,MASS,ACTIVE
SYN-U-16332,69,M,HOMEMAKER,62986.53,Dhaka,416,APP,ANDROID,AFFLUENT,ACTIVE
SYN-U-16333,65,F,SALARIED,50881.55,Gazipur,2132,APP,IOS,MASS,ACTIVE
SYN-U-16334,34,F,SALARIED,39504.71,Dhaka,1341,APP,ANDROID,SME,ACTIVE
SYN-U-16335,53,M,SALARIED,50292.2,Dhaka,204,AGENT,ANDROID,MASS,ACTIVE
SYN-U-16336,60,M,BUSINESS,111443.89,Sylhet,1545,APP,ANDROID,AFFLUENT,DORMANT
SYN-U-16337,71,F,FREELANCER,59506.47,Dhaka,986,BRANCH,ANDROID,MASS,ACTIVE
SYN-U-16338,64,M,STUDENT,15000.0,Sylhet,1445,BRANCH,FEATURE_PHONE,MASS,ACTIVE
SYN-U-16339,61,F,FREELANCER,156020.81,Chittagong,1419,APP,ANDROID,AFFLUENT,ACTIVE
SYN-U-16340,33,M,SALARIED,158374.56,Sylhet,939,BRANCH,ANDROID,AFFLUENT,ACTIVE
SYN-U-16341,57,F,FREELANCER,58305.0,Sylhet,1063,APP,ANDROID,MASS,ACTIVE
SYN-U-16342,30,F,FREELANCER,45899.43,Dhaka,1078,BRANCH,ANDROID,MASS,ACTIVE
SYN-U-16343,19,F,BUSINESS,15000.0,Dhaka,2255,AGENT,IOS,PAYROLL,ACTIVE
SYN-U-16344,44,F,FREELANCER,79778.19,Gazipur,71,APP,ANDROID,MASS,RESTRICTED
SYN-U-16345,32,M,SALARIED,47988.02,Barishal,1957,APP,ANDROID,STUDENT,ACTIVE
SYN-U-16346,30,F,BUSINESS,67344.01,Rajshahi,534,BRANCH,ANDROID,MASS,ACTIVE
SYN-U-16347,33,M,SALARIED,81058.65,Rangpur,1004,AGENT,ANDROID,MASS,ACTIVE
SYN-U-16348,32,M,FREELANCER,83071.23,Dhaka,1815,AGENT,ANDROID,MASS,ACTIVE
SYN-U-16349,41,M,BUSINESS,76982.69,Khulna,1048,AGENT,ANDROID,MASS,ACTIVE
SYN-U-16350,22,M,RETIRED,15000.0,Narayanganj,1567,APP,ANDROID,STUDENT,ACTIVE
SYN-U-16351,67,F,BUSINESS,65999.97,Rangpur,2075,APP,ANDROID,MASS,ACTIVE
SYN-U-16352,37,M,BUSINESS,48890.71,Rajshahi,775,APP,FEATURE_PHONE,AFFLUENT,ACTIVE
SYN-U-16353,42,F,SALARIED,56288.16,Chittagong,436,BRANCH,IOS,SME,ACTIVE
SYN-U-16354,35,M,SALARIED,104740.22,Jessore,1892,AGENT,ANDROID,SME,ACTIVE
SYN-U-16355,57,M,BUSINESS,79141.64,Khulna,904,BRANCH,IOS,MASS,ACTIVE
SYN-U-16356,34,F,BUSINESS,72941.26,Sylhet,2239,APP,ANDROID,MASS,ACTIVE
SYN-U-16357,51,M,FREELANCER,89966.37,Chittagong,2417,APP,ANDROID,MASS,ACTIVE
SYN-U-16358,51,F,SALARIED,60892.02,Dhaka,795,USSD,ANDROID,PAYROLL,ACTIVE
SYN-U-16359,59,F,STUDENT,43749.52,Rajshahi,75,APP,ANDROID,AFFLUENT,ACTIVE
SYN-U-16360,60,M,FREELANCER,33063.26,Dhaka,934,APP,ANDROID,STUDENT,ACTIVE
SYN-U-16361,40,M,STUDENT,15000.0,Dhaka,2417,APP,ANDROID,STUDENT,ACTIVE
SYN-U-16362,70,F,BUSINESS,76669.32,Gazipur,1270,APP,ANDROID,MASS,ACTIVE
SYN-U-16363,35,F,BUSINESS,37223.7,Sylhet,341,AGENT,FEATURE_PHONE,MASS,ACTIVE
SYN-U-16364,69,M,BUSINESS,80799.11,Barishal,1251,AGENT,ANDROID,MASS,ACTIVE
SYN-U-16365,71,F,HOMEMAKER,16051.09,Sylhet,436,AGENT,IOS,MASS,ACTIVE
SYN-U-16366,36,F,RETIRED,118088.35,Dhaka,2414,APP,ANDROID,AFFLUENT,ACTIVE
SYN-U-16367,25,F,SALARIED,64517.37,Dhaka,1751,APP,ANDROID,MASS,ACTIVE
SYN-U-16368,71,F,STUDENT,54189.15,Rajshahi,1941,USSD,ANDROID,AFFLUENT,ACTIVE
SYN-U-16369,23,M,FREELANCER,37239.33,Gazipur,1573,APP,ANDROID,MASS,ACTIVE
SYN-U-16370,53,F,SALARIED,67109.89,Dhaka,1523,BRANCH,ANDROID,MASS,ACTIVE
SYN-U-16371,46,M,SALARIED,55851.84,Gazipur,1900,USSD,FEATURE_PHONE,AFFLUENT,ACTIVE
SYN-U-16372,52,F,BUSINESS,69005.32,Jessore,487,BRANCH,ANDROID,MASS,ACTIVE
SYN-U-16373,36,F,HOMEMAKER,15178.0,Rajshahi,2248,APP,ANDROID,PAYROLL,ACTIVE
SYN-U-16374,32,M,SALARIED,31939.43,Mymensingh,2244,APP,ANDROID,SME,ACTIVE
SYN-U-16375,24,F,SALARIED,37034.42,Dhaka,884,USSD,ANDROID,MASS,ACTIVE
SYN-U-16376,28,M,BUSINESS,80803.91,Dhaka,79,APP,ANDROID,SME,ACTIVE
SYN-U-16377,24,F,BUSINESS,133340.61,Rangpur,2043,AGENT,ANDROID,MASS,ACTIVE
SYN-U-16378,67,F,SALARIED,36383.83,Barishal,2399,APP,ANDROID,MASS,ACTIVE
SYN-U-16379,63,F,FREELANCER,47641.3,Gazipur,1506,APP,ANDROID,MASS,ACTIVE
SYN-U-16380,36,F,BUSINESS,115295.29,Gazipur,1951,APP,ANDROID,MASS,ACTIVE
SYN-U-16381,65,F,SALARIED,38753.07,Sylhet,1551,BRANCH,ANDROID,MASS,ACTIVE
SYN-U-16382,42,M,SALARIED,41848.34,Gazipur,898,APP,ANDROID,MASS,ACTIVE
SYN-U-16383,65,M,SALARIED,132138.35,Khulna,2182,APP,ANDROID,AFFLUENT,ACTIVE
SYN-U-16384,20,M,BUSINESS,33254.64,Dhaka,2125,USSD,ANDROID,STUDENT,ACTIVE
SYN-U-16385,41,M,SALARIED,24812.21,Sylhet,481,APP,IOS,MASS,ACTIVE
SYN-U-16386,28,F,FREELANCER,15000.0,Dhaka,1848,AGENT,ANDROID,AFFLUENT,ACTIVE
SYN-U-16387,22,M,SALARIED,39389.71,Dhaka,735,AGENT,ANDROID,MASS,ACTIVE
SYN-U-16388,61,M,SALARIED,63167.95,Khulna,756,USSD,IOS,SME,ACTIVE
SYN-U-16389,41,M,SALARIED,32025.01,Barishal,1408,USSD,ANDROID,STUDENT,ACTIVE
SYN-U-16390,38,M,SALARIED,61839.13,Sylhet,807,APP,FEATURE_PHONE,PAYROLL,ACTIVE
SYN-U-16391,68,F,RETIRED,19810.02,Sylhet,1848,APP,ANDROID,STUDENT,ACTIVE
SYN-U-16392,40,M,SALARIED,19123.31,Dhaka,1433,APP,IOS,STUDENT,ACTIVE
SYN-U-16393,53,F,BUSINESS,145984.96,Rajshahi,2284,APP,ANDROID,SME,ACTIVE
SYN-U-16394,27,F,STUDENT,60892.47,Gazipur,1433,AGENT,ANDROID,AFFLUENT,ACTIVE
SYN-U-16395,44,M,SALARIED,56106.62,Dhaka,1673,AGENT,ANDROID,MASS,ACTIVE
SYN-U-16396,24,M,BUSINESS,77290.27,Rangpur,1931,APP,ANDROID,MASS,ACTIVE
SYN-U-16397,40,F,SALARIED,31233.89,Dhaka,37,APP,IOS,MASS,ACTIVE
SYN-U-16398,30,M,FREELANCER,21660.26,Dhaka,682,APP,ANDROID,MASS,ACTIVE
SYN-U-16399,57,F,BUSINESS,159410.93,Narayanganj,366,BRANCH,ANDROID,AFFLUENT,ACTIVE
SYN-U-16400,28,F,SALARIED,50821.56,Khulna,1858,AGENT,ANDROID,MASS,ACTIVE
SYN-U-16401,29,M,SALARIED,21915.0,Dhaka,742,USSD,ANDROID,STUDENT,ACTIVE
SYN-U-16402,65,F,SALARIED,52969.2,Chittagong,472,APP,ANDROID,MASS,DORMANT
SYN-U-16403,43,F,SALARIED,67980.63,Dhaka,191,APP,ANDROID,MASS,ACTIVE
SYN-U-16404,59,M,STUDENT,26690.47,Dhaka,1446,APP,IOS,SME,ACTIVE
SYN-U-16405,20,F,STUDENT,31393.63,Dhaka,900,USSD,ANDROID,SME,ACTIVE
SYN-U-16406,67,F,BUSINESS,76161.27,Dhaka,1868,APP,ANDROID,MASS,ACTIVE
SYN-U-16407,44,M,SALARIED,58045.84,Cox's Bazar,63,AGENT,ANDROID,MASS,ACTIVE
SYN-U-16408,69,M,SALARIED,79889.08,Gazipur,2444,APP,ANDROID,SME,ACTIVE
SYN-U-16409,35,F,BUSINESS,102894.38,Dhaka,124,APP,ANDROID,PAYROLL,ACTIVE
SYN-U-16410,59,F,SALARIED,55388.6,Sylhet,58,APP,ANDROID,MASS,ACTIVE
SYN-U-16411,38,M,FREELANCER,49005.73,Dhaka,498,APP,ANDROID,MASS,ACTIVE
SYN-U-16412,57,M,BUSINESS,70420.25,Rajshahi,2012,AGENT,ANDROID,STUDENT,ACTIVE
SYN-U-16413,45,F,SALARIED,69689.87,Chittagong,2411,APP,ANDROID,SME,ACTIVE
SYN-U-16414,22,F,BUSINESS,134603.44,Chittagong,703,USSD,ANDROID,SME,ACTIVE
SYN-U-16415,27,M,SALARIED,64238.26,Chittagong,1405,APP,ANDROID,MASS,ACTIVE
SYN-U-16416,61,M,BUSINESS,89610.15,Dhaka,1180,APP,ANDROID,PAYROLL,RESTRICTED
SYN-U-16417,21,M,HOMEMAKER,19040.09,Dhaka,1033,AGENT,ANDROID,PAYROLL,ACTIVE
SYN-U-16418,35,F,SALARIED,50193.0,Dhaka,100,APP,ANDROID,MASS,ACTIVE
SYN-U-16419,66,M,SALARIED,78517.09,Chittagong,1027,APP,IOS,SME,ACTIVE
SYN-U-16420,36,M,SALARIED,75933.83,Bogura,1545,APP,ANDROID,MASS,ACTIVE
SYN-U-16421,23,F,SALARIED,87446.21,Dhaka,1133,APP,ANDROID,SME,ACTIVE
SYN-U-16422,60,M,BUSINESS,66405.45,Dhaka,1119,APP,ANDROID,MASS,ACTIVE
SYN-U-16423,19,M,HOMEMAKER,15000.0,Dhaka,2397,BRANCH,ANDROID,MASS,ACTIVE
SYN-U-16424,32,M,SALARIED,43929.43,Khulna,2497,APP,ANDROID,MASS,ACTIVE
SYN-U-16425,68,M,SALARIED,111982.76,Sylhet,363,APP,ANDROID,AFFLUENT,ACTIVE
SYN-U-16426,63,F,STUDENT,16694.17,Dhaka,2456,APP,ANDROID,SME,ACTIVE
SYN-U-16427,59,M,BUSINESS,81846.66,Dhaka,837,APP,ANDROID,MASS,ACTIVE
SYN-U-16428,54,M,STUDENT,15000.0,Dhaka,111,AGENT,ANDROID,STUDENT,ACTIVE
SYN-U-16429,25,M,SALARIED,41750.9,Rajshahi,2301,APP,ANDROID,STUDENT,ACTIVE
SYN-U-16430,56,F,SALARIED,62222.07,Sylhet,601,APP,ANDROID,MASS,ACTIVE
SYN-U-16431,28,F,SALARIED,36567.04,Chittagong,94,APP,IOS,MASS,ACTIVE
SYN-U-16432,48,M,FREELANCER,68062.61,Cumilla,2214,AGENT,ANDROID,MASS,ACTIVE
SYN-U-16433,70,M,SALARIED,107426.79,Chittagong,688,APP,ANDROID,AFFLUENT,RESTRICTED
SYN-U-16434,38,M,RETIRED,42801.18,Dhaka,659,BRANCH,ANDROID,MASS,ACTIVE
SYN-U-16435,61,F,BUSINESS,108211.25,Khulna,73,APP,ANDROID,MASS,ACTIVE
SYN-U-16436,44,M,SALARIED,43321.76,Khulna,2410,APP,ANDROID,STUDENT,ACTIVE
SYN-U-16437,49,F,SALARIED,46903.1,Chittagong,1520,APP,ANDROID,PAYROLL,ACTIVE
SYN-U-16438,60,M,SALARIED,45028.28,Rangpur,251,APP,ANDROID,MASS,ACTIVE
SYN-U-16439,58,M,SALARIED,75447.28,Dhaka,2404,APP,ANDROID,SME,ACTIVE
SYN-U-16440,68,F,FREELANCER,131641.63,Barishal,789,AGENT,ANDROID,AFFLUENT,ACTIVE
SYN-U-16441,47,F,BUSINESS,60267.78,Chittagong,724,APP,ANDROID,STUDENT,ACTIVE
SYN-U-16442,44,M,SALARIED,63811.61,Dhaka,1654,APP,ANDROID,MASS,ACTIVE
SYN-U-16443,19,F,HOMEMAKER,19117.97,Dhaka,1800,AGENT,ANDROID,AFFLUENT,ACTIVE
SYN-U-16444,55,F,BUSINESS,68879.01,Dhaka,862,APP,ANDROID,PAYROLL,ACTIVE
SYN-U-16445,26,M,BUSINESS,62689.85,Rajshahi,788,APP,ANDROID,MASS,ACTIVE
SYN-U-16446,50,F,STUDENT,31121.0,Cox's Bazar,1212,AGENT,IOS,MASS,ACTIVE
SYN-U-16447,24,M,SALARIED,81733.26,Khulna,572,APP,ANDROID,AFFLUENT,ACTIVE
SYN-U-16448,25,F,FREELANCER,54465.98,Dhaka,220,AGENT,ANDROID,MASS,DORMANT
SYN-U-16449,40,F,SALARIED,63573.84,Sylhet,1901,BRANCH,ANDROID,SME,ACTIVE
SYN-U-16450,36,F,STUDENT,22881.52,Dhaka,1858,AGENT,ANDROID,MASS,ACTIVE
SYN-U-16451,68,M,BUSINESS,98154.45,Dhaka,1638,AGENT,ANDROID,MASS,ACTIVE
SYN-U-16452,54,F,SALARIED,44280.22,Mymensingh,2275,AGENT,ANDROID,MASS,ACTIVE
SYN-U-16453,30,F,SALARIED,65576.62,Chittagong,285,APP,ANDROID,MASS,ACTIVE
SYN-U-16454,59,F,SALARIED,57471.71,Dhaka,128,AGENT,ANDROID,PAYROLL,ACTIVE
SYN-U-16455,50,F,FREELANCER,33927.02,Dhaka,436,AGENT,IOS,STUDENT,ACTIVE
SYN-U-16456,32,F,FREELANCER,42496.26,Dhaka,943,APP,ANDROID,MASS,ACTIVE
SYN-U-16457,39,F,SALARIED,70693.71,Mymensingh,1129,APP,ANDROID,MASS,ACTIVE
SYN-U-16458,34,M,SALARIED,40359.29,Chittagong,1697,APP,ANDROID,MASS,ACTIVE
SYN-U-16459,26,F,RETIRED,37631.77,Dhaka,980,USSD,IOS,MASS,ACTIVE
SYN-U-16460,28,M,FREELANCER,80999.21,Dhaka,943,APP,IOS,MASS,ACTIVE
SYN-U-16461,32,F,BUSINESS,15000.0,Dhaka,501,APP,ANDROID,SME,ACTIVE
SYN-U-16462,49,M,FREELANCER,69072.32,Chittagong,278,APP,ANDROID,MASS,ACTIVE
SYN-U-16463,67,F,FREELANCER,69628.65,Chittagong,853,APP,ANDROID,MASS,ACTIVE
SYN-U-16464,52,M,BUSINESS,37933.12,Dhaka,283,AGENT,ANDROID,MASS,ACTIVE
SYN-U-16465,31,F,FREELANCER,78503.24,Gazipur,527,BRANCH,ANDROID,MASS,ACTIVE
SYN-U-16466,36,F,FREELANCER,68553.59,Dhaka,1753,APP,ANDROID,STUDENT,ACTIVE
SYN-U-16467,48,F,BUSINESS,54583.2,Gazipur,590,APP,ANDROID,MASS,ACTIVE
SYN-U-16468,65,M,SALARIED,44273.57,Khulna,2438,AGENT,ANDROID,MASS,ACTIVE
SYN-U-16469,49,O,SALARIED,55643.36,Narayanganj,1385,APP,IOS,MASS,ACTIVE
SYN-U-16470,65,F,BUSINESS,115186.84,Rangpur,867,APP,ANDROID,PAYROLL,ACTIVE
SYN-U-16471,63,F,STUDENT,52927.93,Cumilla,1290,APP,ANDROID,AFFLUENT,DORMANT
SYN-U-16472,38,F,SALARIED,97067.64,Dhaka,2408,APP,ANDROID,SME,ACTIVE
SYN-U-16473,60,F,FREELANCER,15000.0,Dhaka,2088,APP,ANDROID,MASS,ACTIVE
SYN-U-16474,26,F,STUDENT,19466.42,Dhaka,424,APP,ANDROID,MASS,ACTIVE
SYN-U-16475,56,F,BUSINESS,174717.26,Dhaka,2381,AGENT,ANDROID,AFFLUENT,ACTIVE
SYN-U-16476,33,F,FREELANCER,51647.25,Chittagong,1879,APP,ANDROID,MASS,ACTIVE
SYN-U-16477,37,M,RETIRED,21185.9,Dhaka,1076,APP,ANDROID,STUDENT,ACTIVE
SYN-U-16478,54,F,SALARIED,124622.09,Dhaka,536,APP,ANDROID,SME,ACTIVE
SYN-U-16479,19,M,FREELANCER,114989.73,Dhaka,979,APP,ANDROID,AFFLUENT,ACTIVE
SYN-U-16480,31,F,SALARIED,51561.06,Rajshahi,648,AGENT,IOS,MASS,ACTIVE
SYN-U-16481,26,F,FREELANCER,113318.82,Sylhet,1549,APP,ANDROID,AFFLUENT,ACTIVE
SYN-U-16482,70,F,BUSINESS,106213.73,Dhaka,1991,AGENT,ANDROID,MASS,RESTRICTED
SYN-U-16483,56,M,SALARIED,65457.5,Chittagong,2194,AGENT,FEATURE_PHONE,MASS,ACTIVE
SYN-U-16484,22,M,HOMEMAKER,15000.0,Dhaka,2493,USSD,ANDROID,PAYROLL,ACTIVE
SYN-U-16485,69,M,BUSINESS,99818.64,Bogura,697,APP,ANDROID,PAYROLL,ACTIVE
SYN-U-16486,49,F,STUDENT,23130.31,Sylhet,1425,APP,ANDROID,MASS,ACTIVE
SYN-U-16487,36,F,SALARIED,37046.9,Khulna,1491,AGENT,ANDROID,SME,ACTIVE
SYN-U-16488,70,F,SALARIED,29484.06,Khulna,491,APP,ANDROID,MASS,ACTIVE
SYN-U-16489,47,F,SALARIED,56286.21,Rajshahi,220,AGENT,ANDROID,SME,ACTIVE
SYN-U-16490,32,F,SALARIED,46768.88,Chittagong,1125,BRANCH,ANDROID,MASS,ACTIVE
SYN-U-16491,38,M,BUSINESS,57995.73,Cox's Bazar,722,APP,ANDROID,MASS,ACTIVE
SYN-U-16492,58,F,SALARIED,66662.13,Chittagong,377,AGENT,ANDROID,MASS,DORMANT
SYN-U-16493,37,F,SALARIED,48615.11,Dhaka,1576,BRANCH,ANDROID,MASS,ACTIVE
SYN-U-16494,66,F,STUDENT,16804.28,Dhaka,1070,AGENT,ANDROID,MASS,ACTIVE
SYN-U-16495,56,M,BUSINESS,71575.32,Dhaka,585,APP,ANDROID,AFFLUENT,ACTIVE
SYN-U-16496,33,M,HOMEMAKER,37526.71,Chittagong,730,APP,ANDROID,MASS,ACTIVE
SYN-U-16497,58,M,SALARIED,58060.16,Barishal,1178,APP,ANDROID,MASS,ACTIVE
SYN-U-16498,60,M,SALARIED,45850.18,Rajshahi,442,APP,ANDROID,MASS,ACTIVE
SYN-U-16499,34,M,HOMEMAKER,15000.0,Dhaka,1404,APP,ANDROID,MASS,ACTIVE
SYN-U-16500,31,F,STUDENT,47358.84,Gazipur,1600,APP,ANDROID,AFFLUENT,ACTIVE
SYN-U-16501,65,F,HOMEMAKER,26596.28,Sylhet,576,APP,ANDROID,STUDENT,ACTIVE
SYN-U-16502,68,M,STUDENT,33364.66,Khulna,167,BRANCH,ANDROID,SME,ACTIVE
SYN-U-16503,40,F,SALARIED,69573.71,Gazipur,1619,APP,ANDROID,MASS,ACTIVE
SYN-U-16504,42,F,SALARIED,129286.34,Chittagong,1601,APP,ANDROID,AFFLUENT,ACTIVE
SYN-U-16505,27,F,BUSINESS,224138.85,Dhaka,182,BRANCH,IOS,AFFLUENT,ACTIVE
SYN-U-16506,23,M,STUDENT,15000.0,Sylhet,1081,APP,ANDROID,MASS,ACTIVE
SYN-U-16507,39,M,SALARIED,47352.43,Barishal,599,APP,ANDROID,MASS,ACTIVE
SYN-U-16508,49,M,STUDENT,15632.93,Chittagong,2391,AGENT,ANDROID,MASS,ACTIVE
SYN-U-16509,51,F,BUSINESS,35197.16,Dhaka,238,APP,ANDROID,MASS,ACTIVE
SYN-U-16510,27,F,SALARIED,25561.13,Dhaka,1657,APP,ANDROID,MASS,DORMANT
SYN-U-16511,30,M,SALARIED,34391.57,Dhaka,1983,APP,IOS,MASS,ACTIVE
SYN-U-16512,25,F,BUSINESS,33605.4,Dhaka,440,USSD,IOS,STUDENT,ACTIVE
SYN-U-16513,27,M,BUSINESS,118908.02,Dhaka,1829,APP,ANDROID,SME,ACTIVE
SYN-U-16514,22,M,BUSINESS,45084.49,Dhaka,36,APP,IOS,MASS,ACTIVE
SYN-U-16515,55,M,FREELANCER,48187.7,Dhaka,270,APP,ANDROID,STUDENT,ACTIVE
SYN-U-16516,56,M,BUSINESS,15000.0,Dhaka,621,APP,ANDROID,AFFLUENT,ACTIVE
SYN-U-16517,24,F,SALARIED,78955.39,Dhaka,1821,APP,ANDROID,SME,ACTIVE
SYN-U-16518,54,F,FREELANCER,118600.82,Cumilla,1019,AGENT,ANDROID,AFFLUENT,ACTIVE
SYN-U-16519,37,M,BUSINESS,51218.83,Rajshahi,2227,AGENT,IOS,STUDENT,ACTIVE
SYN-U-16520,45,M,BUSINESS,90875.59,Khulna,1501,APP,ANDROID,SME,ACTIVE
SYN-U-16521,36,F,SALARIED,43600.31,Gazipur,1168,AGENT,ANDROID,PAYROLL,ACTIVE
SYN-U-16522,20,F,BUSINESS,55981.69,Sylhet,2414,APP,ANDROID,MASS,ACTIVE
SYN-U-16523,32,M,BUSINESS,53947.56,Sylhet,2196,APP,ANDROID,MASS,ACTIVE
SYN-U-16524,19,M,SALARIED,57731.12,Chittagong,2417,APP,IOS,MASS,ACTIVE
SYN-U-16525,27,M,FREELANCER,137877.15,Dhaka,2172,APP,ANDROID,AFFLUENT,ACTIVE
SYN-U-16526,35,F,SALARIED,47671.9,Mymensingh,153,APP,ANDROID,PAYROLL,ACTIVE
SYN-U-16527,71,M,STUDENT,18326.17,Chittagong,736,AGENT,ANDROID,MASS,ACTIVE
SYN-U-16528,20,F,FREELANCER,29059.47,Cumilla,1811,APP,ANDROID,MASS,ACTIVE
SYN-U-16529,19,M,SALARIED,51207.56,Chittagong,1694,AGENT,ANDROID,MASS,ACTIVE
SYN-U-16530,58,F,SALARIED,35459.8,Cox's Bazar,1069,APP,IOS,MASS,ACTIVE
SYN-U-16531,70,M,BUSINESS,56395.66,Bogura,629,APP,ANDROID,MASS,ACTIVE
SYN-U-16532,36,F,FREELANCER,63570.3,Dhaka,71,APP,ANDROID,AFFLUENT,ACTIVE
SYN-U-16533,46,M,SALARIED,17761.89,Rangpur,453,APP,IOS,MASS,ACTIVE
SYN-U-16534,63,M,RETIRED,15000.0,Dhaka,923,BRANCH,ANDROID,MASS,ACTIVE
SYN-U-16535,59,M,BUSINESS,130316.01,Dhaka,758,APP,ANDROID,MASS,ACTIVE
SYN-U-16536,67,F,SALARIED,26845.21,Rangpur,1411,APP,ANDROID,MASS,ACTIVE
SYN-U-16537,45,F,SALARIED,65158.53,Sylhet,943,AGENT,ANDROID,MASS,ACTIVE
SYN-U-16538,55,F,BUSINESS,96360.97,Rajshahi,479,AGENT,ANDROID,MASS,ACTIVE
SYN-U-16539,70,M,BUSINESS,25121.28,Mymensingh,1654,APP,ANDROID,STUDENT,ACTIVE
SYN-U-16540,47,M,SALARIED,42023.21,Dhaka,1249,USSD,ANDROID,MASS,ACTIVE
SYN-U-16541,41,M,SALARIED,67358.72,Gazipur,2379,APP,ANDROID,PAYROLL,ACTIVE
SYN-U-16542,69,F,BUSINESS,106944.29,Barishal,60,APP,ANDROID,MASS,ACTIVE
SYN-U-16543,35,M,BUSINESS,87318.59,Rajshahi,425,APP,FEATURE_PHONE,AFFLUENT,ACTIVE
SYN-U-16544,35,F,BUSINESS,79029.74,Dhaka,1310,AGENT,ANDROID,AFFLUENT,ACTIVE
SYN-U-16545,67,F,SALARIED,99722.37,Dhaka,1522,AGENT,IOS,AFFLUENT,ACTIVE
SYN-U-16546,64,F,SALARIED,50425.41,Sylhet,1867,APP,ANDROID,MASS,ACTIVE
SYN-U-16547,66,M,BUSINESS,31930.67,Rajshahi,404,USSD,ANDROID,SME,ACTIVE
SYN-U-16548,23,M,BUSINESS,45463.65,Dhaka,1850,APP,ANDROID,MASS,ACTIVE
SYN-U-16549,64,F,STUDENT,31670.82,Dhaka,2427,BRANCH,ANDROID,SME,ACTIVE
SYN-U-16550,63,M,SALARIED,65469.95,Sylhet,1590,AGENT,ANDROID,MASS,ACTIVE
SYN-U-16551,53,F,SALARIED,25548.12,Dhaka,768,AGENT,ANDROID,STUDENT,ACTIVE
SYN-U-16552,21,M,FREELANCER,51392.63,Sylhet,2291,APP,ANDROID,MASS,ACTIVE
SYN-U-16553,37,M,SALARIED,43538.58,Dhaka,953,APP,ANDROID,MASS,ACTIVE
SYN-U-16554,48,M,BUSINESS,29809.31,Dhaka,386,APP,ANDROID,STUDENT,ACTIVE
SYN-U-16555,60,M,SALARIED,15000.0,Dhaka,1331,APP,ANDROID,MASS,ACTIVE
SYN-U-16556,47,F,STUDENT,19974.98,Gazipur,2393,USSD,ANDROID,MASS,ACTIVE
SYN-U-16557,52,F,BUSINESS,15000.0,Rajshahi,170,AGENT,ANDROID,MASS,ACTIVE
SYN-U-16558,40,F,HOMEMAKER,15354.91,Dhaka,220,USSD,ANDROID,MASS,ACTIVE
SYN-U-16559,46,M,BUSINESS,74344.72,Dhaka,224,APP,IOS,MASS,ACTIVE
SYN-U-16560,66,M,SALARIED,186204.28,Chittagong,1274,APP,ANDROID,AFFLUENT,ACTIVE
SYN-U-16561,39,M,STUDENT,32599.86,Chittagong,1195,APP,ANDROID,AFFLUENT,ACTIVE
SYN-U-16562,43,M,FREELANCER,46383.31,Bogura,2464,APP,ANDROID,MASS,ACTIVE
SYN-U-16563,19,M,SALARIED,113688.95,Sylhet,1563,APP,ANDROID,AFFLUENT,ACTIVE
SYN-U-16564,69,M,SALARIED,56747.66,Dhaka,89,APP,ANDROID,MASS,ACTIVE
SYN-U-16565,40,M,SALARIED,69461.89,Dhaka,1666,APP,ANDROID,MASS,ACTIVE
SYN-U-16566,36,F,SALARIED,45663.82,Dhaka,1633,BRANCH,ANDROID,MASS,ACTIVE
SYN-U-16567,63,M,FREELANCER,56860.89,Mymensingh,1455,BRANCH,IOS,STUDENT,ACTIVE
SYN-U-16568,45,F,FREELANCER,89663.73,Dhaka,673,AGENT,ANDROID,AFFLUENT,ACTIVE
SYN-U-16569,28,M,FREELANCER,45623.53,Dhaka,1414,USSD,ANDROID,AFFLUENT,ACTIVE
SYN-U-16570,29,F,BUSINESS,36360.11,Rangpur,1909,APP,ANDROID,MASS,ACTIVE
SYN-U-16571,48,M,SALARIED,57679.62,Narayanganj,2491,APP,ANDROID,MASS,ACTIVE
SYN-U-16572,40,M,SALARIED,32877.88,Gazipur,2049,APP,ANDROID,PAYROLL,DORMANT
SYN-U-16573,36,M,SALARIED,74465.8,Dhaka,358,AGENT,ANDROID,MASS,ACTIVE
SYN-U-16574,31,F,RETIRED,25874.81,Dhaka,1757,APP,ANDROID,STUDENT,ACTIVE
SYN-U-16575,54,F,FREELANCER,44339.27,Chittagong,1608,APP,ANDROID,MASS,ACTIVE
SYN-U-16576,29,F,BUSINESS,175239.54,Dhaka,597,AGENT,ANDROID,SME,ACTIVE
SYN-U-16577,50,F,SALARIED,46388.03,Mymensingh,2301,APP,ANDROID,SME,ACTIVE
SYN-U-16578,48,M,SALARIED,65172.5,Narayanganj,2226,APP,ANDROID,MASS,ACTIVE
SYN-U-16579,59,F,BUSINESS,32399.03,Chittagong,605,APP,ANDROID,MASS,ACTIVE
SYN-U-16580,33,F,BUSINESS,15000.0,Rangpur,2258,USSD,ANDROID,MASS,ACTIVE
SYN-U-16581,40,F,STUDENT,18350.02,Khulna,1773,APP,ANDROID,STUDENT,ACTIVE
SYN-U-16582,21,O,SALARIED,63860.05,Dhaka,592,APP,ANDROID,MASS,ACTIVE
SYN-U-16583,43,M,FREELANCER,201785.95,Gazipur,1214,APP,IOS,AFFLUENT,ACTIVE
SYN-U-16584,34,F,HOMEMAKER,35048.62,Dhaka,1182,AGENT,ANDROID,MASS,ACTIVE
SYN-U-16585,22,M,SALARIED,52550.68,Khulna,712,APP,ANDROID,MASS,ACTIVE
SYN-U-16586,21,F,SALARIED,40398.42,Dhaka,1520,APP,ANDROID,MASS,ACTIVE
SYN-U-16587,45,M,SALARIED,44602.38,Chittagong,2075,APP,ANDROID,MASS,DORMANT
SYN-U-16588,69,M,BUSINESS,22163.15,Sylhet,2499,APP,IOS,MASS,ACTIVE
SYN-U-16589,64,F,SALARIED,47519.18,Cumilla,2132,APP,IOS,MASS,ACTIVE
SYN-U-16590,32,M,BUSINESS,126278.41,Khulna,2419,APP,ANDROID,AFFLUENT,ACTIVE
SYN-U-16591,65,M,BUSINESS,45586.9,Dhaka,2131,AGENT,ANDROID,MASS,ACTIVE
SYN-U-16592,65,F,FREELANCER,147005.88,Rajshahi,1892,APP,ANDROID,AFFLUENT,ACTIVE
SYN-U-16593,33,F,SALARIED,24643.28,Cumilla,1123,APP,ANDROID,MASS,ACTIVE
SYN-U-16594,27,F,SALARIED,42271.25,Dhaka,78,AGENT,ANDROID,MASS,ACTIVE
SYN-U-16595,44,M,FREELANCER,101043.78,Sylhet,2410,APP,IOS,AFFLUENT,RESTRICTED
SYN-U-16596,57,M,STUDENT,17662.33,Dhaka,1575,AGENT,ANDROID,MASS,ACTIVE
SYN-U-16597,45,M,SALARIED,106055.24,Rajshahi,2316,AGENT,ANDROID,SME,ACTIVE
SYN-U-16598,47,F,HOMEMAKER,15000.0,Cox's Bazar,246,APP,ANDROID,STUDENT,RESTRICTED
SYN-U-16599,60,M,SALARIED,35708.43,Dhaka,2411,BRANCH,ANDROID,SME,ACTIVE
SYN-U-16600,39,F,SALARIED,62214.77,Rangpur,179,APP,ANDROID,MASS,ACTIVE
SYN-U-16601,23,F,BUSINESS,44512.73,Dhaka,2120,APP,IOS,MASS,ACTIVE
SYN-U-16602,29,M,FREELANCER,79752.06,Chittagong,2049,BRANCH,ANDROID,MASS,ACTIVE
SYN-U-16603,25,M,FREELANCER,38447.98,Mymensingh,941,APP,ANDROID,MASS,ACTIVE
SYN-U-16604,58,M,BUSINESS,59662.5,Mymensingh,790,APP,ANDROID,PAYROLL,ACTIVE
SYN-U-16605,69,F,SALARIED,39978.5,Chittagong,197,BRANCH,ANDROID,MASS,ACTIVE
SYN-U-16606,41,M,BUSINESS,44343.51,Bogura,1232,APP,ANDROID,MASS,ACTIVE
SYN-U-16607,29,F,STUDENT,53646.48,Rajshahi,851,AGENT,ANDROID,AFFLUENT,ACTIVE
SYN-U-16608,31,F,SALARIED,61937.11,Rangpur,1382,APP,ANDROID,MASS,ACTIVE
SYN-U-16609,25,M,SALARIED,51353.58,Mymensingh,1032,APP,IOS,MASS,ACTIVE
SYN-U-16610,56,F,BUSINESS,68224.58,Rajshahi,1630,APP,ANDROID,PAYROLL,ACTIVE
SYN-U-16611,36,F,SALARIED,33771.27,Dhaka,527,AGENT,IOS,STUDENT,ACTIVE
SYN-U-16612,40,F,FREELANCER,52101.2,Chittagong,515,AGENT,ANDROID,PAYROLL,ACTIVE
SYN-U-16613,55,F,BUSINESS,51890.53,Sylhet,1041,BRANCH,ANDROID,SME,ACTIVE
SYN-U-16614,40,F,SALARIED,64638.35,Dhaka,1785,APP,ANDROID,SME,ACTIVE
SYN-U-16615,29,F,BUSINESS,58599.57,Dhaka,2454,AGENT,FEATURE_PHONE,STUDENT,ACTIVE
SYN-U-16616,32,M,SALARIED,83114.26,Dhaka,2014,AGENT,ANDROID,MASS,RESTRICTED
SYN-U-16617,31,M,HOMEMAKER,21763.84,Sylhet,1182,APP,ANDROID,STUDENT,ACTIVE
SYN-U-16618,41,F,BUSINESS,23026.49,Rangpur,709,APP,ANDROID,SME,ACTIVE
SYN-U-16619,67,M,SALARIED,62001.94,Chittagong,2195,APP,ANDROID,SME,ACTIVE
SYN-U-16620,56,F,SALARIED,111065.85,Dhaka,1324,APP,ANDROID,AFFLUENT,ACTIVE
SYN-U-16621,25,M,BUSINESS,87495.67,Chittagong,134,AGENT,IOS,STUDENT,ACTIVE
SYN-U-16622,39,M,BUSINESS,92549.69,Mymensingh,1316,AGENT,ANDROID,MASS,RESTRICTED
SYN-U-16623,20,M,STUDENT,18496.04,Barishal,351,APP,ANDROID,MASS,ACTIVE
SYN-U-16624,26,M,HOMEMAKER,16410.58,Dhaka,779,APP,IOS,MASS,ACTIVE
SYN-U-16625,62,F,RETIRED,36131.94,Rajshahi,738,APP,ANDROID,MASS,ACTIVE
SYN-U-16626,70,F,SALARIED,39556.71,Dhaka,1047,APP,ANDROID,MASS,ACTIVE
SYN-U-16627,59,M,STUDENT,19187.68,Dhaka,2267,BRANCH,ANDROID,MASS,ACTIVE
SYN-U-16628,36,F,HOMEMAKER,41702.72,Dhaka,1858,BRANCH,ANDROID,SME,ACTIVE
SYN-U-16629,48,M,FREELANCER,41831.42,Narayanganj,805,AGENT,ANDROID,STUDENT,ACTIVE
SYN-U-16630,34,F,SALARIED,42862.7,Dhaka,856,APP,ANDROID,PAYROLL,ACTIVE
SYN-U-16631,33,M,BUSINESS,173607.92,Sylhet,2031,APP,ANDROID,AFFLUENT,ACTIVE
SYN-U-16632,42,F,BUSINESS,87612.45,Chittagong,1452,AGENT,ANDROID,MASS,ACTIVE
SYN-U-16633,62,F,BUSINESS,156307.64,Rajshahi,1791,APP,ANDROID,SME,ACTIVE
SYN-U-16634,20,F,SALARIED,79276.26,Rajshahi,309,AGENT,ANDROID,AFFLUENT,ACTIVE
SYN-U-16635,50,M,SALARIED,128037.84,Dhaka,34,APP,ANDROID,SME,ACTIVE
SYN-U-16636,38,M,SALARIED,56285.58,Rangpur,853,BRANCH,ANDROID,MASS,RESTRICTED
SYN-U-16637,31,O,BUSINESS,90833.98,Dhaka,2071,BRANCH,ANDROID,MASS,DORMANT
SYN-U-16638,20,F,BUSINESS,41482.84,Bogura,995,APP,ANDROID,MASS,ACTIVE
SYN-U-16639,45,F,SALARIED,43760.59,Dhaka,163,AGENT,ANDROID,STUDENT,ACTIVE
SYN-U-16640,18,M,RETIRED,28468.44,Sylhet,747,APP,IOS,MASS,ACTIVE
SYN-U-16641,30,F,BUSINESS,56488.58,Dhaka,2479,APP,ANDROID,MASS,ACTIVE
SYN-U-16642,62,M,FREELANCER,36268.69,Chittagong,1361,APP,IOS,MASS,ACTIVE
SYN-U-16643,66,M,FREELANCER,15000.0,Sylhet,1353,APP,ANDROID,MASS,ACTIVE
SYN-U-16644,44,F,FREELANCER,48797.58,Dhaka,1391,APP,IOS,MASS,ACTIVE
SYN-U-16645,28,M,BUSINESS,20285.6,Bogura,645,APP,ANDROID,MASS,ACTIVE
SYN-U-16646,46,F,SALARIED,31942.51,Rajshahi,1047,APP,ANDROID,MASS,RESTRICTED
SYN-U-16647,55,M,BUSINESS,93665.91,Dhaka,924,APP,ANDROID,MASS,ACTIVE
SYN-U-16648,48,F,FREELANCER,146927.6,Rajshahi,2281,APP,ANDROID,SME,ACTIVE
SYN-U-16649,32,M,SALARIED,127495.21,Dhaka,2329,APP,ANDROID,AFFLUENT,ACTIVE
SYN-U-16650,27,F,BUSINESS,158635.04,Narayanganj,514,APP,ANDROID,MASS,ACTIVE
SYN-U-16651,70,F,STUDENT,21613.73,Barishal,1879,APP,ANDROID,MASS,DORMANT
SYN-U-16652,53,M,BUSINESS,124582.88,Khulna,2183,AGENT,ANDROID,MASS,ACTIVE
SYN-U-16653,34,M,SALARIED,93384.47,Cumilla,788,USSD,ANDROID,SME,ACTIVE
SYN-U-16654,32,M,SALARIED,62971.36,Chittagong,742,APP,ANDROID,MASS,ACTIVE
SYN-U-16655,27,F,BUSINESS,32376.62,Dhaka,227,AGENT,ANDROID,STUDENT,RESTRICTED
SYN-U-16656,57,M,BUSINESS,15000.0,Chittagong,707,APP,ANDROID,PAYROLL,ACTIVE
SYN-U-16657,35,O,SALARIED,59751.59,Dhaka,2008,APP,ANDROID,AFFLUENT,ACTIVE
SYN-U-16658,63,F,SALARIED,73093.92,Khulna,2189,APP,ANDROID,STUDENT,ACTIVE
SYN-U-16659,29,F,SALARIED,38442.76,Rangpur,2347,APP,ANDROID,MASS,ACTIVE
SYN-U-16660,60,M,FREELANCER,126143.86,Cox's Bazar,1049,APP,ANDROID,AFFLUENT,ACTIVE
SYN-U-16661,51,F,RETIRED,62383.82,Barishal,1356,APP,ANDROID,AFFLUENT,ACTIVE
SYN-U-16662,37,F,FREELANCER,25103.8,Dhaka,1946,AGENT,ANDROID,MASS,ACTIVE
SYN-U-16663,36,M,STUDENT,39542.31,Dhaka,2033,AGENT,ANDROID,SME,ACTIVE
SYN-U-16664,24,M,SALARIED,70058.32,Rangpur,1364,APP,ANDROID,AFFLUENT,ACTIVE
SYN-U-16665,18,M,SALARIED,69029.45,Mymensingh,1233,AGENT,ANDROID,MASS,ACTIVE
SYN-U-16666,27,F,BUSINESS,91553.7,Dhaka,643,APP,ANDROID,PAYROLL,ACTIVE
SYN-U-16667,57,M,SALARIED,82135.62,Chittagong,2252,APP,IOS,AFFLUENT,ACTIVE
SYN-U-16668,61,M,BUSINESS,61973.99,Rajshahi,919,BRANCH,ANDROID,STUDENT,ACTIVE
SYN-U-16669,49,F,SALARIED,39125.97,Cox's Bazar,1486,BRANCH,FEATURE_PHONE,MASS,ACTIVE
SYN-U-16670,55,M,SALARIED,26379.26,Dhaka,2062,APP,ANDROID,STUDENT,ACTIVE
SYN-U-16671,20,M,HOMEMAKER,15000.0,Dhaka,461,APP,ANDROID,MASS,ACTIVE
SYN-U-16672,52,F,SALARIED,38459.07,Khulna,778,BRANCH,ANDROID,STUDENT,ACTIVE
SYN-U-16673,23,F,FREELANCER,149935.83,Dhaka,309,APP,ANDROID,AFFLUENT,ACTIVE
SYN-U-16674,67,F,HOMEMAKER,15000.0,Chittagong,1406,APP,ANDROID,STUDENT,ACTIVE
SYN-U-16675,47,F,SALARIED,40045.57,Dhaka,507,AGENT,ANDROID,PAYROLL,ACTIVE
SYN-U-16676,33,F,BUSINESS,62611.38,Narayanganj,1187,BRANCH,ANDROID,MASS,ACTIVE
SYN-U-16677,42,F,FREELANCER,46235.03,Dhaka,1799,APP,ANDROID,MASS,ACTIVE
SYN-U-16678,41,M,BUSINESS,142316.1,Rajshahi,677,APP,ANDROID,AFFLUENT,ACTIVE
SYN-U-16679,31,F,BUSINESS,44676.72,Cumilla,1218,APP,ANDROID,MASS,ACTIVE
SYN-U-16680,64,F,SALARIED,59951.14,Dhaka,484,APP,ANDROID,MASS,ACTIVE
SYN-U-16681,20,M,BUSINESS,93823.43,Khulna,1266,APP,ANDROID,MASS,ACTIVE
SYN-U-16682,33,F,SALARIED,57041.92,Chittagong,523,APP,ANDROID,MASS,ACTIVE
SYN-U-16683,46,M,HOMEMAKER,21954.6,Gazipur,761,APP,ANDROID,MASS,ACTIVE
SYN-U-16684,69,M,STUDENT,18842.18,Rajshahi,649,APP,ANDROID,MASS,ACTIVE
SYN-U-16685,18,M,SALARIED,44092.01,Dhaka,1342,AGENT,ANDROID,PAYROLL,ACTIVE
SYN-U-16686,32,F,BUSINESS,29237.53,Mymensingh,914,APP,ANDROID,STUDENT,ACTIVE
SYN-U-16687,52,M,SALARIED,38169.28,Gazipur,2337,BRANCH,ANDROID,PAYROLL,ACTIVE
SYN-U-16688,64,M,BUSINESS,76305.36,Dhaka,614,APP,ANDROID,MASS,ACTIVE
SYN-U-16689,20,M,FREELANCER,50781.99,Gazipur,630,APP,ANDROID,MASS,ACTIVE
SYN-U-16690,20,F,SALARIED,111410.78,Dhaka,1124,AGENT,ANDROID,AFFLUENT,ACTIVE
SYN-U-16691,59,F,BUSINESS,43154.13,Rangpur,2073,AGENT,ANDROID,MASS,ACTIVE
SYN-U-16692,39,F,FREELANCER,43727.45,Dhaka,2135,APP,ANDROID,MASS,ACTIVE
SYN-U-16693,48,M,FREELANCER,54436.47,Dhaka,1978,AGENT,ANDROID,AFFLUENT,ACTIVE
SYN-U-16694,58,F,BUSINESS,32002.17,Narayanganj,2014,APP,ANDROID,MASS,DORMANT
SYN-U-16695,54,M,STUDENT,15000.0,Dhaka,396,APP,ANDROID,STUDENT,ACTIVE
SYN-U-16696,63,M,BUSINESS,68719.02,Dhaka,1832,APP,FEATURE_PHONE,STUDENT,ACTIVE
SYN-U-16697,57,F,SALARIED,59003.45,Chittagong,1336,APP,FEATURE_PHONE,PAYROLL,ACTIVE
SYN-U-16698,43,M,BUSINESS,141311.11,Dhaka,38,APP,ANDROID,SME,ACTIVE
SYN-U-16699,55,F,STUDENT,36297.87,Sylhet,1838,APP,IOS,SME,ACTIVE
SYN-U-16700,66,M,SALARIED,58009.46,Dhaka,2314,APP,ANDROID,STUDENT,ACTIVE
SYN-U-16701,41,M,SALARIED,59212.04,Sylhet,1799,APP,ANDROID,PAYROLL,ACTIVE
SYN-U-16702,45,F,FREELANCER,35856.75,Gazipur,1549,AGENT,ANDROID,STUDENT,ACTIVE
SYN-U-16703,53,F,SALARIED,29806.26,Gazipur,308,APP,IOS,SME,ACTIVE
SYN-U-16704,34,M,BUSINESS,108992.22,Sylhet,712,APP,ANDROID,MASS,ACTIVE
SYN-U-16705,29,F,SALARIED,162513.74,Khulna,553,APP,IOS,AFFLUENT,ACTIVE
SYN-U-16706,29,M,BUSINESS,40391.65,Sylhet,2192,APP,IOS,STUDENT,ACTIVE
SYN-U-16707,18,F,SALARIED,52786.67,Dhaka,2311,APP,ANDROID,SME,ACTIVE
SYN-U-16708,26,F,SALARIED,44503.98,Dhaka,1510,AGENT,ANDROID,MASS,ACTIVE
SYN-U-16709,58,M,BUSINESS,15000.0,Sylhet,406,APP,ANDROID,MASS,ACTIVE
SYN-U-16710,18,M,BUSINESS,53028.4,Khulna,1832,USSD,IOS,MASS,ACTIVE
SYN-U-16711,53,M,FREELANCER,15000.0,Dhaka,279,AGENT,ANDROID,MASS,ACTIVE
SYN-U-16712,44,M,BUSINESS,92228.77,Dhaka,1445,APP,IOS,MASS,ACTIVE
SYN-U-16713,63,F,BUSINESS,117211.13,Khulna,341,AGENT,ANDROID,MASS,ACTIVE
SYN-U-16714,52,M,SALARIED,41885.28,Dhaka,1029,USSD,ANDROID,PAYROLL,ACTIVE
SYN-U-16715,71,F,BUSINESS,32638.87,Dhaka,2225,APP,ANDROID,MASS,ACTIVE
SYN-U-16716,21,M,SALARIED,30287.31,Gazipur,2394,BRANCH,ANDROID,MASS,ACTIVE
SYN-U-16717,66,M,FREELANCER,61390.26,Dhaka,1029,APP,ANDROID,MASS,ACTIVE
SYN-U-16718,67,M,SALARIED,29943.3,Dhaka,1527,APP,ANDROID,MASS,ACTIVE
SYN-U-16719,56,M,BUSINESS,67317.3,Dhaka,1833,AGENT,ANDROID,MASS,ACTIVE
SYN-U-16720,54,O,SALARIED,107180.19,Gazipur,315,APP,ANDROID,AFFLUENT,ACTIVE
SYN-U-16721,32,F,FREELANCER,30361.86,Chittagong,275,AGENT,ANDROID,STUDENT,ACTIVE
SYN-U-16722,57,F,BUSINESS,60767.48,Gazipur,2124,APP,ANDROID,MASS,ACTIVE
SYN-U-16723,31,M,FREELANCER,90274.14,Dhaka,1405,AGENT,ANDROID,AFFLUENT,ACTIVE
SYN-U-16724,66,M,BUSINESS,53744.45,Rajshahi,1301,APP,ANDROID,MASS,ACTIVE
SYN-U-16725,35,M,SALARIED,42353.28,Chittagong,1864,APP,ANDROID,STUDENT,ACTIVE
SYN-U-16726,59,F,BUSINESS,150056.94,Barishal,244,APP,ANDROID,SME,ACTIVE
SYN-U-16727,41,F,STUDENT,23271.28,Dhaka,1845,BRANCH,ANDROID,MASS,ACTIVE
SYN-U-16728,54,F,SALARIED,28424.72,Chittagong,1961,APP,ANDROID,MASS,ACTIVE
SYN-U-16729,43,M,STUDENT,15000.0,Rangpur,433,APP,ANDROID,SME,ACTIVE
SYN-U-16730,51,M,BUSINESS,52231.14,Cumilla,1234,APP,ANDROID,STUDENT,DORMANT
SYN-U-16731,62,F,BUSINESS,49481.03,Dhaka,1517,APP,IOS,MASS,ACTIVE
SYN-U-16732,23,M,BUSINESS,15000.0,Rajshahi,393,USSD,ANDROID,MASS,ACTIVE
SYN-U-16733,41,F,SALARIED,105642.51,Chittagong,1282,AGENT,ANDROID,SME,ACTIVE
SYN-U-16734,21,F,SALARIED,44319.19,Dhaka,2336,AGENT,ANDROID,MASS,ACTIVE
SYN-U-16735,57,F,SALARIED,77189.91,Khulna,2203,APP,ANDROID,AFFLUENT,ACTIVE
SYN-U-16736,68,M,SALARIED,110801.55,Khulna,442,APP,IOS,AFFLUENT,ACTIVE
SYN-U-16737,53,M,HOMEMAKER,15000.0,Chittagong,1080,AGENT,ANDROID,STUDENT,ACTIVE
SYN-U-16738,50,F,SALARIED,28693.36,Dhaka,551,APP,ANDROID,MASS,ACTIVE
SYN-U-16739,26,F,BUSINESS,47656.16,Chittagong,1723,APP,ANDROID,STUDENT,ACTIVE
SYN-U-16740,61,M,BUSINESS,48926.04,Dhaka,849,USSD,ANDROID,STUDENT,ACTIVE
SYN-U-16741,19,M,BUSINESS,43504.62,Dhaka,2094,APP,ANDROID,MASS,ACTIVE
SYN-U-16742,26,F,BUSINESS,106098.89,Dhaka,1382,APP,ANDROID,AFFLUENT,ACTIVE
SYN-U-16743,52,M,BUSINESS,231807.34,Rajshahi,1782,APP,ANDROID,AFFLUENT,ACTIVE
SYN-U-16744,53,M,SALARIED,53315.85,Chittagong,1904,AGENT,ANDROID,MASS,ACTIVE
SYN-U-16745,42,M,BUSINESS,39216.97,Sylhet,1598,BRANCH,IOS,MASS,ACTIVE
SYN-U-16746,20,M,HOMEMAKER,19594.84,Dhaka,389,BRANCH,ANDROID,PAYROLL,ACTIVE
SYN-U-16747,18,F,BUSINESS,26016.29,Dhaka,290,APP,ANDROID,STUDENT,ACTIVE
SYN-U-16748,46,M,SALARIED,57191.36,Khulna,1949,APP,ANDROID,SME,ACTIVE
SYN-U-16749,23,M,FREELANCER,146857.76,Barishal,1080,AGENT,IOS,AFFLUENT,ACTIVE
SYN-U-16750,37,F,FREELANCER,109850.04,Khulna,1663,AGENT,ANDROID,SME,ACTIVE
SYN-U-16751,35,F,BUSINESS,36223.58,Chittagong,1533,APP,ANDROID,MASS,ACTIVE
SYN-U-16752,62,M,FREELANCER,51291.55,Dhaka,1399,AGENT,ANDROID,MASS,ACTIVE
SYN-U-16753,35,F,BUSINESS,58055.39,Khulna,1717,APP,ANDROID,AFFLUENT,ACTIVE
SYN-U-16754,38,M,STUDENT,19713.41,Barishal,1111,AGENT,ANDROID,SME,ACTIVE
SYN-U-16755,47,F,HOMEMAKER,33590.42,Rajshahi,159,APP,ANDROID,MASS,ACTIVE
SYN-U-16756,62,M,SALARIED,66088.65,Barishal,1627,USSD,IOS,MASS,ACTIVE
SYN-U-16757,56,M,BUSINESS,107168.82,Mymensingh,2026,APP,ANDROID,MASS,ACTIVE
SYN-U-16758,45,F,HOMEMAKER,24992.58,Barishal,414,APP,IOS,MASS,DORMANT
SYN-U-16759,36,M,SALARIED,39591.23,Dhaka,1070,APP,ANDROID,MASS,ACTIVE
SYN-U-16760,49,M,BUSINESS,134935.76,Dhaka,1318,USSD,ANDROID,MASS,ACTIVE
SYN-U-16761,58,F,STUDENT,15000.0,Rajshahi,814,AGENT,ANDROID,MASS,ACTIVE
SYN-U-16762,52,M,SALARIED,48025.18,Sylhet,1732,APP,ANDROID,STUDENT,ACTIVE
SYN-U-16763,47,M,SALARIED,56335.52,Dhaka,1252,APP,ANDROID,MASS,ACTIVE
SYN-U-16764,64,M,SALARIED,33749.34,Dhaka,1095,BRANCH,ANDROID,MASS,ACTIVE
SYN-U-16765,56,F,FREELANCER,36577.56,Khulna,1521,APP,ANDROID,PAYROLL,ACTIVE
SYN-U-16766,51,M,SALARIED,54888.08,Dhaka,1029,BRANCH,ANDROID,MASS,ACTIVE
SYN-U-16767,50,O,SALARIED,167117.26,Dhaka,694,APP,ANDROID,AFFLUENT,ACTIVE
SYN-U-16768,52,F,BUSINESS,74254.32,Dhaka,1363,APP,ANDROID,SME,ACTIVE
SYN-U-16769,31,F,SALARIED,16215.94,Chittagong,2352,BRANCH,ANDROID,MASS,ACTIVE
SYN-U-16770,27,F,SALARIED,63242.28,Chittagong,1249,AGENT,ANDROID,MASS,ACTIVE
SYN-U-16771,38,F,STUDENT,22079.42,Rajshahi,2210,APP,ANDROID,MASS,ACTIVE
SYN-U-16772,22,M,SALARIED,28317.7,Chittagong,712,AGENT,IOS,MASS,DORMANT
SYN-U-16773,41,M,STUDENT,21778.92,Dhaka,2055,APP,ANDROID,MASS,ACTIVE
SYN-U-16774,23,M,BUSINESS,52150.7,Dhaka,387,APP,ANDROID,SME,ACTIVE
SYN-U-16775,57,F,STUDENT,15000.0,Barishal,1857,APP,IOS,MASS,ACTIVE
SYN-U-16776,61,F,FREELANCER,78402.15,Dhaka,567,APP,ANDROID,MASS,ACTIVE
SYN-U-16777,47,M,BUSINESS,240826.49,Chittagong,593,AGENT,ANDROID,AFFLUENT,ACTIVE
SYN-U-16778,39,F,SALARIED,134645.13,Dhaka,1009,APP,ANDROID,AFFLUENT,ACTIVE
SYN-U-16779,18,F,BUSINESS,89396.82,Chittagong,2433,APP,ANDROID,MASS,ACTIVE
SYN-U-16780,21,M,RETIRED,54945.0,Chittagong,279,APP,IOS,SME,ACTIVE
SYN-U-16781,59,M,SALARIED,69467.57,Rangpur,840,APP,ANDROID,PAYROLL,ACTIVE
SYN-U-16782,33,M,BUSINESS,54364.67,Jessore,2060,AGENT,IOS,MASS,ACTIVE
SYN-U-16783,50,F,HOMEMAKER,33565.88,Rajshahi,1388,USSD,IOS,MASS,ACTIVE
SYN-U-16784,64,F,SALARIED,61400.18,Sylhet,354,APP,ANDROID,MASS,ACTIVE
SYN-U-16785,43,M,BUSINESS,15000.0,Chittagong,1818,USSD,FEATURE_PHONE,MASS,ACTIVE
SYN-U-16786,46,F,SALARIED,44794.85,Narayanganj,2265,BRANCH,ANDROID,MASS,ACTIVE
SYN-U-16787,56,M,SALARIED,64769.56,Dhaka,1915,BRANCH,ANDROID,MASS,ACTIVE
SYN-U-16788,19,M,BUSINESS,97601.53,Dhaka,1798,AGENT,ANDROID,MASS,ACTIVE
SYN-U-16789,31,M,SALARIED,51961.56,Cumilla,2280,APP,ANDROID,MASS,ACTIVE
SYN-U-16790,62,F,SALARIED,47994.56,Rangpur,2380,AGENT,ANDROID,MASS,ACTIVE
SYN-U-16791,64,F,FREELANCER,15000.0,Dhaka,436,AGENT,ANDROID,MASS,ACTIVE
SYN-U-16792,18,F,FREELANCER,135700.77,Barishal,121,APP,ANDROID,AFFLUENT,ACTIVE
SYN-U-16793,37,M,SALARIED,51853.83,Dhaka,858,APP,ANDROID,MASS,ACTIVE
SYN-U-16794,20,F,RETIRED,26181.31,Narayanganj,405,USSD,IOS,MASS,ACTIVE
SYN-U-16795,38,M,STUDENT,21579.32,Gazipur,1706,APP,ANDROID,MASS,ACTIVE
SYN-U-16796,69,M,SALARIED,39320.81,Mymensingh,2017,BRANCH,ANDROID,PAYROLL,ACTIVE
SYN-U-16797,58,F,BUSINESS,103885.71,Chittagong,2490,AGENT,ANDROID,AFFLUENT,ACTIVE
SYN-U-16798,22,F,SALARIED,35845.21,Dhaka,2051,APP,ANDROID,STUDENT,ACTIVE
SYN-U-16799,27,F,BUSINESS,31855.52,Dhaka,1979,APP,IOS,STUDENT,ACTIVE
SYN-U-16800,23,M,SALARIED,49036.58,Dhaka,223,APP,ANDROID,MASS,ACTIVE
SYN-U-16801,23,F,FREELANCER,122647.27,Rangpur,191,BRANCH,ANDROID,SME,ACTIVE
SYN-U-16802,33,M,STUDENT,15000.0,Rangpur,592,AGENT,ANDROID,STUDENT,ACTIVE
SYN-U-16803,58,F,SALARIED,37451.18,Narayanganj,43,AGENT,ANDROID,MASS,ACTIVE
SYN-U-16804,70,F,BUSINESS,75412.28,Chittagong,2248,AGENT,ANDROID,STUDENT,ACTIVE
SYN-U-16805,46,F,SALARIED,66924.28,Rangpur,2232,AGENT,ANDROID,MASS,ACTIVE
SYN-U-16806,33,M,BUSINESS,72549.53,Mymensingh,921,BRANCH,ANDROID,MASS,ACTIVE
SYN-U-16807,37,M,FREELANCER,176108.47,Chittagong,1860,AGENT,ANDROID,AFFLUENT,ACTIVE
SYN-U-16808,41,M,FREELANCER,107760.9,Barishal,2288,APP,ANDROID,SME,ACTIVE
SYN-U-16809,62,F,SALARIED,53279.38,Gazipur,947,APP,ANDROID,PAYROLL,ACTIVE
SYN-U-16810,71,F,BUSINESS,66589.09,Bogura,2293,APP,ANDROID,AFFLUENT,ACTIVE
SYN-U-16811,64,M,SALARIED,66837.96,Gazipur,302,AGENT,ANDROID,MASS,ACTIVE
SYN-U-16812,25,M,BUSINESS,54164.5,Dhaka,1186,AGENT,ANDROID,MASS,ACTIVE
SYN-U-16813,52,M,BUSINESS,265650.05,Dhaka,2233,BRANCH,ANDROID,AFFLUENT,ACTIVE
SYN-U-16814,57,F,BUSINESS,48799.16,Rajshahi,625,USSD,ANDROID,MASS,ACTIVE
SYN-U-16815,59,F,BUSINESS,56140.54,Dhaka,831,APP,ANDROID,AFFLUENT,ACTIVE
SYN-U-16816,28,F,SALARIED,70262.88,Barishal,854,BRANCH,ANDROID,MASS,ACTIVE
SYN-U-16817,18,M,SALARIED,60201.68,Cumilla,997,APP,ANDROID,PAYROLL,ACTIVE
SYN-U-16818,39,F,FREELANCER,57578.03,Dhaka,694,APP,ANDROID,MASS,ACTIVE
SYN-U-16819,46,F,STUDENT,15057.18,Sylhet,1417,APP,ANDROID,MASS,ACTIVE
SYN-U-16820,52,F,HOMEMAKER,48752.95,Dhaka,1386,APP,ANDROID,AFFLUENT,ACTIVE
SYN-U-16821,44,M,SALARIED,59626.56,Khulna,852,AGENT,ANDROID,MASS,ACTIVE
SYN-U-16822,60,M,SALARIED,60232.65,Narayanganj,276,APP,IOS,MASS,ACTIVE
SYN-U-16823,60,M,FREELANCER,82637.81,Chittagong,2146,APP,ANDROID,MASS,ACTIVE
SYN-U-16824,52,F,STUDENT,15000.0,Dhaka,1745,AGENT,ANDROID,MASS,ACTIVE
SYN-U-16825,55,M,SALARIED,45782.96,Dhaka,1027,APP,FEATURE_PHONE,MASS,ACTIVE
SYN-U-16826,57,F,BUSINESS,63828.92,Dhaka,1699,BRANCH,ANDROID,MASS,ACTIVE
SYN-U-16827,36,F,SALARIED,73737.43,Khulna,1879,APP,ANDROID,PAYROLL,ACTIVE
SYN-U-16828,67,M,BUSINESS,229371.68,Dhaka,1461,AGENT,FEATURE_PHONE,AFFLUENT,ACTIVE
SYN-U-16829,40,F,STUDENT,16854.22,Rangpur,2142,APP,ANDROID,MASS,ACTIVE
SYN-U-16830,46,M,BUSINESS,78347.98,Khulna,1333,APP,ANDROID,MASS,ACTIVE
SYN-U-16831,69,F,FREELANCER,99654.24,Cox's Bazar,1629,AGENT,ANDROID,AFFLUENT,ACTIVE
SYN-U-16832,22,M,HOMEMAKER,34739.84,Dhaka,2480,AGENT,ANDROID,AFFLUENT,ACTIVE
SYN-U-16833,46,M,BUSINESS,236927.41,Mymensingh,1294,APP,ANDROID,AFFLUENT,ACTIVE
SYN-U-16834,46,M,SALARIED,55728.94,Chittagong,1748,APP,ANDROID,MASS,ACTIVE
SYN-U-16835,34,M,STUDENT,22096.18,Dhaka,2335,BRANCH,ANDROID,STUDENT,ACTIVE
SYN-U-16836,52,M,SALARIED,84833.75,Chittagong,1588,APP,ANDROID,SME,ACTIVE
SYN-U-16837,36,F,SALARIED,49192.91,Rajshahi,2131,AGENT,ANDROID,STUDENT,ACTIVE
SYN-U-16838,69,F,FREELANCER,73481.86,Chittagong,661,AGENT,ANDROID,MASS,ACTIVE
SYN-U-16839,59,F,SALARIED,54105.75,Cumilla,1509,AGENT,ANDROID,MASS,ACTIVE
SYN-U-16840,62,F,SALARIED,34701.08,Rangpur,1170,BRANCH,ANDROID,STUDENT,ACTIVE
SYN-U-16841,65,F,HOMEMAKER,15000.0,Dhaka,1375,BRANCH,IOS,MASS,ACTIVE
SYN-U-16842,38,F,SALARIED,114935.37,Dhaka,1221,BRANCH,ANDROID,SME,RESTRICTED
SYN-U-16843,28,M,BUSINESS,55251.57,Rangpur,461,AGENT,FEATURE_PHONE,MASS,ACTIVE
SYN-U-16844,35,O,SALARIED,45107.45,Dhaka,2430,AGENT,ANDROID,STUDENT,ACTIVE
SYN-U-16845,61,F,FREELANCER,80015.54,Rajshahi,174,BRANCH,ANDROID,MASS,ACTIVE
SYN-U-16846,35,F,BUSINESS,200676.56,Mymensingh,2077,APP,ANDROID,AFFLUENT,ACTIVE
SYN-U-16847,69,F,FREELANCER,135521.19,Dhaka,257,AGENT,ANDROID,SME,ACTIVE
SYN-U-16848,27,F,FREELANCER,54130.32,Mymensingh,155,APP,IOS,MASS,ACTIVE
SYN-U-16849,29,M,FREELANCER,43151.22,Sylhet,2220,APP,ANDROID,PAYROLL,ACTIVE
SYN-U-16850,46,M,BUSINESS,85920.79,Dhaka,199,AGENT,ANDROID,MASS,ACTIVE
SYN-U-16851,29,M,SALARIED,93667.86,Chittagong,363,APP,ANDROID,SME,ACTIVE
SYN-U-16852,55,M,STUDENT,15000.0,Khulna,2083,APP,FEATURE_PHONE,MASS,ACTIVE
SYN-U-16853,46,F,SALARIED,46831.04,Sylhet,1727,APP,IOS,MASS,ACTIVE
SYN-U-16854,66,F,SALARIED,118476.65,Khulna,1747,APP,FEATURE_PHONE,SME,ACTIVE
SYN-U-16855,26,F,BUSINESS,88599.69,Barishal,1133,APP,ANDROID,MASS,ACTIVE
SYN-U-16856,66,F,BUSINESS,57968.22,Khulna,1984,BRANCH,IOS,MASS,ACTIVE
SYN-U-16857,37,F,RETIRED,29496.66,Gazipur,949,APP,IOS,PAYROLL,ACTIVE
SYN-U-16858,60,F,SALARIED,48407.06,Dhaka,2221,APP,ANDROID,MASS,DORMANT
SYN-U-16859,32,M,STUDENT,21993.33,Dhaka,1337,APP,ANDROID,MASS,ACTIVE
SYN-U-16860,20,F,STUDENT,42834.66,Bogura,2228,APP,ANDROID,AFFLUENT,ACTIVE
SYN-U-16861,49,F,STUDENT,20603.63,Gazipur,2361,APP,ANDROID,MASS,ACTIVE
SYN-U-16862,45,M,SALARIED,29819.67,Rajshahi,1367,APP,IOS,MASS,ACTIVE
SYN-U-16863,64,F,BUSINESS,37971.82,Dhaka,159,APP,ANDROID,PAYROLL,ACTIVE
SYN-U-16864,20,M,BUSINESS,42600.91,Cumilla,2351,AGENT,ANDROID,MASS,ACTIVE
SYN-U-16865,67,F,BUSINESS,54738.77,Gazipur,346,BRANCH,ANDROID,PAYROLL,ACTIVE
SYN-U-16866,25,F,SALARIED,52037.99,Cumilla,1613,APP,ANDROID,MASS,ACTIVE
SYN-U-16867,71,F,SALARIED,61724.83,Dhaka,2389,APP,IOS,MASS,ACTIVE
SYN-U-16868,24,M,BUSINESS,91277.99,Khulna,2026,APP,ANDROID,MASS,ACTIVE
SYN-U-16869,41,F,BUSINESS,46043.72,Dhaka,1602,APP,ANDROID,MASS,ACTIVE
SYN-U-16870,46,M,STUDENT,18219.46,Gazipur,86,AGENT,ANDROID,MASS,ACTIVE
SYN-U-16871,57,M,SALARIED,21154.1,Barishal,1690,APP,ANDROID,AFFLUENT,ACTIVE
SYN-U-16872,18,F,FREELANCER,20699.91,Khulna,920,APP,ANDROID,MASS,ACTIVE
SYN-U-16873,51,M,SALARIED,58226.25,Khulna,476,APP,ANDROID,MASS,ACTIVE
SYN-U-16874,46,M,FREELANCER,59668.16,Dhaka,946,APP,ANDROID,MASS,ACTIVE
SYN-U-16875,29,M,SALARIED,20600.12,Rangpur,1000,BRANCH,ANDROID,STUDENT,ACTIVE
SYN-U-16876,26,M,BUSINESS,64955.41,Dhaka,1824,APP,ANDROID,STUDENT,ACTIVE
SYN-U-16877,64,M,SALARIED,40717.83,Dhaka,506,APP,ANDROID,STUDENT,ACTIVE
SYN-U-16878,39,M,SALARIED,45337.03,Rajshahi,664,APP,ANDROID,MASS,ACTIVE
SYN-U-16879,35,F,BUSINESS,78337.13,Dhaka,757,APP,ANDROID,MASS,ACTIVE
SYN-U-16880,60,M,FREELANCER,79311.08,Rajshahi,2488,APP,ANDROID,PAYROLL,ACTIVE
SYN-U-16881,21,M,FREELANCER,171293.08,Sylhet,1367,APP,ANDROID,AFFLUENT,ACTIVE
SYN-U-16882,18,F,RETIRED,81044.94,Chittagong,109,APP,ANDROID,SME,ACTIVE
SYN-U-16883,50,F,SALARIED,49307.26,Mymensingh,1651,APP,FEATURE_PHONE,PAYROLL,ACTIVE
SYN-U-16884,61,F,HOMEMAKER,15030.11,Gazipur,886,APP,ANDROID,MASS,ACTIVE
SYN-U-16885,61,O,STUDENT,16323.83,Sylhet,2460,USSD,ANDROID,PAYROLL,ACTIVE
SYN-U-16886,45,F,BUSINESS,15000.0,Dhaka,2058,APP,ANDROID,STUDENT,ACTIVE
SYN-U-16887,49,F,FREELANCER,111655.34,Sylhet,225,AGENT,ANDROID,MASS,ACTIVE
SYN-U-16888,60,F,SALARIED,79719.16,Mymensingh,755,BRANCH,ANDROID,MASS,ACTIVE
SYN-U-16889,54,M,BUSINESS,21357.53,Dhaka,1846,APP,ANDROID,MASS,ACTIVE
SYN-U-16890,47,M,BUSINESS,39976.51,Dhaka,1821,BRANCH,ANDROID,MASS,ACTIVE
SYN-U-16891,32,F,SALARIED,57760.66,Narayanganj,97,APP,ANDROID,MASS,ACTIVE
SYN-U-16892,21,F,SALARIED,77217.38,Chittagong,272,APP,ANDROID,SME,ACTIVE
SYN-U-16893,28,M,BUSINESS,40954.81,Rangpur,374,APP,ANDROID,PAYROLL,ACTIVE
SYN-U-16894,53,M,BUSINESS,28837.79,Sylhet,1174,APP,ANDROID,PAYROLL,ACTIVE
SYN-U-16895,64,M,BUSINESS,62060.97,Dhaka,571,APP,ANDROID,MASS,ACTIVE
SYN-U-16896,33,F,SALARIED,40610.38,Sylhet,252,AGENT,ANDROID,MASS,ACTIVE
SYN-U-16897,51,F,SALARIED,112913.67,Dhaka,2222,APP,IOS,AFFLUENT,ACTIVE
SYN-U-16898,22,F,SALARIED,40065.05,Chittagong,1515,APP,ANDROID,STUDENT,ACTIVE
SYN-U-16899,42,M,SALARIED,74759.04,Bogura,1198,APP,ANDROID,SME,ACTIVE
SYN-U-16900,49,M,FREELANCER,34144.88,Sylhet,1985,APP,ANDROID,STUDENT,ACTIVE
SYN-U-16901,57,F,STUDENT,22122.53,Dhaka,813,AGENT,FEATURE_PHONE,MASS,ACTIVE
SYN-U-16902,27,M,SALARIED,43781.5,Chittagong,1493,AGENT,ANDROID,MASS,ACTIVE
SYN-U-16903,56,F,BUSINESS,70484.12,Dhaka,801,APP,ANDROID,MASS,ACTIVE
SYN-U-16904,69,M,FREELANCER,135633.22,Mymensingh,1034,APP,ANDROID,SME,ACTIVE
SYN-U-16905,44,F,STUDENT,15856.38,Sylhet,360,BRANCH,ANDROID,MASS,ACTIVE
SYN-U-16906,51,M,SALARIED,41845.66,Dhaka,936,USSD,ANDROID,MASS,ACTIVE
SYN-U-16907,35,F,SALARIED,46438.26,Bogura,2427,AGENT,ANDROID,STUDENT,ACTIVE
SYN-U-16908,33,M,HOMEMAKER,15000.0,Mymensingh,1133,APP,IOS,MASS,ACTIVE
SYN-U-16909,38,F,SALARIED,57401.36,Rangpur,1854,BRANCH,ANDROID,PAYROLL,ACTIVE
SYN-U-16910,43,M,SALARIED,97502.76,Chittagong,2243,AGENT,ANDROID,SME,ACTIVE
SYN-U-16911,21,M,BUSINESS,65368.56,Chittagong,1511,BRANCH,ANDROID,MASS,ACTIVE
SYN-U-16912,45,M,STUDENT,33499.89,Dhaka,1491,APP,ANDROID,SME,ACTIVE
SYN-U-16913,31,F,SALARIED,58603.19,Jessore,591,APP,ANDROID,MASS,ACTIVE
SYN-U-16914,54,F,FREELANCER,48333.89,Sylhet,2243,APP,ANDROID,MASS,ACTIVE
SYN-U-16915,53,F,SALARIED,63995.74,Sylhet,869,APP,ANDROID,MASS,ACTIVE
SYN-U-16916,20,M,BUSINESS,70756.54,Chittagong,1436,BRANCH,ANDROID,STUDENT,ACTIVE
SYN-U-16917,35,M,SALARIED,38874.87,Gazipur,220,APP,ANDROID,MASS,ACTIVE
SYN-U-16918,60,M,HOMEMAKER,21609.05,Dhaka,1195,BRANCH,ANDROID,STUDENT,ACTIVE
SYN-U-16919,62,F,BUSINESS,57076.63,Chittagong,2165,USSD,ANDROID,AFFLUENT,ACTIVE
SYN-U-16920,26,M,BUSINESS,42295.95,Rangpur,2206,AGENT,ANDROID,STUDENT,ACTIVE
SYN-U-16921,40,F,SALARIED,32509.77,Rajshahi,539,BRANCH,FEATURE_PHONE,STUDENT,ACTIVE
SYN-U-16922,30,M,BUSINESS,44416.71,Cumilla,2018,APP,ANDROID,STUDENT,ACTIVE
SYN-U-16923,62,M,STUDENT,19667.16,Dhaka,1592,APP,ANDROID,MASS,ACTIVE
SYN-U-16924,23,M,BUSINESS,40816.8,Chittagong,637,USSD,ANDROID,PAYROLL,ACTIVE
SYN-U-16925,21,F,BUSINESS,234566.15,Dhaka,2189,APP,ANDROID,AFFLUENT,ACTIVE
SYN-U-16926,47,F,SALARIED,30733.1,Cox's Bazar,1316,APP,ANDROID,STUDENT,ACTIVE
SYN-U-16927,33,F,SALARIED,42043.64,Sylhet,2366,BRANCH,ANDROID,MASS,DORMANT
SYN-U-16928,33,M,SALARIED,36072.86,Chittagong,853,APP,ANDROID,PAYROLL,ACTIVE
SYN-U-16929,53,M,SALARIED,50984.48,Cumilla,1991,APP,ANDROID,MASS,ACTIVE
SYN-U-16930,30,F,SALARIED,113886.0,Barishal,2076,APP,ANDROID,AFFLUENT,ACTIVE
SYN-U-16931,52,M,BUSINESS,43172.09,Chittagong,2261,APP,ANDROID,MASS,ACTIVE
SYN-U-16932,49,M,SALARIED,122568.02,Dhaka,1490,USSD,ANDROID,AFFLUENT,ACTIVE
SYN-U-16933,28,F,RETIRED,30858.74,Dhaka,1501,APP,ANDROID,STUDENT,ACTIVE
SYN-U-16934,27,M,BUSINESS,15000.0,Dhaka,928,AGENT,ANDROID,MASS,ACTIVE
SYN-U-16935,45,F,BUSINESS,23137.92,Narayanganj,1171,APP,ANDROID,STUDENT,ACTIVE
SYN-U-16936,36,F,STUDENT,41145.97,Khulna,1991,APP,IOS,AFFLUENT,ACTIVE
SYN-U-16937,24,M,SALARIED,122846.47,Dhaka,795,USSD,ANDROID,AFFLUENT,ACTIVE
SYN-U-16938,33,M,SALARIED,63133.95,Dhaka,2211,APP,ANDROID,PAYROLL,ACTIVE
SYN-U-16939,66,M,BUSINESS,162607.06,Dhaka,895,BRANCH,ANDROID,AFFLUENT,ACTIVE
SYN-U-16940,39,M,FREELANCER,73615.6,Narayanganj,1914,AGENT,ANDROID,MASS,ACTIVE
SYN-U-16941,26,M,BUSINESS,160702.73,Chittagong,277,APP,ANDROID,AFFLUENT,ACTIVE
SYN-U-16942,44,M,SALARIED,30355.95,Dhaka,2286,APP,ANDROID,MASS,ACTIVE
SYN-U-16943,34,M,BUSINESS,88947.7,Jessore,1633,BRANCH,IOS,MASS,DORMANT
SYN-U-16944,65,M,BUSINESS,99645.73,Dhaka,1137,APP,IOS,AFFLUENT,ACTIVE
SYN-U-16945,57,F,FREELANCER,15000.0,Khulna,2259,AGENT,ANDROID,PAYROLL,ACTIVE
SYN-U-16946,55,M,SALARIED,58891.74,Rangpur,1362,USSD,ANDROID,MASS,ACTIVE
SYN-U-16947,45,M,FREELANCER,49853.51,Mymensingh,276,APP,ANDROID,STUDENT,ACTIVE
SYN-U-16948,69,M,STUDENT,41367.1,Dhaka,1631,AGENT,FEATURE_PHONE,AFFLUENT,ACTIVE
SYN-U-16949,49,F,BUSINESS,151186.12,Rajshahi,798,APP,FEATURE_PHONE,AFFLUENT,ACTIVE
SYN-U-16950,29,M,SALARIED,19096.72,Sylhet,1936,AGENT,ANDROID,STUDENT,ACTIVE
SYN-U-16951,50,F,SALARIED,15000.0,Chittagong,1213,AGENT,ANDROID,MASS,ACTIVE
SYN-U-16952,71,F,STUDENT,24462.02,Dhaka,2453,APP,ANDROID,STUDENT,ACTIVE
SYN-U-16953,31,F,BUSINESS,79788.82,Rangpur,2298,APP,ANDROID,MASS,ACTIVE
SYN-U-16954,29,M,BUSINESS,64084.17,Rangpur,959,AGENT,ANDROID,PAYROLL,ACTIVE
SYN-U-16955,36,F,SALARIED,39863.8,Rajshahi,1331,APP,ANDROID,MASS,ACTIVE
SYN-U-16956,55,M,BUSINESS,90278.86,Dhaka,2358,APP,ANDROID,MASS,ACTIVE
SYN-U-16957,27,F,SALARIED,127555.71,Chittagong,157,AGENT,ANDROID,AFFLUENT,ACTIVE
SYN-U-16958,65,F,SALARIED,66224.53,Dhaka,162,APP,ANDROID,MASS,ACTIVE
SYN-U-16959,28,F,SALARIED,68163.11,Cumilla,538,AGENT,FEATURE_PHONE,MASS,ACTIVE
SYN-U-16960,58,M,FREELANCER,42576.51,Dhaka,1816,AGENT,ANDROID,SME,ACTIVE
SYN-U-16961,18,M,BUSINESS,112130.13,Barishal,2240,BRANCH,ANDROID,MASS,ACTIVE
SYN-U-16962,23,F,SALARIED,18102.93,Chittagong,702,AGENT,ANDROID,AFFLUENT,ACTIVE
SYN-U-16963,44,F,STUDENT,15406.71,Dhaka,419,AGENT,ANDROID,MASS,ACTIVE
SYN-U-16964,22,M,BUSINESS,40804.02,Dhaka,423,APP,ANDROID,MASS,ACTIVE
SYN-U-16965,27,F,BUSINESS,40608.85,Jessore,2124,APP,IOS,MASS,ACTIVE
SYN-U-16966,53,F,SALARIED,15000.0,Cumilla,1427,APP,ANDROID,MASS,DORMANT
SYN-U-16967,57,M,SALARIED,27460.38,Dhaka,675,USSD,ANDROID,MASS,ACTIVE
SYN-U-16968,30,M,SALARIED,97785.57,Chittagong,334,USSD,ANDROID,AFFLUENT,ACTIVE
SYN-U-16969,26,F,RETIRED,15000.0,Khulna,308,APP,ANDROID,MASS,ACTIVE
SYN-U-16970,68,M,BUSINESS,79512.7,Chittagong,2078,AGENT,ANDROID,MASS,ACTIVE
SYN-U-16971,39,M,SALARIED,71470.41,Sylhet,1995,APP,ANDROID,MASS,ACTIVE
SYN-U-16972,49,F,BUSINESS,82942.87,Dhaka,831,BRANCH,ANDROID,STUDENT,ACTIVE
SYN-U-16973,35,F,BUSINESS,27277.7,Sylhet,1294,APP,ANDROID,MASS,ACTIVE
SYN-U-16974,70,F,FREELANCER,51077.28,Dhaka,1540,BRANCH,FEATURE_PHONE,STUDENT,ACTIVE
SYN-U-16975,29,F,SALARIED,73272.59,Cumilla,886,APP,ANDROID,SME,DORMANT
SYN-U-16976,24,F,BUSINESS,37919.61,Cumilla,1196,APP,ANDROID,STUDENT,ACTIVE
SYN-U-16977,70,F,SALARIED,40924.27,Chittagong,409,APP,ANDROID,MASS,ACTIVE
SYN-U-16978,47,F,SALARIED,67345.61,Barishal,1417,AGENT,ANDROID,MASS,ACTIVE
SYN-U-16979,18,F,HOMEMAKER,24518.9,Dhaka,1570,APP,ANDROID,MASS,ACTIVE
SYN-U-16980,35,M,SALARIED,40072.93,Dhaka,2470,BRANCH,ANDROID,MASS,ACTIVE
SYN-U-16981,48,M,HOMEMAKER,18125.02,Mymensingh,324,USSD,ANDROID,MASS,ACTIVE
SYN-U-16982,48,F,BUSINESS,92684.65,Chittagong,588,BRANCH,ANDROID,AFFLUENT,ACTIVE
SYN-U-16983,62,F,BUSINESS,77970.24,Khulna,994,APP,ANDROID,MASS,ACTIVE
SYN-U-16984,24,M,STUDENT,46139.1,Dhaka,2449,BRANCH,ANDROID,AFFLUENT,ACTIVE
SYN-U-16985,51,M,STUDENT,26656.62,Dhaka,1184,BRANCH,ANDROID,MASS,DORMANT
SYN-U-16986,67,M,SALARIED,68395.88,Gazipur,245,APP,ANDROID,MASS,ACTIVE
SYN-U-16987,32,F,BUSINESS,36342.64,Barishal,1827,BRANCH,ANDROID,STUDENT,ACTIVE
SYN-U-16988,31,M,FREELANCER,63753.44,Chittagong,993,AGENT,ANDROID,MASS,ACTIVE
SYN-U-16989,46,F,FREELANCER,146175.57,Chittagong,1148,APP,ANDROID,AFFLUENT,ACTIVE
SYN-U-16990,39,M,BUSINESS,97167.58,Gazipur,1596,APP,IOS,MASS,DORMANT
SYN-U-16991,22,M,BUSINESS,162397.81,Dhaka,458,AGENT,ANDROID,SME,ACTIVE
SYN-U-16992,57,M,SALARIED,46949.67,Gazipur,2264,AGENT,ANDROID,MASS,ACTIVE
SYN-U-16993,32,F,BUSINESS,256580.4,Rajshahi,1938,APP,ANDROID,AFFLUENT,ACTIVE
SYN-U-16994,59,F,BUSINESS,99868.62,Dhaka,1998,AGENT,IOS,MASS,ACTIVE
SYN-U-16995,31,M,FREELANCER,54720.13,Mymensingh,1570,APP,ANDROID,MASS,ACTIVE
SYN-U-16996,51,M,RETIRED,119038.77,Chittagong,1189,APP,IOS,AFFLUENT,ACTIVE
SYN-U-16997,36,M,BUSINESS,201602.79,Rangpur,1563,APP,ANDROID,AFFLUENT,ACTIVE
SYN-U-16998,70,M,STUDENT,15000.0,Dhaka,1020,APP,ANDROID,STUDENT,ACTIVE
SYN-U-16999,40,F,STUDENT,17362.54,Dhaka,2088,APP,ANDROID,STUDENT,ACTIVE
SYN-U-17000,53,F,FREELANCER,45775.06,Chittagong,728,AGENT,ANDROID,MASS,ACTIVE
SYN-U-17001,66,F,HOMEMAKER,35707.48,Dhaka,272,USSD,ANDROID,MASS,ACTIVE
SYN-U-17002,34,M,BUSINESS,147834.66,Gazipur,207,AGENT,IOS,AFFLUENT,ACTIVE
SYN-U-17003,60,M,BUSINESS,26465.1,Dhaka,1716,USSD,ANDROID,STUDENT,ACTIVE
SYN-U-17004,18,F,SALARIED,67570.54,Dhaka,1070,AGENT,ANDROID,MASS,ACTIVE
SYN-U-17005,61,M,HOMEMAKER,29015.19,Gazipur,319,APP,ANDROID,AFFLUENT,ACTIVE
SYN-U-17006,54,M,HOMEMAKER,18786.14,Dhaka,616,AGENT,ANDROID,PAYROLL,ACTIVE
SYN-U-17007,64,M,BUSINESS,72454.53,Rajshahi,872,APP,ANDROID,MASS,ACTIVE
SYN-U-17008,34,F,BUSINESS,90113.26,Chittagong,490,APP,ANDROID,PAYROLL,ACTIVE
SYN-U-17009,61,M,SALARIED,44290.61,Rajshahi,1067,APP,ANDROID,MASS,RESTRICTED
SYN-U-17010,55,M,SALARIED,50191.93,Rajshahi,444,APP,ANDROID,MASS,ACTIVE
SYN-U-17011,27,M,SALARIED,57252.95,Dhaka,1655,AGENT,IOS,MASS,ACTIVE
SYN-U-17012,58,M,BUSINESS,36731.54,Dhaka,1223,BRANCH,IOS,STUDENT,ACTIVE
SYN-U-17013,68,F,SALARIED,61472.44,Rajshahi,2153,AGENT,ANDROID,MASS,ACTIVE
SYN-U-17014,45,M,SALARIED,91969.85,Sylhet,44,APP,ANDROID,SME,ACTIVE
SYN-U-17015,19,M,FREELANCER,128252.11,Dhaka,554,APP,ANDROID,SME,ACTIVE
SYN-U-17016,26,M,SALARIED,155394.88,Sylhet,1743,APP,FEATURE_PHONE,AFFLUENT,ACTIVE
SYN-U-17017,30,F,FREELANCER,69012.65,Chittagong,1190,APP,FEATURE_PHONE,MASS,ACTIVE
SYN-U-17018,67,M,BUSINESS,65243.2,Chittagong,1597,APP,ANDROID,MASS,ACTIVE
SYN-U-17019,36,F,SALARIED,64254.91,Mymensingh,487,AGENT,ANDROID,MASS,ACTIVE
SYN-U-17020,63,M,SALARIED,32065.21,Dhaka,267,APP,ANDROID,MASS,ACTIVE
SYN-U-17021,61,F,SALARIED,124088.09,Chittagong,2023,APP,ANDROID,AFFLUENT,ACTIVE
SYN-U-17022,36,M,BUSINESS,50319.37,Khulna,388,APP,ANDROID,MASS,ACTIVE
SYN-U-17023,18,F,SALARIED,15000.0,Jessore,69,APP,IOS,MASS,ACTIVE
SYN-U-17024,36,M,SALARIED,48315.01,Dhaka,1590,APP,ANDROID,MASS,ACTIVE
SYN-U-17025,43,F,HOMEMAKER,17085.33,Narayanganj,516,APP,ANDROID,MASS,ACTIVE
SYN-U-17026,71,F,HOMEMAKER,24723.15,Sylhet,2077,APP,ANDROID,MASS,ACTIVE
SYN-U-17027,46,M,BUSINESS,77810.64,Dhaka,949,APP,ANDROID,MASS,ACTIVE
SYN-U-17028,23,F,BUSINESS,48770.0,Khulna,515,BRANCH,ANDROID,MASS,ACTIVE
SYN-U-17029,33,F,BUSINESS,66401.51,Rangpur,1770,AGENT,FEATURE_PHONE,MASS,ACTIVE
SYN-U-17030,54,F,BUSINESS,93493.1,Chittagong,1947,APP,ANDROID,MASS,ACTIVE
SYN-U-17031,37,F,STUDENT,42335.15,Chittagong,1706,AGENT,ANDROID,AFFLUENT,DORMANT
SYN-U-17032,53,F,STUDENT,17568.05,Dhaka,633,APP,ANDROID,MASS,ACTIVE
SYN-U-17033,52,F,SALARIED,15000.0,Dhaka,734,APP,ANDROID,MASS,ACTIVE
SYN-U-17034,29,M,SALARIED,106004.31,Khulna,2498,APP,ANDROID,AFFLUENT,ACTIVE
SYN-U-17035,28,M,BUSINESS,82368.64,Jessore,2412,AGENT,IOS,STUDENT,ACTIVE
SYN-U-17036,36,F,SALARIED,29165.56,Dhaka,2240,APP,IOS,MASS,ACTIVE
SYN-U-17037,29,F,SALARIED,25877.01,Sylhet,1862,APP,ANDROID,MASS,ACTIVE
SYN-U-17038,61,M,SALARIED,58501.57,Khulna,254,BRANCH,ANDROID,PAYROLL,DORMANT
SYN-U-17039,53,F,HOMEMAKER,29325.67,Chittagong,2186,AGENT,FEATURE_PHONE,MASS,ACTIVE
SYN-U-17040,57,M,SALARIED,37765.71,Rangpur,1953,USSD,ANDROID,STUDENT,ACTIVE
SYN-U-17041,32,F,SALARIED,48285.29,Sylhet,969,AGENT,ANDROID,MASS,DORMANT
SYN-U-17042,68,F,BUSINESS,93840.09,Dhaka,1660,APP,IOS,PAYROLL,ACTIVE
SYN-U-17043,57,M,BUSINESS,162856.09,Sylhet,68,APP,ANDROID,MASS,ACTIVE
SYN-U-17044,29,M,BUSINESS,68588.59,Dhaka,1578,AGENT,ANDROID,STUDENT,ACTIVE
SYN-U-17045,42,F,SALARIED,23083.88,Bogura,1034,APP,ANDROID,STUDENT,ACTIVE
SYN-U-17046,67,F,BUSINESS,51837.6,Mymensingh,1212,APP,ANDROID,MASS,ACTIVE
SYN-U-17047,22,M,SALARIED,87842.87,Sylhet,231,BRANCH,FEATURE_PHONE,AFFLUENT,ACTIVE
SYN-U-17048,27,M,BUSINESS,84732.95,Barishal,877,APP,ANDROID,PAYROLL,ACTIVE
SYN-U-17049,65,M,SALARIED,39223.26,Dhaka,45,APP,ANDROID,SME,ACTIVE
SYN-U-17050,54,F,SALARIED,32823.57,Chittagong,1612,BRANCH,IOS,STUDENT,ACTIVE
SYN-U-17051,70,F,BUSINESS,130853.77,Dhaka,420,APP,ANDROID,SME,ACTIVE
SYN-U-17052,22,M,STUDENT,15000.0,Chittagong,957,APP,ANDROID,STUDENT,ACTIVE
SYN-U-17053,46,F,RETIRED,24794.68,Sylhet,2215,APP,ANDROID,MASS,ACTIVE
SYN-U-17054,59,M,BUSINESS,67865.16,Barishal,1442,BRANCH,ANDROID,MASS,ACTIVE
SYN-U-17055,55,M,SALARIED,40160.24,Rajshahi,1600,APP,ANDROID,STUDENT,ACTIVE
SYN-U-17056,45,F,SALARIED,41832.3,Sylhet,248,APP,ANDROID,MASS,ACTIVE
SYN-U-17057,34,M,FREELANCER,19874.84,Chittagong,1946,APP,ANDROID,MASS,ACTIVE
SYN-U-17058,33,M,SALARIED,38254.08,Cumilla,355,APP,ANDROID,MASS,ACTIVE
SYN-U-17059,54,F,SALARIED,54723.24,Rajshahi,66,USSD,IOS,SME,ACTIVE
SYN-U-17060,24,M,BUSINESS,79897.91,Dhaka,2110,APP,IOS,PAYROLL,DORMANT
SYN-U-17061,24,M,SALARIED,42852.37,Cumilla,2127,APP,ANDROID,MASS,ACTIVE
SYN-U-17062,44,F,BUSINESS,71428.44,Gazipur,2388,BRANCH,ANDROID,PAYROLL,ACTIVE
SYN-U-17063,41,M,BUSINESS,41163.19,Dhaka,620,APP,ANDROID,MASS,ACTIVE
SYN-U-17064,26,F,FREELANCER,91232.58,Rangpur,2274,BRANCH,ANDROID,MASS,ACTIVE
SYN-U-17065,51,F,SALARIED,49479.49,Narayanganj,207,USSD,ANDROID,MASS,ACTIVE
SYN-U-17066,28,F,BUSINESS,298678.74,Barishal,1297,AGENT,ANDROID,AFFLUENT,ACTIVE
SYN-U-17067,67,F,SALARIED,63967.46,Chittagong,82,APP,ANDROID,STUDENT,ACTIVE
SYN-U-17068,66,M,SALARIED,54942.09,Cumilla,119,USSD,ANDROID,MASS,ACTIVE
SYN-U-17069,29,F,BUSINESS,208122.71,Dhaka,879,APP,ANDROID,AFFLUENT,ACTIVE
SYN-U-17070,32,M,STUDENT,32978.46,Cox's Bazar,715,APP,ANDROID,SME,ACTIVE
SYN-U-17071,62,F,SALARIED,40503.82,Dhaka,1769,USSD,ANDROID,MASS,ACTIVE
SYN-U-17072,65,M,RETIRED,41936.35,Rajshahi,877,USSD,ANDROID,MASS,ACTIVE
SYN-U-17073,45,M,FREELANCER,98460.51,Cumilla,677,USSD,ANDROID,AFFLUENT,ACTIVE
SYN-U-17074,35,F,HOMEMAKER,34585.32,Cumilla,1180,APP,IOS,MASS,ACTIVE
SYN-U-17075,40,F,SALARIED,99388.53,Dhaka,254,AGENT,ANDROID,AFFLUENT,ACTIVE
SYN-U-17076,30,F,SALARIED,73639.95,Gazipur,250,APP,ANDROID,SME,ACTIVE
SYN-U-17077,55,M,SALARIED,50771.2,Khulna,1640,APP,ANDROID,MASS,ACTIVE
SYN-U-17078,42,F,SALARIED,30147.88,Rangpur,1166,USSD,ANDROID,PAYROLL,ACTIVE
SYN-U-17079,58,F,SALARIED,95733.89,Barishal,735,AGENT,ANDROID,AFFLUENT,ACTIVE
SYN-U-17080,37,F,SALARIED,35142.37,Dhaka,2263,USSD,ANDROID,STUDENT,ACTIVE
SYN-U-17081,42,M,STUDENT,17499.33,Dhaka,2259,USSD,ANDROID,MASS,ACTIVE
SYN-U-17082,71,F,FREELANCER,109875.73,Rajshahi,829,APP,ANDROID,SME,ACTIVE
SYN-U-17083,63,M,BUSINESS,67016.3,Rangpur,1164,AGENT,ANDROID,MASS,ACTIVE
SYN-U-17084,61,F,BUSINESS,68664.18,Dhaka,1018,APP,ANDROID,PAYROLL,ACTIVE
SYN-U-17085,57,M,SALARIED,49110.25,Rajshahi,524,APP,ANDROID,MASS,ACTIVE
SYN-U-17086,39,M,SALARIED,91208.75,Bogura,382,APP,ANDROID,AFFLUENT,ACTIVE
SYN-U-17087,71,M,RETIRED,32127.27,Dhaka,2025,AGENT,ANDROID,STUDENT,ACTIVE
SYN-U-17088,22,F,SALARIED,134866.74,Dhaka,238,BRANCH,ANDROID,AFFLUENT,ACTIVE
SYN-U-17089,22,M,SALARIED,57300.78,Chittagong,49,APP,IOS,MASS,ACTIVE
SYN-U-17090,37,M,BUSINESS,112713.61,Rajshahi,1364,AGENT,ANDROID,SME,ACTIVE
SYN-U-17091,69,M,BUSINESS,48866.24,Chittagong,1262,APP,ANDROID,MASS,ACTIVE
SYN-U-17092,70,M,FREELANCER,81929.73,Mymensingh,1631,USSD,ANDROID,MASS,ACTIVE
SYN-U-17093,19,M,SALARIED,15000.0,Barishal,1500,BRANCH,IOS,MASS,ACTIVE
SYN-U-17094,47,M,SALARIED,39895.23,Chittagong,1408,APP,IOS,SME,ACTIVE
SYN-U-17095,68,F,SALARIED,89464.51,Chittagong,1080,APP,ANDROID,AFFLUENT,ACTIVE
SYN-U-17096,55,F,BUSINESS,68091.49,Dhaka,213,APP,ANDROID,MASS,ACTIVE
SYN-U-17097,59,O,RETIRED,50350.35,Chittagong,782,APP,FEATURE_PHONE,AFFLUENT,ACTIVE
SYN-U-17098,51,M,SALARIED,47369.41,Narayanganj,356,AGENT,ANDROID,MASS,ACTIVE
SYN-U-17099,35,M,BUSINESS,135992.52,Narayanganj,2489,APP,ANDROID,SME,ACTIVE
SYN-U-17100,66,M,STUDENT,16007.25,Dhaka,1446,BRANCH,ANDROID,PAYROLL,ACTIVE
SYN-U-17101,66,F,RETIRED,30014.86,Mymensingh,1611,AGENT,ANDROID,MASS,ACTIVE
SYN-U-17102,49,M,SALARIED,149587.74,Chittagong,411,APP,ANDROID,AFFLUENT,ACTIVE
SYN-U-17103,27,F,FREELANCER,39408.91,Khulna,537,AGENT,ANDROID,PAYROLL,ACTIVE
SYN-U-17104,49,F,SALARIED,38714.9,Dhaka,505,BRANCH,ANDROID,MASS,ACTIVE
SYN-U-17105,32,F,SALARIED,54447.35,Chittagong,1199,USSD,ANDROID,MASS,ACTIVE
SYN-U-17106,40,F,STUDENT,26440.2,Sylhet,2277,AGENT,ANDROID,MASS,ACTIVE
SYN-U-17107,46,F,SALARIED,48402.89,Gazipur,437,BRANCH,ANDROID,MASS,ACTIVE
SYN-U-17108,61,F,HOMEMAKER,24011.74,Chittagong,637,AGENT,ANDROID,MASS,ACTIVE
SYN-U-17109,37,M,SALARIED,79132.56,Dhaka,1813,APP,ANDROID,SME,ACTIVE
SYN-U-17110,40,M,SALARIED,40018.48,Khulna,1451,APP,ANDROID,MASS,ACTIVE
SYN-U-17111,37,M,BUSINESS,94822.56,Dhaka,1432,APP,IOS,MASS,ACTIVE
SYN-U-17112,49,F,SALARIED,121433.24,Dhaka,346,APP,IOS,AFFLUENT,ACTIVE
SYN-U-17113,59,M,STUDENT,34562.4,Chittagong,1512,APP,ANDROID,SME,ACTIVE
SYN-U-17114,58,M,FREELANCER,35133.33,Barishal,1841,APP,ANDROID,MASS,ACTIVE
SYN-U-17115,25,M,BUSINESS,61462.81,Sylhet,2431,AGENT,ANDROID,MASS,ACTIVE
SYN-U-17116,39,F,BUSINESS,66612.86,Cumilla,2363,APP,ANDROID,STUDENT,ACTIVE
SYN-U-17117,61,F,SALARIED,32643.99,Chittagong,2452,BRANCH,ANDROID,MASS,ACTIVE
SYN-U-17118,67,M,FREELANCER,20802.62,Sylhet,788,BRANCH,ANDROID,MASS,ACTIVE
SYN-U-17119,62,F,BUSINESS,30797.77,Dhaka,696,APP,ANDROID,MASS,ACTIVE
SYN-U-17120,22,M,BUSINESS,106206.05,Chittagong,1394,BRANCH,ANDROID,MASS,ACTIVE
SYN-U-17121,45,M,RETIRED,56235.33,Dhaka,1690,APP,ANDROID,MASS,ACTIVE
SYN-U-17122,36,F,FREELANCER,181987.1,Mymensingh,761,APP,ANDROID,AFFLUENT,ACTIVE
SYN-U-17123,40,M,BUSINESS,38848.58,Sylhet,55,APP,ANDROID,MASS,DORMANT
SYN-U-17124,20,M,BUSINESS,45255.93,Dhaka,1987,APP,ANDROID,MASS,ACTIVE
SYN-U-17125,56,M,BUSINESS,29366.82,Rajshahi,1660,APP,IOS,MASS,ACTIVE
SYN-U-17126,24,F,SALARIED,57752.94,Chittagong,1938,APP,ANDROID,MASS,ACTIVE
SYN-U-17127,61,M,SALARIED,55949.5,Gazipur,2416,APP,ANDROID,MASS,ACTIVE
SYN-U-17128,34,F,BUSINESS,27570.33,Chittagong,2067,AGENT,ANDROID,MASS,ACTIVE
SYN-U-17129,55,M,SALARIED,55677.43,Sylhet,1534,APP,ANDROID,MASS,ACTIVE
SYN-U-17130,23,F,BUSINESS,203639.44,Gazipur,1391,APP,ANDROID,AFFLUENT,ACTIVE
SYN-U-17131,36,F,SALARIED,43763.66,Khulna,1725,APP,ANDROID,MASS,ACTIVE
SYN-U-17132,55,F,SALARIED,87095.3,Dhaka,1617,AGENT,IOS,SME,ACTIVE
SYN-U-17133,31,F,BUSINESS,28460.04,Cumilla,817,APP,ANDROID,STUDENT,ACTIVE
SYN-U-17134,36,M,STUDENT,16540.44,Sylhet,1983,APP,ANDROID,MASS,ACTIVE
SYN-U-17135,40,M,BUSINESS,170333.0,Dhaka,2472,APP,FEATURE_PHONE,AFFLUENT,ACTIVE
SYN-U-17136,46,F,SALARIED,65827.92,Chittagong,1504,APP,ANDROID,PAYROLL,ACTIVE
SYN-U-17137,42,F,BUSINESS,123958.78,Mymensingh,1970,APP,ANDROID,MASS,ACTIVE
SYN-U-17138,39,M,BUSINESS,113801.91,Dhaka,2425,APP,IOS,MASS,ACTIVE
SYN-U-17139,18,F,SALARIED,103882.24,Rajshahi,1223,APP,ANDROID,SME,ACTIVE
SYN-U-17140,32,M,BUSINESS,15000.0,Chittagong,532,AGENT,ANDROID,AFFLUENT,ACTIVE
SYN-U-17141,64,F,BUSINESS,118766.34,Chittagong,60,AGENT,ANDROID,MASS,ACTIVE
SYN-U-17142,41,F,STUDENT,15447.78,Khulna,1996,AGENT,ANDROID,MASS,ACTIVE
SYN-U-17143,37,F,BUSINESS,79592.81,Dhaka,299,AGENT,ANDROID,PAYROLL,ACTIVE
SYN-U-17144,62,M,BUSINESS,148640.44,Chittagong,574,APP,ANDROID,SME,ACTIVE
SYN-U-17145,37,M,BUSINESS,34967.25,Chittagong,1338,AGENT,IOS,PAYROLL,ACTIVE
SYN-U-17146,19,F,STUDENT,15000.0,Chittagong,1401,APP,ANDROID,MASS,ACTIVE
SYN-U-17147,26,M,RETIRED,43649.0,Cox's Bazar,1269,AGENT,ANDROID,STUDENT,ACTIVE
SYN-U-17148,61,F,BUSINESS,17151.37,Dhaka,1256,USSD,ANDROID,MASS,ACTIVE
SYN-U-17149,23,M,SALARIED,41711.35,Dhaka,868,APP,ANDROID,PAYROLL,ACTIVE
SYN-U-17150,24,M,STUDENT,19950.31,Dhaka,170,APP,ANDROID,MASS,DORMANT
SYN-U-17151,21,F,BUSINESS,84061.33,Mymensingh,2390,APP,ANDROID,MASS,ACTIVE
SYN-U-17152,64,M,BUSINESS,59009.05,Dhaka,526,BRANCH,ANDROID,PAYROLL,ACTIVE
SYN-U-17153,62,F,SALARIED,135085.67,Gazipur,905,APP,IOS,AFFLUENT,ACTIVE
SYN-U-17154,71,F,BUSINESS,15000.0,Dhaka,2174,BRANCH,ANDROID,PAYROLL,ACTIVE
SYN-U-17155,27,M,STUDENT,15000.0,Dhaka,1973,AGENT,IOS,STUDENT,ACTIVE
SYN-U-17156,18,F,SALARIED,54678.01,Narayanganj,1800,APP,IOS,AFFLUENT,ACTIVE
SYN-U-17157,21,F,SALARIED,31842.28,Barishal,477,APP,IOS,MASS,ACTIVE
SYN-U-17158,21,M,BUSINESS,135248.07,Dhaka,160,APP,ANDROID,AFFLUENT,ACTIVE
SYN-U-17159,26,F,BUSINESS,68928.16,Dhaka,1399,APP,ANDROID,MASS,ACTIVE
SYN-U-17160,24,F,SALARIED,41783.75,Dhaka,1729,AGENT,IOS,MASS,ACTIVE
SYN-U-17161,54,M,SALARIED,38391.15,Rajshahi,1461,AGENT,ANDROID,STUDENT,ACTIVE
SYN-U-17162,52,F,BUSINESS,272535.9,Rajshahi,100,APP,FEATURE_PHONE,AFFLUENT,ACTIVE
SYN-U-17163,58,F,SALARIED,44868.45,Cumilla,1321,APP,ANDROID,MASS,ACTIVE
SYN-U-17164,32,M,BUSINESS,118681.35,Dhaka,1857,AGENT,FEATURE_PHONE,PAYROLL,ACTIVE
SYN-U-17165,18,M,SALARIED,40592.93,Dhaka,743,APP,IOS,PAYROLL,ACTIVE
SYN-U-17166,19,F,SALARIED,76267.47,Gazipur,798,APP,ANDROID,SME,ACTIVE
SYN-U-17167,30,M,HOMEMAKER,15000.0,Dhaka,1315,APP,ANDROID,SME,ACTIVE
SYN-U-17168,21,M,STUDENT,24811.08,Mymensingh,1392,APP,ANDROID,SME,ACTIVE
SYN-U-17169,57,F,STUDENT,15000.0,Sylhet,2005,AGENT,ANDROID,MASS,ACTIVE
SYN-U-17170,38,F,SALARIED,38348.02,Khulna,1755,APP,ANDROID,MASS,ACTIVE
SYN-U-17171,60,F,BUSINESS,150366.59,Rangpur,1320,APP,ANDROID,AFFLUENT,ACTIVE
SYN-U-17172,51,F,SALARIED,57113.5,Dhaka,199,APP,FEATURE_PHONE,MASS,ACTIVE
SYN-U-17173,61,F,RETIRED,46544.89,Chittagong,2498,APP,ANDROID,MASS,ACTIVE
SYN-U-17174,60,M,SALARIED,43729.45,Dhaka,2479,APP,ANDROID,MASS,ACTIVE
SYN-U-17175,37,M,RETIRED,25780.35,Dhaka,1709,APP,IOS,MASS,ACTIVE
SYN-U-17176,49,M,HOMEMAKER,25073.79,Dhaka,1109,APP,ANDROID,MASS,ACTIVE
SYN-U-17177,53,F,BUSINESS,96279.71,Rangpur,1256,APP,ANDROID,MASS,ACTIVE
SYN-U-17178,48,M,BUSINESS,58242.7,Rangpur,119,APP,ANDROID,MASS,ACTIVE
SYN-U-17179,22,F,SALARIED,79926.13,Chittagong,1394,APP,ANDROID,MASS,ACTIVE
SYN-U-17180,54,F,HOMEMAKER,21178.31,Dhaka,804,USSD,ANDROID,MASS,ACTIVE
SYN-U-17181,19,F,BUSINESS,49653.72,Rajshahi,106,APP,ANDROID,STUDENT,ACTIVE
SYN-U-17182,21,M,BUSINESS,55863.16,Dhaka,32,APP,ANDROID,PAYROLL,ACTIVE
SYN-U-17183,71,F,SALARIED,32207.92,Gazipur,1837,APP,IOS,MASS,ACTIVE
SYN-U-17184,66,M,SALARIED,61446.05,Dhaka,703,APP,ANDROID,MASS,ACTIVE
SYN-U-17185,58,M,SALARIED,44970.59,Sylhet,1419,AGENT,IOS,MASS,ACTIVE
SYN-U-17186,29,F,BUSINESS,22140.52,Dhaka,1737,APP,ANDROID,SME,ACTIVE
SYN-U-17187,42,F,FREELANCER,35383.21,Rangpur,2038,AGENT,ANDROID,STUDENT,ACTIVE
SYN-U-17188,41,M,BUSINESS,86363.3,Chittagong,1946,AGENT,ANDROID,STUDENT,ACTIVE
SYN-U-17189,19,M,BUSINESS,83300.2,Cox's Bazar,967,APP,ANDROID,MASS,ACTIVE
SYN-U-17190,40,F,BUSINESS,103504.08,Dhaka,2228,APP,ANDROID,MASS,ACTIVE
SYN-U-17191,53,F,BUSINESS,61639.05,Rangpur,2219,AGENT,ANDROID,MASS,ACTIVE
SYN-U-17192,62,F,SALARIED,30787.18,Cox's Bazar,2167,BRANCH,ANDROID,MASS,ACTIVE
SYN-U-17193,36,M,SALARIED,19390.66,Chittagong,2375,AGENT,ANDROID,MASS,ACTIVE
SYN-U-17194,25,F,FREELANCER,58430.87,Dhaka,806,APP,ANDROID,STUDENT,ACTIVE
SYN-U-17195,67,F,BUSINESS,135010.94,Chittagong,2392,APP,ANDROID,SME,ACTIVE
SYN-U-17196,23,F,SALARIED,36256.4,Khulna,1509,APP,ANDROID,MASS,ACTIVE
SYN-U-17197,55,F,SALARIED,68648.04,Dhaka,120,APP,ANDROID,PAYROLL,ACTIVE
SYN-U-17198,66,F,SALARIED,46027.75,Mymensingh,2287,AGENT,ANDROID,MASS,ACTIVE
SYN-U-17199,45,F,FREELANCER,30915.28,Barishal,1053,AGENT,ANDROID,STUDENT,ACTIVE
SYN-U-17200,52,M,STUDENT,21762.16,Chittagong,1394,APP,ANDROID,PAYROLL,ACTIVE
SYN-U-17201,20,M,HOMEMAKER,51738.93,Chittagong,107,AGENT,IOS,AFFLUENT,ACTIVE
SYN-U-17202,18,M,STUDENT,31104.8,Gazipur,416,APP,ANDROID,MASS,ACTIVE
SYN-U-17203,21,F,BUSINESS,62220.76,Dhaka,417,APP,ANDROID,MASS,ACTIVE
SYN-U-17204,61,M,BUSINESS,30466.93,Dhaka,2118,APP,FEATURE_PHONE,MASS,ACTIVE
SYN-U-17205,54,F,SALARIED,26954.79,Mymensingh,1981,AGENT,ANDROID,MASS,ACTIVE
SYN-U-17206,41,F,SALARIED,57745.29,Dhaka,1893,APP,ANDROID,MASS,ACTIVE
SYN-U-17207,63,M,SALARIED,46395.68,Dhaka,485,APP,IOS,MASS,ACTIVE
SYN-U-17208,55,M,STUDENT,19785.93,Sylhet,1189,AGENT,ANDROID,MASS,ACTIVE
SYN-U-17209,37,M,SALARIED,37877.35,Dhaka,1486,AGENT,ANDROID,MASS,ACTIVE
SYN-U-17210,37,M,BUSINESS,15000.0,Dhaka,1578,APP,ANDROID,STUDENT,ACTIVE
SYN-U-17211,39,M,SALARIED,52907.67,Chittagong,1404,AGENT,ANDROID,MASS,ACTIVE
SYN-U-17212,54,F,SALARIED,65896.83,Chittagong,899,APP,IOS,MASS,ACTIVE
SYN-U-17213,60,F,HOMEMAKER,15000.0,Chittagong,44,APP,IOS,MASS,DORMANT
SYN-U-17214,23,M,SALARIED,41912.3,Dhaka,2433,APP,ANDROID,STUDENT,ACTIVE
SYN-U-17215,19,M,STUDENT,36297.14,Chittagong,1743,APP,ANDROID,SME,ACTIVE
SYN-U-17216,21,M,SALARIED,65672.51,Bogura,927,AGENT,ANDROID,AFFLUENT,ACTIVE
SYN-U-17217,41,M,SALARIED,36254.43,Chittagong,948,APP,ANDROID,MASS,ACTIVE
SYN-U-17218,43,M,BUSINESS,15000.0,Chittagong,1744,APP,ANDROID,MASS,ACTIVE
SYN-U-17219,25,M,SALARIED,44970.09,Rajshahi,107,APP,ANDROID,STUDENT,ACTIVE
SYN-U-17220,68,M,FREELANCER,46373.83,Dhaka,2273,AGENT,ANDROID,MASS,ACTIVE
SYN-U-17221,36,M,SALARIED,142964.39,Barishal,1060,APP,ANDROID,AFFLUENT,ACTIVE
SYN-U-17222,25,F,RETIRED,93239.16,Rajshahi,786,APP,ANDROID,AFFLUENT,DORMANT
SYN-U-17223,30,F,BUSINESS,74311.98,Dhaka,1569,APP,ANDROID,PAYROLL,ACTIVE
SYN-U-17224,67,F,FREELANCER,62008.38,Narayanganj,69,AGENT,ANDROID,STUDENT,DORMANT
SYN-U-17225,38,F,SALARIED,16106.24,Chittagong,1158,AGENT,ANDROID,MASS,ACTIVE
SYN-U-17226,47,M,STUDENT,36740.57,Dhaka,905,AGENT,ANDROID,AFFLUENT,ACTIVE
SYN-U-17227,42,O,BUSINESS,68123.51,Cumilla,2466,APP,ANDROID,MASS,ACTIVE
SYN-U-17228,61,F,SALARIED,33051.55,Dhaka,1102,APP,ANDROID,SME,ACTIVE
SYN-U-17229,38,M,HOMEMAKER,25380.66,Gazipur,1098,AGENT,ANDROID,MASS,ACTIVE
SYN-U-17230,56,M,SALARIED,61543.36,Chittagong,479,APP,ANDROID,MASS,ACTIVE
SYN-U-17231,52,M,SALARIED,36247.58,Rajshahi,2408,APP,ANDROID,MASS,ACTIVE
SYN-U-17232,60,M,BUSINESS,57224.6,Bogura,1993,AGENT,ANDROID,MASS,ACTIVE
SYN-U-17233,37,F,SALARIED,102706.76,Chittagong,1922,AGENT,IOS,AFFLUENT,ACTIVE
SYN-U-17234,24,M,SALARIED,106827.03,Cumilla,1292,AGENT,IOS,AFFLUENT,ACTIVE
SYN-U-17235,52,M,BUSINESS,15000.0,Gazipur,1804,APP,ANDROID,MASS,ACTIVE
SYN-U-17236,27,M,RETIRED,29924.62,Chittagong,1330,BRANCH,ANDROID,MASS,ACTIVE
SYN-U-17237,34,F,STUDENT,17493.33,Dhaka,1375,APP,FEATURE_PHONE,MASS,ACTIVE
SYN-U-17238,43,M,SALARIED,52298.95,Dhaka,1957,APP,ANDROID,MASS,ACTIVE
SYN-U-17239,34,F,FREELANCER,50999.56,Barishal,2386,APP,ANDROID,PAYROLL,ACTIVE
SYN-U-17240,56,M,STUDENT,37288.73,Barishal,629,AGENT,ANDROID,AFFLUENT,ACTIVE
SYN-U-17241,54,M,SALARIED,43991.8,Rajshahi,1764,APP,ANDROID,MASS,ACTIVE
SYN-U-17242,25,M,SALARIED,44816.3,Mymensingh,1466,AGENT,IOS,MASS,ACTIVE
SYN-U-17243,32,M,FREELANCER,55105.33,Dhaka,2451,APP,ANDROID,MASS,ACTIVE
SYN-U-17244,58,M,FREELANCER,45253.75,Gazipur,778,APP,ANDROID,STUDENT,ACTIVE
SYN-U-17245,48,F,SALARIED,40013.43,Dhaka,1264,APP,FEATURE_PHONE,MASS,ACTIVE
SYN-U-17246,25,F,BUSINESS,83045.95,Rajshahi,1515,APP,FEATURE_PHONE,STUDENT,ACTIVE
SYN-U-17247,35,M,RETIRED,45128.55,Cox's Bazar,1203,APP,ANDROID,STUDENT,ACTIVE
SYN-U-17248,38,M,FREELANCER,15000.0,Gazipur,2085,AGENT,ANDROID,MASS,ACTIVE
SYN-U-17249,32,F,STUDENT,30275.32,Dhaka,2183,APP,ANDROID,SME,ACTIVE
SYN-U-17250,41,M,SALARIED,43776.95,Dhaka,1813,AGENT,ANDROID,MASS,ACTIVE
SYN-U-17251,48,M,SALARIED,24931.76,Rangpur,2202,APP,ANDROID,MASS,ACTIVE
SYN-U-17252,28,M,SALARIED,25261.75,Dhaka,733,APP,ANDROID,STUDENT,ACTIVE
SYN-U-17253,21,F,SALARIED,25162.66,Dhaka,90,AGENT,ANDROID,PAYROLL,ACTIVE
SYN-U-17254,34,M,BUSINESS,66271.91,Khulna,1698,APP,ANDROID,STUDENT,ACTIVE
SYN-U-17255,69,F,BUSINESS,47171.24,Gazipur,2443,APP,ANDROID,MASS,ACTIVE
SYN-U-17256,21,F,SALARIED,29209.73,Mymensingh,2215,APP,ANDROID,PAYROLL,ACTIVE
SYN-U-17257,55,M,SALARIED,94460.75,Cumilla,180,APP,IOS,AFFLUENT,ACTIVE
SYN-U-17258,61,F,SALARIED,103918.75,Cumilla,1061,APP,ANDROID,AFFLUENT,ACTIVE
SYN-U-17259,60,F,BUSINESS,62499.65,Rajshahi,1043,APP,ANDROID,PAYROLL,ACTIVE
SYN-U-17260,28,F,FREELANCER,58117.17,Chittagong,2247,APP,IOS,MASS,ACTIVE
SYN-U-17261,53,M,FREELANCER,86777.22,Dhaka,1899,APP,ANDROID,AFFLUENT,ACTIVE
SYN-U-17262,69,F,SALARIED,138521.48,Narayanganj,1002,AGENT,ANDROID,SME,ACTIVE
SYN-U-17263,41,F,SALARIED,49804.78,Rajshahi,2203,APP,ANDROID,MASS,ACTIVE
SYN-U-17264,69,M,BUSINESS,172843.09,Rangpur,743,APP,ANDROID,AFFLUENT,ACTIVE
SYN-U-17265,41,F,FREELANCER,38136.66,Dhaka,1492,BRANCH,ANDROID,PAYROLL,ACTIVE
SYN-U-17266,52,M,FREELANCER,44995.01,Rangpur,655,APP,ANDROID,MASS,ACTIVE
SYN-U-17267,37,M,BUSINESS,88887.34,Khulna,1647,APP,ANDROID,MASS,ACTIVE
SYN-U-17268,36,F,SALARIED,35299.7,Dhaka,285,APP,ANDROID,MASS,ACTIVE
SYN-U-17269,67,F,SALARIED,36025.95,Chittagong,1374,APP,ANDROID,SME,ACTIVE
SYN-U-17270,55,F,SALARIED,43838.37,Sylhet,754,APP,ANDROID,MASS,ACTIVE
SYN-U-17271,60,M,FREELANCER,46012.58,Sylhet,938,USSD,ANDROID,MASS,ACTIVE
SYN-U-17272,38,M,SALARIED,48288.46,Chittagong,796,APP,ANDROID,MASS,ACTIVE
SYN-U-17273,42,F,STUDENT,25911.73,Sylhet,998,AGENT,IOS,MASS,ACTIVE
SYN-U-17274,27,F,RETIRED,71856.62,Chittagong,157,AGENT,ANDROID,AFFLUENT,ACTIVE
SYN-U-17275,21,M,SALARIED,43336.79,Sylhet,454,BRANCH,ANDROID,STUDENT,ACTIVE
SYN-U-17276,46,F,SALARIED,28528.05,Dhaka,208,AGENT,ANDROID,PAYROLL,ACTIVE
SYN-U-17277,28,F,HOMEMAKER,20124.75,Gazipur,1412,APP,ANDROID,MASS,ACTIVE
SYN-U-17278,23,M,SALARIED,43949.25,Mymensingh,1845,AGENT,ANDROID,MASS,ACTIVE
SYN-U-17279,65,M,BUSINESS,73518.52,Chittagong,273,USSD,ANDROID,MASS,ACTIVE
SYN-U-17280,51,F,HOMEMAKER,15705.87,Cumilla,1290,APP,ANDROID,MASS,ACTIVE
SYN-U-17281,56,F,BUSINESS,35007.28,Rajshahi,248,APP,ANDROID,MASS,ACTIVE
SYN-U-17282,44,F,FREELANCER,61863.4,Narayanganj,226,APP,ANDROID,MASS,ACTIVE
SYN-U-17283,18,M,BUSINESS,94365.9,Dhaka,678,APP,ANDROID,MASS,ACTIVE
SYN-U-17284,64,F,SALARIED,21039.32,Mymensingh,1809,APP,ANDROID,MASS,ACTIVE
SYN-U-17285,57,M,SALARIED,38023.83,Dhaka,1877,APP,ANDROID,MASS,ACTIVE
SYN-U-17286,20,F,HOMEMAKER,15000.0,Dhaka,2195,APP,ANDROID,STUDENT,ACTIVE
SYN-U-17287,36,M,BUSINESS,68600.49,Dhaka,710,AGENT,FEATURE_PHONE,PAYROLL,ACTIVE
SYN-U-17288,58,F,SALARIED,90762.56,Rajshahi,1162,AGENT,ANDROID,SME,ACTIVE
SYN-U-17289,71,M,SALARIED,131910.94,Rangpur,1726,APP,ANDROID,SME,DORMANT
SYN-U-17290,54,F,FREELANCER,19077.79,Mymensingh,1979,APP,ANDROID,STUDENT,ACTIVE
SYN-U-17291,31,M,HOMEMAKER,20103.55,Dhaka,2309,APP,ANDROID,MASS,ACTIVE
SYN-U-17292,41,M,FREELANCER,52836.7,Dhaka,1730,APP,ANDROID,MASS,ACTIVE
SYN-U-17293,53,F,BUSINESS,84281.32,Gazipur,2397,APP,ANDROID,MASS,ACTIVE
SYN-U-17294,47,M,RETIRED,36280.64,Barishal,987,BRANCH,ANDROID,MASS,ACTIVE
SYN-U-17295,34,M,FREELANCER,51835.15,Barishal,40,AGENT,ANDROID,MASS,ACTIVE
SYN-U-17296,26,F,SALARIED,28556.22,Barishal,658,AGENT,ANDROID,MASS,ACTIVE
SYN-U-17297,70,M,BUSINESS,69906.24,Barishal,965,AGENT,ANDROID,STUDENT,ACTIVE
SYN-U-17298,67,F,BUSINESS,138163.31,Chittagong,1793,AGENT,ANDROID,SME,DORMANT
SYN-U-17299,70,F,SALARIED,145083.4,Dhaka,842,BRANCH,IOS,AFFLUENT,ACTIVE
SYN-U-17300,27,M,FREELANCER,56497.0,Chittagong,689,APP,ANDROID,STUDENT,ACTIVE
SYN-U-17301,68,F,STUDENT,15627.46,Gazipur,1176,APP,IOS,MASS,ACTIVE
SYN-U-17302,21,F,SALARIED,42241.04,Gazipur,2485,AGENT,ANDROID,MASS,ACTIVE
SYN-U-17303,37,F,FREELANCER,68333.19,Dhaka,42,APP,FEATURE_PHONE,MASS,ACTIVE
SYN-U-17304,52,M,BUSINESS,76707.71,Dhaka,840,APP,ANDROID,MASS,ACTIVE
SYN-U-17305,29,F,BUSINESS,73375.46,Mymensingh,1489,BRANCH,ANDROID,MASS,ACTIVE
SYN-U-17306,44,M,STUDENT,19791.24,Cox's Bazar,2392,BRANCH,ANDROID,MASS,ACTIVE
SYN-U-17307,21,M,SALARIED,138419.35,Rangpur,1043,APP,ANDROID,AFFLUENT,RESTRICTED
SYN-U-17308,28,F,STUDENT,18834.91,Dhaka,205,APP,ANDROID,MASS,ACTIVE
SYN-U-17309,70,M,BUSINESS,40886.25,Chittagong,753,APP,ANDROID,MASS,ACTIVE
SYN-U-17310,46,M,SALARIED,61601.66,Cumilla,655,AGENT,ANDROID,MASS,ACTIVE
SYN-U-17311,26,F,BUSINESS,18086.4,Dhaka,466,USSD,ANDROID,STUDENT,RESTRICTED
SYN-U-17312,22,F,SALARIED,24092.8,Mymensingh,1895,APP,ANDROID,MASS,ACTIVE
SYN-U-17313,41,F,BUSINESS,109430.59,Dhaka,980,APP,IOS,AFFLUENT,ACTIVE
SYN-U-17314,58,F,FREELANCER,64746.04,Dhaka,882,APP,ANDROID,PAYROLL,ACTIVE
SYN-U-17315,30,F,BUSINESS,85549.65,Chittagong,986,AGENT,ANDROID,MASS,ACTIVE
SYN-U-17316,60,M,SALARIED,38731.25,Dhaka,189,AGENT,IOS,MASS,ACTIVE
SYN-U-17317,62,F,SALARIED,15000.0,Rajshahi,1807,APP,ANDROID,MASS,ACTIVE
SYN-U-17318,25,M,STUDENT,19956.51,Chittagong,1526,APP,ANDROID,MASS,ACTIVE
SYN-U-17319,41,M,FREELANCER,60640.35,Chittagong,2476,APP,ANDROID,MASS,ACTIVE
SYN-U-17320,40,M,SALARIED,44521.22,Cumilla,1100,AGENT,ANDROID,MASS,ACTIVE
SYN-U-17321,71,F,SALARIED,32011.19,Dhaka,381,AGENT,ANDROID,MASS,ACTIVE
SYN-U-17322,18,F,SALARIED,26764.92,Narayanganj,2450,AGENT,ANDROID,MASS,ACTIVE
SYN-U-17323,25,M,FREELANCER,73194.73,Narayanganj,1395,AGENT,ANDROID,SME,ACTIVE
SYN-U-17324,40,M,STUDENT,33892.64,Dhaka,1711,APP,ANDROID,SME,ACTIVE
SYN-U-17325,26,F,SALARIED,72422.52,Khulna,462,APP,ANDROID,MASS,ACTIVE
SYN-U-17326,34,F,BUSINESS,61404.35,Sylhet,1897,APP,ANDROID,MASS,ACTIVE
SYN-U-17327,39,M,SALARIED,43566.72,Dhaka,1730,AGENT,ANDROID,PAYROLL,ACTIVE
SYN-U-17328,40,M,RETIRED,29380.89,Dhaka,1549,APP,ANDROID,SME,DORMANT
SYN-U-17329,66,M,FREELANCER,37743.18,Sylhet,1238,APP,ANDROID,MASS,ACTIVE
SYN-U-17330,65,F,BUSINESS,61844.07,Dhaka,1557,APP,ANDROID,STUDENT,ACTIVE
SYN-U-17331,39,M,SALARIED,35966.53,Sylhet,1986,APP,ANDROID,STUDENT,ACTIVE
SYN-U-17332,52,M,BUSINESS,19601.1,Sylhet,1535,APP,IOS,PAYROLL,ACTIVE
SYN-U-17333,54,M,BUSINESS,56102.31,Rajshahi,1349,APP,IOS,SME,ACTIVE
SYN-U-17334,64,F,FREELANCER,15000.0,Mymensingh,1796,BRANCH,ANDROID,STUDENT,ACTIVE
SYN-U-17335,45,F,FREELANCER,38076.54,Gazipur,1742,APP,ANDROID,MASS,ACTIVE
SYN-U-17336,49,M,BUSINESS,32343.65,Cumilla,434,APP,IOS,AFFLUENT,ACTIVE
SYN-U-17337,62,F,SALARIED,123531.87,Rajshahi,2173,APP,ANDROID,AFFLUENT,ACTIVE
SYN-U-17338,19,M,SALARIED,80456.71,Dhaka,2033,APP,IOS,SME,ACTIVE
SYN-U-17339,54,F,SALARIED,43177.9,Chittagong,1599,APP,ANDROID,AFFLUENT,ACTIVE
SYN-U-17340,21,F,FREELANCER,117259.22,Chittagong,1948,AGENT,ANDROID,SME,ACTIVE
SYN-U-17341,30,M,SALARIED,34826.89,Gazipur,763,APP,FEATURE_PHONE,MASS,DORMANT
SYN-U-17342,26,F,SALARIED,52794.24,Gazipur,2159,APP,ANDROID,MASS,ACTIVE
SYN-U-17343,39,F,SALARIED,105090.27,Cumilla,118,APP,ANDROID,SME,ACTIVE
SYN-U-17344,18,F,STUDENT,27857.81,Dhaka,1919,APP,ANDROID,PAYROLL,ACTIVE
SYN-U-17345,44,F,SALARIED,41952.6,Chittagong,2204,APP,ANDROID,MASS,ACTIVE
SYN-U-17346,64,F,SALARIED,24112.89,Dhaka,475,APP,ANDROID,SME,ACTIVE
SYN-U-17347,34,M,BUSINESS,89515.48,Khulna,958,AGENT,ANDROID,PAYROLL,ACTIVE
SYN-U-17348,69,M,RETIRED,54698.44,Rajshahi,818,USSD,IOS,MASS,ACTIVE
SYN-U-17349,47,M,SALARIED,90809.49,Dhaka,90,BRANCH,ANDROID,SME,ACTIVE
SYN-U-17350,43,M,BUSINESS,49754.08,Dhaka,1800,BRANCH,ANDROID,MASS,ACTIVE
SYN-U-17351,35,F,SALARIED,85172.65,Dhaka,1679,APP,ANDROID,SME,ACTIVE
SYN-U-17352,64,F,STUDENT,30958.09,Dhaka,1071,APP,ANDROID,MASS,ACTIVE
SYN-U-17353,43,M,SALARIED,121741.75,Khulna,569,AGENT,ANDROID,AFFLUENT,ACTIVE
SYN-U-17354,56,F,FREELANCER,41712.49,Gazipur,1171,APP,ANDROID,MASS,ACTIVE
SYN-U-17355,67,M,SALARIED,36402.91,Dhaka,857,APP,ANDROID,MASS,ACTIVE
SYN-U-17356,26,F,SALARIED,69206.76,Rangpur,993,USSD,ANDROID,MASS,ACTIVE
SYN-U-17357,37,M,SALARIED,63523.67,Gazipur,672,APP,ANDROID,MASS,ACTIVE
SYN-U-17358,41,M,BUSINESS,71734.2,Bogura,1502,APP,ANDROID,MASS,ACTIVE
SYN-U-17359,48,F,SALARIED,41931.16,Dhaka,1783,APP,ANDROID,MASS,ACTIVE
SYN-U-17360,36,M,BUSINESS,74389.78,Khulna,130,APP,IOS,MASS,ACTIVE
SYN-U-17361,63,F,BUSINESS,50260.18,Cumilla,1330,AGENT,ANDROID,MASS,ACTIVE
SYN-U-17362,67,F,STUDENT,15000.0,Chittagong,485,APP,ANDROID,MASS,ACTIVE
SYN-U-17363,34,F,SALARIED,50153.04,Dhaka,2354,BRANCH,ANDROID,MASS,ACTIVE
SYN-U-17364,22,M,SALARIED,51734.19,Chittagong,969,APP,ANDROID,MASS,ACTIVE
SYN-U-17365,63,M,SALARIED,39818.3,Dhaka,1093,APP,ANDROID,PAYROLL,ACTIVE
SYN-U-17366,26,F,STUDENT,25473.55,Dhaka,419,APP,ANDROID,PAYROLL,ACTIVE
SYN-U-17367,18,M,HOMEMAKER,15000.0,Dhaka,1216,BRANCH,ANDROID,PAYROLL,ACTIVE
SYN-U-17368,43,F,SALARIED,68524.34,Khulna,1951,APP,ANDROID,MASS,ACTIVE
SYN-U-17369,66,M,SALARIED,34525.39,Dhaka,277,USSD,ANDROID,MASS,ACTIVE
SYN-U-17370,44,F,SALARIED,28445.91,Dhaka,1697,AGENT,ANDROID,MASS,ACTIVE
SYN-U-17371,58,M,BUSINESS,70141.8,Narayanganj,653,APP,ANDROID,MASS,ACTIVE
SYN-U-17372,26,F,SALARIED,55686.4,Dhaka,1689,APP,ANDROID,PAYROLL,ACTIVE
SYN-U-17373,71,M,SALARIED,48202.31,Rajshahi,1229,APP,ANDROID,MASS,ACTIVE
SYN-U-17374,37,F,SALARIED,48841.69,Mymensingh,486,APP,ANDROID,MASS,ACTIVE
SYN-U-17375,36,F,BUSINESS,61304.89,Barishal,1939,AGENT,ANDROID,MASS,DORMANT
SYN-U-17376,32,M,STUDENT,15000.0,Dhaka,782,APP,ANDROID,MASS,ACTIVE
SYN-U-17377,33,M,RETIRED,20338.24,Rajshahi,998,APP,ANDROID,MASS,ACTIVE
SYN-U-17378,69,F,HOMEMAKER,27864.9,Chittagong,910,AGENT,ANDROID,MASS,RESTRICTED
SYN-U-17379,66,M,FREELANCER,94375.95,Chittagong,476,APP,ANDROID,MASS,ACTIVE
SYN-U-17380,64,M,SALARIED,49099.33,Chittagong,1886,AGENT,ANDROID,MASS,ACTIVE
SYN-U-17381,60,M,SALARIED,56537.65,Rajshahi,1650,APP,ANDROID,MASS,ACTIVE
SYN-U-17382,38,F,BUSINESS,70996.1,Chittagong,530,AGENT,ANDROID,STUDENT,ACTIVE
SYN-U-17383,49,M,STUDENT,22177.18,Chittagong,1859,APP,ANDROID,MASS,ACTIVE
SYN-U-17384,62,F,HOMEMAKER,40306.05,Chittagong,502,APP,ANDROID,SME,ACTIVE
SYN-U-17385,45,F,HOMEMAKER,43008.32,Khulna,352,APP,ANDROID,SME,ACTIVE
SYN-U-17386,18,F,BUSINESS,40502.18,Dhaka,911,BRANCH,ANDROID,MASS,ACTIVE
SYN-U-17387,24,M,STUDENT,16528.47,Dhaka,1700,APP,ANDROID,MASS,ACTIVE
SYN-U-17388,65,M,FREELANCER,36544.01,Chittagong,642,APP,ANDROID,STUDENT,ACTIVE
SYN-U-17389,43,F,FREELANCER,69038.41,Dhaka,1554,AGENT,ANDROID,MASS,ACTIVE
SYN-U-17390,21,M,FREELANCER,48904.65,Dhaka,1151,APP,IOS,MASS,ACTIVE
SYN-U-17391,21,M,SALARIED,44224.05,Rajshahi,1749,APP,ANDROID,MASS,ACTIVE
SYN-U-17392,32,M,BUSINESS,82720.32,Narayanganj,642,APP,ANDROID,MASS,ACTIVE
SYN-U-17393,65,M,SALARIED,38255.6,Dhaka,1593,APP,ANDROID,PAYROLL,ACTIVE
SYN-U-17394,19,F,BUSINESS,84361.36,Chittagong,1603,APP,ANDROID,MASS,ACTIVE
SYN-U-17395,44,F,FREELANCER,43809.43,Cox's Bazar,1538,AGENT,ANDROID,PAYROLL,ACTIVE
SYN-U-17396,21,F,STUDENT,20634.65,Cumilla,1296,APP,ANDROID,MASS,ACTIVE
SYN-U-17397,64,F,BUSINESS,64875.32,Chittagong,2482,APP,ANDROID,MASS,ACTIVE
SYN-U-17398,23,F,HOMEMAKER,25535.96,Chittagong,667,APP,ANDROID,MASS,ACTIVE
SYN-U-17399,43,M,FREELANCER,36068.76,Gazipur,1186,APP,ANDROID,MASS,ACTIVE
SYN-U-17400,61,F,FREELANCER,50710.92,Dhaka,1976,APP,ANDROID,MASS,ACTIVE
SYN-U-17401,37,M,STUDENT,15000.0,Cumilla,924,APP,ANDROID,STUDENT,ACTIVE
SYN-U-17402,25,F,BUSINESS,84003.6,Sylhet,2251,APP,ANDROID,MASS,ACTIVE
SYN-U-17403,26,F,SALARIED,34470.66,Narayanganj,1828,APP,ANDROID,MASS,ACTIVE
SYN-U-17404,71,F,STUDENT,15000.0,Cumilla,1702,APP,ANDROID,PAYROLL,ACTIVE
SYN-U-17405,60,M,BUSINESS,210684.35,Rajshahi,527,USSD,ANDROID,AFFLUENT,ACTIVE
SYN-U-17406,37,M,SALARIED,34344.15,Dhaka,1545,APP,ANDROID,MASS,ACTIVE
SYN-U-17407,52,M,SALARIED,76979.07,Gazipur,101,APP,IOS,MASS,ACTIVE
SYN-U-17408,59,F,HOMEMAKER,26636.7,Dhaka,2484,AGENT,ANDROID,PAYROLL,ACTIVE
SYN-U-17409,57,M,BUSINESS,32348.11,Barishal,190,APP,ANDROID,MASS,ACTIVE
SYN-U-17410,54,M,SALARIED,36834.98,Chittagong,1521,APP,ANDROID,MASS,ACTIVE
SYN-U-17411,40,M,FREELANCER,34966.6,Dhaka,1093,AGENT,ANDROID,MASS,ACTIVE
SYN-U-17412,27,M,BUSINESS,19598.48,Bogura,844,AGENT,ANDROID,MASS,ACTIVE
SYN-U-17413,19,F,SALARIED,117582.7,Khulna,1203,APP,IOS,AFFLUENT,ACTIVE
SYN-U-17414,51,F,BUSINESS,51334.85,Mymensingh,1156,BRANCH,IOS,MASS,ACTIVE
SYN-U-17415,22,M,BUSINESS,82555.74,Cumilla,1898,APP,ANDROID,STUDENT,ACTIVE
SYN-U-17416,42,F,HOMEMAKER,15000.0,Dhaka,2219,APP,ANDROID,STUDENT,ACTIVE
SYN-U-17417,61,M,SALARIED,76249.55,Rajshahi,812,AGENT,ANDROID,MASS,ACTIVE
SYN-U-17418,38,M,SALARIED,52125.36,Rangpur,2427,APP,ANDROID,PAYROLL,ACTIVE
SYN-U-17419,69,M,BUSINESS,121575.15,Dhaka,2254,BRANCH,ANDROID,PAYROLL,ACTIVE
SYN-U-17420,48,M,SALARIED,34797.74,Cumilla,489,AGENT,ANDROID,MASS,RESTRICTED
SYN-U-17421,26,M,SALARIED,43576.67,Sylhet,679,BRANCH,ANDROID,PAYROLL,ACTIVE
SYN-U-17422,20,M,SALARIED,47345.51,Chittagong,1164,APP,ANDROID,STUDENT,ACTIVE
SYN-U-17423,26,F,FREELANCER,113134.47,Chittagong,2274,APP,IOS,AFFLUENT,ACTIVE
SYN-U-17424,62,M,BUSINESS,15000.0,Dhaka,1016,AGENT,ANDROID,STUDENT,ACTIVE
SYN-U-17425,36,M,SALARIED,38108.3,Chittagong,427,APP,ANDROID,STUDENT,ACTIVE
SYN-U-17426,53,F,RETIRED,28918.52,Dhaka,2198,APP,ANDROID,STUDENT,ACTIVE
SYN-U-17427,22,M,SALARIED,67763.69,Dhaka,1763,APP,ANDROID,MASS,ACTIVE
SYN-U-17428,71,M,RETIRED,29317.53,Dhaka,1842,APP,FEATURE_PHONE,MASS,ACTIVE
SYN-U-17429,59,F,SALARIED,51082.47,Barishal,417,APP,ANDROID,MASS,ACTIVE
SYN-U-17430,65,F,BUSINESS,155673.78,Bogura,248,AGENT,ANDROID,SME,ACTIVE
SYN-U-17431,23,M,BUSINESS,48481.46,Dhaka,2049,APP,ANDROID,MASS,ACTIVE
SYN-U-17432,56,F,BUSINESS,110871.95,Dhaka,150,APP,ANDROID,MASS,ACTIVE
SYN-U-17433,25,F,BUSINESS,197933.05,Chittagong,2249,APP,ANDROID,SME,ACTIVE
SYN-U-17434,61,F,STUDENT,22686.9,Dhaka,940,AGENT,ANDROID,MASS,ACTIVE
SYN-U-17435,30,F,BUSINESS,53144.69,Dhaka,381,USSD,ANDROID,MASS,ACTIVE
SYN-U-17436,23,M,SALARIED,15000.0,Rangpur,577,APP,ANDROID,MASS,ACTIVE
SYN-U-17437,24,M,SALARIED,29716.2,Narayanganj,226,AGENT,ANDROID,MASS,ACTIVE
SYN-U-17438,52,F,STUDENT,15000.0,Dhaka,710,AGENT,ANDROID,MASS,ACTIVE
SYN-U-17439,70,M,SALARIED,18808.2,Narayanganj,678,APP,ANDROID,MASS,ACTIVE
SYN-U-17440,69,M,SALARIED,46240.31,Chittagong,643,AGENT,ANDROID,STUDENT,ACTIVE
SYN-U-17441,32,M,STUDENT,15000.0,Gazipur,1821,AGENT,ANDROID,MASS,ACTIVE
SYN-U-17442,56,M,SALARIED,32832.54,Dhaka,1584,APP,FEATURE_PHONE,MASS,ACTIVE
SYN-U-17443,36,M,SALARIED,77410.17,Narayanganj,2177,AGENT,ANDROID,MASS,ACTIVE
SYN-U-17444,28,F,SALARIED,30483.89,Dhaka,1616,APP,ANDROID,MASS,ACTIVE
SYN-U-17445,23,F,SALARIED,45870.33,Chittagong,1749,APP,IOS,MASS,ACTIVE
SYN-U-17446,33,M,FREELANCER,75112.94,Barishal,2177,APP,ANDROID,MASS,ACTIVE
SYN-U-17447,19,M,SALARIED,29857.03,Dhaka,1101,APP,ANDROID,STUDENT,ACTIVE
SYN-U-17448,28,F,SALARIED,42091.53,Sylhet,2175,APP,ANDROID,MASS,ACTIVE
SYN-U-17449,19,F,HOMEMAKER,16053.29,Rangpur,2336,APP,ANDROID,MASS,ACTIVE
SYN-U-17450,18,M,FREELANCER,113998.49,Dhaka,455,APP,ANDROID,MASS,ACTIVE
SYN-U-17451,44,F,BUSINESS,40239.41,Dhaka,1653,APP,ANDROID,MASS,ACTIVE
SYN-U-17452,30,M,RETIRED,33254.32,Dhaka,1367,AGENT,ANDROID,MASS,ACTIVE
SYN-U-17453,71,F,SALARIED,53842.68,Sylhet,607,APP,ANDROID,MASS,ACTIVE
SYN-U-17454,27,M,SALARIED,15000.0,Chittagong,1757,APP,ANDROID,MASS,ACTIVE
SYN-U-17455,61,M,SALARIED,24529.23,Dhaka,1523,APP,ANDROID,MASS,ACTIVE
SYN-U-17456,32,F,SALARIED,118285.49,Chittagong,919,APP,IOS,AFFLUENT,ACTIVE
SYN-U-17457,57,M,BUSINESS,124568.47,Dhaka,1174,AGENT,ANDROID,MASS,ACTIVE
SYN-U-17458,36,M,SALARIED,34605.24,Chittagong,62,APP,IOS,STUDENT,ACTIVE
SYN-U-17459,71,M,SALARIED,48478.84,Dhaka,414,AGENT,ANDROID,MASS,ACTIVE
SYN-U-17460,22,M,SALARIED,105246.01,Chittagong,1128,APP,ANDROID,AFFLUENT,ACTIVE
SYN-U-17461,65,F,SALARIED,43351.6,Sylhet,953,AGENT,ANDROID,MASS,ACTIVE
SYN-U-17462,59,M,BUSINESS,204166.79,Barishal,1532,APP,ANDROID,AFFLUENT,ACTIVE
SYN-U-17463,29,F,STUDENT,35102.07,Gazipur,543,AGENT,IOS,AFFLUENT,ACTIVE
SYN-U-17464,25,F,SALARIED,33713.21,Gazipur,1631,APP,ANDROID,MASS,ACTIVE
SYN-U-17465,67,M,BUSINESS,94253.44,Dhaka,2432,APP,ANDROID,MASS,ACTIVE
SYN-U-17466,44,F,SALARIED,35484.63,Dhaka,1711,APP,ANDROID,PAYROLL,ACTIVE
SYN-U-17467,42,M,STUDENT,20915.9,Barishal,1325,APP,ANDROID,MASS,ACTIVE
SYN-U-17468,55,F,HOMEMAKER,16594.74,Sylhet,1353,APP,ANDROID,MASS,ACTIVE
SYN-U-17469,41,M,FREELANCER,97955.88,Gazipur,770,APP,IOS,AFFLUENT,ACTIVE
SYN-U-17470,66,F,FREELANCER,33472.41,Sylhet,52,APP,ANDROID,MASS,ACTIVE
SYN-U-17471,31,M,STUDENT,19323.29,Rajshahi,109,APP,ANDROID,MASS,DORMANT
SYN-U-17472,19,M,SALARIED,74796.03,Chittagong,2494,APP,ANDROID,MASS,ACTIVE
SYN-U-17473,21,M,BUSINESS,61362.85,Chittagong,1003,USSD,ANDROID,MASS,ACTIVE
SYN-U-17474,52,F,SALARIED,77270.65,Sylhet,1803,AGENT,ANDROID,AFFLUENT,ACTIVE
SYN-U-17475,27,M,SALARIED,29494.57,Dhaka,136,APP,ANDROID,MASS,ACTIVE
SYN-U-17476,32,F,SALARIED,63492.82,Chittagong,1137,AGENT,ANDROID,PAYROLL,ACTIVE
SYN-U-17477,40,M,SALARIED,31672.21,Chittagong,2212,APP,ANDROID,STUDENT,ACTIVE
SYN-U-17478,36,F,BUSINESS,70839.22,Dhaka,639,BRANCH,ANDROID,MASS,ACTIVE
SYN-U-17479,60,F,SALARIED,61256.42,Dhaka,2352,AGENT,FEATURE_PHONE,MASS,ACTIVE
SYN-U-17480,19,M,SALARIED,39718.45,Chittagong,1937,APP,ANDROID,STUDENT,ACTIVE
SYN-U-17481,56,M,SALARIED,107744.42,Chittagong,2463,APP,ANDROID,AFFLUENT,ACTIVE
SYN-U-17482,37,F,FREELANCER,39256.84,Chittagong,2113,AGENT,ANDROID,MASS,ACTIVE
SYN-U-17483,54,M,BUSINESS,178657.79,Dhaka,1753,AGENT,ANDROID,AFFLUENT,ACTIVE
SYN-U-17484,55,F,SALARIED,48762.6,Sylhet,81,APP,ANDROID,MASS,ACTIVE
SYN-U-17485,33,F,SALARIED,46523.67,Dhaka,1018,APP,ANDROID,MASS,ACTIVE
SYN-U-17486,63,M,SALARIED,83691.79,Narayanganj,1669,APP,IOS,MASS,ACTIVE
SYN-U-17487,33,M,BUSINESS,90772.16,Rajshahi,1019,AGENT,ANDROID,SME,ACTIVE
SYN-U-17488,25,F,SALARIED,68624.95,Chittagong,2301,APP,ANDROID,AFFLUENT,ACTIVE
SYN-U-17489,47,F,HOMEMAKER,31450.12,Dhaka,1214,APP,ANDROID,MASS,ACTIVE
SYN-U-17490,66,M,BUSINESS,55403.88,Dhaka,1254,APP,IOS,STUDENT,DORMANT
SYN-U-17491,21,M,SALARIED,26837.06,Gazipur,2130,AGENT,ANDROID,STUDENT,ACTIVE
SYN-U-17492,30,M,SALARIED,15000.0,Khulna,2221,APP,ANDROID,MASS,ACTIVE
SYN-U-17493,46,F,SALARIED,46278.35,Mymensingh,2339,APP,ANDROID,MASS,ACTIVE
SYN-U-17494,47,F,SALARIED,38631.82,Barishal,414,APP,ANDROID,MASS,ACTIVE
SYN-U-17495,66,M,BUSINESS,113418.24,Rangpur,2434,APP,ANDROID,AFFLUENT,ACTIVE
SYN-U-17496,35,M,BUSINESS,124276.93,Rajshahi,1340,BRANCH,ANDROID,MASS,ACTIVE
SYN-U-17497,63,F,BUSINESS,22065.72,Chittagong,1733,APP,ANDROID,STUDENT,ACTIVE
SYN-U-17498,65,F,FREELANCER,19998.67,Chittagong,460,AGENT,IOS,STUDENT,ACTIVE
SYN-U-17499,35,F,BUSINESS,84062.11,Khulna,1781,APP,ANDROID,PAYROLL,ACTIVE
SYN-U-17500,53,M,SALARIED,38287.61,Narayanganj,885,BRANCH,ANDROID,STUDENT,ACTIVE
SYN-U-17501,55,F,HOMEMAKER,25294.71,Rangpur,1757,APP,ANDROID,AFFLUENT,ACTIVE
SYN-U-17502,34,F,STUDENT,17079.19,Rangpur,1093,APP,ANDROID,STUDENT,ACTIVE
SYN-U-17503,61,F,BUSINESS,101968.98,Rajshahi,1275,APP,ANDROID,MASS,ACTIVE
SYN-U-17504,62,M,SALARIED,34624.7,Dhaka,414,APP,ANDROID,MASS,DORMANT
SYN-U-17505,60,M,BUSINESS,117565.64,Chittagong,1050,AGENT,ANDROID,MASS,ACTIVE
SYN-U-17506,22,M,FREELANCER,89844.42,Chittagong,1643,AGENT,ANDROID,MASS,ACTIVE
SYN-U-17507,54,F,HOMEMAKER,55181.03,Chittagong,1691,AGENT,FEATURE_PHONE,AFFLUENT,DORMANT
SYN-U-17508,52,M,RETIRED,25194.79,Rajshahi,2043,AGENT,ANDROID,MASS,ACTIVE
SYN-U-17509,46,M,SALARIED,79150.99,Cox's Bazar,2079,APP,ANDROID,SME,ACTIVE
SYN-U-17510,66,M,BUSINESS,48300.84,Mymensingh,574,BRANCH,ANDROID,MASS,ACTIVE
SYN-U-17511,67,M,SALARIED,27345.0,Chittagong,165,AGENT,ANDROID,PAYROLL,ACTIVE
SYN-U-17512,27,M,BUSINESS,52086.62,Mymensingh,546,APP,ANDROID,MASS,ACTIVE
SYN-U-17513,29,F,SALARIED,63999.87,Chittagong,1831,APP,ANDROID,MASS,ACTIVE
SYN-U-17514,33,M,BUSINESS,93597.48,Dhaka,1991,APP,ANDROID,MASS,ACTIVE
SYN-U-17515,22,F,FREELANCER,97911.85,Dhaka,321,AGENT,FEATURE_PHONE,MASS,ACTIVE
SYN-U-17516,24,M,SALARIED,58926.17,Gazipur,422,APP,ANDROID,PAYROLL,ACTIVE
SYN-U-17517,55,M,SALARIED,51221.66,Dhaka,448,APP,ANDROID,MASS,ACTIVE
SYN-U-17518,47,M,HOMEMAKER,15775.08,Dhaka,1732,AGENT,IOS,STUDENT,ACTIVE
SYN-U-17519,18,F,BUSINESS,81033.25,Gazipur,1761,USSD,ANDROID,MASS,ACTIVE
SYN-U-17520,71,F,SALARIED,40999.8,Cumilla,616,AGENT,ANDROID,SME,DORMANT
SYN-U-17521,31,F,SALARIED,44327.9,Rajshahi,778,APP,ANDROID,MASS,ACTIVE
SYN-U-17522,59,M,STUDENT,21413.47,Rangpur,1916,APP,ANDROID,MASS,ACTIVE
SYN-U-17523,66,M,SALARIED,102599.18,Mymensingh,223,USSD,ANDROID,SME,ACTIVE
SYN-U-17524,35,M,BUSINESS,189754.77,Mymensingh,2047,AGENT,ANDROID,AFFLUENT,ACTIVE
SYN-U-17525,41,F,SALARIED,49734.14,Sylhet,1213,APP,ANDROID,MASS,ACTIVE
SYN-U-17526,56,M,SALARIED,55078.57,Chittagong,2062,AGENT,ANDROID,MASS,ACTIVE
SYN-U-17527,39,F,BUSINESS,105546.95,Chittagong,472,APP,ANDROID,SME,ACTIVE
SYN-U-17528,64,M,SALARIED,64942.49,Dhaka,656,APP,ANDROID,AFFLUENT,ACTIVE
SYN-U-17529,20,M,SALARIED,38828.87,Rangpur,1019,APP,ANDROID,STUDENT,ACTIVE
SYN-U-17530,41,F,STUDENT,17601.01,Dhaka,137,APP,IOS,STUDENT,DORMANT
SYN-U-17531,55,M,SALARIED,44193.77,Gazipur,458,AGENT,ANDROID,SME,ACTIVE
SYN-U-17532,64,M,SALARIED,54800.39,Sylhet,2165,APP,ANDROID,MASS,ACTIVE
SYN-U-17533,64,M,BUSINESS,104505.34,Chittagong,1289,APP,ANDROID,MASS,ACTIVE
SYN-U-17534,35,F,BUSINESS,54572.42,Rajshahi,1969,AGENT,ANDROID,PAYROLL,ACTIVE
SYN-U-17535,61,M,SALARIED,49740.72,Chittagong,2337,AGENT,ANDROID,MASS,ACTIVE
SYN-U-17536,59,M,FREELANCER,79009.54,Mymensingh,2027,APP,ANDROID,MASS,ACTIVE
SYN-U-17537,36,F,SALARIED,74880.61,Rangpur,1221,APP,ANDROID,SME,ACTIVE
SYN-U-17538,67,F,SALARIED,57960.82,Rajshahi,2147,APP,ANDROID,MASS,ACTIVE
SYN-U-17539,71,F,SALARIED,50544.48,Dhaka,453,APP,ANDROID,MASS,ACTIVE
SYN-U-17540,44,M,FREELANCER,138126.49,Cox's Bazar,2167,APP,IOS,AFFLUENT,ACTIVE
SYN-U-17541,44,F,FREELANCER,62440.84,Rangpur,126,APP,ANDROID,MASS,ACTIVE
SYN-U-17542,30,F,SALARIED,39234.96,Cumilla,536,APP,ANDROID,MASS,ACTIVE
SYN-U-17543,36,M,BUSINESS,221776.33,Rajshahi,801,APP,ANDROID,AFFLUENT,ACTIVE
SYN-U-17544,54,F,BUSINESS,59267.19,Mymensingh,797,AGENT,ANDROID,MASS,ACTIVE
SYN-U-17545,57,F,RETIRED,31169.88,Mymensingh,2081,AGENT,IOS,MASS,ACTIVE
SYN-U-17546,40,F,STUDENT,19994.4,Chittagong,1630,APP,ANDROID,MASS,ACTIVE
SYN-U-17547,39,M,HOMEMAKER,49582.68,Chittagong,1515,AGENT,ANDROID,AFFLUENT,ACTIVE
SYN-U-17548,39,F,SALARIED,119033.33,Dhaka,2149,APP,ANDROID,SME,ACTIVE
SYN-U-17549,30,F,SALARIED,81179.83,Cumilla,2430,APP,ANDROID,SME,ACTIVE
SYN-U-17550,19,F,RETIRED,40411.07,Sylhet,2401,APP,ANDROID,AFFLUENT,RESTRICTED
SYN-U-17551,21,M,SALARIED,59773.72,Rajshahi,1984,AGENT,ANDROID,MASS,ACTIVE
SYN-U-17552,61,F,BUSINESS,190525.2,Dhaka,284,BRANCH,ANDROID,SME,ACTIVE
SYN-U-17553,27,F,BUSINESS,15000.0,Dhaka,958,BRANCH,ANDROID,STUDENT,ACTIVE
SYN-U-17554,25,M,BUSINESS,125797.96,Dhaka,409,APP,ANDROID,AFFLUENT,ACTIVE
SYN-U-17555,61,F,STUDENT,15000.0,Narayanganj,1885,BRANCH,ANDROID,MASS,ACTIVE
SYN-U-17556,18,M,BUSINESS,98603.87,Chittagong,1438,AGENT,ANDROID,SME,ACTIVE
SYN-U-17557,23,M,SALARIED,137436.69,Mymensingh,2064,AGENT,ANDROID,SME,ACTIVE
SYN-U-17558,55,F,SALARIED,42147.38,Barishal,165,AGENT,ANDROID,PAYROLL,ACTIVE
SYN-U-17559,43,M,BUSINESS,103986.5,Mymensingh,1451,AGENT,ANDROID,MASS,ACTIVE
SYN-U-17560,56,M,SALARIED,113438.97,Dhaka,2447,APP,ANDROID,AFFLUENT,ACTIVE
SYN-U-17561,40,F,BUSINESS,15000.0,Khulna,884,USSD,ANDROID,MASS,ACTIVE
SYN-U-17562,46,F,BUSINESS,15000.0,Sylhet,2133,AGENT,ANDROID,MASS,ACTIVE
SYN-U-17563,46,M,FREELANCER,58984.49,Dhaka,1719,APP,ANDROID,MASS,ACTIVE
SYN-U-17564,56,M,FREELANCER,56195.96,Rajshahi,2110,APP,ANDROID,MASS,ACTIVE
SYN-U-17565,53,M,SALARIED,60080.76,Rajshahi,2434,AGENT,ANDROID,MASS,ACTIVE
SYN-U-17566,53,F,FREELANCER,82026.17,Chittagong,576,AGENT,IOS,MASS,ACTIVE
SYN-U-17567,49,F,SALARIED,42510.51,Dhaka,145,AGENT,IOS,PAYROLL,ACTIVE
SYN-U-17568,29,F,STUDENT,51185.68,Rangpur,2390,APP,IOS,AFFLUENT,ACTIVE
SYN-U-17569,50,M,SALARIED,91310.21,Dhaka,690,BRANCH,ANDROID,AFFLUENT,ACTIVE
SYN-U-17570,54,M,STUDENT,20943.11,Rajshahi,1341,APP,ANDROID,PAYROLL,ACTIVE
SYN-U-17571,63,M,SALARIED,36006.58,Dhaka,2290,BRANCH,ANDROID,STUDENT,ACTIVE
SYN-U-17572,70,F,BUSINESS,245375.72,Rajshahi,522,APP,ANDROID,AFFLUENT,ACTIVE
SYN-U-17573,25,F,SALARIED,42678.72,Cox's Bazar,2053,APP,ANDROID,STUDENT,ACTIVE
SYN-U-17574,50,F,BUSINESS,100324.42,Gazipur,492,AGENT,IOS,MASS,ACTIVE
SYN-U-17575,47,F,FREELANCER,55037.85,Gazipur,1238,APP,ANDROID,MASS,ACTIVE
SYN-U-17576,47,M,STUDENT,15000.0,Dhaka,1505,BRANCH,ANDROID,MASS,ACTIVE
SYN-U-17577,67,M,BUSINESS,58010.94,Cox's Bazar,879,APP,ANDROID,MASS,ACTIVE
SYN-U-17578,49,F,SALARIED,55197.9,Dhaka,2413,APP,ANDROID,MASS,ACTIVE
SYN-U-17579,50,F,HOMEMAKER,31452.52,Chittagong,1151,APP,ANDROID,MASS,ACTIVE
SYN-U-17580,28,M,BUSINESS,81287.69,Chittagong,1822,APP,ANDROID,STUDENT,ACTIVE
SYN-U-17581,22,M,SALARIED,48412.36,Jessore,2414,USSD,ANDROID,MASS,ACTIVE
SYN-U-17582,42,F,FREELANCER,31357.18,Dhaka,2035,APP,IOS,STUDENT,ACTIVE
SYN-U-17583,36,M,BUSINESS,68228.4,Chittagong,2332,AGENT,ANDROID,MASS,ACTIVE
SYN-U-17584,28,M,SALARIED,136359.45,Jessore,1480,APP,ANDROID,AFFLUENT,ACTIVE
SYN-U-17585,24,F,SALARIED,83004.78,Sylhet,354,APP,ANDROID,AFFLUENT,ACTIVE
SYN-U-17586,45,F,BUSINESS,51700.1,Dhaka,404,APP,ANDROID,STUDENT,ACTIVE
SYN-U-17587,40,F,HOMEMAKER,30326.17,Cox's Bazar,2373,APP,ANDROID,MASS,ACTIVE
SYN-U-17588,63,F,SALARIED,33436.29,Chittagong,317,APP,ANDROID,PAYROLL,ACTIVE
SYN-U-17589,35,F,STUDENT,36835.33,Chittagong,412,APP,ANDROID,SME,ACTIVE
SYN-U-17590,50,F,BUSINESS,22907.2,Chittagong,364,BRANCH,ANDROID,STUDENT,ACTIVE
SYN-U-17591,28,F,SALARIED,112856.44,Mymensingh,899,APP,IOS,SME,ACTIVE
SYN-U-17592,20,M,BUSINESS,86472.91,Chittagong,1458,APP,ANDROID,MASS,ACTIVE
SYN-U-17593,50,F,SALARIED,38727.35,Barishal,543,APP,FEATURE_PHONE,MASS,ACTIVE
SYN-U-17594,64,M,BUSINESS,19298.41,Dhaka,1788,APP,FEATURE_PHONE,STUDENT,ACTIVE
SYN-U-17595,44,M,BUSINESS,178677.86,Dhaka,729,BRANCH,IOS,SME,ACTIVE
SYN-U-17596,55,M,SALARIED,81377.53,Chittagong,638,APP,ANDROID,MASS,ACTIVE
SYN-U-17597,59,M,SALARIED,37101.91,Gazipur,550,APP,IOS,MASS,ACTIVE
SYN-U-17598,21,M,SALARIED,16864.97,Barishal,390,BRANCH,ANDROID,MASS,ACTIVE
SYN-U-17599,20,F,SALARIED,63342.45,Rangpur,1654,APP,ANDROID,MASS,ACTIVE
SYN-U-17600,47,F,SALARIED,31591.35,Dhaka,893,AGENT,ANDROID,MASS,ACTIVE
SYN-U-17601,23,M,HOMEMAKER,29472.31,Rangpur,2288,APP,IOS,SME,ACTIVE
SYN-U-17602,55,F,SALARIED,47519.35,Mymensingh,2305,APP,ANDROID,MASS,ACTIVE
SYN-U-17603,51,F,BUSINESS,80390.19,Cox's Bazar,691,APP,ANDROID,MASS,ACTIVE
SYN-U-17604,27,F,SALARIED,55577.42,Chittagong,1096,AGENT,FEATURE_PHONE,MASS,ACTIVE
SYN-U-17605,36,F,STUDENT,15871.92,Dhaka,856,APP,ANDROID,STUDENT,ACTIVE
SYN-U-17606,53,F,BUSINESS,52649.69,Chittagong,1894,BRANCH,ANDROID,STUDENT,ACTIVE
SYN-U-17607,29,M,SALARIED,46942.32,Mymensingh,1945,AGENT,IOS,MASS,ACTIVE
SYN-U-17608,23,M,SALARIED,46167.52,Dhaka,1366,AGENT,IOS,MASS,ACTIVE
SYN-U-17609,65,M,HOMEMAKER,28163.8,Rangpur,623,APP,ANDROID,MASS,ACTIVE
SYN-U-17610,64,F,SALARIED,48264.37,Rajshahi,280,APP,ANDROID,MASS,ACTIVE
SYN-U-17611,66,M,HOMEMAKER,25729.93,Sylhet,1520,AGENT,ANDROID,AFFLUENT,ACTIVE
SYN-U-17612,24,M,RETIRED,57708.38,Dhaka,1205,AGENT,ANDROID,SME,ACTIVE
SYN-U-17613,30,F,STUDENT,23318.14,Dhaka,1962,APP,ANDROID,MASS,ACTIVE
SYN-U-17614,38,F,SALARIED,76584.49,Khulna,365,APP,ANDROID,MASS,ACTIVE
SYN-U-17615,37,F,SALARIED,43459.66,Narayanganj,1224,APP,IOS,MASS,ACTIVE
SYN-U-17616,41,M,SALARIED,48042.59,Dhaka,1113,APP,FEATURE_PHONE,MASS,ACTIVE
SYN-U-17617,36,F,FREELANCER,87307.24,Chittagong,569,AGENT,ANDROID,AFFLUENT,ACTIVE
SYN-U-17618,41,F,SALARIED,47761.47,Rajshahi,1881,APP,ANDROID,MASS,ACTIVE
SYN-U-17619,35,F,FREELANCER,35040.56,Sylhet,1608,APP,ANDROID,STUDENT,ACTIVE
SYN-U-17620,26,M,SALARIED,48481.25,Dhaka,514,APP,FEATURE_PHONE,PAYROLL,ACTIVE
SYN-U-17621,24,F,BUSINESS,65407.28,Sylhet,461,APP,IOS,PAYROLL,ACTIVE
SYN-U-17622,46,M,FREELANCER,88888.77,Chittagong,1591,BRANCH,ANDROID,AFFLUENT,ACTIVE
SYN-U-17623,45,F,SALARIED,52809.5,Dhaka,471,AGENT,ANDROID,MASS,ACTIVE
SYN-U-17624,70,F,SALARIED,65690.42,Dhaka,756,APP,ANDROID,MASS,ACTIVE
SYN-U-17625,60,F,SALARIED,56992.81,Barishal,2287,APP,ANDROID,MASS,ACTIVE
SYN-U-17626,19,M,FREELANCER,95631.42,Gazipur,1050,AGENT,ANDROID,SME,ACTIVE
SYN-U-17627,43,F,BUSINESS,143457.37,Jessore,114,APP,IOS,SME,ACTIVE
SYN-U-17628,61,F,STUDENT,27164.97,Narayanganj,520,APP,ANDROID,MASS,ACTIVE
SYN-U-17629,35,M,STUDENT,15000.0,Sylhet,716,APP,ANDROID,MASS,ACTIVE
SYN-U-17630,67,F,SALARIED,59605.31,Dhaka,977,AGENT,ANDROID,MASS,ACTIVE
SYN-U-17631,18,F,BUSINESS,88545.42,Narayanganj,2233,APP,ANDROID,SME,ACTIVE
SYN-U-17632,35,M,BUSINESS,94071.77,Dhaka,350,APP,ANDROID,MASS,ACTIVE
SYN-U-17633,70,F,SALARIED,45885.86,Barishal,2228,APP,ANDROID,PAYROLL,ACTIVE
SYN-U-17634,30,M,SALARIED,58927.29,Rangpur,2105,APP,ANDROID,MASS,ACTIVE
SYN-U-17635,21,F,SALARIED,33973.09,Narayanganj,825,BRANCH,ANDROID,MASS,ACTIVE
SYN-U-17636,37,F,SALARIED,41790.5,Khulna,1667,BRANCH,ANDROID,MASS,ACTIVE
SYN-U-17637,41,F,HOMEMAKER,15000.0,Dhaka,920,APP,ANDROID,PAYROLL,ACTIVE
SYN-U-17638,56,M,RETIRED,15000.0,Rajshahi,1635,APP,ANDROID,MASS,ACTIVE
SYN-U-17639,18,M,SALARIED,48872.96,Chittagong,1256,APP,ANDROID,STUDENT,RESTRICTED
SYN-U-17640,53,M,BUSINESS,98748.96,Dhaka,811,USSD,IOS,MASS,ACTIVE
SYN-U-17641,26,M,STUDENT,15200.63,Chittagong,1972,APP,FEATURE_PHONE,MASS,ACTIVE
SYN-U-17642,24,M,BUSINESS,46808.38,Sylhet,1572,AGENT,ANDROID,STUDENT,ACTIVE
SYN-U-17643,62,F,BUSINESS,214975.97,Dhaka,1780,AGENT,ANDROID,AFFLUENT,ACTIVE
SYN-U-17644,24,M,STUDENT,15000.0,Mymensingh,2436,APP,ANDROID,MASS,ACTIVE
SYN-U-17645,70,F,SALARIED,38540.35,Dhaka,1607,BRANCH,ANDROID,MASS,ACTIVE
SYN-U-17646,51,M,BUSINESS,66400.18,Dhaka,1388,APP,ANDROID,PAYROLL,ACTIVE
SYN-U-17647,67,F,SALARIED,78845.46,Cumilla,1032,APP,ANDROID,SME,ACTIVE
SYN-U-17648,49,M,SALARIED,25964.75,Dhaka,919,APP,ANDROID,MASS,ACTIVE
SYN-U-17649,71,M,SALARIED,49389.56,Rangpur,889,APP,ANDROID,MASS,ACTIVE
SYN-U-17650,31,M,BUSINESS,99692.34,Dhaka,1098,APP,ANDROID,PAYROLL,ACTIVE
SYN-U-17651,28,F,HOMEMAKER,32656.72,Chittagong,1251,APP,ANDROID,AFFLUENT,ACTIVE
SYN-U-17652,52,M,BUSINESS,159764.12,Dhaka,1493,APP,IOS,AFFLUENT,ACTIVE
SYN-U-17653,51,M,SALARIED,84519.0,Sylhet,630,APP,FEATURE_PHONE,AFFLUENT,ACTIVE
SYN-U-17654,27,F,STUDENT,15000.0,Bogura,1551,APP,ANDROID,MASS,ACTIVE
SYN-U-17655,35,M,FREELANCER,16782.0,Dhaka,271,AGENT,FEATURE_PHONE,MASS,ACTIVE
SYN-U-17656,58,M,FREELANCER,47451.61,Dhaka,2129,AGENT,IOS,MASS,ACTIVE
SYN-U-17657,52,F,BUSINESS,22762.22,Chittagong,1375,AGENT,IOS,AFFLUENT,ACTIVE
SYN-U-17658,36,M,SALARIED,55418.24,Chittagong,754,BRANCH,ANDROID,MASS,ACTIVE
SYN-U-17659,54,M,STUDENT,15076.11,Dhaka,1119,AGENT,ANDROID,STUDENT,ACTIVE
SYN-U-17660,42,F,SALARIED,45414.5,Chittagong,1353,AGENT,ANDROID,PAYROLL,ACTIVE
SYN-U-17661,65,M,FREELANCER,101602.83,Dhaka,776,AGENT,ANDROID,SME,DORMANT
SYN-U-17662,71,M,SALARIED,48523.37,Sylhet,1536,BRANCH,ANDROID,STUDENT,ACTIVE
SYN-U-17663,67,F,FREELANCER,83130.94,Dhaka,1963,BRANCH,ANDROID,MASS,ACTIVE
SYN-U-17664,46,F,STUDENT,26859.98,Khulna,2243,APP,ANDROID,SME,ACTIVE
SYN-U-17665,68,M,SALARIED,31450.74,Cumilla,2005,APP,ANDROID,MASS,ACTIVE
SYN-U-17666,40,M,BUSINESS,138301.18,Sylhet,1855,APP,ANDROID,AFFLUENT,ACTIVE
SYN-U-17667,34,F,SALARIED,51235.04,Dhaka,1380,APP,ANDROID,MASS,ACTIVE
SYN-U-17668,30,M,FREELANCER,95504.13,Dhaka,1190,APP,ANDROID,MASS,DORMANT
SYN-U-17669,31,F,SALARIED,76219.78,Rajshahi,2216,APP,ANDROID,MASS,ACTIVE
SYN-U-17670,33,F,BUSINESS,64764.62,Dhaka,1337,APP,ANDROID,MASS,ACTIVE
SYN-U-17671,71,M,BUSINESS,21969.1,Dhaka,155,APP,ANDROID,STUDENT,ACTIVE
SYN-U-17672,27,F,BUSINESS,110077.14,Dhaka,1019,APP,IOS,SME,ACTIVE
SYN-U-17673,43,F,SALARIED,29534.6,Khulna,572,AGENT,ANDROID,MASS,RESTRICTED
SYN-U-17674,45,F,SALARIED,115722.45,Dhaka,940,APP,ANDROID,SME,ACTIVE
SYN-U-17675,35,F,SALARIED,40830.55,Jessore,1647,APP,ANDROID,MASS,ACTIVE
SYN-U-17676,29,F,SALARIED,97117.69,Dhaka,2059,APP,IOS,SME,ACTIVE
SYN-U-17677,43,M,BUSINESS,147969.1,Dhaka,1518,APP,ANDROID,MASS,ACTIVE
SYN-U-17678,43,M,SALARIED,22935.95,Dhaka,434,BRANCH,ANDROID,MASS,ACTIVE
SYN-U-17679,20,F,SALARIED,102078.7,Dhaka,1229,APP,IOS,SME,ACTIVE
SYN-U-17680,55,F,STUDENT,16998.92,Rajshahi,1730,BRANCH,ANDROID,MASS,ACTIVE
SYN-U-17681,23,F,RETIRED,21186.31,Chittagong,258,USSD,ANDROID,STUDENT,ACTIVE
SYN-U-17682,54,M,SALARIED,99033.28,Mymensingh,1885,USSD,IOS,SME,DORMANT
SYN-U-17683,54,F,SALARIED,28467.01,Sylhet,1139,APP,ANDROID,PAYROLL,ACTIVE
SYN-U-17684,52,M,HOMEMAKER,16385.42,Dhaka,882,AGENT,ANDROID,PAYROLL,ACTIVE
SYN-U-17685,63,M,SALARIED,49828.33,Cumilla,650,APP,ANDROID,STUDENT,ACTIVE
SYN-U-17686,42,F,BUSINESS,91839.75,Khulna,2148,BRANCH,ANDROID,MASS,ACTIVE
SYN-U-17687,32,M,BUSINESS,60408.45,Cox's Bazar,1558,APP,ANDROID,MASS,ACTIVE
SYN-U-17688,69,F,STUDENT,52610.42,Gazipur,2401,AGENT,ANDROID,AFFLUENT,ACTIVE
SYN-U-17689,34,F,BUSINESS,47198.71,Chittagong,889,APP,IOS,MASS,ACTIVE
SYN-U-17690,24,M,SALARIED,120775.74,Sylhet,668,APP,IOS,AFFLUENT,ACTIVE
SYN-U-17691,23,F,FREELANCER,21232.71,Khulna,2061,APP,ANDROID,AFFLUENT,ACTIVE
SYN-U-17692,55,M,RETIRED,46471.54,Mymensingh,918,AGENT,ANDROID,AFFLUENT,ACTIVE
SYN-U-17693,19,F,SALARIED,50323.37,Sylhet,856,APP,ANDROID,MASS,ACTIVE
SYN-U-17694,39,F,BUSINESS,102634.6,Dhaka,191,AGENT,ANDROID,MASS,ACTIVE
SYN-U-17695,62,M,SALARIED,134079.51,Dhaka,2041,USSD,ANDROID,AFFLUENT,ACTIVE
SYN-U-17696,53,M,STUDENT,27455.8,Dhaka,442,AGENT,ANDROID,MASS,ACTIVE
SYN-U-17697,18,F,BUSINESS,138394.11,Khulna,1076,APP,ANDROID,AFFLUENT,ACTIVE
SYN-U-17698,35,M,SALARIED,45450.48,Chittagong,756,APP,IOS,MASS,ACTIVE
SYN-U-17699,47,M,SALARIED,15552.85,Sylhet,1838,APP,ANDROID,PAYROLL,ACTIVE
SYN-U-17700,43,M,FREELANCER,73049.25,Rajshahi,415,APP,ANDROID,MASS,ACTIVE
SYN-U-17701,31,M,BUSINESS,25517.69,Rangpur,719,AGENT,ANDROID,STUDENT,ACTIVE
SYN-U-17702,20,M,BUSINESS,86284.97,Dhaka,1181,AGENT,ANDROID,MASS,ACTIVE
SYN-U-17703,41,M,FREELANCER,56863.06,Dhaka,1135,BRANCH,ANDROID,PAYROLL,ACTIVE
SYN-U-17704,70,F,RETIRED,23137.54,Rangpur,1731,BRANCH,ANDROID,PAYROLL,ACTIVE
SYN-U-17705,60,M,RETIRED,32840.94,Dhaka,542,APP,ANDROID,MASS,ACTIVE
SYN-U-17706,34,M,BUSINESS,47688.83,Dhaka,197,APP,ANDROID,MASS,ACTIVE
SYN-U-17707,58,F,SALARIED,22507.9,Dhaka,473,AGENT,ANDROID,MASS,ACTIVE
SYN-U-17708,31,O,SALARIED,63434.69,Dhaka,1334,APP,ANDROID,MASS,ACTIVE
SYN-U-17709,70,F,SALARIED,117849.99,Rangpur,1052,APP,ANDROID,SME,ACTIVE
SYN-U-17710,41,F,HOMEMAKER,32387.56,Chittagong,1446,AGENT,ANDROID,SME,ACTIVE
SYN-U-17711,48,M,SALARIED,40708.15,Chittagong,939,APP,ANDROID,MASS,ACTIVE
SYN-U-17712,56,F,FREELANCER,59455.57,Sylhet,1418,APP,ANDROID,MASS,ACTIVE
SYN-U-17713,63,F,STUDENT,36870.03,Sylhet,1551,APP,IOS,AFFLUENT,ACTIVE
SYN-U-17714,22,M,BUSINESS,115039.53,Chittagong,691,APP,ANDROID,MASS,ACTIVE
SYN-U-17715,45,M,SALARIED,50773.54,Khulna,1311,APP,ANDROID,MASS,ACTIVE
SYN-U-17716,65,F,FREELANCER,33414.03,Gazipur,1787,APP,ANDROID,STUDENT,ACTIVE
SYN-U-17717,19,F,BUSINESS,15000.0,Sylhet,2151,BRANCH,ANDROID,MASS,ACTIVE
SYN-U-17718,48,M,BUSINESS,197057.87,Chittagong,473,APP,IOS,AFFLUENT,ACTIVE
SYN-U-17719,32,M,BUSINESS,71301.74,Dhaka,2132,APP,ANDROID,MASS,ACTIVE
SYN-U-17720,71,M,SALARIED,50360.55,Bogura,1590,APP,FEATURE_PHONE,MASS,ACTIVE
SYN-U-17721,32,M,SALARIED,78962.22,Chittagong,2476,BRANCH,ANDROID,SME,ACTIVE
SYN-U-17722,20,F,FREELANCER,21285.6,Chittagong,671,APP,ANDROID,MASS,ACTIVE
SYN-U-17723,23,M,STUDENT,31835.7,Cox's Bazar,2429,APP,ANDROID,MASS,ACTIVE
SYN-U-17724,51,M,SALARIED,92806.51,Dhaka,60,USSD,ANDROID,SME,ACTIVE
SYN-U-17725,36,F,STUDENT,16149.97,Chittagong,1066,APP,ANDROID,MASS,ACTIVE
SYN-U-17726,35,F,STUDENT,18065.62,Dhaka,645,BRANCH,ANDROID,MASS,ACTIVE
SYN-U-17727,31,M,HOMEMAKER,24460.6,Gazipur,414,APP,ANDROID,MASS,ACTIVE
SYN-U-17728,56,M,BUSINESS,15000.0,Chittagong,631,APP,ANDROID,MASS,ACTIVE
SYN-U-17729,65,M,SALARIED,113754.61,Gazipur,1022,APP,ANDROID,AFFLUENT,ACTIVE
SYN-U-17730,32,M,BUSINESS,15000.0,Dhaka,1234,AGENT,ANDROID,PAYROLL,ACTIVE
SYN-U-17731,61,F,SALARIED,33909.95,Chittagong,818,APP,ANDROID,MASS,ACTIVE
SYN-U-17732,45,F,BUSINESS,198556.29,Khulna,1465,APP,ANDROID,SME,ACTIVE
SYN-U-17733,42,F,SALARIED,49541.95,Dhaka,2088,APP,ANDROID,MASS,ACTIVE
SYN-U-17734,28,M,SALARIED,70743.84,Sylhet,353,BRANCH,ANDROID,AFFLUENT,ACTIVE
SYN-U-17735,64,F,BUSINESS,166084.03,Gazipur,1679,BRANCH,ANDROID,AFFLUENT,ACTIVE
SYN-U-17736,30,F,SALARIED,46472.33,Dhaka,474,AGENT,ANDROID,MASS,ACTIVE
SYN-U-17737,61,F,STUDENT,19243.66,Dhaka,1741,APP,ANDROID,STUDENT,ACTIVE
SYN-U-17738,46,M,FREELANCER,63798.85,Cumilla,1203,APP,ANDROID,MASS,ACTIVE
SYN-U-17739,54,O,BUSINESS,75598.14,Barishal,1715,APP,ANDROID,PAYROLL,ACTIVE
SYN-U-17740,69,F,BUSINESS,15000.0,Chittagong,1760,APP,ANDROID,MASS,ACTIVE
SYN-U-17741,59,M,BUSINESS,82128.34,Dhaka,1734,APP,ANDROID,MASS,ACTIVE
SYN-U-17742,63,M,SALARIED,106748.51,Mymensingh,1633,BRANCH,ANDROID,AFFLUENT,ACTIVE
SYN-U-17743,43,F,SALARIED,41884.3,Khulna,910,APP,ANDROID,MASS,ACTIVE
SYN-U-17744,63,F,FREELANCER,28917.62,Dhaka,1571,AGENT,ANDROID,MASS,ACTIVE
SYN-U-17745,62,M,STUDENT,15000.0,Dhaka,1373,APP,ANDROID,PAYROLL,ACTIVE
SYN-U-17746,48,F,BUSINESS,126783.79,Rajshahi,2361,AGENT,ANDROID,AFFLUENT,ACTIVE
SYN-U-17747,21,M,STUDENT,42190.96,Sylhet,1952,APP,IOS,SME,ACTIVE
SYN-U-17748,35,M,FREELANCER,43256.18,Dhaka,645,USSD,ANDROID,MASS,ACTIVE
SYN-U-17749,28,M,FREELANCER,71217.54,Sylhet,718,APP,ANDROID,MASS,ACTIVE
SYN-U-17750,59,M,RETIRED,34385.3,Mymensingh,1457,APP,ANDROID,AFFLUENT,ACTIVE
SYN-U-17751,44,F,SALARIED,32892.93,Dhaka,182,AGENT,ANDROID,STUDENT,ACTIVE
SYN-U-17752,60,O,SALARIED,58693.12,Dhaka,330,AGENT,IOS,AFFLUENT,ACTIVE
SYN-U-17753,47,F,STUDENT,41337.92,Khulna,1636,APP,ANDROID,AFFLUENT,ACTIVE
SYN-U-17754,44,M,SALARIED,119019.9,Sylhet,1273,AGENT,ANDROID,AFFLUENT,ACTIVE
SYN-U-17755,21,M,SALARIED,157263.12,Sylhet,1494,APP,ANDROID,AFFLUENT,ACTIVE
SYN-U-17756,66,M,BUSINESS,78325.81,Sylhet,2302,APP,ANDROID,MASS,ACTIVE
SYN-U-17757,57,F,BUSINESS,65827.57,Dhaka,480,AGENT,ANDROID,MASS,ACTIVE
SYN-U-17758,46,M,RETIRED,85962.8,Mymensingh,344,AGENT,ANDROID,SME,ACTIVE
SYN-U-17759,31,F,STUDENT,17821.93,Dhaka,1925,APP,IOS,STUDENT,ACTIVE
SYN-U-17760,38,M,SALARIED,38145.01,Barishal,990,AGENT,ANDROID,MASS,DORMANT
SYN-U-17761,28,F,STUDENT,20559.98,Sylhet,2274,AGENT,ANDROID,PAYROLL,ACTIVE
SYN-U-17762,23,F,SALARIED,31524.7,Rangpur,1207,APP,ANDROID,STUDENT,ACTIVE
SYN-U-17763,24,M,FREELANCER,50423.68,Dhaka,2481,BRANCH,FEATURE_PHONE,AFFLUENT,ACTIVE
SYN-U-17764,52,F,BUSINESS,50981.14,Cumilla,1386,APP,ANDROID,PAYROLL,ACTIVE
SYN-U-17765,24,M,SALARIED,94498.55,Rajshahi,680,USSD,ANDROID,SME,ACTIVE
SYN-U-17766,65,M,SALARIED,39731.94,Rajshahi,1768,AGENT,ANDROID,MASS,ACTIVE
SYN-U-17767,27,F,BUSINESS,76627.67,Chittagong,618,APP,ANDROID,AFFLUENT,ACTIVE
SYN-U-17768,27,M,FREELANCER,53798.37,Dhaka,1605,APP,ANDROID,MASS,ACTIVE
SYN-U-17769,45,F,STUDENT,23323.26,Chittagong,1857,AGENT,ANDROID,MASS,ACTIVE
SYN-U-17770,61,M,FREELANCER,75206.02,Dhaka,1950,APP,ANDROID,MASS,ACTIVE
SYN-U-17771,37,F,BUSINESS,150563.28,Sylhet,949,AGENT,IOS,AFFLUENT,ACTIVE
SYN-U-17772,39,M,BUSINESS,76909.88,Chittagong,763,APP,ANDROID,PAYROLL,ACTIVE
SYN-U-17773,57,M,STUDENT,15051.88,Sylhet,1364,APP,ANDROID,STUDENT,ACTIVE
SYN-U-17774,70,M,BUSINESS,200595.09,Rangpur,150,AGENT,ANDROID,AFFLUENT,ACTIVE
SYN-U-17775,32,M,SALARIED,48771.53,Chittagong,731,BRANCH,FEATURE_PHONE,MASS,ACTIVE
SYN-U-17776,61,M,BUSINESS,234795.45,Cumilla,1445,USSD,IOS,SME,ACTIVE
SYN-U-17777,65,M,RETIRED,46798.78,Sylhet,651,APP,ANDROID,MASS,ACTIVE
SYN-U-17778,20,F,BUSINESS,109818.28,Chittagong,2044,AGENT,ANDROID,SME,ACTIVE
SYN-U-17779,42,M,SALARIED,90028.63,Dhaka,2129,APP,IOS,SME,ACTIVE
SYN-U-17780,47,M,STUDENT,17404.05,Mymensingh,2345,AGENT,ANDROID,MASS,ACTIVE
SYN-U-17781,32,F,BUSINESS,84970.83,Chittagong,1675,APP,ANDROID,MASS,ACTIVE
SYN-U-17782,19,F,STUDENT,20082.8,Gazipur,1602,AGENT,ANDROID,STUDENT,ACTIVE
SYN-U-17783,69,F,FREELANCER,60755.93,Sylhet,2142,APP,ANDROID,MASS,ACTIVE
SYN-U-17784,70,M,SALARIED,21970.93,Rajshahi,349,USSD,ANDROID,MASS,ACTIVE
SYN-U-17785,21,M,FREELANCER,54459.48,Chittagong,710,AGENT,FEATURE_PHONE,SME,ACTIVE
SYN-U-17786,50,F,FREELANCER,62297.93,Rajshahi,830,USSD,ANDROID,MASS,ACTIVE
SYN-U-17787,45,F,SALARIED,40605.82,Dhaka,1061,APP,ANDROID,MASS,ACTIVE
SYN-U-17788,33,M,SALARIED,39348.2,Rajshahi,762,APP,ANDROID,STUDENT,ACTIVE
SYN-U-17789,48,F,SALARIED,28668.83,Chittagong,2421,APP,ANDROID,MASS,ACTIVE
SYN-U-17790,69,F,FREELANCER,15000.0,Chittagong,1427,AGENT,ANDROID,MASS,ACTIVE
SYN-U-17791,32,M,SALARIED,44802.7,Dhaka,200,AGENT,ANDROID,STUDENT,ACTIVE
SYN-U-17792,28,F,BUSINESS,98370.37,Chittagong,935,BRANCH,ANDROID,PAYROLL,ACTIVE
SYN-U-17793,51,F,FREELANCER,28257.28,Dhaka,502,APP,ANDROID,MASS,ACTIVE
SYN-U-17794,67,F,BUSINESS,120664.6,Narayanganj,1047,APP,ANDROID,PAYROLL,ACTIVE
SYN-U-17795,60,F,STUDENT,18062.33,Rangpur,2096,USSD,IOS,MASS,ACTIVE
SYN-U-17796,61,M,BUSINESS,260294.85,Rajshahi,495,APP,ANDROID,AFFLUENT,ACTIVE
SYN-U-17797,26,F,SALARIED,132538.67,Rangpur,985,AGENT,ANDROID,AFFLUENT,ACTIVE
SYN-U-17798,45,F,SALARIED,31070.09,Cumilla,1783,APP,ANDROID,MASS,ACTIVE
SYN-U-17799,30,F,SALARIED,32945.36,Chittagong,741,USSD,ANDROID,MASS,ACTIVE
SYN-U-17800,25,M,STUDENT,24991.57,Mymensingh,887,APP,ANDROID,MASS,ACTIVE
SYN-U-17801,67,F,HOMEMAKER,24039.9,Sylhet,1996,APP,ANDROID,MASS,ACTIVE
SYN-U-17802,38,M,SALARIED,55246.56,Dhaka,166,APP,ANDROID,MASS,ACTIVE
SYN-U-17803,70,M,STUDENT,15000.0,Rangpur,1479,BRANCH,ANDROID,MASS,ACTIVE
SYN-U-17804,23,F,BUSINESS,29904.6,Barishal,2489,APP,ANDROID,MASS,ACTIVE
SYN-U-17805,30,M,BUSINESS,55192.87,Chittagong,2261,APP,ANDROID,STUDENT,ACTIVE
SYN-U-17806,34,F,BUSINESS,55437.24,Chittagong,680,APP,ANDROID,MASS,ACTIVE
SYN-U-17807,66,M,FREELANCER,47159.22,Sylhet,250,USSD,ANDROID,MASS,ACTIVE
SYN-U-17808,31,F,RETIRED,51623.89,Dhaka,336,BRANCH,ANDROID,MASS,ACTIVE
SYN-U-17809,54,M,SALARIED,54854.64,Barishal,594,APP,ANDROID,MASS,ACTIVE
SYN-U-17810,65,F,FREELANCER,38852.42,Rajshahi,1578,APP,IOS,STUDENT,ACTIVE
SYN-U-17811,23,M,SALARIED,69128.18,Mymensingh,469,AGENT,ANDROID,AFFLUENT,ACTIVE
SYN-U-17812,42,F,BUSINESS,75885.54,Barishal,1146,AGENT,ANDROID,MASS,ACTIVE
SYN-U-17813,63,F,SALARIED,69772.02,Cox's Bazar,301,APP,IOS,PAYROLL,ACTIVE
SYN-U-17814,35,F,SALARIED,58998.12,Chittagong,1963,AGENT,ANDROID,MASS,ACTIVE
SYN-U-17815,71,M,BUSINESS,62209.91,Sylhet,2284,APP,ANDROID,MASS,ACTIVE
SYN-U-17816,27,F,FREELANCER,67080.72,Chittagong,794,AGENT,ANDROID,MASS,ACTIVE
SYN-U-17817,20,F,STUDENT,20544.39,Khulna,1462,APP,ANDROID,MASS,ACTIVE
SYN-U-17818,55,M,STUDENT,19756.57,Barishal,2335,APP,ANDROID,MASS,ACTIVE
SYN-U-17819,19,F,BUSINESS,91657.58,Sylhet,1554,APP,ANDROID,MASS,ACTIVE
SYN-U-17820,57,M,STUDENT,15000.0,Dhaka,1166,APP,ANDROID,MASS,ACTIVE
SYN-U-17821,28,M,SALARIED,49202.57,Sylhet,2376,BRANCH,IOS,MASS,ACTIVE
SYN-U-17822,66,F,FREELANCER,110396.73,Rangpur,286,APP,ANDROID,SME,ACTIVE
SYN-U-17823,35,F,BUSINESS,70632.19,Sylhet,267,APP,ANDROID,AFFLUENT,ACTIVE
SYN-U-17824,53,M,FREELANCER,42266.28,Rajshahi,352,AGENT,ANDROID,PAYROLL,ACTIVE
SYN-U-17825,57,F,BUSINESS,93255.02,Dhaka,618,APP,ANDROID,AFFLUENT,ACTIVE
SYN-U-17826,21,F,FREELANCER,145935.76,Gazipur,2393,APP,ANDROID,AFFLUENT,ACTIVE
SYN-U-17827,55,F,BUSINESS,15000.0,Dhaka,551,APP,ANDROID,SME,ACTIVE
SYN-U-17828,25,M,SALARIED,41666.01,Chittagong,441,APP,ANDROID,STUDENT,ACTIVE
SYN-U-17829,56,M,SALARIED,164406.2,Dhaka,2122,APP,FEATURE_PHONE,AFFLUENT,ACTIVE
SYN-U-17830,54,F,SALARIED,102960.96,Sylhet,2363,USSD,ANDROID,SME,ACTIVE
SYN-U-17831,29,F,HOMEMAKER,15000.0,Dhaka,1151,APP,ANDROID,MASS,ACTIVE
SYN-U-17832,58,M,HOMEMAKER,21671.6,Dhaka,1362,APP,ANDROID,STUDENT,ACTIVE
SYN-U-17833,42,M,BUSINESS,43061.02,Dhaka,1158,AGENT,ANDROID,MASS,ACTIVE
SYN-U-17834,46,O,SALARIED,113680.56,Dhaka,1349,APP,ANDROID,AFFLUENT,ACTIVE
SYN-U-17835,69,M,STUDENT,45671.39,Mymensingh,125,BRANCH,ANDROID,AFFLUENT,ACTIVE
SYN-U-17836,71,F,BUSINESS,27236.92,Chittagong,2327,APP,ANDROID,MASS,ACTIVE
SYN-U-17837,39,F,HOMEMAKER,27982.5,Chittagong,1699,BRANCH,ANDROID,AFFLUENT,ACTIVE
SYN-U-17838,61,F,BUSINESS,69880.93,Dhaka,1889,AGENT,ANDROID,MASS,ACTIVE
SYN-U-17839,39,F,HOMEMAKER,15000.0,Narayanganj,309,USSD,ANDROID,MASS,ACTIVE
SYN-U-17840,19,F,BUSINESS,21395.72,Sylhet,1419,AGENT,IOS,MASS,ACTIVE
SYN-U-17841,40,F,STUDENT,15000.0,Chittagong,1228,APP,ANDROID,MASS,ACTIVE
SYN-U-17842,49,M,FREELANCER,50924.74,Dhaka,1566,AGENT,ANDROID,MASS,ACTIVE
SYN-U-17843,38,F,FREELANCER,59211.64,Dhaka,1054,BRANCH,ANDROID,MASS,ACTIVE
SYN-U-17844,20,F,RETIRED,100636.38,Dhaka,1264,APP,ANDROID,SME,ACTIVE
SYN-U-17845,43,M,FREELANCER,82699.37,Dhaka,2429,AGENT,ANDROID,MASS,ACTIVE
SYN-U-17846,46,F,SALARIED,107943.81,Rangpur,1947,APP,ANDROID,SME,ACTIVE
SYN-U-17847,47,F,FREELANCER,125781.29,Sylhet,870,BRANCH,ANDROID,SME,ACTIVE
SYN-U-17848,65,M,FREELANCER,48969.94,Cumilla,983,APP,ANDROID,MASS,ACTIVE
SYN-U-17849,41,F,BUSINESS,85472.76,Dhaka,279,AGENT,ANDROID,MASS,ACTIVE
SYN-U-17850,70,M,SALARIED,76145.78,Gazipur,147,APP,ANDROID,MASS,ACTIVE
SYN-U-17851,28,F,BUSINESS,118697.1,Dhaka,598,AGENT,IOS,AFFLUENT,ACTIVE
SYN-U-17852,51,M,BUSINESS,63840.43,Chittagong,2192,BRANCH,ANDROID,MASS,ACTIVE
SYN-U-17853,45,F,SALARIED,39206.94,Dhaka,1306,APP,IOS,MASS,ACTIVE
SYN-U-17854,53,F,FREELANCER,73173.49,Chittagong,45,AGENT,ANDROID,MASS,ACTIVE
SYN-U-17855,68,F,RETIRED,63692.77,Rajshahi,2282,APP,ANDROID,SME,ACTIVE
SYN-U-17856,46,F,FREELANCER,22893.9,Dhaka,1887,BRANCH,IOS,PAYROLL,ACTIVE
SYN-U-17857,65,F,STUDENT,24410.89,Rangpur,1143,APP,IOS,MASS,ACTIVE
SYN-U-17858,53,M,SALARIED,59710.31,Dhaka,1722,APP,IOS,MASS,ACTIVE
SYN-U-17859,35,M,STUDENT,17835.12,Dhaka,1168,APP,ANDROID,STUDENT,ACTIVE
SYN-U-17860,25,F,SALARIED,30705.97,Barishal,1736,AGENT,ANDROID,MASS,ACTIVE
SYN-U-17861,64,M,SALARIED,26394.18,Rajshahi,365,APP,ANDROID,MASS,ACTIVE
SYN-U-17862,28,M,SALARIED,72495.95,Sylhet,1743,APP,IOS,SME,ACTIVE
SYN-U-17863,42,M,SALARIED,99468.45,Dhaka,859,APP,ANDROID,AFFLUENT,ACTIVE
SYN-U-17864,29,F,SALARIED,63905.88,Chittagong,435,APP,ANDROID,STUDENT,ACTIVE
SYN-U-17865,54,F,BUSINESS,55364.51,Dhaka,692,APP,IOS,MASS,ACTIVE
SYN-U-17866,67,M,SALARIED,66892.53,Khulna,1878,APP,ANDROID,MASS,ACTIVE
SYN-U-17867,55,M,SALARIED,45855.22,Gazipur,2168,AGENT,ANDROID,AFFLUENT,ACTIVE
SYN-U-17868,60,M,SALARIED,45436.09,Khulna,2340,AGENT,ANDROID,PAYROLL,ACTIVE
SYN-U-17869,29,M,STUDENT,25083.68,Chittagong,2032,APP,ANDROID,PAYROLL,ACTIVE
SYN-U-17870,24,F,FREELANCER,82280.42,Dhaka,1237,APP,ANDROID,PAYROLL,ACTIVE
SYN-U-17871,61,M,RETIRED,50013.93,Sylhet,1996,USSD,ANDROID,SME,ACTIVE
SYN-U-17872,67,M,FREELANCER,115235.57,Rajshahi,1169,BRANCH,ANDROID,MASS,ACTIVE
SYN-U-17873,43,M,BUSINESS,70170.29,Dhaka,1869,BRANCH,ANDROID,PAYROLL,ACTIVE
SYN-U-17874,66,F,SALARIED,52402.2,Dhaka,2225,APP,ANDROID,MASS,ACTIVE
SYN-U-17875,27,M,FREELANCER,38532.89,Cumilla,855,APP,ANDROID,MASS,ACTIVE
SYN-U-17876,27,M,BUSINESS,135794.9,Dhaka,598,APP,ANDROID,SME,ACTIVE
SYN-U-17877,48,M,BUSINESS,131302.72,Dhaka,215,APP,IOS,MASS,ACTIVE
SYN-U-17878,39,M,SALARIED,46074.53,Dhaka,2141,USSD,ANDROID,MASS,ACTIVE
SYN-U-17879,23,M,BUSINESS,73105.51,Dhaka,539,APP,ANDROID,MASS,ACTIVE
SYN-U-17880,58,F,RETIRED,32273.48,Khulna,1939,APP,IOS,MASS,ACTIVE
SYN-U-17881,63,F,SALARIED,50283.01,Narayanganj,924,USSD,ANDROID,MASS,ACTIVE
SYN-U-17882,71,F,BUSINESS,73729.23,Chittagong,238,APP,ANDROID,MASS,ACTIVE
SYN-U-17883,38,M,HOMEMAKER,57393.36,Khulna,236,APP,ANDROID,AFFLUENT,ACTIVE
SYN-U-17884,33,M,SALARIED,128278.9,Dhaka,2469,APP,ANDROID,AFFLUENT,ACTIVE
SYN-U-17885,67,M,HOMEMAKER,15000.0,Chittagong,1308,APP,IOS,MASS,ACTIVE
SYN-U-17886,40,M,FREELANCER,89083.44,Dhaka,1291,AGENT,ANDROID,AFFLUENT,ACTIVE
SYN-U-17887,64,M,BUSINESS,68170.72,Rangpur,1774,APP,IOS,MASS,ACTIVE
SYN-U-17888,40,F,BUSINESS,69003.28,Sylhet,865,AGENT,ANDROID,MASS,ACTIVE
SYN-U-17889,27,M,BUSINESS,89552.2,Sylhet,2248,APP,IOS,MASS,ACTIVE
SYN-U-17890,35,F,SALARIED,16624.13,Sylhet,1386,APP,ANDROID,STUDENT,ACTIVE
SYN-U-17891,21,F,BUSINESS,228794.09,Dhaka,2152,APP,ANDROID,AFFLUENT,RESTRICTED
SYN-U-17892,44,M,STUDENT,18704.24,Sylhet,2239,APP,ANDROID,PAYROLL,ACTIVE
SYN-U-17893,40,M,SALARIED,28579.26,Chittagong,41,APP,IOS,STUDENT,ACTIVE
SYN-U-17894,57,F,FREELANCER,39902.26,Dhaka,1744,APP,FEATURE_PHONE,MASS,ACTIVE
SYN-U-17895,54,M,SALARIED,36239.24,Dhaka,453,APP,ANDROID,MASS,ACTIVE
SYN-U-17896,57,F,HOMEMAKER,48568.98,Dhaka,856,AGENT,ANDROID,AFFLUENT,ACTIVE
SYN-U-17897,68,F,STUDENT,15811.38,Rangpur,743,APP,ANDROID,PAYROLL,ACTIVE
SYN-U-17898,64,M,SALARIED,100733.09,Chittagong,1367,APP,ANDROID,SME,ACTIVE
SYN-U-17899,44,F,SALARIED,51305.99,Dhaka,2022,APP,ANDROID,STUDENT,DORMANT
SYN-U-17900,38,O,SALARIED,72385.11,Khulna,1984,BRANCH,ANDROID,AFFLUENT,ACTIVE
SYN-U-17901,42,M,BUSINESS,66523.52,Dhaka,1229,USSD,ANDROID,MASS,ACTIVE
SYN-U-17902,34,M,SALARIED,52221.69,Barishal,1611,BRANCH,ANDROID,STUDENT,ACTIVE
SYN-U-17903,59,F,FREELANCER,23162.49,Chittagong,1698,APP,IOS,STUDENT,ACTIVE
SYN-U-17904,25,F,FREELANCER,124637.2,Dhaka,420,APP,ANDROID,AFFLUENT,ACTIVE
SYN-U-17905,24,F,STUDENT,18394.44,Dhaka,792,AGENT,IOS,MASS,ACTIVE
SYN-U-17906,45,M,BUSINESS,86102.8,Barishal,1085,APP,ANDROID,MASS,ACTIVE
SYN-U-17907,71,M,SALARIED,62555.98,Chittagong,1590,APP,ANDROID,MASS,ACTIVE
SYN-U-17908,59,M,HOMEMAKER,26240.4,Dhaka,1612,APP,IOS,MASS,ACTIVE
SYN-U-17909,58,F,SALARIED,21004.29,Rajshahi,1799,APP,ANDROID,MASS,ACTIVE
SYN-U-17910,41,F,SALARIED,71714.23,Dhaka,2383,APP,FEATURE_PHONE,MASS,ACTIVE
SYN-U-17911,48,M,BUSINESS,81056.0,Barishal,1538,APP,ANDROID,STUDENT,ACTIVE
SYN-U-17912,57,F,FREELANCER,85703.57,Rajshahi,492,USSD,FEATURE_PHONE,MASS,ACTIVE
SYN-U-17913,66,F,SALARIED,27302.56,Dhaka,351,AGENT,ANDROID,SME,ACTIVE
SYN-U-17914,41,F,SALARIED,75086.03,Dhaka,1911,APP,ANDROID,MASS,ACTIVE
SYN-U-17915,29,M,SALARIED,62429.62,Khulna,223,APP,ANDROID,SME,ACTIVE
SYN-U-17916,62,M,HOMEMAKER,15000.0,Dhaka,884,APP,IOS,MASS,ACTIVE
SYN-U-17917,54,M,SALARIED,30069.92,Mymensingh,108,AGENT,ANDROID,SME,ACTIVE
SYN-U-17918,34,M,SALARIED,110551.7,Dhaka,243,AGENT,ANDROID,SME,ACTIVE
SYN-U-17919,51,F,STUDENT,15000.0,Dhaka,778,AGENT,ANDROID,MASS,ACTIVE
SYN-U-17920,44,M,SALARIED,34140.29,Cox's Bazar,2212,APP,IOS,MASS,ACTIVE
SYN-U-17921,69,F,BUSINESS,80304.44,Rajshahi,1405,APP,ANDROID,MASS,ACTIVE
SYN-U-17922,56,F,SALARIED,23932.95,Dhaka,1399,APP,ANDROID,STUDENT,ACTIVE
SYN-U-17923,66,M,BUSINESS,81780.55,Barishal,577,AGENT,ANDROID,MASS,ACTIVE
SYN-U-17924,34,M,SALARIED,35808.29,Sylhet,704,APP,IOS,PAYROLL,ACTIVE
SYN-U-17925,18,F,BUSINESS,197196.27,Khulna,462,AGENT,FEATURE_PHONE,AFFLUENT,ACTIVE
SYN-U-17926,50,M,SALARIED,109905.32,Dhaka,807,APP,ANDROID,SME,ACTIVE
SYN-U-17927,44,M,STUDENT,33350.69,Sylhet,457,APP,IOS,AFFLUENT,ACTIVE
SYN-U-17928,70,F,FREELANCER,25106.44,Barishal,195,APP,ANDROID,PAYROLL,ACTIVE
SYN-U-17929,53,F,STUDENT,33357.5,Chittagong,2424,AGENT,ANDROID,SME,ACTIVE
SYN-U-17930,35,M,SALARIED,115581.13,Chittagong,1315,APP,ANDROID,AFFLUENT,ACTIVE
SYN-U-17931,34,M,SALARIED,46328.71,Dhaka,1839,APP,ANDROID,MASS,ACTIVE
SYN-U-17932,58,F,BUSINESS,121277.28,Cumilla,1695,APP,IOS,MASS,ACTIVE
SYN-U-17933,56,M,STUDENT,18889.08,Cumilla,1985,APP,ANDROID,STUDENT,ACTIVE
SYN-U-17934,59,M,BUSINESS,26823.61,Rajshahi,1098,AGENT,ANDROID,STUDENT,ACTIVE
SYN-U-17935,63,M,BUSINESS,15000.0,Chittagong,734,AGENT,IOS,MASS,ACTIVE
SYN-U-17936,47,M,STUDENT,15000.0,Dhaka,608,APP,ANDROID,STUDENT,ACTIVE
SYN-U-17937,51,F,BUSINESS,56927.77,Chittagong,1139,AGENT,ANDROID,PAYROLL,ACTIVE
SYN-U-17938,45,F,BUSINESS,15000.0,Cumilla,1393,APP,ANDROID,MASS,ACTIVE
SYN-U-17939,64,F,STUDENT,17902.46,Gazipur,583,APP,ANDROID,STUDENT,ACTIVE
SYN-U-17940,65,M,STUDENT,16668.7,Barishal,784,BRANCH,ANDROID,MASS,ACTIVE
SYN-U-17941,29,M,SALARIED,39373.45,Dhaka,1319,APP,ANDROID,MASS,ACTIVE
SYN-U-17942,34,M,SALARIED,120343.85,Khulna,1106,APP,ANDROID,AFFLUENT,ACTIVE
SYN-U-17943,30,M,HOMEMAKER,19420.79,Sylhet,1393,APP,ANDROID,STUDENT,ACTIVE
SYN-U-17944,34,M,FREELANCER,48238.53,Cumilla,554,APP,ANDROID,MASS,ACTIVE
SYN-U-17945,44,F,BUSINESS,223665.86,Gazipur,1610,AGENT,ANDROID,AFFLUENT,ACTIVE
SYN-U-17946,61,F,FREELANCER,72366.26,Dhaka,1865,APP,ANDROID,MASS,ACTIVE
SYN-U-17947,52,F,FREELANCER,15000.0,Jessore,1214,APP,IOS,MASS,ACTIVE
SYN-U-17948,21,M,SALARIED,47906.21,Sylhet,1692,APP,ANDROID,MASS,ACTIVE
SYN-U-17949,27,M,STUDENT,35387.62,Mymensingh,178,AGENT,IOS,AFFLUENT,ACTIVE
SYN-U-17950,59,M,SALARIED,24311.36,Rajshahi,613,APP,FEATURE_PHONE,MASS,ACTIVE
SYN-U-17951,22,M,STUDENT,20692.47,Gazipur,1938,APP,ANDROID,MASS,RESTRICTED
SYN-U-17952,37,M,BUSINESS,152939.21,Cumilla,1829,APP,ANDROID,AFFLUENT,ACTIVE
SYN-U-17953,37,M,SALARIED,25070.12,Sylhet,166,BRANCH,FEATURE_PHONE,PAYROLL,ACTIVE
SYN-U-17954,35,F,SALARIED,54013.71,Sylhet,1836,APP,ANDROID,MASS,DORMANT
SYN-U-17955,62,M,HOMEMAKER,15983.5,Dhaka,156,APP,ANDROID,MASS,ACTIVE
SYN-U-17956,42,M,BUSINESS,15937.69,Bogura,1991,AGENT,ANDROID,STUDENT,ACTIVE
SYN-U-17957,71,F,BUSINESS,81832.1,Dhaka,1557,APP,ANDROID,MASS,ACTIVE
SYN-U-17958,24,F,SALARIED,42495.69,Dhaka,2125,APP,ANDROID,MASS,ACTIVE
SYN-U-17959,61,F,FREELANCER,80445.41,Barishal,560,AGENT,ANDROID,MASS,ACTIVE
SYN-U-17960,40,M,SALARIED,48112.79,Dhaka,202,AGENT,FEATURE_PHONE,MASS,ACTIVE
SYN-U-17961,40,M,FREELANCER,16716.94,Gazipur,2232,USSD,ANDROID,MASS,DORMANT
SYN-U-17962,47,M,HOMEMAKER,22401.51,Dhaka,1741,APP,ANDROID,MASS,ACTIVE
SYN-U-17963,39,M,FREELANCER,32773.79,Narayanganj,380,APP,ANDROID,PAYROLL,ACTIVE
SYN-U-17964,62,F,BUSINESS,67390.75,Dhaka,2215,BRANCH,ANDROID,STUDENT,ACTIVE
SYN-U-17965,68,F,SALARIED,48477.43,Mymensingh,2297,AGENT,ANDROID,PAYROLL,ACTIVE
SYN-U-17966,33,M,FREELANCER,54056.37,Dhaka,2251,AGENT,ANDROID,MASS,ACTIVE
SYN-U-17967,46,O,SALARIED,107105.31,Rajshahi,554,AGENT,ANDROID,SME,ACTIVE
SYN-U-17968,48,M,STUDENT,22047.69,Rajshahi,566,APP,ANDROID,STUDENT,ACTIVE
SYN-U-17969,21,F,SALARIED,32408.01,Barishal,1894,USSD,IOS,MASS,ACTIVE
SYN-U-17970,64,F,BUSINESS,83189.46,Sylhet,1444,AGENT,ANDROID,SME,ACTIVE
SYN-U-17971,64,M,FREELANCER,90436.37,Mymensingh,204,APP,ANDROID,AFFLUENT,ACTIVE
SYN-U-17972,47,M,BUSINESS,40290.27,Dhaka,1937,APP,ANDROID,STUDENT,ACTIVE
SYN-U-17973,65,M,STUDENT,15000.0,Cumilla,619,AGENT,ANDROID,MASS,ACTIVE
SYN-U-17974,25,M,BUSINESS,80208.11,Dhaka,1593,APP,ANDROID,MASS,ACTIVE
SYN-U-17975,45,F,SALARIED,146877.53,Dhaka,789,APP,ANDROID,AFFLUENT,ACTIVE
SYN-U-17976,50,M,SALARIED,69724.34,Barishal,1124,APP,ANDROID,PAYROLL,ACTIVE
SYN-U-17977,50,M,STUDENT,20021.1,Cumilla,388,APP,ANDROID,SME,ACTIVE
SYN-U-17978,51,M,SALARIED,69471.22,Dhaka,2190,APP,ANDROID,MASS,ACTIVE
SYN-U-17979,32,M,SALARIED,112990.34,Mymensingh,1422,APP,ANDROID,AFFLUENT,ACTIVE
SYN-U-17980,22,F,SALARIED,40051.79,Dhaka,1690,AGENT,ANDROID,MASS,ACTIVE
SYN-U-17981,25,M,SALARIED,15000.0,Mymensingh,1256,APP,ANDROID,MASS,ACTIVE
SYN-U-17982,52,M,FREELANCER,164313.07,Dhaka,1390,APP,ANDROID,AFFLUENT,DORMANT
SYN-U-17983,32,M,SALARIED,41929.96,Dhaka,1058,AGENT,ANDROID,MASS,ACTIVE
SYN-U-17984,44,M,SALARIED,65590.29,Chittagong,1072,BRANCH,ANDROID,MASS,ACTIVE
SYN-U-17985,25,M,BUSINESS,44800.28,Dhaka,691,AGENT,FEATURE_PHONE,AFFLUENT,ACTIVE
SYN-U-17986,62,M,STUDENT,23341.54,Barishal,2004,APP,ANDROID,MASS,ACTIVE
SYN-U-17987,33,M,SALARIED,106056.93,Rajshahi,710,APP,ANDROID,AFFLUENT,ACTIVE
SYN-U-17988,30,F,BUSINESS,78294.55,Chittagong,245,AGENT,ANDROID,STUDENT,ACTIVE
SYN-U-17989,66,F,SALARIED,78058.49,Chittagong,371,APP,IOS,AFFLUENT,ACTIVE
SYN-U-17990,41,F,BUSINESS,76744.39,Chittagong,1238,APP,ANDROID,MASS,ACTIVE
SYN-U-17991,29,M,FREELANCER,48335.66,Chittagong,1721,APP,ANDROID,MASS,ACTIVE
SYN-U-17992,48,F,SALARIED,49812.81,Gazipur,2483,AGENT,ANDROID,PAYROLL,ACTIVE
SYN-U-17993,71,F,SALARIED,44827.49,Cox's Bazar,2284,APP,ANDROID,MASS,ACTIVE
SYN-U-17994,70,F,RETIRED,27495.8,Chittagong,151,USSD,ANDROID,MASS,ACTIVE
SYN-U-17995,69,M,SALARIED,42465.88,Rangpur,1744,BRANCH,IOS,MASS,ACTIVE
SYN-U-17996,50,F,SALARIED,27115.02,Sylhet,2473,AGENT,ANDROID,MASS,ACTIVE
SYN-U-17997,40,M,FREELANCER,91701.07,Dhaka,1680,AGENT,ANDROID,MASS,ACTIVE
SYN-U-17998,51,F,FREELANCER,70567.85,Chittagong,756,APP,ANDROID,SME,ACTIVE
SYN-U-17999,21,M,BUSINESS,186675.02,Chittagong,738,AGENT,ANDROID,AFFLUENT,ACTIVE
SYN-U-18000,66,M,BUSINESS,85003.36,Barishal,2215,APP,IOS,MASS,ACTIVE
SYN-U-18001,47,M,SALARIED,29164.19,Chittagong,1286,APP,ANDROID,MASS,ACTIVE
SYN-U-18002,37,M,BUSINESS,41165.04,Dhaka,1774,AGENT,ANDROID,MASS,ACTIVE
SYN-U-18003,51,M,FREELANCER,110968.32,Sylhet,2145,AGENT,ANDROID,AFFLUENT,ACTIVE
SYN-U-18004,53,M,BUSINESS,44846.01,Chittagong,2487,AGENT,ANDROID,MASS,ACTIVE
SYN-U-18005,35,M,RETIRED,36427.24,Dhaka,1096,AGENT,IOS,MASS,ACTIVE
SYN-U-18006,50,F,SALARIED,15000.0,Rajshahi,1613,AGENT,IOS,STUDENT,ACTIVE
SYN-U-18007,24,M,STUDENT,20897.85,Dhaka,540,AGENT,ANDROID,AFFLUENT,ACTIVE
SYN-U-18008,64,F,HOMEMAKER,17234.76,Dhaka,205,AGENT,ANDROID,MASS,ACTIVE
SYN-U-18009,68,F,FREELANCER,81481.78,Dhaka,1013,APP,ANDROID,MASS,ACTIVE
SYN-U-18010,34,M,BUSINESS,102335.19,Khulna,1031,APP,IOS,MASS,ACTIVE
SYN-U-18011,23,M,SALARIED,53471.76,Dhaka,2406,APP,ANDROID,MASS,ACTIVE
SYN-U-18012,59,F,STUDENT,25611.49,Chittagong,2337,APP,ANDROID,MASS,ACTIVE
SYN-U-18013,48,F,BUSINESS,108147.87,Mymensingh,1713,APP,ANDROID,AFFLUENT,ACTIVE
SYN-U-18014,33,M,SALARIED,82586.41,Cumilla,1993,APP,IOS,SME,ACTIVE
SYN-U-18015,35,F,BUSINESS,87349.04,Dhaka,2001,APP,ANDROID,PAYROLL,ACTIVE
SYN-U-18016,38,M,BUSINESS,58376.0,Rajshahi,2228,APP,ANDROID,MASS,DORMANT
SYN-U-18017,71,M,SALARIED,60302.23,Dhaka,918,APP,ANDROID,MASS,ACTIVE
SYN-U-18018,39,M,FREELANCER,172153.92,Dhaka,1312,AGENT,ANDROID,SME,ACTIVE
SYN-U-18019,33,F,HOMEMAKER,27249.59,Sylhet,1239,APP,IOS,SME,ACTIVE
SYN-U-18020,65,F,FREELANCER,150708.55,Rajshahi,1201,APP,ANDROID,AFFLUENT,ACTIVE
SYN-U-18021,69,M,SALARIED,78375.54,Dhaka,545,APP,ANDROID,SME,ACTIVE
SYN-U-18022,25,M,SALARIED,58429.17,Dhaka,535,BRANCH,IOS,AFFLUENT,ACTIVE
SYN-U-18023,42,M,SALARIED,37782.36,Narayanganj,1003,APP,ANDROID,MASS,ACTIVE
SYN-U-18024,70,F,SALARIED,52665.69,Chittagong,395,APP,ANDROID,MASS,ACTIVE
SYN-U-18025,56,M,SALARIED,58520.72,Gazipur,2398,AGENT,IOS,MASS,ACTIVE
SYN-U-18026,60,F,BUSINESS,51630.23,Dhaka,2497,APP,ANDROID,STUDENT,ACTIVE
SYN-U-18027,29,F,BUSINESS,53424.46,Dhaka,462,APP,IOS,PAYROLL,ACTIVE
SYN-U-18028,21,M,BUSINESS,125295.84,Sylhet,243,APP,ANDROID,SME,ACTIVE
SYN-U-18029,66,F,SALARIED,28204.19,Dhaka,776,BRANCH,ANDROID,PAYROLL,ACTIVE
SYN-U-18030,22,F,SALARIED,102666.43,Chittagong,1290,APP,ANDROID,AFFLUENT,ACTIVE
SYN-U-18031,19,M,STUDENT,17440.73,Bogura,1499,APP,ANDROID,MASS,ACTIVE
SYN-U-18032,41,M,SALARIED,217382.49,Sylhet,1134,APP,ANDROID,AFFLUENT,ACTIVE
SYN-U-18033,18,F,FREELANCER,54501.51,Barishal,1656,APP,ANDROID,STUDENT,ACTIVE
SYN-U-18034,29,M,SALARIED,47347.48,Chittagong,1129,APP,IOS,MASS,ACTIVE
SYN-U-18035,34,F,SALARIED,108399.89,Rangpur,1201,APP,ANDROID,SME,ACTIVE
SYN-U-18036,50,F,BUSINESS,40750.85,Dhaka,2367,AGENT,ANDROID,MASS,ACTIVE
SYN-U-18037,25,F,SALARIED,36512.36,Dhaka,2224,BRANCH,ANDROID,MASS,ACTIVE
SYN-U-18038,61,F,FREELANCER,157993.12,Dhaka,1813,AGENT,IOS,AFFLUENT,ACTIVE
SYN-U-18039,24,F,SALARIED,63111.86,Dhaka,1564,APP,ANDROID,MASS,ACTIVE
SYN-U-18040,58,M,SALARIED,17655.44,Chittagong,2317,APP,ANDROID,MASS,ACTIVE
SYN-U-18041,18,F,FREELANCER,69151.06,Sylhet,881,APP,ANDROID,SME,ACTIVE
SYN-U-18042,52,F,BUSINESS,200947.44,Cumilla,519,AGENT,ANDROID,AFFLUENT,ACTIVE
SYN-U-18043,70,M,RETIRED,23433.69,Chittagong,1693,AGENT,ANDROID,MASS,ACTIVE
SYN-U-18044,69,F,BUSINESS,74143.67,Dhaka,841,APP,IOS,MASS,ACTIVE
SYN-U-18045,71,M,SALARIED,60295.14,Rajshahi,403,AGENT,ANDROID,MASS,ACTIVE
SYN-U-18046,56,F,SALARIED,38456.42,Gazipur,1716,BRANCH,FEATURE_PHONE,MASS,ACTIVE
SYN-U-18047,60,F,HOMEMAKER,15754.5,Jessore,661,APP,ANDROID,MASS,ACTIVE
SYN-U-18048,56,F,RETIRED,60964.37,Dhaka,382,AGENT,ANDROID,AFFLUENT,ACTIVE
SYN-U-18049,22,F,SALARIED,63359.47,Rajshahi,1599,APP,IOS,MASS,ACTIVE
SYN-U-18050,68,F,BUSINESS,20007.94,Dhaka,1798,APP,ANDROID,MASS,ACTIVE
SYN-U-18051,50,F,SALARIED,72332.84,Rajshahi,1993,APP,ANDROID,AFFLUENT,ACTIVE
SYN-U-18052,61,F,SALARIED,64126.29,Mymensingh,1101,AGENT,IOS,MASS,ACTIVE
SYN-U-18053,35,F,SALARIED,31470.32,Khulna,2199,APP,ANDROID,MASS,ACTIVE
SYN-U-18054,31,M,RETIRED,28532.87,Cumilla,1355,AGENT,ANDROID,PAYROLL,ACTIVE
SYN-U-18055,25,M,HOMEMAKER,32346.54,Sylhet,1970,BRANCH,ANDROID,PAYROLL,ACTIVE
SYN-U-18056,65,F,STUDENT,15000.0,Rangpur,1085,APP,ANDROID,MASS,ACTIVE
SYN-U-18057,33,M,STUDENT,33731.24,Rajshahi,2320,APP,ANDROID,SME,ACTIVE
SYN-U-18058,41,F,SALARIED,59627.84,Barishal,162,APP,ANDROID,STUDENT,ACTIVE
SYN-U-18059,65,M,SALARIED,59407.84,Rajshahi,152,AGENT,ANDROID,MASS,ACTIVE
SYN-U-18060,58,F,STUDENT,18405.12,Dhaka,792,AGENT,IOS,MASS,ACTIVE
SYN-U-18061,23,M,SALARIED,70817.03,Mymensingh,791,AGENT,ANDROID,MASS,ACTIVE
SYN-U-18062,18,F,BUSINESS,67099.92,Dhaka,1932,APP,IOS,STUDENT,ACTIVE
SYN-U-18063,26,M,SALARIED,44315.04,Rajshahi,777,APP,ANDROID,MASS,RESTRICTED
SYN-U-18064,43,F,HOMEMAKER,20451.64,Rajshahi,1210,APP,FEATURE_PHONE,MASS,ACTIVE
SYN-U-18065,39,F,HOMEMAKER,22337.04,Dhaka,1771,AGENT,ANDROID,MASS,ACTIVE
SYN-U-18066,60,F,SALARIED,35199.86,Rajshahi,2445,APP,ANDROID,STUDENT,ACTIVE
SYN-U-18067,45,F,SALARIED,90944.41,Khulna,1789,USSD,ANDROID,SME,ACTIVE
SYN-U-18068,30,F,SALARIED,46532.0,Dhaka,2344,APP,ANDROID,MASS,ACTIVE
SYN-U-18069,40,F,SALARIED,53205.45,Barishal,704,AGENT,ANDROID,MASS,ACTIVE
SYN-U-18070,59,M,SALARIED,110818.62,Rangpur,340,APP,ANDROID,SME,ACTIVE
SYN-U-18071,57,F,BUSINESS,25118.92,Dhaka,1419,APP,ANDROID,MASS,ACTIVE
SYN-U-18072,39,F,SALARIED,27882.93,Barishal,1931,BRANCH,ANDROID,MASS,ACTIVE
SYN-U-18073,36,M,SALARIED,59723.78,Chittagong,1081,AGENT,ANDROID,MASS,RESTRICTED
SYN-U-18074,66,F,RETIRED,18162.06,Khulna,2138,APP,ANDROID,MASS,ACTIVE
SYN-U-18075,66,M,SALARIED,30055.63,Dhaka,2091,APP,ANDROID,STUDENT,ACTIVE
SYN-U-18076,56,O,BUSINESS,38913.83,Narayanganj,1435,APP,ANDROID,STUDENT,ACTIVE
SYN-U-18077,21,M,FREELANCER,46874.85,Dhaka,535,APP,ANDROID,MASS,ACTIVE
SYN-U-18078,47,M,STUDENT,17836.64,Chittagong,2187,APP,ANDROID,MASS,ACTIVE
SYN-U-18079,38,F,FREELANCER,42929.25,Chittagong,975,APP,ANDROID,MASS,ACTIVE
SYN-U-18080,23,M,STUDENT,15000.0,Rajshahi,1261,APP,ANDROID,MASS,ACTIVE
SYN-U-18081,27,M,SALARIED,53642.23,Sylhet,1438,AGENT,ANDROID,AFFLUENT,ACTIVE
SYN-U-18082,20,F,STUDENT,32268.34,Dhaka,1861,APP,ANDROID,AFFLUENT,ACTIVE
SYN-U-18083,70,F,BUSINESS,276444.93,Chittagong,2384,APP,IOS,AFFLUENT,ACTIVE
SYN-U-18084,23,M,SALARIED,51753.81,Dhaka,2426,APP,ANDROID,MASS,ACTIVE
SYN-U-18085,70,M,RETIRED,55749.96,Dhaka,796,AGENT,ANDROID,MASS,ACTIVE
SYN-U-18086,36,F,FREELANCER,37086.05,Mymensingh,451,APP,ANDROID,PAYROLL,ACTIVE
SYN-U-18087,67,F,BUSINESS,63431.73,Dhaka,2091,AGENT,ANDROID,MASS,ACTIVE
SYN-U-18088,32,M,FREELANCER,30346.61,Khulna,1247,APP,ANDROID,STUDENT,ACTIVE
SYN-U-18089,62,F,FREELANCER,53971.98,Dhaka,1912,APP,ANDROID,MASS,DORMANT
SYN-U-18090,25,F,BUSINESS,198096.01,Dhaka,859,APP,ANDROID,AFFLUENT,ACTIVE
SYN-U-18091,28,F,FREELANCER,131198.18,Rajshahi,2226,AGENT,ANDROID,SME,ACTIVE
SYN-U-18092,33,F,BUSINESS,44234.24,Khulna,574,APP,IOS,PAYROLL,DORMANT
SYN-U-18093,55,M,SALARIED,35581.85,Dhaka,1199,APP,ANDROID,MASS,ACTIVE
SYN-U-18094,31,M,SALARIED,61961.61,Rajshahi,61,BRANCH,FEATURE_PHONE,MASS,ACTIVE
SYN-U-18095,57,M,BUSINESS,68261.47,Chittagong,1079,APP,ANDROID,MASS,ACTIVE
SYN-U-18096,41,M,FREELANCER,37096.14,Khulna,1230,USSD,IOS,PAYROLL,ACTIVE
SYN-U-18097,26,M,BUSINESS,126764.85,Dhaka,1000,AGENT,IOS,MASS,ACTIVE
SYN-U-18098,68,M,SALARIED,53330.19,Rangpur,300,APP,ANDROID,STUDENT,ACTIVE
SYN-U-18099,26,F,FREELANCER,70262.4,Barishal,962,AGENT,IOS,MASS,ACTIVE
SYN-U-18100,33,F,BUSINESS,92672.05,Narayanganj,142,APP,ANDROID,PAYROLL,ACTIVE
SYN-U-18101,21,M,STUDENT,20226.16,Gazipur,2311,APP,ANDROID,MASS,ACTIVE
SYN-U-18102,22,F,FREELANCER,22489.99,Chittagong,614,AGENT,ANDROID,SME,ACTIVE
SYN-U-18103,25,F,SALARIED,110535.58,Dhaka,185,APP,ANDROID,AFFLUENT,ACTIVE
SYN-U-18104,62,M,SALARIED,38918.24,Dhaka,900,APP,ANDROID,STUDENT,ACTIVE
SYN-U-18105,56,F,BUSINESS,53876.82,Rajshahi,75,APP,IOS,SME,ACTIVE
SYN-U-18106,55,F,BUSINESS,55421.05,Dhaka,672,AGENT,ANDROID,MASS,ACTIVE
SYN-U-18107,56,F,SALARIED,79781.79,Chittagong,1229,APP,ANDROID,AFFLUENT,ACTIVE
SYN-U-18108,53,M,BUSINESS,97468.14,Khulna,2396,APP,ANDROID,MASS,RESTRICTED
SYN-U-18109,31,F,RETIRED,56655.2,Chittagong,88,APP,ANDROID,SME,ACTIVE
SYN-U-18110,22,M,SALARIED,68911.22,Chittagong,2149,APP,ANDROID,PAYROLL,ACTIVE
SYN-U-18111,65,M,SALARIED,59039.35,Dhaka,1825,APP,ANDROID,MASS,RESTRICTED
SYN-U-18112,40,F,HOMEMAKER,26193.13,Dhaka,336,APP,ANDROID,MASS,ACTIVE
SYN-U-18113,57,F,BUSINESS,85844.19,Chittagong,1888,APP,ANDROID,MASS,ACTIVE
SYN-U-18114,18,M,STUDENT,19771.12,Rajshahi,997,APP,ANDROID,MASS,ACTIVE
SYN-U-18115,64,M,SALARIED,59776.41,Jessore,2482,AGENT,ANDROID,STUDENT,ACTIVE
SYN-U-18116,59,M,SALARIED,40951.51,Gazipur,1127,APP,ANDROID,MASS,ACTIVE
SYN-U-18117,35,M,STUDENT,15043.9,Chittagong,1169,APP,ANDROID,MASS,ACTIVE
SYN-U-18118,28,F,BUSINESS,61030.87,Barishal,2279,AGENT,ANDROID,MASS,ACTIVE
SYN-U-18119,21,M,SALARIED,44322.98,Sylhet,2418,APP,ANDROID,MASS,DORMANT
SYN-U-18120,71,F,BUSINESS,68609.38,Rajshahi,1541,APP,IOS,MASS,ACTIVE
SYN-U-18121,63,M,SALARIED,75768.87,Sylhet,273,APP,ANDROID,AFFLUENT,DORMANT
SYN-U-18122,65,O,FREELANCER,38119.44,Dhaka,1469,APP,IOS,MASS,ACTIVE
SYN-U-18123,25,F,STUDENT,21907.13,Chittagong,1034,BRANCH,IOS,AFFLUENT,ACTIVE
SYN-U-18124,44,M,SALARIED,89083.88,Dhaka,628,APP,IOS,AFFLUENT,ACTIVE
SYN-U-18125,31,F,SALARIED,40631.02,Dhaka,981,APP,ANDROID,SME,ACTIVE
SYN-U-18126,51,M,FREELANCER,15900.35,Rajshahi,1121,BRANCH,IOS,MASS,ACTIVE
SYN-U-18127,50,F,FREELANCER,113066.82,Dhaka,1525,APP,ANDROID,SME,ACTIVE
SYN-U-18128,37,F,FREELANCER,52817.33,Rangpur,1885,APP,ANDROID,MASS,ACTIVE
SYN-U-18129,61,M,BUSINESS,116697.19,Rajshahi,866,USSD,IOS,MASS,ACTIVE
SYN-U-18130,33,M,FREELANCER,16993.97,Chittagong,633,APP,ANDROID,PAYROLL,ACTIVE
SYN-U-18131,58,F,BUSINESS,80325.06,Chittagong,1270,AGENT,ANDROID,STUDENT,ACTIVE
SYN-U-18132,29,F,BUSINESS,180581.85,Chittagong,1776,APP,ANDROID,SME,ACTIVE
SYN-U-18133,37,F,SALARIED,79365.17,Khulna,321,AGENT,IOS,MASS,ACTIVE
SYN-U-18134,50,M,BUSINESS,37007.71,Dhaka,229,APP,ANDROID,STUDENT,ACTIVE
SYN-U-18135,25,F,SALARIED,31012.85,Dhaka,2323,APP,ANDROID,STUDENT,ACTIVE
SYN-U-18136,21,M,FREELANCER,51428.78,Rangpur,106,APP,ANDROID,STUDENT,ACTIVE
SYN-U-18137,59,F,STUDENT,16486.34,Mymensingh,437,APP,ANDROID,MASS,ACTIVE
SYN-U-18138,59,F,SALARIED,51372.5,Khulna,91,APP,ANDROID,MASS,ACTIVE
SYN-U-18139,48,F,FREELANCER,220404.54,Narayanganj,2373,APP,ANDROID,AFFLUENT,ACTIVE
SYN-U-18140,68,F,BUSINESS,33481.35,Rangpur,1905,AGENT,ANDROID,MASS,ACTIVE
SYN-U-18141,18,M,STUDENT,20506.7,Rajshahi,1507,APP,ANDROID,MASS,DORMANT
SYN-U-18142,41,M,SALARIED,46367.51,Chittagong,1427,APP,ANDROID,MASS,ACTIVE
SYN-U-18143,70,F,FREELANCER,24474.89,Khulna,907,BRANCH,IOS,MASS,ACTIVE
SYN-U-18144,43,M,FREELANCER,64512.0,Rangpur,1729,BRANCH,ANDROID,STUDENT,ACTIVE
SYN-U-18145,55,M,FREELANCER,77402.86,Sylhet,31,BRANCH,ANDROID,MASS,ACTIVE
SYN-U-18146,53,F,SALARIED,48954.29,Khulna,2008,AGENT,ANDROID,MASS,ACTIVE
SYN-U-18147,52,F,FREELANCER,61030.54,Chittagong,242,APP,ANDROID,MASS,ACTIVE
SYN-U-18148,53,M,SALARIED,69692.31,Dhaka,967,AGENT,ANDROID,SME,ACTIVE
SYN-U-18149,42,M,BUSINESS,110517.29,Cumilla,672,AGENT,ANDROID,AFFLUENT,ACTIVE
SYN-U-18150,24,F,FREELANCER,58935.18,Dhaka,1113,AGENT,ANDROID,AFFLUENT,ACTIVE
SYN-U-18151,45,F,SALARIED,33689.81,Chittagong,869,APP,ANDROID,PAYROLL,ACTIVE
SYN-U-18152,69,F,BUSINESS,54669.18,Sylhet,1268,AGENT,ANDROID,MASS,ACTIVE
SYN-U-18153,20,M,SALARIED,54120.14,Chittagong,944,APP,ANDROID,STUDENT,ACTIVE
SYN-U-18154,47,M,BUSINESS,39237.18,Gazipur,233,AGENT,ANDROID,MASS,ACTIVE
SYN-U-18155,36,F,BUSINESS,45173.66,Dhaka,928,APP,ANDROID,MASS,ACTIVE
SYN-U-18156,56,M,SALARIED,135688.74,Dhaka,1775,APP,ANDROID,AFFLUENT,ACTIVE
SYN-U-18157,53,M,HOMEMAKER,15000.0,Chittagong,1762,USSD,ANDROID,STUDENT,ACTIVE
SYN-U-18158,71,F,SALARIED,48086.76,Sylhet,1477,AGENT,ANDROID,MASS,ACTIVE
SYN-U-18159,67,M,STUDENT,22389.09,Barishal,2348,AGENT,ANDROID,MASS,ACTIVE
SYN-U-18160,40,F,BUSINESS,48683.08,Chittagong,2286,AGENT,ANDROID,SME,ACTIVE
SYN-U-18161,61,M,SALARIED,40392.11,Cox's Bazar,611,AGENT,IOS,MASS,ACTIVE
SYN-U-18162,63,F,BUSINESS,68653.5,Dhaka,1823,APP,ANDROID,MASS,ACTIVE
SYN-U-18163,68,M,SALARIED,62853.92,Khulna,682,APP,ANDROID,MASS,ACTIVE
SYN-U-18164,41,F,SALARIED,51314.44,Mymensingh,1904,AGENT,ANDROID,PAYROLL,ACTIVE
SYN-U-18165,64,M,BUSINESS,80024.49,Chittagong,741,APP,ANDROID,MASS,ACTIVE
SYN-U-18166,58,M,SALARIED,71943.69,Mymensingh,2142,AGENT,ANDROID,AFFLUENT,ACTIVE
SYN-U-18167,40,M,STUDENT,23448.98,Dhaka,1876,APP,ANDROID,MASS,ACTIVE
SYN-U-18168,36,M,SALARIED,70427.45,Chittagong,785,AGENT,ANDROID,MASS,DORMANT
SYN-U-18169,58,F,BUSINESS,94693.06,Khulna,1482,USSD,IOS,MASS,ACTIVE
SYN-U-18170,43,F,HOMEMAKER,38089.4,Dhaka,142,AGENT,ANDROID,SME,ACTIVE
SYN-U-18171,59,M,FREELANCER,75423.92,Gazipur,1049,APP,ANDROID,AFFLUENT,ACTIVE
SYN-U-18172,29,M,SALARIED,51060.74,Dhaka,673,APP,ANDROID,MASS,ACTIVE
SYN-U-18173,55,M,BUSINESS,59159.31,Rajshahi,227,APP,ANDROID,MASS,ACTIVE
SYN-U-18174,18,F,STUDENT,20030.08,Chittagong,56,APP,ANDROID,MASS,ACTIVE
SYN-U-18175,33,M,HOMEMAKER,15000.0,Rangpur,2337,APP,ANDROID,MASS,ACTIVE
SYN-U-18176,45,F,STUDENT,35874.49,Rajshahi,2451,USSD,ANDROID,AFFLUENT,ACTIVE
SYN-U-18177,44,F,BUSINESS,67965.93,Dhaka,221,BRANCH,FEATURE_PHONE,MASS,ACTIVE
SYN-U-18178,43,F,BUSINESS,42090.37,Dhaka,1804,APP,ANDROID,MASS,ACTIVE
SYN-U-18179,62,M,BUSINESS,191342.24,Chittagong,248,APP,ANDROID,SME,ACTIVE
SYN-U-18180,31,M,BUSINESS,41759.04,Rangpur,1515,AGENT,ANDROID,PAYROLL,ACTIVE
SYN-U-18181,33,M,SALARIED,34306.06,Jessore,163,AGENT,ANDROID,MASS,RESTRICTED
SYN-U-18182,49,M,SALARIED,55696.57,Mymensingh,1520,BRANCH,IOS,MASS,ACTIVE
SYN-U-18183,40,F,FREELANCER,65634.87,Khulna,58,AGENT,ANDROID,MASS,RESTRICTED
SYN-U-18184,70,M,BUSINESS,57445.99,Barishal,306,BRANCH,ANDROID,MASS,ACTIVE
SYN-U-18185,52,M,FREELANCER,41681.88,Chittagong,619,APP,ANDROID,PAYROLL,ACTIVE
SYN-U-18186,57,M,BUSINESS,202224.8,Sylhet,189,AGENT,FEATURE_PHONE,AFFLUENT,ACTIVE
SYN-U-18187,45,O,SALARIED,76032.69,Dhaka,2404,AGENT,ANDROID,MASS,ACTIVE
SYN-U-18188,68,F,SALARIED,52373.95,Gazipur,1356,APP,ANDROID,MASS,ACTIVE
SYN-U-18189,71,M,SALARIED,122302.7,Dhaka,1909,APP,ANDROID,SME,ACTIVE
SYN-U-18190,41,M,BUSINESS,57009.61,Gazipur,1916,AGENT,ANDROID,MASS,ACTIVE
SYN-U-18191,59,M,FREELANCER,18632.24,Rangpur,538,AGENT,ANDROID,MASS,ACTIVE
SYN-U-18192,35,F,RETIRED,15000.0,Dhaka,1872,APP,ANDROID,MASS,ACTIVE
SYN-U-18193,27,M,HOMEMAKER,26820.42,Mymensingh,1023,AGENT,IOS,MASS,ACTIVE
SYN-U-18194,32,F,SALARIED,32173.56,Dhaka,660,APP,ANDROID,STUDENT,ACTIVE
SYN-U-18195,22,F,FREELANCER,57442.24,Chittagong,1959,AGENT,FEATURE_PHONE,MASS,ACTIVE
SYN-U-18196,47,M,SALARIED,45816.99,Chittagong,2178,AGENT,IOS,MASS,ACTIVE
SYN-U-18197,56,M,SALARIED,56632.54,Khulna,63,APP,ANDROID,STUDENT,ACTIVE
SYN-U-18198,21,F,BUSINESS,73135.08,Rajshahi,1366,AGENT,ANDROID,MASS,ACTIVE
SYN-U-18199,42,M,SALARIED,23088.23,Mymensingh,2350,BRANCH,ANDROID,MASS,ACTIVE
SYN-U-18200,52,M,STUDENT,19821.71,Dhaka,1275,APP,ANDROID,MASS,ACTIVE
SYN-U-18201,58,M,STUDENT,35543.3,Rajshahi,2258,APP,FEATURE_PHONE,SME,ACTIVE
SYN-U-18202,19,M,FREELANCER,37097.4,Dhaka,74,AGENT,ANDROID,MASS,ACTIVE
SYN-U-18203,50,F,SALARIED,34778.51,Dhaka,65,APP,ANDROID,STUDENT,ACTIVE
SYN-U-18204,60,F,SALARIED,24067.29,Dhaka,205,AGENT,ANDROID,STUDENT,ACTIVE
SYN-U-18205,22,M,SALARIED,62706.34,Dhaka,1362,AGENT,ANDROID,MASS,ACTIVE
SYN-U-18206,46,F,FREELANCER,169541.91,Chittagong,1326,APP,IOS,SME,ACTIVE
SYN-U-18207,60,M,FREELANCER,61364.67,Sylhet,1448,AGENT,ANDROID,PAYROLL,ACTIVE
SYN-U-18208,37,M,BUSINESS,86630.36,Dhaka,983,BRANCH,ANDROID,MASS,ACTIVE
SYN-U-18209,27,M,STUDENT,29701.77,Dhaka,2256,AGENT,IOS,MASS,ACTIVE
SYN-U-18210,31,M,SALARIED,51450.62,Dhaka,332,APP,ANDROID,MASS,ACTIVE
SYN-U-18211,33,M,SALARIED,55245.03,Barishal,472,APP,IOS,AFFLUENT,ACTIVE
SYN-U-18212,19,M,SALARIED,47100.67,Mymensingh,741,BRANCH,ANDROID,SME,ACTIVE
SYN-U-18213,33,M,SALARIED,39121.82,Jessore,1169,AGENT,ANDROID,MASS,ACTIVE
SYN-U-18214,40,M,HOMEMAKER,32513.64,Mymensingh,1099,APP,ANDROID,MASS,ACTIVE
SYN-U-18215,26,M,FREELANCER,15000.0,Rangpur,400,USSD,IOS,MASS,ACTIVE
SYN-U-18216,24,M,RETIRED,37364.14,Dhaka,851,APP,ANDROID,AFFLUENT,ACTIVE
SYN-U-18217,23,F,SALARIED,44890.35,Dhaka,1866,APP,ANDROID,PAYROLL,ACTIVE
SYN-U-18218,65,F,HOMEMAKER,15000.0,Mymensingh,837,APP,ANDROID,STUDENT,ACTIVE
SYN-U-18219,38,F,FREELANCER,86716.29,Dhaka,761,AGENT,ANDROID,STUDENT,ACTIVE
SYN-U-18220,36,M,SALARIED,55200.85,Chittagong,1898,BRANCH,ANDROID,MASS,ACTIVE
SYN-U-18221,62,F,SALARIED,29629.43,Chittagong,1165,AGENT,ANDROID,MASS,ACTIVE
SYN-U-18222,69,M,HOMEMAKER,34669.62,Sylhet,1080,AGENT,ANDROID,MASS,ACTIVE
SYN-U-18223,50,F,SALARIED,66332.56,Dhaka,108,APP,ANDROID,MASS,ACTIVE
SYN-U-18224,57,F,SALARIED,68340.52,Gazipur,1173,APP,ANDROID,MASS,ACTIVE
SYN-U-18225,61,F,SALARIED,64402.46,Rangpur,1504,APP,ANDROID,MASS,ACTIVE
SYN-U-18226,29,F,BUSINESS,15544.74,Chittagong,2399,APP,IOS,PAYROLL,ACTIVE
SYN-U-18227,33,F,STUDENT,53553.27,Mymensingh,1104,APP,ANDROID,AFFLUENT,ACTIVE
SYN-U-18228,59,M,SALARIED,66293.05,Dhaka,2086,APP,ANDROID,AFFLUENT,ACTIVE
SYN-U-18229,55,F,FREELANCER,31014.75,Rajshahi,482,AGENT,ANDROID,PAYROLL,ACTIVE
SYN-U-18230,24,M,BUSINESS,76076.39,Dhaka,2140,APP,ANDROID,MASS,DORMANT
SYN-U-18231,25,F,BUSINESS,111525.85,Dhaka,1802,APP,ANDROID,SME,ACTIVE
SYN-U-18232,69,F,HOMEMAKER,32226.61,Chittagong,2470,APP,ANDROID,MASS,ACTIVE
SYN-U-18233,55,M,STUDENT,16671.79,Rajshahi,1019,APP,IOS,MASS,ACTIVE
SYN-U-18234,69,F,BUSINESS,85168.55,Mymensingh,145,BRANCH,ANDROID,MASS,ACTIVE
SYN-U-18235,25,F,SALARIED,101039.16,Barishal,473,BRANCH,ANDROID,SME,ACTIVE
SYN-U-18236,28,F,SALARIED,94786.49,Dhaka,418,APP,ANDROID,AFFLUENT,RESTRICTED
SYN-U-18237,56,M,SALARIED,48689.94,Dhaka,1540,AGENT,ANDROID,MASS,ACTIVE
SYN-U-18238,27,M,STUDENT,57944.11,Dhaka,1538,BRANCH,IOS,AFFLUENT,ACTIVE
SYN-U-18239,65,F,BUSINESS,181663.92,Sylhet,1615,AGENT,ANDROID,AFFLUENT,ACTIVE
SYN-U-18240,60,F,BUSINESS,49772.6,Mymensingh,899,APP,ANDROID,MASS,ACTIVE
SYN-U-18241,35,M,BUSINESS,69310.83,Sylhet,2492,APP,ANDROID,AFFLUENT,ACTIVE
SYN-U-18242,31,M,BUSINESS,71547.1,Chittagong,1631,APP,IOS,MASS,ACTIVE
SYN-U-18243,60,F,STUDENT,41526.86,Dhaka,1403,BRANCH,ANDROID,SME,ACTIVE
SYN-U-18244,58,F,BUSINESS,101939.4,Barishal,2382,BRANCH,ANDROID,STUDENT,ACTIVE
SYN-U-18245,45,M,BUSINESS,138832.82,Chittagong,1975,AGENT,ANDROID,AFFLUENT,ACTIVE
SYN-U-18246,67,M,RETIRED,71094.27,Gazipur,1687,BRANCH,ANDROID,AFFLUENT,ACTIVE
SYN-U-18247,19,F,FREELANCER,59148.82,Chittagong,1673,APP,IOS,MASS,ACTIVE
SYN-U-18248,57,M,FREELANCER,62246.18,Khulna,1517,APP,IOS,PAYROLL,ACTIVE
SYN-U-18249,18,M,STUDENT,21906.42,Barishal,2237,APP,ANDROID,MASS,DORMANT
SYN-U-18250,44,M,SALARIED,19926.86,Dhaka,1883,USSD,ANDROID,MASS,ACTIVE
SYN-U-18251,70,F,BUSINESS,82509.46,Dhaka,704,APP,IOS,SME,ACTIVE
SYN-U-18252,69,M,BUSINESS,62317.24,Rajshahi,1778,APP,ANDROID,MASS,ACTIVE
SYN-U-18253,34,M,SALARIED,159526.57,Chittagong,1728,APP,IOS,AFFLUENT,RESTRICTED
SYN-U-18254,42,M,SALARIED,59434.61,Barishal,2361,AGENT,ANDROID,STUDENT,ACTIVE
SYN-U-18255,39,F,HOMEMAKER,22565.8,Chittagong,2330,AGENT,ANDROID,MASS,ACTIVE
SYN-U-18256,64,F,SALARIED,61101.87,Rangpur,1926,APP,ANDROID,MASS,ACTIVE
SYN-U-18257,24,M,SALARIED,27315.69,Dhaka,797,APP,IOS,STUDENT,ACTIVE
SYN-U-18258,33,F,BUSINESS,95634.26,Barishal,660,APP,ANDROID,SME,ACTIVE
SYN-U-18259,48,F,FREELANCER,41360.42,Chittagong,790,AGENT,IOS,MASS,ACTIVE
SYN-U-18260,55,M,SALARIED,126584.81,Chittagong,966,AGENT,ANDROID,AFFLUENT,ACTIVE
SYN-U-18261,24,M,SALARIED,39854.01,Dhaka,1601,APP,ANDROID,MASS,ACTIVE
SYN-U-18262,49,M,SALARIED,15752.23,Dhaka,516,APP,ANDROID,STUDENT,ACTIVE
SYN-U-18263,28,M,BUSINESS,119885.12,Rangpur,2067,APP,ANDROID,AFFLUENT,ACTIVE
SYN-U-18264,43,F,STUDENT,21930.56,Chittagong,1345,APP,ANDROID,MASS,ACTIVE
SYN-U-18265,29,M,BUSINESS,15000.0,Cumilla,1115,BRANCH,IOS,STUDENT,ACTIVE
SYN-U-18266,58,F,FREELANCER,155249.05,Gazipur,2199,USSD,ANDROID,AFFLUENT,ACTIVE
SYN-U-18267,48,F,FREELANCER,85175.28,Chittagong,2447,APP,ANDROID,AFFLUENT,ACTIVE
SYN-U-18268,60,F,SALARIED,42910.28,Mymensingh,1984,APP,ANDROID,STUDENT,ACTIVE
SYN-U-18269,44,M,BUSINESS,96784.6,Dhaka,614,AGENT,ANDROID,MASS,ACTIVE
SYN-U-18270,59,F,SALARIED,35046.93,Bogura,639,APP,IOS,STUDENT,ACTIVE
SYN-U-18271,19,M,BUSINESS,39523.11,Sylhet,2307,APP,ANDROID,STUDENT,ACTIVE
SYN-U-18272,33,M,STUDENT,15000.0,Dhaka,1076,APP,IOS,MASS,ACTIVE
SYN-U-18273,41,M,BUSINESS,65375.35,Mymensingh,2049,APP,IOS,MASS,ACTIVE
SYN-U-18274,31,M,FREELANCER,124130.77,Dhaka,1399,BRANCH,ANDROID,SME,DORMANT
SYN-U-18275,20,F,FREELANCER,42206.77,Chittagong,1905,APP,ANDROID,MASS,ACTIVE
SYN-U-18276,62,F,SALARIED,42268.22,Rangpur,642,BRANCH,IOS,STUDENT,ACTIVE
SYN-U-18277,32,F,BUSINESS,102745.8,Cumilla,590,AGENT,ANDROID,AFFLUENT,ACTIVE
SYN-U-18278,68,M,FREELANCER,50454.45,Dhaka,1723,APP,ANDROID,MASS,ACTIVE
SYN-U-18279,36,M,BUSINESS,53108.83,Chittagong,2130,APP,ANDROID,MASS,ACTIVE
SYN-U-18280,50,F,BUSINESS,63772.64,Dhaka,2107,AGENT,IOS,MASS,ACTIVE
SYN-U-18281,24,F,BUSINESS,36653.22,Dhaka,481,AGENT,ANDROID,PAYROLL,ACTIVE
SYN-U-18282,20,F,SALARIED,51877.78,Dhaka,405,APP,ANDROID,MASS,ACTIVE
SYN-U-18283,44,F,HOMEMAKER,24034.14,Rajshahi,1940,APP,ANDROID,MASS,ACTIVE
SYN-U-18284,30,M,SALARIED,38423.08,Dhaka,1136,APP,ANDROID,PAYROLL,ACTIVE
SYN-U-18285,29,F,FREELANCER,30954.25,Dhaka,1291,USSD,ANDROID,MASS,ACTIVE
SYN-U-18286,71,M,STUDENT,15418.16,Dhaka,2431,AGENT,ANDROID,STUDENT,ACTIVE
SYN-U-18287,46,M,FREELANCER,54879.37,Dhaka,930,APP,ANDROID,MASS,ACTIVE
SYN-U-18288,20,F,SALARIED,36249.42,Dhaka,131,APP,ANDROID,MASS,ACTIVE
SYN-U-18289,27,M,BUSINESS,30458.59,Dhaka,343,BRANCH,IOS,MASS,ACTIVE
SYN-U-18290,70,F,HOMEMAKER,17231.37,Dhaka,216,APP,ANDROID,MASS,ACTIVE
SYN-U-18291,56,F,BUSINESS,75287.88,Dhaka,141,APP,ANDROID,MASS,ACTIVE
SYN-U-18292,47,F,SALARIED,50063.53,Dhaka,2358,USSD,ANDROID,PAYROLL,ACTIVE
SYN-U-18293,49,F,STUDENT,15351.9,Dhaka,989,APP,FEATURE_PHONE,AFFLUENT,ACTIVE
SYN-U-18294,21,M,SALARIED,32766.11,Khulna,2421,AGENT,IOS,STUDENT,ACTIVE
SYN-U-18295,40,F,BUSINESS,272897.27,Sylhet,2157,APP,ANDROID,AFFLUENT,ACTIVE
SYN-U-18296,56,F,SALARIED,22998.6,Mymensingh,1270,BRANCH,ANDROID,MASS,ACTIVE
SYN-U-18297,47,F,BUSINESS,57340.52,Rajshahi,2190,AGENT,ANDROID,MASS,ACTIVE
SYN-U-18298,68,M,BUSINESS,83671.01,Dhaka,1311,APP,ANDROID,MASS,ACTIVE
SYN-U-18299,52,M,SALARIED,34879.19,Rangpur,713,APP,ANDROID,MASS,ACTIVE
SYN-U-18300,26,M,SALARIED,115330.72,Chittagong,405,APP,FEATURE_PHONE,AFFLUENT,RESTRICTED
SYN-U-18301,39,M,SALARIED,27836.26,Chittagong,1567,APP,ANDROID,MASS,ACTIVE
SYN-U-18302,63,F,BUSINESS,105870.77,Rangpur,1222,APP,ANDROID,MASS,ACTIVE
SYN-U-18303,70,M,SALARIED,27710.4,Dhaka,48,APP,IOS,MASS,ACTIVE
SYN-U-18304,25,F,BUSINESS,88198.62,Chittagong,2280,APP,ANDROID,MASS,DORMANT
SYN-U-18305,21,M,SALARIED,41068.05,Jessore,1445,APP,ANDROID,STUDENT,DORMANT
SYN-U-18306,37,M,RETIRED,37524.41,Dhaka,771,APP,FEATURE_PHONE,MASS,ACTIVE
SYN-U-18307,44,M,BUSINESS,62307.84,Sylhet,2018,APP,ANDROID,MASS,ACTIVE
SYN-U-18308,51,F,BUSINESS,89110.6,Jessore,1622,AGENT,FEATURE_PHONE,MASS,ACTIVE
SYN-U-18309,68,M,FREELANCER,21973.32,Dhaka,1753,APP,ANDROID,MASS,ACTIVE
SYN-U-18310,21,F,FREELANCER,112409.89,Khulna,2062,AGENT,ANDROID,AFFLUENT,ACTIVE
SYN-U-18311,20,M,SALARIED,35231.94,Dhaka,1763,APP,ANDROID,MASS,RESTRICTED
SYN-U-18312,39,M,BUSINESS,46129.84,Dhaka,1601,APP,ANDROID,MASS,ACTIVE
SYN-U-18313,67,F,STUDENT,43006.57,Barishal,1502,APP,IOS,SME,ACTIVE
SYN-U-18314,46,F,SALARIED,40296.32,Dhaka,1123,APP,ANDROID,PAYROLL,ACTIVE
SYN-U-18315,29,F,FREELANCER,68120.23,Rajshahi,1608,APP,ANDROID,MASS,ACTIVE
SYN-U-18316,62,F,SALARIED,70386.85,Chittagong,1736,APP,ANDROID,MASS,DORMANT
SYN-U-18317,33,M,BUSINESS,88495.22,Chittagong,1128,AGENT,ANDROID,PAYROLL,ACTIVE
SYN-U-18318,36,F,BUSINESS,30198.17,Chittagong,416,BRANCH,ANDROID,MASS,ACTIVE
SYN-U-18319,42,M,BUSINESS,111112.38,Dhaka,340,AGENT,ANDROID,SME,ACTIVE
SYN-U-18320,60,F,FREELANCER,45846.21,Sylhet,2345,APP,ANDROID,MASS,ACTIVE
SYN-U-18321,46,F,BUSINESS,98994.45,Gazipur,956,AGENT,ANDROID,MASS,ACTIVE
SYN-U-18322,46,M,SALARIED,127914.15,Gazipur,563,AGENT,ANDROID,AFFLUENT,ACTIVE
SYN-U-18323,52,M,SALARIED,98232.22,Dhaka,762,APP,ANDROID,AFFLUENT,ACTIVE
SYN-U-18324,70,F,SALARIED,27700.11,Dhaka,1546,APP,ANDROID,STUDENT,ACTIVE
SYN-U-18325,62,M,SALARIED,34079.93,Sylhet,1625,APP,ANDROID,MASS,ACTIVE
SYN-U-18326,54,F,STUDENT,15000.0,Dhaka,860,APP,ANDROID,STUDENT,ACTIVE
SYN-U-18327,56,M,BUSINESS,115788.16,Dhaka,946,AGENT,ANDROID,SME,ACTIVE
SYN-U-18328,48,M,FREELANCER,61573.17,Dhaka,1253,APP,ANDROID,MASS,ACTIVE
SYN-U-18329,41,F,SALARIED,102722.66,Barishal,265,APP,ANDROID,SME,ACTIVE
SYN-U-18330,67,F,SALARIED,70923.27,Dhaka,2301,AGENT,ANDROID,MASS,ACTIVE
SYN-U-18331,60,O,STUDENT,17686.24,Rajshahi,1798,APP,ANDROID,PAYROLL,ACTIVE
SYN-U-18332,29,M,HOMEMAKER,24973.93,Bogura,759,USSD,ANDROID,MASS,ACTIVE
SYN-U-18333,54,F,SALARIED,49403.15,Cumilla,2442,APP,ANDROID,MASS,ACTIVE
SYN-U-18334,46,M,SALARIED,41292.82,Dhaka,1512,APP,ANDROID,PAYROLL,ACTIVE
SYN-U-18335,48,M,SALARIED,72207.77,Sylhet,1537,APP,ANDROID,SME,ACTIVE
SYN-U-18336,63,M,FREELANCER,36019.25,Chittagong,1451,APP,ANDROID,STUDENT,ACTIVE
SYN-U-18337,33,M,SALARIED,66141.15,Sylhet,1533,APP,ANDROID,SME,ACTIVE
SYN-U-18338,26,M,SALARIED,49094.59,Gazipur,2074,APP,ANDROID,AFFLUENT,RESTRICTED
SYN-U-18339,30,M,SALARIED,21870.42,Rajshahi,2175,APP,ANDROID,MASS,ACTIVE
SYN-U-18340,22,M,STUDENT,18696.81,Chittagong,1549,APP,ANDROID,STUDENT,ACTIVE
SYN-U-18341,37,M,STUDENT,18899.95,Sylhet,1505,BRANCH,ANDROID,AFFLUENT,ACTIVE
SYN-U-18342,26,F,BUSINESS,74868.71,Dhaka,800,APP,ANDROID,MASS,ACTIVE
SYN-U-18343,52,M,SALARIED,34615.54,Dhaka,489,BRANCH,ANDROID,PAYROLL,ACTIVE
SYN-U-18344,65,M,SALARIED,40036.0,Dhaka,1273,AGENT,IOS,MASS,ACTIVE
SYN-U-18345,27,M,BUSINESS,15000.0,Chittagong,293,AGENT,IOS,MASS,ACTIVE
SYN-U-18346,34,F,BUSINESS,109083.39,Mymensingh,308,APP,ANDROID,AFFLUENT,ACTIVE
SYN-U-18347,34,M,STUDENT,31117.37,Chittagong,2410,APP,ANDROID,MASS,ACTIVE
SYN-U-18348,36,M,SALARIED,166787.7,Gazipur,742,AGENT,ANDROID,AFFLUENT,ACTIVE
SYN-U-18349,24,F,SALARIED,51172.7,Chittagong,1340,APP,ANDROID,MASS,ACTIVE
SYN-U-18350,68,F,BUSINESS,61510.16,Chittagong,2158,APP,IOS,MASS,ACTIVE
SYN-U-18351,58,F,FREELANCER,92238.94,Dhaka,2477,AGENT,ANDROID,MASS,ACTIVE
SYN-U-18352,21,F,BUSINESS,84372.74,Jessore,2479,APP,ANDROID,MASS,ACTIVE
SYN-U-18353,58,F,BUSINESS,61666.65,Gazipur,238,APP,ANDROID,STUDENT,ACTIVE
SYN-U-18354,69,F,STUDENT,15000.0,Chittagong,1903,APP,ANDROID,MASS,ACTIVE
SYN-U-18355,55,F,BUSINESS,48611.29,Chittagong,2201,APP,ANDROID,MASS,ACTIVE
SYN-U-18356,46,F,SALARIED,53993.79,Narayanganj,2130,APP,ANDROID,PAYROLL,ACTIVE
SYN-U-18357,59,F,SALARIED,105925.3,Dhaka,840,AGENT,ANDROID,SME,ACTIVE
SYN-U-18358,21,F,SALARIED,92744.79,Dhaka,625,APP,ANDROID,AFFLUENT,DORMANT
SYN-U-18359,18,F,SALARIED,56873.54,Sylhet,297,AGENT,ANDROID,MASS,ACTIVE
SYN-U-18360,27,F,SALARIED,29621.99,Dhaka,1356,USSD,ANDROID,MASS,ACTIVE
SYN-U-18361,50,F,BUSINESS,185243.1,Khulna,1867,AGENT,ANDROID,AFFLUENT,ACTIVE
SYN-U-18362,63,M,BUSINESS,70373.33,Dhaka,2327,AGENT,ANDROID,MASS,ACTIVE
SYN-U-18363,27,M,SALARIED,28157.87,Dhaka,2217,APP,ANDROID,AFFLUENT,ACTIVE
SYN-U-18364,64,F,SALARIED,71128.3,Dhaka,426,APP,ANDROID,MASS,ACTIVE
SYN-U-18365,40,M,FREELANCER,75261.46,Chittagong,483,AGENT,ANDROID,PAYROLL,ACTIVE
SYN-U-18366,66,F,SALARIED,50163.76,Dhaka,716,APP,ANDROID,MASS,ACTIVE
SYN-U-18367,26,F,BUSINESS,85175.61,Chittagong,931,AGENT,ANDROID,MASS,ACTIVE
SYN-U-18368,27,F,SALARIED,94547.5,Mymensingh,439,APP,ANDROID,AFFLUENT,DORMANT
SYN-U-18369,52,M,BUSINESS,80276.43,Khulna,1896,APP,ANDROID,MASS,ACTIVE
SYN-U-18370,64,F,STUDENT,17654.4,Cumilla,352,APP,ANDROID,PAYROLL,ACTIVE
SYN-U-18371,60,M,RETIRED,21747.92,Narayanganj,968,APP,ANDROID,MASS,ACTIVE
SYN-U-18372,48,M,HOMEMAKER,15695.03,Dhaka,1013,APP,ANDROID,MASS,ACTIVE
SYN-U-18373,29,F,BUSINESS,84780.68,Sylhet,1121,APP,ANDROID,MASS,ACTIVE
SYN-U-18374,46,M,BUSINESS,19555.03,Khulna,718,APP,ANDROID,AFFLUENT,ACTIVE
SYN-U-18375,33,M,STUDENT,17045.84,Khulna,226,APP,ANDROID,MASS,ACTIVE
SYN-U-18376,66,M,BUSINESS,268745.89,Rangpur,1490,APP,ANDROID,AFFLUENT,ACTIVE
SYN-U-18377,45,F,FREELANCER,34838.84,Dhaka,1210,APP,ANDROID,STUDENT,ACTIVE
SYN-U-18378,56,M,HOMEMAKER,19066.71,Gazipur,2435,APP,ANDROID,MASS,ACTIVE
SYN-U-18379,69,F,SALARIED,114932.28,Khulna,2475,APP,IOS,AFFLUENT,ACTIVE
SYN-U-18380,32,M,SALARIED,93054.56,Dhaka,1963,APP,ANDROID,AFFLUENT,RESTRICTED
SYN-U-18381,39,M,SALARIED,59989.16,Bogura,534,APP,ANDROID,PAYROLL,ACTIVE
SYN-U-18382,22,F,FREELANCER,64861.16,Sylhet,2184,APP,ANDROID,MASS,ACTIVE
SYN-U-18383,41,M,BUSINESS,22070.1,Dhaka,402,AGENT,ANDROID,MASS,ACTIVE
SYN-U-18384,57,M,SALARIED,29829.05,Chittagong,1730,APP,ANDROID,SME,ACTIVE
SYN-U-18385,35,M,SALARIED,37962.64,Barishal,882,AGENT,ANDROID,MASS,ACTIVE
SYN-U-18386,28,M,FREELANCER,51726.58,Gazipur,421,APP,ANDROID,MASS,ACTIVE
SYN-U-18387,28,F,BUSINESS,250337.49,Mymensingh,2228,AGENT,ANDROID,AFFLUENT,ACTIVE
SYN-U-18388,37,M,BUSINESS,48426.67,Sylhet,2163,BRANCH,ANDROID,MASS,ACTIVE
SYN-U-18389,42,M,STUDENT,28704.91,Dhaka,1362,BRANCH,ANDROID,MASS,ACTIVE
SYN-U-18390,37,M,SALARIED,48675.6,Dhaka,2139,AGENT,IOS,PAYROLL,ACTIVE
SYN-U-18391,29,M,BUSINESS,55453.76,Chittagong,2123,APP,ANDROID,MASS,ACTIVE
SYN-U-18392,18,M,SALARIED,44604.06,Bogura,525,APP,ANDROID,MASS,ACTIVE
SYN-U-18393,65,M,BUSINESS,84873.63,Chittagong,1410,APP,IOS,MASS,ACTIVE
SYN-U-18394,41,F,BUSINESS,159600.43,Bogura,1554,APP,ANDROID,SME,ACTIVE
SYN-U-18395,55,M,BUSINESS,195833.45,Sylhet,1474,APP,FEATURE_PHONE,AFFLUENT,ACTIVE
SYN-U-18396,34,F,BUSINESS,207625.17,Cumilla,625,APP,ANDROID,AFFLUENT,ACTIVE
SYN-U-18397,47,M,SALARIED,18463.86,Dhaka,1071,APP,ANDROID,MASS,ACTIVE
SYN-U-18398,50,F,SALARIED,51817.56,Chittagong,1205,APP,ANDROID,MASS,ACTIVE
SYN-U-18399,69,M,FREELANCER,64968.55,Chittagong,904,AGENT,ANDROID,MASS,ACTIVE
SYN-U-18400,50,F,RETIRED,88667.43,Barishal,1293,AGENT,FEATURE_PHONE,AFFLUENT,ACTIVE
SYN-U-18401,46,F,SALARIED,22858.3,Rangpur,1694,APP,ANDROID,STUDENT,ACTIVE
SYN-U-18402,26,F,BUSINESS,76036.99,Dhaka,1316,AGENT,ANDROID,MASS,ACTIVE
SYN-U-18403,47,F,HOMEMAKER,20546.1,Chittagong,2184,APP,ANDROID,MASS,ACTIVE
SYN-U-18404,62,M,STUDENT,27736.49,Chittagong,530,APP,ANDROID,MASS,ACTIVE
SYN-U-18405,22,F,BUSINESS,67515.14,Dhaka,1956,AGENT,ANDROID,MASS,ACTIVE
SYN-U-18406,46,M,BUSINESS,71867.98,Sylhet,1311,AGENT,IOS,MASS,ACTIVE
SYN-U-18407,47,M,HOMEMAKER,29877.48,Sylhet,1096,APP,ANDROID,MASS,ACTIVE
SYN-U-18408,26,M,SALARIED,68435.78,Khulna,192,APP,ANDROID,SME,DORMANT
SYN-U-18409,28,F,BUSINESS,44092.34,Khulna,1216,BRANCH,ANDROID,MASS,ACTIVE
SYN-U-18410,40,M,BUSINESS,76258.68,Sylhet,708,APP,ANDROID,PAYROLL,ACTIVE
SYN-U-18411,41,F,BUSINESS,100974.83,Chittagong,1464,APP,ANDROID,MASS,ACTIVE
SYN-U-18412,36,M,BUSINESS,29228.45,Chittagong,1421,USSD,ANDROID,STUDENT,ACTIVE
SYN-U-18413,18,F,SALARIED,23326.04,Chittagong,1170,APP,ANDROID,MASS,ACTIVE
SYN-U-18414,22,M,BUSINESS,136534.75,Chittagong,1413,AGENT,ANDROID,AFFLUENT,ACTIVE
SYN-U-18415,66,F,SALARIED,44195.1,Dhaka,967,APP,IOS,MASS,ACTIVE
SYN-U-18416,42,F,SALARIED,35700.83,Chittagong,1751,APP,ANDROID,MASS,ACTIVE
SYN-U-18417,35,F,BUSINESS,61929.99,Chittagong,1961,APP,ANDROID,STUDENT,ACTIVE
SYN-U-18418,50,F,BUSINESS,54861.74,Barishal,612,AGENT,IOS,MASS,ACTIVE
SYN-U-18419,28,M,BUSINESS,84398.26,Cumilla,895,AGENT,ANDROID,MASS,ACTIVE
SYN-U-18420,51,F,FREELANCER,71988.17,Sylhet,534,APP,ANDROID,MASS,ACTIVE
SYN-U-18421,35,F,SALARIED,46040.14,Mymensingh,1411,AGENT,IOS,MASS,ACTIVE
SYN-U-18422,69,M,FREELANCER,86996.3,Cumilla,1170,APP,ANDROID,MASS,ACTIVE
SYN-U-18423,38,F,FREELANCER,97666.51,Chittagong,2228,BRANCH,IOS,MASS,DORMANT
SYN-U-18424,30,M,FREELANCER,69149.94,Dhaka,777,AGENT,ANDROID,PAYROLL,ACTIVE
SYN-U-18425,35,F,SALARIED,32985.28,Barishal,514,BRANCH,ANDROID,MASS,ACTIVE
SYN-U-18426,42,F,BUSINESS,87588.68,Rajshahi,655,APP,ANDROID,MASS,ACTIVE
SYN-U-18427,29,F,SALARIED,69347.26,Dhaka,317,AGENT,ANDROID,SME,ACTIVE
SYN-U-18428,39,M,SALARIED,23752.87,Chittagong,42,APP,ANDROID,MASS,ACTIVE
SYN-U-18429,60,F,SALARIED,51427.46,Chittagong,738,BRANCH,ANDROID,MASS,ACTIVE
SYN-U-18430,59,M,BUSINESS,113200.55,Chittagong,825,APP,ANDROID,AFFLUENT,ACTIVE
SYN-U-18431,49,F,STUDENT,18025.86,Dhaka,965,APP,ANDROID,MASS,ACTIVE
SYN-U-18432,67,M,BUSINESS,70462.29,Khulna,2424,APP,IOS,MASS,DORMANT
SYN-U-18433,53,F,BUSINESS,44692.08,Jessore,2139,APP,ANDROID,MASS,ACTIVE
SYN-U-18434,55,M,SALARIED,21213.12,Dhaka,265,APP,ANDROID,MASS,RESTRICTED
SYN-U-18435,63,F,HOMEMAKER,24448.18,Cumilla,426,APP,ANDROID,MASS,ACTIVE
SYN-U-18436,26,M,FREELANCER,33438.06,Rajshahi,1408,BRANCH,ANDROID,PAYROLL,ACTIVE
SYN-U-18437,58,F,BUSINESS,62974.87,Rajshahi,876,USSD,ANDROID,PAYROLL,ACTIVE
SYN-U-18438,59,M,SALARIED,30199.3,Rajshahi,724,APP,ANDROID,MASS,DORMANT
SYN-U-18439,46,F,SALARIED,62500.13,Chittagong,1852,AGENT,ANDROID,STUDENT,ACTIVE
SYN-U-18440,22,M,SALARIED,77441.09,Narayanganj,1922,AGENT,ANDROID,PAYROLL,ACTIVE
SYN-U-18441,37,F,SALARIED,42683.0,Rajshahi,2079,AGENT,IOS,MASS,ACTIVE
SYN-U-18442,20,M,FREELANCER,94048.21,Dhaka,1366,APP,ANDROID,AFFLUENT,ACTIVE
SYN-U-18443,56,M,BUSINESS,15000.0,Cox's Bazar,303,APP,ANDROID,MASS,ACTIVE
SYN-U-18444,36,M,FREELANCER,32820.29,Chittagong,1726,AGENT,ANDROID,MASS,ACTIVE
SYN-U-18445,48,M,SALARIED,41084.77,Chittagong,594,AGENT,ANDROID,MASS,ACTIVE
SYN-U-18446,18,M,RETIRED,39279.18,Sylhet,2203,APP,ANDROID,MASS,ACTIVE
SYN-U-18447,54,F,SALARIED,120812.7,Khulna,55,AGENT,FEATURE_PHONE,AFFLUENT,ACTIVE
SYN-U-18448,62,F,SALARIED,45144.53,Dhaka,2454,APP,ANDROID,MASS,ACTIVE
SYN-U-18449,58,M,SALARIED,33665.76,Dhaka,2036,APP,ANDROID,MASS,ACTIVE
SYN-U-18450,40,F,SALARIED,38682.46,Cumilla,1388,APP,ANDROID,STUDENT,ACTIVE
SYN-U-18451,37,F,SALARIED,39155.45,Chittagong,2096,APP,ANDROID,STUDENT,ACTIVE
SYN-U-18452,38,F,FREELANCER,30470.95,Cumilla,2321,APP,ANDROID,AFFLUENT,ACTIVE
SYN-U-18453,26,M,SALARIED,68639.77,Dhaka,1223,AGENT,ANDROID,MASS,ACTIVE
SYN-U-18454,40,M,SALARIED,179782.55,Barishal,113,AGENT,ANDROID,AFFLUENT,ACTIVE
SYN-U-18455,55,F,BUSINESS,78757.15,Barishal,800,USSD,ANDROID,MASS,ACTIVE
SYN-U-18456,55,M,SALARIED,31951.75,Khulna,60,AGENT,IOS,MASS,ACTIVE
SYN-U-18457,18,F,BUSINESS,39136.52,Sylhet,296,APP,ANDROID,STUDENT,ACTIVE
SYN-U-18458,42,M,SALARIED,46484.6,Dhaka,826,APP,ANDROID,MASS,ACTIVE
SYN-U-18459,68,F,BUSINESS,65688.05,Dhaka,1995,APP,ANDROID,MASS,ACTIVE
SYN-U-18460,60,F,SALARIED,38809.49,Chittagong,402,AGENT,ANDROID,MASS,ACTIVE
SYN-U-18461,24,F,HOMEMAKER,61510.4,Gazipur,1922,APP,ANDROID,AFFLUENT,ACTIVE
SYN-U-18462,36,M,SALARIED,51102.84,Dhaka,907,APP,ANDROID,PAYROLL,ACTIVE
SYN-U-18463,51,F,BUSINESS,138572.24,Dhaka,2116,APP,ANDROID,AFFLUENT,ACTIVE
SYN-U-18464,47,M,SALARIED,68081.05,Gazipur,623,AGENT,ANDROID,SME,ACTIVE
SYN-U-18465,45,F,FREELANCER,126583.93,Dhaka,1902,APP,ANDROID,AFFLUENT,ACTIVE
SYN-U-18466,51,M,SALARIED,32664.82,Khulna,73,BRANCH,ANDROID,STUDENT,ACTIVE
SYN-U-18467,66,M,SALARIED,40704.78,Rajshahi,2019,BRANCH,ANDROID,MASS,ACTIVE
SYN-U-18468,40,M,SALARIED,73341.84,Khulna,136,APP,IOS,SME,ACTIVE
SYN-U-18469,21,M,BUSINESS,33257.53,Jessore,1646,AGENT,ANDROID,PAYROLL,ACTIVE
SYN-U-18470,70,M,STUDENT,18751.46,Dhaka,1641,APP,ANDROID,STUDENT,ACTIVE
SYN-U-18471,30,F,FREELANCER,56217.06,Dhaka,1339,BRANCH,IOS,MASS,ACTIVE
SYN-U-18472,62,F,HOMEMAKER,37078.95,Cox's Bazar,1619,APP,ANDROID,MASS,ACTIVE
SYN-U-18473,58,F,SALARIED,49068.91,Chittagong,697,APP,ANDROID,MASS,ACTIVE
SYN-U-18474,24,M,SALARIED,88411.09,Mymensingh,146,AGENT,ANDROID,AFFLUENT,ACTIVE
SYN-U-18475,28,M,STUDENT,15000.0,Chittagong,1093,APP,ANDROID,STUDENT,ACTIVE
SYN-U-18476,33,M,SALARIED,98932.99,Rangpur,263,APP,IOS,AFFLUENT,ACTIVE
SYN-U-18477,52,O,HOMEMAKER,23658.49,Chittagong,1837,AGENT,ANDROID,MASS,ACTIVE
SYN-U-18478,31,M,FREELANCER,21741.34,Dhaka,379,APP,IOS,STUDENT,ACTIVE
SYN-U-18479,28,M,FREELANCER,175398.19,Chittagong,539,APP,IOS,AFFLUENT,ACTIVE
SYN-U-18480,24,F,SALARIED,54451.29,Rangpur,1959,AGENT,ANDROID,MASS,ACTIVE
SYN-U-18481,65,M,RETIRED,33898.87,Chittagong,922,APP,ANDROID,MASS,ACTIVE
SYN-U-18482,63,F,STUDENT,38263.6,Khulna,2313,AGENT,ANDROID,AFFLUENT,ACTIVE
SYN-U-18483,25,M,BUSINESS,15000.0,Chittagong,2192,AGENT,ANDROID,MASS,ACTIVE
SYN-U-18484,30,M,STUDENT,15240.39,Barishal,538,APP,ANDROID,STUDENT,DORMANT
SYN-U-18485,42,M,STUDENT,15000.0,Dhaka,1784,AGENT,IOS,STUDENT,ACTIVE
SYN-U-18486,53,F,SALARIED,18603.43,Khulna,96,APP,ANDROID,MASS,ACTIVE
SYN-U-18487,47,M,BUSINESS,18137.95,Chittagong,2294,AGENT,ANDROID,PAYROLL,ACTIVE
SYN-U-18488,55,M,FREELANCER,62561.5,Chittagong,1469,APP,ANDROID,MASS,ACTIVE
SYN-U-18489,43,F,RETIRED,16570.8,Chittagong,1993,APP,ANDROID,PAYROLL,ACTIVE
SYN-U-18490,64,M,SALARIED,124339.15,Dhaka,1699,APP,ANDROID,AFFLUENT,ACTIVE
SYN-U-18491,35,M,SALARIED,66211.9,Jessore,581,APP,ANDROID,PAYROLL,ACTIVE
SYN-U-18492,34,M,HOMEMAKER,26483.55,Dhaka,1331,USSD,ANDROID,MASS,ACTIVE
SYN-U-18493,31,M,BUSINESS,75851.55,Chittagong,2113,APP,FEATURE_PHONE,MASS,ACTIVE
SYN-U-18494,20,F,STUDENT,22685.57,Dhaka,599,APP,ANDROID,MASS,ACTIVE
SYN-U-18495,35,M,BUSINESS,99458.24,Dhaka,1033,APP,ANDROID,SME,ACTIVE
SYN-U-18496,65,M,SALARIED,71928.69,Sylhet,2278,APP,ANDROID,MASS,ACTIVE
SYN-U-18497,71,F,SALARIED,174529.72,Dhaka,1150,AGENT,IOS,AFFLUENT,ACTIVE
SYN-U-18498,60,M,FREELANCER,41462.54,Dhaka,164,APP,ANDROID,MASS,ACTIVE
SYN-U-18499,70,F,STUDENT,29535.19,Dhaka,1219,APP,ANDROID,MASS,ACTIVE
SYN-U-18500,21,M,BUSINESS,78957.68,Dhaka,1162,APP,ANDROID,MASS,ACTIVE
SYN-U-18501,66,F,BUSINESS,76511.16,Rangpur,1789,BRANCH,ANDROID,MASS,ACTIVE
SYN-U-18502,50,F,SALARIED,22567.01,Chittagong,2419,USSD,ANDROID,MASS,ACTIVE
SYN-U-18503,71,F,BUSINESS,53586.54,Dhaka,2073,APP,IOS,AFFLUENT,ACTIVE
SYN-U-18504,22,M,BUSINESS,130468.65,Sylhet,1864,APP,ANDROID,AFFLUENT,ACTIVE
SYN-U-18505,55,F,STUDENT,16603.82,Chittagong,1751,APP,ANDROID,MASS,ACTIVE
SYN-U-18506,43,M,HOMEMAKER,15000.0,Dhaka,1292,AGENT,IOS,MASS,ACTIVE
SYN-U-18507,41,F,STUDENT,20287.89,Narayanganj,1861,AGENT,ANDROID,SME,ACTIVE
SYN-U-18508,69,F,HOMEMAKER,27691.9,Cumilla,1178,APP,ANDROID,MASS,ACTIVE
SYN-U-18509,24,M,FREELANCER,68227.11,Sylhet,1603,AGENT,ANDROID,MASS,ACTIVE
SYN-U-18510,54,F,STUDENT,27075.69,Gazipur,503,APP,ANDROID,AFFLUENT,ACTIVE
SYN-U-18511,70,F,SALARIED,46198.83,Dhaka,548,AGENT,ANDROID,STUDENT,ACTIVE
SYN-U-18512,37,F,SALARIED,45462.23,Dhaka,2053,BRANCH,ANDROID,PAYROLL,ACTIVE
SYN-U-18513,66,F,SALARIED,63970.32,Chittagong,691,AGENT,ANDROID,MASS,ACTIVE
SYN-U-18514,45,M,STUDENT,36522.67,Dhaka,1676,APP,ANDROID,SME,ACTIVE
SYN-U-18515,29,F,STUDENT,22328.56,Rajshahi,529,BRANCH,IOS,STUDENT,ACTIVE
SYN-U-18516,70,M,BUSINESS,57820.1,Dhaka,1284,APP,ANDROID,MASS,DORMANT
SYN-U-18517,58,F,BUSINESS,75400.1,Dhaka,1060,AGENT,ANDROID,MASS,ACTIVE
SYN-U-18518,35,M,SALARIED,50358.52,Mymensingh,659,AGENT,ANDROID,MASS,ACTIVE
SYN-U-18519,21,M,HOMEMAKER,15000.0,Gazipur,1145,BRANCH,ANDROID,MASS,ACTIVE
SYN-U-18520,70,M,SALARIED,63116.1,Cumilla,2308,APP,ANDROID,STUDENT,ACTIVE
SYN-U-18521,69,M,FREELANCER,97274.55,Sylhet,1049,APP,ANDROID,SME,ACTIVE
SYN-U-18522,64,M,BUSINESS,141489.62,Sylhet,1530,APP,FEATURE_PHONE,SME,ACTIVE
SYN-U-18523,35,F,SALARIED,55056.69,Dhaka,1002,APP,ANDROID,MASS,ACTIVE
SYN-U-18524,66,F,RETIRED,28307.98,Rangpur,2272,AGENT,ANDROID,MASS,ACTIVE
SYN-U-18525,43,M,SALARIED,71394.17,Dhaka,820,BRANCH,ANDROID,MASS,ACTIVE
SYN-U-18526,66,M,SALARIED,46304.27,Dhaka,521,APP,ANDROID,MASS,DORMANT
SYN-U-18527,19,M,BUSINESS,18985.49,Rajshahi,215,BRANCH,FEATURE_PHONE,MASS,ACTIVE
SYN-U-18528,59,M,FREELANCER,28302.99,Dhaka,2142,APP,FEATURE_PHONE,PAYROLL,ACTIVE
SYN-U-18529,55,F,FREELANCER,108726.0,Sylhet,1205,APP,FEATURE_PHONE,AFFLUENT,ACTIVE
SYN-U-18530,60,M,SALARIED,37891.62,Rajshahi,175,APP,ANDROID,MASS,ACTIVE
SYN-U-18531,21,M,BUSINESS,147847.72,Dhaka,2330,APP,ANDROID,SME,ACTIVE
SYN-U-18532,40,F,SALARIED,41002.67,Chittagong,2207,APP,ANDROID,MASS,DORMANT
SYN-U-18533,35,F,STUDENT,17673.51,Dhaka,1619,AGENT,ANDROID,MASS,ACTIVE
SYN-U-18534,64,F,BUSINESS,64385.46,Gazipur,48,AGENT,ANDROID,STUDENT,ACTIVE
SYN-U-18535,24,F,SALARIED,89354.75,Rajshahi,2196,APP,ANDROID,SME,ACTIVE
SYN-U-18536,64,F,SALARIED,38078.61,Chittagong,485,APP,FEATURE_PHONE,MASS,ACTIVE
SYN-U-18537,68,F,BUSINESS,15000.0,Dhaka,1665,BRANCH,ANDROID,STUDENT,ACTIVE
SYN-U-18538,25,M,BUSINESS,55936.48,Rangpur,2093,AGENT,ANDROID,MASS,ACTIVE
SYN-U-18539,62,M,SALARIED,54023.46,Sylhet,1895,APP,IOS,MASS,ACTIVE
SYN-U-18540,67,F,SALARIED,61697.85,Barishal,1420,APP,ANDROID,MASS,ACTIVE
SYN-U-18541,63,F,STUDENT,33543.35,Dhaka,236,BRANCH,ANDROID,AFFLUENT,ACTIVE
SYN-U-18542,29,M,FREELANCER,61048.99,Chittagong,2006,AGENT,ANDROID,MASS,ACTIVE
SYN-U-18543,37,M,BUSINESS,79015.6,Chittagong,1749,BRANCH,ANDROID,MASS,ACTIVE
SYN-U-18544,68,M,SALARIED,28679.22,Chittagong,294,APP,IOS,STUDENT,ACTIVE
SYN-U-18545,41,M,BUSINESS,58297.83,Barishal,1017,APP,ANDROID,MASS,ACTIVE
SYN-U-18546,45,F,SALARIED,41594.12,Rangpur,988,APP,ANDROID,MASS,ACTIVE
SYN-U-18547,66,F,SALARIED,35408.89,Chittagong,2305,BRANCH,ANDROID,MASS,ACTIVE
SYN-U-18548,56,M,SALARIED,106837.6,Dhaka,637,APP,ANDROID,SME,ACTIVE
SYN-U-18549,67,M,SALARIED,53025.09,Barishal,468,BRANCH,ANDROID,MASS,DORMANT
SYN-U-18550,29,M,FREELANCER,73700.67,Mymensingh,1861,USSD,ANDROID,MASS,ACTIVE
SYN-U-18551,65,F,SALARIED,129272.95,Dhaka,676,APP,ANDROID,AFFLUENT,ACTIVE
SYN-U-18552,61,F,SALARIED,74576.89,Dhaka,493,AGENT,ANDROID,SME,ACTIVE
SYN-U-18553,58,M,FREELANCER,54805.87,Dhaka,2299,APP,ANDROID,AFFLUENT,ACTIVE
SYN-U-18554,56,F,RETIRED,47508.2,Dhaka,2499,APP,ANDROID,MASS,ACTIVE
SYN-U-18555,24,F,SALARIED,63236.64,Chittagong,1888,APP,ANDROID,MASS,ACTIVE
SYN-U-18556,36,M,BUSINESS,62710.45,Khulna,519,APP,ANDROID,MASS,ACTIVE
SYN-U-18557,43,F,SALARIED,59346.3,Cox's Bazar,1277,USSD,ANDROID,SME,ACTIVE
SYN-U-18558,71,F,BUSINESS,77903.82,Khulna,2102,AGENT,ANDROID,MASS,ACTIVE
SYN-U-18559,55,M,HOMEMAKER,29577.06,Dhaka,1405,AGENT,ANDROID,MASS,ACTIVE
SYN-U-18560,64,F,FREELANCER,51940.22,Dhaka,1781,USSD,ANDROID,MASS,ACTIVE
SYN-U-18561,54,M,HOMEMAKER,22871.91,Chittagong,1764,APP,ANDROID,MASS,ACTIVE
SYN-U-18562,45,F,HOMEMAKER,30123.37,Chittagong,1883,AGENT,ANDROID,STUDENT,ACTIVE
SYN-U-18563,65,F,STUDENT,17801.78,Cumilla,251,APP,ANDROID,STUDENT,ACTIVE
SYN-U-18564,48,F,SALARIED,26612.28,Dhaka,359,APP,ANDROID,MASS,ACTIVE
SYN-U-18565,20,F,SALARIED,64944.72,Dhaka,2451,APP,FEATURE_PHONE,MASS,ACTIVE
SYN-U-18566,38,F,SALARIED,73196.61,Narayanganj,1668,APP,ANDROID,AFFLUENT,ACTIVE
SYN-U-18567,71,M,FREELANCER,94577.97,Dhaka,2393,APP,ANDROID,MASS,ACTIVE
SYN-U-18568,71,F,BUSINESS,41250.57,Chittagong,597,APP,IOS,MASS,ACTIVE
SYN-U-18569,68,F,SALARIED,78780.42,Dhaka,1119,AGENT,ANDROID,MASS,ACTIVE
SYN-U-18570,45,M,BUSINESS,55326.2,Barishal,791,AGENT,ANDROID,MASS,ACTIVE
SYN-U-18571,50,M,HOMEMAKER,49162.95,Narayanganj,535,AGENT,ANDROID,AFFLUENT,ACTIVE
SYN-U-18572,19,O,STUDENT,15000.0,Rajshahi,2314,APP,ANDROID,STUDENT,ACTIVE
SYN-U-18573,37,F,SALARIED,49106.77,Rangpur,2199,APP,IOS,MASS,ACTIVE
SYN-U-18574,41,F,BUSINESS,17383.56,Chittagong,1151,APP,ANDROID,PAYROLL,ACTIVE
SYN-U-18575,27,F,STUDENT,25023.72,Dhaka,1206,APP,ANDROID,AFFLUENT,ACTIVE
SYN-U-18576,35,M,SALARIED,43638.07,Chittagong,2368,AGENT,IOS,MASS,ACTIVE
SYN-U-18577,64,F,SALARIED,53678.71,Dhaka,2048,BRANCH,ANDROID,MASS,DORMANT
SYN-U-18578,33,M,SALARIED,42298.34,Chittagong,2128,APP,ANDROID,MASS,ACTIVE
SYN-U-18579,58,M,SALARIED,145336.72,Dhaka,1859,APP,ANDROID,AFFLUENT,ACTIVE
SYN-U-18580,48,F,FREELANCER,39360.11,Barishal,634,APP,ANDROID,MASS,ACTIVE
SYN-U-18581,49,M,SALARIED,55046.34,Dhaka,2120,APP,IOS,MASS,ACTIVE
SYN-U-18582,51,M,STUDENT,26130.75,Chittagong,298,AGENT,ANDROID,MASS,ACTIVE
SYN-U-18583,36,M,BUSINESS,89570.55,Chittagong,1861,APP,ANDROID,PAYROLL,ACTIVE
SYN-U-18584,61,M,SALARIED,36619.96,Rajshahi,1459,APP,ANDROID,STUDENT,ACTIVE
SYN-U-18585,33,F,FREELANCER,61188.49,Chittagong,1935,APP,ANDROID,STUDENT,ACTIVE
SYN-U-18586,42,F,SALARIED,23429.41,Sylhet,2281,APP,IOS,MASS,ACTIVE
SYN-U-18587,57,M,SALARIED,58354.71,Gazipur,187,BRANCH,ANDROID,MASS,ACTIVE
SYN-U-18588,30,F,FREELANCER,65290.34,Sylhet,1496,APP,ANDROID,MASS,ACTIVE
SYN-U-18589,23,F,BUSINESS,195788.95,Chittagong,2177,AGENT,ANDROID,AFFLUENT,ACTIVE
SYN-U-18590,19,F,SALARIED,59785.96,Cumilla,733,AGENT,ANDROID,MASS,ACTIVE
SYN-U-18591,64,M,FREELANCER,45664.17,Chittagong,900,APP,ANDROID,STUDENT,ACTIVE
SYN-U-18592,50,M,STUDENT,16991.17,Dhaka,950,APP,ANDROID,AFFLUENT,ACTIVE
SYN-U-18593,59,M,SALARIED,145879.89,Chittagong,1827,APP,ANDROID,AFFLUENT,ACTIVE
SYN-U-18594,47,M,SALARIED,52067.65,Dhaka,430,APP,ANDROID,SME,ACTIVE
SYN-U-18595,22,F,BUSINESS,164455.1,Dhaka,2261,AGENT,ANDROID,SME,ACTIVE
SYN-U-18596,61,M,FREELANCER,35171.45,Dhaka,464,AGENT,ANDROID,PAYROLL,DORMANT
SYN-U-18597,22,F,SALARIED,60843.71,Cumilla,2005,APP,ANDROID,STUDENT,ACTIVE
SYN-U-18598,38,F,SALARIED,88461.91,Dhaka,2197,BRANCH,IOS,AFFLUENT,ACTIVE
SYN-U-18599,62,F,SALARIED,32437.83,Barishal,895,APP,ANDROID,MASS,ACTIVE
SYN-U-18600,71,F,BUSINESS,51766.57,Narayanganj,321,APP,ANDROID,STUDENT,ACTIVE
SYN-U-18601,34,F,FREELANCER,30945.68,Dhaka,2475,APP,ANDROID,MASS,ACTIVE
SYN-U-18602,47,M,SALARIED,30927.71,Sylhet,693,APP,ANDROID,MASS,ACTIVE
SYN-U-18603,27,F,SALARIED,46898.22,Chittagong,1326,AGENT,ANDROID,PAYROLL,ACTIVE
SYN-U-18604,40,M,BUSINESS,89537.52,Gazipur,139,APP,ANDROID,MASS,ACTIVE
SYN-U-18605,69,M,FREELANCER,68049.37,Rajshahi,2002,AGENT,ANDROID,STUDENT,ACTIVE
SYN-U-18606,44,M,FREELANCER,38910.1,Chittagong,346,APP,IOS,STUDENT,ACTIVE
SYN-U-18607,68,M,FREELANCER,45748.17,Sylhet,1085,BRANCH,IOS,MASS,ACTIVE
SYN-U-18608,22,M,BUSINESS,87430.47,Chittagong,1041,APP,ANDROID,MASS,DORMANT
SYN-U-18609,28,F,FREELANCER,59010.5,Sylhet,2345,APP,ANDROID,MASS,ACTIVE
SYN-U-18610,21,M,SALARIED,77834.67,Dhaka,522,APP,ANDROID,SME,ACTIVE
SYN-U-18611,44,M,SALARIED,21699.94,Dhaka,2070,AGENT,ANDROID,STUDENT,ACTIVE
SYN-U-18612,47,M,HOMEMAKER,36006.95,Dhaka,1590,BRANCH,ANDROID,SME,ACTIVE
SYN-U-18613,22,M,SALARIED,49354.89,Chittagong,815,APP,ANDROID,MASS,ACTIVE
SYN-U-18614,50,M,SALARIED,136364.73,Dhaka,1042,APP,ANDROID,AFFLUENT,ACTIVE
SYN-U-18615,40,F,SALARIED,77172.69,Jessore,1355,APP,ANDROID,AFFLUENT,ACTIVE
SYN-U-18616,23,F,SALARIED,41783.06,Barishal,139,APP,ANDROID,STUDENT,ACTIVE
SYN-U-18617,23,M,SALARIED,59441.86,Dhaka,453,USSD,IOS,MASS,DORMANT
SYN-U-18618,68,M,SALARIED,37752.34,Mymensingh,372,APP,ANDROID,SME,ACTIVE
SYN-U-18619,50,M,SALARIED,53460.14,Sylhet,676,BRANCH,ANDROID,MASS,ACTIVE
SYN-U-18620,30,F,HOMEMAKER,15000.0,Dhaka,1247,APP,ANDROID,STUDENT,ACTIVE
SYN-U-18621,19,M,SALARIED,52937.22,Dhaka,322,AGENT,ANDROID,MASS,ACTIVE
SYN-U-18622,64,M,HOMEMAKER,31736.75,Sylhet,718,APP,ANDROID,MASS,ACTIVE
SYN-U-18623,29,M,SALARIED,49300.41,Barishal,480,APP,IOS,MASS,ACTIVE
SYN-U-18624,66,M,FREELANCER,56412.92,Dhaka,637,AGENT,ANDROID,MASS,ACTIVE
SYN-U-18625,66,F,STUDENT,15000.0,Dhaka,331,APP,ANDROID,MASS,ACTIVE
SYN-U-18626,33,F,SALARIED,47285.46,Chittagong,2342,USSD,ANDROID,STUDENT,ACTIVE
SYN-U-18627,29,F,HOMEMAKER,19432.27,Rangpur,1283,APP,ANDROID,MASS,ACTIVE
SYN-U-18628,63,F,BUSINESS,162839.64,Sylhet,1513,APP,ANDROID,MASS,ACTIVE
SYN-U-18629,29,M,RETIRED,32824.1,Dhaka,1421,APP,ANDROID,STUDENT,ACTIVE
SYN-U-18630,43,M,BUSINESS,26193.52,Bogura,901,APP,FEATURE_PHONE,AFFLUENT,DORMANT
SYN-U-18631,27,F,STUDENT,67204.94,Rangpur,1416,APP,ANDROID,AFFLUENT,ACTIVE
SYN-U-18632,47,F,SALARIED,74019.09,Sylhet,1314,APP,ANDROID,PAYROLL,ACTIVE
SYN-U-18633,36,M,FREELANCER,30018.65,Dhaka,821,APP,ANDROID,STUDENT,ACTIVE
SYN-U-18634,22,F,SALARIED,83829.47,Dhaka,99,APP,ANDROID,SME,ACTIVE
SYN-U-18635,62,F,SALARIED,34014.31,Dhaka,1312,APP,ANDROID,MASS,ACTIVE
SYN-U-18636,52,F,BUSINESS,22676.16,Dhaka,2466,AGENT,IOS,STUDENT,ACTIVE
SYN-U-18637,68,M,SALARIED,92160.29,Chittagong,712,AGENT,IOS,SME,ACTIVE
SYN-U-18638,22,F,SALARIED,45358.06,Dhaka,479,AGENT,ANDROID,MASS,ACTIVE
SYN-U-18639,59,F,SALARIED,71059.19,Mymensingh,2192,BRANCH,IOS,MASS,ACTIVE
SYN-U-18640,26,F,BUSINESS,45604.82,Dhaka,2043,AGENT,ANDROID,MASS,ACTIVE
SYN-U-18641,71,M,SALARIED,83891.04,Dhaka,1087,APP,ANDROID,AFFLUENT,ACTIVE
SYN-U-18642,60,F,BUSINESS,52215.9,Rajshahi,992,APP,IOS,SME,ACTIVE
SYN-U-18643,31,F,SALARIED,32498.1,Mymensingh,744,AGENT,ANDROID,MASS,ACTIVE
SYN-U-18644,55,M,BUSINESS,77420.28,Dhaka,1822,APP,IOS,MASS,ACTIVE
SYN-U-18645,63,F,BUSINESS,30433.09,Dhaka,594,APP,ANDROID,MASS,ACTIVE
SYN-U-18646,69,M,SALARIED,39446.82,Chittagong,2477,APP,IOS,MASS,ACTIVE
SYN-U-18647,69,M,HOMEMAKER,28924.12,Rajshahi,774,AGENT,ANDROID,MASS,ACTIVE
SYN-U-18648,22,F,SALARIED,50343.46,Chittagong,2031,APP,FEATURE_PHONE,PAYROLL,ACTIVE
SYN-U-18649,23,F,BUSINESS,49831.19,Gazipur,1402,APP,ANDROID,PAYROLL,ACTIVE
SYN-U-18650,44,M,SALARIED,49107.26,Sylhet,105,AGENT,ANDROID,MASS,ACTIVE
SYN-U-18651,51,F,SALARIED,53238.83,Dhaka,420,AGENT,ANDROID,MASS,ACTIVE
SYN-U-18652,70,M,SALARIED,34001.57,Rangpur,1817,AGENT,ANDROID,MASS,DORMANT
SYN-U-18653,41,M,BUSINESS,280346.2,Chittagong,184,APP,ANDROID,AFFLUENT,ACTIVE
SYN-U-18654,38,F,BUSINESS,15088.3,Chittagong,2177,AGENT,ANDROID,MASS,ACTIVE
SYN-U-18655,21,M,SALARIED,112123.75,Gazipur,1977,APP,ANDROID,AFFLUENT,DORMANT
SYN-U-18656,37,M,SALARIED,39497.1,Rangpur,1992,USSD,ANDROID,STUDENT,ACTIVE
SYN-U-18657,56,F,SALARIED,49453.69,Dhaka,2264,APP,ANDROID,PAYROLL,ACTIVE
SYN-U-18658,65,M,BUSINESS,72737.99,Barishal,1429,APP,ANDROID,SME,ACTIVE
SYN-U-18659,34,M,HOMEMAKER,29186.6,Chittagong,770,AGENT,ANDROID,PAYROLL,ACTIVE
SYN-U-18660,19,F,STUDENT,17435.05,Dhaka,2035,AGENT,ANDROID,MASS,ACTIVE
SYN-U-18661,56,F,STUDENT,15000.0,Bogura,1885,AGENT,ANDROID,MASS,ACTIVE
SYN-U-18662,46,F,SALARIED,43430.03,Dhaka,2465,APP,ANDROID,MASS,ACTIVE
SYN-U-18663,24,F,STUDENT,18162.26,Chittagong,1094,APP,ANDROID,MASS,ACTIVE
SYN-U-18664,43,F,FREELANCER,162567.95,Chittagong,765,APP,IOS,SME,ACTIVE
SYN-U-18665,39,M,BUSINESS,100667.14,Dhaka,2383,BRANCH,ANDROID,PAYROLL,ACTIVE
SYN-U-18666,39,F,BUSINESS,71950.31,Rajshahi,1035,USSD,ANDROID,MASS,ACTIVE
SYN-U-18667,62,M,SALARIED,70283.91,Barishal,503,BRANCH,ANDROID,MASS,ACTIVE
SYN-U-18668,68,M,BUSINESS,116892.9,Dhaka,1920,APP,IOS,SME,ACTIVE
SYN-U-18669,42,M,BUSINESS,15000.0,Gazipur,430,BRANCH,IOS,AFFLUENT,ACTIVE
SYN-U-18670,22,F,BUSINESS,194384.3,Narayanganj,1858,BRANCH,IOS,AFFLUENT,ACTIVE
SYN-U-18671,49,M,SALARIED,45978.12,Rajshahi,55,AGENT,ANDROID,MASS,ACTIVE
SYN-U-18672,51,F,BUSINESS,62487.81,Chittagong,53,AGENT,ANDROID,MASS,DORMANT
SYN-U-18673,64,M,BUSINESS,76882.94,Khulna,1896,AGENT,ANDROID,MASS,ACTIVE
SYN-U-18674,63,M,BUSINESS,60819.44,Mymensingh,639,APP,ANDROID,MASS,ACTIVE
SYN-U-18675,30,M,FREELANCER,63301.79,Mymensingh,1764,APP,ANDROID,MASS,ACTIVE
SYN-U-18676,40,M,SALARIED,38065.02,Dhaka,787,BRANCH,IOS,STUDENT,ACTIVE
SYN-U-18677,55,M,SALARIED,137642.7,Chittagong,1065,APP,ANDROID,AFFLUENT,ACTIVE
SYN-U-18678,43,F,BUSINESS,47689.74,Khulna,1231,BRANCH,ANDROID,MASS,ACTIVE
SYN-U-18679,48,F,SALARIED,57480.64,Khulna,458,APP,ANDROID,MASS,ACTIVE
SYN-U-18680,51,M,SALARIED,40654.61,Dhaka,639,APP,ANDROID,MASS,ACTIVE
SYN-U-18681,60,F,SALARIED,68498.07,Gazipur,1189,APP,ANDROID,MASS,ACTIVE
SYN-U-18682,20,F,SALARIED,95290.75,Dhaka,163,AGENT,ANDROID,SME,ACTIVE
SYN-U-18683,71,M,STUDENT,21549.01,Dhaka,773,APP,ANDROID,PAYROLL,ACTIVE
SYN-U-18684,40,M,SALARIED,40991.67,Cumilla,1639,APP,ANDROID,MASS,ACTIVE
SYN-U-18685,67,F,RETIRED,35213.56,Chittagong,1521,APP,IOS,MASS,ACTIVE
SYN-U-18686,32,M,RETIRED,93668.75,Dhaka,1502,AGENT,FEATURE_PHONE,AFFLUENT,ACTIVE
SYN-U-18687,18,M,FREELANCER,104433.66,Jessore,1387,AGENT,ANDROID,SME,ACTIVE
SYN-U-18688,46,F,RETIRED,51719.76,Barishal,567,BRANCH,ANDROID,MASS,ACTIVE
SYN-U-18689,49,F,SALARIED,44637.07,Dhaka,2397,APP,IOS,MASS,ACTIVE
SYN-U-18690,37,F,BUSINESS,24677.29,Chittagong,2294,APP,ANDROID,MASS,ACTIVE
SYN-U-18691,45,M,FREELANCER,35426.77,Chittagong,54,APP,ANDROID,MASS,ACTIVE
SYN-U-18692,43,F,STUDENT,18275.25,Chittagong,95,USSD,IOS,MASS,ACTIVE
SYN-U-18693,50,M,SALARIED,82826.57,Dhaka,157,BRANCH,ANDROID,SME,ACTIVE
SYN-U-18694,39,M,SALARIED,40527.74,Khulna,716,APP,ANDROID,AFFLUENT,ACTIVE
SYN-U-18695,48,F,FREELANCER,63470.77,Gazipur,1161,APP,ANDROID,MASS,ACTIVE
SYN-U-18696,46,M,FREELANCER,54840.43,Dhaka,2005,APP,ANDROID,STUDENT,ACTIVE
SYN-U-18697,40,M,SALARIED,79953.96,Dhaka,684,APP,ANDROID,SME,ACTIVE
SYN-U-18698,43,M,SALARIED,78243.19,Sylhet,1880,USSD,ANDROID,MASS,ACTIVE
SYN-U-18699,37,F,BUSINESS,55827.31,Chittagong,792,AGENT,ANDROID,STUDENT,ACTIVE
SYN-U-18700,66,F,STUDENT,29373.3,Chittagong,1675,APP,ANDROID,MASS,ACTIVE
SYN-U-18701,44,M,STUDENT,15000.0,Dhaka,723,AGENT,FEATURE_PHONE,MASS,ACTIVE
SYN-U-18702,59,F,BUSINESS,60055.84,Cumilla,1506,AGENT,ANDROID,STUDENT,ACTIVE
SYN-U-18703,53,M,STUDENT,15000.0,Chittagong,1438,AGENT,ANDROID,MASS,ACTIVE
SYN-U-18704,40,F,BUSINESS,67197.45,Dhaka,1261,AGENT,ANDROID,MASS,ACTIVE
SYN-U-18705,21,M,BUSINESS,161227.58,Barishal,775,APP,ANDROID,AFFLUENT,ACTIVE
SYN-U-18706,19,F,SALARIED,45415.48,Chittagong,142,BRANCH,ANDROID,MASS,ACTIVE
SYN-U-18707,63,F,BUSINESS,34024.0,Dhaka,685,APP,ANDROID,MASS,ACTIVE
SYN-U-18708,71,F,SALARIED,33957.35,Rangpur,250,AGENT,ANDROID,STUDENT,ACTIVE
SYN-U-18709,42,F,SALARIED,23295.58,Dhaka,1690,APP,ANDROID,STUDENT,ACTIVE
SYN-U-18710,48,F,SALARIED,70052.94,Dhaka,1641,APP,ANDROID,MASS,ACTIVE
SYN-U-18711,62,M,HOMEMAKER,15000.0,Dhaka,1930,APP,ANDROID,MASS,ACTIVE
SYN-U-18712,32,M,SALARIED,124796.24,Dhaka,2148,USSD,ANDROID,AFFLUENT,ACTIVE
SYN-U-18713,56,F,BUSINESS,64521.09,Dhaka,446,BRANCH,ANDROID,MASS,ACTIVE
SYN-U-18714,33,M,SALARIED,90033.96,Sylhet,1514,APP,IOS,SME,ACTIVE
SYN-U-18715,21,M,RETIRED,31199.19,Chittagong,266,APP,ANDROID,MASS,ACTIVE
SYN-U-18716,36,F,HOMEMAKER,15694.13,Gazipur,380,APP,ANDROID,MASS,ACTIVE
SYN-U-18717,70,F,BUSINESS,36160.5,Barishal,2280,APP,ANDROID,STUDENT,ACTIVE
SYN-U-18718,23,M,SALARIED,52702.61,Chittagong,1195,APP,ANDROID,MASS,ACTIVE
SYN-U-18719,70,F,SALARIED,61786.85,Chittagong,657,BRANCH,ANDROID,SME,ACTIVE
SYN-U-18720,53,F,HOMEMAKER,16895.44,Sylhet,1278,APP,ANDROID,MASS,ACTIVE
SYN-U-18721,62,F,BUSINESS,73293.71,Dhaka,1823,APP,ANDROID,MASS,ACTIVE
SYN-U-18722,55,M,BUSINESS,68925.84,Chittagong,2251,APP,ANDROID,STUDENT,ACTIVE
SYN-U-18723,22,M,BUSINESS,117363.01,Dhaka,1666,BRANCH,ANDROID,AFFLUENT,ACTIVE
SYN-U-18724,49,M,BUSINESS,92910.72,Dhaka,2000,APP,ANDROID,AFFLUENT,ACTIVE
SYN-U-18725,53,F,SALARIED,68451.23,Dhaka,1738,APP,ANDROID,MASS,ACTIVE
SYN-U-18726,39,M,SALARIED,58752.76,Khulna,1047,APP,ANDROID,AFFLUENT,ACTIVE
SYN-U-18727,31,F,SALARIED,43929.87,Dhaka,995,AGENT,ANDROID,MASS,ACTIVE
SYN-U-18728,41,F,BUSINESS,140944.81,Dhaka,2204,APP,ANDROID,SME,ACTIVE
SYN-U-18729,31,F,SALARIED,81267.05,Chittagong,985,BRANCH,ANDROID,AFFLUENT,ACTIVE
SYN-U-18730,62,F,FREELANCER,27474.27,Dhaka,52,APP,ANDROID,STUDENT,ACTIVE
SYN-U-18731,26,F,SALARIED,108657.08,Rajshahi,1220,APP,ANDROID,AFFLUENT,ACTIVE
SYN-U-18732,26,F,BUSINESS,42271.64,Barishal,2198,APP,ANDROID,MASS,ACTIVE
SYN-U-18733,50,M,SALARIED,65988.38,Chittagong,498,AGENT,ANDROID,SME,ACTIVE
SYN-U-18734,37,F,FREELANCER,35062.89,Dhaka,225,APP,IOS,MASS,ACTIVE
SYN-U-18735,49,F,BUSINESS,21586.6,Khulna,904,APP,ANDROID,AFFLUENT,ACTIVE
SYN-U-18736,30,F,SALARIED,46691.59,Rangpur,64,APP,ANDROID,PAYROLL,ACTIVE
SYN-U-18737,63,F,HOMEMAKER,46555.87,Dhaka,1600,AGENT,ANDROID,SME,ACTIVE
SYN-U-18738,58,M,SALARIED,79909.43,Chittagong,306,APP,ANDROID,SME,ACTIVE
SYN-U-18739,57,M,SALARIED,59568.37,Chittagong,1444,APP,ANDROID,MASS,ACTIVE
SYN-U-18740,70,M,STUDENT,18205.64,Mymensingh,769,AGENT,ANDROID,MASS,ACTIVE
SYN-U-18741,51,F,RETIRED,15000.0,Dhaka,1712,APP,ANDROID,MASS,ACTIVE
SYN-U-18742,34,M,SALARIED,66416.52,Dhaka,972,APP,ANDROID,MASS,ACTIVE
SYN-U-18743,47,F,BUSINESS,105925.28,Dhaka,990,APP,ANDROID,AFFLUENT,ACTIVE
SYN-U-18744,42,F,BUSINESS,22274.52,Sylhet,1217,APP,ANDROID,MASS,ACTIVE
SYN-U-18745,47,F,BUSINESS,65973.95,Dhaka,2030,APP,ANDROID,STUDENT,ACTIVE
SYN-U-18746,52,M,SALARIED,28809.82,Rangpur,816,APP,IOS,PAYROLL,ACTIVE
SYN-U-18747,41,M,SALARIED,53850.22,Dhaka,2244,AGENT,ANDROID,MASS,ACTIVE
SYN-U-18748,33,F,SALARIED,92879.83,Rangpur,894,AGENT,ANDROID,SME,ACTIVE
SYN-U-18749,37,M,SALARIED,99264.01,Dhaka,2000,APP,ANDROID,AFFLUENT,ACTIVE
SYN-U-18750,27,F,RETIRED,34435.42,Dhaka,1009,APP,FEATURE_PHONE,STUDENT,ACTIVE
SYN-U-18751,63,M,BUSINESS,103618.63,Dhaka,1565,APP,ANDROID,MASS,ACTIVE
SYN-U-18752,51,F,STUDENT,21864.89,Dhaka,2055,APP,ANDROID,MASS,ACTIVE
SYN-U-18753,59,F,BUSINESS,176417.33,Sylhet,1276,AGENT,ANDROID,AFFLUENT,ACTIVE
SYN-U-18754,31,F,SALARIED,117089.52,Cumilla,2114,AGENT,ANDROID,AFFLUENT,ACTIVE
SYN-U-18755,18,M,STUDENT,23845.17,Chittagong,1514,APP,IOS,AFFLUENT,DORMANT
SYN-U-18756,27,F,SALARIED,49259.02,Dhaka,2477,APP,ANDROID,MASS,ACTIVE
SYN-U-18757,64,M,SALARIED,39957.86,Rajshahi,1966,AGENT,ANDROID,STUDENT,ACTIVE
SYN-U-18758,68,M,RETIRED,21787.16,Chittagong,1334,APP,FEATURE_PHONE,MASS,ACTIVE
SYN-U-18759,66,F,STUDENT,39753.77,Khulna,2371,APP,ANDROID,SME,ACTIVE
SYN-U-18760,27,M,RETIRED,35341.24,Dhaka,1214,AGENT,ANDROID,MASS,ACTIVE
SYN-U-18761,41,F,SALARIED,74893.91,Chittagong,2215,AGENT,ANDROID,MASS,ACTIVE
SYN-U-18762,36,F,SALARIED,99947.05,Sylhet,1928,APP,ANDROID,SME,ACTIVE
SYN-U-18763,59,M,SALARIED,35210.8,Chittagong,2288,AGENT,IOS,MASS,ACTIVE
SYN-U-18764,57,M,SALARIED,79491.17,Jessore,1315,USSD,IOS,MASS,ACTIVE
SYN-U-18765,44,F,SALARIED,33061.98,Rajshahi,2088,APP,ANDROID,PAYROLL,ACTIVE
SYN-U-18766,41,M,FREELANCER,16196.87,Dhaka,1037,APP,IOS,SME,ACTIVE
SYN-U-18767,63,M,SALARIED,27965.28,Dhaka,1483,BRANCH,ANDROID,MASS,ACTIVE
SYN-U-18768,27,M,BUSINESS,92294.36,Sylhet,1756,APP,ANDROID,PAYROLL,ACTIVE
SYN-U-18769,54,M,BUSINESS,90481.51,Chittagong,315,APP,ANDROID,SME,ACTIVE
SYN-U-18770,71,M,SALARIED,66124.45,Chittagong,528,AGENT,ANDROID,MASS,ACTIVE
SYN-U-18771,58,M,SALARIED,47255.9,Dhaka,1022,APP,ANDROID,MASS,ACTIVE
SYN-U-18772,19,F,SALARIED,53358.51,Barishal,321,APP,ANDROID,STUDENT,ACTIVE
SYN-U-18773,36,M,SALARIED,47980.34,Gazipur,243,AGENT,ANDROID,AFFLUENT,ACTIVE
SYN-U-18774,61,M,FREELANCER,15000.0,Rajshahi,2254,AGENT,FEATURE_PHONE,MASS,ACTIVE
SYN-U-18775,61,M,SALARIED,89080.51,Dhaka,1071,APP,ANDROID,AFFLUENT,ACTIVE
SYN-U-18776,23,F,STUDENT,15000.0,Dhaka,2122,APP,ANDROID,MASS,ACTIVE
SYN-U-18777,61,F,SALARIED,19766.73,Dhaka,2372,APP,ANDROID,MASS,ACTIVE
SYN-U-18778,40,M,SALARIED,27238.99,Chittagong,1747,APP,ANDROID,STUDENT,ACTIVE
SYN-U-18779,34,M,BUSINESS,15000.0,Dhaka,212,APP,IOS,MASS,ACTIVE
SYN-U-18780,52,M,HOMEMAKER,49576.14,Rangpur,1538,AGENT,ANDROID,AFFLUENT,ACTIVE
SYN-U-18781,64,F,BUSINESS,237097.84,Sylhet,1050,AGENT,ANDROID,AFFLUENT,ACTIVE
SYN-U-18782,37,F,RETIRED,46641.02,Sylhet,1272,USSD,ANDROID,MASS,ACTIVE
SYN-U-18783,23,M,BUSINESS,89205.61,Chittagong,465,AGENT,ANDROID,MASS,ACTIVE
SYN-U-18784,65,F,BUSINESS,88667.5,Mymensingh,2233,APP,ANDROID,PAYROLL,ACTIVE
SYN-U-18785,18,M,FREELANCER,37257.83,Chittagong,1575,AGENT,ANDROID,MASS,ACTIVE
SYN-U-18786,68,F,BUSINESS,53964.0,Sylhet,229,AGENT,ANDROID,MASS,ACTIVE
SYN-U-18787,69,M,BUSINESS,27991.13,Dhaka,2032,APP,ANDROID,MASS,ACTIVE
SYN-U-18788,43,F,SALARIED,40975.24,Khulna,1576,APP,IOS,MASS,ACTIVE
SYN-U-18789,48,M,BUSINESS,105040.95,Gazipur,1253,APP,FEATURE_PHONE,MASS,ACTIVE
SYN-U-18790,36,F,FREELANCER,67453.3,Sylhet,1395,APP,ANDROID,MASS,ACTIVE
SYN-U-18791,66,F,BUSINESS,68729.82,Dhaka,375,APP,ANDROID,SME,ACTIVE
SYN-U-18792,58,F,SALARIED,51184.28,Dhaka,920,APP,ANDROID,STUDENT,ACTIVE
SYN-U-18793,49,O,BUSINESS,157705.14,Mymensingh,1215,APP,ANDROID,SME,ACTIVE
SYN-U-18794,68,F,SALARIED,49853.81,Chittagong,996,USSD,ANDROID,MASS,ACTIVE
SYN-U-18795,30,F,BUSINESS,15000.0,Gazipur,296,APP,ANDROID,MASS,ACTIVE
SYN-U-18796,40,F,SALARIED,55945.02,Dhaka,2478,AGENT,ANDROID,MASS,ACTIVE
SYN-U-18797,29,M,SALARIED,68984.58,Gazipur,1746,APP,ANDROID,MASS,ACTIVE
SYN-U-18798,67,M,SALARIED,40088.94,Dhaka,753,APP,ANDROID,MASS,ACTIVE
SYN-U-18799,19,F,BUSINESS,59642.62,Sylhet,2049,APP,ANDROID,MASS,ACTIVE
SYN-U-18800,54,F,SALARIED,59253.52,Chittagong,687,APP,ANDROID,MASS,ACTIVE
SYN-U-18801,52,F,SALARIED,52345.49,Dhaka,2056,APP,ANDROID,MASS,DORMANT
SYN-U-18802,65,M,FREELANCER,42676.17,Sylhet,129,AGENT,ANDROID,MASS,ACTIVE
SYN-U-18803,58,M,SALARIED,66939.24,Chittagong,948,APP,IOS,MASS,ACTIVE
SYN-U-18804,49,M,SALARIED,43686.33,Dhaka,2108,APP,ANDROID,STUDENT,ACTIVE
SYN-U-18805,35,F,SALARIED,98919.48,Mymensingh,1134,APP,ANDROID,SME,ACTIVE
SYN-U-18806,39,M,SALARIED,103324.79,Rajshahi,233,APP,FEATURE_PHONE,AFFLUENT,ACTIVE
SYN-U-18807,70,M,BUSINESS,36477.79,Narayanganj,1721,APP,ANDROID,SME,ACTIVE
SYN-U-18808,70,M,RETIRED,39890.72,Dhaka,888,AGENT,ANDROID,MASS,ACTIVE
SYN-U-18809,71,F,SALARIED,55118.33,Dhaka,130,USSD,ANDROID,MASS,ACTIVE
SYN-U-18810,29,M,BUSINESS,236370.18,Chittagong,440,AGENT,ANDROID,AFFLUENT,ACTIVE
SYN-U-18811,70,F,SALARIED,28612.88,Chittagong,837,APP,ANDROID,MASS,ACTIVE
SYN-U-18812,62,F,BUSINESS,64282.21,Chittagong,1678,APP,ANDROID,MASS,ACTIVE
SYN-U-18813,46,F,BUSINESS,97247.85,Chittagong,2286,APP,ANDROID,MASS,ACTIVE
SYN-U-18814,70,F,SALARIED,57413.82,Chittagong,1865,APP,ANDROID,MASS,ACTIVE
SYN-U-18815,56,M,SALARIED,111019.52,Sylhet,1383,APP,ANDROID,AFFLUENT,ACTIVE
SYN-U-18816,35,M,BUSINESS,86505.33,Chittagong,2296,AGENT,ANDROID,MASS,ACTIVE
SYN-U-18817,47,M,BUSINESS,44031.79,Barishal,572,AGENT,ANDROID,MASS,ACTIVE
SYN-U-18818,41,F,SALARIED,158670.66,Rangpur,1855,APP,ANDROID,AFFLUENT,ACTIVE
SYN-U-18819,34,M,SALARIED,65112.43,Dhaka,1339,APP,ANDROID,SME,ACTIVE
SYN-U-18820,24,F,BUSINESS,78951.11,Chittagong,133,BRANCH,ANDROID,MASS,ACTIVE
SYN-U-18821,64,F,BUSINESS,186248.32,Dhaka,2252,AGENT,ANDROID,AFFLUENT,ACTIVE
SYN-U-18822,24,M,SALARIED,33588.25,Dhaka,943,AGENT,ANDROID,MASS,RESTRICTED
SYN-U-18823,21,F,BUSINESS,66969.13,Dhaka,1078,APP,ANDROID,MASS,ACTIVE
SYN-U-18824,25,F,STUDENT,20836.97,Jessore,1014,APP,ANDROID,MASS,ACTIVE
SYN-U-18825,26,F,SALARIED,35872.99,Sylhet,1613,BRANCH,ANDROID,MASS,ACTIVE
SYN-U-18826,30,M,FREELANCER,64218.48,Khulna,636,AGENT,ANDROID,MASS,ACTIVE
SYN-U-18827,45,F,HOMEMAKER,25651.9,Chittagong,2137,APP,ANDROID,MASS,ACTIVE
SYN-U-18828,66,M,BUSINESS,39484.89,Chittagong,72,AGENT,ANDROID,MASS,ACTIVE
SYN-U-18829,69,F,SALARIED,53740.6,Dhaka,1463,AGENT,ANDROID,MASS,ACTIVE
SYN-U-18830,33,F,SALARIED,132430.36,Chittagong,365,APP,ANDROID,SME,ACTIVE
SYN-U-18831,22,M,SALARIED,59984.46,Chittagong,717,APP,ANDROID,MASS,ACTIVE
SYN-U-18832,38,M,RETIRED,24170.1,Sylhet,1215,AGENT,ANDROID,STUDENT,ACTIVE
SYN-U-18833,62,F,BUSINESS,76917.45,Gazipur,1614,APP,ANDROID,SME,ACTIVE
SYN-U-18834,38,F,BUSINESS,69040.56,Dhaka,1763,APP,ANDROID,MASS,ACTIVE
SYN-U-18835,57,M,FREELANCER,77752.48,Chittagong,2278,USSD,FEATURE_PHONE,MASS,ACTIVE
SYN-U-18836,51,M,STUDENT,42270.69,Rangpur,1964,APP,ANDROID,SME,ACTIVE
SYN-U-18837,44,M,SALARIED,85704.95,Barishal,775,BRANCH,ANDROID,SME,ACTIVE
SYN-U-18838,55,M,SALARIED,45414.13,Dhaka,311,BRANCH,ANDROID,PAYROLL,ACTIVE
SYN-U-18839,54,F,BUSINESS,178828.98,Rajshahi,317,APP,ANDROID,AFFLUENT,ACTIVE
SYN-U-18840,32,M,SALARIED,48031.15,Cox's Bazar,2103,BRANCH,ANDROID,MASS,ACTIVE
SYN-U-18841,22,M,SALARIED,67064.25,Dhaka,1423,APP,ANDROID,MASS,ACTIVE
SYN-U-18842,35,M,FREELANCER,17283.37,Cox's Bazar,505,APP,ANDROID,MASS,ACTIVE
SYN-U-18843,27,F,STUDENT,68979.44,Khulna,1385,USSD,ANDROID,AFFLUENT,ACTIVE
SYN-U-18844,43,M,RETIRED,26712.76,Narayanganj,1966,APP,ANDROID,STUDENT,ACTIVE
SYN-U-18845,66,F,HOMEMAKER,15000.0,Dhaka,1277,APP,ANDROID,PAYROLL,ACTIVE
SYN-U-18846,62,M,SALARIED,61012.28,Cumilla,886,USSD,ANDROID,MASS,ACTIVE
SYN-U-18847,35,F,FREELANCER,15000.0,Rajshahi,589,AGENT,ANDROID,STUDENT,ACTIVE
SYN-U-18848,31,M,STUDENT,17215.51,Gazipur,672,AGENT,ANDROID,MASS,DORMANT
SYN-U-18849,45,M,SALARIED,51900.43,Chittagong,1445,APP,ANDROID,MASS,ACTIVE
SYN-U-18850,20,F,STUDENT,51988.36,Cumilla,504,APP,ANDROID,SME,ACTIVE
SYN-U-18851,26,M,SALARIED,86266.72,Narayanganj,1529,APP,ANDROID,AFFLUENT,ACTIVE
SYN-U-18852,33,F,SALARIED,55084.03,Khulna,237,APP,ANDROID,MASS,ACTIVE
SYN-U-18853,52,M,RETIRED,123766.13,Mymensingh,1997,AGENT,ANDROID,AFFLUENT,ACTIVE
SYN-U-18854,19,F,FREELANCER,43319.84,Sylhet,185,AGENT,ANDROID,STUDENT,ACTIVE
SYN-U-18855,60,M,BUSINESS,115710.05,Rajshahi,2072,APP,IOS,SME,ACTIVE
SYN-U-18856,67,F,STUDENT,26291.14,Barishal,1533,APP,ANDROID,SME,ACTIVE
SYN-U-18857,21,F,SALARIED,51803.41,Dhaka,1812,APP,ANDROID,MASS,ACTIVE
SYN-U-18858,66,M,BUSINESS,90275.43,Chittagong,2168,BRANCH,ANDROID,MASS,ACTIVE
SYN-U-18859,49,M,STUDENT,21111.84,Chittagong,85,APP,ANDROID,MASS,ACTIVE
SYN-U-18860,51,M,FREELANCER,58704.4,Barishal,899,AGENT,ANDROID,MASS,ACTIVE
SYN-U-18861,42,F,SALARIED,101583.8,Rangpur,1300,APP,ANDROID,AFFLUENT,ACTIVE
SYN-U-18862,50,M,STUDENT,22483.78,Bogura,953,AGENT,IOS,MASS,ACTIVE
SYN-U-18863,55,M,BUSINESS,98836.25,Dhaka,260,APP,ANDROID,STUDENT,ACTIVE
SYN-U-18864,26,F,SALARIED,48285.38,Rajshahi,972,APP,ANDROID,MASS,ACTIVE
SYN-U-18865,41,F,FREELANCER,109206.91,Dhaka,2034,APP,ANDROID,AFFLUENT,ACTIVE
SYN-U-18866,67,M,BUSINESS,91319.65,Chittagong,1354,APP,ANDROID,MASS,ACTIVE
SYN-U-18867,41,M,SALARIED,41683.68,Dhaka,984,BRANCH,IOS,MASS,ACTIVE
SYN-U-18868,18,M,SALARIED,75392.28,Gazipur,1885,APP,ANDROID,AFFLUENT,ACTIVE
SYN-U-18869,60,M,FREELANCER,56393.07,Dhaka,1812,APP,ANDROID,MASS,ACTIVE
SYN-U-18870,55,F,STUDENT,15000.0,Rajshahi,354,APP,ANDROID,STUDENT,ACTIVE
SYN-U-18871,58,M,SALARIED,63746.83,Rajshahi,2100,AGENT,ANDROID,MASS,ACTIVE
SYN-U-18872,33,M,STUDENT,15000.0,Dhaka,1429,USSD,ANDROID,MASS,ACTIVE
SYN-U-18873,48,M,SALARIED,117886.93,Khulna,2313,APP,FEATURE_PHONE,AFFLUENT,ACTIVE
SYN-U-18874,42,M,SALARIED,62609.95,Dhaka,765,APP,IOS,MASS,ACTIVE
SYN-U-18875,47,M,HOMEMAKER,32169.73,Barishal,481,AGENT,ANDROID,MASS,ACTIVE
SYN-U-18876,43,M,HOMEMAKER,58096.69,Dhaka,371,APP,ANDROID,AFFLUENT,ACTIVE
SYN-U-18877,31,F,BUSINESS,81605.6,Bogura,830,AGENT,ANDROID,MASS,ACTIVE
SYN-U-18878,38,F,BUSINESS,61876.58,Barishal,93,AGENT,ANDROID,MASS,ACTIVE
SYN-U-18879,45,M,SALARIED,51703.79,Dhaka,962,APP,ANDROID,MASS,ACTIVE
SYN-U-18880,20,F,STUDENT,19581.23,Dhaka,2224,AGENT,ANDROID,MASS,ACTIVE
SYN-U-18881,49,F,BUSINESS,65462.57,Sylhet,713,AGENT,IOS,STUDENT,ACTIVE
SYN-U-18882,37,M,FREELANCER,19987.89,Dhaka,2268,AGENT,IOS,STUDENT,ACTIVE
SYN-U-18883,45,M,BUSINESS,63986.8,Chittagong,2284,AGENT,ANDROID,MASS,ACTIVE
SYN-U-18884,63,M,SALARIED,29864.16,Rajshahi,2295,APP,ANDROID,MASS,ACTIVE
SYN-U-18885,24,F,SALARIED,38035.99,Gazipur,2440,APP,ANDROID,MASS,ACTIVE
SYN-U-18886,68,M,BUSINESS,151705.21,Dhaka,629,APP,ANDROID,AFFLUENT,ACTIVE
SYN-U-18887,48,F,FREELANCER,77710.52,Chittagong,824,APP,FEATURE_PHONE,MASS,ACTIVE
SYN-U-18888,37,M,BUSINESS,50691.61,Cox's Bazar,74,AGENT,ANDROID,STUDENT,ACTIVE
SYN-U-18889,29,F,STUDENT,21912.6,Khulna,189,APP,ANDROID,PAYROLL,ACTIVE
SYN-U-18890,36,F,STUDENT,15000.0,Dhaka,1366,APP,ANDROID,STUDENT,ACTIVE
SYN-U-18891,40,M,FREELANCER,99808.31,Cumilla,2021,APP,ANDROID,AFFLUENT,ACTIVE
SYN-U-18892,43,F,BUSINESS,141679.0,Gazipur,728,AGENT,ANDROID,SME,ACTIVE
SYN-U-18893,18,F,BUSINESS,15000.0,Jessore,1844,BRANCH,ANDROID,MASS,ACTIVE
SYN-U-18894,20,F,BUSINESS,40300.99,Cumilla,2261,APP,ANDROID,STUDENT,ACTIVE
SYN-U-18895,21,F,FREELANCER,57576.41,Chittagong,476,AGENT,IOS,MASS,ACTIVE
SYN-U-18896,37,M,SALARIED,17210.31,Gazipur,837,APP,ANDROID,MASS,ACTIVE
SYN-U-18897,21,M,SALARIED,37462.72,Mymensingh,1671,AGENT,ANDROID,MASS,ACTIVE
SYN-U-18898,69,M,FREELANCER,35023.09,Dhaka,2124,APP,IOS,SME,ACTIVE
SYN-U-18899,39,M,SALARIED,55917.3,Dhaka,1537,APP,ANDROID,MASS,ACTIVE
SYN-U-18900,63,F,SALARIED,33588.55,Dhaka,2219,APP,ANDROID,MASS,ACTIVE
SYN-U-18901,40,M,FREELANCER,38697.68,Khulna,375,APP,ANDROID,MASS,ACTIVE
SYN-U-18902,46,M,BUSINESS,88586.93,Chittagong,2043,AGENT,ANDROID,MASS,ACTIVE
SYN-U-18903,52,M,SALARIED,60111.14,Khulna,892,APP,ANDROID,MASS,ACTIVE
SYN-U-18904,53,M,SALARIED,78194.28,Barishal,2144,APP,ANDROID,MASS,ACTIVE
SYN-U-18905,26,M,SALARIED,54109.55,Dhaka,1982,AGENT,ANDROID,PAYROLL,ACTIVE
SYN-U-18906,57,M,BUSINESS,240911.95,Gazipur,965,APP,IOS,AFFLUENT,ACTIVE
SYN-U-18907,41,F,FREELANCER,88884.06,Dhaka,549,APP,ANDROID,MASS,ACTIVE
SYN-U-18908,62,M,HOMEMAKER,15000.0,Dhaka,2017,USSD,ANDROID,STUDENT,ACTIVE
SYN-U-18909,55,M,SALARIED,49062.03,Mymensingh,1579,AGENT,ANDROID,PAYROLL,ACTIVE
SYN-U-18910,39,F,BUSINESS,22043.47,Chittagong,228,APP,IOS,MASS,ACTIVE
SYN-U-18911,32,F,HOMEMAKER,24338.55,Sylhet,1628,APP,ANDROID,STUDENT,ACTIVE
SYN-U-18912,66,F,STUDENT,15000.0,Dhaka,722,APP,ANDROID,STUDENT,ACTIVE
SYN-U-18913,50,F,SALARIED,116699.49,Sylhet,976,AGENT,ANDROID,AFFLUENT,ACTIVE
SYN-U-18914,60,M,SALARIED,33017.7,Sylhet,494,APP,ANDROID,MASS,ACTIVE
SYN-U-18915,21,M,SALARIED,15000.0,Dhaka,1760,APP,ANDROID,STUDENT,ACTIVE
SYN-U-18916,67,M,STUDENT,15897.4,Dhaka,824,AGENT,ANDROID,SME,ACTIVE
SYN-U-18917,60,M,BUSINESS,76581.03,Mymensingh,2469,APP,ANDROID,MASS,ACTIVE
SYN-U-18918,64,M,SALARIED,47041.16,Chittagong,1476,APP,ANDROID,MASS,ACTIVE
SYN-U-18919,37,M,BUSINESS,36894.96,Gazipur,447,BRANCH,IOS,MASS,ACTIVE
SYN-U-18920,49,F,BUSINESS,54728.56,Jessore,107,APP,ANDROID,STUDENT,ACTIVE
SYN-U-18921,35,M,SALARIED,55394.18,Dhaka,1534,AGENT,ANDROID,MASS,ACTIVE
SYN-U-18922,29,M,FREELANCER,65686.63,Khulna,727,USSD,ANDROID,STUDENT,ACTIVE
SYN-U-18923,42,F,BUSINESS,15000.0,Dhaka,1347,APP,ANDROID,AFFLUENT,ACTIVE
SYN-U-18924,71,F,FREELANCER,40415.3,Gazipur,2386,APP,ANDROID,PAYROLL,ACTIVE
SYN-U-18925,37,M,SALARIED,46436.48,Chittagong,2293,APP,ANDROID,STUDENT,ACTIVE
SYN-U-18926,55,F,SALARIED,45486.07,Dhaka,633,APP,ANDROID,MASS,ACTIVE
SYN-U-18927,28,M,FREELANCER,29202.85,Dhaka,2216,APP,ANDROID,MASS,ACTIVE
SYN-U-18928,43,F,STUDENT,15000.0,Dhaka,253,BRANCH,IOS,MASS,ACTIVE
SYN-U-18929,29,F,SALARIED,20171.6,Dhaka,2151,AGENT,IOS,MASS,ACTIVE
SYN-U-18930,32,M,STUDENT,15000.0,Gazipur,2053,AGENT,ANDROID,STUDENT,ACTIVE
SYN-U-18931,38,M,SALARIED,93760.15,Gazipur,2390,AGENT,ANDROID,AFFLUENT,ACTIVE
SYN-U-18932,71,F,SALARIED,101286.62,Chittagong,2260,BRANCH,ANDROID,SME,ACTIVE
SYN-U-18933,58,F,STUDENT,56767.88,Dhaka,1991,APP,ANDROID,AFFLUENT,DORMANT
SYN-U-18934,25,F,SALARIED,44766.84,Dhaka,729,USSD,ANDROID,MASS,ACTIVE
SYN-U-18935,41,F,FREELANCER,72982.69,Sylhet,2064,APP,ANDROID,MASS,ACTIVE
SYN-U-18936,42,M,HOMEMAKER,15000.0,Gazipur,1169,BRANCH,ANDROID,MASS,ACTIVE
SYN-U-18937,43,M,FREELANCER,53081.69,Dhaka,870,APP,ANDROID,MASS,ACTIVE
SYN-U-18938,37,M,SALARIED,57382.05,Chittagong,1181,BRANCH,ANDROID,MASS,ACTIVE
SYN-U-18939,24,M,SALARIED,55727.79,Chittagong,2459,APP,ANDROID,MASS,ACTIVE
SYN-U-18940,53,M,SALARIED,44672.55,Rajshahi,1220,APP,ANDROID,MASS,ACTIVE
SYN-U-18941,66,M,HOMEMAKER,23958.95,Khulna,201,APP,ANDROID,MASS,ACTIVE
SYN-U-18942,63,M,FREELANCER,67378.85,Gazipur,1006,BRANCH,ANDROID,STUDENT,ACTIVE
SYN-U-18943,23,F,SALARIED,38210.72,Cox's Bazar,2494,AGENT,ANDROID,MASS,ACTIVE
SYN-U-18944,29,F,SALARIED,47447.39,Dhaka,702,AGENT,ANDROID,PAYROLL,ACTIVE
SYN-U-18945,66,M,SALARIED,48361.36,Rajshahi,578,APP,ANDROID,MASS,ACTIVE
SYN-U-18946,58,F,SALARIED,50527.61,Sylhet,1314,APP,ANDROID,SME,ACTIVE
SYN-U-18947,59,F,SALARIED,50149.91,Dhaka,635,APP,ANDROID,MASS,ACTIVE
SYN-U-18948,19,M,STUDENT,42576.68,Dhaka,186,APP,IOS,SME,ACTIVE
SYN-U-18949,25,M,STUDENT,15000.0,Dhaka,1129,APP,ANDROID,MASS,ACTIVE
SYN-U-18950,63,M,SALARIED,48691.72,Dhaka,144,AGENT,IOS,MASS,ACTIVE
SYN-U-18951,64,M,FREELANCER,48349.84,Rangpur,100,APP,ANDROID,MASS,DORMANT
SYN-U-18952,53,M,SALARIED,64299.02,Chittagong,576,APP,FEATURE_PHONE,MASS,ACTIVE
SYN-U-18953,57,F,FREELANCER,25041.07,Narayanganj,783,AGENT,ANDROID,MASS,ACTIVE
SYN-U-18954,51,F,BUSINESS,68437.8,Dhaka,2340,APP,ANDROID,SME,ACTIVE
SYN-U-18955,43,M,SALARIED,68948.56,Narayanganj,1761,APP,ANDROID,MASS,ACTIVE
SYN-U-18956,34,M,SALARIED,26480.07,Barishal,179,BRANCH,IOS,MASS,ACTIVE
SYN-U-18957,60,M,BUSINESS,62685.49,Cumilla,1527,AGENT,ANDROID,MASS,ACTIVE
SYN-U-18958,66,M,FREELANCER,71022.18,Khulna,1848,AGENT,FEATURE_PHONE,MASS,ACTIVE
SYN-U-18959,45,M,STUDENT,15000.0,Narayanganj,686,AGENT,ANDROID,MASS,ACTIVE
SYN-U-18960,37,F,SALARIED,51403.01,Dhaka,404,APP,ANDROID,MASS,ACTIVE
SYN-U-18961,42,F,STUDENT,19962.88,Rajshahi,704,BRANCH,IOS,PAYROLL,ACTIVE
SYN-U-18962,65,F,SALARIED,53970.48,Dhaka,431,USSD,ANDROID,MASS,ACTIVE
SYN-U-18963,64,M,STUDENT,15000.0,Chittagong,1630,APP,ANDROID,MASS,ACTIVE
SYN-U-18964,49,M,SALARIED,108681.41,Dhaka,2197,APP,IOS,AFFLUENT,ACTIVE
SYN-U-18965,18,M,STUDENT,21972.86,Gazipur,2327,APP,ANDROID,MASS,ACTIVE
SYN-U-18966,44,M,BUSINESS,58664.14,Cumilla,1551,USSD,ANDROID,AFFLUENT,ACTIVE
SYN-U-18967,56,F,BUSINESS,36136.87,Cox's Bazar,1667,APP,ANDROID,PAYROLL,ACTIVE
SYN-U-18968,49,F,SALARIED,61389.42,Chittagong,1830,APP,IOS,MASS,ACTIVE
SYN-U-18969,41,F,SALARIED,89038.49,Rajshahi,2202,USSD,ANDROID,MASS,ACTIVE
SYN-U-18970,27,M,BUSINESS,89292.81,Dhaka,772,USSD,ANDROID,PAYROLL,ACTIVE
SYN-U-18971,58,M,BUSINESS,77105.14,Dhaka,1001,AGENT,ANDROID,AFFLUENT,ACTIVE
SYN-U-18972,44,F,BUSINESS,46371.03,Dhaka,425,APP,ANDROID,MASS,ACTIVE
SYN-U-18973,20,M,SALARIED,48568.93,Mymensingh,283,APP,IOS,SME,ACTIVE
SYN-U-18974,70,F,SALARIED,54868.19,Chittagong,643,APP,ANDROID,MASS,ACTIVE
SYN-U-18975,24,F,BUSINESS,54019.74,Rangpur,833,APP,IOS,MASS,ACTIVE
SYN-U-18976,62,M,BUSINESS,43064.15,Chittagong,1953,AGENT,ANDROID,STUDENT,ACTIVE
SYN-U-18977,35,M,BUSINESS,78415.78,Dhaka,2246,AGENT,ANDROID,MASS,ACTIVE
SYN-U-18978,37,F,SALARIED,42512.95,Chittagong,2440,BRANCH,ANDROID,STUDENT,ACTIVE
SYN-U-18979,56,M,BUSINESS,80678.86,Dhaka,1791,APP,ANDROID,MASS,ACTIVE
SYN-U-18980,61,M,FREELANCER,43126.03,Barishal,1459,APP,ANDROID,MASS,ACTIVE
SYN-U-18981,47,M,SALARIED,31787.22,Chittagong,138,AGENT,ANDROID,MASS,ACTIVE
SYN-U-18982,20,F,STUDENT,52222.39,Cumilla,1978,APP,ANDROID,AFFLUENT,ACTIVE
SYN-U-18983,30,M,FREELANCER,67477.69,Chittagong,112,APP,ANDROID,MASS,ACTIVE
SYN-U-18984,56,F,HOMEMAKER,18482.58,Chittagong,2142,APP,ANDROID,AFFLUENT,ACTIVE
SYN-U-18985,33,F,BUSINESS,48853.93,Sylhet,2280,APP,IOS,STUDENT,ACTIVE
SYN-U-18986,43,M,SALARIED,45356.87,Chittagong,690,AGENT,ANDROID,STUDENT,ACTIVE
SYN-U-18987,47,M,BUSINESS,39339.05,Sylhet,216,APP,ANDROID,MASS,ACTIVE
SYN-U-18988,47,F,FREELANCER,93503.22,Dhaka,283,BRANCH,ANDROID,SME,ACTIVE
SYN-U-18989,46,M,SALARIED,58593.77,Dhaka,639,APP,ANDROID,STUDENT,DORMANT
SYN-U-18990,50,M,SALARIED,108251.37,Chittagong,303,AGENT,ANDROID,AFFLUENT,ACTIVE
SYN-U-18991,35,M,SALARIED,131157.14,Chittagong,2409,APP,ANDROID,AFFLUENT,ACTIVE
SYN-U-18992,47,F,BUSINESS,46960.83,Dhaka,512,APP,ANDROID,STUDENT,ACTIVE
SYN-U-18993,64,F,BUSINESS,122002.53,Rajshahi,1179,AGENT,ANDROID,AFFLUENT,ACTIVE
SYN-U-18994,35,F,SALARIED,63372.5,Dhaka,343,APP,ANDROID,MASS,ACTIVE
SYN-U-18995,48,M,SALARIED,44441.45,Chittagong,1406,APP,ANDROID,SME,ACTIVE
SYN-U-18996,47,M,BUSINESS,138141.55,Rajshahi,1167,AGENT,ANDROID,SME,ACTIVE
SYN-U-18997,30,M,SALARIED,98800.06,Dhaka,2189,APP,ANDROID,AFFLUENT,ACTIVE
SYN-U-18998,44,M,STUDENT,22668.07,Dhaka,494,APP,ANDROID,MASS,ACTIVE
SYN-U-18999,24,F,STUDENT,16552.99,Rajshahi,1544,APP,ANDROID,AFFLUENT,ACTIVE
SYN-U-19000,42,F,HOMEMAKER,34470.55,Gazipur,794,APP,ANDROID,MASS,ACTIVE
SYN-U-19001,28,M,BUSINESS,43961.48,Dhaka,1419,USSD,ANDROID,STUDENT,ACTIVE
SYN-U-19002,31,M,SALARIED,97645.51,Chittagong,2158,APP,ANDROID,AFFLUENT,ACTIVE
SYN-U-19003,36,F,BUSINESS,53904.26,Sylhet,1938,BRANCH,ANDROID,MASS,ACTIVE
SYN-U-19004,39,M,BUSINESS,47890.16,Jessore,1204,APP,ANDROID,MASS,ACTIVE
SYN-U-19005,22,F,BUSINESS,36262.85,Mymensingh,2207,APP,ANDROID,STUDENT,ACTIVE
SYN-U-19006,18,F,SALARIED,30743.92,Barishal,1167,APP,ANDROID,MASS,ACTIVE
SYN-U-19007,40,F,BUSINESS,36107.67,Cumilla,620,APP,ANDROID,STUDENT,ACTIVE
SYN-U-19008,67,M,HOMEMAKER,21718.69,Sylhet,2428,APP,ANDROID,MASS,ACTIVE
SYN-U-19009,53,F,SALARIED,45467.79,Chittagong,1095,APP,ANDROID,STUDENT,ACTIVE
SYN-U-19010,19,F,SALARIED,54405.23,Dhaka,1167,AGENT,ANDROID,MASS,ACTIVE
SYN-U-19011,22,F,SALARIED,61866.44,Rangpur,2472,AGENT,FEATURE_PHONE,MASS,ACTIVE
SYN-U-19012,32,F,SALARIED,46267.91,Rajshahi,627,APP,ANDROID,MASS,ACTIVE
SYN-U-19013,24,M,SALARIED,55734.3,Dhaka,1933,APP,ANDROID,MASS,ACTIVE
SYN-U-19014,27,F,STUDENT,20844.17,Mymensingh,1323,BRANCH,ANDROID,PAYROLL,ACTIVE
SYN-U-19015,45,F,BUSINESS,26187.69,Sylhet,2103,APP,ANDROID,PAYROLL,ACTIVE
SYN-U-19016,60,F,SALARIED,48668.28,Rangpur,943,AGENT,IOS,MASS,ACTIVE
SYN-U-19017,25,M,BUSINESS,30894.02,Sylhet,1660,APP,IOS,SME,ACTIVE
SYN-U-19018,39,M,SALARIED,65953.11,Dhaka,2296,APP,ANDROID,SME,ACTIVE
SYN-U-19019,35,F,FREELANCER,15000.0,Sylhet,1833,APP,ANDROID,MASS,ACTIVE
SYN-U-19020,61,F,SALARIED,61081.67,Dhaka,1760,APP,FEATURE_PHONE,MASS,ACTIVE
SYN-U-19021,56,M,RETIRED,30492.21,Dhaka,1248,BRANCH,ANDROID,STUDENT,ACTIVE
SYN-U-19022,25,F,BUSINESS,173546.18,Dhaka,778,APP,IOS,SME,ACTIVE
SYN-U-19023,46,F,STUDENT,20858.55,Rajshahi,2142,APP,ANDROID,MASS,ACTIVE
SYN-U-19024,30,M,SALARIED,47964.58,Dhaka,1835,APP,ANDROID,MASS,ACTIVE
SYN-U-19025,34,M,FREELANCER,49360.11,Cox's Bazar,2453,APP,IOS,PAYROLL,ACTIVE
SYN-U-19026,26,M,STUDENT,21252.82,Dhaka,2290,APP,ANDROID,MASS,ACTIVE
SYN-U-19027,41,M,SALARIED,138783.45,Dhaka,2388,USSD,ANDROID,AFFLUENT,ACTIVE
SYN-U-19028,37,M,HOMEMAKER,15000.0,Chittagong,1011,APP,ANDROID,MASS,ACTIVE
SYN-U-19029,23,M,BUSINESS,26369.34,Chittagong,741,USSD,ANDROID,MASS,ACTIVE
SYN-U-19030,59,M,FREELANCER,44309.1,Chittagong,1679,APP,ANDROID,MASS,ACTIVE
SYN-U-19031,62,F,SALARIED,34189.09,Dhaka,680,APP,ANDROID,PAYROLL,ACTIVE
SYN-U-19032,30,F,FREELANCER,44352.7,Dhaka,469,APP,ANDROID,STUDENT,ACTIVE
SYN-U-19033,71,F,SALARIED,59113.61,Barishal,181,AGENT,ANDROID,MASS,ACTIVE
SYN-U-19034,44,M,HOMEMAKER,15000.0,Dhaka,585,BRANCH,IOS,MASS,ACTIVE
SYN-U-19035,65,F,SALARIED,33362.75,Rajshahi,2097,APP,ANDROID,STUDENT,ACTIVE
SYN-U-19036,29,F,SALARIED,90002.09,Bogura,2017,BRANCH,FEATURE_PHONE,AFFLUENT,ACTIVE
SYN-U-19037,46,F,BUSINESS,63368.65,Dhaka,1407,APP,ANDROID,MASS,ACTIVE
SYN-U-19038,39,F,BUSINESS,33440.6,Rangpur,894,APP,ANDROID,MASS,ACTIVE
SYN-U-19039,31,F,BUSINESS,45304.61,Rajshahi,2035,AGENT,ANDROID,STUDENT,ACTIVE
SYN-U-19040,36,F,BUSINESS,42955.97,Gazipur,510,APP,ANDROID,MASS,ACTIVE
SYN-U-19041,61,F,BUSINESS,75255.21,Rajshahi,805,APP,IOS,PAYROLL,ACTIVE
SYN-U-19042,42,F,SALARIED,39093.31,Dhaka,200,APP,ANDROID,MASS,DORMANT
SYN-U-19043,42,M,FREELANCER,35499.52,Dhaka,2335,AGENT,ANDROID,MASS,ACTIVE
SYN-U-19044,68,M,SALARIED,38965.4,Dhaka,2289,APP,ANDROID,MASS,ACTIVE
SYN-U-19045,39,F,SALARIED,41253.75,Rangpur,1767,USSD,ANDROID,SME,ACTIVE
SYN-U-19046,38,F,SALARIED,38082.45,Dhaka,1768,AGENT,IOS,PAYROLL,ACTIVE
SYN-U-19047,26,F,SALARIED,25556.96,Khulna,1651,APP,ANDROID,AFFLUENT,ACTIVE
SYN-U-19048,39,F,FREELANCER,31684.84,Narayanganj,458,BRANCH,ANDROID,MASS,ACTIVE
SYN-U-19049,69,M,FREELANCER,51119.59,Barishal,326,APP,ANDROID,STUDENT,ACTIVE
SYN-U-19050,26,M,FREELANCER,53417.76,Dhaka,1676,APP,ANDROID,MASS,ACTIVE
SYN-U-19051,49,F,FREELANCER,17306.41,Dhaka,832,USSD,ANDROID,STUDENT,ACTIVE
SYN-U-19052,66,M,HOMEMAKER,30751.11,Rangpur,932,AGENT,ANDROID,SME,ACTIVE
SYN-U-19053,66,F,SALARIED,101436.48,Dhaka,1746,AGENT,ANDROID,AFFLUENT,ACTIVE
SYN-U-19054,55,F,SALARIED,57959.58,Chittagong,2423,AGENT,ANDROID,STUDENT,ACTIVE
SYN-U-19055,23,M,FREELANCER,15000.0,Rangpur,1610,APP,ANDROID,MASS,ACTIVE
SYN-U-19056,23,M,SALARIED,47140.02,Barishal,662,APP,ANDROID,MASS,ACTIVE
SYN-U-19057,51,F,BUSINESS,85604.27,Chittagong,2446,APP,ANDROID,MASS,ACTIVE
SYN-U-19058,56,M,BUSINESS,29716.76,Dhaka,1117,USSD,ANDROID,MASS,ACTIVE
SYN-U-19059,18,F,FREELANCER,34470.57,Gazipur,1858,BRANCH,IOS,STUDENT,ACTIVE
SYN-U-19060,29,F,STUDENT,17755.51,Dhaka,1137,AGENT,ANDROID,MASS,ACTIVE
SYN-U-19061,71,F,SALARIED,37784.31,Gazipur,1649,APP,ANDROID,STUDENT,ACTIVE
SYN-U-19062,62,M,BUSINESS,73338.42,Dhaka,1458,AGENT,ANDROID,MASS,ACTIVE
SYN-U-19063,56,F,SALARIED,25358.13,Chittagong,748,APP,ANDROID,STUDENT,ACTIVE
SYN-U-19064,21,F,SALARIED,26413.91,Dhaka,591,APP,ANDROID,MASS,DORMANT
SYN-U-19065,36,F,STUDENT,19933.47,Khulna,322,APP,ANDROID,PAYROLL,ACTIVE
SYN-U-19066,65,M,SALARIED,31645.12,Dhaka,1846,APP,ANDROID,STUDENT,ACTIVE
SYN-U-19067,68,F,BUSINESS,84110.69,Cumilla,1608,APP,ANDROID,MASS,ACTIVE
SYN-U-19068,64,M,FREELANCER,71866.03,Dhaka,1243,USSD,ANDROID,MASS,ACTIVE
SYN-U-19069,52,F,SALARIED,49134.18,Chittagong,1419,USSD,ANDROID,MASS,ACTIVE
SYN-U-19070,70,M,FREELANCER,44716.68,Rangpur,2465,APP,ANDROID,MASS,ACTIVE
SYN-U-19071,29,M,FREELANCER,57590.2,Dhaka,1304,APP,ANDROID,MASS,ACTIVE
SYN-U-19072,29,M,BUSINESS,73603.17,Narayanganj,1489,APP,IOS,AFFLUENT,ACTIVE
SYN-U-19073,62,F,BUSINESS,49554.16,Dhaka,1138,APP,ANDROID,STUDENT,ACTIVE
SYN-U-19074,61,F,SALARIED,26854.35,Dhaka,1668,APP,IOS,MASS,ACTIVE
SYN-U-19075,65,F,BUSINESS,84476.51,Rajshahi,1929,AGENT,ANDROID,MASS,ACTIVE
SYN-U-19076,53,M,SALARIED,55038.33,Dhaka,1887,APP,IOS,MASS,ACTIVE
SYN-U-19077,29,F,SALARIED,27014.4,Dhaka,99,APP,ANDROID,STUDENT,ACTIVE
SYN-U-19078,34,M,BUSINESS,102850.44,Chittagong,1052,APP,ANDROID,SME,ACTIVE
SYN-U-19079,35,M,FREELANCER,102590.53,Dhaka,772,APP,ANDROID,SME,ACTIVE
SYN-U-19080,18,F,STUDENT,43442.58,Dhaka,103,APP,ANDROID,AFFLUENT,ACTIVE
SYN-U-19081,31,M,FREELANCER,177668.25,Sylhet,1126,BRANCH,ANDROID,AFFLUENT,ACTIVE
SYN-U-19082,58,M,BUSINESS,50321.04,Chittagong,1290,USSD,ANDROID,MASS,ACTIVE
SYN-U-19083,56,F,SALARIED,51842.07,Chittagong,1644,APP,ANDROID,MASS,ACTIVE
SYN-U-19084,42,F,SALARIED,147727.16,Khulna,901,AGENT,ANDROID,AFFLUENT,ACTIVE
SYN-U-19085,61,M,SALARIED,72491.87,Chittagong,1342,AGENT,ANDROID,MASS,ACTIVE
SYN-U-19086,45,M,SALARIED,48459.09,Sylhet,599,AGENT,ANDROID,MASS,ACTIVE
SYN-U-19087,45,M,SALARIED,139952.56,Chittagong,1216,APP,ANDROID,AFFLUENT,ACTIVE
SYN-U-19088,36,F,SALARIED,45089.22,Dhaka,2013,APP,ANDROID,STUDENT,ACTIVE
SYN-U-19089,26,F,FREELANCER,75452.62,Sylhet,1041,BRANCH,ANDROID,MASS,ACTIVE
SYN-U-19090,51,M,BUSINESS,193871.37,Mymensingh,92,APP,ANDROID,AFFLUENT,ACTIVE
SYN-U-19091,44,M,SALARIED,70713.28,Dhaka,2425,APP,ANDROID,MASS,ACTIVE
SYN-U-19092,28,F,SALARIED,15000.0,Dhaka,85,APP,ANDROID,STUDENT,ACTIVE
SYN-U-19093,63,M,STUDENT,15000.0,Dhaka,684,AGENT,ANDROID,STUDENT,ACTIVE
SYN-U-19094,55,M,SALARIED,31239.57,Dhaka,2479,APP,ANDROID,STUDENT,RESTRICTED
SYN-U-19095,60,O,SALARIED,54513.03,Cumilla,265,AGENT,ANDROID,MASS,ACTIVE
SYN-U-19096,67,M,BUSINESS,147840.87,Chittagong,1984,AGENT,IOS,AFFLUENT,ACTIVE
SYN-U-19097,36,M,SALARIED,68702.02,Barishal,509,APP,ANDROID,AFFLUENT,ACTIVE
SYN-U-19098,45,F,BUSINESS,90880.5,Dhaka,1683,AGENT,ANDROID,AFFLUENT,ACTIVE
SYN-U-19099,56,M,SALARIED,46940.63,Chittagong,761,USSD,ANDROID,MASS,ACTIVE
SYN-U-19100,31,M,BUSINESS,77605.25,Chittagong,1629,APP,ANDROID,MASS,ACTIVE
SYN-U-19101,67,F,SALARIED,30243.04,Mymensingh,309,BRANCH,ANDROID,MASS,ACTIVE
SYN-U-19102,30,M,BUSINESS,15000.0,Sylhet,76,APP,ANDROID,MASS,ACTIVE
SYN-U-19103,20,M,BUSINESS,49370.23,Narayanganj,2001,AGENT,ANDROID,PAYROLL,ACTIVE
SYN-U-19104,22,M,SALARIED,58947.98,Rajshahi,1629,USSD,ANDROID,MASS,ACTIVE
SYN-U-19105,49,F,SALARIED,50732.44,Sylhet,50,USSD,IOS,MASS,ACTIVE
SYN-U-19106,24,M,BUSINESS,180087.09,Dhaka,1563,APP,ANDROID,AFFLUENT,ACTIVE
SYN-U-19107,41,M,STUDENT,17861.18,Mymensingh,633,APP,ANDROID,STUDENT,ACTIVE
SYN-U-19108,56,F,FREELANCER,55800.52,Chittagong,1076,APP,ANDROID,MASS,ACTIVE
SYN-U-19109,46,F,BUSINESS,74370.92,Chittagong,895,AGENT,ANDROID,PAYROLL,DORMANT
SYN-U-19110,55,F,FREELANCER,48178.36,Khulna,56,APP,ANDROID,MASS,ACTIVE
SYN-U-19111,24,F,SALARIED,107763.93,Chittagong,1046,APP,ANDROID,SME,ACTIVE
SYN-U-19112,28,M,BUSINESS,93255.35,Sylhet,1279,APP,ANDROID,MASS,ACTIVE
SYN-U-19113,26,F,BUSINESS,78858.23,Gazipur,811,APP,ANDROID,STUDENT,ACTIVE
SYN-U-19114,51,F,BUSINESS,91634.82,Chittagong,1611,BRANCH,ANDROID,MASS,ACTIVE
SYN-U-19115,49,M,SALARIED,38654.05,Mymensingh,2254,AGENT,ANDROID,STUDENT,ACTIVE
SYN-U-19116,46,F,SALARIED,32242.7,Dhaka,1105,APP,ANDROID,MASS,RESTRICTED
SYN-U-19117,36,M,SALARIED,34225.21,Dhaka,1160,APP,ANDROID,MASS,ACTIVE
SYN-U-19118,46,M,BUSINESS,15000.0,Rajshahi,1580,APP,IOS,STUDENT,ACTIVE
SYN-U-19119,66,F,FREELANCER,156710.03,Dhaka,2084,APP,IOS,AFFLUENT,ACTIVE
SYN-U-19120,48,M,BUSINESS,94358.58,Dhaka,743,AGENT,IOS,MASS,ACTIVE
SYN-U-19121,63,F,BUSINESS,194502.08,Barishal,2436,BRANCH,ANDROID,SME,ACTIVE
SYN-U-19122,56,F,SALARIED,39838.76,Dhaka,2389,APP,ANDROID,PAYROLL,ACTIVE
SYN-U-19123,49,F,FREELANCER,32768.14,Dhaka,676,APP,ANDROID,PAYROLL,ACTIVE
SYN-U-19124,55,M,SALARIED,50323.46,Cumilla,2363,APP,IOS,MASS,ACTIVE
SYN-U-19125,25,M,BUSINESS,119563.59,Dhaka,810,AGENT,ANDROID,MASS,DORMANT
SYN-U-19126,30,F,SALARIED,44861.45,Cumilla,1580,APP,ANDROID,STUDENT,ACTIVE
SYN-U-19127,42,M,SALARIED,42796.36,Rajshahi,282,AGENT,ANDROID,SME,ACTIVE
SYN-U-19128,58,M,HOMEMAKER,21791.86,Dhaka,664,AGENT,ANDROID,PAYROLL,ACTIVE
SYN-U-19129,49,F,SALARIED,33319.88,Rangpur,2289,APP,IOS,MASS,ACTIVE
SYN-U-19130,51,M,BUSINESS,102412.62,Rajshahi,1948,USSD,IOS,AFFLUENT,ACTIVE
SYN-U-19131,43,M,FREELANCER,187430.88,Dhaka,1895,APP,ANDROID,AFFLUENT,ACTIVE
SYN-U-19132,23,F,RETIRED,149684.26,Barishal,757,APP,ANDROID,AFFLUENT,ACTIVE
SYN-U-19133,34,F,SALARIED,95032.18,Barishal,1249,BRANCH,ANDROID,AFFLUENT,ACTIVE
SYN-U-19134,30,F,SALARIED,39607.58,Cox's Bazar,407,AGENT,ANDROID,MASS,ACTIVE
SYN-U-19135,26,M,FREELANCER,20115.14,Jessore,1030,AGENT,IOS,STUDENT,ACTIVE
SYN-U-19136,69,M,FREELANCER,16466.1,Dhaka,1520,AGENT,ANDROID,MASS,ACTIVE
SYN-U-19137,58,M,SALARIED,29852.65,Dhaka,966,APP,ANDROID,MASS,ACTIVE
SYN-U-19138,53,F,SALARIED,77272.27,Mymensingh,404,APP,ANDROID,AFFLUENT,ACTIVE
SYN-U-19139,37,M,SALARIED,35016.39,Gazipur,353,APP,ANDROID,MASS,ACTIVE
SYN-U-19140,32,F,SALARIED,114805.19,Dhaka,194,APP,ANDROID,SME,ACTIVE
SYN-U-19141,56,M,SALARIED,125656.59,Chittagong,1361,BRANCH,ANDROID,AFFLUENT,ACTIVE
SYN-U-19142,28,F,SALARIED,127103.96,Chittagong,1575,AGENT,ANDROID,AFFLUENT,ACTIVE
SYN-U-19143,22,F,BUSINESS,103687.41,Narayanganj,1541,APP,ANDROID,AFFLUENT,ACTIVE
SYN-U-19144,29,M,BUSINESS,106621.8,Dhaka,653,APP,ANDROID,MASS,ACTIVE
SYN-U-19145,32,M,SALARIED,94157.04,Dhaka,993,APP,ANDROID,AFFLUENT,ACTIVE
SYN-U-19146,19,F,HOMEMAKER,44552.3,Chittagong,813,USSD,ANDROID,AFFLUENT,ACTIVE
SYN-U-19147,20,F,BUSINESS,139303.99,Khulna,185,APP,ANDROID,SME,ACTIVE
SYN-U-19148,24,F,SALARIED,67993.3,Dhaka,2390,BRANCH,ANDROID,MASS,ACTIVE
SYN-U-19149,53,F,BUSINESS,88573.69,Dhaka,1195,APP,IOS,PAYROLL,ACTIVE
SYN-U-19150,57,F,SALARIED,33353.88,Chittagong,2270,APP,ANDROID,STUDENT,ACTIVE
SYN-U-19151,56,F,STUDENT,31038.45,Dhaka,634,APP,ANDROID,AFFLUENT,ACTIVE
SYN-U-19152,48,F,SALARIED,37275.12,Chittagong,1137,AGENT,ANDROID,MASS,ACTIVE
SYN-U-19153,56,M,BUSINESS,80922.06,Dhaka,697,APP,ANDROID,MASS,ACTIVE
SYN-U-19154,37,M,BUSINESS,87978.15,Rangpur,1672,AGENT,ANDROID,MASS,ACTIVE
SYN-U-19155,53,F,SALARIED,53353.98,Dhaka,321,APP,ANDROID,PAYROLL,ACTIVE
SYN-U-19156,18,M,FREELANCER,33569.0,Dhaka,537,BRANCH,ANDROID,MASS,ACTIVE
SYN-U-19157,68,F,FREELANCER,101874.08,Dhaka,599,APP,ANDROID,MASS,ACTIVE
SYN-U-19158,44,M,SALARIED,15406.83,Narayanganj,209,BRANCH,ANDROID,STUDENT,ACTIVE
SYN-U-19159,36,F,SALARIED,45276.53,Gazipur,2408,APP,ANDROID,PAYROLL,ACTIVE
SYN-U-19160,43,F,BUSINESS,46183.01,Rangpur,107,APP,ANDROID,MASS,ACTIVE
SYN-U-19161,34,M,SALARIED,44047.54,Rangpur,1920,BRANCH,ANDROID,MASS,ACTIVE
SYN-U-19162,55,M,SALARIED,73457.51,Rajshahi,196,APP,ANDROID,AFFLUENT,ACTIVE
SYN-U-19163,33,M,SALARIED,21627.01,Chittagong,1730,AGENT,ANDROID,MASS,ACTIVE
SYN-U-19164,26,F,BUSINESS,86245.59,Barishal,851,APP,ANDROID,MASS,ACTIVE
SYN-U-19165,40,M,SALARIED,146955.36,Sylhet,1852,AGENT,ANDROID,AFFLUENT,ACTIVE
SYN-U-19166,52,F,BUSINESS,51712.57,Chittagong,1351,APP,ANDROID,STUDENT,ACTIVE
SYN-U-19167,55,F,FREELANCER,51387.98,Chittagong,214,USSD,ANDROID,MASS,ACTIVE
SYN-U-19168,23,F,SALARIED,60226.88,Rangpur,1860,BRANCH,ANDROID,PAYROLL,ACTIVE
SYN-U-19169,50,M,SALARIED,87158.96,Sylhet,1261,AGENT,ANDROID,SME,ACTIVE
SYN-U-19170,55,F,SALARIED,45621.56,Dhaka,778,AGENT,ANDROID,MASS,ACTIVE
SYN-U-19171,18,F,BUSINESS,107236.67,Dhaka,881,APP,ANDROID,SME,ACTIVE
SYN-U-19172,43,M,SALARIED,49781.29,Dhaka,2488,BRANCH,ANDROID,MASS,ACTIVE
SYN-U-19173,28,F,SALARIED,45884.07,Gazipur,903,AGENT,FEATURE_PHONE,PAYROLL,ACTIVE
SYN-U-19174,36,F,SALARIED,70519.42,Khulna,2221,USSD,ANDROID,MASS,ACTIVE
SYN-U-19175,51,F,SALARIED,21279.12,Narayanganj,34,APP,ANDROID,STUDENT,ACTIVE
SYN-U-19176,62,M,STUDENT,16910.36,Dhaka,1675,APP,ANDROID,MASS,ACTIVE
SYN-U-19177,26,M,BUSINESS,189488.99,Gazipur,2306,APP,ANDROID,SME,ACTIVE
SYN-U-19178,36,M,BUSINESS,26224.28,Rajshahi,2400,APP,ANDROID,MASS,ACTIVE
SYN-U-19179,67,M,BUSINESS,64483.38,Dhaka,1286,APP,ANDROID,PAYROLL,ACTIVE
SYN-U-19180,48,M,RETIRED,34111.33,Dhaka,176,BRANCH,ANDROID,MASS,ACTIVE
SYN-U-19181,61,M,SALARIED,59445.66,Dhaka,1151,APP,ANDROID,MASS,ACTIVE
SYN-U-19182,52,M,BUSINESS,37997.97,Bogura,1431,AGENT,ANDROID,MASS,ACTIVE
SYN-U-19183,34,F,BUSINESS,79954.63,Sylhet,2266,APP,ANDROID,MASS,ACTIVE
SYN-U-19184,26,M,FREELANCER,65071.1,Chittagong,1060,APP,ANDROID,MASS,ACTIVE
SYN-U-19185,56,M,FREELANCER,22715.91,Dhaka,1275,APP,ANDROID,MASS,ACTIVE
SYN-U-19186,51,M,BUSINESS,48388.43,Cumilla,1595,APP,IOS,MASS,ACTIVE
SYN-U-19187,33,M,FREELANCER,62075.39,Dhaka,2185,APP,ANDROID,AFFLUENT,ACTIVE
SYN-U-19188,38,F,RETIRED,40092.17,Dhaka,391,AGENT,IOS,PAYROLL,ACTIVE
SYN-U-19189,53,M,HOMEMAKER,15302.1,Mymensingh,2135,AGENT,IOS,AFFLUENT,ACTIVE
SYN-U-19190,51,M,SALARIED,59877.93,Rangpur,347,AGENT,ANDROID,MASS,ACTIVE
SYN-U-19191,48,F,BUSINESS,135233.36,Khulna,2233,AGENT,IOS,AFFLUENT,ACTIVE
SYN-U-19192,40,F,SALARIED,45826.14,Mymensingh,2317,BRANCH,ANDROID,MASS,ACTIVE
SYN-U-19193,40,F,BUSINESS,91619.62,Chittagong,136,APP,ANDROID,SME,ACTIVE
SYN-U-19194,30,M,FREELANCER,57147.93,Dhaka,2092,AGENT,IOS,MASS,ACTIVE
SYN-U-19195,33,M,RETIRED,50655.53,Chittagong,2056,AGENT,ANDROID,MASS,ACTIVE
SYN-U-19196,44,F,SALARIED,107261.52,Cumilla,417,AGENT,IOS,AFFLUENT,ACTIVE
SYN-U-19197,39,M,HOMEMAKER,15538.87,Dhaka,2240,AGENT,ANDROID,STUDENT,ACTIVE
SYN-U-19198,62,F,BUSINESS,99397.16,Dhaka,204,APP,ANDROID,PAYROLL,ACTIVE
SYN-U-19199,46,F,FREELANCER,40923.04,Dhaka,762,APP,ANDROID,STUDENT,ACTIVE
SYN-U-19200,52,F,SALARIED,76413.43,Barishal,1572,APP,ANDROID,PAYROLL,DORMANT
SYN-U-19201,28,F,SALARIED,103683.82,Dhaka,1222,USSD,ANDROID,AFFLUENT,DORMANT
SYN-U-19202,37,M,SALARIED,27872.84,Dhaka,114,AGENT,ANDROID,STUDENT,ACTIVE
SYN-U-19203,54,M,SALARIED,51868.62,Dhaka,2352,APP,ANDROID,STUDENT,ACTIVE
SYN-U-19204,19,F,SALARIED,40456.54,Dhaka,945,APP,ANDROID,MASS,ACTIVE
SYN-U-19205,44,M,SALARIED,100463.71,Gazipur,36,AGENT,ANDROID,AFFLUENT,ACTIVE
SYN-U-19206,19,M,BUSINESS,69479.59,Gazipur,1974,APP,IOS,STUDENT,ACTIVE
SYN-U-19207,67,F,SALARIED,39044.38,Rajshahi,2209,APP,ANDROID,MASS,ACTIVE
SYN-U-19208,44,F,BUSINESS,62373.88,Dhaka,718,AGENT,FEATURE_PHONE,PAYROLL,ACTIVE
SYN-U-19209,61,M,STUDENT,17134.5,Mymensingh,347,AGENT,ANDROID,PAYROLL,ACTIVE
SYN-U-19210,30,F,STUDENT,48165.6,Rajshahi,1159,AGENT,ANDROID,AFFLUENT,ACTIVE
SYN-U-19211,21,F,SALARIED,43162.01,Dhaka,103,AGENT,ANDROID,STUDENT,ACTIVE
SYN-U-19212,52,F,SALARIED,60657.68,Dhaka,2459,APP,ANDROID,AFFLUENT,ACTIVE
SYN-U-19213,29,F,BUSINESS,222819.52,Sylhet,1314,BRANCH,ANDROID,SME,ACTIVE
SYN-U-19214,21,M,BUSINESS,62505.74,Dhaka,1999,AGENT,ANDROID,PAYROLL,ACTIVE
SYN-U-19215,47,M,FREELANCER,51380.84,Chittagong,1373,AGENT,ANDROID,STUDENT,ACTIVE
SYN-U-19216,23,M,SALARIED,46020.03,Sylhet,238,APP,ANDROID,PAYROLL,ACTIVE
SYN-U-19217,31,F,STUDENT,15197.0,Gazipur,1540,APP,ANDROID,STUDENT,ACTIVE
SYN-U-19218,57,F,HOMEMAKER,15000.0,Dhaka,179,BRANCH,ANDROID,MASS,ACTIVE
SYN-U-19219,21,M,SALARIED,72739.49,Chittagong,1016,APP,IOS,MASS,ACTIVE
SYN-U-19220,18,M,FREELANCER,40488.18,Rajshahi,380,AGENT,IOS,MASS,ACTIVE
SYN-U-19221,55,F,BUSINESS,65848.97,Dhaka,954,APP,ANDROID,PAYROLL,ACTIVE
SYN-U-19222,69,M,SALARIED,104798.74,Rajshahi,1707,AGENT,FEATURE_PHONE,SME,ACTIVE
SYN-U-19223,32,M,BUSINESS,170271.84,Dhaka,1839,AGENT,ANDROID,SME,ACTIVE
SYN-U-19224,18,F,SALARIED,45505.92,Dhaka,591,APP,ANDROID,MASS,ACTIVE
SYN-U-19225,41,F,SALARIED,133764.24,Chittagong,1004,APP,IOS,AFFLUENT,ACTIVE
SYN-U-19226,43,M,BUSINESS,70730.09,Chittagong,1581,AGENT,ANDROID,MASS,ACTIVE
SYN-U-19227,30,F,BUSINESS,26203.16,Rajshahi,1861,APP,ANDROID,STUDENT,ACTIVE
SYN-U-19228,45,M,BUSINESS,15000.0,Dhaka,2202,AGENT,IOS,MASS,ACTIVE
SYN-U-19229,41,F,RETIRED,33211.82,Dhaka,994,APP,ANDROID,MASS,ACTIVE
SYN-U-19230,39,F,BUSINESS,125019.56,Khulna,1517,APP,ANDROID,MASS,ACTIVE
SYN-U-19231,21,F,SALARIED,15385.34,Dhaka,1464,APP,ANDROID,MASS,ACTIVE
SYN-U-19232,21,F,BUSINESS,66274.06,Rajshahi,1206,APP,ANDROID,MASS,ACTIVE
SYN-U-19233,64,M,BUSINESS,83386.14,Narayanganj,1950,APP,ANDROID,PAYROLL,ACTIVE
SYN-U-19234,26,M,BUSINESS,53103.4,Dhaka,620,APP,ANDROID,STUDENT,ACTIVE
SYN-U-19235,45,M,FREELANCER,49973.25,Chittagong,1853,APP,ANDROID,MASS,ACTIVE
SYN-U-19236,29,F,BUSINESS,15000.0,Chittagong,508,APP,ANDROID,MASS,ACTIVE
SYN-U-19237,44,M,SALARIED,52094.25,Cox's Bazar,957,AGENT,ANDROID,MASS,ACTIVE
SYN-U-19238,44,M,RETIRED,27651.03,Rajshahi,1891,APP,ANDROID,MASS,ACTIVE
SYN-U-19239,52,F,BUSINESS,77412.58,Chittagong,2452,AGENT,ANDROID,MASS,ACTIVE
SYN-U-19240,50,M,FREELANCER,87975.17,Dhaka,1225,USSD,ANDROID,MASS,ACTIVE
SYN-U-19241,57,M,SALARIED,24262.69,Dhaka,1178,APP,ANDROID,MASS,ACTIVE
SYN-U-19242,57,F,SALARIED,48480.25,Dhaka,92,AGENT,IOS,MASS,ACTIVE
SYN-U-19243,43,F,SALARIED,59450.88,Khulna,524,APP,ANDROID,MASS,ACTIVE
SYN-U-19244,29,M,SALARIED,81177.68,Cumilla,637,APP,ANDROID,AFFLUENT,ACTIVE
SYN-U-19245,18,F,FREELANCER,50059.8,Dhaka,448,AGENT,ANDROID,PAYROLL,ACTIVE
SYN-U-19246,25,M,BUSINESS,47089.18,Dhaka,2236,APP,ANDROID,PAYROLL,ACTIVE
SYN-U-19247,30,M,SALARIED,58322.16,Chittagong,2326,BRANCH,IOS,MASS,ACTIVE
SYN-U-19248,56,M,STUDENT,15000.0,Dhaka,910,USSD,ANDROID,STUDENT,ACTIVE
SYN-U-19249,70,M,FREELANCER,76457.96,Chittagong,1979,AGENT,ANDROID,MASS,ACTIVE
SYN-U-19250,55,F,SALARIED,56120.72,Rajshahi,700,APP,ANDROID,MASS,ACTIVE
SYN-U-19251,44,M,STUDENT,39636.28,Chittagong,2412,APP,FEATURE_PHONE,AFFLUENT,ACTIVE
SYN-U-19252,19,M,SALARIED,35731.93,Gazipur,976,APP,ANDROID,MASS,ACTIVE
SYN-U-19253,56,M,STUDENT,15000.0,Khulna,2022,APP,IOS,MASS,ACTIVE
SYN-U-19254,70,F,SALARIED,48781.88,Sylhet,790,APP,ANDROID,MASS,ACTIVE
SYN-U-19255,67,M,SALARIED,69449.22,Chittagong,261,APP,ANDROID,MASS,ACTIVE
SYN-U-19256,25,M,BUSINESS,154052.3,Dhaka,835,APP,ANDROID,SME,ACTIVE
SYN-U-19257,69,M,SALARIED,63922.41,Dhaka,423,APP,ANDROID,MASS,ACTIVE
SYN-U-19258,42,F,SALARIED,111453.77,Dhaka,249,APP,ANDROID,SME,ACTIVE
SYN-U-19259,51,M,BUSINESS,44995.48,Cumilla,135,AGENT,ANDROID,MASS,ACTIVE
SYN-U-19260,31,F,BUSINESS,42760.74,Chittagong,43,APP,ANDROID,MASS,ACTIVE
SYN-U-19261,59,F,STUDENT,22092.76,Dhaka,649,APP,ANDROID,MASS,ACTIVE
SYN-U-19262,20,F,SALARIED,33102.51,Chittagong,1303,APP,ANDROID,MASS,ACTIVE
SYN-U-19263,28,O,BUSINESS,84081.52,Rajshahi,1307,AGENT,IOS,MASS,ACTIVE
SYN-U-19264,45,M,SALARIED,109638.46,Narayanganj,268,AGENT,ANDROID,AFFLUENT,ACTIVE
SYN-U-19265,32,M,SALARIED,32391.89,Gazipur,435,APP,IOS,MASS,ACTIVE
SYN-U-19266,50,M,SALARIED,67356.25,Mymensingh,2022,BRANCH,ANDROID,MASS,ACTIVE
SYN-U-19267,61,M,SALARIED,120433.78,Mymensingh,1922,APP,ANDROID,AFFLUENT,ACTIVE
SYN-U-19268,20,F,BUSINESS,49641.75,Narayanganj,857,APP,ANDROID,AFFLUENT,ACTIVE
SYN-U-19269,66,F,SALARIED,90064.76,Chittagong,2025,APP,ANDROID,AFFLUENT,ACTIVE
SYN-U-19270,44,M,BUSINESS,106754.2,Cumilla,673,APP,ANDROID,MASS,ACTIVE
SYN-U-19271,60,M,SALARIED,65747.12,Rajshahi,2383,AGENT,IOS,MASS,ACTIVE
SYN-U-19272,43,F,SALARIED,95185.35,Dhaka,1367,APP,ANDROID,SME,ACTIVE
SYN-U-19273,26,F,SALARIED,48474.19,Dhaka,157,APP,ANDROID,MASS,ACTIVE
SYN-U-19274,57,M,BUSINESS,70033.25,Dhaka,1777,AGENT,ANDROID,MASS,ACTIVE
SYN-U-19275,21,F,SALARIED,105700.11,Chittagong,1947,APP,ANDROID,AFFLUENT,ACTIVE
SYN-U-19276,25,M,STUDENT,27681.72,Dhaka,1219,AGENT,ANDROID,MASS,ACTIVE
SYN-U-19277,37,F,BUSINESS,87683.51,Cox's Bazar,627,BRANCH,ANDROID,STUDENT,DORMANT
SYN-U-19278,58,M,BUSINESS,27311.63,Dhaka,1130,USSD,ANDROID,MASS,DORMANT
SYN-U-19279,41,F,SALARIED,129099.66,Chittagong,33,APP,ANDROID,SME,DORMANT
SYN-U-19280,33,M,FREELANCER,23908.86,Dhaka,73,APP,ANDROID,MASS,ACTIVE
SYN-U-19281,39,M,BUSINESS,102792.47,Rangpur,511,APP,ANDROID,MASS,ACTIVE
SYN-U-19282,59,M,STUDENT,19524.35,Cox's Bazar,87,AGENT,ANDROID,MASS,ACTIVE
SYN-U-19283,43,F,SALARIED,46304.11,Dhaka,2173,USSD,IOS,STUDENT,ACTIVE
SYN-U-19284,45,F,SALARIED,40845.0,Dhaka,2343,USSD,ANDROID,MASS,ACTIVE
SYN-U-19285,52,F,SALARIED,99921.36,Chittagong,885,APP,IOS,SME,ACTIVE
SYN-U-19286,59,M,BUSINESS,44314.29,Narayanganj,2140,AGENT,ANDROID,MASS,ACTIVE
SYN-U-19287,67,F,STUDENT,15000.0,Chittagong,1921,AGENT,ANDROID,STUDENT,ACTIVE
SYN-U-19288,39,M,FREELANCER,29913.67,Barishal,299,AGENT,ANDROID,AFFLUENT,ACTIVE
SYN-U-19289,64,F,HOMEMAKER,17688.8,Rajshahi,1776,AGENT,ANDROID,MASS,ACTIVE
SYN-U-19290,71,M,SALARIED,32263.62,Dhaka,2379,AGENT,ANDROID,MASS,ACTIVE
SYN-U-19291,63,M,SALARIED,51060.75,Dhaka,2368,APP,IOS,MASS,ACTIVE
SYN-U-19292,55,F,HOMEMAKER,24787.6,Dhaka,1379,USSD,ANDROID,MASS,ACTIVE
SYN-U-19293,22,F,STUDENT,34833.2,Gazipur,1404,APP,ANDROID,AFFLUENT,ACTIVE
SYN-U-19294,33,M,FREELANCER,42228.76,Dhaka,1744,APP,ANDROID,MASS,ACTIVE
SYN-U-19295,49,M,HOMEMAKER,21738.32,Chittagong,1278,AGENT,ANDROID,AFFLUENT,ACTIVE
SYN-U-19296,30,F,SALARIED,32820.81,Dhaka,73,BRANCH,ANDROID,MASS,ACTIVE
SYN-U-19297,57,F,SALARIED,41351.51,Sylhet,1474,APP,ANDROID,STUDENT,ACTIVE
SYN-U-19298,54,M,BUSINESS,20241.36,Rangpur,721,BRANCH,ANDROID,MASS,ACTIVE
SYN-U-19299,28,F,FREELANCER,50724.08,Rajshahi,1413,APP,ANDROID,MASS,ACTIVE
SYN-U-19300,40,M,FREELANCER,44222.79,Dhaka,157,APP,ANDROID,MASS,ACTIVE
SYN-U-19301,41,F,BUSINESS,83252.45,Sylhet,655,BRANCH,ANDROID,STUDENT,ACTIVE
SYN-U-19302,62,M,BUSINESS,42784.43,Dhaka,2407,APP,ANDROID,MASS,ACTIVE
SYN-U-19303,48,F,SALARIED,83055.61,Dhaka,1523,APP,IOS,MASS,ACTIVE
SYN-U-19304,42,F,BUSINESS,77941.0,Khulna,241,APP,IOS,MASS,ACTIVE
SYN-U-19305,28,F,FREELANCER,167625.33,Chittagong,2226,USSD,FEATURE_PHONE,AFFLUENT,ACTIVE
SYN-U-19306,26,M,BUSINESS,98753.08,Rangpur,715,BRANCH,ANDROID,MASS,ACTIVE
SYN-U-19307,28,F,FREELANCER,29148.36,Sylhet,2401,APP,ANDROID,PAYROLL,ACTIVE
SYN-U-19308,53,F,FREELANCER,26042.52,Chittagong,2205,AGENT,ANDROID,MASS,ACTIVE
SYN-U-19309,50,M,BUSINESS,75943.49,Dhaka,2165,AGENT,ANDROID,MASS,ACTIVE
SYN-U-19310,71,M,BUSINESS,76680.87,Chittagong,851,APP,ANDROID,SME,ACTIVE
SYN-U-19311,64,F,SALARIED,123886.95,Dhaka,623,USSD,ANDROID,AFFLUENT,ACTIVE
SYN-U-19312,47,F,SALARIED,30560.1,Dhaka,1770,AGENT,IOS,STUDENT,ACTIVE
SYN-U-19313,56,M,SALARIED,63792.46,Chittagong,1445,APP,ANDROID,MASS,ACTIVE
SYN-U-19314,30,M,HOMEMAKER,47701.62,Dhaka,718,APP,ANDROID,SME,ACTIVE
SYN-U-19315,34,F,STUDENT,26674.66,Dhaka,2352,APP,ANDROID,MASS,ACTIVE
SYN-U-19316,38,M,SALARIED,55611.11,Khulna,762,APP,ANDROID,MASS,ACTIVE
SYN-U-19317,32,F,BUSINESS,153249.79,Narayanganj,511,APP,ANDROID,AFFLUENT,ACTIVE
SYN-U-19318,57,M,FREELANCER,72684.17,Jessore,1712,BRANCH,ANDROID,AFFLUENT,ACTIVE
SYN-U-19319,38,F,BUSINESS,88273.12,Khulna,721,APP,ANDROID,MASS,ACTIVE
SYN-U-19320,53,M,SALARIED,35501.87,Dhaka,2471,APP,ANDROID,STUDENT,ACTIVE
SYN-U-19321,59,M,FREELANCER,109627.29,Dhaka,685,APP,ANDROID,MASS,ACTIVE
SYN-U-19322,50,M,SALARIED,74483.31,Dhaka,1041,AGENT,IOS,MASS,ACTIVE
SYN-U-19323,57,F,BUSINESS,62852.36,Chittagong,835,APP,ANDROID,MASS,ACTIVE
SYN-U-19324,55,F,BUSINESS,88849.39,Chittagong,618,APP,IOS,MASS,ACTIVE
SYN-U-19325,49,M,SALARIED,46187.64,Chittagong,1125,APP,IOS,MASS,ACTIVE
SYN-U-19326,47,M,HOMEMAKER,27640.07,Chittagong,1016,APP,ANDROID,MASS,ACTIVE
SYN-U-19327,66,F,SALARIED,33513.41,Rajshahi,1547,AGENT,ANDROID,MASS,ACTIVE
SYN-U-19328,63,F,STUDENT,24887.49,Dhaka,1452,APP,IOS,MASS,ACTIVE
SYN-U-19329,55,F,BUSINESS,154231.09,Chittagong,1507,USSD,IOS,AFFLUENT,ACTIVE
SYN-U-19330,30,F,SALARIED,61933.59,Mymensingh,126,APP,ANDROID,MASS,ACTIVE
SYN-U-19331,25,M,SALARIED,32568.18,Dhaka,2299,APP,ANDROID,MASS,ACTIVE
SYN-U-19332,54,F,BUSINESS,178337.03,Chittagong,1904,APP,ANDROID,AFFLUENT,ACTIVE
SYN-U-19333,20,F,SALARIED,51482.72,Khulna,2209,APP,ANDROID,PAYROLL,ACTIVE
SYN-U-19334,56,M,BUSINESS,15000.0,Dhaka,1400,APP,ANDROID,PAYROLL,ACTIVE
SYN-U-19335,68,M,STUDENT,17546.19,Rajshahi,244,APP,ANDROID,MASS,ACTIVE
SYN-U-19336,49,F,STUDENT,19981.21,Dhaka,2020,APP,ANDROID,PAYROLL,ACTIVE
SYN-U-19337,68,F,BUSINESS,75790.19,Sylhet,688,AGENT,ANDROID,MASS,ACTIVE
SYN-U-19338,48,M,SALARIED,68739.02,Dhaka,2388,AGENT,ANDROID,STUDENT,ACTIVE
SYN-U-19339,51,F,FREELANCER,98852.93,Gazipur,1653,APP,FEATURE_PHONE,MASS,ACTIVE
SYN-U-19340,25,F,SALARIED,58573.85,Dhaka,123,APP,ANDROID,MASS,ACTIVE
SYN-U-19341,70,F,RETIRED,117325.69,Dhaka,1905,APP,ANDROID,AFFLUENT,ACTIVE
SYN-U-19342,47,M,STUDENT,18966.56,Chittagong,369,AGENT,ANDROID,MASS,ACTIVE
SYN-U-19343,25,M,SALARIED,67915.44,Dhaka,1129,APP,ANDROID,MASS,ACTIVE
SYN-U-19344,30,M,BUSINESS,109328.85,Barishal,2022,APP,ANDROID,MASS,ACTIVE
SYN-U-19345,67,M,SALARIED,107294.39,Chittagong,70,APP,IOS,SME,ACTIVE
SYN-U-19346,66,F,BUSINESS,107834.05,Dhaka,412,AGENT,ANDROID,AFFLUENT,ACTIVE
SYN-U-19347,43,F,SALARIED,15000.0,Dhaka,115,APP,ANDROID,STUDENT,ACTIVE
SYN-U-19348,24,F,SALARIED,15000.0,Barishal,2049,APP,ANDROID,STUDENT,ACTIVE
SYN-U-19349,58,M,BUSINESS,264718.53,Dhaka,822,APP,IOS,AFFLUENT,RESTRICTED
SYN-U-19350,28,F,FREELANCER,157301.83,Chittagong,1452,APP,IOS,AFFLUENT,ACTIVE
SYN-U-19351,32,M,BUSINESS,98313.08,Gazipur,2333,BRANCH,ANDROID,MASS,ACTIVE
SYN-U-19352,41,F,BUSINESS,145336.37,Rangpur,828,BRANCH,IOS,SME,ACTIVE
SYN-U-19353,25,M,BUSINESS,23076.52,Chittagong,2089,APP,ANDROID,STUDENT,ACTIVE
SYN-U-19354,40,F,BUSINESS,89665.13,Khulna,1836,APP,ANDROID,MASS,ACTIVE
SYN-U-19355,60,F,SALARIED,42386.17,Cumilla,1788,AGENT,ANDROID,MASS,ACTIVE
SYN-U-19356,50,M,HOMEMAKER,15000.0,Dhaka,1057,BRANCH,IOS,MASS,ACTIVE
SYN-U-19357,52,M,SALARIED,59670.6,Dhaka,125,AGENT,ANDROID,MASS,ACTIVE
SYN-U-19358,67,M,BUSINESS,44863.4,Dhaka,1633,APP,ANDROID,MASS,ACTIVE
SYN-U-19359,71,M,BUSINESS,46910.68,Dhaka,1545,APP,ANDROID,MASS,ACTIVE
SYN-U-19360,70,F,SALARIED,89208.21,Cumilla,1823,AGENT,ANDROID,AFFLUENT,ACTIVE
SYN-U-19361,65,M,BUSINESS,187840.57,Sylhet,1056,APP,IOS,AFFLUENT,DORMANT
SYN-U-19362,57,M,SALARIED,75670.11,Gazipur,211,APP,ANDROID,MASS,ACTIVE
SYN-U-19363,57,F,HOMEMAKER,15000.0,Chittagong,2403,APP,ANDROID,MASS,ACTIVE
SYN-U-19364,46,F,SALARIED,57590.53,Cumilla,2285,USSD,IOS,MASS,ACTIVE
SYN-U-19365,59,M,SALARIED,50548.98,Mymensingh,218,APP,ANDROID,MASS,RESTRICTED
SYN-U-19366,67,F,BUSINESS,89404.14,Khulna,321,APP,ANDROID,MASS,ACTIVE
SYN-U-19367,54,F,STUDENT,15000.0,Dhaka,1653,AGENT,ANDROID,MASS,ACTIVE
SYN-U-19368,46,M,BUSINESS,32714.92,Dhaka,148,APP,IOS,MASS,DORMANT
SYN-U-19369,64,F,BUSINESS,69398.78,Dhaka,1108,APP,IOS,MASS,ACTIVE
SYN-U-19370,63,M,STUDENT,19135.78,Rajshahi,1273,APP,ANDROID,MASS,ACTIVE
SYN-U-19371,27,M,BUSINESS,158233.51,Narayanganj,1593,APP,ANDROID,AFFLUENT,ACTIVE
SYN-U-19372,44,F,BUSINESS,31982.12,Dhaka,1261,APP,ANDROID,AFFLUENT,ACTIVE
SYN-U-19373,53,M,SALARIED,73499.95,Gazipur,593,APP,ANDROID,SME,ACTIVE
SYN-U-19374,46,F,BUSINESS,128251.25,Dhaka,2178,APP,ANDROID,AFFLUENT,ACTIVE
SYN-U-19375,32,F,SALARIED,62918.54,Mymensingh,1706,APP,ANDROID,SME,ACTIVE
SYN-U-19376,55,M,FREELANCER,49330.73,Mymensingh,673,APP,ANDROID,MASS,ACTIVE
SYN-U-19377,58,F,HOMEMAKER,22094.41,Khulna,614,APP,ANDROID,MASS,ACTIVE
SYN-U-19378,40,F,FREELANCER,53874.04,Sylhet,666,AGENT,IOS,MASS,ACTIVE
SYN-U-19379,51,M,BUSINESS,39129.2,Dhaka,1217,APP,FEATURE_PHONE,MASS,ACTIVE
SYN-U-19380,61,M,BUSINESS,32588.01,Dhaka,1376,APP,ANDROID,MASS,ACTIVE
SYN-U-19381,33,F,SALARIED,49000.36,Chittagong,295,USSD,ANDROID,MASS,ACTIVE
SYN-U-19382,45,F,SALARIED,50040.25,Sylhet,1221,AGENT,ANDROID,MASS,ACTIVE
SYN-U-19383,43,F,SALARIED,67706.74,Rajshahi,1635,APP,ANDROID,MASS,ACTIVE
SYN-U-19384,49,M,SALARIED,30043.07,Dhaka,1209,APP,IOS,MASS,ACTIVE
SYN-U-19385,28,F,BUSINESS,63472.63,Rajshahi,51,USSD,IOS,PAYROLL,ACTIVE
SYN-U-19386,30,F,STUDENT,21193.13,Sylhet,46,APP,ANDROID,MASS,ACTIVE
SYN-U-19387,61,F,SALARIED,57074.91,Dhaka,285,APP,ANDROID,MASS,ACTIVE
SYN-U-19388,37,F,SALARIED,60615.52,Khulna,617,APP,ANDROID,MASS,ACTIVE
SYN-U-19389,19,F,SALARIED,73222.31,Chittagong,259,APP,ANDROID,SME,ACTIVE
SYN-U-19390,19,F,BUSINESS,79108.25,Chittagong,1361,APP,ANDROID,MASS,ACTIVE
SYN-U-19391,57,F,BUSINESS,142731.92,Sylhet,203,AGENT,ANDROID,AFFLUENT,ACTIVE
SYN-U-19392,32,F,BUSINESS,191793.27,Dhaka,111,AGENT,FEATURE_PHONE,AFFLUENT,ACTIVE
SYN-U-19393,63,M,SALARIED,44898.09,Cumilla,508,APP,ANDROID,MASS,ACTIVE
SYN-U-19394,18,M,BUSINESS,37347.47,Dhaka,917,APP,ANDROID,MASS,ACTIVE
SYN-U-19395,27,F,SALARIED,90786.01,Gazipur,2084,AGENT,IOS,AFFLUENT,ACTIVE
SYN-U-19396,67,F,BUSINESS,58906.07,Rajshahi,1354,APP,ANDROID,MASS,ACTIVE
SYN-U-19397,62,M,BUSINESS,127584.88,Khulna,1793,AGENT,ANDROID,MASS,ACTIVE
SYN-U-19398,57,M,SALARIED,50026.31,Dhaka,698,APP,ANDROID,MASS,ACTIVE
SYN-U-19399,64,F,SALARIED,43960.28,Dhaka,948,APP,ANDROID,PAYROLL,ACTIVE
SYN-U-19400,54,F,FREELANCER,22067.44,Rangpur,2143,APP,IOS,MASS,ACTIVE
SYN-U-19401,43,M,SALARIED,83706.95,Dhaka,741,BRANCH,ANDROID,SME,ACTIVE
SYN-U-19402,32,M,STUDENT,27619.81,Gazipur,217,AGENT,ANDROID,AFFLUENT,ACTIVE
SYN-U-19403,33,F,SALARIED,46872.73,Dhaka,2401,APP,ANDROID,MASS,ACTIVE
SYN-U-19404,68,F,SALARIED,146036.53,Chittagong,1500,APP,ANDROID,AFFLUENT,ACTIVE
SYN-U-19405,63,F,STUDENT,15000.0,Chittagong,2320,AGENT,ANDROID,STUDENT,ACTIVE
SYN-U-19406,23,F,SALARIED,44850.01,Rajshahi,1356,APP,IOS,MASS,ACTIVE
SYN-U-19407,39,M,HOMEMAKER,26026.28,Dhaka,1394,APP,ANDROID,MASS,ACTIVE
SYN-U-19408,50,M,BUSINESS,53248.71,Cumilla,1413,APP,IOS,MASS,ACTIVE
SYN-U-19409,49,M,SALARIED,32219.26,Dhaka,576,APP,ANDROID,STUDENT,ACTIVE
SYN-U-19410,41,F,BUSINESS,151539.91,Dhaka,1373,APP,IOS,AFFLUENT,ACTIVE
SYN-U-19411,55,M,SALARIED,50822.87,Chittagong,77,APP,ANDROID,STUDENT,ACTIVE
SYN-U-19412,22,M,SALARIED,113710.26,Dhaka,874,APP,IOS,AFFLUENT,ACTIVE
SYN-U-19413,19,F,BUSINESS,51902.05,Chittagong,346,BRANCH,ANDROID,MASS,ACTIVE
SYN-U-19414,43,F,FREELANCER,124951.44,Dhaka,1902,APP,IOS,SME,RESTRICTED
SYN-U-19415,18,F,SALARIED,29734.23,Dhaka,2196,APP,ANDROID,MASS,ACTIVE
SYN-U-19416,59,F,FREELANCER,70541.22,Dhaka,521,APP,ANDROID,STUDENT,ACTIVE
SYN-U-19417,55,F,SALARIED,59247.22,Dhaka,1269,APP,ANDROID,MASS,ACTIVE
SYN-U-19418,47,F,SALARIED,40458.76,Sylhet,2062,APP,ANDROID,MASS,ACTIVE
SYN-U-19419,45,M,BUSINESS,67543.9,Rajshahi,266,AGENT,IOS,MASS,ACTIVE
SYN-U-19420,37,M,BUSINESS,76492.36,Dhaka,1554,AGENT,ANDROID,MASS,ACTIVE
SYN-U-19421,67,F,FREELANCER,53368.97,Dhaka,1890,BRANCH,IOS,STUDENT,ACTIVE
SYN-U-19422,62,F,BUSINESS,105092.8,Chittagong,1050,APP,ANDROID,MASS,ACTIVE
SYN-U-19423,63,M,BUSINESS,121088.38,Gazipur,2324,AGENT,ANDROID,STUDENT,ACTIVE
SYN-U-19424,42,M,SALARIED,40287.58,Cumilla,1177,APP,ANDROID,MASS,ACTIVE
SYN-U-19425,55,M,STUDENT,31716.42,Dhaka,1570,AGENT,ANDROID,AFFLUENT,ACTIVE
SYN-U-19426,30,M,SALARIED,87782.69,Dhaka,2182,APP,ANDROID,AFFLUENT,ACTIVE
SYN-U-19427,35,F,SALARIED,18595.92,Dhaka,1218,APP,FEATURE_PHONE,SME,ACTIVE
SYN-U-19428,69,M,BUSINESS,88344.37,Bogura,602,APP,ANDROID,MASS,ACTIVE
SYN-U-19429,48,F,STUDENT,15520.59,Dhaka,1200,AGENT,IOS,STUDENT,ACTIVE
SYN-U-19430,28,M,SALARIED,43601.07,Dhaka,374,APP,ANDROID,MASS,ACTIVE
SYN-U-19431,60,M,SALARIED,134198.17,Chittagong,809,BRANCH,ANDROID,AFFLUENT,ACTIVE
SYN-U-19432,48,F,SALARIED,55256.16,Dhaka,2358,BRANCH,ANDROID,MASS,ACTIVE
SYN-U-19433,52,F,SALARIED,35892.27,Dhaka,1730,APP,ANDROID,MASS,ACTIVE
SYN-U-19434,38,M,SALARIED,27720.23,Dhaka,507,USSD,ANDROID,MASS,ACTIVE
SYN-U-19435,35,F,SALARIED,67083.95,Chittagong,1761,APP,ANDROID,PAYROLL,ACTIVE
SYN-U-19436,51,M,FREELANCER,66062.71,Rangpur,536,AGENT,ANDROID,STUDENT,ACTIVE
SYN-U-19437,37,M,STUDENT,18842.64,Rangpur,2147,APP,ANDROID,MASS,ACTIVE
SYN-U-19438,23,M,BUSINESS,68374.26,Dhaka,2443,AGENT,ANDROID,STUDENT,ACTIVE
SYN-U-19439,50,M,STUDENT,46011.49,Dhaka,1457,APP,ANDROID,SME,ACTIVE
SYN-U-19440,62,O,BUSINESS,48675.39,Dhaka,290,APP,IOS,MASS,ACTIVE
SYN-U-19441,69,F,BUSINESS,125813.99,Dhaka,387,APP,ANDROID,AFFLUENT,ACTIVE
SYN-U-19442,67,M,BUSINESS,173331.6,Chittagong,672,APP,ANDROID,AFFLUENT,ACTIVE
SYN-U-19443,25,M,FREELANCER,95639.31,Rajshahi,1079,APP,ANDROID,SME,ACTIVE
SYN-U-19444,39,F,FREELANCER,57009.85,Cumilla,251,APP,ANDROID,SME,ACTIVE
SYN-U-19445,69,M,SALARIED,42939.31,Dhaka,2299,APP,ANDROID,MASS,ACTIVE
SYN-U-19446,25,M,BUSINESS,58741.65,Khulna,2170,APP,ANDROID,MASS,ACTIVE
SYN-U-19447,71,M,FREELANCER,62963.67,Dhaka,1076,APP,ANDROID,PAYROLL,ACTIVE
SYN-U-19448,58,F,SALARIED,36207.64,Rajshahi,1553,APP,FEATURE_PHONE,PAYROLL,ACTIVE
SYN-U-19449,18,M,SALARIED,53589.63,Chittagong,488,APP,ANDROID,STUDENT,ACTIVE
SYN-U-19450,42,M,BUSINESS,130630.91,Dhaka,1000,APP,ANDROID,SME,ACTIVE
SYN-U-19451,50,M,SALARIED,49522.95,Dhaka,1136,USSD,ANDROID,MASS,DORMANT
SYN-U-19452,28,F,BUSINESS,55497.2,Rajshahi,1507,APP,ANDROID,MASS,ACTIVE
SYN-U-19453,53,F,BUSINESS,55757.06,Gazipur,1000,APP,IOS,MASS,ACTIVE
SYN-U-19454,29,M,BUSINESS,66275.66,Dhaka,2202,AGENT,ANDROID,MASS,ACTIVE
SYN-U-19455,49,M,BUSINESS,35877.35,Mymensingh,2271,USSD,ANDROID,MASS,ACTIVE
SYN-U-19456,67,F,SALARIED,43706.5,Gazipur,1268,APP,ANDROID,MASS,ACTIVE
SYN-U-19457,30,M,SALARIED,68445.5,Dhaka,1045,APP,ANDROID,MASS,ACTIVE
SYN-U-19458,29,F,BUSINESS,115325.36,Dhaka,435,USSD,ANDROID,AFFLUENT,ACTIVE
SYN-U-19459,71,M,SALARIED,50573.02,Dhaka,163,APP,ANDROID,MASS,ACTIVE
SYN-U-19460,40,F,STUDENT,36645.51,Dhaka,2193,APP,ANDROID,AFFLUENT,ACTIVE
SYN-U-19461,61,M,BUSINESS,103693.93,Khulna,1697,APP,ANDROID,SME,ACTIVE
SYN-U-19462,26,M,STUDENT,15000.0,Rangpur,1212,APP,ANDROID,PAYROLL,ACTIVE
SYN-U-19463,19,F,SALARIED,27838.19,Dhaka,1503,AGENT,ANDROID,MASS,ACTIVE
SYN-U-19464,36,M,SALARIED,16280.77,Chittagong,1518,APP,ANDROID,MASS,ACTIVE
SYN-U-19465,45,F,STUDENT,15408.17,Dhaka,971,APP,IOS,MASS,ACTIVE
SYN-U-19466,47,M,FREELANCER,34140.64,Rangpur,283,APP,ANDROID,MASS,ACTIVE
SYN-U-19467,57,M,STUDENT,61412.58,Dhaka,1453,AGENT,ANDROID,AFFLUENT,ACTIVE
SYN-U-19468,33,F,SALARIED,73255.34,Chittagong,1406,APP,ANDROID,AFFLUENT,ACTIVE
SYN-U-19469,61,M,BUSINESS,54187.21,Sylhet,327,APP,ANDROID,MASS,ACTIVE
SYN-U-19470,41,M,SALARIED,65059.59,Mymensingh,1266,APP,ANDROID,MASS,ACTIVE
SYN-U-19471,45,F,HOMEMAKER,23230.36,Cox's Bazar,2036,USSD,ANDROID,STUDENT,ACTIVE
SYN-U-19472,37,M,BUSINESS,15000.0,Chittagong,857,APP,ANDROID,MASS,ACTIVE
SYN-U-19473,28,F,BUSINESS,50395.31,Sylhet,508,AGENT,ANDROID,MASS,ACTIVE
SYN-U-19474,40,M,RETIRED,39728.87,Sylhet,448,APP,FEATURE_PHONE,PAYROLL,ACTIVE
SYN-U-19475,39,M,SALARIED,74919.12,Sylhet,1814,APP,IOS,MASS,ACTIVE
SYN-U-19476,60,F,STUDENT,15000.0,Dhaka,2096,APP,IOS,MASS,ACTIVE
SYN-U-19477,35,M,SALARIED,33053.43,Khulna,150,APP,FEATURE_PHONE,MASS,ACTIVE
SYN-U-19478,35,M,SALARIED,129489.33,Khulna,2006,APP,ANDROID,AFFLUENT,ACTIVE
SYN-U-19479,62,F,HOMEMAKER,15083.47,Rangpur,2470,AGENT,ANDROID,MASS,ACTIVE
SYN-U-19480,47,M,BUSINESS,109884.32,Chittagong,787,BRANCH,ANDROID,MASS,ACTIVE
SYN-U-19481,51,F,BUSINESS,86667.48,Khulna,1884,APP,ANDROID,MASS,ACTIVE
SYN-U-19482,57,F,SALARIED,60956.23,Gazipur,259,USSD,ANDROID,STUDENT,ACTIVE
SYN-U-19483,19,F,SALARIED,52552.68,Rajshahi,1855,APP,ANDROID,MASS,ACTIVE
SYN-U-19484,63,F,FREELANCER,96669.96,Rajshahi,2499,APP,ANDROID,AFFLUENT,ACTIVE
SYN-U-19485,33,F,BUSINESS,15000.0,Dhaka,626,APP,ANDROID,MASS,ACTIVE
SYN-U-19486,31,M,SALARIED,61194.5,Sylhet,797,APP,ANDROID,MASS,ACTIVE
SYN-U-19487,65,M,FREELANCER,24466.49,Rangpur,670,APP,ANDROID,MASS,ACTIVE
SYN-U-19488,23,F,BUSINESS,123736.03,Dhaka,401,AGENT,ANDROID,MASS,ACTIVE
SYN-U-19489,58,M,SALARIED,43935.78,Mymensingh,146,USSD,ANDROID,MASS,ACTIVE
SYN-U-19490,31,F,SALARIED,61959.25,Chittagong,1132,APP,IOS,MASS,ACTIVE
SYN-U-19491,26,F,SALARIED,42938.97,Dhaka,2330,APP,ANDROID,STUDENT,ACTIVE
SYN-U-19492,39,F,BUSINESS,76160.74,Rajshahi,558,APP,ANDROID,MASS,ACTIVE
SYN-U-19493,38,F,SALARIED,47208.06,Rajshahi,236,USSD,ANDROID,MASS,ACTIVE
SYN-U-19494,48,F,SALARIED,68713.91,Rangpur,1586,APP,ANDROID,MASS,ACTIVE
SYN-U-19495,36,F,SALARIED,41082.09,Rangpur,1130,APP,ANDROID,MASS,ACTIVE
SYN-U-19496,42,F,SALARIED,40960.25,Chittagong,2421,BRANCH,ANDROID,MASS,DORMANT
SYN-U-19497,31,F,SALARIED,31676.5,Dhaka,904,APP,ANDROID,MASS,ACTIVE
SYN-U-19498,26,F,SALARIED,56811.32,Sylhet,80,APP,ANDROID,STUDENT,ACTIVE
SYN-U-19499,62,F,BUSINESS,85522.35,Narayanganj,445,AGENT,ANDROID,PAYROLL,ACTIVE
SYN-U-19500,62,F,BUSINESS,118180.72,Rangpur,493,USSD,ANDROID,STUDENT,ACTIVE
SYN-U-19501,52,M,SALARIED,26419.71,Chittagong,154,APP,ANDROID,SME,ACTIVE
SYN-U-19502,28,M,SALARIED,129413.83,Dhaka,781,APP,IOS,AFFLUENT,ACTIVE
SYN-U-19503,45,F,SALARIED,35178.4,Rajshahi,212,APP,IOS,MASS,ACTIVE
SYN-U-19504,28,M,FREELANCER,106057.83,Dhaka,2097,AGENT,ANDROID,AFFLUENT,ACTIVE
SYN-U-19505,29,M,BUSINESS,104347.38,Chittagong,2147,APP,ANDROID,MASS,ACTIVE
SYN-U-19506,40,F,STUDENT,31134.86,Dhaka,2283,AGENT,IOS,MASS,ACTIVE
SYN-U-19507,39,F,SALARIED,58517.83,Dhaka,644,APP,ANDROID,PAYROLL,ACTIVE
SYN-U-19508,21,M,FREELANCER,183859.85,Dhaka,2222,APP,IOS,AFFLUENT,ACTIVE
SYN-U-19509,21,M,STUDENT,28686.61,Dhaka,1841,APP,ANDROID,MASS,ACTIVE
SYN-U-19510,36,F,FREELANCER,53641.97,Dhaka,1598,AGENT,ANDROID,PAYROLL,ACTIVE
SYN-U-19511,68,F,FREELANCER,37340.64,Jessore,1300,APP,ANDROID,MASS,ACTIVE
SYN-U-19512,55,M,SALARIED,51052.33,Dhaka,1667,AGENT,ANDROID,MASS,ACTIVE
SYN-U-19513,27,F,BUSINESS,119099.72,Dhaka,662,APP,ANDROID,MASS,ACTIVE
SYN-U-19514,61,M,BUSINESS,26709.58,Chittagong,1401,APP,ANDROID,MASS,ACTIVE
SYN-U-19515,37,M,BUSINESS,98664.13,Dhaka,1047,APP,ANDROID,AFFLUENT,ACTIVE
SYN-U-19516,20,F,BUSINESS,99845.34,Barishal,1909,AGENT,ANDROID,MASS,ACTIVE
SYN-U-19517,66,M,STUDENT,15000.0,Dhaka,243,AGENT,ANDROID,MASS,ACTIVE
SYN-U-19518,51,M,BUSINESS,37893.28,Dhaka,1160,BRANCH,ANDROID,MASS,ACTIVE
SYN-U-19519,65,M,HOMEMAKER,15000.0,Khulna,1672,APP,ANDROID,MASS,ACTIVE
SYN-U-19520,47,M,SALARIED,39891.92,Chittagong,2377,APP,ANDROID,MASS,ACTIVE
SYN-U-19521,24,M,SALARIED,15000.0,Gazipur,2305,AGENT,ANDROID,MASS,ACTIVE
SYN-U-19522,34,F,SALARIED,15118.11,Rajshahi,2115,USSD,ANDROID,PAYROLL,ACTIVE
SYN-U-19523,25,F,SALARIED,41928.95,Sylhet,2032,APP,IOS,MASS,ACTIVE
SYN-U-19524,57,M,BUSINESS,67447.18,Dhaka,371,APP,ANDROID,PAYROLL,ACTIVE
SYN-U-19525,37,F,SALARIED,39336.49,Rajshahi,1282,APP,ANDROID,MASS,ACTIVE
SYN-U-19526,22,F,STUDENT,20989.79,Chittagong,1179,APP,ANDROID,PAYROLL,ACTIVE
SYN-U-19527,39,F,SALARIED,36584.49,Dhaka,1430,APP,ANDROID,STUDENT,ACTIVE
SYN-U-19528,52,M,BUSINESS,186131.42,Gazipur,1016,APP,ANDROID,AFFLUENT,ACTIVE
SYN-U-19529,40,M,FREELANCER,146138.13,Dhaka,858,AGENT,ANDROID,AFFLUENT,ACTIVE
SYN-U-19530,35,F,SALARIED,41765.37,Chittagong,641,APP,ANDROID,STUDENT,ACTIVE
SYN-U-19531,40,M,HOMEMAKER,15000.0,Gazipur,1992,AGENT,ANDROID,MASS,ACTIVE
SYN-U-19532,21,F,SALARIED,126106.31,Cox's Bazar,1604,AGENT,FEATURE_PHONE,AFFLUENT,ACTIVE
SYN-U-19533,68,M,BUSINESS,74038.34,Dhaka,445,AGENT,ANDROID,MASS,ACTIVE
SYN-U-19534,68,M,FREELANCER,43604.77,Dhaka,1071,APP,ANDROID,MASS,ACTIVE
SYN-U-19535,62,F,STUDENT,37350.99,Rajshahi,748,APP,ANDROID,AFFLUENT,ACTIVE
SYN-U-19536,60,M,SALARIED,40401.59,Dhaka,503,AGENT,ANDROID,STUDENT,ACTIVE
SYN-U-19537,45,M,BUSINESS,159508.54,Dhaka,364,BRANCH,ANDROID,AFFLUENT,ACTIVE
SYN-U-19538,39,F,SALARIED,66341.45,Gazipur,1634,APP,ANDROID,MASS,ACTIVE
SYN-U-19539,65,F,STUDENT,15000.0,Dhaka,2109,AGENT,ANDROID,MASS,ACTIVE
SYN-U-19540,59,M,SALARIED,45264.32,Dhaka,302,APP,ANDROID,STUDENT,ACTIVE
SYN-U-19541,67,F,SALARIED,35957.77,Dhaka,972,APP,ANDROID,STUDENT,ACTIVE
SYN-U-19542,50,F,SALARIED,45506.89,Rangpur,995,APP,ANDROID,MASS,ACTIVE
SYN-U-19543,20,F,STUDENT,15764.98,Barishal,856,AGENT,ANDROID,MASS,ACTIVE
SYN-U-19544,27,F,SALARIED,38162.84,Rangpur,202,AGENT,ANDROID,SME,ACTIVE
SYN-U-19545,27,M,SALARIED,146148.57,Chittagong,900,APP,ANDROID,AFFLUENT,ACTIVE
SYN-U-19546,49,F,BUSINESS,47309.37,Dhaka,1314,AGENT,ANDROID,PAYROLL,ACTIVE
SYN-U-19547,43,F,BUSINESS,69472.09,Dhaka,1516,APP,IOS,MASS,ACTIVE
SYN-U-19548,61,M,STUDENT,15000.0,Cumilla,2040,APP,ANDROID,PAYROLL,ACTIVE
SYN-U-19549,23,F,SALARIED,63619.11,Chittagong,1176,APP,IOS,SME,ACTIVE
SYN-U-19550,62,F,FREELANCER,141632.32,Sylhet,1161,BRANCH,ANDROID,AFFLUENT,ACTIVE
SYN-U-19551,29,M,SALARIED,131357.24,Khulna,287,AGENT,ANDROID,SME,ACTIVE
SYN-U-19552,36,F,SALARIED,39913.56,Rajshahi,176,APP,ANDROID,STUDENT,ACTIVE
SYN-U-19553,39,F,SALARIED,60117.84,Chittagong,2299,BRANCH,ANDROID,MASS,ACTIVE
SYN-U-19554,27,M,BUSINESS,42790.24,Dhaka,130,BRANCH,ANDROID,MASS,ACTIVE
SYN-U-19555,18,M,FREELANCER,55258.86,Dhaka,1394,APP,ANDROID,MASS,ACTIVE
SYN-U-19556,34,M,FREELANCER,66195.79,Cumilla,1893,APP,ANDROID,SME,ACTIVE
SYN-U-19557,21,F,SALARIED,79832.44,Dhaka,1398,APP,ANDROID,SME,ACTIVE
SYN-U-19558,64,M,BUSINESS,203959.91,Dhaka,1703,APP,ANDROID,AFFLUENT,ACTIVE
SYN-U-19559,61,M,SALARIED,42581.82,Khulna,1939,AGENT,ANDROID,MASS,ACTIVE
SYN-U-19560,43,F,SALARIED,99497.13,Dhaka,1131,AGENT,FEATURE_PHONE,SME,ACTIVE
SYN-U-19561,70,M,SALARIED,55030.97,Dhaka,967,AGENT,ANDROID,MASS,ACTIVE
SYN-U-19562,45,M,FREELANCER,138440.29,Cumilla,1460,AGENT,ANDROID,AFFLUENT,ACTIVE
SYN-U-19563,43,F,RETIRED,120413.92,Dhaka,1345,APP,FEATURE_PHONE,AFFLUENT,ACTIVE
SYN-U-19564,39,F,RETIRED,42376.97,Dhaka,2400,APP,ANDROID,STUDENT,ACTIVE
SYN-U-19565,49,M,STUDENT,27425.56,Mymensingh,146,USSD,ANDROID,MASS,ACTIVE
SYN-U-19566,59,F,SALARIED,28016.39,Chittagong,1456,APP,ANDROID,MASS,ACTIVE
SYN-U-19567,54,M,BUSINESS,91596.01,Dhaka,1004,APP,ANDROID,MASS,ACTIVE
SYN-U-19568,40,M,STUDENT,22817.15,Chittagong,721,BRANCH,ANDROID,MASS,ACTIVE
SYN-U-19569,21,M,BUSINESS,46876.89,Gazipur,343,APP,ANDROID,MASS,ACTIVE
SYN-U-19570,48,M,BUSINESS,233501.33,Mymensingh,2467,BRANCH,ANDROID,AFFLUENT,ACTIVE
SYN-U-19571,41,M,FREELANCER,64775.02,Sylhet,1933,BRANCH,ANDROID,MASS,ACTIVE
SYN-U-19572,19,M,SALARIED,44687.57,Bogura,42,APP,ANDROID,STUDENT,DORMANT
SYN-U-19573,55,F,BUSINESS,32164.1,Barishal,197,APP,ANDROID,MASS,ACTIVE
SYN-U-19574,23,F,SALARIED,67149.39,Dhaka,1392,APP,ANDROID,AFFLUENT,ACTIVE
SYN-U-19575,47,F,BUSINESS,55985.56,Rangpur,1169,APP,ANDROID,MASS,ACTIVE
SYN-U-19576,18,M,SALARIED,69220.73,Cox's Bazar,1318,AGENT,ANDROID,MASS,ACTIVE
SYN-U-19577,42,M,SALARIED,41916.97,Narayanganj,2268,AGENT,ANDROID,MASS,ACTIVE
SYN-U-19578,56,F,STUDENT,26190.76,Chittagong,464,APP,ANDROID,MASS,ACTIVE
SYN-U-19579,42,M,STUDENT,15233.04,Chittagong,184,AGENT,ANDROID,MASS,ACTIVE
SYN-U-19580,19,F,SALARIED,89116.79,Sylhet,1092,APP,FEATURE_PHONE,AFFLUENT,ACTIVE
SYN-U-19581,18,F,BUSINESS,105632.04,Dhaka,2384,APP,ANDROID,MASS,ACTIVE
SYN-U-19582,68,M,SALARIED,29789.56,Cumilla,2358,BRANCH,ANDROID,MASS,ACTIVE
SYN-U-19583,61,F,SALARIED,177396.1,Chittagong,1138,APP,ANDROID,AFFLUENT,ACTIVE
SYN-U-19584,67,M,FREELANCER,54601.37,Cumilla,2472,APP,ANDROID,STUDENT,ACTIVE
SYN-U-19585,52,F,FREELANCER,19541.39,Gazipur,1763,APP,ANDROID,MASS,ACTIVE
SYN-U-19586,49,F,BUSINESS,82955.16,Sylhet,1592,BRANCH,ANDROID,MASS,ACTIVE
SYN-U-19587,53,M,STUDENT,19094.76,Mymensingh,2181,APP,FEATURE_PHONE,MASS,DORMANT
SYN-U-19588,64,M,SALARIED,53812.74,Dhaka,1119,APP,ANDROID,MASS,ACTIVE
SYN-U-19589,21,M,SALARIED,39446.12,Chittagong,428,USSD,ANDROID,MASS,ACTIVE
SYN-U-19590,48,O,HOMEMAKER,15000.0,Dhaka,720,APP,ANDROID,MASS,ACTIVE
SYN-U-19591,69,F,HOMEMAKER,41234.92,Jessore,1299,APP,ANDROID,AFFLUENT,ACTIVE
SYN-U-19592,63,F,SALARIED,60407.75,Sylhet,1253,APP,ANDROID,MASS,RESTRICTED
SYN-U-19593,35,M,FREELANCER,71418.74,Dhaka,1648,APP,ANDROID,MASS,ACTIVE
SYN-U-19594,23,F,FREELANCER,41492.93,Sylhet,181,APP,IOS,MASS,ACTIVE
SYN-U-19595,29,F,FREELANCER,35568.01,Chittagong,2263,APP,ANDROID,MASS,ACTIVE
SYN-U-19596,19,M,SALARIED,102560.71,Dhaka,1839,BRANCH,IOS,AFFLUENT,ACTIVE
SYN-U-19597,47,M,BUSINESS,90665.81,Dhaka,1965,BRANCH,ANDROID,PAYROLL,ACTIVE
SYN-U-19598,54,M,SALARIED,48773.7,Chittagong,1472,APP,ANDROID,MASS,ACTIVE
SYN-U-19599,53,F,SALARIED,54461.81,Chittagong,494,APP,ANDROID,STUDENT,ACTIVE
SYN-U-19600,18,M,BUSINESS,57762.93,Chittagong,940,APP,IOS,MASS,ACTIVE
SYN-U-19601,25,M,SALARIED,47683.84,Dhaka,929,APP,ANDROID,MASS,ACTIVE
SYN-U-19602,69,F,SALARIED,45749.49,Rangpur,97,APP,ANDROID,STUDENT,ACTIVE
SYN-U-19603,41,F,FREELANCER,182415.25,Dhaka,2278,APP,ANDROID,SME,ACTIVE
SYN-U-19604,21,F,SALARIED,45459.72,Dhaka,576,APP,ANDROID,STUDENT,ACTIVE
SYN-U-19605,19,M,SALARIED,24297.98,Rajshahi,933,AGENT,ANDROID,STUDENT,ACTIVE
SYN-U-19606,58,M,HOMEMAKER,67503.55,Chittagong,1613,USSD,ANDROID,AFFLUENT,ACTIVE
SYN-U-19607,57,F,HOMEMAKER,36228.81,Barishal,1086,AGENT,ANDROID,SME,ACTIVE
SYN-U-19608,18,M,SALARIED,83950.57,Dhaka,323,APP,ANDROID,AFFLUENT,ACTIVE
SYN-U-19609,45,F,BUSINESS,53664.6,Dhaka,2157,APP,ANDROID,PAYROLL,ACTIVE
SYN-U-19610,59,F,STUDENT,24529.96,Dhaka,2184,APP,IOS,MASS,ACTIVE
SYN-U-19611,58,F,SALARIED,18298.72,Chittagong,598,APP,ANDROID,MASS,ACTIVE
SYN-U-19612,22,M,SALARIED,40578.26,Sylhet,2387,APP,FEATURE_PHONE,MASS,ACTIVE
SYN-U-19613,32,F,SALARIED,86477.53,Dhaka,1342,APP,ANDROID,AFFLUENT,ACTIVE
SYN-U-19614,44,F,SALARIED,83484.28,Sylhet,1914,AGENT,ANDROID,SME,ACTIVE
SYN-U-19615,19,M,SALARIED,48386.69,Gazipur,1610,APP,ANDROID,MASS,ACTIVE
SYN-U-19616,70,F,SALARIED,118545.09,Cumilla,2281,AGENT,IOS,SME,ACTIVE
SYN-U-19617,29,M,SALARIED,58680.35,Gazipur,1979,APP,ANDROID,MASS,ACTIVE
SYN-U-19618,68,M,SALARIED,30741.3,Mymensingh,120,APP,ANDROID,MASS,ACTIVE
SYN-U-19619,39,F,BUSINESS,70205.65,Dhaka,153,USSD,ANDROID,SME,ACTIVE
SYN-U-19620,30,M,SALARIED,56006.12,Sylhet,399,APP,FEATURE_PHONE,MASS,DORMANT
SYN-U-19621,47,M,SALARIED,57725.3,Dhaka,1956,APP,ANDROID,MASS,ACTIVE
SYN-U-19622,22,M,SALARIED,110181.68,Jessore,802,BRANCH,IOS,AFFLUENT,ACTIVE
SYN-U-19623,70,F,SALARIED,103329.91,Sylhet,741,AGENT,ANDROID,SME,ACTIVE
SYN-U-19624,33,F,BUSINESS,188745.73,Dhaka,704,APP,FEATURE_PHONE,AFFLUENT,ACTIVE
SYN-U-19625,28,F,SALARIED,114948.65,Barishal,2193,APP,ANDROID,AFFLUENT,ACTIVE
SYN-U-19626,26,F,SALARIED,56544.26,Dhaka,1086,USSD,ANDROID,MASS,ACTIVE
SYN-U-19627,40,M,BUSINESS,16909.54,Mymensingh,740,APP,ANDROID,MASS,ACTIVE
SYN-U-19628,58,M,STUDENT,26163.73,Dhaka,1789,APP,ANDROID,MASS,ACTIVE
SYN-U-19629,49,F,SALARIED,27320.83,Dhaka,1549,APP,ANDROID,MASS,ACTIVE
SYN-U-19630,66,M,SALARIED,48004.25,Rangpur,1012,APP,IOS,MASS,ACTIVE
SYN-U-19631,35,F,STUDENT,17065.02,Gazipur,1930,APP,IOS,PAYROLL,ACTIVE
SYN-U-19632,41,F,RETIRED,32210.73,Chittagong,729,AGENT,ANDROID,MASS,ACTIVE
SYN-U-19633,55,M,SALARIED,62840.51,Rajshahi,660,APP,FEATURE_PHONE,MASS,ACTIVE
SYN-U-19634,55,F,SALARIED,29079.41,Sylhet,66,AGENT,ANDROID,PAYROLL,ACTIVE
SYN-U-19635,58,M,HOMEMAKER,23932.79,Chittagong,538,AGENT,ANDROID,MASS,ACTIVE
SYN-U-19636,32,M,SALARIED,84086.87,Dhaka,1194,APP,ANDROID,SME,ACTIVE
SYN-U-19637,47,F,SALARIED,60147.66,Dhaka,477,APP,IOS,MASS,ACTIVE
SYN-U-19638,65,F,BUSINESS,69462.27,Khulna,2282,AGENT,ANDROID,MASS,ACTIVE
SYN-U-19639,57,O,HOMEMAKER,90461.46,Gazipur,1450,AGENT,ANDROID,AFFLUENT,ACTIVE
SYN-U-19640,51,M,SALARIED,40739.18,Chittagong,252,APP,ANDROID,STUDENT,ACTIVE
SYN-U-19641,21,M,FREELANCER,34285.79,Chittagong,164,BRANCH,ANDROID,MASS,ACTIVE
SYN-U-19642,66,F,SALARIED,108514.9,Dhaka,1513,BRANCH,ANDROID,SME,ACTIVE
SYN-U-19643,43,M,SALARIED,43755.63,Chittagong,377,BRANCH,ANDROID,STUDENT,ACTIVE
SYN-U-19644,26,F,SALARIED,52234.45,Gazipur,1293,APP,ANDROID,MASS,ACTIVE
SYN-U-19645,37,F,RETIRED,40533.06,Dhaka,2439,AGENT,ANDROID,MASS,ACTIVE
SYN-U-19646,26,M,SALARIED,58146.31,Dhaka,1923,APP,ANDROID,STUDENT,ACTIVE
SYN-U-19647,52,F,FREELANCER,45122.25,Dhaka,337,APP,ANDROID,STUDENT,ACTIVE
SYN-U-19648,26,M,SALARIED,48552.28,Dhaka,1149,APP,ANDROID,MASS,ACTIVE
SYN-U-19649,23,M,SALARIED,49486.45,Dhaka,846,APP,ANDROID,MASS,ACTIVE
SYN-U-19650,42,F,RETIRED,31184.43,Chittagong,1231,APP,ANDROID,STUDENT,ACTIVE
SYN-U-19651,66,M,SALARIED,69491.38,Sylhet,1108,APP,ANDROID,MASS,ACTIVE
SYN-U-19652,19,M,BUSINESS,37572.05,Mymensingh,1771,APP,ANDROID,MASS,ACTIVE
SYN-U-19653,28,M,SALARIED,29283.81,Chittagong,1527,APP,ANDROID,PAYROLL,ACTIVE
SYN-U-19654,66,M,SALARIED,78677.01,Dhaka,1903,APP,ANDROID,AFFLUENT,ACTIVE
SYN-U-19655,57,M,SALARIED,132758.66,Dhaka,2119,USSD,ANDROID,AFFLUENT,ACTIVE
SYN-U-19656,52,M,BUSINESS,173722.85,Barishal,1623,APP,ANDROID,SME,ACTIVE
SYN-U-19657,27,M,SALARIED,43653.7,Rajshahi,1178,AGENT,ANDROID,MASS,RESTRICTED
SYN-U-19658,62,M,SALARIED,101181.82,Dhaka,563,APP,ANDROID,SME,ACTIVE
SYN-U-19659,25,F,STUDENT,23168.78,Sylhet,927,APP,ANDROID,MASS,RESTRICTED
SYN-U-19660,46,M,SALARIED,74451.56,Rajshahi,1549,APP,IOS,MASS,ACTIVE
SYN-U-19661,22,F,BUSINESS,96737.28,Chittagong,349,APP,ANDROID,MASS,ACTIVE
SYN-U-19662,64,F,SALARIED,34123.72,Dhaka,1500,AGENT,IOS,MASS,ACTIVE
SYN-U-19663,66,M,SALARIED,35864.52,Gazipur,1365,BRANCH,ANDROID,MASS,ACTIVE
SYN-U-19664,45,F,SALARIED,99680.33,Dhaka,825,AGENT,ANDROID,SME,ACTIVE
SYN-U-19665,50,F,BUSINESS,234813.45,Rajshahi,238,AGENT,ANDROID,AFFLUENT,ACTIVE
SYN-U-19666,54,M,FREELANCER,32159.62,Rajshahi,863,AGENT,ANDROID,MASS,ACTIVE
SYN-U-19667,60,M,BUSINESS,17445.62,Mymensingh,1277,APP,ANDROID,MASS,ACTIVE
SYN-U-19668,53,M,BUSINESS,71364.42,Gazipur,533,USSD,IOS,MASS,ACTIVE
SYN-U-19669,69,M,BUSINESS,63234.16,Rajshahi,1113,AGENT,ANDROID,PAYROLL,DORMANT
SYN-U-19670,44,F,SALARIED,33750.29,Khulna,2388,APP,ANDROID,MASS,ACTIVE
SYN-U-19671,55,F,FREELANCER,95501.36,Sylhet,1376,AGENT,IOS,SME,ACTIVE
SYN-U-19672,26,M,SALARIED,49428.81,Chittagong,1430,APP,ANDROID,STUDENT,ACTIVE
SYN-U-19673,49,M,BUSINESS,123167.14,Barishal,1499,APP,ANDROID,SME,ACTIVE
SYN-U-19674,31,M,SALARIED,49922.05,Sylhet,892,APP,ANDROID,STUDENT,ACTIVE
SYN-U-19675,51,M,SALARIED,38204.07,Dhaka,1590,AGENT,ANDROID,STUDENT,ACTIVE
SYN-U-19676,57,M,BUSINESS,31031.52,Dhaka,2228,AGENT,IOS,MASS,ACTIVE
SYN-U-19677,45,F,BUSINESS,40265.91,Chittagong,765,APP,ANDROID,MASS,ACTIVE
SYN-U-19678,53,F,HOMEMAKER,18793.8,Dhaka,1831,APP,ANDROID,MASS,ACTIVE
SYN-U-19679,69,F,BUSINESS,45698.73,Dhaka,571,APP,ANDROID,STUDENT,ACTIVE
SYN-U-19680,39,F,STUDENT,32504.79,Dhaka,1509,AGENT,FEATURE_PHONE,MASS,ACTIVE
SYN-U-19681,37,M,BUSINESS,88509.93,Mymensingh,970,AGENT,ANDROID,MASS,ACTIVE
SYN-U-19682,64,M,STUDENT,15000.0,Dhaka,1825,APP,ANDROID,MASS,ACTIVE
SYN-U-19683,71,M,HOMEMAKER,26470.92,Chittagong,2463,BRANCH,ANDROID,MASS,ACTIVE
SYN-U-19684,54,F,FREELANCER,49694.84,Chittagong,1422,BRANCH,ANDROID,STUDENT,ACTIVE
SYN-U-19685,70,F,STUDENT,21048.4,Dhaka,1031,APP,ANDROID,MASS,ACTIVE
SYN-U-19686,45,M,SALARIED,23170.84,Gazipur,1156,AGENT,ANDROID,MASS,ACTIVE
SYN-U-19687,69,F,SALARIED,80660.28,Bogura,430,APP,ANDROID,PAYROLL,ACTIVE
SYN-U-19688,24,M,FREELANCER,46990.67,Dhaka,699,AGENT,ANDROID,MASS,ACTIVE
SYN-U-19689,23,M,SALARIED,48259.74,Dhaka,229,AGENT,ANDROID,MASS,ACTIVE
SYN-U-19690,18,M,BUSINESS,158987.4,Chittagong,1800,APP,ANDROID,AFFLUENT,ACTIVE
SYN-U-19691,44,M,SALARIED,80027.8,Rajshahi,591,AGENT,ANDROID,AFFLUENT,ACTIVE
SYN-U-19692,45,F,STUDENT,15000.0,Khulna,1229,AGENT,ANDROID,MASS,ACTIVE
SYN-U-19693,53,M,BUSINESS,15000.0,Bogura,1974,APP,ANDROID,MASS,ACTIVE
SYN-U-19694,19,F,RETIRED,20888.23,Chittagong,605,APP,ANDROID,STUDENT,ACTIVE
SYN-U-19695,28,M,SALARIED,48972.89,Dhaka,1152,AGENT,ANDROID,MASS,ACTIVE
SYN-U-19696,53,O,BUSINESS,192961.21,Dhaka,1332,APP,ANDROID,SME,ACTIVE
SYN-U-19697,46,F,BUSINESS,54745.9,Chittagong,1708,AGENT,ANDROID,MASS,ACTIVE
SYN-U-19698,47,M,BUSINESS,94863.74,Bogura,1069,AGENT,ANDROID,MASS,ACTIVE
SYN-U-19699,54,M,FREELANCER,36400.92,Gazipur,1631,APP,ANDROID,STUDENT,ACTIVE
SYN-U-19700,71,F,SALARIED,92034.79,Chittagong,591,APP,ANDROID,SME,ACTIVE
SYN-U-19701,53,F,FREELANCER,56226.38,Chittagong,2088,AGENT,ANDROID,MASS,ACTIVE
SYN-U-19702,57,F,STUDENT,16991.75,Dhaka,98,AGENT,ANDROID,STUDENT,ACTIVE
SYN-U-19703,31,F,FREELANCER,126505.46,Gazipur,1797,APP,ANDROID,AFFLUENT,ACTIVE
SYN-U-19704,20,M,SALARIED,17350.9,Dhaka,1927,APP,ANDROID,MASS,ACTIVE
SYN-U-19705,19,F,SALARIED,67775.77,Jessore,1027,USSD,IOS,SME,ACTIVE
SYN-U-19706,43,M,SALARIED,109480.71,Barishal,477,AGENT,IOS,SME,ACTIVE
SYN-U-19707,68,F,FREELANCER,67318.55,Rajshahi,360,AGENT,ANDROID,STUDENT,ACTIVE
SYN-U-19708,41,F,RETIRED,23505.33,Chittagong,639,APP,ANDROID,MASS,ACTIVE
SYN-U-19709,48,F,SALARIED,27666.54,Dhaka,461,BRANCH,ANDROID,STUDENT,ACTIVE
SYN-U-19710,58,M,SALARIED,52795.4,Narayanganj,874,APP,ANDROID,MASS,ACTIVE
SYN-U-19711,19,F,FREELANCER,67348.46,Gazipur,2213,APP,ANDROID,MASS,ACTIVE
SYN-U-19712,53,F,SALARIED,106620.76,Chittagong,1510,USSD,ANDROID,SME,ACTIVE
SYN-U-19713,55,M,HOMEMAKER,20158.69,Mymensingh,58,AGENT,ANDROID,MASS,ACTIVE
SYN-U-19714,57,M,SALARIED,44894.11,Dhaka,1495,APP,ANDROID,STUDENT,ACTIVE
SYN-U-19715,25,F,HOMEMAKER,22773.97,Dhaka,295,APP,ANDROID,MASS,ACTIVE
SYN-U-19716,35,M,SALARIED,62415.25,Chittagong,2119,APP,ANDROID,MASS,ACTIVE
SYN-U-19717,22,F,RETIRED,24474.42,Dhaka,1963,APP,ANDROID,MASS,ACTIVE
SYN-U-19718,69,M,SALARIED,22773.43,Barishal,1277,APP,ANDROID,STUDENT,ACTIVE
SYN-U-19719,42,F,RETIRED,32726.32,Chittagong,187,AGENT,IOS,PAYROLL,ACTIVE
SYN-U-19720,18,F,SALARIED,49313.68,Rangpur,2232,APP,ANDROID,STUDENT,ACTIVE
SYN-U-19721,62,M,FREELANCER,15000.0,Dhaka,191,APP,FEATURE_PHONE,PAYROLL,ACTIVE
SYN-U-19722,67,F,BUSINESS,51893.59,Chittagong,619,AGENT,ANDROID,MASS,ACTIVE
SYN-U-19723,58,F,SALARIED,57144.19,Mymensingh,831,APP,ANDROID,MASS,ACTIVE
SYN-U-19724,29,M,SALARIED,84727.48,Dhaka,718,APP,ANDROID,AFFLUENT,ACTIVE
SYN-U-19725,71,M,SALARIED,105486.02,Dhaka,716,AGENT,ANDROID,AFFLUENT,ACTIVE
SYN-U-19726,40,F,SALARIED,104026.03,Chittagong,616,AGENT,ANDROID,AFFLUENT,ACTIVE
SYN-U-19727,60,M,SALARIED,71619.34,Dhaka,924,USSD,ANDROID,SME,ACTIVE
SYN-U-19728,50,M,BUSINESS,168616.82,Dhaka,583,APP,ANDROID,AFFLUENT,ACTIVE
SYN-U-19729,32,M,SALARIED,63870.29,Dhaka,2415,APP,ANDROID,SME,ACTIVE
SYN-U-19730,18,M,FREELANCER,60349.03,Dhaka,1434,USSD,ANDROID,MASS,ACTIVE
SYN-U-19731,66,F,SALARIED,71601.12,Rajshahi,56,AGENT,ANDROID,MASS,ACTIVE
SYN-U-19732,43,M,FREELANCER,51758.98,Rangpur,2000,BRANCH,ANDROID,MASS,ACTIVE
SYN-U-19733,23,M,BUSINESS,43939.83,Barishal,435,AGENT,IOS,MASS,ACTIVE
SYN-U-19734,42,F,STUDENT,20501.72,Dhaka,2451,APP,ANDROID,MASS,ACTIVE
SYN-U-19735,62,M,STUDENT,15000.0,Khulna,2308,APP,ANDROID,MASS,ACTIVE
SYN-U-19736,39,M,FREELANCER,48213.11,Barishal,2015,BRANCH,FEATURE_PHONE,STUDENT,ACTIVE
SYN-U-19737,44,M,SALARIED,32049.61,Rajshahi,693,BRANCH,ANDROID,MASS,DORMANT
SYN-U-19738,46,M,BUSINESS,244572.38,Khulna,521,BRANCH,IOS,SME,ACTIVE
SYN-U-19739,18,M,BUSINESS,15000.0,Cumilla,1147,APP,ANDROID,STUDENT,ACTIVE
SYN-U-19740,33,F,SALARIED,25273.54,Sylhet,1733,AGENT,ANDROID,MASS,ACTIVE
SYN-U-19741,36,M,SALARIED,59994.14,Cumilla,441,AGENT,ANDROID,MASS,ACTIVE
SYN-U-19742,24,M,STUDENT,23362.34,Sylhet,2410,AGENT,ANDROID,MASS,ACTIVE
SYN-U-19743,66,M,SALARIED,66625.51,Dhaka,1499,BRANCH,ANDROID,AFFLUENT,ACTIVE
SYN-U-19744,69,F,SALARIED,79245.38,Dhaka,671,APP,ANDROID,SME,ACTIVE
SYN-U-19745,30,M,SALARIED,39917.96,Dhaka,331,USSD,ANDROID,MASS,ACTIVE
SYN-U-19746,28,M,BUSINESS,20203.74,Jessore,308,APP,ANDROID,MASS,ACTIVE
SYN-U-19747,57,M,SALARIED,33383.81,Mymensingh,855,APP,ANDROID,STUDENT,ACTIVE
SYN-U-19748,28,M,FREELANCER,70067.13,Gazipur,517,USSD,ANDROID,MASS,ACTIVE
SYN-U-19749,41,F,SALARIED,65977.62,Barishal,2297,APP,IOS,MASS,DORMANT
SYN-U-19750,22,F,STUDENT,18074.37,Chittagong,2479,APP,ANDROID,MASS,ACTIVE
SYN-U-19751,70,M,SALARIED,46842.07,Dhaka,986,AGENT,ANDROID,MASS,ACTIVE
SYN-U-19752,18,M,HOMEMAKER,82270.11,Dhaka,2171,APP,ANDROID,AFFLUENT,ACTIVE
SYN-U-19753,32,M,SALARIED,65593.51,Chittagong,1849,BRANCH,ANDROID,MASS,ACTIVE
SYN-U-19754,22,F,SALARIED,44381.37,Chittagong,1409,APP,ANDROID,MASS,RESTRICTED
SYN-U-19755,43,F,FREELANCER,182221.96,Rajshahi,1183,APP,IOS,AFFLUENT,ACTIVE
SYN-U-19756,34,M,SALARIED,103648.8,Dhaka,595,APP,IOS,AFFLUENT,ACTIVE
SYN-U-19757,34,F,HOMEMAKER,25132.58,Chittagong,964,APP,ANDROID,MASS,ACTIVE
SYN-U-19758,26,M,STUDENT,23905.99,Dhaka,304,AGENT,ANDROID,MASS,DORMANT
SYN-U-19759,49,M,BUSINESS,82591.74,Chittagong,938,APP,ANDROID,MASS,DORMANT
SYN-U-19760,62,M,SALARIED,63425.04,Rajshahi,2323,APP,ANDROID,STUDENT,ACTIVE
SYN-U-19761,32,F,SALARIED,134409.99,Khulna,1748,USSD,ANDROID,AFFLUENT,ACTIVE
SYN-U-19762,32,F,SALARIED,70080.49,Dhaka,2335,APP,ANDROID,AFFLUENT,ACTIVE
SYN-U-19763,36,M,BUSINESS,142710.98,Rangpur,727,APP,IOS,MASS,ACTIVE
SYN-U-19764,41,M,BUSINESS,131420.9,Chittagong,1036,APP,ANDROID,SME,ACTIVE
SYN-U-19765,34,F,STUDENT,20435.56,Rajshahi,1519,AGENT,ANDROID,MASS,ACTIVE
SYN-U-19766,35,M,BUSINESS,66964.65,Chittagong,612,USSD,ANDROID,SME,ACTIVE
SYN-U-19767,49,M,SALARIED,80049.42,Khulna,969,APP,ANDROID,MASS,ACTIVE
SYN-U-19768,49,F,SALARIED,108638.32,Chittagong,2179,APP,ANDROID,AFFLUENT,ACTIVE
SYN-U-19769,20,M,SALARIED,54657.53,Cumilla,1874,BRANCH,FEATURE_PHONE,MASS,ACTIVE
SYN-U-19770,64,F,SALARIED,54315.27,Khulna,296,APP,ANDROID,MASS,ACTIVE
SYN-U-19771,34,M,SALARIED,63609.12,Barishal,161,APP,ANDROID,PAYROLL,ACTIVE
SYN-U-19772,41,F,FREELANCER,66043.09,Dhaka,893,APP,ANDROID,MASS,ACTIVE
SYN-U-19773,22,M,SALARIED,121357.32,Gazipur,710,APP,ANDROID,AFFLUENT,ACTIVE
SYN-U-19774,30,F,SALARIED,63413.73,Rajshahi,1553,APP,ANDROID,MASS,ACTIVE
SYN-U-19775,30,M,BUSINESS,76347.06,Dhaka,996,AGENT,ANDROID,SME,ACTIVE
SYN-U-19776,63,M,STUDENT,20217.75,Dhaka,1346,APP,ANDROID,MASS,ACTIVE
SYN-U-19777,68,M,SALARIED,39917.29,Gazipur,1633,AGENT,ANDROID,STUDENT,ACTIVE
SYN-U-19778,35,F,SALARIED,76228.06,Dhaka,379,APP,ANDROID,AFFLUENT,ACTIVE
SYN-U-19779,23,F,SALARIED,66945.39,Gazipur,943,AGENT,IOS,AFFLUENT,ACTIVE
SYN-U-19780,49,F,BUSINESS,69610.08,Chittagong,1405,APP,ANDROID,MASS,ACTIVE
SYN-U-19781,53,M,FREELANCER,71932.87,Cumilla,161,APP,ANDROID,MASS,ACTIVE
SYN-U-19782,20,M,RETIRED,36353.51,Sylhet,1561,APP,ANDROID,MASS,ACTIVE
SYN-U-19783,57,M,SALARIED,43674.38,Sylhet,362,APP,IOS,MASS,ACTIVE
SYN-U-19784,41,F,SALARIED,161266.28,Chittagong,2234,AGENT,ANDROID,AFFLUENT,ACTIVE
SYN-U-19785,43,M,SALARIED,40041.28,Chittagong,1587,APP,ANDROID,MASS,ACTIVE
SYN-U-19786,19,F,SALARIED,60352.32,Chittagong,2020,AGENT,ANDROID,MASS,DORMANT
SYN-U-19787,71,M,SALARIED,48112.54,Dhaka,1936,AGENT,ANDROID,MASS,ACTIVE
SYN-U-19788,33,F,SALARIED,83273.16,Chittagong,271,AGENT,ANDROID,SME,ACTIVE
SYN-U-19789,51,M,BUSINESS,235220.1,Bogura,1744,APP,ANDROID,AFFLUENT,ACTIVE
SYN-U-19790,59,M,STUDENT,43936.87,Dhaka,2012,AGENT,IOS,SME,ACTIVE
SYN-U-19791,57,F,FREELANCER,175046.36,Khulna,158,APP,ANDROID,AFFLUENT,ACTIVE
SYN-U-19792,30,M,RETIRED,47947.12,Chittagong,2315,APP,ANDROID,MASS,ACTIVE
SYN-U-19793,64,F,SALARIED,89236.66,Cumilla,1899,APP,ANDROID,AFFLUENT,ACTIVE
SYN-U-19794,61,M,BUSINESS,30819.79,Sylhet,1429,AGENT,ANDROID,STUDENT,ACTIVE
SYN-U-19795,25,F,SALARIED,53635.4,Rajshahi,1704,APP,ANDROID,MASS,ACTIVE
SYN-U-19796,46,M,SALARIED,54211.93,Chittagong,1742,AGENT,ANDROID,STUDENT,ACTIVE
SYN-U-19797,26,F,SALARIED,28446.56,Chittagong,2235,APP,ANDROID,MASS,ACTIVE
SYN-U-19798,23,M,BUSINESS,22832.19,Dhaka,2391,APP,ANDROID,MASS,ACTIVE
SYN-U-19799,53,M,SALARIED,25690.45,Barishal,2311,APP,ANDROID,MASS,ACTIVE
SYN-U-19800,53,M,SALARIED,59369.64,Chittagong,2195,AGENT,ANDROID,STUDENT,ACTIVE
SYN-U-19801,47,M,SALARIED,67626.16,Chittagong,1037,APP,ANDROID,SME,ACTIVE
SYN-U-19802,35,F,BUSINESS,29059.1,Rangpur,1408,APP,ANDROID,STUDENT,DORMANT
SYN-U-19803,48,M,BUSINESS,104586.52,Khulna,2373,APP,ANDROID,AFFLUENT,ACTIVE
SYN-U-19804,18,M,BUSINESS,56066.23,Chittagong,866,AGENT,ANDROID,MASS,ACTIVE
SYN-U-19805,24,F,SALARIED,75364.74,Chittagong,2364,APP,IOS,MASS,ACTIVE
SYN-U-19806,21,M,BUSINESS,54442.9,Chittagong,945,APP,ANDROID,MASS,ACTIVE
SYN-U-19807,33,F,HOMEMAKER,15657.37,Dhaka,663,USSD,ANDROID,STUDENT,ACTIVE
SYN-U-19808,67,F,SALARIED,106462.13,Khulna,1699,AGENT,ANDROID,SME,ACTIVE
SYN-U-19809,57,F,SALARIED,56245.45,Rajshahi,1383,AGENT,ANDROID,AFFLUENT,ACTIVE
SYN-U-19810,69,F,BUSINESS,96172.01,Narayanganj,1999,APP,IOS,MASS,ACTIVE
SYN-U-19811,23,F,BUSINESS,76636.85,Dhaka,1953,APP,ANDROID,MASS,ACTIVE
SYN-U-19812,24,F,SALARIED,43580.24,Sylhet,725,APP,IOS,MASS,ACTIVE
SYN-U-19813,42,M,BUSINESS,69107.01,Sylhet,1117,AGENT,IOS,MASS,ACTIVE
SYN-U-19814,26,M,BUSINESS,87576.68,Dhaka,919,AGENT,ANDROID,MASS,ACTIVE
SYN-U-19815,36,F,FREELANCER,166627.75,Dhaka,2014,APP,ANDROID,AFFLUENT,ACTIVE
SYN-U-19816,44,M,HOMEMAKER,16423.14,Dhaka,544,APP,ANDROID,STUDENT,DORMANT
SYN-U-19817,29,M,BUSINESS,155000.66,Dhaka,2313,APP,ANDROID,SME,ACTIVE
SYN-U-19818,42,M,BUSINESS,98774.72,Dhaka,1334,AGENT,ANDROID,MASS,ACTIVE
SYN-U-19819,27,M,FREELANCER,63773.72,Mymensingh,711,USSD,ANDROID,MASS,ACTIVE
SYN-U-19820,24,F,SALARIED,57927.42,Dhaka,1698,APP,ANDROID,MASS,ACTIVE
SYN-U-19821,66,M,STUDENT,31935.21,Rajshahi,1483,AGENT,ANDROID,STUDENT,ACTIVE
SYN-U-19822,55,F,BUSINESS,83421.71,Dhaka,1542,APP,ANDROID,MASS,ACTIVE
SYN-U-19823,31,M,SALARIED,121687.99,Khulna,1972,BRANCH,IOS,SME,ACTIVE
SYN-U-19824,61,F,SALARIED,34777.72,Dhaka,2057,APP,ANDROID,MASS,ACTIVE
SYN-U-19825,49,F,STUDENT,15000.0,Khulna,538,AGENT,ANDROID,STUDENT,ACTIVE
SYN-U-19826,65,M,BUSINESS,78590.33,Chittagong,193,APP,ANDROID,STUDENT,ACTIVE
SYN-U-19827,35,M,FREELANCER,63821.14,Sylhet,851,APP,ANDROID,MASS,ACTIVE
SYN-U-19828,27,M,HOMEMAKER,64610.9,Jessore,1699,APP,ANDROID,AFFLUENT,ACTIVE
SYN-U-19829,32,F,SALARIED,27621.13,Chittagong,240,APP,ANDROID,STUDENT,ACTIVE
SYN-U-19830,63,F,RETIRED,25961.92,Chittagong,1335,APP,ANDROID,MASS,ACTIVE
SYN-U-19831,68,M,FREELANCER,108206.3,Chittagong,2215,AGENT,FEATURE_PHONE,SME,ACTIVE
SYN-U-19832,35,F,SALARIED,36402.25,Dhaka,74,AGENT,ANDROID,MASS,ACTIVE
SYN-U-19833,30,F,FREELANCER,70781.53,Narayanganj,613,APP,ANDROID,MASS,ACTIVE
SYN-U-19834,30,M,SALARIED,40827.27,Dhaka,764,AGENT,ANDROID,PAYROLL,ACTIVE
SYN-U-19835,46,M,FREELANCER,52092.06,Dhaka,2083,APP,ANDROID,MASS,ACTIVE
SYN-U-19836,51,F,STUDENT,23314.32,Jessore,174,APP,IOS,STUDENT,ACTIVE
SYN-U-19837,25,M,BUSINESS,56836.99,Rajshahi,896,APP,ANDROID,MASS,DORMANT
SYN-U-19838,23,F,BUSINESS,70174.28,Gazipur,527,APP,IOS,MASS,ACTIVE
SYN-U-19839,43,F,SALARIED,39502.73,Mymensingh,311,APP,IOS,MASS,ACTIVE
SYN-U-19840,41,M,BUSINESS,102774.46,Sylhet,77,AGENT,IOS,MASS,ACTIVE
SYN-U-19841,26,F,SALARIED,37969.42,Rangpur,2457,BRANCH,ANDROID,MASS,ACTIVE
SYN-U-19842,34,M,FREELANCER,84203.53,Gazipur,579,AGENT,ANDROID,SME,ACTIVE
SYN-U-19843,44,F,SALARIED,51541.14,Dhaka,783,APP,ANDROID,MASS,ACTIVE
SYN-U-19844,23,F,SALARIED,49279.15,Dhaka,463,APP,ANDROID,MASS,ACTIVE
SYN-U-19845,31,M,SALARIED,35971.8,Dhaka,450,APP,ANDROID,STUDENT,ACTIVE
SYN-U-19846,63,M,SALARIED,139731.17,Dhaka,676,APP,ANDROID,AFFLUENT,ACTIVE
SYN-U-19847,21,M,SALARIED,37302.97,Mymensingh,1135,USSD,ANDROID,STUDENT,ACTIVE
SYN-U-19848,65,M,STUDENT,17319.04,Dhaka,2364,APP,FEATURE_PHONE,STUDENT,ACTIVE
SYN-U-19849,24,M,BUSINESS,23226.08,Dhaka,1421,AGENT,ANDROID,MASS,ACTIVE
SYN-U-19850,35,M,FREELANCER,158330.24,Khulna,2280,APP,ANDROID,AFFLUENT,ACTIVE
SYN-U-19851,47,M,SALARIED,63214.61,Rajshahi,651,APP,ANDROID,AFFLUENT,ACTIVE
SYN-U-19852,46,F,SALARIED,66148.95,Khulna,1841,APP,ANDROID,MASS,ACTIVE
SYN-U-19853,39,M,HOMEMAKER,15000.0,Chittagong,1432,BRANCH,ANDROID,MASS,ACTIVE
SYN-U-19854,68,F,HOMEMAKER,62965.04,Mymensingh,1059,APP,ANDROID,AFFLUENT,ACTIVE
SYN-U-19855,69,F,STUDENT,15000.0,Dhaka,344,APP,ANDROID,MASS,DORMANT
SYN-U-19856,36,F,SALARIED,47316.1,Rajshahi,668,APP,IOS,PAYROLL,ACTIVE
SYN-U-19857,42,M,BUSINESS,92214.33,Dhaka,2372,APP,IOS,MASS,ACTIVE
SYN-U-19858,55,M,BUSINESS,49077.8,Gazipur,140,AGENT,IOS,MASS,ACTIVE
SYN-U-19859,32,F,SALARIED,61513.91,Dhaka,1136,APP,ANDROID,MASS,ACTIVE
SYN-U-19860,24,F,SALARIED,49215.4,Cox's Bazar,1477,APP,ANDROID,SME,ACTIVE
SYN-U-19861,30,F,FREELANCER,52813.83,Dhaka,2371,APP,ANDROID,MASS,ACTIVE
SYN-U-19862,63,F,HOMEMAKER,20593.88,Khulna,2333,USSD,ANDROID,MASS,ACTIVE
SYN-U-19863,45,F,SALARIED,31648.6,Dhaka,964,BRANCH,ANDROID,MASS,ACTIVE
SYN-U-19864,33,M,SALARIED,42903.85,Dhaka,1035,AGENT,ANDROID,MASS,ACTIVE
SYN-U-19865,37,M,SALARIED,48225.62,Mymensingh,2485,APP,ANDROID,MASS,ACTIVE
SYN-U-19866,18,F,SALARIED,42564.53,Chittagong,1486,AGENT,ANDROID,PAYROLL,ACTIVE
SYN-U-19867,34,F,HOMEMAKER,36167.16,Chittagong,682,USSD,ANDROID,MASS,ACTIVE
SYN-U-19868,28,F,STUDENT,19224.16,Dhaka,2376,APP,ANDROID,PAYROLL,ACTIVE
SYN-U-19869,54,F,STUDENT,20868.75,Dhaka,1851,APP,FEATURE_PHONE,PAYROLL,DORMANT
SYN-U-19870,60,M,BUSINESS,100910.29,Dhaka,989,AGENT,ANDROID,PAYROLL,ACTIVE
SYN-U-19871,60,M,FREELANCER,42901.75,Chittagong,465,APP,ANDROID,MASS,ACTIVE
SYN-U-19872,44,M,STUDENT,16076.99,Dhaka,940,APP,ANDROID,MASS,ACTIVE
SYN-U-19873,58,F,STUDENT,15000.0,Dhaka,2287,AGENT,ANDROID,SME,ACTIVE
SYN-U-19874,28,F,SALARIED,61835.16,Dhaka,1169,AGENT,ANDROID,MASS,ACTIVE
SYN-U-19875,71,M,SALARIED,58071.55,Chittagong,504,AGENT,ANDROID,MASS,ACTIVE
SYN-U-19876,26,M,BUSINESS,151516.28,Narayanganj,1118,AGENT,ANDROID,AFFLUENT,ACTIVE
SYN-U-19877,29,F,FREELANCER,47831.9,Rajshahi,2476,APP,ANDROID,MASS,ACTIVE
SYN-U-19878,33,F,HOMEMAKER,37911.7,Rajshahi,1158,USSD,IOS,MASS,ACTIVE
SYN-U-19879,57,F,SALARIED,86362.06,Dhaka,2426,APP,ANDROID,SME,ACTIVE
SYN-U-19880,38,F,SALARIED,46329.66,Chittagong,1086,AGENT,ANDROID,MASS,ACTIVE
SYN-U-19881,36,F,BUSINESS,51920.49,Rajshahi,2246,USSD,ANDROID,MASS,ACTIVE
SYN-U-19882,35,M,BUSINESS,59814.29,Mymensingh,1732,APP,ANDROID,AFFLUENT,ACTIVE
SYN-U-19883,62,M,SALARIED,91758.14,Cox's Bazar,95,APP,ANDROID,SME,ACTIVE
SYN-U-19884,67,M,BUSINESS,54113.99,Mymensingh,1871,APP,ANDROID,MASS,RESTRICTED
SYN-U-19885,57,M,BUSINESS,100332.67,Dhaka,1146,AGENT,ANDROID,AFFLUENT,ACTIVE
SYN-U-19886,37,M,BUSINESS,200410.84,Narayanganj,2456,APP,ANDROID,SME,ACTIVE
SYN-U-19887,46,M,FREELANCER,51973.76,Chittagong,1633,APP,ANDROID,STUDENT,ACTIVE
SYN-U-19888,21,F,RETIRED,79512.46,Dhaka,700,AGENT,ANDROID,AFFLUENT,ACTIVE
SYN-U-19889,57,M,SALARIED,71955.48,Chittagong,2438,APP,ANDROID,SME,ACTIVE
SYN-U-19890,65,M,FREELANCER,108119.38,Dhaka,1691,APP,ANDROID,MASS,ACTIVE
SYN-U-19891,31,M,SALARIED,74303.23,Dhaka,149,APP,ANDROID,AFFLUENT,ACTIVE
SYN-U-19892,46,F,HOMEMAKER,15000.0,Dhaka,710,APP,ANDROID,STUDENT,ACTIVE
SYN-U-19893,71,F,SALARIED,90583.61,Dhaka,163,AGENT,ANDROID,AFFLUENT,ACTIVE
SYN-U-19894,44,M,BUSINESS,109212.92,Dhaka,1546,APP,ANDROID,SME,ACTIVE
SYN-U-19895,66,M,STUDENT,39382.44,Rangpur,752,APP,IOS,AFFLUENT,ACTIVE
SYN-U-19896,49,F,BUSINESS,71790.64,Sylhet,1917,APP,ANDROID,MASS,ACTIVE
SYN-U-19897,37,F,BUSINESS,68335.96,Khulna,521,AGENT,FEATURE_PHONE,MASS,ACTIVE
SYN-U-19898,20,F,BUSINESS,63416.4,Narayanganj,2493,USSD,IOS,MASS,DORMANT
SYN-U-19899,43,F,SALARIED,70487.68,Barishal,2336,APP,ANDROID,MASS,ACTIVE
SYN-U-19900,36,F,FREELANCER,201049.27,Sylhet,516,APP,ANDROID,AFFLUENT,ACTIVE
SYN-U-19901,63,F,BUSINESS,32961.27,Chittagong,1621,APP,ANDROID,PAYROLL,ACTIVE
SYN-U-19902,35,M,SALARIED,43197.07,Dhaka,1331,APP,ANDROID,MASS,ACTIVE
SYN-U-19903,47,F,SALARIED,63598.69,Khulna,2005,AGENT,ANDROID,MASS,RESTRICTED
SYN-U-19904,26,F,SALARIED,84328.81,Khulna,62,APP,ANDROID,AFFLUENT,ACTIVE
SYN-U-19905,69,F,HOMEMAKER,37917.69,Rajshahi,2194,APP,ANDROID,SME,ACTIVE
SYN-U-19906,59,F,SALARIED,37178.41,Dhaka,385,APP,ANDROID,MASS,ACTIVE
SYN-U-19907,43,M,STUDENT,24344.92,Chittagong,2362,BRANCH,ANDROID,AFFLUENT,ACTIVE
SYN-U-19908,32,M,SALARIED,114245.09,Rajshahi,2372,APP,ANDROID,AFFLUENT,ACTIVE
SYN-U-19909,41,M,SALARIED,32076.77,Rangpur,1747,APP,ANDROID,MASS,ACTIVE
SYN-U-19910,45,F,HOMEMAKER,15155.13,Rangpur,813,APP,ANDROID,MASS,ACTIVE
SYN-U-19911,52,F,BUSINESS,165604.45,Rajshahi,1182,APP,ANDROID,AFFLUENT,DORMANT
SYN-U-19912,31,M,RETIRED,31560.24,Chittagong,917,APP,ANDROID,MASS,ACTIVE
SYN-U-19913,57,M,SALARIED,41401.51,Cumilla,2152,AGENT,ANDROID,MASS,ACTIVE
SYN-U-19914,50,M,SALARIED,58828.92,Chittagong,571,APP,ANDROID,PAYROLL,ACTIVE
SYN-U-19915,61,M,HOMEMAKER,15000.0,Khulna,1134,APP,ANDROID,MASS,ACTIVE
SYN-U-19916,52,M,STUDENT,16617.57,Chittagong,1737,AGENT,ANDROID,STUDENT,ACTIVE
SYN-U-19917,46,F,BUSINESS,30326.08,Rajshahi,2460,AGENT,IOS,SME,ACTIVE
SYN-U-19918,31,F,SALARIED,64151.54,Jessore,1567,BRANCH,FEATURE_PHONE,PAYROLL,DORMANT
SYN-U-19919,32,M,SALARIED,56537.28,Dhaka,310,AGENT,ANDROID,MASS,ACTIVE
SYN-U-19920,39,M,STUDENT,17214.89,Barishal,261,APP,ANDROID,MASS,RESTRICTED
SYN-U-19921,66,M,BUSINESS,62165.08,Dhaka,1344,APP,FEATURE_PHONE,STUDENT,ACTIVE
SYN-U-19922,56,F,BUSINESS,73579.26,Cumilla,1907,AGENT,ANDROID,STUDENT,ACTIVE
SYN-U-19923,23,F,BUSINESS,44723.73,Dhaka,677,AGENT,ANDROID,PAYROLL,ACTIVE
SYN-U-19924,33,M,BUSINESS,59961.19,Dhaka,791,AGENT,ANDROID,STUDENT,ACTIVE
SYN-U-19925,18,M,SALARIED,39000.39,Gazipur,1860,AGENT,ANDROID,MASS,DORMANT
SYN-U-19926,33,M,BUSINESS,36520.5,Dhaka,1670,APP,IOS,STUDENT,ACTIVE
SYN-U-19927,61,F,SALARIED,15000.0,Dhaka,2141,APP,ANDROID,MASS,ACTIVE
SYN-U-19928,50,F,SALARIED,65184.33,Cox's Bazar,1260,AGENT,ANDROID,MASS,ACTIVE
SYN-U-19929,40,M,SALARIED,48726.37,Chittagong,1262,APP,ANDROID,AFFLUENT,ACTIVE
SYN-U-19930,65,F,STUDENT,16246.93,Dhaka,1759,APP,ANDROID,STUDENT,ACTIVE
SYN-U-19931,57,F,SALARIED,53939.69,Chittagong,1291,AGENT,ANDROID,STUDENT,ACTIVE
SYN-U-19932,36,F,HOMEMAKER,15266.6,Khulna,1291,APP,ANDROID,MASS,ACTIVE
SYN-U-19933,45,M,SALARIED,72188.02,Rangpur,1454,APP,ANDROID,MASS,ACTIVE
SYN-U-19934,37,M,STUDENT,15000.0,Khulna,116,AGENT,ANDROID,MASS,ACTIVE
SYN-U-19935,24,M,SALARIED,60598.18,Cumilla,2331,APP,ANDROID,MASS,ACTIVE
SYN-U-19936,52,M,BUSINESS,86137.86,Chittagong,2197,AGENT,ANDROID,MASS,ACTIVE
SYN-U-19937,38,M,FREELANCER,28770.01,Rajshahi,52,APP,ANDROID,MASS,ACTIVE
SYN-U-19938,40,F,BUSINESS,88250.14,Mymensingh,2363,APP,ANDROID,AFFLUENT,ACTIVE
SYN-U-19939,53,M,FREELANCER,54111.21,Mymensingh,294,APP,IOS,MASS,ACTIVE
SYN-U-19940,47,F,STUDENT,19839.42,Khulna,1378,BRANCH,ANDROID,MASS,ACTIVE
SYN-U-19941,67,M,SALARIED,37823.41,Dhaka,718,APP,ANDROID,MASS,ACTIVE
SYN-U-19942,52,F,SALARIED,32649.47,Gazipur,1808,AGENT,IOS,PAYROLL,ACTIVE
SYN-U-19943,49,M,BUSINESS,108755.77,Cox's Bazar,1217,APP,ANDROID,PAYROLL,ACTIVE
SYN-U-19944,29,M,BUSINESS,228759.56,Sylhet,1432,BRANCH,FEATURE_PHONE,AFFLUENT,ACTIVE
SYN-U-19945,70,M,BUSINESS,211626.46,Mymensingh,404,APP,ANDROID,AFFLUENT,ACTIVE
SYN-U-19946,53,M,SALARIED,90568.55,Sylhet,959,APP,ANDROID,SME,ACTIVE
SYN-U-19947,35,M,SALARIED,90680.43,Dhaka,1895,APP,ANDROID,AFFLUENT,ACTIVE
SYN-U-19948,29,F,SALARIED,52795.92,Rajshahi,2043,APP,ANDROID,MASS,ACTIVE
SYN-U-19949,24,F,FREELANCER,49686.48,Bogura,1188,AGENT,ANDROID,MASS,ACTIVE
SYN-U-19950,44,F,STUDENT,31445.78,Rangpur,1499,AGENT,ANDROID,AFFLUENT,ACTIVE
SYN-U-19951,34,F,SALARIED,47344.87,Chittagong,1167,APP,ANDROID,MASS,ACTIVE
SYN-U-19952,50,M,BUSINESS,23290.21,Dhaka,403,AGENT,ANDROID,MASS,ACTIVE
SYN-U-19953,27,M,SALARIED,71200.13,Gazipur,1173,APP,ANDROID,MASS,ACTIVE
SYN-U-19954,25,F,SALARIED,46081.17,Rangpur,1385,APP,IOS,MASS,ACTIVE
SYN-U-19955,24,F,SALARIED,68129.74,Dhaka,544,APP,ANDROID,SME,ACTIVE
SYN-U-19956,50,M,SALARIED,109796.55,Barishal,1300,APP,IOS,SME,RESTRICTED
SYN-U-19957,62,F,SALARIED,59564.8,Chittagong,1981,USSD,ANDROID,MASS,ACTIVE
SYN-U-19958,38,M,BUSINESS,71023.22,Khulna,1921,AGENT,ANDROID,MASS,RESTRICTED
SYN-U-19959,54,M,STUDENT,26628.5,Sylhet,1926,APP,ANDROID,SME,ACTIVE
SYN-U-19960,58,F,SALARIED,125320.79,Dhaka,891,APP,ANDROID,SME,ACTIVE
SYN-U-19961,45,F,BUSINESS,102259.09,Khulna,312,AGENT,ANDROID,MASS,ACTIVE
SYN-U-19962,54,M,SALARIED,41572.93,Dhaka,68,BRANCH,ANDROID,MASS,ACTIVE
SYN-U-19963,33,M,SALARIED,169221.77,Dhaka,2473,APP,ANDROID,AFFLUENT,ACTIVE
SYN-U-19964,22,M,BUSINESS,90126.39,Barishal,1882,APP,ANDROID,PAYROLL,ACTIVE
SYN-U-19965,25,M,STUDENT,15966.24,Dhaka,1441,APP,ANDROID,MASS,ACTIVE
SYN-U-19966,35,F,STUDENT,28336.67,Mymensingh,2248,APP,ANDROID,SME,ACTIVE
SYN-U-19967,52,O,SALARIED,36684.65,Chittagong,784,BRANCH,ANDROID,MASS,ACTIVE
SYN-U-19968,70,M,BUSINESS,75108.58,Khulna,702,APP,ANDROID,MASS,ACTIVE
SYN-U-19969,41,M,SALARIED,102070.36,Dhaka,1172,APP,ANDROID,AFFLUENT,DORMANT
SYN-U-19970,60,F,SALARIED,61354.82,Barishal,109,APP,ANDROID,MASS,ACTIVE
SYN-U-19971,23,M,SALARIED,38946.6,Sylhet,2214,APP,ANDROID,MASS,ACTIVE
SYN-U-19972,41,M,SALARIED,36474.45,Dhaka,1932,USSD,ANDROID,MASS,ACTIVE
SYN-U-19973,26,F,SALARIED,43977.57,Gazipur,2252,APP,ANDROID,MASS,ACTIVE
SYN-U-19974,30,M,STUDENT,22838.27,Sylhet,1318,APP,FEATURE_PHONE,MASS,ACTIVE
SYN-U-19975,58,M,BUSINESS,126839.87,Sylhet,372,APP,ANDROID,SME,ACTIVE
SYN-U-19976,40,M,BUSINESS,130618.73,Cumilla,1409,APP,ANDROID,AFFLUENT,ACTIVE
SYN-U-19977,67,F,STUDENT,15210.53,Sylhet,430,APP,ANDROID,MASS,ACTIVE
SYN-U-19978,67,F,SALARIED,45694.07,Chittagong,1201,APP,ANDROID,MASS,ACTIVE
SYN-U-19979,51,M,FREELANCER,15000.0,Khulna,386,USSD,ANDROID,MASS,ACTIVE
SYN-U-19980,68,M,FREELANCER,96448.71,Dhaka,1144,AGENT,ANDROID,MASS,ACTIVE
SYN-U-19981,62,M,HOMEMAKER,15886.61,Rajshahi,894,BRANCH,ANDROID,MASS,ACTIVE
SYN-U-19982,69,F,SALARIED,40730.19,Khulna,1633,APP,ANDROID,MASS,ACTIVE
SYN-U-19983,70,M,SALARIED,73026.48,Mymensingh,874,APP,ANDROID,MASS,ACTIVE
SYN-U-19984,49,F,RETIRED,29510.28,Chittagong,645,APP,ANDROID,STUDENT,ACTIVE
SYN-U-19985,60,F,SALARIED,92956.31,Narayanganj,1216,APP,ANDROID,AFFLUENT,ACTIVE
SYN-U-19986,47,F,SALARIED,45782.46,Sylhet,1277,APP,IOS,MASS,ACTIVE
SYN-U-19987,71,M,SALARIED,41475.82,Mymensingh,571,AGENT,ANDROID,MASS,ACTIVE
SYN-U-19988,61,F,STUDENT,20675.95,Dhaka,923,APP,ANDROID,MASS,ACTIVE
SYN-U-19989,37,M,SALARIED,60511.11,Dhaka,2179,AGENT,ANDROID,MASS,ACTIVE
SYN-U-19990,41,F,STUDENT,27112.04,Sylhet,376,APP,ANDROID,MASS,ACTIVE
SYN-U-19991,65,F,RETIRED,28728.16,Cumilla,1135,APP,ANDROID,MASS,DORMANT
SYN-U-19992,20,M,BUSINESS,72674.13,Barishal,150,AGENT,ANDROID,MASS,ACTIVE
SYN-U-19993,23,F,SALARIED,66313.62,Dhaka,140,APP,ANDROID,MASS,ACTIVE
SYN-U-19994,35,F,BUSINESS,15000.0,Gazipur,251,BRANCH,ANDROID,MASS,ACTIVE
SYN-U-19995,61,F,HOMEMAKER,20190.68,Rajshahi,2107,APP,ANDROID,MASS,ACTIVE
SYN-U-19996,21,M,STUDENT,27578.47,Barishal,386,USSD,IOS,SME,ACTIVE
SYN-U-19997,60,F,BUSINESS,15000.0,Dhaka,254,APP,IOS,STUDENT,ACTIVE
SYN-U-19998,52,M,SALARIED,52737.67,Jessore,2483,APP,ANDROID,MASS,ACTIVE
SYN-U-19999,64,F,BUSINESS,35238.3,Dhaka,1641,USSD,ANDROID,MASS,ACTIVE
SYN-U-20000,56,F,SALARIED,109282.32,Gazipur,1365,APP,ANDROID,AFFLUENT,ACTIVE
