merchant_id,merchant_category,merchant_location,merchant_age_days,risk_profile,average_transaction,transaction_frequency
SYN-M-1001,E_COMMERCE,Dhaka,1678,LOW,298.94,HIGH
SYN-M-1002,E_COMMERCE,Cumilla,1094,LOW,3999.05,MEDIUM
SYN-M-1003,RESTAURANT,Narayanganj,1906,LOW,1163.74,LOW
SYN-M-1004,E_COMMERCE,Narayanganj,1987,LOW,3347.27,LOW
SYN-M-1005,EDUCATION,Gazipur,1026,MEDIUM,2420.46,MEDIUM
SYN-M-1006,RESTAURANT,Narayanganj,1821,LOW,1010.7,LOW
SYN-M-1007,RESTAURANT,Rajshahi,433,LOW,716.67,MEDIUM
SYN-M-1008,E_COMMERCE,Chittagong,2578,LOW,3829.64,MEDIUM
SYN-M-1009,RESTAURANT,Mymensingh,2834,LOW,1278.83,MEDIUM
SYN-M-1010,UTILITY,Chittagong,976,LOW,2421.82,MEDIUM
SYN-M-1011,GROCERY,Chittagong,341,LOW,776.56,HIGH
SYN-M-1012,RESTAURANT,Dhaka,2312,LOW,1175.14,HIGH
SYN-M-1013,GROCERY,Dhaka,1718,LOW,865.51,MEDIUM
SYN-M-1014,EDUCATION,Cumilla,916,LOW,7213.93,MEDIUM
SYN-M-1015,TRAVEL,Rajshahi,1023,LOW,2411.15,MEDIUM
SYN-M-1016,GROCERY,Cumilla,1201,LOW,757.0,MEDIUM
SYN-M-1017,GROCERY,Dhaka,2991,MEDIUM,744.46,LOW
SYN-M-1018,TRAVEL,Dhaka,1251,MEDIUM,15299.76,HIGH
SYN-M-1019,EDUCATION,Cumilla,900,LOW,2256.93,MEDIUM
SYN-M-1020,GROCERY,Rajshahi,2668,MEDIUM,850.75,HIGH
SYN-M-1021,UTILITY,Sylhet,2883,LOW,1542.86,LOW
SYN-M-1022,EDUCATION,Dhaka,489,MEDIUM,6236.8,MEDIUM
SYN-M-1023,GROCERY,Dhaka,1377,LOW,999.53,LOW
SYN-M-1024,E_COMMERCE,Khulna,2930,LOW,4103.62,HIGH
SYN-M-1025,TRAVEL,Sylhet,2148,LOW,7739.08,HIGH
SYN-M-1026,RESTAURANT,Chittagong,2348,LOW,306.2,MEDIUM
SYN-M-1027,GROCERY,Dhaka,712,LOW,958.79,MEDIUM
SYN-M-1028,GROCERY,Rajshahi,244,LOW,1089.84,LOW
SYN-M-1029,GROCERY,Chittagong,2694,LOW,1018.21,HIGH
SYN-M-1030,E_COMMERCE,Dhaka,301,LOW,6189.36,MEDIUM
SYN-M-1031,RESTAURANT,Chittagong,142,LOW,686.16,LOW
SYN-M-1032,E_COMMERCE,Dhaka,1343,LOW,2150.77,HIGH
SYN-M-1033,DIGITAL_SERVICE,Dhaka,106,LOW,830.23,MEDIUM
SYN-M-1034,GROCERY,Dhaka,700,MEDIUM,653.62,MEDIUM
SYN-M-1035,GROCERY,Khulna,941,LOW,888.01,MEDIUM
SYN-M-1036,GROCERY,Sylhet,1832,LOW,1600.78,MEDIUM
SYN-M-1037,GROCERY,Dhaka,485,LOW,1256.79,MEDIUM
SYN-M-1038,DIGITAL_SERVICE,Khulna,2436,LOW,2411.05,HIGH
SYN-M-1039,E_COMMERCE,Dhaka,389,LOW,437.63,MEDIUM
SYN-M-1040,GROCERY,Mymensingh,2292,LOW,353.3,HIGH
SYN-M-1041,UTILITY,Sylhet,92,LOW,1843.33,HIGH
SYN-M-1042,GROCERY,Cumilla,1951,LOW,529.74,MEDIUM
SYN-M-1043,UTILITY,Dhaka,2896,LOW,3646.8,MEDIUM
SYN-M-1044,UTILITY,Chittagong,2841,HIGH,1892.16,MEDIUM
SYN-M-1045,UTILITY,Sylhet,2951,HIGH,1195.06,MEDIUM
SYN-M-1046,RESTAURANT,Rajshahi,2166,LOW,1387.51,HIGH
SYN-M-1047,TRAVEL,Chittagong,2392,LOW,7977.01,MEDIUM
SYN-M-1048,GROCERY,Rajshahi,2177,LOW,1010.32,LOW
SYN-M-1049,GROCERY,Chittagong,284,MEDIUM,972.04,LOW
SYN-M-1050,GROCERY,Gazipur,2828,HIGH,836.18,MEDIUM
SYN-M-1051,E_COMMERCE,Khulna,1832,LOW,4407.11,HIGH
SYN-M-1052,GROCERY,Barishal,2445,LOW,1379.96,LOW
SYN-M-1053,RESTAURANT,Dhaka,993,LOW,1127.4,MEDIUM
SYN-M-1054,GROCERY,Chittagong,792,LOW,1452.82,LOW
SYN-M-1055,E_COMMERCE,Cumilla,475,LOW,5649.12,LOW
SYN-M-1056,DIGITAL_SERVICE,Barishal,2644,LOW,1474.41,MEDIUM
SYN-M-1057,GROCERY,Chittagong,878,LOW,509.32,HIGH
SYN-M-1058,RESTAURANT,Dhaka,1354,LOW,330.45,MEDIUM
SYN-M-1059,E_COMMERCE,Gazipur,2639,LOW,2158.57,MEDIUM
SYN-M-1060,GROCERY,Narayanganj,2264,LOW,609.17,MEDIUM
SYN-M-1061,UTILITY,Khulna,370,LOW,2544.8,LOW
SYN-M-1062,GROCERY,Mymensingh,106,LOW,781.34,MEDIUM
SYN-M-1063,GROCERY,Chittagong,549,LOW,144.41,HIGH
SYN-M-1064,GROCERY,Dhaka,1443,LOW,815.1,HIGH
SYN-M-1065,UTILITY,Rajshahi,1228,MEDIUM,2622.39,HIGH
SYN-M-1066,GROCERY,Jessore,2389,LOW,862.09,MEDIUM
SYN-M-1067,UTILITY,Dhaka,1566,LOW,2294.11,MEDIUM
SYN-M-1068,E_COMMERCE,Dhaka,739,MEDIUM,743.42,HIGH
SYN-M-1069,EDUCATION,Cumilla,1277,LOW,8849.71,HIGH
SYN-M-1070,RESTAURANT,Gazipur,2316,LOW,1518.73,MEDIUM
SYN-M-1071,GROCERY,Mymensingh,2203,LOW,1370.61,LOW
SYN-M-1072,E_COMMERCE,Dhaka,1234,LOW,3982.76,HIGH
SYN-M-1073,GROCERY,Chittagong,1092,MEDIUM,504.44,MEDIUM
SYN-M-1074,GROCERY,Barishal,2707,LOW,912.67,LOW
SYN-M-1075,E_COMMERCE,Dhaka,2714,LOW,2127.95,MEDIUM
SYN-M-1076,GROCERY,Gazipur,2170,MEDIUM,781.03,MEDIUM
SYN-M-1077,E_COMMERCE,Rajshahi,241,LOW,3024.08,LOW
SYN-M-1078,E_COMMERCE,Dhaka,1677,LOW,3411.52,LOW
SYN-M-1079,GROCERY,Rajshahi,1198,LOW,738.11,MEDIUM
SYN-M-1080,E_COMMERCE,Mymensingh,343,LOW,5212.37,LOW
SYN-M-1081,GROCERY,Chittagong,573,MEDIUM,1032.25,MEDIUM
SYN-M-1082,UTILITY,Rajshahi,193,LOW,1361.82,MEDIUM
SYN-M-1083,GROCERY,Narayanganj,2929,MEDIUM,602.63,MEDIUM
SYN-M-1084,EDUCATION,Khulna,376,LOW,10245.11,LOW
SYN-M-1085,TRAVEL,Dhaka,2933,LOW,4935.82,LOW
SYN-M-1086,E_COMMERCE,Dhaka,1084,LOW,4349.21,MEDIUM
SYN-M-1087,RESTAURANT,Dhaka,2732,LOW,461.36,MEDIUM
SYN-M-1088,GROCERY,Chittagong,864,LOW,1015.18,MEDIUM
SYN-M-1089,DIGITAL_SERVICE,Sylhet,2502,MEDIUM,1631.01,MEDIUM
SYN-M-1090,E_COMMERCE,Dhaka,484,LOW,4774.55,MEDIUM
SYN-M-1091,EDUCATION,Dhaka,617,LOW,6640.43,MEDIUM
SYN-M-1092,RESTAURANT,Gazipur,883,LOW,678.36,MEDIUM
SYN-M-1093,E_COMMERCE,Dhaka,2105,LOW,3064.35,MEDIUM
SYN-M-1094,UTILITY,Barishal,795,MEDIUM,2107.6,HIGH
SYN-M-1095,UTILITY,Cumilla,2226,LOW,2270.33,HIGH
SYN-M-1096,RESTAURANT,Bogura,1319,LOW,309.72,LOW
SYN-M-1097,E_COMMERCE,Gazipur,526,LOW,2107.32,HIGH
SYN-M-1098,E_COMMERCE,Sylhet,2835,LOW,3697.65,MEDIUM
SYN-M-1099,GROCERY,Dhaka,503,LOW,1440.24,LOW
SYN-M-1100,GROCERY,Gazipur,907,LOW,778.78,MEDIUM
SYN-M-1101,GROCERY,Dhaka,242,MEDIUM,1314.23,MEDIUM
SYN-M-1102,DIGITAL_SERVICE,Mymensingh,300,LOW,1692.67,LOW
SYN-M-1103,GROCERY,Chittagong,457,HIGH,1293.3,HIGH
SYN-M-1104,GROCERY,Chittagong,2472,LOW,1059.62,MEDIUM
SYN-M-1105,E_COMMERCE,Chittagong,2165,LOW,5303.24,MEDIUM
SYN-M-1106,TRAVEL,Chittagong,2110,HIGH,10192.6,MEDIUM
SYN-M-1107,RESTAURANT,Rangpur,2157,LOW,1561.61,LOW
SYN-M-1108,GROCERY,Chittagong,2014,LOW,518.41,HIGH
SYN-M-1109,RESTAURANT,Khulna,785,LOW,937.98,MEDIUM
SYN-M-1110,RESTAURANT,Gazipur,331,MEDIUM,1831.17,MEDIUM
SYN-M-1111,GROCERY,Gazipur,2619,LOW,572.07,MEDIUM
SYN-M-1112,RESTAURANT,Dhaka,1295,LOW,1501.0,LOW
SYN-M-1113,GROCERY,Dhaka,2198,LOW,1468.11,MEDIUM
SYN-M-1114,EDUCATION,Dhaka,85,LOW,8300.84,MEDIUM
SYN-M-1115,E_COMMERCE,Rangpur,2614,LOW,5532.8,MEDIUM
SYN-M-1116,GROCERY,Dhaka,2314,LOW,872.46,HIGH
SYN-M-1117,DIGITAL_SERVICE,Mymensingh,1008,MEDIUM,1280.08,MEDIUM
SYN-M-1118,RESTAURANT,Rajshahi,652,LOW,1790.3,LOW
SYN-M-1119,TRAVEL,Cumilla,233,HIGH,9271.53,MEDIUM
SYN-M-1120,GROCERY,Dhaka,2981,LOW,600.0,HIGH
SYN-M-1121,E_COMMERCE,Dhaka,2524,LOW,3082.71,MEDIUM
SYN-M-1122,GROCERY,Dhaka,2621,MEDIUM,692.63,HIGH
SYN-M-1123,GROCERY,Cumilla,480,LOW,1061.17,MEDIUM
SYN-M-1124,GROCERY,Sylhet,1493,LOW,958.09,MEDIUM
SYN-M-1125,GROCERY,Dhaka,770,LOW,1758.85,MEDIUM
SYN-M-1126,E_COMMERCE,Dhaka,1878,HIGH,2054.85,MEDIUM
SYN-M-1127,E_COMMERCE,Gazipur,1820,LOW,100.0,MEDIUM
SYN-M-1128,DIGITAL_SERVICE,Mymensingh,1147,MEDIUM,1817.43,LOW
SYN-M-1129,EDUCATION,Dhaka,2427,LOW,1389.86,LOW
SYN-M-1130,UTILITY,Chittagong,927,LOW,1920.49,HIGH
SYN-M-1131,GROCERY,Dhaka,2281,LOW,959.68,MEDIUM
SYN-M-1132,GROCERY,Chittagong,684,LOW,299.92,MEDIUM
SYN-M-1133,E_COMMERCE,Chittagong,1131,LOW,2569.95,MEDIUM
SYN-M-1134,E_COMMERCE,Chittagong,1850,LOW,4703.81,HIGH
SYN-M-1135,RESTAURANT,Chittagong,489,LOW,2030.43,LOW
SYN-M-1136,GROCERY,Dhaka,240,LOW,400.19,MEDIUM
SYN-M-1137,GROCERY,Chittagong,2333,LOW,1037.16,MEDIUM
SYN-M-1138,GROCERY,Rajshahi,2335,LOW,691.04,LOW
SYN-M-1139,GROCERY,Cumilla,1714,MEDIUM,584.56,MEDIUM
SYN-M-1140,TRAVEL,Dhaka,2834,MEDIUM,8736.94,LOW
SYN-M-1141,GROCERY,Chittagong,113,LOW,599.39,MEDIUM
SYN-M-1142,E_COMMERCE,Dhaka,1338,LOW,5349.7,LOW
SYN-M-1143,GROCERY,Dhaka,2941,LOW,808.5,MEDIUM
SYN-M-1144,E_COMMERCE,Cox's Bazar,1459,LOW,3927.16,MEDIUM
SYN-M-1145,E_COMMERCE,Chittagong,2126,LOW,100.0,LOW
SYN-M-1146,DIGITAL_SERVICE,Dhaka,1980,LOW,1491.69,LOW
SYN-M-1147,UTILITY,Dhaka,1935,LOW,849.45,MEDIUM
SYN-M-1148,EDUCATION,Barishal,2004,LOW,2499.77,MEDIUM
SYN-M-1149,RESTAURANT,Dhaka,1394,LOW,937.82,MEDIUM
SYN-M-1150,E_COMMERCE,Barishal,395,LOW,2484.05,MEDIUM
SYN-M-1151,E_COMMERCE,Chittagong,1575,LOW,3200.13,MEDIUM
SYN-M-1152,E_COMMERCE,Mymensingh,2843,LOW,1508.54,MEDIUM
SYN-M-1153,E_COMMERCE,Dhaka,220,LOW,1513.85,HIGH
SYN-M-1154,RESTAURANT,Khulna,1657,HIGH,1319.78,MEDIUM
SYN-M-1155,GROCERY,Chittagong,1054,LOW,311.3,MEDIUM
SYN-M-1156,GROCERY,Cumilla,2178,LOW,638.21,LOW
SYN-M-1157,UTILITY,Chittagong,2011,LOW,1556.75,MEDIUM
SYN-M-1158,GROCERY,Chittagong,2977,LOW,882.82,MEDIUM
SYN-M-1159,RESTAURANT,Chittagong,2767,LOW,1825.71,MEDIUM
SYN-M-1160,TRAVEL,Barishal,1284,HIGH,5668.2,LOW
SYN-M-1161,E_COMMERCE,Dhaka,2443,LOW,2388.93,MEDIUM
SYN-M-1162,RESTAURANT,Jessore,2554,LOW,785.87,MEDIUM
SYN-M-1163,E_COMMERCE,Cox's Bazar,2805,LOW,3503.7,HIGH
SYN-M-1164,E_COMMERCE,Sylhet,1363,LOW,3123.22,HIGH
SYN-M-1165,RESTAURANT,Barishal,2605,LOW,1251.41,HIGH
SYN-M-1166,UTILITY,Mymensingh,2241,LOW,2972.3,HIGH
SYN-M-1167,UTILITY,Barishal,1304,LOW,1277.23,MEDIUM
SYN-M-1168,RESTAURANT,Gazipur,1048,LOW,100.0,LOW
SYN-M-1169,TRAVEL,Chittagong,2242,HIGH,12450.28,LOW
SYN-M-1170,RESTAURANT,Dhaka,1459,LOW,811.03,LOW
SYN-M-1171,RESTAURANT,Sylhet,2307,LOW,1084.07,LOW
SYN-M-1172,TRAVEL,Cox's Bazar,681,LOW,8379.46,HIGH
SYN-M-1173,UTILITY,Dhaka,2075,LOW,2594.08,MEDIUM
SYN-M-1174,E_COMMERCE,Jessore,88,LOW,4053.3,HIGH
SYN-M-1175,UTILITY,Dhaka,886,LOW,2643.59,MEDIUM
SYN-M-1176,GROCERY,Chittagong,1566,MEDIUM,205.99,HIGH
SYN-M-1177,GROCERY,Dhaka,1498,LOW,1374.73,MEDIUM
SYN-M-1178,E_COMMERCE,Chittagong,1442,LOW,1043.05,MEDIUM
SYN-M-1179,TRAVEL,Khulna,2502,LOW,10013.48,MEDIUM
SYN-M-1180,EDUCATION,Dhaka,786,LOW,2326.91,MEDIUM
SYN-M-1181,UTILITY,Dhaka,902,MEDIUM,3186.02,MEDIUM
SYN-M-1182,E_COMMERCE,Jessore,1799,LOW,4512.59,HIGH
SYN-M-1183,GROCERY,Dhaka,1274,LOW,892.92,MEDIUM
SYN-M-1184,DIGITAL_SERVICE,Dhaka,2891,LOW,1811.48,HIGH
SYN-M-1185,GROCERY,Gazipur,1940,LOW,1081.0,LOW
SYN-M-1186,RESTAURANT,Chittagong,2206,LOW,2071.22,HIGH
SYN-M-1187,GROCERY,Dhaka,1572,LOW,893.84,HIGH
SYN-M-1188,GROCERY,Rangpur,2829,LOW,1031.45,MEDIUM
SYN-M-1189,GROCERY,Dhaka,2972,MEDIUM,1051.95,LOW
SYN-M-1190,E_COMMERCE,Mymensingh,1332,MEDIUM,1622.98,LOW
SYN-M-1191,EDUCATION,Chittagong,2341,LOW,7215.43,MEDIUM
SYN-M-1192,RESTAURANT,Chittagong,1026,LOW,1355.93,MEDIUM
SYN-M-1193,GROCERY,Cumilla,593,HIGH,756.97,LOW
SYN-M-1194,RESTAURANT,Rajshahi,822,LOW,2144.79,MEDIUM
SYN-M-1195,GROCERY,Dhaka,294,LOW,444.42,HIGH
SYN-M-1196,GROCERY,Rangpur,1657,LOW,897.17,HIGH
SYN-M-1197,RESTAURANT,Cumilla,2138,LOW,1038.16,MEDIUM
SYN-M-1198,EDUCATION,Sylhet,253,LOW,5725.34,HIGH
SYN-M-1199,RESTAURANT,Rangpur,1419,LOW,2033.7,LOW
SYN-M-1200,RESTAURANT,Khulna,1923,LOW,1861.67,MEDIUM
SYN-M-1201,GROCERY,Dhaka,2286,MEDIUM,606.03,MEDIUM
SYN-M-1202,GROCERY,Gazipur,151,LOW,1135.38,MEDIUM
SYN-M-1203,DIGITAL_SERVICE,Chittagong,1830,LOW,1112.4,MEDIUM
SYN-M-1204,TRAVEL,Rajshahi,2348,MEDIUM,3767.35,MEDIUM
SYN-M-1205,RESTAURANT,Dhaka,317,HIGH,734.2,LOW
SYN-M-1206,GROCERY,Chittagong,1631,LOW,100.0,MEDIUM
SYN-M-1207,GROCERY,Rajshahi,2396,LOW,935.65,MEDIUM
SYN-M-1208,GROCERY,Chittagong,1130,LOW,913.58,MEDIUM
SYN-M-1209,TRAVEL,Dhaka,551,LOW,6499.21,MEDIUM
SYN-M-1210,GROCERY,Dhaka,786,LOW,159.86,MEDIUM
SYN-M-1211,UTILITY,Dhaka,913,LOW,4285.8,HIGH
SYN-M-1212,UTILITY,Chittagong,141,LOW,1224.77,HIGH
SYN-M-1213,E_COMMERCE,Sylhet,897,LOW,3477.45,HIGH
SYN-M-1214,E_COMMERCE,Dhaka,1273,HIGH,1775.91,MEDIUM
SYN-M-1215,RESTAURANT,Rajshahi,545,LOW,1034.76,MEDIUM
SYN-M-1216,GROCERY,Dhaka,431,LOW,100.0,MEDIUM
SYN-M-1217,UTILITY,Khulna,379,LOW,709.79,MEDIUM
SYN-M-1218,GROCERY,Sylhet,2626,MEDIUM,1290.02,MEDIUM
SYN-M-1219,TRAVEL,Narayanganj,1188,MEDIUM,9140.08,HIGH
SYN-M-1220,TRAVEL,Dhaka,1092,LOW,9863.11,MEDIUM
SYN-M-1221,RESTAURANT,Narayanganj,2498,LOW,1464.33,MEDIUM
SYN-M-1222,E_COMMERCE,Dhaka,2886,LOW,4476.6,MEDIUM
SYN-M-1223,GROCERY,Rajshahi,1839,LOW,969.22,HIGH
SYN-M-1224,E_COMMERCE,Chittagong,2228,LOW,3542.11,MEDIUM
SYN-M-1225,GROCERY,Rangpur,2413,MEDIUM,992.36,MEDIUM
SYN-M-1226,RESTAURANT,Chittagong,659,LOW,946.65,MEDIUM
SYN-M-1227,GROCERY,Chittagong,877,LOW,1113.56,MEDIUM
SYN-M-1228,E_COMMERCE,Dhaka,2331,LOW,4206.71,MEDIUM
SYN-M-1229,RESTAURANT,Dhaka,2123,LOW,1818.5,MEDIUM
SYN-M-1230,GROCERY,Dhaka,439,LOW,595.97,LOW
SYN-M-1231,GROCERY,Khulna,480,LOW,1482.98,HIGH
SYN-M-1232,GROCERY,Chittagong,2877,LOW,788.67,HIGH
SYN-M-1233,E_COMMERCE,Rangpur,2094,LOW,1379.49,LOW
SYN-M-1234,E_COMMERCE,Dhaka,2885,LOW,100.0,LOW
SYN-M-1235,UTILITY,Sylhet,483,LOW,2536.4,HIGH
SYN-M-1236,RESTAURANT,Rajshahi,648,LOW,1336.28,HIGH
SYN-M-1237,DIGITAL_SERVICE,Sylhet,2139,LOW,1831.42,HIGH
SYN-M-1238,RESTAURANT,Sylhet,565,MEDIUM,606.93,HIGH
SYN-M-1239,EDUCATION,Dhaka,2650,LOW,3048.45,MEDIUM
SYN-M-1240,RESTAURANT,Dhaka,2361,LOW,434.62,MEDIUM
SYN-M-1241,TRAVEL,Dhaka,1017,LOW,12613.29,LOW
SYN-M-1242,E_COMMERCE,Rajshahi,810,MEDIUM,3128.59,LOW
SYN-M-1243,GROCERY,Narayanganj,2386,LOW,1187.04,MEDIUM
SYN-M-1244,E_COMMERCE,Dhaka,2268,LOW,3612.82,LOW
SYN-M-1245,E_COMMERCE,Sylhet,1555,LOW,4406.71,MEDIUM
SYN-M-1246,GROCERY,Chittagong,2758,LOW,736.6,MEDIUM
SYN-M-1247,E_COMMERCE,Sylhet,166,LOW,3892.42,LOW
SYN-M-1248,GROCERY,Rangpur,2187,MEDIUM,1654.2,LOW
SYN-M-1249,RESTAURANT,Mymensingh,90,LOW,822.59,MEDIUM
SYN-M-1250,UTILITY,Chittagong,1518,HIGH,3252.42,HIGH
SYN-M-1251,E_COMMERCE,Chittagong,2924,LOW,3912.62,MEDIUM
SYN-M-1252,GROCERY,Dhaka,2870,LOW,642.34,LOW
SYN-M-1253,E_COMMERCE,Barishal,969,LOW,5821.65,MEDIUM
SYN-M-1254,E_COMMERCE,Dhaka,1401,LOW,3490.33,LOW
SYN-M-1255,GROCERY,Rangpur,1208,LOW,500.85,LOW
SYN-M-1256,TRAVEL,Barishal,2604,LOW,13390.72,LOW
SYN-M-1257,E_COMMERCE,Dhaka,414,LOW,4288.15,MEDIUM
SYN-M-1258,UTILITY,Dhaka,922,LOW,2273.68,HIGH
SYN-M-1259,GROCERY,Dhaka,1728,LOW,444.03,MEDIUM
SYN-M-1260,GROCERY,Dhaka,2081,HIGH,153.85,MEDIUM
SYN-M-1261,EDUCATION,Bogura,425,LOW,12164.32,LOW
SYN-M-1262,DIGITAL_SERVICE,Khulna,1781,LOW,1328.21,HIGH
SYN-M-1263,UTILITY,Chittagong,614,MEDIUM,1547.37,MEDIUM
SYN-M-1264,GROCERY,Barishal,1465,LOW,948.15,MEDIUM
SYN-M-1265,E_COMMERCE,Dhaka,682,LOW,4305.66,MEDIUM
SYN-M-1266,E_COMMERCE,Dhaka,2239,MEDIUM,702.05,MEDIUM
SYN-M-1267,GROCERY,Dhaka,1715,HIGH,312.66,LOW
SYN-M-1268,E_COMMERCE,Gazipur,2359,LOW,4309.64,LOW
SYN-M-1269,RESTAURANT,Rangpur,1529,MEDIUM,1330.47,MEDIUM
SYN-M-1270,E_COMMERCE,Chittagong,2331,MEDIUM,2875.54,LOW
SYN-M-1271,GROCERY,Dhaka,159,LOW,778.77,LOW
SYN-M-1272,GROCERY,Cumilla,883,LOW,837.2,MEDIUM
SYN-M-1273,GROCERY,Chittagong,1344,MEDIUM,741.59,MEDIUM
SYN-M-1274,GROCERY,Dhaka,792,LOW,1056.72,HIGH
SYN-M-1275,GROCERY,Cumilla,215,LOW,806.88,MEDIUM
SYN-M-1276,GROCERY,Dhaka,2482,LOW,903.33,HIGH
SYN-M-1277,EDUCATION,Sylhet,868,LOW,5639.63,LOW
SYN-M-1278,E_COMMERCE,Dhaka,2806,LOW,4723.48,MEDIUM
SYN-M-1279,RESTAURANT,Rajshahi,1075,LOW,972.43,MEDIUM
SYN-M-1280,RESTAURANT,Rangpur,1804,LOW,399.08,LOW
SYN-M-1281,UTILITY,Chittagong,404,MEDIUM,1433.05,MEDIUM
SYN-M-1282,UTILITY,Dhaka,184,MEDIUM,2093.34,MEDIUM
SYN-M-1283,GROCERY,Cumilla,1516,LOW,784.16,MEDIUM
SYN-M-1284,RESTAURANT,Chittagong,748,LOW,2195.15,MEDIUM
SYN-M-1285,GROCERY,Gazipur,678,LOW,1057.59,HIGH
SYN-M-1286,RESTAURANT,Mymensingh,2952,LOW,1477.72,MEDIUM
SYN-M-1287,E_COMMERCE,Chittagong,1626,MEDIUM,2390.74,MEDIUM
SYN-M-1288,GROCERY,Dhaka,184,LOW,977.31,HIGH
SYN-M-1289,E_COMMERCE,Chittagong,558,LOW,4239.87,HIGH
SYN-M-1290,E_COMMERCE,Cox's Bazar,2920,LOW,100.0,MEDIUM
SYN-M-1291,RESTAURANT,Chittagong,2151,LOW,1394.39,MEDIUM
SYN-M-1292,E_COMMERCE,Gazipur,1677,LOW,1935.76,MEDIUM
SYN-M-1293,TRAVEL,Dhaka,1787,LOW,5625.07,MEDIUM
SYN-M-1294,RESTAURANT,Chittagong,269,MEDIUM,560.93,MEDIUM
SYN-M-1295,GROCERY,Dhaka,1292,LOW,667.48,MEDIUM
SYN-M-1296,GROCERY,Rajshahi,2142,LOW,457.96,LOW
SYN-M-1297,DIGITAL_SERVICE,Dhaka,1645,MEDIUM,687.66,MEDIUM
SYN-M-1298,DIGITAL_SERVICE,Dhaka,2809,LOW,2230.64,MEDIUM
SYN-M-1299,GROCERY,Sylhet,1936,LOW,1062.83,MEDIUM
SYN-M-1300,RESTAURANT,Chittagong,499,LOW,1100.76,HIGH
SYN-M-1301,RESTAURANT,Dhaka,1254,LOW,1389.94,MEDIUM
SYN-M-1302,E_COMMERCE,Khulna,2548,LOW,1313.01,MEDIUM
SYN-M-1303,UTILITY,Mymensingh,2934,LOW,2002.28,HIGH
SYN-M-1304,RESTAURANT,Dhaka,495,LOW,1758.6,MEDIUM
SYN-M-1305,UTILITY,Dhaka,257,LOW,1719.01,HIGH
SYN-M-1306,GROCERY,Dhaka,1143,LOW,1030.87,HIGH
SYN-M-1307,RESTAURANT,Dhaka,1477,HIGH,1530.06,LOW
SYN-M-1308,GROCERY,Dhaka,1870,LOW,1072.45,HIGH
SYN-M-1309,RESTAURANT,Sylhet,2784,LOW,1505.48,HIGH
SYN-M-1310,RESTAURANT,Khulna,243,LOW,771.7,MEDIUM
SYN-M-1311,RESTAURANT,Narayanganj,208,LOW,100.0,MEDIUM
SYN-M-1312,GROCERY,Gazipur,1214,LOW,756.56,MEDIUM
SYN-M-1313,DIGITAL_SERVICE,Dhaka,2768,MEDIUM,1482.28,MEDIUM
SYN-M-1314,RESTAURANT,Dhaka,1619,LOW,1864.65,MEDIUM
SYN-M-1315,EDUCATION,Dhaka,665,LOW,7043.8,MEDIUM
SYN-M-1316,DIGITAL_SERVICE,Dhaka,2482,LOW,969.97,LOW
SYN-M-1317,E_COMMERCE,Chittagong,909,LOW,2229.3,HIGH
SYN-M-1318,GROCERY,Dhaka,1072,LOW,538.31,MEDIUM
SYN-M-1319,TRAVEL,Khulna,1416,HIGH,6540.21,MEDIUM
SYN-M-1320,DIGITAL_SERVICE,Gazipur,2371,LOW,797.5,MEDIUM
SYN-M-1321,DIGITAL_SERVICE,Gazipur,1598,LOW,1425.91,LOW
SYN-M-1322,GROCERY,Dhaka,1588,LOW,481.91,MEDIUM
SYN-M-1323,GROCERY,Sylhet,1914,LOW,1004.75,LOW
SYN-M-1324,TRAVEL,Cumilla,2910,LOW,5995.17,MEDIUM
SYN-M-1325,GROCERY,Dhaka,2477,LOW,716.44,MEDIUM
SYN-M-1326,E_COMMERCE,Dhaka,2067,LOW,385.68,MEDIUM
SYN-M-1327,GROCERY,Mymensingh,2168,LOW,1191.03,HIGH
SYN-M-1328,TRAVEL,Dhaka,1725,LOW,10365.07,MEDIUM
SYN-M-1329,GROCERY,Khulna,1363,LOW,1578.39,HIGH
SYN-M-1330,EDUCATION,Chittagong,2746,LOW,10703.49,MEDIUM
SYN-M-1331,TRAVEL,Rangpur,2373,LOW,6714.69,HIGH
SYN-M-1332,GROCERY,Sylhet,711,LOW,1119.77,HIGH
SYN-M-1333,UTILITY,Chittagong,2060,LOW,2488.36,HIGH
SYN-M-1334,GROCERY,Dhaka,1603,LOW,1260.39,MEDIUM
SYN-M-1335,RESTAURANT,Rajshahi,1747,MEDIUM,1860.61,LOW
SYN-M-1336,UTILITY,Dhaka,2559,LOW,2349.76,MEDIUM
SYN-M-1337,GROCERY,Gazipur,920,MEDIUM,1764.01,MEDIUM
SYN-M-1338,E_COMMERCE,Chittagong,533,LOW,1585.9,MEDIUM
SYN-M-1339,UTILITY,Dhaka,741,LOW,3091.57,LOW
SYN-M-1340,DIGITAL_SERVICE,Chittagong,292,LOW,2136.66,MEDIUM
SYN-M-1341,E_COMMERCE,Dhaka,1112,HIGH,4517.97,HIGH
SYN-M-1342,RESTAURANT,Chittagong,532,LOW,642.99,LOW
SYN-M-1343,GROCERY,Dhaka,1947,LOW,1304.11,MEDIUM
SYN-M-1344,GROCERY,Chittagong,2653,MEDIUM,451.1,MEDIUM
SYN-M-1345,RESTAURANT,Khulna,582,LOW,1536.88,LOW
SYN-M-1346,UTILITY,Dhaka,970,LOW,2188.98,HIGH
SYN-M-1347,RESTAURANT,Dhaka,940,MEDIUM,1427.47,MEDIUM
SYN-M-1348,UTILITY,Khulna,1091,LOW,2714.79,LOW
SYN-M-1349,RESTAURANT,Dhaka,414,MEDIUM,100.0,HIGH
SYN-M-1350,UTILITY,Rajshahi,2813,LOW,1834.35,MEDIUM
SYN-M-1351,TRAVEL,Rajshahi,2240,HIGH,11952.27,LOW
SYN-M-1352,GROCERY,Gazipur,265,LOW,610.27,MEDIUM
SYN-M-1353,GROCERY,Khulna,2255,MEDIUM,1015.75,MEDIUM
SYN-M-1354,GROCERY,Cumilla,2878,LOW,595.22,MEDIUM
SYN-M-1355,TRAVEL,Gazipur,2111,LOW,3562.64,LOW
SYN-M-1356,UTILITY,Rajshahi,1637,LOW,3470.22,MEDIUM
SYN-M-1357,GROCERY,Dhaka,2328,LOW,942.02,MEDIUM
SYN-M-1358,RESTAURANT,Dhaka,256,LOW,1393.98,HIGH
SYN-M-1359,UTILITY,Gazipur,103,LOW,2417.67,MEDIUM
SYN-M-1360,GROCERY,Rajshahi,575,LOW,341.13,MEDIUM
SYN-M-1361,GROCERY,Dhaka,1851,LOW,1204.84,MEDIUM
SYN-M-1362,E_COMMERCE,Bogura,2520,LOW,2812.78,HIGH
SYN-M-1363,GROCERY,Gazipur,556,MEDIUM,1302.54,LOW
SYN-M-1364,TRAVEL,Chittagong,2618,LOW,7330.23,LOW
SYN-M-1365,GROCERY,Cumilla,1268,HIGH,921.77,MEDIUM
SYN-M-1366,RESTAURANT,Chittagong,2702,LOW,1219.26,MEDIUM
SYN-M-1367,DIGITAL_SERVICE,Dhaka,536,LOW,1727.74,HIGH
SYN-M-1368,RESTAURANT,Mymensingh,562,LOW,1252.76,LOW
SYN-M-1369,EDUCATION,Rajshahi,1934,MEDIUM,4828.01,LOW
SYN-M-1370,GROCERY,Dhaka,2578,LOW,433.4,HIGH
SYN-M-1371,RESTAURANT,Dhaka,2398,MEDIUM,1546.57,LOW
SYN-M-1372,GROCERY,Rajshahi,1724,LOW,902.62,MEDIUM
SYN-M-1373,RESTAURANT,Rajshahi,682,LOW,1837.17,MEDIUM
SYN-M-1374,GROCERY,Dhaka,1624,LOW,1216.57,MEDIUM
SYN-M-1375,RESTAURANT,Chittagong,906,HIGH,646.32,MEDIUM
SYN-M-1376,UTILITY,Sylhet,2700,LOW,3230.66,HIGH
SYN-M-1377,GROCERY,Dhaka,1553,LOW,179.2,MEDIUM
SYN-M-1378,GROCERY,Cumilla,2135,LOW,521.95,MEDIUM
SYN-M-1379,E_COMMERCE,Dhaka,2847,LOW,1644.81,MEDIUM
SYN-M-1380,GROCERY,Gazipur,867,MEDIUM,584.05,LOW
SYN-M-1381,GROCERY,Dhaka,1230,LOW,826.59,MEDIUM
SYN-M-1382,RESTAURANT,Dhaka,324,MEDIUM,1764.28,MEDIUM
SYN-M-1383,GROCERY,Rangpur,1321,LOW,100.0,MEDIUM
SYN-M-1384,RESTAURANT,Barishal,2201,LOW,1429.71,LOW
SYN-M-1385,GROCERY,Rajshahi,1023,LOW,1459.85,MEDIUM
SYN-M-1386,RESTAURANT,Chittagong,644,HIGH,1966.08,LOW
SYN-M-1387,RESTAURANT,Dhaka,633,MEDIUM,853.6,HIGH
SYN-M-1388,RESTAURANT,Rajshahi,1130,LOW,1291.09,MEDIUM
SYN-M-1389,DIGITAL_SERVICE,Sylhet,1403,LOW,1346.76,LOW
SYN-M-1390,GROCERY,Barishal,1137,MEDIUM,246.32,MEDIUM
SYN-M-1391,GROCERY,Rajshahi,700,LOW,684.28,HIGH
SYN-M-1392,GROCERY,Chittagong,79,LOW,1476.33,HIGH
SYN-M-1393,RESTAURANT,Rajshahi,2662,LOW,100.0,LOW
SYN-M-1394,RESTAURANT,Narayanganj,1334,LOW,1744.22,MEDIUM
SYN-M-1395,UTILITY,Khulna,2082,LOW,3092.09,MEDIUM
SYN-M-1396,RESTAURANT,Rajshahi,950,LOW,927.07,MEDIUM
SYN-M-1397,RESTAURANT,Dhaka,1672,LOW,924.59,MEDIUM
SYN-M-1398,RESTAURANT,Dhaka,1855,LOW,1260.05,LOW
SYN-M-1399,RESTAURANT,Khulna,2847,LOW,590.23,MEDIUM
SYN-M-1400,TRAVEL,Dhaka,1808,LOW,8149.5,MEDIUM
SYN-M-1401,GROCERY,Dhaka,1627,LOW,906.43,LOW
SYN-M-1402,TRAVEL,Rangpur,545,HIGH,3771.32,MEDIUM
SYN-M-1403,GROCERY,Chittagong,1642,MEDIUM,523.02,MEDIUM
SYN-M-1404,RESTAURANT,Chittagong,2462,MEDIUM,845.94,MEDIUM
SYN-M-1405,RESTAURANT,Chittagong,294,LOW,1829.89,MEDIUM
SYN-M-1406,GROCERY,Sylhet,1608,LOW,1068.57,LOW
SYN-M-1407,TRAVEL,Khulna,1688,LOW,12637.52,MEDIUM
SYN-M-1408,RESTAURANT,Khulna,512,LOW,326.3,HIGH
SYN-M-1409,GROCERY,Mymensingh,605,MEDIUM,504.14,LOW
SYN-M-1410,UTILITY,Sylhet,1301,MEDIUM,923.21,HIGH
SYN-M-1411,GROCERY,Cumilla,1339,LOW,1272.63,MEDIUM
SYN-M-1412,DIGITAL_SERVICE,Chittagong,1086,LOW,2075.45,HIGH
SYN-M-1413,UTILITY,Dhaka,107,LOW,3175.73,MEDIUM
SYN-M-1414,GROCERY,Dhaka,285,MEDIUM,434.87,MEDIUM
SYN-M-1415,E_COMMERCE,Chittagong,2718,LOW,4414.47,MEDIUM
SYN-M-1416,RESTAURANT,Sylhet,1416,LOW,196.59,MEDIUM
SYN-M-1417,GROCERY,Dhaka,1038,LOW,1243.32,MEDIUM
SYN-M-1418,GROCERY,Chittagong,1804,LOW,1464.03,MEDIUM
SYN-M-1419,RESTAURANT,Dhaka,648,HIGH,1163.16,LOW
SYN-M-1420,GROCERY,Sylhet,1861,LOW,1271.68,MEDIUM
SYN-M-1421,RESTAURANT,Chittagong,1036,LOW,1168.85,MEDIUM
SYN-M-1422,GROCERY,Sylhet,2848,HIGH,769.26,LOW
SYN-M-1423,E_COMMERCE,Chittagong,1154,LOW,3479.73,MEDIUM
SYN-M-1424,UTILITY,Dhaka,750,LOW,3409.25,MEDIUM
SYN-M-1425,GROCERY,Dhaka,1026,MEDIUM,355.55,LOW
SYN-M-1426,UTILITY,Cumilla,1372,MEDIUM,1141.68,MEDIUM
SYN-M-1427,GROCERY,Mymensingh,666,LOW,1033.11,HIGH
SYN-M-1428,GROCERY,Gazipur,1245,LOW,672.61,HIGH
SYN-M-1429,E_COMMERCE,Dhaka,2395,LOW,3188.57,HIGH
SYN-M-1430,RESTAURANT,Dhaka,2345,LOW,1007.13,HIGH
SYN-M-1431,RESTAURANT,Rajshahi,1764,LOW,1186.12,HIGH
SYN-M-1432,TRAVEL,Barishal,2754,LOW,14516.94,MEDIUM
SYN-M-1433,GROCERY,Chittagong,1985,LOW,408.03,LOW
SYN-M-1434,E_COMMERCE,Barishal,2107,LOW,6416.95,MEDIUM
SYN-M-1435,RESTAURANT,Khulna,2550,HIGH,1275.96,HIGH
SYN-M-1436,RESTAURANT,Dhaka,536,LOW,949.85,HIGH
SYN-M-1437,GROCERY,Cumilla,2280,LOW,1271.76,HIGH
SYN-M-1438,DIGITAL_SERVICE,Dhaka,2325,LOW,1690.97,LOW
SYN-M-1439,GROCERY,Khulna,1595,LOW,917.08,LOW
SYN-M-1440,RESTAURANT,Bogura,298,LOW,1669.61,MEDIUM
SYN-M-1441,EDUCATION,Chittagong,1103,MEDIUM,6627.5,MEDIUM
SYN-M-1442,E_COMMERCE,Rajshahi,203,LOW,1064.33,MEDIUM
SYN-M-1443,GROCERY,Dhaka,2137,MEDIUM,960.24,MEDIUM
SYN-M-1444,GROCERY,Barishal,1065,LOW,1357.99,LOW
SYN-M-1445,GROCERY,Dhaka,1706,LOW,852.98,HIGH
SYN-M-1446,DIGITAL_SERVICE,Dhaka,101,HIGH,1158.63,MEDIUM
SYN-M-1447,TRAVEL,Khulna,2068,MEDIUM,13107.22,LOW
SYN-M-1448,GROCERY,Barishal,2506,LOW,965.33,MEDIUM
SYN-M-1449,GROCERY,Dhaka,2270,MEDIUM,616.35,LOW
SYN-M-1450,GROCERY,Chittagong,1295,MEDIUM,249.5,MEDIUM
SYN-M-1451,GROCERY,Dhaka,1144,LOW,847.88,MEDIUM
SYN-M-1452,E_COMMERCE,Khulna,1183,LOW,1594.6,MEDIUM
SYN-M-1453,RESTAURANT,Rajshahi,541,MEDIUM,1217.8,MEDIUM
SYN-M-1454,RESTAURANT,Chittagong,1275,LOW,2040.4,HIGH
SYN-M-1455,UTILITY,Dhaka,2106,LOW,2708.86,LOW
SYN-M-1456,UTILITY,Narayanganj,2090,LOW,1024.26,MEDIUM
SYN-M-1457,RESTAURANT,Mymensingh,63,LOW,891.02,MEDIUM
SYN-M-1458,GROCERY,Chittagong,1387,LOW,1257.26,LOW
SYN-M-1459,DIGITAL_SERVICE,Chittagong,2818,LOW,2043.81,HIGH
SYN-M-1460,GROCERY,Dhaka,2366,LOW,1110.89,HIGH
SYN-M-1461,E_COMMERCE,Rajshahi,429,LOW,5533.15,MEDIUM
SYN-M-1462,RESTAURANT,Chittagong,1079,LOW,1362.76,MEDIUM
SYN-M-1463,GROCERY,Sylhet,1883,MEDIUM,100.0,HIGH
SYN-M-1464,GROCERY,Dhaka,1655,MEDIUM,932.78,LOW
SYN-M-1465,GROCERY,Dhaka,1578,LOW,1233.9,HIGH
SYN-M-1466,RESTAURANT,Chittagong,1900,HIGH,1110.3,MEDIUM
SYN-M-1467,GROCERY,Cumilla,2716,LOW,1227.98,LOW
SYN-M-1468,E_COMMERCE,Dhaka,1297,LOW,2848.95,MEDIUM
SYN-M-1469,GROCERY,Dhaka,243,LOW,1240.2,MEDIUM
SYN-M-1470,GROCERY,Jessore,2919,LOW,1084.21,MEDIUM
SYN-M-1471,RESTAURANT,Barishal,728,LOW,1701.53,MEDIUM
SYN-M-1472,GROCERY,Dhaka,2491,LOW,512.74,HIGH
SYN-M-1473,E_COMMERCE,Dhaka,2257,MEDIUM,1791.05,LOW
SYN-M-1474,RESTAURANT,Barishal,424,LOW,1237.16,HIGH
SYN-M-1475,UTILITY,Dhaka,635,LOW,3265.94,MEDIUM
SYN-M-1476,GROCERY,Barishal,895,MEDIUM,737.58,MEDIUM
SYN-M-1477,GROCERY,Cox's Bazar,1942,LOW,640.08,HIGH
SYN-M-1478,EDUCATION,Chittagong,782,LOW,3427.93,HIGH
SYN-M-1479,DIGITAL_SERVICE,Sylhet,652,LOW,1429.07,LOW
SYN-M-1480,E_COMMERCE,Mymensingh,408,LOW,2514.21,MEDIUM
SYN-M-1481,GROCERY,Chittagong,2635,LOW,635.56,MEDIUM
SYN-M-1482,UTILITY,Dhaka,2522,LOW,1240.14,HIGH
SYN-M-1483,UTILITY,Chittagong,489,LOW,2127.15,MEDIUM
SYN-M-1484,GROCERY,Mymensingh,746,LOW,758.35,MEDIUM
SYN-M-1485,RESTAURANT,Barishal,1411,LOW,2320.24,MEDIUM
SYN-M-1486,DIGITAL_SERVICE,Cumilla,2009,HIGH,1946.11,LOW
SYN-M-1487,E_COMMERCE,Rangpur,1670,LOW,5593.96,MEDIUM
SYN-M-1488,UTILITY,Dhaka,2122,LOW,1973.56,HIGH
SYN-M-1489,E_COMMERCE,Mymensingh,1448,LOW,769.61,MEDIUM
SYN-M-1490,DIGITAL_SERVICE,Chittagong,2574,LOW,1890.93,MEDIUM
SYN-M-1491,GROCERY,Chittagong,987,MEDIUM,1281.87,MEDIUM
SYN-M-1492,GROCERY,Sylhet,967,LOW,289.14,MEDIUM
SYN-M-1493,RESTAURANT,Dhaka,815,LOW,1390.27,MEDIUM
SYN-M-1494,GROCERY,Mymensingh,181,LOW,563.09,LOW
SYN-M-1495,GROCERY,Barishal,1037,LOW,963.26,LOW
SYN-M-1496,RESTAURANT,Sylhet,2652,LOW,1640.22,MEDIUM
SYN-M-1497,EDUCATION,Dhaka,2998,LOW,4284.22,MEDIUM
SYN-M-1498,DIGITAL_SERVICE,Gazipur,2361,LOW,1818.5,MEDIUM
SYN-M-1499,GROCERY,Rajshahi,2896,LOW,1304.49,MEDIUM
SYN-M-1500,RESTAURANT,Narayanganj,248,LOW,514.62,HIGH
SYN-M-1501,GROCERY,Sylhet,2716,LOW,1045.04,MEDIUM
SYN-M-1502,GROCERY,Khulna,1854,MEDIUM,349.51,HIGH
SYN-M-1503,UTILITY,Chittagong,2967,LOW,2524.0,MEDIUM
SYN-M-1504,E_COMMERCE,Dhaka,327,LOW,3150.78,MEDIUM
SYN-M-1505,GROCERY,Dhaka,2101,LOW,923.69,LOW
SYN-M-1506,DIGITAL_SERVICE,Chittagong,1460,LOW,1961.22,MEDIUM
SYN-M-1507,UTILITY,Dhaka,1333,LOW,1090.55,HIGH
SYN-M-1508,GROCERY,Sylhet,2857,MEDIUM,815.16,MEDIUM
SYN-M-1509,GROCERY,Cumilla,412,LOW,974.46,MEDIUM
SYN-M-1510,UTILITY,Cumilla,2038,LOW,457.02,MEDIUM
SYN-M-1511,GROCERY,Chittagong,2912,LOW,530.38,HIGH
SYN-M-1512,RESTAURANT,Chittagong,1120,LOW,1232.72,HIGH
SYN-M-1513,TRAVEL,Sylhet,2685,LOW,7228.82,HIGH
SYN-M-1514,GROCERY,Rajshahi,1557,LOW,948.12,MEDIUM
SYN-M-1515,E_COMMERCE,Sylhet,709,LOW,4037.69,HIGH
SYN-M-1516,DIGITAL_SERVICE,Dhaka,2934,MEDIUM,983.56,MEDIUM
SYN-M-1517,GROCERY,Dhaka,2247,MEDIUM,861.54,LOW
SYN-M-1518,GROCERY,Dhaka,986,LOW,289.74,LOW
SYN-M-1519,EDUCATION,Rangpur,273,LOW,8161.94,LOW
SYN-M-1520,GROCERY,Dhaka,2900,LOW,870.72,HIGH
SYN-M-1521,EDUCATION,Dhaka,2879,LOW,6609.39,MEDIUM
SYN-M-1522,E_COMMERCE,Sylhet,2601,LOW,100.0,MEDIUM
SYN-M-1523,GROCERY,Dhaka,1025,LOW,878.95,LOW
SYN-M-1524,GROCERY,Bogura,2705,LOW,539.82,MEDIUM
SYN-M-1525,GROCERY,Khulna,1473,LOW,1053.5,MEDIUM
SYN-M-1526,GROCERY,Sylhet,2708,LOW,785.9,MEDIUM
SYN-M-1527,E_COMMERCE,Mymensingh,164,MEDIUM,4559.21,HIGH
SYN-M-1528,RESTAURANT,Chittagong,2304,LOW,1721.78,MEDIUM
SYN-M-1529,TRAVEL,Cumilla,2120,MEDIUM,6274.02,MEDIUM
SYN-M-1530,E_COMMERCE,Dhaka,2388,LOW,3416.8,HIGH
SYN-M-1531,DIGITAL_SERVICE,Narayanganj,224,HIGH,2214.78,MEDIUM
SYN-M-1532,TRAVEL,Rajshahi,1304,HIGH,11150.16,MEDIUM
SYN-M-1533,E_COMMERCE,Gazipur,1011,LOW,100.0,LOW
SYN-M-1534,GROCERY,Dhaka,2610,LOW,835.51,MEDIUM
SYN-M-1535,TRAVEL,Dhaka,424,LOW,10004.7,LOW
SYN-M-1536,UTILITY,Dhaka,2589,MEDIUM,2727.1,LOW
SYN-M-1537,GROCERY,Dhaka,2830,LOW,400.71,MEDIUM
SYN-M-1538,E_COMMERCE,Chittagong,490,LOW,4540.56,MEDIUM
SYN-M-1539,RESTAURANT,Dhaka,2459,LOW,1518.11,MEDIUM
SYN-M-1540,UTILITY,Dhaka,2774,LOW,3173.11,MEDIUM
SYN-M-1541,TRAVEL,Dhaka,2553,LOW,4357.29,LOW
SYN-M-1542,TRAVEL,Chittagong,688,LOW,6214.62,MEDIUM
SYN-M-1543,GROCERY,Rajshahi,1097,MEDIUM,562.45,MEDIUM
SYN-M-1544,E_COMMERCE,Dhaka,2805,LOW,3513.22,MEDIUM
SYN-M-1545,GROCERY,Gazipur,1365,LOW,1059.81,MEDIUM
SYN-M-1546,RESTAURANT,Dhaka,1567,LOW,1261.57,MEDIUM
SYN-M-1547,GROCERY,Rangpur,2702,MEDIUM,504.77,HIGH
SYN-M-1548,E_COMMERCE,Chittagong,2174,LOW,2610.31,LOW
SYN-M-1549,E_COMMERCE,Mymensingh,2729,LOW,1756.05,HIGH
SYN-M-1550,GROCERY,Dhaka,659,LOW,567.0,LOW
SYN-M-1551,E_COMMERCE,Gazipur,2657,MEDIUM,3055.61,MEDIUM
SYN-M-1552,RESTAURANT,Mymensingh,2406,LOW,702.64,HIGH
SYN-M-1553,UTILITY,Sylhet,2249,LOW,1857.78,LOW
SYN-M-1554,RESTAURANT,Gazipur,2171,LOW,1171.14,HIGH
SYN-M-1555,EDUCATION,Dhaka,426,LOW,5307.48,HIGH
SYN-M-1556,GROCERY,Bogura,1093,LOW,1332.53,HIGH
SYN-M-1557,GROCERY,Dhaka,1466,MEDIUM,1068.36,MEDIUM
SYN-M-1558,DIGITAL_SERVICE,Mymensingh,2963,LOW,2189.11,HIGH
SYN-M-1559,TRAVEL,Dhaka,2087,LOW,8777.03,HIGH
SYN-M-1560,GROCERY,Cumilla,2572,LOW,727.82,HIGH
SYN-M-1561,E_COMMERCE,Chittagong,2033,MEDIUM,4741.95,MEDIUM
SYN-M-1562,DIGITAL_SERVICE,Barishal,1576,LOW,1600.86,MEDIUM
SYN-M-1563,TRAVEL,Chittagong,2644,MEDIUM,4186.12,MEDIUM
SYN-M-1564,EDUCATION,Narayanganj,1743,LOW,9362.48,LOW
SYN-M-1565,E_COMMERCE,Narayanganj,211,LOW,3080.58,LOW
SYN-M-1566,GROCERY,Sylhet,1181,MEDIUM,951.45,HIGH
SYN-M-1567,GROCERY,Gazipur,2985,LOW,1071.91,HIGH
SYN-M-1568,RESTAURANT,Mymensingh,2952,LOW,1276.46,LOW
SYN-M-1569,UTILITY,Narayanganj,2794,LOW,850.89,HIGH
SYN-M-1570,GROCERY,Chittagong,1581,HIGH,1348.24,HIGH
SYN-M-1571,E_COMMERCE,Gazipur,1840,LOW,100.0,MEDIUM
SYN-M-1572,TRAVEL,Chittagong,120,LOW,9627.27,LOW
SYN-M-1573,RESTAURANT,Narayanganj,1113,LOW,490.34,MEDIUM
SYN-M-1574,E_COMMERCE,Cumilla,1324,LOW,3900.74,LOW
SYN-M-1575,DIGITAL_SERVICE,Sylhet,594,MEDIUM,1467.39,LOW
SYN-M-1576,DIGITAL_SERVICE,Rajshahi,1021,MEDIUM,1458.8,HIGH
SYN-M-1577,EDUCATION,Chittagong,2592,LOW,6149.79,LOW
SYN-M-1578,E_COMMERCE,Cox's Bazar,929,LOW,3836.05,HIGH
SYN-M-1579,RESTAURANT,Barishal,2245,HIGH,529.4,LOW
SYN-M-1580,E_COMMERCE,Chittagong,1726,LOW,1117.72,MEDIUM
SYN-M-1581,RESTAURANT,Rajshahi,1755,LOW,1095.89,MEDIUM
SYN-M-1582,E_COMMERCE,Dhaka,1865,LOW,2941.93,HIGH
SYN-M-1583,E_COMMERCE,Bogura,1092,LOW,2171.8,MEDIUM
SYN-M-1584,UTILITY,Barishal,2438,LOW,3024.27,MEDIUM
SYN-M-1585,RESTAURANT,Dhaka,877,LOW,1049.25,LOW
SYN-M-1586,E_COMMERCE,Rajshahi,1399,LOW,2405.82,MEDIUM
SYN-M-1587,UTILITY,Dhaka,2209,LOW,2842.57,HIGH
SYN-M-1588,EDUCATION,Dhaka,750,LOW,5798.08,MEDIUM
SYN-M-1589,GROCERY,Dhaka,379,LOW,1056.59,MEDIUM
SYN-M-1590,GROCERY,Mymensingh,144,LOW,1210.55,HIGH
SYN-M-1591,DIGITAL_SERVICE,Dhaka,2574,LOW,2069.83,MEDIUM
SYN-M-1592,E_COMMERCE,Narayanganj,1836,LOW,5623.06,MEDIUM
SYN-M-1593,GROCERY,Khulna,2342,LOW,706.08,HIGH
SYN-M-1594,RESTAURANT,Rangpur,1655,LOW,1238.17,MEDIUM
SYN-M-1595,EDUCATION,Dhaka,302,LOW,6280.2,MEDIUM
SYN-M-1596,RESTAURANT,Sylhet,2455,LOW,1382.06,MEDIUM
SYN-M-1597,GROCERY,Dhaka,322,LOW,905.5,MEDIUM
SYN-M-1598,GROCERY,Dhaka,1159,LOW,523.89,LOW
SYN-M-1599,GROCERY,Dhaka,2471,LOW,1213.05,HIGH
SYN-M-1600,UTILITY,Dhaka,2977,LOW,2507.93,MEDIUM
SYN-M-1601,GROCERY,Dhaka,967,LOW,841.79,MEDIUM
SYN-M-1602,RESTAURANT,Barishal,1690,LOW,861.09,MEDIUM
SYN-M-1603,E_COMMERCE,Dhaka,559,MEDIUM,1635.62,HIGH
SYN-M-1604,DIGITAL_SERVICE,Bogura,1303,LOW,1234.86,LOW
SYN-M-1605,RESTAURANT,Gazipur,2881,LOW,642.53,LOW
SYN-M-1606,GROCERY,Chittagong,1501,LOW,1172.87,MEDIUM
SYN-M-1607,UTILITY,Cox's Bazar,2826,LOW,4108.74,MEDIUM
SYN-M-1608,DIGITAL_SERVICE,Dhaka,288,HIGH,333.47,MEDIUM
SYN-M-1609,E_COMMERCE,Mymensingh,626,HIGH,4192.71,MEDIUM
SYN-M-1610,RESTAURANT,Dhaka,241,LOW,1062.83,MEDIUM
SYN-M-1611,GROCERY,Rangpur,1504,MEDIUM,719.89,LOW
SYN-M-1612,GROCERY,Mymensingh,1667,LOW,427.76,MEDIUM
SYN-M-1613,TRAVEL,Dhaka,312,LOW,2802.0,HIGH
SYN-M-1614,DIGITAL_SERVICE,Dhaka,1853,LOW,1483.61,MEDIUM
SYN-M-1615,E_COMMERCE,Jessore,1287,LOW,3224.13,LOW
SYN-M-1616,EDUCATION,Rangpur,335,MEDIUM,7279.21,MEDIUM
SYN-M-1617,EDUCATION,Dhaka,374,LOW,4402.78,MEDIUM
SYN-M-1618,RESTAURANT,Rangpur,2804,LOW,1081.59,HIGH
SYN-M-1619,UTILITY,Sylhet,1814,LOW,1605.28,HIGH
SYN-M-1620,TRAVEL,Dhaka,728,LOW,10454.81,MEDIUM
SYN-M-1621,GROCERY,Chittagong,133,HIGH,993.07,MEDIUM
SYN-M-1622,RESTAURANT,Sylhet,2589,LOW,997.4,MEDIUM
SYN-M-1623,RESTAURANT,Dhaka,703,MEDIUM,524.45,HIGH
SYN-M-1624,UTILITY,Dhaka,2697,LOW,912.28,MEDIUM
SYN-M-1625,TRAVEL,Dhaka,2685,HIGH,6507.66,MEDIUM
SYN-M-1626,GROCERY,Dhaka,882,LOW,1750.3,MEDIUM
SYN-M-1627,UTILITY,Chittagong,695,MEDIUM,993.57,LOW
SYN-M-1628,RESTAURANT,Chittagong,2558,LOW,1495.45,MEDIUM
SYN-M-1629,UTILITY,Dhaka,690,MEDIUM,2543.95,MEDIUM
SYN-M-1630,GROCERY,Barishal,1423,LOW,935.89,MEDIUM
SYN-M-1631,UTILITY,Dhaka,580,LOW,3097.8,MEDIUM
SYN-M-1632,GROCERY,Khulna,1653,LOW,898.14,HIGH
SYN-M-1633,GROCERY,Dhaka,1051,MEDIUM,1410.56,HIGH
SYN-M-1634,RESTAURANT,Barishal,290,LOW,1825.43,HIGH
SYN-M-1635,RESTAURANT,Dhaka,2483,LOW,668.12,MEDIUM
SYN-M-1636,GROCERY,Mymensingh,1936,LOW,100.0,HIGH
SYN-M-1637,RESTAURANT,Cumilla,2800,HIGH,1440.48,HIGH
SYN-M-1638,DIGITAL_SERVICE,Narayanganj,323,MEDIUM,1756.66,MEDIUM
SYN-M-1639,TRAVEL,Chittagong,2329,LOW,13248.69,MEDIUM
SYN-M-1640,GROCERY,Rangpur,526,HIGH,819.75,HIGH
SYN-M-1641,E_COMMERCE,Khulna,2948,LOW,3280.56,MEDIUM
SYN-M-1642,GROCERY,Cox's Bazar,2384,LOW,851.49,MEDIUM
SYN-M-1643,E_COMMERCE,Barishal,788,LOW,1913.33,MEDIUM
SYN-M-1644,RESTAURANT,Cumilla,2080,LOW,1104.68,MEDIUM
SYN-M-1645,GROCERY,Cumilla,2560,LOW,1221.39,LOW
SYN-M-1646,RESTAURANT,Sylhet,2864,MEDIUM,1485.73,MEDIUM
SYN-M-1647,GROCERY,Chittagong,2891,LOW,770.39,MEDIUM
SYN-M-1648,RESTAURANT,Narayanganj,295,MEDIUM,697.19,LOW
SYN-M-1649,TRAVEL,Mymensingh,348,LOW,8147.3,MEDIUM
SYN-M-1650,GROCERY,Dhaka,1490,LOW,100.0,HIGH
SYN-M-1651,UTILITY,Dhaka,1895,HIGH,2230.81,HIGH
SYN-M-1652,DIGITAL_SERVICE,Rajshahi,2942,MEDIUM,1324.58,MEDIUM
SYN-M-1653,RESTAURANT,Sylhet,1365,LOW,1240.76,HIGH
SYN-M-1654,RESTAURANT,Chittagong,1163,MEDIUM,881.9,MEDIUM
SYN-M-1655,GROCERY,Jessore,270,LOW,454.56,MEDIUM
SYN-M-1656,GROCERY,Dhaka,1105,LOW,763.11,MEDIUM
SYN-M-1657,RESTAURANT,Dhaka,2172,LOW,1418.71,MEDIUM
SYN-M-1658,GROCERY,Khulna,2660,LOW,1155.32,MEDIUM
SYN-M-1659,TRAVEL,Dhaka,956,MEDIUM,13120.94,LOW
SYN-M-1660,UTILITY,Chittagong,150,LOW,3234.89,HIGH
SYN-M-1661,E_COMMERCE,Chittagong,2131,LOW,2009.81,MEDIUM
SYN-M-1662,E_COMMERCE,Mymensingh,1604,LOW,3477.06,MEDIUM
SYN-M-1663,EDUCATION,Dhaka,431,LOW,7625.41,MEDIUM
SYN-M-1664,GROCERY,Dhaka,1436,LOW,629.3,MEDIUM
SYN-M-1665,UTILITY,Dhaka,1212,HIGH,1909.35,MEDIUM
SYN-M-1666,GROCERY,Barishal,1217,LOW,519.73,MEDIUM
SYN-M-1667,TRAVEL,Narayanganj,2475,LOW,7694.22,LOW
SYN-M-1668,E_COMMERCE,Rajshahi,2829,LOW,5287.41,HIGH
SYN-M-1669,GROCERY,Dhaka,1371,LOW,805.1,HIGH
SYN-M-1670,GROCERY,Dhaka,285,LOW,706.96,MEDIUM
SYN-M-1671,UTILITY,Rajshahi,1788,LOW,2277.98,MEDIUM
SYN-M-1672,GROCERY,Chittagong,1872,LOW,1453.71,HIGH
SYN-M-1673,RESTAURANT,Khulna,2568,LOW,1101.43,MEDIUM
SYN-M-1674,TRAVEL,Mymensingh,2546,MEDIUM,6499.95,HIGH
SYN-M-1675,TRAVEL,Chittagong,722,LOW,6969.89,HIGH
SYN-M-1676,GROCERY,Gazipur,1269,LOW,1291.52,MEDIUM
SYN-M-1677,UTILITY,Gazipur,2079,LOW,2369.17,LOW
SYN-M-1678,E_COMMERCE,Dhaka,1464,LOW,3954.94,LOW
SYN-M-1679,TRAVEL,Khulna,1726,LOW,17491.78,HIGH
SYN-M-1680,DIGITAL_SERVICE,Dhaka,1908,LOW,776.76,HIGH
SYN-M-1681,RESTAURANT,Gazipur,2365,MEDIUM,1135.56,MEDIUM
SYN-M-1682,GROCERY,Dhaka,171,MEDIUM,686.6,LOW
SYN-M-1683,RESTAURANT,Dhaka,2969,HIGH,1470.06,MEDIUM
SYN-M-1684,UTILITY,Dhaka,1308,LOW,2046.81,MEDIUM
SYN-M-1685,GROCERY,Dhaka,2728,LOW,572.9,LOW
SYN-M-1686,UTILITY,Rajshahi,875,LOW,1237.39,LOW
SYN-M-1687,RESTAURANT,Gazipur,101,LOW,1342.75,MEDIUM
SYN-M-1688,UTILITY,Sylhet,1604,LOW,677.3,HIGH
SYN-M-1689,GROCERY,Narayanganj,1791,LOW,1135.32,LOW
SYN-M-1690,GROCERY,Khulna,1094,MEDIUM,809.31,MEDIUM
SYN-M-1691,TRAVEL,Dhaka,1553,MEDIUM,9039.48,MEDIUM
SYN-M-1692,E_COMMERCE,Dhaka,1423,LOW,4531.98,LOW
SYN-M-1693,EDUCATION,Khulna,1851,MEDIUM,6248.56,LOW
SYN-M-1694,TRAVEL,Dhaka,1229,LOW,9191.22,HIGH
SYN-M-1695,DIGITAL_SERVICE,Bogura,1706,LOW,963.37,HIGH
SYN-M-1696,TRAVEL,Dhaka,1626,LOW,8035.82,LOW
SYN-M-1697,EDUCATION,Dhaka,1290,HIGH,3082.14,HIGH
SYN-M-1698,UTILITY,Dhaka,1429,MEDIUM,2403.13,MEDIUM
SYN-M-1699,DIGITAL_SERVICE,Khulna,1094,HIGH,1864.03,MEDIUM
SYN-M-1700,RESTAURANT,Dhaka,2714,LOW,1380.48,HIGH
SYN-M-1701,E_COMMERCE,Dhaka,1478,LOW,2927.41,MEDIUM
SYN-M-1702,GROCERY,Gazipur,2305,LOW,1261.02,MEDIUM
SYN-M-1703,RESTAURANT,Chittagong,1970,LOW,659.09,LOW
SYN-M-1704,E_COMMERCE,Cumilla,1274,LOW,5346.84,LOW
SYN-M-1705,DIGITAL_SERVICE,Dhaka,241,LOW,2619.18,HIGH
SYN-M-1706,RESTAURANT,Gazipur,129,LOW,580.58,MEDIUM
SYN-M-1707,GROCERY,Sylhet,2553,LOW,1052.49,MEDIUM
SYN-M-1708,GROCERY,Dhaka,2980,LOW,1212.99,MEDIUM
SYN-M-1709,RESTAURANT,Chittagong,1415,LOW,683.8,LOW
SYN-M-1710,E_COMMERCE,Sylhet,1711,LOW,3998.42,LOW
SYN-M-1711,DIGITAL_SERVICE,Chittagong,2494,LOW,1656.06,MEDIUM
SYN-M-1712,RESTAURANT,Cumilla,854,LOW,2204.9,LOW
SYN-M-1713,RESTAURANT,Dhaka,2171,LOW,1540.54,HIGH
SYN-M-1714,GROCERY,Rajshahi,920,LOW,384.47,LOW
SYN-M-1715,RESTAURANT,Narayanganj,243,LOW,100.0,MEDIUM
SYN-M-1716,EDUCATION,Gazipur,1040,LOW,8805.32,HIGH
SYN-M-1717,RESTAURANT,Chittagong,2925,LOW,1410.53,MEDIUM
SYN-M-1718,GROCERY,Sylhet,382,LOW,711.82,LOW
SYN-M-1719,TRAVEL,Chittagong,2929,LOW,7260.01,HIGH
SYN-M-1720,UTILITY,Rangpur,1973,LOW,2977.1,MEDIUM
SYN-M-1721,RESTAURANT,Barishal,2468,LOW,2421.14,HIGH
SYN-M-1722,DIGITAL_SERVICE,Rajshahi,2105,LOW,1635.79,LOW
SYN-M-1723,E_COMMERCE,Sylhet,279,LOW,2972.74,MEDIUM
SYN-M-1724,RESTAURANT,Cumilla,1764,HIGH,962.2,MEDIUM
SYN-M-1725,RESTAURANT,Mymensingh,2019,MEDIUM,926.91,MEDIUM
SYN-M-1726,RESTAURANT,Barishal,1226,LOW,1112.77,HIGH
SYN-M-1727,GROCERY,Dhaka,810,LOW,584.41,LOW
SYN-M-1728,UTILITY,Chittagong,1332,LOW,1080.89,MEDIUM
SYN-M-1729,E_COMMERCE,Dhaka,782,LOW,3101.97,LOW
SYN-M-1730,E_COMMERCE,Dhaka,2467,LOW,5369.27,LOW
SYN-M-1731,E_COMMERCE,Gazipur,510,LOW,4137.46,HIGH
SYN-M-1732,E_COMMERCE,Dhaka,541,LOW,5216.35,MEDIUM
SYN-M-1733,UTILITY,Dhaka,1808,LOW,2128.0,MEDIUM
SYN-M-1734,GROCERY,Dhaka,1133,LOW,644.59,MEDIUM
SYN-M-1735,RESTAURANT,Dhaka,1762,LOW,849.22,LOW
SYN-M-1736,TRAVEL,Rajshahi,730,LOW,10308.28,MEDIUM
SYN-M-1737,RESTAURANT,Rangpur,2518,LOW,1017.35,MEDIUM
SYN-M-1738,GROCERY,Dhaka,2279,LOW,691.14,MEDIUM
SYN-M-1739,GROCERY,Dhaka,2220,LOW,874.82,MEDIUM
SYN-M-1740,RESTAURANT,Barishal,2927,LOW,705.1,MEDIUM
SYN-M-1741,GROCERY,Dhaka,1899,LOW,1152.05,MEDIUM
SYN-M-1742,GROCERY,Rangpur,944,LOW,781.71,MEDIUM
SYN-M-1743,GROCERY,Rangpur,1652,LOW,1009.3,MEDIUM
SYN-M-1744,TRAVEL,Barishal,1393,LOW,10565.95,MEDIUM
SYN-M-1745,RESTAURANT,Chittagong,1667,LOW,515.95,MEDIUM
SYN-M-1746,RESTAURANT,Sylhet,1955,LOW,942.9,LOW
SYN-M-1747,UTILITY,Mymensingh,1314,LOW,1790.62,MEDIUM
SYN-M-1748,RESTAURANT,Barishal,882,LOW,990.59,MEDIUM
SYN-M-1749,UTILITY,Dhaka,1096,LOW,2513.33,LOW
SYN-M-1750,GROCERY,Dhaka,600,LOW,952.78,HIGH
SYN-M-1751,GROCERY,Dhaka,2551,LOW,1018.38,MEDIUM
SYN-M-1752,GROCERY,Rangpur,1859,LOW,615.56,LOW
SYN-M-1753,E_COMMERCE,Dhaka,2319,LOW,4025.71,HIGH
SYN-M-1754,GROCERY,Rajshahi,776,HIGH,433.21,MEDIUM
SYN-M-1755,UTILITY,Rangpur,102,LOW,2619.26,LOW
SYN-M-1756,E_COMMERCE,Dhaka,593,LOW,3179.33,LOW
SYN-M-1757,E_COMMERCE,Rajshahi,2592,LOW,3246.38,MEDIUM
SYN-M-1758,GROCERY,Rajshahi,2793,LOW,258.24,MEDIUM
SYN-M-1759,GROCERY,Chittagong,2674,LOW,1016.69,MEDIUM
SYN-M-1760,UTILITY,Khulna,591,LOW,2274.98,LOW
SYN-M-1761,GROCERY,Dhaka,1319,MEDIUM,851.03,LOW
SYN-M-1762,UTILITY,Rajshahi,1040,LOW,1486.89,MEDIUM
SYN-M-1763,RESTAURANT,Sylhet,2297,LOW,703.99,MEDIUM
SYN-M-1764,GROCERY,Dhaka,2191,LOW,502.42,LOW
SYN-M-1765,GROCERY,Chittagong,1479,LOW,142.24,MEDIUM
SYN-M-1766,RESTAURANT,Narayanganj,1336,LOW,1141.32,HIGH
SYN-M-1767,GROCERY,Chittagong,2546,MEDIUM,920.58,HIGH
SYN-M-1768,TRAVEL,Chittagong,589,LOW,10584.0,MEDIUM
SYN-M-1769,E_COMMERCE,Dhaka,2028,LOW,1280.68,MEDIUM
SYN-M-1770,EDUCATION,Chittagong,2951,LOW,3047.99,MEDIUM
SYN-M-1771,EDUCATION,Sylhet,2248,MEDIUM,6507.67,MEDIUM
SYN-M-1772,E_COMMERCE,Rajshahi,131,LOW,2487.65,MEDIUM
SYN-M-1773,UTILITY,Mymensingh,1057,MEDIUM,1654.0,MEDIUM
SYN-M-1774,RESTAURANT,Chittagong,2439,LOW,1347.95,MEDIUM
SYN-M-1775,GROCERY,Gazipur,2427,LOW,424.97,MEDIUM
SYN-M-1776,GROCERY,Bogura,380,LOW,364.01,MEDIUM
SYN-M-1777,GROCERY,Rajshahi,2447,MEDIUM,949.38,LOW
SYN-M-1778,RESTAURANT,Dhaka,1307,LOW,1935.31,HIGH
SYN-M-1779,EDUCATION,Rajshahi,979,LOW,2213.63,HIGH
SYN-M-1780,TRAVEL,Khulna,1951,LOW,10714.95,MEDIUM
SYN-M-1781,E_COMMERCE,Barishal,2565,LOW,2956.66,MEDIUM
SYN-M-1782,UTILITY,Khulna,1128,LOW,1875.98,HIGH
SYN-M-1783,GROCERY,Bogura,383,MEDIUM,950.15,MEDIUM
SYN-M-1784,DIGITAL_SERVICE,Dhaka,2635,MEDIUM,1295.68,MEDIUM
SYN-M-1785,GROCERY,Mymensingh,76,LOW,818.45,HIGH
SYN-M-1786,UTILITY,Rajshahi,2830,LOW,2442.55,HIGH
SYN-M-1787,RESTAURANT,Barishal,2885,LOW,452.18,MEDIUM
SYN-M-1788,RESTAURANT,Dhaka,1458,LOW,1240.99,HIGH
SYN-M-1789,GROCERY,Khulna,1695,MEDIUM,1298.88,HIGH
SYN-M-1790,TRAVEL,Cox's Bazar,1064,LOW,7577.34,MEDIUM
SYN-M-1791,UTILITY,Dhaka,2701,HIGH,1840.78,HIGH
SYN-M-1792,RESTAURANT,Dhaka,2284,MEDIUM,1210.09,LOW
SYN-M-1793,E_COMMERCE,Rajshahi,1790,HIGH,3882.16,MEDIUM
SYN-M-1794,E_COMMERCE,Sylhet,2811,LOW,5682.26,MEDIUM
SYN-M-1795,GROCERY,Chittagong,735,LOW,1212.19,MEDIUM
SYN-M-1796,RESTAURANT,Dhaka,1265,LOW,1484.96,MEDIUM
SYN-M-1797,GROCERY,Chittagong,669,LOW,1338.96,LOW
SYN-M-1798,RESTAURANT,Sylhet,2732,MEDIUM,797.03,MEDIUM
SYN-M-1799,RESTAURANT,Barishal,143,LOW,1026.84,HIGH
SYN-M-1800,E_COMMERCE,Dhaka,2045,LOW,2260.83,HIGH
SYN-M-1801,RESTAURANT,Dhaka,1924,LOW,1635.45,MEDIUM
SYN-M-1802,DIGITAL_SERVICE,Sylhet,2652,LOW,1195.3,HIGH
SYN-M-1803,UTILITY,Rangpur,2288,LOW,2126.92,LOW
SYN-M-1804,RESTAURANT,Barishal,1774,MEDIUM,1198.59,MEDIUM
SYN-M-1805,TRAVEL,Chittagong,1014,LOW,4213.18,LOW
SYN-M-1806,RESTAURANT,Chittagong,1206,LOW,1285.8,MEDIUM
SYN-M-1807,E_COMMERCE,Dhaka,2920,MEDIUM,4580.15,LOW
SYN-M-1808,E_COMMERCE,Dhaka,2906,LOW,5651.36,MEDIUM
SYN-M-1809,RESTAURANT,Gazipur,2999,LOW,867.32,HIGH
SYN-M-1810,UTILITY,Dhaka,687,LOW,2051.82,MEDIUM
SYN-M-1811,RESTAURANT,Sylhet,2926,LOW,736.97,MEDIUM
SYN-M-1812,GROCERY,Dhaka,2459,LOW,1300.91,HIGH
SYN-M-1813,GROCERY,Dhaka,1606,LOW,660.56,MEDIUM
SYN-M-1814,UTILITY,Chittagong,2921,HIGH,2558.17,HIGH
SYN-M-1815,EDUCATION,Dhaka,2163,LOW,4910.61,HIGH
SYN-M-1816,EDUCATION,Sylhet,1004,LOW,6590.74,MEDIUM
SYN-M-1817,E_COMMERCE,Dhaka,1685,LOW,910.35,HIGH
SYN-M-1818,EDUCATION,Dhaka,1315,LOW,8342.16,LOW
SYN-M-1819,DIGITAL_SERVICE,Cumilla,940,MEDIUM,2055.13,MEDIUM
SYN-M-1820,GROCERY,Dhaka,395,MEDIUM,169.29,HIGH
SYN-M-1821,E_COMMERCE,Dhaka,2616,LOW,3924.34,MEDIUM
SYN-M-1822,UTILITY,Dhaka,438,MEDIUM,894.84,HIGH
SYN-M-1823,GROCERY,Cumilla,249,LOW,281.12,MEDIUM
SYN-M-1824,GROCERY,Rajshahi,466,LOW,397.74,MEDIUM
SYN-M-1825,RESTAURANT,Dhaka,519,LOW,1356.36,LOW
SYN-M-1826,DIGITAL_SERVICE,Chittagong,732,LOW,1530.91,HIGH
SYN-M-1827,TRAVEL,Chittagong,1539,LOW,9586.59,HIGH
SYN-M-1828,RESTAURANT,Khulna,2702,LOW,2009.07,LOW
SYN-M-1829,GROCERY,Rajshahi,2864,LOW,1261.94,HIGH
SYN-M-1830,RESTAURANT,Bogura,918,HIGH,679.07,MEDIUM
SYN-M-1831,E_COMMERCE,Chittagong,328,MEDIUM,100.0,HIGH
SYN-M-1832,GROCERY,Chittagong,1163,LOW,656.01,MEDIUM
SYN-M-1833,GROCERY,Chittagong,2484,LOW,871.79,LOW
SYN-M-1834,E_COMMERCE,Bogura,1150,LOW,1918.45,MEDIUM
SYN-M-1835,GROCERY,Dhaka,2218,LOW,765.0,LOW
SYN-M-1836,RESTAURANT,Chittagong,1901,LOW,155.67,MEDIUM
SYN-M-1837,GROCERY,Cumilla,1516,HIGH,1253.91,MEDIUM
SYN-M-1838,EDUCATION,Jessore,2124,LOW,1760.51,HIGH
SYN-M-1839,E_COMMERCE,Chittagong,2035,HIGH,1796.12,MEDIUM
SYN-M-1840,EDUCATION,Khulna,870,MEDIUM,4284.18,MEDIUM
SYN-M-1841,RESTAURANT,Dhaka,286,LOW,1327.98,MEDIUM
SYN-M-1842,EDUCATION,Mymensingh,1012,LOW,4037.26,LOW
SYN-M-1843,UTILITY,Dhaka,600,LOW,537.5,MEDIUM
SYN-M-1844,E_COMMERCE,Chittagong,1444,LOW,3111.03,LOW
SYN-M-1845,GROCERY,Dhaka,2683,MEDIUM,1178.29,MEDIUM
SYN-M-1846,UTILITY,Dhaka,2468,LOW,3352.04,MEDIUM
SYN-M-1847,RESTAURANT,Barishal,993,LOW,2362.88,HIGH
SYN-M-1848,E_COMMERCE,Barishal,818,MEDIUM,1908.0,HIGH
SYN-M-1849,GROCERY,Dhaka,1547,LOW,1369.84,MEDIUM
SYN-M-1850,GROCERY,Chittagong,190,LOW,1207.15,MEDIUM
SYN-M-1851,RESTAURANT,Dhaka,541,LOW,1499.64,MEDIUM
SYN-M-1852,GROCERY,Rangpur,916,MEDIUM,251.91,LOW
SYN-M-1853,GROCERY,Cumilla,1912,LOW,1128.54,HIGH
SYN-M-1854,GROCERY,Cumilla,130,LOW,924.25,MEDIUM
SYN-M-1855,GROCERY,Dhaka,2401,LOW,1223.57,LOW
SYN-M-1856,RESTAURANT,Khulna,2745,LOW,1199.31,MEDIUM
SYN-M-1857,EDUCATION,Dhaka,226,LOW,6016.76,MEDIUM
SYN-M-1858,E_COMMERCE,Dhaka,2693,HIGH,3301.56,HIGH
SYN-M-1859,GROCERY,Dhaka,1775,LOW,846.02,MEDIUM
SYN-M-1860,E_COMMERCE,Dhaka,1890,LOW,5225.53,LOW
SYN-M-1861,DIGITAL_SERVICE,Dhaka,1394,LOW,2102.24,LOW
SYN-M-1862,RESTAURANT,Mymensingh,1855,LOW,345.95,MEDIUM
SYN-M-1863,GROCERY,Gazipur,2105,LOW,742.2,HIGH
SYN-M-1864,GROCERY,Sylhet,498,LOW,916.65,MEDIUM
SYN-M-1865,EDUCATION,Sylhet,1331,MEDIUM,8100.23,LOW
SYN-M-1866,EDUCATION,Chittagong,2780,LOW,5514.34,MEDIUM
SYN-M-1867,TRAVEL,Dhaka,1331,LOW,8496.52,HIGH
SYN-M-1868,E_COMMERCE,Barishal,102,MEDIUM,3389.48,MEDIUM
SYN-M-1869,E_COMMERCE,Rajshahi,2349,LOW,4587.31,HIGH
SYN-M-1870,GROCERY,Khulna,2117,LOW,157.66,HIGH
SYN-M-1871,EDUCATION,Cumilla,2272,LOW,5699.58,MEDIUM
SYN-M-1872,GROCERY,Mymensingh,911,LOW,112.54,MEDIUM
SYN-M-1873,UTILITY,Dhaka,1722,LOW,2399.34,HIGH
SYN-M-1874,GROCERY,Dhaka,1385,LOW,867.59,LOW
SYN-M-1875,E_COMMERCE,Dhaka,1692,LOW,4558.81,HIGH
SYN-M-1876,GROCERY,Dhaka,1463,MEDIUM,794.18,LOW
SYN-M-1877,GROCERY,Sylhet,819,LOW,782.51,MEDIUM
SYN-M-1878,DIGITAL_SERVICE,Sylhet,1192,LOW,1174.48,MEDIUM
SYN-M-1879,GROCERY,Barishal,1533,LOW,1408.52,HIGH
SYN-M-1880,EDUCATION,Dhaka,212,LOW,757.49,MEDIUM
SYN-M-1881,UTILITY,Dhaka,1797,LOW,2628.12,HIGH
SYN-M-1882,E_COMMERCE,Mymensingh,1097,LOW,3360.41,MEDIUM
SYN-M-1883,TRAVEL,Chittagong,1553,LOW,7326.03,LOW
SYN-M-1884,RESTAURANT,Khulna,2543,LOW,834.62,LOW
SYN-M-1885,RESTAURANT,Dhaka,434,LOW,1339.55,HIGH
SYN-M-1886,GROCERY,Chittagong,2789,LOW,897.0,HIGH
SYN-M-1887,UTILITY,Khulna,1723,LOW,850.12,HIGH
SYN-M-1888,E_COMMERCE,Khulna,1117,LOW,2604.71,HIGH
SYN-M-1889,E_COMMERCE,Sylhet,681,LOW,3202.54,MEDIUM
SYN-M-1890,TRAVEL,Dhaka,1052,LOW,12341.45,MEDIUM
SYN-M-1891,GROCERY,Chittagong,1258,MEDIUM,836.76,LOW
SYN-M-1892,GROCERY,Mymensingh,1445,LOW,698.57,LOW
SYN-M-1893,GROCERY,Chittagong,64,MEDIUM,976.55,LOW
SYN-M-1894,GROCERY,Chittagong,201,LOW,1091.2,MEDIUM
SYN-M-1895,GROCERY,Mymensingh,223,LOW,674.34,MEDIUM
SYN-M-1896,UTILITY,Narayanganj,1134,LOW,2653.58,MEDIUM
SYN-M-1897,RESTAURANT,Dhaka,238,MEDIUM,1795.81,LOW
SYN-M-1898,E_COMMERCE,Rangpur,2864,LOW,100.0,HIGH
SYN-M-1899,GROCERY,Rajshahi,1228,LOW,1076.52,MEDIUM
SYN-M-1900,RESTAURANT,Chittagong,2519,LOW,645.19,MEDIUM
SYN-M-1901,RESTAURANT,Dhaka,1280,LOW,1463.89,MEDIUM
SYN-M-1902,RESTAURANT,Chittagong,1598,MEDIUM,1135.85,HIGH
SYN-M-1903,UTILITY,Barishal,1945,LOW,1604.66,HIGH
SYN-M-1904,EDUCATION,Rajshahi,1986,LOW,7536.96,MEDIUM
SYN-M-1905,GROCERY,Sylhet,524,LOW,1070.24,LOW
SYN-M-1906,DIGITAL_SERVICE,Rajshahi,2200,LOW,649.77,HIGH
SYN-M-1907,RESTAURANT,Khulna,1321,LOW,1268.39,MEDIUM
SYN-M-1908,RESTAURANT,Dhaka,2457,LOW,1949.91,MEDIUM
SYN-M-1909,GROCERY,Dhaka,2083,LOW,492.28,MEDIUM
SYN-M-1910,E_COMMERCE,Rajshahi,1223,HIGH,4371.56,LOW
SYN-M-1911,GROCERY,Mymensingh,842,HIGH,975.5,MEDIUM
SYN-M-1912,GROCERY,Dhaka,2675,MEDIUM,1347.41,LOW
SYN-M-1913,EDUCATION,Chittagong,1833,LOW,100.0,LOW
SYN-M-1914,GROCERY,Dhaka,2387,LOW,984.89,LOW
SYN-M-1915,UTILITY,Chittagong,246,LOW,1825.21,MEDIUM
SYN-M-1916,GROCERY,Sylhet,2779,HIGH,1253.73,LOW
SYN-M-1917,TRAVEL,Rajshahi,2387,LOW,2521.2,HIGH
SYN-M-1918,E_COMMERCE,Dhaka,2590,LOW,2603.85,MEDIUM
SYN-M-1919,RESTAURANT,Rangpur,1117,MEDIUM,1055.12,HIGH
SYN-M-1920,EDUCATION,Dhaka,1773,LOW,5243.67,LOW
SYN-M-1921,E_COMMERCE,Dhaka,993,LOW,3170.09,HIGH
SYN-M-1922,EDUCATION,Khulna,700,LOW,4306.22,MEDIUM
SYN-M-1923,RESTAURANT,Dhaka,1380,MEDIUM,100.0,MEDIUM
SYN-M-1924,RESTAURANT,Barishal,2959,LOW,1655.57,HIGH
SYN-M-1925,GROCERY,Dhaka,1099,LOW,1101.16,HIGH
SYN-M-1926,GROCERY,Dhaka,2119,LOW,433.88,MEDIUM
SYN-M-1927,GROCERY,Mymensingh,655,LOW,421.27,HIGH
SYN-M-1928,GROCERY,Gazipur,1425,LOW,964.95,MEDIUM
SYN-M-1929,TRAVEL,Dhaka,662,MEDIUM,2798.17,LOW
SYN-M-1930,GROCERY,Rangpur,875,HIGH,635.34,MEDIUM
SYN-M-1931,GROCERY,Chittagong,1181,LOW,1258.58,MEDIUM
SYN-M-1932,TRAVEL,Chittagong,2964,LOW,4631.56,LOW
SYN-M-1933,E_COMMERCE,Gazipur,2280,HIGH,1926.51,LOW
SYN-M-1934,TRAVEL,Chittagong,492,MEDIUM,6345.72,MEDIUM
SYN-M-1935,RESTAURANT,Dhaka,1322,MEDIUM,964.93,MEDIUM
SYN-M-1936,GROCERY,Khulna,1412,LOW,981.35,MEDIUM
SYN-M-1937,UTILITY,Chittagong,1426,LOW,888.99,MEDIUM
SYN-M-1938,E_COMMERCE,Chittagong,1135,LOW,6213.04,HIGH
SYN-M-1939,GROCERY,Dhaka,386,LOW,100.0,MEDIUM
SYN-M-1940,GROCERY,Cumilla,2002,LOW,1175.33,HIGH
SYN-M-1941,EDUCATION,Dhaka,2694,LOW,5617.4,LOW
SYN-M-1942,GROCERY,Rajshahi,2551,LOW,282.2,MEDIUM
SYN-M-1943,DIGITAL_SERVICE,Dhaka,367,LOW,2220.34,HIGH
SYN-M-1944,GROCERY,Dhaka,701,LOW,1426.94,MEDIUM
SYN-M-1945,GROCERY,Narayanganj,2684,HIGH,1332.1,MEDIUM
SYN-M-1946,UTILITY,Chittagong,2260,HIGH,2977.55,LOW
SYN-M-1947,E_COMMERCE,Dhaka,2300,MEDIUM,2177.53,MEDIUM
SYN-M-1948,E_COMMERCE,Dhaka,139,LOW,4130.36,MEDIUM
SYN-M-1949,EDUCATION,Chittagong,470,LOW,8545.2,LOW
SYN-M-1950,TRAVEL,Dhaka,2559,LOW,6322.67,LOW
SYN-M-1951,UTILITY,Dhaka,2566,LOW,2279.98,MEDIUM
SYN-M-1952,GROCERY,Dhaka,2001,MEDIUM,1176.73,LOW
SYN-M-1953,E_COMMERCE,Dhaka,2212,MEDIUM,2604.08,MEDIUM
SYN-M-1954,RESTAURANT,Cumilla,1870,MEDIUM,323.0,HIGH
SYN-M-1955,GROCERY,Barishal,1474,LOW,100.0,MEDIUM
SYN-M-1956,RESTAURANT,Chittagong,977,LOW,859.8,MEDIUM
SYN-M-1957,GROCERY,Chittagong,2389,LOW,728.55,HIGH
SYN-M-1958,TRAVEL,Sylhet,2695,LOW,9154.24,HIGH
SYN-M-1959,E_COMMERCE,Cumilla,1584,HIGH,2514.45,HIGH
SYN-M-1960,RESTAURANT,Barishal,1124,LOW,1558.51,LOW
SYN-M-1961,RESTAURANT,Sylhet,1392,LOW,1356.05,MEDIUM
SYN-M-1962,RESTAURANT,Narayanganj,2624,LOW,1109.96,HIGH
SYN-M-1963,GROCERY,Rangpur,2598,LOW,1240.3,MEDIUM
SYN-M-1964,UTILITY,Dhaka,1786,LOW,2456.41,MEDIUM
SYN-M-1965,TRAVEL,Barishal,68,LOW,9008.09,MEDIUM
SYN-M-1966,EDUCATION,Dhaka,1491,LOW,7853.87,LOW
SYN-M-1967,GROCERY,Rajshahi,2142,LOW,585.17,MEDIUM
SYN-M-1968,GROCERY,Chittagong,1762,LOW,451.69,HIGH
SYN-M-1969,GROCERY,Rajshahi,1330,LOW,235.14,MEDIUM
SYN-M-1970,RESTAURANT,Sylhet,582,LOW,2267.84,MEDIUM
SYN-M-1971,TRAVEL,Chittagong,2243,LOW,2398.0,HIGH
SYN-M-1972,GROCERY,Sylhet,1503,MEDIUM,468.29,MEDIUM
SYN-M-1973,TRAVEL,Rajshahi,214,LOW,5259.85,HIGH
SYN-M-1974,GROCERY,Dhaka,2905,LOW,144.58,MEDIUM
SYN-M-1975,GROCERY,Barishal,403,LOW,440.57,LOW
SYN-M-1976,E_COMMERCE,Chittagong,2509,MEDIUM,3330.34,MEDIUM
SYN-M-1977,UTILITY,Chittagong,1038,LOW,2563.38,LOW
SYN-M-1978,GROCERY,Rangpur,1148,LOW,500.86,MEDIUM
SYN-M-1979,TRAVEL,Dhaka,2141,LOW,9969.64,MEDIUM
SYN-M-1980,DIGITAL_SERVICE,Rajshahi,2444,HIGH,564.6,MEDIUM
SYN-M-1981,GROCERY,Dhaka,1640,MEDIUM,1134.67,LOW
SYN-M-1982,E_COMMERCE,Rajshahi,175,LOW,4834.52,MEDIUM
SYN-M-1983,UTILITY,Narayanganj,753,LOW,3281.02,MEDIUM
SYN-M-1984,UTILITY,Cumilla,2141,LOW,1547.93,MEDIUM
SYN-M-1985,EDUCATION,Sylhet,905,MEDIUM,10321.92,MEDIUM
SYN-M-1986,GROCERY,Dhaka,1437,LOW,1008.74,MEDIUM
SYN-M-1987,GROCERY,Dhaka,1643,LOW,1409.1,LOW
SYN-M-1988,GROCERY,Khulna,1675,LOW,422.75,LOW
SYN-M-1989,RESTAURANT,Dhaka,1624,MEDIUM,2232.74,MEDIUM
SYN-M-1990,DIGITAL_SERVICE,Chittagong,1834,HIGH,1470.74,LOW
SYN-M-1991,DIGITAL_SERVICE,Barishal,995,LOW,1524.92,MEDIUM
SYN-M-1992,GROCERY,Dhaka,1652,LOW,1309.33,MEDIUM
SYN-M-1993,RESTAURANT,Sylhet,2604,LOW,1779.17,MEDIUM
SYN-M-1994,DIGITAL_SERVICE,Chittagong,1015,LOW,312.43,HIGH
SYN-M-1995,GROCERY,Chittagong,1744,LOW,635.18,MEDIUM
SYN-M-1996,E_COMMERCE,Khulna,1659,MEDIUM,3827.29,LOW
SYN-M-1997,RESTAURANT,Dhaka,760,LOW,1223.23,MEDIUM
SYN-M-1998,DIGITAL_SERVICE,Chittagong,1476,LOW,766.33,MEDIUM
SYN-M-1999,GROCERY,Rangpur,425,LOW,1071.2,HIGH
SYN-M-2000,E_COMMERCE,Gazipur,1418,LOW,541.62,MEDIUM
SYN-M-2001,GROCERY,Chittagong,654,LOW,886.35,LOW
SYN-M-2002,EDUCATION,Dhaka,807,LOW,2593.25,HIGH
SYN-M-2003,RESTAURANT,Sylhet,1091,LOW,1210.86,MEDIUM
SYN-M-2004,E_COMMERCE,Chittagong,1238,LOW,2741.98,HIGH
SYN-M-2005,RESTAURANT,Chittagong,310,LOW,1337.15,LOW
SYN-M-2006,UTILITY,Rangpur,109,LOW,1331.64,HIGH
SYN-M-2007,DIGITAL_SERVICE,Rajshahi,1276,LOW,1243.54,LOW
SYN-M-2008,E_COMMERCE,Chittagong,2770,LOW,713.03,LOW
SYN-M-2009,GROCERY,Chittagong,1997,LOW,611.5,HIGH
SYN-M-2010,GROCERY,Dhaka,154,LOW,457.55,HIGH
SYN-M-2011,RESTAURANT,Gazipur,292,LOW,1033.58,MEDIUM
SYN-M-2012,DIGITAL_SERVICE,Dhaka,871,LOW,1456.72,MEDIUM
SYN-M-2013,UTILITY,Rangpur,405,LOW,1848.75,MEDIUM
SYN-M-2014,RESTAURANT,Rajshahi,587,LOW,1491.01,MEDIUM
SYN-M-2015,RESTAURANT,Chittagong,1534,HIGH,1206.07,MEDIUM
SYN-M-2016,UTILITY,Dhaka,2373,LOW,1887.59,HIGH
SYN-M-2017,EDUCATION,Dhaka,478,LOW,6011.95,MEDIUM
SYN-M-2018,RESTAURANT,Mymensingh,1241,LOW,953.63,MEDIUM
SYN-M-2019,RESTAURANT,Dhaka,1024,LOW,682.05,MEDIUM
SYN-M-2020,RESTAURANT,Dhaka,2442,MEDIUM,1893.79,MEDIUM
SYN-M-2021,UTILITY,Dhaka,2172,LOW,1660.08,MEDIUM
SYN-M-2022,RESTAURANT,Bogura,471,HIGH,703.2,HIGH
SYN-M-2023,GROCERY,Dhaka,1611,LOW,924.5,MEDIUM
SYN-M-2024,DIGITAL_SERVICE,Barishal,718,LOW,3106.57,HIGH
SYN-M-2025,E_COMMERCE,Barishal,978,LOW,4668.83,MEDIUM
SYN-M-2026,EDUCATION,Chittagong,496,MEDIUM,8128.87,MEDIUM
SYN-M-2027,RESTAURANT,Sylhet,1354,LOW,1431.81,MEDIUM
SYN-M-2028,E_COMMERCE,Chittagong,1132,LOW,4082.86,LOW
SYN-M-2029,RESTAURANT,Dhaka,364,MEDIUM,691.76,MEDIUM
SYN-M-2030,GROCERY,Dhaka,2293,LOW,833.66,HIGH
SYN-M-2031,EDUCATION,Chittagong,2506,HIGH,4504.79,LOW
SYN-M-2032,UTILITY,Dhaka,766,LOW,3820.92,MEDIUM
SYN-M-2033,TRAVEL,Dhaka,2989,MEDIUM,10426.69,LOW
SYN-M-2034,GROCERY,Dhaka,1523,LOW,1219.79,LOW
SYN-M-2035,GROCERY,Khulna,2644,MEDIUM,1041.11,LOW
SYN-M-2036,RESTAURANT,Dhaka,668,LOW,1030.94,MEDIUM
SYN-M-2037,UTILITY,Dhaka,1632,LOW,1718.12,MEDIUM
SYN-M-2038,RESTAURANT,Dhaka,1250,LOW,1796.99,HIGH
SYN-M-2039,GROCERY,Barishal,789,LOW,1114.16,MEDIUM
SYN-M-2040,RESTAURANT,Chittagong,1094,LOW,1456.69,MEDIUM
SYN-M-2041,RESTAURANT,Gazipur,2424,LOW,1035.33,MEDIUM
SYN-M-2042,GROCERY,Dhaka,1399,LOW,925.76,LOW
SYN-M-2043,RESTAURANT,Chittagong,1378,LOW,1537.09,MEDIUM
SYN-M-2044,UTILITY,Dhaka,2808,MEDIUM,2413.59,HIGH
SYN-M-2045,RESTAURANT,Rajshahi,1246,LOW,1407.66,MEDIUM
SYN-M-2046,TRAVEL,Dhaka,1177,LOW,10520.74,HIGH
SYN-M-2047,DIGITAL_SERVICE,Dhaka,535,LOW,1324.46,LOW
SYN-M-2048,RESTAURANT,Khulna,1213,LOW,1371.86,MEDIUM
SYN-M-2049,RESTAURANT,Dhaka,2888,MEDIUM,1728.14,MEDIUM
SYN-M-2050,DIGITAL_SERVICE,Dhaka,533,LOW,677.19,MEDIUM
SYN-M-2051,GROCERY,Sylhet,1774,LOW,761.53,MEDIUM
SYN-M-2052,UTILITY,Dhaka,2674,LOW,1949.7,LOW
SYN-M-2053,RESTAURANT,Khulna,2722,LOW,1243.68,MEDIUM
SYN-M-2054,E_COMMERCE,Narayanganj,2075,LOW,3746.22,MEDIUM
SYN-M-2055,RESTAURANT,Khulna,380,LOW,1398.4,HIGH
SYN-M-2056,RESTAURANT,Dhaka,360,MEDIUM,757.65,MEDIUM
SYN-M-2057,GROCERY,Cumilla,1884,LOW,861.16,MEDIUM
SYN-M-2058,DIGITAL_SERVICE,Cumilla,2176,MEDIUM,1348.62,LOW
SYN-M-2059,E_COMMERCE,Chittagong,64,LOW,1710.43,MEDIUM
SYN-M-2060,GROCERY,Mymensingh,687,LOW,526.77,MEDIUM
SYN-M-2061,RESTAURANT,Mymensingh,2953,MEDIUM,811.78,LOW
SYN-M-2062,E_COMMERCE,Chittagong,2462,LOW,3754.27,MEDIUM
SYN-M-2063,E_COMMERCE,Gazipur,2134,LOW,962.42,MEDIUM
SYN-M-2064,RESTAURANT,Khulna,254,LOW,1172.8,HIGH
SYN-M-2065,GROCERY,Dhaka,1064,MEDIUM,627.59,MEDIUM
SYN-M-2066,EDUCATION,Chittagong,2647,MEDIUM,3841.63,HIGH
SYN-M-2067,DIGITAL_SERVICE,Dhaka,2791,LOW,1424.99,MEDIUM
SYN-M-2068,E_COMMERCE,Gazipur,2587,LOW,1700.18,MEDIUM
SYN-M-2069,EDUCATION,Khulna,1943,LOW,5832.02,HIGH
SYN-M-2070,DIGITAL_SERVICE,Dhaka,2934,LOW,1499.67,MEDIUM
SYN-M-2071,UTILITY,Dhaka,688,MEDIUM,2383.01,MEDIUM
SYN-M-2072,TRAVEL,Khulna,673,LOW,11180.47,MEDIUM
SYN-M-2073,RESTAURANT,Chittagong,2508,MEDIUM,1096.18,HIGH
SYN-M-2074,GROCERY,Gazipur,2427,LOW,398.36,MEDIUM
SYN-M-2075,RESTAURANT,Chittagong,2621,LOW,427.86,MEDIUM
SYN-M-2076,RESTAURANT,Dhaka,1976,MEDIUM,2248.12,HIGH
SYN-M-2077,GROCERY,Dhaka,687,LOW,585.18,MEDIUM
SYN-M-2078,UTILITY,Chittagong,934,LOW,3111.2,LOW
SYN-M-2079,TRAVEL,Rajshahi,1021,LOW,7688.56,MEDIUM
SYN-M-2080,UTILITY,Cumilla,110,LOW,1514.82,MEDIUM
SYN-M-2081,GROCERY,Rajshahi,796,LOW,1092.01,HIGH
SYN-M-2082,RESTAURANT,Dhaka,2277,LOW,1218.5,LOW
SYN-M-2083,GROCERY,Dhaka,2144,LOW,994.24,MEDIUM
SYN-M-2084,EDUCATION,Dhaka,1384,LOW,5053.12,HIGH
SYN-M-2085,RESTAURANT,Dhaka,2426,LOW,1941.52,LOW
SYN-M-2086,GROCERY,Rajshahi,1555,LOW,1041.37,MEDIUM
SYN-M-2087,GROCERY,Khulna,1559,LOW,472.69,MEDIUM
SYN-M-2088,TRAVEL,Dhaka,1061,LOW,13054.21,HIGH
SYN-M-2089,DIGITAL_SERVICE,Rangpur,523,MEDIUM,836.49,MEDIUM
SYN-M-2090,GROCERY,Dhaka,1904,LOW,777.63,HIGH
SYN-M-2091,E_COMMERCE,Chittagong,1526,LOW,4828.57,HIGH
SYN-M-2092,GROCERY,Khulna,658,LOW,577.58,MEDIUM
SYN-M-2093,UTILITY,Dhaka,2561,LOW,3627.3,MEDIUM
SYN-M-2094,GROCERY,Chittagong,2105,MEDIUM,1158.32,MEDIUM
SYN-M-2095,GROCERY,Dhaka,2364,LOW,1259.94,HIGH
SYN-M-2096,GROCERY,Rajshahi,2762,LOW,1260.02,HIGH
SYN-M-2097,GROCERY,Dhaka,1067,LOW,1081.43,MEDIUM
SYN-M-2098,UTILITY,Narayanganj,1580,LOW,1344.54,MEDIUM
SYN-M-2099,GROCERY,Rajshahi,2149,LOW,772.38,HIGH
SYN-M-2100,GROCERY,Sylhet,811,MEDIUM,438.41,HIGH
SYN-M-2101,GROCERY,Dhaka,2728,LOW,600.53,HIGH
SYN-M-2102,GROCERY,Narayanganj,736,MEDIUM,936.64,MEDIUM
SYN-M-2103,EDUCATION,Chittagong,217,LOW,9220.0,MEDIUM
SYN-M-2104,DIGITAL_SERVICE,Dhaka,308,MEDIUM,1193.86,HIGH
SYN-M-2105,GROCERY,Dhaka,1801,LOW,636.44,MEDIUM
SYN-M-2106,E_COMMERCE,Dhaka,436,LOW,100.0,HIGH
SYN-M-2107,TRAVEL,Sylhet,1328,HIGH,7969.95,MEDIUM
SYN-M-2108,TRAVEL,Dhaka,2162,LOW,18181.57,HIGH
SYN-M-2109,RESTAURANT,Dhaka,1585,LOW,1421.99,MEDIUM
SYN-M-2110,RESTAURANT,Chittagong,2114,LOW,1320.63,MEDIUM
SYN-M-2111,GROCERY,Sylhet,414,LOW,1259.0,HIGH
SYN-M-2112,GROCERY,Dhaka,652,LOW,850.4,HIGH
SYN-M-2113,UTILITY,Rangpur,521,LOW,1766.21,LOW
SYN-M-2114,E_COMMERCE,Rajshahi,1909,LOW,5905.94,HIGH
SYN-M-2115,E_COMMERCE,Dhaka,1777,LOW,3279.86,HIGH
SYN-M-2116,GROCERY,Barishal,1624,LOW,1364.36,MEDIUM
SYN-M-2117,E_COMMERCE,Dhaka,1085,MEDIUM,2590.93,LOW
SYN-M-2118,RESTAURANT,Khulna,1606,LOW,802.05,HIGH
SYN-M-2119,RESTAURANT,Dhaka,2726,LOW,1555.35,MEDIUM
SYN-M-2120,UTILITY,Chittagong,1719,LOW,100.0,LOW
SYN-M-2121,RESTAURANT,Sylhet,2523,LOW,1134.77,MEDIUM
SYN-M-2122,UTILITY,Dhaka,2171,LOW,2647.55,MEDIUM
SYN-M-2123,GROCERY,Dhaka,1777,HIGH,1598.39,HIGH
SYN-M-2124,E_COMMERCE,Chittagong,2125,LOW,3934.28,LOW
SYN-M-2125,DIGITAL_SERVICE,Sylhet,487,LOW,1529.13,LOW
SYN-M-2126,RESTAURANT,Sylhet,749,LOW,1589.49,MEDIUM
SYN-M-2127,GROCERY,Rajshahi,1407,MEDIUM,444.75,MEDIUM
SYN-M-2128,RESTAURANT,Chittagong,2280,MEDIUM,1528.26,MEDIUM
SYN-M-2129,UTILITY,Dhaka,1756,LOW,4309.5,LOW
SYN-M-2130,E_COMMERCE,Cox's Bazar,1869,LOW,3919.71,MEDIUM
SYN-M-2131,E_COMMERCE,Dhaka,1421,LOW,5532.12,HIGH
SYN-M-2132,RESTAURANT,Khulna,384,LOW,1645.14,LOW
SYN-M-2133,E_COMMERCE,Sylhet,967,LOW,3005.31,MEDIUM
SYN-M-2134,EDUCATION,Dhaka,765,LOW,5048.39,MEDIUM
SYN-M-2135,RESTAURANT,Dhaka,531,LOW,1709.33,LOW
SYN-M-2136,GROCERY,Dhaka,2852,LOW,422.8,MEDIUM
SYN-M-2137,RESTAURANT,Cumilla,2257,LOW,1077.3,MEDIUM
SYN-M-2138,UTILITY,Mymensingh,1997,HIGH,3128.91,MEDIUM
SYN-M-2139,GROCERY,Dhaka,1127,LOW,796.67,MEDIUM
SYN-M-2140,RESTAURANT,Rajshahi,841,MEDIUM,1275.1,MEDIUM
SYN-M-2141,E_COMMERCE,Dhaka,2153,MEDIUM,4546.3,LOW
SYN-M-2142,RESTAURANT,Khulna,632,LOW,1100.41,HIGH
SYN-M-2143,GROCERY,Dhaka,323,MEDIUM,295.15,HIGH
SYN-M-2144,GROCERY,Narayanganj,710,LOW,402.08,MEDIUM
SYN-M-2145,GROCERY,Sylhet,872,LOW,1049.31,MEDIUM
SYN-M-2146,GROCERY,Rajshahi,129,MEDIUM,1057.87,MEDIUM
SYN-M-2147,E_COMMERCE,Cumilla,212,LOW,5133.4,LOW
SYN-M-2148,RESTAURANT,Gazipur,400,LOW,1332.86,HIGH
SYN-M-2149,RESTAURANT,Dhaka,1978,MEDIUM,1222.22,MEDIUM
SYN-M-2150,RESTAURANT,Dhaka,2215,LOW,1122.65,MEDIUM
SYN-M-2151,UTILITY,Chittagong,2182,LOW,2600.75,MEDIUM
SYN-M-2152,GROCERY,Mymensingh,1741,MEDIUM,1165.89,LOW
SYN-M-2153,RESTAURANT,Dhaka,2138,LOW,1812.46,MEDIUM
SYN-M-2154,UTILITY,Dhaka,1127,MEDIUM,2274.17,MEDIUM
SYN-M-2155,EDUCATION,Dhaka,1997,MEDIUM,8647.49,MEDIUM
SYN-M-2156,RESTAURANT,Narayanganj,90,LOW,940.4,MEDIUM
SYN-M-2157,E_COMMERCE,Gazipur,2817,LOW,4413.76,HIGH
SYN-M-2158,GROCERY,Chittagong,1525,LOW,587.83,MEDIUM
SYN-M-2159,TRAVEL,Mymensingh,1087,LOW,10100.46,MEDIUM
SYN-M-2160,GROCERY,Gazipur,1447,LOW,1302.59,MEDIUM
SYN-M-2161,GROCERY,Rajshahi,943,LOW,721.78,MEDIUM
SYN-M-2162,GROCERY,Barishal,2114,LOW,561.02,HIGH
SYN-M-2163,TRAVEL,Mymensingh,916,LOW,10758.14,MEDIUM
SYN-M-2164,GROCERY,Chittagong,538,MEDIUM,969.76,HIGH
SYN-M-2165,UTILITY,Dhaka,1272,LOW,624.04,LOW
SYN-M-2166,RESTAURANT,Narayanganj,1958,LOW,1350.12,LOW
SYN-M-2167,E_COMMERCE,Dhaka,2111,LOW,3598.38,MEDIUM
SYN-M-2168,GROCERY,Rangpur,370,HIGH,907.57,MEDIUM
SYN-M-2169,TRAVEL,Mymensingh,1855,MEDIUM,11438.75,MEDIUM
SYN-M-2170,RESTAURANT,Dhaka,2124,LOW,1163.64,MEDIUM
SYN-M-2171,UTILITY,Dhaka,103,MEDIUM,1985.0,HIGH
SYN-M-2172,GROCERY,Chittagong,1450,LOW,1438.61,HIGH
SYN-M-2173,GROCERY,Dhaka,617,LOW,735.07,HIGH
SYN-M-2174,GROCERY,Dhaka,1081,LOW,1896.3,LOW
SYN-M-2175,DIGITAL_SERVICE,Dhaka,1861,MEDIUM,890.76,MEDIUM
SYN-M-2176,TRAVEL,Chittagong,2458,LOW,9263.51,MEDIUM
SYN-M-2177,RESTAURANT,Dhaka,508,LOW,1231.75,HIGH
SYN-M-2178,RESTAURANT,Dhaka,1069,MEDIUM,2312.31,MEDIUM
SYN-M-2179,RESTAURANT,Rajshahi,2729,HIGH,1041.35,HIGH
SYN-M-2180,TRAVEL,Rangpur,1722,LOW,7460.8,MEDIUM
SYN-M-2181,GROCERY,Bogura,2413,LOW,789.88,MEDIUM
SYN-M-2182,E_COMMERCE,Cumilla,1936,LOW,5168.24,MEDIUM
SYN-M-2183,RESTAURANT,Dhaka,964,HIGH,954.31,MEDIUM
SYN-M-2184,GROCERY,Jessore,523,MEDIUM,612.98,LOW
SYN-M-2185,GROCERY,Rajshahi,2162,LOW,978.98,HIGH
SYN-M-2186,TRAVEL,Rajshahi,1899,LOW,7912.24,HIGH
SYN-M-2187,UTILITY,Dhaka,886,MEDIUM,3524.41,MEDIUM
SYN-M-2188,GROCERY,Dhaka,1162,LOW,741.47,MEDIUM
SYN-M-2189,E_COMMERCE,Cumilla,1978,LOW,2874.15,LOW
SYN-M-2190,E_COMMERCE,Dhaka,1863,MEDIUM,4554.63,HIGH
SYN-M-2191,EDUCATION,Chittagong,1739,LOW,5700.64,HIGH
SYN-M-2192,DIGITAL_SERVICE,Dhaka,1308,LOW,277.98,MEDIUM
SYN-M-2193,GROCERY,Dhaka,1291,LOW,516.63,HIGH
SYN-M-2194,RESTAURANT,Rangpur,756,LOW,1857.08,HIGH
SYN-M-2195,GROCERY,Chittagong,916,LOW,766.23,MEDIUM
SYN-M-2196,RESTAURANT,Chittagong,1511,LOW,756.29,MEDIUM
SYN-M-2197,GROCERY,Dhaka,1252,MEDIUM,1000.46,LOW
SYN-M-2198,UTILITY,Dhaka,2467,LOW,1506.84,HIGH
SYN-M-2199,DIGITAL_SERVICE,Dhaka,1585,MEDIUM,1855.79,LOW
SYN-M-2200,E_COMMERCE,Dhaka,1912,LOW,4234.04,MEDIUM
SYN-M-2201,RESTAURANT,Gazipur,630,LOW,1385.08,MEDIUM
SYN-M-2202,DIGITAL_SERVICE,Barishal,1113,LOW,2263.17,MEDIUM
SYN-M-2203,GROCERY,Cumilla,2047,LOW,886.31,HIGH
SYN-M-2204,E_COMMERCE,Narayanganj,142,HIGH,1204.24,MEDIUM
SYN-M-2205,TRAVEL,Barishal,1508,LOW,14946.32,LOW
SYN-M-2206,RESTAURANT,Khulna,150,LOW,2181.5,HIGH
SYN-M-2207,GROCERY,Dhaka,2780,LOW,488.35,MEDIUM
SYN-M-2208,E_COMMERCE,Rangpur,1501,MEDIUM,2348.25,MEDIUM
SYN-M-2209,RESTAURANT,Dhaka,2421,LOW,1016.0,MEDIUM
SYN-M-2210,GROCERY,Dhaka,749,LOW,1805.52,MEDIUM
SYN-M-2211,E_COMMERCE,Barishal,233,HIGH,1239.58,MEDIUM
SYN-M-2212,E_COMMERCE,Dhaka,1960,LOW,2448.14,HIGH
SYN-M-2213,GROCERY,Mymensingh,679,LOW,515.85,HIGH
SYN-M-2214,EDUCATION,Rajshahi,255,LOW,3661.83,HIGH
SYN-M-2215,TRAVEL,Khulna,1673,HIGH,8273.77,LOW
SYN-M-2216,RESTAURANT,Sylhet,349,LOW,442.09,MEDIUM
SYN-M-2217,GROCERY,Chittagong,806,LOW,1557.94,LOW
SYN-M-2218,GROCERY,Chittagong,2204,LOW,467.52,LOW
SYN-M-2219,E_COMMERCE,Rangpur,266,HIGH,1247.92,MEDIUM
SYN-M-2220,GROCERY,Cumilla,114,LOW,1371.57,HIGH
SYN-M-2221,GROCERY,Chittagong,2098,MEDIUM,1189.6,HIGH
SYN-M-2222,E_COMMERCE,Khulna,2851,MEDIUM,5228.66,MEDIUM
SYN-M-2223,GROCERY,Sylhet,857,LOW,633.48,HIGH
SYN-M-2224,RESTAURANT,Dhaka,68,LOW,1819.31,HIGH
SYN-M-2225,GROCERY,Dhaka,1331,LOW,786.9,HIGH
SYN-M-2226,UTILITY,Rajshahi,1470,MEDIUM,1547.47,MEDIUM
SYN-M-2227,UTILITY,Barishal,752,LOW,3229.51,MEDIUM
SYN-M-2228,RESTAURANT,Dhaka,1559,LOW,1257.88,MEDIUM
SYN-M-2229,E_COMMERCE,Dhaka,1361,LOW,3262.06,LOW
SYN-M-2230,GROCERY,Dhaka,1204,LOW,518.65,HIGH
SYN-M-2231,DIGITAL_SERVICE,Sylhet,257,LOW,1026.46,MEDIUM
SYN-M-2232,DIGITAL_SERVICE,Rajshahi,230,LOW,1605.09,HIGH
SYN-M-2233,GROCERY,Chittagong,2581,MEDIUM,892.63,LOW
SYN-M-2234,TRAVEL,Gazipur,537,LOW,11821.22,HIGH
SYN-M-2235,TRAVEL,Gazipur,1567,MEDIUM,7412.38,MEDIUM
SYN-M-2236,UTILITY,Chittagong,685,LOW,1640.89,MEDIUM
SYN-M-2237,GROCERY,Dhaka,1528,LOW,546.68,MEDIUM
SYN-M-2238,RESTAURANT,Dhaka,1482,LOW,1413.13,HIGH
SYN-M-2239,UTILITY,Khulna,1942,LOW,2906.57,MEDIUM
SYN-M-2240,DIGITAL_SERVICE,Dhaka,1804,LOW,2948.36,HIGH
SYN-M-2241,GROCERY,Cox's Bazar,2233,MEDIUM,1383.02,HIGH
SYN-M-2242,DIGITAL_SERVICE,Dhaka,2218,LOW,2190.83,MEDIUM
SYN-M-2243,RESTAURANT,Sylhet,1453,MEDIUM,1091.11,MEDIUM
SYN-M-2244,GROCERY,Bogura,713,HIGH,1026.75,MEDIUM
SYN-M-2245,RESTAURANT,Dhaka,79,LOW,1745.12,MEDIUM
SYN-M-2246,GROCERY,Barishal,485,LOW,922.07,MEDIUM
SYN-M-2247,GROCERY,Gazipur,744,LOW,758.22,MEDIUM
SYN-M-2248,E_COMMERCE,Dhaka,2148,LOW,4765.94,MEDIUM
SYN-M-2249,GROCERY,Rangpur,2922,MEDIUM,650.83,MEDIUM
SYN-M-2250,UTILITY,Dhaka,2105,HIGH,3869.25,MEDIUM
SYN-M-2251,GROCERY,Cumilla,1523,HIGH,597.0,MEDIUM
SYN-M-2252,E_COMMERCE,Chittagong,158,LOW,3921.83,MEDIUM
SYN-M-2253,GROCERY,Dhaka,2178,MEDIUM,775.63,MEDIUM
SYN-M-2254,DIGITAL_SERVICE,Sylhet,2925,LOW,1715.2,MEDIUM
SYN-M-2255,E_COMMERCE,Dhaka,2768,MEDIUM,5993.94,LOW
SYN-M-2256,E_COMMERCE,Dhaka,461,MEDIUM,4017.09,HIGH
SYN-M-2257,RESTAURANT,Dhaka,2870,LOW,1572.68,LOW
SYN-M-2258,DIGITAL_SERVICE,Khulna,1411,LOW,999.38,HIGH
SYN-M-2259,E_COMMERCE,Rajshahi,1870,LOW,1915.25,MEDIUM
SYN-M-2260,E_COMMERCE,Chittagong,782,LOW,4522.39,LOW
SYN-M-2261,DIGITAL_SERVICE,Dhaka,2329,LOW,1946.51,HIGH
SYN-M-2262,GROCERY,Dhaka,182,LOW,1273.25,LOW
SYN-M-2263,RESTAURANT,Dhaka,627,LOW,1279.46,HIGH
SYN-M-2264,DIGITAL_SERVICE,Dhaka,1555,MEDIUM,1794.76,HIGH
SYN-M-2265,RESTAURANT,Barishal,841,LOW,1894.39,MEDIUM
SYN-M-2266,EDUCATION,Dhaka,1835,MEDIUM,9631.09,HIGH
SYN-M-2267,TRAVEL,Mymensingh,2449,HIGH,13553.68,MEDIUM
SYN-M-2268,TRAVEL,Gazipur,197,LOW,8641.91,MEDIUM
SYN-M-2269,E_COMMERCE,Khulna,2714,LOW,2208.74,HIGH
SYN-M-2270,UTILITY,Sylhet,1476,LOW,1165.6,HIGH
SYN-M-2271,E_COMMERCE,Narayanganj,2391,LOW,6134.13,HIGH
SYN-M-2272,GROCERY,Dhaka,1427,LOW,739.53,MEDIUM
SYN-M-2273,RESTAURANT,Mymensingh,533,LOW,1137.8,MEDIUM
SYN-M-2274,GROCERY,Dhaka,2209,LOW,835.11,LOW
SYN-M-2275,GROCERY,Mymensingh,238,HIGH,1251.38,HIGH
SYN-M-2276,RESTAURANT,Dhaka,489,LOW,1164.13,LOW
SYN-M-2277,E_COMMERCE,Sylhet,1143,LOW,3968.52,HIGH
SYN-M-2278,TRAVEL,Sylhet,2241,LOW,10388.79,HIGH
SYN-M-2279,GROCERY,Chittagong,1322,LOW,1328.11,MEDIUM
SYN-M-2280,UTILITY,Gazipur,888,LOW,1585.29,HIGH
SYN-M-2281,GROCERY,Chittagong,1211,LOW,1017.55,LOW
SYN-M-2282,E_COMMERCE,Narayanganj,2343,LOW,5064.27,MEDIUM
SYN-M-2283,RESTAURANT,Dhaka,1424,LOW,406.93,MEDIUM
SYN-M-2284,GROCERY,Chittagong,1553,LOW,1369.75,MEDIUM
SYN-M-2285,DIGITAL_SERVICE,Dhaka,1941,LOW,573.65,HIGH
SYN-M-2286,RESTAURANT,Chittagong,2311,LOW,1845.32,HIGH
SYN-M-2287,E_COMMERCE,Dhaka,2735,LOW,3154.86,HIGH
SYN-M-2288,GROCERY,Dhaka,1250,LOW,1487.4,MEDIUM
SYN-M-2289,TRAVEL,Sylhet,2613,MEDIUM,6746.28,LOW
SYN-M-2290,TRAVEL,Dhaka,2984,LOW,20062.02,MEDIUM
SYN-M-2291,E_COMMERCE,Dhaka,2533,LOW,1268.39,LOW
SYN-M-2292,UTILITY,Dhaka,2118,MEDIUM,3054.11,HIGH
SYN-M-2293,GROCERY,Dhaka,295,MEDIUM,451.05,MEDIUM
SYN-M-2294,RESTAURANT,Narayanganj,901,MEDIUM,1247.96,HIGH
SYN-M-2295,EDUCATION,Dhaka,1760,LOW,9221.98,MEDIUM
SYN-M-2296,E_COMMERCE,Gazipur,723,LOW,4855.65,MEDIUM
SYN-M-2297,TRAVEL,Dhaka,2237,LOW,1315.37,MEDIUM
SYN-M-2298,EDUCATION,Barishal,2074,LOW,4696.89,LOW
SYN-M-2299,TRAVEL,Sylhet,643,LOW,3686.49,MEDIUM
SYN-M-2300,GROCERY,Chittagong,1267,LOW,506.06,HIGH
SYN-M-2301,UTILITY,Dhaka,1328,LOW,1980.54,LOW
SYN-M-2302,RESTAURANT,Barishal,2481,LOW,670.66,MEDIUM
SYN-M-2303,RESTAURANT,Chittagong,1732,LOW,2518.13,MEDIUM
SYN-M-2304,RESTAURANT,Dhaka,1370,LOW,355.53,LOW
SYN-M-2305,UTILITY,Khulna,605,MEDIUM,2497.68,LOW
SYN-M-2306,RESTAURANT,Chittagong,522,LOW,1290.11,MEDIUM
SYN-M-2307,UTILITY,Chittagong,622,LOW,2322.26,MEDIUM
SYN-M-2308,E_COMMERCE,Dhaka,1991,LOW,3510.51,HIGH
SYN-M-2309,E_COMMERCE,Chittagong,1840,MEDIUM,5846.07,LOW
SYN-M-2310,UTILITY,Khulna,2964,LOW,2267.43,HIGH
SYN-M-2311,GROCERY,Chittagong,2574,LOW,833.57,MEDIUM
SYN-M-2312,RESTAURANT,Dhaka,1670,LOW,1377.11,HIGH
SYN-M-2313,E_COMMERCE,Narayanganj,2147,HIGH,3145.63,MEDIUM
SYN-M-2314,TRAVEL,Dhaka,751,LOW,4480.41,MEDIUM
SYN-M-2315,GROCERY,Dhaka,969,LOW,980.54,HIGH
SYN-M-2316,DIGITAL_SERVICE,Chittagong,1184,LOW,2296.43,MEDIUM
SYN-M-2317,RESTAURANT,Dhaka,853,HIGH,100.0,MEDIUM
SYN-M-2318,UTILITY,Chittagong,2197,LOW,3125.68,HIGH
SYN-M-2319,GROCERY,Dhaka,1182,LOW,767.33,LOW
SYN-M-2320,EDUCATION,Dhaka,1975,LOW,4781.61,MEDIUM
SYN-M-2321,EDUCATION,Mymensingh,2331,LOW,11897.13,MEDIUM
SYN-M-2322,GROCERY,Chittagong,1851,LOW,851.59,MEDIUM
SYN-M-2323,TRAVEL,Chittagong,2231,LOW,3020.21,MEDIUM
SYN-M-2324,GROCERY,Sylhet,2112,LOW,405.68,MEDIUM
SYN-M-2325,EDUCATION,Dhaka,1779,HIGH,4775.25,MEDIUM
SYN-M-2326,GROCERY,Rajshahi,1670,LOW,925.89,MEDIUM
SYN-M-2327,GROCERY,Dhaka,2684,LOW,1227.88,LOW
SYN-M-2328,GROCERY,Khulna,2526,LOW,936.21,LOW
SYN-M-2329,UTILITY,Mymensingh,2116,HIGH,2687.83,MEDIUM
SYN-M-2330,RESTAURANT,Rangpur,732,LOW,1755.29,LOW
SYN-M-2331,RESTAURANT,Chittagong,466,LOW,1625.38,HIGH
SYN-M-2332,GROCERY,Dhaka,2056,LOW,596.95,HIGH
SYN-M-2333,RESTAURANT,Dhaka,220,LOW,812.39,MEDIUM
SYN-M-2334,GROCERY,Rangpur,2168,LOW,483.54,MEDIUM
SYN-M-2335,E_COMMERCE,Khulna,2834,LOW,2585.52,LOW
SYN-M-2336,GROCERY,Rajshahi,1769,LOW,954.13,LOW
SYN-M-2337,E_COMMERCE,Cumilla,2809,LOW,1926.75,HIGH
SYN-M-2338,E_COMMERCE,Dhaka,1715,HIGH,5338.96,MEDIUM
SYN-M-2339,GROCERY,Chittagong,1893,LOW,1002.17,LOW
SYN-M-2340,GROCERY,Gazipur,488,LOW,1190.5,HIGH
SYN-M-2341,UTILITY,Dhaka,2930,LOW,1978.99,MEDIUM
SYN-M-2342,DIGITAL_SERVICE,Cumilla,1677,LOW,1535.88,HIGH
SYN-M-2343,GROCERY,Dhaka,443,LOW,1275.37,HIGH
SYN-M-2344,E_COMMERCE,Mymensingh,747,LOW,2602.97,MEDIUM
SYN-M-2345,E_COMMERCE,Dhaka,2775,LOW,100.0,MEDIUM
SYN-M-2346,UTILITY,Chittagong,2677,MEDIUM,1899.0,LOW
SYN-M-2347,E_COMMERCE,Barishal,1430,LOW,3868.03,MEDIUM
SYN-M-2348,GROCERY,Mymensingh,405,LOW,765.8,MEDIUM
SYN-M-2349,GROCERY,Chittagong,2279,LOW,994.01,MEDIUM
SYN-M-2350,GROCERY,Gazipur,618,LOW,1211.41,MEDIUM
SYN-M-2351,UTILITY,Chittagong,867,LOW,3333.23,MEDIUM
SYN-M-2352,RESTAURANT,Dhaka,1345,LOW,1588.7,MEDIUM
SYN-M-2353,E_COMMERCE,Dhaka,486,LOW,3321.18,MEDIUM
SYN-M-2354,E_COMMERCE,Dhaka,1285,LOW,2379.45,HIGH
SYN-M-2355,RESTAURANT,Dhaka,2384,LOW,1265.23,MEDIUM
SYN-M-2356,RESTAURANT,Chittagong,1843,LOW,1230.25,MEDIUM
SYN-M-2357,GROCERY,Rajshahi,1913,LOW,303.3,MEDIUM
SYN-M-2358,GROCERY,Dhaka,2741,LOW,326.4,MEDIUM
SYN-M-2359,GROCERY,Cumilla,2997,LOW,100.0,MEDIUM
SYN-M-2360,TRAVEL,Rajshahi,2914,LOW,14260.01,LOW
SYN-M-2361,GROCERY,Khulna,2625,LOW,883.82,MEDIUM
SYN-M-2362,EDUCATION,Gazipur,2192,LOW,5197.35,LOW
SYN-M-2363,TRAVEL,Barishal,2206,MEDIUM,19796.81,MEDIUM
SYN-M-2364,GROCERY,Khulna,1630,LOW,1007.15,MEDIUM
SYN-M-2365,EDUCATION,Rajshahi,2301,LOW,5799.29,HIGH
SYN-M-2366,GROCERY,Dhaka,2730,LOW,400.78,MEDIUM
SYN-M-2367,RESTAURANT,Dhaka,2039,LOW,618.14,MEDIUM
SYN-M-2368,RESTAURANT,Cumilla,1598,LOW,864.23,HIGH
SYN-M-2369,TRAVEL,Sylhet,2608,LOW,6445.25,MEDIUM
SYN-M-2370,RESTAURANT,Rangpur,2521,LOW,1431.7,MEDIUM
SYN-M-2371,TRAVEL,Dhaka,604,LOW,6073.14,HIGH
SYN-M-2372,GROCERY,Rajshahi,1519,LOW,678.17,HIGH
SYN-M-2373,EDUCATION,Dhaka,2014,LOW,4660.23,MEDIUM
SYN-M-2374,DIGITAL_SERVICE,Chittagong,1621,LOW,2746.52,HIGH
SYN-M-2375,UTILITY,Chittagong,823,LOW,3708.53,MEDIUM
SYN-M-2376,GROCERY,Rangpur,2084,LOW,645.83,LOW
SYN-M-2377,GROCERY,Chittagong,2271,LOW,1083.07,HIGH
SYN-M-2378,GROCERY,Mymensingh,1292,LOW,968.18,LOW
SYN-M-2379,RESTAURANT,Chittagong,1856,LOW,950.15,MEDIUM
SYN-M-2380,GROCERY,Sylhet,2436,LOW,828.82,HIGH
SYN-M-2381,TRAVEL,Rajshahi,878,LOW,5489.55,LOW
SYN-M-2382,E_COMMERCE,Gazipur,1560,MEDIUM,2569.41,LOW
SYN-M-2383,UTILITY,Rajshahi,1465,LOW,2443.41,MEDIUM
SYN-M-2384,GROCERY,Rajshahi,1787,LOW,1638.01,MEDIUM
SYN-M-2385,RESTAURANT,Dhaka,610,LOW,1153.87,MEDIUM
SYN-M-2386,E_COMMERCE,Dhaka,761,LOW,3123.72,MEDIUM
SYN-M-2387,GROCERY,Dhaka,2432,LOW,1140.97,MEDIUM
SYN-M-2388,E_COMMERCE,Rangpur,1130,MEDIUM,2541.8,MEDIUM
SYN-M-2389,E_COMMERCE,Chittagong,153,LOW,4096.21,MEDIUM
SYN-M-2390,UTILITY,Dhaka,147,LOW,1681.99,HIGH
SYN-M-2391,GROCERY,Dhaka,2210,MEDIUM,1013.91,MEDIUM
SYN-M-2392,UTILITY,Mymensingh,874,LOW,1606.5,MEDIUM
SYN-M-2393,RESTAURANT,Chittagong,2534,LOW,1106.05,MEDIUM
SYN-M-2394,DIGITAL_SERVICE,Dhaka,100,LOW,688.51,HIGH
SYN-M-2395,TRAVEL,Mymensingh,553,HIGH,6280.26,HIGH
SYN-M-2396,E_COMMERCE,Dhaka,2779,LOW,2068.75,HIGH
SYN-M-2397,E_COMMERCE,Dhaka,2476,LOW,4852.19,MEDIUM
SYN-M-2398,RESTAURANT,Cumilla,2196,LOW,1186.94,MEDIUM
SYN-M-2399,RESTAURANT,Dhaka,2578,LOW,861.62,MEDIUM
SYN-M-2400,E_COMMERCE,Dhaka,2070,LOW,4832.59,MEDIUM
SYN-M-2401,GROCERY,Dhaka,1435,MEDIUM,672.68,HIGH
SYN-M-2402,GROCERY,Bogura,843,LOW,664.68,HIGH
SYN-M-2403,RESTAURANT,Dhaka,916,MEDIUM,906.9,HIGH
SYN-M-2404,UTILITY,Chittagong,2826,MEDIUM,2215.53,MEDIUM
SYN-M-2405,DIGITAL_SERVICE,Jessore,2543,LOW,1477.67,MEDIUM
SYN-M-2406,RESTAURANT,Dhaka,361,LOW,1406.12,MEDIUM
SYN-M-2407,UTILITY,Khulna,1254,LOW,3550.78,MEDIUM
SYN-M-2408,GROCERY,Dhaka,1804,LOW,906.57,MEDIUM
SYN-M-2409,RESTAURANT,Chittagong,1756,LOW,1076.38,MEDIUM
SYN-M-2410,RESTAURANT,Rajshahi,1336,HIGH,825.22,MEDIUM
SYN-M-2411,GROCERY,Rangpur,2083,LOW,1022.19,LOW
SYN-M-2412,RESTAURANT,Rajshahi,324,LOW,1374.59,MEDIUM
SYN-M-2413,GROCERY,Khulna,154,MEDIUM,902.56,MEDIUM
SYN-M-2414,GROCERY,Cumilla,1447,LOW,448.46,HIGH
SYN-M-2415,GROCERY,Sylhet,105,LOW,1235.15,LOW
SYN-M-2416,E_COMMERCE,Dhaka,2329,LOW,2661.35,MEDIUM
SYN-M-2417,UTILITY,Sylhet,2100,LOW,1414.17,LOW
SYN-M-2418,RESTAURANT,Rajshahi,1687,LOW,1020.95,LOW
SYN-M-2419,GROCERY,Cumilla,1549,LOW,780.13,MEDIUM
SYN-M-2420,UTILITY,Mymensingh,1110,LOW,1916.76,MEDIUM
SYN-M-2421,E_COMMERCE,Chittagong,2736,LOW,4393.44,MEDIUM
SYN-M-2422,GROCERY,Dhaka,2497,LOW,608.16,HIGH
SYN-M-2423,DIGITAL_SERVICE,Dhaka,2547,LOW,2076.27,MEDIUM
SYN-M-2424,GROCERY,Dhaka,1411,LOW,1230.59,MEDIUM
SYN-M-2425,E_COMMERCE,Chittagong,2104,MEDIUM,2822.92,MEDIUM
SYN-M-2426,E_COMMERCE,Khulna,735,LOW,2224.11,HIGH
SYN-M-2427,EDUCATION,Gazipur,1007,MEDIUM,3415.83,MEDIUM
SYN-M-2428,DIGITAL_SERVICE,Gazipur,2881,LOW,1777.57,MEDIUM
SYN-M-2429,GROCERY,Rangpur,1705,HIGH,1153.36,MEDIUM
SYN-M-2430,UTILITY,Dhaka,631,LOW,1494.36,HIGH
SYN-M-2431,TRAVEL,Chittagong,2388,LOW,9242.15,HIGH
SYN-M-2432,RESTAURANT,Dhaka,1733,LOW,1279.18,MEDIUM
SYN-M-2433,RESTAURANT,Dhaka,1958,LOW,1038.62,HIGH
SYN-M-2434,RESTAURANT,Dhaka,1200,HIGH,1455.78,HIGH
SYN-M-2435,E_COMMERCE,Chittagong,995,LOW,6677.37,MEDIUM
SYN-M-2436,EDUCATION,Dhaka,1899,LOW,3863.82,LOW
SYN-M-2437,GROCERY,Sylhet,1095,MEDIUM,1488.12,HIGH
SYN-M-2438,TRAVEL,Dhaka,369,LOW,5462.76,MEDIUM
SYN-M-2439,RESTAURANT,Chittagong,1804,HIGH,1538.05,HIGH
SYN-M-2440,RESTAURANT,Rangpur,2493,LOW,616.78,MEDIUM
SYN-M-2441,RESTAURANT,Dhaka,2862,MEDIUM,1239.76,MEDIUM
SYN-M-2442,GROCERY,Rangpur,2752,LOW,820.04,HIGH
SYN-M-2443,GROCERY,Chittagong,493,LOW,1402.87,MEDIUM
SYN-M-2444,EDUCATION,Rangpur,1221,LOW,4184.8,MEDIUM
SYN-M-2445,GROCERY,Sylhet,2837,MEDIUM,100.0,HIGH
SYN-M-2446,EDUCATION,Dhaka,459,LOW,3660.34,MEDIUM
SYN-M-2447,E_COMMERCE,Rajshahi,2991,LOW,871.67,MEDIUM
SYN-M-2448,RESTAURANT,Dhaka,2242,LOW,1059.77,LOW
SYN-M-2449,GROCERY,Dhaka,102,LOW,221.28,MEDIUM
SYN-M-2450,UTILITY,Sylhet,1368,LOW,4054.5,MEDIUM
SYN-M-2451,UTILITY,Dhaka,1837,LOW,1291.8,MEDIUM
SYN-M-2452,RESTAURANT,Narayanganj,613,LOW,2050.67,MEDIUM
SYN-M-2453,GROCERY,Rajshahi,1967,MEDIUM,1606.65,LOW
SYN-M-2454,TRAVEL,Dhaka,661,LOW,5098.97,HIGH
SYN-M-2455,RESTAURANT,Chittagong,1793,LOW,1425.21,HIGH
SYN-M-2456,GROCERY,Chittagong,2759,MEDIUM,1251.01,MEDIUM
SYN-M-2457,E_COMMERCE,Rajshahi,738,LOW,351.71,HIGH
SYN-M-2458,EDUCATION,Dhaka,679,LOW,2510.64,MEDIUM
SYN-M-2459,RESTAURANT,Rangpur,2961,LOW,771.01,LOW
SYN-M-2460,UTILITY,Dhaka,1307,MEDIUM,2251.0,MEDIUM
SYN-M-2461,GROCERY,Dhaka,2426,LOW,791.63,HIGH
SYN-M-2462,GROCERY,Dhaka,541,LOW,421.73,MEDIUM
SYN-M-2463,UTILITY,Sylhet,150,LOW,3134.27,MEDIUM
SYN-M-2464,E_COMMERCE,Dhaka,1071,LOW,3915.12,MEDIUM
SYN-M-2465,GROCERY,Dhaka,1551,LOW,941.97,HIGH
SYN-M-2466,UTILITY,Sylhet,1657,LOW,2796.78,LOW
SYN-M-2467,GROCERY,Dhaka,2196,LOW,1057.75,HIGH
SYN-M-2468,E_COMMERCE,Chittagong,907,LOW,4385.98,MEDIUM
SYN-M-2469,UTILITY,Dhaka,2401,LOW,2539.43,MEDIUM
SYN-M-2470,GROCERY,Chittagong,1321,LOW,867.33,MEDIUM
SYN-M-2471,RESTAURANT,Chittagong,1573,LOW,1112.96,MEDIUM
SYN-M-2472,GROCERY,Gazipur,1126,LOW,333.73,HIGH
SYN-M-2473,GROCERY,Khulna,629,LOW,461.86,MEDIUM
SYN-M-2474,E_COMMERCE,Cumilla,1287,HIGH,525.99,HIGH
SYN-M-2475,EDUCATION,Dhaka,1229,LOW,9040.81,HIGH
SYN-M-2476,GROCERY,Jessore,2380,LOW,1027.83,MEDIUM
SYN-M-2477,RESTAURANT,Dhaka,1015,LOW,1349.16,MEDIUM
SYN-M-2478,GROCERY,Khulna,1006,MEDIUM,754.44,MEDIUM
SYN-M-2479,RESTAURANT,Gazipur,2484,MEDIUM,728.17,MEDIUM
SYN-M-2480,UTILITY,Barishal,1667,LOW,1842.57,LOW
SYN-M-2481,E_COMMERCE,Dhaka,1860,LOW,2179.72,LOW
SYN-M-2482,UTILITY,Dhaka,2223,LOW,2732.42,LOW
SYN-M-2483,GROCERY,Rajshahi,136,LOW,1240.85,MEDIUM
SYN-M-2484,RESTAURANT,Dhaka,2514,MEDIUM,242.92,HIGH
SYN-M-2485,RESTAURANT,Cumilla,890,HIGH,856.92,MEDIUM
SYN-M-2486,EDUCATION,Sylhet,798,HIGH,8223.51,LOW
SYN-M-2487,RESTAURANT,Bogura,2637,LOW,789.22,MEDIUM
SYN-M-2488,TRAVEL,Dhaka,353,LOW,5665.48,MEDIUM
SYN-M-2489,GROCERY,Sylhet,2289,MEDIUM,319.09,HIGH
SYN-M-2490,RESTAURANT,Dhaka,804,HIGH,1119.15,HIGH
SYN-M-2491,RESTAURANT,Sylhet,511,MEDIUM,1660.61,MEDIUM
SYN-M-2492,RESTAURANT,Dhaka,1225,LOW,1107.77,HIGH
SYN-M-2493,RESTAURANT,Cumilla,1158,LOW,252.62,HIGH
SYN-M-2494,E_COMMERCE,Dhaka,1745,LOW,3534.21,HIGH
SYN-M-2495,E_COMMERCE,Chittagong,1070,LOW,4892.31,MEDIUM
SYN-M-2496,RESTAURANT,Khulna,1369,MEDIUM,1356.57,MEDIUM
SYN-M-2497,TRAVEL,Barishal,810,LOW,14883.92,MEDIUM
SYN-M-2498,E_COMMERCE,Rajshahi,509,LOW,4903.07,LOW
SYN-M-2499,E_COMMERCE,Narayanganj,2468,LOW,2805.03,HIGH
SYN-M-2500,RESTAURANT,Rajshahi,2471,LOW,1709.08,MEDIUM
SYN-M-2501,E_COMMERCE,Dhaka,1926,LOW,1740.01,MEDIUM
SYN-M-2502,E_COMMERCE,Dhaka,650,LOW,4101.15,MEDIUM
SYN-M-2503,E_COMMERCE,Rajshahi,1578,LOW,3947.59,MEDIUM
SYN-M-2504,GROCERY,Dhaka,614,LOW,1380.01,HIGH
SYN-M-2505,E_COMMERCE,Khulna,709,LOW,1383.92,MEDIUM
SYN-M-2506,E_COMMERCE,Barishal,1301,LOW,1829.39,HIGH
SYN-M-2507,E_COMMERCE,Chittagong,1214,LOW,1647.37,MEDIUM
SYN-M-2508,RESTAURANT,Dhaka,248,LOW,1335.55,MEDIUM
SYN-M-2509,RESTAURANT,Cumilla,238,MEDIUM,242.68,HIGH
SYN-M-2510,TRAVEL,Mymensingh,1074,LOW,11199.2,LOW
SYN-M-2511,E_COMMERCE,Dhaka,2814,LOW,2114.21,MEDIUM
SYN-M-2512,GROCERY,Dhaka,2094,MEDIUM,876.71,MEDIUM
SYN-M-2513,DIGITAL_SERVICE,Cox's Bazar,582,LOW,794.68,MEDIUM
SYN-M-2514,GROCERY,Dhaka,2410,LOW,754.68,MEDIUM
SYN-M-2515,UTILITY,Rajshahi,1105,LOW,1517.56,LOW
SYN-M-2516,GROCERY,Rajshahi,209,LOW,802.54,MEDIUM
SYN-M-2517,GROCERY,Dhaka,2694,LOW,504.42,MEDIUM
SYN-M-2518,GROCERY,Dhaka,1895,LOW,837.09,MEDIUM
SYN-M-2519,RESTAURANT,Rangpur,2655,LOW,1274.2,MEDIUM
SYN-M-2520,RESTAURANT,Khulna,1683,LOW,1010.6,LOW
SYN-M-2521,UTILITY,Cumilla,413,LOW,3187.09,MEDIUM
SYN-M-2522,TRAVEL,Dhaka,979,LOW,6823.72,HIGH
SYN-M-2523,E_COMMERCE,Cumilla,450,LOW,1675.07,LOW
SYN-M-2524,EDUCATION,Dhaka,2203,LOW,7775.57,LOW
SYN-M-2525,GROCERY,Rajshahi,1103,LOW,829.72,LOW
SYN-M-2526,E_COMMERCE,Dhaka,310,LOW,3166.39,HIGH
SYN-M-2527,GROCERY,Barishal,1236,LOW,1652.18,MEDIUM
SYN-M-2528,GROCERY,Chittagong,1924,LOW,215.02,MEDIUM
SYN-M-2529,RESTAURANT,Dhaka,1274,MEDIUM,1006.33,HIGH
SYN-M-2530,E_COMMERCE,Dhaka,992,LOW,6168.12,MEDIUM
SYN-M-2531,EDUCATION,Chittagong,1296,LOW,8292.75,MEDIUM
SYN-M-2532,GROCERY,Dhaka,252,LOW,989.61,MEDIUM
SYN-M-2533,UTILITY,Dhaka,2828,MEDIUM,1611.99,MEDIUM
SYN-M-2534,E_COMMERCE,Gazipur,2789,LOW,3374.03,MEDIUM
SYN-M-2535,DIGITAL_SERVICE,Dhaka,2472,MEDIUM,639.85,MEDIUM
SYN-M-2536,TRAVEL,Gazipur,2387,MEDIUM,5949.02,HIGH
SYN-M-2537,E_COMMERCE,Dhaka,1552,LOW,3373.77,MEDIUM
SYN-M-2538,E_COMMERCE,Dhaka,1203,MEDIUM,584.14,LOW
SYN-M-2539,RESTAURANT,Chittagong,2657,LOW,488.82,MEDIUM
SYN-M-2540,GROCERY,Chittagong,2295,LOW,1374.19,MEDIUM
SYN-M-2541,UTILITY,Cox's Bazar,2761,LOW,2263.57,LOW
SYN-M-2542,DIGITAL_SERVICE,Rangpur,1834,LOW,2746.95,LOW
SYN-M-2543,GROCERY,Chittagong,192,LOW,1028.66,MEDIUM
SYN-M-2544,GROCERY,Dhaka,586,LOW,199.76,MEDIUM
SYN-M-2545,TRAVEL,Chittagong,586,LOW,5792.69,LOW
SYN-M-2546,GROCERY,Bogura,1763,MEDIUM,579.95,MEDIUM
SYN-M-2547,GROCERY,Sylhet,1453,LOW,1505.04,HIGH
SYN-M-2548,GROCERY,Khulna,2443,LOW,1278.78,HIGH
SYN-M-2549,RESTAURANT,Rajshahi,345,LOW,1556.75,HIGH
SYN-M-2550,GROCERY,Gazipur,2472,LOW,1336.88,MEDIUM
SYN-M-2551,GROCERY,Sylhet,700,LOW,1379.59,MEDIUM
SYN-M-2552,RESTAURANT,Sylhet,1086,LOW,2042.63,LOW
SYN-M-2553,DIGITAL_SERVICE,Chittagong,1225,LOW,1500.57,MEDIUM
SYN-M-2554,DIGITAL_SERVICE,Rangpur,560,MEDIUM,2806.9,LOW
SYN-M-2555,EDUCATION,Chittagong,104,LOW,6486.66,MEDIUM
SYN-M-2556,UTILITY,Sylhet,966,LOW,2586.24,HIGH
SYN-M-2557,UTILITY,Barishal,231,LOW,2220.42,MEDIUM
SYN-M-2558,E_COMMERCE,Chittagong,2613,LOW,3802.21,MEDIUM
SYN-M-2559,RESTAURANT,Gazipur,2433,LOW,1342.62,HIGH
SYN-M-2560,E_COMMERCE,Dhaka,1455,LOW,4079.67,LOW
SYN-M-2561,UTILITY,Dhaka,2892,LOW,2876.01,LOW
SYN-M-2562,GROCERY,Dhaka,1569,LOW,882.98,MEDIUM
SYN-M-2563,EDUCATION,Dhaka,1443,LOW,2655.65,LOW
SYN-M-2564,TRAVEL,Dhaka,1215,MEDIUM,10752.73,MEDIUM
SYN-M-2565,GROCERY,Dhaka,1776,LOW,1358.96,MEDIUM
SYN-M-2566,E_COMMERCE,Khulna,2342,MEDIUM,5372.13,HIGH
SYN-M-2567,RESTAURANT,Dhaka,2044,LOW,953.11,MEDIUM
SYN-M-2568,E_COMMERCE,Sylhet,1305,MEDIUM,1504.87,MEDIUM
SYN-M-2569,GROCERY,Chittagong,270,LOW,532.0,MEDIUM
SYN-M-2570,E_COMMERCE,Dhaka,1710,LOW,3404.98,HIGH
SYN-M-2571,E_COMMERCE,Chittagong,1347,LOW,3351.64,MEDIUM
SYN-M-2572,UTILITY,Rangpur,162,LOW,1683.07,HIGH
SYN-M-2573,GROCERY,Dhaka,2093,LOW,683.38,HIGH
SYN-M-2574,GROCERY,Rangpur,344,LOW,781.4,LOW
SYN-M-2575,GROCERY,Dhaka,1642,MEDIUM,814.47,LOW
SYN-M-2576,GROCERY,Gazipur,110,LOW,946.4,HIGH
SYN-M-2577,GROCERY,Jessore,1397,LOW,642.56,LOW
SYN-M-2578,RESTAURANT,Dhaka,2161,LOW,333.57,MEDIUM
SYN-M-2579,TRAVEL,Dhaka,1405,LOW,14004.33,MEDIUM
SYN-M-2580,RESTAURANT,Dhaka,132,LOW,1020.63,LOW
SYN-M-2581,GROCERY,Rajshahi,70,MEDIUM,706.64,MEDIUM
SYN-M-2582,EDUCATION,Dhaka,2789,LOW,5867.76,LOW
SYN-M-2583,E_COMMERCE,Dhaka,2401,LOW,3169.03,HIGH
SYN-M-2584,GROCERY,Dhaka,2779,MEDIUM,989.29,LOW
SYN-M-2585,GROCERY,Chittagong,1954,HIGH,686.72,HIGH
SYN-M-2586,RESTAURANT,Rajshahi,1789,LOW,2172.28,LOW
SYN-M-2587,RESTAURANT,Rangpur,2006,MEDIUM,1683.3,MEDIUM
SYN-M-2588,GROCERY,Sylhet,2618,LOW,424.79,MEDIUM
SYN-M-2589,RESTAURANT,Sylhet,261,LOW,1382.62,LOW
SYN-M-2590,GROCERY,Rajshahi,1722,LOW,858.61,LOW
SYN-M-2591,E_COMMERCE,Dhaka,2890,MEDIUM,1957.68,MEDIUM
SYN-M-2592,RESTAURANT,Gazipur,2522,MEDIUM,1323.74,HIGH
SYN-M-2593,GROCERY,Dhaka,996,LOW,1205.8,MEDIUM
SYN-M-2594,DIGITAL_SERVICE,Chittagong,362,LOW,1195.52,LOW
SYN-M-2595,UTILITY,Chittagong,678,LOW,1603.8,MEDIUM
SYN-M-2596,E_COMMERCE,Mymensingh,163,LOW,2708.95,MEDIUM
SYN-M-2597,EDUCATION,Dhaka,1661,LOW,11181.01,HIGH
SYN-M-2598,GROCERY,Dhaka,2053,LOW,908.28,LOW
SYN-M-2599,UTILITY,Gazipur,2017,LOW,2420.0,LOW
SYN-M-2600,RESTAURANT,Rajshahi,94,MEDIUM,1069.32,MEDIUM
SYN-M-2601,GROCERY,Dhaka,445,LOW,961.9,HIGH
SYN-M-2602,RESTAURANT,Rangpur,2879,MEDIUM,675.55,HIGH
SYN-M-2603,E_COMMERCE,Chittagong,1364,LOW,2872.8,LOW
SYN-M-2604,UTILITY,Khulna,229,LOW,2399.29,LOW
SYN-M-2605,UTILITY,Chittagong,145,LOW,1696.29,HIGH
SYN-M-2606,RESTAURANT,Rajshahi,2258,MEDIUM,465.34,HIGH
SYN-M-2607,RESTAURANT,Dhaka,2223,LOW,1554.96,MEDIUM
SYN-M-2608,RESTAURANT,Dhaka,113,LOW,1761.88,MEDIUM
SYN-M-2609,GROCERY,Chittagong,1543,LOW,655.09,LOW
SYN-M-2610,TRAVEL,Cumilla,2312,LOW,14673.91,MEDIUM
SYN-M-2611,EDUCATION,Dhaka,2286,HIGH,4382.91,MEDIUM
SYN-M-2612,DIGITAL_SERVICE,Gazipur,292,LOW,1157.2,MEDIUM
SYN-M-2613,GROCERY,Sylhet,826,LOW,885.24,HIGH
SYN-M-2614,GROCERY,Rangpur,1510,LOW,896.56,MEDIUM
SYN-M-2615,GROCERY,Khulna,126,LOW,554.33,MEDIUM
SYN-M-2616,GROCERY,Rangpur,2892,LOW,797.02,HIGH
SYN-M-2617,E_COMMERCE,Dhaka,692,LOW,1810.58,MEDIUM
SYN-M-2618,GROCERY,Dhaka,2795,HIGH,436.47,LOW
SYN-M-2619,GROCERY,Chittagong,1217,LOW,1533.7,LOW
SYN-M-2620,E_COMMERCE,Khulna,727,LOW,1944.24,MEDIUM
SYN-M-2621,UTILITY,Dhaka,1640,LOW,1154.88,MEDIUM
SYN-M-2622,DIGITAL_SERVICE,Barishal,326,LOW,1690.39,LOW
SYN-M-2623,GROCERY,Dhaka,2928,MEDIUM,588.07,HIGH
SYN-M-2624,GROCERY,Chittagong,897,LOW,600.09,HIGH
SYN-M-2625,E_COMMERCE,Chittagong,636,LOW,4098.31,HIGH
SYN-M-2626,GROCERY,Dhaka,548,LOW,594.29,MEDIUM
SYN-M-2627,TRAVEL,Dhaka,1261,LOW,7880.65,MEDIUM
SYN-M-2628,EDUCATION,Dhaka,2281,LOW,8165.64,HIGH
SYN-M-2629,GROCERY,Rangpur,1755,LOW,884.41,MEDIUM
SYN-M-2630,EDUCATION,Dhaka,2704,LOW,6429.19,MEDIUM
SYN-M-2631,UTILITY,Narayanganj,1030,LOW,1980.29,MEDIUM
SYN-M-2632,EDUCATION,Narayanganj,1330,LOW,2467.02,MEDIUM
SYN-M-2633,GROCERY,Rajshahi,2078,HIGH,882.98,MEDIUM
SYN-M-2634,TRAVEL,Dhaka,2106,LOW,10622.57,LOW
SYN-M-2635,E_COMMERCE,Khulna,2249,LOW,1376.9,HIGH
SYN-M-2636,E_COMMERCE,Chittagong,874,MEDIUM,4145.16,MEDIUM
SYN-M-2637,UTILITY,Dhaka,1660,LOW,1349.31,MEDIUM
SYN-M-2638,GROCERY,Sylhet,2624,LOW,445.84,HIGH
SYN-M-2639,RESTAURANT,Dhaka,2195,HIGH,972.87,MEDIUM
SYN-M-2640,TRAVEL,Rajshahi,1872,LOW,5697.39,HIGH
SYN-M-2641,DIGITAL_SERVICE,Chittagong,238,MEDIUM,563.02,MEDIUM
SYN-M-2642,DIGITAL_SERVICE,Mymensingh,2718,LOW,2062.56,LOW
SYN-M-2643,UTILITY,Dhaka,1452,LOW,989.48,MEDIUM
SYN-M-2644,E_COMMERCE,Barishal,543,LOW,3540.96,MEDIUM
SYN-M-2645,TRAVEL,Khulna,1105,LOW,4921.1,MEDIUM
SYN-M-2646,TRAVEL,Chittagong,516,MEDIUM,100.0,HIGH
SYN-M-2647,EDUCATION,Sylhet,1947,LOW,8208.57,MEDIUM
SYN-M-2648,TRAVEL,Dhaka,535,LOW,9313.78,MEDIUM
SYN-M-2649,RESTAURANT,Cumilla,358,LOW,982.45,HIGH
SYN-M-2650,GROCERY,Dhaka,1414,LOW,1207.57,MEDIUM
SYN-M-2651,GROCERY,Dhaka,2721,LOW,829.7,MEDIUM
SYN-M-2652,GROCERY,Rajshahi,121,LOW,759.51,LOW
SYN-M-2653,RESTAURANT,Chittagong,646,LOW,1653.92,LOW
SYN-M-2654,UTILITY,Dhaka,2689,LOW,3109.44,MEDIUM
SYN-M-2655,E_COMMERCE,Sylhet,2233,LOW,4206.27,LOW
SYN-M-2656,GROCERY,Dhaka,1957,MEDIUM,1075.75,MEDIUM
SYN-M-2657,RESTAURANT,Barishal,570,LOW,1635.62,LOW
SYN-M-2658,TRAVEL,Rangpur,2458,LOW,17664.65,LOW
SYN-M-2659,GROCERY,Dhaka,475,LOW,770.07,MEDIUM
SYN-M-2660,RESTAURANT,Chittagong,1612,LOW,1531.87,HIGH
SYN-M-2661,DIGITAL_SERVICE,Dhaka,316,LOW,870.34,MEDIUM
SYN-M-2662,UTILITY,Chittagong,2566,HIGH,1753.36,MEDIUM
SYN-M-2663,RESTAURANT,Dhaka,2673,LOW,1055.68,MEDIUM
SYN-M-2664,E_COMMERCE,Chittagong,1567,MEDIUM,926.64,MEDIUM
SYN-M-2665,UTILITY,Gazipur,1846,LOW,1121.99,HIGH
SYN-M-2666,DIGITAL_SERVICE,Rajshahi,2066,LOW,1913.8,HIGH
SYN-M-2667,RESTAURANT,Mymensingh,2352,LOW,1404.71,MEDIUM
SYN-M-2668,E_COMMERCE,Sylhet,1979,LOW,882.45,MEDIUM
SYN-M-2669,GROCERY,Dhaka,2882,LOW,747.22,MEDIUM
SYN-M-2670,RESTAURANT,Dhaka,1491,HIGH,1464.81,MEDIUM
SYN-M-2671,RESTAURANT,Dhaka,2079,HIGH,994.67,HIGH
SYN-M-2672,RESTAURANT,Dhaka,532,LOW,1023.01,MEDIUM
SYN-M-2673,GROCERY,Mymensingh,1759,MEDIUM,701.03,MEDIUM
SYN-M-2674,GROCERY,Narayanganj,801,LOW,1358.48,MEDIUM
SYN-M-2675,UTILITY,Chittagong,1881,LOW,3756.11,MEDIUM
SYN-M-2676,UTILITY,Gazipur,2225,LOW,2873.95,HIGH
SYN-M-2677,E_COMMERCE,Khulna,1538,LOW,3934.31,MEDIUM
SYN-M-2678,GROCERY,Dhaka,1997,LOW,1025.03,LOW
SYN-M-2679,E_COMMERCE,Chittagong,2843,LOW,3283.14,MEDIUM
SYN-M-2680,UTILITY,Chittagong,1212,LOW,1271.42,MEDIUM
SYN-M-2681,GROCERY,Cumilla,1118,MEDIUM,887.74,LOW
SYN-M-2682,E_COMMERCE,Dhaka,2606,LOW,5596.49,MEDIUM
SYN-M-2683,RESTAURANT,Dhaka,2949,LOW,1185.17,MEDIUM
SYN-M-2684,GROCERY,Chittagong,2051,LOW,156.74,MEDIUM
SYN-M-2685,GROCERY,Chittagong,2904,LOW,836.78,MEDIUM
SYN-M-2686,TRAVEL,Dhaka,1572,LOW,5790.84,LOW
SYN-M-2687,RESTAURANT,Chittagong,2838,LOW,1184.04,LOW
SYN-M-2688,E_COMMERCE,Dhaka,432,LOW,3981.23,MEDIUM
SYN-M-2689,GROCERY,Narayanganj,334,LOW,1054.19,MEDIUM
SYN-M-2690,GROCERY,Gazipur,73,LOW,669.54,MEDIUM
SYN-M-2691,TRAVEL,Chittagong,1509,LOW,4343.09,MEDIUM
SYN-M-2692,RESTAURANT,Rangpur,1546,LOW,948.62,HIGH
SYN-M-2693,GROCERY,Dhaka,2010,LOW,1144.04,LOW
SYN-M-2694,UTILITY,Gazipur,120,MEDIUM,2162.96,HIGH
SYN-M-2695,GROCERY,Dhaka,650,LOW,1102.96,MEDIUM
SYN-M-2696,E_COMMERCE,Dhaka,2009,LOW,3469.14,MEDIUM
SYN-M-2697,E_COMMERCE,Dhaka,1610,LOW,4017.61,LOW
SYN-M-2698,E_COMMERCE,Dhaka,1660,LOW,4758.6,HIGH
SYN-M-2699,GROCERY,Dhaka,2052,LOW,1226.73,MEDIUM
SYN-M-2700,GROCERY,Rangpur,2959,MEDIUM,739.69,MEDIUM
SYN-M-2701,GROCERY,Dhaka,1965,LOW,1219.18,MEDIUM
SYN-M-2702,GROCERY,Jessore,2195,MEDIUM,1777.98,MEDIUM
SYN-M-2703,GROCERY,Chittagong,789,LOW,529.7,MEDIUM
SYN-M-2704,GROCERY,Barishal,176,LOW,610.22,LOW
SYN-M-2705,GROCERY,Khulna,132,LOW,865.86,HIGH
SYN-M-2706,RESTAURANT,Dhaka,1465,MEDIUM,919.27,MEDIUM
SYN-M-2707,GROCERY,Rajshahi,2785,LOW,982.82,LOW
SYN-M-2708,E_COMMERCE,Chittagong,1323,LOW,4568.27,HIGH
SYN-M-2709,RESTAURANT,Chittagong,1725,HIGH,708.65,MEDIUM
SYN-M-2710,TRAVEL,Sylhet,2257,LOW,8260.21,MEDIUM
SYN-M-2711,GROCERY,Dhaka,163,MEDIUM,503.22,MEDIUM
SYN-M-2712,GROCERY,Mymensingh,1985,LOW,830.88,LOW
SYN-M-2713,UTILITY,Rajshahi,2106,LOW,1887.52,MEDIUM
SYN-M-2714,RESTAURANT,Jessore,2216,LOW,774.24,MEDIUM
SYN-M-2715,DIGITAL_SERVICE,Gazipur,457,LOW,1013.83,HIGH
SYN-M-2716,GROCERY,Khulna,1004,LOW,1015.44,MEDIUM
SYN-M-2717,UTILITY,Rangpur,313,LOW,1915.13,MEDIUM
SYN-M-2718,GROCERY,Dhaka,2876,MEDIUM,653.7,MEDIUM
SYN-M-2719,EDUCATION,Rajshahi,1396,LOW,5110.19,MEDIUM
SYN-M-2720,UTILITY,Cumilla,108,LOW,2828.32,LOW
SYN-M-2721,GROCERY,Khulna,2502,LOW,489.03,MEDIUM
SYN-M-2722,GROCERY,Dhaka,2759,LOW,848.36,HIGH
SYN-M-2723,RESTAURANT,Dhaka,2241,MEDIUM,1028.28,LOW
SYN-M-2724,RESTAURANT,Dhaka,661,HIGH,1448.54,LOW
SYN-M-2725,RESTAURANT,Dhaka,2968,MEDIUM,1329.93,MEDIUM
SYN-M-2726,E_COMMERCE,Dhaka,1265,LOW,3933.92,MEDIUM
SYN-M-2727,E_COMMERCE,Dhaka,2363,MEDIUM,6940.49,HIGH
SYN-M-2728,GROCERY,Dhaka,1806,HIGH,457.03,MEDIUM
SYN-M-2729,GROCERY,Dhaka,831,LOW,714.31,MEDIUM
SYN-M-2730,RESTAURANT,Dhaka,86,LOW,100.0,MEDIUM
SYN-M-2731,RESTAURANT,Barishal,2706,LOW,981.92,LOW
SYN-M-2732,GROCERY,Dhaka,1422,LOW,605.64,HIGH
SYN-M-2733,GROCERY,Chittagong,372,MEDIUM,1523.21,HIGH
SYN-M-2734,RESTAURANT,Khulna,1414,LOW,877.62,MEDIUM
SYN-M-2735,UTILITY,Gazipur,2466,MEDIUM,2615.74,HIGH
SYN-M-2736,GROCERY,Dhaka,1206,LOW,1414.51,MEDIUM
SYN-M-2737,TRAVEL,Rajshahi,1490,MEDIUM,4814.69,MEDIUM
SYN-M-2738,TRAVEL,Dhaka,1602,LOW,1332.36,MEDIUM
SYN-M-2739,GROCERY,Chittagong,70,HIGH,1328.88,HIGH
SYN-M-2740,RESTAURANT,Dhaka,898,LOW,1259.71,LOW
SYN-M-2741,TRAVEL,Chittagong,1042,HIGH,6268.18,MEDIUM
SYN-M-2742,GROCERY,Khulna,404,LOW,866.76,LOW
SYN-M-2743,E_COMMERCE,Mymensingh,2703,HIGH,1807.65,MEDIUM
SYN-M-2744,E_COMMERCE,Dhaka,2844,LOW,3735.15,MEDIUM
SYN-M-2745,E_COMMERCE,Gazipur,754,LOW,5245.36,MEDIUM
SYN-M-2746,GROCERY,Dhaka,644,LOW,931.19,LOW
SYN-M-2747,DIGITAL_SERVICE,Sylhet,2183,LOW,1463.17,HIGH
SYN-M-2748,GROCERY,Dhaka,633,LOW,698.18,MEDIUM
SYN-M-2749,RESTAURANT,Gazipur,1363,LOW,1736.5,MEDIUM
SYN-M-2750,UTILITY,Rajshahi,300,HIGH,1390.18,LOW
SYN-M-2751,RESTAURANT,Dhaka,2894,LOW,191.2,MEDIUM
SYN-M-2752,GROCERY,Mymensingh,61,LOW,1456.82,HIGH
SYN-M-2753,GROCERY,Dhaka,861,LOW,558.1,HIGH
SYN-M-2754,UTILITY,Rajshahi,310,LOW,2848.26,HIGH
SYN-M-2755,RESTAURANT,Gazipur,1458,LOW,525.53,MEDIUM
SYN-M-2756,DIGITAL_SERVICE,Dhaka,978,LOW,2159.93,MEDIUM
SYN-M-2757,GROCERY,Dhaka,970,LOW,622.44,MEDIUM
SYN-M-2758,RESTAURANT,Dhaka,503,LOW,1032.9,MEDIUM
SYN-M-2759,GROCERY,Sylhet,1792,MEDIUM,788.76,LOW
SYN-M-2760,GROCERY,Jessore,2499,LOW,1695.69,MEDIUM
SYN-M-2761,GROCERY,Barishal,829,MEDIUM,361.8,MEDIUM
SYN-M-2762,UTILITY,Dhaka,864,LOW,2588.94,LOW
SYN-M-2763,GROCERY,Khulna,1055,LOW,611.05,MEDIUM
SYN-M-2764,TRAVEL,Gazipur,1339,LOW,9784.38,MEDIUM
SYN-M-2765,GROCERY,Chittagong,975,LOW,967.31,MEDIUM
SYN-M-2766,RESTAURANT,Mymensingh,995,LOW,1268.86,HIGH
SYN-M-2767,UTILITY,Dhaka,1758,LOW,1114.88,MEDIUM
SYN-M-2768,GROCERY,Barishal,1790,MEDIUM,1240.98,HIGH
SYN-M-2769,GROCERY,Cumilla,200,LOW,690.1,HIGH
SYN-M-2770,EDUCATION,Chittagong,2566,LOW,5588.35,HIGH
SYN-M-2771,E_COMMERCE,Dhaka,958,LOW,2228.34,MEDIUM
SYN-M-2772,UTILITY,Rajshahi,1320,MEDIUM,1849.62,MEDIUM
SYN-M-2773,TRAVEL,Chittagong,278,LOW,5471.94,MEDIUM
SYN-M-2774,UTILITY,Chittagong,724,LOW,341.45,MEDIUM
SYN-M-2775,E_COMMERCE,Dhaka,738,MEDIUM,1245.88,MEDIUM
SYN-M-2776,TRAVEL,Rangpur,2526,MEDIUM,12292.01,MEDIUM
SYN-M-2777,TRAVEL,Dhaka,2791,LOW,10941.32,HIGH
SYN-M-2778,GROCERY,Dhaka,1023,LOW,1010.29,MEDIUM
SYN-M-2779,DIGITAL_SERVICE,Khulna,332,HIGH,1792.33,LOW
SYN-M-2780,RESTAURANT,Khulna,1795,LOW,902.03,LOW
SYN-M-2781,RESTAURANT,Chittagong,1973,LOW,1533.79,HIGH
SYN-M-2782,GROCERY,Khulna,170,LOW,982.35,HIGH
SYN-M-2783,GROCERY,Rajshahi,2205,MEDIUM,586.93,MEDIUM
SYN-M-2784,DIGITAL_SERVICE,Dhaka,1363,LOW,1630.82,HIGH
SYN-M-2785,UTILITY,Rajshahi,1439,LOW,3462.67,MEDIUM
SYN-M-2786,GROCERY,Cox's Bazar,121,MEDIUM,379.44,MEDIUM
SYN-M-2787,TRAVEL,Sylhet,2968,MEDIUM,12549.77,MEDIUM
SYN-M-2788,RESTAURANT,Sylhet,928,MEDIUM,1088.86,HIGH
SYN-M-2789,E_COMMERCE,Sylhet,1864,LOW,4848.3,LOW
SYN-M-2790,DIGITAL_SERVICE,Dhaka,2325,LOW,877.29,LOW
SYN-M-2791,RESTAURANT,Chittagong,2224,LOW,955.87,LOW
SYN-M-2792,UTILITY,Dhaka,732,LOW,2791.24,LOW
SYN-M-2793,GROCERY,Chittagong,2614,LOW,903.28,MEDIUM
SYN-M-2794,GROCERY,Mymensingh,2414,LOW,252.32,MEDIUM
SYN-M-2795,RESTAURANT,Sylhet,463,LOW,1626.23,LOW
SYN-M-2796,GROCERY,Dhaka,1599,LOW,968.12,LOW
SYN-M-2797,RESTAURANT,Gazipur,496,LOW,1037.05,HIGH
SYN-M-2798,GROCERY,Khulna,357,LOW,381.37,MEDIUM
SYN-M-2799,GROCERY,Dhaka,1982,LOW,163.91,MEDIUM
SYN-M-2800,E_COMMERCE,Sylhet,1986,LOW,2108.78,MEDIUM
SYN-M-2801,E_COMMERCE,Khulna,1687,LOW,2245.78,MEDIUM
SYN-M-2802,GROCERY,Dhaka,1015,MEDIUM,1177.24,MEDIUM
SYN-M-2803,EDUCATION,Rajshahi,1739,LOW,6073.56,HIGH
SYN-M-2804,E_COMMERCE,Dhaka,71,LOW,2366.96,MEDIUM
SYN-M-2805,GROCERY,Mymensingh,439,MEDIUM,1463.54,MEDIUM
SYN-M-2806,E_COMMERCE,Dhaka,236,HIGH,2573.99,LOW
SYN-M-2807,E_COMMERCE,Chittagong,914,LOW,2690.21,MEDIUM
SYN-M-2808,E_COMMERCE,Chittagong,2769,LOW,2261.0,LOW
SYN-M-2809,GROCERY,Chittagong,2199,LOW,1292.42,LOW
SYN-M-2810,DIGITAL_SERVICE,Dhaka,2888,MEDIUM,874.73,HIGH
SYN-M-2811,UTILITY,Chittagong,351,LOW,2095.58,LOW
SYN-M-2812,GROCERY,Bogura,426,MEDIUM,865.39,HIGH
SYN-M-2813,RESTAURANT,Dhaka,1390,LOW,588.31,LOW
SYN-M-2814,E_COMMERCE,Rangpur,524,LOW,1346.14,MEDIUM
SYN-M-2815,UTILITY,Cumilla,1052,LOW,2651.37,MEDIUM
SYN-M-2816,E_COMMERCE,Dhaka,1492,LOW,964.74,LOW
SYN-M-2817,TRAVEL,Dhaka,684,LOW,12309.81,MEDIUM
SYN-M-2818,EDUCATION,Chittagong,1406,LOW,6768.23,MEDIUM
SYN-M-2819,DIGITAL_SERVICE,Khulna,551,LOW,1404.72,MEDIUM
SYN-M-2820,GROCERY,Rajshahi,394,MEDIUM,496.36,LOW
SYN-M-2821,RESTAURANT,Dhaka,2714,LOW,1936.18,MEDIUM
SYN-M-2822,GROCERY,Dhaka,2121,LOW,200.96,HIGH
SYN-M-2823,UTILITY,Rajshahi,808,MEDIUM,1463.62,MEDIUM
SYN-M-2824,E_COMMERCE,Sylhet,2440,LOW,3939.95,HIGH
SYN-M-2825,GROCERY,Dhaka,1766,LOW,1523.15,LOW
SYN-M-2826,TRAVEL,Rajshahi,2656,LOW,8735.85,MEDIUM
SYN-M-2827,GROCERY,Dhaka,985,LOW,863.83,HIGH
SYN-M-2828,E_COMMERCE,Barishal,563,LOW,3688.46,MEDIUM
SYN-M-2829,E_COMMERCE,Dhaka,822,LOW,3667.19,HIGH
SYN-M-2830,E_COMMERCE,Chittagong,2556,LOW,3392.64,HIGH
SYN-M-2831,GROCERY,Jessore,2810,LOW,1022.63,MEDIUM
SYN-M-2832,GROCERY,Chittagong,999,LOW,603.3,LOW
SYN-M-2833,EDUCATION,Chittagong,748,LOW,9454.31,HIGH
SYN-M-2834,E_COMMERCE,Dhaka,714,MEDIUM,5426.23,MEDIUM
SYN-M-2835,UTILITY,Dhaka,1598,LOW,1436.22,LOW
SYN-M-2836,RESTAURANT,Dhaka,1881,LOW,1213.88,LOW
SYN-M-2837,RESTAURANT,Chittagong,481,LOW,450.81,HIGH
SYN-M-2838,GROCERY,Dhaka,361,LOW,1157.74,MEDIUM
SYN-M-2839,GROCERY,Chittagong,1437,MEDIUM,603.39,MEDIUM
SYN-M-2840,UTILITY,Khulna,1337,LOW,2033.67,MEDIUM
SYN-M-2841,GROCERY,Khulna,547,LOW,813.7,MEDIUM
SYN-M-2842,TRAVEL,Rajshahi,984,LOW,5624.48,HIGH
SYN-M-2843,GROCERY,Chittagong,1520,LOW,794.8,HIGH
SYN-M-2844,E_COMMERCE,Narayanganj,337,MEDIUM,3781.27,HIGH
SYN-M-2845,TRAVEL,Dhaka,808,LOW,3422.08,LOW
SYN-M-2846,GROCERY,Khulna,2524,MEDIUM,1182.1,HIGH
SYN-M-2847,GROCERY,Chittagong,266,LOW,738.45,MEDIUM
SYN-M-2848,RESTAURANT,Rajshahi,2628,LOW,645.73,MEDIUM
SYN-M-2849,DIGITAL_SERVICE,Dhaka,420,LOW,1125.71,MEDIUM
SYN-M-2850,E_COMMERCE,Chittagong,991,HIGH,3906.07,LOW
SYN-M-2851,DIGITAL_SERVICE,Dhaka,1650,LOW,633.58,LOW
SYN-M-2852,GROCERY,Narayanganj,1627,LOW,579.19,MEDIUM
SYN-M-2853,RESTAURANT,Dhaka,1254,LOW,1002.83,MEDIUM
SYN-M-2854,RESTAURANT,Dhaka,2783,LOW,1993.62,HIGH
SYN-M-2855,EDUCATION,Chittagong,2859,LOW,3627.81,MEDIUM
SYN-M-2856,E_COMMERCE,Khulna,1054,LOW,3786.24,MEDIUM
SYN-M-2857,E_COMMERCE,Dhaka,1401,HIGH,4052.35,MEDIUM
SYN-M-2858,E_COMMERCE,Gazipur,2108,HIGH,604.08,LOW
SYN-M-2859,GROCERY,Sylhet,873,LOW,925.11,HIGH
SYN-M-2860,E_COMMERCE,Cox's Bazar,412,LOW,726.39,HIGH
SYN-M-2861,RESTAURANT,Dhaka,759,LOW,967.31,MEDIUM
SYN-M-2862,UTILITY,Rajshahi,2549,LOW,3366.8,MEDIUM
SYN-M-2863,GROCERY,Dhaka,1582,LOW,1529.91,MEDIUM
SYN-M-2864,GROCERY,Khulna,928,MEDIUM,720.73,HIGH
SYN-M-2865,GROCERY,Dhaka,1126,MEDIUM,1240.64,MEDIUM
SYN-M-2866,GROCERY,Chittagong,82,LOW,1029.11,MEDIUM
SYN-M-2867,RESTAURANT,Dhaka,938,LOW,1574.41,MEDIUM
SYN-M-2868,GROCERY,Dhaka,616,MEDIUM,1277.56,MEDIUM
SYN-M-2869,UTILITY,Chittagong,2031,LOW,1900.75,MEDIUM
SYN-M-2870,E_COMMERCE,Narayanganj,2352,LOW,2946.77,MEDIUM
SYN-M-2871,UTILITY,Mymensingh,2391,LOW,3531.12,MEDIUM
SYN-M-2872,GROCERY,Mymensingh,1518,HIGH,819.95,HIGH
SYN-M-2873,EDUCATION,Sylhet,2240,MEDIUM,6271.1,LOW
SYN-M-2874,E_COMMERCE,Dhaka,642,HIGH,2541.28,MEDIUM
SYN-M-2875,E_COMMERCE,Barishal,2998,HIGH,3408.18,MEDIUM
SYN-M-2876,GROCERY,Rangpur,519,LOW,1155.07,MEDIUM
SYN-M-2877,EDUCATION,Chittagong,669,LOW,5467.6,MEDIUM
SYN-M-2878,UTILITY,Gazipur,886,LOW,4465.38,LOW
SYN-M-2879,E_COMMERCE,Sylhet,2187,LOW,2564.96,MEDIUM
SYN-M-2880,GROCERY,Chittagong,1162,LOW,1356.41,LOW
SYN-M-2881,GROCERY,Dhaka,1059,LOW,837.76,HIGH
SYN-M-2882,RESTAURANT,Rajshahi,1033,LOW,1027.15,LOW
SYN-M-2883,RESTAURANT,Gazipur,2478,LOW,2051.99,HIGH
SYN-M-2884,RESTAURANT,Dhaka,2776,MEDIUM,658.78,MEDIUM
SYN-M-2885,E_COMMERCE,Rangpur,2212,LOW,5929.77,LOW
SYN-M-2886,RESTAURANT,Chittagong,1124,LOW,583.77,HIGH
SYN-M-2887,RESTAURANT,Narayanganj,1635,LOW,738.44,MEDIUM
SYN-M-2888,RESTAURANT,Rangpur,261,LOW,2644.07,MEDIUM
SYN-M-2889,GROCERY,Dhaka,2203,LOW,1386.67,MEDIUM
SYN-M-2890,UTILITY,Sylhet,2642,LOW,2282.65,MEDIUM
SYN-M-2891,DIGITAL_SERVICE,Dhaka,801,LOW,260.73,MEDIUM
SYN-M-2892,TRAVEL,Cox's Bazar,1591,LOW,16479.11,MEDIUM
SYN-M-2893,E_COMMERCE,Sylhet,2976,LOW,401.0,MEDIUM
SYN-M-2894,GROCERY,Dhaka,1494,LOW,462.95,MEDIUM
SYN-M-2895,GROCERY,Narayanganj,2700,LOW,469.45,LOW
SYN-M-2896,RESTAURANT,Dhaka,1750,LOW,1975.96,HIGH
SYN-M-2897,EDUCATION,Cumilla,1117,LOW,5941.37,MEDIUM
SYN-M-2898,E_COMMERCE,Rangpur,189,MEDIUM,4793.99,MEDIUM
SYN-M-2899,GROCERY,Chittagong,1467,HIGH,496.76,LOW
SYN-M-2900,GROCERY,Dhaka,1069,LOW,698.02,MEDIUM
SYN-M-2901,E_COMMERCE,Chittagong,2562,LOW,2477.53,MEDIUM
SYN-M-2902,RESTAURANT,Dhaka,1037,LOW,1462.14,LOW
SYN-M-2903,TRAVEL,Dhaka,1649,LOW,11798.05,MEDIUM
SYN-M-2904,GROCERY,Dhaka,542,LOW,528.53,MEDIUM
SYN-M-2905,RESTAURANT,Gazipur,2862,MEDIUM,1469.53,HIGH
SYN-M-2906,E_COMMERCE,Chittagong,2344,LOW,1832.1,HIGH
SYN-M-2907,GROCERY,Dhaka,1467,LOW,741.75,MEDIUM
SYN-M-2908,E_COMMERCE,Dhaka,822,LOW,1846.94,LOW
SYN-M-2909,RESTAURANT,Khulna,1344,LOW,433.16,MEDIUM
SYN-M-2910,TRAVEL,Khulna,1555,LOW,6701.57,MEDIUM
SYN-M-2911,E_COMMERCE,Gazipur,1938,LOW,4734.32,HIGH
SYN-M-2912,RESTAURANT,Rajshahi,810,MEDIUM,1562.29,HIGH
SYN-M-2913,GROCERY,Dhaka,2194,MEDIUM,972.68,LOW
SYN-M-2914,TRAVEL,Dhaka,1855,LOW,7970.36,MEDIUM
SYN-M-2915,E_COMMERCE,Rajshahi,2402,LOW,2627.08,MEDIUM
SYN-M-2916,TRAVEL,Barishal,1964,LOW,8087.2,HIGH
SYN-M-2917,RESTAURANT,Chittagong,1612,LOW,631.11,MEDIUM
SYN-M-2918,E_COMMERCE,Jessore,809,LOW,3360.82,HIGH
SYN-M-2919,E_COMMERCE,Rangpur,828,LOW,3731.23,HIGH
SYN-M-2920,TRAVEL,Dhaka,1257,LOW,6179.19,MEDIUM
SYN-M-2921,GROCERY,Sylhet,2711,LOW,922.73,HIGH
SYN-M-2922,EDUCATION,Dhaka,2176,LOW,4397.18,MEDIUM
SYN-M-2923,E_COMMERCE,Sylhet,366,LOW,637.12,HIGH
SYN-M-2924,GROCERY,Gazipur,916,LOW,841.14,MEDIUM
SYN-M-2925,RESTAURANT,Bogura,60,LOW,326.04,HIGH
SYN-M-2926,EDUCATION,Rajshahi,910,LOW,7941.06,MEDIUM
SYN-M-2927,RESTAURANT,Rajshahi,2408,LOW,989.3,HIGH
SYN-M-2928,E_COMMERCE,Chittagong,1810,LOW,4111.21,HIGH
SYN-M-2929,EDUCATION,Rajshahi,1262,LOW,4000.37,MEDIUM
SYN-M-2930,GROCERY,Dhaka,2660,LOW,1119.5,MEDIUM
SYN-M-2931,RESTAURANT,Dhaka,2228,LOW,978.82,HIGH
SYN-M-2932,GROCERY,Dhaka,1077,MEDIUM,1060.9,LOW
SYN-M-2933,E_COMMERCE,Cumilla,1542,LOW,3214.29,MEDIUM
SYN-M-2934,UTILITY,Barishal,1113,MEDIUM,2354.45,MEDIUM
SYN-M-2935,GROCERY,Dhaka,425,LOW,1133.86,MEDIUM
SYN-M-2936,UTILITY,Cumilla,1939,LOW,1981.42,MEDIUM
SYN-M-2937,DIGITAL_SERVICE,Gazipur,1189,LOW,1704.02,LOW
SYN-M-2938,GROCERY,Dhaka,1280,LOW,634.92,MEDIUM
SYN-M-2939,GROCERY,Chittagong,2005,LOW,705.97,HIGH
SYN-M-2940,GROCERY,Barishal,1645,LOW,297.08,MEDIUM
SYN-M-2941,GROCERY,Jessore,2763,MEDIUM,1250.17,LOW
SYN-M-2942,GROCERY,Dhaka,1954,LOW,1270.32,LOW
SYN-M-2943,GROCERY,Chittagong,1771,LOW,620.51,MEDIUM
SYN-M-2944,RESTAURANT,Chittagong,694,MEDIUM,1369.69,MEDIUM
SYN-M-2945,UTILITY,Dhaka,2940,MEDIUM,2223.05,MEDIUM
SYN-M-2946,RESTAURANT,Chittagong,2006,LOW,1443.2,HIGH
SYN-M-2947,GROCERY,Barishal,1028,LOW,1203.22,MEDIUM
SYN-M-2948,EDUCATION,Khulna,686,LOW,5619.98,MEDIUM
SYN-M-2949,GROCERY,Gazipur,412,LOW,1198.07,LOW
SYN-M-2950,E_COMMERCE,Chittagong,1495,LOW,2598.17,HIGH
SYN-M-2951,RESTAURANT,Dhaka,959,LOW,1282.48,HIGH
SYN-M-2952,RESTAURANT,Dhaka,1804,LOW,1880.89,HIGH
SYN-M-2953,GROCERY,Chittagong,556,HIGH,840.06,LOW
SYN-M-2954,GROCERY,Barishal,489,LOW,1438.77,MEDIUM
SYN-M-2955,RESTAURANT,Chittagong,415,LOW,494.59,HIGH
SYN-M-2956,EDUCATION,Khulna,1842,LOW,1365.53,LOW
SYN-M-2957,RESTAURANT,Chittagong,2497,LOW,1300.48,MEDIUM
SYN-M-2958,E_COMMERCE,Mymensingh,1185,LOW,2537.49,MEDIUM
SYN-M-2959,E_COMMERCE,Dhaka,2056,LOW,3064.86,MEDIUM
SYN-M-2960,E_COMMERCE,Chittagong,2243,LOW,1805.09,MEDIUM
SYN-M-2961,E_COMMERCE,Khulna,1564,HIGH,6599.19,LOW
SYN-M-2962,E_COMMERCE,Dhaka,2022,LOW,830.25,HIGH
SYN-M-2963,GROCERY,Sylhet,891,MEDIUM,816.18,HIGH
SYN-M-2964,UTILITY,Bogura,308,MEDIUM,2575.33,MEDIUM
SYN-M-2965,GROCERY,Dhaka,471,LOW,1066.23,LOW
SYN-M-2966,GROCERY,Barishal,999,LOW,966.96,HIGH
SYN-M-2967,GROCERY,Barishal,1949,LOW,1145.89,LOW
SYN-M-2968,GROCERY,Sylhet,2925,LOW,1179.68,MEDIUM
SYN-M-2969,EDUCATION,Chittagong,1326,MEDIUM,8997.26,MEDIUM
SYN-M-2970,GROCERY,Gazipur,2355,LOW,699.32,MEDIUM
SYN-M-2971,GROCERY,Dhaka,342,MEDIUM,1026.38,MEDIUM
SYN-M-2972,UTILITY,Dhaka,1356,LOW,1067.74,MEDIUM
SYN-M-2973,GROCERY,Rangpur,523,LOW,457.13,MEDIUM
SYN-M-2974,GROCERY,Dhaka,717,LOW,881.34,HIGH
SYN-M-2975,GROCERY,Barishal,2282,LOW,646.74,HIGH
SYN-M-2976,UTILITY,Chittagong,1278,LOW,2193.45,MEDIUM
SYN-M-2977,E_COMMERCE,Dhaka,2776,MEDIUM,2321.91,MEDIUM
SYN-M-2978,RESTAURANT,Chittagong,2741,MEDIUM,1158.51,MEDIUM
SYN-M-2979,UTILITY,Dhaka,1909,MEDIUM,1185.75,MEDIUM
SYN-M-2980,RESTAURANT,Chittagong,2782,MEDIUM,915.08,MEDIUM
SYN-M-2981,E_COMMERCE,Sylhet,2487,HIGH,2805.91,LOW
SYN-M-2982,UTILITY,Mymensingh,2843,MEDIUM,1114.74,LOW
SYN-M-2983,E_COMMERCE,Dhaka,2895,LOW,3731.38,MEDIUM
SYN-M-2984,RESTAURANT,Sylhet,1758,LOW,953.84,MEDIUM
SYN-M-2985,EDUCATION,Mymensingh,2363,LOW,7978.99,MEDIUM
SYN-M-2986,RESTAURANT,Sylhet,1685,LOW,974.78,MEDIUM
SYN-M-2987,GROCERY,Dhaka,2952,LOW,783.51,LOW
SYN-M-2988,E_COMMERCE,Sylhet,2413,LOW,4870.57,MEDIUM
SYN-M-2989,E_COMMERCE,Rajshahi,1127,LOW,5333.32,MEDIUM
SYN-M-2990,RESTAURANT,Dhaka,1340,LOW,1272.57,HIGH
SYN-M-2991,GROCERY,Rajshahi,2627,LOW,775.39,MEDIUM
SYN-M-2992,E_COMMERCE,Chittagong,218,MEDIUM,2209.3,MEDIUM
SYN-M-2993,GROCERY,Rangpur,385,LOW,564.92,MEDIUM
SYN-M-2994,RESTAURANT,Dhaka,1005,LOW,1299.63,MEDIUM
SYN-M-2995,EDUCATION,Chittagong,2423,LOW,5407.54,MEDIUM
SYN-M-2996,UTILITY,Sylhet,270,LOW,2812.24,MEDIUM
SYN-M-2997,RESTAURANT,Narayanganj,2361,LOW,1950.29,MEDIUM
SYN-M-2998,RESTAURANT,Sylhet,1935,LOW,783.37,HIGH
SYN-M-2999,UTILITY,Rajshahi,2603,LOW,2300.48,MEDIUM
SYN-M-3000,UTILITY,Gazipur,2153,LOW,2800.42,MEDIUM
