repayment_id,customer_id,loan_id,loan_amount,installment_amount,due_date,payment_date,days_late,repaid_amount,default_flag
SYN-REP-10001,SYN-U-12786,SYN-LN-5001,25000.0,6250.0,2026-06-29,2026-06-29,0,6250.0,0
SYN-REP-10002,SYN-U-15465,SYN-LN-5002,40000.0,10000.0,2026-03-18,2026-03-22,4,10000.0,0
SYN-REP-10003,SYN-U-14096,SYN-LN-5003,40000.0,10000.0,2025-10-18,2025-10-18,0,10000.0,0
SYN-REP-10004,SYN-U-11368,SYN-LN-5004,15000.0,3750.0,2025-11-06,2025-11-06,0,3750.0,0
SYN-REP-10005,SYN-U-17314,SYN-LN-5005,15000.0,3750.0,2025-10-14,2025-11-19,36,3750.0,0
SYN-REP-10006,SYN-U-18368,SYN-LN-5006,25000.0,6250.0,2025-06-23,2025-06-23,0,6250.0,0
SYN-REP-10007,SYN-U-12749,SYN-LN-5007,40000.0,10000.0,2026-05-30,2026-05-30,0,10000.0,0
SYN-REP-10008,SYN-U-19616,SYN-LN-5008,15000.0,3750.0,2026-04-14,2026-04-18,4,3750.0,0
SYN-REP-10009,SYN-U-11780,SYN-LN-5009,5000.0,1250.0,2026-02-20,2026-02-20,0,1250.0,0
SYN-REP-10010,SYN-U-12896,SYN-LN-5010,15000.0,3750.0,2026-04-19,2026-04-19,0,3750.0,0
SYN-REP-10011,SYN-U-12111,SYN-LN-5011,15000.0,3750.0,2025-06-14,2025-06-14,0,3750.0,0
SYN-REP-10012,SYN-U-12777,SYN-LN-5012,15000.0,3750.0,2025-08-08,2025-08-11,3,3750.0,0
SYN-REP-10013,SYN-U-14443,SYN-LN-5013,5000.0,1250.0,2026-05-03,2026-05-03,0,1250.0,0
SYN-REP-10014,SYN-U-10643,SYN-LN-5014,15000.0,3750.0,2025-06-28,2025-06-28,0,3750.0,0
SYN-REP-10015,SYN-U-10281,SYN-LN-5015,10000.0,2500.0,2025-11-03,2025-11-03,0,2500.0,0
SYN-REP-10016,SYN-U-16981,SYN-LN-5016,5000.0,1250.0,2026-05-08,2026-05-08,0,1250.0,0
SYN-REP-10017,SYN-U-13328,SYN-LN-5017,10000.0,2500.0,2025-08-25,2025-08-25,0,2500.0,0
SYN-REP-10018,SYN-U-18271,SYN-LN-5018,15000.0,3750.0,2025-09-09,2025-09-09,0,3750.0,0
SYN-REP-10019,SYN-U-11637,SYN-LN-5019,25000.0,6250.0,2025-11-03,2025-11-03,0,6250.0,0
SYN-REP-10020,SYN-U-11969,SYN-LN-5020,40000.0,10000.0,2025-10-04,2025-10-04,0,10000.0,0
SYN-REP-10021,SYN-U-19414,SYN-LN-5021,40000.0,10000.0,2026-04-04,2026-04-04,0,10000.0,0
SYN-REP-10022,SYN-U-11486,SYN-LN-5022,10000.0,2500.0,2026-04-09,2026-04-09,0,2500.0,0
SYN-REP-10023,SYN-U-17508,SYN-LN-5023,25000.0,6250.0,2025-07-18,2025-07-18,0,6250.0,0
SYN-REP-10024,SYN-U-10829,SYN-LN-5024,5000.0,1250.0,2025-06-04,2025-06-04,0,1250.0,0
SYN-REP-10025,SYN-U-13315,SYN-LN-5025,5000.0,1250.0,2025-12-06,2025-12-06,0,1250.0,0
SYN-REP-10026,SYN-U-17908,SYN-LN-5026,10000.0,2500.0,2026-08-06,2026-08-06,0,2500.0,0
SYN-REP-10027,SYN-U-16263,SYN-LN-5027,15000.0,3750.0,2025-08-27,2025-08-27,0,3750.0,0
SYN-REP-10028,SYN-U-10211,SYN-LN-5028,15000.0,3750.0,2026-03-18,2026-03-18,0,3750.0,0
SYN-REP-10029,SYN-U-18194,SYN-LN-5029,25000.0,6250.0,2025-06-19,2025-06-19,0,6250.0,0
SYN-REP-10030,SYN-U-16484,SYN-LN-5030,40000.0,10000.0,2026-04-11,2026-04-11,0,10000.0,0
SYN-REP-10031,SYN-U-17417,SYN-LN-5031,25000.0,6250.0,2026-08-16,2026-08-17,1,6250.0,0
SYN-REP-10032,SYN-U-17478,SYN-LN-5032,40000.0,10000.0,2025-12-04,2025-12-04,0,10000.0,0
SYN-REP-10033,SYN-U-16442,SYN-LN-5033,5000.0,1250.0,2025-09-06,2025-09-10,4,1250.0,0
SYN-REP-10034,SYN-U-16147,SYN-LN-5034,40000.0,10000.0,2026-08-14,2026-08-14,0,10000.0,0
SYN-REP-10035,SYN-U-11018,SYN-LN-5035,25000.0,6250.0,2026-05-12,2026-05-12,0,6250.0,0
SYN-REP-10036,SYN-U-17809,SYN-LN-5036,10000.0,2500.0,2025-10-31,2025-10-31,0,2500.0,0
SYN-REP-10037,SYN-U-10161,SYN-LN-5037,25000.0,6250.0,2026-07-22,2026-07-22,0,6250.0,0
SYN-REP-10038,SYN-U-11593,SYN-LN-5038,5000.0,1250.0,2025-09-27,2025-10-01,4,1250.0,0
SYN-REP-10039,SYN-U-10494,SYN-LN-5039,10000.0,2500.0,2025-06-16,2025-06-16,0,2500.0,0
SYN-REP-10040,SYN-U-19219,SYN-LN-5040,40000.0,10000.0,2026-03-12,2026-03-12,0,10000.0,0
SYN-REP-10041,SYN-U-14790,SYN-LN-5041,10000.0,2500.0,2026-01-13,2026-01-13,0,2500.0,0
SYN-REP-10042,SYN-U-12668,SYN-LN-5042,15000.0,3750.0,2026-01-05,2026-01-07,2,3750.0,0
SYN-REP-10043,SYN-U-18857,SYN-LN-5043,25000.0,6250.0,2025-10-10,2025-10-11,1,6250.0,0
SYN-REP-10044,SYN-U-19207,SYN-LN-5044,15000.0,3750.0,2026-07-13,2026-07-13,0,3750.0,0
SYN-REP-10045,SYN-U-18707,SYN-LN-5045,25000.0,6250.0,2026-03-04,2026-03-04,0,6250.0,0
SYN-REP-10046,SYN-U-14373,SYN-LN-5046,10000.0,2500.0,2025-06-30,2025-07-19,19,2500.0,0
SYN-REP-10047,SYN-U-19433,SYN-LN-5047,25000.0,6250.0,2025-10-04,2025-10-08,4,6250.0,0
SYN-REP-10048,SYN-U-17064,SYN-LN-5048,25000.0,6250.0,2025-06-06,2025-07-01,25,6250.0,0
SYN-REP-10049,SYN-U-10900,SYN-LN-5049,25000.0,6250.0,2025-07-27,2025-07-27,0,6250.0,0
SYN-REP-10050,SYN-U-13484,SYN-LN-5050,40000.0,10000.0,2025-06-04,2025-06-04,0,10000.0,0
SYN-REP-10051,SYN-U-16490,SYN-LN-5051,5000.0,1250.0,2025-07-19,2025-07-19,0,1250.0,0
SYN-REP-10052,SYN-U-18268,SYN-LN-5052,15000.0,3750.0,2026-02-08,2026-02-08,0,3750.0,0
SYN-REP-10053,SYN-U-13399,SYN-LN-5053,15000.0,3750.0,2026-01-28,2026-01-31,3,3750.0,0
SYN-REP-10054,SYN-U-12728,SYN-LN-5054,25000.0,6250.0,2026-05-18,2026-05-18,0,6250.0,0
SYN-REP-10055,SYN-U-19681,SYN-LN-5055,10000.0,2500.0,2026-01-27,2026-01-27,0,2500.0,0
SYN-REP-10056,SYN-U-14398,SYN-LN-5056,15000.0,3750.0,2025-06-21,2025-06-21,0,3750.0,0
SYN-REP-10057,SYN-U-16857,SYN-LN-5057,10000.0,2500.0,2025-06-02,2025-06-02,0,2500.0,0
SYN-REP-10058,SYN-U-14377,SYN-LN-5058,25000.0,6250.0,2025-09-19,2025-09-19,0,6250.0,0
SYN-REP-10059,SYN-U-12023,SYN-LN-5059,40000.0,10000.0,2026-06-25,2026-06-25,0,10000.0,0
SYN-REP-10060,SYN-U-12715,SYN-LN-5060,25000.0,6250.0,2026-07-06,2026-07-06,0,6250.0,0
SYN-REP-10061,SYN-U-16397,SYN-LN-5061,10000.0,2500.0,2026-06-01,2026-06-01,0,2500.0,0
SYN-REP-10062,SYN-U-11606,SYN-LN-5062,10000.0,2500.0,2026-04-10,2026-04-10,0,2500.0,0
SYN-REP-10063,SYN-U-18609,SYN-LN-5063,15000.0,3750.0,2025-12-01,2025-12-01,0,3750.0,0
SYN-REP-10064,SYN-U-10511,SYN-LN-5064,25000.0,6250.0,2026-03-04,2026-03-04,0,6250.0,0
SYN-REP-10065,SYN-U-17988,SYN-LN-5065,40000.0,10000.0,2025-08-27,2025-08-27,0,10000.0,0
SYN-REP-10066,SYN-U-16121,SYN-LN-5066,40000.0,10000.0,2025-10-01,2025-10-01,0,10000.0,0
SYN-REP-10067,SYN-U-19643,SYN-LN-5067,10000.0,2500.0,2025-09-07,2025-09-11,4,2500.0,0
SYN-REP-10068,SYN-U-12362,SYN-LN-5068,15000.0,3750.0,2025-10-20,2025-10-20,0,3750.0,0
SYN-REP-10069,SYN-U-10015,SYN-LN-5069,5000.0,1250.0,2025-12-20,2025-12-20,0,1250.0,0
SYN-REP-10070,SYN-U-12269,SYN-LN-5070,10000.0,2500.0,2026-08-14,2026-08-14,0,2500.0,0
SYN-REP-10071,SYN-U-14795,SYN-LN-5071,10000.0,2500.0,2026-08-24,2026-08-24,0,2500.0,0
SYN-REP-10072,SYN-U-11838,SYN-LN-5072,40000.0,10000.0,2025-12-19,2025-12-20,1,10000.0,0
SYN-REP-10073,SYN-U-13057,SYN-LN-5073,40000.0,10000.0,2025-11-22,2025-11-22,0,10000.0,0
SYN-REP-10074,SYN-U-16301,SYN-LN-5074,5000.0,1250.0,2025-06-06,2025-06-06,0,1250.0,0
SYN-REP-10075,SYN-U-19495,SYN-LN-5075,25000.0,6250.0,2025-10-28,2025-10-28,0,6250.0,0
SYN-REP-10076,SYN-U-13305,SYN-LN-5076,5000.0,1250.0,2025-06-10,2025-06-11,1,1250.0,0
SYN-REP-10077,SYN-U-18096,SYN-LN-5077,5000.0,1250.0,2025-11-06,2025-11-06,0,1250.0,0
SYN-REP-10078,SYN-U-17617,SYN-LN-5078,25000.0,6250.0,2026-02-19,2026-02-19,0,6250.0,0
SYN-REP-10079,SYN-U-14262,SYN-LN-5079,15000.0,3750.0,2025-09-22,2025-09-22,0,3750.0,0
SYN-REP-10080,SYN-U-10736,SYN-LN-5080,10000.0,2500.0,2025-08-11,2025-08-11,0,2500.0,0
SYN-REP-10081,SYN-U-10151,SYN-LN-5081,40000.0,10000.0,2026-07-29,2026-07-29,0,10000.0,0
SYN-REP-10082,SYN-U-13197,SYN-LN-5082,10000.0,2500.0,2025-07-27,2025-07-27,0,2500.0,0
SYN-REP-10083,SYN-U-10711,SYN-LN-5083,10000.0,2500.0,2025-11-21,2025-12-24,33,2500.0,0
SYN-REP-10084,SYN-U-16387,SYN-LN-5084,10000.0,2500.0,2026-03-02,2026-03-02,0,2500.0,0
SYN-REP-10085,SYN-U-11459,SYN-LN-5085,40000.0,10000.0,2025-06-18,2025-06-18,0,10000.0,0
SYN-REP-10086,SYN-U-17566,SYN-LN-5086,25000.0,6250.0,2026-01-23,2026-01-23,0,6250.0,0
SYN-REP-10087,SYN-U-18064,SYN-LN-5087,40000.0,10000.0,2026-07-10,2026-07-12,2,10000.0,0
SYN-REP-10088,SYN-U-13398,SYN-LN-5088,40000.0,10000.0,2026-06-19,2026-06-19,0,10000.0,0
SYN-REP-10089,SYN-U-13584,SYN-LN-5089,5000.0,1250.0,2025-09-27,2025-09-27,0,1250.0,0
SYN-REP-10090,SYN-U-15255,SYN-LN-5090,15000.0,3750.0,2025-08-16,2025-08-16,0,3750.0,0
SYN-REP-10091,SYN-U-10011,SYN-LN-5091,10000.0,2500.0,2025-08-04,2025-08-04,0,2500.0,0
SYN-REP-10092,SYN-U-13836,SYN-LN-5092,40000.0,10000.0,2026-03-04,2026-03-04,0,10000.0,0
SYN-REP-10093,SYN-U-10478,SYN-LN-5093,15000.0,3750.0,2025-08-01,2025-08-01,0,3750.0,0
SYN-REP-10094,SYN-U-16217,SYN-LN-5094,15000.0,3750.0,2026-06-11,2026-06-11,0,3750.0,0
SYN-REP-10095,SYN-U-19276,SYN-LN-5095,5000.0,1250.0,2025-09-24,2025-09-25,1,1250.0,0
SYN-REP-10096,SYN-U-18845,SYN-LN-5096,25000.0,6250.0,2026-07-11,2026-07-11,0,6250.0,0
SYN-REP-10097,SYN-U-12530,SYN-LN-5097,15000.0,3750.0,2026-01-29,2026-01-29,0,3750.0,0
SYN-REP-10098,SYN-U-14260,SYN-LN-5098,15000.0,3750.0,2026-07-26,2026-07-26,0,3750.0,0
SYN-REP-10099,SYN-U-13820,SYN-LN-5099,40000.0,10000.0,2025-09-30,2025-09-30,0,10000.0,0
SYN-REP-10100,SYN-U-16956,SYN-LN-5100,5000.0,1250.0,2026-06-15,2026-06-15,0,1250.0,0
SYN-REP-10101,SYN-U-10236,SYN-LN-5101,25000.0,6250.0,2025-06-25,2025-06-25,0,6250.0,0
SYN-REP-10102,SYN-U-11384,SYN-LN-5102,15000.0,3750.0,2025-08-14,2025-08-14,0,3750.0,0
SYN-REP-10103,SYN-U-13936,SYN-LN-5103,15000.0,3750.0,2026-04-26,2026-04-26,0,3750.0,0
SYN-REP-10104,SYN-U-19746,SYN-LN-5104,15000.0,3750.0,2025-10-04,2025-10-04,0,3750.0,0
SYN-REP-10105,SYN-U-12310,SYN-LN-5105,25000.0,6250.0,2026-03-23,2026-03-23,0,6250.0,0
SYN-REP-10106,SYN-U-12884,SYN-LN-5106,15000.0,3750.0,2025-11-07,2025-11-07,0,3750.0,0
SYN-REP-10107,SYN-U-16553,SYN-LN-5107,40000.0,10000.0,2026-02-10,2026-02-10,0,10000.0,0
SYN-REP-10108,SYN-U-11405,SYN-LN-5108,15000.0,3750.0,2026-06-27,2026-06-27,0,3750.0,0
SYN-REP-10109,SYN-U-12089,SYN-LN-5109,15000.0,3750.0,2026-07-19,2026-07-21,2,3750.0,0
SYN-REP-10110,SYN-U-10731,SYN-LN-5110,15000.0,3750.0,2025-12-24,2025-12-24,0,3750.0,0
SYN-REP-10111,SYN-U-18420,SYN-LN-5111,40000.0,10000.0,2026-08-14,2026-08-14,0,10000.0,0
SYN-REP-10112,SYN-U-14888,SYN-LN-5112,5000.0,1250.0,2025-06-17,2025-06-17,0,1250.0,0
SYN-REP-10113,SYN-U-12794,SYN-LN-5113,10000.0,2500.0,2026-06-11,2026-06-11,0,2500.0,0
SYN-REP-10114,SYN-U-14333,SYN-LN-5114,5000.0,1250.0,2025-08-23,2025-08-25,2,1250.0,0
SYN-REP-10115,SYN-U-14577,SYN-LN-5115,5000.0,1250.0,2026-08-10,2026-08-10,0,1250.0,0
SYN-REP-10116,SYN-U-19076,SYN-LN-5116,5000.0,1250.0,2025-09-08,2025-09-12,4,1250.0,0
SYN-REP-10117,SYN-U-17546,SYN-LN-5117,40000.0,10000.0,2025-06-05,2025-06-05,0,10000.0,0
SYN-REP-10118,SYN-U-11195,SYN-LN-5118,25000.0,6250.0,2026-06-07,2026-06-07,0,6250.0,0
SYN-REP-10119,SYN-U-11897,SYN-LN-5119,25000.0,6250.0,2026-08-22,2026-08-22,0,6250.0,0
SYN-REP-10120,SYN-U-11637,SYN-LN-5120,10000.0,2500.0,2025-08-21,2025-08-22,1,2500.0,0
SYN-REP-10121,SYN-U-18439,SYN-LN-5121,40000.0,10000.0,2025-07-13,2025-07-13,0,10000.0,0
SYN-REP-10122,SYN-U-17565,SYN-LN-5122,5000.0,1250.0,2025-09-23,2025-09-23,0,1250.0,0
SYN-REP-10123,SYN-U-13252,SYN-LN-5123,10000.0,2500.0,2025-08-23,2025-08-23,0,2500.0,0
SYN-REP-10124,SYN-U-19514,SYN-LN-5124,40000.0,10000.0,2025-09-19,2025-09-19,0,10000.0,0
SYN-REP-10125,SYN-U-19282,SYN-LN-5125,25000.0,6250.0,2025-12-13,,76,1797.85,1
SYN-REP-10126,SYN-U-14753,SYN-LN-5126,10000.0,2500.0,2025-08-21,2025-08-21,0,2500.0,0
SYN-REP-10127,SYN-U-18040,SYN-LN-5127,40000.0,10000.0,2026-04-15,2026-04-15,0,10000.0,0
SYN-REP-10128,SYN-U-18594,SYN-LN-5128,10000.0,2500.0,2025-12-06,2025-12-06,0,2500.0,0
SYN-REP-10129,SYN-U-10126,SYN-LN-5129,25000.0,6250.0,2026-06-08,2026-06-08,0,6250.0,0
SYN-REP-10130,SYN-U-16494,SYN-LN-5130,5000.0,1250.0,2026-05-10,2026-05-10,0,1250.0,0
SYN-REP-10131,SYN-U-14075,SYN-LN-5131,25000.0,6250.0,2025-08-16,2025-08-16,0,6250.0,0
SYN-REP-10132,SYN-U-16233,SYN-LN-5132,5000.0,1250.0,2025-11-27,2025-11-27,0,1250.0,0
SYN-REP-10133,SYN-U-18459,SYN-LN-5133,10000.0,2500.0,2025-11-22,2025-11-24,2,2500.0,0
SYN-REP-10134,SYN-U-14920,SYN-LN-5134,5000.0,1250.0,2026-08-16,2026-09-30,45,1250.0,0
SYN-REP-10135,SYN-U-12817,SYN-LN-5135,15000.0,3750.0,2025-11-16,2025-11-16,0,3750.0,0
SYN-REP-10136,SYN-U-14136,SYN-LN-5136,10000.0,2500.0,2026-06-12,2026-06-12,0,2500.0,0
SYN-REP-10137,SYN-U-17281,SYN-LN-5137,10000.0,2500.0,2025-09-16,2025-09-16,0,2500.0,0
SYN-REP-10138,SYN-U-13545,SYN-LN-5138,10000.0,2500.0,2026-04-30,2026-04-30,0,2500.0,0
SYN-REP-10139,SYN-U-10761,SYN-LN-5139,40000.0,10000.0,2025-08-17,2025-08-17,0,10000.0,0
SYN-REP-10140,SYN-U-18472,SYN-LN-5140,10000.0,2500.0,2026-08-24,2026-08-24,0,2500.0,0
SYN-REP-10141,SYN-U-14159,SYN-LN-5141,15000.0,3750.0,2026-07-23,,61,505.35,1
SYN-REP-10142,SYN-U-11652,SYN-LN-5142,15000.0,3750.0,2025-06-04,2025-06-04,0,3750.0,0
SYN-REP-10143,SYN-U-17094,SYN-LN-5143,15000.0,3750.0,2025-12-06,2025-12-06,0,3750.0,0
SYN-REP-10144,SYN-U-12967,SYN-LN-5144,15000.0,3750.0,2026-01-22,2026-01-22,0,3750.0,0
SYN-REP-10145,SYN-U-18257,SYN-LN-5145,25000.0,6250.0,2026-06-18,2026-06-18,0,6250.0,0
SYN-REP-10146,SYN-U-17987,SYN-LN-5146,10000.0,2500.0,2026-04-02,2026-04-02,0,2500.0,0
SYN-REP-10147,SYN-U-13351,SYN-LN-5147,10000.0,2500.0,2026-06-09,2026-06-09,0,2500.0,0
SYN-REP-10148,SYN-U-14646,SYN-LN-5148,5000.0,1250.0,2025-06-14,2025-06-14,0,1250.0,0
SYN-REP-10149,SYN-U-17280,SYN-LN-5149,25000.0,6250.0,2026-07-27,2026-07-27,0,6250.0,0
SYN-REP-10150,SYN-U-19005,SYN-LN-5150,5000.0,1250.0,2026-03-30,2026-03-30,0,1250.0,0
SYN-REP-10151,SYN-U-16616,SYN-LN-5151,40000.0,10000.0,2025-06-21,2025-06-21,0,10000.0,0
SYN-REP-10152,SYN-U-14453,SYN-LN-5152,15000.0,3750.0,2026-04-17,2026-04-17,0,3750.0,0
SYN-REP-10153,SYN-U-10967,SYN-LN-5153,5000.0,1250.0,2025-07-09,2025-07-09,0,1250.0,0
SYN-REP-10154,SYN-U-12175,SYN-LN-5154,25000.0,6250.0,2026-01-13,2026-01-13,0,6250.0,0
SYN-REP-10155,SYN-U-11895,SYN-LN-5155,40000.0,10000.0,2025-07-30,2025-07-30,0,10000.0,0
SYN-REP-10156,SYN-U-15351,SYN-LN-5156,25000.0,6250.0,2026-06-19,2026-06-19,0,6250.0,0
SYN-REP-10157,SYN-U-14704,SYN-LN-5157,15000.0,3750.0,2026-06-30,2026-06-30,0,3750.0,0
SYN-REP-10158,SYN-U-18325,SYN-LN-5158,25000.0,6250.0,2026-05-02,2026-05-02,0,6250.0,0
SYN-REP-10159,SYN-U-13450,SYN-LN-5159,5000.0,1250.0,2025-09-22,2025-09-25,3,1250.0,0
SYN-REP-10160,SYN-U-11833,SYN-LN-5160,10000.0,2500.0,2026-01-08,2026-01-08,0,2500.0,0
SYN-REP-10161,SYN-U-19044,SYN-LN-5161,5000.0,1250.0,2026-05-24,2026-05-24,0,1250.0,0
SYN-REP-10162,SYN-U-12608,SYN-LN-5162,10000.0,2500.0,2026-07-18,2026-07-18,0,2500.0,0
SYN-REP-10163,SYN-U-19414,SYN-LN-5163,10000.0,2500.0,2026-04-13,2026-04-13,0,2500.0,0
SYN-REP-10164,SYN-U-11005,SYN-LN-5164,25000.0,6250.0,2025-08-19,2025-08-19,0,6250.0,0
SYN-REP-10165,SYN-U-14890,SYN-LN-5165,10000.0,2500.0,2025-08-01,2025-08-01,0,2500.0,0
SYN-REP-10166,SYN-U-13457,SYN-LN-5166,10000.0,2500.0,2026-04-18,2026-04-18,0,2500.0,0
SYN-REP-10167,SYN-U-13383,SYN-LN-5167,5000.0,1250.0,2025-08-31,2025-08-31,0,1250.0,0
SYN-REP-10168,SYN-U-19483,SYN-LN-5168,10000.0,2500.0,2026-03-25,2026-03-25,0,2500.0,0
SYN-REP-10169,SYN-U-16694,SYN-LN-5169,5000.0,1250.0,2025-09-24,2025-09-24,0,1250.0,0
SYN-REP-10170,SYN-U-12769,SYN-LN-5170,40000.0,10000.0,2025-12-03,2025-12-03,0,10000.0,0
SYN-REP-10171,SYN-U-11947,SYN-LN-5171,25000.0,6250.0,2025-12-07,2025-12-07,0,6250.0,0
SYN-REP-10172,SYN-U-11557,SYN-LN-5172,25000.0,6250.0,2025-11-15,2025-11-15,0,6250.0,0
SYN-REP-10173,SYN-U-10066,SYN-LN-5173,15000.0,3750.0,2026-03-10,2026-03-10,0,3750.0,0
SYN-REP-10174,SYN-U-14007,SYN-LN-5174,25000.0,6250.0,2025-10-09,2025-10-09,0,6250.0,0
SYN-REP-10175,SYN-U-17467,SYN-LN-5175,40000.0,10000.0,2026-03-03,2026-03-03,0,10000.0,0
SYN-REP-10176,SYN-U-18989,SYN-LN-5176,40000.0,10000.0,2026-05-30,2026-05-30,0,10000.0,0
SYN-REP-10177,SYN-U-14592,SYN-LN-5177,5000.0,1250.0,2025-09-20,2025-09-20,0,1250.0,0
SYN-REP-10178,SYN-U-13524,SYN-LN-5178,5000.0,1250.0,2026-05-24,2026-05-24,0,1250.0,0
SYN-REP-10179,SYN-U-13625,SYN-LN-5179,40000.0,10000.0,2026-07-02,2026-07-02,0,10000.0,0
SYN-REP-10180,SYN-U-11959,SYN-LN-5180,10000.0,2500.0,2025-11-20,2025-11-20,0,2500.0,0
SYN-REP-10181,SYN-U-16993,SYN-LN-5181,10000.0,2500.0,2025-10-24,2025-10-27,3,2500.0,0
SYN-REP-10182,SYN-U-19344,SYN-LN-5182,40000.0,10000.0,2026-06-06,2026-06-06,0,10000.0,0
SYN-REP-10183,SYN-U-10511,SYN-LN-5183,25000.0,6250.0,2025-08-31,2025-08-31,0,6250.0,0
SYN-REP-10184,SYN-U-11466,SYN-LN-5184,25000.0,6250.0,2026-03-24,2026-03-24,0,6250.0,0
SYN-REP-10185,SYN-U-16409,SYN-LN-5185,25000.0,6250.0,2026-07-22,2026-07-22,0,6250.0,0
SYN-REP-10186,SYN-U-11791,SYN-LN-5186,5000.0,1250.0,2026-08-18,2026-08-18,0,1250.0,0
SYN-REP-10187,SYN-U-11431,SYN-LN-5187,10000.0,2500.0,2025-06-20,2025-06-20,0,2500.0,0
SYN-REP-10188,SYN-U-15910,SYN-LN-5188,40000.0,10000.0,2025-09-03,2025-09-04,1,10000.0,0
SYN-REP-10189,SYN-U-17131,SYN-LN-5189,5000.0,1250.0,2026-04-16,2026-04-18,2,1250.0,0
SYN-REP-10190,SYN-U-19267,SYN-LN-5190,5000.0,1250.0,2026-06-26,2026-06-26,0,1250.0,0
SYN-REP-10191,SYN-U-19638,SYN-LN-5191,15000.0,3750.0,2025-06-19,2025-06-19,0,3750.0,0
SYN-REP-10192,SYN-U-15560,SYN-LN-5192,5000.0,1250.0,2026-04-13,2026-04-13,0,1250.0,0
SYN-REP-10193,SYN-U-12147,SYN-LN-5193,15000.0,3750.0,2025-12-03,2025-12-03,0,3750.0,0
SYN-REP-10194,SYN-U-18779,SYN-LN-5194,25000.0,6250.0,2025-07-22,2025-07-22,0,6250.0,0
SYN-REP-10195,SYN-U-19374,SYN-LN-5195,25000.0,6250.0,2026-03-26,2026-03-26,0,6250.0,0
SYN-REP-10196,SYN-U-13524,SYN-LN-5196,40000.0,10000.0,2025-06-18,2025-06-18,0,10000.0,0
SYN-REP-10197,SYN-U-17933,SYN-LN-5197,10000.0,2500.0,2026-04-03,2026-04-03,0,2500.0,0
SYN-REP-10198,SYN-U-14667,SYN-LN-5198,40000.0,10000.0,2025-06-15,2025-06-15,0,10000.0,0
SYN-REP-10199,SYN-U-18398,SYN-LN-5199,40000.0,10000.0,2026-02-28,2026-02-28,0,10000.0,0
SYN-REP-10200,SYN-U-15314,SYN-LN-5200,10000.0,2500.0,2025-12-15,2025-12-15,0,2500.0,0
SYN-REP-10201,SYN-U-12734,SYN-LN-5201,40000.0,10000.0,2025-09-07,2025-09-07,0,10000.0,0
SYN-REP-10202,SYN-U-14643,SYN-LN-5202,10000.0,2500.0,2025-12-24,2025-12-24,0,2500.0,0
SYN-REP-10203,SYN-U-17403,SYN-LN-5203,15000.0,3750.0,2026-08-09,2026-08-09,0,3750.0,0
SYN-REP-10204,SYN-U-18704,SYN-LN-5204,10000.0,2500.0,2026-07-02,2026-07-02,0,2500.0,0
SYN-REP-10205,SYN-U-18918,SYN-LN-5205,25000.0,6250.0,2025-08-03,2025-08-03,0,6250.0,0
SYN-REP-10206,SYN-U-16309,SYN-LN-5206,40000.0,10000.0,2026-07-13,2026-07-13,0,10000.0,0
SYN-REP-10207,SYN-U-18234,SYN-LN-5207,15000.0,3750.0,2025-07-22,2025-07-22,0,3750.0,0
SYN-REP-10208,SYN-U-18541,SYN-LN-5208,10000.0,2500.0,2025-07-11,2025-07-11,0,2500.0,0
SYN-REP-10209,SYN-U-17442,SYN-LN-5209,15000.0,3750.0,2026-03-01,2026-03-01,0,3750.0,0
SYN-REP-10210,SYN-U-17512,SYN-LN-5210,15000.0,3750.0,2026-02-16,2026-02-19,3,3750.0,0
SYN-REP-10211,SYN-U-10035,SYN-LN-5211,40000.0,10000.0,2025-12-01,2025-12-01,0,10000.0,0
SYN-REP-10212,SYN-U-19509,SYN-LN-5212,40000.0,10000.0,2025-11-23,2025-11-23,0,10000.0,0
SYN-REP-10213,SYN-U-13044,SYN-LN-5213,25000.0,6250.0,2026-04-23,2026-04-23,0,6250.0,0
SYN-REP-10214,SYN-U-16483,SYN-LN-5214,25000.0,6250.0,2025-11-20,2025-11-20,0,6250.0,0
SYN-REP-10215,SYN-U-11691,SYN-LN-5215,25000.0,6250.0,2025-12-19,2025-12-19,0,6250.0,0
SYN-REP-10216,SYN-U-19982,SYN-LN-5216,10000.0,2500.0,2025-08-23,2025-08-27,4,2500.0,0
SYN-REP-10217,SYN-U-16472,SYN-LN-5217,10000.0,2500.0,2025-08-24,2025-08-24,0,2500.0,0
SYN-REP-10218,SYN-U-14842,SYN-LN-5218,40000.0,10000.0,2026-01-30,2026-01-30,0,10000.0,0
SYN-REP-10219,SYN-U-14307,SYN-LN-5219,25000.0,6250.0,2025-09-01,2025-09-01,0,6250.0,0
SYN-REP-10220,SYN-U-10789,SYN-LN-5220,25000.0,6250.0,2025-09-13,2025-09-13,0,6250.0,0
SYN-REP-10221,SYN-U-12421,SYN-LN-5221,5000.0,1250.0,2026-07-13,2026-07-13,0,1250.0,0
SYN-REP-10222,SYN-U-13835,SYN-LN-5222,25000.0,6250.0,2026-03-23,2026-03-23,0,6250.0,0
SYN-REP-10223,SYN-U-18976,SYN-LN-5223,5000.0,1250.0,2025-12-28,2025-12-28,0,1250.0,0
SYN-REP-10224,SYN-U-14065,SYN-LN-5224,5000.0,1250.0,2026-03-22,2026-03-26,4,1250.0,0
SYN-REP-10225,SYN-U-19160,SYN-LN-5225,15000.0,3750.0,2025-12-22,2025-12-26,4,3750.0,0
SYN-REP-10226,SYN-U-17281,SYN-LN-5226,15000.0,3750.0,2026-04-03,2026-04-03,0,3750.0,0
SYN-REP-10227,SYN-U-17107,SYN-LN-5227,5000.0,1250.0,2025-09-25,2025-09-25,0,1250.0,0
SYN-REP-10228,SYN-U-19948,SYN-LN-5228,10000.0,2500.0,2025-11-13,2025-11-13,0,2500.0,0
SYN-REP-10229,SYN-U-17691,SYN-LN-5229,25000.0,6250.0,2025-08-20,2025-08-20,0,6250.0,0
SYN-REP-10230,SYN-U-18149,SYN-LN-5230,10000.0,2500.0,2025-12-25,2025-12-25,0,2500.0,0
SYN-REP-10231,SYN-U-17226,SYN-LN-5231,40000.0,10000.0,2026-05-21,2026-05-21,0,10000.0,0
SYN-REP-10232,SYN-U-11814,SYN-LN-5232,5000.0,1250.0,2026-01-28,2026-01-28,0,1250.0,0
SYN-REP-10233,SYN-U-14767,SYN-LN-5233,15000.0,3750.0,2025-08-12,2025-08-12,0,3750.0,0
SYN-REP-10234,SYN-U-13855,SYN-LN-5234,40000.0,10000.0,2026-05-11,2026-05-11,0,10000.0,0
SYN-REP-10235,SYN-U-18435,SYN-LN-5235,10000.0,2500.0,2026-03-06,2026-03-06,0,2500.0,0
SYN-REP-10236,SYN-U-18739,SYN-LN-5236,15000.0,3750.0,2025-06-12,2025-06-12,0,3750.0,0
SYN-REP-10237,SYN-U-13920,SYN-LN-5237,40000.0,10000.0,2025-12-12,2025-12-12,0,10000.0,0
SYN-REP-10238,SYN-U-10841,SYN-LN-5238,10000.0,2500.0,2026-01-08,2026-01-08,0,2500.0,0
SYN-REP-10239,SYN-U-18655,SYN-LN-5239,25000.0,6250.0,2026-04-13,2026-04-16,3,6250.0,0
SYN-REP-10240,SYN-U-15121,SYN-LN-5240,10000.0,2500.0,2026-01-15,2026-01-15,0,2500.0,0
SYN-REP-10241,SYN-U-14021,SYN-LN-5241,5000.0,1250.0,2025-08-20,2025-08-20,0,1250.0,0
SYN-REP-10242,SYN-U-14667,SYN-LN-5242,15000.0,3750.0,2026-06-30,2026-06-30,0,3750.0,0
SYN-REP-10243,SYN-U-17251,SYN-LN-5243,15000.0,3750.0,2026-07-06,2026-07-09,3,3750.0,0
SYN-REP-10244,SYN-U-14764,SYN-LN-5244,5000.0,1250.0,2026-04-26,2026-04-26,0,1250.0,0
SYN-REP-10245,SYN-U-17095,SYN-LN-5245,5000.0,1250.0,2026-06-20,2026-06-20,0,1250.0,0
SYN-REP-10246,SYN-U-14456,SYN-LN-5246,10000.0,2500.0,2026-08-19,2026-08-19,0,2500.0,0
SYN-REP-10247,SYN-U-11099,SYN-LN-5247,5000.0,1250.0,2025-09-17,2025-09-17,0,1250.0,0
SYN-REP-10248,SYN-U-12765,SYN-LN-5248,40000.0,10000.0,2026-03-23,2026-03-23,0,10000.0,0
SYN-REP-10249,SYN-U-18578,SYN-LN-5249,25000.0,6250.0,2026-06-04,2026-06-04,0,6250.0,0
SYN-REP-10250,SYN-U-17166,SYN-LN-5250,40000.0,10000.0,2025-10-18,2025-10-18,0,10000.0,0
SYN-REP-10251,SYN-U-19225,SYN-LN-5251,40000.0,10000.0,2025-06-28,2025-06-28,0,10000.0,0
SYN-REP-10252,SYN-U-19491,SYN-LN-5252,25000.0,6250.0,2026-04-08,2026-04-08,0,6250.0,0
SYN-REP-10253,SYN-U-12421,SYN-LN-5253,15000.0,3750.0,2026-01-08,2026-01-08,0,3750.0,0
SYN-REP-10254,SYN-U-16485,SYN-LN-5254,10000.0,2500.0,2026-07-21,2026-07-21,0,2500.0,0
SYN-REP-10255,SYN-U-18867,SYN-LN-5255,10000.0,2500.0,2026-08-17,2026-08-17,0,2500.0,0
SYN-REP-10256,SYN-U-18466,SYN-LN-5256,40000.0,10000.0,2025-09-23,2025-09-27,4,10000.0,0
SYN-REP-10257,SYN-U-10079,SYN-LN-5257,25000.0,6250.0,2026-02-01,2026-02-01,0,6250.0,0
SYN-REP-10258,SYN-U-19075,SYN-LN-5258,15000.0,3750.0,2026-03-21,2026-03-21,0,3750.0,0
SYN-REP-10259,SYN-U-16430,SYN-LN-5259,15000.0,3750.0,2025-12-23,2025-12-26,3,3750.0,0
SYN-REP-10260,SYN-U-19951,SYN-LN-5260,10000.0,2500.0,2026-04-07,2026-04-07,0,2500.0,0
SYN-REP-10261,SYN-U-11243,SYN-LN-5261,25000.0,6250.0,2025-12-05,2025-12-05,0,6250.0,0
SYN-REP-10262,SYN-U-17829,SYN-LN-5262,40000.0,10000.0,2025-09-29,2025-09-29,0,10000.0,0
SYN-REP-10263,SYN-U-13850,SYN-LN-5263,40000.0,10000.0,2025-06-02,2025-06-02,0,10000.0,0
SYN-REP-10264,SYN-U-11009,SYN-LN-5264,40000.0,10000.0,2025-11-10,2025-11-10,0,10000.0,0
SYN-REP-10265,SYN-U-13478,SYN-LN-5265,40000.0,10000.0,2026-06-15,2026-06-15,0,10000.0,0
SYN-REP-10266,SYN-U-14138,SYN-LN-5266,15000.0,3750.0,2026-04-23,2026-04-23,0,3750.0,0
SYN-REP-10267,SYN-U-19343,SYN-LN-5267,5000.0,1250.0,2026-01-19,2026-01-19,0,1250.0,0
SYN-REP-10268,SYN-U-14235,SYN-LN-5268,10000.0,2500.0,2025-11-21,2025-11-21,0,2500.0,0
SYN-REP-10269,SYN-U-12058,SYN-LN-5269,40000.0,10000.0,2026-03-19,2026-03-19,0,10000.0,0
SYN-REP-10270,SYN-U-19457,SYN-LN-5270,25000.0,6250.0,2025-07-06,2025-07-06,0,6250.0,0
SYN-REP-10271,SYN-U-15467,SYN-LN-5271,10000.0,2500.0,2025-09-25,2025-09-25,0,2500.0,0
SYN-REP-10272,SYN-U-11037,SYN-LN-5272,40000.0,10000.0,2026-06-29,,71,355.84,1
SYN-REP-10273,SYN-U-14074,SYN-LN-5273,10000.0,2500.0,2025-10-02,2025-10-02,0,2500.0,0
SYN-REP-10274,SYN-U-15065,SYN-LN-5274,40000.0,10000.0,2025-09-10,2025-09-10,0,10000.0,0
SYN-REP-10275,SYN-U-14377,SYN-LN-5275,15000.0,3750.0,2026-05-15,2026-05-15,0,3750.0,0
SYN-REP-10276,SYN-U-15900,SYN-LN-5276,25000.0,6250.0,2025-08-31,2025-08-31,0,6250.0,0
SYN-REP-10277,SYN-U-11872,SYN-LN-5277,40000.0,10000.0,2025-09-21,2025-09-21,0,10000.0,0
SYN-REP-10278,SYN-U-13452,SYN-LN-5278,10000.0,2500.0,2026-01-19,2026-01-19,0,2500.0,0
SYN-REP-10279,SYN-U-17675,SYN-LN-5279,5000.0,1250.0,2025-07-25,2025-07-25,0,1250.0,0
SYN-REP-10280,SYN-U-13098,SYN-LN-5280,25000.0,6250.0,2026-03-19,2026-03-19,0,6250.0,0
SYN-REP-10281,SYN-U-11401,SYN-LN-5281,5000.0,1250.0,2025-12-02,2025-12-02,0,1250.0,0
SYN-REP-10282,SYN-U-17808,SYN-LN-5282,10000.0,2500.0,2026-02-03,2026-02-03,0,2500.0,0
SYN-REP-10283,SYN-U-14796,SYN-LN-5283,25000.0,6250.0,2026-06-13,2026-06-13,0,6250.0,0
SYN-REP-10284,SYN-U-13695,SYN-LN-5284,40000.0,10000.0,2025-10-16,2025-10-16,0,10000.0,0
SYN-REP-10285,SYN-U-19839,SYN-LN-5285,40000.0,10000.0,2026-04-22,2026-04-22,0,10000.0,0
SYN-REP-10286,SYN-U-19725,SYN-LN-5286,5000.0,1250.0,2025-10-27,2025-10-27,0,1250.0,0
SYN-REP-10287,SYN-U-10349,SYN-LN-5287,10000.0,2500.0,2025-10-17,2025-10-20,3,2500.0,0
SYN-REP-10288,SYN-U-18470,SYN-LN-5288,40000.0,10000.0,2026-03-07,2026-03-07,0,10000.0,0
SYN-REP-10289,SYN-U-18034,SYN-LN-5289,5000.0,1250.0,2025-07-13,2025-07-13,0,1250.0,0
SYN-REP-10290,SYN-U-19096,SYN-LN-5290,10000.0,2500.0,2026-05-26,2026-05-26,0,2500.0,0
SYN-REP-10291,SYN-U-16395,SYN-LN-5291,10000.0,2500.0,2025-11-15,2025-11-16,1,2500.0,0
SYN-REP-10292,SYN-U-12824,SYN-LN-5292,25000.0,6250.0,2026-03-15,2026-03-15,0,6250.0,0
SYN-REP-10293,SYN-U-14127,SYN-LN-5293,25000.0,6250.0,2026-03-03,2026-03-03,0,6250.0,0
SYN-REP-10294,SYN-U-18968,SYN-LN-5294,15000.0,3750.0,2026-04-05,2026-04-05,0,3750.0,0
SYN-REP-10295,SYN-U-12503,SYN-LN-5295,25000.0,6250.0,2025-10-28,2025-10-28,0,6250.0,0
SYN-REP-10296,SYN-U-15054,SYN-LN-5296,15000.0,3750.0,2025-07-18,2025-07-18,0,3750.0,0
SYN-REP-10297,SYN-U-19282,SYN-LN-5297,25000.0,6250.0,2025-10-16,2025-10-16,0,6250.0,0
SYN-REP-10298,SYN-U-17790,SYN-LN-5298,25000.0,6250.0,2026-02-06,2026-02-06,0,6250.0,0
SYN-REP-10299,SYN-U-15624,SYN-LN-5299,5000.0,1250.0,2025-10-21,,84,484.51,1
SYN-REP-10300,SYN-U-13826,SYN-LN-5300,40000.0,10000.0,2026-04-06,2026-04-09,3,10000.0,0
SYN-REP-10301,SYN-U-13128,SYN-LN-5301,40000.0,10000.0,2025-08-20,2025-08-20,0,10000.0,0
SYN-REP-10302,SYN-U-10722,SYN-LN-5302,15000.0,3750.0,2026-06-04,,71,1392.7,1
SYN-REP-10303,SYN-U-17521,SYN-LN-5303,40000.0,10000.0,2025-06-01,2025-06-01,0,10000.0,0
SYN-REP-10304,SYN-U-14123,SYN-LN-5304,40000.0,10000.0,2025-12-01,2025-12-01,0,10000.0,0
SYN-REP-10305,SYN-U-13066,SYN-LN-5305,5000.0,1250.0,2026-01-28,2026-01-28,0,1250.0,0
SYN-REP-10306,SYN-U-11897,SYN-LN-5306,15000.0,3750.0,2025-08-03,2025-08-03,0,3750.0,0
SYN-REP-10307,SYN-U-13330,SYN-LN-5307,5000.0,1250.0,2026-01-08,2026-01-08,0,1250.0,0
SYN-REP-10308,SYN-U-19952,SYN-LN-5308,15000.0,3750.0,2026-08-23,2026-08-23,0,3750.0,0
SYN-REP-10309,SYN-U-15007,SYN-LN-5309,40000.0,10000.0,2026-05-21,2026-05-21,0,10000.0,0
SYN-REP-10310,SYN-U-17268,SYN-LN-5310,5000.0,1250.0,2025-08-08,2025-08-08,0,1250.0,0
SYN-REP-10311,SYN-U-19451,SYN-LN-5311,15000.0,3750.0,2026-02-02,2026-02-02,0,3750.0,0
SYN-REP-10312,SYN-U-16770,SYN-LN-5312,10000.0,2500.0,2025-09-15,2025-09-15,0,2500.0,0
SYN-REP-10313,SYN-U-11951,SYN-LN-5313,5000.0,1250.0,2025-10-24,2025-10-24,0,1250.0,0
SYN-REP-10314,SYN-U-10092,SYN-LN-5314,25000.0,6250.0,2025-06-24,2025-06-25,1,6250.0,0
SYN-REP-10315,SYN-U-16234,SYN-LN-5315,25000.0,6250.0,2025-08-08,2025-08-08,0,6250.0,0
SYN-REP-10316,SYN-U-16186,SYN-LN-5316,40000.0,10000.0,2025-09-02,2025-09-02,0,10000.0,0
SYN-REP-10317,SYN-U-13871,SYN-LN-5317,40000.0,10000.0,2025-06-27,2025-06-29,2,10000.0,0
SYN-REP-10318,SYN-U-19647,SYN-LN-5318,40000.0,10000.0,2026-06-17,2026-06-17,0,10000.0,0
SYN-REP-10319,SYN-U-10135,SYN-LN-5319,25000.0,6250.0,2026-06-17,2026-06-18,1,6250.0,0
SYN-REP-10320,SYN-U-12857,SYN-LN-5320,10000.0,2500.0,2026-06-01,2026-06-01,0,2500.0,0
SYN-REP-10321,SYN-U-17067,SYN-LN-5321,40000.0,10000.0,2026-04-05,2026-04-05,0,10000.0,0
SYN-REP-10322,SYN-U-19709,SYN-LN-5322,5000.0,1250.0,2026-08-20,2026-08-20,0,1250.0,0
SYN-REP-10323,SYN-U-19059,SYN-LN-5323,5000.0,1250.0,2026-08-07,2026-08-07,0,1250.0,0
SYN-REP-10324,SYN-U-11616,SYN-LN-5324,25000.0,6250.0,2026-02-23,2026-02-23,0,6250.0,0
SYN-REP-10325,SYN-U-18654,SYN-LN-5325,15000.0,3750.0,2026-01-11,2026-01-11,0,3750.0,0
SYN-REP-10326,SYN-U-12074,SYN-LN-5326,25000.0,6250.0,2025-12-28,2025-12-28,0,6250.0,0
SYN-REP-10327,SYN-U-16657,SYN-LN-5327,10000.0,2500.0,2026-06-10,2026-06-10,0,2500.0,0
SYN-REP-10328,SYN-U-15917,SYN-LN-5328,5000.0,1250.0,2026-07-31,2026-07-31,0,1250.0,0
SYN-REP-10329,SYN-U-10684,SYN-LN-5329,40000.0,10000.0,2025-06-27,2025-06-27,0,10000.0,0
SYN-REP-10330,SYN-U-15437,SYN-LN-5330,15000.0,3750.0,2025-06-20,2025-06-20,0,3750.0,0
SYN-REP-10331,SYN-U-16874,SYN-LN-5331,25000.0,6250.0,2026-01-04,2026-01-04,0,6250.0,0
SYN-REP-10332,SYN-U-11285,SYN-LN-5332,25000.0,6250.0,2026-06-29,2026-06-29,0,6250.0,0
SYN-REP-10333,SYN-U-19691,SYN-LN-5333,5000.0,1250.0,2026-07-15,2026-07-15,0,1250.0,0
SYN-REP-10334,SYN-U-10769,SYN-LN-5334,15000.0,3750.0,2025-07-28,2025-07-28,0,3750.0,0
SYN-REP-10335,SYN-U-12371,SYN-LN-5335,40000.0,10000.0,2025-06-24,2025-06-24,0,10000.0,0
SYN-REP-10336,SYN-U-19541,SYN-LN-5336,40000.0,10000.0,2026-01-01,2026-01-01,0,10000.0,0
SYN-REP-10337,SYN-U-12600,SYN-LN-5337,25000.0,6250.0,2025-09-08,2025-09-08,0,6250.0,0
SYN-REP-10338,SYN-U-12840,SYN-LN-5338,15000.0,3750.0,2026-02-14,2026-02-16,2,3750.0,0
SYN-REP-10339,SYN-U-11190,SYN-LN-5339,25000.0,6250.0,2026-02-01,2026-02-01,0,6250.0,0
SYN-REP-10340,SYN-U-19644,SYN-LN-5340,40000.0,10000.0,2025-09-01,2025-09-01,0,10000.0,0
SYN-REP-10341,SYN-U-11417,SYN-LN-5341,10000.0,2500.0,2026-03-03,2026-03-03,0,2500.0,0
SYN-REP-10342,SYN-U-12976,SYN-LN-5342,15000.0,3750.0,2025-06-11,2025-06-11,0,3750.0,0
SYN-REP-10343,SYN-U-15209,SYN-LN-5343,40000.0,10000.0,2025-07-23,2025-07-23,0,10000.0,0
SYN-REP-10344,SYN-U-16643,SYN-LN-5344,15000.0,3750.0,2025-07-14,2025-07-14,0,3750.0,0
SYN-REP-10345,SYN-U-13766,SYN-LN-5345,5000.0,1250.0,2025-07-26,2025-07-27,1,1250.0,0
SYN-REP-10346,SYN-U-14290,SYN-LN-5346,10000.0,2500.0,2026-07-02,2026-07-02,0,2500.0,0
SYN-REP-10347,SYN-U-19214,SYN-LN-5347,10000.0,2500.0,2025-09-27,2025-09-27,0,2500.0,0
SYN-REP-10348,SYN-U-10969,SYN-LN-5348,15000.0,3750.0,2025-07-05,2025-07-08,3,3750.0,0
SYN-REP-10349,SYN-U-19856,SYN-LN-5349,40000.0,10000.0,2025-11-04,2025-11-04,0,10000.0,0
SYN-REP-10350,SYN-U-17815,SYN-LN-5350,10000.0,2500.0,2026-04-01,2026-04-01,0,2500.0,0
SYN-REP-10351,SYN-U-19213,SYN-LN-5351,5000.0,1250.0,2026-05-05,2026-05-05,0,1250.0,0
SYN-REP-10352,SYN-U-13912,SYN-LN-5352,40000.0,10000.0,2026-07-04,2026-07-04,0,10000.0,0
SYN-REP-10353,SYN-U-18767,SYN-LN-5353,15000.0,3750.0,2025-06-14,2025-06-14,0,3750.0,0
SYN-REP-10354,SYN-U-14811,SYN-LN-5354,15000.0,3750.0,2025-09-16,2025-09-16,0,3750.0,0
SYN-REP-10355,SYN-U-11503,SYN-LN-5355,40000.0,10000.0,2026-01-27,,91,1448.94,1
SYN-REP-10356,SYN-U-10141,SYN-LN-5356,15000.0,3750.0,2026-06-17,2026-06-17,0,3750.0,0
SYN-REP-10357,SYN-U-19381,SYN-LN-5357,40000.0,10000.0,2026-03-21,2026-03-21,0,10000.0,0
SYN-REP-10358,SYN-U-10873,SYN-LN-5358,25000.0,6250.0,2026-04-09,2026-04-09,0,6250.0,0
SYN-REP-10359,SYN-U-11982,SYN-LN-5359,5000.0,1250.0,2026-07-29,2026-08-02,4,1250.0,0
SYN-REP-10360,SYN-U-11965,SYN-LN-5360,10000.0,2500.0,2025-11-17,2025-11-17,0,2500.0,0
SYN-REP-10361,SYN-U-16334,SYN-LN-5361,25000.0,6250.0,2026-08-03,2026-08-03,0,6250.0,0
SYN-REP-10362,SYN-U-16652,SYN-LN-5362,5000.0,1250.0,2025-12-27,2025-12-27,0,1250.0,0
SYN-REP-10363,SYN-U-12517,SYN-LN-5363,40000.0,10000.0,2026-07-12,2026-07-16,4,10000.0,0
SYN-REP-10364,SYN-U-11944,SYN-LN-5364,10000.0,2500.0,2025-12-15,2025-12-19,4,2500.0,0
SYN-REP-10365,SYN-U-11200,SYN-LN-5365,10000.0,2500.0,2026-03-14,2026-03-14,0,2500.0,0
SYN-REP-10366,SYN-U-11313,SYN-LN-5366,40000.0,10000.0,2026-03-22,2026-03-22,0,10000.0,0
SYN-REP-10367,SYN-U-10279,SYN-LN-5367,25000.0,6250.0,2025-07-04,2025-07-05,1,6250.0,0
SYN-REP-10368,SYN-U-13068,SYN-LN-5368,25000.0,6250.0,2026-04-08,2026-04-08,0,6250.0,0
SYN-REP-10369,SYN-U-19078,SYN-LN-5369,25000.0,6250.0,2025-07-19,2025-07-19,0,6250.0,0
SYN-REP-10370,SYN-U-19200,SYN-LN-5370,40000.0,10000.0,2025-08-01,2025-08-01,0,10000.0,0
SYN-REP-10371,SYN-U-13258,SYN-LN-5371,15000.0,3750.0,2025-07-29,2025-07-29,0,3750.0,0
SYN-REP-10372,SYN-U-19475,SYN-LN-5372,10000.0,2500.0,2025-12-04,2025-12-04,0,2500.0,0
SYN-REP-10373,SYN-U-17485,SYN-LN-5373,25000.0,6250.0,2026-01-21,2026-01-21,0,6250.0,0
SYN-REP-10374,SYN-U-19751,SYN-LN-5374,15000.0,3750.0,2025-11-09,2025-11-09,0,3750.0,0
SYN-REP-10375,SYN-U-19133,SYN-LN-5375,25000.0,6250.0,2025-07-04,2025-07-04,0,6250.0,0
SYN-REP-10376,SYN-U-13590,SYN-LN-5376,40000.0,10000.0,2026-07-16,2026-07-16,0,10000.0,0
SYN-REP-10377,SYN-U-10214,SYN-LN-5377,40000.0,10000.0,2025-07-30,2025-07-30,0,10000.0,0
SYN-REP-10378,SYN-U-14590,SYN-LN-5378,15000.0,3750.0,2025-10-23,2025-10-23,0,3750.0,0
SYN-REP-10379,SYN-U-14817,SYN-LN-5379,40000.0,10000.0,2025-12-19,2025-12-19,0,10000.0,0
SYN-REP-10380,SYN-U-17176,SYN-LN-5380,40000.0,10000.0,2025-08-13,2025-08-13,0,10000.0,0
SYN-REP-10381,SYN-U-11782,SYN-LN-5381,10000.0,2500.0,2025-12-22,2025-12-22,0,2500.0,0
SYN-REP-10382,SYN-U-17970,SYN-LN-5382,25000.0,6250.0,2025-07-02,2025-07-02,0,6250.0,0
SYN-REP-10383,SYN-U-19785,SYN-LN-5383,10000.0,2500.0,2025-08-02,2025-08-02,0,2500.0,0
SYN-REP-10384,SYN-U-12285,SYN-LN-5384,10000.0,2500.0,2026-04-14,2026-04-14,0,2500.0,0
SYN-REP-10385,SYN-U-12651,SYN-LN-5385,40000.0,10000.0,2025-10-15,2025-10-15,0,10000.0,0
SYN-REP-10386,SYN-U-19194,SYN-LN-5386,10000.0,2500.0,2025-12-18,2025-12-18,0,2500.0,0
SYN-REP-10387,SYN-U-19552,SYN-LN-5387,25000.0,6250.0,2026-04-18,2026-04-18,0,6250.0,0
SYN-REP-10388,SYN-U-15169,SYN-LN-5388,25000.0,6250.0,2025-11-15,2025-11-15,0,6250.0,0
SYN-REP-10389,SYN-U-17090,SYN-LN-5389,5000.0,1250.0,2025-08-29,2025-08-29,0,1250.0,0
SYN-REP-10390,SYN-U-19500,SYN-LN-5390,5000.0,1250.0,2025-07-29,2025-07-29,0,1250.0,0
SYN-REP-10391,SYN-U-11658,SYN-LN-5391,25000.0,6250.0,2026-05-14,2026-05-14,0,6250.0,0
SYN-REP-10392,SYN-U-16040,SYN-LN-5392,25000.0,6250.0,2026-08-03,2026-08-05,2,6250.0,0
SYN-REP-10393,SYN-U-16661,SYN-LN-5393,15000.0,3750.0,2026-08-24,2026-08-28,4,3750.0,0
SYN-REP-10394,SYN-U-17020,SYN-LN-5394,25000.0,6250.0,2026-06-24,2026-06-24,0,6250.0,0
SYN-REP-10395,SYN-U-15322,SYN-LN-5395,5000.0,1250.0,2025-07-03,2025-07-03,0,1250.0,0
SYN-REP-10396,SYN-U-13165,SYN-LN-5396,15000.0,3750.0,2025-06-05,2025-06-05,0,3750.0,0
SYN-REP-10397,SYN-U-17109,SYN-LN-5397,40000.0,10000.0,2026-03-03,2026-03-03,0,10000.0,0
SYN-REP-10398,SYN-U-18186,SYN-LN-5398,40000.0,10000.0,2025-11-13,2025-11-13,0,10000.0,0
SYN-REP-10399,SYN-U-17552,SYN-LN-5399,40000.0,10000.0,2025-11-29,2025-11-29,0,10000.0,0
SYN-REP-10400,SYN-U-13234,SYN-LN-5400,5000.0,1250.0,2025-07-14,2025-07-14,0,1250.0,0
SYN-REP-10401,SYN-U-17595,SYN-LN-5401,40000.0,10000.0,2026-04-20,2026-04-20,0,10000.0,0
SYN-REP-10402,SYN-U-12045,SYN-LN-5402,10000.0,2500.0,2025-07-13,2025-07-13,0,2500.0,0
SYN-REP-10403,SYN-U-13804,SYN-LN-5403,5000.0,1250.0,2026-05-05,2026-05-05,0,1250.0,0
SYN-REP-10404,SYN-U-10159,SYN-LN-5404,10000.0,2500.0,2025-08-12,2025-08-12,0,2500.0,0
SYN-REP-10405,SYN-U-11384,SYN-LN-5405,5000.0,1250.0,2025-06-11,2025-06-11,0,1250.0,0
SYN-REP-10406,SYN-U-11484,SYN-LN-5406,15000.0,3750.0,2025-06-03,2025-06-04,1,3750.0,0
SYN-REP-10407,SYN-U-19414,SYN-LN-5407,5000.0,1250.0,2025-06-24,2025-06-24,0,1250.0,0
SYN-REP-10408,SYN-U-18404,SYN-LN-5408,40000.0,10000.0,2026-07-28,2026-07-28,0,10000.0,0
SYN-REP-10409,SYN-U-18611,SYN-LN-5409,25000.0,6250.0,2025-06-30,2025-06-30,0,6250.0,0
SYN-REP-10410,SYN-U-14747,SYN-LN-5410,25000.0,6250.0,2025-12-17,2025-12-17,0,6250.0,0
SYN-REP-10411,SYN-U-15830,SYN-LN-5411,5000.0,1250.0,2025-09-25,2025-09-25,0,1250.0,0
SYN-REP-10412,SYN-U-17750,SYN-LN-5412,15000.0,3750.0,2026-06-19,2026-06-19,0,3750.0,0
SYN-REP-10413,SYN-U-14497,SYN-LN-5413,25000.0,6250.0,2026-01-10,2026-01-10,0,6250.0,0
SYN-REP-10414,SYN-U-16066,SYN-LN-5414,5000.0,1250.0,2025-08-09,2025-08-12,3,1250.0,0
SYN-REP-10415,SYN-U-10540,SYN-LN-5415,15000.0,3750.0,2026-07-11,2026-07-11,0,3750.0,0
SYN-REP-10416,SYN-U-11800,SYN-LN-5416,25000.0,6250.0,2026-04-12,2026-04-12,0,6250.0,0
SYN-REP-10417,SYN-U-19568,SYN-LN-5417,10000.0,2500.0,2026-05-26,2026-05-26,0,2500.0,0
SYN-REP-10418,SYN-U-15693,SYN-LN-5418,15000.0,3750.0,2025-08-12,2025-08-12,0,3750.0,0
SYN-REP-10419,SYN-U-14442,SYN-LN-5419,10000.0,2500.0,2026-07-28,2026-07-28,0,2500.0,0
SYN-REP-10420,SYN-U-13168,SYN-LN-5420,15000.0,3750.0,2025-12-27,,64,177.77,1
SYN-REP-10421,SYN-U-19410,SYN-LN-5421,25000.0,6250.0,2026-06-28,2026-06-28,0,6250.0,0
SYN-REP-10422,SYN-U-15071,SYN-LN-5422,15000.0,3750.0,2025-11-12,2025-11-12,0,3750.0,0
SYN-REP-10423,SYN-U-19340,SYN-LN-5423,5000.0,1250.0,2025-10-27,2025-10-27,0,1250.0,0
SYN-REP-10424,SYN-U-13723,SYN-LN-5424,5000.0,1250.0,2026-08-12,2026-08-12,0,1250.0,0
SYN-REP-10425,SYN-U-19073,SYN-LN-5425,25000.0,6250.0,2026-05-12,2026-05-12,0,6250.0,0
SYN-REP-10426,SYN-U-10252,SYN-LN-5426,25000.0,6250.0,2025-07-24,2025-07-24,0,6250.0,0
SYN-REP-10427,SYN-U-19312,SYN-LN-5427,5000.0,1250.0,2025-12-01,2025-12-01,0,1250.0,0
SYN-REP-10428,SYN-U-18794,SYN-LN-5428,15000.0,3750.0,2026-04-29,2026-04-29,0,3750.0,0
SYN-REP-10429,SYN-U-17137,SYN-LN-5429,25000.0,6250.0,2025-07-17,2025-07-17,0,6250.0,0
SYN-REP-10430,SYN-U-11463,SYN-LN-5430,15000.0,3750.0,2025-12-05,2025-12-05,0,3750.0,0
SYN-REP-10431,SYN-U-16189,SYN-LN-5431,5000.0,1250.0,2025-07-05,2025-07-05,0,1250.0,0
SYN-REP-10432,SYN-U-12163,SYN-LN-5432,40000.0,10000.0,2026-07-28,2026-07-28,0,10000.0,0
SYN-REP-10433,SYN-U-15640,SYN-LN-5433,15000.0,3750.0,2026-01-19,2026-01-19,0,3750.0,0
SYN-REP-10434,SYN-U-15113,SYN-LN-5434,10000.0,2500.0,2026-06-07,2026-06-07,0,2500.0,0
SYN-REP-10435,SYN-U-14037,SYN-LN-5435,25000.0,6250.0,2025-07-30,2025-07-30,0,6250.0,0
SYN-REP-10436,SYN-U-14823,SYN-LN-5436,15000.0,3750.0,2025-08-04,2025-08-04,0,3750.0,0
SYN-REP-10437,SYN-U-17578,SYN-LN-5437,25000.0,6250.0,2025-06-02,2025-06-02,0,6250.0,0
SYN-REP-10438,SYN-U-10686,SYN-LN-5438,10000.0,2500.0,2026-04-03,2026-04-06,3,2500.0,0
SYN-REP-10439,SYN-U-19022,SYN-LN-5439,40000.0,10000.0,2025-09-14,2025-09-14,0,10000.0,0
SYN-REP-10440,SYN-U-18601,SYN-LN-5440,5000.0,1250.0,2026-05-13,2026-05-13,0,1250.0,0
SYN-REP-10441,SYN-U-14045,SYN-LN-5441,10000.0,2500.0,2026-05-04,2026-05-06,2,2500.0,0
SYN-REP-10442,SYN-U-16493,SYN-LN-5442,10000.0,2500.0,2026-01-13,2026-01-16,3,2500.0,0
SYN-REP-10443,SYN-U-10813,SYN-LN-5443,5000.0,1250.0,2026-04-03,2026-04-03,0,1250.0,0
SYN-REP-10444,SYN-U-15650,SYN-LN-5444,10000.0,2500.0,2025-11-09,2025-11-09,0,2500.0,0
SYN-REP-10445,SYN-U-10064,SYN-LN-5445,40000.0,10000.0,2025-11-05,2025-11-05,0,10000.0,0
SYN-REP-10446,SYN-U-17612,SYN-LN-5446,15000.0,3750.0,2025-06-21,2025-06-21,0,3750.0,0
SYN-REP-10447,SYN-U-16693,SYN-LN-5447,25000.0,6250.0,2026-08-23,2026-08-23,0,6250.0,0
SYN-REP-10448,SYN-U-12499,SYN-LN-5448,15000.0,3750.0,2026-01-14,2026-01-14,0,3750.0,0
SYN-REP-10449,SYN-U-12775,SYN-LN-5449,25000.0,6250.0,2026-02-18,2026-02-18,0,6250.0,0
SYN-REP-10450,SYN-U-11684,SYN-LN-5450,5000.0,1250.0,2025-12-22,2025-12-22,0,1250.0,0
SYN-REP-10451,SYN-U-15966,SYN-LN-5451,40000.0,10000.0,2025-11-28,2025-11-28,0,10000.0,0
SYN-REP-10452,SYN-U-11745,SYN-LN-5452,25000.0,6250.0,2025-12-25,2025-12-25,0,6250.0,0
SYN-REP-10453,SYN-U-17996,SYN-LN-5453,40000.0,10000.0,2026-03-27,2026-03-27,0,10000.0,0
SYN-REP-10454,SYN-U-16713,SYN-LN-5454,40000.0,10000.0,2026-05-22,2026-05-22,0,10000.0,0
SYN-REP-10455,SYN-U-18901,SYN-LN-5455,5000.0,1250.0,2026-06-16,2026-06-16,0,1250.0,0
SYN-REP-10456,SYN-U-19510,SYN-LN-5456,25000.0,6250.0,2025-11-27,2025-11-27,0,6250.0,0
SYN-REP-10457,SYN-U-12073,SYN-LN-5457,40000.0,10000.0,2026-07-15,2026-07-15,0,10000.0,0
SYN-REP-10458,SYN-U-15898,SYN-LN-5458,40000.0,10000.0,2025-06-11,2025-06-11,0,10000.0,0
SYN-REP-10459,SYN-U-15161,SYN-LN-5459,5000.0,1250.0,2025-11-08,2025-11-08,0,1250.0,0
SYN-REP-10460,SYN-U-14480,SYN-LN-5460,10000.0,2500.0,2026-06-23,2026-06-23,0,2500.0,0
SYN-REP-10461,SYN-U-16402,SYN-LN-5461,15000.0,3750.0,2026-05-16,2026-05-16,0,3750.0,0
SYN-REP-10462,SYN-U-10277,SYN-LN-5462,25000.0,6250.0,2025-12-18,2025-12-19,1,6250.0,0
SYN-REP-10463,SYN-U-16241,SYN-LN-5463,15000.0,3750.0,2025-11-15,2025-11-15,0,3750.0,0
SYN-REP-10464,SYN-U-15574,SYN-LN-5464,10000.0,2500.0,2026-07-19,2026-07-19,0,2500.0,0
SYN-REP-10465,SYN-U-17045,SYN-LN-5465,25000.0,6250.0,2026-01-13,2026-01-13,0,6250.0,0
SYN-REP-10466,SYN-U-19331,SYN-LN-5466,5000.0,1250.0,2025-11-21,2025-11-25,4,1250.0,0
SYN-REP-10467,SYN-U-14763,SYN-LN-5467,40000.0,10000.0,2026-08-07,2026-08-10,3,10000.0,0
SYN-REP-10468,SYN-U-18347,SYN-LN-5468,10000.0,2500.0,2026-03-29,2026-03-29,0,2500.0,0
SYN-REP-10469,SYN-U-14222,SYN-LN-5469,5000.0,1250.0,2026-05-12,2026-05-12,0,1250.0,0
SYN-REP-10470,SYN-U-13976,SYN-LN-5470,5000.0,1250.0,2025-08-25,2025-08-25,0,1250.0,0
SYN-REP-10471,SYN-U-14092,SYN-LN-5471,25000.0,6250.0,2026-07-15,2026-07-15,0,6250.0,0
SYN-REP-10472,SYN-U-18548,SYN-LN-5472,25000.0,6250.0,2026-05-19,2026-05-19,0,6250.0,0
SYN-REP-10473,SYN-U-17166,SYN-LN-5473,15000.0,3750.0,2026-02-05,2026-02-05,0,3750.0,0
SYN-REP-10474,SYN-U-14246,SYN-LN-5474,15000.0,3750.0,2026-07-13,2026-07-13,0,3750.0,0
SYN-REP-10475,SYN-U-14539,SYN-LN-5475,25000.0,6250.0,2026-01-08,2026-01-08,0,6250.0,0
SYN-REP-10476,SYN-U-12969,SYN-LN-5476,15000.0,3750.0,2026-06-14,2026-06-14,0,3750.0,0
SYN-REP-10477,SYN-U-18520,SYN-LN-5477,40000.0,10000.0,2025-09-16,2025-09-16,0,10000.0,0
SYN-REP-10478,SYN-U-11355,SYN-LN-5478,10000.0,2500.0,2026-08-13,2026-08-13,0,2500.0,0
SYN-REP-10479,SYN-U-15511,SYN-LN-5479,40000.0,10000.0,2026-08-05,2026-08-05,0,10000.0,0
SYN-REP-10480,SYN-U-19669,SYN-LN-5480,10000.0,2500.0,2025-09-22,2025-09-22,0,2500.0,0
SYN-REP-10481,SYN-U-14649,SYN-LN-5481,10000.0,2500.0,2026-01-01,2026-01-01,0,2500.0,0
SYN-REP-10482,SYN-U-14042,SYN-LN-5482,5000.0,1250.0,2026-05-01,2026-05-01,0,1250.0,0
SYN-REP-10483,SYN-U-18664,SYN-LN-5483,25000.0,6250.0,2026-07-18,2026-07-18,0,6250.0,0
SYN-REP-10484,SYN-U-16843,SYN-LN-5484,15000.0,3750.0,2025-07-15,2025-07-15,0,3750.0,0
SYN-REP-10485,SYN-U-17782,SYN-LN-5485,15000.0,3750.0,2025-08-07,2025-09-29,53,3750.0,0
SYN-REP-10486,SYN-U-10528,SYN-LN-5486,10000.0,2500.0,2025-12-11,2025-12-11,0,2500.0,0
SYN-REP-10487,SYN-U-17467,SYN-LN-5487,25000.0,6250.0,2026-08-03,2026-08-03,0,6250.0,0
SYN-REP-10488,SYN-U-14790,SYN-LN-5488,40000.0,10000.0,2026-03-31,2026-03-31,0,10000.0,0
SYN-REP-10489,SYN-U-11618,SYN-LN-5489,15000.0,3750.0,2025-06-28,2025-06-28,0,3750.0,0
SYN-REP-10490,SYN-U-16764,SYN-LN-5490,25000.0,6250.0,2026-06-04,2026-06-04,0,6250.0,0
SYN-REP-10491,SYN-U-14900,SYN-LN-5491,15000.0,3750.0,2025-09-29,2025-09-29,0,3750.0,0
SYN-REP-10492,SYN-U-13499,SYN-LN-5492,5000.0,1250.0,2025-12-13,2026-01-21,39,1250.0,0
SYN-REP-10493,SYN-U-18253,SYN-LN-5493,15000.0,3750.0,2026-08-03,2026-08-03,0,3750.0,0
SYN-REP-10494,SYN-U-10369,SYN-LN-5494,15000.0,3750.0,2026-04-28,2026-04-28,0,3750.0,0
SYN-REP-10495,SYN-U-12825,SYN-LN-5495,25000.0,6250.0,2025-06-28,2025-06-28,0,6250.0,0
SYN-REP-10496,SYN-U-15838,SYN-LN-5496,15000.0,3750.0,2026-04-07,2026-04-07,0,3750.0,0
SYN-REP-10497,SYN-U-19043,SYN-LN-5497,5000.0,1250.0,2025-10-05,2025-10-05,0,1250.0,0
SYN-REP-10498,SYN-U-10347,SYN-LN-5498,10000.0,2500.0,2026-03-30,2026-03-30,0,2500.0,0
SYN-REP-10499,SYN-U-11184,SYN-LN-5499,15000.0,3750.0,2025-12-24,2025-12-24,0,3750.0,0
SYN-REP-10500,SYN-U-14497,SYN-LN-5500,5000.0,1250.0,2025-10-10,2025-10-10,0,1250.0,0
SYN-REP-10501,SYN-U-14756,SYN-LN-5501,40000.0,10000.0,2025-10-06,2025-10-07,1,10000.0,0
SYN-REP-10502,SYN-U-19958,SYN-LN-5502,40000.0,10000.0,2026-04-24,2026-04-25,1,10000.0,0
SYN-REP-10503,SYN-U-11625,SYN-LN-5503,5000.0,1250.0,2025-06-30,2025-06-30,0,1250.0,0
SYN-REP-10504,SYN-U-13011,SYN-LN-5504,40000.0,10000.0,2026-06-16,2026-06-16,0,10000.0,0
SYN-REP-10505,SYN-U-15186,SYN-LN-5505,5000.0,1250.0,2025-12-24,2025-12-28,4,1250.0,0
SYN-REP-10506,SYN-U-15664,SYN-LN-5506,25000.0,6250.0,2026-05-04,2026-05-04,0,6250.0,0
SYN-REP-10507,SYN-U-11135,SYN-LN-5507,10000.0,2500.0,2025-08-19,2025-08-19,0,2500.0,0
SYN-REP-10508,SYN-U-14238,SYN-LN-5508,10000.0,2500.0,2026-02-06,2026-02-06,0,2500.0,0
SYN-REP-10509,SYN-U-18654,SYN-LN-5509,15000.0,3750.0,2026-04-20,2026-04-20,0,3750.0,0
SYN-REP-10510,SYN-U-17932,SYN-LN-5510,10000.0,2500.0,2026-01-13,2026-01-13,0,2500.0,0
SYN-REP-10511,SYN-U-16759,SYN-LN-5511,40000.0,10000.0,2026-02-25,2026-02-25,0,10000.0,0
SYN-REP-10512,SYN-U-13764,SYN-LN-5512,25000.0,6250.0,2025-06-18,2025-06-18,0,6250.0,0
SYN-REP-10513,SYN-U-11767,SYN-LN-5513,15000.0,3750.0,2026-07-24,2026-07-24,0,3750.0,0
SYN-REP-10514,SYN-U-15054,SYN-LN-5514,25000.0,6250.0,2026-04-02,2026-04-02,0,6250.0,0
SYN-REP-10515,SYN-U-16469,SYN-LN-5515,5000.0,1250.0,2025-10-26,2025-10-26,0,1250.0,0
SYN-REP-10516,SYN-U-15055,SYN-LN-5516,5000.0,1250.0,2026-08-07,2026-08-07,0,1250.0,0
SYN-REP-10517,SYN-U-12267,SYN-LN-5517,15000.0,3750.0,2026-05-07,2026-05-09,2,3750.0,0
SYN-REP-10518,SYN-U-13732,SYN-LN-5518,15000.0,3750.0,2026-04-20,2026-04-20,0,3750.0,0
SYN-REP-10519,SYN-U-13186,SYN-LN-5519,15000.0,3750.0,2026-04-22,2026-04-22,0,3750.0,0
SYN-REP-10520,SYN-U-14837,SYN-LN-5520,10000.0,2500.0,2025-12-31,2025-12-31,0,2500.0,0
SYN-REP-10521,SYN-U-19500,SYN-LN-5521,10000.0,2500.0,2026-06-15,2026-06-15,0,2500.0,0
SYN-REP-10522,SYN-U-12937,SYN-LN-5522,15000.0,3750.0,2026-05-15,2026-05-15,0,3750.0,0
SYN-REP-10523,SYN-U-12631,SYN-LN-5523,10000.0,2500.0,2026-04-22,2026-04-22,0,2500.0,0
SYN-REP-10524,SYN-U-17958,SYN-LN-5524,15000.0,3750.0,2025-09-22,2025-09-24,2,3750.0,0
SYN-REP-10525,SYN-U-12737,SYN-LN-5525,15000.0,3750.0,2026-03-30,2026-03-30,0,3750.0,0
SYN-REP-10526,SYN-U-19740,SYN-LN-5526,40000.0,10000.0,2025-11-28,2025-11-28,0,10000.0,0
SYN-REP-10527,SYN-U-18931,SYN-LN-5527,25000.0,6250.0,2026-05-14,2026-05-14,0,6250.0,0
SYN-REP-10528,SYN-U-16893,SYN-LN-5528,10000.0,2500.0,2025-12-20,2025-12-20,0,2500.0,0
SYN-REP-10529,SYN-U-13622,SYN-LN-5529,5000.0,1250.0,2026-03-10,2026-03-13,3,1250.0,0
SYN-REP-10530,SYN-U-12891,SYN-LN-5530,10000.0,2500.0,2026-06-14,2026-06-14,0,2500.0,0
SYN-REP-10531,SYN-U-16201,SYN-LN-5531,10000.0,2500.0,2026-08-10,2026-08-10,0,2500.0,0
SYN-REP-10532,SYN-U-15161,SYN-LN-5532,40000.0,10000.0,2025-06-10,2025-06-13,3,10000.0,0
SYN-REP-10533,SYN-U-12255,SYN-LN-5533,5000.0,1250.0,2026-08-17,2026-08-17,0,1250.0,0
SYN-REP-10534,SYN-U-14592,SYN-LN-5534,15000.0,3750.0,2026-07-04,2026-07-04,0,3750.0,0
SYN-REP-10535,SYN-U-10751,SYN-LN-5535,5000.0,1250.0,2025-11-09,2025-11-09,0,1250.0,0
SYN-REP-10536,SYN-U-17989,SYN-LN-5536,40000.0,10000.0,2025-11-12,2025-11-12,0,10000.0,0
SYN-REP-10537,SYN-U-15065,SYN-LN-5537,10000.0,2500.0,2026-02-25,2026-02-27,2,2500.0,0
SYN-REP-10538,SYN-U-14196,SYN-LN-5538,40000.0,10000.0,2026-05-07,2026-05-07,0,10000.0,0
SYN-REP-10539,SYN-U-18571,SYN-LN-5539,10000.0,2500.0,2025-10-10,2025-10-10,0,2500.0,0
SYN-REP-10540,SYN-U-18141,SYN-LN-5540,10000.0,2500.0,2025-08-08,2025-08-08,0,2500.0,0
SYN-REP-10541,SYN-U-11093,SYN-LN-5541,10000.0,2500.0,2026-05-26,2026-05-26,0,2500.0,0
SYN-REP-10542,SYN-U-16485,SYN-LN-5542,25000.0,6250.0,2025-07-06,2025-07-06,0,6250.0,0
SYN-REP-10543,SYN-U-15139,SYN-LN-5543,5000.0,1250.0,2026-03-12,2026-03-12,0,1250.0,0
SYN-REP-10544,SYN-U-12529,SYN-LN-5544,10000.0,2500.0,2026-08-18,2026-08-18,0,2500.0,0
SYN-REP-10545,SYN-U-12971,SYN-LN-5545,10000.0,2500.0,2025-07-01,2025-07-01,0,2500.0,0
SYN-REP-10546,SYN-U-10403,SYN-LN-5546,25000.0,6250.0,2026-05-09,2026-05-09,0,6250.0,0
SYN-REP-10547,SYN-U-10823,SYN-LN-5547,25000.0,6250.0,2026-05-19,2026-05-19,0,6250.0,0
SYN-REP-10548,SYN-U-10838,SYN-LN-5548,15000.0,3750.0,2025-10-16,2025-10-17,1,3750.0,0
SYN-REP-10549,SYN-U-14134,SYN-LN-5549,5000.0,1250.0,2026-06-14,2026-06-14,0,1250.0,0
SYN-REP-10550,SYN-U-11823,SYN-LN-5550,15000.0,3750.0,2025-09-07,2025-09-07,0,3750.0,0
SYN-REP-10551,SYN-U-13546,SYN-LN-5551,5000.0,1250.0,2026-01-15,2026-01-15,0,1250.0,0
SYN-REP-10552,SYN-U-19973,SYN-LN-5552,25000.0,6250.0,2025-11-05,2025-11-05,0,6250.0,0
SYN-REP-10553,SYN-U-13226,SYN-LN-5553,25000.0,6250.0,2026-03-16,2026-03-16,0,6250.0,0
SYN-REP-10554,SYN-U-13767,SYN-LN-5554,15000.0,3750.0,2025-11-17,2025-11-17,0,3750.0,0
SYN-REP-10555,SYN-U-16476,SYN-LN-5555,15000.0,3750.0,2026-03-05,2026-03-05,0,3750.0,0
SYN-REP-10556,SYN-U-15585,SYN-LN-5556,25000.0,6250.0,2025-11-11,2025-11-11,0,6250.0,0
SYN-REP-10557,SYN-U-16823,SYN-LN-5557,5000.0,1250.0,2026-01-18,2026-01-18,0,1250.0,0
SYN-REP-10558,SYN-U-15515,SYN-LN-5558,40000.0,10000.0,2025-08-12,2025-08-12,0,10000.0,0
SYN-REP-10559,SYN-U-15836,SYN-LN-5559,40000.0,10000.0,2026-07-30,2026-07-30,0,10000.0,0
SYN-REP-10560,SYN-U-10596,SYN-LN-5560,40000.0,10000.0,2026-02-09,2026-02-09,0,10000.0,0
SYN-REP-10561,SYN-U-10041,SYN-LN-5561,15000.0,3750.0,2025-09-19,2025-09-19,0,3750.0,0
SYN-REP-10562,SYN-U-10909,SYN-LN-5562,15000.0,3750.0,2026-03-20,2026-03-20,0,3750.0,0
SYN-REP-10563,SYN-U-17417,SYN-LN-5563,25000.0,6250.0,2026-03-07,2026-03-08,1,6250.0,0
SYN-REP-10564,SYN-U-11394,SYN-LN-5564,5000.0,1250.0,2026-01-25,2026-01-25,0,1250.0,0
SYN-REP-10565,SYN-U-17664,SYN-LN-5565,5000.0,1250.0,2025-10-22,2025-10-22,0,1250.0,0
SYN-REP-10566,SYN-U-14231,SYN-LN-5566,5000.0,1250.0,2026-08-21,2026-08-21,0,1250.0,0
SYN-REP-10567,SYN-U-12074,SYN-LN-5567,25000.0,6250.0,2025-08-02,2025-08-05,3,6250.0,0
SYN-REP-10568,SYN-U-13403,SYN-LN-5568,40000.0,10000.0,2025-09-13,2025-09-13,0,10000.0,0
SYN-REP-10569,SYN-U-15379,SYN-LN-5569,5000.0,1250.0,2026-01-03,2026-01-03,0,1250.0,0
SYN-REP-10570,SYN-U-13966,SYN-LN-5570,25000.0,6250.0,2025-06-24,2025-06-24,0,6250.0,0
SYN-REP-10571,SYN-U-19300,SYN-LN-5571,25000.0,6250.0,2025-06-29,2025-06-29,0,6250.0,0
SYN-REP-10572,SYN-U-11447,SYN-LN-5572,5000.0,1250.0,2025-06-30,2025-06-30,0,1250.0,0
SYN-REP-10573,SYN-U-12744,SYN-LN-5573,15000.0,3750.0,2026-01-03,2026-01-03,0,3750.0,0
SYN-REP-10574,SYN-U-17432,SYN-LN-5574,5000.0,1250.0,2026-04-19,2026-04-21,2,1250.0,0
SYN-REP-10575,SYN-U-13339,SYN-LN-5575,40000.0,10000.0,2026-08-20,2026-08-20,0,10000.0,0
SYN-REP-10576,SYN-U-19643,SYN-LN-5576,25000.0,6250.0,2026-05-08,2026-05-08,0,6250.0,0
SYN-REP-10577,SYN-U-16873,SYN-LN-5577,10000.0,2500.0,2025-09-03,2025-09-03,0,2500.0,0
SYN-REP-10578,SYN-U-16462,SYN-LN-5578,5000.0,1250.0,2025-09-07,2025-09-07,0,1250.0,0
SYN-REP-10579,SYN-U-18250,SYN-LN-5579,5000.0,1250.0,2026-04-26,2026-04-26,0,1250.0,0
SYN-REP-10580,SYN-U-15943,SYN-LN-5580,40000.0,10000.0,2026-01-31,2026-01-31,0,10000.0,0
SYN-REP-10581,SYN-U-16369,SYN-LN-5581,15000.0,3750.0,2025-12-31,2025-12-31,0,3750.0,0
SYN-REP-10582,SYN-U-15632,SYN-LN-5582,15000.0,3750.0,2025-09-26,2025-09-26,0,3750.0,0
SYN-REP-10583,SYN-U-14752,SYN-LN-5583,10000.0,2500.0,2026-04-17,2026-04-17,0,2500.0,0
SYN-REP-10584,SYN-U-11163,SYN-LN-5584,15000.0,3750.0,2026-06-28,2026-06-28,0,3750.0,0
SYN-REP-10585,SYN-U-13937,SYN-LN-5585,5000.0,1250.0,2025-06-03,2025-06-03,0,1250.0,0
SYN-REP-10586,SYN-U-19943,SYN-LN-5586,15000.0,3750.0,2025-09-11,2025-09-11,0,3750.0,0
SYN-REP-10587,SYN-U-13710,SYN-LN-5587,15000.0,3750.0,2025-11-03,2025-11-03,0,3750.0,0
SYN-REP-10588,SYN-U-14376,SYN-LN-5588,5000.0,1250.0,2025-11-09,2025-11-09,0,1250.0,0
SYN-REP-10589,SYN-U-18654,SYN-LN-5589,25000.0,6250.0,2025-12-23,2025-12-23,0,6250.0,0
SYN-REP-10590,SYN-U-14077,SYN-LN-5590,25000.0,6250.0,2026-07-23,2026-07-23,0,6250.0,0
SYN-REP-10591,SYN-U-15092,SYN-LN-5591,25000.0,6250.0,2026-06-14,2026-06-14,0,6250.0,0
SYN-REP-10592,SYN-U-19652,SYN-LN-5592,40000.0,10000.0,2026-05-30,2026-05-30,0,10000.0,0
SYN-REP-10593,SYN-U-17049,SYN-LN-5593,5000.0,1250.0,2026-05-07,2026-05-07,0,1250.0,0
SYN-REP-10594,SYN-U-14710,SYN-LN-5594,10000.0,2500.0,2026-04-27,2026-04-27,0,2500.0,0
SYN-REP-10595,SYN-U-17825,SYN-LN-5595,10000.0,2500.0,2026-03-29,2026-03-29,0,2500.0,0
SYN-REP-10596,SYN-U-14268,SYN-LN-5596,5000.0,1250.0,2025-06-30,2025-07-03,3,1250.0,0
SYN-REP-10597,SYN-U-19909,SYN-LN-5597,15000.0,3750.0,2026-07-17,2026-07-17,0,3750.0,0
SYN-REP-10598,SYN-U-18680,SYN-LN-5598,10000.0,2500.0,2026-04-11,2026-04-11,0,2500.0,0
SYN-REP-10599,SYN-U-11657,SYN-LN-5599,25000.0,6250.0,2026-03-12,2026-03-12,0,6250.0,0
SYN-REP-10600,SYN-U-18851,SYN-LN-5600,5000.0,1250.0,2026-07-16,2026-07-16,0,1250.0,0
SYN-REP-10601,SYN-U-15751,SYN-LN-5601,5000.0,1250.0,2026-07-26,2026-07-26,0,1250.0,0
SYN-REP-10602,SYN-U-15992,SYN-LN-5602,5000.0,1250.0,2026-03-11,2026-03-11,0,1250.0,0
SYN-REP-10603,SYN-U-16395,SYN-LN-5603,10000.0,2500.0,2026-06-07,2026-06-08,1,2500.0,0
SYN-REP-10604,SYN-U-11977,SYN-LN-5604,25000.0,6250.0,2026-08-11,2026-08-11,0,6250.0,0
SYN-REP-10605,SYN-U-17469,SYN-LN-5605,40000.0,10000.0,2026-06-13,2026-06-13,0,10000.0,0
SYN-REP-10606,SYN-U-12405,SYN-LN-5606,25000.0,6250.0,2026-03-19,2026-03-19,0,6250.0,0
SYN-REP-10607,SYN-U-17477,SYN-LN-5607,25000.0,6250.0,2025-09-08,2025-09-08,0,6250.0,0
SYN-REP-10608,SYN-U-12916,SYN-LN-5608,15000.0,3750.0,2026-06-09,2026-06-13,4,3750.0,0
SYN-REP-10609,SYN-U-18987,SYN-LN-5609,40000.0,10000.0,2026-05-21,2026-05-21,0,10000.0,0
SYN-REP-10610,SYN-U-18132,SYN-LN-5610,40000.0,10000.0,2025-11-16,2025-11-20,4,10000.0,0
SYN-REP-10611,SYN-U-18107,SYN-LN-5611,40000.0,10000.0,2025-12-06,2025-12-06,0,10000.0,0
SYN-REP-10612,SYN-U-13747,SYN-LN-5612,5000.0,1250.0,2025-10-12,2025-10-12,0,1250.0,0
SYN-REP-10613,SYN-U-15483,SYN-LN-5613,10000.0,2500.0,2025-10-31,2025-10-31,0,2500.0,0
SYN-REP-10614,SYN-U-17043,SYN-LN-5614,5000.0,1250.0,2025-09-11,2025-09-11,0,1250.0,0
SYN-REP-10615,SYN-U-13351,SYN-LN-5615,40000.0,10000.0,2026-01-22,2026-01-22,0,10000.0,0
SYN-REP-10616,SYN-U-11637,SYN-LN-5616,40000.0,10000.0,2026-07-15,2026-07-15,0,10000.0,0
SYN-REP-10617,SYN-U-12934,SYN-LN-5617,15000.0,3750.0,2025-09-21,2025-09-21,0,3750.0,0
SYN-REP-10618,SYN-U-16132,SYN-LN-5618,10000.0,2500.0,2026-08-02,2026-08-02,0,2500.0,0
SYN-REP-10619,SYN-U-10279,SYN-LN-5619,5000.0,1250.0,2025-12-14,2025-12-14,0,1250.0,0
SYN-REP-10620,SYN-U-14472,SYN-LN-5620,40000.0,10000.0,2026-01-08,2026-01-08,0,10000.0,0
SYN-REP-10621,SYN-U-10747,SYN-LN-5621,5000.0,1250.0,2025-07-14,2025-07-14,0,1250.0,0
SYN-REP-10622,SYN-U-17635,SYN-LN-5622,5000.0,1250.0,2026-04-03,2026-04-03,0,1250.0,0
SYN-REP-10623,SYN-U-13202,SYN-LN-5623,15000.0,3750.0,2026-06-05,2026-06-05,0,3750.0,0
SYN-REP-10624,SYN-U-17130,SYN-LN-5624,40000.0,10000.0,2026-03-25,2026-03-25,0,10000.0,0
SYN-REP-10625,SYN-U-15128,SYN-LN-5625,5000.0,1250.0,2026-08-20,2026-08-20,0,1250.0,0
SYN-REP-10626,SYN-U-10932,SYN-LN-5626,40000.0,10000.0,2025-11-28,2025-11-28,0,10000.0,0
SYN-REP-10627,SYN-U-14802,SYN-LN-5627,5000.0,1250.0,2025-11-26,2025-11-26,0,1250.0,0
SYN-REP-10628,SYN-U-10564,SYN-LN-5628,15000.0,3750.0,2025-12-25,2025-12-25,0,3750.0,0
SYN-REP-10629,SYN-U-16133,SYN-LN-5629,25000.0,6250.0,2026-07-13,2026-07-13,0,6250.0,0
SYN-REP-10630,SYN-U-12209,SYN-LN-5630,40000.0,10000.0,2026-03-17,2026-03-17,0,10000.0,0
SYN-REP-10631,SYN-U-16170,SYN-LN-5631,5000.0,1250.0,2026-03-09,2026-03-09,0,1250.0,0
SYN-REP-10632,SYN-U-12922,SYN-LN-5632,10000.0,2500.0,2025-07-17,2025-07-17,0,2500.0,0
SYN-REP-10633,SYN-U-16397,SYN-LN-5633,5000.0,1250.0,2025-10-15,2025-10-15,0,1250.0,0
SYN-REP-10634,SYN-U-13917,SYN-LN-5634,5000.0,1250.0,2026-03-19,2026-03-19,0,1250.0,0
SYN-REP-10635,SYN-U-15026,SYN-LN-5635,40000.0,10000.0,2026-03-30,2026-03-30,0,10000.0,0
SYN-REP-10636,SYN-U-11642,SYN-LN-5636,40000.0,10000.0,2026-04-18,2026-04-18,0,10000.0,0
SYN-REP-10637,SYN-U-17306,SYN-LN-5637,40000.0,10000.0,2026-06-15,2026-06-15,0,10000.0,0
SYN-REP-10638,SYN-U-10810,SYN-LN-5638,40000.0,10000.0,2026-08-13,2026-08-13,0,10000.0,0
SYN-REP-10639,SYN-U-15231,SYN-LN-5639,5000.0,1250.0,2026-07-26,2026-07-26,0,1250.0,0
SYN-REP-10640,SYN-U-12594,SYN-LN-5640,15000.0,3750.0,2025-12-12,2025-12-12,0,3750.0,0
SYN-REP-10641,SYN-U-19676,SYN-LN-5641,25000.0,6250.0,2026-08-23,2026-08-23,0,6250.0,0
SYN-REP-10642,SYN-U-15936,SYN-LN-5642,10000.0,2500.0,2025-08-07,2025-08-07,0,2500.0,0
SYN-REP-10643,SYN-U-19011,SYN-LN-5643,10000.0,2500.0,2025-07-30,2025-07-30,0,2500.0,0
SYN-REP-10644,SYN-U-10841,SYN-LN-5644,25000.0,6250.0,2025-12-16,2025-12-16,0,6250.0,0
SYN-REP-10645,SYN-U-15384,SYN-LN-5645,5000.0,1250.0,2026-07-12,2026-07-12,0,1250.0,0
SYN-REP-10646,SYN-U-18444,SYN-LN-5646,40000.0,10000.0,2025-09-30,2025-09-30,0,10000.0,0
SYN-REP-10647,SYN-U-18746,SYN-LN-5647,40000.0,10000.0,2026-02-16,2026-02-16,0,10000.0,0
SYN-REP-10648,SYN-U-11626,SYN-LN-5648,10000.0,2500.0,2026-01-24,2026-01-24,0,2500.0,0
SYN-REP-10649,SYN-U-14781,SYN-LN-5649,10000.0,2500.0,2025-08-28,2025-08-28,0,2500.0,0
SYN-REP-10650,SYN-U-19435,SYN-LN-5650,15000.0,3750.0,2025-11-13,2025-11-13,0,3750.0,0
SYN-REP-10651,SYN-U-12406,SYN-LN-5651,15000.0,3750.0,2025-09-22,2025-09-22,0,3750.0,0
SYN-REP-10652,SYN-U-10820,SYN-LN-5652,5000.0,1250.0,2026-05-10,2026-05-10,0,1250.0,0
SYN-REP-10653,SYN-U-18197,SYN-LN-5653,40000.0,10000.0,2025-08-14,2025-08-14,0,10000.0,0
SYN-REP-10654,SYN-U-12896,SYN-LN-5654,25000.0,6250.0,2025-09-25,2025-09-25,0,6250.0,0
SYN-REP-10655,SYN-U-12691,SYN-LN-5655,5000.0,1250.0,2025-10-09,2025-10-09,0,1250.0,0
SYN-REP-10656,SYN-U-17498,SYN-LN-5656,40000.0,10000.0,2026-06-05,,88,791.29,1
SYN-REP-10657,SYN-U-19288,SYN-LN-5657,10000.0,2500.0,2025-07-13,2025-07-13,0,2500.0,0
SYN-REP-10658,SYN-U-19656,SYN-LN-5658,5000.0,1250.0,2026-04-12,2026-04-12,0,1250.0,0
SYN-REP-10659,SYN-U-17347,SYN-LN-5659,25000.0,6250.0,2025-06-28,2025-06-28,0,6250.0,0
SYN-REP-10660,SYN-U-15315,SYN-LN-5660,10000.0,2500.0,2026-06-20,2026-06-20,0,2500.0,0
SYN-REP-10661,SYN-U-15063,SYN-LN-5661,40000.0,10000.0,2026-07-07,2026-07-07,0,10000.0,0
SYN-REP-10662,SYN-U-13166,SYN-LN-5662,40000.0,10000.0,2025-07-31,2025-09-11,42,10000.0,0
SYN-REP-10663,SYN-U-17826,SYN-LN-5663,40000.0,10000.0,2025-07-27,2025-07-27,0,10000.0,0
SYN-REP-10664,SYN-U-19399,SYN-LN-5664,10000.0,2500.0,2025-08-13,2025-08-16,3,2500.0,0
SYN-REP-10665,SYN-U-17064,SYN-LN-5665,15000.0,3750.0,2025-09-11,,80,331.32,1
SYN-REP-10666,SYN-U-14834,SYN-LN-5666,10000.0,2500.0,2025-12-07,2025-12-07,0,2500.0,0
SYN-REP-10667,SYN-U-19117,SYN-LN-5667,10000.0,2500.0,2026-05-20,2026-05-20,0,2500.0,0
SYN-REP-10668,SYN-U-15859,SYN-LN-5668,25000.0,6250.0,2025-06-08,2025-06-12,4,6250.0,0
SYN-REP-10669,SYN-U-16483,SYN-LN-5669,15000.0,3750.0,2025-08-04,2025-08-04,0,3750.0,0
SYN-REP-10670,SYN-U-19144,SYN-LN-5670,25000.0,6250.0,2026-07-21,2026-07-21,0,6250.0,0
SYN-REP-10671,SYN-U-16026,SYN-LN-5671,40000.0,10000.0,2026-07-25,2026-07-25,0,10000.0,0
SYN-REP-10672,SYN-U-18046,SYN-LN-5672,5000.0,1250.0,2025-07-03,2025-07-03,0,1250.0,0
SYN-REP-10673,SYN-U-14225,SYN-LN-5673,25000.0,6250.0,2026-05-23,2026-05-23,0,6250.0,0
SYN-REP-10674,SYN-U-14817,SYN-LN-5674,40000.0,10000.0,2025-07-21,2025-07-21,0,10000.0,0
SYN-REP-10675,SYN-U-19261,SYN-LN-5675,40000.0,10000.0,2025-11-01,2025-11-01,0,10000.0,0
SYN-REP-10676,SYN-U-19308,SYN-LN-5676,25000.0,6250.0,2026-02-08,2026-02-08,0,6250.0,0
SYN-REP-10677,SYN-U-16021,SYN-LN-5677,10000.0,2500.0,2026-07-03,2026-07-03,0,2500.0,0
SYN-REP-10678,SYN-U-10812,SYN-LN-5678,15000.0,3750.0,2025-08-03,2025-08-03,0,3750.0,0
SYN-REP-10679,SYN-U-16536,SYN-LN-5679,40000.0,10000.0,2025-09-05,2025-09-05,0,10000.0,0
SYN-REP-10680,SYN-U-10882,SYN-LN-5680,40000.0,10000.0,2026-01-31,2026-01-31,0,10000.0,0
SYN-REP-10681,SYN-U-16230,SYN-LN-5681,40000.0,10000.0,2026-01-01,2026-01-01,0,10000.0,0
SYN-REP-10682,SYN-U-15523,SYN-LN-5682,10000.0,2500.0,2025-12-08,2025-12-08,0,2500.0,0
SYN-REP-10683,SYN-U-11183,SYN-LN-5683,15000.0,3750.0,2025-06-13,2025-06-13,0,3750.0,0
SYN-REP-10684,SYN-U-19841,SYN-LN-5684,25000.0,6250.0,2026-03-09,2026-03-09,0,6250.0,0
SYN-REP-10685,SYN-U-18380,SYN-LN-5685,25000.0,6250.0,2025-08-30,2025-08-30,0,6250.0,0
SYN-REP-10686,SYN-U-18290,SYN-LN-5686,40000.0,10000.0,2025-11-14,2025-11-14,0,10000.0,0
SYN-REP-10687,SYN-U-16880,SYN-LN-5687,25000.0,6250.0,2025-12-28,2025-12-28,0,6250.0,0
SYN-REP-10688,SYN-U-19584,SYN-LN-5688,40000.0,10000.0,2026-01-28,2026-01-28,0,10000.0,0
SYN-REP-10689,SYN-U-16820,SYN-LN-5689,40000.0,10000.0,2026-02-28,2026-02-28,0,10000.0,0
SYN-REP-10690,SYN-U-13796,SYN-LN-5690,15000.0,3750.0,2025-07-13,2025-07-13,0,3750.0,0
SYN-REP-10691,SYN-U-13214,SYN-LN-5691,10000.0,2500.0,2025-06-30,2025-06-30,0,2500.0,0
SYN-REP-10692,SYN-U-19938,SYN-LN-5692,5000.0,1250.0,2025-09-27,2025-09-27,0,1250.0,0
SYN-REP-10693,SYN-U-10891,SYN-LN-5693,5000.0,1250.0,2025-07-20,2025-07-20,0,1250.0,0
SYN-REP-10694,SYN-U-19219,SYN-LN-5694,25000.0,6250.0,2025-06-03,2025-06-03,0,6250.0,0
SYN-REP-10695,SYN-U-17724,SYN-LN-5695,15000.0,3750.0,2026-08-17,2026-08-17,0,3750.0,0
SYN-REP-10696,SYN-U-12930,SYN-LN-5696,25000.0,6250.0,2026-06-25,2026-06-25,0,6250.0,0
SYN-REP-10697,SYN-U-10661,SYN-LN-5697,5000.0,1250.0,2026-02-17,2026-02-17,0,1250.0,0
SYN-REP-10698,SYN-U-14572,SYN-LN-5698,10000.0,2500.0,2025-09-21,2025-09-21,0,2500.0,0
SYN-REP-10699,SYN-U-13237,SYN-LN-5699,15000.0,3750.0,2025-10-18,2025-10-18,0,3750.0,0
SYN-REP-10700,SYN-U-15032,SYN-LN-5700,15000.0,3750.0,2025-07-29,2025-07-29,0,3750.0,0
SYN-REP-10701,SYN-U-13624,SYN-LN-5701,40000.0,10000.0,2025-06-13,2025-06-13,0,10000.0,0
SYN-REP-10702,SYN-U-10718,SYN-LN-5702,40000.0,10000.0,2025-07-21,2025-07-21,0,10000.0,0
SYN-REP-10703,SYN-U-18821,SYN-LN-5703,10000.0,2500.0,2025-07-27,2025-07-27,0,2500.0,0
SYN-REP-10704,SYN-U-17886,SYN-LN-5704,15000.0,3750.0,2026-06-07,2026-06-07,0,3750.0,0
SYN-REP-10705,SYN-U-19629,SYN-LN-5705,25000.0,6250.0,2025-09-07,2025-09-07,0,6250.0,0
SYN-REP-10706,SYN-U-18453,SYN-LN-5706,15000.0,3750.0,2025-12-02,2025-12-02,0,3750.0,0
SYN-REP-10707,SYN-U-14426,SYN-LN-5707,40000.0,10000.0,2025-09-09,2025-09-09,0,10000.0,0
SYN-REP-10708,SYN-U-12160,SYN-LN-5708,25000.0,6250.0,2026-08-08,2026-08-08,0,6250.0,0
SYN-REP-10709,SYN-U-12744,SYN-LN-5709,10000.0,2500.0,2025-10-17,2025-10-17,0,2500.0,0
SYN-REP-10710,SYN-U-15957,SYN-LN-5710,25000.0,6250.0,2025-12-24,2025-12-24,0,6250.0,0
SYN-REP-10711,SYN-U-14061,SYN-LN-5711,25000.0,6250.0,2026-06-11,2026-06-11,0,6250.0,0
SYN-REP-10712,SYN-U-13729,SYN-LN-5712,40000.0,10000.0,2026-04-24,2026-04-24,0,10000.0,0
SYN-REP-10713,SYN-U-13523,SYN-LN-5713,5000.0,1250.0,2026-04-05,2026-04-06,1,1250.0,0
SYN-REP-10714,SYN-U-12064,SYN-LN-5714,15000.0,3750.0,2026-08-04,2026-08-04,0,3750.0,0
SYN-REP-10715,SYN-U-10870,SYN-LN-5715,5000.0,1250.0,2026-04-02,2026-04-04,2,1250.0,0
SYN-REP-10716,SYN-U-10878,SYN-LN-5716,15000.0,3750.0,2026-07-11,2026-07-14,3,3750.0,0
SYN-REP-10717,SYN-U-13511,SYN-LN-5717,10000.0,2500.0,2026-06-30,2026-06-30,0,2500.0,0
SYN-REP-10718,SYN-U-14710,SYN-LN-5718,25000.0,6250.0,2026-03-06,2026-03-06,0,6250.0,0
SYN-REP-10719,SYN-U-15558,SYN-LN-5719,5000.0,1250.0,2026-07-07,2026-07-11,4,1250.0,0
SYN-REP-10720,SYN-U-12380,SYN-LN-5720,5000.0,1250.0,2026-02-08,2026-02-08,0,1250.0,0
SYN-REP-10721,SYN-U-11536,SYN-LN-5721,40000.0,10000.0,2025-10-05,2025-10-05,0,10000.0,0
SYN-REP-10722,SYN-U-16281,SYN-LN-5722,5000.0,1250.0,2025-09-06,2025-09-06,0,1250.0,0
SYN-REP-10723,SYN-U-14436,SYN-LN-5723,15000.0,3750.0,2025-11-24,2026-01-21,58,3750.0,0
SYN-REP-10724,SYN-U-10130,SYN-LN-5724,5000.0,1250.0,2026-01-27,2026-01-27,0,1250.0,0
SYN-REP-10725,SYN-U-10726,SYN-LN-5725,10000.0,2500.0,2025-12-21,2025-12-21,0,2500.0,0
SYN-REP-10726,SYN-U-12098,SYN-LN-5726,15000.0,3750.0,2025-10-23,2025-10-24,1,3750.0,0
SYN-REP-10727,SYN-U-14665,SYN-LN-5727,10000.0,2500.0,2026-03-20,2026-03-20,0,2500.0,0
SYN-REP-10728,SYN-U-16242,SYN-LN-5728,25000.0,6250.0,2026-07-28,2026-07-28,0,6250.0,0
SYN-REP-10729,SYN-U-16282,SYN-LN-5729,40000.0,10000.0,2026-05-08,2026-05-08,0,10000.0,0
SYN-REP-10730,SYN-U-16474,SYN-LN-5730,5000.0,1250.0,2026-06-18,2026-06-18,0,1250.0,0
SYN-REP-10731,SYN-U-10863,SYN-LN-5731,25000.0,6250.0,2026-08-09,2026-08-09,0,6250.0,0
SYN-REP-10732,SYN-U-10826,SYN-LN-5732,10000.0,2500.0,2026-06-29,2026-06-29,0,2500.0,0
SYN-REP-10733,SYN-U-17200,SYN-LN-5733,40000.0,10000.0,2025-09-01,2025-10-11,40,10000.0,0
SYN-REP-10734,SYN-U-15600,SYN-LN-5734,40000.0,10000.0,2025-12-28,2025-12-28,0,10000.0,0
SYN-REP-10735,SYN-U-11672,SYN-LN-5735,25000.0,6250.0,2026-05-05,2026-05-05,0,6250.0,0
SYN-REP-10736,SYN-U-17153,SYN-LN-5736,40000.0,10000.0,2025-10-25,2025-10-26,1,10000.0,0
SYN-REP-10737,SYN-U-14507,SYN-LN-5737,5000.0,1250.0,2025-08-16,2025-08-16,0,1250.0,0
SYN-REP-10738,SYN-U-17395,SYN-LN-5738,15000.0,3750.0,2026-01-05,2026-02-07,33,3750.0,0
SYN-REP-10739,SYN-U-12093,SYN-LN-5739,5000.0,1250.0,2025-10-30,2025-11-01,2,1250.0,0
SYN-REP-10740,SYN-U-11027,SYN-LN-5740,40000.0,10000.0,2025-06-30,2025-06-30,0,10000.0,0
SYN-REP-10741,SYN-U-14477,SYN-LN-5741,25000.0,6250.0,2026-05-30,2026-05-30,0,6250.0,0
SYN-REP-10742,SYN-U-17526,SYN-LN-5742,10000.0,2500.0,2025-08-06,2025-08-10,4,2500.0,0
SYN-REP-10743,SYN-U-16707,SYN-LN-5743,40000.0,10000.0,2025-11-15,2025-11-19,4,10000.0,0
SYN-REP-10744,SYN-U-19152,SYN-LN-5744,25000.0,6250.0,2025-07-29,2025-07-29,0,6250.0,0
SYN-REP-10745,SYN-U-13828,SYN-LN-5745,5000.0,1250.0,2025-12-25,2025-12-25,0,1250.0,0
SYN-REP-10746,SYN-U-14976,SYN-LN-5746,10000.0,2500.0,2026-07-26,2026-07-28,2,2500.0,0
SYN-REP-10747,SYN-U-14879,SYN-LN-5747,25000.0,6250.0,2025-09-13,2025-09-13,0,6250.0,0
SYN-REP-10748,SYN-U-19321,SYN-LN-5748,5000.0,1250.0,2025-10-06,2025-10-09,3,1250.0,0
SYN-REP-10749,SYN-U-16567,SYN-LN-5749,15000.0,3750.0,2026-01-29,,83,850.53,1
SYN-REP-10750,SYN-U-19115,SYN-LN-5750,15000.0,3750.0,2026-08-17,2026-08-17,0,3750.0,0
SYN-REP-10751,SYN-U-10461,SYN-LN-5751,10000.0,2500.0,2025-12-20,2025-12-20,0,2500.0,0
SYN-REP-10752,SYN-U-10791,SYN-LN-5752,10000.0,2500.0,2025-12-10,2025-12-10,0,2500.0,0
SYN-REP-10753,SYN-U-12808,SYN-LN-5753,10000.0,2500.0,2025-09-10,2025-09-10,0,2500.0,0
SYN-REP-10754,SYN-U-12111,SYN-LN-5754,15000.0,3750.0,2025-08-04,2025-08-04,0,3750.0,0
SYN-REP-10755,SYN-U-11265,SYN-LN-5755,25000.0,6250.0,2025-09-16,2025-09-16,0,6250.0,0
SYN-REP-10756,SYN-U-18290,SYN-LN-5756,15000.0,3750.0,2025-07-06,2025-09-01,57,3750.0,0
SYN-REP-10757,SYN-U-19832,SYN-LN-5757,25000.0,6250.0,2026-02-22,2026-02-22,0,6250.0,0
SYN-REP-10758,SYN-U-16590,SYN-LN-5758,40000.0,10000.0,2026-03-21,2026-03-21,0,10000.0,0
SYN-REP-10759,SYN-U-11931,SYN-LN-5759,40000.0,10000.0,2025-08-12,2025-08-12,0,10000.0,0
SYN-REP-10760,SYN-U-16886,SYN-LN-5760,15000.0,3750.0,2025-06-19,2025-06-19,0,3750.0,0
SYN-REP-10761,SYN-U-14575,SYN-LN-5761,40000.0,10000.0,2026-04-14,2026-04-14,0,10000.0,0
SYN-REP-10762,SYN-U-17783,SYN-LN-5762,15000.0,3750.0,2025-10-03,2025-10-07,4,3750.0,0
SYN-REP-10763,SYN-U-19626,SYN-LN-5763,40000.0,10000.0,2026-04-21,2026-04-21,0,10000.0,0
SYN-REP-10764,SYN-U-10645,SYN-LN-5764,15000.0,3750.0,2026-05-04,2026-05-04,0,3750.0,0
SYN-REP-10765,SYN-U-11878,SYN-LN-5765,25000.0,6250.0,2026-08-23,2026-08-23,0,6250.0,0
SYN-REP-10766,SYN-U-17761,SYN-LN-5766,5000.0,1250.0,2026-02-02,2026-02-02,0,1250.0,0
SYN-REP-10767,SYN-U-19242,SYN-LN-5767,25000.0,6250.0,2025-07-04,2025-07-04,0,6250.0,0
SYN-REP-10768,SYN-U-15488,SYN-LN-5768,25000.0,6250.0,2025-11-13,2025-11-13,0,6250.0,0
SYN-REP-10769,SYN-U-11275,SYN-LN-5769,25000.0,6250.0,2026-03-02,2026-03-02,0,6250.0,0
SYN-REP-10770,SYN-U-14473,SYN-LN-5770,25000.0,6250.0,2025-12-29,2025-12-29,0,6250.0,0
SYN-REP-10771,SYN-U-18269,SYN-LN-5771,40000.0,10000.0,2026-03-25,2026-03-29,4,10000.0,0
SYN-REP-10772,SYN-U-17284,SYN-LN-5772,15000.0,3750.0,2025-06-18,2025-06-18,0,3750.0,0
SYN-REP-10773,SYN-U-15426,SYN-LN-5773,5000.0,1250.0,2025-11-21,2025-11-21,0,1250.0,0
SYN-REP-10774,SYN-U-13917,SYN-LN-5774,40000.0,10000.0,2025-07-12,2025-07-12,0,10000.0,0
SYN-REP-10775,SYN-U-11242,SYN-LN-5775,40000.0,10000.0,2026-07-11,2026-07-11,0,10000.0,0
SYN-REP-10776,SYN-U-10980,SYN-LN-5776,5000.0,1250.0,2026-07-16,2026-07-20,4,1250.0,0
SYN-REP-10777,SYN-U-18663,SYN-LN-5777,25000.0,6250.0,2026-01-29,2026-03-13,43,6250.0,0
SYN-REP-10778,SYN-U-11617,SYN-LN-5778,10000.0,2500.0,2026-06-22,2026-06-22,0,2500.0,0
SYN-REP-10779,SYN-U-17054,SYN-LN-5779,15000.0,3750.0,2026-05-23,2026-05-23,0,3750.0,0
SYN-REP-10780,SYN-U-14232,SYN-LN-5780,10000.0,2500.0,2026-05-28,2026-05-28,0,2500.0,0
SYN-REP-10781,SYN-U-14342,SYN-LN-5781,25000.0,6250.0,2026-01-07,2026-01-07,0,6250.0,0
SYN-REP-10782,SYN-U-18730,SYN-LN-5782,25000.0,6250.0,2025-07-24,,88,791.04,1
SYN-REP-10783,SYN-U-12982,SYN-LN-5783,40000.0,10000.0,2026-06-22,2026-06-22,0,10000.0,0
SYN-REP-10784,SYN-U-16278,SYN-LN-5784,5000.0,1250.0,2025-09-21,2025-09-21,0,1250.0,0
SYN-REP-10785,SYN-U-18040,SYN-LN-5785,40000.0,10000.0,2026-08-14,2026-08-14,0,10000.0,0
SYN-REP-10786,SYN-U-16053,SYN-LN-5786,15000.0,3750.0,2025-10-15,2025-10-16,1,3750.0,0
SYN-REP-10787,SYN-U-18437,SYN-LN-5787,10000.0,2500.0,2025-06-26,2025-06-26,0,2500.0,0
SYN-REP-10788,SYN-U-18016,SYN-LN-5788,5000.0,1250.0,2026-01-25,2026-01-25,0,1250.0,0
SYN-REP-10789,SYN-U-13533,SYN-LN-5789,15000.0,3750.0,2025-11-08,2025-11-08,0,3750.0,0
SYN-REP-10790,SYN-U-15354,SYN-LN-5790,5000.0,1250.0,2026-02-23,2026-02-23,0,1250.0,0
SYN-REP-10791,SYN-U-14738,SYN-LN-5791,25000.0,6250.0,2026-08-01,2026-08-01,0,6250.0,0
SYN-REP-10792,SYN-U-12796,SYN-LN-5792,10000.0,2500.0,2025-09-05,2025-09-05,0,2500.0,0
SYN-REP-10793,SYN-U-11654,SYN-LN-5793,5000.0,1250.0,2026-08-16,2026-08-16,0,1250.0,0
SYN-REP-10794,SYN-U-14533,SYN-LN-5794,5000.0,1250.0,2026-07-01,2026-07-01,0,1250.0,0
SYN-REP-10795,SYN-U-11251,SYN-LN-5795,15000.0,3750.0,2025-07-26,2025-07-26,0,3750.0,0
SYN-REP-10796,SYN-U-16887,SYN-LN-5796,15000.0,3750.0,2025-10-12,2025-10-12,0,3750.0,0
SYN-REP-10797,SYN-U-18456,SYN-LN-5797,10000.0,2500.0,2026-04-14,2026-04-14,0,2500.0,0
SYN-REP-10798,SYN-U-15668,SYN-LN-5798,40000.0,10000.0,2026-07-09,2026-07-09,0,10000.0,0
SYN-REP-10799,SYN-U-14533,SYN-LN-5799,25000.0,6250.0,2026-01-03,2026-01-03,0,6250.0,0
SYN-REP-10800,SYN-U-16195,SYN-LN-5800,5000.0,1250.0,2025-11-22,2025-11-26,4,1250.0,0
SYN-REP-10801,SYN-U-12075,SYN-LN-5801,15000.0,3750.0,2026-03-03,2026-03-03,0,3750.0,0
SYN-REP-10802,SYN-U-17738,SYN-LN-5802,5000.0,1250.0,2026-05-13,2026-05-15,2,1250.0,0
SYN-REP-10803,SYN-U-14576,SYN-LN-5803,40000.0,10000.0,2025-10-23,2025-10-23,0,10000.0,0
SYN-REP-10804,SYN-U-19226,SYN-LN-5804,40000.0,10000.0,2025-08-08,2025-08-10,2,10000.0,0
SYN-REP-10805,SYN-U-12428,SYN-LN-5805,5000.0,1250.0,2026-04-13,2026-04-13,0,1250.0,0
SYN-REP-10806,SYN-U-15239,SYN-LN-5806,25000.0,6250.0,2026-01-06,2026-01-06,0,6250.0,0
SYN-REP-10807,SYN-U-14257,SYN-LN-5807,10000.0,2500.0,2026-07-03,2026-07-04,1,2500.0,0
SYN-REP-10808,SYN-U-12465,SYN-LN-5808,5000.0,1250.0,2026-07-12,2026-07-12,0,1250.0,0
SYN-REP-10809,SYN-U-12179,SYN-LN-5809,15000.0,3750.0,2026-01-15,2026-01-15,0,3750.0,0
SYN-REP-10810,SYN-U-19175,SYN-LN-5810,40000.0,10000.0,2025-12-05,2025-12-05,0,10000.0,0
SYN-REP-10811,SYN-U-11181,SYN-LN-5811,5000.0,1250.0,2025-11-14,2025-11-14,0,1250.0,0
SYN-REP-10812,SYN-U-11210,SYN-LN-5812,40000.0,10000.0,2026-02-23,2026-02-23,0,10000.0,0
SYN-REP-10813,SYN-U-16298,SYN-LN-5813,5000.0,1250.0,2026-06-03,2026-06-03,0,1250.0,0
SYN-REP-10814,SYN-U-16395,SYN-LN-5814,40000.0,10000.0,2026-05-04,2026-05-04,0,10000.0,0
SYN-REP-10815,SYN-U-17172,SYN-LN-5815,5000.0,1250.0,2026-06-24,2026-06-24,0,1250.0,0
SYN-REP-10816,SYN-U-18934,SYN-LN-5816,25000.0,6250.0,2025-08-22,2025-08-22,0,6250.0,0
SYN-REP-10817,SYN-U-10107,SYN-LN-5817,5000.0,1250.0,2026-03-25,2026-03-25,0,1250.0,0
SYN-REP-10818,SYN-U-14485,SYN-LN-5818,5000.0,1250.0,2025-07-17,2025-07-17,0,1250.0,0
SYN-REP-10819,SYN-U-12753,SYN-LN-5819,25000.0,6250.0,2025-11-15,2025-11-15,0,6250.0,0
SYN-REP-10820,SYN-U-11397,SYN-LN-5820,25000.0,6250.0,2025-08-17,2025-08-17,0,6250.0,0
SYN-REP-10821,SYN-U-10865,SYN-LN-5821,15000.0,3750.0,2026-01-27,2026-01-28,1,3750.0,0
SYN-REP-10822,SYN-U-10202,SYN-LN-5822,40000.0,10000.0,2026-08-07,2026-08-07,0,10000.0,0
SYN-REP-10823,SYN-U-11904,SYN-LN-5823,25000.0,6250.0,2026-02-02,2026-02-02,0,6250.0,0
SYN-REP-10824,SYN-U-13532,SYN-LN-5824,40000.0,10000.0,2025-12-09,2025-12-09,0,10000.0,0
SYN-REP-10825,SYN-U-13955,SYN-LN-5825,10000.0,2500.0,2026-03-21,2026-04-18,28,2500.0,0
SYN-REP-10826,SYN-U-17856,SYN-LN-5826,15000.0,3750.0,2025-09-14,2025-09-14,0,3750.0,0
SYN-REP-10827,SYN-U-18181,SYN-LN-5827,25000.0,6250.0,2026-02-04,2026-02-04,0,6250.0,0
SYN-REP-10828,SYN-U-18644,SYN-LN-5828,15000.0,3750.0,2025-08-31,2025-08-31,0,3750.0,0
SYN-REP-10829,SYN-U-15295,SYN-LN-5829,15000.0,3750.0,2025-08-04,2025-09-04,31,3750.0,0
SYN-REP-10830,SYN-U-19526,SYN-LN-5830,10000.0,2500.0,2025-10-07,2025-10-07,0,2500.0,0
SYN-REP-10831,SYN-U-14977,SYN-LN-5831,15000.0,3750.0,2026-08-07,2026-08-07,0,3750.0,0
SYN-REP-10832,SYN-U-16029,SYN-LN-5832,15000.0,3750.0,2026-06-10,2026-06-10,0,3750.0,0
SYN-REP-10833,SYN-U-16430,SYN-LN-5833,15000.0,3750.0,2026-01-21,2026-01-21,0,3750.0,0
SYN-REP-10834,SYN-U-12380,SYN-LN-5834,15000.0,3750.0,2025-06-23,2025-06-23,0,3750.0,0
SYN-REP-10835,SYN-U-10511,SYN-LN-5835,25000.0,6250.0,2026-04-20,2026-04-20,0,6250.0,0
SYN-REP-10836,SYN-U-12184,SYN-LN-5836,40000.0,10000.0,2025-10-02,2025-10-02,0,10000.0,0
SYN-REP-10837,SYN-U-12173,SYN-LN-5837,40000.0,10000.0,2026-08-11,2026-08-11,0,10000.0,0
SYN-REP-10838,SYN-U-17233,SYN-LN-5838,40000.0,10000.0,2026-05-10,2026-05-10,0,10000.0,0
SYN-REP-10839,SYN-U-15956,SYN-LN-5839,5000.0,1250.0,2025-07-17,2025-07-17,0,1250.0,0
SYN-REP-10840,SYN-U-11741,SYN-LN-5840,10000.0,2500.0,2026-06-01,2026-06-01,0,2500.0,0
SYN-REP-10841,SYN-U-18615,SYN-LN-5841,40000.0,10000.0,2025-10-03,2025-10-03,0,10000.0,0
SYN-REP-10842,SYN-U-13867,SYN-LN-5842,5000.0,1250.0,2026-07-25,2026-07-25,0,1250.0,0
SYN-REP-10843,SYN-U-11270,SYN-LN-5843,15000.0,3750.0,2026-03-28,2026-03-28,0,3750.0,0
SYN-REP-10844,SYN-U-12610,SYN-LN-5844,15000.0,3750.0,2026-06-03,2026-06-03,0,3750.0,0
SYN-REP-10845,SYN-U-16890,SYN-LN-5845,5000.0,1250.0,2025-06-10,2025-06-10,0,1250.0,0
SYN-REP-10846,SYN-U-19309,SYN-LN-5846,25000.0,6250.0,2026-06-27,2026-06-27,0,6250.0,0
SYN-REP-10847,SYN-U-10904,SYN-LN-5847,15000.0,3750.0,2026-01-11,2026-01-11,0,3750.0,0
SYN-REP-10848,SYN-U-10865,SYN-LN-5848,40000.0,10000.0,2026-08-16,2026-08-16,0,10000.0,0
SYN-REP-10849,SYN-U-15246,SYN-LN-5849,40000.0,10000.0,2025-11-19,2025-11-19,0,10000.0,0
SYN-REP-10850,SYN-U-12529,SYN-LN-5850,15000.0,3750.0,2025-08-04,2025-08-04,0,3750.0,0
SYN-REP-10851,SYN-U-19926,SYN-LN-5851,10000.0,2500.0,2026-02-02,2026-02-02,0,2500.0,0
SYN-REP-10852,SYN-U-10216,SYN-LN-5852,10000.0,2500.0,2026-01-22,2026-01-22,0,2500.0,0
SYN-REP-10853,SYN-U-18044,SYN-LN-5853,25000.0,6250.0,2026-04-03,2026-04-03,0,6250.0,0
SYN-REP-10854,SYN-U-18435,SYN-LN-5854,15000.0,3750.0,2025-10-22,2025-10-22,0,3750.0,0
SYN-REP-10855,SYN-U-14883,SYN-LN-5855,5000.0,1250.0,2025-08-27,2025-08-27,0,1250.0,0
SYN-REP-10856,SYN-U-12018,SYN-LN-5856,5000.0,1250.0,2026-04-21,2026-04-25,4,1250.0,0
SYN-REP-10857,SYN-U-18814,SYN-LN-5857,25000.0,6250.0,2025-08-13,2025-08-13,0,6250.0,0
SYN-REP-10858,SYN-U-12380,SYN-LN-5858,5000.0,1250.0,2025-10-06,2025-10-06,0,1250.0,0
SYN-REP-10859,SYN-U-12380,SYN-LN-5859,25000.0,6250.0,2025-10-05,2025-10-05,0,6250.0,0
SYN-REP-10860,SYN-U-13812,SYN-LN-5860,40000.0,10000.0,2025-07-10,2025-07-10,0,10000.0,0
SYN-REP-10861,SYN-U-19059,SYN-LN-5861,25000.0,6250.0,2026-02-17,2026-02-19,2,6250.0,0
SYN-REP-10862,SYN-U-10514,SYN-LN-5862,5000.0,1250.0,2025-10-08,2025-10-08,0,1250.0,0
SYN-REP-10863,SYN-U-17547,SYN-LN-5863,10000.0,2500.0,2026-05-05,2026-05-05,0,2500.0,0
SYN-REP-10864,SYN-U-17352,SYN-LN-5864,5000.0,1250.0,2026-05-20,2026-05-20,0,1250.0,0
SYN-REP-10865,SYN-U-18280,SYN-LN-5865,10000.0,2500.0,2025-07-04,2025-07-04,0,2500.0,0
SYN-REP-10866,SYN-U-10649,SYN-LN-5866,5000.0,1250.0,2025-06-01,2025-06-01,0,1250.0,0
SYN-REP-10867,SYN-U-13591,SYN-LN-5867,5000.0,1250.0,2025-12-16,2025-12-16,0,1250.0,0
SYN-REP-10868,SYN-U-13661,SYN-LN-5868,15000.0,3750.0,2025-12-01,2025-12-01,0,3750.0,0
SYN-REP-10869,SYN-U-17569,SYN-LN-5869,15000.0,3750.0,2026-02-25,2026-02-25,0,3750.0,0
SYN-REP-10870,SYN-U-16946,SYN-LN-5870,40000.0,10000.0,2025-09-19,2025-09-19,0,10000.0,0
SYN-REP-10871,SYN-U-16868,SYN-LN-5871,5000.0,1250.0,2025-08-23,2025-08-23,0,1250.0,0
SYN-REP-10872,SYN-U-16547,SYN-LN-5872,15000.0,3750.0,2026-07-01,2026-07-01,0,3750.0,0
SYN-REP-10873,SYN-U-18035,SYN-LN-5873,40000.0,10000.0,2026-02-22,2026-02-22,0,10000.0,0
SYN-REP-10874,SYN-U-18643,SYN-LN-5874,10000.0,2500.0,2025-09-23,2025-09-23,0,2500.0,0
SYN-REP-10875,SYN-U-15935,SYN-LN-5875,40000.0,10000.0,2026-04-23,2026-04-23,0,10000.0,0
SYN-REP-10876,SYN-U-16419,SYN-LN-5876,25000.0,6250.0,2026-08-14,2026-08-14,0,6250.0,0
SYN-REP-10877,SYN-U-15356,SYN-LN-5877,15000.0,3750.0,2026-03-06,2026-03-06,0,3750.0,0
SYN-REP-10878,SYN-U-19291,SYN-LN-5878,10000.0,2500.0,2025-07-29,2025-07-29,0,2500.0,0
SYN-REP-10879,SYN-U-14835,SYN-LN-5879,25000.0,6250.0,2026-01-07,2026-01-07,0,6250.0,0
SYN-REP-10880,SYN-U-11123,SYN-LN-5880,10000.0,2500.0,2026-03-16,2026-03-16,0,2500.0,0
SYN-REP-10881,SYN-U-13544,SYN-LN-5881,5000.0,1250.0,2025-06-25,2025-06-25,0,1250.0,0
SYN-REP-10882,SYN-U-14527,SYN-LN-5882,10000.0,2500.0,2025-07-18,2025-07-19,1,2500.0,0
SYN-REP-10883,SYN-U-10269,SYN-LN-5883,10000.0,2500.0,2026-07-13,2026-07-13,0,2500.0,0
SYN-REP-10884,SYN-U-15367,SYN-LN-5884,10000.0,2500.0,2025-08-04,2025-08-04,0,2500.0,0
SYN-REP-10885,SYN-U-18092,SYN-LN-5885,25000.0,6250.0,2026-03-24,2026-03-24,0,6250.0,0
SYN-REP-10886,SYN-U-12258,SYN-LN-5886,5000.0,1250.0,2025-10-07,2025-10-07,0,1250.0,0
SYN-REP-10887,SYN-U-16600,SYN-LN-5887,5000.0,1250.0,2026-05-09,2026-05-09,0,1250.0,0
SYN-REP-10888,SYN-U-19663,SYN-LN-5888,15000.0,3750.0,2025-07-20,2025-07-23,3,3750.0,0
SYN-REP-10889,SYN-U-10559,SYN-LN-5889,25000.0,6250.0,2026-02-14,2026-02-14,0,6250.0,0
SYN-REP-10890,SYN-U-16320,SYN-LN-5890,25000.0,6250.0,2025-07-24,2025-07-24,0,6250.0,0
SYN-REP-10891,SYN-U-16190,SYN-LN-5891,10000.0,2500.0,2026-01-28,2026-01-28,0,2500.0,0
SYN-REP-10892,SYN-U-12932,SYN-LN-5892,10000.0,2500.0,2025-11-10,2025-11-10,0,2500.0,0
SYN-REP-10893,SYN-U-11301,SYN-LN-5893,15000.0,3750.0,2025-11-06,2025-11-06,0,3750.0,0
SYN-REP-10894,SYN-U-15773,SYN-LN-5894,25000.0,6250.0,2026-06-05,2026-06-05,0,6250.0,0
SYN-REP-10895,SYN-U-10987,SYN-LN-5895,40000.0,10000.0,2026-06-06,,86,2148.83,1
SYN-REP-10896,SYN-U-13885,SYN-LN-5896,5000.0,1250.0,2025-07-08,2025-07-08,0,1250.0,0
SYN-REP-10897,SYN-U-13088,SYN-LN-5897,5000.0,1250.0,2025-06-12,2025-06-12,0,1250.0,0
SYN-REP-10898,SYN-U-15332,SYN-LN-5898,40000.0,10000.0,2026-01-28,2026-01-28,0,10000.0,0
SYN-REP-10899,SYN-U-19382,SYN-LN-5899,10000.0,2500.0,2025-08-25,2025-08-26,1,2500.0,0
SYN-REP-10900,SYN-U-12593,SYN-LN-5900,40000.0,10000.0,2026-02-16,2026-02-16,0,10000.0,0
SYN-REP-10901,SYN-U-18632,SYN-LN-5901,15000.0,3750.0,2025-08-08,2025-08-08,0,3750.0,0
SYN-REP-10902,SYN-U-16420,SYN-LN-5902,25000.0,6250.0,2025-09-26,2025-09-26,0,6250.0,0
SYN-REP-10903,SYN-U-14614,SYN-LN-5903,25000.0,6250.0,2026-04-18,2026-04-18,0,6250.0,0
SYN-REP-10904,SYN-U-16426,SYN-LN-5904,40000.0,10000.0,2026-06-16,2026-06-16,0,10000.0,0
SYN-REP-10905,SYN-U-10686,SYN-LN-5905,5000.0,1250.0,2026-08-12,2026-08-12,0,1250.0,0
SYN-REP-10906,SYN-U-11944,SYN-LN-5906,25000.0,6250.0,2025-09-26,2025-09-26,0,6250.0,0
SYN-REP-10907,SYN-U-12595,SYN-LN-5907,5000.0,1250.0,2025-07-07,2025-07-07,0,1250.0,0
SYN-REP-10908,SYN-U-11600,SYN-LN-5908,25000.0,6250.0,2025-10-27,2025-10-27,0,6250.0,0
SYN-REP-10909,SYN-U-17377,SYN-LN-5909,5000.0,1250.0,2025-12-21,2025-12-21,0,1250.0,0
SYN-REP-10910,SYN-U-16504,SYN-LN-5910,25000.0,6250.0,2025-09-30,2025-09-30,0,6250.0,0
SYN-REP-10911,SYN-U-16156,SYN-LN-5911,10000.0,2500.0,2025-07-24,2025-07-27,3,2500.0,0
SYN-REP-10912,SYN-U-18420,SYN-LN-5912,40000.0,10000.0,2026-01-04,2026-01-04,0,10000.0,0
SYN-REP-10913,SYN-U-14780,SYN-LN-5913,5000.0,1250.0,2026-03-23,2026-03-23,0,1250.0,0
SYN-REP-10914,SYN-U-16289,SYN-LN-5914,5000.0,1250.0,2025-08-17,2025-08-17,0,1250.0,0
SYN-REP-10915,SYN-U-19369,SYN-LN-5915,15000.0,3750.0,2026-03-03,2026-03-03,0,3750.0,0
SYN-REP-10916,SYN-U-19262,SYN-LN-5916,15000.0,3750.0,2025-06-19,2025-06-20,1,3750.0,0
SYN-REP-10917,SYN-U-17639,SYN-LN-5917,40000.0,10000.0,2025-07-29,2025-07-29,0,10000.0,0
SYN-REP-10918,SYN-U-11930,SYN-LN-5918,25000.0,6250.0,2026-06-06,2026-06-06,0,6250.0,0
SYN-REP-10919,SYN-U-10295,SYN-LN-5919,15000.0,3750.0,2026-08-17,2026-08-17,0,3750.0,0
SYN-REP-10920,SYN-U-11145,SYN-LN-5920,15000.0,3750.0,2026-07-25,2026-07-25,0,3750.0,0
SYN-REP-10921,SYN-U-18529,SYN-LN-5921,25000.0,6250.0,2025-09-26,2025-09-26,0,6250.0,0
SYN-REP-10922,SYN-U-16448,SYN-LN-5922,40000.0,10000.0,2026-07-05,2026-07-05,0,10000.0,0
SYN-REP-10923,SYN-U-17720,SYN-LN-5923,10000.0,2500.0,2025-07-11,2025-07-11,0,2500.0,0
SYN-REP-10924,SYN-U-18660,SYN-LN-5924,15000.0,3750.0,2025-06-19,2025-06-19,0,3750.0,0
SYN-REP-10925,SYN-U-13849,SYN-LN-5925,10000.0,2500.0,2026-06-13,2026-06-13,0,2500.0,0
SYN-REP-10926,SYN-U-11115,SYN-LN-5926,5000.0,1250.0,2025-10-05,2025-10-05,0,1250.0,0
SYN-REP-10927,SYN-U-18660,SYN-LN-5927,5000.0,1250.0,2026-08-08,2026-08-08,0,1250.0,0
SYN-REP-10928,SYN-U-13758,SYN-LN-5928,15000.0,3750.0,2025-12-27,2025-12-27,0,3750.0,0
SYN-REP-10929,SYN-U-12076,SYN-LN-5929,5000.0,1250.0,2025-11-12,2025-12-15,33,1250.0,0
SYN-REP-10930,SYN-U-19354,SYN-LN-5930,40000.0,10000.0,2026-07-17,2026-07-17,0,10000.0,0
SYN-REP-10931,SYN-U-17578,SYN-LN-5931,15000.0,3750.0,2026-02-10,2026-02-10,0,3750.0,0
SYN-REP-10932,SYN-U-15869,SYN-LN-5932,5000.0,1250.0,2026-02-28,2026-02-28,0,1250.0,0
SYN-REP-10933,SYN-U-14610,SYN-LN-5933,5000.0,1250.0,2026-08-11,2026-08-11,0,1250.0,0
SYN-REP-10934,SYN-U-11212,SYN-LN-5934,25000.0,6250.0,2025-08-17,2025-08-17,0,6250.0,0
SYN-REP-10935,SYN-U-11512,SYN-LN-5935,15000.0,3750.0,2025-08-04,2025-08-05,1,3750.0,0
SYN-REP-10936,SYN-U-18724,SYN-LN-5936,25000.0,6250.0,2025-09-03,2025-09-03,0,6250.0,0
SYN-REP-10937,SYN-U-15290,SYN-LN-5937,10000.0,2500.0,2026-01-24,2026-01-25,1,2500.0,0
SYN-REP-10938,SYN-U-10121,SYN-LN-5938,10000.0,2500.0,2026-08-04,2026-08-04,0,2500.0,0
SYN-REP-10939,SYN-U-14128,SYN-LN-5939,40000.0,10000.0,2026-03-28,2026-03-28,0,10000.0,0
SYN-REP-10940,SYN-U-12703,SYN-LN-5940,40000.0,10000.0,2025-09-24,2025-09-24,0,10000.0,0
SYN-REP-10941,SYN-U-13752,SYN-LN-5941,15000.0,3750.0,2026-04-07,2026-04-07,0,3750.0,0
SYN-REP-10942,SYN-U-12994,SYN-LN-5942,25000.0,6250.0,2025-07-04,2025-07-04,0,6250.0,0
SYN-REP-10943,SYN-U-13542,SYN-LN-5943,25000.0,6250.0,2026-02-08,2026-02-08,0,6250.0,0
SYN-REP-10944,SYN-U-13168,SYN-LN-5944,40000.0,10000.0,2026-05-18,2026-05-18,0,10000.0,0
SYN-REP-10945,SYN-U-12582,SYN-LN-5945,5000.0,1250.0,2026-03-14,2026-03-14,0,1250.0,0
SYN-REP-10946,SYN-U-18707,SYN-LN-5946,5000.0,1250.0,2026-02-23,2026-02-25,2,1250.0,0
SYN-REP-10947,SYN-U-12894,SYN-LN-5947,40000.0,10000.0,2026-08-11,2026-08-11,0,10000.0,0
SYN-REP-10948,SYN-U-13627,SYN-LN-5948,40000.0,10000.0,2025-06-19,2025-06-20,1,10000.0,0
SYN-REP-10949,SYN-U-14578,SYN-LN-5949,15000.0,3750.0,2026-07-17,2026-07-17,0,3750.0,0
SYN-REP-10950,SYN-U-17734,SYN-LN-5950,25000.0,6250.0,2026-08-08,2026-08-09,1,6250.0,0
SYN-REP-10951,SYN-U-15567,SYN-LN-5951,10000.0,2500.0,2026-07-13,2026-07-13,0,2500.0,0
SYN-REP-10952,SYN-U-15135,SYN-LN-5952,40000.0,10000.0,2026-07-20,2026-07-20,0,10000.0,0
SYN-REP-10953,SYN-U-14111,SYN-LN-5953,40000.0,10000.0,2025-11-18,2025-11-19,1,10000.0,0
SYN-REP-10954,SYN-U-19385,SYN-LN-5954,5000.0,1250.0,2026-02-10,2026-02-10,0,1250.0,0
SYN-REP-10955,SYN-U-16066,SYN-LN-5955,10000.0,2500.0,2025-09-06,2025-09-06,0,2500.0,0
SYN-REP-10956,SYN-U-19860,SYN-LN-5956,15000.0,3750.0,2025-11-09,2025-11-09,0,3750.0,0
SYN-REP-10957,SYN-U-16284,SYN-LN-5957,5000.0,1250.0,2025-06-23,2025-06-23,0,1250.0,0
SYN-REP-10958,SYN-U-19710,SYN-LN-5958,25000.0,6250.0,2025-10-11,2025-10-11,0,6250.0,0
SYN-REP-10959,SYN-U-16645,SYN-LN-5959,10000.0,2500.0,2026-01-18,2026-01-18,0,2500.0,0
SYN-REP-10960,SYN-U-10030,SYN-LN-5960,10000.0,2500.0,2026-06-08,2026-06-08,0,2500.0,0
SYN-REP-10961,SYN-U-13085,SYN-LN-5961,40000.0,10000.0,2025-06-30,2025-06-30,0,10000.0,0
SYN-REP-10962,SYN-U-16994,SYN-LN-5962,5000.0,1250.0,2025-08-29,2025-08-29,0,1250.0,0
SYN-REP-10963,SYN-U-18129,SYN-LN-5963,5000.0,1250.0,2026-06-02,2026-06-02,0,1250.0,0
SYN-REP-10964,SYN-U-10183,SYN-LN-5964,10000.0,2500.0,2025-07-28,2025-07-28,0,2500.0,0
SYN-REP-10965,SYN-U-16619,SYN-LN-5965,25000.0,6250.0,2025-07-12,2025-07-13,1,6250.0,0
SYN-REP-10966,SYN-U-17872,SYN-LN-5966,40000.0,10000.0,2026-07-21,2026-07-21,0,10000.0,0
SYN-REP-10967,SYN-U-14508,SYN-LN-5967,10000.0,2500.0,2026-06-18,2026-07-08,20,2500.0,0
SYN-REP-10968,SYN-U-18264,SYN-LN-5968,40000.0,10000.0,2025-09-16,2025-09-16,0,10000.0,0
SYN-REP-10969,SYN-U-15037,SYN-LN-5969,40000.0,10000.0,2025-06-27,2025-06-27,0,10000.0,0
SYN-REP-10970,SYN-U-18190,SYN-LN-5970,5000.0,1250.0,2026-06-03,2026-06-03,0,1250.0,0
SYN-REP-10971,SYN-U-14724,SYN-LN-5971,5000.0,1250.0,2025-12-03,2025-12-03,0,1250.0,0
SYN-REP-10972,SYN-U-14079,SYN-LN-5972,10000.0,2500.0,2025-09-28,2025-09-28,0,2500.0,0
SYN-REP-10973,SYN-U-14764,SYN-LN-5973,5000.0,1250.0,2025-11-08,2025-11-08,0,1250.0,0
SYN-REP-10974,SYN-U-12870,SYN-LN-5974,25000.0,6250.0,2025-12-29,2025-12-29,0,6250.0,0
SYN-REP-10975,SYN-U-18006,SYN-LN-5975,25000.0,6250.0,2026-07-02,2026-07-02,0,6250.0,0
SYN-REP-10976,SYN-U-12870,SYN-LN-5976,40000.0,10000.0,2025-06-30,2025-06-30,0,10000.0,0
SYN-REP-10977,SYN-U-16718,SYN-LN-5977,10000.0,2500.0,2025-08-06,2025-08-10,4,2500.0,0
SYN-REP-10978,SYN-U-15190,SYN-LN-5978,40000.0,10000.0,2026-03-07,2026-03-07,0,10000.0,0
SYN-REP-10979,SYN-U-14213,SYN-LN-5979,5000.0,1250.0,2026-04-29,2026-05-02,3,1250.0,0
SYN-REP-10980,SYN-U-17495,SYN-LN-5980,5000.0,1250.0,2026-07-28,2026-07-31,3,1250.0,0
SYN-REP-10981,SYN-U-15832,SYN-LN-5981,40000.0,10000.0,2026-01-20,2026-01-21,1,10000.0,0
SYN-REP-10982,SYN-U-18435,SYN-LN-5982,25000.0,6250.0,2025-10-13,2025-10-13,0,6250.0,0
SYN-REP-10983,SYN-U-17004,SYN-LN-5983,25000.0,6250.0,2025-06-13,2025-06-13,0,6250.0,0
SYN-REP-10984,SYN-U-15357,SYN-LN-5984,10000.0,2500.0,2026-08-20,,84,214.88,1
SYN-REP-10985,SYN-U-11512,SYN-LN-5985,15000.0,3750.0,2026-04-25,2026-04-25,0,3750.0,0
SYN-REP-10986,SYN-U-14696,SYN-LN-5986,10000.0,2500.0,2025-10-08,2025-10-08,0,2500.0,0
SYN-REP-10987,SYN-U-16398,SYN-LN-5987,5000.0,1250.0,2025-09-06,2025-09-06,0,1250.0,0
SYN-REP-10988,SYN-U-17472,SYN-LN-5988,10000.0,2500.0,2025-08-27,2025-08-27,0,2500.0,0
SYN-REP-10989,SYN-U-17623,SYN-LN-5989,25000.0,6250.0,2025-11-05,2025-11-05,0,6250.0,0
SYN-REP-10990,SYN-U-15148,SYN-LN-5990,40000.0,10000.0,2026-06-06,2026-06-06,0,10000.0,0
SYN-REP-10991,SYN-U-18824,SYN-LN-5991,40000.0,10000.0,2025-11-04,2025-11-04,0,10000.0,0
SYN-REP-10992,SYN-U-18632,SYN-LN-5992,5000.0,1250.0,2026-04-13,2026-04-13,0,1250.0,0
SYN-REP-10993,SYN-U-15511,SYN-LN-5993,40000.0,10000.0,2026-07-10,2026-07-10,0,10000.0,0
SYN-REP-10994,SYN-U-13217,SYN-LN-5994,10000.0,2500.0,2025-09-30,2025-09-30,0,2500.0,0
SYN-REP-10995,SYN-U-14580,SYN-LN-5995,25000.0,6250.0,2026-01-31,2026-01-31,0,6250.0,0
SYN-REP-10996,SYN-U-18630,SYN-LN-5996,10000.0,2500.0,2026-08-04,2026-08-04,0,2500.0,0
SYN-REP-10997,SYN-U-10825,SYN-LN-5997,10000.0,2500.0,2025-06-16,2025-06-16,0,2500.0,0
SYN-REP-10998,SYN-U-12675,SYN-LN-5998,5000.0,1250.0,2025-07-05,2025-07-05,0,1250.0,0
SYN-REP-10999,SYN-U-17661,SYN-LN-5999,10000.0,2500.0,2025-12-13,2025-12-13,0,2500.0,0
SYN-REP-11000,SYN-U-12970,SYN-LN-6000,10000.0,2500.0,2025-08-11,2025-08-11,0,2500.0,0
SYN-REP-11001,SYN-U-17553,SYN-LN-6001,40000.0,10000.0,2025-12-23,2025-12-25,2,10000.0,0
SYN-REP-11002,SYN-U-10541,SYN-LN-6002,10000.0,2500.0,2025-07-25,2025-07-25,0,2500.0,0
SYN-REP-11003,SYN-U-18604,SYN-LN-6003,10000.0,2500.0,2025-10-07,2025-10-07,0,2500.0,0
SYN-REP-11004,SYN-U-19636,SYN-LN-6004,15000.0,3750.0,2025-07-11,2025-07-13,2,3750.0,0
SYN-REP-11005,SYN-U-11152,SYN-LN-6005,5000.0,1250.0,2026-07-21,2026-07-24,3,1250.0,0
SYN-REP-11006,SYN-U-13729,SYN-LN-6006,15000.0,3750.0,2026-01-09,2026-01-09,0,3750.0,0
SYN-REP-11007,SYN-U-15597,SYN-LN-6007,5000.0,1250.0,2026-05-24,2026-05-24,0,1250.0,0
SYN-REP-11008,SYN-U-13789,SYN-LN-6008,25000.0,6250.0,2026-02-21,2026-02-21,0,6250.0,0
SYN-REP-11009,SYN-U-15452,SYN-LN-6009,25000.0,6250.0,2026-05-03,2026-05-03,0,6250.0,0
SYN-REP-11010,SYN-U-13310,SYN-LN-6010,15000.0,3750.0,2026-02-07,2026-02-07,0,3750.0,0
SYN-REP-11011,SYN-U-11208,SYN-LN-6011,5000.0,1250.0,2026-07-08,2026-07-08,0,1250.0,0
SYN-REP-11012,SYN-U-13173,SYN-LN-6012,10000.0,2500.0,2025-09-08,2025-09-08,0,2500.0,0
SYN-REP-11013,SYN-U-12673,SYN-LN-6013,15000.0,3750.0,2026-03-13,2026-03-13,0,3750.0,0
SYN-REP-11014,SYN-U-12378,SYN-LN-6014,5000.0,1250.0,2025-12-29,2025-12-29,0,1250.0,0
SYN-REP-11015,SYN-U-13039,SYN-LN-6015,5000.0,1250.0,2025-10-02,2025-10-02,0,1250.0,0
SYN-REP-11016,SYN-U-10791,SYN-LN-6016,25000.0,6250.0,2026-04-11,2026-04-11,0,6250.0,0
SYN-REP-11017,SYN-U-17656,SYN-LN-6017,25000.0,6250.0,2026-01-26,2026-01-26,0,6250.0,0
SYN-REP-11018,SYN-U-12971,SYN-LN-6018,25000.0,6250.0,2026-01-14,2026-01-14,0,6250.0,0
SYN-REP-11019,SYN-U-10443,SYN-LN-6019,25000.0,6250.0,2025-07-27,2025-07-27,0,6250.0,0
SYN-REP-11020,SYN-U-15612,SYN-LN-6020,5000.0,1250.0,2026-07-24,2026-07-24,0,1250.0,0
SYN-REP-11021,SYN-U-16729,SYN-LN-6021,40000.0,10000.0,2025-10-15,2025-10-15,0,10000.0,0
SYN-REP-11022,SYN-U-18061,SYN-LN-6022,15000.0,3750.0,2026-03-21,2026-03-21,0,3750.0,0
SYN-REP-11023,SYN-U-16838,SYN-LN-6023,25000.0,6250.0,2026-03-31,2026-03-31,0,6250.0,0
SYN-REP-11024,SYN-U-18948,SYN-LN-6024,15000.0,3750.0,2026-04-13,2026-04-13,0,3750.0,0
SYN-REP-11025,SYN-U-19679,SYN-LN-6025,10000.0,2500.0,2025-12-24,2025-12-24,0,2500.0,0
SYN-REP-11026,SYN-U-15949,SYN-LN-6026,15000.0,3750.0,2026-03-10,2026-03-10,0,3750.0,0
SYN-REP-11027,SYN-U-16004,SYN-LN-6027,5000.0,1250.0,2026-06-07,2026-06-07,0,1250.0,0
SYN-REP-11028,SYN-U-18918,SYN-LN-6028,40000.0,10000.0,2026-01-24,2026-01-24,0,10000.0,0
SYN-REP-11029,SYN-U-19753,SYN-LN-6029,15000.0,3750.0,2025-07-24,2025-07-24,0,3750.0,0
SYN-REP-11030,SYN-U-16412,SYN-LN-6030,25000.0,6250.0,2025-10-27,2025-10-27,0,6250.0,0
SYN-REP-11031,SYN-U-17609,SYN-LN-6031,15000.0,3750.0,2026-08-14,2026-08-14,0,3750.0,0
SYN-REP-11032,SYN-U-13314,SYN-LN-6032,40000.0,10000.0,2026-05-11,2026-05-11,0,10000.0,0
SYN-REP-11033,SYN-U-16569,SYN-LN-6033,10000.0,2500.0,2026-04-25,2026-04-27,2,2500.0,0
SYN-REP-11034,SYN-U-12463,SYN-LN-6034,40000.0,10000.0,2025-07-26,2025-07-26,0,10000.0,0
SYN-REP-11035,SYN-U-14318,SYN-LN-6035,15000.0,3750.0,2026-05-16,2026-05-16,0,3750.0,0
SYN-REP-11036,SYN-U-15220,SYN-LN-6036,15000.0,3750.0,2025-11-11,2025-11-11,0,3750.0,0
SYN-REP-11037,SYN-U-11078,SYN-LN-6037,25000.0,6250.0,2025-06-08,2025-06-08,0,6250.0,0
SYN-REP-11038,SYN-U-12096,SYN-LN-6038,5000.0,1250.0,2026-03-02,2026-03-02,0,1250.0,0
SYN-REP-11039,SYN-U-11344,SYN-LN-6039,25000.0,6250.0,2026-05-21,2026-05-21,0,6250.0,0
SYN-REP-11040,SYN-U-13836,SYN-LN-6040,10000.0,2500.0,2025-08-13,2025-08-13,0,2500.0,0
SYN-REP-11041,SYN-U-15228,SYN-LN-6041,40000.0,10000.0,2026-03-25,2026-03-25,0,10000.0,0
SYN-REP-11042,SYN-U-10875,SYN-LN-6042,15000.0,3750.0,2025-08-29,2025-08-29,0,3750.0,0
SYN-REP-11043,SYN-U-18417,SYN-LN-6043,15000.0,3750.0,2026-03-28,2026-03-28,0,3750.0,0
SYN-REP-11044,SYN-U-12854,SYN-LN-6044,5000.0,1250.0,2025-09-05,2025-09-05,0,1250.0,0
SYN-REP-11045,SYN-U-12503,SYN-LN-6045,40000.0,10000.0,2026-03-11,2026-03-11,0,10000.0,0
SYN-REP-11046,SYN-U-13249,SYN-LN-6046,15000.0,3750.0,2025-07-23,2025-07-25,2,3750.0,0
SYN-REP-11047,SYN-U-16461,SYN-LN-6047,40000.0,10000.0,2025-07-15,2025-07-15,0,10000.0,0
SYN-REP-11048,SYN-U-15416,SYN-LN-6048,15000.0,3750.0,2025-10-21,2025-10-21,0,3750.0,0
SYN-REP-11049,SYN-U-16996,SYN-LN-6049,10000.0,2500.0,2026-08-15,2026-08-15,0,2500.0,0
SYN-REP-11050,SYN-U-10475,SYN-LN-6050,15000.0,3750.0,2025-12-03,2025-12-05,2,3750.0,0
SYN-REP-11051,SYN-U-17544,SYN-LN-6051,10000.0,2500.0,2025-08-23,2025-08-25,2,2500.0,0
SYN-REP-11052,SYN-U-11963,SYN-LN-6052,40000.0,10000.0,2026-04-15,2026-04-15,0,10000.0,0
SYN-REP-11053,SYN-U-13562,SYN-LN-6053,10000.0,2500.0,2025-10-20,2025-10-20,0,2500.0,0
SYN-REP-11054,SYN-U-17203,SYN-LN-6054,10000.0,2500.0,2026-08-17,2026-08-17,0,2500.0,0
SYN-REP-11055,SYN-U-13834,SYN-LN-6055,15000.0,3750.0,2025-11-01,2025-11-01,0,3750.0,0
SYN-REP-11056,SYN-U-14196,SYN-LN-6056,5000.0,1250.0,2026-07-20,2026-07-20,0,1250.0,0
SYN-REP-11057,SYN-U-15143,SYN-LN-6057,15000.0,3750.0,2026-05-20,2026-05-24,4,3750.0,0
SYN-REP-11058,SYN-U-19221,SYN-LN-6058,40000.0,10000.0,2025-10-15,2025-10-15,0,10000.0,0
SYN-REP-11059,SYN-U-14680,SYN-LN-6059,10000.0,2500.0,2026-06-08,2026-06-08,0,2500.0,0
SYN-REP-11060,SYN-U-12186,SYN-LN-6060,40000.0,10000.0,2025-10-20,2025-10-20,0,10000.0,0
SYN-REP-11061,SYN-U-18801,SYN-LN-6061,40000.0,10000.0,2025-06-08,2025-06-08,0,10000.0,0
SYN-REP-11062,SYN-U-16069,SYN-LN-6062,5000.0,1250.0,2025-11-28,2025-11-28,0,1250.0,0
SYN-REP-11063,SYN-U-17474,SYN-LN-6063,25000.0,6250.0,2026-03-04,2026-03-04,0,6250.0,0
SYN-REP-11064,SYN-U-16710,SYN-LN-6064,10000.0,2500.0,2026-07-29,2026-07-29,0,2500.0,0
SYN-REP-11065,SYN-U-10416,SYN-LN-6065,5000.0,1250.0,2026-08-05,2026-08-05,0,1250.0,0
SYN-REP-11066,SYN-U-10131,SYN-LN-6066,15000.0,3750.0,2025-06-07,2025-06-07,0,3750.0,0
SYN-REP-11067,SYN-U-14094,SYN-LN-6067,15000.0,3750.0,2026-06-18,2026-06-18,0,3750.0,0
SYN-REP-11068,SYN-U-17692,SYN-LN-6068,10000.0,2500.0,2025-10-25,2025-10-25,0,2500.0,0
SYN-REP-11069,SYN-U-10410,SYN-LN-6069,15000.0,3750.0,2025-10-22,2025-10-22,0,3750.0,0
SYN-REP-11070,SYN-U-17215,SYN-LN-6070,40000.0,10000.0,2026-01-08,2026-01-08,0,10000.0,0
SYN-REP-11071,SYN-U-16642,SYN-LN-6071,25000.0,6250.0,2025-07-19,2025-07-19,0,6250.0,0
SYN-REP-11072,SYN-U-15955,SYN-LN-6072,10000.0,2500.0,2025-12-11,2025-12-11,0,2500.0,0
SYN-REP-11073,SYN-U-11980,SYN-LN-6073,15000.0,3750.0,2025-08-05,2025-08-05,0,3750.0,0
SYN-REP-11074,SYN-U-14250,SYN-LN-6074,5000.0,1250.0,2026-08-04,2026-08-04,0,1250.0,0
SYN-REP-11075,SYN-U-14929,SYN-LN-6075,40000.0,10000.0,2026-02-04,2026-02-04,0,10000.0,0
SYN-REP-11076,SYN-U-16095,SYN-LN-6076,40000.0,10000.0,2025-07-03,2025-07-03,0,10000.0,0
SYN-REP-11077,SYN-U-15640,SYN-LN-6077,25000.0,6250.0,2026-01-29,2026-01-29,0,6250.0,0
SYN-REP-11078,SYN-U-16281,SYN-LN-6078,5000.0,1250.0,2026-03-26,2026-03-26,0,1250.0,0
SYN-REP-11079,SYN-U-14271,SYN-LN-6079,5000.0,1250.0,2026-04-17,2026-04-17,0,1250.0,0
SYN-REP-11080,SYN-U-12639,SYN-LN-6080,10000.0,2500.0,2026-06-19,2026-06-19,0,2500.0,0
SYN-REP-11081,SYN-U-18580,SYN-LN-6081,15000.0,3750.0,2026-07-28,2026-07-28,0,3750.0,0
SYN-REP-11082,SYN-U-13339,SYN-LN-6082,40000.0,10000.0,2026-03-11,2026-03-11,0,10000.0,0
SYN-REP-11083,SYN-U-12064,SYN-LN-6083,25000.0,6250.0,2025-11-21,2025-11-21,0,6250.0,0
SYN-REP-11084,SYN-U-10172,SYN-LN-6084,25000.0,6250.0,2026-04-06,2026-04-06,0,6250.0,0
SYN-REP-11085,SYN-U-10579,SYN-LN-6085,25000.0,6250.0,2026-03-24,2026-03-24,0,6250.0,0
SYN-REP-11086,SYN-U-10598,SYN-LN-6086,5000.0,1250.0,2026-06-09,2026-06-10,1,1250.0,0
SYN-REP-11087,SYN-U-10113,SYN-LN-6087,40000.0,10000.0,2026-05-18,2026-05-18,0,10000.0,0
SYN-REP-11088,SYN-U-18545,SYN-LN-6088,10000.0,2500.0,2026-06-03,2026-06-03,0,2500.0,0
SYN-REP-11089,SYN-U-18885,SYN-LN-6089,40000.0,10000.0,2025-09-04,2025-09-04,0,10000.0,0
SYN-REP-11090,SYN-U-15817,SYN-LN-6090,15000.0,3750.0,2025-06-12,2025-06-12,0,3750.0,0
SYN-REP-11091,SYN-U-13608,SYN-LN-6091,10000.0,2500.0,2026-07-19,2026-07-19,0,2500.0,0
SYN-REP-11092,SYN-U-15278,SYN-LN-6092,25000.0,6250.0,2025-11-20,2025-11-20,0,6250.0,0
SYN-REP-11093,SYN-U-13094,SYN-LN-6093,25000.0,6250.0,2026-08-02,2026-08-02,0,6250.0,0
SYN-REP-11094,SYN-U-11982,SYN-LN-6094,10000.0,2500.0,2026-07-18,2026-07-18,0,2500.0,0
SYN-REP-11095,SYN-U-15252,SYN-LN-6095,15000.0,3750.0,2025-09-10,2025-09-10,0,3750.0,0
SYN-REP-11096,SYN-U-16211,SYN-LN-6096,10000.0,2500.0,2026-07-15,2026-07-15,0,2500.0,0
SYN-REP-11097,SYN-U-19133,SYN-LN-6097,5000.0,1250.0,2025-12-17,2025-12-17,0,1250.0,0
SYN-REP-11098,SYN-U-13037,SYN-LN-6098,25000.0,6250.0,2026-01-19,2026-01-19,0,6250.0,0
SYN-REP-11099,SYN-U-19470,SYN-LN-6099,15000.0,3750.0,2026-02-28,2026-03-03,3,3750.0,0
SYN-REP-11100,SYN-U-18085,SYN-LN-6100,10000.0,2500.0,2025-07-20,2025-07-20,0,2500.0,0
SYN-REP-11101,SYN-U-12684,SYN-LN-6101,5000.0,1250.0,2025-12-07,2025-12-07,0,1250.0,0
SYN-REP-11102,SYN-U-16676,SYN-LN-6102,25000.0,6250.0,2026-03-19,2026-03-19,0,6250.0,0
SYN-REP-11103,SYN-U-14525,SYN-LN-6103,15000.0,3750.0,2026-06-09,2026-06-09,0,3750.0,0
SYN-REP-11104,SYN-U-15277,SYN-LN-6104,40000.0,10000.0,2025-10-07,2025-10-07,0,10000.0,0
SYN-REP-11105,SYN-U-15702,SYN-LN-6105,15000.0,3750.0,2026-06-09,2026-06-09,0,3750.0,0
SYN-REP-11106,SYN-U-14444,SYN-LN-6106,15000.0,3750.0,2025-07-01,2025-07-01,0,3750.0,0
SYN-REP-11107,SYN-U-14911,SYN-LN-6107,5000.0,1250.0,2025-06-10,2025-06-13,3,1250.0,0
SYN-REP-11108,SYN-U-14436,SYN-LN-6108,40000.0,10000.0,2026-05-08,2026-05-08,0,10000.0,0
SYN-REP-11109,SYN-U-15754,SYN-LN-6109,40000.0,10000.0,2026-04-06,2026-04-06,0,10000.0,0
SYN-REP-11110,SYN-U-19308,SYN-LN-6110,15000.0,3750.0,2026-03-16,2026-03-16,0,3750.0,0
SYN-REP-11111,SYN-U-17388,SYN-LN-6111,40000.0,10000.0,2026-02-14,2026-02-14,0,10000.0,0
SYN-REP-11112,SYN-U-10806,SYN-LN-6112,25000.0,6250.0,2026-08-06,2026-08-06,0,6250.0,0
SYN-REP-11113,SYN-U-10948,SYN-LN-6113,15000.0,3750.0,2026-05-30,2026-06-03,4,3750.0,0
SYN-REP-11114,SYN-U-14804,SYN-LN-6114,5000.0,1250.0,2025-10-25,2025-10-25,0,1250.0,0
SYN-REP-11115,SYN-U-17316,SYN-LN-6115,15000.0,3750.0,2025-06-23,2025-06-23,0,3750.0,0
SYN-REP-11116,SYN-U-13895,SYN-LN-6116,40000.0,10000.0,2026-03-24,2026-03-24,0,10000.0,0
SYN-REP-11117,SYN-U-12880,SYN-LN-6117,15000.0,3750.0,2026-02-02,2026-02-03,1,3750.0,0
SYN-REP-11118,SYN-U-18987,SYN-LN-6118,5000.0,1250.0,2025-11-01,2025-11-01,0,1250.0,0
SYN-REP-11119,SYN-U-18070,SYN-LN-6119,10000.0,2500.0,2025-12-13,2025-12-13,0,2500.0,0
SYN-REP-11120,SYN-U-19495,SYN-LN-6120,5000.0,1250.0,2026-04-11,2026-04-11,0,1250.0,0
SYN-REP-11121,SYN-U-18308,SYN-LN-6121,15000.0,3750.0,2025-09-09,2025-09-09,0,3750.0,0
SYN-REP-11122,SYN-U-17379,SYN-LN-6122,40000.0,10000.0,2026-02-22,2026-02-22,0,10000.0,0
SYN-REP-11123,SYN-U-12341,SYN-LN-6123,15000.0,3750.0,2026-01-15,2026-01-15,0,3750.0,0
SYN-REP-11124,SYN-U-14669,SYN-LN-6124,10000.0,2500.0,2025-06-04,2025-06-04,0,2500.0,0
SYN-REP-11125,SYN-U-12026,SYN-LN-6125,15000.0,3750.0,2026-01-10,2026-01-10,0,3750.0,0
SYN-REP-11126,SYN-U-19701,SYN-LN-6126,5000.0,1250.0,2026-07-25,2026-07-25,0,1250.0,0
SYN-REP-11127,SYN-U-10250,SYN-LN-6127,10000.0,2500.0,2025-09-04,2025-09-04,0,2500.0,0
SYN-REP-11128,SYN-U-17237,SYN-LN-6128,25000.0,6250.0,2025-10-22,2025-10-22,0,6250.0,0
SYN-REP-11129,SYN-U-14594,SYN-LN-6129,15000.0,3750.0,2025-12-16,2025-12-16,0,3750.0,0
SYN-REP-11130,SYN-U-13719,SYN-LN-6130,25000.0,6250.0,2025-12-15,2025-12-15,0,6250.0,0
SYN-REP-11131,SYN-U-11146,SYN-LN-6131,25000.0,6250.0,2026-04-25,2026-04-25,0,6250.0,0
SYN-REP-11132,SYN-U-10715,SYN-LN-6132,5000.0,1250.0,2026-05-30,2026-05-30,0,1250.0,0
SYN-REP-11133,SYN-U-15785,SYN-LN-6133,40000.0,10000.0,2026-04-20,2026-04-23,3,10000.0,0
SYN-REP-11134,SYN-U-17146,SYN-LN-6134,10000.0,2500.0,2025-11-02,2025-11-04,2,2500.0,0
SYN-REP-11135,SYN-U-19266,SYN-LN-6135,5000.0,1250.0,2025-11-07,2025-11-07,0,1250.0,0
SYN-REP-11136,SYN-U-18585,SYN-LN-6136,40000.0,10000.0,2025-11-17,2025-11-17,0,10000.0,0
SYN-REP-11137,SYN-U-14810,SYN-LN-6137,40000.0,10000.0,2025-10-10,2025-10-10,0,10000.0,0
SYN-REP-11138,SYN-U-11732,SYN-LN-6138,5000.0,1250.0,2026-01-20,2026-01-20,0,1250.0,0
SYN-REP-11139,SYN-U-18948,SYN-LN-6139,15000.0,3750.0,2025-06-16,2025-06-16,0,3750.0,0
SYN-REP-11140,SYN-U-17162,SYN-LN-6140,25000.0,6250.0,2026-06-10,2026-06-12,2,6250.0,0
SYN-REP-11141,SYN-U-19827,SYN-LN-6141,15000.0,3750.0,2025-08-25,2025-08-25,0,3750.0,0
SYN-REP-11142,SYN-U-11339,SYN-LN-6142,25000.0,6250.0,2026-03-21,2026-03-24,3,6250.0,0
SYN-REP-11143,SYN-U-16132,SYN-LN-6143,5000.0,1250.0,2025-10-23,,68,323.67,1
SYN-REP-11144,SYN-U-16337,SYN-LN-6144,25000.0,6250.0,2025-11-01,2025-11-01,0,6250.0,0
SYN-REP-11145,SYN-U-11834,SYN-LN-6145,25000.0,6250.0,2025-07-07,2025-07-07,0,6250.0,0
SYN-REP-11146,SYN-U-15968,SYN-LN-6146,5000.0,1250.0,2026-01-12,2026-01-12,0,1250.0,0
SYN-REP-11147,SYN-U-14861,SYN-LN-6147,5000.0,1250.0,2026-03-25,2026-03-26,1,1250.0,0
SYN-REP-11148,SYN-U-16739,SYN-LN-6148,40000.0,10000.0,2026-02-01,2026-02-01,0,10000.0,0
SYN-REP-11149,SYN-U-16480,SYN-LN-6149,40000.0,10000.0,2026-03-21,2026-03-21,0,10000.0,0
SYN-REP-11150,SYN-U-14958,SYN-LN-6150,15000.0,3750.0,2025-07-07,2025-07-07,0,3750.0,0
SYN-REP-11151,SYN-U-19878,SYN-LN-6151,15000.0,3750.0,2025-06-30,2025-06-30,0,3750.0,0
SYN-REP-11152,SYN-U-10180,SYN-LN-6152,10000.0,2500.0,2026-02-17,2026-02-17,0,2500.0,0
SYN-REP-11153,SYN-U-10521,SYN-LN-6153,40000.0,10000.0,2025-08-01,2025-08-01,0,10000.0,0
SYN-REP-11154,SYN-U-16477,SYN-LN-6154,5000.0,1250.0,2026-05-14,2026-05-14,0,1250.0,0
SYN-REP-11155,SYN-U-15614,SYN-LN-6155,25000.0,6250.0,2025-12-15,2025-12-15,0,6250.0,0
SYN-REP-11156,SYN-U-11707,SYN-LN-6156,25000.0,6250.0,2026-02-17,,75,1502.43,1
SYN-REP-11157,SYN-U-12521,SYN-LN-6157,15000.0,3750.0,2025-10-15,2025-10-15,0,3750.0,0
SYN-REP-11158,SYN-U-16483,SYN-LN-6158,15000.0,3750.0,2025-06-01,2025-06-04,3,3750.0,0
SYN-REP-11159,SYN-U-10022,SYN-LN-6159,25000.0,6250.0,2026-04-26,2026-04-26,0,6250.0,0
SYN-REP-11160,SYN-U-15823,SYN-LN-6160,10000.0,2500.0,2026-05-13,2026-05-13,0,2500.0,0
SYN-REP-11161,SYN-U-10628,SYN-LN-6161,40000.0,10000.0,2026-07-16,2026-07-16,0,10000.0,0
SYN-REP-11162,SYN-U-15959,SYN-LN-6162,10000.0,2500.0,2026-01-10,2026-01-10,0,2500.0,0
SYN-REP-11163,SYN-U-16331,SYN-LN-6163,5000.0,1250.0,2026-04-15,2026-04-15,0,1250.0,0
SYN-REP-11164,SYN-U-17963,SYN-LN-6164,40000.0,10000.0,2025-10-22,2025-10-22,0,10000.0,0
SYN-REP-11165,SYN-U-15346,SYN-LN-6165,25000.0,6250.0,2026-07-25,2026-07-29,4,6250.0,0
SYN-REP-11166,SYN-U-13267,SYN-LN-6166,5000.0,1250.0,2025-06-11,2025-06-11,0,1250.0,0
SYN-REP-11167,SYN-U-19168,SYN-LN-6167,40000.0,10000.0,2026-04-05,2026-04-05,0,10000.0,0
SYN-REP-11168,SYN-U-10062,SYN-LN-6168,40000.0,10000.0,2025-07-13,2025-07-15,2,10000.0,0
SYN-REP-11169,SYN-U-18972,SYN-LN-6169,5000.0,1250.0,2026-01-10,2026-01-10,0,1250.0,0
SYN-REP-11170,SYN-U-11316,SYN-LN-6170,40000.0,10000.0,2026-04-04,2026-04-04,0,10000.0,0
SYN-REP-11171,SYN-U-16633,SYN-LN-6171,10000.0,2500.0,2026-06-13,2026-06-13,0,2500.0,0
SYN-REP-11172,SYN-U-15856,SYN-LN-6172,10000.0,2500.0,2026-05-12,2026-05-12,0,2500.0,0
SYN-REP-11173,SYN-U-19565,SYN-LN-6173,25000.0,6250.0,2026-05-18,2026-05-18,0,6250.0,0
SYN-REP-11174,SYN-U-18102,SYN-LN-6174,10000.0,2500.0,2026-04-22,2026-04-22,0,2500.0,0
SYN-REP-11175,SYN-U-12302,SYN-LN-6175,10000.0,2500.0,2025-09-15,2025-09-15,0,2500.0,0
SYN-REP-11176,SYN-U-14302,SYN-LN-6176,5000.0,1250.0,2026-07-16,2026-07-16,0,1250.0,0
SYN-REP-11177,SYN-U-13567,SYN-LN-6177,25000.0,6250.0,2025-10-12,2025-10-12,0,6250.0,0
SYN-REP-11178,SYN-U-17587,SYN-LN-6178,25000.0,6250.0,2025-12-04,2025-12-08,4,6250.0,0
SYN-REP-11179,SYN-U-19814,SYN-LN-6179,10000.0,2500.0,2025-08-03,2025-08-03,0,2500.0,0
SYN-REP-11180,SYN-U-19999,SYN-LN-6180,15000.0,3750.0,2026-03-14,2026-03-14,0,3750.0,0
SYN-REP-11181,SYN-U-11233,SYN-LN-6181,5000.0,1250.0,2025-07-21,2025-07-21,0,1250.0,0
SYN-REP-11182,SYN-U-19198,SYN-LN-6182,40000.0,10000.0,2025-12-19,2025-12-19,0,10000.0,0
SYN-REP-11183,SYN-U-14278,SYN-LN-6183,5000.0,1250.0,2025-07-10,2025-07-10,0,1250.0,0
SYN-REP-11184,SYN-U-17980,SYN-LN-6184,40000.0,10000.0,2025-12-05,2025-12-05,0,10000.0,0
SYN-REP-11185,SYN-U-14917,SYN-LN-6185,5000.0,1250.0,2025-12-06,2025-12-06,0,1250.0,0
SYN-REP-11186,SYN-U-12370,SYN-LN-6186,10000.0,2500.0,2026-07-03,2026-07-03,0,2500.0,0
SYN-REP-11187,SYN-U-10421,SYN-LN-6187,40000.0,10000.0,2026-01-08,2026-01-08,0,10000.0,0
SYN-REP-11188,SYN-U-19543,SYN-LN-6188,10000.0,2500.0,2026-04-23,2026-04-23,0,2500.0,0
SYN-REP-11189,SYN-U-11690,SYN-LN-6189,40000.0,10000.0,2025-06-29,2025-06-29,0,10000.0,0
SYN-REP-11190,SYN-U-13286,SYN-LN-6190,5000.0,1250.0,2026-05-17,2026-05-17,0,1250.0,0
SYN-REP-11191,SYN-U-19298,SYN-LN-6191,40000.0,10000.0,2026-05-09,2026-05-09,0,10000.0,0
SYN-REP-11192,SYN-U-16699,SYN-LN-6192,5000.0,1250.0,2026-02-09,2026-02-09,0,1250.0,0
SYN-REP-11193,SYN-U-15861,SYN-LN-6193,25000.0,6250.0,2026-05-01,2026-05-01,0,6250.0,0
SYN-REP-11194,SYN-U-19376,SYN-LN-6194,5000.0,1250.0,2026-02-27,2026-02-27,0,1250.0,0
SYN-REP-11195,SYN-U-14207,SYN-LN-6195,10000.0,2500.0,2026-07-25,2026-07-25,0,2500.0,0
SYN-REP-11196,SYN-U-16669,SYN-LN-6196,10000.0,2500.0,2025-10-16,2025-10-16,0,2500.0,0
SYN-REP-11197,SYN-U-12624,SYN-LN-6197,15000.0,3750.0,2026-07-17,2026-07-17,0,3750.0,0
SYN-REP-11198,SYN-U-16347,SYN-LN-6198,15000.0,3750.0,2026-07-05,2026-07-05,0,3750.0,0
SYN-REP-11199,SYN-U-18500,SYN-LN-6199,10000.0,2500.0,2026-05-19,2026-05-19,0,2500.0,0
SYN-REP-11200,SYN-U-11656,SYN-LN-6200,10000.0,2500.0,2026-04-03,2026-04-03,0,2500.0,0
SYN-REP-11201,SYN-U-11581,SYN-LN-6201,40000.0,10000.0,2026-04-18,2026-04-18,0,10000.0,0
SYN-REP-11202,SYN-U-10786,SYN-LN-6202,10000.0,2500.0,2026-08-14,2026-08-14,0,2500.0,0
SYN-REP-11203,SYN-U-13650,SYN-LN-6203,40000.0,10000.0,2026-04-19,2026-04-19,0,10000.0,0
SYN-REP-11204,SYN-U-12786,SYN-LN-6204,10000.0,2500.0,2025-09-20,2025-09-22,2,2500.0,0
SYN-REP-11205,SYN-U-14483,SYN-LN-6205,5000.0,1250.0,2025-07-15,2025-07-15,0,1250.0,0
SYN-REP-11206,SYN-U-16196,SYN-LN-6206,5000.0,1250.0,2025-09-12,2025-09-12,0,1250.0,0
SYN-REP-11207,SYN-U-11367,SYN-LN-6207,25000.0,6250.0,2026-04-20,2026-04-20,0,6250.0,0
SYN-REP-11208,SYN-U-13557,SYN-LN-6208,15000.0,3750.0,2025-11-05,2025-11-05,0,3750.0,0
SYN-REP-11209,SYN-U-10550,SYN-LN-6209,5000.0,1250.0,2025-10-21,2025-12-18,58,1250.0,0
SYN-REP-11210,SYN-U-13373,SYN-LN-6210,15000.0,3750.0,2026-06-12,2026-06-15,3,3750.0,0
SYN-REP-11211,SYN-U-16937,SYN-LN-6211,40000.0,10000.0,2026-01-29,2026-01-31,2,10000.0,0
SYN-REP-11212,SYN-U-13280,SYN-LN-6212,40000.0,10000.0,2026-06-19,2026-06-19,0,10000.0,0
SYN-REP-11213,SYN-U-18590,SYN-LN-6213,40000.0,10000.0,2026-03-23,2026-03-23,0,10000.0,0
SYN-REP-11214,SYN-U-10596,SYN-LN-6214,25000.0,6250.0,2026-02-03,2026-02-03,0,6250.0,0
SYN-REP-11215,SYN-U-15208,SYN-LN-6215,40000.0,10000.0,2025-11-26,2025-11-28,2,10000.0,0
SYN-REP-11216,SYN-U-14154,SYN-LN-6216,10000.0,2500.0,2026-06-18,2026-06-18,0,2500.0,0
SYN-REP-11217,SYN-U-15055,SYN-LN-6217,15000.0,3750.0,2025-12-07,2025-12-07,0,3750.0,0
SYN-REP-11218,SYN-U-16824,SYN-LN-6218,10000.0,2500.0,2026-02-23,2026-02-23,0,2500.0,0
SYN-REP-11219,SYN-U-15703,SYN-LN-6219,15000.0,3750.0,2025-07-02,2025-07-02,0,3750.0,0
SYN-REP-11220,SYN-U-10761,SYN-LN-6220,5000.0,1250.0,2026-01-12,2026-01-12,0,1250.0,0
SYN-REP-11221,SYN-U-19512,SYN-LN-6221,40000.0,10000.0,2026-07-01,2026-07-01,0,10000.0,0
SYN-REP-11222,SYN-U-14962,SYN-LN-6222,25000.0,6250.0,2026-01-19,2026-01-19,0,6250.0,0
SYN-REP-11223,SYN-U-15512,SYN-LN-6223,5000.0,1250.0,2025-09-03,2025-09-03,0,1250.0,0
SYN-REP-11224,SYN-U-12198,SYN-LN-6224,10000.0,2500.0,2025-08-04,2025-08-04,0,2500.0,0
SYN-REP-11225,SYN-U-17039,SYN-LN-6225,25000.0,6250.0,2025-12-01,2025-12-01,0,6250.0,0
SYN-REP-11226,SYN-U-12534,SYN-LN-6226,15000.0,3750.0,2026-07-19,2026-07-19,0,3750.0,0
SYN-REP-11227,SYN-U-17019,SYN-LN-6227,5000.0,1250.0,2025-08-12,2025-08-16,4,1250.0,0
SYN-REP-11228,SYN-U-13473,SYN-LN-6228,15000.0,3750.0,2025-10-19,2025-10-19,0,3750.0,0
SYN-REP-11229,SYN-U-15990,SYN-LN-6229,10000.0,2500.0,2025-09-19,2025-09-19,0,2500.0,0
SYN-REP-11230,SYN-U-10415,SYN-LN-6230,10000.0,2500.0,2026-06-05,2026-06-05,0,2500.0,0
SYN-REP-11231,SYN-U-12023,SYN-LN-6231,15000.0,3750.0,2026-04-05,2026-05-15,40,3750.0,0
SYN-REP-11232,SYN-U-13083,SYN-LN-6232,10000.0,2500.0,2025-08-22,2025-08-22,0,2500.0,0
SYN-REP-11233,SYN-U-17274,SYN-LN-6233,10000.0,2500.0,2026-05-24,2026-05-24,0,2500.0,0
SYN-REP-11234,SYN-U-13499,SYN-LN-6234,5000.0,1250.0,2025-06-01,2025-06-01,0,1250.0,0
SYN-REP-11235,SYN-U-11737,SYN-LN-6235,5000.0,1250.0,2026-03-17,2026-03-20,3,1250.0,0
SYN-REP-11236,SYN-U-12861,SYN-LN-6236,15000.0,3750.0,2025-12-14,2025-12-14,0,3750.0,0
SYN-REP-11237,SYN-U-10460,SYN-LN-6237,10000.0,2500.0,2026-01-24,2026-01-24,0,2500.0,0
SYN-REP-11238,SYN-U-19492,SYN-LN-6238,25000.0,6250.0,2026-06-22,2026-06-22,0,6250.0,0
SYN-REP-11239,SYN-U-17714,SYN-LN-6239,10000.0,2500.0,2026-02-07,2026-02-07,0,2500.0,0
SYN-REP-11240,SYN-U-17560,SYN-LN-6240,25000.0,6250.0,2026-01-03,2026-01-05,2,6250.0,0
SYN-REP-11241,SYN-U-15044,SYN-LN-6241,25000.0,6250.0,2025-10-20,2025-10-20,0,6250.0,0
SYN-REP-11242,SYN-U-10078,SYN-LN-6242,5000.0,1250.0,2026-05-05,2026-05-05,0,1250.0,0
SYN-REP-11243,SYN-U-10159,SYN-LN-6243,40000.0,10000.0,2026-03-11,2026-03-11,0,10000.0,0
SYN-REP-11244,SYN-U-19075,SYN-LN-6244,40000.0,10000.0,2026-04-19,2026-04-19,0,10000.0,0
SYN-REP-11245,SYN-U-16746,SYN-LN-6245,10000.0,2500.0,2026-07-08,2026-07-08,0,2500.0,0
SYN-REP-11246,SYN-U-14667,SYN-LN-6246,25000.0,6250.0,2026-06-02,2026-06-02,0,6250.0,0
SYN-REP-11247,SYN-U-11001,SYN-LN-6247,25000.0,6250.0,2026-07-26,2026-07-26,0,6250.0,0
SYN-REP-11248,SYN-U-11554,SYN-LN-6248,25000.0,6250.0,2025-06-16,2025-06-16,0,6250.0,0
SYN-REP-11249,SYN-U-11626,SYN-LN-6249,15000.0,3750.0,2025-06-24,2025-06-24,0,3750.0,0
SYN-REP-11250,SYN-U-11026,SYN-LN-6250,10000.0,2500.0,2025-10-25,2025-10-25,0,2500.0,0
SYN-REP-11251,SYN-U-18146,SYN-LN-6251,15000.0,3750.0,2026-06-05,2026-06-05,0,3750.0,0
SYN-REP-11252,SYN-U-13423,SYN-LN-6252,15000.0,3750.0,2026-05-08,2026-05-08,0,3750.0,0
SYN-REP-11253,SYN-U-16399,SYN-LN-6253,25000.0,6250.0,2026-03-11,2026-03-11,0,6250.0,0
SYN-REP-11254,SYN-U-12515,SYN-LN-6254,5000.0,1250.0,2025-11-17,2025-11-17,0,1250.0,0
SYN-REP-11255,SYN-U-10747,SYN-LN-6255,25000.0,6250.0,2026-06-02,2026-06-02,0,6250.0,0
SYN-REP-11256,SYN-U-10062,SYN-LN-6256,5000.0,1250.0,2026-05-15,2026-05-15,0,1250.0,0
SYN-REP-11257,SYN-U-12848,SYN-LN-6257,15000.0,3750.0,2026-01-23,2026-01-23,0,3750.0,0
SYN-REP-11258,SYN-U-12451,SYN-LN-6258,40000.0,10000.0,2026-06-21,2026-06-21,0,10000.0,0
SYN-REP-11259,SYN-U-10045,SYN-LN-6259,10000.0,2500.0,2026-08-02,2026-08-02,0,2500.0,0
SYN-REP-11260,SYN-U-11800,SYN-LN-6260,5000.0,1250.0,2025-07-17,2025-07-17,0,1250.0,0
SYN-REP-11261,SYN-U-12868,SYN-LN-6261,10000.0,2500.0,2025-12-15,2025-12-15,0,2500.0,0
SYN-REP-11262,SYN-U-16472,SYN-LN-6262,25000.0,6250.0,2026-05-10,2026-05-10,0,6250.0,0
SYN-REP-11263,SYN-U-11861,SYN-LN-6263,15000.0,3750.0,2026-03-16,2026-03-16,0,3750.0,0
SYN-REP-11264,SYN-U-17861,SYN-LN-6264,25000.0,6250.0,2026-04-05,2026-04-08,3,6250.0,0
SYN-REP-11265,SYN-U-14101,SYN-LN-6265,15000.0,3750.0,2026-07-31,2026-07-31,0,3750.0,0
SYN-REP-11266,SYN-U-10827,SYN-LN-6266,10000.0,2500.0,2026-07-31,2026-07-31,0,2500.0,0
SYN-REP-11267,SYN-U-18871,SYN-LN-6267,10000.0,2500.0,2025-08-23,2025-08-23,0,2500.0,0
SYN-REP-11268,SYN-U-13265,SYN-LN-6268,40000.0,10000.0,2025-08-19,2025-08-19,0,10000.0,0
SYN-REP-11269,SYN-U-12211,SYN-LN-6269,25000.0,6250.0,2026-01-26,2026-01-30,4,6250.0,0
SYN-REP-11270,SYN-U-13570,SYN-LN-6270,25000.0,6250.0,2025-09-26,2025-09-26,0,6250.0,0
SYN-REP-11271,SYN-U-10498,SYN-LN-6271,40000.0,10000.0,2025-06-21,2025-06-21,0,10000.0,0
SYN-REP-11272,SYN-U-19891,SYN-LN-6272,5000.0,1250.0,2025-12-13,2025-12-13,0,1250.0,0
SYN-REP-11273,SYN-U-15200,SYN-LN-6273,25000.0,6250.0,2026-01-26,2026-01-26,0,6250.0,0
SYN-REP-11274,SYN-U-18572,SYN-LN-6274,15000.0,3750.0,2025-10-22,2025-10-22,0,3750.0,0
SYN-REP-11275,SYN-U-17947,SYN-LN-6275,25000.0,6250.0,2026-05-31,2026-05-31,0,6250.0,0
SYN-REP-11276,SYN-U-15741,SYN-LN-6276,25000.0,6250.0,2026-04-05,2026-04-05,0,6250.0,0
SYN-REP-11277,SYN-U-15429,SYN-LN-6277,5000.0,1250.0,2026-03-23,2026-03-23,0,1250.0,0
SYN-REP-11278,SYN-U-16197,SYN-LN-6278,5000.0,1250.0,2025-12-20,2025-12-20,0,1250.0,0
SYN-REP-11279,SYN-U-15785,SYN-LN-6279,25000.0,6250.0,2026-08-07,2026-08-07,0,6250.0,0
SYN-REP-11280,SYN-U-13137,SYN-LN-6280,10000.0,2500.0,2025-11-14,2025-11-14,0,2500.0,0
SYN-REP-11281,SYN-U-14791,SYN-LN-6281,10000.0,2500.0,2026-04-01,2026-04-01,0,2500.0,0
SYN-REP-11282,SYN-U-13266,SYN-LN-6282,25000.0,6250.0,2026-06-07,2026-06-07,0,6250.0,0
SYN-REP-11283,SYN-U-11586,SYN-LN-6283,40000.0,10000.0,2025-07-17,2025-07-17,0,10000.0,0
SYN-REP-11284,SYN-U-12820,SYN-LN-6284,10000.0,2500.0,2026-03-27,2026-03-27,0,2500.0,0
SYN-REP-11285,SYN-U-12316,SYN-LN-6285,5000.0,1250.0,2025-08-16,2025-08-16,0,1250.0,0
SYN-REP-11286,SYN-U-11281,SYN-LN-6286,10000.0,2500.0,2026-07-09,2026-07-11,2,2500.0,0
SYN-REP-11287,SYN-U-17272,SYN-LN-6287,25000.0,6250.0,2026-01-19,2026-01-19,0,6250.0,0
SYN-REP-11288,SYN-U-19471,SYN-LN-6288,25000.0,6250.0,2026-08-24,2026-09-16,23,6250.0,0
SYN-REP-11289,SYN-U-18709,SYN-LN-6289,5000.0,1250.0,2026-05-04,2026-05-04,0,1250.0,0
SYN-REP-11290,SYN-U-14888,SYN-LN-6290,5000.0,1250.0,2025-08-16,2025-09-29,44,1250.0,0
SYN-REP-11291,SYN-U-13986,SYN-LN-6291,15000.0,3750.0,2025-10-26,2025-10-26,0,3750.0,0
SYN-REP-11292,SYN-U-19740,SYN-LN-6292,40000.0,10000.0,2026-02-05,2026-02-05,0,10000.0,0
SYN-REP-11293,SYN-U-15560,SYN-LN-6293,15000.0,3750.0,2026-06-08,2026-06-09,1,3750.0,0
SYN-REP-11294,SYN-U-12608,SYN-LN-6294,10000.0,2500.0,2026-01-21,2026-01-21,0,2500.0,0
SYN-REP-11295,SYN-U-13994,SYN-LN-6295,10000.0,2500.0,2026-05-13,2026-05-13,0,2500.0,0
SYN-REP-11296,SYN-U-13389,SYN-LN-6296,40000.0,10000.0,2025-12-07,2025-12-07,0,10000.0,0
SYN-REP-11297,SYN-U-16510,SYN-LN-6297,25000.0,6250.0,2025-06-07,2025-06-07,0,6250.0,0
SYN-REP-11298,SYN-U-18622,SYN-LN-6298,10000.0,2500.0,2026-05-29,2026-05-29,0,2500.0,0
SYN-REP-11299,SYN-U-16949,SYN-LN-6299,40000.0,10000.0,2026-01-18,2026-01-18,0,10000.0,0
SYN-REP-11300,SYN-U-12313,SYN-LN-6300,40000.0,10000.0,2025-11-01,2025-11-01,0,10000.0,0
SYN-REP-11301,SYN-U-18517,SYN-LN-6301,5000.0,1250.0,2025-11-02,2025-11-05,3,1250.0,0
SYN-REP-11302,SYN-U-11035,SYN-LN-6302,10000.0,2500.0,2026-04-02,2026-04-02,0,2500.0,0
SYN-REP-11303,SYN-U-16392,SYN-LN-6303,10000.0,2500.0,2025-08-26,2025-08-26,0,2500.0,0
SYN-REP-11304,SYN-U-13447,SYN-LN-6304,25000.0,6250.0,2026-04-22,2026-04-25,3,6250.0,0
SYN-REP-11305,SYN-U-12127,SYN-LN-6305,15000.0,3750.0,2026-07-17,2026-09-13,58,3750.0,0
SYN-REP-11306,SYN-U-10804,SYN-LN-6306,15000.0,3750.0,2026-05-11,2026-05-11,0,3750.0,0
SYN-REP-11307,SYN-U-16805,SYN-LN-6307,5000.0,1250.0,2025-07-28,2025-07-28,0,1250.0,0
SYN-REP-11308,SYN-U-14889,SYN-LN-6308,25000.0,6250.0,2025-08-24,2025-08-25,1,6250.0,0
SYN-REP-11309,SYN-U-12661,SYN-LN-6309,40000.0,10000.0,2026-07-01,2026-07-01,0,10000.0,0
SYN-REP-11310,SYN-U-14187,SYN-LN-6310,10000.0,2500.0,2026-04-09,2026-04-09,0,2500.0,0
SYN-REP-11311,SYN-U-14456,SYN-LN-6311,15000.0,3750.0,2026-08-18,2026-08-18,0,3750.0,0
SYN-REP-11312,SYN-U-17353,SYN-LN-6312,15000.0,3750.0,2026-08-19,2026-08-19,0,3750.0,0
SYN-REP-11313,SYN-U-10778,SYN-LN-6313,40000.0,10000.0,2026-08-14,2026-08-14,0,10000.0,0
SYN-REP-11314,SYN-U-19321,SYN-LN-6314,25000.0,6250.0,2026-05-15,2026-05-18,3,6250.0,0
SYN-REP-11315,SYN-U-18890,SYN-LN-6315,15000.0,3750.0,2025-08-18,2025-08-18,0,3750.0,0
SYN-REP-11316,SYN-U-15791,SYN-LN-6316,15000.0,3750.0,2026-06-02,2026-06-02,0,3750.0,0
SYN-REP-11317,SYN-U-13625,SYN-LN-6317,15000.0,3750.0,2026-05-09,2026-05-09,0,3750.0,0
SYN-REP-11318,SYN-U-17436,SYN-LN-6318,25000.0,6250.0,2026-07-14,2026-07-14,0,6250.0,0
SYN-REP-11319,SYN-U-15030,SYN-LN-6319,10000.0,2500.0,2025-12-05,2025-12-05,0,2500.0,0
SYN-REP-11320,SYN-U-10446,SYN-LN-6320,40000.0,10000.0,2025-10-14,2025-10-14,0,10000.0,0
SYN-REP-11321,SYN-U-13363,SYN-LN-6321,25000.0,6250.0,2025-09-24,2025-09-24,0,6250.0,0
SYN-REP-11322,SYN-U-13493,SYN-LN-6322,15000.0,3750.0,2025-11-23,2025-11-23,0,3750.0,0
SYN-REP-11323,SYN-U-18522,SYN-LN-6323,15000.0,3750.0,2025-11-10,2025-11-10,0,3750.0,0
SYN-REP-11324,SYN-U-18167,SYN-LN-6324,5000.0,1250.0,2026-05-25,2026-07-16,52,1250.0,0
SYN-REP-11325,SYN-U-19925,SYN-LN-6325,5000.0,1250.0,2025-06-03,2025-06-03,0,1250.0,0
SYN-REP-11326,SYN-U-11488,SYN-LN-6326,5000.0,1250.0,2026-03-30,2026-03-30,0,1250.0,0
SYN-REP-11327,SYN-U-16348,SYN-LN-6327,5000.0,1250.0,2025-06-15,,81,391.87,1
SYN-REP-11328,SYN-U-13607,SYN-LN-6328,15000.0,3750.0,2026-03-23,2026-03-23,0,3750.0,0
SYN-REP-11329,SYN-U-15704,SYN-LN-6329,5000.0,1250.0,2025-07-02,2025-07-06,4,1250.0,0
SYN-REP-11330,SYN-U-12077,SYN-LN-6330,15000.0,3750.0,2025-12-14,2025-12-14,0,3750.0,0
SYN-REP-11331,SYN-U-16517,SYN-LN-6331,40000.0,10000.0,2025-10-30,2025-10-30,0,10000.0,0
SYN-REP-11332,SYN-U-11425,SYN-LN-6332,25000.0,6250.0,2026-07-11,2026-07-11,0,6250.0,0
SYN-REP-11333,SYN-U-10432,SYN-LN-6333,5000.0,1250.0,2025-07-02,2025-07-02,0,1250.0,0
SYN-REP-11334,SYN-U-17998,SYN-LN-6334,40000.0,10000.0,2026-04-13,2026-04-13,0,10000.0,0
SYN-REP-11335,SYN-U-13898,SYN-LN-6335,25000.0,6250.0,2026-05-23,2026-05-23,0,6250.0,0
SYN-REP-11336,SYN-U-10962,SYN-LN-6336,15000.0,3750.0,2025-12-29,2025-12-31,2,3750.0,0
SYN-REP-11337,SYN-U-11305,SYN-LN-6337,10000.0,2500.0,2026-07-14,2026-07-14,0,2500.0,0
SYN-REP-11338,SYN-U-13695,SYN-LN-6338,25000.0,6250.0,2026-03-15,2026-03-15,0,6250.0,0
SYN-REP-11339,SYN-U-17924,SYN-LN-6339,25000.0,6250.0,2025-08-17,2025-08-17,0,6250.0,0
SYN-REP-11340,SYN-U-12996,SYN-LN-6340,25000.0,6250.0,2026-04-03,2026-04-03,0,6250.0,0
SYN-REP-11341,SYN-U-11484,SYN-LN-6341,10000.0,2500.0,2025-11-17,2025-11-17,0,2500.0,0
SYN-REP-11342,SYN-U-15607,SYN-LN-6342,5000.0,1250.0,2025-06-27,2025-06-27,0,1250.0,0
SYN-REP-11343,SYN-U-13027,SYN-LN-6343,25000.0,6250.0,2026-05-30,2026-05-30,0,6250.0,0
SYN-REP-11344,SYN-U-16523,SYN-LN-6344,40000.0,10000.0,2025-12-16,2025-12-16,0,10000.0,0
SYN-REP-11345,SYN-U-19589,SYN-LN-6345,10000.0,2500.0,2025-10-29,2025-10-29,0,2500.0,0
SYN-REP-11346,SYN-U-17807,SYN-LN-6346,10000.0,2500.0,2025-12-25,2025-12-25,0,2500.0,0
SYN-REP-11347,SYN-U-11836,SYN-LN-6347,5000.0,1250.0,2025-07-18,2025-07-18,0,1250.0,0
SYN-REP-11348,SYN-U-17051,SYN-LN-6348,15000.0,3750.0,2025-06-02,2025-06-02,0,3750.0,0
SYN-REP-11349,SYN-U-18590,SYN-LN-6349,10000.0,2500.0,2026-04-30,2026-04-30,0,2500.0,0
SYN-REP-11350,SYN-U-12418,SYN-LN-6350,15000.0,3750.0,2026-03-22,2026-03-22,0,3750.0,0
SYN-REP-11351,SYN-U-15343,SYN-LN-6351,40000.0,10000.0,2026-07-16,2026-07-16,0,10000.0,0
SYN-REP-11352,SYN-U-19327,SYN-LN-6352,5000.0,1250.0,2025-11-12,2025-11-12,0,1250.0,0
SYN-REP-11353,SYN-U-16308,SYN-LN-6353,5000.0,1250.0,2025-08-26,2025-08-26,0,1250.0,0
SYN-REP-11354,SYN-U-11665,SYN-LN-6354,5000.0,1250.0,2025-12-15,2025-12-15,0,1250.0,0
SYN-REP-11355,SYN-U-17564,SYN-LN-6355,40000.0,10000.0,2025-07-30,2025-07-30,0,10000.0,0
SYN-REP-11356,SYN-U-19937,SYN-LN-6356,5000.0,1250.0,2025-08-01,2025-08-01,0,1250.0,0
SYN-REP-11357,SYN-U-14087,SYN-LN-6357,10000.0,2500.0,2025-12-05,2025-12-05,0,2500.0,0
SYN-REP-11358,SYN-U-16825,SYN-LN-6358,40000.0,10000.0,2026-01-18,2026-01-18,0,10000.0,0
SYN-REP-11359,SYN-U-15736,SYN-LN-6359,25000.0,6250.0,2025-07-01,2025-07-01,0,6250.0,0
SYN-REP-11360,SYN-U-13981,SYN-LN-6360,5000.0,1250.0,2026-01-09,2026-01-13,4,1250.0,0
SYN-REP-11361,SYN-U-15391,SYN-LN-6361,15000.0,3750.0,2025-10-28,2025-10-28,0,3750.0,0
SYN-REP-11362,SYN-U-18679,SYN-LN-6362,40000.0,10000.0,2025-08-08,2025-08-08,0,10000.0,0
SYN-REP-11363,SYN-U-15728,SYN-LN-6363,10000.0,2500.0,2026-06-15,2026-06-15,0,2500.0,0
SYN-REP-11364,SYN-U-19215,SYN-LN-6364,40000.0,10000.0,2025-08-09,2025-08-09,0,10000.0,0
SYN-REP-11365,SYN-U-18996,SYN-LN-6365,15000.0,3750.0,2026-05-02,2026-05-02,0,3750.0,0
SYN-REP-11366,SYN-U-11654,SYN-LN-6366,10000.0,2500.0,2025-09-30,2025-10-04,4,2500.0,0
SYN-REP-11367,SYN-U-18597,SYN-LN-6367,25000.0,6250.0,2025-11-16,2025-11-16,0,6250.0,0
SYN-REP-11368,SYN-U-15018,SYN-LN-6368,5000.0,1250.0,2025-07-28,2025-07-28,0,1250.0,0
SYN-REP-11369,SYN-U-18880,SYN-LN-6369,5000.0,1250.0,2025-09-30,,63,398.41,1
SYN-REP-11370,SYN-U-13605,SYN-LN-6370,5000.0,1250.0,2025-08-12,2025-08-12,0,1250.0,0
SYN-REP-11371,SYN-U-19958,SYN-LN-6371,25000.0,6250.0,2026-05-12,2026-05-12,0,6250.0,0
SYN-REP-11372,SYN-U-14093,SYN-LN-6372,5000.0,1250.0,2025-06-16,2025-06-16,0,1250.0,0
SYN-REP-11373,SYN-U-16164,SYN-LN-6373,40000.0,10000.0,2025-11-21,2025-11-21,0,10000.0,0
SYN-REP-11374,SYN-U-11631,SYN-LN-6374,5000.0,1250.0,2025-08-08,2025-08-08,0,1250.0,0
SYN-REP-11375,SYN-U-18267,SYN-LN-6375,5000.0,1250.0,2026-08-22,2026-08-23,1,1250.0,0
SYN-REP-11376,SYN-U-17095,SYN-LN-6376,5000.0,1250.0,2026-06-02,2026-06-02,0,1250.0,0
SYN-REP-11377,SYN-U-11290,SYN-LN-6377,25000.0,6250.0,2026-08-11,2026-08-11,0,6250.0,0
SYN-REP-11378,SYN-U-19451,SYN-LN-6378,10000.0,2500.0,2025-08-30,2025-08-30,0,2500.0,0
SYN-REP-11379,SYN-U-10284,SYN-LN-6379,5000.0,1250.0,2025-06-15,2025-06-15,0,1250.0,0
SYN-REP-11380,SYN-U-10157,SYN-LN-6380,40000.0,10000.0,2025-08-22,2025-08-22,0,10000.0,0
SYN-REP-11381,SYN-U-17356,SYN-LN-6381,10000.0,2500.0,2026-08-19,2026-08-19,0,2500.0,0
SYN-REP-11382,SYN-U-10891,SYN-LN-6382,10000.0,2500.0,2025-08-04,2025-08-04,0,2500.0,0
SYN-REP-11383,SYN-U-14538,SYN-LN-6383,25000.0,6250.0,2025-12-09,2026-02-02,55,6250.0,0
SYN-REP-11384,SYN-U-11743,SYN-LN-6384,10000.0,2500.0,2025-12-03,2025-12-03,0,2500.0,0
SYN-REP-11385,SYN-U-13500,SYN-LN-6385,25000.0,6250.0,2025-11-08,2025-11-08,0,6250.0,0
SYN-REP-11386,SYN-U-12796,SYN-LN-6386,40000.0,10000.0,2025-10-09,2025-10-10,1,10000.0,0
SYN-REP-11387,SYN-U-10585,SYN-LN-6387,10000.0,2500.0,2026-01-26,2026-01-26,0,2500.0,0
SYN-REP-11388,SYN-U-15426,SYN-LN-6388,40000.0,10000.0,2026-07-04,2026-07-04,0,10000.0,0
SYN-REP-11389,SYN-U-16993,SYN-LN-6389,10000.0,2500.0,2026-05-31,2026-05-31,0,2500.0,0
SYN-REP-11390,SYN-U-18278,SYN-LN-6390,25000.0,6250.0,2026-03-15,2026-03-15,0,6250.0,0
SYN-REP-11391,SYN-U-12126,SYN-LN-6391,10000.0,2500.0,2025-07-04,2025-07-04,0,2500.0,0
SYN-REP-11392,SYN-U-11209,SYN-LN-6392,5000.0,1250.0,2026-08-24,2026-08-24,0,1250.0,0
SYN-REP-11393,SYN-U-14302,SYN-LN-6393,25000.0,6250.0,2025-11-27,2025-11-27,0,6250.0,0
SYN-REP-11394,SYN-U-18683,SYN-LN-6394,25000.0,6250.0,2026-06-19,2026-06-19,0,6250.0,0
SYN-REP-11395,SYN-U-18115,SYN-LN-6395,25000.0,6250.0,2025-10-31,2025-10-31,0,6250.0,0
SYN-REP-11396,SYN-U-19191,SYN-LN-6396,15000.0,3750.0,2025-09-12,2025-09-12,0,3750.0,0
SYN-REP-11397,SYN-U-17292,SYN-LN-6397,15000.0,3750.0,2025-11-25,2025-11-25,0,3750.0,0
SYN-REP-11398,SYN-U-14046,SYN-LN-6398,5000.0,1250.0,2026-05-29,2026-05-29,0,1250.0,0
SYN-REP-11399,SYN-U-17970,SYN-LN-6399,5000.0,1250.0,2025-07-16,2025-07-16,0,1250.0,0
SYN-REP-11400,SYN-U-16981,SYN-LN-6400,15000.0,3750.0,2026-01-24,2026-01-24,0,3750.0,0
SYN-REP-11401,SYN-U-15834,SYN-LN-6401,10000.0,2500.0,2026-03-02,2026-03-05,3,2500.0,0
SYN-REP-11402,SYN-U-11395,SYN-LN-6402,25000.0,6250.0,2026-02-01,2026-02-01,0,6250.0,0
SYN-REP-11403,SYN-U-15488,SYN-LN-6403,15000.0,3750.0,2025-08-27,2025-08-27,0,3750.0,0
SYN-REP-11404,SYN-U-13389,SYN-LN-6404,10000.0,2500.0,2025-07-27,2025-07-27,0,2500.0,0
SYN-REP-11405,SYN-U-15037,SYN-LN-6405,10000.0,2500.0,2026-02-28,2026-02-28,0,2500.0,0
SYN-REP-11406,SYN-U-15950,SYN-LN-6406,40000.0,10000.0,2026-01-11,2026-01-11,0,10000.0,0
SYN-REP-11407,SYN-U-16972,SYN-LN-6407,5000.0,1250.0,2026-01-29,2026-01-29,0,1250.0,0
SYN-REP-11408,SYN-U-16218,SYN-LN-6408,5000.0,1250.0,2025-10-31,2025-10-31,0,1250.0,0
SYN-REP-11409,SYN-U-16499,SYN-LN-6409,40000.0,10000.0,2026-06-22,2026-06-22,0,10000.0,0
SYN-REP-11410,SYN-U-12403,SYN-LN-6410,10000.0,2500.0,2025-11-13,2025-11-13,0,2500.0,0
SYN-REP-11411,SYN-U-14429,SYN-LN-6411,10000.0,2500.0,2025-08-07,2025-08-07,0,2500.0,0
SYN-REP-11412,SYN-U-15151,SYN-LN-6412,40000.0,10000.0,2026-05-18,2026-05-18,0,10000.0,0
SYN-REP-11413,SYN-U-10386,SYN-LN-6413,10000.0,2500.0,2026-07-16,2026-07-16,0,2500.0,0
SYN-REP-11414,SYN-U-19651,SYN-LN-6414,10000.0,2500.0,2025-07-02,2025-07-02,0,2500.0,0
SYN-REP-11415,SYN-U-13649,SYN-LN-6415,5000.0,1250.0,2026-03-26,,81,296.14,1
SYN-REP-11416,SYN-U-19832,SYN-LN-6416,10000.0,2500.0,2025-08-23,2025-08-23,0,2500.0,0
SYN-REP-11417,SYN-U-16321,SYN-LN-6417,10000.0,2500.0,2026-04-30,2026-04-30,0,2500.0,0
SYN-REP-11418,SYN-U-16727,SYN-LN-6418,15000.0,3750.0,2026-06-28,2026-06-28,0,3750.0,0
SYN-REP-11419,SYN-U-19897,SYN-LN-6419,40000.0,10000.0,2025-12-05,2025-12-05,0,10000.0,0
SYN-REP-11420,SYN-U-12577,SYN-LN-6420,10000.0,2500.0,2026-08-17,2026-08-17,0,2500.0,0
SYN-REP-11421,SYN-U-11722,SYN-LN-6421,10000.0,2500.0,2025-09-01,2025-09-01,0,2500.0,0
SYN-REP-11422,SYN-U-10515,SYN-LN-6422,25000.0,6250.0,2025-07-14,2025-07-14,0,6250.0,0
SYN-REP-11423,SYN-U-16791,SYN-LN-6423,40000.0,10000.0,2025-12-19,2025-12-21,2,10000.0,0
SYN-REP-11424,SYN-U-11207,SYN-LN-6424,5000.0,1250.0,2026-04-09,2026-04-09,0,1250.0,0
SYN-REP-11425,SYN-U-18221,SYN-LN-6425,25000.0,6250.0,2025-06-06,2025-06-06,0,6250.0,0
SYN-REP-11426,SYN-U-13317,SYN-LN-6426,10000.0,2500.0,2025-06-20,2025-06-24,4,2500.0,0
SYN-REP-11427,SYN-U-13019,SYN-LN-6427,25000.0,6250.0,2025-09-20,2025-09-20,0,6250.0,0
SYN-REP-11428,SYN-U-15583,SYN-LN-6428,25000.0,6250.0,2026-06-11,2026-06-11,0,6250.0,0
SYN-REP-11429,SYN-U-10883,SYN-LN-6429,5000.0,1250.0,2026-02-09,2026-02-11,2,1250.0,0
SYN-REP-11430,SYN-U-10535,SYN-LN-6430,5000.0,1250.0,2026-03-10,2026-03-10,0,1250.0,0
SYN-REP-11431,SYN-U-12567,SYN-LN-6431,25000.0,6250.0,2026-06-30,2026-06-30,0,6250.0,0
SYN-REP-11432,SYN-U-12679,SYN-LN-6432,15000.0,3750.0,2025-08-24,2025-08-24,0,3750.0,0
SYN-REP-11433,SYN-U-18000,SYN-LN-6433,15000.0,3750.0,2026-04-04,2026-04-04,0,3750.0,0
SYN-REP-11434,SYN-U-19593,SYN-LN-6434,15000.0,3750.0,2026-06-17,2026-06-17,0,3750.0,0
SYN-REP-11435,SYN-U-11896,SYN-LN-6435,25000.0,6250.0,2026-01-09,2026-01-09,0,6250.0,0
SYN-REP-11436,SYN-U-17943,SYN-LN-6436,5000.0,1250.0,2026-07-07,2026-07-07,0,1250.0,0
SYN-REP-11437,SYN-U-12451,SYN-LN-6437,10000.0,2500.0,2025-08-30,2025-08-30,0,2500.0,0
SYN-REP-11438,SYN-U-11116,SYN-LN-6438,5000.0,1250.0,2026-07-03,2026-07-03,0,1250.0,0
SYN-REP-11439,SYN-U-15117,SYN-LN-6439,40000.0,10000.0,2025-11-07,2025-11-09,2,10000.0,0
SYN-REP-11440,SYN-U-12718,SYN-LN-6440,40000.0,10000.0,2026-07-02,2026-07-02,0,10000.0,0
SYN-REP-11441,SYN-U-10521,SYN-LN-6441,10000.0,2500.0,2025-06-10,2025-06-11,1,2500.0,0
SYN-REP-11442,SYN-U-15975,SYN-LN-6442,15000.0,3750.0,2025-10-05,2025-10-05,0,3750.0,0
SYN-REP-11443,SYN-U-16265,SYN-LN-6443,40000.0,10000.0,2026-05-19,2026-05-19,0,10000.0,0
SYN-REP-11444,SYN-U-18066,SYN-LN-6444,10000.0,2500.0,2025-08-03,2025-08-03,0,2500.0,0
SYN-REP-11445,SYN-U-19807,SYN-LN-6445,5000.0,1250.0,2025-09-10,2025-10-08,28,1250.0,0
SYN-REP-11446,SYN-U-11038,SYN-LN-6446,15000.0,3750.0,2026-06-13,2026-06-13,0,3750.0,0
SYN-REP-11447,SYN-U-13313,SYN-LN-6447,5000.0,1250.0,2026-04-06,2026-04-06,0,1250.0,0
SYN-REP-11448,SYN-U-11947,SYN-LN-6448,40000.0,10000.0,2025-10-23,2025-10-23,0,10000.0,0
SYN-REP-11449,SYN-U-16534,SYN-LN-6449,25000.0,6250.0,2025-08-02,2025-08-02,0,6250.0,0
SYN-REP-11450,SYN-U-12152,SYN-LN-6450,25000.0,6250.0,2025-12-22,2025-12-22,0,6250.0,0
SYN-REP-11451,SYN-U-15252,SYN-LN-6451,10000.0,2500.0,2025-06-14,2025-06-14,0,2500.0,0
SYN-REP-11452,SYN-U-13773,SYN-LN-6452,5000.0,1250.0,2025-12-28,2025-12-28,0,1250.0,0
SYN-REP-11453,SYN-U-15340,SYN-LN-6453,15000.0,3750.0,2026-08-13,2026-08-13,0,3750.0,0
SYN-REP-11454,SYN-U-15108,SYN-LN-6454,25000.0,6250.0,2026-07-27,2026-07-27,0,6250.0,0
SYN-REP-11455,SYN-U-15267,SYN-LN-6455,10000.0,2500.0,2025-07-31,,92,779.61,1
SYN-REP-11456,SYN-U-12097,SYN-LN-6456,5000.0,1250.0,2026-05-29,2026-06-02,4,1250.0,0
SYN-REP-11457,SYN-U-11807,SYN-LN-6457,5000.0,1250.0,2026-02-08,2026-02-08,0,1250.0,0
SYN-REP-11458,SYN-U-13880,SYN-LN-6458,40000.0,10000.0,2026-08-20,2026-08-20,0,10000.0,0
SYN-REP-11459,SYN-U-19234,SYN-LN-6459,15000.0,3750.0,2026-06-27,2026-06-27,0,3750.0,0
SYN-REP-11460,SYN-U-14206,SYN-LN-6460,5000.0,1250.0,2026-01-11,2026-01-11,0,1250.0,0
SYN-REP-11461,SYN-U-19317,SYN-LN-6461,40000.0,10000.0,2026-01-10,2026-01-10,0,10000.0,0
SYN-REP-11462,SYN-U-13695,SYN-LN-6462,25000.0,6250.0,2025-08-02,2025-08-02,0,6250.0,0
SYN-REP-11463,SYN-U-19835,SYN-LN-6463,25000.0,6250.0,2026-05-07,2026-05-07,0,6250.0,0
SYN-REP-11464,SYN-U-14323,SYN-LN-6464,10000.0,2500.0,2026-06-07,2026-06-07,0,2500.0,0
SYN-REP-11465,SYN-U-16241,SYN-LN-6465,15000.0,3750.0,2026-08-03,2026-08-03,0,3750.0,0
SYN-REP-11466,SYN-U-17070,SYN-LN-6466,5000.0,1250.0,2026-02-28,2026-02-28,0,1250.0,0
SYN-REP-11467,SYN-U-13078,SYN-LN-6467,25000.0,6250.0,2026-04-20,2026-04-20,0,6250.0,0
SYN-REP-11468,SYN-U-17617,SYN-LN-6468,25000.0,6250.0,2026-01-20,2026-01-21,1,6250.0,0
SYN-REP-11469,SYN-U-13122,SYN-LN-6469,10000.0,2500.0,2025-10-14,2025-10-14,0,2500.0,0
SYN-REP-11470,SYN-U-16448,SYN-LN-6470,5000.0,1250.0,2025-08-17,2025-08-17,0,1250.0,0
SYN-REP-11471,SYN-U-17631,SYN-LN-6471,40000.0,10000.0,2025-12-21,2025-12-21,0,10000.0,0
SYN-REP-11472,SYN-U-18023,SYN-LN-6472,15000.0,3750.0,2025-12-03,2025-12-03,0,3750.0,0
SYN-REP-11473,SYN-U-15422,SYN-LN-6473,40000.0,10000.0,2025-10-08,2025-10-08,0,10000.0,0
SYN-REP-11474,SYN-U-10734,SYN-LN-6474,40000.0,10000.0,2026-06-20,2026-06-20,0,10000.0,0
SYN-REP-11475,SYN-U-15405,SYN-LN-6475,15000.0,3750.0,2026-02-23,2026-02-23,0,3750.0,0
SYN-REP-11476,SYN-U-12649,SYN-LN-6476,5000.0,1250.0,2025-07-29,2025-07-29,0,1250.0,0
SYN-REP-11477,SYN-U-16417,SYN-LN-6477,5000.0,1250.0,2026-06-02,2026-06-02,0,1250.0,0
SYN-REP-11478,SYN-U-18896,SYN-LN-6478,15000.0,3750.0,2025-09-04,2025-09-07,3,3750.0,0
SYN-REP-11479,SYN-U-19501,SYN-LN-6479,25000.0,6250.0,2025-12-07,2025-12-10,3,6250.0,0
SYN-REP-11480,SYN-U-15476,SYN-LN-6480,10000.0,2500.0,2026-03-10,2026-03-10,0,2500.0,0
SYN-REP-11481,SYN-U-16548,SYN-LN-6481,5000.0,1250.0,2026-06-21,2026-06-21,0,1250.0,0
SYN-REP-11482,SYN-U-10967,SYN-LN-6482,25000.0,6250.0,2026-02-09,2026-02-09,0,6250.0,0
SYN-REP-11483,SYN-U-12907,SYN-LN-6483,40000.0,10000.0,2025-11-30,2025-12-04,4,10000.0,0
SYN-REP-11484,SYN-U-11463,SYN-LN-6484,15000.0,3750.0,2026-08-14,2026-08-14,0,3750.0,0
SYN-REP-11485,SYN-U-12233,SYN-LN-6485,5000.0,1250.0,2026-07-09,2026-07-09,0,1250.0,0
SYN-REP-11486,SYN-U-10827,SYN-LN-6486,5000.0,1250.0,2025-09-07,2025-09-07,0,1250.0,0
SYN-REP-11487,SYN-U-11447,SYN-LN-6487,40000.0,10000.0,2025-07-21,2025-07-21,0,10000.0,0
SYN-REP-11488,SYN-U-17574,SYN-LN-6488,40000.0,10000.0,2026-07-31,2026-07-31,0,10000.0,0
SYN-REP-11489,SYN-U-17922,SYN-LN-6489,25000.0,6250.0,2025-07-05,2025-07-05,0,6250.0,0
SYN-REP-11490,SYN-U-19413,SYN-LN-6490,10000.0,2500.0,2025-09-21,2025-09-21,0,2500.0,0
SYN-REP-11491,SYN-U-12783,SYN-LN-6491,15000.0,3750.0,2026-06-30,2026-06-30,0,3750.0,0
SYN-REP-11492,SYN-U-17477,SYN-LN-6492,5000.0,1250.0,2025-12-29,2025-12-29,0,1250.0,0
SYN-REP-11493,SYN-U-15103,SYN-LN-6493,10000.0,2500.0,2025-12-04,2025-12-04,0,2500.0,0
SYN-REP-11494,SYN-U-17655,SYN-LN-6494,10000.0,2500.0,2026-07-11,2026-07-11,0,2500.0,0
SYN-REP-11495,SYN-U-13860,SYN-LN-6495,5000.0,1250.0,2025-08-18,2025-08-18,0,1250.0,0
SYN-REP-11496,SYN-U-10468,SYN-LN-6496,40000.0,10000.0,2025-11-04,2025-11-04,0,10000.0,0
SYN-REP-11497,SYN-U-18300,SYN-LN-6497,5000.0,1250.0,2025-08-25,2025-08-25,0,1250.0,0
SYN-REP-11498,SYN-U-12799,SYN-LN-6498,25000.0,6250.0,2025-12-10,2025-12-11,1,6250.0,0
SYN-REP-11499,SYN-U-12879,SYN-LN-6499,5000.0,1250.0,2025-07-07,2025-07-07,0,1250.0,0
SYN-REP-11500,SYN-U-17133,SYN-LN-6500,25000.0,6250.0,2026-04-18,2026-04-18,0,6250.0,0
SYN-REP-11501,SYN-U-16632,SYN-LN-6501,40000.0,10000.0,2025-12-07,2025-12-07,0,10000.0,0
SYN-REP-11502,SYN-U-18690,SYN-LN-6502,25000.0,6250.0,2025-10-24,2025-10-25,1,6250.0,0
SYN-REP-11503,SYN-U-18384,SYN-LN-6503,40000.0,10000.0,2025-08-04,2025-08-04,0,10000.0,0
SYN-REP-11504,SYN-U-14862,SYN-LN-6504,15000.0,3750.0,2025-11-14,2025-11-14,0,3750.0,0
SYN-REP-11505,SYN-U-13630,SYN-LN-6505,25000.0,6250.0,2025-08-05,2025-08-05,0,6250.0,0
SYN-REP-11506,SYN-U-10621,SYN-LN-6506,15000.0,3750.0,2026-07-30,2026-07-30,0,3750.0,0
SYN-REP-11507,SYN-U-19799,SYN-LN-6507,15000.0,3750.0,2026-04-13,2026-04-13,0,3750.0,0
SYN-REP-11508,SYN-U-16524,SYN-LN-6508,15000.0,3750.0,2025-07-22,2025-07-23,1,3750.0,0
SYN-REP-11509,SYN-U-15404,SYN-LN-6509,10000.0,2500.0,2026-04-21,2026-04-25,4,2500.0,0
SYN-REP-11510,SYN-U-14164,SYN-LN-6510,40000.0,10000.0,2026-06-17,2026-06-17,0,10000.0,0
SYN-REP-11511,SYN-U-18654,SYN-LN-6511,25000.0,6250.0,2025-12-08,2025-12-08,0,6250.0,0
SYN-REP-11512,SYN-U-13353,SYN-LN-6512,25000.0,6250.0,2025-09-04,2025-09-04,0,6250.0,0
SYN-REP-11513,SYN-U-12810,SYN-LN-6513,15000.0,3750.0,2026-01-07,2026-01-07,0,3750.0,0
SYN-REP-11514,SYN-U-14694,SYN-LN-6514,10000.0,2500.0,2026-02-22,2026-02-25,3,2500.0,0
SYN-REP-11515,SYN-U-17277,SYN-LN-6515,15000.0,3750.0,2026-07-29,2026-07-29,0,3750.0,0
SYN-REP-11516,SYN-U-17746,SYN-LN-6516,10000.0,2500.0,2025-08-21,2025-08-21,0,2500.0,0
SYN-REP-11517,SYN-U-12601,SYN-LN-6517,25000.0,6250.0,2025-06-30,2025-06-30,0,6250.0,0
SYN-REP-11518,SYN-U-17553,SYN-LN-6518,5000.0,1250.0,2026-02-26,2026-02-26,0,1250.0,0
SYN-REP-11519,SYN-U-17770,SYN-LN-6519,25000.0,6250.0,2025-11-11,,74,315.72,1
SYN-REP-11520,SYN-U-11095,SYN-LN-6520,40000.0,10000.0,2025-11-20,2025-11-22,2,10000.0,0
SYN-REP-11521,SYN-U-16042,SYN-LN-6521,25000.0,6250.0,2026-05-27,2026-05-27,0,6250.0,0
SYN-REP-11522,SYN-U-12043,SYN-LN-6522,5000.0,1250.0,2026-08-06,2026-08-07,1,1250.0,0
SYN-REP-11523,SYN-U-12002,SYN-LN-6523,25000.0,6250.0,2025-08-17,2025-08-17,0,6250.0,0
SYN-REP-11524,SYN-U-17902,SYN-LN-6524,25000.0,6250.0,2026-01-15,2026-01-15,0,6250.0,0
SYN-REP-11525,SYN-U-19181,SYN-LN-6525,5000.0,1250.0,2026-01-10,2026-01-12,2,1250.0,0
SYN-REP-11526,SYN-U-14555,SYN-LN-6526,10000.0,2500.0,2026-06-25,2026-06-25,0,2500.0,0
SYN-REP-11527,SYN-U-15663,SYN-LN-6527,25000.0,6250.0,2025-07-26,2025-07-26,0,6250.0,0
SYN-REP-11528,SYN-U-15842,SYN-LN-6528,10000.0,2500.0,2026-04-30,2026-04-30,0,2500.0,0
SYN-REP-11529,SYN-U-14978,SYN-LN-6529,25000.0,6250.0,2025-06-16,2025-07-13,27,6250.0,0
SYN-REP-11530,SYN-U-12752,SYN-LN-6530,40000.0,10000.0,2025-11-03,,67,168.9,1
SYN-REP-11531,SYN-U-19834,SYN-LN-6531,5000.0,1250.0,2026-08-12,2026-08-12,0,1250.0,0
SYN-REP-11532,SYN-U-15865,SYN-LN-6532,5000.0,1250.0,2025-12-06,2025-12-09,3,1250.0,0
SYN-REP-11533,SYN-U-16378,SYN-LN-6533,5000.0,1250.0,2025-11-30,2025-11-30,0,1250.0,0
SYN-REP-11534,SYN-U-18467,SYN-LN-6534,5000.0,1250.0,2025-11-13,2025-11-13,0,1250.0,0
SYN-REP-11535,SYN-U-19261,SYN-LN-6535,5000.0,1250.0,2025-06-23,2025-06-23,0,1250.0,0
SYN-REP-11536,SYN-U-13913,SYN-LN-6536,10000.0,2500.0,2026-06-06,2026-06-06,0,2500.0,0
SYN-REP-11537,SYN-U-14605,SYN-LN-6537,25000.0,6250.0,2026-01-22,2026-01-25,3,6250.0,0
SYN-REP-11538,SYN-U-18215,SYN-LN-6538,25000.0,6250.0,2026-04-19,2026-04-19,0,6250.0,0
SYN-REP-11539,SYN-U-15652,SYN-LN-6539,25000.0,6250.0,2026-01-23,2026-01-23,0,6250.0,0
SYN-REP-11540,SYN-U-12918,SYN-LN-6540,5000.0,1250.0,2025-09-13,2025-09-13,0,1250.0,0
SYN-REP-11541,SYN-U-10796,SYN-LN-6541,25000.0,6250.0,2026-07-02,2026-07-02,0,6250.0,0
SYN-REP-11542,SYN-U-12984,SYN-LN-6542,10000.0,2500.0,2025-07-25,2025-07-25,0,2500.0,0
SYN-REP-11543,SYN-U-19358,SYN-LN-6543,25000.0,6250.0,2026-08-06,2026-08-06,0,6250.0,0
SYN-REP-11544,SYN-U-17699,SYN-LN-6544,5000.0,1250.0,2025-06-07,2025-06-07,0,1250.0,0
SYN-REP-11545,SYN-U-11758,SYN-LN-6545,5000.0,1250.0,2026-06-27,2026-06-28,1,1250.0,0
SYN-REP-11546,SYN-U-11716,SYN-LN-6546,25000.0,6250.0,2026-06-21,2026-06-21,0,6250.0,0
SYN-REP-11547,SYN-U-12121,SYN-LN-6547,15000.0,3750.0,2025-10-08,2025-10-08,0,3750.0,0
SYN-REP-11548,SYN-U-18977,SYN-LN-6548,40000.0,10000.0,2025-10-02,2025-10-02,0,10000.0,0
SYN-REP-11549,SYN-U-14286,SYN-LN-6549,25000.0,6250.0,2025-10-26,2025-10-26,0,6250.0,0
SYN-REP-11550,SYN-U-11987,SYN-LN-6550,15000.0,3750.0,2025-11-12,2025-11-12,0,3750.0,0
SYN-REP-11551,SYN-U-18849,SYN-LN-6551,15000.0,3750.0,2026-04-06,2026-04-06,0,3750.0,0
SYN-REP-11552,SYN-U-13018,SYN-LN-6552,40000.0,10000.0,2026-02-23,2026-02-23,0,10000.0,0
SYN-REP-11553,SYN-U-15351,SYN-LN-6553,40000.0,10000.0,2025-07-06,2025-07-06,0,10000.0,0
SYN-REP-11554,SYN-U-15241,SYN-LN-6554,5000.0,1250.0,2025-12-08,2025-12-08,0,1250.0,0
SYN-REP-11555,SYN-U-10172,SYN-LN-6555,5000.0,1250.0,2026-07-12,2026-07-12,0,1250.0,0
SYN-REP-11556,SYN-U-14605,SYN-LN-6556,10000.0,2500.0,2026-03-03,2026-03-05,2,2500.0,0
SYN-REP-11557,SYN-U-12357,SYN-LN-6557,10000.0,2500.0,2025-12-18,2025-12-18,0,2500.0,0
SYN-REP-11558,SYN-U-17931,SYN-LN-6558,25000.0,6250.0,2026-02-16,2026-02-16,0,6250.0,0
SYN-REP-11559,SYN-U-19166,SYN-LN-6559,40000.0,10000.0,2025-08-13,2025-08-13,0,10000.0,0
SYN-REP-11560,SYN-U-15195,SYN-LN-6560,5000.0,1250.0,2025-11-07,2025-11-07,0,1250.0,0
SYN-REP-11561,SYN-U-10502,SYN-LN-6561,15000.0,3750.0,2025-06-07,2025-06-07,0,3750.0,0
SYN-REP-11562,SYN-U-17500,SYN-LN-6562,15000.0,3750.0,2025-11-13,2025-11-13,0,3750.0,0
SYN-REP-11563,SYN-U-13808,SYN-LN-6563,25000.0,6250.0,2026-04-07,2026-04-07,0,6250.0,0
SYN-REP-11564,SYN-U-19377,SYN-LN-6564,25000.0,6250.0,2025-07-27,2025-07-27,0,6250.0,0
SYN-REP-11565,SYN-U-13457,SYN-LN-6565,40000.0,10000.0,2025-12-07,2025-12-08,1,10000.0,0
SYN-REP-11566,SYN-U-18261,SYN-LN-6566,25000.0,6250.0,2025-07-26,2025-07-26,0,6250.0,0
SYN-REP-11567,SYN-U-16399,SYN-LN-6567,10000.0,2500.0,2025-08-30,2025-08-30,0,2500.0,0
SYN-REP-11568,SYN-U-11186,SYN-LN-6568,5000.0,1250.0,2025-09-14,2025-09-14,0,1250.0,0
SYN-REP-11569,SYN-U-15452,SYN-LN-6569,25000.0,6250.0,2025-12-30,2025-12-30,0,6250.0,0
SYN-REP-11570,SYN-U-18552,SYN-LN-6570,10000.0,2500.0,2025-06-19,2025-06-23,4,2500.0,0
SYN-REP-11571,SYN-U-17815,SYN-LN-6571,40000.0,10000.0,2025-06-29,2025-06-29,0,10000.0,0
SYN-REP-11572,SYN-U-19884,SYN-LN-6572,5000.0,1250.0,2026-04-09,2026-04-11,2,1250.0,0
SYN-REP-11573,SYN-U-11202,SYN-LN-6573,25000.0,6250.0,2026-08-11,2026-08-13,2,6250.0,0
SYN-REP-11574,SYN-U-17416,SYN-LN-6574,10000.0,2500.0,2025-07-03,2025-07-03,0,2500.0,0
SYN-REP-11575,SYN-U-19657,SYN-LN-6575,10000.0,2500.0,2026-07-10,2026-07-11,1,2500.0,0
SYN-REP-11576,SYN-U-17614,SYN-LN-6576,25000.0,6250.0,2026-05-23,2026-05-23,0,6250.0,0
SYN-REP-11577,SYN-U-13223,SYN-LN-6577,40000.0,10000.0,2025-07-26,2025-07-26,0,10000.0,0
SYN-REP-11578,SYN-U-18599,SYN-LN-6578,40000.0,10000.0,2026-07-21,2026-07-21,0,10000.0,0
SYN-REP-11579,SYN-U-13518,SYN-LN-6579,40000.0,10000.0,2025-12-17,2025-12-17,0,10000.0,0
SYN-REP-11580,SYN-U-15104,SYN-LN-6580,40000.0,10000.0,2025-08-31,2025-08-31,0,10000.0,0
SYN-REP-11581,SYN-U-17423,SYN-LN-6581,25000.0,6250.0,2025-07-27,2025-07-29,2,6250.0,0
SYN-REP-11582,SYN-U-16881,SYN-LN-6582,40000.0,10000.0,2026-03-30,2026-03-30,0,10000.0,0
SYN-REP-11583,SYN-U-15135,SYN-LN-6583,5000.0,1250.0,2025-11-19,2025-11-23,4,1250.0,0
SYN-REP-11584,SYN-U-15151,SYN-LN-6584,25000.0,6250.0,2025-06-10,2025-06-10,0,6250.0,0
SYN-REP-11585,SYN-U-11821,SYN-LN-6585,10000.0,2500.0,2026-06-23,2026-06-23,0,2500.0,0
SYN-REP-11586,SYN-U-12950,SYN-LN-6586,15000.0,3750.0,2026-03-04,2026-03-04,0,3750.0,0
SYN-REP-11587,SYN-U-12780,SYN-LN-6587,15000.0,3750.0,2026-04-26,2026-04-26,0,3750.0,0
SYN-REP-11588,SYN-U-12361,SYN-LN-6588,40000.0,10000.0,2026-02-27,2026-02-27,0,10000.0,0
SYN-REP-11589,SYN-U-10902,SYN-LN-6589,10000.0,2500.0,2026-06-05,2026-06-05,0,2500.0,0
SYN-REP-11590,SYN-U-19920,SYN-LN-6590,5000.0,1250.0,2025-12-08,2025-12-08,0,1250.0,0
SYN-REP-11591,SYN-U-11930,SYN-LN-6591,5000.0,1250.0,2026-01-08,2026-01-08,0,1250.0,0
SYN-REP-11592,SYN-U-15438,SYN-LN-6592,15000.0,3750.0,2025-07-13,2025-07-16,3,3750.0,0
SYN-REP-11593,SYN-U-12283,SYN-LN-6593,5000.0,1250.0,2026-06-23,2026-06-27,4,1250.0,0
SYN-REP-11594,SYN-U-12796,SYN-LN-6594,10000.0,2500.0,2026-06-18,2026-06-18,0,2500.0,0
SYN-REP-11595,SYN-U-11778,SYN-LN-6595,15000.0,3750.0,2025-10-30,2025-10-30,0,3750.0,0
SYN-REP-11596,SYN-U-10790,SYN-LN-6596,40000.0,10000.0,2025-07-11,2025-07-11,0,10000.0,0
SYN-REP-11597,SYN-U-19824,SYN-LN-6597,25000.0,6250.0,2025-09-20,2025-09-23,3,6250.0,0
SYN-REP-11598,SYN-U-19626,SYN-LN-6598,5000.0,1250.0,2025-07-15,2025-07-17,2,1250.0,0
SYN-REP-11599,SYN-U-14432,SYN-LN-6599,10000.0,2500.0,2025-07-03,2025-07-05,2,2500.0,0
SYN-REP-11600,SYN-U-13039,SYN-LN-6600,5000.0,1250.0,2026-04-14,2026-04-14,0,1250.0,0
SYN-REP-11601,SYN-U-15229,SYN-LN-6601,10000.0,2500.0,2025-11-25,2025-11-27,2,2500.0,0
SYN-REP-11602,SYN-U-10770,SYN-LN-6602,15000.0,3750.0,2026-03-05,2026-03-05,0,3750.0,0
SYN-REP-11603,SYN-U-12267,SYN-LN-6603,15000.0,3750.0,2026-04-06,2026-04-06,0,3750.0,0
SYN-REP-11604,SYN-U-14766,SYN-LN-6604,25000.0,6250.0,2025-06-18,2025-06-18,0,6250.0,0
SYN-REP-11605,SYN-U-19078,SYN-LN-6605,10000.0,2500.0,2025-06-07,2025-06-07,0,2500.0,0
SYN-REP-11606,SYN-U-15228,SYN-LN-6606,15000.0,3750.0,2025-12-26,2025-12-26,0,3750.0,0
SYN-REP-11607,SYN-U-15583,SYN-LN-6607,15000.0,3750.0,2025-12-06,2025-12-08,2,3750.0,0
SYN-REP-11608,SYN-U-14811,SYN-LN-6608,25000.0,6250.0,2026-03-20,2026-03-20,0,6250.0,0
SYN-REP-11609,SYN-U-14129,SYN-LN-6609,40000.0,10000.0,2026-08-22,2026-08-22,0,10000.0,0
SYN-REP-11610,SYN-U-18274,SYN-LN-6610,10000.0,2500.0,2026-04-20,2026-04-20,0,2500.0,0
SYN-REP-11611,SYN-U-12922,SYN-LN-6611,40000.0,10000.0,2026-03-20,2026-03-20,0,10000.0,0
SYN-REP-11612,SYN-U-10751,SYN-LN-6612,15000.0,3750.0,2026-03-27,2026-03-27,0,3750.0,0
SYN-REP-11613,SYN-U-13955,SYN-LN-6613,10000.0,2500.0,2026-06-04,,67,754.89,1
SYN-REP-11614,SYN-U-17324,SYN-LN-6614,40000.0,10000.0,2026-03-09,2026-03-09,0,10000.0,0
SYN-REP-11615,SYN-U-12998,SYN-LN-6615,15000.0,3750.0,2025-10-04,2025-11-22,49,3750.0,0
SYN-REP-11616,SYN-U-12447,SYN-LN-6616,5000.0,1250.0,2025-08-21,2025-08-25,4,1250.0,0
SYN-REP-11617,SYN-U-11811,SYN-LN-6617,15000.0,3750.0,2025-10-29,2025-10-29,0,3750.0,0
SYN-REP-11618,SYN-U-14813,SYN-LN-6618,15000.0,3750.0,2026-06-16,2026-06-17,1,3750.0,0
SYN-REP-11619,SYN-U-17422,SYN-LN-6619,5000.0,1250.0,2025-10-31,2025-10-31,0,1250.0,0
SYN-REP-11620,SYN-U-18079,SYN-LN-6620,40000.0,10000.0,2025-12-08,2025-12-08,0,10000.0,0
SYN-REP-11621,SYN-U-11109,SYN-LN-6621,40000.0,10000.0,2025-06-03,2025-06-03,0,10000.0,0
SYN-REP-11622,SYN-U-19426,SYN-LN-6622,15000.0,3750.0,2025-11-01,2025-11-01,0,3750.0,0
SYN-REP-11623,SYN-U-15877,SYN-LN-6623,40000.0,10000.0,2025-09-12,2025-09-14,2,10000.0,0
SYN-REP-11624,SYN-U-10295,SYN-LN-6624,25000.0,6250.0,2026-03-13,2026-03-13,0,6250.0,0
SYN-REP-11625,SYN-U-18813,SYN-LN-6625,10000.0,2500.0,2025-11-23,2025-11-27,4,2500.0,0
SYN-REP-11626,SYN-U-12138,SYN-LN-6626,40000.0,10000.0,2026-06-03,2026-06-06,3,10000.0,0
SYN-REP-11627,SYN-U-13198,SYN-LN-6627,15000.0,3750.0,2025-12-10,2025-12-10,0,3750.0,0
SYN-REP-11628,SYN-U-18694,SYN-LN-6628,5000.0,1250.0,2025-06-30,2025-06-30,0,1250.0,0
SYN-REP-11629,SYN-U-11384,SYN-LN-6629,15000.0,3750.0,2026-07-10,2026-07-10,0,3750.0,0
SYN-REP-11630,SYN-U-10921,SYN-LN-6630,10000.0,2500.0,2026-06-07,2026-06-07,0,2500.0,0
SYN-REP-11631,SYN-U-13696,SYN-LN-6631,15000.0,3750.0,2026-04-12,2026-04-12,0,3750.0,0
SYN-REP-11632,SYN-U-10775,SYN-LN-6632,10000.0,2500.0,2025-08-22,2025-08-22,0,2500.0,0
SYN-REP-11633,SYN-U-14701,SYN-LN-6633,10000.0,2500.0,2025-09-25,2025-09-25,0,2500.0,0
SYN-REP-11634,SYN-U-11647,SYN-LN-6634,10000.0,2500.0,2026-03-11,2026-03-12,1,2500.0,0
SYN-REP-11635,SYN-U-10577,SYN-LN-6635,40000.0,10000.0,2026-02-18,2026-02-18,0,10000.0,0
SYN-REP-11636,SYN-U-16226,SYN-LN-6636,25000.0,6250.0,2025-08-07,2025-08-09,2,6250.0,0
SYN-REP-11637,SYN-U-10151,SYN-LN-6637,25000.0,6250.0,2026-04-11,2026-04-11,0,6250.0,0
SYN-REP-11638,SYN-U-15644,SYN-LN-6638,15000.0,3750.0,2026-02-05,2026-02-05,0,3750.0,0
SYN-REP-11639,SYN-U-14760,SYN-LN-6639,15000.0,3750.0,2025-06-24,2025-06-24,0,3750.0,0
SYN-REP-11640,SYN-U-15058,SYN-LN-6640,40000.0,10000.0,2025-07-28,2025-07-28,0,10000.0,0
SYN-REP-11641,SYN-U-19279,SYN-LN-6641,10000.0,2500.0,2025-10-30,2025-10-30,0,2500.0,0
SYN-REP-11642,SYN-U-10014,SYN-LN-6642,5000.0,1250.0,2025-06-26,2025-06-28,2,1250.0,0
SYN-REP-11643,SYN-U-13961,SYN-LN-6643,40000.0,10000.0,2025-12-04,2025-12-04,0,10000.0,0
SYN-REP-11644,SYN-U-15205,SYN-LN-6644,5000.0,1250.0,2026-04-24,2026-04-24,0,1250.0,0
SYN-REP-11645,SYN-U-16868,SYN-LN-6645,10000.0,2500.0,2025-09-28,2025-09-28,0,2500.0,0
SYN-REP-11646,SYN-U-18893,SYN-LN-6646,5000.0,1250.0,2026-07-22,2026-07-22,0,1250.0,0
SYN-REP-11647,SYN-U-13584,SYN-LN-6647,15000.0,3750.0,2025-10-21,2025-10-22,1,3750.0,0
SYN-REP-11648,SYN-U-13525,SYN-LN-6648,25000.0,6250.0,2025-08-31,2025-08-31,0,6250.0,0
SYN-REP-11649,SYN-U-14636,SYN-LN-6649,10000.0,2500.0,2026-08-19,2026-08-19,0,2500.0,0
SYN-REP-11650,SYN-U-14290,SYN-LN-6650,15000.0,3750.0,2025-12-27,2025-12-27,0,3750.0,0
SYN-REP-11651,SYN-U-13641,SYN-LN-6651,40000.0,10000.0,2026-06-17,2026-06-17,0,10000.0,0
SYN-REP-11652,SYN-U-18924,SYN-LN-6652,25000.0,6250.0,2026-05-09,2026-05-09,0,6250.0,0
SYN-REP-11653,SYN-U-10280,SYN-LN-6653,25000.0,6250.0,2026-03-05,2026-03-05,0,6250.0,0
SYN-REP-11654,SYN-U-17913,SYN-LN-6654,40000.0,10000.0,2026-01-20,2026-01-20,0,10000.0,0
SYN-REP-11655,SYN-U-13607,SYN-LN-6655,40000.0,10000.0,2026-02-20,2026-02-20,0,10000.0,0
SYN-REP-11656,SYN-U-17060,SYN-LN-6656,15000.0,3750.0,2025-12-12,2025-12-12,0,3750.0,0
SYN-REP-11657,SYN-U-11784,SYN-LN-6657,5000.0,1250.0,2026-08-10,2026-08-10,0,1250.0,0
SYN-REP-11658,SYN-U-13318,SYN-LN-6658,10000.0,2500.0,2026-04-15,2026-04-15,0,2500.0,0
SYN-REP-11659,SYN-U-18096,SYN-LN-6659,10000.0,2500.0,2026-04-15,2026-04-15,0,2500.0,0
SYN-REP-11660,SYN-U-15353,SYN-LN-6660,15000.0,3750.0,2026-01-26,2026-01-26,0,3750.0,0
SYN-REP-11661,SYN-U-16025,SYN-LN-6661,40000.0,10000.0,2025-10-25,2025-10-25,0,10000.0,0
SYN-REP-11662,SYN-U-12390,SYN-LN-6662,15000.0,3750.0,2025-07-27,2025-07-27,0,3750.0,0
SYN-REP-11663,SYN-U-14613,SYN-LN-6663,10000.0,2500.0,2025-11-28,2025-11-28,0,2500.0,0
SYN-REP-11664,SYN-U-14134,SYN-LN-6664,40000.0,10000.0,2026-03-24,2026-03-24,0,10000.0,0
SYN-REP-11665,SYN-U-10339,SYN-LN-6665,5000.0,1250.0,2025-08-20,2025-08-20,0,1250.0,0
SYN-REP-11666,SYN-U-11424,SYN-LN-6666,15000.0,3750.0,2025-10-26,2025-10-26,0,3750.0,0
SYN-REP-11667,SYN-U-18092,SYN-LN-6667,15000.0,3750.0,2025-09-09,2025-09-09,0,3750.0,0
SYN-REP-11668,SYN-U-14389,SYN-LN-6668,10000.0,2500.0,2025-07-17,2025-07-17,0,2500.0,0
SYN-REP-11669,SYN-U-17578,SYN-LN-6669,40000.0,10000.0,2026-01-10,2026-01-10,0,10000.0,0
SYN-REP-11670,SYN-U-15319,SYN-LN-6670,15000.0,3750.0,2025-09-20,2025-09-20,0,3750.0,0
SYN-REP-11671,SYN-U-13508,SYN-LN-6671,15000.0,3750.0,2026-07-26,2026-07-26,0,3750.0,0
SYN-REP-11672,SYN-U-11626,SYN-LN-6672,10000.0,2500.0,2026-08-07,2026-08-08,1,2500.0,0
SYN-REP-11673,SYN-U-19059,SYN-LN-6673,25000.0,6250.0,2025-07-20,2025-07-20,0,6250.0,0
SYN-REP-11674,SYN-U-11030,SYN-LN-6674,5000.0,1250.0,2025-09-05,2025-09-05,0,1250.0,0
SYN-REP-11675,SYN-U-17032,SYN-LN-6675,5000.0,1250.0,2025-11-01,2025-11-05,4,1250.0,0
SYN-REP-11676,SYN-U-12143,SYN-LN-6676,10000.0,2500.0,2026-06-10,2026-06-10,0,2500.0,0
SYN-REP-11677,SYN-U-18034,SYN-LN-6677,10000.0,2500.0,2025-10-12,2025-10-12,0,2500.0,0
SYN-REP-11678,SYN-U-12515,SYN-LN-6678,25000.0,6250.0,2026-04-16,2026-04-16,0,6250.0,0
SYN-REP-11679,SYN-U-14497,SYN-LN-6679,15000.0,3750.0,2025-11-01,2025-11-01,0,3750.0,0
SYN-REP-11680,SYN-U-14966,SYN-LN-6680,10000.0,2500.0,2026-06-18,2026-06-21,3,2500.0,0
SYN-REP-11681,SYN-U-13417,SYN-LN-6681,15000.0,3750.0,2026-04-16,2026-04-16,0,3750.0,0
SYN-REP-11682,SYN-U-12567,SYN-LN-6682,5000.0,1250.0,2025-07-09,2025-07-09,0,1250.0,0
SYN-REP-11683,SYN-U-14310,SYN-LN-6683,25000.0,6250.0,2026-01-20,2026-01-20,0,6250.0,0
SYN-REP-11684,SYN-U-16968,SYN-LN-6684,5000.0,1250.0,2026-03-11,2026-03-11,0,1250.0,0
SYN-REP-11685,SYN-U-13483,SYN-LN-6685,15000.0,3750.0,2026-07-14,2026-07-14,0,3750.0,0
SYN-REP-11686,SYN-U-15633,SYN-LN-6686,15000.0,3750.0,2026-04-13,2026-04-13,0,3750.0,0
SYN-REP-11687,SYN-U-14578,SYN-LN-6687,25000.0,6250.0,2026-02-15,2026-02-15,0,6250.0,0
SYN-REP-11688,SYN-U-16150,SYN-LN-6688,10000.0,2500.0,2025-09-17,2025-09-20,3,2500.0,0
SYN-REP-11689,SYN-U-16582,SYN-LN-6689,10000.0,2500.0,2025-09-28,2025-09-28,0,2500.0,0
SYN-REP-11690,SYN-U-10904,SYN-LN-6690,10000.0,2500.0,2025-10-03,2025-10-03,0,2500.0,0
SYN-REP-11691,SYN-U-10247,SYN-LN-6691,25000.0,6250.0,2026-04-26,2026-04-26,0,6250.0,0
SYN-REP-11692,SYN-U-17046,SYN-LN-6692,10000.0,2500.0,2026-03-24,2026-03-24,0,2500.0,0
SYN-REP-11693,SYN-U-10107,SYN-LN-6693,10000.0,2500.0,2025-12-30,2025-12-30,0,2500.0,0
SYN-REP-11694,SYN-U-12908,SYN-LN-6694,5000.0,1250.0,2025-12-03,2025-12-03,0,1250.0,0
SYN-REP-11695,SYN-U-16450,SYN-LN-6695,25000.0,6250.0,2026-04-13,2026-04-13,0,6250.0,0
SYN-REP-11696,SYN-U-11898,SYN-LN-6696,10000.0,2500.0,2026-03-03,2026-03-03,0,2500.0,0
SYN-REP-11697,SYN-U-18148,SYN-LN-6697,40000.0,10000.0,2026-02-10,2026-02-10,0,10000.0,0
SYN-REP-11698,SYN-U-13068,SYN-LN-6698,5000.0,1250.0,2026-04-18,2026-04-18,0,1250.0,0
SYN-REP-11699,SYN-U-16255,SYN-LN-6699,25000.0,6250.0,2026-03-04,2026-03-04,0,6250.0,0
SYN-REP-11700,SYN-U-14188,SYN-LN-6700,10000.0,2500.0,2025-10-10,2025-10-10,0,2500.0,0
SYN-REP-11701,SYN-U-14917,SYN-LN-6701,15000.0,3750.0,2026-03-11,2026-03-11,0,3750.0,0
SYN-REP-11702,SYN-U-16751,SYN-LN-6702,5000.0,1250.0,2026-01-08,2026-01-08,0,1250.0,0
SYN-REP-11703,SYN-U-10321,SYN-LN-6703,40000.0,10000.0,2025-09-14,2025-09-14,0,10000.0,0
SYN-REP-11704,SYN-U-12111,SYN-LN-6704,5000.0,1250.0,2026-02-02,2026-02-02,0,1250.0,0
SYN-REP-11705,SYN-U-10992,SYN-LN-6705,5000.0,1250.0,2025-06-09,2025-06-09,0,1250.0,0
SYN-REP-11706,SYN-U-14319,SYN-LN-6706,15000.0,3750.0,2025-09-14,2025-09-14,0,3750.0,0
SYN-REP-11707,SYN-U-15079,SYN-LN-6707,5000.0,1250.0,2025-06-27,2025-06-27,0,1250.0,0
SYN-REP-11708,SYN-U-15109,SYN-LN-6708,10000.0,2500.0,2026-01-11,2026-01-11,0,2500.0,0
SYN-REP-11709,SYN-U-14824,SYN-LN-6709,25000.0,6250.0,2026-04-27,2026-04-27,0,6250.0,0
SYN-REP-11710,SYN-U-10068,SYN-LN-6710,5000.0,1250.0,2025-09-13,2025-09-13,0,1250.0,0
SYN-REP-11711,SYN-U-17076,SYN-LN-6711,15000.0,3750.0,2025-06-16,2025-06-20,4,3750.0,0
SYN-REP-11712,SYN-U-11366,SYN-LN-6712,40000.0,10000.0,2025-12-24,2025-12-24,0,10000.0,0
SYN-REP-11713,SYN-U-17703,SYN-LN-6713,5000.0,1250.0,2025-08-26,2025-08-26,0,1250.0,0
SYN-REP-11714,SYN-U-15064,SYN-LN-6714,40000.0,10000.0,2026-01-03,2026-01-03,0,10000.0,0
SYN-REP-11715,SYN-U-11621,SYN-LN-6715,25000.0,6250.0,2025-06-28,2025-06-28,0,6250.0,0
SYN-REP-11716,SYN-U-11463,SYN-LN-6716,15000.0,3750.0,2025-10-05,2025-10-05,0,3750.0,0
SYN-REP-11717,SYN-U-14632,SYN-LN-6717,15000.0,3750.0,2026-03-15,2026-03-15,0,3750.0,0
SYN-REP-11718,SYN-U-17639,SYN-LN-6718,40000.0,10000.0,2026-08-22,2026-08-22,0,10000.0,0
SYN-REP-11719,SYN-U-10808,SYN-LN-6719,10000.0,2500.0,2026-02-16,2026-02-16,0,2500.0,0
SYN-REP-11720,SYN-U-12268,SYN-LN-6720,15000.0,3750.0,2026-06-06,2026-06-06,0,3750.0,0
SYN-REP-11721,SYN-U-11859,SYN-LN-6721,5000.0,1250.0,2025-08-26,2025-08-29,3,1250.0,0
SYN-REP-11722,SYN-U-18552,SYN-LN-6722,15000.0,3750.0,2026-04-16,2026-04-16,0,3750.0,0
SYN-REP-11723,SYN-U-12362,SYN-LN-6723,10000.0,2500.0,2026-04-24,2026-04-24,0,2500.0,0
SYN-REP-11724,SYN-U-17708,SYN-LN-6724,25000.0,6250.0,2026-04-29,2026-04-29,0,6250.0,0
SYN-REP-11725,SYN-U-16962,SYN-LN-6725,40000.0,10000.0,2026-06-13,2026-06-13,0,10000.0,0
SYN-REP-11726,SYN-U-11385,SYN-LN-6726,25000.0,6250.0,2025-06-25,2025-06-25,0,6250.0,0
SYN-REP-11727,SYN-U-17144,SYN-LN-6727,40000.0,10000.0,2026-02-09,2026-02-09,0,10000.0,0
SYN-REP-11728,SYN-U-19761,SYN-LN-6728,15000.0,3750.0,2025-07-29,2025-07-30,1,3750.0,0
SYN-REP-11729,SYN-U-14652,SYN-LN-6729,5000.0,1250.0,2026-05-06,2026-05-06,0,1250.0,0
SYN-REP-11730,SYN-U-11901,SYN-LN-6730,5000.0,1250.0,2025-12-05,2025-12-05,0,1250.0,0
SYN-REP-11731,SYN-U-16299,SYN-LN-6731,40000.0,10000.0,2026-08-24,2026-08-24,0,10000.0,0
SYN-REP-11732,SYN-U-19707,SYN-LN-6732,25000.0,6250.0,2026-01-27,2026-01-27,0,6250.0,0
SYN-REP-11733,SYN-U-18663,SYN-LN-6733,40000.0,10000.0,2025-08-23,2025-08-23,0,10000.0,0
SYN-REP-11734,SYN-U-14947,SYN-LN-6734,25000.0,6250.0,2025-12-06,2025-12-06,0,6250.0,0
SYN-REP-11735,SYN-U-12785,SYN-LN-6735,15000.0,3750.0,2026-01-02,2026-01-02,0,3750.0,0
SYN-REP-11736,SYN-U-15866,SYN-LN-6736,40000.0,10000.0,2025-11-11,2025-11-11,0,10000.0,0
SYN-REP-11737,SYN-U-17289,SYN-LN-6737,10000.0,2500.0,2026-06-14,2026-06-15,1,2500.0,0
SYN-REP-11738,SYN-U-18210,SYN-LN-6738,25000.0,6250.0,2026-06-21,2026-06-21,0,6250.0,0
SYN-REP-11739,SYN-U-16824,SYN-LN-6739,10000.0,2500.0,2026-07-29,2026-07-29,0,2500.0,0
SYN-REP-11740,SYN-U-14061,SYN-LN-6740,15000.0,3750.0,2026-02-15,2026-02-15,0,3750.0,0
SYN-REP-11741,SYN-U-14335,SYN-LN-6741,5000.0,1250.0,2025-12-30,2025-12-30,0,1250.0,0
SYN-REP-11742,SYN-U-16925,SYN-LN-6742,15000.0,3750.0,2026-01-15,2026-01-15,0,3750.0,0
SYN-REP-11743,SYN-U-13563,SYN-LN-6743,40000.0,10000.0,2025-12-24,2025-12-24,0,10000.0,0
SYN-REP-11744,SYN-U-13208,SYN-LN-6744,40000.0,10000.0,2026-02-07,2026-02-07,0,10000.0,0
SYN-REP-11745,SYN-U-11944,SYN-LN-6745,25000.0,6250.0,2025-11-22,2025-11-22,0,6250.0,0
SYN-REP-11746,SYN-U-13513,SYN-LN-6746,5000.0,1250.0,2026-02-22,2026-02-26,4,1250.0,0
SYN-REP-11747,SYN-U-11479,SYN-LN-6747,10000.0,2500.0,2026-07-31,2026-07-31,0,2500.0,0
SYN-REP-11748,SYN-U-11360,SYN-LN-6748,5000.0,1250.0,2025-12-18,,92,105.34,1
SYN-REP-11749,SYN-U-19867,SYN-LN-6749,15000.0,3750.0,2026-05-29,2026-05-29,0,3750.0,0
SYN-REP-11750,SYN-U-11649,SYN-LN-6750,15000.0,3750.0,2026-01-31,2026-01-31,0,3750.0,0
SYN-REP-11751,SYN-U-15128,SYN-LN-6751,10000.0,2500.0,2025-08-27,2025-08-27,0,2500.0,0
SYN-REP-11752,SYN-U-14172,SYN-LN-6752,10000.0,2500.0,2025-10-23,2025-10-23,0,2500.0,0
SYN-REP-11753,SYN-U-16117,SYN-LN-6753,25000.0,6250.0,2025-06-12,2025-06-12,0,6250.0,0
SYN-REP-11754,SYN-U-18345,SYN-LN-6754,25000.0,6250.0,2025-09-23,2025-09-23,0,6250.0,0
SYN-REP-11755,SYN-U-13724,SYN-LN-6755,15000.0,3750.0,2025-11-02,2025-11-02,0,3750.0,0
SYN-REP-11756,SYN-U-14445,SYN-LN-6756,40000.0,10000.0,2026-06-05,2026-06-05,0,10000.0,0
SYN-REP-11757,SYN-U-15142,SYN-LN-6757,5000.0,1250.0,2025-09-08,2025-09-08,0,1250.0,0
SYN-REP-11758,SYN-U-14221,SYN-LN-6758,5000.0,1250.0,2025-11-03,2025-11-03,0,1250.0,0
SYN-REP-11759,SYN-U-11782,SYN-LN-6759,25000.0,6250.0,2025-11-08,2025-11-08,0,6250.0,0
SYN-REP-11760,SYN-U-10519,SYN-LN-6760,40000.0,10000.0,2026-02-04,2026-02-04,0,10000.0,0
SYN-REP-11761,SYN-U-11326,SYN-LN-6761,25000.0,6250.0,2025-11-07,2025-11-07,0,6250.0,0
SYN-REP-11762,SYN-U-10860,SYN-LN-6762,15000.0,3750.0,2025-10-21,2025-10-21,0,3750.0,0
SYN-REP-11763,SYN-U-19413,SYN-LN-6763,40000.0,10000.0,2026-06-05,2026-06-05,0,10000.0,0
SYN-REP-11764,SYN-U-17904,SYN-LN-6764,40000.0,10000.0,2026-05-09,2026-05-09,0,10000.0,0
SYN-REP-11765,SYN-U-10467,SYN-LN-6765,5000.0,1250.0,2025-08-20,2025-08-20,0,1250.0,0
SYN-REP-11766,SYN-U-15781,SYN-LN-6766,5000.0,1250.0,2026-06-05,2026-06-05,0,1250.0,0
SYN-REP-11767,SYN-U-13952,SYN-LN-6767,5000.0,1250.0,2025-06-07,2025-06-07,0,1250.0,0
SYN-REP-11768,SYN-U-13074,SYN-LN-6768,40000.0,10000.0,2025-12-31,2025-12-31,0,10000.0,0
SYN-REP-11769,SYN-U-14700,SYN-LN-6769,10000.0,2500.0,2026-02-18,2026-02-18,0,2500.0,0
SYN-REP-11770,SYN-U-17749,SYN-LN-6770,15000.0,3750.0,2025-06-16,,85,36.94,1
SYN-REP-11771,SYN-U-10039,SYN-LN-6771,40000.0,10000.0,2026-05-25,2026-05-25,0,10000.0,0
SYN-REP-11772,SYN-U-19245,SYN-LN-6772,25000.0,6250.0,2026-06-27,2026-06-27,0,6250.0,0
SYN-REP-11773,SYN-U-19625,SYN-LN-6773,40000.0,10000.0,2025-10-22,2025-10-22,0,10000.0,0
SYN-REP-11774,SYN-U-11035,SYN-LN-6774,15000.0,3750.0,2026-04-02,2026-04-02,0,3750.0,0
SYN-REP-11775,SYN-U-11310,SYN-LN-6775,40000.0,10000.0,2025-12-17,2025-12-17,0,10000.0,0
SYN-REP-11776,SYN-U-10586,SYN-LN-6776,25000.0,6250.0,2025-06-09,2025-06-09,0,6250.0,0
SYN-REP-11777,SYN-U-17555,SYN-LN-6777,5000.0,1250.0,2025-09-26,2025-09-28,2,1250.0,0
SYN-REP-11778,SYN-U-12160,SYN-LN-6778,40000.0,10000.0,2025-11-25,2025-11-25,0,10000.0,0
SYN-REP-11779,SYN-U-12280,SYN-LN-6779,40000.0,10000.0,2025-10-07,2025-10-07,0,10000.0,0
SYN-REP-11780,SYN-U-14084,SYN-LN-6780,25000.0,6250.0,2026-02-15,2026-02-15,0,6250.0,0
SYN-REP-11781,SYN-U-18994,SYN-LN-6781,25000.0,6250.0,2026-04-10,2026-04-10,0,6250.0,0
SYN-REP-11782,SYN-U-15414,SYN-LN-6782,40000.0,10000.0,2026-04-23,2026-04-26,3,10000.0,0
SYN-REP-11783,SYN-U-14728,SYN-LN-6783,5000.0,1250.0,2025-11-07,2025-11-07,0,1250.0,0
SYN-REP-11784,SYN-U-11557,SYN-LN-6784,5000.0,1250.0,2025-12-25,2025-12-25,0,1250.0,0
SYN-REP-11785,SYN-U-11995,SYN-LN-6785,40000.0,10000.0,2026-04-29,2026-04-29,0,10000.0,0
SYN-REP-11786,SYN-U-16447,SYN-LN-6786,5000.0,1250.0,2026-01-24,2026-01-24,0,1250.0,0
SYN-REP-11787,SYN-U-18889,SYN-LN-6787,15000.0,3750.0,2026-03-01,2026-03-01,0,3750.0,0
SYN-REP-11788,SYN-U-16809,SYN-LN-6788,40000.0,10000.0,2026-01-06,2026-01-06,0,10000.0,0
SYN-REP-11789,SYN-U-15772,SYN-LN-6789,10000.0,2500.0,2026-03-06,2026-03-06,0,2500.0,0
SYN-REP-11790,SYN-U-17337,SYN-LN-6790,40000.0,10000.0,2025-11-24,2025-11-24,0,10000.0,0
SYN-REP-11791,SYN-U-19827,SYN-LN-6791,25000.0,6250.0,2026-08-10,,77,51.32,1
SYN-REP-11792,SYN-U-15032,SYN-LN-6792,10000.0,2500.0,2026-03-26,2026-03-26,0,2500.0,0
SYN-REP-11793,SYN-U-16765,SYN-LN-6793,40000.0,10000.0,2026-03-19,2026-03-19,0,10000.0,0
SYN-REP-11794,SYN-U-17236,SYN-LN-6794,5000.0,1250.0,2026-01-02,2026-01-02,0,1250.0,0
SYN-REP-11795,SYN-U-15652,SYN-LN-6795,25000.0,6250.0,2025-06-16,2025-06-16,0,6250.0,0
SYN-REP-11796,SYN-U-16541,SYN-LN-6796,5000.0,1250.0,2025-10-23,2025-10-25,2,1250.0,0
SYN-REP-11797,SYN-U-10176,SYN-LN-6797,40000.0,10000.0,2026-07-19,2026-07-19,0,10000.0,0
SYN-REP-11798,SYN-U-19890,SYN-LN-6798,15000.0,3750.0,2026-05-19,2026-05-19,0,3750.0,0
SYN-REP-11799,SYN-U-15933,SYN-LN-6799,40000.0,10000.0,2025-12-26,2025-12-26,0,10000.0,0
SYN-REP-11800,SYN-U-18175,SYN-LN-6800,10000.0,2500.0,2026-01-05,2026-01-05,0,2500.0,0
SYN-REP-11801,SYN-U-15221,SYN-LN-6801,40000.0,10000.0,2026-08-01,,62,1.69,1
SYN-REP-11802,SYN-U-12731,SYN-LN-6802,5000.0,1250.0,2026-01-01,2026-01-01,0,1250.0,0
SYN-REP-11803,SYN-U-13112,SYN-LN-6803,15000.0,3750.0,2026-06-09,2026-06-09,0,3750.0,0
SYN-REP-11804,SYN-U-13376,SYN-LN-6804,15000.0,3750.0,2025-10-19,2025-10-19,0,3750.0,0
SYN-REP-11805,SYN-U-13168,SYN-LN-6805,5000.0,1250.0,2026-06-19,2026-06-19,0,1250.0,0
SYN-REP-11806,SYN-U-12315,SYN-LN-6806,40000.0,10000.0,2026-07-24,2026-07-24,0,10000.0,0
SYN-REP-11807,SYN-U-13266,SYN-LN-6807,25000.0,6250.0,2025-06-17,2025-06-17,0,6250.0,0
SYN-REP-11808,SYN-U-14685,SYN-LN-6808,5000.0,1250.0,2026-08-20,2026-08-20,0,1250.0,0
SYN-REP-11809,SYN-U-12947,SYN-LN-6809,25000.0,6250.0,2025-09-11,2025-09-11,0,6250.0,0
SYN-REP-11810,SYN-U-11375,SYN-LN-6810,15000.0,3750.0,2025-08-06,2025-08-06,0,3750.0,0
SYN-REP-11811,SYN-U-11022,SYN-LN-6811,15000.0,3750.0,2025-10-25,2025-10-25,0,3750.0,0
SYN-REP-11812,SYN-U-11291,SYN-LN-6812,5000.0,1250.0,2025-10-09,2025-10-13,4,1250.0,0
SYN-REP-11813,SYN-U-11001,SYN-LN-6813,5000.0,1250.0,2025-12-21,2025-12-21,0,1250.0,0
SYN-REP-11814,SYN-U-11584,SYN-LN-6814,10000.0,2500.0,2025-12-24,2025-12-24,0,2500.0,0
SYN-REP-11815,SYN-U-19032,SYN-LN-6815,25000.0,6250.0,2025-09-23,2025-09-27,4,6250.0,0
SYN-REP-11816,SYN-U-13137,SYN-LN-6816,5000.0,1250.0,2025-09-25,2025-09-25,0,1250.0,0
SYN-REP-11817,SYN-U-18492,SYN-LN-6817,10000.0,2500.0,2025-09-09,2025-09-09,0,2500.0,0
SYN-REP-11818,SYN-U-14678,SYN-LN-6818,15000.0,3750.0,2025-08-14,2025-08-14,0,3750.0,0
SYN-REP-11819,SYN-U-13130,SYN-LN-6819,10000.0,2500.0,2026-06-13,2026-06-13,0,2500.0,0
SYN-REP-11820,SYN-U-11232,SYN-LN-6820,10000.0,2500.0,2026-01-30,2026-02-02,3,2500.0,0
SYN-REP-11821,SYN-U-19522,SYN-LN-6821,10000.0,2500.0,2025-12-23,2025-12-23,0,2500.0,0
SYN-REP-11822,SYN-U-16951,SYN-LN-6822,10000.0,2500.0,2026-06-17,2026-06-17,0,2500.0,0
SYN-REP-11823,SYN-U-13615,SYN-LN-6823,5000.0,1250.0,2025-10-13,2025-10-13,0,1250.0,0
SYN-REP-11824,SYN-U-11895,SYN-LN-6824,25000.0,6250.0,2026-01-10,2026-01-10,0,6250.0,0
SYN-REP-11825,SYN-U-19997,SYN-LN-6825,5000.0,1250.0,2025-09-02,2025-09-02,0,1250.0,0
SYN-REP-11826,SYN-U-12813,SYN-LN-6826,10000.0,2500.0,2025-10-27,2025-10-30,3,2500.0,0
SYN-REP-11827,SYN-U-13609,SYN-LN-6827,15000.0,3750.0,2025-07-01,2025-07-01,0,3750.0,0
SYN-REP-11828,SYN-U-12531,SYN-LN-6828,15000.0,3750.0,2026-08-21,2026-08-21,0,3750.0,0
SYN-REP-11829,SYN-U-14864,SYN-LN-6829,10000.0,2500.0,2025-06-20,2025-06-20,0,2500.0,0
SYN-REP-11830,SYN-U-18515,SYN-LN-6830,10000.0,2500.0,2026-01-30,2026-01-30,0,2500.0,0
SYN-REP-11831,SYN-U-11651,SYN-LN-6831,15000.0,3750.0,2025-09-25,2025-09-25,0,3750.0,0
SYN-REP-11832,SYN-U-16389,SYN-LN-6832,10000.0,2500.0,2026-04-23,2026-04-23,0,2500.0,0
SYN-REP-11833,SYN-U-16100,SYN-LN-6833,15000.0,3750.0,2025-09-23,2025-09-23,0,3750.0,0
SYN-REP-11834,SYN-U-19019,SYN-LN-6834,25000.0,6250.0,2025-07-17,2025-07-17,0,6250.0,0
SYN-REP-11835,SYN-U-12908,SYN-LN-6835,15000.0,3750.0,2026-07-04,2026-07-04,0,3750.0,0
SYN-REP-11836,SYN-U-15020,SYN-LN-6836,10000.0,2500.0,2025-07-26,2025-07-26,0,2500.0,0
SYN-REP-11837,SYN-U-16391,SYN-LN-6837,25000.0,6250.0,2026-01-29,2026-01-29,0,6250.0,0
SYN-REP-11838,SYN-U-15809,SYN-LN-6838,10000.0,2500.0,2026-08-15,2026-08-15,0,2500.0,0
SYN-REP-11839,SYN-U-16609,SYN-LN-6839,5000.0,1250.0,2026-01-06,2026-01-06,0,1250.0,0
SYN-REP-11840,SYN-U-11694,SYN-LN-6840,5000.0,1250.0,2025-07-25,2025-07-25,0,1250.0,0
SYN-REP-11841,SYN-U-16053,SYN-LN-6841,25000.0,6250.0,2026-05-01,2026-05-01,0,6250.0,0
SYN-REP-11842,SYN-U-12827,SYN-LN-6842,5000.0,1250.0,2025-08-02,2025-08-04,2,1250.0,0
SYN-REP-11843,SYN-U-14302,SYN-LN-6843,25000.0,6250.0,2025-07-14,2025-07-14,0,6250.0,0
SYN-REP-11844,SYN-U-14400,SYN-LN-6844,25000.0,6250.0,2025-12-04,2025-12-07,3,6250.0,0
SYN-REP-11845,SYN-U-19257,SYN-LN-6845,40000.0,10000.0,2026-08-01,2026-08-01,0,10000.0,0
SYN-REP-11846,SYN-U-17825,SYN-LN-6846,15000.0,3750.0,2026-08-17,2026-08-17,0,3750.0,0
SYN-REP-11847,SYN-U-17989,SYN-LN-6847,40000.0,10000.0,2025-06-25,2025-06-25,0,10000.0,0
SYN-REP-11848,SYN-U-18021,SYN-LN-6848,5000.0,1250.0,2026-05-19,2026-05-19,0,1250.0,0
SYN-REP-11849,SYN-U-16375,SYN-LN-6849,40000.0,10000.0,2025-07-01,2025-07-01,0,10000.0,0
SYN-REP-11850,SYN-U-18557,SYN-LN-6850,5000.0,1250.0,2026-05-09,2026-05-11,2,1250.0,0
SYN-REP-11851,SYN-U-12511,SYN-LN-6851,10000.0,2500.0,2025-07-06,2025-07-06,0,2500.0,0
SYN-REP-11852,SYN-U-16275,SYN-LN-6852,5000.0,1250.0,2025-08-20,2025-08-20,0,1250.0,0
SYN-REP-11853,SYN-U-12114,SYN-LN-6853,5000.0,1250.0,2025-12-20,2025-12-20,0,1250.0,0
SYN-REP-11854,SYN-U-11916,SYN-LN-6854,15000.0,3750.0,2025-12-14,2025-12-14,0,3750.0,0
SYN-REP-11855,SYN-U-11175,SYN-LN-6855,40000.0,10000.0,2026-06-18,2026-06-18,0,10000.0,0
SYN-REP-11856,SYN-U-18242,SYN-LN-6856,25000.0,6250.0,2026-07-05,2026-07-05,0,6250.0,0
SYN-REP-11857,SYN-U-14666,SYN-LN-6857,40000.0,10000.0,2026-02-16,2026-02-16,0,10000.0,0
SYN-REP-11858,SYN-U-10281,SYN-LN-6858,40000.0,10000.0,2025-12-11,2025-12-11,0,10000.0,0
SYN-REP-11859,SYN-U-16249,SYN-LN-6859,10000.0,2500.0,2025-12-26,2025-12-26,0,2500.0,0
SYN-REP-11860,SYN-U-12711,SYN-LN-6860,10000.0,2500.0,2026-02-25,2026-02-25,0,2500.0,0
SYN-REP-11861,SYN-U-15998,SYN-LN-6861,25000.0,6250.0,2025-10-22,2025-10-22,0,6250.0,0
SYN-REP-11862,SYN-U-17219,SYN-LN-6862,5000.0,1250.0,2025-09-15,2025-09-15,0,1250.0,0
SYN-REP-11863,SYN-U-12622,SYN-LN-6863,5000.0,1250.0,2026-02-25,2026-02-25,0,1250.0,0
SYN-REP-11864,SYN-U-17061,SYN-LN-6864,10000.0,2500.0,2025-11-11,2025-11-11,0,2500.0,0
SYN-REP-11865,SYN-U-15626,SYN-LN-6865,5000.0,1250.0,2025-07-25,2025-07-26,1,1250.0,0
SYN-REP-11866,SYN-U-10167,SYN-LN-6866,40000.0,10000.0,2026-02-02,2026-02-02,0,10000.0,0
SYN-REP-11867,SYN-U-16977,SYN-LN-6867,10000.0,2500.0,2026-05-31,2026-06-02,2,2500.0,0
SYN-REP-11868,SYN-U-14518,SYN-LN-6868,40000.0,10000.0,2026-05-02,2026-05-02,0,10000.0,0
SYN-REP-11869,SYN-U-11040,SYN-LN-6869,15000.0,3750.0,2025-07-19,2025-07-19,0,3750.0,0
SYN-REP-11870,SYN-U-11290,SYN-LN-6870,25000.0,6250.0,2025-09-06,2025-09-06,0,6250.0,0
SYN-REP-11871,SYN-U-17108,SYN-LN-6871,5000.0,1250.0,2026-05-02,2026-05-02,0,1250.0,0
SYN-REP-11872,SYN-U-15929,SYN-LN-6872,40000.0,10000.0,2026-03-18,2026-03-18,0,10000.0,0
SYN-REP-11873,SYN-U-14389,SYN-LN-6873,25000.0,6250.0,2025-11-08,2025-11-08,0,6250.0,0
SYN-REP-11874,SYN-U-18375,SYN-LN-6874,25000.0,6250.0,2026-01-28,2026-01-30,2,6250.0,0
SYN-REP-11875,SYN-U-12319,SYN-LN-6875,10000.0,2500.0,2026-03-25,2026-03-25,0,2500.0,0
SYN-REP-11876,SYN-U-12960,SYN-LN-6876,25000.0,6250.0,2026-03-06,2026-03-06,0,6250.0,0
SYN-REP-11877,SYN-U-19457,SYN-LN-6877,40000.0,10000.0,2026-04-05,2026-04-05,0,10000.0,0
SYN-REP-11878,SYN-U-14148,SYN-LN-6878,5000.0,1250.0,2025-12-26,2025-12-26,0,1250.0,0
SYN-REP-11879,SYN-U-13447,SYN-LN-6879,5000.0,1250.0,2026-05-11,2026-05-11,0,1250.0,0
SYN-REP-11880,SYN-U-13029,SYN-LN-6880,5000.0,1250.0,2026-07-13,2026-07-13,0,1250.0,0
SYN-REP-11881,SYN-U-18594,SYN-LN-6881,40000.0,10000.0,2025-11-12,2025-11-12,0,10000.0,0
SYN-REP-11882,SYN-U-18249,SYN-LN-6882,10000.0,2500.0,2026-05-20,2026-05-24,4,2500.0,0
SYN-REP-11883,SYN-U-19891,SYN-LN-6883,10000.0,2500.0,2025-07-22,2025-07-22,0,2500.0,0
SYN-REP-11884,SYN-U-14736,SYN-LN-6884,15000.0,3750.0,2025-11-08,2025-11-08,0,3750.0,0
SYN-REP-11885,SYN-U-18797,SYN-LN-6885,10000.0,2500.0,2025-09-02,2025-09-02,0,2500.0,0
SYN-REP-11886,SYN-U-14979,SYN-LN-6886,25000.0,6250.0,2025-10-08,2025-10-08,0,6250.0,0
SYN-REP-11887,SYN-U-19902,SYN-LN-6887,40000.0,10000.0,2026-01-17,2026-01-20,3,10000.0,0
SYN-REP-11888,SYN-U-19372,SYN-LN-6888,10000.0,2500.0,2026-07-24,2026-07-25,1,2500.0,0
SYN-REP-11889,SYN-U-18653,SYN-LN-6889,25000.0,6250.0,2026-08-22,2026-08-22,0,6250.0,0
SYN-REP-11890,SYN-U-16361,SYN-LN-6890,10000.0,2500.0,2026-07-08,2026-07-08,0,2500.0,0
SYN-REP-11891,SYN-U-14748,SYN-LN-6891,15000.0,3750.0,2025-08-24,2025-08-24,0,3750.0,0
SYN-REP-11892,SYN-U-13215,SYN-LN-6892,5000.0,1250.0,2025-08-19,2025-08-23,4,1250.0,0
SYN-REP-11893,SYN-U-13622,SYN-LN-6893,5000.0,1250.0,2026-08-16,2026-08-16,0,1250.0,0
SYN-REP-11894,SYN-U-17476,SYN-LN-6894,25000.0,6250.0,2025-07-29,2025-07-29,0,6250.0,0
SYN-REP-11895,SYN-U-18927,SYN-LN-6895,25000.0,6250.0,2025-12-18,2025-12-18,0,6250.0,0
SYN-REP-11896,SYN-U-14411,SYN-LN-6896,40000.0,10000.0,2026-01-19,2026-01-19,0,10000.0,0
SYN-REP-11897,SYN-U-14803,SYN-LN-6897,15000.0,3750.0,2025-06-02,2025-06-02,0,3750.0,0
SYN-REP-11898,SYN-U-13208,SYN-LN-6898,15000.0,3750.0,2025-11-01,2025-11-01,0,3750.0,0
SYN-REP-11899,SYN-U-13286,SYN-LN-6899,5000.0,1250.0,2026-02-03,2026-02-03,0,1250.0,0
SYN-REP-11900,SYN-U-12889,SYN-LN-6900,15000.0,3750.0,2026-07-27,2026-07-27,0,3750.0,0
SYN-REP-11901,SYN-U-15186,SYN-LN-6901,10000.0,2500.0,2026-06-23,2026-06-23,0,2500.0,0
SYN-REP-11902,SYN-U-12983,SYN-LN-6902,15000.0,3750.0,2025-11-14,2025-11-14,0,3750.0,0
SYN-REP-11903,SYN-U-11724,SYN-LN-6903,40000.0,10000.0,2025-12-01,2025-12-01,0,10000.0,0
SYN-REP-11904,SYN-U-14205,SYN-LN-6904,25000.0,6250.0,2025-10-24,2025-10-24,0,6250.0,0
SYN-REP-11905,SYN-U-14794,SYN-LN-6905,5000.0,1250.0,2025-10-18,2025-10-18,0,1250.0,0
SYN-REP-11906,SYN-U-17879,SYN-LN-6906,25000.0,6250.0,2026-03-30,2026-03-30,0,6250.0,0
SYN-REP-11907,SYN-U-14712,SYN-LN-6907,5000.0,1250.0,2026-08-13,2026-08-13,0,1250.0,0
SYN-REP-11908,SYN-U-14469,SYN-LN-6908,15000.0,3750.0,2026-02-20,2026-02-20,0,3750.0,0
SYN-REP-11909,SYN-U-13294,SYN-LN-6909,10000.0,2500.0,2025-08-03,2025-08-04,1,2500.0,0
SYN-REP-11910,SYN-U-12847,SYN-LN-6910,5000.0,1250.0,2026-02-16,2026-02-16,0,1250.0,0
SYN-REP-11911,SYN-U-10862,SYN-LN-6911,5000.0,1250.0,2025-08-18,2025-08-18,0,1250.0,0
SYN-REP-11912,SYN-U-17065,SYN-LN-6912,5000.0,1250.0,2025-11-12,2025-11-12,0,1250.0,0
SYN-REP-11913,SYN-U-16329,SYN-LN-6913,40000.0,10000.0,2025-12-19,2025-12-19,0,10000.0,0
SYN-REP-11914,SYN-U-10076,SYN-LN-6914,10000.0,2500.0,2025-06-13,2025-06-13,0,2500.0,0
SYN-REP-11915,SYN-U-10028,SYN-LN-6915,5000.0,1250.0,2026-03-10,2026-03-11,1,1250.0,0
SYN-REP-11916,SYN-U-10214,SYN-LN-6916,15000.0,3750.0,2026-08-01,2026-08-01,0,3750.0,0
SYN-REP-11917,SYN-U-16643,SYN-LN-6917,25000.0,6250.0,2025-09-24,2025-09-24,0,6250.0,0
SYN-REP-11918,SYN-U-15764,SYN-LN-6918,5000.0,1250.0,2025-09-30,2025-09-30,0,1250.0,0
SYN-REP-11919,SYN-U-12100,SYN-LN-6919,15000.0,3750.0,2026-01-25,2026-01-25,0,3750.0,0
SYN-REP-11920,SYN-U-10866,SYN-LN-6920,10000.0,2500.0,2026-05-02,2026-05-06,4,2500.0,0
SYN-REP-11921,SYN-U-17335,SYN-LN-6921,15000.0,3750.0,2025-12-16,2025-12-17,1,3750.0,0
SYN-REP-11922,SYN-U-11007,SYN-LN-6922,10000.0,2500.0,2026-01-03,2026-01-03,0,2500.0,0
SYN-REP-11923,SYN-U-14114,SYN-LN-6923,5000.0,1250.0,2025-07-11,2025-07-11,0,1250.0,0
SYN-REP-11924,SYN-U-14565,SYN-LN-6924,15000.0,3750.0,2025-11-30,2025-11-30,0,3750.0,0
SYN-REP-11925,SYN-U-10957,SYN-LN-6925,10000.0,2500.0,2025-07-02,2025-07-02,0,2500.0,0
SYN-REP-11926,SYN-U-12366,SYN-LN-6926,40000.0,10000.0,2025-11-13,2025-11-13,0,10000.0,0
SYN-REP-11927,SYN-U-19811,SYN-LN-6927,25000.0,6250.0,2025-12-23,2025-12-23,0,6250.0,0
SYN-REP-11928,SYN-U-19558,SYN-LN-6928,5000.0,1250.0,2025-06-16,2025-06-16,0,1250.0,0
SYN-REP-11929,SYN-U-13523,SYN-LN-6929,25000.0,6250.0,2025-09-30,2025-09-30,0,6250.0,0
SYN-REP-11930,SYN-U-13971,SYN-LN-6930,40000.0,10000.0,2026-02-09,2026-02-09,0,10000.0,0
SYN-REP-11931,SYN-U-12630,SYN-LN-6931,5000.0,1250.0,2025-06-05,2025-06-05,0,1250.0,0
SYN-REP-11932,SYN-U-11067,SYN-LN-6932,40000.0,10000.0,2026-06-05,2026-06-05,0,10000.0,0
SYN-REP-11933,SYN-U-12274,SYN-LN-6933,5000.0,1250.0,2025-11-11,2025-11-11,0,1250.0,0
SYN-REP-11934,SYN-U-13994,SYN-LN-6934,10000.0,2500.0,2026-02-04,2026-02-04,0,2500.0,0
SYN-REP-11935,SYN-U-18525,SYN-LN-6935,5000.0,1250.0,2025-10-16,2025-10-16,0,1250.0,0
SYN-REP-11936,SYN-U-15220,SYN-LN-6936,15000.0,3750.0,2025-09-26,2025-09-26,0,3750.0,0
SYN-REP-11937,SYN-U-12743,SYN-LN-6937,15000.0,3750.0,2026-03-01,2026-03-01,0,3750.0,0
SYN-REP-11938,SYN-U-18004,SYN-LN-6938,25000.0,6250.0,2026-08-09,2026-08-09,0,6250.0,0
SYN-REP-11939,SYN-U-17354,SYN-LN-6939,10000.0,2500.0,2025-09-09,2025-09-09,0,2500.0,0
SYN-REP-11940,SYN-U-10906,SYN-LN-6940,15000.0,3750.0,2025-07-20,2025-08-30,41,3750.0,0
SYN-REP-11941,SYN-U-19816,SYN-LN-6941,5000.0,1250.0,2025-12-18,2025-12-18,0,1250.0,0
SYN-REP-11942,SYN-U-10423,SYN-LN-6942,10000.0,2500.0,2026-02-24,2026-02-24,0,2500.0,0
SYN-REP-11943,SYN-U-13668,SYN-LN-6943,15000.0,3750.0,2026-08-18,2026-08-18,0,3750.0,0
SYN-REP-11944,SYN-U-19839,SYN-LN-6944,15000.0,3750.0,2026-01-05,2026-01-05,0,3750.0,0
SYN-REP-11945,SYN-U-11885,SYN-LN-6945,5000.0,1250.0,2026-03-12,2026-03-12,0,1250.0,0
SYN-REP-11946,SYN-U-15556,SYN-LN-6946,40000.0,10000.0,2026-01-29,2026-01-29,0,10000.0,0
SYN-REP-11947,SYN-U-12963,SYN-LN-6947,15000.0,3750.0,2025-06-11,2025-08-09,59,3750.0,0
SYN-REP-11948,SYN-U-12497,SYN-LN-6948,40000.0,10000.0,2025-09-21,2025-09-21,0,10000.0,0
SYN-REP-11949,SYN-U-15278,SYN-LN-6949,25000.0,6250.0,2026-07-17,2026-07-21,4,6250.0,0
SYN-REP-11950,SYN-U-14211,SYN-LN-6950,25000.0,6250.0,2026-06-17,2026-06-17,0,6250.0,0
SYN-REP-11951,SYN-U-10835,SYN-LN-6951,25000.0,6250.0,2025-06-09,2025-06-10,1,6250.0,0
SYN-REP-11952,SYN-U-14648,SYN-LN-6952,10000.0,2500.0,2025-09-20,2025-09-20,0,2500.0,0
SYN-REP-11953,SYN-U-11033,SYN-LN-6953,10000.0,2500.0,2026-04-17,2026-04-17,0,2500.0,0
SYN-REP-11954,SYN-U-13145,SYN-LN-6954,25000.0,6250.0,2026-01-07,2026-01-10,3,6250.0,0
SYN-REP-11955,SYN-U-15954,SYN-LN-6955,40000.0,10000.0,2025-08-11,2025-08-11,0,10000.0,0
SYN-REP-11956,SYN-U-15894,SYN-LN-6956,5000.0,1250.0,2026-03-19,2026-03-19,0,1250.0,0
SYN-REP-11957,SYN-U-11806,SYN-LN-6957,40000.0,10000.0,2026-03-29,2026-03-29,0,10000.0,0
SYN-REP-11958,SYN-U-16244,SYN-LN-6958,25000.0,6250.0,2025-12-30,2025-12-30,0,6250.0,0
SYN-REP-11959,SYN-U-18965,SYN-LN-6959,10000.0,2500.0,2026-05-28,2026-05-28,0,2500.0,0
SYN-REP-11960,SYN-U-18390,SYN-LN-6960,25000.0,6250.0,2026-07-21,2026-07-21,0,6250.0,0
SYN-REP-11961,SYN-U-15418,SYN-LN-6961,10000.0,2500.0,2026-07-30,2026-07-30,0,2500.0,0
SYN-REP-11962,SYN-U-10660,SYN-LN-6962,15000.0,3750.0,2025-07-21,2025-07-21,0,3750.0,0
SYN-REP-11963,SYN-U-19723,SYN-LN-6963,15000.0,3750.0,2025-09-18,2025-09-19,1,3750.0,0
SYN-REP-11964,SYN-U-16407,SYN-LN-6964,5000.0,1250.0,2025-12-31,2025-12-31,0,1250.0,0
SYN-REP-11965,SYN-U-10933,SYN-LN-6965,25000.0,6250.0,2025-07-06,2025-07-06,0,6250.0,0
SYN-REP-11966,SYN-U-13193,SYN-LN-6966,40000.0,10000.0,2026-07-24,2026-07-24,0,10000.0,0
SYN-REP-11967,SYN-U-15518,SYN-LN-6967,5000.0,1250.0,2025-09-15,2025-09-15,0,1250.0,0
SYN-REP-11968,SYN-U-11214,SYN-LN-6968,10000.0,2500.0,2025-08-02,2025-08-02,0,2500.0,0
SYN-REP-11969,SYN-U-19536,SYN-LN-6969,10000.0,2500.0,2025-12-02,2025-12-02,0,2500.0,0
SYN-REP-11970,SYN-U-13628,SYN-LN-6970,25000.0,6250.0,2025-12-17,2025-12-17,0,6250.0,0
SYN-REP-11971,SYN-U-11832,SYN-LN-6971,40000.0,10000.0,2025-06-06,,78,2368.45,1
SYN-REP-11972,SYN-U-18848,SYN-LN-6972,25000.0,6250.0,2025-08-28,2025-08-28,0,6250.0,0
SYN-REP-11973,SYN-U-17454,SYN-LN-6973,15000.0,3750.0,2025-09-27,2025-09-27,0,3750.0,0
SYN-REP-11974,SYN-U-16965,SYN-LN-6974,10000.0,2500.0,2026-08-20,2026-08-20,0,2500.0,0
SYN-REP-11975,SYN-U-19392,SYN-LN-6975,40000.0,10000.0,2026-01-02,2026-01-02,0,10000.0,0
SYN-REP-11976,SYN-U-17473,SYN-LN-6976,40000.0,10000.0,2026-07-19,2026-07-19,0,10000.0,0
SYN-REP-11977,SYN-U-12648,SYN-LN-6977,40000.0,10000.0,2026-07-24,2026-07-24,0,10000.0,0
SYN-REP-11978,SYN-U-18168,SYN-LN-6978,5000.0,1250.0,2026-05-23,2026-05-23,0,1250.0,0
SYN-REP-11979,SYN-U-18961,SYN-LN-6979,40000.0,10000.0,2026-07-20,2026-07-20,0,10000.0,0
SYN-REP-11980,SYN-U-15209,SYN-LN-6980,40000.0,10000.0,2026-07-09,2026-07-09,0,10000.0,0
SYN-REP-11981,SYN-U-16838,SYN-LN-6981,15000.0,3750.0,2026-03-01,2026-03-29,28,3750.0,0
SYN-REP-11982,SYN-U-11765,SYN-LN-6982,15000.0,3750.0,2026-05-13,2026-05-13,0,3750.0,0
SYN-REP-11983,SYN-U-18838,SYN-LN-6983,10000.0,2500.0,2025-10-02,2025-10-05,3,2500.0,0
SYN-REP-11984,SYN-U-19366,SYN-LN-6984,15000.0,3750.0,2025-11-21,2025-11-21,0,3750.0,0
SYN-REP-11985,SYN-U-19728,SYN-LN-6985,25000.0,6250.0,2025-09-22,2025-09-22,0,6250.0,0
SYN-REP-11986,SYN-U-14238,SYN-LN-6986,25000.0,6250.0,2026-01-19,2026-01-22,3,6250.0,0
SYN-REP-11987,SYN-U-16904,SYN-LN-6987,25000.0,6250.0,2026-04-17,2026-06-01,45,6250.0,0
SYN-REP-11988,SYN-U-11843,SYN-LN-6988,5000.0,1250.0,2026-05-14,2026-05-14,0,1250.0,0
SYN-REP-11989,SYN-U-10205,SYN-LN-6989,25000.0,6250.0,2025-10-29,2025-10-29,0,6250.0,0
SYN-REP-11990,SYN-U-11909,SYN-LN-6990,15000.0,3750.0,2026-04-29,2026-04-29,0,3750.0,0
SYN-REP-11991,SYN-U-18896,SYN-LN-6991,10000.0,2500.0,2026-04-10,2026-04-10,0,2500.0,0
SYN-REP-11992,SYN-U-17596,SYN-LN-6992,40000.0,10000.0,2026-02-20,2026-02-20,0,10000.0,0
SYN-REP-11993,SYN-U-18467,SYN-LN-6993,5000.0,1250.0,2025-08-08,2025-08-10,2,1250.0,0
SYN-REP-11994,SYN-U-11699,SYN-LN-6994,40000.0,10000.0,2025-08-06,2025-08-06,0,10000.0,0
SYN-REP-11995,SYN-U-13168,SYN-LN-6995,5000.0,1250.0,2026-06-10,2026-07-09,29,1250.0,0
SYN-REP-11996,SYN-U-15722,SYN-LN-6996,10000.0,2500.0,2026-05-22,2026-05-22,0,2500.0,0
SYN-REP-11997,SYN-U-12732,SYN-LN-6997,10000.0,2500.0,2025-08-26,2025-08-28,2,2500.0,0
SYN-REP-11998,SYN-U-19311,SYN-LN-6998,10000.0,2500.0,2026-05-27,2026-05-27,0,2500.0,0
SYN-REP-11999,SYN-U-18642,SYN-LN-6999,10000.0,2500.0,2026-05-16,2026-05-16,0,2500.0,0
SYN-REP-12000,SYN-U-14742,SYN-LN-7000,25000.0,6250.0,2026-06-03,2026-06-03,0,6250.0,0
SYN-REP-12001,SYN-U-19895,SYN-LN-7001,5000.0,1250.0,2026-07-05,2026-07-05,0,1250.0,0
SYN-REP-12002,SYN-U-13339,SYN-LN-7002,5000.0,1250.0,2026-07-30,2026-07-30,0,1250.0,0
SYN-REP-12003,SYN-U-14293,SYN-LN-7003,25000.0,6250.0,2025-09-04,2025-09-04,0,6250.0,0
SYN-REP-12004,SYN-U-16373,SYN-LN-7004,40000.0,10000.0,2026-08-19,2026-08-19,0,10000.0,0
SYN-REP-12005,SYN-U-11006,SYN-LN-7005,25000.0,6250.0,2025-11-01,2025-11-01,0,6250.0,0
SYN-REP-12006,SYN-U-19738,SYN-LN-7006,5000.0,1250.0,2026-03-13,2026-03-13,0,1250.0,0
SYN-REP-12007,SYN-U-16125,SYN-LN-7007,40000.0,10000.0,2026-07-02,2026-07-02,0,10000.0,0
SYN-REP-12008,SYN-U-15052,SYN-LN-7008,40000.0,10000.0,2025-12-22,2025-12-22,0,10000.0,0
SYN-REP-12009,SYN-U-15651,SYN-LN-7009,25000.0,6250.0,2026-07-13,2026-07-13,0,6250.0,0
SYN-REP-12010,SYN-U-16273,SYN-LN-7010,10000.0,2500.0,2025-12-24,2025-12-27,3,2500.0,0
SYN-REP-12011,SYN-U-11879,SYN-LN-7011,25000.0,6250.0,2025-11-14,2025-11-14,0,6250.0,0
SYN-REP-12012,SYN-U-16761,SYN-LN-7012,10000.0,2500.0,2025-08-26,2025-08-26,0,2500.0,0
SYN-REP-12013,SYN-U-11164,SYN-LN-7013,15000.0,3750.0,2026-07-28,2026-07-28,0,3750.0,0
SYN-REP-12014,SYN-U-10581,SYN-LN-7014,5000.0,1250.0,2026-03-04,2026-03-04,0,1250.0,0
SYN-REP-12015,SYN-U-19916,SYN-LN-7015,15000.0,3750.0,2026-07-03,2026-07-03,0,3750.0,0
SYN-REP-12016,SYN-U-10476,SYN-LN-7016,10000.0,2500.0,2025-11-19,2025-11-19,0,2500.0,0
SYN-REP-12017,SYN-U-18902,SYN-LN-7017,10000.0,2500.0,2025-07-24,2025-07-24,0,2500.0,0
SYN-REP-12018,SYN-U-15967,SYN-LN-7018,5000.0,1250.0,2025-08-25,2025-08-25,0,1250.0,0
SYN-REP-12019,SYN-U-16871,SYN-LN-7019,25000.0,6250.0,2025-07-23,2025-07-23,0,6250.0,0
SYN-REP-12020,SYN-U-13366,SYN-LN-7020,25000.0,6250.0,2025-07-12,2025-07-12,0,6250.0,0
SYN-REP-12021,SYN-U-18059,SYN-LN-7021,25000.0,6250.0,2026-02-10,2026-02-14,4,6250.0,0
SYN-REP-12022,SYN-U-17298,SYN-LN-7022,10000.0,2500.0,2026-04-25,2026-04-25,0,2500.0,0
SYN-REP-12023,SYN-U-19195,SYN-LN-7023,25000.0,6250.0,2025-11-02,2025-11-02,0,6250.0,0
SYN-REP-12024,SYN-U-11577,SYN-LN-7024,10000.0,2500.0,2026-06-07,2026-06-07,0,2500.0,0
SYN-REP-12025,SYN-U-12997,SYN-LN-7025,10000.0,2500.0,2026-06-23,2026-06-23,0,2500.0,0
SYN-REP-12026,SYN-U-19051,SYN-LN-7026,40000.0,10000.0,2026-02-27,2026-02-27,0,10000.0,0
SYN-REP-12027,SYN-U-12615,SYN-LN-7027,25000.0,6250.0,2025-06-13,2025-06-13,0,6250.0,0
SYN-REP-12028,SYN-U-12611,SYN-LN-7028,10000.0,2500.0,2025-10-26,2025-10-26,0,2500.0,0
SYN-REP-12029,SYN-U-10628,SYN-LN-7029,40000.0,10000.0,2026-02-05,2026-02-05,0,10000.0,0
SYN-REP-12030,SYN-U-16021,SYN-LN-7030,15000.0,3750.0,2026-04-02,2026-04-02,0,3750.0,0
SYN-REP-12031,SYN-U-17594,SYN-LN-7031,40000.0,10000.0,2025-12-17,2025-12-17,0,10000.0,0
SYN-REP-12032,SYN-U-10467,SYN-LN-7032,10000.0,2500.0,2025-12-13,2025-12-13,0,2500.0,0
SYN-REP-12033,SYN-U-17710,SYN-LN-7033,5000.0,1250.0,2025-12-23,2025-12-23,0,1250.0,0
SYN-REP-12034,SYN-U-10457,SYN-LN-7034,15000.0,3750.0,2025-07-05,2025-07-05,0,3750.0,0
SYN-REP-12035,SYN-U-12976,SYN-LN-7035,15000.0,3750.0,2026-07-08,2026-07-08,0,3750.0,0
SYN-REP-12036,SYN-U-18564,SYN-LN-7036,15000.0,3750.0,2025-10-11,2025-10-11,0,3750.0,0
SYN-REP-12037,SYN-U-10880,SYN-LN-7037,5000.0,1250.0,2026-04-29,2026-05-02,3,1250.0,0
SYN-REP-12038,SYN-U-10232,SYN-LN-7038,25000.0,6250.0,2025-12-06,2025-12-06,0,6250.0,0
SYN-REP-12039,SYN-U-13004,SYN-LN-7039,25000.0,6250.0,2025-07-28,2025-07-28,0,6250.0,0
SYN-REP-12040,SYN-U-15438,SYN-LN-7040,10000.0,2500.0,2025-12-17,2025-12-17,0,2500.0,0
SYN-REP-12041,SYN-U-18579,SYN-LN-7041,25000.0,6250.0,2025-11-12,2025-11-12,0,6250.0,0
SYN-REP-12042,SYN-U-19331,SYN-LN-7042,15000.0,3750.0,2025-07-10,2025-07-10,0,3750.0,0
SYN-REP-12043,SYN-U-10860,SYN-LN-7043,5000.0,1250.0,2025-08-23,2025-08-23,0,1250.0,0
SYN-REP-12044,SYN-U-19056,SYN-LN-7044,5000.0,1250.0,2025-08-13,2025-08-13,0,1250.0,0
SYN-REP-12045,SYN-U-14769,SYN-LN-7045,10000.0,2500.0,2025-07-21,2025-07-21,0,2500.0,0
SYN-REP-12046,SYN-U-11073,SYN-LN-7046,15000.0,3750.0,2026-08-19,2026-08-23,4,3750.0,0
SYN-REP-12047,SYN-U-13429,SYN-LN-7047,5000.0,1250.0,2025-06-18,2025-06-18,0,1250.0,0
SYN-REP-12048,SYN-U-15722,SYN-LN-7048,40000.0,10000.0,2026-06-20,2026-06-20,0,10000.0,0
SYN-REP-12049,SYN-U-13073,SYN-LN-7049,15000.0,3750.0,2025-06-14,,69,1292.6,1
SYN-REP-12050,SYN-U-16237,SYN-LN-7050,15000.0,3750.0,2025-11-11,2025-11-11,0,3750.0,0
SYN-REP-12051,SYN-U-13868,SYN-LN-7051,5000.0,1250.0,2025-06-14,2025-06-14,0,1250.0,0
SYN-REP-12052,SYN-U-18420,SYN-LN-7052,15000.0,3750.0,2025-11-11,2025-11-11,0,3750.0,0
SYN-REP-12053,SYN-U-17186,SYN-LN-7053,40000.0,10000.0,2025-09-21,2025-09-21,0,10000.0,0
SYN-REP-12054,SYN-U-15732,SYN-LN-7054,25000.0,6250.0,2025-09-26,2025-10-11,15,6250.0,0
SYN-REP-12055,SYN-U-17881,SYN-LN-7055,40000.0,10000.0,2025-06-28,2025-06-28,0,10000.0,0
SYN-REP-12056,SYN-U-10763,SYN-LN-7056,10000.0,2500.0,2026-07-22,2026-07-22,0,2500.0,0
SYN-REP-12057,SYN-U-18479,SYN-LN-7057,40000.0,10000.0,2026-06-27,2026-06-27,0,10000.0,0
SYN-REP-12058,SYN-U-14873,SYN-LN-7058,15000.0,3750.0,2026-07-05,2026-07-05,0,3750.0,0
SYN-REP-12059,SYN-U-17864,SYN-LN-7059,10000.0,2500.0,2025-07-28,2025-07-28,0,2500.0,0
SYN-REP-12060,SYN-U-15913,SYN-LN-7060,40000.0,10000.0,2025-11-06,2025-11-06,0,10000.0,0
SYN-REP-12061,SYN-U-15051,SYN-LN-7061,25000.0,6250.0,2026-04-30,2026-04-30,0,6250.0,0
SYN-REP-12062,SYN-U-14460,SYN-LN-7062,25000.0,6250.0,2026-07-31,2026-07-31,0,6250.0,0
SYN-REP-12063,SYN-U-18035,SYN-LN-7063,15000.0,3750.0,2026-03-22,2026-03-24,2,3750.0,0
SYN-REP-12064,SYN-U-14145,SYN-LN-7064,25000.0,6250.0,2026-02-04,2026-02-04,0,6250.0,0
SYN-REP-12065,SYN-U-16091,SYN-LN-7065,10000.0,2500.0,2026-01-14,2026-01-14,0,2500.0,0
SYN-REP-12066,SYN-U-16492,SYN-LN-7066,15000.0,3750.0,2026-01-04,2026-01-04,0,3750.0,0
SYN-REP-12067,SYN-U-16603,SYN-LN-7067,10000.0,2500.0,2025-08-28,2025-08-28,0,2500.0,0
SYN-REP-12068,SYN-U-11071,SYN-LN-7068,5000.0,1250.0,2026-01-18,2026-01-18,0,1250.0,0
SYN-REP-12069,SYN-U-17016,SYN-LN-7069,15000.0,3750.0,2025-08-11,2025-08-11,0,3750.0,0
SYN-REP-12070,SYN-U-15515,SYN-LN-7070,15000.0,3750.0,2025-12-23,2025-12-23,0,3750.0,0
SYN-REP-12071,SYN-U-10967,SYN-LN-7071,10000.0,2500.0,2026-06-19,2026-06-19,0,2500.0,0
SYN-REP-12072,SYN-U-12872,SYN-LN-7072,15000.0,3750.0,2025-06-21,2025-06-21,0,3750.0,0
SYN-REP-12073,SYN-U-12202,SYN-LN-7073,5000.0,1250.0,2026-03-25,2026-03-25,0,1250.0,0
SYN-REP-12074,SYN-U-17558,SYN-LN-7074,10000.0,2500.0,2026-08-20,2026-08-23,3,2500.0,0
SYN-REP-12075,SYN-U-15460,SYN-LN-7075,10000.0,2500.0,2026-07-23,2026-07-23,0,2500.0,0
SYN-REP-12076,SYN-U-17794,SYN-LN-7076,10000.0,2500.0,2026-04-09,2026-04-09,0,2500.0,0
SYN-REP-12077,SYN-U-13918,SYN-LN-7077,25000.0,6250.0,2026-06-20,2026-06-20,0,6250.0,0
SYN-REP-12078,SYN-U-12197,SYN-LN-7078,5000.0,1250.0,2025-06-26,2025-06-26,0,1250.0,0
SYN-REP-12079,SYN-U-10441,SYN-LN-7079,15000.0,3750.0,2026-08-13,2026-08-13,0,3750.0,0
SYN-REP-12080,SYN-U-15717,SYN-LN-7080,40000.0,10000.0,2026-01-07,2026-01-09,2,10000.0,0
SYN-REP-12081,SYN-U-10499,SYN-LN-7081,25000.0,6250.0,2026-02-28,2026-02-28,0,6250.0,0
SYN-REP-12082,SYN-U-17810,SYN-LN-7082,10000.0,2500.0,2026-02-16,2026-02-16,0,2500.0,0
SYN-REP-12083,SYN-U-17655,SYN-LN-7083,10000.0,2500.0,2025-08-23,2025-08-23,0,2500.0,0
SYN-REP-12084,SYN-U-18525,SYN-LN-7084,5000.0,1250.0,2026-03-03,2026-03-05,2,1250.0,0
SYN-REP-12085,SYN-U-18363,SYN-LN-7085,15000.0,3750.0,2025-11-22,2025-11-25,3,3750.0,0
SYN-REP-12086,SYN-U-15263,SYN-LN-7086,40000.0,10000.0,2026-03-04,2026-03-04,0,10000.0,0
SYN-REP-12087,SYN-U-10511,SYN-LN-7087,25000.0,6250.0,2025-08-18,2025-08-20,2,6250.0,0
SYN-REP-12088,SYN-U-12835,SYN-LN-7088,15000.0,3750.0,2025-09-22,2025-09-22,0,3750.0,0
SYN-REP-12089,SYN-U-18418,SYN-LN-7089,10000.0,2500.0,2025-06-13,2025-06-16,3,2500.0,0
SYN-REP-12090,SYN-U-18946,SYN-LN-7090,40000.0,10000.0,2025-07-24,2025-07-24,0,10000.0,0
SYN-REP-12091,SYN-U-17877,SYN-LN-7091,15000.0,3750.0,2026-06-16,2026-06-16,0,3750.0,0
SYN-REP-12092,SYN-U-12051,SYN-LN-7092,5000.0,1250.0,2026-05-05,2026-05-06,1,1250.0,0
SYN-REP-12093,SYN-U-13796,SYN-LN-7093,15000.0,3750.0,2026-01-15,2026-01-15,0,3750.0,0
SYN-REP-12094,SYN-U-15815,SYN-LN-7094,5000.0,1250.0,2025-11-11,2025-11-12,1,1250.0,0
SYN-REP-12095,SYN-U-10033,SYN-LN-7095,15000.0,3750.0,2025-11-24,2025-11-24,0,3750.0,0
SYN-REP-12096,SYN-U-16035,SYN-LN-7096,40000.0,10000.0,2026-02-12,2026-02-12,0,10000.0,0
SYN-REP-12097,SYN-U-11728,SYN-LN-7097,25000.0,6250.0,2026-03-16,2026-03-16,0,6250.0,0
SYN-REP-12098,SYN-U-14680,SYN-LN-7098,25000.0,6250.0,2026-06-27,,60,526.69,1
SYN-REP-12099,SYN-U-10885,SYN-LN-7099,10000.0,2500.0,2026-01-03,2026-01-03,0,2500.0,0
SYN-REP-12100,SYN-U-11371,SYN-LN-7100,25000.0,6250.0,2026-06-19,2026-06-20,1,6250.0,0
SYN-REP-12101,SYN-U-11194,SYN-LN-7101,5000.0,1250.0,2025-07-30,2025-07-30,0,1250.0,0
SYN-REP-12102,SYN-U-18004,SYN-LN-7102,5000.0,1250.0,2026-07-10,2026-07-10,0,1250.0,0
SYN-REP-12103,SYN-U-16661,SYN-LN-7103,15000.0,3750.0,2026-06-30,2026-06-30,0,3750.0,0
SYN-REP-12104,SYN-U-14207,SYN-LN-7104,5000.0,1250.0,2026-06-21,2026-06-21,0,1250.0,0
SYN-REP-12105,SYN-U-18898,SYN-LN-7105,15000.0,3750.0,2025-09-03,2025-09-03,0,3750.0,0
SYN-REP-12106,SYN-U-10325,SYN-LN-7106,40000.0,10000.0,2026-04-01,2026-04-01,0,10000.0,0
SYN-REP-12107,SYN-U-10838,SYN-LN-7107,15000.0,3750.0,2026-03-02,2026-03-02,0,3750.0,0
SYN-REP-12108,SYN-U-14901,SYN-LN-7108,15000.0,3750.0,2026-08-12,2026-08-12,0,3750.0,0
SYN-REP-12109,SYN-U-11894,SYN-LN-7109,5000.0,1250.0,2025-06-16,2025-06-16,0,1250.0,0
SYN-REP-12110,SYN-U-18987,SYN-LN-7110,5000.0,1250.0,2025-08-23,2025-08-23,0,1250.0,0
SYN-REP-12111,SYN-U-12483,SYN-LN-7111,40000.0,10000.0,2025-11-13,2025-11-13,0,10000.0,0
SYN-REP-12112,SYN-U-11205,SYN-LN-7112,10000.0,2500.0,2026-03-26,2026-03-26,0,2500.0,0
SYN-REP-12113,SYN-U-12478,SYN-LN-7113,25000.0,6250.0,2025-11-18,2025-11-18,0,6250.0,0
SYN-REP-12114,SYN-U-16071,SYN-LN-7114,25000.0,6250.0,2026-03-30,2026-03-30,0,6250.0,0
SYN-REP-12115,SYN-U-15413,SYN-LN-7115,5000.0,1250.0,2025-06-07,2025-06-07,0,1250.0,0
SYN-REP-12116,SYN-U-12830,SYN-LN-7116,40000.0,10000.0,2025-12-10,2025-12-10,0,10000.0,0
SYN-REP-12117,SYN-U-18739,SYN-LN-7117,10000.0,2500.0,2026-04-18,2026-04-18,0,2500.0,0
SYN-REP-12118,SYN-U-13099,SYN-LN-7118,15000.0,3750.0,2026-03-02,2026-03-02,0,3750.0,0
SYN-REP-12119,SYN-U-12887,SYN-LN-7119,15000.0,3750.0,2026-05-03,2026-06-15,43,3750.0,0
SYN-REP-12120,SYN-U-11156,SYN-LN-7120,40000.0,10000.0,2025-09-08,2025-09-08,0,10000.0,0
SYN-REP-12121,SYN-U-17925,SYN-LN-7121,5000.0,1250.0,2025-08-15,2025-08-15,0,1250.0,0
SYN-REP-12122,SYN-U-12051,SYN-LN-7122,10000.0,2500.0,2025-11-05,2025-11-05,0,2500.0,0
SYN-REP-12123,SYN-U-10768,SYN-LN-7123,25000.0,6250.0,2026-01-11,2026-01-11,0,6250.0,0
SYN-REP-12124,SYN-U-12509,SYN-LN-7124,10000.0,2500.0,2026-03-01,2026-03-01,0,2500.0,0
SYN-REP-12125,SYN-U-10769,SYN-LN-7125,25000.0,6250.0,2026-05-23,2026-05-23,0,6250.0,0
SYN-REP-12126,SYN-U-15572,SYN-LN-7126,10000.0,2500.0,2025-06-19,,94,35.57,1
SYN-REP-12127,SYN-U-13723,SYN-LN-7127,5000.0,1250.0,2026-06-21,2026-06-21,0,1250.0,0
SYN-REP-12128,SYN-U-12178,SYN-LN-7128,25000.0,6250.0,2025-07-26,2025-07-26,0,6250.0,0
SYN-REP-12129,SYN-U-11420,SYN-LN-7129,40000.0,10000.0,2026-08-17,2026-08-17,0,10000.0,0
SYN-REP-12130,SYN-U-11553,SYN-LN-7130,10000.0,2500.0,2025-06-30,2025-06-30,0,2500.0,0
SYN-REP-12131,SYN-U-10458,SYN-LN-7131,15000.0,3750.0,2026-03-12,2026-03-12,0,3750.0,0
SYN-REP-12132,SYN-U-18713,SYN-LN-7132,25000.0,6250.0,2025-06-03,2025-06-03,0,6250.0,0
SYN-REP-12133,SYN-U-16285,SYN-LN-7133,40000.0,10000.0,2025-08-19,2025-08-19,0,10000.0,0
SYN-REP-12134,SYN-U-14084,SYN-LN-7134,10000.0,2500.0,2025-11-20,2025-11-20,0,2500.0,0
SYN-REP-12135,SYN-U-16995,SYN-LN-7135,10000.0,2500.0,2026-08-14,2026-08-14,0,2500.0,0
SYN-REP-12136,SYN-U-19334,SYN-LN-7136,5000.0,1250.0,2025-12-11,2025-12-11,0,1250.0,0
SYN-REP-12137,SYN-U-10981,SYN-LN-7137,5000.0,1250.0,2026-04-04,2026-04-04,0,1250.0,0
SYN-REP-12138,SYN-U-14756,SYN-LN-7138,5000.0,1250.0,2026-06-27,2026-06-27,0,1250.0,0
SYN-REP-12139,SYN-U-19961,SYN-LN-7139,15000.0,3750.0,2026-06-07,2026-06-07,0,3750.0,0
SYN-REP-12140,SYN-U-10758,SYN-LN-7140,5000.0,1250.0,2026-07-23,2026-08-18,26,1250.0,0
SYN-REP-12141,SYN-U-19321,SYN-LN-7141,25000.0,6250.0,2026-08-05,2026-08-05,0,6250.0,0
SYN-REP-12142,SYN-U-17937,SYN-LN-7142,15000.0,3750.0,2026-04-28,2026-04-28,0,3750.0,0
SYN-REP-12143,SYN-U-13881,SYN-LN-7143,25000.0,6250.0,2026-07-21,2026-07-21,0,6250.0,0
SYN-REP-12144,SYN-U-15285,SYN-LN-7144,10000.0,2500.0,2026-06-28,2026-06-28,0,2500.0,0
SYN-REP-12145,SYN-U-13940,SYN-LN-7145,40000.0,10000.0,2026-04-11,2026-04-11,0,10000.0,0
SYN-REP-12146,SYN-U-18976,SYN-LN-7146,25000.0,6250.0,2025-09-14,2025-09-14,0,6250.0,0
SYN-REP-12147,SYN-U-15215,SYN-LN-7147,25000.0,6250.0,2025-10-07,2025-10-07,0,6250.0,0
SYN-REP-12148,SYN-U-16990,SYN-LN-7148,25000.0,6250.0,2026-04-03,2026-04-03,0,6250.0,0
SYN-REP-12149,SYN-U-17336,SYN-LN-7149,15000.0,3750.0,2026-05-11,2026-05-12,1,3750.0,0
SYN-REP-12150,SYN-U-17054,SYN-LN-7150,25000.0,6250.0,2025-10-21,2025-10-21,0,6250.0,0
SYN-REP-12151,SYN-U-15331,SYN-LN-7151,15000.0,3750.0,2025-08-22,2025-08-22,0,3750.0,0
SYN-REP-12152,SYN-U-18925,SYN-LN-7152,10000.0,2500.0,2025-12-08,2025-12-08,0,2500.0,0
SYN-REP-12153,SYN-U-17732,SYN-LN-7153,5000.0,1250.0,2025-10-06,2025-10-06,0,1250.0,0
SYN-REP-12154,SYN-U-16872,SYN-LN-7154,15000.0,3750.0,2026-02-22,2026-02-22,0,3750.0,0
SYN-REP-12155,SYN-U-16365,SYN-LN-7155,10000.0,2500.0,2026-07-16,2026-07-16,0,2500.0,0
SYN-REP-12156,SYN-U-19846,SYN-LN-7156,25000.0,6250.0,2025-11-26,2025-11-26,0,6250.0,0
SYN-REP-12157,SYN-U-17787,SYN-LN-7157,10000.0,2500.0,2025-06-06,2025-06-07,1,2500.0,0
SYN-REP-12158,SYN-U-16489,SYN-LN-7158,10000.0,2500.0,2026-02-15,2026-02-19,4,2500.0,0
SYN-REP-12159,SYN-U-16724,SYN-LN-7159,15000.0,3750.0,2025-09-10,2025-09-10,0,3750.0,0
SYN-REP-12160,SYN-U-14828,SYN-LN-7160,10000.0,2500.0,2026-04-01,2026-04-03,2,2500.0,0
SYN-REP-12161,SYN-U-10410,SYN-LN-7161,10000.0,2500.0,2025-12-18,2025-12-18,0,2500.0,0
SYN-REP-12162,SYN-U-16536,SYN-LN-7162,25000.0,6250.0,2026-07-25,2026-07-25,0,6250.0,0
SYN-REP-12163,SYN-U-13594,SYN-LN-7163,40000.0,10000.0,2026-06-08,2026-07-23,45,10000.0,0
SYN-REP-12164,SYN-U-15874,SYN-LN-7164,15000.0,3750.0,2026-02-04,2026-02-07,3,3750.0,0
SYN-REP-12165,SYN-U-15704,SYN-LN-7165,10000.0,2500.0,2025-06-17,2025-06-17,0,2500.0,0
SYN-REP-12166,SYN-U-13230,SYN-LN-7166,25000.0,6250.0,2026-01-05,2026-01-05,0,6250.0,0
SYN-REP-12167,SYN-U-10289,SYN-LN-7167,40000.0,10000.0,2026-07-10,2026-07-10,0,10000.0,0
SYN-REP-12168,SYN-U-18086,SYN-LN-7168,15000.0,3750.0,2026-01-03,2026-02-27,55,3750.0,0
SYN-REP-12169,SYN-U-15534,SYN-LN-7169,5000.0,1250.0,2025-08-31,2025-08-31,0,1250.0,0
SYN-REP-12170,SYN-U-14329,SYN-LN-7170,15000.0,3750.0,2025-10-12,2025-10-12,0,3750.0,0
SYN-REP-12171,SYN-U-12186,SYN-LN-7171,40000.0,10000.0,2026-06-14,2026-06-14,0,10000.0,0
SYN-REP-12172,SYN-U-11267,SYN-LN-7172,10000.0,2500.0,2026-02-07,2026-02-07,0,2500.0,0
SYN-REP-12173,SYN-U-10949,SYN-LN-7173,10000.0,2500.0,2026-03-15,2026-03-15,0,2500.0,0
SYN-REP-12174,SYN-U-16043,SYN-LN-7174,5000.0,1250.0,2026-02-27,2026-02-27,0,1250.0,0
SYN-REP-12175,SYN-U-14011,SYN-LN-7175,5000.0,1250.0,2025-11-26,2025-11-26,0,1250.0,0
SYN-REP-12176,SYN-U-11531,SYN-LN-7176,25000.0,6250.0,2025-07-16,2025-07-16,0,6250.0,0
SYN-REP-12177,SYN-U-11027,SYN-LN-7177,15000.0,3750.0,2026-01-25,2026-01-25,0,3750.0,0
SYN-REP-12178,SYN-U-19384,SYN-LN-7178,25000.0,6250.0,2025-06-08,2025-06-08,0,6250.0,0
SYN-REP-12179,SYN-U-11150,SYN-LN-7179,40000.0,10000.0,2025-12-14,2025-12-14,0,10000.0,0
SYN-REP-12180,SYN-U-13516,SYN-LN-7180,5000.0,1250.0,2025-12-05,2025-12-05,0,1250.0,0
SYN-REP-12181,SYN-U-17738,SYN-LN-7181,25000.0,6250.0,2025-10-22,2025-10-22,0,6250.0,0
SYN-REP-12182,SYN-U-13818,SYN-LN-7182,15000.0,3750.0,2026-02-28,2026-02-28,0,3750.0,0
SYN-REP-12183,SYN-U-15950,SYN-LN-7183,25000.0,6250.0,2026-01-02,2026-01-02,0,6250.0,0
SYN-REP-12184,SYN-U-12293,SYN-LN-7184,25000.0,6250.0,2026-08-17,2026-08-20,3,6250.0,0
SYN-REP-12185,SYN-U-18642,SYN-LN-7185,15000.0,3750.0,2025-06-16,2025-06-16,0,3750.0,0
SYN-REP-12186,SYN-U-13059,SYN-LN-7186,15000.0,3750.0,2026-03-17,2026-03-17,0,3750.0,0
SYN-REP-12187,SYN-U-19552,SYN-LN-7187,40000.0,10000.0,2026-03-23,2026-03-23,0,10000.0,0
SYN-REP-12188,SYN-U-11780,SYN-LN-7188,5000.0,1250.0,2026-05-27,2026-05-27,0,1250.0,0
SYN-REP-12189,SYN-U-12867,SYN-LN-7189,40000.0,10000.0,2026-07-02,2026-07-02,0,10000.0,0
SYN-REP-12190,SYN-U-17821,SYN-LN-7190,10000.0,2500.0,2026-05-05,2026-05-05,0,2500.0,0
SYN-REP-12191,SYN-U-17048,SYN-LN-7191,10000.0,2500.0,2026-03-30,2026-04-02,3,2500.0,0
SYN-REP-12192,SYN-U-19949,SYN-LN-7192,10000.0,2500.0,2026-02-09,2026-02-10,1,2500.0,0
SYN-REP-12193,SYN-U-18087,SYN-LN-7193,5000.0,1250.0,2026-06-21,2026-06-21,0,1250.0,0
SYN-REP-12194,SYN-U-15104,SYN-LN-7194,10000.0,2500.0,2026-02-03,2026-02-03,0,2500.0,0
SYN-REP-12195,SYN-U-12362,SYN-LN-7195,25000.0,6250.0,2026-01-24,2026-01-24,0,6250.0,0
SYN-REP-12196,SYN-U-15453,SYN-LN-7196,5000.0,1250.0,2026-01-17,2026-01-17,0,1250.0,0
SYN-REP-12197,SYN-U-12811,SYN-LN-7197,5000.0,1250.0,2026-08-22,2026-08-22,0,1250.0,0
SYN-REP-12198,SYN-U-11470,SYN-LN-7198,5000.0,1250.0,2025-10-17,2025-10-17,0,1250.0,0
SYN-REP-12199,SYN-U-14602,SYN-LN-7199,40000.0,10000.0,2025-08-19,2025-08-23,4,10000.0,0
SYN-REP-12200,SYN-U-18878,SYN-LN-7200,15000.0,3750.0,2026-06-17,2026-06-17,0,3750.0,0
SYN-REP-12201,SYN-U-15172,SYN-LN-7201,5000.0,1250.0,2026-02-11,2026-02-11,0,1250.0,0
SYN-REP-12202,SYN-U-16693,SYN-LN-7202,15000.0,3750.0,2026-08-06,2026-08-06,0,3750.0,0
SYN-REP-12203,SYN-U-17575,SYN-LN-7203,10000.0,2500.0,2025-08-15,2025-08-15,0,2500.0,0
SYN-REP-12204,SYN-U-13360,SYN-LN-7204,5000.0,1250.0,2025-07-06,2025-07-06,0,1250.0,0
SYN-REP-12205,SYN-U-16801,SYN-LN-7205,25000.0,6250.0,2026-05-16,2026-05-16,0,6250.0,0
SYN-REP-12206,SYN-U-17030,SYN-LN-7206,5000.0,1250.0,2025-09-11,2025-09-15,4,1250.0,0
SYN-REP-12207,SYN-U-16067,SYN-LN-7207,15000.0,3750.0,2026-04-23,2026-04-23,0,3750.0,0
SYN-REP-12208,SYN-U-14934,SYN-LN-7208,40000.0,10000.0,2025-08-17,2025-08-17,0,10000.0,0
SYN-REP-12209,SYN-U-12979,SYN-LN-7209,15000.0,3750.0,2026-08-18,2026-08-22,4,3750.0,0
SYN-REP-12210,SYN-U-14357,SYN-LN-7210,10000.0,2500.0,2026-01-27,2026-01-27,0,2500.0,0
SYN-REP-12211,SYN-U-11598,SYN-LN-7211,40000.0,10000.0,2026-06-15,2026-06-15,0,10000.0,0
SYN-REP-12212,SYN-U-17787,SYN-LN-7212,10000.0,2500.0,2026-06-09,2026-06-11,2,2500.0,0
SYN-REP-12213,SYN-U-13914,SYN-LN-7213,15000.0,3750.0,2025-06-19,2025-06-19,0,3750.0,0
SYN-REP-12214,SYN-U-12564,SYN-LN-7214,10000.0,2500.0,2025-09-16,2025-11-10,55,2500.0,0
SYN-REP-12215,SYN-U-18920,SYN-LN-7215,25000.0,6250.0,2026-04-03,2026-04-03,0,6250.0,0
SYN-REP-12216,SYN-U-16244,SYN-LN-7216,40000.0,10000.0,2026-05-08,2026-05-08,0,10000.0,0
SYN-REP-12217,SYN-U-13450,SYN-LN-7217,15000.0,3750.0,2026-07-11,2026-07-11,0,3750.0,0
SYN-REP-12218,SYN-U-17467,SYN-LN-7218,10000.0,2500.0,2025-11-25,2025-11-25,0,2500.0,0
SYN-REP-12219,SYN-U-14874,SYN-LN-7219,10000.0,2500.0,2025-10-29,2025-10-29,0,2500.0,0
SYN-REP-12220,SYN-U-16779,SYN-LN-7220,15000.0,3750.0,2025-12-28,2025-12-28,0,3750.0,0
SYN-REP-12221,SYN-U-17983,SYN-LN-7221,40000.0,10000.0,2025-09-02,2025-09-02,0,10000.0,0
SYN-REP-12222,SYN-U-12172,SYN-LN-7222,10000.0,2500.0,2025-06-06,2025-06-06,0,2500.0,0
SYN-REP-12223,SYN-U-11954,SYN-LN-7223,40000.0,10000.0,2025-06-05,2025-06-08,3,10000.0,0
SYN-REP-12224,SYN-U-14986,SYN-LN-7224,15000.0,3750.0,2026-08-12,2026-08-12,0,3750.0,0
SYN-REP-12225,SYN-U-13703,SYN-LN-7225,40000.0,10000.0,2026-07-09,2026-07-09,0,10000.0,0
SYN-REP-12226,SYN-U-12336,SYN-LN-7226,15000.0,3750.0,2025-11-07,2025-11-07,0,3750.0,0
SYN-REP-12227,SYN-U-18218,SYN-LN-7227,5000.0,1250.0,2026-08-24,2026-09-21,28,1250.0,0
SYN-REP-12228,SYN-U-16197,SYN-LN-7228,5000.0,1250.0,2026-05-28,2026-05-28,0,1250.0,0
SYN-REP-12229,SYN-U-15543,SYN-LN-7229,5000.0,1250.0,2026-06-23,2026-06-23,0,1250.0,0
SYN-REP-12230,SYN-U-17651,SYN-LN-7230,40000.0,10000.0,2025-06-05,2025-06-05,0,10000.0,0
SYN-REP-12231,SYN-U-13557,SYN-LN-7231,25000.0,6250.0,2025-12-25,2025-12-26,1,6250.0,0
SYN-REP-12232,SYN-U-16574,SYN-LN-7232,5000.0,1250.0,2026-08-15,2026-08-15,0,1250.0,0
SYN-REP-12233,SYN-U-15367,SYN-LN-7233,40000.0,10000.0,2025-09-19,2025-09-19,0,10000.0,0
SYN-REP-12234,SYN-U-12810,SYN-LN-7234,15000.0,3750.0,2026-05-29,2026-05-29,0,3750.0,0
SYN-REP-12235,SYN-U-11215,SYN-LN-7235,15000.0,3750.0,2025-06-25,2025-06-25,0,3750.0,0
SYN-REP-12236,SYN-U-14162,SYN-LN-7236,15000.0,3750.0,2026-03-13,2026-03-13,0,3750.0,0
SYN-REP-12237,SYN-U-18577,SYN-LN-7237,25000.0,6250.0,2026-06-20,2026-06-20,0,6250.0,0
SYN-REP-12238,SYN-U-11341,SYN-LN-7238,25000.0,6250.0,2026-03-20,2026-03-20,0,6250.0,0
SYN-REP-12239,SYN-U-18304,SYN-LN-7239,40000.0,10000.0,2026-02-14,2026-02-14,0,10000.0,0
SYN-REP-12240,SYN-U-15025,SYN-LN-7240,40000.0,10000.0,2025-12-07,2025-12-07,0,10000.0,0
SYN-REP-12241,SYN-U-19207,SYN-LN-7241,15000.0,3750.0,2026-03-03,2026-03-03,0,3750.0,0
SYN-REP-12242,SYN-U-16926,SYN-LN-7242,15000.0,3750.0,2026-02-07,2026-02-07,0,3750.0,0
SYN-REP-12243,SYN-U-18374,SYN-LN-7243,5000.0,1250.0,2026-06-04,2026-06-04,0,1250.0,0
SYN-REP-12244,SYN-U-14064,SYN-LN-7244,5000.0,1250.0,2026-03-07,2026-03-07,0,1250.0,0
SYN-REP-12245,SYN-U-19095,SYN-LN-7245,10000.0,2500.0,2025-10-02,2025-10-02,0,2500.0,0
SYN-REP-12246,SYN-U-18375,SYN-LN-7246,15000.0,3750.0,2025-06-21,2025-06-21,0,3750.0,0
SYN-REP-12247,SYN-U-17307,SYN-LN-7247,25000.0,6250.0,2025-07-13,2025-07-13,0,6250.0,0
SYN-REP-12248,SYN-U-10927,SYN-LN-7248,10000.0,2500.0,2025-12-06,2025-12-06,0,2500.0,0
SYN-REP-12249,SYN-U-17166,SYN-LN-7249,25000.0,6250.0,2025-06-18,2025-06-20,2,6250.0,0
SYN-REP-12250,SYN-U-15953,SYN-LN-7250,15000.0,3750.0,2025-10-18,2025-10-18,0,3750.0,0
SYN-REP-12251,SYN-U-11102,SYN-LN-7251,10000.0,2500.0,2026-06-27,2026-06-27,0,2500.0,0
SYN-REP-12252,SYN-U-18693,SYN-LN-7252,40000.0,10000.0,2025-09-22,2025-09-22,0,10000.0,0
SYN-REP-12253,SYN-U-15898,SYN-LN-7253,25000.0,6250.0,2026-03-06,2026-03-09,3,6250.0,0
SYN-REP-12254,SYN-U-10254,SYN-LN-7254,5000.0,1250.0,2026-04-05,2026-04-05,0,1250.0,0
SYN-REP-12255,SYN-U-19422,SYN-LN-7255,5000.0,1250.0,2025-06-16,2025-06-16,0,1250.0,0
SYN-REP-12256,SYN-U-19044,SYN-LN-7256,40000.0,10000.0,2025-11-07,2025-11-07,0,10000.0,0
SYN-REP-12257,SYN-U-13241,SYN-LN-7257,25000.0,6250.0,2025-09-30,2025-09-30,0,6250.0,0
SYN-REP-12258,SYN-U-11629,SYN-LN-7258,10000.0,2500.0,2026-02-14,2026-02-14,0,2500.0,0
SYN-REP-12259,SYN-U-17102,SYN-LN-7259,15000.0,3750.0,2026-01-01,2026-01-01,0,3750.0,0
SYN-REP-12260,SYN-U-16266,SYN-LN-7260,40000.0,10000.0,2025-10-18,2025-10-18,0,10000.0,0
SYN-REP-12261,SYN-U-12077,SYN-LN-7261,15000.0,3750.0,2025-12-24,2025-12-24,0,3750.0,0
SYN-REP-12262,SYN-U-16094,SYN-LN-7262,5000.0,1250.0,2025-12-06,2025-12-06,0,1250.0,0
SYN-REP-12263,SYN-U-19537,SYN-LN-7263,10000.0,2500.0,2025-12-21,2025-12-21,0,2500.0,0
SYN-REP-12264,SYN-U-16103,SYN-LN-7264,40000.0,10000.0,2025-07-11,,64,2842.32,1
SYN-REP-12265,SYN-U-12995,SYN-LN-7265,40000.0,10000.0,2025-08-31,2025-08-31,0,10000.0,0
SYN-REP-12266,SYN-U-19637,SYN-LN-7266,15000.0,3750.0,2026-07-11,2026-07-11,0,3750.0,0
SYN-REP-12267,SYN-U-17535,SYN-LN-7267,15000.0,3750.0,2026-08-23,2026-08-23,0,3750.0,0
SYN-REP-12268,SYN-U-16293,SYN-LN-7268,40000.0,10000.0,2025-11-07,2025-11-11,4,10000.0,0
SYN-REP-12269,SYN-U-18902,SYN-LN-7269,10000.0,2500.0,2025-07-03,2025-07-03,0,2500.0,0
SYN-REP-12270,SYN-U-17643,SYN-LN-7270,10000.0,2500.0,2025-11-19,2025-11-19,0,2500.0,0
SYN-REP-12271,SYN-U-15948,SYN-LN-7271,40000.0,10000.0,2026-03-07,2026-03-07,0,10000.0,0
SYN-REP-12272,SYN-U-11410,SYN-LN-7272,40000.0,10000.0,2026-05-22,2026-05-22,0,10000.0,0
SYN-REP-12273,SYN-U-16599,SYN-LN-7273,40000.0,10000.0,2026-05-24,2026-05-24,0,10000.0,0
SYN-REP-12274,SYN-U-19212,SYN-LN-7274,5000.0,1250.0,2026-01-11,2026-01-11,0,1250.0,0
SYN-REP-12275,SYN-U-14560,SYN-LN-7275,15000.0,3750.0,2025-12-12,2025-12-12,0,3750.0,0
SYN-REP-12276,SYN-U-10245,SYN-LN-7276,40000.0,10000.0,2026-01-02,2026-01-02,0,10000.0,0
SYN-REP-12277,SYN-U-12077,SYN-LN-7277,40000.0,10000.0,2025-06-18,2025-06-18,0,10000.0,0
SYN-REP-12278,SYN-U-14608,SYN-LN-7278,40000.0,10000.0,2025-08-10,2025-08-12,2,10000.0,0
SYN-REP-12279,SYN-U-17917,SYN-LN-7279,15000.0,3750.0,2026-02-27,2026-03-02,3,3750.0,0
SYN-REP-12280,SYN-U-17220,SYN-LN-7280,5000.0,1250.0,2026-04-04,2026-05-29,55,1250.0,0
SYN-REP-12281,SYN-U-17418,SYN-LN-7281,5000.0,1250.0,2026-02-01,2026-02-01,0,1250.0,0
SYN-REP-12282,SYN-U-18123,SYN-LN-7282,40000.0,10000.0,2026-05-05,2026-05-05,0,10000.0,0
SYN-REP-12283,SYN-U-15029,SYN-LN-7283,10000.0,2500.0,2025-08-14,2025-08-15,1,2500.0,0
SYN-REP-12284,SYN-U-18136,SYN-LN-7284,10000.0,2500.0,2025-06-24,2025-06-24,0,2500.0,0
SYN-REP-12285,SYN-U-10297,SYN-LN-7285,40000.0,10000.0,2026-04-10,2026-04-10,0,10000.0,0
SYN-REP-12286,SYN-U-17165,SYN-LN-7286,25000.0,6250.0,2026-06-20,2026-06-20,0,6250.0,0
SYN-REP-12287,SYN-U-17230,SYN-LN-7287,15000.0,3750.0,2026-06-29,2026-06-29,0,3750.0,0
SYN-REP-12288,SYN-U-11420,SYN-LN-7288,25000.0,6250.0,2025-12-15,2025-12-15,0,6250.0,0
SYN-REP-12289,SYN-U-17132,SYN-LN-7289,40000.0,10000.0,2025-09-17,2025-09-17,0,10000.0,0
SYN-REP-12290,SYN-U-11058,SYN-LN-7290,25000.0,6250.0,2025-06-22,2025-06-22,0,6250.0,0
SYN-REP-12291,SYN-U-15350,SYN-LN-7291,15000.0,3750.0,2025-08-08,2025-08-10,2,3750.0,0
SYN-REP-12292,SYN-U-14982,SYN-LN-7292,10000.0,2500.0,2025-10-09,2025-10-09,0,2500.0,0
SYN-REP-12293,SYN-U-13246,SYN-LN-7293,40000.0,10000.0,2026-06-12,2026-06-12,0,10000.0,0
SYN-REP-12294,SYN-U-17041,SYN-LN-7294,25000.0,6250.0,2025-11-30,2025-11-30,0,6250.0,0
SYN-REP-12295,SYN-U-19734,SYN-LN-7295,25000.0,6250.0,2026-02-26,2026-03-02,4,6250.0,0
SYN-REP-12296,SYN-U-14958,SYN-LN-7296,40000.0,10000.0,2026-01-20,2026-01-20,0,10000.0,0
SYN-REP-12297,SYN-U-16699,SYN-LN-7297,40000.0,10000.0,2026-07-29,2026-07-31,2,10000.0,0
SYN-REP-12298,SYN-U-12932,SYN-LN-7298,5000.0,1250.0,2026-04-20,2026-04-20,0,1250.0,0
SYN-REP-12299,SYN-U-17411,SYN-LN-7299,5000.0,1250.0,2026-05-31,2026-05-31,0,1250.0,0
SYN-REP-12300,SYN-U-16583,SYN-LN-7300,10000.0,2500.0,2026-03-04,2026-03-04,0,2500.0,0
SYN-REP-12301,SYN-U-13494,SYN-LN-7301,40000.0,10000.0,2026-01-14,2026-01-14,0,10000.0,0
SYN-REP-12302,SYN-U-10439,SYN-LN-7302,5000.0,1250.0,2025-08-22,2025-08-22,0,1250.0,0
SYN-REP-12303,SYN-U-17920,SYN-LN-7303,25000.0,6250.0,2025-11-12,2025-11-12,0,6250.0,0
SYN-REP-12304,SYN-U-11012,SYN-LN-7304,15000.0,3750.0,2026-02-25,2026-02-25,0,3750.0,0
SYN-REP-12305,SYN-U-13963,SYN-LN-7305,25000.0,6250.0,2025-07-02,2025-07-02,0,6250.0,0
SYN-REP-12306,SYN-U-19871,SYN-LN-7306,40000.0,10000.0,2026-04-03,2026-04-03,0,10000.0,0
SYN-REP-12307,SYN-U-11715,SYN-LN-7307,10000.0,2500.0,2026-04-09,2026-04-11,2,2500.0,0
SYN-REP-12308,SYN-U-19983,SYN-LN-7308,5000.0,1250.0,2026-08-06,2026-08-06,0,1250.0,0
SYN-REP-12309,SYN-U-12543,SYN-LN-7309,40000.0,10000.0,2025-06-12,2025-06-12,0,10000.0,0
SYN-REP-12310,SYN-U-12395,SYN-LN-7310,25000.0,6250.0,2026-06-15,2026-06-15,0,6250.0,0
SYN-REP-12311,SYN-U-17503,SYN-LN-7311,25000.0,6250.0,2026-07-29,2026-07-29,0,6250.0,0
SYN-REP-12312,SYN-U-11528,SYN-LN-7312,5000.0,1250.0,2026-01-14,2026-01-14,0,1250.0,0
SYN-REP-12313,SYN-U-10979,SYN-LN-7313,15000.0,3750.0,2026-06-10,2026-06-10,0,3750.0,0
SYN-REP-12314,SYN-U-18834,SYN-LN-7314,25000.0,6250.0,2026-07-19,2026-07-20,1,6250.0,0
SYN-REP-12315,SYN-U-17219,SYN-LN-7315,5000.0,1250.0,2026-03-10,2026-03-10,0,1250.0,0
SYN-REP-12316,SYN-U-19723,SYN-LN-7316,10000.0,2500.0,2025-09-04,2025-09-04,0,2500.0,0
SYN-REP-12317,SYN-U-11685,SYN-LN-7317,15000.0,3750.0,2026-04-01,2026-04-02,1,3750.0,0
SYN-REP-12318,SYN-U-16246,SYN-LN-7318,5000.0,1250.0,2026-01-12,2026-01-12,0,1250.0,0
SYN-REP-12319,SYN-U-12890,SYN-LN-7319,15000.0,3750.0,2026-02-24,2026-02-24,0,3750.0,0
SYN-REP-12320,SYN-U-12759,SYN-LN-7320,5000.0,1250.0,2026-01-13,2026-01-13,0,1250.0,0
SYN-REP-12321,SYN-U-11775,SYN-LN-7321,10000.0,2500.0,2025-11-14,2025-11-14,0,2500.0,0
SYN-REP-12322,SYN-U-10472,SYN-LN-7322,5000.0,1250.0,2025-08-12,2025-08-13,1,1250.0,0
SYN-REP-12323,SYN-U-12956,SYN-LN-7323,5000.0,1250.0,2025-07-20,2025-07-20,0,1250.0,0
SYN-REP-12324,SYN-U-11582,SYN-LN-7324,40000.0,10000.0,2025-11-01,2025-11-01,0,10000.0,0
SYN-REP-12325,SYN-U-19151,SYN-LN-7325,5000.0,1250.0,2025-06-04,2025-06-04,0,1250.0,0
SYN-REP-12326,SYN-U-12005,SYN-LN-7326,5000.0,1250.0,2026-01-15,2026-01-15,0,1250.0,0
SYN-REP-12327,SYN-U-17309,SYN-LN-7327,10000.0,2500.0,2025-10-10,2025-10-10,0,2500.0,0
SYN-REP-12328,SYN-U-13226,SYN-LN-7328,15000.0,3750.0,2026-05-10,2026-05-10,0,3750.0,0
SYN-REP-12329,SYN-U-14093,SYN-LN-7329,10000.0,2500.0,2025-12-21,2025-12-21,0,2500.0,0
SYN-REP-12330,SYN-U-11231,SYN-LN-7330,10000.0,2500.0,2026-08-08,2026-08-08,0,2500.0,0
SYN-REP-12331,SYN-U-18264,SYN-LN-7331,15000.0,3750.0,2025-08-25,2025-08-25,0,3750.0,0
SYN-REP-12332,SYN-U-17467,SYN-LN-7332,40000.0,10000.0,2026-06-08,2026-06-08,0,10000.0,0
SYN-REP-12333,SYN-U-12242,SYN-LN-7333,10000.0,2500.0,2026-08-22,2026-08-22,0,2500.0,0
SYN-REP-12334,SYN-U-16128,SYN-LN-7334,10000.0,2500.0,2026-03-31,2026-03-31,0,2500.0,0
SYN-REP-12335,SYN-U-14863,SYN-LN-7335,25000.0,6250.0,2026-01-16,2026-01-16,0,6250.0,0
SYN-REP-12336,SYN-U-12351,SYN-LN-7336,15000.0,3750.0,2025-12-25,2025-12-25,0,3750.0,0
SYN-REP-12337,SYN-U-19597,SYN-LN-7337,25000.0,6250.0,2025-08-15,2025-08-15,0,6250.0,0
SYN-REP-12338,SYN-U-19401,SYN-LN-7338,40000.0,10000.0,2025-09-24,2025-09-24,0,10000.0,0
SYN-REP-12339,SYN-U-13512,SYN-LN-7339,40000.0,10000.0,2025-08-20,2025-08-20,0,10000.0,0
SYN-REP-12340,SYN-U-11719,SYN-LN-7340,10000.0,2500.0,2026-02-15,2026-02-15,0,2500.0,0
SYN-REP-12341,SYN-U-14213,SYN-LN-7341,25000.0,6250.0,2026-03-17,2026-03-21,4,6250.0,0
SYN-REP-12342,SYN-U-12102,SYN-LN-7342,15000.0,3750.0,2026-03-10,2026-03-10,0,3750.0,0
SYN-REP-12343,SYN-U-17236,SYN-LN-7343,5000.0,1250.0,2026-07-29,2026-07-29,0,1250.0,0
SYN-REP-12344,SYN-U-11719,SYN-LN-7344,40000.0,10000.0,2025-12-21,2025-12-23,2,10000.0,0
SYN-REP-12345,SYN-U-17618,SYN-LN-7345,15000.0,3750.0,2025-11-15,2025-11-15,0,3750.0,0
SYN-REP-12346,SYN-U-13892,SYN-LN-7346,25000.0,6250.0,2026-05-19,2026-05-19,0,6250.0,0
SYN-REP-12347,SYN-U-16383,SYN-LN-7347,40000.0,10000.0,2025-09-14,2025-09-14,0,10000.0,0
SYN-REP-12348,SYN-U-13911,SYN-LN-7348,10000.0,2500.0,2025-12-24,2025-12-24,0,2500.0,0
SYN-REP-12349,SYN-U-13805,SYN-LN-7349,25000.0,6250.0,2025-10-12,2025-10-12,0,6250.0,0
SYN-REP-12350,SYN-U-15601,SYN-LN-7350,10000.0,2500.0,2026-07-17,2026-07-17,0,2500.0,0
SYN-REP-12351,SYN-U-14048,SYN-LN-7351,15000.0,3750.0,2026-06-07,2026-06-07,0,3750.0,0
SYN-REP-12352,SYN-U-18992,SYN-LN-7352,15000.0,3750.0,2026-03-29,2026-03-29,0,3750.0,0
SYN-REP-12353,SYN-U-10640,SYN-LN-7353,40000.0,10000.0,2026-01-09,2026-01-09,0,10000.0,0
SYN-REP-12354,SYN-U-12063,SYN-LN-7354,5000.0,1250.0,2025-12-17,2025-12-17,0,1250.0,0
SYN-REP-12355,SYN-U-14024,SYN-LN-7355,40000.0,10000.0,2026-03-20,2026-03-20,0,10000.0,0
SYN-REP-12356,SYN-U-15372,SYN-LN-7356,5000.0,1250.0,2026-03-19,2026-03-19,0,1250.0,0
SYN-REP-12357,SYN-U-17478,SYN-LN-7357,15000.0,3750.0,2025-12-18,2025-12-18,0,3750.0,0
SYN-REP-12358,SYN-U-11750,SYN-LN-7358,25000.0,6250.0,2026-03-23,2026-03-23,0,6250.0,0
SYN-REP-12359,SYN-U-18877,SYN-LN-7359,10000.0,2500.0,2026-01-18,2026-01-18,0,2500.0,0
SYN-REP-12360,SYN-U-13623,SYN-LN-7360,5000.0,1250.0,2026-01-02,2026-01-03,1,1250.0,0
SYN-REP-12361,SYN-U-16014,SYN-LN-7361,5000.0,1250.0,2026-03-20,2026-03-20,0,1250.0,0
SYN-REP-12362,SYN-U-11332,SYN-LN-7362,5000.0,1250.0,2025-11-30,2025-11-30,0,1250.0,0
SYN-REP-12363,SYN-U-15880,SYN-LN-7363,15000.0,3750.0,2025-11-23,2025-11-23,0,3750.0,0
SYN-REP-12364,SYN-U-19761,SYN-LN-7364,10000.0,2500.0,2025-06-22,2025-06-22,0,2500.0,0
SYN-REP-12365,SYN-U-17144,SYN-LN-7365,5000.0,1250.0,2025-07-27,2025-07-27,0,1250.0,0
SYN-REP-12366,SYN-U-11496,SYN-LN-7366,10000.0,2500.0,2025-09-30,2025-10-04,4,2500.0,0
SYN-REP-12367,SYN-U-18437,SYN-LN-7367,25000.0,6250.0,2026-04-12,2026-04-12,0,6250.0,0
SYN-REP-12368,SYN-U-19024,SYN-LN-7368,10000.0,2500.0,2026-04-04,2026-04-04,0,2500.0,0
SYN-REP-12369,SYN-U-13490,SYN-LN-7369,25000.0,6250.0,2026-08-07,2026-08-07,0,6250.0,0
SYN-REP-12370,SYN-U-18311,SYN-LN-7370,15000.0,3750.0,2026-01-16,2026-01-16,0,3750.0,0
SYN-REP-12371,SYN-U-19464,SYN-LN-7371,25000.0,6250.0,2026-01-08,2026-01-08,0,6250.0,0
SYN-REP-12372,SYN-U-11903,SYN-LN-7372,25000.0,6250.0,2026-07-18,2026-07-18,0,6250.0,0
SYN-REP-12373,SYN-U-17600,SYN-LN-7373,5000.0,1250.0,2025-12-14,2025-12-14,0,1250.0,0
SYN-REP-12374,SYN-U-15352,SYN-LN-7374,10000.0,2500.0,2026-05-06,2026-05-06,0,2500.0,0
SYN-REP-12375,SYN-U-15044,SYN-LN-7375,15000.0,3750.0,2026-05-04,2026-05-06,2,3750.0,0
SYN-REP-12376,SYN-U-16460,SYN-LN-7376,5000.0,1250.0,2026-08-21,2026-10-12,52,1250.0,0
SYN-REP-12377,SYN-U-11190,SYN-LN-7377,15000.0,3750.0,2026-04-18,2026-04-18,0,3750.0,0
SYN-REP-12378,SYN-U-18818,SYN-LN-7378,5000.0,1250.0,2026-06-06,2026-06-06,0,1250.0,0
SYN-REP-12379,SYN-U-18072,SYN-LN-7379,25000.0,6250.0,2026-08-21,2026-08-21,0,6250.0,0
SYN-REP-12380,SYN-U-13642,SYN-LN-7380,40000.0,10000.0,2026-02-05,2026-02-05,0,10000.0,0
SYN-REP-12381,SYN-U-16784,SYN-LN-7381,5000.0,1250.0,2026-06-25,2026-06-25,0,1250.0,0
SYN-REP-12382,SYN-U-14192,SYN-LN-7382,10000.0,2500.0,2026-07-24,2026-07-24,0,2500.0,0
SYN-REP-12383,SYN-U-13388,SYN-LN-7383,40000.0,10000.0,2026-04-02,2026-04-02,0,10000.0,0
SYN-REP-12384,SYN-U-12068,SYN-LN-7384,15000.0,3750.0,2025-09-14,2025-09-14,0,3750.0,0
SYN-REP-12385,SYN-U-18697,SYN-LN-7385,10000.0,2500.0,2025-06-14,2025-06-14,0,2500.0,0
SYN-REP-12386,SYN-U-19647,SYN-LN-7386,5000.0,1250.0,2026-07-07,2026-07-07,0,1250.0,0
SYN-REP-12387,SYN-U-15746,SYN-LN-7387,10000.0,2500.0,2026-07-01,2026-07-01,0,2500.0,0
SYN-REP-12388,SYN-U-15131,SYN-LN-7388,15000.0,3750.0,2026-04-11,2026-04-11,0,3750.0,0
SYN-REP-12389,SYN-U-15117,SYN-LN-7389,40000.0,10000.0,2025-06-04,2025-06-04,0,10000.0,0
SYN-REP-12390,SYN-U-11128,SYN-LN-7390,5000.0,1250.0,2026-06-07,2026-06-07,0,1250.0,0
SYN-REP-12391,SYN-U-14327,SYN-LN-7391,15000.0,3750.0,2025-12-23,2025-12-23,0,3750.0,0
SYN-REP-12392,SYN-U-11804,SYN-LN-7392,5000.0,1250.0,2025-11-25,2025-11-26,1,1250.0,0
SYN-REP-12393,SYN-U-15055,SYN-LN-7393,5000.0,1250.0,2025-06-25,2025-06-25,0,1250.0,0
SYN-REP-12394,SYN-U-12334,SYN-LN-7394,40000.0,10000.0,2026-06-08,2026-06-08,0,10000.0,0
SYN-REP-12395,SYN-U-12549,SYN-LN-7395,15000.0,3750.0,2026-06-17,2026-06-17,0,3750.0,0
SYN-REP-12396,SYN-U-17458,SYN-LN-7396,15000.0,3750.0,2026-07-05,2026-07-08,3,3750.0,0
SYN-REP-12397,SYN-U-19975,SYN-LN-7397,15000.0,3750.0,2025-07-22,2025-07-22,0,3750.0,0
SYN-REP-12398,SYN-U-13718,SYN-LN-7398,40000.0,10000.0,2026-01-29,2026-01-29,0,10000.0,0
SYN-REP-12399,SYN-U-19508,SYN-LN-7399,5000.0,1250.0,2026-05-11,2026-05-11,0,1250.0,0
SYN-REP-12400,SYN-U-11824,SYN-LN-7400,25000.0,6250.0,2026-06-04,2026-06-04,0,6250.0,0
SYN-REP-12401,SYN-U-19187,SYN-LN-7401,40000.0,10000.0,2026-01-12,2026-01-12,0,10000.0,0
SYN-REP-12402,SYN-U-18728,SYN-LN-7402,15000.0,3750.0,2025-07-04,2025-07-04,0,3750.0,0
SYN-REP-12403,SYN-U-13478,SYN-LN-7403,40000.0,10000.0,2025-11-01,2025-11-01,0,10000.0,0
SYN-REP-12404,SYN-U-14223,SYN-LN-7404,25000.0,6250.0,2025-07-30,2025-07-30,0,6250.0,0
SYN-REP-12405,SYN-U-14464,SYN-LN-7405,5000.0,1250.0,2026-04-06,2026-04-06,0,1250.0,0
SYN-REP-12406,SYN-U-10598,SYN-LN-7406,25000.0,6250.0,2025-09-09,2025-09-09,0,6250.0,0
SYN-REP-12407,SYN-U-16382,SYN-LN-7407,25000.0,6250.0,2025-12-10,2025-12-10,0,6250.0,0
SYN-REP-12408,SYN-U-15072,SYN-LN-7408,15000.0,3750.0,2025-11-09,2025-11-09,0,3750.0,0
SYN-REP-12409,SYN-U-14257,SYN-LN-7409,10000.0,2500.0,2026-04-27,2026-04-27,0,2500.0,0
SYN-REP-12410,SYN-U-17105,SYN-LN-7410,5000.0,1250.0,2025-12-13,2025-12-13,0,1250.0,0
SYN-REP-12411,SYN-U-16714,SYN-LN-7411,15000.0,3750.0,2026-03-05,2026-03-05,0,3750.0,0
SYN-REP-12412,SYN-U-12310,SYN-LN-7412,15000.0,3750.0,2026-01-31,2026-01-31,0,3750.0,0
SYN-REP-12413,SYN-U-15921,SYN-LN-7413,5000.0,1250.0,2026-07-14,2026-07-14,0,1250.0,0
SYN-REP-12414,SYN-U-17749,SYN-LN-7414,25000.0,6250.0,2026-05-30,2026-05-30,0,6250.0,0
SYN-REP-12415,SYN-U-11481,SYN-LN-7415,40000.0,10000.0,2026-06-30,2026-06-30,0,10000.0,0
SYN-REP-12416,SYN-U-13496,SYN-LN-7416,5000.0,1250.0,2025-09-07,2025-09-07,0,1250.0,0
SYN-REP-12417,SYN-U-19028,SYN-LN-7417,10000.0,2500.0,2025-08-28,2025-08-28,0,2500.0,0
SYN-REP-12418,SYN-U-12445,SYN-LN-7418,5000.0,1250.0,2025-10-09,2025-10-09,0,1250.0,0
SYN-REP-12419,SYN-U-12219,SYN-LN-7419,5000.0,1250.0,2026-02-27,2026-02-27,0,1250.0,0
SYN-REP-12420,SYN-U-17326,SYN-LN-7420,10000.0,2500.0,2025-07-04,2025-07-04,0,2500.0,0
SYN-REP-12421,SYN-U-15647,SYN-LN-7421,40000.0,10000.0,2026-03-10,2026-03-10,0,10000.0,0
SYN-REP-12422,SYN-U-16771,SYN-LN-7422,5000.0,1250.0,2026-02-06,2026-02-07,1,1250.0,0
SYN-REP-12423,SYN-U-19018,SYN-LN-7423,15000.0,3750.0,2025-06-03,2025-06-03,0,3750.0,0
SYN-REP-12424,SYN-U-14652,SYN-LN-7424,10000.0,2500.0,2025-08-13,2025-08-13,0,2500.0,0
SYN-REP-12425,SYN-U-12155,SYN-LN-7425,10000.0,2500.0,2026-07-17,2026-07-17,0,2500.0,0
SYN-REP-12426,SYN-U-15236,SYN-LN-7426,10000.0,2500.0,2026-01-25,2026-01-25,0,2500.0,0
SYN-REP-12427,SYN-U-10650,SYN-LN-7427,15000.0,3750.0,2025-10-16,2025-10-16,0,3750.0,0
SYN-REP-12428,SYN-U-18254,SYN-LN-7428,40000.0,10000.0,2026-06-27,2026-06-27,0,10000.0,0
SYN-REP-12429,SYN-U-10415,SYN-LN-7429,15000.0,3750.0,2026-01-04,2026-01-04,0,3750.0,0
SYN-REP-12430,SYN-U-10047,SYN-LN-7430,10000.0,2500.0,2026-04-03,2026-04-03,0,2500.0,0
SYN-REP-12431,SYN-U-14009,SYN-LN-7431,40000.0,10000.0,2025-09-05,2025-09-05,0,10000.0,0
SYN-REP-12432,SYN-U-16701,SYN-LN-7432,10000.0,2500.0,2025-11-19,2025-11-19,0,2500.0,0
SYN-REP-12433,SYN-U-17696,SYN-LN-7433,40000.0,10000.0,2026-05-16,2026-05-16,0,10000.0,0
SYN-REP-12434,SYN-U-11210,SYN-LN-7434,15000.0,3750.0,2026-08-17,2026-08-17,0,3750.0,0
SYN-REP-12435,SYN-U-11398,SYN-LN-7435,40000.0,10000.0,2026-02-24,2026-02-24,0,10000.0,0
SYN-REP-12436,SYN-U-14330,SYN-LN-7436,5000.0,1250.0,2026-02-12,2026-02-14,2,1250.0,0
SYN-REP-12437,SYN-U-19054,SYN-LN-7437,5000.0,1250.0,2025-09-06,2025-09-06,0,1250.0,0
SYN-REP-12438,SYN-U-19059,SYN-LN-7438,5000.0,1250.0,2025-06-05,2025-06-05,0,1250.0,0
SYN-REP-12439,SYN-U-11208,SYN-LN-7439,5000.0,1250.0,2026-03-18,2026-03-18,0,1250.0,0
SYN-REP-12440,SYN-U-13037,SYN-LN-7440,40000.0,10000.0,2026-01-27,2026-01-27,0,10000.0,0
SYN-REP-12441,SYN-U-14576,SYN-LN-7441,5000.0,1250.0,2025-10-05,2025-10-05,0,1250.0,0
SYN-REP-12442,SYN-U-12753,SYN-LN-7442,15000.0,3750.0,2025-07-14,,82,1079.96,1
SYN-REP-12443,SYN-U-16781,SYN-LN-7443,10000.0,2500.0,2026-08-23,2026-08-23,0,2500.0,0
SYN-REP-12444,SYN-U-15192,SYN-LN-7444,25000.0,6250.0,2026-04-27,2026-04-27,0,6250.0,0
SYN-REP-12445,SYN-U-17786,SYN-LN-7445,40000.0,10000.0,2026-03-14,2026-03-18,4,10000.0,0
SYN-REP-12446,SYN-U-12759,SYN-LN-7446,15000.0,3750.0,2025-06-21,2025-06-21,0,3750.0,0
SYN-REP-12447,SYN-U-10350,SYN-LN-7447,5000.0,1250.0,2026-07-05,2026-07-05,0,1250.0,0
SYN-REP-12448,SYN-U-17997,SYN-LN-7448,10000.0,2500.0,2026-01-04,2026-01-04,0,2500.0,0
SYN-REP-12449,SYN-U-19877,SYN-LN-7449,25000.0,6250.0,2026-07-23,2026-07-23,0,6250.0,0
SYN-REP-12450,SYN-U-11116,SYN-LN-7450,15000.0,3750.0,2025-07-05,2025-07-05,0,3750.0,0
SYN-REP-12451,SYN-U-19372,SYN-LN-7451,40000.0,10000.0,2025-07-17,2025-07-17,0,10000.0,0
SYN-REP-12452,SYN-U-14278,SYN-LN-7452,5000.0,1250.0,2026-05-29,2026-05-29,0,1250.0,0
SYN-REP-12453,SYN-U-16403,SYN-LN-7453,5000.0,1250.0,2025-08-04,2025-08-04,0,1250.0,0
SYN-REP-12454,SYN-U-19773,SYN-LN-7454,40000.0,10000.0,2026-06-13,2026-06-13,0,10000.0,0
SYN-REP-12455,SYN-U-15802,SYN-LN-7455,25000.0,6250.0,2026-01-09,2026-01-09,0,6250.0,0
SYN-REP-12456,SYN-U-16601,SYN-LN-7456,5000.0,1250.0,2026-07-18,2026-07-18,0,1250.0,0
SYN-REP-12457,SYN-U-14899,SYN-LN-7457,25000.0,6250.0,2026-08-21,2026-08-21,0,6250.0,0
SYN-REP-12458,SYN-U-11244,SYN-LN-7458,25000.0,6250.0,2025-06-08,2025-06-08,0,6250.0,0
SYN-REP-12459,SYN-U-10716,SYN-LN-7459,25000.0,6250.0,2026-06-30,2026-06-30,0,6250.0,0
SYN-REP-12460,SYN-U-16645,SYN-LN-7460,5000.0,1250.0,2026-06-16,2026-06-16,0,1250.0,0
SYN-REP-12461,SYN-U-12689,SYN-LN-7461,10000.0,2500.0,2026-02-16,2026-02-16,0,2500.0,0
SYN-REP-12462,SYN-U-11922,SYN-LN-7462,40000.0,10000.0,2025-08-03,2025-08-05,2,10000.0,0
SYN-REP-12463,SYN-U-15152,SYN-LN-7463,25000.0,6250.0,2026-07-06,2026-07-06,0,6250.0,0
SYN-REP-12464,SYN-U-17943,SYN-LN-7464,10000.0,2500.0,2025-06-03,2025-06-03,0,2500.0,0
SYN-REP-12465,SYN-U-14959,SYN-LN-7465,15000.0,3750.0,2026-01-19,2026-01-22,3,3750.0,0
SYN-REP-12466,SYN-U-19600,SYN-LN-7466,10000.0,2500.0,2026-03-31,2026-04-04,4,2500.0,0
SYN-REP-12467,SYN-U-13670,SYN-LN-7467,25000.0,6250.0,2026-01-05,2026-01-05,0,6250.0,0
SYN-REP-12468,SYN-U-10584,SYN-LN-7468,15000.0,3750.0,2026-07-13,2026-07-13,0,3750.0,0
SYN-REP-12469,SYN-U-17338,SYN-LN-7469,5000.0,1250.0,2026-01-17,2026-01-20,3,1250.0,0
SYN-REP-12470,SYN-U-11869,SYN-LN-7470,10000.0,2500.0,2025-08-15,2025-08-30,15,2500.0,0
SYN-REP-12471,SYN-U-15165,SYN-LN-7471,40000.0,10000.0,2026-05-06,2026-05-06,0,10000.0,0
SYN-REP-12472,SYN-U-18513,SYN-LN-7472,15000.0,3750.0,2026-07-11,2026-07-11,0,3750.0,0
SYN-REP-12473,SYN-U-11119,SYN-LN-7473,25000.0,6250.0,2025-11-12,2025-11-12,0,6250.0,0
SYN-REP-12474,SYN-U-16830,SYN-LN-7474,40000.0,10000.0,2025-06-16,2025-06-16,0,10000.0,0
SYN-REP-12475,SYN-U-12270,SYN-LN-7475,5000.0,1250.0,2025-08-25,2025-08-25,0,1250.0,0
SYN-REP-12476,SYN-U-15252,SYN-LN-7476,10000.0,2500.0,2025-09-21,2025-09-21,0,2500.0,0
SYN-REP-12477,SYN-U-18923,SYN-LN-7477,5000.0,1250.0,2026-07-19,2026-07-19,0,1250.0,0
SYN-REP-12478,SYN-U-15902,SYN-LN-7478,25000.0,6250.0,2026-08-13,2026-08-13,0,6250.0,0
SYN-REP-12479,SYN-U-16036,SYN-LN-7479,5000.0,1250.0,2026-01-11,2026-01-11,0,1250.0,0
SYN-REP-12480,SYN-U-13486,SYN-LN-7480,40000.0,10000.0,2025-11-24,2025-11-24,0,10000.0,0
SYN-REP-12481,SYN-U-10576,SYN-LN-7481,5000.0,1250.0,2026-05-11,2026-05-11,0,1250.0,0
SYN-REP-12482,SYN-U-19285,SYN-LN-7482,10000.0,2500.0,2025-12-26,2025-12-26,0,2500.0,0
SYN-REP-12483,SYN-U-10395,SYN-LN-7483,10000.0,2500.0,2025-10-11,2025-10-15,4,2500.0,0
SYN-REP-12484,SYN-U-14632,SYN-LN-7484,40000.0,10000.0,2026-01-23,2026-01-23,0,10000.0,0
SYN-REP-12485,SYN-U-15365,SYN-LN-7485,25000.0,6250.0,2025-12-20,2025-12-24,4,6250.0,0
SYN-REP-12486,SYN-U-14308,SYN-LN-7486,40000.0,10000.0,2026-03-25,2026-03-25,0,10000.0,0
SYN-REP-12487,SYN-U-15380,SYN-LN-7487,15000.0,3750.0,2026-08-09,2026-08-09,0,3750.0,0
SYN-REP-12488,SYN-U-12370,SYN-LN-7488,15000.0,3750.0,2026-05-18,2026-05-18,0,3750.0,0
SYN-REP-12489,SYN-U-11737,SYN-LN-7489,15000.0,3750.0,2026-06-15,2026-06-15,0,3750.0,0
SYN-REP-12490,SYN-U-17552,SYN-LN-7490,40000.0,10000.0,2026-04-11,2026-04-12,1,10000.0,0
SYN-REP-12491,SYN-U-11710,SYN-LN-7491,15000.0,3750.0,2026-04-01,2026-04-01,0,3750.0,0
SYN-REP-12492,SYN-U-19879,SYN-LN-7492,5000.0,1250.0,2026-08-24,2026-08-24,0,1250.0,0
SYN-REP-12493,SYN-U-11101,SYN-LN-7493,40000.0,10000.0,2026-03-12,2026-03-12,0,10000.0,0
SYN-REP-12494,SYN-U-17273,SYN-LN-7494,40000.0,10000.0,2026-02-19,2026-02-19,0,10000.0,0
SYN-REP-12495,SYN-U-17539,SYN-LN-7495,5000.0,1250.0,2026-04-27,2026-04-30,3,1250.0,0
SYN-REP-12496,SYN-U-14850,SYN-LN-7496,25000.0,6250.0,2026-02-23,2026-02-23,0,6250.0,0
SYN-REP-12497,SYN-U-15993,SYN-LN-7497,40000.0,10000.0,2025-06-11,2025-06-11,0,10000.0,0
SYN-REP-12498,SYN-U-18331,SYN-LN-7498,5000.0,1250.0,2026-01-11,2026-01-11,0,1250.0,0
SYN-REP-12499,SYN-U-13401,SYN-LN-7499,10000.0,2500.0,2025-07-29,2025-07-29,0,2500.0,0
SYN-REP-12500,SYN-U-12104,SYN-LN-7500,5000.0,1250.0,2025-09-06,2025-09-06,0,1250.0,0
SYN-REP-12501,SYN-U-12454,SYN-LN-5001,25000.0,6250.0,2025-11-19,2025-11-19,0,6250.0,0
SYN-REP-12502,SYN-U-14605,SYN-LN-5002,15000.0,3750.0,2026-01-10,2026-01-10,0,3750.0,0
SYN-REP-12503,SYN-U-18768,SYN-LN-5003,25000.0,6250.0,2026-04-23,2026-04-23,0,6250.0,0
SYN-REP-12504,SYN-U-18421,SYN-LN-5004,40000.0,10000.0,2025-06-13,2025-06-13,0,10000.0,0
SYN-REP-12505,SYN-U-10013,SYN-LN-5005,25000.0,6250.0,2026-07-06,2026-07-06,0,6250.0,0
SYN-REP-12506,SYN-U-11346,SYN-LN-5006,5000.0,1250.0,2025-12-26,2025-12-29,3,1250.0,0
SYN-REP-12507,SYN-U-15357,SYN-LN-5007,10000.0,2500.0,2026-07-02,2026-08-15,44,2500.0,0
SYN-REP-12508,SYN-U-11782,SYN-LN-5008,25000.0,6250.0,2026-07-07,2026-07-09,2,6250.0,0
SYN-REP-12509,SYN-U-10402,SYN-LN-5009,25000.0,6250.0,2026-05-05,2026-05-05,0,6250.0,0
SYN-REP-12510,SYN-U-17928,SYN-LN-5010,25000.0,6250.0,2025-09-04,2025-09-04,0,6250.0,0
SYN-REP-12511,SYN-U-19468,SYN-LN-5011,5000.0,1250.0,2025-09-21,2025-09-21,0,1250.0,0
SYN-REP-12512,SYN-U-15835,SYN-LN-5012,15000.0,3750.0,2025-09-09,2025-09-09,0,3750.0,0
SYN-REP-12513,SYN-U-14522,SYN-LN-5013,15000.0,3750.0,2026-01-15,2026-01-15,0,3750.0,0
SYN-REP-12514,SYN-U-11558,SYN-LN-5014,10000.0,2500.0,2025-09-11,2025-09-12,1,2500.0,0
SYN-REP-12515,SYN-U-12771,SYN-LN-5015,10000.0,2500.0,2025-08-01,2025-08-01,0,2500.0,0
SYN-REP-12516,SYN-U-12259,SYN-LN-5016,40000.0,10000.0,2025-12-23,2025-12-23,0,10000.0,0
SYN-REP-12517,SYN-U-10834,SYN-LN-5017,25000.0,6250.0,2025-12-31,2026-01-01,1,6250.0,0
SYN-REP-12518,SYN-U-11604,SYN-LN-5018,40000.0,10000.0,2026-05-29,2026-05-29,0,10000.0,0
SYN-REP-12519,SYN-U-19058,SYN-LN-5019,5000.0,1250.0,2026-04-02,2026-04-02,0,1250.0,0
SYN-REP-12520,SYN-U-11695,SYN-LN-5020,25000.0,6250.0,2026-04-20,2026-04-20,0,6250.0,0
SYN-REP-12521,SYN-U-11449,SYN-LN-5021,40000.0,10000.0,2025-07-03,2025-07-03,0,10000.0,0
SYN-REP-12522,SYN-U-14066,SYN-LN-5022,25000.0,6250.0,2026-05-28,2026-05-28,0,6250.0,0
SYN-REP-12523,SYN-U-12472,SYN-LN-5023,5000.0,1250.0,2026-03-20,2026-03-20,0,1250.0,0
SYN-REP-12524,SYN-U-15584,SYN-LN-5024,25000.0,6250.0,2025-12-31,,82,585.95,1
SYN-REP-12525,SYN-U-13758,SYN-LN-5025,10000.0,2500.0,2026-04-02,2026-04-02,0,2500.0,0
SYN-REP-12526,SYN-U-18004,SYN-LN-5026,10000.0,2500.0,2025-06-01,2025-06-01,0,2500.0,0
SYN-REP-12527,SYN-U-17775,SYN-LN-5027,5000.0,1250.0,2025-11-22,2025-11-22,0,1250.0,0
SYN-REP-12528,SYN-U-18965,SYN-LN-5028,5000.0,1250.0,2025-12-18,2025-12-18,0,1250.0,0
SYN-REP-12529,SYN-U-10024,SYN-LN-5029,40000.0,10000.0,2025-10-22,2025-10-22,0,10000.0,0
SYN-REP-12530,SYN-U-12346,SYN-LN-5030,10000.0,2500.0,2025-06-07,2025-06-07,0,2500.0,0
SYN-REP-12531,SYN-U-18003,SYN-LN-5031,10000.0,2500.0,2025-08-02,2025-08-02,0,2500.0,0
SYN-REP-12532,SYN-U-19542,SYN-LN-5032,10000.0,2500.0,2026-03-08,2026-03-08,0,2500.0,0
SYN-REP-12533,SYN-U-14132,SYN-LN-5033,15000.0,3750.0,2025-08-29,2025-08-29,0,3750.0,0
SYN-REP-12534,SYN-U-15919,SYN-LN-5034,5000.0,1250.0,2026-08-12,2026-08-14,2,1250.0,0
SYN-REP-12535,SYN-U-14949,SYN-LN-5035,10000.0,2500.0,2025-11-04,2025-11-04,0,2500.0,0
SYN-REP-12536,SYN-U-19610,SYN-LN-5036,25000.0,6250.0,2025-12-20,2025-12-23,3,6250.0,0
SYN-REP-12537,SYN-U-19960,SYN-LN-5037,40000.0,10000.0,2026-02-12,2026-02-12,0,10000.0,0
SYN-REP-12538,SYN-U-17532,SYN-LN-5038,25000.0,6250.0,2026-07-17,2026-07-17,0,6250.0,0
SYN-REP-12539,SYN-U-14732,SYN-LN-5039,10000.0,2500.0,2025-10-13,2025-10-14,1,2500.0,0
SYN-REP-12540,SYN-U-11233,SYN-LN-5040,40000.0,10000.0,2026-07-31,2026-08-04,4,10000.0,0
SYN-REP-12541,SYN-U-16128,SYN-LN-5041,25000.0,6250.0,2025-08-27,2025-08-27,0,6250.0,0
SYN-REP-12542,SYN-U-11277,SYN-LN-5042,25000.0,6250.0,2026-01-02,2026-01-02,0,6250.0,0
SYN-REP-12543,SYN-U-11054,SYN-LN-5043,5000.0,1250.0,2026-08-01,2026-08-01,0,1250.0,0
SYN-REP-12544,SYN-U-11097,SYN-LN-5044,5000.0,1250.0,2026-06-05,2026-06-05,0,1250.0,0
SYN-REP-12545,SYN-U-17079,SYN-LN-5045,5000.0,1250.0,2025-09-28,2025-09-28,0,1250.0,0
SYN-REP-12546,SYN-U-16607,SYN-LN-5046,5000.0,1250.0,2026-02-04,2026-02-04,0,1250.0,0
SYN-REP-12547,SYN-U-18723,SYN-LN-5047,15000.0,3750.0,2026-01-01,2026-01-01,0,3750.0,0
SYN-REP-12548,SYN-U-14968,SYN-LN-5048,40000.0,10000.0,2025-08-20,2025-08-20,0,10000.0,0
SYN-REP-12549,SYN-U-16480,SYN-LN-5049,5000.0,1250.0,2026-08-07,2026-08-09,2,1250.0,0
SYN-REP-12550,SYN-U-16010,SYN-LN-5050,40000.0,10000.0,2025-06-02,2025-06-02,0,10000.0,0
SYN-REP-12551,SYN-U-12103,SYN-LN-5051,25000.0,6250.0,2026-01-26,2026-01-26,0,6250.0,0
SYN-REP-12552,SYN-U-17790,SYN-LN-5052,25000.0,6250.0,2025-09-28,2025-11-23,56,6250.0,0
SYN-REP-12553,SYN-U-13399,SYN-LN-5053,15000.0,3750.0,2025-07-20,2025-07-20,0,3750.0,0
SYN-REP-12554,SYN-U-14421,SYN-LN-5054,10000.0,2500.0,2025-08-02,2025-08-06,4,2500.0,0
SYN-REP-12555,SYN-U-18067,SYN-LN-5055,40000.0,10000.0,2026-02-01,2026-02-01,0,10000.0,0
SYN-REP-12556,SYN-U-17678,SYN-LN-5056,25000.0,6250.0,2025-10-13,2025-10-13,0,6250.0,0
SYN-REP-12557,SYN-U-12892,SYN-LN-5057,5000.0,1250.0,2026-01-02,2026-01-02,0,1250.0,0
SYN-REP-12558,SYN-U-10598,SYN-LN-5058,15000.0,3750.0,2026-02-23,2026-02-23,0,3750.0,0
SYN-REP-12559,SYN-U-16212,SYN-LN-5059,25000.0,6250.0,2026-02-20,2026-02-20,0,6250.0,0
SYN-REP-12560,SYN-U-16712,SYN-LN-5060,25000.0,6250.0,2026-06-09,2026-06-09,0,6250.0,0
SYN-REP-12561,SYN-U-12594,SYN-LN-5061,15000.0,3750.0,2025-12-15,2025-12-15,0,3750.0,0
SYN-REP-12562,SYN-U-13112,SYN-LN-5062,5000.0,1250.0,2026-02-03,2026-02-03,0,1250.0,0
SYN-REP-12563,SYN-U-18246,SYN-LN-5063,15000.0,3750.0,2026-06-23,2026-06-23,0,3750.0,0
SYN-REP-12564,SYN-U-19965,SYN-LN-5064,15000.0,3750.0,2025-09-02,2025-09-02,0,3750.0,0
SYN-REP-12565,SYN-U-13682,SYN-LN-5065,40000.0,10000.0,2026-02-09,2026-02-09,0,10000.0,0
SYN-REP-12566,SYN-U-10932,SYN-LN-5066,5000.0,1250.0,2026-02-06,2026-02-07,1,1250.0,0
SYN-REP-12567,SYN-U-15756,SYN-LN-5067,40000.0,10000.0,2025-10-05,2025-10-05,0,10000.0,0
SYN-REP-12568,SYN-U-16199,SYN-LN-5068,5000.0,1250.0,2026-05-05,2026-05-05,0,1250.0,0
SYN-REP-12569,SYN-U-12262,SYN-LN-5069,10000.0,2500.0,2026-01-10,2026-01-10,0,2500.0,0
SYN-REP-12570,SYN-U-13051,SYN-LN-5070,10000.0,2500.0,2026-08-15,2026-08-15,0,2500.0,0
SYN-REP-12571,SYN-U-15859,SYN-LN-5071,10000.0,2500.0,2025-08-19,2025-08-19,0,2500.0,0
SYN-REP-12572,SYN-U-17255,SYN-LN-5072,10000.0,2500.0,2025-10-19,2025-10-19,0,2500.0,0
SYN-REP-12573,SYN-U-12300,SYN-LN-5073,5000.0,1250.0,2026-01-08,2026-01-08,0,1250.0,0
SYN-REP-12574,SYN-U-19641,SYN-LN-5074,25000.0,6250.0,2026-06-11,2026-06-14,3,6250.0,0
SYN-REP-12575,SYN-U-13196,SYN-LN-5075,40000.0,10000.0,2026-03-15,2026-03-15,0,10000.0,0
SYN-REP-12576,SYN-U-16668,SYN-LN-5076,15000.0,3750.0,2026-04-12,2026-04-12,0,3750.0,0
SYN-REP-12577,SYN-U-18861,SYN-LN-5077,15000.0,3750.0,2026-07-22,2026-07-22,0,3750.0,0
SYN-REP-12578,SYN-U-12694,SYN-LN-5078,25000.0,6250.0,2026-04-02,2026-04-02,0,6250.0,0
SYN-REP-12579,SYN-U-15471,SYN-LN-5079,40000.0,10000.0,2025-12-01,2025-12-05,4,10000.0,0
SYN-REP-12580,SYN-U-18214,SYN-LN-5080,25000.0,6250.0,2026-07-23,2026-07-23,0,6250.0,0
SYN-REP-12581,SYN-U-18057,SYN-LN-5081,40000.0,10000.0,2025-11-18,2026-01-11,54,10000.0,0
SYN-REP-12582,SYN-U-11995,SYN-LN-5082,15000.0,3750.0,2025-10-16,2025-10-16,0,3750.0,0
SYN-REP-12583,SYN-U-17627,SYN-LN-5083,15000.0,3750.0,2025-06-09,2025-06-09,0,3750.0,0
SYN-REP-12584,SYN-U-14792,SYN-LN-5084,5000.0,1250.0,2025-07-05,2025-07-05,0,1250.0,0
SYN-REP-12585,SYN-U-11078,SYN-LN-5085,15000.0,3750.0,2025-08-26,2025-08-26,0,3750.0,0
SYN-REP-12586,SYN-U-16762,SYN-LN-5086,10000.0,2500.0,2026-07-09,2026-07-09,0,2500.0,0
SYN-REP-12587,SYN-U-15683,SYN-LN-5087,10000.0,2500.0,2025-06-04,2025-06-04,0,2500.0,0
SYN-REP-12588,SYN-U-14045,SYN-LN-5088,10000.0,2500.0,2025-10-23,2025-10-23,0,2500.0,0
SYN-REP-12589,SYN-U-11116,SYN-LN-5089,40000.0,10000.0,2025-11-20,2025-11-20,0,10000.0,0
SYN-REP-12590,SYN-U-15742,SYN-LN-5090,40000.0,10000.0,2026-03-27,2026-03-27,0,10000.0,0
SYN-REP-12591,SYN-U-16454,SYN-LN-5091,25000.0,6250.0,2025-09-01,2025-09-01,0,6250.0,0
SYN-REP-12592,SYN-U-10990,SYN-LN-5092,15000.0,3750.0,2026-06-28,2026-06-28,0,3750.0,0
SYN-REP-12593,SYN-U-11533,SYN-LN-5093,15000.0,3750.0,2026-07-06,2026-07-06,0,3750.0,0
SYN-REP-12594,SYN-U-16314,SYN-LN-5094,15000.0,3750.0,2026-03-29,2026-03-29,0,3750.0,0
SYN-REP-12595,SYN-U-10157,SYN-LN-5095,5000.0,1250.0,2025-07-16,2025-07-16,0,1250.0,0
SYN-REP-12596,SYN-U-14335,SYN-LN-5096,10000.0,2500.0,2025-12-22,2025-12-22,0,2500.0,0
SYN-REP-12597,SYN-U-17307,SYN-LN-5097,40000.0,10000.0,2025-12-14,2025-12-18,4,10000.0,0
SYN-REP-12598,SYN-U-12913,SYN-LN-5098,40000.0,10000.0,2026-06-19,2026-06-19,0,10000.0,0
SYN-REP-12599,SYN-U-13182,SYN-LN-5099,15000.0,3750.0,2025-12-11,2025-12-11,0,3750.0,0
SYN-REP-12600,SYN-U-18219,SYN-LN-5100,40000.0,10000.0,2026-08-08,2026-08-08,0,10000.0,0
SYN-REP-12601,SYN-U-16024,SYN-LN-5101,5000.0,1250.0,2026-07-30,2026-07-31,1,1250.0,0
SYN-REP-12602,SYN-U-16525,SYN-LN-5102,25000.0,6250.0,2026-04-16,2026-04-16,0,6250.0,0
SYN-REP-12603,SYN-U-18054,SYN-LN-5103,10000.0,2500.0,2025-07-09,2025-07-09,0,2500.0,0
SYN-REP-12604,SYN-U-14074,SYN-LN-5104,25000.0,6250.0,2025-07-28,2025-07-28,0,6250.0,0
SYN-REP-12605,SYN-U-13618,SYN-LN-5105,15000.0,3750.0,2025-12-17,2025-12-17,0,3750.0,0
SYN-REP-12606,SYN-U-15341,SYN-LN-5106,5000.0,1250.0,2026-06-22,2026-06-22,0,1250.0,0
SYN-REP-12607,SYN-U-10564,SYN-LN-5107,40000.0,10000.0,2026-07-01,2026-07-01,0,10000.0,0
SYN-REP-12608,SYN-U-18004,SYN-LN-5108,10000.0,2500.0,2025-11-10,2025-11-12,2,2500.0,0
SYN-REP-12609,SYN-U-12637,SYN-LN-5109,40000.0,10000.0,2026-08-22,2026-08-22,0,10000.0,0
SYN-REP-12610,SYN-U-10034,SYN-LN-5110,15000.0,3750.0,2025-07-04,2025-07-04,0,3750.0,0
SYN-REP-12611,SYN-U-17809,SYN-LN-5111,25000.0,6250.0,2026-01-16,2026-01-17,1,6250.0,0
SYN-REP-12612,SYN-U-12220,SYN-LN-5112,5000.0,1250.0,2026-05-19,2026-05-19,0,1250.0,0
SYN-REP-12613,SYN-U-11092,SYN-LN-5113,25000.0,6250.0,2025-07-19,2025-07-19,0,6250.0,0
SYN-REP-12614,SYN-U-16147,SYN-LN-5114,5000.0,1250.0,2026-02-10,2026-02-10,0,1250.0,0
SYN-REP-12615,SYN-U-10983,SYN-LN-5115,15000.0,3750.0,2026-02-09,2026-02-09,0,3750.0,0
SYN-REP-12616,SYN-U-17863,SYN-LN-5116,25000.0,6250.0,2026-05-28,2026-05-31,3,6250.0,0
SYN-REP-12617,SYN-U-17373,SYN-LN-5117,40000.0,10000.0,2025-11-16,2025-11-16,0,10000.0,0
SYN-REP-12618,SYN-U-16139,SYN-LN-5118,25000.0,6250.0,2025-06-11,2025-06-15,4,6250.0,0
SYN-REP-12619,SYN-U-10369,SYN-LN-5119,40000.0,10000.0,2026-04-30,2026-04-30,0,10000.0,0
SYN-REP-12620,SYN-U-13177,SYN-LN-5120,40000.0,10000.0,2025-08-02,2025-08-02,0,10000.0,0
SYN-REP-12621,SYN-U-15563,SYN-LN-5121,40000.0,10000.0,2025-11-29,2025-11-29,0,10000.0,0
SYN-REP-12622,SYN-U-11659,SYN-LN-5122,5000.0,1250.0,2025-07-22,2025-07-22,0,1250.0,0
SYN-REP-12623,SYN-U-13953,SYN-LN-5123,40000.0,10000.0,2026-05-18,2026-05-21,3,10000.0,0
SYN-REP-12624,SYN-U-12579,SYN-LN-5124,40000.0,10000.0,2025-07-27,2025-07-27,0,10000.0,0
SYN-REP-12625,SYN-U-11403,SYN-LN-5125,15000.0,3750.0,2025-07-12,2025-08-11,30,3750.0,0
SYN-REP-12626,SYN-U-12006,SYN-LN-5126,40000.0,10000.0,2025-10-07,2025-10-07,0,10000.0,0
SYN-REP-12627,SYN-U-16880,SYN-LN-5127,15000.0,3750.0,2026-04-21,2026-04-21,0,3750.0,0
SYN-REP-12628,SYN-U-15623,SYN-LN-5128,5000.0,1250.0,2026-02-07,2026-02-07,0,1250.0,0
SYN-REP-12629,SYN-U-12783,SYN-LN-5129,40000.0,10000.0,2025-10-20,2025-10-20,0,10000.0,0
SYN-REP-12630,SYN-U-10891,SYN-LN-5130,15000.0,3750.0,2026-08-20,2026-08-20,0,3750.0,0
SYN-REP-12631,SYN-U-19460,SYN-LN-5131,15000.0,3750.0,2025-07-09,2025-07-09,0,3750.0,0
SYN-REP-12632,SYN-U-12943,SYN-LN-5132,25000.0,6250.0,2025-09-13,2025-09-13,0,6250.0,0
SYN-REP-12633,SYN-U-16293,SYN-LN-5133,25000.0,6250.0,2026-08-22,2026-08-22,0,6250.0,0
SYN-REP-12634,SYN-U-18713,SYN-LN-5134,10000.0,2500.0,2025-11-05,2025-11-05,0,2500.0,0
SYN-REP-12635,SYN-U-19182,SYN-LN-5135,10000.0,2500.0,2026-05-13,2026-05-13,0,2500.0,0
SYN-REP-12636,SYN-U-18817,SYN-LN-5136,25000.0,6250.0,2025-10-01,2025-10-04,3,6250.0,0
SYN-REP-12637,SYN-U-17133,SYN-LN-5137,10000.0,2500.0,2026-06-02,2026-06-02,0,2500.0,0
SYN-REP-12638,SYN-U-13066,SYN-LN-5138,25000.0,6250.0,2026-06-21,2026-06-21,0,6250.0,0
SYN-REP-12639,SYN-U-13108,SYN-LN-5139,15000.0,3750.0,2026-04-18,2026-04-18,0,3750.0,0
SYN-REP-12640,SYN-U-13385,SYN-LN-5140,40000.0,10000.0,2025-10-18,2025-10-18,0,10000.0,0
SYN-REP-12641,SYN-U-11805,SYN-LN-5141,40000.0,10000.0,2026-07-26,2026-07-26,0,10000.0,0
SYN-REP-12642,SYN-U-18794,SYN-LN-5142,25000.0,6250.0,2026-02-08,2026-02-08,0,6250.0,0
SYN-REP-12643,SYN-U-10921,SYN-LN-5143,5000.0,1250.0,2025-07-14,2025-07-14,0,1250.0,0
SYN-REP-12644,SYN-U-15883,SYN-LN-5144,25000.0,6250.0,2026-03-07,2026-03-07,0,6250.0,0
SYN-REP-12645,SYN-U-17343,SYN-LN-5145,15000.0,3750.0,2026-07-18,2026-07-18,0,3750.0,0
SYN-REP-12646,SYN-U-17689,SYN-LN-5146,15000.0,3750.0,2025-07-05,2025-07-05,0,3750.0,0
SYN-REP-12647,SYN-U-17038,SYN-LN-5147,40000.0,10000.0,2025-06-06,2025-06-06,0,10000.0,0
SYN-REP-12648,SYN-U-19979,SYN-LN-5148,15000.0,3750.0,2025-10-28,2025-10-28,0,3750.0,0
SYN-REP-12649,SYN-U-11903,SYN-LN-5149,40000.0,10000.0,2025-08-17,2025-08-17,0,10000.0,0
SYN-REP-12650,SYN-U-14603,SYN-LN-5150,5000.0,1250.0,2026-04-28,2026-04-30,2,1250.0,0
SYN-REP-12651,SYN-U-13771,SYN-LN-5151,5000.0,1250.0,2026-01-15,2026-01-15,0,1250.0,0
SYN-REP-12652,SYN-U-18273,SYN-LN-5152,10000.0,2500.0,2026-01-11,2026-01-11,0,2500.0,0
SYN-REP-12653,SYN-U-12503,SYN-LN-5153,10000.0,2500.0,2026-08-23,2026-08-27,4,2500.0,0
SYN-REP-12654,SYN-U-18795,SYN-LN-5154,25000.0,6250.0,2025-08-24,2025-08-24,0,6250.0,0
SYN-REP-12655,SYN-U-17138,SYN-LN-5155,40000.0,10000.0,2026-06-22,2026-06-22,0,10000.0,0
SYN-REP-12656,SYN-U-14525,SYN-LN-5156,5000.0,1250.0,2026-02-25,2026-02-25,0,1250.0,0
SYN-REP-12657,SYN-U-12207,SYN-LN-5157,10000.0,2500.0,2025-09-18,2025-09-18,0,2500.0,0
SYN-REP-12658,SYN-U-16047,SYN-LN-5158,5000.0,1250.0,2026-03-24,2026-03-24,0,1250.0,0
SYN-REP-12659,SYN-U-17328,SYN-LN-5159,10000.0,2500.0,2025-12-10,2025-12-10,0,2500.0,0
SYN-REP-12660,SYN-U-17212,SYN-LN-5160,40000.0,10000.0,2025-12-05,2025-12-05,0,10000.0,0
SYN-REP-12661,SYN-U-16377,SYN-LN-5161,5000.0,1250.0,2025-11-30,2025-11-30,0,1250.0,0
SYN-REP-12662,SYN-U-19086,SYN-LN-5162,40000.0,10000.0,2025-10-02,2025-10-05,3,10000.0,0
SYN-REP-12663,SYN-U-17260,SYN-LN-5163,10000.0,2500.0,2026-01-16,2026-01-16,0,2500.0,0
SYN-REP-12664,SYN-U-10673,SYN-LN-5164,5000.0,1250.0,2026-03-22,2026-03-22,0,1250.0,0
SYN-REP-12665,SYN-U-18698,SYN-LN-5165,10000.0,2500.0,2025-10-04,2025-10-04,0,2500.0,0
SYN-REP-12666,SYN-U-12303,SYN-LN-5166,25000.0,6250.0,2026-03-19,2026-03-19,0,6250.0,0
SYN-REP-12667,SYN-U-18712,SYN-LN-5167,25000.0,6250.0,2026-05-02,2026-05-02,0,6250.0,0
SYN-REP-12668,SYN-U-16085,SYN-LN-5168,40000.0,10000.0,2025-08-26,2025-08-26,0,10000.0,0
SYN-REP-12669,SYN-U-13194,SYN-LN-5169,25000.0,6250.0,2025-07-20,2025-07-20,0,6250.0,0
SYN-REP-12670,SYN-U-18542,SYN-LN-5170,15000.0,3750.0,2025-09-01,2025-10-15,44,3750.0,0
SYN-REP-12671,SYN-U-14167,SYN-LN-5171,10000.0,2500.0,2026-03-05,2026-03-05,0,2500.0,0
SYN-REP-12672,SYN-U-18838,SYN-LN-5172,5000.0,1250.0,2025-11-29,2025-11-29,0,1250.0,0
SYN-REP-12673,SYN-U-15095,SYN-LN-5173,40000.0,10000.0,2025-12-11,2025-12-11,0,10000.0,0
SYN-REP-12674,SYN-U-16728,SYN-LN-5174,5000.0,1250.0,2025-06-17,2025-06-17,0,1250.0,0
SYN-REP-12675,SYN-U-14358,SYN-LN-5175,40000.0,10000.0,2025-09-09,2025-09-09,0,10000.0,0
SYN-REP-12676,SYN-U-13077,SYN-LN-5176,15000.0,3750.0,2025-09-28,2025-09-28,0,3750.0,0
SYN-REP-12677,SYN-U-12667,SYN-LN-5177,15000.0,3750.0,2026-06-30,2026-06-30,0,3750.0,0
SYN-REP-12678,SYN-U-11937,SYN-LN-5178,40000.0,10000.0,2026-03-29,2026-03-29,0,10000.0,0
SYN-REP-12679,SYN-U-17865,SYN-LN-5179,40000.0,10000.0,2026-04-16,2026-04-16,0,10000.0,0
SYN-REP-12680,SYN-U-14677,SYN-LN-5180,40000.0,10000.0,2026-07-01,2026-07-01,0,10000.0,0
SYN-REP-12681,SYN-U-14216,SYN-LN-5181,40000.0,10000.0,2026-03-21,2026-03-21,0,10000.0,0
SYN-REP-12682,SYN-U-18184,SYN-LN-5182,5000.0,1250.0,2025-12-19,2025-12-19,0,1250.0,0
SYN-REP-12683,SYN-U-15081,SYN-LN-5183,15000.0,3750.0,2025-08-03,2025-08-03,0,3750.0,0
SYN-REP-12684,SYN-U-19843,SYN-LN-5184,10000.0,2500.0,2026-07-29,2026-07-29,0,2500.0,0
SYN-REP-12685,SYN-U-14895,SYN-LN-5185,10000.0,2500.0,2026-02-27,2026-02-27,0,2500.0,0
SYN-REP-12686,SYN-U-13298,SYN-LN-5186,25000.0,6250.0,2025-12-12,2025-12-12,0,6250.0,0
SYN-REP-12687,SYN-U-16177,SYN-LN-5187,10000.0,2500.0,2025-07-17,2025-07-17,0,2500.0,0
SYN-REP-12688,SYN-U-18408,SYN-LN-5188,40000.0,10000.0,2026-06-21,2026-06-21,0,10000.0,0
SYN-REP-12689,SYN-U-12995,SYN-LN-5189,25000.0,6250.0,2026-08-11,2026-08-11,0,6250.0,0
SYN-REP-12690,SYN-U-11440,SYN-LN-5190,40000.0,10000.0,2026-08-22,2026-08-22,0,10000.0,0
SYN-REP-12691,SYN-U-12469,SYN-LN-5191,10000.0,2500.0,2026-03-09,2026-03-09,0,2500.0,0
SYN-REP-12692,SYN-U-18872,SYN-LN-5192,15000.0,3750.0,2026-07-24,2026-07-24,0,3750.0,0
SYN-REP-12693,SYN-U-12193,SYN-LN-5193,25000.0,6250.0,2026-05-01,2026-05-01,0,6250.0,0
SYN-REP-12694,SYN-U-15064,SYN-LN-5194,25000.0,6250.0,2025-08-02,2025-08-02,0,6250.0,0
SYN-REP-12695,SYN-U-16521,SYN-LN-5195,15000.0,3750.0,2025-12-30,2025-12-30,0,3750.0,0
SYN-REP-12696,SYN-U-10944,SYN-LN-5196,10000.0,2500.0,2025-06-01,2025-06-01,0,2500.0,0
SYN-REP-12697,SYN-U-15634,SYN-LN-5197,25000.0,6250.0,2025-07-15,2025-07-15,0,6250.0,0
SYN-REP-12698,SYN-U-16701,SYN-LN-5198,40000.0,10000.0,2026-07-18,2026-07-18,0,10000.0,0
SYN-REP-12699,SYN-U-14966,SYN-LN-5199,10000.0,2500.0,2025-10-20,2025-10-20,0,2500.0,0
SYN-REP-12700,SYN-U-16169,SYN-LN-5200,5000.0,1250.0,2026-03-03,2026-03-03,0,1250.0,0
SYN-REP-12701,SYN-U-12118,SYN-LN-5201,40000.0,10000.0,2025-12-05,2025-12-05,0,10000.0,0
SYN-REP-12702,SYN-U-15531,SYN-LN-5202,40000.0,10000.0,2026-08-01,2026-08-01,0,10000.0,0
SYN-REP-12703,SYN-U-12099,SYN-LN-5203,10000.0,2500.0,2026-05-12,2026-05-12,0,2500.0,0
SYN-REP-12704,SYN-U-17643,SYN-LN-5204,5000.0,1250.0,2026-02-24,2026-02-24,0,1250.0,0
SYN-REP-12705,SYN-U-18437,SYN-LN-5205,40000.0,10000.0,2025-11-11,2025-11-11,0,10000.0,0
SYN-REP-12706,SYN-U-17773,SYN-LN-5206,10000.0,2500.0,2026-05-22,2026-05-22,0,2500.0,0
SYN-REP-12707,SYN-U-18505,SYN-LN-5207,40000.0,10000.0,2025-12-03,2025-12-03,0,10000.0,0
SYN-REP-12708,SYN-U-13119,SYN-LN-5208,10000.0,2500.0,2025-06-02,2025-06-02,0,2500.0,0
SYN-REP-12709,SYN-U-14490,SYN-LN-5209,25000.0,6250.0,2026-06-28,2026-07-01,3,6250.0,0
SYN-REP-12710,SYN-U-17142,SYN-LN-5210,5000.0,1250.0,2025-07-07,2025-07-07,0,1250.0,0
SYN-REP-12711,SYN-U-17976,SYN-LN-5211,25000.0,6250.0,2026-05-12,2026-05-12,0,6250.0,0
SYN-REP-12712,SYN-U-16534,SYN-LN-5212,15000.0,3750.0,2026-04-09,2026-04-09,0,3750.0,0
SYN-REP-12713,SYN-U-14160,SYN-LN-5213,15000.0,3750.0,2026-04-30,2026-04-30,0,3750.0,0
SYN-REP-12714,SYN-U-10914,SYN-LN-5214,5000.0,1250.0,2026-01-21,2026-01-21,0,1250.0,0
SYN-REP-12715,SYN-U-16229,SYN-LN-5215,40000.0,10000.0,2026-07-18,2026-07-18,0,10000.0,0
SYN-REP-12716,SYN-U-15624,SYN-LN-5216,25000.0,6250.0,2026-07-16,2026-07-16,0,6250.0,0
SYN-REP-12717,SYN-U-19591,SYN-LN-5217,15000.0,3750.0,2026-03-07,2026-03-07,0,3750.0,0
SYN-REP-12718,SYN-U-12141,SYN-LN-5218,40000.0,10000.0,2025-12-27,2025-12-27,0,10000.0,0
SYN-REP-12719,SYN-U-15860,SYN-LN-5219,5000.0,1250.0,2025-10-26,2025-10-26,0,1250.0,0
SYN-REP-12720,SYN-U-16777,SYN-LN-5220,5000.0,1250.0,2025-06-12,2025-06-12,0,1250.0,0
SYN-REP-12721,SYN-U-14382,SYN-LN-5221,10000.0,2500.0,2026-01-10,2026-01-10,0,2500.0,0
SYN-REP-12722,SYN-U-14829,SYN-LN-5222,25000.0,6250.0,2026-01-15,2026-01-15,0,6250.0,0
SYN-REP-12723,SYN-U-14279,SYN-LN-5223,5000.0,1250.0,2026-05-11,2026-05-11,0,1250.0,0
SYN-REP-12724,SYN-U-19217,SYN-LN-5224,40000.0,10000.0,2026-05-07,,94,821.88,1
SYN-REP-12725,SYN-U-14806,SYN-LN-5225,15000.0,3750.0,2026-05-20,2026-05-20,0,3750.0,0
SYN-REP-12726,SYN-U-15957,SYN-LN-5226,10000.0,2500.0,2025-11-05,2025-11-05,0,2500.0,0
SYN-REP-12727,SYN-U-18245,SYN-LN-5227,40000.0,10000.0,2025-07-09,2025-07-09,0,10000.0,0
SYN-REP-12728,SYN-U-19496,SYN-LN-5228,15000.0,3750.0,2025-12-09,2025-12-09,0,3750.0,0
SYN-REP-12729,SYN-U-15033,SYN-LN-5229,10000.0,2500.0,2026-03-14,2026-03-14,0,2500.0,0
SYN-REP-12730,SYN-U-16676,SYN-LN-5230,25000.0,6250.0,2026-08-18,2026-08-18,0,6250.0,0
SYN-REP-12731,SYN-U-15956,SYN-LN-5231,40000.0,10000.0,2026-03-08,2026-03-08,0,10000.0,0
SYN-REP-12732,SYN-U-18324,SYN-LN-5232,40000.0,10000.0,2025-11-08,2025-11-08,0,10000.0,0
SYN-REP-12733,SYN-U-19714,SYN-LN-5233,40000.0,10000.0,2025-09-05,2025-09-05,0,10000.0,0
SYN-REP-12734,SYN-U-10228,SYN-LN-5234,10000.0,2500.0,2026-06-05,2026-06-05,0,2500.0,0
SYN-REP-12735,SYN-U-15009,SYN-LN-5235,25000.0,6250.0,2026-04-25,2026-04-29,4,6250.0,0
SYN-REP-12736,SYN-U-13596,SYN-LN-5236,25000.0,6250.0,2026-05-31,2026-06-02,2,6250.0,0
SYN-REP-12737,SYN-U-15176,SYN-LN-5237,5000.0,1250.0,2026-08-09,2026-08-09,0,1250.0,0
SYN-REP-12738,SYN-U-19091,SYN-LN-5238,40000.0,10000.0,2025-09-30,2025-09-30,0,10000.0,0
SYN-REP-12739,SYN-U-14717,SYN-LN-5239,40000.0,10000.0,2026-05-27,2026-05-27,0,10000.0,0
SYN-REP-12740,SYN-U-16778,SYN-LN-5240,40000.0,10000.0,2025-06-23,2025-06-23,0,10000.0,0
SYN-REP-12741,SYN-U-10770,SYN-LN-5241,15000.0,3750.0,2025-06-23,2025-06-23,0,3750.0,0
SYN-REP-12742,SYN-U-15531,SYN-LN-5242,15000.0,3750.0,2026-07-30,2026-07-30,0,3750.0,0
SYN-REP-12743,SYN-U-14249,SYN-LN-5243,40000.0,10000.0,2026-05-24,2026-05-24,0,10000.0,0
SYN-REP-12744,SYN-U-17172,SYN-LN-5244,5000.0,1250.0,2026-03-29,2026-03-29,0,1250.0,0
SYN-REP-12745,SYN-U-10578,SYN-LN-5245,10000.0,2500.0,2025-12-18,2025-12-18,0,2500.0,0
SYN-REP-12746,SYN-U-15032,SYN-LN-5246,10000.0,2500.0,2025-10-19,2025-10-19,0,2500.0,0
SYN-REP-12747,SYN-U-19997,SYN-LN-5247,25000.0,6250.0,2026-07-26,2026-07-26,0,6250.0,0
SYN-REP-12748,SYN-U-14491,SYN-LN-5248,40000.0,10000.0,2026-03-07,,73,1529.22,1
SYN-REP-12749,SYN-U-18567,SYN-LN-5249,15000.0,3750.0,2026-08-03,2026-08-05,2,3750.0,0
SYN-REP-12750,SYN-U-19831,SYN-LN-5250,25000.0,6250.0,2025-09-11,2025-09-11,0,6250.0,0
SYN-REP-12751,SYN-U-15226,SYN-LN-5251,15000.0,3750.0,2026-05-22,2026-05-22,0,3750.0,0
SYN-REP-12752,SYN-U-15494,SYN-LN-5252,10000.0,2500.0,2026-06-30,2026-07-04,4,2500.0,0
SYN-REP-12753,SYN-U-16888,SYN-LN-5253,10000.0,2500.0,2025-11-13,2025-11-13,0,2500.0,0
SYN-REP-12754,SYN-U-18042,SYN-LN-5254,15000.0,3750.0,2025-08-08,2025-08-09,1,3750.0,0
SYN-REP-12755,SYN-U-18517,SYN-LN-5255,25000.0,6250.0,2026-08-21,2026-08-21,0,6250.0,0
SYN-REP-12756,SYN-U-16842,SYN-LN-5256,5000.0,1250.0,2026-04-12,2026-04-12,0,1250.0,0
SYN-REP-12757,SYN-U-17813,SYN-LN-5257,15000.0,3750.0,2025-09-26,2025-09-26,0,3750.0,0
SYN-REP-12758,SYN-U-12515,SYN-LN-5258,40000.0,10000.0,2025-12-19,2025-12-19,0,10000.0,0
SYN-REP-12759,SYN-U-17063,SYN-LN-5259,25000.0,6250.0,2025-07-16,2025-07-16,0,6250.0,0
SYN-REP-12760,SYN-U-17174,SYN-LN-5260,15000.0,3750.0,2026-05-31,2026-05-31,0,3750.0,0
SYN-REP-12761,SYN-U-15336,SYN-LN-5261,10000.0,2500.0,2025-06-09,2025-06-09,0,2500.0,0
SYN-REP-12762,SYN-U-16756,SYN-LN-5262,40000.0,10000.0,2026-06-25,2026-06-25,0,10000.0,0
SYN-REP-12763,SYN-U-17681,SYN-LN-5263,40000.0,10000.0,2025-07-31,2025-07-31,0,10000.0,0
SYN-REP-12764,SYN-U-11779,SYN-LN-5264,40000.0,10000.0,2025-11-25,2025-11-25,0,10000.0,0
SYN-REP-12765,SYN-U-18788,SYN-LN-5265,10000.0,2500.0,2026-03-06,2026-03-06,0,2500.0,0
SYN-REP-12766,SYN-U-14689,SYN-LN-5266,5000.0,1250.0,2026-02-22,2026-02-22,0,1250.0,0
SYN-REP-12767,SYN-U-13452,SYN-LN-5267,25000.0,6250.0,2025-07-28,,82,1643.66,1
SYN-REP-12768,SYN-U-14902,SYN-LN-5268,25000.0,6250.0,2026-08-19,2026-08-19,0,6250.0,0
SYN-REP-12769,SYN-U-10538,SYN-LN-5269,25000.0,6250.0,2026-07-04,2026-07-04,0,6250.0,0
SYN-REP-12770,SYN-U-17541,SYN-LN-5270,5000.0,1250.0,2025-12-04,2025-12-04,0,1250.0,0
SYN-REP-12771,SYN-U-13274,SYN-LN-5271,10000.0,2500.0,2025-07-11,2025-07-11,0,2500.0,0
SYN-REP-12772,SYN-U-17816,SYN-LN-5272,5000.0,1250.0,2026-08-07,2026-08-07,0,1250.0,0
SYN-REP-12773,SYN-U-17234,SYN-LN-5273,25000.0,6250.0,2025-12-26,2025-12-26,0,6250.0,0
SYN-REP-12774,SYN-U-13973,SYN-LN-5274,10000.0,2500.0,2026-02-21,,83,67.16,1
SYN-REP-12775,SYN-U-15717,SYN-LN-5275,10000.0,2500.0,2026-04-21,2026-04-22,1,2500.0,0
SYN-REP-12776,SYN-U-17164,SYN-LN-5276,5000.0,1250.0,2025-09-08,2025-09-08,0,1250.0,0
SYN-REP-12777,SYN-U-18006,SYN-LN-5277,25000.0,6250.0,2025-10-14,2025-10-14,0,6250.0,0
SYN-REP-12778,SYN-U-12738,SYN-LN-5278,5000.0,1250.0,2026-08-17,2026-08-17,0,1250.0,0
SYN-REP-12779,SYN-U-10664,SYN-LN-5279,15000.0,3750.0,2026-05-06,2026-05-06,0,3750.0,0
SYN-REP-12780,SYN-U-14326,SYN-LN-5280,10000.0,2500.0,2026-04-01,2026-04-01,0,2500.0,0
SYN-REP-12781,SYN-U-17230,SYN-LN-5281,5000.0,1250.0,2025-06-23,2025-06-23,0,1250.0,0
SYN-REP-12782,SYN-U-11067,SYN-LN-5282,15000.0,3750.0,2026-08-20,2026-08-20,0,3750.0,0
SYN-REP-12783,SYN-U-13784,SYN-LN-5283,15000.0,3750.0,2026-02-13,2026-02-13,0,3750.0,0
SYN-REP-12784,SYN-U-18609,SYN-LN-5284,15000.0,3750.0,2026-01-09,2026-01-10,1,3750.0,0
SYN-REP-12785,SYN-U-17817,SYN-LN-5285,5000.0,1250.0,2026-01-11,2026-01-11,0,1250.0,0
SYN-REP-12786,SYN-U-15089,SYN-LN-5286,15000.0,3750.0,2026-05-01,2026-05-01,0,3750.0,0
SYN-REP-12787,SYN-U-14872,SYN-LN-5287,5000.0,1250.0,2025-11-16,2025-11-18,2,1250.0,0
SYN-REP-12788,SYN-U-13834,SYN-LN-5288,15000.0,3750.0,2026-06-28,,63,1008.46,1
SYN-REP-12789,SYN-U-16830,SYN-LN-5289,10000.0,2500.0,2026-02-18,2026-02-18,0,2500.0,0
SYN-REP-12790,SYN-U-12768,SYN-LN-5290,5000.0,1250.0,2025-12-27,2025-12-27,0,1250.0,0
SYN-REP-12791,SYN-U-18028,SYN-LN-5291,40000.0,10000.0,2026-01-03,2026-01-07,4,10000.0,0
SYN-REP-12792,SYN-U-10887,SYN-LN-5292,5000.0,1250.0,2026-03-28,2026-03-28,0,1250.0,0
SYN-REP-12793,SYN-U-18976,SYN-LN-5293,40000.0,10000.0,2026-08-10,2026-08-10,0,10000.0,0
SYN-REP-12794,SYN-U-10070,SYN-LN-5294,15000.0,3750.0,2026-01-24,2026-01-24,0,3750.0,0
SYN-REP-12795,SYN-U-16158,SYN-LN-5295,40000.0,10000.0,2025-10-16,2025-10-20,4,10000.0,0
SYN-REP-12796,SYN-U-10135,SYN-LN-5296,15000.0,3750.0,2025-08-15,2025-08-15,0,3750.0,0
SYN-REP-12797,SYN-U-10303,SYN-LN-5297,25000.0,6250.0,2025-08-04,2025-08-04,0,6250.0,0
SYN-REP-12798,SYN-U-17989,SYN-LN-5298,5000.0,1250.0,2026-07-08,2026-07-08,0,1250.0,0
SYN-REP-12799,SYN-U-12857,SYN-LN-5299,40000.0,10000.0,2026-05-08,2026-05-08,0,10000.0,0
SYN-REP-12800,SYN-U-16407,SYN-LN-5300,15000.0,3750.0,2026-05-09,2026-05-09,0,3750.0,0
SYN-REP-12801,SYN-U-13499,SYN-LN-5301,25000.0,6250.0,2026-08-16,2026-10-09,54,6250.0,0
SYN-REP-12802,SYN-U-17558,SYN-LN-5302,10000.0,2500.0,2025-11-19,2025-11-19,0,2500.0,0
SYN-REP-12803,SYN-U-17994,SYN-LN-5303,5000.0,1250.0,2026-04-02,2026-04-03,1,1250.0,0
SYN-REP-12804,SYN-U-11778,SYN-LN-5304,10000.0,2500.0,2026-02-20,2026-02-20,0,2500.0,0
SYN-REP-12805,SYN-U-18007,SYN-LN-5305,10000.0,2500.0,2026-04-23,2026-04-23,0,2500.0,0
SYN-REP-12806,SYN-U-16365,SYN-LN-5306,10000.0,2500.0,2025-09-13,,73,720.53,1
SYN-REP-12807,SYN-U-14379,SYN-LN-5307,40000.0,10000.0,2025-06-14,2025-06-14,0,10000.0,0
SYN-REP-12808,SYN-U-19494,SYN-LN-5308,10000.0,2500.0,2026-08-24,2026-08-24,0,2500.0,0
SYN-REP-12809,SYN-U-12872,SYN-LN-5309,10000.0,2500.0,2026-04-07,2026-04-08,1,2500.0,0
SYN-REP-12810,SYN-U-18825,SYN-LN-5310,5000.0,1250.0,2025-10-22,2025-10-22,0,1250.0,0
SYN-REP-12811,SYN-U-12888,SYN-LN-5311,25000.0,6250.0,2026-01-23,2026-01-23,0,6250.0,0
SYN-REP-12812,SYN-U-13127,SYN-LN-5312,25000.0,6250.0,2026-04-30,2026-04-30,0,6250.0,0
SYN-REP-12813,SYN-U-14470,SYN-LN-5313,25000.0,6250.0,2026-06-06,2026-06-06,0,6250.0,0
SYN-REP-12814,SYN-U-10190,SYN-LN-5314,40000.0,10000.0,2026-02-27,2026-02-27,0,10000.0,0
SYN-REP-12815,SYN-U-18593,SYN-LN-5315,25000.0,6250.0,2025-06-21,2025-06-21,0,6250.0,0
SYN-REP-12816,SYN-U-12534,SYN-LN-5316,5000.0,1250.0,2025-12-16,2025-12-16,0,1250.0,0
SYN-REP-12817,SYN-U-19910,SYN-LN-5317,15000.0,3750.0,2025-06-17,2025-06-17,0,3750.0,0
SYN-REP-12818,SYN-U-12127,SYN-LN-5318,5000.0,1250.0,2025-07-23,,70,241.47,1
SYN-REP-12819,SYN-U-11377,SYN-LN-5319,25000.0,6250.0,2026-06-24,2026-06-24,0,6250.0,0
SYN-REP-12820,SYN-U-13434,SYN-LN-5320,10000.0,2500.0,2025-06-14,2025-06-17,3,2500.0,0
SYN-REP-12821,SYN-U-11472,SYN-LN-5321,25000.0,6250.0,2026-06-25,2026-06-26,1,6250.0,0
SYN-REP-12822,SYN-U-12980,SYN-LN-5322,25000.0,6250.0,2026-06-18,2026-06-18,0,6250.0,0
SYN-REP-12823,SYN-U-18256,SYN-LN-5323,25000.0,6250.0,2026-08-20,2026-08-20,0,6250.0,0
SYN-REP-12824,SYN-U-19994,SYN-LN-5324,5000.0,1250.0,2026-05-03,2026-05-05,2,1250.0,0
SYN-REP-12825,SYN-U-17512,SYN-LN-5325,25000.0,6250.0,2025-07-27,2025-07-27,0,6250.0,0
SYN-REP-12826,SYN-U-19927,SYN-LN-5326,5000.0,1250.0,2026-07-05,2026-07-05,0,1250.0,0
SYN-REP-12827,SYN-U-14834,SYN-LN-5327,40000.0,10000.0,2026-07-05,2026-07-07,2,10000.0,0
SYN-REP-12828,SYN-U-15120,SYN-LN-5328,5000.0,1250.0,2025-09-19,2025-09-19,0,1250.0,0
SYN-REP-12829,SYN-U-18393,SYN-LN-5329,5000.0,1250.0,2025-09-18,2025-09-18,0,1250.0,0
SYN-REP-12830,SYN-U-11038,SYN-LN-5330,25000.0,6250.0,2025-11-22,2025-11-22,0,6250.0,0
SYN-REP-12831,SYN-U-15692,SYN-LN-5331,15000.0,3750.0,2025-07-02,2025-07-02,0,3750.0,0
SYN-REP-12832,SYN-U-19863,SYN-LN-5332,5000.0,1250.0,2025-12-11,2025-12-11,0,1250.0,0
SYN-REP-12833,SYN-U-13256,SYN-LN-5333,25000.0,6250.0,2026-08-13,2026-08-14,1,6250.0,0
SYN-REP-12834,SYN-U-12860,SYN-LN-5334,10000.0,2500.0,2026-04-15,2026-04-15,0,2500.0,0
SYN-REP-12835,SYN-U-18840,SYN-LN-5335,5000.0,1250.0,2025-06-20,2025-06-20,0,1250.0,0
SYN-REP-12836,SYN-U-12388,SYN-LN-5336,5000.0,1250.0,2026-01-08,2026-01-08,0,1250.0,0
SYN-REP-12837,SYN-U-16859,SYN-LN-5337,25000.0,6250.0,2025-06-28,2025-06-28,0,6250.0,0
SYN-REP-12838,SYN-U-16834,SYN-LN-5338,40000.0,10000.0,2025-07-31,2025-07-31,0,10000.0,0
SYN-REP-12839,SYN-U-17984,SYN-LN-5339,15000.0,3750.0,2025-11-15,2025-11-15,0,3750.0,0
SYN-REP-12840,SYN-U-10009,SYN-LN-5340,40000.0,10000.0,2025-11-25,2025-11-25,0,10000.0,0
SYN-REP-12841,SYN-U-19331,SYN-LN-5341,10000.0,2500.0,2025-09-23,2025-09-23,0,2500.0,0
SYN-REP-12842,SYN-U-19690,SYN-LN-5342,15000.0,3750.0,2026-03-22,2026-03-22,0,3750.0,0
SYN-REP-12843,SYN-U-16575,SYN-LN-5343,15000.0,3750.0,2026-06-03,2026-06-03,0,3750.0,0
SYN-REP-12844,SYN-U-16675,SYN-LN-5344,15000.0,3750.0,2025-08-20,2025-08-20,0,3750.0,0
SYN-REP-12845,SYN-U-18627,SYN-LN-5345,15000.0,3750.0,2025-12-05,2026-01-03,29,3750.0,0
SYN-REP-12846,SYN-U-19361,SYN-LN-5346,10000.0,2500.0,2026-02-16,2026-02-16,0,2500.0,0
SYN-REP-12847,SYN-U-19795,SYN-LN-5347,5000.0,1250.0,2025-09-28,2025-09-28,0,1250.0,0
SYN-REP-12848,SYN-U-10615,SYN-LN-5348,40000.0,10000.0,2026-06-17,2026-06-17,0,10000.0,0
SYN-REP-12849,SYN-U-15032,SYN-LN-5349,15000.0,3750.0,2026-04-08,2026-04-08,0,3750.0,0
SYN-REP-12850,SYN-U-14828,SYN-LN-5350,5000.0,1250.0,2026-02-25,2026-02-28,3,1250.0,0
SYN-REP-12851,SYN-U-11648,SYN-LN-5351,5000.0,1250.0,2026-02-06,2026-02-06,0,1250.0,0
SYN-REP-12852,SYN-U-11985,SYN-LN-5352,25000.0,6250.0,2026-07-10,2026-07-10,0,6250.0,0
SYN-REP-12853,SYN-U-14528,SYN-LN-5353,25000.0,6250.0,2026-04-22,2026-04-22,0,6250.0,0
SYN-REP-12854,SYN-U-11463,SYN-LN-5354,40000.0,10000.0,2026-04-05,2026-04-05,0,10000.0,0
SYN-REP-12855,SYN-U-10559,SYN-LN-5355,10000.0,2500.0,2025-06-14,2025-06-14,0,2500.0,0
SYN-REP-12856,SYN-U-13849,SYN-LN-5356,5000.0,1250.0,2026-05-19,2026-05-19,0,1250.0,0
SYN-REP-12857,SYN-U-10635,SYN-LN-5357,40000.0,10000.0,2026-05-09,2026-05-11,2,10000.0,0
SYN-REP-12858,SYN-U-10768,SYN-LN-5358,40000.0,10000.0,2025-11-19,2025-11-19,0,10000.0,0
SYN-REP-12859,SYN-U-18495,SYN-LN-5359,40000.0,10000.0,2025-07-12,2025-07-12,0,10000.0,0
SYN-REP-12860,SYN-U-10910,SYN-LN-5360,25000.0,6250.0,2025-10-11,2025-10-11,0,6250.0,0
SYN-REP-12861,SYN-U-15252,SYN-LN-5361,25000.0,6250.0,2025-12-22,2025-12-22,0,6250.0,0
SYN-REP-12862,SYN-U-19269,SYN-LN-5362,15000.0,3750.0,2026-05-08,2026-05-08,0,3750.0,0
SYN-REP-12863,SYN-U-11446,SYN-LN-5363,40000.0,10000.0,2025-07-10,2025-07-12,2,10000.0,0
SYN-REP-12864,SYN-U-12680,SYN-LN-5364,5000.0,1250.0,2026-08-18,2026-08-19,1,1250.0,0
SYN-REP-12865,SYN-U-14879,SYN-LN-5365,15000.0,3750.0,2025-12-17,2025-12-17,0,3750.0,0
SYN-REP-12866,SYN-U-16719,SYN-LN-5366,25000.0,6250.0,2026-04-22,2026-04-22,0,6250.0,0
SYN-REP-12867,SYN-U-19571,SYN-LN-5367,10000.0,2500.0,2026-01-28,2026-01-29,1,2500.0,0
SYN-REP-12868,SYN-U-13188,SYN-LN-5368,5000.0,1250.0,2026-08-19,2026-08-19,0,1250.0,0
SYN-REP-12869,SYN-U-13804,SYN-LN-5369,5000.0,1250.0,2026-03-24,2026-03-24,0,1250.0,0
SYN-REP-12870,SYN-U-15817,SYN-LN-5370,10000.0,2500.0,2025-10-17,2025-10-17,0,2500.0,0
SYN-REP-12871,SYN-U-19293,SYN-LN-5371,15000.0,3750.0,2026-06-16,2026-06-16,0,3750.0,0
SYN-REP-12872,SYN-U-12386,SYN-LN-5372,15000.0,3750.0,2026-07-15,2026-07-15,0,3750.0,0
SYN-REP-12873,SYN-U-11773,SYN-LN-5373,5000.0,1250.0,2026-08-03,2026-08-03,0,1250.0,0
SYN-REP-12874,SYN-U-11748,SYN-LN-5374,10000.0,2500.0,2026-01-29,2026-01-29,0,2500.0,0
SYN-REP-12875,SYN-U-17742,SYN-LN-5375,25000.0,6250.0,2026-05-19,2026-05-19,0,6250.0,0
SYN-REP-12876,SYN-U-15714,SYN-LN-5376,5000.0,1250.0,2025-11-20,2025-11-20,0,1250.0,0
SYN-REP-12877,SYN-U-10463,SYN-LN-5377,5000.0,1250.0,2026-03-03,2026-03-03,0,1250.0,0
SYN-REP-12878,SYN-U-19142,SYN-LN-5378,5000.0,1250.0,2025-11-13,2025-11-13,0,1250.0,0
SYN-REP-12879,SYN-U-17657,SYN-LN-5379,40000.0,10000.0,2025-07-29,2025-07-29,0,10000.0,0
SYN-REP-12880,SYN-U-14278,SYN-LN-5380,10000.0,2500.0,2025-07-24,2025-07-24,0,2500.0,0
SYN-REP-12881,SYN-U-15084,SYN-LN-5381,10000.0,2500.0,2026-03-27,2026-03-27,0,2500.0,0
SYN-REP-12882,SYN-U-15192,SYN-LN-5382,10000.0,2500.0,2026-07-24,2026-07-24,0,2500.0,0
SYN-REP-12883,SYN-U-12808,SYN-LN-5383,15000.0,3750.0,2025-09-04,2025-09-04,0,3750.0,0
SYN-REP-12884,SYN-U-10440,SYN-LN-5384,10000.0,2500.0,2026-01-04,2026-01-08,4,2500.0,0
SYN-REP-12885,SYN-U-11898,SYN-LN-5385,15000.0,3750.0,2025-08-23,2025-08-23,0,3750.0,0
SYN-REP-12886,SYN-U-18261,SYN-LN-5386,25000.0,6250.0,2025-07-30,2025-07-30,0,6250.0,0
SYN-REP-12887,SYN-U-16172,SYN-LN-5387,10000.0,2500.0,2026-06-16,2026-06-16,0,2500.0,0
SYN-REP-12888,SYN-U-10085,SYN-LN-5388,5000.0,1250.0,2025-07-24,2025-07-26,2,1250.0,0
SYN-REP-12889,SYN-U-16334,SYN-LN-5389,15000.0,3750.0,2025-10-29,2025-10-29,0,3750.0,0
SYN-REP-12890,SYN-U-10672,SYN-LN-5390,15000.0,3750.0,2026-07-02,2026-07-02,0,3750.0,0
SYN-REP-12891,SYN-U-15353,SYN-LN-5391,5000.0,1250.0,2026-05-09,2026-05-09,0,1250.0,0
SYN-REP-12892,SYN-U-16218,SYN-LN-5392,40000.0,10000.0,2025-08-24,2025-08-24,0,10000.0,0
SYN-REP-12893,SYN-U-17962,SYN-LN-5393,10000.0,2500.0,2026-03-31,2026-03-31,0,2500.0,0
SYN-REP-12894,SYN-U-19430,SYN-LN-5394,15000.0,3750.0,2025-10-15,2025-10-15,0,3750.0,0
SYN-REP-12895,SYN-U-18911,SYN-LN-5395,40000.0,10000.0,2025-08-01,2025-09-09,39,10000.0,0
SYN-REP-12896,SYN-U-13409,SYN-LN-5396,25000.0,6250.0,2026-08-16,2026-08-16,0,6250.0,0
SYN-REP-12897,SYN-U-17552,SYN-LN-5397,5000.0,1250.0,2025-07-16,2025-07-16,0,1250.0,0
SYN-REP-12898,SYN-U-13433,SYN-LN-5398,40000.0,10000.0,2026-02-19,2026-02-19,0,10000.0,0
SYN-REP-12899,SYN-U-10231,SYN-LN-5399,10000.0,2500.0,2026-04-02,2026-04-02,0,2500.0,0
SYN-REP-12900,SYN-U-13160,SYN-LN-5400,15000.0,3750.0,2025-12-08,2025-12-12,4,3750.0,0
SYN-REP-12901,SYN-U-19940,SYN-LN-5401,25000.0,6250.0,2025-07-28,2025-07-28,0,6250.0,0
SYN-REP-12902,SYN-U-15568,SYN-LN-5402,25000.0,6250.0,2026-07-11,2026-07-11,0,6250.0,0
SYN-REP-12903,SYN-U-16890,SYN-LN-5403,15000.0,3750.0,2026-06-03,2026-06-03,0,3750.0,0
SYN-REP-12904,SYN-U-19227,SYN-LN-5404,5000.0,1250.0,2026-01-10,2026-01-11,1,1250.0,0
SYN-REP-12905,SYN-U-17023,SYN-LN-5405,25000.0,6250.0,2025-07-20,2025-07-20,0,6250.0,0
SYN-REP-12906,SYN-U-13738,SYN-LN-5406,5000.0,1250.0,2026-03-12,2026-03-12,0,1250.0,0
SYN-REP-12907,SYN-U-17280,SYN-LN-5407,5000.0,1250.0,2026-04-09,2026-04-09,0,1250.0,0
SYN-REP-12908,SYN-U-11762,SYN-LN-5408,40000.0,10000.0,2026-01-20,2026-01-20,0,10000.0,0
SYN-REP-12909,SYN-U-19042,SYN-LN-5409,10000.0,2500.0,2026-08-17,2026-08-17,0,2500.0,0
SYN-REP-12910,SYN-U-10495,SYN-LN-5410,25000.0,6250.0,2026-03-09,2026-03-09,0,6250.0,0
SYN-REP-12911,SYN-U-17278,SYN-LN-5411,40000.0,10000.0,2025-10-27,2025-10-27,0,10000.0,0
SYN-REP-12912,SYN-U-12458,SYN-LN-5412,5000.0,1250.0,2026-02-20,2026-02-20,0,1250.0,0
SYN-REP-12913,SYN-U-13124,SYN-LN-5413,5000.0,1250.0,2025-08-07,2025-08-07,0,1250.0,0
SYN-REP-12914,SYN-U-18407,SYN-LN-5414,10000.0,2500.0,2025-06-07,2025-06-07,0,2500.0,0
SYN-REP-12915,SYN-U-16772,SYN-LN-5415,40000.0,10000.0,2026-03-23,2026-03-23,0,10000.0,0
SYN-REP-12916,SYN-U-17925,SYN-LN-5416,40000.0,10000.0,2026-04-02,2026-04-02,0,10000.0,0
SYN-REP-12917,SYN-U-10381,SYN-LN-5417,10000.0,2500.0,2026-06-26,2026-06-30,4,2500.0,0
SYN-REP-12918,SYN-U-17919,SYN-LN-5418,5000.0,1250.0,2026-06-28,2026-06-28,0,1250.0,0
SYN-REP-12919,SYN-U-14795,SYN-LN-5419,15000.0,3750.0,2026-07-25,2026-07-25,0,3750.0,0
SYN-REP-12920,SYN-U-17396,SYN-LN-5420,25000.0,6250.0,2026-05-16,2026-05-16,0,6250.0,0
SYN-REP-12921,SYN-U-19126,SYN-LN-5421,5000.0,1250.0,2026-08-05,2026-08-05,0,1250.0,0
SYN-REP-12922,SYN-U-13556,SYN-LN-5422,5000.0,1250.0,2026-04-02,2026-04-02,0,1250.0,0
SYN-REP-12923,SYN-U-16976,SYN-LN-5423,5000.0,1250.0,2026-07-02,2026-07-05,3,1250.0,0
SYN-REP-12924,SYN-U-15522,SYN-LN-5424,40000.0,10000.0,2025-11-10,2025-11-13,3,10000.0,0
SYN-REP-12925,SYN-U-15789,SYN-LN-5425,10000.0,2500.0,2026-08-17,2026-08-17,0,2500.0,0
SYN-REP-12926,SYN-U-18385,SYN-LN-5426,25000.0,6250.0,2025-12-19,2025-12-19,0,6250.0,0
SYN-REP-12927,SYN-U-17158,SYN-LN-5427,15000.0,3750.0,2025-12-13,2025-12-13,0,3750.0,0
SYN-REP-12928,SYN-U-15487,SYN-LN-5428,5000.0,1250.0,2025-12-21,2025-12-21,0,1250.0,0
SYN-REP-12929,SYN-U-19575,SYN-LN-5429,40000.0,10000.0,2026-01-18,2026-01-18,0,10000.0,0
SYN-REP-12930,SYN-U-16076,SYN-LN-5430,15000.0,3750.0,2026-01-05,2026-01-05,0,3750.0,0
SYN-REP-12931,SYN-U-19422,SYN-LN-5431,10000.0,2500.0,2026-04-27,2026-04-27,0,2500.0,0
SYN-REP-12932,SYN-U-17640,SYN-LN-5432,10000.0,2500.0,2025-08-12,2025-08-12,0,2500.0,0
SYN-REP-12933,SYN-U-13367,SYN-LN-5433,15000.0,3750.0,2026-06-03,2026-06-03,0,3750.0,0
SYN-REP-12934,SYN-U-12548,SYN-LN-5434,15000.0,3750.0,2026-01-17,2026-01-19,2,3750.0,0
SYN-REP-12935,SYN-U-17354,SYN-LN-5435,10000.0,2500.0,2025-11-30,2025-11-30,0,2500.0,0
SYN-REP-12936,SYN-U-13346,SYN-LN-5436,40000.0,10000.0,2026-06-04,2026-06-04,0,10000.0,0
SYN-REP-12937,SYN-U-18713,SYN-LN-5437,40000.0,10000.0,2026-04-02,2026-04-04,2,10000.0,0
SYN-REP-12938,SYN-U-16277,SYN-LN-5438,15000.0,3750.0,2026-04-09,2026-04-09,0,3750.0,0
SYN-REP-12939,SYN-U-18655,SYN-LN-5439,10000.0,2500.0,2026-04-28,2026-04-28,0,2500.0,0
SYN-REP-12940,SYN-U-18549,SYN-LN-5440,25000.0,6250.0,2025-09-17,2025-09-17,0,6250.0,0
SYN-REP-12941,SYN-U-15591,SYN-LN-5441,15000.0,3750.0,2025-10-26,2025-10-26,0,3750.0,0
SYN-REP-12942,SYN-U-13016,SYN-LN-5442,15000.0,3750.0,2025-07-22,2025-07-24,2,3750.0,0
SYN-REP-12943,SYN-U-17536,SYN-LN-5443,25000.0,6250.0,2025-11-03,2025-11-03,0,6250.0,0
SYN-REP-12944,SYN-U-11629,SYN-LN-5444,5000.0,1250.0,2026-07-06,2026-07-06,0,1250.0,0
SYN-REP-12945,SYN-U-13402,SYN-LN-5445,15000.0,3750.0,2026-06-04,2026-06-04,0,3750.0,0
SYN-REP-12946,SYN-U-17636,SYN-LN-5446,15000.0,3750.0,2026-06-18,2026-06-18,0,3750.0,0
SYN-REP-12947,SYN-U-13365,SYN-LN-5447,10000.0,2500.0,2026-02-28,2026-03-03,3,2500.0,0
SYN-REP-12948,SYN-U-13668,SYN-LN-5448,10000.0,2500.0,2025-10-15,2025-10-15,0,2500.0,0
SYN-REP-12949,SYN-U-15917,SYN-LN-5449,40000.0,10000.0,2026-06-21,2026-06-21,0,10000.0,0
SYN-REP-12950,SYN-U-18233,SYN-LN-5450,10000.0,2500.0,2026-03-30,2026-03-30,0,2500.0,0
SYN-REP-12951,SYN-U-13674,SYN-LN-5451,40000.0,10000.0,2026-03-01,2026-03-01,0,10000.0,0
SYN-REP-12952,SYN-U-12793,SYN-LN-5452,5000.0,1250.0,2026-01-13,2026-01-16,3,1250.0,0
SYN-REP-12953,SYN-U-10382,SYN-LN-5453,10000.0,2500.0,2026-01-29,2026-01-29,0,2500.0,0
SYN-REP-12954,SYN-U-12966,SYN-LN-5454,15000.0,3750.0,2025-12-08,2025-12-08,0,3750.0,0
SYN-REP-12955,SYN-U-17811,SYN-LN-5455,5000.0,1250.0,2026-04-16,2026-04-16,0,1250.0,0
SYN-REP-12956,SYN-U-19775,SYN-LN-5456,15000.0,3750.0,2025-07-28,2025-07-28,0,3750.0,0
SYN-REP-12957,SYN-U-19551,SYN-LN-5457,25000.0,6250.0,2026-04-02,2026-04-04,2,6250.0,0
SYN-REP-12958,SYN-U-18486,SYN-LN-5458,5000.0,1250.0,2026-03-16,2026-03-16,0,1250.0,0
SYN-REP-12959,SYN-U-11288,SYN-LN-5459,40000.0,10000.0,2025-12-14,2025-12-14,0,10000.0,0
SYN-REP-12960,SYN-U-16389,SYN-LN-5460,10000.0,2500.0,2025-10-10,2025-10-10,0,2500.0,0
SYN-REP-12961,SYN-U-16754,SYN-LN-5461,15000.0,3750.0,2025-10-05,2025-10-05,0,3750.0,0
SYN-REP-12962,SYN-U-18718,SYN-LN-5462,5000.0,1250.0,2025-07-16,2025-07-16,0,1250.0,0
SYN-REP-12963,SYN-U-15480,SYN-LN-5463,40000.0,10000.0,2025-08-13,2025-08-13,0,10000.0,0
SYN-REP-12964,SYN-U-14656,SYN-LN-5464,5000.0,1250.0,2025-07-10,2025-07-10,0,1250.0,0
SYN-REP-12965,SYN-U-15036,SYN-LN-5465,10000.0,2500.0,2026-02-08,2026-02-08,0,2500.0,0
SYN-REP-12966,SYN-U-14535,SYN-LN-5466,15000.0,3750.0,2025-10-29,2025-10-30,1,3750.0,0
SYN-REP-12967,SYN-U-12307,SYN-LN-5467,40000.0,10000.0,2025-09-17,2025-09-17,0,10000.0,0
SYN-REP-12968,SYN-U-12028,SYN-LN-5468,10000.0,2500.0,2025-06-26,2025-06-26,0,2500.0,0
SYN-REP-12969,SYN-U-19672,SYN-LN-5469,25000.0,6250.0,2026-01-09,2026-01-09,0,6250.0,0
SYN-REP-12970,SYN-U-11912,SYN-LN-5470,5000.0,1250.0,2025-06-26,2025-06-26,0,1250.0,0
SYN-REP-12971,SYN-U-10038,SYN-LN-5471,5000.0,1250.0,2026-04-07,2026-04-07,0,1250.0,0
SYN-REP-12972,SYN-U-17520,SYN-LN-5472,25000.0,6250.0,2026-08-20,2026-08-20,0,6250.0,0
SYN-REP-12973,SYN-U-19164,SYN-LN-5473,25000.0,6250.0,2026-07-13,2026-07-13,0,6250.0,0
SYN-REP-12974,SYN-U-13389,SYN-LN-5474,25000.0,6250.0,2026-03-26,2026-03-28,2,6250.0,0
SYN-REP-12975,SYN-U-14232,SYN-LN-5475,40000.0,10000.0,2025-12-06,2025-12-06,0,10000.0,0
SYN-REP-12976,SYN-U-17877,SYN-LN-5476,5000.0,1250.0,2025-07-26,2025-07-26,0,1250.0,0
SYN-REP-12977,SYN-U-16784,SYN-LN-5477,15000.0,3750.0,2025-06-23,2025-06-23,0,3750.0,0
SYN-REP-12978,SYN-U-19596,SYN-LN-5478,25000.0,6250.0,2026-01-28,2026-02-01,4,6250.0,0
SYN-REP-12979,SYN-U-18313,SYN-LN-5479,15000.0,3750.0,2026-05-28,2026-05-28,0,3750.0,0
SYN-REP-12980,SYN-U-19520,SYN-LN-5480,5000.0,1250.0,2025-09-29,2025-09-29,0,1250.0,0
SYN-REP-12981,SYN-U-16572,SYN-LN-5481,25000.0,6250.0,2025-10-21,2025-10-21,0,6250.0,0
SYN-REP-12982,SYN-U-18538,SYN-LN-5482,40000.0,10000.0,2026-05-15,2026-05-15,0,10000.0,0
SYN-REP-12983,SYN-U-18992,SYN-LN-5483,25000.0,6250.0,2025-06-23,2025-06-23,0,6250.0,0
SYN-REP-12984,SYN-U-10816,SYN-LN-5484,25000.0,6250.0,2025-07-19,2025-07-19,0,6250.0,0
SYN-REP-12985,SYN-U-13394,SYN-LN-5485,25000.0,6250.0,2026-01-12,2026-01-12,0,6250.0,0
SYN-REP-12986,SYN-U-14598,SYN-LN-5486,25000.0,6250.0,2026-02-27,2026-02-27,0,6250.0,0
SYN-REP-12987,SYN-U-10099,SYN-LN-5487,10000.0,2500.0,2025-08-20,2025-08-20,0,2500.0,0
SYN-REP-12988,SYN-U-19188,SYN-LN-5488,25000.0,6250.0,2026-05-31,2026-05-31,0,6250.0,0
SYN-REP-12989,SYN-U-11529,SYN-LN-5489,10000.0,2500.0,2026-06-03,2026-06-03,0,2500.0,0
SYN-REP-12990,SYN-U-12173,SYN-LN-5490,25000.0,6250.0,2025-09-06,2025-09-06,0,6250.0,0
SYN-REP-12991,SYN-U-17328,SYN-LN-5491,40000.0,10000.0,2026-04-19,2026-04-19,0,10000.0,0
SYN-REP-12992,SYN-U-15348,SYN-LN-5492,25000.0,6250.0,2026-01-25,2026-01-25,0,6250.0,0
SYN-REP-12993,SYN-U-14850,SYN-LN-5493,10000.0,2500.0,2025-10-03,2025-10-05,2,2500.0,0
SYN-REP-12994,SYN-U-19462,SYN-LN-5494,25000.0,6250.0,2026-04-17,2026-04-17,0,6250.0,0
SYN-REP-12995,SYN-U-12314,SYN-LN-5495,15000.0,3750.0,2025-11-07,2025-11-07,0,3750.0,0
SYN-REP-12996,SYN-U-16693,SYN-LN-5496,25000.0,6250.0,2025-10-26,2025-10-26,0,6250.0,0
SYN-REP-12997,SYN-U-10715,SYN-LN-5497,5000.0,1250.0,2026-02-15,2026-02-15,0,1250.0,0
SYN-REP-12998,SYN-U-12168,SYN-LN-5498,40000.0,10000.0,2025-11-17,2025-11-17,0,10000.0,0
SYN-REP-12999,SYN-U-12670,SYN-LN-5499,25000.0,6250.0,2026-06-18,2026-06-18,0,6250.0,0
SYN-REP-13000,SYN-U-18738,SYN-LN-5500,25000.0,6250.0,2026-01-03,2026-01-03,0,6250.0,0
SYN-REP-13001,SYN-U-15457,SYN-LN-5501,40000.0,10000.0,2026-05-01,2026-05-05,4,10000.0,0
SYN-REP-13002,SYN-U-12406,SYN-LN-5502,5000.0,1250.0,2026-01-25,2026-01-25,0,1250.0,0
SYN-REP-13003,SYN-U-16876,SYN-LN-5503,40000.0,10000.0,2026-08-07,2026-08-07,0,10000.0,0
SYN-REP-13004,SYN-U-17480,SYN-LN-5504,5000.0,1250.0,2026-04-13,2026-04-13,0,1250.0,0
SYN-REP-13005,SYN-U-19416,SYN-LN-5505,25000.0,6250.0,2026-02-24,2026-02-24,0,6250.0,0
SYN-REP-13006,SYN-U-15220,SYN-LN-5506,5000.0,1250.0,2026-04-04,2026-04-04,0,1250.0,0
SYN-REP-13007,SYN-U-11305,SYN-LN-5507,10000.0,2500.0,2026-05-06,2026-05-06,0,2500.0,0
SYN-REP-13008,SYN-U-19947,SYN-LN-5508,40000.0,10000.0,2026-05-10,2026-05-13,3,10000.0,0
SYN-REP-13009,SYN-U-15870,SYN-LN-5509,10000.0,2500.0,2026-07-27,2026-07-27,0,2500.0,0
SYN-REP-13010,SYN-U-19552,SYN-LN-5510,5000.0,1250.0,2025-09-10,2025-09-13,3,1250.0,0
SYN-REP-13011,SYN-U-17414,SYN-LN-5511,15000.0,3750.0,2026-04-22,2026-04-22,0,3750.0,0
SYN-REP-13012,SYN-U-15239,SYN-LN-5512,40000.0,10000.0,2026-04-22,2026-04-22,0,10000.0,0
SYN-REP-13013,SYN-U-15101,SYN-LN-5513,10000.0,2500.0,2025-11-17,2025-11-17,0,2500.0,0
SYN-REP-13014,SYN-U-18905,SYN-LN-5514,5000.0,1250.0,2025-06-28,2025-07-01,3,1250.0,0
SYN-REP-13015,SYN-U-12284,SYN-LN-5515,15000.0,3750.0,2026-04-25,2026-04-25,0,3750.0,0
SYN-REP-13016,SYN-U-14913,SYN-LN-5516,5000.0,1250.0,2026-02-25,2026-02-25,0,1250.0,0
SYN-REP-13017,SYN-U-10605,SYN-LN-5517,10000.0,2500.0,2026-07-03,2026-07-03,0,2500.0,0
SYN-REP-13018,SYN-U-13425,SYN-LN-5518,15000.0,3750.0,2026-07-06,2026-07-06,0,3750.0,0
SYN-REP-13019,SYN-U-17952,SYN-LN-5519,15000.0,3750.0,2025-08-07,2025-08-07,0,3750.0,0
SYN-REP-13020,SYN-U-15387,SYN-LN-5520,5000.0,1250.0,2026-06-03,2026-06-03,0,1250.0,0
SYN-REP-13021,SYN-U-19290,SYN-LN-5521,5000.0,1250.0,2025-09-03,2025-09-03,0,1250.0,0
SYN-REP-13022,SYN-U-12100,SYN-LN-5522,25000.0,6250.0,2026-07-11,2026-07-12,1,6250.0,0
SYN-REP-13023,SYN-U-10535,SYN-LN-5523,10000.0,2500.0,2025-11-25,2025-11-25,0,2500.0,0
SYN-REP-13024,SYN-U-19062,SYN-LN-5524,10000.0,2500.0,2026-07-07,2026-07-07,0,2500.0,0
SYN-REP-13025,SYN-U-19071,SYN-LN-5525,25000.0,6250.0,2026-04-11,2026-04-11,0,6250.0,0
SYN-REP-13026,SYN-U-17689,SYN-LN-5526,10000.0,2500.0,2026-07-05,2026-07-05,0,2500.0,0
SYN-REP-13027,SYN-U-14536,SYN-LN-5527,15000.0,3750.0,2026-07-28,2026-07-28,0,3750.0,0
SYN-REP-13028,SYN-U-15990,SYN-LN-5528,5000.0,1250.0,2026-05-06,2026-05-06,0,1250.0,0
SYN-REP-13029,SYN-U-13157,SYN-LN-5529,5000.0,1250.0,2025-08-24,2025-08-24,0,1250.0,0
SYN-REP-13030,SYN-U-11375,SYN-LN-5530,40000.0,10000.0,2025-10-05,2025-10-05,0,10000.0,0
SYN-REP-13031,SYN-U-19173,SYN-LN-5531,5000.0,1250.0,2025-09-29,2025-09-29,0,1250.0,0
SYN-REP-13032,SYN-U-10099,SYN-LN-5532,25000.0,6250.0,2026-05-19,2026-05-19,0,6250.0,0
SYN-REP-13033,SYN-U-18220,SYN-LN-5533,10000.0,2500.0,2026-05-11,2026-05-11,0,2500.0,0
SYN-REP-13034,SYN-U-15093,SYN-LN-5534,10000.0,2500.0,2025-12-22,2025-12-22,0,2500.0,0
SYN-REP-13035,SYN-U-10730,SYN-LN-5535,25000.0,6250.0,2026-08-06,2026-08-09,3,6250.0,0
SYN-REP-13036,SYN-U-16432,SYN-LN-5536,10000.0,2500.0,2025-08-31,2025-09-02,2,2500.0,0
SYN-REP-13037,SYN-U-11139,SYN-LN-5537,25000.0,6250.0,2026-04-10,2026-04-10,0,6250.0,0
SYN-REP-13038,SYN-U-14451,SYN-LN-5538,25000.0,6250.0,2026-01-08,2026-01-08,0,6250.0,0
SYN-REP-13039,SYN-U-10358,SYN-LN-5539,40000.0,10000.0,2026-02-27,2026-02-27,0,10000.0,0
SYN-REP-13040,SYN-U-16823,SYN-LN-5540,15000.0,3750.0,2026-06-29,2026-06-29,0,3750.0,0
SYN-REP-13041,SYN-U-11379,SYN-LN-5541,10000.0,2500.0,2026-04-15,2026-04-15,0,2500.0,0
SYN-REP-13042,SYN-U-11880,SYN-LN-5542,5000.0,1250.0,2025-09-25,2025-09-25,0,1250.0,0
SYN-REP-13043,SYN-U-19252,SYN-LN-5543,40000.0,10000.0,2025-12-04,2025-12-04,0,10000.0,0
SYN-REP-13044,SYN-U-10921,SYN-LN-5544,40000.0,10000.0,2025-09-03,2025-09-03,0,10000.0,0
SYN-REP-13045,SYN-U-12329,SYN-LN-5545,25000.0,6250.0,2025-10-24,2025-10-24,0,6250.0,0
SYN-REP-13046,SYN-U-14902,SYN-LN-5546,10000.0,2500.0,2025-09-25,2025-09-27,2,2500.0,0
SYN-REP-13047,SYN-U-18817,SYN-LN-5547,10000.0,2500.0,2026-03-17,2026-03-17,0,2500.0,0
SYN-REP-13048,SYN-U-15076,SYN-LN-5548,5000.0,1250.0,2026-05-07,2026-05-07,0,1250.0,0
SYN-REP-13049,SYN-U-16484,SYN-LN-5549,25000.0,6250.0,2026-08-04,2026-08-04,0,6250.0,0
SYN-REP-13050,SYN-U-18393,SYN-LN-5550,15000.0,3750.0,2026-05-30,2026-05-30,0,3750.0,0
SYN-REP-13051,SYN-U-13014,SYN-LN-5551,25000.0,6250.0,2025-09-10,2025-09-10,0,6250.0,0
SYN-REP-13052,SYN-U-18920,SYN-LN-5552,25000.0,6250.0,2026-04-25,2026-04-25,0,6250.0,0
SYN-REP-13053,SYN-U-15510,SYN-LN-5553,25000.0,6250.0,2026-06-03,2026-06-03,0,6250.0,0
SYN-REP-13054,SYN-U-16323,SYN-LN-5554,15000.0,3750.0,2026-08-11,2026-08-11,0,3750.0,0
SYN-REP-13055,SYN-U-10882,SYN-LN-5555,5000.0,1250.0,2026-03-22,2026-03-22,0,1250.0,0
SYN-REP-13056,SYN-U-11055,SYN-LN-5556,5000.0,1250.0,2026-01-10,2026-01-12,2,1250.0,0
SYN-REP-13057,SYN-U-10047,SYN-LN-5557,10000.0,2500.0,2026-08-10,2026-08-10,0,2500.0,0
SYN-REP-13058,SYN-U-12386,SYN-LN-5558,5000.0,1250.0,2026-04-01,2026-04-01,0,1250.0,0
SYN-REP-13059,SYN-U-16419,SYN-LN-5559,10000.0,2500.0,2026-05-12,2026-05-12,0,2500.0,0
SYN-REP-13060,SYN-U-13236,SYN-LN-5560,25000.0,6250.0,2025-09-03,2025-09-05,2,6250.0,0
SYN-REP-13061,SYN-U-15778,SYN-LN-5561,5000.0,1250.0,2026-03-08,2026-03-08,0,1250.0,0
SYN-REP-13062,SYN-U-10926,SYN-LN-5562,10000.0,2500.0,2025-07-20,2025-07-20,0,2500.0,0
SYN-REP-13063,SYN-U-13137,SYN-LN-5563,10000.0,2500.0,2025-09-08,2025-09-08,0,2500.0,0
SYN-REP-13064,SYN-U-18565,SYN-LN-5564,40000.0,10000.0,2026-02-15,2026-02-15,0,10000.0,0
SYN-REP-13065,SYN-U-10052,SYN-LN-5565,5000.0,1250.0,2025-11-25,2025-11-25,0,1250.0,0
SYN-REP-13066,SYN-U-18499,SYN-LN-5566,10000.0,2500.0,2025-09-25,2025-11-05,41,2500.0,0
SYN-REP-13067,SYN-U-15781,SYN-LN-5567,15000.0,3750.0,2026-08-03,2026-08-03,0,3750.0,0
SYN-REP-13068,SYN-U-11109,SYN-LN-5568,40000.0,10000.0,2026-04-16,2026-04-16,0,10000.0,0
SYN-REP-13069,SYN-U-10092,SYN-LN-5569,25000.0,6250.0,2025-06-18,2025-06-18,0,6250.0,0
SYN-REP-13070,SYN-U-18696,SYN-LN-5570,10000.0,2500.0,2025-07-15,2025-07-15,0,2500.0,0
SYN-REP-13071,SYN-U-11857,SYN-LN-5571,25000.0,6250.0,2025-08-13,2025-08-13,0,6250.0,0
SYN-REP-13072,SYN-U-15059,SYN-LN-5572,25000.0,6250.0,2026-05-31,2026-05-31,0,6250.0,0
SYN-REP-13073,SYN-U-11918,SYN-LN-5573,25000.0,6250.0,2025-10-28,2025-10-28,0,6250.0,0
SYN-REP-13074,SYN-U-15718,SYN-LN-5574,10000.0,2500.0,2025-10-15,2025-10-15,0,2500.0,0
SYN-REP-13075,SYN-U-11413,SYN-LN-5575,25000.0,6250.0,2025-12-04,2025-12-04,0,6250.0,0
SYN-REP-13076,SYN-U-19048,SYN-LN-5576,25000.0,6250.0,2026-02-04,2026-02-04,0,6250.0,0
SYN-REP-13077,SYN-U-11084,SYN-LN-5577,25000.0,6250.0,2025-12-25,2025-12-25,0,6250.0,0
SYN-REP-13078,SYN-U-12695,SYN-LN-5578,10000.0,2500.0,2026-03-01,2026-03-01,0,2500.0,0
SYN-REP-13079,SYN-U-16480,SYN-LN-5579,25000.0,6250.0,2026-02-21,2026-02-21,0,6250.0,0
SYN-REP-13080,SYN-U-18777,SYN-LN-5580,10000.0,2500.0,2026-07-15,2026-07-15,0,2500.0,0
SYN-REP-13081,SYN-U-11715,SYN-LN-5581,15000.0,3750.0,2025-06-09,2025-06-09,0,3750.0,0
SYN-REP-13082,SYN-U-19543,SYN-LN-5582,15000.0,3750.0,2025-10-07,2025-10-07,0,3750.0,0
SYN-REP-13083,SYN-U-17304,SYN-LN-5583,10000.0,2500.0,2026-03-09,2026-03-09,0,2500.0,0
SYN-REP-13084,SYN-U-17357,SYN-LN-5584,5000.0,1250.0,2026-07-19,2026-07-19,0,1250.0,0
SYN-REP-13085,SYN-U-13676,SYN-LN-5585,40000.0,10000.0,2026-02-21,2026-02-21,0,10000.0,0
SYN-REP-13086,SYN-U-12674,SYN-LN-5586,40000.0,10000.0,2025-06-26,2025-06-26,0,10000.0,0
SYN-REP-13087,SYN-U-15777,SYN-LN-5587,25000.0,6250.0,2025-11-17,2025-11-17,0,6250.0,0
SYN-REP-13088,SYN-U-14632,SYN-LN-5588,15000.0,3750.0,2026-04-14,2026-04-14,0,3750.0,0
SYN-REP-13089,SYN-U-17654,SYN-LN-5589,40000.0,10000.0,2025-11-18,2025-11-18,0,10000.0,0
SYN-REP-13090,SYN-U-14784,SYN-LN-5590,10000.0,2500.0,2026-05-11,2026-05-11,0,2500.0,0
SYN-REP-13091,SYN-U-10520,SYN-LN-5591,40000.0,10000.0,2025-10-30,2025-10-30,0,10000.0,0
SYN-REP-13092,SYN-U-16397,SYN-LN-5592,5000.0,1250.0,2026-02-09,2026-02-09,0,1250.0,0
SYN-REP-13093,SYN-U-11534,SYN-LN-5593,40000.0,10000.0,2026-08-16,2026-08-16,0,10000.0,0
SYN-REP-13094,SYN-U-19657,SYN-LN-5594,5000.0,1250.0,2025-10-16,2025-10-16,0,1250.0,0
SYN-REP-13095,SYN-U-10476,SYN-LN-5595,15000.0,3750.0,2025-12-25,2025-12-25,0,3750.0,0
SYN-REP-13096,SYN-U-17923,SYN-LN-5596,15000.0,3750.0,2026-06-14,2026-06-14,0,3750.0,0
SYN-REP-13097,SYN-U-11099,SYN-LN-5597,5000.0,1250.0,2026-01-26,2026-01-28,2,1250.0,0
SYN-REP-13098,SYN-U-11736,SYN-LN-5598,5000.0,1250.0,2025-11-05,2025-11-05,0,1250.0,0
SYN-REP-13099,SYN-U-12427,SYN-LN-5599,15000.0,3750.0,2025-06-03,2025-06-03,0,3750.0,0
SYN-REP-13100,SYN-U-17819,SYN-LN-5600,10000.0,2500.0,2025-11-23,2025-11-23,0,2500.0,0
SYN-REP-13101,SYN-U-18583,SYN-LN-5601,15000.0,3750.0,2025-10-13,2025-10-13,0,3750.0,0
SYN-REP-13102,SYN-U-11838,SYN-LN-5602,15000.0,3750.0,2026-05-23,2026-05-23,0,3750.0,0
SYN-REP-13103,SYN-U-18719,SYN-LN-5603,10000.0,2500.0,2025-12-24,2025-12-24,0,2500.0,0
SYN-REP-13104,SYN-U-13785,SYN-LN-5604,40000.0,10000.0,2025-09-10,2025-09-14,4,10000.0,0
SYN-REP-13105,SYN-U-15616,SYN-LN-5605,40000.0,10000.0,2025-08-07,2025-08-07,0,10000.0,0
SYN-REP-13106,SYN-U-16284,SYN-LN-5606,10000.0,2500.0,2026-03-20,2026-03-20,0,2500.0,0
SYN-REP-13107,SYN-U-19071,SYN-LN-5607,10000.0,2500.0,2025-09-18,2025-09-18,0,2500.0,0
SYN-REP-13108,SYN-U-17539,SYN-LN-5608,25000.0,6250.0,2025-12-24,2025-12-24,0,6250.0,0
SYN-REP-13109,SYN-U-19929,SYN-LN-5609,15000.0,3750.0,2025-08-12,2025-08-12,0,3750.0,0
SYN-REP-13110,SYN-U-14730,SYN-LN-5610,15000.0,3750.0,2026-06-26,2026-06-26,0,3750.0,0
SYN-REP-13111,SYN-U-18244,SYN-LN-5611,5000.0,1250.0,2026-04-29,2026-04-29,0,1250.0,0
SYN-REP-13112,SYN-U-14355,SYN-LN-5612,15000.0,3750.0,2026-08-03,2026-08-03,0,3750.0,0
SYN-REP-13113,SYN-U-19693,SYN-LN-5613,40000.0,10000.0,2025-10-07,2025-10-07,0,10000.0,0
SYN-REP-13114,SYN-U-11787,SYN-LN-5614,25000.0,6250.0,2026-04-19,2026-04-19,0,6250.0,0
SYN-REP-13115,SYN-U-16960,SYN-LN-5615,25000.0,6250.0,2025-11-17,2025-12-25,38,6250.0,0
SYN-REP-13116,SYN-U-16067,SYN-LN-5616,25000.0,6250.0,2026-01-23,2026-01-23,0,6250.0,0
SYN-REP-13117,SYN-U-16394,SYN-LN-5617,10000.0,2500.0,2026-02-13,2026-02-13,0,2500.0,0
SYN-REP-13118,SYN-U-11616,SYN-LN-5618,25000.0,6250.0,2026-05-27,2026-05-27,0,6250.0,0
SYN-REP-13119,SYN-U-12580,SYN-LN-5619,40000.0,10000.0,2026-02-15,2026-02-15,0,10000.0,0
SYN-REP-13120,SYN-U-14361,SYN-LN-5620,25000.0,6250.0,2025-10-26,2025-10-26,0,6250.0,0
SYN-REP-13121,SYN-U-10264,SYN-LN-5621,15000.0,3750.0,2026-06-08,2026-06-08,0,3750.0,0
SYN-REP-13122,SYN-U-15001,SYN-LN-5622,5000.0,1250.0,2026-07-27,2026-07-27,0,1250.0,0
SYN-REP-13123,SYN-U-18490,SYN-LN-5623,25000.0,6250.0,2026-07-17,2026-07-17,0,6250.0,0
SYN-REP-13124,SYN-U-19404,SYN-LN-5624,25000.0,6250.0,2026-01-05,2026-01-05,0,6250.0,0
SYN-REP-13125,SYN-U-19532,SYN-LN-5625,10000.0,2500.0,2025-08-11,2025-08-11,0,2500.0,0
SYN-REP-13126,SYN-U-14894,SYN-LN-5626,40000.0,10000.0,2025-12-25,2025-12-25,0,10000.0,0
SYN-REP-13127,SYN-U-10711,SYN-LN-5627,25000.0,6250.0,2026-06-14,2026-06-14,0,6250.0,0
SYN-REP-13128,SYN-U-17699,SYN-LN-5628,15000.0,3750.0,2026-01-12,2026-01-12,0,3750.0,0
SYN-REP-13129,SYN-U-12501,SYN-LN-5629,40000.0,10000.0,2026-07-01,2026-07-01,0,10000.0,0
SYN-REP-13130,SYN-U-18746,SYN-LN-5630,40000.0,10000.0,2025-11-15,2025-11-15,0,10000.0,0
SYN-REP-13131,SYN-U-19776,SYN-LN-5631,15000.0,3750.0,2026-06-15,2026-06-15,0,3750.0,0
SYN-REP-13132,SYN-U-19220,SYN-LN-5632,40000.0,10000.0,2025-12-05,2025-12-05,0,10000.0,0
SYN-REP-13133,SYN-U-19665,SYN-LN-5633,10000.0,2500.0,2025-09-12,2025-09-16,4,2500.0,0
SYN-REP-13134,SYN-U-10611,SYN-LN-5634,10000.0,2500.0,2025-08-31,2025-08-31,0,2500.0,0
SYN-REP-13135,SYN-U-15343,SYN-LN-5635,40000.0,10000.0,2025-06-13,2025-06-14,1,10000.0,0
SYN-REP-13136,SYN-U-18704,SYN-LN-5636,10000.0,2500.0,2025-06-24,2025-06-24,0,2500.0,0
SYN-REP-13137,SYN-U-17659,SYN-LN-5637,25000.0,6250.0,2026-08-08,2026-08-08,0,6250.0,0
SYN-REP-13138,SYN-U-16820,SYN-LN-5638,10000.0,2500.0,2026-06-28,2026-06-28,0,2500.0,0
SYN-REP-13139,SYN-U-12094,SYN-LN-5639,15000.0,3750.0,2025-12-04,2025-12-04,0,3750.0,0
SYN-REP-13140,SYN-U-15093,SYN-LN-5640,10000.0,2500.0,2026-05-14,2026-05-14,0,2500.0,0
SYN-REP-13141,SYN-U-11357,SYN-LN-5641,5000.0,1250.0,2025-12-25,2025-12-25,0,1250.0,0
SYN-REP-13142,SYN-U-10257,SYN-LN-5642,15000.0,3750.0,2025-06-27,2025-06-27,0,3750.0,0
SYN-REP-13143,SYN-U-18104,SYN-LN-5643,5000.0,1250.0,2026-08-09,2026-08-09,0,1250.0,0
SYN-REP-13144,SYN-U-18961,SYN-LN-5644,15000.0,3750.0,2025-10-25,2025-10-25,0,3750.0,0
SYN-REP-13145,SYN-U-13135,SYN-LN-5645,15000.0,3750.0,2025-08-25,2025-08-29,4,3750.0,0
SYN-REP-13146,SYN-U-13287,SYN-LN-5646,10000.0,2500.0,2026-04-10,2026-04-10,0,2500.0,0
SYN-REP-13147,SYN-U-18805,SYN-LN-5647,40000.0,10000.0,2026-07-22,2026-07-22,0,10000.0,0
SYN-REP-13148,SYN-U-16984,SYN-LN-5648,5000.0,1250.0,2025-09-01,2025-09-01,0,1250.0,0
SYN-REP-13149,SYN-U-18807,SYN-LN-5649,40000.0,10000.0,2025-06-02,2025-06-02,0,10000.0,0
SYN-REP-13150,SYN-U-18925,SYN-LN-5650,15000.0,3750.0,2025-12-11,2025-12-11,0,3750.0,0
SYN-REP-13151,SYN-U-18504,SYN-LN-5651,15000.0,3750.0,2025-10-13,2025-10-13,0,3750.0,0
SYN-REP-13152,SYN-U-18135,SYN-LN-5652,5000.0,1250.0,2025-10-06,2025-10-06,0,1250.0,0
SYN-REP-13153,SYN-U-16099,SYN-LN-5653,25000.0,6250.0,2026-05-03,2026-05-03,0,6250.0,0
SYN-REP-13154,SYN-U-13131,SYN-LN-5654,40000.0,10000.0,2026-05-01,2026-05-02,1,10000.0,0
SYN-REP-13155,SYN-U-13955,SYN-LN-5655,10000.0,2500.0,2026-02-22,2026-03-27,33,2500.0,0
SYN-REP-13156,SYN-U-10108,SYN-LN-5656,25000.0,6250.0,2026-08-04,2026-08-07,3,6250.0,0
SYN-REP-13157,SYN-U-10509,SYN-LN-5657,25000.0,6250.0,2025-06-10,2025-06-10,0,6250.0,0
SYN-REP-13158,SYN-U-12460,SYN-LN-5658,10000.0,2500.0,2026-07-17,2026-07-17,0,2500.0,0
SYN-REP-13159,SYN-U-10212,SYN-LN-5659,5000.0,1250.0,2025-07-19,2025-07-19,0,1250.0,0
SYN-REP-13160,SYN-U-14958,SYN-LN-5660,10000.0,2500.0,2025-12-02,2025-12-02,0,2500.0,0
SYN-REP-13161,SYN-U-16348,SYN-LN-5661,25000.0,6250.0,2026-01-07,2026-01-07,0,6250.0,0
SYN-REP-13162,SYN-U-13778,SYN-LN-5662,15000.0,3750.0,2025-10-02,2025-10-02,0,3750.0,0
SYN-REP-13163,SYN-U-15335,SYN-LN-5663,40000.0,10000.0,2026-04-08,2026-04-08,0,10000.0,0
SYN-REP-13164,SYN-U-13194,SYN-LN-5664,5000.0,1250.0,2025-10-14,2025-10-14,0,1250.0,0
SYN-REP-13165,SYN-U-15832,SYN-LN-5665,15000.0,3750.0,2026-08-24,2026-08-24,0,3750.0,0
SYN-REP-13166,SYN-U-10349,SYN-LN-5666,40000.0,10000.0,2025-06-03,2025-06-03,0,10000.0,0
SYN-REP-13167,SYN-U-18872,SYN-LN-5667,25000.0,6250.0,2025-10-15,2025-10-15,0,6250.0,0
SYN-REP-13168,SYN-U-14200,SYN-LN-5668,10000.0,2500.0,2026-01-01,2026-01-01,0,2500.0,0
SYN-REP-13169,SYN-U-16242,SYN-LN-5669,10000.0,2500.0,2025-11-08,2025-11-08,0,2500.0,0
SYN-REP-13170,SYN-U-18568,SYN-LN-5670,15000.0,3750.0,2025-09-26,2025-09-26,0,3750.0,0
SYN-REP-13171,SYN-U-16049,SYN-LN-5671,10000.0,2500.0,2025-09-21,2025-09-21,0,2500.0,0
SYN-REP-13172,SYN-U-15673,SYN-LN-5672,25000.0,6250.0,2026-05-19,2026-05-19,0,6250.0,0
SYN-REP-13173,SYN-U-16599,SYN-LN-5673,15000.0,3750.0,2025-08-19,2025-08-19,0,3750.0,0
SYN-REP-13174,SYN-U-11103,SYN-LN-5674,5000.0,1250.0,2025-09-10,2025-09-10,0,1250.0,0
SYN-REP-13175,SYN-U-15883,SYN-LN-5675,40000.0,10000.0,2025-07-27,2025-07-27,0,10000.0,0
SYN-REP-13176,SYN-U-11193,SYN-LN-5676,15000.0,3750.0,2025-09-24,2025-09-24,0,3750.0,0
SYN-REP-13177,SYN-U-13018,SYN-LN-5677,5000.0,1250.0,2025-12-19,2025-12-19,0,1250.0,0
SYN-REP-13178,SYN-U-11991,SYN-LN-5678,40000.0,10000.0,2025-12-01,2025-12-01,0,10000.0,0
SYN-REP-13179,SYN-U-17998,SYN-LN-5679,15000.0,3750.0,2026-07-27,2026-07-27,0,3750.0,0
SYN-REP-13180,SYN-U-16060,SYN-LN-5680,15000.0,3750.0,2026-03-15,2026-03-15,0,3750.0,0
SYN-REP-13181,SYN-U-18957,SYN-LN-5681,10000.0,2500.0,2026-07-30,2026-07-30,0,2500.0,0
SYN-REP-13182,SYN-U-12284,SYN-LN-5682,5000.0,1250.0,2026-03-28,2026-03-28,0,1250.0,0
SYN-REP-13183,SYN-U-10668,SYN-LN-5683,40000.0,10000.0,2026-07-02,2026-07-02,0,10000.0,0
SYN-REP-13184,SYN-U-17910,SYN-LN-5684,25000.0,6250.0,2025-06-23,2025-06-25,2,6250.0,0
SYN-REP-13185,SYN-U-15755,SYN-LN-5685,15000.0,3750.0,2026-02-28,2026-02-28,0,3750.0,0
SYN-REP-13186,SYN-U-19551,SYN-LN-5686,5000.0,1250.0,2025-06-29,2025-06-29,0,1250.0,0
SYN-REP-13187,SYN-U-13479,SYN-LN-5687,10000.0,2500.0,2026-05-11,2026-05-11,0,2500.0,0
SYN-REP-13188,SYN-U-15307,SYN-LN-5688,15000.0,3750.0,2026-02-04,2026-02-04,0,3750.0,0
SYN-REP-13189,SYN-U-18052,SYN-LN-5689,15000.0,3750.0,2025-08-15,2025-08-16,1,3750.0,0
SYN-REP-13190,SYN-U-17021,SYN-LN-5690,5000.0,1250.0,2026-01-27,2026-01-27,0,1250.0,0
SYN-REP-13191,SYN-U-10688,SYN-LN-5691,25000.0,6250.0,2025-06-13,2025-06-13,0,6250.0,0
SYN-REP-13192,SYN-U-18120,SYN-LN-5692,5000.0,1250.0,2026-04-28,2026-04-28,0,1250.0,0
SYN-REP-13193,SYN-U-17964,SYN-LN-5693,15000.0,3750.0,2025-10-22,2025-10-25,3,3750.0,0
SYN-REP-13194,SYN-U-15941,SYN-LN-5694,15000.0,3750.0,2026-06-22,2026-06-22,0,3750.0,0
SYN-REP-13195,SYN-U-19073,SYN-LN-5695,15000.0,3750.0,2026-01-20,2026-01-20,0,3750.0,0
SYN-REP-13196,SYN-U-19684,SYN-LN-5696,25000.0,6250.0,2026-06-22,2026-06-25,3,6250.0,0
SYN-REP-13197,SYN-U-19986,SYN-LN-5697,5000.0,1250.0,2026-02-08,2026-02-08,0,1250.0,0
SYN-REP-13198,SYN-U-15300,SYN-LN-5698,40000.0,10000.0,2025-12-21,2025-12-21,0,10000.0,0
SYN-REP-13199,SYN-U-14309,SYN-LN-5699,40000.0,10000.0,2025-06-17,2025-06-17,0,10000.0,0
SYN-REP-13200,SYN-U-15282,SYN-LN-5700,25000.0,6250.0,2025-12-18,2025-12-18,0,6250.0,0
SYN-REP-13201,SYN-U-11827,SYN-LN-5701,15000.0,3750.0,2025-10-12,2025-10-12,0,3750.0,0
SYN-REP-13202,SYN-U-15532,SYN-LN-5702,40000.0,10000.0,2025-11-12,2025-11-12,0,10000.0,0
SYN-REP-13203,SYN-U-17652,SYN-LN-5703,10000.0,2500.0,2025-09-08,2025-09-08,0,2500.0,0
SYN-REP-13204,SYN-U-19859,SYN-LN-5704,15000.0,3750.0,2026-06-26,2026-06-26,0,3750.0,0
SYN-REP-13205,SYN-U-14470,SYN-LN-5705,5000.0,1250.0,2026-02-16,2026-02-16,0,1250.0,0
SYN-REP-13206,SYN-U-17768,SYN-LN-5706,40000.0,10000.0,2026-03-14,2026-03-14,0,10000.0,0
SYN-REP-13207,SYN-U-17338,SYN-LN-5707,15000.0,3750.0,2026-06-16,2026-06-20,4,3750.0,0
SYN-REP-13208,SYN-U-11891,SYN-LN-5708,25000.0,6250.0,2025-06-07,2025-06-11,4,6250.0,0
SYN-REP-13209,SYN-U-13442,SYN-LN-5709,5000.0,1250.0,2025-09-28,2025-09-28,0,1250.0,0
SYN-REP-13210,SYN-U-15997,SYN-LN-5710,15000.0,3750.0,2026-05-11,2026-05-11,0,3750.0,0
SYN-REP-13211,SYN-U-10737,SYN-LN-5711,40000.0,10000.0,2026-07-26,2026-07-26,0,10000.0,0
SYN-REP-13212,SYN-U-19484,SYN-LN-5712,10000.0,2500.0,2026-01-22,2026-01-22,0,2500.0,0
SYN-REP-13213,SYN-U-11435,SYN-LN-5713,5000.0,1250.0,2026-02-08,2026-02-08,0,1250.0,0
SYN-REP-13214,SYN-U-13539,SYN-LN-5714,40000.0,10000.0,2025-10-14,,82,1911.31,1
SYN-REP-13215,SYN-U-14352,SYN-LN-5715,15000.0,3750.0,2025-07-04,2025-07-04,0,3750.0,0
SYN-REP-13216,SYN-U-10791,SYN-LN-5716,10000.0,2500.0,2026-04-15,2026-04-15,0,2500.0,0
SYN-REP-13217,SYN-U-15279,SYN-LN-5717,10000.0,2500.0,2026-04-08,2026-06-02,55,2500.0,0
SYN-REP-13218,SYN-U-14523,SYN-LN-5718,15000.0,3750.0,2026-04-02,2026-04-02,0,3750.0,0
SYN-REP-13219,SYN-U-19837,SYN-LN-5719,10000.0,2500.0,2025-12-23,2025-12-23,0,2500.0,0
SYN-REP-13220,SYN-U-10106,SYN-LN-5720,10000.0,2500.0,2026-06-30,2026-06-30,0,2500.0,0
SYN-REP-13221,SYN-U-11503,SYN-LN-5721,10000.0,2500.0,2026-03-06,2026-03-06,0,2500.0,0
SYN-REP-13222,SYN-U-14223,SYN-LN-5722,10000.0,2500.0,2025-10-21,2025-10-21,0,2500.0,0
SYN-REP-13223,SYN-U-13811,SYN-LN-5723,15000.0,3750.0,2026-07-24,2026-07-24,0,3750.0,0
SYN-REP-13224,SYN-U-19061,SYN-LN-5724,40000.0,10000.0,2025-09-24,2025-09-24,0,10000.0,0
SYN-REP-13225,SYN-U-16046,SYN-LN-5725,5000.0,1250.0,2026-01-14,2026-01-14,0,1250.0,0
SYN-REP-13226,SYN-U-15237,SYN-LN-5726,10000.0,2500.0,2025-12-15,2025-12-15,0,2500.0,0
SYN-REP-13227,SYN-U-15374,SYN-LN-5727,25000.0,6250.0,2026-06-07,2026-06-07,0,6250.0,0
SYN-REP-13228,SYN-U-13340,SYN-LN-5728,40000.0,10000.0,2026-01-04,2026-01-04,0,10000.0,0
SYN-REP-13229,SYN-U-18886,SYN-LN-5729,5000.0,1250.0,2026-01-29,2026-01-29,0,1250.0,0
SYN-REP-13230,SYN-U-12429,SYN-LN-5730,10000.0,2500.0,2025-11-12,2025-11-12,0,2500.0,0
SYN-REP-13231,SYN-U-16141,SYN-LN-5731,5000.0,1250.0,2025-07-20,2025-07-20,0,1250.0,0
SYN-REP-13232,SYN-U-10690,SYN-LN-5732,25000.0,6250.0,2025-07-23,2025-07-23,0,6250.0,0
SYN-REP-13233,SYN-U-11667,SYN-LN-5733,5000.0,1250.0,2026-01-16,2026-01-16,0,1250.0,0
SYN-REP-13234,SYN-U-10775,SYN-LN-5734,10000.0,2500.0,2025-08-14,2025-08-14,0,2500.0,0
SYN-REP-13235,SYN-U-11005,SYN-LN-5735,5000.0,1250.0,2025-11-07,2025-11-07,0,1250.0,0
SYN-REP-13236,SYN-U-16003,SYN-LN-5736,15000.0,3750.0,2025-06-01,2025-06-01,0,3750.0,0
SYN-REP-13237,SYN-U-17008,SYN-LN-5737,10000.0,2500.0,2025-10-20,2025-10-24,4,2500.0,0
SYN-REP-13238,SYN-U-10468,SYN-LN-5738,40000.0,10000.0,2026-01-14,2026-01-14,0,10000.0,0
SYN-REP-13239,SYN-U-11435,SYN-LN-5739,5000.0,1250.0,2025-08-16,2025-08-16,0,1250.0,0
SYN-REP-13240,SYN-U-18619,SYN-LN-5740,10000.0,2500.0,2026-07-10,2026-07-10,0,2500.0,0
SYN-REP-13241,SYN-U-19483,SYN-LN-5741,40000.0,10000.0,2025-09-05,2025-09-05,0,10000.0,0
SYN-REP-13242,SYN-U-14050,SYN-LN-5742,40000.0,10000.0,2025-12-30,2026-01-01,2,10000.0,0
SYN-REP-13243,SYN-U-14197,SYN-LN-5743,15000.0,3750.0,2026-05-12,2026-05-12,0,3750.0,0
SYN-REP-13244,SYN-U-13800,SYN-LN-5744,15000.0,3750.0,2025-08-26,2025-08-26,0,3750.0,0
SYN-REP-13245,SYN-U-16346,SYN-LN-5745,25000.0,6250.0,2026-05-06,2026-05-06,0,6250.0,0
SYN-REP-13246,SYN-U-17846,SYN-LN-5746,25000.0,6250.0,2025-12-08,2025-12-12,4,6250.0,0
SYN-REP-13247,SYN-U-18518,SYN-LN-5747,10000.0,2500.0,2026-04-16,2026-04-16,0,2500.0,0
SYN-REP-13248,SYN-U-12156,SYN-LN-5748,15000.0,3750.0,2026-07-20,2026-07-20,0,3750.0,0
SYN-REP-13249,SYN-U-12000,SYN-LN-5749,15000.0,3750.0,2026-04-07,2026-04-07,0,3750.0,0
SYN-REP-13250,SYN-U-12969,SYN-LN-5750,25000.0,6250.0,2025-10-05,2025-10-09,4,6250.0,0
SYN-REP-13251,SYN-U-13221,SYN-LN-5751,40000.0,10000.0,2026-02-09,2026-02-09,0,10000.0,0
SYN-REP-13252,SYN-U-17790,SYN-LN-5752,40000.0,10000.0,2025-11-21,2025-12-13,22,10000.0,0
SYN-REP-13253,SYN-U-16801,SYN-LN-5753,15000.0,3750.0,2025-09-28,2025-09-28,0,3750.0,0
SYN-REP-13254,SYN-U-18027,SYN-LN-5754,40000.0,10000.0,2026-03-24,2026-03-24,0,10000.0,0
SYN-REP-13255,SYN-U-19576,SYN-LN-5755,10000.0,2500.0,2026-01-02,2026-01-02,0,2500.0,0
SYN-REP-13256,SYN-U-17153,SYN-LN-5756,40000.0,10000.0,2026-06-15,2026-06-15,0,10000.0,0
SYN-REP-13257,SYN-U-13150,SYN-LN-5757,25000.0,6250.0,2026-07-18,2026-07-18,0,6250.0,0
SYN-REP-13258,SYN-U-16509,SYN-LN-5758,10000.0,2500.0,2026-07-29,2026-07-29,0,2500.0,0
SYN-REP-13259,SYN-U-10127,SYN-LN-5759,5000.0,1250.0,2026-06-22,2026-06-22,0,1250.0,0
SYN-REP-13260,SYN-U-11688,SYN-LN-5760,10000.0,2500.0,2026-04-10,2026-04-10,0,2500.0,0
SYN-REP-13261,SYN-U-19758,SYN-LN-5761,40000.0,10000.0,2026-05-29,2026-05-29,0,10000.0,0
SYN-REP-13262,SYN-U-10716,SYN-LN-5762,10000.0,2500.0,2026-01-08,2026-01-08,0,2500.0,0
SYN-REP-13263,SYN-U-11801,SYN-LN-5763,10000.0,2500.0,2026-03-18,2026-03-18,0,2500.0,0
SYN-REP-13264,SYN-U-13519,SYN-LN-5764,5000.0,1250.0,2025-11-23,2025-11-27,4,1250.0,0
SYN-REP-13265,SYN-U-12636,SYN-LN-5765,5000.0,1250.0,2025-08-27,2025-08-27,0,1250.0,0
SYN-REP-13266,SYN-U-15523,SYN-LN-5766,5000.0,1250.0,2026-05-20,2026-05-20,0,1250.0,0
SYN-REP-13267,SYN-U-16857,SYN-LN-5767,10000.0,2500.0,2025-08-03,2025-08-03,0,2500.0,0
SYN-REP-13268,SYN-U-17759,SYN-LN-5768,40000.0,10000.0,2025-07-02,2025-07-02,0,10000.0,0
SYN-REP-13269,SYN-U-16375,SYN-LN-5769,25000.0,6250.0,2025-06-30,2025-06-30,0,6250.0,0
SYN-REP-13270,SYN-U-15768,SYN-LN-5770,10000.0,2500.0,2026-03-21,2026-03-21,0,2500.0,0
SYN-REP-13271,SYN-U-19723,SYN-LN-5771,15000.0,3750.0,2025-08-02,2025-08-02,0,3750.0,0
SYN-REP-13272,SYN-U-14126,SYN-LN-5772,40000.0,10000.0,2025-06-07,2025-06-07,0,10000.0,0
SYN-REP-13273,SYN-U-17317,SYN-LN-5773,25000.0,6250.0,2026-05-11,2026-05-11,0,6250.0,0
SYN-REP-13274,SYN-U-17393,SYN-LN-5774,10000.0,2500.0,2025-12-17,2025-12-17,0,2500.0,0
SYN-REP-13275,SYN-U-19669,SYN-LN-5775,25000.0,6250.0,2025-12-19,2025-12-21,2,6250.0,0
SYN-REP-13276,SYN-U-18975,SYN-LN-5776,10000.0,2500.0,2025-07-15,2025-07-15,0,2500.0,0
SYN-REP-13277,SYN-U-18842,SYN-LN-5777,5000.0,1250.0,2025-12-04,2025-12-04,0,1250.0,0
SYN-REP-13278,SYN-U-12600,SYN-LN-5778,15000.0,3750.0,2025-08-03,2025-08-03,0,3750.0,0
SYN-REP-13279,SYN-U-13764,SYN-LN-5779,5000.0,1250.0,2025-12-29,,77,155.61,1
SYN-REP-13280,SYN-U-14297,SYN-LN-5780,5000.0,1250.0,2025-12-30,2025-12-30,0,1250.0,0
SYN-REP-13281,SYN-U-12445,SYN-LN-5781,40000.0,10000.0,2025-07-26,2025-07-26,0,10000.0,0
SYN-REP-13282,SYN-U-18391,SYN-LN-5782,25000.0,6250.0,2026-04-24,2026-04-24,0,6250.0,0
SYN-REP-13283,SYN-U-12228,SYN-LN-5783,15000.0,3750.0,2025-07-08,2025-08-09,32,3750.0,0
SYN-REP-13284,SYN-U-15808,SYN-LN-5784,15000.0,3750.0,2025-09-17,2025-09-17,0,3750.0,0
SYN-REP-13285,SYN-U-15715,SYN-LN-5785,25000.0,6250.0,2025-12-10,2025-12-10,0,6250.0,0
SYN-REP-13286,SYN-U-11809,SYN-LN-5786,5000.0,1250.0,2026-03-21,2026-03-21,0,1250.0,0
SYN-REP-13287,SYN-U-17670,SYN-LN-5787,40000.0,10000.0,2025-08-31,2025-08-31,0,10000.0,0
SYN-REP-13288,SYN-U-11110,SYN-LN-5788,25000.0,6250.0,2026-06-02,2026-06-02,0,6250.0,0
SYN-REP-13289,SYN-U-19669,SYN-LN-5789,5000.0,1250.0,2026-01-25,2026-01-25,0,1250.0,0
SYN-REP-13290,SYN-U-18169,SYN-LN-5790,25000.0,6250.0,2026-01-17,2026-01-17,0,6250.0,0
SYN-REP-13291,SYN-U-16207,SYN-LN-5791,5000.0,1250.0,2026-02-03,2026-02-03,0,1250.0,0
SYN-REP-13292,SYN-U-16348,SYN-LN-5792,15000.0,3750.0,2025-08-02,2025-08-02,0,3750.0,0
SYN-REP-13293,SYN-U-11012,SYN-LN-5793,10000.0,2500.0,2026-06-20,2026-06-20,0,2500.0,0
SYN-REP-13294,SYN-U-11658,SYN-LN-5794,40000.0,10000.0,2025-07-29,2025-08-19,21,10000.0,0
SYN-REP-13295,SYN-U-18725,SYN-LN-5795,10000.0,2500.0,2026-03-06,2026-03-09,3,2500.0,0
SYN-REP-13296,SYN-U-14237,SYN-LN-5796,40000.0,10000.0,2026-03-03,2026-03-03,0,10000.0,0
SYN-REP-13297,SYN-U-13561,SYN-LN-5797,5000.0,1250.0,2025-09-14,2025-09-14,0,1250.0,0
SYN-REP-13298,SYN-U-16237,SYN-LN-5798,10000.0,2500.0,2025-11-05,2025-11-05,0,2500.0,0
SYN-REP-13299,SYN-U-17299,SYN-LN-5799,40000.0,10000.0,2026-08-04,2026-08-04,0,10000.0,0
SYN-REP-13300,SYN-U-13166,SYN-LN-5800,25000.0,6250.0,2026-04-08,2026-04-08,0,6250.0,0
SYN-REP-13301,SYN-U-17024,SYN-LN-5801,25000.0,6250.0,2026-05-05,2026-05-05,0,6250.0,0
SYN-REP-13302,SYN-U-11569,SYN-LN-5802,10000.0,2500.0,2026-02-09,2026-04-03,53,2500.0,0
SYN-REP-13303,SYN-U-17760,SYN-LN-5803,40000.0,10000.0,2025-06-26,2025-06-26,0,10000.0,0
SYN-REP-13304,SYN-U-10111,SYN-LN-5804,40000.0,10000.0,2026-07-30,2026-07-31,1,10000.0,0
SYN-REP-13305,SYN-U-12858,SYN-LN-5805,25000.0,6250.0,2025-09-06,2025-09-06,0,6250.0,0
SYN-REP-13306,SYN-U-11348,SYN-LN-5806,5000.0,1250.0,2026-05-16,2026-05-16,0,1250.0,0
SYN-REP-13307,SYN-U-18010,SYN-LN-5807,25000.0,6250.0,2026-05-18,2026-05-18,0,6250.0,0
SYN-REP-13308,SYN-U-17584,SYN-LN-5808,25000.0,6250.0,2025-10-29,2025-10-29,0,6250.0,0
SYN-REP-13309,SYN-U-12378,SYN-LN-5809,5000.0,1250.0,2026-01-30,2026-01-30,0,1250.0,0
SYN-REP-13310,SYN-U-19994,SYN-LN-5810,10000.0,2500.0,2026-06-27,2026-06-27,0,2500.0,0
SYN-REP-13311,SYN-U-13311,SYN-LN-5811,15000.0,3750.0,2026-07-15,2026-08-12,28,3750.0,0
SYN-REP-13312,SYN-U-12388,SYN-LN-5812,15000.0,3750.0,2025-10-02,2025-10-02,0,3750.0,0
SYN-REP-13313,SYN-U-13679,SYN-LN-5813,25000.0,6250.0,2025-10-12,2025-10-12,0,6250.0,0
SYN-REP-13314,SYN-U-12669,SYN-LN-5814,10000.0,2500.0,2025-07-30,2025-07-30,0,2500.0,0
SYN-REP-13315,SYN-U-10408,SYN-LN-5815,40000.0,10000.0,2025-10-07,2025-10-07,0,10000.0,0
SYN-REP-13316,SYN-U-14539,SYN-LN-5816,40000.0,10000.0,2025-06-23,2025-06-24,1,10000.0,0
SYN-REP-13317,SYN-U-18013,SYN-LN-5817,40000.0,10000.0,2026-04-07,2026-04-07,0,10000.0,0
SYN-REP-13318,SYN-U-16885,SYN-LN-5818,40000.0,10000.0,2026-06-15,2026-06-15,0,10000.0,0
SYN-REP-13319,SYN-U-11152,SYN-LN-5819,10000.0,2500.0,2026-03-06,2026-03-10,4,2500.0,0
SYN-REP-13320,SYN-U-19958,SYN-LN-5820,10000.0,2500.0,2025-10-27,2025-10-27,0,2500.0,0
SYN-REP-13321,SYN-U-16118,SYN-LN-5821,5000.0,1250.0,2025-09-19,2025-09-19,0,1250.0,0
SYN-REP-13322,SYN-U-12594,SYN-LN-5822,40000.0,10000.0,2025-09-03,2025-09-07,4,10000.0,0
SYN-REP-13323,SYN-U-15789,SYN-LN-5823,10000.0,2500.0,2026-04-23,2026-04-23,0,2500.0,0
SYN-REP-13324,SYN-U-18875,SYN-LN-5824,25000.0,6250.0,2025-11-29,2025-11-29,0,6250.0,0
SYN-REP-13325,SYN-U-16582,SYN-LN-5825,25000.0,6250.0,2026-04-16,2026-04-18,2,6250.0,0
SYN-REP-13326,SYN-U-12314,SYN-LN-5826,25000.0,6250.0,2025-08-27,2025-08-27,0,6250.0,0
SYN-REP-13327,SYN-U-17407,SYN-LN-5827,5000.0,1250.0,2025-11-20,2025-11-20,0,1250.0,0
SYN-REP-13328,SYN-U-12925,SYN-LN-5828,10000.0,2500.0,2025-07-03,2025-07-05,2,2500.0,0
SYN-REP-13329,SYN-U-16021,SYN-LN-5829,25000.0,6250.0,2026-03-05,2026-03-05,0,6250.0,0
SYN-REP-13330,SYN-U-10272,SYN-LN-5830,15000.0,3750.0,2025-11-13,2025-11-13,0,3750.0,0
SYN-REP-13331,SYN-U-14138,SYN-LN-5831,40000.0,10000.0,2026-04-30,2026-04-30,0,10000.0,0
SYN-REP-13332,SYN-U-10247,SYN-LN-5832,5000.0,1250.0,2026-04-02,2026-04-02,0,1250.0,0
SYN-REP-13333,SYN-U-11691,SYN-LN-5833,40000.0,10000.0,2026-06-13,2026-06-13,0,10000.0,0
SYN-REP-13334,SYN-U-18905,SYN-LN-5834,40000.0,10000.0,2026-04-22,2026-04-22,0,10000.0,0
SYN-REP-13335,SYN-U-10747,SYN-LN-5835,5000.0,1250.0,2025-10-30,2025-10-30,0,1250.0,0
SYN-REP-13336,SYN-U-14564,SYN-LN-5836,15000.0,3750.0,2025-11-06,2025-11-06,0,3750.0,0
SYN-REP-13337,SYN-U-15382,SYN-LN-5837,15000.0,3750.0,2026-01-02,2026-01-02,0,3750.0,0
SYN-REP-13338,SYN-U-12376,SYN-LN-5838,25000.0,6250.0,2026-08-02,2026-08-06,4,6250.0,0
SYN-REP-13339,SYN-U-16416,SYN-LN-5839,40000.0,10000.0,2026-08-04,2026-08-04,0,10000.0,0
SYN-REP-13340,SYN-U-17862,SYN-LN-5840,15000.0,3750.0,2025-07-23,2025-07-23,0,3750.0,0
SYN-REP-13341,SYN-U-13904,SYN-LN-5841,15000.0,3750.0,2025-07-10,2025-07-10,0,3750.0,0
SYN-REP-13342,SYN-U-14556,SYN-LN-5842,15000.0,3750.0,2026-01-25,2026-01-25,0,3750.0,0
SYN-REP-13343,SYN-U-14690,SYN-LN-5843,15000.0,3750.0,2026-02-14,2026-02-15,1,3750.0,0
SYN-REP-13344,SYN-U-11817,SYN-LN-5844,15000.0,3750.0,2025-12-07,2025-12-07,0,3750.0,0
SYN-REP-13345,SYN-U-12959,SYN-LN-5845,40000.0,10000.0,2026-04-18,2026-04-20,2,10000.0,0
SYN-REP-13346,SYN-U-10492,SYN-LN-5846,5000.0,1250.0,2026-02-05,2026-02-05,0,1250.0,0
SYN-REP-13347,SYN-U-10967,SYN-LN-5847,15000.0,3750.0,2026-04-05,2026-04-08,3,3750.0,0
SYN-REP-13348,SYN-U-10193,SYN-LN-5848,5000.0,1250.0,2026-01-29,2026-02-01,3,1250.0,0
SYN-REP-13349,SYN-U-12454,SYN-LN-5849,10000.0,2500.0,2026-03-22,2026-03-22,0,2500.0,0
SYN-REP-13350,SYN-U-19728,SYN-LN-5850,10000.0,2500.0,2025-09-26,2025-09-26,0,2500.0,0
SYN-REP-13351,SYN-U-17926,SYN-LN-5851,15000.0,3750.0,2025-06-06,2025-06-06,0,3750.0,0
SYN-REP-13352,SYN-U-16722,SYN-LN-5852,5000.0,1250.0,2026-08-05,2026-08-05,0,1250.0,0
SYN-REP-13353,SYN-U-11997,SYN-LN-5853,5000.0,1250.0,2026-04-21,2026-04-21,0,1250.0,0
SYN-REP-13354,SYN-U-15531,SYN-LN-5854,10000.0,2500.0,2025-07-21,2025-07-21,0,2500.0,0
SYN-REP-13355,SYN-U-11287,SYN-LN-5855,25000.0,6250.0,2026-07-13,2026-07-13,0,6250.0,0
SYN-REP-13356,SYN-U-15770,SYN-LN-5856,5000.0,1250.0,2026-05-22,2026-05-26,4,1250.0,0
SYN-REP-13357,SYN-U-14939,SYN-LN-5857,40000.0,10000.0,2025-07-06,2025-07-06,0,10000.0,0
SYN-REP-13358,SYN-U-15207,SYN-LN-5858,25000.0,6250.0,2026-04-30,2026-04-30,0,6250.0,0
SYN-REP-13359,SYN-U-11475,SYN-LN-5859,15000.0,3750.0,2025-09-08,2025-09-08,0,3750.0,0
SYN-REP-13360,SYN-U-19375,SYN-LN-5860,5000.0,1250.0,2025-09-04,2025-09-04,0,1250.0,0
SYN-REP-13361,SYN-U-11337,SYN-LN-5861,5000.0,1250.0,2026-06-21,2026-06-21,0,1250.0,0
SYN-REP-13362,SYN-U-15128,SYN-LN-5862,40000.0,10000.0,2025-06-01,2025-06-01,0,10000.0,0
SYN-REP-13363,SYN-U-10317,SYN-LN-5863,15000.0,3750.0,2025-08-03,2025-08-03,0,3750.0,0
SYN-REP-13364,SYN-U-18012,SYN-LN-5864,10000.0,2500.0,2025-12-22,2025-12-22,0,2500.0,0
SYN-REP-13365,SYN-U-12834,SYN-LN-5865,10000.0,2500.0,2025-06-05,2025-06-05,0,2500.0,0
SYN-REP-13366,SYN-U-19793,SYN-LN-5866,10000.0,2500.0,2026-05-16,2026-05-17,1,2500.0,0
SYN-REP-13367,SYN-U-13971,SYN-LN-5867,15000.0,3750.0,2025-12-16,2025-12-16,0,3750.0,0
SYN-REP-13368,SYN-U-18344,SYN-LN-5868,40000.0,10000.0,2025-11-10,2025-11-10,0,10000.0,0
SYN-REP-13369,SYN-U-18191,SYN-LN-5869,10000.0,2500.0,2025-10-05,2025-10-05,0,2500.0,0
SYN-REP-13370,SYN-U-16580,SYN-LN-5870,10000.0,2500.0,2025-08-07,2025-08-07,0,2500.0,0
SYN-REP-13371,SYN-U-16078,SYN-LN-5871,25000.0,6250.0,2025-12-21,2025-12-21,0,6250.0,0
SYN-REP-13372,SYN-U-16878,SYN-LN-5872,5000.0,1250.0,2026-01-17,2026-01-17,0,1250.0,0
SYN-REP-13373,SYN-U-19491,SYN-LN-5873,10000.0,2500.0,2025-10-10,2025-10-11,1,2500.0,0
SYN-REP-13374,SYN-U-12724,SYN-LN-5874,15000.0,3750.0,2025-11-20,2025-11-23,3,3750.0,0
SYN-REP-13375,SYN-U-11316,SYN-LN-5875,25000.0,6250.0,2026-05-12,2026-05-12,0,6250.0,0
SYN-REP-13376,SYN-U-17172,SYN-LN-5876,25000.0,6250.0,2026-06-10,2026-06-10,0,6250.0,0
SYN-REP-13377,SYN-U-19541,SYN-LN-5877,15000.0,3750.0,2026-05-13,2026-05-13,0,3750.0,0
SYN-REP-13378,SYN-U-10151,SYN-LN-5878,25000.0,6250.0,2025-06-15,2025-06-15,0,6250.0,0
SYN-REP-13379,SYN-U-19043,SYN-LN-5879,25000.0,6250.0,2025-12-12,2025-12-12,0,6250.0,0
SYN-REP-13380,SYN-U-17043,SYN-LN-5880,25000.0,6250.0,2025-12-29,2025-12-29,0,6250.0,0
SYN-REP-13381,SYN-U-18692,SYN-LN-5881,25000.0,6250.0,2025-07-04,2025-07-04,0,6250.0,0
SYN-REP-13382,SYN-U-16622,SYN-LN-5882,5000.0,1250.0,2026-05-12,2026-05-12,0,1250.0,0
SYN-REP-13383,SYN-U-14454,SYN-LN-5883,5000.0,1250.0,2026-03-28,2026-03-28,0,1250.0,0
SYN-REP-13384,SYN-U-17113,SYN-LN-5884,40000.0,10000.0,2026-03-21,2026-03-21,0,10000.0,0
SYN-REP-13385,SYN-U-18846,SYN-LN-5885,15000.0,3750.0,2026-04-09,2026-04-09,0,3750.0,0
SYN-REP-13386,SYN-U-17646,SYN-LN-5886,10000.0,2500.0,2025-12-03,2025-12-04,1,2500.0,0
SYN-REP-13387,SYN-U-13722,SYN-LN-5887,10000.0,2500.0,2026-06-25,2026-06-25,0,2500.0,0
SYN-REP-13388,SYN-U-13056,SYN-LN-5888,25000.0,6250.0,2025-12-20,2025-12-22,2,6250.0,0
SYN-REP-13389,SYN-U-16942,SYN-LN-5889,40000.0,10000.0,2026-08-17,2026-08-17,0,10000.0,0
SYN-REP-13390,SYN-U-13747,SYN-LN-5890,25000.0,6250.0,2025-08-29,2025-08-29,0,6250.0,0
SYN-REP-13391,SYN-U-18357,SYN-LN-5891,15000.0,3750.0,2026-01-22,2026-01-22,0,3750.0,0
SYN-REP-13392,SYN-U-12518,SYN-LN-5892,10000.0,2500.0,2025-12-21,2025-12-21,0,2500.0,0
SYN-REP-13393,SYN-U-15606,SYN-LN-5893,40000.0,10000.0,2026-01-21,2026-01-21,0,10000.0,0
SYN-REP-13394,SYN-U-10343,SYN-LN-5894,10000.0,2500.0,2025-12-05,2025-12-07,2,2500.0,0
SYN-REP-13395,SYN-U-13408,SYN-LN-5895,10000.0,2500.0,2025-09-26,2025-09-26,0,2500.0,0
SYN-REP-13396,SYN-U-14485,SYN-LN-5896,5000.0,1250.0,2025-12-05,2025-12-05,0,1250.0,0
SYN-REP-13397,SYN-U-19765,SYN-LN-5897,5000.0,1250.0,2025-12-21,2025-12-21,0,1250.0,0
SYN-REP-13398,SYN-U-12483,SYN-LN-5898,25000.0,6250.0,2025-06-30,2025-06-30,0,6250.0,0
SYN-REP-13399,SYN-U-15894,SYN-LN-5899,40000.0,10000.0,2026-08-10,2026-08-10,0,10000.0,0
SYN-REP-13400,SYN-U-19508,SYN-LN-5900,10000.0,2500.0,2026-07-11,2026-07-11,0,2500.0,0
SYN-REP-13401,SYN-U-18215,SYN-LN-5901,15000.0,3750.0,2025-12-30,2025-12-30,0,3750.0,0
SYN-REP-13402,SYN-U-12129,SYN-LN-5902,25000.0,6250.0,2026-04-13,2026-04-13,0,6250.0,0
SYN-REP-13403,SYN-U-12811,SYN-LN-5903,15000.0,3750.0,2026-03-05,2026-03-05,0,3750.0,0
SYN-REP-13404,SYN-U-14240,SYN-LN-5904,25000.0,6250.0,2025-11-19,2025-12-09,20,6250.0,0
SYN-REP-13405,SYN-U-11115,SYN-LN-5905,40000.0,10000.0,2025-06-27,2025-06-27,0,10000.0,0
SYN-REP-13406,SYN-U-11177,SYN-LN-5906,40000.0,10000.0,2026-02-25,2026-02-25,0,10000.0,0
SYN-REP-13407,SYN-U-18997,SYN-LN-5907,15000.0,3750.0,2025-12-05,2025-12-05,0,3750.0,0
SYN-REP-13408,SYN-U-14848,SYN-LN-5908,10000.0,2500.0,2025-08-02,2025-08-02,0,2500.0,0
SYN-REP-13409,SYN-U-11722,SYN-LN-5909,10000.0,2500.0,2026-04-08,2026-04-08,0,2500.0,0
SYN-REP-13410,SYN-U-16737,SYN-LN-5910,40000.0,10000.0,2026-05-04,2026-05-04,0,10000.0,0
SYN-REP-13411,SYN-U-16483,SYN-LN-5911,25000.0,6250.0,2026-04-02,2026-04-02,0,6250.0,0
SYN-REP-13412,SYN-U-18544,SYN-LN-5912,25000.0,6250.0,2025-09-30,2025-09-30,0,6250.0,0
SYN-REP-13413,SYN-U-18788,SYN-LN-5913,25000.0,6250.0,2026-05-01,2026-05-01,0,6250.0,0
SYN-REP-13414,SYN-U-10897,SYN-LN-5914,10000.0,2500.0,2026-05-23,2026-05-23,0,2500.0,0
SYN-REP-13415,SYN-U-15238,SYN-LN-5915,15000.0,3750.0,2025-07-31,2025-07-31,0,3750.0,0
SYN-REP-13416,SYN-U-11289,SYN-LN-5916,15000.0,3750.0,2026-06-10,2026-06-10,0,3750.0,0
SYN-REP-13417,SYN-U-12517,SYN-LN-5917,10000.0,2500.0,2026-05-07,2026-05-07,0,2500.0,0
SYN-REP-13418,SYN-U-10672,SYN-LN-5918,5000.0,1250.0,2026-04-07,2026-04-07,0,1250.0,0
SYN-REP-13419,SYN-U-14201,SYN-LN-5919,25000.0,6250.0,2026-02-02,2026-02-02,0,6250.0,0
SYN-REP-13420,SYN-U-13364,SYN-LN-5920,25000.0,6250.0,2025-09-01,2025-09-01,0,6250.0,0
SYN-REP-13421,SYN-U-16757,SYN-LN-5921,5000.0,1250.0,2025-10-16,2025-10-16,0,1250.0,0
SYN-REP-13422,SYN-U-12925,SYN-LN-5922,10000.0,2500.0,2026-01-05,2026-01-05,0,2500.0,0
SYN-REP-13423,SYN-U-19828,SYN-LN-5923,15000.0,3750.0,2025-08-23,2025-08-26,3,3750.0,0
SYN-REP-13424,SYN-U-18141,SYN-LN-5924,5000.0,1250.0,2025-09-10,2025-09-10,0,1250.0,0
SYN-REP-13425,SYN-U-17125,SYN-LN-5925,5000.0,1250.0,2025-08-29,2025-08-29,0,1250.0,0
SYN-REP-13426,SYN-U-11887,SYN-LN-5926,25000.0,6250.0,2026-05-01,2026-05-01,0,6250.0,0
SYN-REP-13427,SYN-U-18609,SYN-LN-5927,40000.0,10000.0,2026-06-07,2026-06-07,0,10000.0,0
SYN-REP-13428,SYN-U-15900,SYN-LN-5928,15000.0,3750.0,2026-02-26,2026-02-26,0,3750.0,0
SYN-REP-13429,SYN-U-15691,SYN-LN-5929,40000.0,10000.0,2026-01-30,2026-01-30,0,10000.0,0
SYN-REP-13430,SYN-U-13947,SYN-LN-5930,15000.0,3750.0,2026-04-20,2026-04-20,0,3750.0,0
SYN-REP-13431,SYN-U-17855,SYN-LN-5931,15000.0,3750.0,2026-02-28,2026-02-28,0,3750.0,0
SYN-REP-13432,SYN-U-19096,SYN-LN-5932,40000.0,10000.0,2026-08-10,2026-08-10,0,10000.0,0
SYN-REP-13433,SYN-U-13511,SYN-LN-5933,5000.0,1250.0,2026-04-15,2026-04-15,0,1250.0,0
SYN-REP-13434,SYN-U-17462,SYN-LN-5934,40000.0,10000.0,2026-07-05,2026-07-05,0,10000.0,0
SYN-REP-13435,SYN-U-19771,SYN-LN-5935,15000.0,3750.0,2025-12-19,2025-12-19,0,3750.0,0
SYN-REP-13436,SYN-U-14895,SYN-LN-5936,25000.0,6250.0,2026-02-16,2026-02-16,0,6250.0,0
SYN-REP-13437,SYN-U-10563,SYN-LN-5937,40000.0,10000.0,2026-08-21,2026-08-21,0,10000.0,0
SYN-REP-13438,SYN-U-15797,SYN-LN-5938,40000.0,10000.0,2026-06-22,2026-06-22,0,10000.0,0
SYN-REP-13439,SYN-U-18976,SYN-LN-5939,10000.0,2500.0,2026-08-14,2026-08-14,0,2500.0,0
SYN-REP-13440,SYN-U-10143,SYN-LN-5940,25000.0,6250.0,2025-09-05,2025-09-06,1,6250.0,0
SYN-REP-13441,SYN-U-14899,SYN-LN-5941,25000.0,6250.0,2026-03-27,2026-03-28,1,6250.0,0
SYN-REP-13442,SYN-U-16264,SYN-LN-5942,40000.0,10000.0,2026-01-01,2026-01-01,0,10000.0,0
SYN-REP-13443,SYN-U-18894,SYN-LN-5943,15000.0,3750.0,2025-10-01,2025-10-01,0,3750.0,0
SYN-REP-13444,SYN-U-10637,SYN-LN-5944,5000.0,1250.0,2026-04-23,2026-04-23,0,1250.0,0
SYN-REP-13445,SYN-U-17098,SYN-LN-5945,5000.0,1250.0,2025-07-11,2025-07-11,0,1250.0,0
SYN-REP-13446,SYN-U-14911,SYN-LN-5946,15000.0,3750.0,2025-12-28,2025-12-28,0,3750.0,0
SYN-REP-13447,SYN-U-17347,SYN-LN-5947,25000.0,6250.0,2026-01-13,2026-01-15,2,6250.0,0
SYN-REP-13448,SYN-U-14124,SYN-LN-5948,25000.0,6250.0,2026-05-25,2026-05-25,0,6250.0,0
SYN-REP-13449,SYN-U-17774,SYN-LN-5949,15000.0,3750.0,2025-07-26,2025-07-26,0,3750.0,0
SYN-REP-13450,SYN-U-10483,SYN-LN-5950,10000.0,2500.0,2025-11-18,2025-11-18,0,2500.0,0
SYN-REP-13451,SYN-U-10773,SYN-LN-5951,25000.0,6250.0,2025-07-03,2025-07-03,0,6250.0,0
SYN-REP-13452,SYN-U-18437,SYN-LN-5952,40000.0,10000.0,2026-01-03,2026-01-03,0,10000.0,0
SYN-REP-13453,SYN-U-12163,SYN-LN-5953,25000.0,6250.0,2025-11-03,2025-11-03,0,6250.0,0
SYN-REP-13454,SYN-U-10197,SYN-LN-5954,25000.0,6250.0,2026-06-20,2026-06-20,0,6250.0,0
SYN-REP-13455,SYN-U-14858,SYN-LN-5955,15000.0,3750.0,2026-02-15,2026-02-15,0,3750.0,0
SYN-REP-13456,SYN-U-18578,SYN-LN-5956,5000.0,1250.0,2026-02-15,2026-02-15,0,1250.0,0
SYN-REP-13457,SYN-U-17007,SYN-LN-5957,15000.0,3750.0,2026-02-13,2026-02-15,2,3750.0,0
SYN-REP-13458,SYN-U-13451,SYN-LN-5958,15000.0,3750.0,2026-08-22,2026-08-22,0,3750.0,0
SYN-REP-13459,SYN-U-18623,SYN-LN-5959,15000.0,3750.0,2025-10-18,2025-10-18,0,3750.0,0
SYN-REP-13460,SYN-U-15247,SYN-LN-5960,15000.0,3750.0,2025-12-04,2025-12-04,0,3750.0,0
SYN-REP-13461,SYN-U-13133,SYN-LN-5961,25000.0,6250.0,2026-03-25,2026-03-25,0,6250.0,0
SYN-REP-13462,SYN-U-11586,SYN-LN-5962,25000.0,6250.0,2025-06-28,2025-06-28,0,6250.0,0
SYN-REP-13463,SYN-U-11517,SYN-LN-5963,40000.0,10000.0,2025-09-30,2025-09-30,0,10000.0,0
SYN-REP-13464,SYN-U-17364,SYN-LN-5964,25000.0,6250.0,2026-01-13,2026-01-13,0,6250.0,0
SYN-REP-13465,SYN-U-16239,SYN-LN-5965,25000.0,6250.0,2026-06-25,2026-06-26,1,6250.0,0
SYN-REP-13466,SYN-U-11370,SYN-LN-5966,25000.0,6250.0,2026-02-18,2026-02-20,2,6250.0,0
SYN-REP-13467,SYN-U-15163,SYN-LN-5967,5000.0,1250.0,2025-10-23,2025-10-25,2,1250.0,0
SYN-REP-13468,SYN-U-13797,SYN-LN-5968,5000.0,1250.0,2025-09-29,2025-10-01,2,1250.0,0
SYN-REP-13469,SYN-U-12269,SYN-LN-5969,15000.0,3750.0,2026-03-08,2026-03-10,2,3750.0,0
SYN-REP-13470,SYN-U-10549,SYN-LN-5970,15000.0,3750.0,2026-03-03,2026-03-03,0,3750.0,0
SYN-REP-13471,SYN-U-13689,SYN-LN-5971,25000.0,6250.0,2025-10-02,2025-10-02,0,6250.0,0
SYN-REP-13472,SYN-U-15637,SYN-LN-5972,25000.0,6250.0,2026-01-22,2026-01-23,1,6250.0,0
SYN-REP-13473,SYN-U-16886,SYN-LN-5973,40000.0,10000.0,2026-04-30,2026-04-30,0,10000.0,0
SYN-REP-13474,SYN-U-14668,SYN-LN-5974,5000.0,1250.0,2025-08-05,2025-08-06,1,1250.0,0
SYN-REP-13475,SYN-U-19944,SYN-LN-5975,25000.0,6250.0,2025-06-25,2025-06-27,2,6250.0,0
SYN-REP-13476,SYN-U-14709,SYN-LN-5976,10000.0,2500.0,2026-01-28,2026-01-28,0,2500.0,0
SYN-REP-13477,SYN-U-13195,SYN-LN-5977,10000.0,2500.0,2025-06-02,2025-06-02,0,2500.0,0
SYN-REP-13478,SYN-U-11529,SYN-LN-5978,40000.0,10000.0,2026-04-11,2026-04-11,0,10000.0,0
SYN-REP-13479,SYN-U-16061,SYN-LN-5979,40000.0,10000.0,2025-08-20,2025-08-20,0,10000.0,0
SYN-REP-13480,SYN-U-15915,SYN-LN-5980,25000.0,6250.0,2026-04-15,2026-04-16,1,6250.0,0
SYN-REP-13481,SYN-U-15076,SYN-LN-5981,40000.0,10000.0,2026-06-22,2026-06-22,0,10000.0,0
SYN-REP-13482,SYN-U-18299,SYN-LN-5982,25000.0,6250.0,2025-11-29,2025-11-29,0,6250.0,0
SYN-REP-13483,SYN-U-19218,SYN-LN-5983,5000.0,1250.0,2025-06-20,2025-06-20,0,1250.0,0
SYN-REP-13484,SYN-U-11214,SYN-LN-5984,40000.0,10000.0,2026-07-29,2026-07-29,0,10000.0,0
SYN-REP-13485,SYN-U-14575,SYN-LN-5985,40000.0,10000.0,2025-10-21,2025-10-21,0,10000.0,0
SYN-REP-13486,SYN-U-14685,SYN-LN-5986,40000.0,10000.0,2026-03-06,2026-03-06,0,10000.0,0
SYN-REP-13487,SYN-U-17527,SYN-LN-5987,15000.0,3750.0,2026-07-30,2026-07-30,0,3750.0,0
SYN-REP-13488,SYN-U-14053,SYN-LN-5988,15000.0,3750.0,2025-11-08,2025-11-08,0,3750.0,0
SYN-REP-13489,SYN-U-15516,SYN-LN-5989,40000.0,10000.0,2026-06-27,2026-06-27,0,10000.0,0
SYN-REP-13490,SYN-U-13693,SYN-LN-5990,5000.0,1250.0,2026-05-19,2026-05-19,0,1250.0,0
SYN-REP-13491,SYN-U-18894,SYN-LN-5991,40000.0,10000.0,2025-12-21,2025-12-21,0,10000.0,0
SYN-REP-13492,SYN-U-12163,SYN-LN-5992,10000.0,2500.0,2026-03-10,2026-03-10,0,2500.0,0
SYN-REP-13493,SYN-U-12676,SYN-LN-5993,5000.0,1250.0,2025-12-02,2025-12-02,0,1250.0,0
SYN-REP-13494,SYN-U-10615,SYN-LN-5994,15000.0,3750.0,2026-04-26,2026-04-26,0,3750.0,0
SYN-REP-13495,SYN-U-19128,SYN-LN-5995,10000.0,2500.0,2026-04-20,2026-04-20,0,2500.0,0
SYN-REP-13496,SYN-U-18351,SYN-LN-5996,25000.0,6250.0,2025-09-19,2025-09-19,0,6250.0,0
SYN-REP-13497,SYN-U-18530,SYN-LN-5997,40000.0,10000.0,2025-08-03,2025-08-03,0,10000.0,0
SYN-REP-13498,SYN-U-18027,SYN-LN-5998,5000.0,1250.0,2026-05-24,2026-05-24,0,1250.0,0
SYN-REP-13499,SYN-U-10915,SYN-LN-5999,25000.0,6250.0,2025-11-11,2025-11-11,0,6250.0,0
SYN-REP-13500,SYN-U-14665,SYN-LN-6000,25000.0,6250.0,2026-06-30,,80,2288.94,1
SYN-REP-13501,SYN-U-19999,SYN-LN-6001,5000.0,1250.0,2026-04-27,2026-04-27,0,1250.0,0
SYN-REP-13502,SYN-U-16268,SYN-LN-6002,25000.0,6250.0,2026-03-17,2026-03-20,3,6250.0,0
SYN-REP-13503,SYN-U-11113,SYN-LN-6003,10000.0,2500.0,2025-09-30,2025-09-30,0,2500.0,0
SYN-REP-13504,SYN-U-17531,SYN-LN-6004,5000.0,1250.0,2026-01-03,2026-01-03,0,1250.0,0
SYN-REP-13505,SYN-U-15748,SYN-LN-6005,25000.0,6250.0,2025-09-17,2025-09-17,0,6250.0,0
SYN-REP-13506,SYN-U-12758,SYN-LN-6006,15000.0,3750.0,2026-05-19,2026-07-09,51,3750.0,0
SYN-REP-13507,SYN-U-15396,SYN-LN-6007,40000.0,10000.0,2026-03-16,2026-03-19,3,10000.0,0
SYN-REP-13508,SYN-U-12462,SYN-LN-6008,5000.0,1250.0,2025-08-19,2025-08-19,0,1250.0,0
SYN-REP-13509,SYN-U-11324,SYN-LN-6009,15000.0,3750.0,2025-07-26,2025-07-26,0,3750.0,0
SYN-REP-13510,SYN-U-12398,SYN-LN-6010,15000.0,3750.0,2026-02-23,2026-02-25,2,3750.0,0
SYN-REP-13511,SYN-U-15650,SYN-LN-6011,5000.0,1250.0,2025-12-27,2025-12-27,0,1250.0,0
SYN-REP-13512,SYN-U-12046,SYN-LN-6012,25000.0,6250.0,2025-09-02,2025-09-03,1,6250.0,0
SYN-REP-13513,SYN-U-15713,SYN-LN-6013,10000.0,2500.0,2026-02-28,2026-02-28,0,2500.0,0
SYN-REP-13514,SYN-U-13367,SYN-LN-6014,5000.0,1250.0,2025-07-06,2025-07-06,0,1250.0,0
SYN-REP-13515,SYN-U-14445,SYN-LN-6015,40000.0,10000.0,2025-12-14,2025-12-14,0,10000.0,0
SYN-REP-13516,SYN-U-15015,SYN-LN-6016,40000.0,10000.0,2025-07-05,2025-07-05,0,10000.0,0
SYN-REP-13517,SYN-U-17329,SYN-LN-6017,15000.0,3750.0,2026-07-20,2026-07-20,0,3750.0,0
SYN-REP-13518,SYN-U-19758,SYN-LN-6018,15000.0,3750.0,2026-05-15,2026-05-15,0,3750.0,0
SYN-REP-13519,SYN-U-18331,SYN-LN-6019,10000.0,2500.0,2026-05-05,2026-05-08,3,2500.0,0
SYN-REP-13520,SYN-U-10825,SYN-LN-6020,40000.0,10000.0,2025-07-06,2025-07-06,0,10000.0,0
SYN-REP-13521,SYN-U-17751,SYN-LN-6021,10000.0,2500.0,2025-10-24,2025-10-24,0,2500.0,0
SYN-REP-13522,SYN-U-16216,SYN-LN-6022,5000.0,1250.0,2025-11-25,2025-11-25,0,1250.0,0
SYN-REP-13523,SYN-U-17531,SYN-LN-6023,10000.0,2500.0,2025-11-02,2025-11-02,0,2500.0,0
SYN-REP-13524,SYN-U-18950,SYN-LN-6024,40000.0,10000.0,2025-12-11,2025-12-11,0,10000.0,0
SYN-REP-13525,SYN-U-16480,SYN-LN-6025,5000.0,1250.0,2026-01-16,2026-01-16,0,1250.0,0
SYN-REP-13526,SYN-U-15265,SYN-LN-6026,15000.0,3750.0,2025-08-27,2025-08-27,0,3750.0,0
SYN-REP-13527,SYN-U-10525,SYN-LN-6027,10000.0,2500.0,2025-07-20,2025-07-20,0,2500.0,0
SYN-REP-13528,SYN-U-18849,SYN-LN-6028,5000.0,1250.0,2026-04-02,2026-04-05,3,1250.0,0
SYN-REP-13529,SYN-U-17947,SYN-LN-6029,40000.0,10000.0,2026-07-31,2026-07-31,0,10000.0,0
SYN-REP-13530,SYN-U-19024,SYN-LN-6030,5000.0,1250.0,2026-05-06,2026-05-06,0,1250.0,0
SYN-REP-13531,SYN-U-12940,SYN-LN-6031,40000.0,10000.0,2025-07-29,2025-07-29,0,10000.0,0
SYN-REP-13532,SYN-U-13652,SYN-LN-6032,10000.0,2500.0,2026-05-12,2026-05-12,0,2500.0,0
SYN-REP-13533,SYN-U-19378,SYN-LN-6033,15000.0,3750.0,2025-10-12,,65,1439.56,1
SYN-REP-13534,SYN-U-15617,SYN-LN-6034,10000.0,2500.0,2025-11-06,2025-11-10,4,2500.0,0
SYN-REP-13535,SYN-U-19958,SYN-LN-6035,40000.0,10000.0,2026-02-15,2026-02-15,0,10000.0,0
SYN-REP-13536,SYN-U-13064,SYN-LN-6036,25000.0,6250.0,2026-01-05,2026-01-05,0,6250.0,0
SYN-REP-13537,SYN-U-13972,SYN-LN-6037,25000.0,6250.0,2025-10-21,2025-10-21,0,6250.0,0
SYN-REP-13538,SYN-U-10662,SYN-LN-6038,15000.0,3750.0,2026-03-05,2026-03-05,0,3750.0,0
SYN-REP-13539,SYN-U-13590,SYN-LN-6039,5000.0,1250.0,2025-08-27,2025-08-29,2,1250.0,0
SYN-REP-13540,SYN-U-12042,SYN-LN-6040,5000.0,1250.0,2026-07-06,2026-07-06,0,1250.0,0
SYN-REP-13541,SYN-U-19653,SYN-LN-6041,5000.0,1250.0,2025-09-16,2025-09-16,0,1250.0,0
SYN-REP-13542,SYN-U-19495,SYN-LN-6042,15000.0,3750.0,2025-06-16,2025-06-16,0,3750.0,0
SYN-REP-13543,SYN-U-10414,SYN-LN-6043,10000.0,2500.0,2026-02-10,2026-02-10,0,2500.0,0
SYN-REP-13544,SYN-U-11754,SYN-LN-6044,5000.0,1250.0,2025-09-19,2025-09-19,0,1250.0,0
SYN-REP-13545,SYN-U-16638,SYN-LN-6045,25000.0,6250.0,2026-02-01,2026-02-05,4,6250.0,0
SYN-REP-13546,SYN-U-14612,SYN-LN-6046,40000.0,10000.0,2026-03-08,2026-03-08,0,10000.0,0
SYN-REP-13547,SYN-U-12060,SYN-LN-6047,15000.0,3750.0,2026-06-22,,68,1209.14,1
SYN-REP-13548,SYN-U-14331,SYN-LN-6048,10000.0,2500.0,2025-09-08,2025-09-08,0,2500.0,0
SYN-REP-13549,SYN-U-19047,SYN-LN-6049,10000.0,2500.0,2025-09-04,2025-09-07,3,2500.0,0
SYN-REP-13550,SYN-U-12470,SYN-LN-6050,5000.0,1250.0,2026-08-22,2026-08-22,0,1250.0,0
SYN-REP-13551,SYN-U-14757,SYN-LN-6051,25000.0,6250.0,2026-01-02,2026-01-02,0,6250.0,0
SYN-REP-13552,SYN-U-11031,SYN-LN-6052,5000.0,1250.0,2025-10-30,2025-10-31,1,1250.0,0
SYN-REP-13553,SYN-U-16907,SYN-LN-6053,5000.0,1250.0,2025-06-26,2025-06-26,0,1250.0,0
SYN-REP-13554,SYN-U-15252,SYN-LN-6054,10000.0,2500.0,2025-10-24,2025-10-24,0,2500.0,0
SYN-REP-13555,SYN-U-11671,SYN-LN-6055,10000.0,2500.0,2026-04-30,2026-04-30,0,2500.0,0
SYN-REP-13556,SYN-U-16293,SYN-LN-6056,10000.0,2500.0,2025-09-10,2025-09-10,0,2500.0,0
SYN-REP-13557,SYN-U-14227,SYN-LN-6057,15000.0,3750.0,2026-06-03,2026-06-03,0,3750.0,0
SYN-REP-13558,SYN-U-13387,SYN-LN-6058,15000.0,3750.0,2026-01-17,2026-01-17,0,3750.0,0
SYN-REP-13559,SYN-U-14923,SYN-LN-6059,5000.0,1250.0,2025-08-26,2025-08-27,1,1250.0,0
SYN-REP-13560,SYN-U-18550,SYN-LN-6060,25000.0,6250.0,2026-01-31,2026-01-31,0,6250.0,0
SYN-REP-13561,SYN-U-10566,SYN-LN-6061,25000.0,6250.0,2025-09-29,2025-10-02,3,6250.0,0
SYN-REP-13562,SYN-U-14877,SYN-LN-6062,25000.0,6250.0,2025-07-17,2025-07-17,0,6250.0,0
SYN-REP-13563,SYN-U-11626,SYN-LN-6063,25000.0,6250.0,2026-06-22,2026-06-22,0,6250.0,0
SYN-REP-13564,SYN-U-18713,SYN-LN-6064,25000.0,6250.0,2026-03-15,2026-03-15,0,6250.0,0
SYN-REP-13565,SYN-U-12057,SYN-LN-6065,15000.0,3750.0,2026-02-01,2026-02-01,0,3750.0,0
SYN-REP-13566,SYN-U-11618,SYN-LN-6066,10000.0,2500.0,2025-12-08,2025-12-08,0,2500.0,0
SYN-REP-13567,SYN-U-10471,SYN-LN-6067,5000.0,1250.0,2026-05-10,2026-05-10,0,1250.0,0
SYN-REP-13568,SYN-U-15823,SYN-LN-6068,40000.0,10000.0,2026-01-30,2026-01-30,0,10000.0,0
SYN-REP-13569,SYN-U-14615,SYN-LN-6069,15000.0,3750.0,2025-11-09,2025-11-09,0,3750.0,0
SYN-REP-13570,SYN-U-15932,SYN-LN-6070,5000.0,1250.0,2025-08-29,2025-08-29,0,1250.0,0
SYN-REP-13571,SYN-U-12267,SYN-LN-6071,5000.0,1250.0,2026-03-13,2026-03-13,0,1250.0,0
SYN-REP-13572,SYN-U-18957,SYN-LN-6072,5000.0,1250.0,2025-11-16,2025-11-16,0,1250.0,0
SYN-REP-13573,SYN-U-15856,SYN-LN-6073,40000.0,10000.0,2025-06-30,2025-06-30,0,10000.0,0
SYN-REP-13574,SYN-U-15450,SYN-LN-6074,15000.0,3750.0,2025-08-29,2025-08-29,0,3750.0,0
SYN-REP-13575,SYN-U-13325,SYN-LN-6075,15000.0,3750.0,2026-05-28,2026-05-28,0,3750.0,0
SYN-REP-13576,SYN-U-12803,SYN-LN-6076,40000.0,10000.0,2026-01-27,2026-01-27,0,10000.0,0
SYN-REP-13577,SYN-U-17792,SYN-LN-6077,40000.0,10000.0,2025-09-21,2025-09-21,0,10000.0,0
SYN-REP-13578,SYN-U-15768,SYN-LN-6078,10000.0,2500.0,2025-06-29,2025-06-29,0,2500.0,0
SYN-REP-13579,SYN-U-17116,SYN-LN-6079,25000.0,6250.0,2026-01-11,2026-01-11,0,6250.0,0
SYN-REP-13580,SYN-U-15277,SYN-LN-6080,10000.0,2500.0,2026-03-29,2026-03-29,0,2500.0,0
SYN-REP-13581,SYN-U-18009,SYN-LN-6081,5000.0,1250.0,2025-10-19,2025-10-19,0,1250.0,0
SYN-REP-13582,SYN-U-12069,SYN-LN-6082,25000.0,6250.0,2026-05-15,2026-05-15,0,6250.0,0
SYN-REP-13583,SYN-U-13515,SYN-LN-6083,5000.0,1250.0,2026-08-12,2026-08-12,0,1250.0,0
SYN-REP-13584,SYN-U-12264,SYN-LN-6084,5000.0,1250.0,2025-10-23,2025-10-23,0,1250.0,0
SYN-REP-13585,SYN-U-14905,SYN-LN-6085,15000.0,3750.0,2025-09-11,2025-09-11,0,3750.0,0
SYN-REP-13586,SYN-U-18304,SYN-LN-6086,5000.0,1250.0,2026-03-19,2026-03-19,0,1250.0,0
SYN-REP-13587,SYN-U-12266,SYN-LN-6087,25000.0,6250.0,2026-07-13,2026-07-16,3,6250.0,0
SYN-REP-13588,SYN-U-12261,SYN-LN-6088,25000.0,6250.0,2025-09-10,2025-09-10,0,6250.0,0
SYN-REP-13589,SYN-U-17506,SYN-LN-6089,40000.0,10000.0,2026-03-15,2026-03-17,2,10000.0,0
SYN-REP-13590,SYN-U-13111,SYN-LN-6090,40000.0,10000.0,2025-06-02,2025-07-07,35,10000.0,0
SYN-REP-13591,SYN-U-12970,SYN-LN-6091,25000.0,6250.0,2026-06-02,2026-06-02,0,6250.0,0
SYN-REP-13592,SYN-U-14605,SYN-LN-6092,25000.0,6250.0,2026-08-20,2026-08-20,0,6250.0,0
SYN-REP-13593,SYN-U-18280,SYN-LN-6093,5000.0,1250.0,2025-11-04,2025-11-04,0,1250.0,0
SYN-REP-13594,SYN-U-19253,SYN-LN-6094,10000.0,2500.0,2026-01-27,2026-01-27,0,2500.0,0
SYN-REP-13595,SYN-U-17731,SYN-LN-6095,10000.0,2500.0,2025-08-05,2025-08-05,0,2500.0,0
SYN-REP-13596,SYN-U-12941,SYN-LN-6096,15000.0,3750.0,2026-07-11,2026-07-11,0,3750.0,0
SYN-REP-13597,SYN-U-11668,SYN-LN-6097,15000.0,3750.0,2026-01-19,2026-01-19,0,3750.0,0
SYN-REP-13598,SYN-U-14561,SYN-LN-6098,15000.0,3750.0,2026-06-25,2026-06-27,2,3750.0,0
SYN-REP-13599,SYN-U-16819,SYN-LN-6099,5000.0,1250.0,2026-07-11,2026-08-09,29,1250.0,0
SYN-REP-13600,SYN-U-14518,SYN-LN-6100,25000.0,6250.0,2025-08-31,2025-08-31,0,6250.0,0
SYN-REP-13601,SYN-U-19701,SYN-LN-6101,40000.0,10000.0,2025-09-20,2025-09-20,0,10000.0,0
SYN-REP-13602,SYN-U-10257,SYN-LN-6102,10000.0,2500.0,2026-08-03,2026-08-03,0,2500.0,0
SYN-REP-13603,SYN-U-18840,SYN-LN-6103,25000.0,6250.0,2026-04-01,2026-04-01,0,6250.0,0
SYN-REP-13604,SYN-U-15192,SYN-LN-6104,10000.0,2500.0,2026-08-18,2026-08-18,0,2500.0,0
SYN-REP-13605,SYN-U-11845,SYN-LN-6105,40000.0,10000.0,2025-12-26,2025-12-26,0,10000.0,0
SYN-REP-13606,SYN-U-18416,SYN-LN-6106,40000.0,10000.0,2025-09-25,2025-09-25,0,10000.0,0
SYN-REP-13607,SYN-U-14119,SYN-LN-6107,15000.0,3750.0,2026-05-07,2026-05-07,0,3750.0,0
SYN-REP-13608,SYN-U-18820,SYN-LN-6108,5000.0,1250.0,2025-12-29,2025-12-29,0,1250.0,0
SYN-REP-13609,SYN-U-17786,SYN-LN-6109,10000.0,2500.0,2025-06-20,2025-06-20,0,2500.0,0
SYN-REP-13610,SYN-U-17962,SYN-LN-6110,25000.0,6250.0,2025-10-22,2025-10-22,0,6250.0,0
SYN-REP-13611,SYN-U-19703,SYN-LN-6111,40000.0,10000.0,2026-08-12,2026-08-12,0,10000.0,0
SYN-REP-13612,SYN-U-17849,SYN-LN-6112,5000.0,1250.0,2026-06-09,2026-06-09,0,1250.0,0
SYN-REP-13613,SYN-U-18320,SYN-LN-6113,15000.0,3750.0,2025-09-26,2025-09-26,0,3750.0,0
SYN-REP-13614,SYN-U-19521,SYN-LN-6114,5000.0,1250.0,2025-12-28,2025-12-28,0,1250.0,0
SYN-REP-13615,SYN-U-12044,SYN-LN-6115,40000.0,10000.0,2026-04-10,2026-04-10,0,10000.0,0
SYN-REP-13616,SYN-U-15635,SYN-LN-6116,10000.0,2500.0,2026-03-26,2026-03-27,1,2500.0,0
SYN-REP-13617,SYN-U-19815,SYN-LN-6117,40000.0,10000.0,2025-11-26,2025-11-26,0,10000.0,0
SYN-REP-13618,SYN-U-13661,SYN-LN-6118,40000.0,10000.0,2026-02-09,2026-02-09,0,10000.0,0
SYN-REP-13619,SYN-U-13106,SYN-LN-6119,15000.0,3750.0,2025-08-23,2025-08-23,0,3750.0,0
SYN-REP-13620,SYN-U-14136,SYN-LN-6120,25000.0,6250.0,2025-08-28,2025-08-28,0,6250.0,0
SYN-REP-13621,SYN-U-15639,SYN-LN-6121,25000.0,6250.0,2025-09-29,2025-09-29,0,6250.0,0
SYN-REP-13622,SYN-U-10048,SYN-LN-6122,15000.0,3750.0,2025-11-07,2025-11-07,0,3750.0,0
SYN-REP-13623,SYN-U-16781,SYN-LN-6123,40000.0,10000.0,2026-08-21,2026-08-21,0,10000.0,0
SYN-REP-13624,SYN-U-18582,SYN-LN-6124,5000.0,1250.0,2025-10-17,2025-10-17,0,1250.0,0
SYN-REP-13625,SYN-U-17437,SYN-LN-6125,40000.0,10000.0,2026-04-13,2026-04-13,0,10000.0,0
SYN-REP-13626,SYN-U-19179,SYN-LN-6126,5000.0,1250.0,2026-01-07,2026-01-07,0,1250.0,0
SYN-REP-13627,SYN-U-12457,SYN-LN-6127,10000.0,2500.0,2025-08-21,2025-08-21,0,2500.0,0
SYN-REP-13628,SYN-U-17458,SYN-LN-6128,15000.0,3750.0,2026-02-09,2026-02-09,0,3750.0,0
SYN-REP-13629,SYN-U-11220,SYN-LN-6129,40000.0,10000.0,2025-10-22,2025-10-22,0,10000.0,0
SYN-REP-13630,SYN-U-17355,SYN-LN-6130,15000.0,3750.0,2025-07-26,2025-07-26,0,3750.0,0
SYN-REP-13631,SYN-U-19291,SYN-LN-6131,40000.0,10000.0,2025-08-31,2025-08-31,0,10000.0,0
SYN-REP-13632,SYN-U-15874,SYN-LN-6132,15000.0,3750.0,2026-01-21,2026-01-21,0,3750.0,0
SYN-REP-13633,SYN-U-10312,SYN-LN-6133,40000.0,10000.0,2026-06-22,2026-06-22,0,10000.0,0
SYN-REP-13634,SYN-U-17006,SYN-LN-6134,40000.0,10000.0,2026-08-14,,91,446.23,1
SYN-REP-13635,SYN-U-15533,SYN-LN-6135,15000.0,3750.0,2026-02-28,2026-02-28,0,3750.0,0
SYN-REP-13636,SYN-U-14301,SYN-LN-6136,5000.0,1250.0,2025-06-28,2025-06-28,0,1250.0,0
SYN-REP-13637,SYN-U-14313,SYN-LN-6137,10000.0,2500.0,2026-07-11,2026-07-11,0,2500.0,0
SYN-REP-13638,SYN-U-18935,SYN-LN-6138,5000.0,1250.0,2026-02-01,2026-03-22,49,1250.0,0
SYN-REP-13639,SYN-U-13779,SYN-LN-6139,25000.0,6250.0,2025-07-12,2025-07-12,0,6250.0,0
SYN-REP-13640,SYN-U-19727,SYN-LN-6140,25000.0,6250.0,2025-07-09,2025-07-10,1,6250.0,0
SYN-REP-13641,SYN-U-10146,SYN-LN-6141,10000.0,2500.0,2026-01-26,2026-01-26,0,2500.0,0
SYN-REP-13642,SYN-U-12951,SYN-LN-6142,15000.0,3750.0,2026-07-08,2026-07-08,0,3750.0,0
SYN-REP-13643,SYN-U-19960,SYN-LN-6143,5000.0,1250.0,2026-05-30,2026-05-30,0,1250.0,0
SYN-REP-13644,SYN-U-14100,SYN-LN-6144,25000.0,6250.0,2025-12-05,2025-12-05,0,6250.0,0
SYN-REP-13645,SYN-U-11881,SYN-LN-6145,25000.0,6250.0,2025-12-14,2025-12-14,0,6250.0,0
SYN-REP-13646,SYN-U-19287,SYN-LN-6146,40000.0,10000.0,2026-08-19,2026-08-22,3,10000.0,0
SYN-REP-13647,SYN-U-10799,SYN-LN-6147,25000.0,6250.0,2026-04-13,2026-04-13,0,6250.0,0
SYN-REP-13648,SYN-U-12809,SYN-LN-6148,5000.0,1250.0,2025-07-20,2025-07-20,0,1250.0,0
SYN-REP-13649,SYN-U-11088,SYN-LN-6149,25000.0,6250.0,2026-01-02,2026-01-02,0,6250.0,0
SYN-REP-13650,SYN-U-16027,SYN-LN-6150,40000.0,10000.0,2025-08-03,2025-08-03,0,10000.0,0
SYN-REP-13651,SYN-U-10009,SYN-LN-6151,40000.0,10000.0,2025-12-19,2025-12-19,0,10000.0,0
SYN-REP-13652,SYN-U-16240,SYN-LN-6152,15000.0,3750.0,2025-07-17,2025-07-17,0,3750.0,0
SYN-REP-13653,SYN-U-18833,SYN-LN-6153,40000.0,10000.0,2026-06-29,2026-06-29,0,10000.0,0
SYN-REP-13654,SYN-U-18287,SYN-LN-6154,15000.0,3750.0,2025-07-09,2025-07-09,0,3750.0,0
SYN-REP-13655,SYN-U-12467,SYN-LN-6155,40000.0,10000.0,2025-09-10,2025-09-10,0,10000.0,0
SYN-REP-13656,SYN-U-14823,SYN-LN-6156,40000.0,10000.0,2026-04-20,2026-04-20,0,10000.0,0
SYN-REP-13657,SYN-U-12279,SYN-LN-6157,5000.0,1250.0,2026-08-22,2026-08-22,0,1250.0,0
SYN-REP-13658,SYN-U-17627,SYN-LN-6158,10000.0,2500.0,2025-08-19,2025-08-23,4,2500.0,0
SYN-REP-13659,SYN-U-11305,SYN-LN-6159,40000.0,10000.0,2026-06-12,2026-06-12,0,10000.0,0
SYN-REP-13660,SYN-U-16828,SYN-LN-6160,5000.0,1250.0,2026-04-13,2026-04-13,0,1250.0,0
SYN-REP-13661,SYN-U-13279,SYN-LN-6161,5000.0,1250.0,2025-10-24,2025-10-28,4,1250.0,0
SYN-REP-13662,SYN-U-18569,SYN-LN-6162,40000.0,10000.0,2025-06-24,2025-06-24,0,10000.0,0
SYN-REP-13663,SYN-U-19909,SYN-LN-6163,5000.0,1250.0,2025-10-16,2025-10-16,0,1250.0,0
SYN-REP-13664,SYN-U-12121,SYN-LN-6164,5000.0,1250.0,2026-05-11,2026-05-12,1,1250.0,0
SYN-REP-13665,SYN-U-19830,SYN-LN-6165,25000.0,6250.0,2026-05-29,2026-05-29,0,6250.0,0
SYN-REP-13666,SYN-U-16342,SYN-LN-6166,25000.0,6250.0,2025-12-05,2025-12-05,0,6250.0,0
SYN-REP-13667,SYN-U-15635,SYN-LN-6167,5000.0,1250.0,2025-10-27,2025-10-27,0,1250.0,0
SYN-REP-13668,SYN-U-18786,SYN-LN-6168,25000.0,6250.0,2025-06-30,2025-06-30,0,6250.0,0
SYN-REP-13669,SYN-U-12103,SYN-LN-6169,40000.0,10000.0,2026-05-04,2026-05-06,2,10000.0,0
SYN-REP-13670,SYN-U-10703,SYN-LN-6170,15000.0,3750.0,2025-10-04,2025-10-04,0,3750.0,0
SYN-REP-13671,SYN-U-11346,SYN-LN-6171,10000.0,2500.0,2025-10-08,2025-10-08,0,2500.0,0
SYN-REP-13672,SYN-U-19509,SYN-LN-6172,15000.0,3750.0,2026-05-31,2026-06-02,2,3750.0,0
SYN-REP-13673,SYN-U-16079,SYN-LN-6173,25000.0,6250.0,2026-08-04,2026-09-27,54,6250.0,0
SYN-REP-13674,SYN-U-11159,SYN-LN-6174,15000.0,3750.0,2026-08-01,2026-08-01,0,3750.0,0
SYN-REP-13675,SYN-U-14585,SYN-LN-6175,10000.0,2500.0,2026-02-02,2026-02-02,0,2500.0,0
SYN-REP-13676,SYN-U-14560,SYN-LN-6176,10000.0,2500.0,2025-09-21,2025-09-21,0,2500.0,0
SYN-REP-13677,SYN-U-10159,SYN-LN-6177,5000.0,1250.0,2025-10-10,2025-10-13,3,1250.0,0
SYN-REP-13678,SYN-U-15125,SYN-LN-6178,10000.0,2500.0,2025-09-20,2025-09-22,2,2500.0,0
SYN-REP-13679,SYN-U-10605,SYN-LN-6179,40000.0,10000.0,2025-06-16,2025-06-16,0,10000.0,0
SYN-REP-13680,SYN-U-14482,SYN-LN-6180,10000.0,2500.0,2026-04-27,2026-04-27,0,2500.0,0
SYN-REP-13681,SYN-U-18424,SYN-LN-6181,5000.0,1250.0,2026-08-24,2026-10-09,46,1250.0,0
SYN-REP-13682,SYN-U-13616,SYN-LN-6182,25000.0,6250.0,2025-07-13,2025-07-13,0,6250.0,0
SYN-REP-13683,SYN-U-10897,SYN-LN-6183,15000.0,3750.0,2026-04-12,2026-04-12,0,3750.0,0
SYN-REP-13684,SYN-U-17129,SYN-LN-6184,25000.0,6250.0,2026-02-28,2026-02-28,0,6250.0,0
SYN-REP-13685,SYN-U-15515,SYN-LN-6185,40000.0,10000.0,2026-05-29,2026-05-29,0,10000.0,0
SYN-REP-13686,SYN-U-18719,SYN-LN-6186,40000.0,10000.0,2025-07-15,2025-07-15,0,10000.0,0
SYN-REP-13687,SYN-U-16266,SYN-LN-6187,40000.0,10000.0,2026-01-05,2026-01-05,0,10000.0,0
SYN-REP-13688,SYN-U-18240,SYN-LN-6188,5000.0,1250.0,2026-06-15,2026-06-15,0,1250.0,0
SYN-REP-13689,SYN-U-12068,SYN-LN-6189,15000.0,3750.0,2026-05-27,2026-05-27,0,3750.0,0
SYN-REP-13690,SYN-U-13077,SYN-LN-6190,5000.0,1250.0,2025-06-13,2025-06-13,0,1250.0,0
SYN-REP-13691,SYN-U-17612,SYN-LN-6191,25000.0,6250.0,2026-02-11,2026-02-11,0,6250.0,0
SYN-REP-13692,SYN-U-17250,SYN-LN-6192,15000.0,3750.0,2026-05-01,2026-05-01,0,3750.0,0
SYN-REP-13693,SYN-U-11677,SYN-LN-6193,40000.0,10000.0,2026-03-21,2026-03-21,0,10000.0,0
SYN-REP-13694,SYN-U-16483,SYN-LN-6194,10000.0,2500.0,2025-08-28,2025-08-28,0,2500.0,0
SYN-REP-13695,SYN-U-11755,SYN-LN-6195,15000.0,3750.0,2026-06-29,2026-06-29,0,3750.0,0
SYN-REP-13696,SYN-U-18657,SYN-LN-6196,15000.0,3750.0,2026-01-15,2026-01-15,0,3750.0,0
SYN-REP-13697,SYN-U-14952,SYN-LN-6197,15000.0,3750.0,2026-06-28,2026-06-28,0,3750.0,0
SYN-REP-13698,SYN-U-18796,SYN-LN-6198,10000.0,2500.0,2025-08-29,2025-08-29,0,2500.0,0
SYN-REP-13699,SYN-U-15387,SYN-LN-6199,40000.0,10000.0,2025-10-09,2025-10-13,4,10000.0,0
SYN-REP-13700,SYN-U-12527,SYN-LN-6200,25000.0,6250.0,2026-06-05,2026-06-05,0,6250.0,0
SYN-REP-13701,SYN-U-12336,SYN-LN-6201,10000.0,2500.0,2025-12-03,2025-12-03,0,2500.0,0
SYN-REP-13702,SYN-U-17643,SYN-LN-6202,15000.0,3750.0,2026-05-06,2026-05-07,1,3750.0,0
SYN-REP-13703,SYN-U-14506,SYN-LN-6203,10000.0,2500.0,2026-03-31,2026-05-22,52,2500.0,0
SYN-REP-13704,SYN-U-18394,SYN-LN-6204,15000.0,3750.0,2025-07-16,2025-07-16,0,3750.0,0
SYN-REP-13705,SYN-U-17750,SYN-LN-6205,5000.0,1250.0,2025-10-14,2025-10-14,0,1250.0,0
SYN-REP-13706,SYN-U-19775,SYN-LN-6206,10000.0,2500.0,2026-05-28,2026-05-31,3,2500.0,0
SYN-REP-13707,SYN-U-12237,SYN-LN-6207,25000.0,6250.0,2025-06-02,2025-06-02,0,6250.0,0
SYN-REP-13708,SYN-U-10502,SYN-LN-6208,15000.0,3750.0,2025-11-02,2025-11-02,0,3750.0,0
SYN-REP-13709,SYN-U-15805,SYN-LN-6209,15000.0,3750.0,2025-07-11,2025-07-11,0,3750.0,0
SYN-REP-13710,SYN-U-16787,SYN-LN-6210,10000.0,2500.0,2026-08-02,2026-08-02,0,2500.0,0
SYN-REP-13711,SYN-U-14235,SYN-LN-6211,40000.0,10000.0,2025-12-01,2025-12-01,0,10000.0,0
SYN-REP-13712,SYN-U-17056,SYN-LN-6212,15000.0,3750.0,2026-02-11,2026-02-11,0,3750.0,0
SYN-REP-13713,SYN-U-11078,SYN-LN-6213,25000.0,6250.0,2026-05-21,2026-05-21,0,6250.0,0
SYN-REP-13714,SYN-U-14638,SYN-LN-6214,40000.0,10000.0,2026-05-03,2026-05-03,0,10000.0,0
SYN-REP-13715,SYN-U-14330,SYN-LN-6215,10000.0,2500.0,2026-08-09,2026-08-09,0,2500.0,0
SYN-REP-13716,SYN-U-14052,SYN-LN-6216,40000.0,10000.0,2026-01-07,2026-01-07,0,10000.0,0
SYN-REP-13717,SYN-U-19393,SYN-LN-6217,10000.0,2500.0,2026-04-21,2026-04-21,0,2500.0,0
SYN-REP-13718,SYN-U-16532,SYN-LN-6218,5000.0,1250.0,2026-01-01,2026-01-01,0,1250.0,0
SYN-REP-13719,SYN-U-17109,SYN-LN-6219,10000.0,2500.0,2025-12-27,2025-12-31,4,2500.0,0
SYN-REP-13720,SYN-U-17646,SYN-LN-6220,25000.0,6250.0,2025-07-30,2025-07-30,0,6250.0,0
SYN-REP-13721,SYN-U-16510,SYN-LN-6221,5000.0,1250.0,2026-02-19,2026-02-19,0,1250.0,0
SYN-REP-13722,SYN-U-18843,SYN-LN-6222,10000.0,2500.0,2026-05-16,2026-05-16,0,2500.0,0
SYN-REP-13723,SYN-U-16095,SYN-LN-6223,25000.0,6250.0,2026-01-18,2026-01-18,0,6250.0,0
SYN-REP-13724,SYN-U-19150,SYN-LN-6224,10000.0,2500.0,2025-09-25,2025-09-25,0,2500.0,0
SYN-REP-13725,SYN-U-11011,SYN-LN-6225,15000.0,3750.0,2026-05-24,2026-05-27,3,3750.0,0
SYN-REP-13726,SYN-U-10229,SYN-LN-6226,10000.0,2500.0,2026-06-11,2026-06-11,0,2500.0,0
SYN-REP-13727,SYN-U-13844,SYN-LN-6227,10000.0,2500.0,2026-03-09,2026-03-09,0,2500.0,0
SYN-REP-13728,SYN-U-13780,SYN-LN-6228,15000.0,3750.0,2026-05-13,2026-05-13,0,3750.0,0
SYN-REP-13729,SYN-U-10053,SYN-LN-6229,15000.0,3750.0,2025-12-11,2025-12-11,0,3750.0,0
SYN-REP-13730,SYN-U-18775,SYN-LN-6230,15000.0,3750.0,2025-12-27,2025-12-27,0,3750.0,0
SYN-REP-13731,SYN-U-16972,SYN-LN-6231,25000.0,6250.0,2025-09-11,2025-09-11,0,6250.0,0
SYN-REP-13732,SYN-U-17305,SYN-LN-6232,10000.0,2500.0,2025-10-29,2025-10-29,0,2500.0,0
SYN-REP-13733,SYN-U-10596,SYN-LN-6233,40000.0,10000.0,2026-08-23,2026-08-23,0,10000.0,0
SYN-REP-13734,SYN-U-11287,SYN-LN-6234,15000.0,3750.0,2025-12-12,2025-12-12,0,3750.0,0
SYN-REP-13735,SYN-U-10810,SYN-LN-6235,10000.0,2500.0,2025-07-20,2025-07-22,2,2500.0,0
SYN-REP-13736,SYN-U-16880,SYN-LN-6236,15000.0,3750.0,2025-11-06,2025-11-06,0,3750.0,0
SYN-REP-13737,SYN-U-11792,SYN-LN-6237,25000.0,6250.0,2026-04-03,2026-04-03,0,6250.0,0
SYN-REP-13738,SYN-U-11817,SYN-LN-6238,5000.0,1250.0,2025-12-12,2025-12-12,0,1250.0,0
SYN-REP-13739,SYN-U-10511,SYN-LN-6239,25000.0,6250.0,2025-10-28,2025-10-28,0,6250.0,0
SYN-REP-13740,SYN-U-11281,SYN-LN-6240,5000.0,1250.0,2026-04-05,2026-04-05,0,1250.0,0
SYN-REP-13741,SYN-U-11363,SYN-LN-6241,5000.0,1250.0,2026-01-07,2026-01-07,0,1250.0,0
SYN-REP-13742,SYN-U-12416,SYN-LN-6242,25000.0,6250.0,2025-11-05,2025-11-05,0,6250.0,0
SYN-REP-13743,SYN-U-12308,SYN-LN-6243,25000.0,6250.0,2025-10-01,2025-10-01,0,6250.0,0
SYN-REP-13744,SYN-U-12346,SYN-LN-6244,5000.0,1250.0,2025-09-05,2025-09-05,0,1250.0,0
SYN-REP-13745,SYN-U-14844,SYN-LN-6245,15000.0,3750.0,2025-09-21,2025-09-21,0,3750.0,0
SYN-REP-13746,SYN-U-10110,SYN-LN-6246,10000.0,2500.0,2026-06-02,2026-06-02,0,2500.0,0
SYN-REP-13747,SYN-U-14717,SYN-LN-6247,5000.0,1250.0,2026-06-16,2026-06-16,0,1250.0,0
SYN-REP-13748,SYN-U-17865,SYN-LN-6248,15000.0,3750.0,2026-04-01,2026-04-05,4,3750.0,0
SYN-REP-13749,SYN-U-14305,SYN-LN-6249,15000.0,3750.0,2025-11-20,2025-11-20,0,3750.0,0
SYN-REP-13750,SYN-U-14320,SYN-LN-6250,40000.0,10000.0,2026-07-17,2026-07-17,0,10000.0,0
SYN-REP-13751,SYN-U-19943,SYN-LN-6251,5000.0,1250.0,2026-05-18,2026-05-18,0,1250.0,0
SYN-REP-13752,SYN-U-15758,SYN-LN-6252,25000.0,6250.0,2025-06-29,2025-06-30,1,6250.0,0
SYN-REP-13753,SYN-U-16654,SYN-LN-6253,15000.0,3750.0,2025-09-25,2025-09-25,0,3750.0,0
SYN-REP-13754,SYN-U-12778,SYN-LN-6254,25000.0,6250.0,2026-02-28,2026-02-28,0,6250.0,0
SYN-REP-13755,SYN-U-14463,SYN-LN-6255,10000.0,2500.0,2025-10-28,2025-10-30,2,2500.0,0
SYN-REP-13756,SYN-U-15869,SYN-LN-6256,5000.0,1250.0,2025-08-19,2025-08-19,0,1250.0,0
SYN-REP-13757,SYN-U-12042,SYN-LN-6257,15000.0,3750.0,2025-11-24,2025-11-24,0,3750.0,0
SYN-REP-13758,SYN-U-18222,SYN-LN-6258,40000.0,10000.0,2026-08-21,2026-08-21,0,10000.0,0
SYN-REP-13759,SYN-U-11901,SYN-LN-6259,5000.0,1250.0,2025-10-24,2025-10-24,0,1250.0,0
SYN-REP-13760,SYN-U-19044,SYN-LN-6260,15000.0,3750.0,2026-04-11,2026-04-11,0,3750.0,0
SYN-REP-13761,SYN-U-14084,SYN-LN-6261,15000.0,3750.0,2026-05-10,2026-05-10,0,3750.0,0
SYN-REP-13762,SYN-U-19227,SYN-LN-6262,25000.0,6250.0,2026-07-28,2026-07-28,0,6250.0,0
SYN-REP-13763,SYN-U-17811,SYN-LN-6263,25000.0,6250.0,2025-10-04,2025-10-04,0,6250.0,0
SYN-REP-13764,SYN-U-10981,SYN-LN-6264,25000.0,6250.0,2026-08-20,2026-08-20,0,6250.0,0
SYN-REP-13765,SYN-U-11904,SYN-LN-6265,40000.0,10000.0,2026-08-22,2026-08-22,0,10000.0,0
SYN-REP-13766,SYN-U-15029,SYN-LN-6266,10000.0,2500.0,2025-10-07,2025-10-07,0,2500.0,0
SYN-REP-13767,SYN-U-14037,SYN-LN-6267,5000.0,1250.0,2025-06-29,2025-06-29,0,1250.0,0
SYN-REP-13768,SYN-U-14256,SYN-LN-6268,5000.0,1250.0,2026-02-26,2026-02-26,0,1250.0,0
SYN-REP-13769,SYN-U-18839,SYN-LN-6269,5000.0,1250.0,2026-03-25,2026-03-25,0,1250.0,0
SYN-REP-13770,SYN-U-12261,SYN-LN-6270,25000.0,6250.0,2025-10-06,2025-10-06,0,6250.0,0
SYN-REP-13771,SYN-U-10619,SYN-LN-6271,40000.0,10000.0,2026-01-05,2026-01-05,0,10000.0,0
SYN-REP-13772,SYN-U-16199,SYN-LN-6272,25000.0,6250.0,2026-06-29,2026-06-29,0,6250.0,0
SYN-REP-13773,SYN-U-18127,SYN-LN-6273,40000.0,10000.0,2025-07-20,2025-07-20,0,10000.0,0
SYN-REP-13774,SYN-U-16965,SYN-LN-6274,25000.0,6250.0,2026-03-02,2026-03-02,0,6250.0,0
SYN-REP-13775,SYN-U-18840,SYN-LN-6275,25000.0,6250.0,2025-09-07,2025-09-07,0,6250.0,0
SYN-REP-13776,SYN-U-19470,SYN-LN-6276,5000.0,1250.0,2025-12-19,2025-12-19,0,1250.0,0
SYN-REP-13777,SYN-U-11550,SYN-LN-6277,15000.0,3750.0,2025-12-12,2025-12-12,0,3750.0,0
SYN-REP-13778,SYN-U-12092,SYN-LN-6278,40000.0,10000.0,2026-07-16,2026-07-16,0,10000.0,0
SYN-REP-13779,SYN-U-16308,SYN-LN-6279,5000.0,1250.0,2025-12-30,2025-12-30,0,1250.0,0
SYN-REP-13780,SYN-U-19737,SYN-LN-6280,25000.0,6250.0,2025-12-07,2025-12-07,0,6250.0,0
SYN-REP-13781,SYN-U-19512,SYN-LN-6281,40000.0,10000.0,2026-05-19,2026-05-19,0,10000.0,0
SYN-REP-13782,SYN-U-14819,SYN-LN-6282,25000.0,6250.0,2025-08-07,2025-08-07,0,6250.0,0
SYN-REP-13783,SYN-U-13609,SYN-LN-6283,10000.0,2500.0,2025-07-19,2025-07-19,0,2500.0,0
SYN-REP-13784,SYN-U-10572,SYN-LN-6284,40000.0,10000.0,2025-10-30,2025-10-30,0,10000.0,0
SYN-REP-13785,SYN-U-12963,SYN-LN-6285,15000.0,3750.0,2026-07-28,2026-07-28,0,3750.0,0
SYN-REP-13786,SYN-U-16026,SYN-LN-6286,10000.0,2500.0,2025-06-01,2025-06-01,0,2500.0,0
SYN-REP-13787,SYN-U-16084,SYN-LN-6287,15000.0,3750.0,2025-06-14,2025-08-05,52,3750.0,0
SYN-REP-13788,SYN-U-16401,SYN-LN-6288,10000.0,2500.0,2026-03-04,2026-03-04,0,2500.0,0
SYN-REP-13789,SYN-U-10880,SYN-LN-6289,5000.0,1250.0,2026-01-05,2026-01-05,0,1250.0,0
SYN-REP-13790,SYN-U-17654,SYN-LN-6290,15000.0,3750.0,2026-06-30,2026-08-17,48,3750.0,0
SYN-REP-13791,SYN-U-12985,SYN-LN-6291,25000.0,6250.0,2026-04-19,2026-04-19,0,6250.0,0
SYN-REP-13792,SYN-U-12045,SYN-LN-6292,15000.0,3750.0,2026-05-27,2026-05-27,0,3750.0,0
SYN-REP-13793,SYN-U-11234,SYN-LN-6293,10000.0,2500.0,2025-10-09,2025-10-09,0,2500.0,0
SYN-REP-13794,SYN-U-13748,SYN-LN-6294,10000.0,2500.0,2026-02-01,2026-02-01,0,2500.0,0
SYN-REP-13795,SYN-U-12970,SYN-LN-6295,15000.0,3750.0,2026-02-21,2026-02-21,0,3750.0,0
SYN-REP-13796,SYN-U-17350,SYN-LN-6296,10000.0,2500.0,2026-03-06,2026-03-06,0,2500.0,0
SYN-REP-13797,SYN-U-17097,SYN-LN-6297,5000.0,1250.0,2025-11-18,2025-11-18,0,1250.0,0
SYN-REP-13798,SYN-U-13818,SYN-LN-6298,40000.0,10000.0,2025-10-20,2025-10-21,1,10000.0,0
SYN-REP-13799,SYN-U-13548,SYN-LN-6299,5000.0,1250.0,2025-06-23,2025-06-23,0,1250.0,0
SYN-REP-13800,SYN-U-14375,SYN-LN-6300,10000.0,2500.0,2025-09-12,2025-09-14,2,2500.0,0
SYN-REP-13801,SYN-U-12209,SYN-LN-6301,40000.0,10000.0,2025-09-18,2025-09-18,0,10000.0,0
SYN-REP-13802,SYN-U-18216,SYN-LN-6302,25000.0,6250.0,2025-11-09,2025-11-09,0,6250.0,0
SYN-REP-13803,SYN-U-16847,SYN-LN-6303,10000.0,2500.0,2025-07-28,2025-09-23,57,2500.0,0
SYN-REP-13804,SYN-U-14451,SYN-LN-6304,15000.0,3750.0,2026-07-23,2026-07-23,0,3750.0,0
SYN-REP-13805,SYN-U-17650,SYN-LN-6305,40000.0,10000.0,2026-04-04,2026-04-04,0,10000.0,0
SYN-REP-13806,SYN-U-10179,SYN-LN-6306,15000.0,3750.0,2026-05-08,2026-05-08,0,3750.0,0
SYN-REP-13807,SYN-U-11073,SYN-LN-6307,40000.0,10000.0,2026-01-19,2026-01-19,0,10000.0,0
SYN-REP-13808,SYN-U-15003,SYN-LN-6308,10000.0,2500.0,2025-12-11,2025-12-11,0,2500.0,0
SYN-REP-13809,SYN-U-12478,SYN-LN-6309,5000.0,1250.0,2026-07-20,2026-07-20,0,1250.0,0
SYN-REP-13810,SYN-U-12335,SYN-LN-6310,10000.0,2500.0,2026-07-14,2026-07-14,0,2500.0,0
SYN-REP-13811,SYN-U-17393,SYN-LN-6311,40000.0,10000.0,2025-06-04,2025-06-04,0,10000.0,0
SYN-REP-13812,SYN-U-12457,SYN-LN-6312,25000.0,6250.0,2025-08-20,2025-08-20,0,6250.0,0
SYN-REP-13813,SYN-U-16872,SYN-LN-6313,15000.0,3750.0,2026-01-25,2026-01-25,0,3750.0,0
SYN-REP-13814,SYN-U-13851,SYN-LN-6314,15000.0,3750.0,2025-07-20,2025-07-22,2,3750.0,0
SYN-REP-13815,SYN-U-14505,SYN-LN-6315,40000.0,10000.0,2026-01-25,2026-01-25,0,10000.0,0
SYN-REP-13816,SYN-U-12316,SYN-LN-6316,40000.0,10000.0,2026-01-31,2026-01-31,0,10000.0,0
SYN-REP-13817,SYN-U-14744,SYN-LN-6317,10000.0,2500.0,2025-07-31,2025-07-31,0,2500.0,0
SYN-REP-13818,SYN-U-11424,SYN-LN-6318,5000.0,1250.0,2025-08-23,2025-08-23,0,1250.0,0
SYN-REP-13819,SYN-U-15993,SYN-LN-6319,40000.0,10000.0,2025-12-20,2025-12-20,0,10000.0,0
SYN-REP-13820,SYN-U-19965,SYN-LN-6320,10000.0,2500.0,2026-08-01,2026-08-01,0,2500.0,0
SYN-REP-13821,SYN-U-16091,SYN-LN-6321,40000.0,10000.0,2026-07-06,2026-07-06,0,10000.0,0
SYN-REP-13822,SYN-U-18567,SYN-LN-6322,15000.0,3750.0,2026-05-20,2026-05-20,0,3750.0,0
SYN-REP-13823,SYN-U-13618,SYN-LN-6323,10000.0,2500.0,2025-11-25,2025-11-25,0,2500.0,0
SYN-REP-13824,SYN-U-12461,SYN-LN-6324,25000.0,6250.0,2026-01-26,2026-01-30,4,6250.0,0
SYN-REP-13825,SYN-U-17641,SYN-LN-6325,10000.0,2500.0,2026-08-03,2026-08-03,0,2500.0,0
SYN-REP-13826,SYN-U-19091,SYN-LN-6326,25000.0,6250.0,2025-08-16,2025-08-16,0,6250.0,0
SYN-REP-13827,SYN-U-10626,SYN-LN-6327,25000.0,6250.0,2026-06-18,2026-06-18,0,6250.0,0
SYN-REP-13828,SYN-U-19102,SYN-LN-6328,40000.0,10000.0,2025-06-06,2025-06-06,0,10000.0,0
SYN-REP-13829,SYN-U-17998,SYN-LN-6329,40000.0,10000.0,2025-12-23,2025-12-23,0,10000.0,0
SYN-REP-13830,SYN-U-11418,SYN-LN-6330,5000.0,1250.0,2025-06-01,,76,487.65,1
SYN-REP-13831,SYN-U-13126,SYN-LN-6331,15000.0,3750.0,2026-05-10,2026-05-10,0,3750.0,0
SYN-REP-13832,SYN-U-16198,SYN-LN-6332,40000.0,10000.0,2026-02-09,2026-02-09,0,10000.0,0
SYN-REP-13833,SYN-U-16333,SYN-LN-6333,10000.0,2500.0,2026-05-02,2026-05-02,0,2500.0,0
SYN-REP-13834,SYN-U-13846,SYN-LN-6334,10000.0,2500.0,2026-03-19,2026-03-19,0,2500.0,0
SYN-REP-13835,SYN-U-11828,SYN-LN-6335,15000.0,3750.0,2026-02-23,2026-02-23,0,3750.0,0
SYN-REP-13836,SYN-U-13317,SYN-LN-6336,10000.0,2500.0,2026-07-05,2026-07-05,0,2500.0,0
SYN-REP-13837,SYN-U-11142,SYN-LN-6337,40000.0,10000.0,2025-10-03,2025-10-03,0,10000.0,0
SYN-REP-13838,SYN-U-12897,SYN-LN-6338,40000.0,10000.0,2025-08-02,2025-08-02,0,10000.0,0
SYN-REP-13839,SYN-U-15663,SYN-LN-6339,15000.0,3750.0,2025-12-08,2025-12-08,0,3750.0,0
SYN-REP-13840,SYN-U-12046,SYN-LN-6340,40000.0,10000.0,2026-03-06,2026-03-06,0,10000.0,0
SYN-REP-13841,SYN-U-10709,SYN-LN-6341,5000.0,1250.0,2025-09-25,2025-11-10,46,1250.0,0
SYN-REP-13842,SYN-U-17217,SYN-LN-6342,40000.0,10000.0,2025-06-27,2025-06-28,1,10000.0,0
SYN-REP-13843,SYN-U-11805,SYN-LN-6343,15000.0,3750.0,2025-07-13,2025-07-14,1,3750.0,0
SYN-REP-13844,SYN-U-18100,SYN-LN-6344,40000.0,10000.0,2025-12-08,2025-12-08,0,10000.0,0
SYN-REP-13845,SYN-U-15523,SYN-LN-6345,15000.0,3750.0,2026-01-11,2026-01-11,0,3750.0,0
SYN-REP-13846,SYN-U-13563,SYN-LN-6346,10000.0,2500.0,2026-01-23,2026-01-23,0,2500.0,0
SYN-REP-13847,SYN-U-16709,SYN-LN-6347,10000.0,2500.0,2025-06-24,2025-06-24,0,2500.0,0
SYN-REP-13848,SYN-U-15652,SYN-LN-6348,25000.0,6250.0,2026-06-13,2026-06-13,0,6250.0,0
SYN-REP-13849,SYN-U-13854,SYN-LN-6349,25000.0,6250.0,2025-07-30,2025-07-30,0,6250.0,0
SYN-REP-13850,SYN-U-13654,SYN-LN-6350,25000.0,6250.0,2026-08-20,2026-08-20,0,6250.0,0
SYN-REP-13851,SYN-U-14805,SYN-LN-6351,10000.0,2500.0,2026-05-23,2026-05-23,0,2500.0,0
SYN-REP-13852,SYN-U-14382,SYN-LN-6352,5000.0,1250.0,2025-10-20,2025-10-20,0,1250.0,0
SYN-REP-13853,SYN-U-10808,SYN-LN-6353,10000.0,2500.0,2026-05-24,2026-05-24,0,2500.0,0
SYN-REP-13854,SYN-U-16353,SYN-LN-6354,25000.0,6250.0,2025-06-18,2025-06-18,0,6250.0,0
SYN-REP-13855,SYN-U-14689,SYN-LN-6355,25000.0,6250.0,2026-06-18,2026-06-18,0,6250.0,0
SYN-REP-13856,SYN-U-19126,SYN-LN-6356,15000.0,3750.0,2025-06-07,2025-06-08,1,3750.0,0
SYN-REP-13857,SYN-U-19114,SYN-LN-6357,15000.0,3750.0,2026-06-16,2026-06-20,4,3750.0,0
SYN-REP-13858,SYN-U-11579,SYN-LN-6358,15000.0,3750.0,2025-11-26,2025-11-26,0,3750.0,0
SYN-REP-13859,SYN-U-16613,SYN-LN-6359,40000.0,10000.0,2025-07-23,2025-07-23,0,10000.0,0
SYN-REP-13860,SYN-U-19077,SYN-LN-6360,15000.0,3750.0,2026-06-23,2026-06-23,0,3750.0,0
SYN-REP-13861,SYN-U-13508,SYN-LN-6361,40000.0,10000.0,2026-03-28,2026-03-28,0,10000.0,0
SYN-REP-13862,SYN-U-19042,SYN-LN-6362,25000.0,6250.0,2026-07-29,2026-07-29,0,6250.0,0
SYN-REP-13863,SYN-U-11692,SYN-LN-6363,40000.0,10000.0,2026-02-06,,78,3309.15,1
SYN-REP-13864,SYN-U-11619,SYN-LN-6364,5000.0,1250.0,2026-06-22,2026-06-22,0,1250.0,0
SYN-REP-13865,SYN-U-13031,SYN-LN-6365,15000.0,3750.0,2025-10-16,2025-10-16,0,3750.0,0
SYN-REP-13866,SYN-U-17947,SYN-LN-6366,10000.0,2500.0,2025-06-06,2025-06-06,0,2500.0,0
SYN-REP-13867,SYN-U-14781,SYN-LN-6367,5000.0,1250.0,2025-06-27,2025-06-27,0,1250.0,0
SYN-REP-13868,SYN-U-10447,SYN-LN-6368,15000.0,3750.0,2026-05-30,2026-05-30,0,3750.0,0
SYN-REP-13869,SYN-U-18102,SYN-LN-6369,40000.0,10000.0,2026-05-02,2026-05-02,0,10000.0,0
SYN-REP-13870,SYN-U-11044,SYN-LN-6370,25000.0,6250.0,2025-07-11,2025-07-11,0,6250.0,0
SYN-REP-13871,SYN-U-19521,SYN-LN-6371,15000.0,3750.0,2025-09-03,2025-09-03,0,3750.0,0
SYN-REP-13872,SYN-U-13302,SYN-LN-6372,5000.0,1250.0,2026-08-19,2026-08-22,3,1250.0,0
SYN-REP-13873,SYN-U-15806,SYN-LN-6373,15000.0,3750.0,2026-07-11,2026-07-11,0,3750.0,0
SYN-REP-13874,SYN-U-11631,SYN-LN-6374,5000.0,1250.0,2025-09-24,2025-09-24,0,1250.0,0
SYN-REP-13875,SYN-U-18174,SYN-LN-6375,5000.0,1250.0,2026-01-10,2026-03-04,53,1250.0,0
SYN-REP-13876,SYN-U-14961,SYN-LN-6376,25000.0,6250.0,2026-04-07,2026-04-07,0,6250.0,0
SYN-REP-13877,SYN-U-12720,SYN-LN-6377,25000.0,6250.0,2025-06-13,2025-06-13,0,6250.0,0
SYN-REP-13878,SYN-U-17200,SYN-LN-6378,5000.0,1250.0,2025-12-11,2025-12-11,0,1250.0,0
SYN-REP-13879,SYN-U-11479,SYN-LN-6379,5000.0,1250.0,2026-05-18,2026-05-18,0,1250.0,0
SYN-REP-13880,SYN-U-14417,SYN-LN-6380,40000.0,10000.0,2026-08-08,2026-08-08,0,10000.0,0
SYN-REP-13881,SYN-U-19792,SYN-LN-6381,5000.0,1250.0,2025-10-24,2025-10-24,0,1250.0,0
SYN-REP-13882,SYN-U-19058,SYN-LN-6382,15000.0,3750.0,2026-06-28,2026-06-28,0,3750.0,0
SYN-REP-13883,SYN-U-18689,SYN-LN-6383,5000.0,1250.0,2025-12-12,2025-12-12,0,1250.0,0
SYN-REP-13884,SYN-U-19872,SYN-LN-6384,10000.0,2500.0,2026-05-26,,85,453.77,1
SYN-REP-13885,SYN-U-10657,SYN-LN-6385,10000.0,2500.0,2026-05-13,2026-05-13,0,2500.0,0
SYN-REP-13886,SYN-U-11697,SYN-LN-6386,40000.0,10000.0,2025-06-10,2025-06-10,0,10000.0,0
SYN-REP-13887,SYN-U-11941,SYN-LN-6387,5000.0,1250.0,2025-11-25,2025-11-25,0,1250.0,0
SYN-REP-13888,SYN-U-14890,SYN-LN-6388,5000.0,1250.0,2025-10-07,2025-10-07,0,1250.0,0
SYN-REP-13889,SYN-U-17062,SYN-LN-6389,25000.0,6250.0,2026-03-07,2026-03-07,0,6250.0,0
SYN-REP-13890,SYN-U-12958,SYN-LN-6390,5000.0,1250.0,2026-03-30,2026-03-30,0,1250.0,0
SYN-REP-13891,SYN-U-19845,SYN-LN-6391,10000.0,2500.0,2026-01-04,2026-01-04,0,2500.0,0
SYN-REP-13892,SYN-U-19131,SYN-LN-6392,25000.0,6250.0,2025-07-12,2025-07-12,0,6250.0,0
SYN-REP-13893,SYN-U-18257,SYN-LN-6393,40000.0,10000.0,2025-12-02,2025-12-02,0,10000.0,0
SYN-REP-13894,SYN-U-18010,SYN-LN-6394,15000.0,3750.0,2025-07-06,2025-07-06,0,3750.0,0
SYN-REP-13895,SYN-U-18125,SYN-LN-6395,15000.0,3750.0,2025-09-09,2025-09-09,0,3750.0,0
SYN-REP-13896,SYN-U-19326,SYN-LN-6396,40000.0,10000.0,2026-04-29,2026-04-29,0,10000.0,0
SYN-REP-13897,SYN-U-19204,SYN-LN-6397,10000.0,2500.0,2026-04-08,2026-04-08,0,2500.0,0
SYN-REP-13898,SYN-U-17134,SYN-LN-6398,5000.0,1250.0,2026-05-22,2026-05-22,0,1250.0,0
SYN-REP-13899,SYN-U-17950,SYN-LN-6399,5000.0,1250.0,2026-02-19,2026-02-19,0,1250.0,0
SYN-REP-13900,SYN-U-18863,SYN-LN-6400,15000.0,3750.0,2026-05-19,2026-05-19,0,3750.0,0
SYN-REP-13901,SYN-U-10991,SYN-LN-6401,40000.0,10000.0,2026-06-13,2026-06-13,0,10000.0,0
SYN-REP-13902,SYN-U-11262,SYN-LN-6402,10000.0,2500.0,2025-07-25,2025-07-25,0,2500.0,0
SYN-REP-13903,SYN-U-19570,SYN-LN-6403,10000.0,2500.0,2025-12-15,2025-12-19,4,2500.0,0
SYN-REP-13904,SYN-U-17885,SYN-LN-6404,25000.0,6250.0,2025-08-11,2025-08-11,0,6250.0,0
SYN-REP-13905,SYN-U-12188,SYN-LN-6405,5000.0,1250.0,2026-03-05,2026-03-05,0,1250.0,0
SYN-REP-13906,SYN-U-15149,SYN-LN-6406,10000.0,2500.0,2026-06-16,2026-06-16,0,2500.0,0
SYN-REP-13907,SYN-U-13804,SYN-LN-6407,40000.0,10000.0,2025-12-01,2025-12-01,0,10000.0,0
SYN-REP-13908,SYN-U-15379,SYN-LN-6408,15000.0,3750.0,2026-01-17,2026-01-17,0,3750.0,0
SYN-REP-13909,SYN-U-10775,SYN-LN-6409,5000.0,1250.0,2025-06-10,2025-06-14,4,1250.0,0
SYN-REP-13910,SYN-U-11302,SYN-LN-6410,25000.0,6250.0,2026-06-16,2026-06-16,0,6250.0,0
SYN-REP-13911,SYN-U-19917,SYN-LN-6411,5000.0,1250.0,2025-08-10,2025-08-10,0,1250.0,0
SYN-REP-13912,SYN-U-12139,SYN-LN-6412,25000.0,6250.0,2025-09-26,2025-09-26,0,6250.0,0
SYN-REP-13913,SYN-U-17169,SYN-LN-6413,10000.0,2500.0,2026-02-14,2026-02-14,0,2500.0,0
SYN-REP-13914,SYN-U-11502,SYN-LN-6414,10000.0,2500.0,2025-07-20,2025-07-20,0,2500.0,0
SYN-REP-13915,SYN-U-18166,SYN-LN-6415,40000.0,10000.0,2026-07-18,2026-07-18,0,10000.0,0
SYN-REP-13916,SYN-U-17787,SYN-LN-6416,15000.0,3750.0,2026-05-08,2026-05-08,0,3750.0,0
SYN-REP-13917,SYN-U-19139,SYN-LN-6417,5000.0,1250.0,2026-05-31,2026-05-31,0,1250.0,0
SYN-REP-13918,SYN-U-12435,SYN-LN-6418,40000.0,10000.0,2025-12-12,2025-12-13,1,10000.0,0
SYN-REP-13919,SYN-U-18523,SYN-LN-6419,15000.0,3750.0,2026-04-23,2026-04-23,0,3750.0,0
SYN-REP-13920,SYN-U-16228,SYN-LN-6420,25000.0,6250.0,2026-07-17,2026-07-17,0,6250.0,0
SYN-REP-13921,SYN-U-11322,SYN-LN-6421,5000.0,1250.0,2025-09-02,2025-09-05,3,1250.0,0
SYN-REP-13922,SYN-U-10264,SYN-LN-6422,15000.0,3750.0,2025-10-16,2025-10-16,0,3750.0,0
SYN-REP-13923,SYN-U-14074,SYN-LN-6423,5000.0,1250.0,2026-08-14,2026-08-14,0,1250.0,0
SYN-REP-13924,SYN-U-14118,SYN-LN-6424,15000.0,3750.0,2025-09-06,2025-09-06,0,3750.0,0
SYN-REP-13925,SYN-U-10417,SYN-LN-6425,15000.0,3750.0,2026-07-30,2026-07-31,1,3750.0,0
SYN-REP-13926,SYN-U-12108,SYN-LN-6426,15000.0,3750.0,2025-06-07,2025-06-07,0,3750.0,0
SYN-REP-13927,SYN-U-14451,SYN-LN-6427,10000.0,2500.0,2025-10-04,2025-10-04,0,2500.0,0
SYN-REP-13928,SYN-U-19964,SYN-LN-6428,15000.0,3750.0,2026-01-10,2026-01-10,0,3750.0,0
SYN-REP-13929,SYN-U-13242,SYN-LN-6429,10000.0,2500.0,2025-11-25,2025-11-25,0,2500.0,0
SYN-REP-13930,SYN-U-14735,SYN-LN-6430,5000.0,1250.0,2025-10-19,2025-10-23,4,1250.0,0
SYN-REP-13931,SYN-U-18322,SYN-LN-6431,5000.0,1250.0,2026-04-27,2026-04-27,0,1250.0,0
SYN-REP-13932,SYN-U-13007,SYN-LN-6432,40000.0,10000.0,2026-01-16,2026-01-16,0,10000.0,0
SYN-REP-13933,SYN-U-12415,SYN-LN-6433,15000.0,3750.0,2025-09-19,2025-09-19,0,3750.0,0
SYN-REP-13934,SYN-U-14585,SYN-LN-6434,10000.0,2500.0,2025-07-23,2025-07-23,0,2500.0,0
SYN-REP-13935,SYN-U-10125,SYN-LN-6435,10000.0,2500.0,2026-02-25,2026-02-25,0,2500.0,0
SYN-REP-13936,SYN-U-18661,SYN-LN-6436,15000.0,3750.0,2025-11-26,2025-11-26,0,3750.0,0
SYN-REP-13937,SYN-U-18374,SYN-LN-6437,25000.0,6250.0,2026-05-01,2026-05-01,0,6250.0,0
SYN-REP-13938,SYN-U-10041,SYN-LN-6438,5000.0,1250.0,2026-07-26,2026-07-26,0,1250.0,0
SYN-REP-13939,SYN-U-14833,SYN-LN-6439,25000.0,6250.0,2025-11-15,2025-11-15,0,6250.0,0
SYN-REP-13940,SYN-U-10175,SYN-LN-6440,25000.0,6250.0,2026-08-13,2026-08-13,0,6250.0,0
SYN-REP-13941,SYN-U-15616,SYN-LN-6441,25000.0,6250.0,2025-08-27,2025-08-27,0,6250.0,0
SYN-REP-13942,SYN-U-10276,SYN-LN-6442,25000.0,6250.0,2025-07-23,2025-07-23,0,6250.0,0
SYN-REP-13943,SYN-U-12433,SYN-LN-6443,40000.0,10000.0,2026-03-26,2026-03-26,0,10000.0,0
SYN-REP-13944,SYN-U-17479,SYN-LN-6444,40000.0,10000.0,2026-08-10,2026-08-14,4,10000.0,0
SYN-REP-13945,SYN-U-19691,SYN-LN-6445,25000.0,6250.0,2026-07-21,2026-07-25,4,6250.0,0
SYN-REP-13946,SYN-U-11845,SYN-LN-6446,25000.0,6250.0,2025-12-15,2025-12-15,0,6250.0,0
SYN-REP-13947,SYN-U-11906,SYN-LN-6447,5000.0,1250.0,2026-01-04,2026-01-04,0,1250.0,0
SYN-REP-13948,SYN-U-18742,SYN-LN-6448,25000.0,6250.0,2026-04-29,2026-04-29,0,6250.0,0
SYN-REP-13949,SYN-U-10420,SYN-LN-6449,10000.0,2500.0,2025-10-14,2025-10-14,0,2500.0,0
SYN-REP-13950,SYN-U-15186,SYN-LN-6450,10000.0,2500.0,2026-06-01,2026-06-01,0,2500.0,0
SYN-REP-13951,SYN-U-11686,SYN-LN-6451,40000.0,10000.0,2026-04-25,2026-04-25,0,10000.0,0
SYN-REP-13952,SYN-U-16379,SYN-LN-6452,5000.0,1250.0,2026-06-29,2026-06-29,0,1250.0,0
SYN-REP-13953,SYN-U-15941,SYN-LN-6453,5000.0,1250.0,2026-05-17,2026-05-17,0,1250.0,0
SYN-REP-13954,SYN-U-13365,SYN-LN-6454,15000.0,3750.0,2026-03-13,2026-03-13,0,3750.0,0
SYN-REP-13955,SYN-U-16726,SYN-LN-6455,15000.0,3750.0,2026-01-06,2026-01-09,3,3750.0,0
SYN-REP-13956,SYN-U-18836,SYN-LN-6456,40000.0,10000.0,2025-11-14,2025-11-14,0,10000.0,0
SYN-REP-13957,SYN-U-13051,SYN-LN-6457,15000.0,3750.0,2026-01-08,2026-01-09,1,3750.0,0
SYN-REP-13958,SYN-U-14850,SYN-LN-6458,5000.0,1250.0,2025-08-06,2025-08-06,0,1250.0,0
SYN-REP-13959,SYN-U-14776,SYN-LN-6459,5000.0,1250.0,2026-07-03,2026-07-03,0,1250.0,0
SYN-REP-13960,SYN-U-11161,SYN-LN-6460,10000.0,2500.0,2026-05-04,2026-05-04,0,2500.0,0
SYN-REP-13961,SYN-U-16067,SYN-LN-6461,10000.0,2500.0,2026-05-24,2026-05-24,0,2500.0,0
SYN-REP-13962,SYN-U-12175,SYN-LN-6462,5000.0,1250.0,2026-07-09,2026-07-12,3,1250.0,0
SYN-REP-13963,SYN-U-10895,SYN-LN-6463,5000.0,1250.0,2025-11-22,2025-11-22,0,1250.0,0
SYN-REP-13964,SYN-U-15586,SYN-LN-6464,40000.0,10000.0,2026-01-20,2026-01-23,3,10000.0,0
SYN-REP-13965,SYN-U-15719,SYN-LN-6465,40000.0,10000.0,2026-02-16,2026-02-16,0,10000.0,0
SYN-REP-13966,SYN-U-18035,SYN-LN-6466,25000.0,6250.0,2026-07-20,2026-07-20,0,6250.0,0
SYN-REP-13967,SYN-U-12548,SYN-LN-6467,5000.0,1250.0,2026-04-17,2026-04-19,2,1250.0,0
SYN-REP-13968,SYN-U-15185,SYN-LN-6468,25000.0,6250.0,2025-08-15,2025-08-16,1,6250.0,0
SYN-REP-13969,SYN-U-18162,SYN-LN-6469,5000.0,1250.0,2025-10-17,2025-10-17,0,1250.0,0
SYN-REP-13970,SYN-U-12700,SYN-LN-6470,5000.0,1250.0,2026-05-19,2026-05-19,0,1250.0,0
SYN-REP-13971,SYN-U-17866,SYN-LN-6471,10000.0,2500.0,2026-05-13,2026-05-14,1,2500.0,0
SYN-REP-13972,SYN-U-10001,SYN-LN-6472,40000.0,10000.0,2025-09-09,2025-09-09,0,10000.0,0
SYN-REP-13973,SYN-U-15492,SYN-LN-6473,10000.0,2500.0,2026-04-05,2026-04-05,0,2500.0,0
SYN-REP-13974,SYN-U-17420,SYN-LN-6474,25000.0,6250.0,2026-01-02,2026-01-02,0,6250.0,0
SYN-REP-13975,SYN-U-11230,SYN-LN-6475,40000.0,10000.0,2026-03-30,2026-04-01,2,10000.0,0
SYN-REP-13976,SYN-U-18374,SYN-LN-6476,15000.0,3750.0,2025-09-04,2025-09-04,0,3750.0,0
SYN-REP-13977,SYN-U-13802,SYN-LN-6477,25000.0,6250.0,2026-06-18,2026-06-18,0,6250.0,0
SYN-REP-13978,SYN-U-10494,SYN-LN-6478,25000.0,6250.0,2026-07-23,2026-07-25,2,6250.0,0
SYN-REP-13979,SYN-U-11670,SYN-LN-6479,25000.0,6250.0,2026-07-04,2026-07-04,0,6250.0,0
SYN-REP-13980,SYN-U-10658,SYN-LN-6480,40000.0,10000.0,2025-09-01,2025-09-01,0,10000.0,0
SYN-REP-13981,SYN-U-15692,SYN-LN-6481,15000.0,3750.0,2025-07-03,2025-07-03,0,3750.0,0
SYN-REP-13982,SYN-U-14887,SYN-LN-6482,5000.0,1250.0,2026-06-10,2026-06-10,0,1250.0,0
SYN-REP-13983,SYN-U-10445,SYN-LN-6483,15000.0,3750.0,2025-06-20,2025-06-20,0,3750.0,0
SYN-REP-13984,SYN-U-19816,SYN-LN-6484,5000.0,1250.0,2026-02-08,2026-02-08,0,1250.0,0
SYN-REP-13985,SYN-U-14091,SYN-LN-6485,25000.0,6250.0,2026-07-11,2026-07-11,0,6250.0,0
SYN-REP-13986,SYN-U-10254,SYN-LN-6486,15000.0,3750.0,2025-07-06,2025-07-06,0,3750.0,0
SYN-REP-13987,SYN-U-13789,SYN-LN-6487,15000.0,3750.0,2025-11-06,2025-11-06,0,3750.0,0
SYN-REP-13988,SYN-U-17929,SYN-LN-6488,25000.0,6250.0,2025-06-11,2025-06-11,0,6250.0,0
SYN-REP-13989,SYN-U-19747,SYN-LN-6489,40000.0,10000.0,2026-04-12,2026-04-12,0,10000.0,0
SYN-REP-13990,SYN-U-11165,SYN-LN-6490,5000.0,1250.0,2025-11-13,2025-11-13,0,1250.0,0
SYN-REP-13991,SYN-U-12284,SYN-LN-6491,15000.0,3750.0,2026-06-11,2026-06-11,0,3750.0,0
SYN-REP-13992,SYN-U-15512,SYN-LN-6492,25000.0,6250.0,2025-08-27,2025-08-27,0,6250.0,0
SYN-REP-13993,SYN-U-19779,SYN-LN-6493,40000.0,10000.0,2026-03-26,2026-03-26,0,10000.0,0
SYN-REP-13994,SYN-U-19414,SYN-LN-6494,5000.0,1250.0,2026-01-14,2026-01-18,4,1250.0,0
SYN-REP-13995,SYN-U-18591,SYN-LN-6495,25000.0,6250.0,2025-07-29,2025-07-29,0,6250.0,0
SYN-REP-13996,SYN-U-15926,SYN-LN-6496,15000.0,3750.0,2025-11-01,2025-11-01,0,3750.0,0
SYN-REP-13997,SYN-U-16513,SYN-LN-6497,25000.0,6250.0,2025-08-13,2025-08-13,0,6250.0,0
SYN-REP-13998,SYN-U-15194,SYN-LN-6498,10000.0,2500.0,2026-04-30,2026-05-04,4,2500.0,0
SYN-REP-13999,SYN-U-17611,SYN-LN-6499,40000.0,10000.0,2025-06-04,2025-06-04,0,10000.0,0
SYN-REP-14000,SYN-U-10072,SYN-LN-6500,5000.0,1250.0,2025-08-16,2025-08-18,2,1250.0,0
SYN-REP-14001,SYN-U-15254,SYN-LN-6501,40000.0,10000.0,2025-10-14,2025-10-14,0,10000.0,0
SYN-REP-14002,SYN-U-10398,SYN-LN-6502,10000.0,2500.0,2025-12-10,2025-12-10,0,2500.0,0
SYN-REP-14003,SYN-U-12545,SYN-LN-6503,40000.0,10000.0,2025-11-02,2025-11-02,0,10000.0,0
SYN-REP-14004,SYN-U-10165,SYN-LN-6504,15000.0,3750.0,2026-08-07,2026-08-08,1,3750.0,0
SYN-REP-14005,SYN-U-14832,SYN-LN-6505,10000.0,2500.0,2025-09-16,2025-09-16,0,2500.0,0
SYN-REP-14006,SYN-U-11447,SYN-LN-6506,15000.0,3750.0,2025-07-25,2025-07-25,0,3750.0,0
SYN-REP-14007,SYN-U-18938,SYN-LN-6507,15000.0,3750.0,2026-02-04,2026-02-04,0,3750.0,0
SYN-REP-14008,SYN-U-19432,SYN-LN-6508,15000.0,3750.0,2025-11-27,2025-11-27,0,3750.0,0
SYN-REP-14009,SYN-U-19558,SYN-LN-6509,40000.0,10000.0,2026-06-11,2026-06-11,0,10000.0,0
SYN-REP-14010,SYN-U-10690,SYN-LN-6510,15000.0,3750.0,2026-02-18,2026-02-18,0,3750.0,0
SYN-REP-14011,SYN-U-18595,SYN-LN-6511,15000.0,3750.0,2025-09-11,2025-09-11,0,3750.0,0
SYN-REP-14012,SYN-U-10897,SYN-LN-6512,10000.0,2500.0,2025-08-10,2025-08-13,3,2500.0,0
SYN-REP-14013,SYN-U-11849,SYN-LN-6513,10000.0,2500.0,2026-04-20,2026-04-20,0,2500.0,0
SYN-REP-14014,SYN-U-15311,SYN-LN-6514,25000.0,6250.0,2026-03-06,2026-03-06,0,6250.0,0
SYN-REP-14015,SYN-U-18880,SYN-LN-6515,5000.0,1250.0,2025-10-26,2025-12-06,41,1250.0,0
SYN-REP-14016,SYN-U-13637,SYN-LN-6516,10000.0,2500.0,2026-02-24,2026-02-24,0,2500.0,0
SYN-REP-14017,SYN-U-12670,SYN-LN-6517,5000.0,1250.0,2026-07-06,2026-07-06,0,1250.0,0
SYN-REP-14018,SYN-U-11085,SYN-LN-6518,25000.0,6250.0,2026-04-15,2026-04-15,0,6250.0,0
SYN-REP-14019,SYN-U-19569,SYN-LN-6519,25000.0,6250.0,2026-03-21,2026-03-21,0,6250.0,0
SYN-REP-14020,SYN-U-13877,SYN-LN-6520,25000.0,6250.0,2025-10-28,2025-10-28,0,6250.0,0
SYN-REP-14021,SYN-U-19636,SYN-LN-6521,15000.0,3750.0,2025-08-13,2025-08-13,0,3750.0,0
SYN-REP-14022,SYN-U-16871,SYN-LN-6522,15000.0,3750.0,2026-08-11,2026-08-11,0,3750.0,0
SYN-REP-14023,SYN-U-18813,SYN-LN-6523,10000.0,2500.0,2025-07-11,2025-07-11,0,2500.0,0
SYN-REP-14024,SYN-U-13551,SYN-LN-6524,15000.0,3750.0,2026-07-19,2026-07-19,0,3750.0,0
SYN-REP-14025,SYN-U-12048,SYN-LN-6525,40000.0,10000.0,2025-10-20,2025-10-21,1,10000.0,0
SYN-REP-14026,SYN-U-10619,SYN-LN-6526,10000.0,2500.0,2026-03-31,2026-04-02,2,2500.0,0
SYN-REP-14027,SYN-U-17094,SYN-LN-6527,10000.0,2500.0,2026-01-20,2026-01-20,0,2500.0,0
SYN-REP-14028,SYN-U-17351,SYN-LN-6528,5000.0,1250.0,2026-05-07,2026-05-07,0,1250.0,0
SYN-REP-14029,SYN-U-14978,SYN-LN-6529,25000.0,6250.0,2026-07-15,2026-07-15,0,6250.0,0
SYN-REP-14030,SYN-U-14615,SYN-LN-6530,25000.0,6250.0,2026-06-03,2026-06-03,0,6250.0,0
SYN-REP-14031,SYN-U-13670,SYN-LN-6531,15000.0,3750.0,2025-07-13,2025-07-15,2,3750.0,0
SYN-REP-14032,SYN-U-11870,SYN-LN-6532,25000.0,6250.0,2026-04-14,2026-04-14,0,6250.0,0
SYN-REP-14033,SYN-U-16700,SYN-LN-6533,40000.0,10000.0,2026-03-13,2026-03-13,0,10000.0,0
SYN-REP-14034,SYN-U-18212,SYN-LN-6534,5000.0,1250.0,2026-07-27,2026-07-27,0,1250.0,0
SYN-REP-14035,SYN-U-12049,SYN-LN-6535,15000.0,3750.0,2026-06-28,2026-06-28,0,3750.0,0
SYN-REP-14036,SYN-U-13955,SYN-LN-6536,15000.0,3750.0,2025-07-27,2025-08-20,24,3750.0,0
SYN-REP-14037,SYN-U-11674,SYN-LN-6537,25000.0,6250.0,2025-09-08,2025-09-08,0,6250.0,0
SYN-REP-14038,SYN-U-15901,SYN-LN-6538,15000.0,3750.0,2026-02-01,,68,174.51,1
SYN-REP-14039,SYN-U-14712,SYN-LN-6539,25000.0,6250.0,2025-11-06,2025-11-06,0,6250.0,0
SYN-REP-14040,SYN-U-11094,SYN-LN-6540,15000.0,3750.0,2025-07-28,2025-07-28,0,3750.0,0
SYN-REP-14041,SYN-U-15923,SYN-LN-6541,5000.0,1250.0,2026-03-16,2026-03-16,0,1250.0,0
SYN-REP-14042,SYN-U-12454,SYN-LN-6542,10000.0,2500.0,2026-05-11,2026-05-11,0,2500.0,0
SYN-REP-14043,SYN-U-14110,SYN-LN-6543,40000.0,10000.0,2026-05-29,2026-05-29,0,10000.0,0
SYN-REP-14044,SYN-U-12518,SYN-LN-6544,5000.0,1250.0,2026-05-19,2026-05-19,0,1250.0,0
SYN-REP-14045,SYN-U-18882,SYN-LN-6545,40000.0,10000.0,2026-01-27,2026-01-27,0,10000.0,0
SYN-REP-14046,SYN-U-15696,SYN-LN-6546,15000.0,3750.0,2026-04-02,2026-04-02,0,3750.0,0
SYN-REP-14047,SYN-U-15389,SYN-LN-6547,15000.0,3750.0,2026-07-24,2026-07-24,0,3750.0,0
SYN-REP-14048,SYN-U-17723,SYN-LN-6548,5000.0,1250.0,2025-08-05,2025-08-05,0,1250.0,0
SYN-REP-14049,SYN-U-12305,SYN-LN-6549,40000.0,10000.0,2026-03-07,2026-03-07,0,10000.0,0
SYN-REP-14050,SYN-U-11412,SYN-LN-6550,40000.0,10000.0,2025-08-19,2025-08-19,0,10000.0,0
SYN-REP-14051,SYN-U-15538,SYN-LN-6551,5000.0,1250.0,2026-07-29,2026-07-29,0,1250.0,0
SYN-REP-14052,SYN-U-17990,SYN-LN-6552,15000.0,3750.0,2026-04-12,2026-04-12,0,3750.0,0
SYN-REP-14053,SYN-U-16014,SYN-LN-6553,10000.0,2500.0,2025-08-08,2025-08-08,0,2500.0,0
SYN-REP-14054,SYN-U-19510,SYN-LN-6554,5000.0,1250.0,2025-08-18,2025-08-19,1,1250.0,0
SYN-REP-14055,SYN-U-11960,SYN-LN-6555,5000.0,1250.0,2026-07-07,2026-07-07,0,1250.0,0
SYN-REP-14056,SYN-U-19439,SYN-LN-6556,25000.0,6250.0,2025-11-07,2025-11-07,0,6250.0,0
SYN-REP-14057,SYN-U-16964,SYN-LN-6557,40000.0,10000.0,2026-04-08,2026-04-08,0,10000.0,0
SYN-REP-14058,SYN-U-18736,SYN-LN-6558,5000.0,1250.0,2026-04-02,2026-04-02,0,1250.0,0
SYN-REP-14059,SYN-U-11214,SYN-LN-6559,15000.0,3750.0,2026-02-20,2026-02-20,0,3750.0,0
SYN-REP-14060,SYN-U-15235,SYN-LN-6560,10000.0,2500.0,2025-07-14,2025-07-17,3,2500.0,0
SYN-REP-14061,SYN-U-17379,SYN-LN-6561,40000.0,10000.0,2026-05-20,2026-05-20,0,10000.0,0
SYN-REP-14062,SYN-U-13729,SYN-LN-6562,40000.0,10000.0,2025-11-01,2025-11-01,0,10000.0,0
SYN-REP-14063,SYN-U-16300,SYN-LN-6563,10000.0,2500.0,2025-11-14,2025-11-14,0,2500.0,0
SYN-REP-14064,SYN-U-15483,SYN-LN-6564,40000.0,10000.0,2025-11-22,2025-11-22,0,10000.0,0
SYN-REP-14065,SYN-U-17903,SYN-LN-6565,10000.0,2500.0,2026-03-10,2026-03-10,0,2500.0,0
SYN-REP-14066,SYN-U-13047,SYN-LN-6566,25000.0,6250.0,2025-12-28,,70,1270.24,1
SYN-REP-14067,SYN-U-18948,SYN-LN-6567,40000.0,10000.0,2025-07-24,2025-07-24,0,10000.0,0
SYN-REP-14068,SYN-U-13147,SYN-LN-6568,25000.0,6250.0,2025-12-24,2025-12-26,2,6250.0,0
SYN-REP-14069,SYN-U-14953,SYN-LN-6569,40000.0,10000.0,2025-12-15,2025-12-15,0,10000.0,0
SYN-REP-14070,SYN-U-13403,SYN-LN-6570,40000.0,10000.0,2026-02-23,2026-02-23,0,10000.0,0
SYN-REP-14071,SYN-U-11051,SYN-LN-6571,25000.0,6250.0,2025-12-02,2025-12-06,4,6250.0,0
SYN-REP-14072,SYN-U-13232,SYN-LN-6572,15000.0,3750.0,2025-12-01,2025-12-02,1,3750.0,0
SYN-REP-14073,SYN-U-10591,SYN-LN-6573,40000.0,10000.0,2026-07-08,2026-07-08,0,10000.0,0
SYN-REP-14074,SYN-U-13835,SYN-LN-6574,15000.0,3750.0,2025-07-22,2025-07-22,0,3750.0,0
SYN-REP-14075,SYN-U-14235,SYN-LN-6575,10000.0,2500.0,2025-09-08,2025-09-08,0,2500.0,0
SYN-REP-14076,SYN-U-12741,SYN-LN-6576,5000.0,1250.0,2026-03-03,2026-03-03,0,1250.0,0
SYN-REP-14077,SYN-U-17953,SYN-LN-6577,15000.0,3750.0,2026-02-13,2026-02-13,0,3750.0,0
SYN-REP-14078,SYN-U-14394,SYN-LN-6578,10000.0,2500.0,2026-02-13,2026-02-13,0,2500.0,0
SYN-REP-14079,SYN-U-15427,SYN-LN-6579,40000.0,10000.0,2026-04-21,2026-04-21,0,10000.0,0
SYN-REP-14080,SYN-U-19816,SYN-LN-6580,25000.0,6250.0,2025-12-11,,86,734.44,1
SYN-REP-14081,SYN-U-11784,SYN-LN-6581,40000.0,10000.0,2026-04-09,2026-04-09,0,10000.0,0
SYN-REP-14082,SYN-U-19650,SYN-LN-6582,5000.0,1250.0,2025-09-15,2025-09-15,0,1250.0,0
SYN-REP-14083,SYN-U-16535,SYN-LN-6583,15000.0,3750.0,2025-08-24,2025-08-26,2,3750.0,0
SYN-REP-14084,SYN-U-16901,SYN-LN-6584,5000.0,1250.0,2026-03-13,2026-03-13,0,1250.0,0
SYN-REP-14085,SYN-U-13539,SYN-LN-6585,10000.0,2500.0,2025-09-18,2025-09-18,0,2500.0,0
SYN-REP-14086,SYN-U-13777,SYN-LN-6586,5000.0,1250.0,2025-12-08,2025-12-08,0,1250.0,0
SYN-REP-14087,SYN-U-10009,SYN-LN-6587,10000.0,2500.0,2026-04-30,2026-04-30,0,2500.0,0
SYN-REP-14088,SYN-U-17882,SYN-LN-6588,15000.0,3750.0,2025-07-14,2025-07-14,0,3750.0,0
SYN-REP-14089,SYN-U-11636,SYN-LN-6589,15000.0,3750.0,2025-09-02,2025-09-04,2,3750.0,0
SYN-REP-14090,SYN-U-18689,SYN-LN-6590,15000.0,3750.0,2026-03-01,2026-03-01,0,3750.0,0
SYN-REP-14091,SYN-U-12420,SYN-LN-6591,25000.0,6250.0,2025-06-27,2025-06-27,0,6250.0,0
SYN-REP-14092,SYN-U-12771,SYN-LN-6592,5000.0,1250.0,2025-07-20,2025-07-20,0,1250.0,0
SYN-REP-14093,SYN-U-17937,SYN-LN-6593,15000.0,3750.0,2025-09-22,2025-09-25,3,3750.0,0
SYN-REP-14094,SYN-U-17094,SYN-LN-6594,5000.0,1250.0,2025-08-26,2025-08-26,0,1250.0,0
SYN-REP-14095,SYN-U-17361,SYN-LN-6595,10000.0,2500.0,2026-05-20,2026-05-20,0,2500.0,0
SYN-REP-14096,SYN-U-14363,SYN-LN-6596,15000.0,3750.0,2026-04-30,2026-04-30,0,3750.0,0
SYN-REP-14097,SYN-U-19192,SYN-LN-6597,10000.0,2500.0,2026-05-09,2026-05-09,0,2500.0,0
SYN-REP-14098,SYN-U-16228,SYN-LN-6598,15000.0,3750.0,2026-05-26,2026-05-26,0,3750.0,0
SYN-REP-14099,SYN-U-11281,SYN-LN-6599,10000.0,2500.0,2026-01-29,2026-03-10,40,2500.0,0
SYN-REP-14100,SYN-U-15438,SYN-LN-6600,10000.0,2500.0,2026-05-06,2026-05-06,0,2500.0,0
SYN-REP-14101,SYN-U-14027,SYN-LN-6601,15000.0,3750.0,2025-11-06,2025-11-06,0,3750.0,0
SYN-REP-14102,SYN-U-19390,SYN-LN-6602,25000.0,6250.0,2025-08-22,2025-08-22,0,6250.0,0
SYN-REP-14103,SYN-U-13340,SYN-LN-6603,25000.0,6250.0,2026-06-07,2026-06-07,0,6250.0,0
SYN-REP-14104,SYN-U-13494,SYN-LN-6604,10000.0,2500.0,2025-08-06,2025-08-06,0,2500.0,0
SYN-REP-14105,SYN-U-14520,SYN-LN-6605,40000.0,10000.0,2025-10-03,2025-10-03,0,10000.0,0
SYN-REP-14106,SYN-U-16106,SYN-LN-6606,40000.0,10000.0,2025-12-18,2026-01-12,25,10000.0,0
SYN-REP-14107,SYN-U-16107,SYN-LN-6607,10000.0,2500.0,2026-02-26,2026-02-26,0,2500.0,0
SYN-REP-14108,SYN-U-19193,SYN-LN-6608,5000.0,1250.0,2026-07-27,2026-07-27,0,1250.0,0
SYN-REP-14109,SYN-U-16046,SYN-LN-6609,10000.0,2500.0,2025-09-07,2025-09-07,0,2500.0,0
SYN-REP-14110,SYN-U-12742,SYN-LN-6610,5000.0,1250.0,2025-08-27,2025-08-28,1,1250.0,0
SYN-REP-14111,SYN-U-18498,SYN-LN-6611,25000.0,6250.0,2026-06-07,2026-06-07,0,6250.0,0
SYN-REP-14112,SYN-U-16592,SYN-LN-6612,10000.0,2500.0,2026-05-05,2026-05-05,0,2500.0,0
SYN-REP-14113,SYN-U-10258,SYN-LN-6613,40000.0,10000.0,2026-07-11,2026-07-12,1,10000.0,0
SYN-REP-14114,SYN-U-12646,SYN-LN-6614,25000.0,6250.0,2026-02-11,2026-03-02,19,6250.0,0
SYN-REP-14115,SYN-U-14918,SYN-LN-6615,10000.0,2500.0,2025-11-17,2025-11-17,0,2500.0,0
SYN-REP-14116,SYN-U-19857,SYN-LN-6616,5000.0,1250.0,2026-07-29,2026-07-29,0,1250.0,0
SYN-REP-14117,SYN-U-14530,SYN-LN-6617,10000.0,2500.0,2025-08-13,2025-08-13,0,2500.0,0
SYN-REP-14118,SYN-U-13174,SYN-LN-6618,15000.0,3750.0,2026-02-10,2026-02-10,0,3750.0,0
SYN-REP-14119,SYN-U-16789,SYN-LN-6619,25000.0,6250.0,2025-12-29,2025-12-31,2,6250.0,0
SYN-REP-14120,SYN-U-13065,SYN-LN-6620,10000.0,2500.0,2025-07-01,2025-07-01,0,2500.0,0
SYN-REP-14121,SYN-U-11373,SYN-LN-6621,25000.0,6250.0,2025-08-09,2025-08-09,0,6250.0,0
SYN-REP-14122,SYN-U-18741,SYN-LN-6622,15000.0,3750.0,2026-07-10,2026-07-12,2,3750.0,0
SYN-REP-14123,SYN-U-18700,SYN-LN-6623,25000.0,6250.0,2025-07-18,2025-07-18,0,6250.0,0
SYN-REP-14124,SYN-U-12814,SYN-LN-6624,40000.0,10000.0,2025-09-30,2025-09-30,0,10000.0,0
SYN-REP-14125,SYN-U-12301,SYN-LN-6625,40000.0,10000.0,2025-11-05,2025-11-05,0,10000.0,0
SYN-REP-14126,SYN-U-15808,SYN-LN-6626,15000.0,3750.0,2026-04-14,2026-04-14,0,3750.0,0
SYN-REP-14127,SYN-U-19831,SYN-LN-6627,25000.0,6250.0,2026-05-03,2026-05-03,0,6250.0,0
SYN-REP-14128,SYN-U-10196,SYN-LN-6628,5000.0,1250.0,2026-07-24,2026-07-24,0,1250.0,0
SYN-REP-14129,SYN-U-19634,SYN-LN-6629,5000.0,1250.0,2026-06-21,2026-06-24,3,1250.0,0
SYN-REP-14130,SYN-U-10191,SYN-LN-6630,10000.0,2500.0,2026-07-28,2026-07-28,0,2500.0,0
SYN-REP-14131,SYN-U-14958,SYN-LN-6631,5000.0,1250.0,2025-06-16,2025-06-17,1,1250.0,0
SYN-REP-14132,SYN-U-19062,SYN-LN-6632,40000.0,10000.0,2026-01-20,2026-01-20,0,10000.0,0
SYN-REP-14133,SYN-U-14561,SYN-LN-6633,15000.0,3750.0,2026-01-12,2026-01-12,0,3750.0,0
SYN-REP-14134,SYN-U-19848,SYN-LN-6634,40000.0,10000.0,2025-06-01,2025-06-01,0,10000.0,0
SYN-REP-14135,SYN-U-18005,SYN-LN-6635,15000.0,3750.0,2026-07-03,2026-07-03,0,3750.0,0
SYN-REP-14136,SYN-U-17809,SYN-LN-6636,25000.0,6250.0,2025-11-28,2025-11-28,0,6250.0,0
SYN-REP-14137,SYN-U-14459,SYN-LN-6637,10000.0,2500.0,2025-07-15,2025-07-15,0,2500.0,0
SYN-REP-14138,SYN-U-13008,SYN-LN-6638,10000.0,2500.0,2025-12-04,2025-12-04,0,2500.0,0
SYN-REP-14139,SYN-U-14878,SYN-LN-6639,15000.0,3750.0,2026-01-29,2026-01-29,0,3750.0,0
SYN-REP-14140,SYN-U-13954,SYN-LN-6640,40000.0,10000.0,2025-12-21,2025-12-21,0,10000.0,0
SYN-REP-14141,SYN-U-15401,SYN-LN-6641,10000.0,2500.0,2026-06-15,2026-06-15,0,2500.0,0
SYN-REP-14142,SYN-U-12746,SYN-LN-6642,25000.0,6250.0,2025-11-09,2025-11-09,0,6250.0,0
SYN-REP-14143,SYN-U-15817,SYN-LN-6643,10000.0,2500.0,2026-04-20,2026-04-20,0,2500.0,0
SYN-REP-14144,SYN-U-15187,SYN-LN-6644,15000.0,3750.0,2025-09-18,2025-09-18,0,3750.0,0
SYN-REP-14145,SYN-U-16402,SYN-LN-6645,5000.0,1250.0,2025-06-26,2025-06-26,0,1250.0,0
SYN-REP-14146,SYN-U-13799,SYN-LN-6646,10000.0,2500.0,2026-03-22,2026-03-22,0,2500.0,0
SYN-REP-14147,SYN-U-13693,SYN-LN-6647,5000.0,1250.0,2026-02-14,2026-02-16,2,1250.0,0
SYN-REP-14148,SYN-U-11657,SYN-LN-6648,15000.0,3750.0,2026-03-13,2026-03-13,0,3750.0,0
SYN-REP-14149,SYN-U-11620,SYN-LN-6649,15000.0,3750.0,2026-03-12,2026-03-12,0,3750.0,0
SYN-REP-14150,SYN-U-12264,SYN-LN-6650,15000.0,3750.0,2026-06-05,2026-06-05,0,3750.0,0
SYN-REP-14151,SYN-U-16668,SYN-LN-6651,5000.0,1250.0,2025-08-04,2025-08-06,2,1250.0,0
SYN-REP-14152,SYN-U-19185,SYN-LN-6652,40000.0,10000.0,2025-12-23,2025-12-23,0,10000.0,0
SYN-REP-14153,SYN-U-15326,SYN-LN-6653,25000.0,6250.0,2025-06-14,2025-06-14,0,6250.0,0
SYN-REP-14154,SYN-U-16683,SYN-LN-6654,40000.0,10000.0,2025-08-27,2025-10-22,56,10000.0,0
SYN-REP-14155,SYN-U-17473,SYN-LN-6655,5000.0,1250.0,2025-08-27,2025-08-27,0,1250.0,0
SYN-REP-14156,SYN-U-16128,SYN-LN-6656,25000.0,6250.0,2025-07-06,2025-07-06,0,6250.0,0
SYN-REP-14157,SYN-U-12954,SYN-LN-6657,25000.0,6250.0,2025-06-09,2025-06-09,0,6250.0,0
SYN-REP-14158,SYN-U-18009,SYN-LN-6658,10000.0,2500.0,2025-10-06,2025-10-06,0,2500.0,0
SYN-REP-14159,SYN-U-18515,SYN-LN-6659,15000.0,3750.0,2025-07-20,2025-07-20,0,3750.0,0
SYN-REP-14160,SYN-U-17238,SYN-LN-6660,25000.0,6250.0,2025-12-06,2025-12-06,0,6250.0,0
SYN-REP-14161,SYN-U-11957,SYN-LN-6661,15000.0,3750.0,2025-08-03,2025-08-03,0,3750.0,0
SYN-REP-14162,SYN-U-14883,SYN-LN-6662,25000.0,6250.0,2026-01-28,2026-01-28,0,6250.0,0
SYN-REP-14163,SYN-U-19270,SYN-LN-6663,10000.0,2500.0,2026-03-02,2026-03-02,0,2500.0,0
SYN-REP-14164,SYN-U-17073,SYN-LN-6664,5000.0,1250.0,2025-11-18,2025-11-18,0,1250.0,0
SYN-REP-14165,SYN-U-16131,SYN-LN-6665,5000.0,1250.0,2026-04-29,2026-04-29,0,1250.0,0
SYN-REP-14166,SYN-U-17962,SYN-LN-6666,5000.0,1250.0,2025-09-30,2025-09-30,0,1250.0,0
SYN-REP-14167,SYN-U-13722,SYN-LN-6667,15000.0,3750.0,2025-12-21,2025-12-21,0,3750.0,0
SYN-REP-14168,SYN-U-12361,SYN-LN-6668,15000.0,3750.0,2026-03-16,2026-05-08,53,3750.0,0
SYN-REP-14169,SYN-U-10994,SYN-LN-6669,40000.0,10000.0,2026-07-20,2026-07-20,0,10000.0,0
SYN-REP-14170,SYN-U-19779,SYN-LN-6670,5000.0,1250.0,2026-01-22,2026-01-22,0,1250.0,0
SYN-REP-14171,SYN-U-19714,SYN-LN-6671,25000.0,6250.0,2026-07-14,2026-07-15,1,6250.0,0
SYN-REP-14172,SYN-U-11967,SYN-LN-6672,15000.0,3750.0,2026-06-28,2026-06-28,0,3750.0,0
SYN-REP-14173,SYN-U-12625,SYN-LN-6673,15000.0,3750.0,2026-05-15,2026-05-15,0,3750.0,0
SYN-REP-14174,SYN-U-12416,SYN-LN-6674,40000.0,10000.0,2026-07-23,2026-07-23,0,10000.0,0
SYN-REP-14175,SYN-U-14440,SYN-LN-6675,40000.0,10000.0,2026-07-20,2026-07-20,0,10000.0,0
SYN-REP-14176,SYN-U-17127,SYN-LN-6676,25000.0,6250.0,2026-01-21,2026-01-21,0,6250.0,0
SYN-REP-14177,SYN-U-12370,SYN-LN-6677,40000.0,10000.0,2025-11-29,2025-11-29,0,10000.0,0
SYN-REP-14178,SYN-U-12484,SYN-LN-6678,5000.0,1250.0,2026-04-04,,90,208.58,1
SYN-REP-14179,SYN-U-12649,SYN-LN-6679,25000.0,6250.0,2025-12-31,2025-12-31,0,6250.0,0
SYN-REP-14180,SYN-U-12157,SYN-LN-6680,5000.0,1250.0,2026-03-07,2026-03-07,0,1250.0,0
SYN-REP-14181,SYN-U-16495,SYN-LN-6681,40000.0,10000.0,2026-07-15,2026-07-15,0,10000.0,0
SYN-REP-14182,SYN-U-10850,SYN-LN-6682,40000.0,10000.0,2026-01-03,2026-01-03,0,10000.0,0
SYN-REP-14183,SYN-U-10371,SYN-LN-6683,15000.0,3750.0,2026-01-17,2026-01-18,1,3750.0,0
SYN-REP-14184,SYN-U-15443,SYN-LN-6684,10000.0,2500.0,2025-07-25,2025-07-25,0,2500.0,0
SYN-REP-14185,SYN-U-18380,SYN-LN-6685,10000.0,2500.0,2025-08-06,2025-08-07,1,2500.0,0
SYN-REP-14186,SYN-U-10928,SYN-LN-6686,40000.0,10000.0,2026-03-23,2026-03-23,0,10000.0,0
SYN-REP-14187,SYN-U-14878,SYN-LN-6687,5000.0,1250.0,2026-04-05,2026-04-05,0,1250.0,0
SYN-REP-14188,SYN-U-14126,SYN-LN-6688,10000.0,2500.0,2026-07-14,2026-07-14,0,2500.0,0
SYN-REP-14189,SYN-U-13139,SYN-LN-6689,25000.0,6250.0,2026-01-24,2026-01-24,0,6250.0,0
SYN-REP-14190,SYN-U-17743,SYN-LN-6690,5000.0,1250.0,2025-11-18,2025-11-18,0,1250.0,0
SYN-REP-14191,SYN-U-12949,SYN-LN-6691,15000.0,3750.0,2025-09-24,2025-09-24,0,3750.0,0
SYN-REP-14192,SYN-U-16907,SYN-LN-6692,15000.0,3750.0,2026-01-20,2026-01-20,0,3750.0,0
SYN-REP-14193,SYN-U-13679,SYN-LN-6693,10000.0,2500.0,2026-04-14,2026-04-14,0,2500.0,0
SYN-REP-14194,SYN-U-17121,SYN-LN-6694,25000.0,6250.0,2026-05-02,2026-05-02,0,6250.0,0
SYN-REP-14195,SYN-U-15349,SYN-LN-6695,40000.0,10000.0,2026-02-01,2026-02-01,0,10000.0,0
SYN-REP-14196,SYN-U-11023,SYN-LN-6696,10000.0,2500.0,2026-01-11,2026-01-11,0,2500.0,0
SYN-REP-14197,SYN-U-10197,SYN-LN-6697,40000.0,10000.0,2025-07-27,2025-07-27,0,10000.0,0
SYN-REP-14198,SYN-U-13706,SYN-LN-6698,15000.0,3750.0,2025-09-02,2025-09-02,0,3750.0,0
SYN-REP-14199,SYN-U-14530,SYN-LN-6699,15000.0,3750.0,2025-12-24,2025-12-24,0,3750.0,0
SYN-REP-14200,SYN-U-11267,SYN-LN-6700,15000.0,3750.0,2026-01-21,2026-01-21,0,3750.0,0
SYN-REP-14201,SYN-U-15954,SYN-LN-6701,5000.0,1250.0,2026-05-26,2026-05-26,0,1250.0,0
SYN-REP-14202,SYN-U-18258,SYN-LN-6702,5000.0,1250.0,2026-02-08,2026-02-11,3,1250.0,0
SYN-REP-14203,SYN-U-10902,SYN-LN-6703,10000.0,2500.0,2026-08-01,2026-08-03,2,2500.0,0
SYN-REP-14204,SYN-U-10532,SYN-LN-6704,15000.0,3750.0,2026-04-12,2026-04-12,0,3750.0,0
SYN-REP-14205,SYN-U-16962,SYN-LN-6705,10000.0,2500.0,2026-08-05,2026-08-05,0,2500.0,0
SYN-REP-14206,SYN-U-12345,SYN-LN-6706,10000.0,2500.0,2026-02-27,2026-02-27,0,2500.0,0
SYN-REP-14207,SYN-U-14558,SYN-LN-6707,5000.0,1250.0,2025-08-18,2025-08-21,3,1250.0,0
SYN-REP-14208,SYN-U-15065,SYN-LN-6708,5000.0,1250.0,2026-03-03,2026-03-03,0,1250.0,0
SYN-REP-14209,SYN-U-14380,SYN-LN-6709,15000.0,3750.0,2026-07-08,2026-07-08,0,3750.0,0
SYN-REP-14210,SYN-U-17908,SYN-LN-6710,10000.0,2500.0,2025-08-27,2025-08-27,0,2500.0,0
SYN-REP-14211,SYN-U-17219,SYN-LN-6711,25000.0,6250.0,2025-11-03,2025-11-03,0,6250.0,0
SYN-REP-14212,SYN-U-17476,SYN-LN-6712,25000.0,6250.0,2025-08-25,2025-08-25,0,6250.0,0
SYN-REP-14213,SYN-U-11439,SYN-LN-6713,5000.0,1250.0,2025-07-05,2025-07-05,0,1250.0,0
SYN-REP-14214,SYN-U-10645,SYN-LN-6714,40000.0,10000.0,2025-06-13,2025-06-13,0,10000.0,0
SYN-REP-14215,SYN-U-10308,SYN-LN-6715,15000.0,3750.0,2025-07-18,2025-07-18,0,3750.0,0
SYN-REP-14216,SYN-U-18335,SYN-LN-6716,15000.0,3750.0,2026-06-10,2026-06-10,0,3750.0,0
SYN-REP-14217,SYN-U-17473,SYN-LN-6717,15000.0,3750.0,2025-09-23,2025-09-26,3,3750.0,0
SYN-REP-14218,SYN-U-17031,SYN-LN-6718,25000.0,6250.0,2025-09-26,2025-09-26,0,6250.0,0
SYN-REP-14219,SYN-U-10676,SYN-LN-6719,25000.0,6250.0,2025-09-30,2025-09-30,0,6250.0,0
SYN-REP-14220,SYN-U-11296,SYN-LN-6720,40000.0,10000.0,2026-05-22,2026-05-22,0,10000.0,0
SYN-REP-14221,SYN-U-11596,SYN-LN-6721,40000.0,10000.0,2025-11-18,2025-11-18,0,10000.0,0
SYN-REP-14222,SYN-U-12772,SYN-LN-6722,5000.0,1250.0,2026-05-26,2026-05-27,1,1250.0,0
SYN-REP-14223,SYN-U-16547,SYN-LN-6723,5000.0,1250.0,2026-03-17,2026-03-17,0,1250.0,0
SYN-REP-14224,SYN-U-16197,SYN-LN-6724,10000.0,2500.0,2025-12-01,2025-12-01,0,2500.0,0
SYN-REP-14225,SYN-U-19456,SYN-LN-6725,40000.0,10000.0,2026-06-17,2026-06-17,0,10000.0,0
SYN-REP-14226,SYN-U-14871,SYN-LN-6726,40000.0,10000.0,2026-08-08,2026-08-10,2,10000.0,0
SYN-REP-14227,SYN-U-19991,SYN-LN-6727,15000.0,3750.0,2026-02-14,2026-02-14,0,3750.0,0
SYN-REP-14228,SYN-U-16686,SYN-LN-6728,25000.0,6250.0,2026-08-22,2026-08-22,0,6250.0,0
SYN-REP-14229,SYN-U-17427,SYN-LN-6729,25000.0,6250.0,2026-08-23,2026-08-23,0,6250.0,0
SYN-REP-14230,SYN-U-15995,SYN-LN-6730,40000.0,10000.0,2026-07-04,2026-07-04,0,10000.0,0
SYN-REP-14231,SYN-U-18626,SYN-LN-6731,25000.0,6250.0,2026-02-28,2026-02-28,0,6250.0,0
SYN-REP-14232,SYN-U-10845,SYN-LN-6732,5000.0,1250.0,2025-08-15,2025-08-15,0,1250.0,0
SYN-REP-14233,SYN-U-11849,SYN-LN-6733,40000.0,10000.0,2026-01-09,2026-01-09,0,10000.0,0
SYN-REP-14234,SYN-U-16654,SYN-LN-6734,25000.0,6250.0,2025-10-18,2025-10-18,0,6250.0,0
SYN-REP-14235,SYN-U-17381,SYN-LN-6735,40000.0,10000.0,2026-05-17,2026-05-17,0,10000.0,0
SYN-REP-14236,SYN-U-18713,SYN-LN-6736,15000.0,3750.0,2026-04-13,2026-04-13,0,3750.0,0
SYN-REP-14237,SYN-U-18495,SYN-LN-6737,5000.0,1250.0,2025-09-03,2025-09-06,3,1250.0,0
SYN-REP-14238,SYN-U-12631,SYN-LN-6738,25000.0,6250.0,2026-01-27,2026-01-27,0,6250.0,0
SYN-REP-14239,SYN-U-14960,SYN-LN-6739,15000.0,3750.0,2025-06-18,2025-06-18,0,3750.0,0
SYN-REP-14240,SYN-U-19378,SYN-LN-6740,5000.0,1250.0,2026-05-21,2026-05-21,0,1250.0,0
SYN-REP-14241,SYN-U-15839,SYN-LN-6741,25000.0,6250.0,2026-07-16,2026-07-16,0,6250.0,0
SYN-REP-14242,SYN-U-16289,SYN-LN-6742,15000.0,3750.0,2026-04-23,2026-04-23,0,3750.0,0
SYN-REP-14243,SYN-U-11785,SYN-LN-6743,25000.0,6250.0,2025-06-18,2025-06-18,0,6250.0,0
SYN-REP-14244,SYN-U-19240,SYN-LN-6744,5000.0,1250.0,2025-11-04,2025-11-04,0,1250.0,0
SYN-REP-14245,SYN-U-18758,SYN-LN-6745,10000.0,2500.0,2025-08-22,2025-08-22,0,2500.0,0
SYN-REP-14246,SYN-U-10527,SYN-LN-6746,5000.0,1250.0,2026-06-24,2026-06-24,0,1250.0,0
SYN-REP-14247,SYN-U-19321,SYN-LN-6747,40000.0,10000.0,2026-01-18,2026-01-18,0,10000.0,0
SYN-REP-14248,SYN-U-17506,SYN-LN-6748,40000.0,10000.0,2026-03-24,2026-03-24,0,10000.0,0
SYN-REP-14249,SYN-U-12787,SYN-LN-6749,5000.0,1250.0,2026-02-12,2026-02-12,0,1250.0,0
SYN-REP-14250,SYN-U-18778,SYN-LN-6750,40000.0,10000.0,2025-11-20,2025-11-20,0,10000.0,0
SYN-REP-14251,SYN-U-11697,SYN-LN-6751,5000.0,1250.0,2025-06-14,2025-06-14,0,1250.0,0
SYN-REP-14252,SYN-U-13622,SYN-LN-6752,5000.0,1250.0,2025-08-17,2025-08-19,2,1250.0,0
SYN-REP-14253,SYN-U-19327,SYN-LN-6753,15000.0,3750.0,2026-08-23,2026-08-23,0,3750.0,0
SYN-REP-14254,SYN-U-15678,SYN-LN-6754,25000.0,6250.0,2025-09-06,2025-09-06,0,6250.0,0
SYN-REP-14255,SYN-U-13283,SYN-LN-6755,25000.0,6250.0,2025-06-20,2025-06-20,0,6250.0,0
SYN-REP-14256,SYN-U-14924,SYN-LN-6756,25000.0,6250.0,2026-04-21,2026-04-21,0,6250.0,0
SYN-REP-14257,SYN-U-10490,SYN-LN-6757,5000.0,1250.0,2026-08-17,2026-08-17,0,1250.0,0
SYN-REP-14258,SYN-U-18820,SYN-LN-6758,40000.0,10000.0,2026-07-08,2026-07-08,0,10000.0,0
SYN-REP-14259,SYN-U-17696,SYN-LN-6759,10000.0,2500.0,2025-10-30,2025-10-30,0,2500.0,0
SYN-REP-14260,SYN-U-11710,SYN-LN-6760,25000.0,6250.0,2026-01-27,2026-01-27,0,6250.0,0
SYN-REP-14261,SYN-U-14086,SYN-LN-6761,5000.0,1250.0,2025-10-09,2025-10-09,0,1250.0,0
SYN-REP-14262,SYN-U-14014,SYN-LN-6762,10000.0,2500.0,2025-06-28,2025-06-28,0,2500.0,0
SYN-REP-14263,SYN-U-18733,SYN-LN-6763,10000.0,2500.0,2025-06-30,2025-06-30,0,2500.0,0
SYN-REP-14264,SYN-U-11534,SYN-LN-6764,5000.0,1250.0,2025-09-01,2025-09-01,0,1250.0,0
SYN-REP-14265,SYN-U-17980,SYN-LN-6765,5000.0,1250.0,2026-01-06,2026-01-06,0,1250.0,0
SYN-REP-14266,SYN-U-18627,SYN-LN-6766,40000.0,10000.0,2025-06-02,2025-07-15,43,10000.0,0
SYN-REP-14267,SYN-U-15179,SYN-LN-6767,5000.0,1250.0,2026-04-29,2026-04-29,0,1250.0,0
SYN-REP-14268,SYN-U-11894,SYN-LN-6768,10000.0,2500.0,2025-07-27,2025-07-30,3,2500.0,0
SYN-REP-14269,SYN-U-13416,SYN-LN-6769,40000.0,10000.0,2025-12-16,2025-12-16,0,10000.0,0
SYN-REP-14270,SYN-U-19983,SYN-LN-6770,25000.0,6250.0,2026-07-19,2026-07-19,0,6250.0,0
SYN-REP-14271,SYN-U-15851,SYN-LN-6771,40000.0,10000.0,2026-07-21,2026-07-21,0,10000.0,0
SYN-REP-14272,SYN-U-13292,SYN-LN-6772,5000.0,1250.0,2026-02-06,2026-02-06,0,1250.0,0
SYN-REP-14273,SYN-U-16504,SYN-LN-6773,5000.0,1250.0,2025-11-29,2025-12-03,4,1250.0,0
SYN-REP-14274,SYN-U-16388,SYN-LN-6774,15000.0,3750.0,2026-02-06,2026-02-06,0,3750.0,0
SYN-REP-14275,SYN-U-10593,SYN-LN-6775,40000.0,10000.0,2025-11-04,2025-11-04,0,10000.0,0
SYN-REP-14276,SYN-U-19716,SYN-LN-6776,40000.0,10000.0,2025-07-01,2025-07-01,0,10000.0,0
SYN-REP-14277,SYN-U-16716,SYN-LN-6777,10000.0,2500.0,2025-11-23,2025-11-23,0,2500.0,0
SYN-REP-14278,SYN-U-19173,SYN-LN-6778,40000.0,10000.0,2025-10-20,2025-10-20,0,10000.0,0
SYN-REP-14279,SYN-U-13566,SYN-LN-6779,40000.0,10000.0,2026-03-20,2026-03-20,0,10000.0,0
SYN-REP-14280,SYN-U-18022,SYN-LN-6780,40000.0,10000.0,2025-07-06,2025-07-06,0,10000.0,0
SYN-REP-14281,SYN-U-16066,SYN-LN-6781,5000.0,1250.0,2026-03-23,2026-03-23,0,1250.0,0
SYN-REP-14282,SYN-U-15643,SYN-LN-6782,5000.0,1250.0,2026-08-24,2026-08-24,0,1250.0,0
SYN-REP-14283,SYN-U-11953,SYN-LN-6783,25000.0,6250.0,2025-07-27,2025-07-27,0,6250.0,0
SYN-REP-14284,SYN-U-11080,SYN-LN-6784,5000.0,1250.0,2026-01-27,,73,299.52,1
SYN-REP-14285,SYN-U-16856,SYN-LN-6785,15000.0,3750.0,2025-10-26,2025-10-26,0,3750.0,0
SYN-REP-14286,SYN-U-19121,SYN-LN-6786,10000.0,2500.0,2026-01-26,2026-01-26,0,2500.0,0
SYN-REP-14287,SYN-U-17981,SYN-LN-6787,15000.0,3750.0,2026-05-18,2026-05-18,0,3750.0,0
SYN-REP-14288,SYN-U-18269,SYN-LN-6788,25000.0,6250.0,2026-01-05,2026-01-05,0,6250.0,0
SYN-REP-14289,SYN-U-13449,SYN-LN-6789,25000.0,6250.0,2026-08-23,2026-08-24,1,6250.0,0
SYN-REP-14290,SYN-U-16037,SYN-LN-6790,40000.0,10000.0,2025-06-15,2025-06-15,0,10000.0,0
SYN-REP-14291,SYN-U-10311,SYN-LN-6791,5000.0,1250.0,2026-07-03,2026-07-03,0,1250.0,0
SYN-REP-14292,SYN-U-11546,SYN-LN-6792,5000.0,1250.0,2025-09-04,2025-09-05,1,1250.0,0
SYN-REP-14293,SYN-U-10129,SYN-LN-6793,25000.0,6250.0,2026-03-14,2026-03-14,0,6250.0,0
SYN-REP-14294,SYN-U-14230,SYN-LN-6794,25000.0,6250.0,2025-12-23,,85,1777.34,1
SYN-REP-14295,SYN-U-14272,SYN-LN-6795,5000.0,1250.0,2025-11-22,2025-11-24,2,1250.0,0
SYN-REP-14296,SYN-U-18275,SYN-LN-6796,15000.0,3750.0,2026-05-28,2026-05-28,0,3750.0,0
SYN-REP-14297,SYN-U-19847,SYN-LN-6797,25000.0,6250.0,2026-06-13,2026-06-13,0,6250.0,0
SYN-REP-14298,SYN-U-19043,SYN-LN-6798,40000.0,10000.0,2025-09-15,2025-10-11,26,10000.0,0
SYN-REP-14299,SYN-U-10252,SYN-LN-6799,15000.0,3750.0,2026-01-01,2026-01-04,3,3750.0,0
SYN-REP-14300,SYN-U-13643,SYN-LN-6800,15000.0,3750.0,2025-10-08,2025-10-08,0,3750.0,0
SYN-REP-14301,SYN-U-17567,SYN-LN-6801,15000.0,3750.0,2025-09-03,2025-09-03,0,3750.0,0
SYN-REP-14302,SYN-U-19806,SYN-LN-6802,40000.0,10000.0,2026-01-28,2026-01-28,0,10000.0,0
SYN-REP-14303,SYN-U-19443,SYN-LN-6803,40000.0,10000.0,2026-06-24,2026-06-24,0,10000.0,0
SYN-REP-14304,SYN-U-19771,SYN-LN-6804,15000.0,3750.0,2026-02-02,2026-02-02,0,3750.0,0
SYN-REP-14305,SYN-U-15425,SYN-LN-6805,10000.0,2500.0,2026-02-18,2026-02-18,0,2500.0,0
SYN-REP-14306,SYN-U-14621,SYN-LN-6806,15000.0,3750.0,2026-01-02,2026-01-02,0,3750.0,0
SYN-REP-14307,SYN-U-19970,SYN-LN-6807,10000.0,2500.0,2025-07-31,2025-07-31,0,2500.0,0
SYN-REP-14308,SYN-U-18205,SYN-LN-6808,40000.0,10000.0,2026-07-07,2026-07-07,0,10000.0,0
SYN-REP-14309,SYN-U-13709,SYN-LN-6809,40000.0,10000.0,2025-08-30,2025-09-29,30,10000.0,0
SYN-REP-14310,SYN-U-11602,SYN-LN-6810,10000.0,2500.0,2025-12-12,2025-12-12,0,2500.0,0
SYN-REP-14311,SYN-U-15282,SYN-LN-6811,25000.0,6250.0,2025-11-18,2025-11-18,0,6250.0,0
SYN-REP-14312,SYN-U-11883,SYN-LN-6812,25000.0,6250.0,2026-03-22,2026-03-22,0,6250.0,0
SYN-REP-14313,SYN-U-14913,SYN-LN-6813,25000.0,6250.0,2025-10-15,2025-10-15,0,6250.0,0
SYN-REP-14314,SYN-U-16694,SYN-LN-6814,15000.0,3750.0,2025-08-28,2025-08-28,0,3750.0,0
SYN-REP-14315,SYN-U-13101,SYN-LN-6815,25000.0,6250.0,2025-07-22,2025-07-22,0,6250.0,0
SYN-REP-14316,SYN-U-18534,SYN-LN-6816,15000.0,3750.0,2026-08-15,2026-08-17,2,3750.0,0
SYN-REP-14317,SYN-U-15879,SYN-LN-6817,5000.0,1250.0,2025-12-13,2025-12-13,0,1250.0,0
SYN-REP-14318,SYN-U-12291,SYN-LN-6818,25000.0,6250.0,2025-07-26,2025-07-29,3,6250.0,0
SYN-REP-14319,SYN-U-18219,SYN-LN-6819,5000.0,1250.0,2026-01-23,,70,435.54,1
SYN-REP-14320,SYN-U-13031,SYN-LN-6820,15000.0,3750.0,2026-05-26,2026-05-26,0,3750.0,0
SYN-REP-14321,SYN-U-16199,SYN-LN-6821,40000.0,10000.0,2025-06-11,2025-06-15,4,10000.0,0
SYN-REP-14322,SYN-U-13835,SYN-LN-6822,10000.0,2500.0,2026-04-24,2026-04-24,0,2500.0,0
SYN-REP-14323,SYN-U-11600,SYN-LN-6823,40000.0,10000.0,2025-06-12,2025-06-12,0,10000.0,0
SYN-REP-14324,SYN-U-12535,SYN-LN-6824,5000.0,1250.0,2026-03-25,2026-03-25,0,1250.0,0
SYN-REP-14325,SYN-U-12601,SYN-LN-6825,15000.0,3750.0,2025-09-09,2025-09-09,0,3750.0,0
SYN-REP-14326,SYN-U-11340,SYN-LN-6826,25000.0,6250.0,2026-01-04,2026-01-04,0,6250.0,0
SYN-REP-14327,SYN-U-16764,SYN-LN-6827,5000.0,1250.0,2026-07-10,2026-07-10,0,1250.0,0
SYN-REP-14328,SYN-U-14084,SYN-LN-6828,15000.0,3750.0,2025-06-11,2025-06-11,0,3750.0,0
SYN-REP-14329,SYN-U-16828,SYN-LN-6829,25000.0,6250.0,2025-11-29,2025-11-29,0,6250.0,0
SYN-REP-14330,SYN-U-15594,SYN-LN-6830,10000.0,2500.0,2026-05-03,2026-05-03,0,2500.0,0
SYN-REP-14331,SYN-U-13983,SYN-LN-6831,25000.0,6250.0,2026-07-15,2026-08-03,19,6250.0,0
SYN-REP-14332,SYN-U-13733,SYN-LN-6832,5000.0,1250.0,2026-04-29,2026-04-29,0,1250.0,0
SYN-REP-14333,SYN-U-13748,SYN-LN-6833,15000.0,3750.0,2026-01-08,,79,447.78,1
SYN-REP-14334,SYN-U-12954,SYN-LN-6834,40000.0,10000.0,2026-01-24,2026-01-24,0,10000.0,0
SYN-REP-14335,SYN-U-18488,SYN-LN-6835,25000.0,6250.0,2026-07-19,2026-07-19,0,6250.0,0
SYN-REP-14336,SYN-U-10272,SYN-LN-6836,10000.0,2500.0,2025-06-21,2025-06-21,0,2500.0,0
SYN-REP-14337,SYN-U-13119,SYN-LN-6837,15000.0,3750.0,2025-07-12,2025-07-12,0,3750.0,0
SYN-REP-14338,SYN-U-18067,SYN-LN-6838,25000.0,6250.0,2026-08-10,2026-08-10,0,6250.0,0
SYN-REP-14339,SYN-U-14390,SYN-LN-6839,25000.0,6250.0,2025-06-20,2025-06-21,1,6250.0,0
SYN-REP-14340,SYN-U-17152,SYN-LN-6840,40000.0,10000.0,2025-11-01,2025-11-01,0,10000.0,0
SYN-REP-14341,SYN-U-10939,SYN-LN-6841,5000.0,1250.0,2026-07-02,2026-07-02,0,1250.0,0
SYN-REP-14342,SYN-U-11366,SYN-LN-6842,40000.0,10000.0,2026-08-02,2026-08-02,0,10000.0,0
SYN-REP-14343,SYN-U-18469,SYN-LN-6843,40000.0,10000.0,2026-01-11,2026-01-11,0,10000.0,0
SYN-REP-14344,SYN-U-11995,SYN-LN-6844,10000.0,2500.0,2025-10-31,2025-10-31,0,2500.0,0
SYN-REP-14345,SYN-U-11017,SYN-LN-6845,25000.0,6250.0,2026-02-04,2026-02-04,0,6250.0,0
SYN-REP-14346,SYN-U-17834,SYN-LN-6846,5000.0,1250.0,2025-09-28,2025-10-02,4,1250.0,0
SYN-REP-14347,SYN-U-11290,SYN-LN-6847,15000.0,3750.0,2026-07-21,2026-07-21,0,3750.0,0
SYN-REP-14348,SYN-U-12914,SYN-LN-6848,25000.0,6250.0,2026-08-14,2026-08-14,0,6250.0,0
SYN-REP-14349,SYN-U-15097,SYN-LN-6849,25000.0,6250.0,2025-09-17,2025-09-17,0,6250.0,0
SYN-REP-14350,SYN-U-14517,SYN-LN-6850,40000.0,10000.0,2026-05-08,2026-05-08,0,10000.0,0
SYN-REP-14351,SYN-U-10986,SYN-LN-6851,25000.0,6250.0,2025-08-30,2025-08-30,0,6250.0,0
SYN-REP-14352,SYN-U-18961,SYN-LN-6852,25000.0,6250.0,2025-06-21,2025-06-21,0,6250.0,0
SYN-REP-14353,SYN-U-19626,SYN-LN-6853,25000.0,6250.0,2026-04-15,2026-04-18,3,6250.0,0
SYN-REP-14354,SYN-U-18152,SYN-LN-6854,25000.0,6250.0,2025-08-26,2025-08-26,0,6250.0,0
SYN-REP-14355,SYN-U-16794,SYN-LN-6855,5000.0,1250.0,2025-11-19,2025-11-19,0,1250.0,0
SYN-REP-14356,SYN-U-18564,SYN-LN-6856,15000.0,3750.0,2026-02-21,2026-02-21,0,3750.0,0
SYN-REP-14357,SYN-U-12082,SYN-LN-6857,10000.0,2500.0,2025-06-07,2025-07-29,52,2500.0,0
SYN-REP-14358,SYN-U-17972,SYN-LN-6858,5000.0,1250.0,2025-11-20,2025-11-20,0,1250.0,0
SYN-REP-14359,SYN-U-14334,SYN-LN-6859,10000.0,2500.0,2025-09-28,2025-09-28,0,2500.0,0
SYN-REP-14360,SYN-U-18805,SYN-LN-6860,40000.0,10000.0,2025-11-13,2025-11-17,4,10000.0,0
SYN-REP-14361,SYN-U-12631,SYN-LN-6861,25000.0,6250.0,2026-07-15,2026-07-15,0,6250.0,0
SYN-REP-14362,SYN-U-18495,SYN-LN-6862,25000.0,6250.0,2025-10-14,2025-10-15,1,6250.0,0
SYN-REP-14363,SYN-U-16240,SYN-LN-6863,40000.0,10000.0,2026-04-25,2026-04-25,0,10000.0,0
SYN-REP-14364,SYN-U-13406,SYN-LN-6864,40000.0,10000.0,2025-06-19,2025-06-19,0,10000.0,0
SYN-REP-14365,SYN-U-11371,SYN-LN-6865,15000.0,3750.0,2025-07-20,2025-07-20,0,3750.0,0
SYN-REP-14366,SYN-U-10766,SYN-LN-6866,25000.0,6250.0,2026-07-06,2026-07-10,4,6250.0,0
SYN-REP-14367,SYN-U-11114,SYN-LN-6867,40000.0,10000.0,2026-03-30,2026-03-30,0,10000.0,0
SYN-REP-14368,SYN-U-19756,SYN-LN-6868,10000.0,2500.0,2025-06-30,2025-07-04,4,2500.0,0
SYN-REP-14369,SYN-U-16167,SYN-LN-6869,10000.0,2500.0,2025-08-18,2025-08-18,0,2500.0,0
SYN-REP-14370,SYN-U-11008,SYN-LN-6870,10000.0,2500.0,2026-05-16,2026-05-16,0,2500.0,0
SYN-REP-14371,SYN-U-18943,SYN-LN-6871,40000.0,10000.0,2026-07-27,2026-07-27,0,10000.0,0
SYN-REP-14372,SYN-U-12313,SYN-LN-6872,40000.0,10000.0,2025-09-24,2025-09-24,0,10000.0,0
SYN-REP-14373,SYN-U-12075,SYN-LN-6873,40000.0,10000.0,2026-01-25,2026-01-25,0,10000.0,0
SYN-REP-14374,SYN-U-12600,SYN-LN-6874,10000.0,2500.0,2025-08-30,2025-08-30,0,2500.0,0
SYN-REP-14375,SYN-U-12695,SYN-LN-6875,40000.0,10000.0,2025-10-16,2025-10-16,0,10000.0,0
SYN-REP-14376,SYN-U-16857,SYN-LN-6876,25000.0,6250.0,2025-08-28,2025-08-28,0,6250.0,0
SYN-REP-14377,SYN-U-12976,SYN-LN-6877,25000.0,6250.0,2026-06-10,2026-06-10,0,6250.0,0
SYN-REP-14378,SYN-U-18768,SYN-LN-6878,25000.0,6250.0,2026-08-12,2026-08-12,0,6250.0,0
SYN-REP-14379,SYN-U-19949,SYN-LN-6879,10000.0,2500.0,2026-01-29,2026-01-29,0,2500.0,0
SYN-REP-14380,SYN-U-17216,SYN-LN-6880,10000.0,2500.0,2025-09-03,2025-09-03,0,2500.0,0
SYN-REP-14381,SYN-U-19813,SYN-LN-6881,5000.0,1250.0,2025-08-16,2025-08-16,0,1250.0,0
SYN-REP-14382,SYN-U-12786,SYN-LN-6882,10000.0,2500.0,2026-02-21,2026-02-21,0,2500.0,0
SYN-REP-14383,SYN-U-15339,SYN-LN-6883,25000.0,6250.0,2026-06-04,2026-06-04,0,6250.0,0
SYN-REP-14384,SYN-U-12348,SYN-LN-6884,10000.0,2500.0,2026-08-19,2026-08-19,0,2500.0,0
SYN-REP-14385,SYN-U-16469,SYN-LN-6885,10000.0,2500.0,2026-04-16,2026-04-16,0,2500.0,0
SYN-REP-14386,SYN-U-10903,SYN-LN-6886,25000.0,6250.0,2025-10-31,2025-10-31,0,6250.0,0
SYN-REP-14387,SYN-U-14953,SYN-LN-6887,15000.0,3750.0,2026-01-13,2026-01-13,0,3750.0,0
SYN-REP-14388,SYN-U-19907,SYN-LN-6888,15000.0,3750.0,2025-07-14,2025-07-14,0,3750.0,0
SYN-REP-14389,SYN-U-10892,SYN-LN-6889,10000.0,2500.0,2026-07-02,2026-07-02,0,2500.0,0
SYN-REP-14390,SYN-U-11233,SYN-LN-6890,25000.0,6250.0,2026-04-18,2026-04-18,0,6250.0,0
SYN-REP-14391,SYN-U-11001,SYN-LN-6891,25000.0,6250.0,2025-09-22,2025-09-24,2,6250.0,0
SYN-REP-14392,SYN-U-10244,SYN-LN-6892,25000.0,6250.0,2026-06-29,2026-06-29,0,6250.0,0
SYN-REP-14393,SYN-U-19358,SYN-LN-6893,15000.0,3750.0,2025-11-20,2025-11-20,0,3750.0,0
SYN-REP-14394,SYN-U-12435,SYN-LN-6894,25000.0,6250.0,2026-08-16,2026-08-16,0,6250.0,0
SYN-REP-14395,SYN-U-19166,SYN-LN-6895,5000.0,1250.0,2025-08-23,2025-08-25,2,1250.0,0
SYN-REP-14396,SYN-U-17377,SYN-LN-6896,15000.0,3750.0,2026-01-31,2026-01-31,0,3750.0,0
SYN-REP-14397,SYN-U-13960,SYN-LN-6897,40000.0,10000.0,2025-10-27,2025-10-27,0,10000.0,0
SYN-REP-14398,SYN-U-11736,SYN-LN-6898,15000.0,3750.0,2025-12-01,2025-12-01,0,3750.0,0
SYN-REP-14399,SYN-U-11625,SYN-LN-6899,5000.0,1250.0,2026-01-20,2026-01-20,0,1250.0,0
SYN-REP-14400,SYN-U-12390,SYN-LN-6900,10000.0,2500.0,2026-01-23,2026-01-23,0,2500.0,0
SYN-REP-14401,SYN-U-15109,SYN-LN-6901,10000.0,2500.0,2025-11-10,2025-11-10,0,2500.0,0
SYN-REP-14402,SYN-U-13360,SYN-LN-6902,5000.0,1250.0,2025-10-26,2025-10-26,0,1250.0,0
SYN-REP-14403,SYN-U-10037,SYN-LN-6903,25000.0,6250.0,2026-06-27,2026-06-27,0,6250.0,0
SYN-REP-14404,SYN-U-16524,SYN-LN-6904,15000.0,3750.0,2026-02-10,2026-02-10,0,3750.0,0
SYN-REP-14405,SYN-U-16823,SYN-LN-6905,25000.0,6250.0,2025-09-20,2025-09-20,0,6250.0,0
SYN-REP-14406,SYN-U-18744,SYN-LN-6906,10000.0,2500.0,2025-08-16,2025-08-16,0,2500.0,0
SYN-REP-14407,SYN-U-18340,SYN-LN-6907,5000.0,1250.0,2026-06-11,,90,268.8,1
SYN-REP-14408,SYN-U-11633,SYN-LN-6908,15000.0,3750.0,2025-12-03,2025-12-03,0,3750.0,0
SYN-REP-14409,SYN-U-19432,SYN-LN-6909,10000.0,2500.0,2025-11-28,2025-11-28,0,2500.0,0
SYN-REP-14410,SYN-U-17584,SYN-LN-6910,40000.0,10000.0,2026-02-21,2026-02-21,0,10000.0,0
SYN-REP-14411,SYN-U-12376,SYN-LN-6911,5000.0,1250.0,2026-07-24,2026-07-24,0,1250.0,0
SYN-REP-14412,SYN-U-13543,SYN-LN-6912,40000.0,10000.0,2026-01-15,2026-01-15,0,10000.0,0
SYN-REP-14413,SYN-U-16569,SYN-LN-6913,25000.0,6250.0,2026-05-25,2026-05-25,0,6250.0,0
SYN-REP-14414,SYN-U-14311,SYN-LN-6914,25000.0,6250.0,2026-07-17,2026-07-17,0,6250.0,0
SYN-REP-14415,SYN-U-11814,SYN-LN-6915,40000.0,10000.0,2026-07-19,2026-07-19,0,10000.0,0
SYN-REP-14416,SYN-U-11737,SYN-LN-6916,5000.0,1250.0,2025-08-27,2025-08-27,0,1250.0,0
SYN-REP-14417,SYN-U-11833,SYN-LN-6917,25000.0,6250.0,2026-01-23,2026-02-10,18,6250.0,0
SYN-REP-14418,SYN-U-14425,SYN-LN-6918,15000.0,3750.0,2025-10-23,2025-10-23,0,3750.0,0
SYN-REP-14419,SYN-U-19523,SYN-LN-6919,25000.0,6250.0,2026-03-05,2026-03-05,0,6250.0,0
SYN-REP-14420,SYN-U-17023,SYN-LN-6920,25000.0,6250.0,2026-01-07,2026-01-07,0,6250.0,0
SYN-REP-14421,SYN-U-17169,SYN-LN-6921,10000.0,2500.0,2026-02-17,2026-02-17,0,2500.0,0
SYN-REP-14422,SYN-U-17285,SYN-LN-6922,5000.0,1250.0,2026-03-28,2026-03-28,0,1250.0,0
SYN-REP-14423,SYN-U-19726,SYN-LN-6923,5000.0,1250.0,2026-04-03,2026-04-03,0,1250.0,0
SYN-REP-14424,SYN-U-17922,SYN-LN-6924,5000.0,1250.0,2025-06-21,2025-06-21,0,1250.0,0
SYN-REP-14425,SYN-U-19351,SYN-LN-6925,15000.0,3750.0,2025-08-20,2025-08-20,0,3750.0,0
SYN-REP-14426,SYN-U-10620,SYN-LN-6926,15000.0,3750.0,2025-09-14,2025-09-14,0,3750.0,0
SYN-REP-14427,SYN-U-14617,SYN-LN-6927,15000.0,3750.0,2025-12-04,2025-12-04,0,3750.0,0
SYN-REP-14428,SYN-U-12833,SYN-LN-6928,25000.0,6250.0,2026-01-10,2026-01-13,3,6250.0,0
SYN-REP-14429,SYN-U-14265,SYN-LN-6929,40000.0,10000.0,2026-06-30,2026-06-30,0,10000.0,0
SYN-REP-14430,SYN-U-10597,SYN-LN-6930,25000.0,6250.0,2026-06-25,2026-06-25,0,6250.0,0
SYN-REP-14431,SYN-U-10778,SYN-LN-6931,15000.0,3750.0,2025-06-18,2025-06-18,0,3750.0,0
SYN-REP-14432,SYN-U-13684,SYN-LN-6932,15000.0,3750.0,2026-06-01,2026-06-02,1,3750.0,0
SYN-REP-14433,SYN-U-18365,SYN-LN-6933,40000.0,10000.0,2025-07-12,2025-07-12,0,10000.0,0
SYN-REP-14434,SYN-U-18637,SYN-LN-6934,40000.0,10000.0,2026-02-16,2026-02-16,0,10000.0,0
SYN-REP-14435,SYN-U-17950,SYN-LN-6935,10000.0,2500.0,2026-07-30,2026-07-30,0,2500.0,0
SYN-REP-14436,SYN-U-11044,SYN-LN-6936,40000.0,10000.0,2026-02-04,2026-02-04,0,10000.0,0
SYN-REP-14437,SYN-U-11380,SYN-LN-6937,25000.0,6250.0,2025-11-27,2025-11-27,0,6250.0,0
SYN-REP-14438,SYN-U-11737,SYN-LN-6938,15000.0,3750.0,2026-04-30,2026-04-30,0,3750.0,0
SYN-REP-14439,SYN-U-19215,SYN-LN-6939,5000.0,1250.0,2026-04-22,2026-04-22,0,1250.0,0
SYN-REP-14440,SYN-U-15846,SYN-LN-6940,10000.0,2500.0,2025-12-10,2025-12-10,0,2500.0,0
SYN-REP-14441,SYN-U-10407,SYN-LN-6941,5000.0,1250.0,2025-07-20,2025-07-23,3,1250.0,0
SYN-REP-14442,SYN-U-14251,SYN-LN-6942,15000.0,3750.0,2025-07-09,2025-07-09,0,3750.0,0
SYN-REP-14443,SYN-U-15314,SYN-LN-6943,40000.0,10000.0,2025-06-22,2025-06-22,0,10000.0,0
SYN-REP-14444,SYN-U-19196,SYN-LN-6944,10000.0,2500.0,2025-08-14,2025-08-14,0,2500.0,0
SYN-REP-14445,SYN-U-15251,SYN-LN-6945,40000.0,10000.0,2025-08-01,2025-08-01,0,10000.0,0
SYN-REP-14446,SYN-U-16091,SYN-LN-6946,25000.0,6250.0,2026-04-17,2026-04-20,3,6250.0,0
SYN-REP-14447,SYN-U-12335,SYN-LN-6947,40000.0,10000.0,2025-09-10,2025-09-10,0,10000.0,0
SYN-REP-14448,SYN-U-15094,SYN-LN-6948,10000.0,2500.0,2025-08-11,2025-08-11,0,2500.0,0
SYN-REP-14449,SYN-U-18058,SYN-LN-6949,5000.0,1250.0,2025-07-03,2025-07-05,2,1250.0,0
SYN-REP-14450,SYN-U-10220,SYN-LN-6950,40000.0,10000.0,2026-06-13,2026-06-13,0,10000.0,0
SYN-REP-14451,SYN-U-15698,SYN-LN-6951,5000.0,1250.0,2026-08-04,2026-08-04,0,1250.0,0
SYN-REP-14452,SYN-U-19120,SYN-LN-6952,25000.0,6250.0,2025-12-10,2025-12-10,0,6250.0,0
SYN-REP-14453,SYN-U-14292,SYN-LN-6953,15000.0,3750.0,2025-09-01,2025-09-01,0,3750.0,0
SYN-REP-14454,SYN-U-16820,SYN-LN-6954,5000.0,1250.0,2025-08-19,2025-08-19,0,1250.0,0
SYN-REP-14455,SYN-U-10682,SYN-LN-6955,10000.0,2500.0,2026-03-19,2026-03-19,0,2500.0,0
SYN-REP-14456,SYN-U-19250,SYN-LN-6956,5000.0,1250.0,2026-07-30,2026-07-30,0,1250.0,0
SYN-REP-14457,SYN-U-13357,SYN-LN-6957,40000.0,10000.0,2025-07-28,2025-07-28,0,10000.0,0
SYN-REP-14458,SYN-U-17057,SYN-LN-6958,15000.0,3750.0,2026-02-01,2026-02-01,0,3750.0,0
SYN-REP-14459,SYN-U-17124,SYN-LN-6959,40000.0,10000.0,2025-12-15,2025-12-15,0,10000.0,0
SYN-REP-14460,SYN-U-15600,SYN-LN-6960,40000.0,10000.0,2026-04-13,2026-04-13,0,10000.0,0
SYN-REP-14461,SYN-U-13794,SYN-LN-6961,5000.0,1250.0,2026-08-02,2026-08-02,0,1250.0,0
SYN-REP-14462,SYN-U-14497,SYN-LN-6962,25000.0,6250.0,2025-07-11,2025-07-11,0,6250.0,0
SYN-REP-14463,SYN-U-17085,SYN-LN-6963,25000.0,6250.0,2025-08-11,2025-08-11,0,6250.0,0
SYN-REP-14464,SYN-U-12735,SYN-LN-6964,25000.0,6250.0,2026-08-18,2026-08-18,0,6250.0,0
SYN-REP-14465,SYN-U-11221,SYN-LN-6965,10000.0,2500.0,2026-01-09,2026-01-09,0,2500.0,0
SYN-REP-14466,SYN-U-18533,SYN-LN-6966,15000.0,3750.0,2026-02-09,2026-02-09,0,3750.0,0
SYN-REP-14467,SYN-U-14828,SYN-LN-6967,5000.0,1250.0,2025-07-06,2025-07-10,4,1250.0,0
SYN-REP-14468,SYN-U-12118,SYN-LN-6968,15000.0,3750.0,2025-06-28,2025-06-28,0,3750.0,0
SYN-REP-14469,SYN-U-16476,SYN-LN-6969,15000.0,3750.0,2026-01-29,2026-01-30,1,3750.0,0
SYN-REP-14470,SYN-U-14346,SYN-LN-6970,5000.0,1250.0,2026-05-24,2026-05-24,0,1250.0,0
SYN-REP-14471,SYN-U-19439,SYN-LN-6971,10000.0,2500.0,2026-07-13,2026-07-13,0,2500.0,0
SYN-REP-14472,SYN-U-16799,SYN-LN-6972,10000.0,2500.0,2026-01-05,2026-01-05,0,2500.0,0
SYN-REP-14473,SYN-U-13457,SYN-LN-6973,5000.0,1250.0,2026-04-04,2026-04-04,0,1250.0,0
SYN-REP-14474,SYN-U-14793,SYN-LN-6974,25000.0,6250.0,2025-10-25,2025-10-26,1,6250.0,0
SYN-REP-14475,SYN-U-15966,SYN-LN-6975,40000.0,10000.0,2025-11-27,2025-11-27,0,10000.0,0
SYN-REP-14476,SYN-U-19825,SYN-LN-6976,25000.0,6250.0,2025-06-14,2025-06-15,1,6250.0,0
SYN-REP-14477,SYN-U-10240,SYN-LN-6977,40000.0,10000.0,2026-02-11,2026-02-11,0,10000.0,0
SYN-REP-14478,SYN-U-19375,SYN-LN-6978,15000.0,3750.0,2025-07-10,2025-07-10,0,3750.0,0
SYN-REP-14479,SYN-U-16224,SYN-LN-6979,15000.0,3750.0,2026-07-12,2026-07-15,3,3750.0,0
SYN-REP-14480,SYN-U-13059,SYN-LN-6980,10000.0,2500.0,2026-08-18,2026-08-18,0,2500.0,0
SYN-REP-14481,SYN-U-14351,SYN-LN-6981,10000.0,2500.0,2025-12-19,2025-12-19,0,2500.0,0
SYN-REP-14482,SYN-U-15770,SYN-LN-6982,15000.0,3750.0,2025-09-20,2025-09-20,0,3750.0,0
SYN-REP-14483,SYN-U-16350,SYN-LN-6983,10000.0,2500.0,2026-02-14,2026-02-14,0,2500.0,0
SYN-REP-14484,SYN-U-15157,SYN-LN-6984,25000.0,6250.0,2025-12-17,2025-12-17,0,6250.0,0
SYN-REP-14485,SYN-U-16411,SYN-LN-6985,40000.0,10000.0,2026-06-28,2026-06-28,0,10000.0,0
SYN-REP-14486,SYN-U-16041,SYN-LN-6986,25000.0,6250.0,2026-05-26,2026-05-30,4,6250.0,0
SYN-REP-14487,SYN-U-12174,SYN-LN-6987,40000.0,10000.0,2025-07-28,2025-07-28,0,10000.0,0
SYN-REP-14488,SYN-U-18367,SYN-LN-6988,25000.0,6250.0,2026-04-07,2026-04-07,0,6250.0,0
SYN-REP-14489,SYN-U-12178,SYN-LN-6989,15000.0,3750.0,2026-04-22,2026-04-22,0,3750.0,0
SYN-REP-14490,SYN-U-19637,SYN-LN-6990,5000.0,1250.0,2026-04-14,2026-04-14,0,1250.0,0
SYN-REP-14491,SYN-U-19849,SYN-LN-6991,15000.0,3750.0,2025-07-03,2025-07-03,0,3750.0,0
SYN-REP-14492,SYN-U-17621,SYN-LN-6992,40000.0,10000.0,2026-07-01,2026-07-01,0,10000.0,0
SYN-REP-14493,SYN-U-11879,SYN-LN-6993,40000.0,10000.0,2026-06-02,2026-06-05,3,10000.0,0
SYN-REP-14494,SYN-U-16337,SYN-LN-6994,25000.0,6250.0,2025-07-12,2025-07-12,0,6250.0,0
SYN-REP-14495,SYN-U-15048,SYN-LN-6995,15000.0,3750.0,2025-07-10,2025-07-10,0,3750.0,0
SYN-REP-14496,SYN-U-15419,SYN-LN-6996,15000.0,3750.0,2026-02-28,2026-02-28,0,3750.0,0
SYN-REP-14497,SYN-U-18542,SYN-LN-6997,5000.0,1250.0,2025-11-29,2025-11-29,0,1250.0,0
SYN-REP-14498,SYN-U-13934,SYN-LN-6998,15000.0,3750.0,2025-12-27,2025-12-30,3,3750.0,0
SYN-REP-14499,SYN-U-19094,SYN-LN-6999,5000.0,1250.0,2025-07-21,2025-07-21,0,1250.0,0
SYN-REP-14500,SYN-U-16893,SYN-LN-7000,15000.0,3750.0,2025-10-20,2025-10-20,0,3750.0,0
SYN-REP-14501,SYN-U-14222,SYN-LN-7001,10000.0,2500.0,2026-07-19,2026-07-19,0,2500.0,0
SYN-REP-14502,SYN-U-12197,SYN-LN-7002,10000.0,2500.0,2025-11-20,2025-11-20,0,2500.0,0
SYN-REP-14503,SYN-U-13299,SYN-LN-7003,15000.0,3750.0,2025-09-21,2025-09-21,0,3750.0,0
SYN-REP-14504,SYN-U-10622,SYN-LN-7004,5000.0,1250.0,2026-06-08,2026-06-08,0,1250.0,0
SYN-REP-14505,SYN-U-14465,SYN-LN-7005,25000.0,6250.0,2026-07-31,2026-07-31,0,6250.0,0
SYN-REP-14506,SYN-U-13888,SYN-LN-7006,25000.0,6250.0,2026-05-14,2026-05-14,0,6250.0,0
SYN-REP-14507,SYN-U-16011,SYN-LN-7007,40000.0,10000.0,2026-08-22,2026-08-22,0,10000.0,0
SYN-REP-14508,SYN-U-16580,SYN-LN-7008,10000.0,2500.0,2025-07-12,2025-07-12,0,2500.0,0
SYN-REP-14509,SYN-U-12476,SYN-LN-7009,15000.0,3750.0,2025-08-18,2025-08-18,0,3750.0,0
SYN-REP-14510,SYN-U-18872,SYN-LN-7010,15000.0,3750.0,2026-02-20,2026-03-17,25,3750.0,0
SYN-REP-14511,SYN-U-11420,SYN-LN-7011,10000.0,2500.0,2026-01-08,2026-01-08,0,2500.0,0
SYN-REP-14512,SYN-U-17448,SYN-LN-7012,40000.0,10000.0,2025-12-02,2025-12-02,0,10000.0,0
SYN-REP-14513,SYN-U-14207,SYN-LN-7013,15000.0,3750.0,2026-05-02,2026-05-02,0,3750.0,0
SYN-REP-14514,SYN-U-10975,SYN-LN-7014,15000.0,3750.0,2025-12-08,2025-12-08,0,3750.0,0
SYN-REP-14515,SYN-U-11189,SYN-LN-7015,25000.0,6250.0,2026-01-04,2026-01-04,0,6250.0,0
SYN-REP-14516,SYN-U-10396,SYN-LN-7016,25000.0,6250.0,2026-05-11,2026-05-11,0,6250.0,0
SYN-REP-14517,SYN-U-13731,SYN-LN-7017,25000.0,6250.0,2026-05-02,2026-05-02,0,6250.0,0
SYN-REP-14518,SYN-U-18477,SYN-LN-7018,15000.0,3750.0,2026-08-12,2026-08-14,2,3750.0,0
SYN-REP-14519,SYN-U-10368,SYN-LN-7019,10000.0,2500.0,2026-08-08,2026-08-08,0,2500.0,0
SYN-REP-14520,SYN-U-13692,SYN-LN-7020,5000.0,1250.0,2026-05-29,2026-05-29,0,1250.0,0
SYN-REP-14521,SYN-U-19569,SYN-LN-7021,25000.0,6250.0,2025-12-28,2026-01-01,4,6250.0,0
SYN-REP-14522,SYN-U-15336,SYN-LN-7022,40000.0,10000.0,2026-02-19,2026-02-19,0,10000.0,0
SYN-REP-14523,SYN-U-14952,SYN-LN-7023,10000.0,2500.0,2025-08-23,2025-08-23,0,2500.0,0
SYN-REP-14524,SYN-U-17674,SYN-LN-7024,10000.0,2500.0,2025-06-04,2025-06-04,0,2500.0,0
SYN-REP-14525,SYN-U-16789,SYN-LN-7025,25000.0,6250.0,2025-09-14,2025-09-14,0,6250.0,0
SYN-REP-14526,SYN-U-11373,SYN-LN-7026,40000.0,10000.0,2026-04-28,2026-04-28,0,10000.0,0
SYN-REP-14527,SYN-U-15689,SYN-LN-7027,25000.0,6250.0,2025-10-03,2025-10-03,0,6250.0,0
SYN-REP-14528,SYN-U-11902,SYN-LN-7028,40000.0,10000.0,2025-11-30,2025-11-30,0,10000.0,0
SYN-REP-14529,SYN-U-12701,SYN-LN-7029,5000.0,1250.0,2026-08-12,2026-08-12,0,1250.0,0
SYN-REP-14530,SYN-U-18479,SYN-LN-7030,10000.0,2500.0,2026-07-18,2026-07-18,0,2500.0,0
SYN-REP-14531,SYN-U-18533,SYN-LN-7031,10000.0,2500.0,2025-09-11,2025-09-11,0,2500.0,0
SYN-REP-14532,SYN-U-18017,SYN-LN-7032,15000.0,3750.0,2026-03-28,2026-03-28,0,3750.0,0
SYN-REP-14533,SYN-U-16464,SYN-LN-7033,25000.0,6250.0,2025-12-08,2025-12-08,0,6250.0,0
SYN-REP-14534,SYN-U-19677,SYN-LN-7034,40000.0,10000.0,2026-04-26,2026-04-26,0,10000.0,0
SYN-REP-14535,SYN-U-12171,SYN-LN-7035,15000.0,3750.0,2026-05-26,2026-05-26,0,3750.0,0
SYN-REP-14536,SYN-U-12248,SYN-LN-7036,5000.0,1250.0,2026-01-08,2026-01-08,0,1250.0,0
SYN-REP-14537,SYN-U-10971,SYN-LN-7037,15000.0,3750.0,2026-01-16,2026-01-16,0,3750.0,0
SYN-REP-14538,SYN-U-12760,SYN-LN-7038,5000.0,1250.0,2026-03-13,2026-03-16,3,1250.0,0
SYN-REP-14539,SYN-U-15405,SYN-LN-7039,10000.0,2500.0,2026-06-12,2026-06-14,2,2500.0,0
SYN-REP-14540,SYN-U-10878,SYN-LN-7040,25000.0,6250.0,2026-05-22,2026-05-22,0,6250.0,0
SYN-REP-14541,SYN-U-10327,SYN-LN-7041,5000.0,1250.0,2025-12-29,2025-12-30,1,1250.0,0
SYN-REP-14542,SYN-U-17206,SYN-LN-7042,25000.0,6250.0,2025-09-26,2025-09-26,0,6250.0,0
SYN-REP-14543,SYN-U-10133,SYN-LN-7043,40000.0,10000.0,2026-07-02,2026-07-02,0,10000.0,0
SYN-REP-14544,SYN-U-19560,SYN-LN-7044,10000.0,2500.0,2025-09-11,2025-09-11,0,2500.0,0
SYN-REP-14545,SYN-U-13910,SYN-LN-7045,40000.0,10000.0,2026-04-13,2026-04-13,0,10000.0,0
SYN-REP-14546,SYN-U-13148,SYN-LN-7046,10000.0,2500.0,2025-08-24,2025-08-27,3,2500.0,0
SYN-REP-14547,SYN-U-10718,SYN-LN-7047,40000.0,10000.0,2026-07-15,2026-07-15,0,10000.0,0
SYN-REP-14548,SYN-U-13154,SYN-LN-7048,40000.0,10000.0,2025-12-05,2025-12-05,0,10000.0,0
SYN-REP-14549,SYN-U-16992,SYN-LN-7049,40000.0,10000.0,2026-06-15,2026-06-17,2,10000.0,0
SYN-REP-14550,SYN-U-16047,SYN-LN-7050,40000.0,10000.0,2025-11-18,2025-11-18,0,10000.0,0
SYN-REP-14551,SYN-U-17528,SYN-LN-7051,15000.0,3750.0,2026-06-20,2026-06-20,0,3750.0,0
SYN-REP-14552,SYN-U-10943,SYN-LN-7052,15000.0,3750.0,2025-07-22,2025-07-22,0,3750.0,0
SYN-REP-14553,SYN-U-12769,SYN-LN-7053,40000.0,10000.0,2026-05-17,2026-05-17,0,10000.0,0
SYN-REP-14554,SYN-U-10808,SYN-LN-7054,10000.0,2500.0,2026-04-26,2026-04-30,4,2500.0,0
SYN-REP-14555,SYN-U-12068,SYN-LN-7055,5000.0,1250.0,2026-04-02,2026-04-02,0,1250.0,0
SYN-REP-14556,SYN-U-10051,SYN-LN-7056,5000.0,1250.0,2025-09-29,2025-09-29,0,1250.0,0
SYN-REP-14557,SYN-U-15306,SYN-LN-7057,25000.0,6250.0,2025-12-27,2025-12-27,0,6250.0,0
SYN-REP-14558,SYN-U-15749,SYN-LN-7058,25000.0,6250.0,2025-07-20,2025-07-20,0,6250.0,0
SYN-REP-14559,SYN-U-18313,SYN-LN-7059,5000.0,1250.0,2025-09-03,2025-10-21,48,1250.0,0
SYN-REP-14560,SYN-U-12302,SYN-LN-7060,5000.0,1250.0,2025-11-08,2025-11-08,0,1250.0,0
SYN-REP-14561,SYN-U-16474,SYN-LN-7061,25000.0,6250.0,2026-04-30,2026-04-30,0,6250.0,0
SYN-REP-14562,SYN-U-16582,SYN-LN-7062,10000.0,2500.0,2026-06-21,2026-06-21,0,2500.0,0
SYN-REP-14563,SYN-U-10330,SYN-LN-7063,5000.0,1250.0,2025-11-13,2025-11-13,0,1250.0,0
SYN-REP-14564,SYN-U-16145,SYN-LN-7064,10000.0,2500.0,2026-06-28,2026-06-28,0,2500.0,0
SYN-REP-14565,SYN-U-19783,SYN-LN-7065,10000.0,2500.0,2026-02-02,2026-02-02,0,2500.0,0
SYN-REP-14566,SYN-U-12341,SYN-LN-7066,25000.0,6250.0,2025-10-31,2025-10-31,0,6250.0,0
SYN-REP-14567,SYN-U-11580,SYN-LN-7067,25000.0,6250.0,2026-05-10,2026-05-10,0,6250.0,0
SYN-REP-14568,SYN-U-10155,SYN-LN-7068,10000.0,2500.0,2026-03-19,2026-03-19,0,2500.0,0
SYN-REP-14569,SYN-U-11022,SYN-LN-7069,25000.0,6250.0,2026-07-04,2026-07-07,3,6250.0,0
SYN-REP-14570,SYN-U-17680,SYN-LN-7070,15000.0,3750.0,2026-01-27,2026-01-27,0,3750.0,0
SYN-REP-14571,SYN-U-17808,SYN-LN-7071,15000.0,3750.0,2025-10-12,2025-10-12,0,3750.0,0
SYN-REP-14572,SYN-U-11867,SYN-LN-7072,40000.0,10000.0,2026-03-21,2026-03-21,0,10000.0,0
SYN-REP-14573,SYN-U-15883,SYN-LN-7073,5000.0,1250.0,2025-11-02,2025-11-02,0,1250.0,0
SYN-REP-14574,SYN-U-10092,SYN-LN-7074,15000.0,3750.0,2026-06-25,2026-07-18,23,3750.0,0
SYN-REP-14575,SYN-U-13088,SYN-LN-7075,15000.0,3750.0,2025-11-12,2025-11-12,0,3750.0,0
SYN-REP-14576,SYN-U-18994,SYN-LN-7076,25000.0,6250.0,2025-10-14,2025-10-14,0,6250.0,0
SYN-REP-14577,SYN-U-12987,SYN-LN-7077,25000.0,6250.0,2025-11-03,2025-11-03,0,6250.0,0
SYN-REP-14578,SYN-U-10378,SYN-LN-7078,5000.0,1250.0,2026-08-05,2026-08-05,0,1250.0,0
SYN-REP-14579,SYN-U-12121,SYN-LN-7079,25000.0,6250.0,2025-11-24,2025-11-24,0,6250.0,0
SYN-REP-14580,SYN-U-17707,SYN-LN-7080,5000.0,1250.0,2026-08-23,2026-08-23,0,1250.0,0
SYN-REP-14581,SYN-U-10806,SYN-LN-7081,25000.0,6250.0,2026-01-20,2026-01-20,0,6250.0,0
SYN-REP-14582,SYN-U-10012,SYN-LN-7082,40000.0,10000.0,2025-12-05,2025-12-05,0,10000.0,0
SYN-REP-14583,SYN-U-18270,SYN-LN-7083,40000.0,10000.0,2026-04-17,2026-04-17,0,10000.0,0
SYN-REP-14584,SYN-U-17762,SYN-LN-7084,40000.0,10000.0,2026-02-15,2026-02-15,0,10000.0,0
SYN-REP-14585,SYN-U-18176,SYN-LN-7085,5000.0,1250.0,2025-12-17,2025-12-17,0,1250.0,0
SYN-REP-14586,SYN-U-14357,SYN-LN-7086,15000.0,3750.0,2025-08-21,2025-08-21,0,3750.0,0
SYN-REP-14587,SYN-U-14340,SYN-LN-7087,10000.0,2500.0,2025-06-05,2025-06-20,15,2500.0,0
SYN-REP-14588,SYN-U-19532,SYN-LN-7088,25000.0,6250.0,2025-11-26,2025-11-26,0,6250.0,0
SYN-REP-14589,SYN-U-17115,SYN-LN-7089,25000.0,6250.0,2026-08-05,2026-08-05,0,6250.0,0
SYN-REP-14590,SYN-U-16053,SYN-LN-7090,15000.0,3750.0,2026-02-14,2026-02-14,0,3750.0,0
SYN-REP-14591,SYN-U-15988,SYN-LN-7091,25000.0,6250.0,2025-12-13,2025-12-13,0,6250.0,0
SYN-REP-14592,SYN-U-12548,SYN-LN-7092,15000.0,3750.0,2026-08-09,2026-08-09,0,3750.0,0
SYN-REP-14593,SYN-U-16305,SYN-LN-7093,10000.0,2500.0,2025-11-11,2025-12-07,26,2500.0,0
SYN-REP-14594,SYN-U-18868,SYN-LN-7094,5000.0,1250.0,2026-01-01,2026-01-01,0,1250.0,0
SYN-REP-14595,SYN-U-15633,SYN-LN-7095,15000.0,3750.0,2025-08-06,2025-08-06,0,3750.0,0
SYN-REP-14596,SYN-U-19115,SYN-LN-7096,10000.0,2500.0,2026-07-07,2026-07-07,0,2500.0,0
SYN-REP-14597,SYN-U-17426,SYN-LN-7097,40000.0,10000.0,2026-03-06,2026-03-06,0,10000.0,0
SYN-REP-14598,SYN-U-13887,SYN-LN-7098,5000.0,1250.0,2026-01-09,2026-01-10,1,1250.0,0
SYN-REP-14599,SYN-U-11716,SYN-LN-7099,10000.0,2500.0,2025-11-12,2025-11-12,0,2500.0,0
SYN-REP-14600,SYN-U-19555,SYN-LN-7100,15000.0,3750.0,2026-04-22,2026-04-22,0,3750.0,0
SYN-REP-14601,SYN-U-18760,SYN-LN-7101,10000.0,2500.0,2026-08-23,2026-08-23,0,2500.0,0
SYN-REP-14602,SYN-U-17789,SYN-LN-7102,25000.0,6250.0,2026-02-12,2026-02-14,2,6250.0,0
SYN-REP-14603,SYN-U-10073,SYN-LN-7103,5000.0,1250.0,2026-01-01,2026-01-01,0,1250.0,0
SYN-REP-14604,SYN-U-18895,SYN-LN-7104,40000.0,10000.0,2026-05-16,2026-05-16,0,10000.0,0
SYN-REP-14605,SYN-U-13668,SYN-LN-7105,25000.0,6250.0,2026-05-28,2026-05-28,0,6250.0,0
SYN-REP-14606,SYN-U-14243,SYN-LN-7106,10000.0,2500.0,2026-01-19,2026-01-20,1,2500.0,0
SYN-REP-14607,SYN-U-13450,SYN-LN-7107,40000.0,10000.0,2025-07-18,2025-07-18,0,10000.0,0
SYN-REP-14608,SYN-U-17165,SYN-LN-7108,5000.0,1250.0,2026-01-24,2026-01-26,2,1250.0,0
SYN-REP-14609,SYN-U-18270,SYN-LN-7109,15000.0,3750.0,2025-12-28,2025-12-28,0,3750.0,0
SYN-REP-14610,SYN-U-16109,SYN-LN-7110,5000.0,1250.0,2026-08-23,2026-08-23,0,1250.0,0
SYN-REP-14611,SYN-U-18909,SYN-LN-7111,40000.0,10000.0,2025-07-16,2025-07-16,0,10000.0,0
SYN-REP-14612,SYN-U-15220,SYN-LN-7112,5000.0,1250.0,2026-07-10,2026-07-10,0,1250.0,0
SYN-REP-14613,SYN-U-11873,SYN-LN-7113,10000.0,2500.0,2025-06-19,2025-06-19,0,2500.0,0
SYN-REP-14614,SYN-U-14359,SYN-LN-7114,15000.0,3750.0,2025-06-22,2025-06-22,0,3750.0,0
SYN-REP-14615,SYN-U-14812,SYN-LN-7115,40000.0,10000.0,2026-07-20,2026-07-20,0,10000.0,0
SYN-REP-14616,SYN-U-19773,SYN-LN-7116,25000.0,6250.0,2025-09-27,2025-09-27,0,6250.0,0
SYN-REP-14617,SYN-U-14818,SYN-LN-7117,10000.0,2500.0,2025-08-26,2025-08-26,0,2500.0,0
SYN-REP-14618,SYN-U-11179,SYN-LN-7118,10000.0,2500.0,2026-04-16,2026-04-16,0,2500.0,0
SYN-REP-14619,SYN-U-17184,SYN-LN-7119,40000.0,10000.0,2026-01-15,2026-01-15,0,10000.0,0
SYN-REP-14620,SYN-U-12167,SYN-LN-7120,10000.0,2500.0,2025-12-14,2025-12-14,0,2500.0,0
SYN-REP-14621,SYN-U-12634,SYN-LN-7121,25000.0,6250.0,2026-05-24,2026-05-24,0,6250.0,0
SYN-REP-14622,SYN-U-11531,SYN-LN-7122,25000.0,6250.0,2025-09-14,2025-09-17,3,6250.0,0
SYN-REP-14623,SYN-U-11807,SYN-LN-7123,10000.0,2500.0,2026-02-01,2026-02-01,0,2500.0,0
SYN-REP-14624,SYN-U-17163,SYN-LN-7124,15000.0,3750.0,2025-10-07,2025-10-07,0,3750.0,0
SYN-REP-14625,SYN-U-17066,SYN-LN-7125,40000.0,10000.0,2026-08-11,2026-08-11,0,10000.0,0
SYN-REP-14626,SYN-U-16283,SYN-LN-7126,5000.0,1250.0,2026-02-19,2026-02-21,2,1250.0,0
SYN-REP-14627,SYN-U-18737,SYN-LN-7127,5000.0,1250.0,2025-08-15,2025-08-15,0,1250.0,0
SYN-REP-14628,SYN-U-15689,SYN-LN-7128,5000.0,1250.0,2025-12-13,2025-12-13,0,1250.0,0
SYN-REP-14629,SYN-U-15653,SYN-LN-7129,25000.0,6250.0,2025-11-13,2025-11-13,0,6250.0,0
SYN-REP-14630,SYN-U-19326,SYN-LN-7130,10000.0,2500.0,2026-02-18,2026-02-18,0,2500.0,0
SYN-REP-14631,SYN-U-11161,SYN-LN-7131,5000.0,1250.0,2026-05-01,2026-06-06,36,1250.0,0
SYN-REP-14632,SYN-U-11314,SYN-LN-7132,10000.0,2500.0,2026-03-20,2026-03-24,4,2500.0,0
SYN-REP-14633,SYN-U-17280,SYN-LN-7133,5000.0,1250.0,2025-11-21,2025-11-21,0,1250.0,0
SYN-REP-14634,SYN-U-19063,SYN-LN-7134,5000.0,1250.0,2025-06-11,2025-06-11,0,1250.0,0
SYN-REP-14635,SYN-U-16086,SYN-LN-7135,5000.0,1250.0,2026-07-25,2026-07-29,4,1250.0,0
SYN-REP-14636,SYN-U-11173,SYN-LN-7136,25000.0,6250.0,2025-06-09,2025-06-09,0,6250.0,0
SYN-REP-14637,SYN-U-15326,SYN-LN-7137,40000.0,10000.0,2026-08-05,2026-08-05,0,10000.0,0
SYN-REP-14638,SYN-U-12000,SYN-LN-7138,5000.0,1250.0,2026-07-20,2026-07-20,0,1250.0,0
SYN-REP-14639,SYN-U-19362,SYN-LN-7139,15000.0,3750.0,2026-02-02,2026-02-02,0,3750.0,0
SYN-REP-14640,SYN-U-17136,SYN-LN-7140,25000.0,6250.0,2026-01-30,2026-01-30,0,6250.0,0
SYN-REP-14641,SYN-U-14614,SYN-LN-7141,40000.0,10000.0,2026-07-23,2026-07-23,0,10000.0,0
SYN-REP-14642,SYN-U-18538,SYN-LN-7142,5000.0,1250.0,2025-08-15,2025-08-15,0,1250.0,0
SYN-REP-14643,SYN-U-10571,SYN-LN-7143,10000.0,2500.0,2026-05-11,2026-05-11,0,2500.0,0
SYN-REP-14644,SYN-U-14666,SYN-LN-7144,5000.0,1250.0,2025-12-07,2025-12-07,0,1250.0,0
SYN-REP-14645,SYN-U-19209,SYN-LN-7145,40000.0,10000.0,2025-06-20,2025-08-01,42,10000.0,0
SYN-REP-14646,SYN-U-16420,SYN-LN-7146,25000.0,6250.0,2026-02-01,2026-02-04,3,6250.0,0
SYN-REP-14647,SYN-U-14558,SYN-LN-7147,15000.0,3750.0,2026-08-14,2026-08-14,0,3750.0,0
SYN-REP-14648,SYN-U-11109,SYN-LN-7148,25000.0,6250.0,2025-10-28,2025-10-28,0,6250.0,0
SYN-REP-14649,SYN-U-16964,SYN-LN-7149,15000.0,3750.0,2026-02-21,2026-02-21,0,3750.0,0
SYN-REP-14650,SYN-U-14266,SYN-LN-7150,10000.0,2500.0,2026-07-19,2026-07-19,0,2500.0,0
SYN-REP-14651,SYN-U-15638,SYN-LN-7151,10000.0,2500.0,2025-08-06,2025-08-10,4,2500.0,0
SYN-REP-14652,SYN-U-10593,SYN-LN-7152,25000.0,6250.0,2026-04-11,2026-04-11,0,6250.0,0
SYN-REP-14653,SYN-U-12181,SYN-LN-7153,10000.0,2500.0,2026-02-09,2026-02-09,0,2500.0,0
SYN-REP-14654,SYN-U-12245,SYN-LN-7154,40000.0,10000.0,2026-05-24,2026-05-24,0,10000.0,0
SYN-REP-14655,SYN-U-12722,SYN-LN-7155,15000.0,3750.0,2026-04-15,2026-04-15,0,3750.0,0
SYN-REP-14656,SYN-U-19738,SYN-LN-7156,40000.0,10000.0,2025-11-15,2025-11-15,0,10000.0,0
SYN-REP-14657,SYN-U-19121,SYN-LN-7157,15000.0,3750.0,2026-07-29,2026-07-29,0,3750.0,0
SYN-REP-14658,SYN-U-16029,SYN-LN-7158,15000.0,3750.0,2025-08-01,2025-08-01,0,3750.0,0
SYN-REP-14659,SYN-U-19721,SYN-LN-7159,40000.0,10000.0,2025-06-15,2025-06-15,0,10000.0,0
SYN-REP-14660,SYN-U-13759,SYN-LN-7160,15000.0,3750.0,2026-03-30,2026-03-30,0,3750.0,0
SYN-REP-14661,SYN-U-12339,SYN-LN-7161,25000.0,6250.0,2026-03-30,2026-03-30,0,6250.0,0
SYN-REP-14662,SYN-U-11535,SYN-LN-7162,25000.0,6250.0,2026-06-13,2026-06-13,0,6250.0,0
SYN-REP-14663,SYN-U-11137,SYN-LN-7163,5000.0,1250.0,2025-11-04,2025-11-04,0,1250.0,0
SYN-REP-14664,SYN-U-10572,SYN-LN-7164,10000.0,2500.0,2026-05-21,2026-05-21,0,2500.0,0
SYN-REP-14665,SYN-U-17851,SYN-LN-7165,15000.0,3750.0,2025-10-17,2025-10-17,0,3750.0,0
SYN-REP-14666,SYN-U-17692,SYN-LN-7166,10000.0,2500.0,2026-05-11,2026-05-11,0,2500.0,0
SYN-REP-14667,SYN-U-12434,SYN-LN-7167,5000.0,1250.0,2025-11-24,2025-11-24,0,1250.0,0
SYN-REP-14668,SYN-U-17561,SYN-LN-7168,25000.0,6250.0,2026-07-20,2026-07-20,0,6250.0,0
SYN-REP-14669,SYN-U-13510,SYN-LN-7169,40000.0,10000.0,2026-05-24,2026-05-24,0,10000.0,0
SYN-REP-14670,SYN-U-14974,SYN-LN-7170,10000.0,2500.0,2025-11-07,2025-11-07,0,2500.0,0
SYN-REP-14671,SYN-U-10087,SYN-LN-7171,10000.0,2500.0,2025-10-12,2025-10-12,0,2500.0,0
SYN-REP-14672,SYN-U-11715,SYN-LN-7172,40000.0,10000.0,2025-10-29,2025-10-29,0,10000.0,0
SYN-REP-14673,SYN-U-13888,SYN-LN-7173,5000.0,1250.0,2026-06-09,2026-06-09,0,1250.0,0
SYN-REP-14674,SYN-U-17604,SYN-LN-7174,40000.0,10000.0,2025-10-25,2025-10-25,0,10000.0,0
SYN-REP-14675,SYN-U-16632,SYN-LN-7175,40000.0,10000.0,2025-12-12,2025-12-12,0,10000.0,0
SYN-REP-14676,SYN-U-16267,SYN-LN-7176,40000.0,10000.0,2025-09-21,2025-09-21,0,10000.0,0
SYN-REP-14677,SYN-U-18515,SYN-LN-7177,15000.0,3750.0,2026-06-24,2026-06-24,0,3750.0,0
SYN-REP-14678,SYN-U-10967,SYN-LN-7178,15000.0,3750.0,2026-01-26,2026-01-26,0,3750.0,0
SYN-REP-14679,SYN-U-17135,SYN-LN-7179,25000.0,6250.0,2026-03-24,2026-03-24,0,6250.0,0
SYN-REP-14680,SYN-U-16371,SYN-LN-7180,10000.0,2500.0,2025-11-17,2025-11-17,0,2500.0,0
SYN-REP-14681,SYN-U-18013,SYN-LN-7181,15000.0,3750.0,2026-06-03,2026-06-05,2,3750.0,0
SYN-REP-14682,SYN-U-14141,SYN-LN-7182,15000.0,3750.0,2025-06-12,2025-06-12,0,3750.0,0
SYN-REP-14683,SYN-U-16512,SYN-LN-7183,5000.0,1250.0,2025-11-17,2025-11-17,0,1250.0,0
SYN-REP-14684,SYN-U-10895,SYN-LN-7184,15000.0,3750.0,2025-10-25,2025-10-25,0,3750.0,0
SYN-REP-14685,SYN-U-11959,SYN-LN-7185,10000.0,2500.0,2025-08-17,2025-08-17,0,2500.0,0
SYN-REP-14686,SYN-U-15901,SYN-LN-7186,10000.0,2500.0,2025-12-21,2025-12-24,3,2500.0,0
SYN-REP-14687,SYN-U-17844,SYN-LN-7187,5000.0,1250.0,2026-07-19,2026-07-19,0,1250.0,0
SYN-REP-14688,SYN-U-10950,SYN-LN-7188,25000.0,6250.0,2025-12-14,2025-12-14,0,6250.0,0
SYN-REP-14689,SYN-U-17248,SYN-LN-7189,10000.0,2500.0,2025-10-25,2025-10-25,0,2500.0,0
SYN-REP-14690,SYN-U-14037,SYN-LN-7190,10000.0,2500.0,2025-10-22,2025-10-22,0,2500.0,0
SYN-REP-14691,SYN-U-11196,SYN-LN-7191,5000.0,1250.0,2026-01-13,2026-01-17,4,1250.0,0
SYN-REP-14692,SYN-U-13010,SYN-LN-7192,15000.0,3750.0,2025-07-19,2025-07-23,4,3750.0,0
SYN-REP-14693,SYN-U-17047,SYN-LN-7193,40000.0,10000.0,2025-10-17,2025-10-17,0,10000.0,0
SYN-REP-14694,SYN-U-10548,SYN-LN-7194,5000.0,1250.0,2025-07-23,2025-07-25,2,1250.0,0
SYN-REP-14695,SYN-U-13556,SYN-LN-7195,15000.0,3750.0,2025-11-24,2025-11-24,0,3750.0,0
SYN-REP-14696,SYN-U-16557,SYN-LN-7196,15000.0,3750.0,2026-06-06,2026-06-06,0,3750.0,0
SYN-REP-14697,SYN-U-13355,SYN-LN-7197,15000.0,3750.0,2025-06-03,2025-06-04,1,3750.0,0
SYN-REP-14698,SYN-U-15472,SYN-LN-7198,15000.0,3750.0,2025-12-13,2025-12-13,0,3750.0,0
SYN-REP-14699,SYN-U-11323,SYN-LN-7199,40000.0,10000.0,2026-04-24,2026-04-24,0,10000.0,0
SYN-REP-14700,SYN-U-17566,SYN-LN-7200,15000.0,3750.0,2025-10-16,2025-10-16,0,3750.0,0
SYN-REP-14701,SYN-U-10301,SYN-LN-7201,25000.0,6250.0,2025-10-03,2025-10-03,0,6250.0,0
SYN-REP-14702,SYN-U-19262,SYN-LN-7202,25000.0,6250.0,2025-08-28,2025-08-28,0,6250.0,0
SYN-REP-14703,SYN-U-19958,SYN-LN-7203,15000.0,3750.0,2025-12-20,2025-12-20,0,3750.0,0
SYN-REP-14704,SYN-U-10005,SYN-LN-7204,10000.0,2500.0,2026-08-23,2026-08-23,0,2500.0,0
SYN-REP-14705,SYN-U-16821,SYN-LN-7205,10000.0,2500.0,2026-05-28,2026-05-28,0,2500.0,0
SYN-REP-14706,SYN-U-14535,SYN-LN-7206,25000.0,6250.0,2026-07-23,2026-07-23,0,6250.0,0
SYN-REP-14707,SYN-U-16575,SYN-LN-7207,15000.0,3750.0,2026-03-16,2026-03-16,0,3750.0,0
SYN-REP-14708,SYN-U-10225,SYN-LN-7208,5000.0,1250.0,2026-08-21,2026-08-21,0,1250.0,0
SYN-REP-14709,SYN-U-18770,SYN-LN-7209,40000.0,10000.0,2026-04-08,2026-04-08,0,10000.0,0
SYN-REP-14710,SYN-U-10414,SYN-LN-7210,40000.0,10000.0,2026-02-01,2026-02-01,0,10000.0,0
SYN-REP-14711,SYN-U-15028,SYN-LN-7211,10000.0,2500.0,2025-08-15,2025-08-15,0,2500.0,0
SYN-REP-14712,SYN-U-17679,SYN-LN-7212,15000.0,3750.0,2025-09-29,2025-09-29,0,3750.0,0
SYN-REP-14713,SYN-U-14460,SYN-LN-7213,10000.0,2500.0,2025-11-01,2025-11-01,0,2500.0,0
SYN-REP-14714,SYN-U-16672,SYN-LN-7214,25000.0,6250.0,2026-04-05,2026-04-05,0,6250.0,0
SYN-REP-14715,SYN-U-17525,SYN-LN-7215,5000.0,1250.0,2025-07-23,2025-07-23,0,1250.0,0
SYN-REP-14716,SYN-U-17029,SYN-LN-7216,25000.0,6250.0,2026-05-23,2026-05-23,0,6250.0,0
SYN-REP-14717,SYN-U-17893,SYN-LN-7217,25000.0,6250.0,2026-07-25,2026-07-27,2,6250.0,0
SYN-REP-14718,SYN-U-12505,SYN-LN-7218,15000.0,3750.0,2026-06-15,2026-06-15,0,3750.0,0
SYN-REP-14719,SYN-U-14380,SYN-LN-7219,15000.0,3750.0,2025-12-10,2025-12-10,0,3750.0,0
SYN-REP-14720,SYN-U-15389,SYN-LN-7220,15000.0,3750.0,2026-05-21,2026-05-22,1,3750.0,0
SYN-REP-14721,SYN-U-15429,SYN-LN-7221,5000.0,1250.0,2025-07-01,2025-07-01,0,1250.0,0
SYN-REP-14722,SYN-U-16590,SYN-LN-7222,15000.0,3750.0,2026-05-01,2026-05-01,0,3750.0,0
SYN-REP-14723,SYN-U-12137,SYN-LN-7223,15000.0,3750.0,2025-11-10,2025-11-10,0,3750.0,0
SYN-REP-14724,SYN-U-13262,SYN-LN-7224,15000.0,3750.0,2026-05-14,2026-05-14,0,3750.0,0
SYN-REP-14725,SYN-U-18204,SYN-LN-7225,25000.0,6250.0,2026-07-28,2026-07-28,0,6250.0,0
SYN-REP-14726,SYN-U-12219,SYN-LN-7226,25000.0,6250.0,2026-01-11,2026-01-11,0,6250.0,0
SYN-REP-14727,SYN-U-16357,SYN-LN-7227,5000.0,1250.0,2025-11-14,2025-11-14,0,1250.0,0
SYN-REP-14728,SYN-U-10539,SYN-LN-7228,10000.0,2500.0,2026-06-28,2026-06-28,0,2500.0,0
SYN-REP-14729,SYN-U-18474,SYN-LN-7229,15000.0,3750.0,2025-07-19,2025-07-19,0,3750.0,0
SYN-REP-14730,SYN-U-18401,SYN-LN-7230,40000.0,10000.0,2025-09-08,2025-09-08,0,10000.0,0
SYN-REP-14731,SYN-U-12435,SYN-LN-7231,25000.0,6250.0,2026-05-01,2026-05-01,0,6250.0,0
SYN-REP-14732,SYN-U-15928,SYN-LN-7232,5000.0,1250.0,2026-07-11,2026-07-11,0,1250.0,0
SYN-REP-14733,SYN-U-10873,SYN-LN-7233,5000.0,1250.0,2026-02-03,2026-02-03,0,1250.0,0
SYN-REP-14734,SYN-U-12739,SYN-LN-7234,10000.0,2500.0,2025-08-02,2025-08-02,0,2500.0,0
SYN-REP-14735,SYN-U-19932,SYN-LN-7235,10000.0,2500.0,2026-03-31,2026-04-03,3,2500.0,0
SYN-REP-14736,SYN-U-18086,SYN-LN-7236,5000.0,1250.0,2026-03-10,2026-03-11,1,1250.0,0
SYN-REP-14737,SYN-U-10070,SYN-LN-7237,15000.0,3750.0,2026-07-11,2026-07-11,0,3750.0,0
SYN-REP-14738,SYN-U-18168,SYN-LN-7238,5000.0,1250.0,2025-11-17,2025-11-20,3,1250.0,0
SYN-REP-14739,SYN-U-13514,SYN-LN-7239,5000.0,1250.0,2026-04-02,2026-04-02,0,1250.0,0
SYN-REP-14740,SYN-U-19629,SYN-LN-7240,40000.0,10000.0,2026-03-07,2026-03-07,0,10000.0,0
SYN-REP-14741,SYN-U-10061,SYN-LN-7241,25000.0,6250.0,2025-07-05,2025-07-05,0,6250.0,0
SYN-REP-14742,SYN-U-16909,SYN-LN-7242,10000.0,2500.0,2026-02-20,2026-02-24,4,2500.0,0
SYN-REP-14743,SYN-U-12355,SYN-LN-7243,10000.0,2500.0,2025-12-14,2025-12-14,0,2500.0,0
SYN-REP-14744,SYN-U-19495,SYN-LN-7244,10000.0,2500.0,2026-01-03,2026-01-03,0,2500.0,0
SYN-REP-14745,SYN-U-13779,SYN-LN-7245,40000.0,10000.0,2026-01-29,2026-01-29,0,10000.0,0
SYN-REP-14746,SYN-U-16021,SYN-LN-7246,15000.0,3750.0,2026-02-19,2026-02-19,0,3750.0,0
SYN-REP-14747,SYN-U-10720,SYN-LN-7247,15000.0,3750.0,2025-12-05,2025-12-05,0,3750.0,0
SYN-REP-14748,SYN-U-12245,SYN-LN-7248,5000.0,1250.0,2025-09-07,2025-09-07,0,1250.0,0
SYN-REP-14749,SYN-U-13168,SYN-LN-7249,10000.0,2500.0,2026-08-15,,70,387.31,1
SYN-REP-14750,SYN-U-11474,SYN-LN-7250,10000.0,2500.0,2025-06-21,2025-06-21,0,2500.0,0
SYN-REP-14751,SYN-U-16643,SYN-LN-7251,5000.0,1250.0,2026-02-09,2026-02-09,0,1250.0,0
SYN-REP-14752,SYN-U-13609,SYN-LN-7252,10000.0,2500.0,2026-07-10,2026-07-10,0,2500.0,0
SYN-REP-14753,SYN-U-11450,SYN-LN-7253,5000.0,1250.0,2026-04-01,2026-04-01,0,1250.0,0
SYN-REP-14754,SYN-U-14812,SYN-LN-7254,25000.0,6250.0,2025-11-25,2025-11-25,0,6250.0,0
SYN-REP-14755,SYN-U-15823,SYN-LN-7255,15000.0,3750.0,2025-12-27,2025-12-27,0,3750.0,0
SYN-REP-14756,SYN-U-11032,SYN-LN-7256,5000.0,1250.0,2026-01-11,2026-01-11,0,1250.0,0
SYN-REP-14757,SYN-U-17747,SYN-LN-7257,10000.0,2500.0,2025-08-13,2025-08-13,0,2500.0,0
SYN-REP-14758,SYN-U-14680,SYN-LN-7258,40000.0,10000.0,2026-06-29,2026-06-30,1,10000.0,0
SYN-REP-14759,SYN-U-18361,SYN-LN-7259,40000.0,10000.0,2025-10-23,2025-10-23,0,10000.0,0
SYN-REP-14760,SYN-U-17261,SYN-LN-7260,25000.0,6250.0,2025-06-21,2025-06-21,0,6250.0,0
SYN-REP-14761,SYN-U-17427,SYN-LN-7261,40000.0,10000.0,2026-07-20,2026-07-20,0,10000.0,0
SYN-REP-14762,SYN-U-17770,SYN-LN-7262,25000.0,6250.0,2026-02-09,2026-02-09,0,6250.0,0
SYN-REP-14763,SYN-U-17130,SYN-LN-7263,15000.0,3750.0,2025-09-17,2025-09-17,0,3750.0,0
SYN-REP-14764,SYN-U-14154,SYN-LN-7264,25000.0,6250.0,2025-06-24,2025-06-25,1,6250.0,0
SYN-REP-14765,SYN-U-15121,SYN-LN-7265,40000.0,10000.0,2026-01-24,2026-01-24,0,10000.0,0
SYN-REP-14766,SYN-U-14277,SYN-LN-7266,15000.0,3750.0,2026-06-13,2026-06-15,2,3750.0,0
SYN-REP-14767,SYN-U-14652,SYN-LN-7267,10000.0,2500.0,2026-02-07,2026-02-07,0,2500.0,0
SYN-REP-14768,SYN-U-14383,SYN-LN-7268,40000.0,10000.0,2026-08-07,2026-08-07,0,10000.0,0
SYN-REP-14769,SYN-U-15742,SYN-LN-7269,40000.0,10000.0,2026-01-05,2026-01-05,0,10000.0,0
SYN-REP-14770,SYN-U-13923,SYN-LN-7270,25000.0,6250.0,2025-07-05,2025-07-05,0,6250.0,0
SYN-REP-14771,SYN-U-18761,SYN-LN-7271,15000.0,3750.0,2026-08-11,2026-08-11,0,3750.0,0
SYN-REP-14772,SYN-U-16959,SYN-LN-7272,5000.0,1250.0,2026-01-16,2026-01-16,0,1250.0,0
SYN-REP-14773,SYN-U-13964,SYN-LN-7273,10000.0,2500.0,2026-08-15,2026-08-15,0,2500.0,0
SYN-REP-14774,SYN-U-13352,SYN-LN-7274,40000.0,10000.0,2026-04-25,2026-04-25,0,10000.0,0
SYN-REP-14775,SYN-U-12089,SYN-LN-7275,40000.0,10000.0,2025-07-28,2025-07-28,0,10000.0,0
SYN-REP-14776,SYN-U-13897,SYN-LN-7276,15000.0,3750.0,2025-09-26,2025-09-26,0,3750.0,0
SYN-REP-14777,SYN-U-10082,SYN-LN-7277,15000.0,3750.0,2026-05-14,2026-05-15,1,3750.0,0
SYN-REP-14778,SYN-U-18383,SYN-LN-7278,15000.0,3750.0,2026-01-16,2026-01-16,0,3750.0,0
SYN-REP-14779,SYN-U-13167,SYN-LN-7279,25000.0,6250.0,2026-07-05,2026-07-05,0,6250.0,0
SYN-REP-14780,SYN-U-16505,SYN-LN-7280,5000.0,1250.0,2026-07-15,2026-07-15,0,1250.0,0
SYN-REP-14781,SYN-U-12501,SYN-LN-7281,5000.0,1250.0,2026-02-07,2026-02-07,0,1250.0,0
SYN-REP-14782,SYN-U-19910,SYN-LN-7282,5000.0,1250.0,2026-08-06,2026-08-06,0,1250.0,0
SYN-REP-14783,SYN-U-19961,SYN-LN-7283,5000.0,1250.0,2026-08-10,2026-08-10,0,1250.0,0
SYN-REP-14784,SYN-U-16233,SYN-LN-7284,15000.0,3750.0,2026-06-06,2026-06-06,0,3750.0,0
SYN-REP-14785,SYN-U-12748,SYN-LN-7285,5000.0,1250.0,2025-11-27,2025-11-27,0,1250.0,0
SYN-REP-14786,SYN-U-13481,SYN-LN-7286,5000.0,1250.0,2026-07-03,2026-07-03,0,1250.0,0
SYN-REP-14787,SYN-U-12433,SYN-LN-7287,5000.0,1250.0,2025-11-08,2025-11-11,3,1250.0,0
SYN-REP-14788,SYN-U-10057,SYN-LN-7288,15000.0,3750.0,2025-06-27,2025-06-27,0,3750.0,0
SYN-REP-14789,SYN-U-12938,SYN-LN-7289,5000.0,1250.0,2026-01-08,2026-01-08,0,1250.0,0
SYN-REP-14790,SYN-U-12052,SYN-LN-7290,10000.0,2500.0,2025-11-22,2025-11-22,0,2500.0,0
SYN-REP-14791,SYN-U-10698,SYN-LN-7291,40000.0,10000.0,2025-11-04,2025-11-04,0,10000.0,0
SYN-REP-14792,SYN-U-19352,SYN-LN-7292,25000.0,6250.0,2026-03-27,2026-03-27,0,6250.0,0
SYN-REP-14793,SYN-U-16359,SYN-LN-7293,25000.0,6250.0,2025-07-03,2025-07-03,0,6250.0,0
SYN-REP-14794,SYN-U-11008,SYN-LN-7294,15000.0,3750.0,2025-09-26,2025-09-26,0,3750.0,0
SYN-REP-14795,SYN-U-17584,SYN-LN-7295,10000.0,2500.0,2025-10-06,2025-10-06,0,2500.0,0
SYN-REP-14796,SYN-U-14187,SYN-LN-7296,10000.0,2500.0,2026-01-01,2026-01-01,0,2500.0,0
SYN-REP-14797,SYN-U-11589,SYN-LN-7297,5000.0,1250.0,2025-11-29,2025-11-29,0,1250.0,0
SYN-REP-14798,SYN-U-10070,SYN-LN-7298,10000.0,2500.0,2025-08-14,2025-08-14,0,2500.0,0
SYN-REP-14799,SYN-U-18848,SYN-LN-7299,15000.0,3750.0,2026-04-07,2026-04-07,0,3750.0,0
SYN-REP-14800,SYN-U-11813,SYN-LN-7300,25000.0,6250.0,2026-03-22,2026-03-22,0,6250.0,0
SYN-REP-14801,SYN-U-19152,SYN-LN-7301,10000.0,2500.0,2025-08-10,2025-08-10,0,2500.0,0
SYN-REP-14802,SYN-U-17798,SYN-LN-7302,5000.0,1250.0,2025-06-19,2025-06-19,0,1250.0,0
SYN-REP-14803,SYN-U-17634,SYN-LN-7303,40000.0,10000.0,2025-09-04,2025-09-04,0,10000.0,0
SYN-REP-14804,SYN-U-17380,SYN-LN-7304,10000.0,2500.0,2025-12-01,2025-12-01,0,2500.0,0
SYN-REP-14805,SYN-U-17018,SYN-LN-7305,40000.0,10000.0,2025-10-22,2025-10-24,2,10000.0,0
SYN-REP-14806,SYN-U-10282,SYN-LN-7306,15000.0,3750.0,2026-03-04,2026-03-04,0,3750.0,0
SYN-REP-14807,SYN-U-14212,SYN-LN-7307,15000.0,3750.0,2025-12-20,2025-12-20,0,3750.0,0
SYN-REP-14808,SYN-U-11051,SYN-LN-7308,5000.0,1250.0,2026-08-17,2026-08-17,0,1250.0,0
SYN-REP-14809,SYN-U-18220,SYN-LN-7309,40000.0,10000.0,2026-05-16,2026-05-16,0,10000.0,0
SYN-REP-14810,SYN-U-12975,SYN-LN-7310,40000.0,10000.0,2026-04-24,2026-04-24,0,10000.0,0
SYN-REP-14811,SYN-U-14650,SYN-LN-7311,25000.0,6250.0,2026-06-26,2026-06-26,0,6250.0,0
SYN-REP-14812,SYN-U-11326,SYN-LN-7312,40000.0,10000.0,2026-05-10,2026-05-10,0,10000.0,0
SYN-REP-14813,SYN-U-14308,SYN-LN-7313,25000.0,6250.0,2026-02-19,2026-02-19,0,6250.0,0
SYN-REP-14814,SYN-U-18596,SYN-LN-7314,15000.0,3750.0,2025-09-21,2025-09-25,4,3750.0,0
SYN-REP-14815,SYN-U-17563,SYN-LN-7315,40000.0,10000.0,2025-09-22,,77,885.87,1
SYN-REP-14816,SYN-U-18439,SYN-LN-7316,15000.0,3750.0,2026-01-25,2026-01-25,0,3750.0,0
SYN-REP-14817,SYN-U-16475,SYN-LN-7317,25000.0,6250.0,2026-08-05,2026-08-07,2,6250.0,0
SYN-REP-14818,SYN-U-11549,SYN-LN-7318,5000.0,1250.0,2026-04-01,2026-04-05,4,1250.0,0
SYN-REP-14819,SYN-U-11605,SYN-LN-7319,25000.0,6250.0,2025-09-26,2025-09-30,4,6250.0,0
SYN-REP-14820,SYN-U-10367,SYN-LN-7320,40000.0,10000.0,2026-06-16,2026-06-16,0,10000.0,0
SYN-REP-14821,SYN-U-14810,SYN-LN-7321,10000.0,2500.0,2026-07-05,2026-07-05,0,2500.0,0
SYN-REP-14822,SYN-U-19510,SYN-LN-7322,15000.0,3750.0,2025-11-11,2025-11-11,0,3750.0,0
SYN-REP-14823,SYN-U-12734,SYN-LN-7323,10000.0,2500.0,2026-01-11,2026-01-15,4,2500.0,0
SYN-REP-14824,SYN-U-10980,SYN-LN-7324,15000.0,3750.0,2025-08-10,2025-08-10,0,3750.0,0
SYN-REP-14825,SYN-U-18778,SYN-LN-7325,40000.0,10000.0,2025-09-22,2025-09-22,0,10000.0,0
SYN-REP-14826,SYN-U-13055,SYN-LN-7326,10000.0,2500.0,2026-08-11,2026-08-13,2,2500.0,0
SYN-REP-14827,SYN-U-10267,SYN-LN-7327,40000.0,10000.0,2026-06-19,2026-06-23,4,10000.0,0
SYN-REP-14828,SYN-U-18187,SYN-LN-7328,10000.0,2500.0,2026-02-10,2026-02-10,0,2500.0,0
SYN-REP-14829,SYN-U-16946,SYN-LN-7329,5000.0,1250.0,2025-12-10,2025-12-10,0,1250.0,0
SYN-REP-14830,SYN-U-14379,SYN-LN-7330,10000.0,2500.0,2025-09-09,2025-09-09,0,2500.0,0
SYN-REP-14831,SYN-U-11153,SYN-LN-7331,25000.0,6250.0,2025-06-29,2025-06-29,0,6250.0,0
SYN-REP-14832,SYN-U-17584,SYN-LN-7332,40000.0,10000.0,2026-02-23,2026-02-23,0,10000.0,0
SYN-REP-14833,SYN-U-16359,SYN-LN-7333,5000.0,1250.0,2026-07-30,2026-07-30,0,1250.0,0
SYN-REP-14834,SYN-U-16085,SYN-LN-7334,40000.0,10000.0,2026-03-22,2026-03-22,0,10000.0,0
SYN-REP-14835,SYN-U-11877,SYN-LN-7335,15000.0,3750.0,2026-01-01,2026-01-01,0,3750.0,0
SYN-REP-14836,SYN-U-12804,SYN-LN-7336,40000.0,10000.0,2026-08-12,2026-08-12,0,10000.0,0
SYN-REP-14837,SYN-U-18284,SYN-LN-7337,15000.0,3750.0,2025-12-08,2025-12-08,0,3750.0,0
SYN-REP-14838,SYN-U-12945,SYN-LN-7338,15000.0,3750.0,2026-03-11,2026-03-11,0,3750.0,0
SYN-REP-14839,SYN-U-19733,SYN-LN-7339,40000.0,10000.0,2026-01-27,2026-01-29,2,10000.0,0
SYN-REP-14840,SYN-U-11899,SYN-LN-7340,40000.0,10000.0,2026-07-09,2026-07-09,0,10000.0,0
SYN-REP-14841,SYN-U-10196,SYN-LN-7341,15000.0,3750.0,2026-04-28,2026-04-28,0,3750.0,0
SYN-REP-14842,SYN-U-15161,SYN-LN-7342,5000.0,1250.0,2025-09-01,2025-09-01,0,1250.0,0
SYN-REP-14843,SYN-U-12643,SYN-LN-7343,15000.0,3750.0,2026-05-31,2026-05-31,0,3750.0,0
SYN-REP-14844,SYN-U-13133,SYN-LN-7344,10000.0,2500.0,2025-11-08,2025-11-08,0,2500.0,0
SYN-REP-14845,SYN-U-19614,SYN-LN-7345,25000.0,6250.0,2026-03-15,2026-03-18,3,6250.0,0
SYN-REP-14846,SYN-U-17963,SYN-LN-7346,15000.0,3750.0,2026-03-05,2026-03-05,0,3750.0,0
SYN-REP-14847,SYN-U-14992,SYN-LN-7347,5000.0,1250.0,2026-02-04,2026-02-04,0,1250.0,0
SYN-REP-14848,SYN-U-18814,SYN-LN-7348,40000.0,10000.0,2025-09-17,2025-09-17,0,10000.0,0
SYN-REP-14849,SYN-U-16311,SYN-LN-7349,40000.0,10000.0,2026-07-31,2026-07-31,0,10000.0,0
SYN-REP-14850,SYN-U-14747,SYN-LN-7350,10000.0,2500.0,2026-05-30,2026-05-30,0,2500.0,0
SYN-REP-14851,SYN-U-12098,SYN-LN-7351,40000.0,10000.0,2026-07-12,2026-07-12,0,10000.0,0
SYN-REP-14852,SYN-U-13860,SYN-LN-7352,5000.0,1250.0,2026-07-14,2026-07-14,0,1250.0,0
SYN-REP-14853,SYN-U-11867,SYN-LN-7353,5000.0,1250.0,2025-08-25,2025-08-25,0,1250.0,0
SYN-REP-14854,SYN-U-15685,SYN-LN-7354,25000.0,6250.0,2026-03-20,2026-03-20,0,6250.0,0
SYN-REP-14855,SYN-U-13039,SYN-LN-7355,15000.0,3750.0,2025-09-25,2025-09-25,0,3750.0,0
SYN-REP-14856,SYN-U-10476,SYN-LN-7356,15000.0,3750.0,2026-01-13,2026-01-13,0,3750.0,0
SYN-REP-14857,SYN-U-11475,SYN-LN-7357,10000.0,2500.0,2025-10-30,2025-10-30,0,2500.0,0
SYN-REP-14858,SYN-U-11137,SYN-LN-7358,5000.0,1250.0,2026-04-11,2026-04-11,0,1250.0,0
SYN-REP-14859,SYN-U-10839,SYN-LN-7359,5000.0,1250.0,2025-10-04,2025-10-04,0,1250.0,0
SYN-REP-14860,SYN-U-14801,SYN-LN-7360,40000.0,10000.0,2025-10-03,2025-10-03,0,10000.0,0
SYN-REP-14861,SYN-U-18234,SYN-LN-7361,40000.0,10000.0,2026-01-16,2026-01-16,0,10000.0,0
SYN-REP-14862,SYN-U-12017,SYN-LN-7362,40000.0,10000.0,2025-09-17,2025-09-17,0,10000.0,0
SYN-REP-14863,SYN-U-19768,SYN-LN-7363,25000.0,6250.0,2026-06-04,2026-06-04,0,6250.0,0
SYN-REP-14864,SYN-U-13540,SYN-LN-7364,10000.0,2500.0,2025-06-06,2025-06-07,1,2500.0,0
SYN-REP-14865,SYN-U-16122,SYN-LN-7365,25000.0,6250.0,2025-10-23,2025-10-23,0,6250.0,0
SYN-REP-14866,SYN-U-14073,SYN-LN-7366,5000.0,1250.0,2026-05-15,2026-05-15,0,1250.0,0
SYN-REP-14867,SYN-U-15304,SYN-LN-7367,5000.0,1250.0,2026-06-15,2026-06-15,0,1250.0,0
SYN-REP-14868,SYN-U-18358,SYN-LN-7368,5000.0,1250.0,2026-08-03,2026-08-03,0,1250.0,0
SYN-REP-14869,SYN-U-10790,SYN-LN-7369,40000.0,10000.0,2025-09-15,2025-09-15,0,10000.0,0
SYN-REP-14870,SYN-U-10423,SYN-LN-7370,10000.0,2500.0,2026-04-01,2026-04-01,0,2500.0,0
SYN-REP-14871,SYN-U-13471,SYN-LN-7371,25000.0,6250.0,2026-03-22,2026-03-22,0,6250.0,0
SYN-REP-14872,SYN-U-10806,SYN-LN-7372,25000.0,6250.0,2025-07-29,2025-07-29,0,6250.0,0
SYN-REP-14873,SYN-U-12967,SYN-LN-7373,25000.0,6250.0,2025-11-02,2025-11-02,0,6250.0,0
SYN-REP-14874,SYN-U-10171,SYN-LN-7374,10000.0,2500.0,2025-07-03,2025-07-03,0,2500.0,0
SYN-REP-14875,SYN-U-12703,SYN-LN-7375,25000.0,6250.0,2025-10-25,2025-10-25,0,6250.0,0
SYN-REP-14876,SYN-U-11547,SYN-LN-7376,5000.0,1250.0,2025-09-17,2025-09-17,0,1250.0,0
SYN-REP-14877,SYN-U-19211,SYN-LN-7377,25000.0,6250.0,2026-02-10,2026-02-10,0,6250.0,0
SYN-REP-14878,SYN-U-16220,SYN-LN-7378,25000.0,6250.0,2025-08-26,2025-08-26,0,6250.0,0
SYN-REP-14879,SYN-U-10595,SYN-LN-7379,40000.0,10000.0,2026-03-04,2026-03-04,0,10000.0,0
SYN-REP-14880,SYN-U-16837,SYN-LN-7380,40000.0,10000.0,2026-04-02,2026-04-02,0,10000.0,0
SYN-REP-14881,SYN-U-17153,SYN-LN-7381,10000.0,2500.0,2026-04-19,2026-04-19,0,2500.0,0
SYN-REP-14882,SYN-U-11503,SYN-LN-7382,40000.0,10000.0,2025-07-07,2025-08-20,44,10000.0,0
SYN-REP-14883,SYN-U-12117,SYN-LN-7383,25000.0,6250.0,2025-09-03,2025-09-03,0,6250.0,0
SYN-REP-14884,SYN-U-16329,SYN-LN-7384,5000.0,1250.0,2025-10-07,2025-10-07,0,1250.0,0
SYN-REP-14885,SYN-U-17298,SYN-LN-7385,40000.0,10000.0,2026-08-24,2026-08-24,0,10000.0,0
SYN-REP-14886,SYN-U-12706,SYN-LN-7386,40000.0,10000.0,2026-03-13,2026-03-13,0,10000.0,0
SYN-REP-14887,SYN-U-11851,SYN-LN-7387,5000.0,1250.0,2026-07-22,2026-07-22,0,1250.0,0
SYN-REP-14888,SYN-U-11210,SYN-LN-7388,25000.0,6250.0,2025-07-09,2025-07-09,0,6250.0,0
SYN-REP-14889,SYN-U-16876,SYN-LN-7389,15000.0,3750.0,2025-09-11,2025-09-11,0,3750.0,0
SYN-REP-14890,SYN-U-16132,SYN-LN-7390,10000.0,2500.0,2025-09-23,2025-10-27,34,2500.0,0
SYN-REP-14891,SYN-U-17856,SYN-LN-7391,40000.0,10000.0,2025-06-08,2025-06-08,0,10000.0,0
SYN-REP-14892,SYN-U-18864,SYN-LN-7392,25000.0,6250.0,2025-06-22,2025-06-22,0,6250.0,0
SYN-REP-14893,SYN-U-14986,SYN-LN-7393,25000.0,6250.0,2026-01-05,2026-01-05,0,6250.0,0
SYN-REP-14894,SYN-U-12493,SYN-LN-7394,25000.0,6250.0,2026-02-13,2026-02-13,0,6250.0,0
SYN-REP-14895,SYN-U-12745,SYN-LN-7395,5000.0,1250.0,2026-06-03,2026-06-03,0,1250.0,0
SYN-REP-14896,SYN-U-13230,SYN-LN-7396,5000.0,1250.0,2026-03-21,2026-03-21,0,1250.0,0
SYN-REP-14897,SYN-U-16237,SYN-LN-7397,10000.0,2500.0,2025-09-28,2025-09-28,0,2500.0,0
SYN-REP-14898,SYN-U-14014,SYN-LN-7398,10000.0,2500.0,2026-06-23,2026-06-23,0,2500.0,0
SYN-REP-14899,SYN-U-18237,SYN-LN-7399,40000.0,10000.0,2026-02-17,2026-02-17,0,10000.0,0
SYN-REP-14900,SYN-U-14565,SYN-LN-7400,5000.0,1250.0,2026-07-07,2026-07-10,3,1250.0,0
SYN-REP-14901,SYN-U-14971,SYN-LN-7401,25000.0,6250.0,2026-03-24,2026-03-28,4,6250.0,0
SYN-REP-14902,SYN-U-14518,SYN-LN-7402,15000.0,3750.0,2025-10-05,2025-10-05,0,3750.0,0
SYN-REP-14903,SYN-U-13402,SYN-LN-7403,40000.0,10000.0,2025-12-07,2025-12-07,0,10000.0,0
SYN-REP-14904,SYN-U-14435,SYN-LN-7404,40000.0,10000.0,2025-09-30,2025-09-30,0,10000.0,0
SYN-REP-14905,SYN-U-18380,SYN-LN-7405,25000.0,6250.0,2025-10-22,2025-10-22,0,6250.0,0
SYN-REP-14906,SYN-U-14009,SYN-LN-7406,25000.0,6250.0,2025-07-05,2025-07-05,0,6250.0,0
SYN-REP-14907,SYN-U-18097,SYN-LN-7407,15000.0,3750.0,2026-01-12,2026-01-12,0,3750.0,0
SYN-REP-14908,SYN-U-15034,SYN-LN-7408,25000.0,6250.0,2025-07-08,2025-07-08,0,6250.0,0
SYN-REP-14909,SYN-U-12455,SYN-LN-7409,25000.0,6250.0,2025-08-24,2025-08-24,0,6250.0,0
SYN-REP-14910,SYN-U-14081,SYN-LN-7410,15000.0,3750.0,2026-07-08,2026-08-25,48,3750.0,0
SYN-REP-14911,SYN-U-15434,SYN-LN-7411,15000.0,3750.0,2026-02-09,2026-02-11,2,3750.0,0
SYN-REP-14912,SYN-U-19146,SYN-LN-7412,25000.0,6250.0,2026-04-25,2026-04-25,0,6250.0,0
SYN-REP-14913,SYN-U-16319,SYN-LN-7413,15000.0,3750.0,2025-09-03,2025-09-03,0,3750.0,0
SYN-REP-14914,SYN-U-13840,SYN-LN-7414,10000.0,2500.0,2025-06-14,2025-06-14,0,2500.0,0
SYN-REP-14915,SYN-U-17799,SYN-LN-7415,15000.0,3750.0,2025-07-29,2025-07-29,0,3750.0,0
SYN-REP-14916,SYN-U-19555,SYN-LN-7416,40000.0,10000.0,2026-07-17,2026-07-17,0,10000.0,0
SYN-REP-14917,SYN-U-10436,SYN-LN-7417,5000.0,1250.0,2025-08-07,2025-08-07,0,1250.0,0
SYN-REP-14918,SYN-U-15079,SYN-LN-7418,40000.0,10000.0,2025-07-31,2025-07-31,0,10000.0,0
SYN-REP-14919,SYN-U-19898,SYN-LN-7419,15000.0,3750.0,2026-02-08,2026-02-08,0,3750.0,0
SYN-REP-14920,SYN-U-19460,SYN-LN-7420,10000.0,2500.0,2026-01-17,2026-01-17,0,2500.0,0
SYN-REP-14921,SYN-U-11940,SYN-LN-7421,25000.0,6250.0,2025-07-26,2025-07-26,0,6250.0,0
SYN-REP-14922,SYN-U-12638,SYN-LN-7422,15000.0,3750.0,2026-08-10,2026-08-10,0,3750.0,0
SYN-REP-14923,SYN-U-16387,SYN-LN-7423,15000.0,3750.0,2025-12-19,2025-12-19,0,3750.0,0
SYN-REP-14924,SYN-U-16615,SYN-LN-7424,25000.0,6250.0,2026-05-24,2026-05-24,0,6250.0,0
SYN-REP-14925,SYN-U-10028,SYN-LN-7425,40000.0,10000.0,2026-05-26,2026-05-26,0,10000.0,0
SYN-REP-14926,SYN-U-16423,SYN-LN-7426,25000.0,6250.0,2026-04-10,2026-04-10,0,6250.0,0
SYN-REP-14927,SYN-U-16233,SYN-LN-7427,15000.0,3750.0,2026-05-07,2026-05-08,1,3750.0,0
SYN-REP-14928,SYN-U-17005,SYN-LN-7428,15000.0,3750.0,2026-04-22,2026-04-25,3,3750.0,0
SYN-REP-14929,SYN-U-15316,SYN-LN-7429,5000.0,1250.0,2026-02-21,2026-02-21,0,1250.0,0
SYN-REP-14930,SYN-U-16769,SYN-LN-7430,15000.0,3750.0,2025-07-30,2025-07-30,0,3750.0,0
SYN-REP-14931,SYN-U-17717,SYN-LN-7431,40000.0,10000.0,2026-03-11,2026-03-11,0,10000.0,0
SYN-REP-14932,SYN-U-14945,SYN-LN-7432,25000.0,6250.0,2026-05-01,2026-05-03,2,6250.0,0
SYN-REP-14933,SYN-U-10285,SYN-LN-7433,15000.0,3750.0,2025-06-22,2025-06-22,0,3750.0,0
SYN-REP-14934,SYN-U-13481,SYN-LN-7434,25000.0,6250.0,2025-11-21,2025-11-21,0,6250.0,0
SYN-REP-14935,SYN-U-19447,SYN-LN-7435,25000.0,6250.0,2025-07-14,2025-07-14,0,6250.0,0
SYN-REP-14936,SYN-U-10049,SYN-LN-7436,10000.0,2500.0,2025-11-02,2025-11-02,0,2500.0,0
SYN-REP-14937,SYN-U-19500,SYN-LN-7437,5000.0,1250.0,2026-04-10,2026-04-10,0,1250.0,0
SYN-REP-14938,SYN-U-13124,SYN-LN-7438,25000.0,6250.0,2025-09-12,2025-09-12,0,6250.0,0
SYN-REP-14939,SYN-U-19783,SYN-LN-7439,5000.0,1250.0,2026-07-17,2026-07-17,0,1250.0,0
SYN-REP-14940,SYN-U-12576,SYN-LN-7440,40000.0,10000.0,2025-07-21,2025-07-21,0,10000.0,0
SYN-REP-14941,SYN-U-10467,SYN-LN-7441,10000.0,2500.0,2026-02-23,2026-02-23,0,2500.0,0
SYN-REP-14942,SYN-U-18679,SYN-LN-7442,10000.0,2500.0,2026-05-05,2026-05-05,0,2500.0,0
SYN-REP-14943,SYN-U-16421,SYN-LN-7443,40000.0,10000.0,2026-01-07,2026-01-07,0,10000.0,0
SYN-REP-14944,SYN-U-11040,SYN-LN-7444,10000.0,2500.0,2026-07-23,2026-07-23,0,2500.0,0
SYN-REP-14945,SYN-U-14508,SYN-LN-7445,40000.0,10000.0,2026-07-25,2026-07-25,0,10000.0,0
SYN-REP-14946,SYN-U-12285,SYN-LN-7446,40000.0,10000.0,2025-09-05,2025-09-05,0,10000.0,0
SYN-REP-14947,SYN-U-18601,SYN-LN-7447,15000.0,3750.0,2025-10-21,2025-10-21,0,3750.0,0
SYN-REP-14948,SYN-U-10223,SYN-LN-7448,5000.0,1250.0,2025-11-07,2025-11-07,0,1250.0,0
SYN-REP-14949,SYN-U-15730,SYN-LN-7449,15000.0,3750.0,2026-05-06,2026-05-06,0,3750.0,0
SYN-REP-14950,SYN-U-18061,SYN-LN-7450,25000.0,6250.0,2026-02-19,2026-02-19,0,6250.0,0
SYN-REP-14951,SYN-U-17365,SYN-LN-7451,5000.0,1250.0,2025-11-09,2025-11-09,0,1250.0,0
SYN-REP-14952,SYN-U-19663,SYN-LN-7452,25000.0,6250.0,2025-08-02,2025-08-02,0,6250.0,0
SYN-REP-14953,SYN-U-15286,SYN-LN-7453,10000.0,2500.0,2026-02-16,2026-02-16,0,2500.0,0
SYN-REP-14954,SYN-U-18429,SYN-LN-7454,25000.0,6250.0,2026-04-14,2026-04-14,0,6250.0,0
SYN-REP-14955,SYN-U-12110,SYN-LN-7455,40000.0,10000.0,2025-09-10,2025-09-10,0,10000.0,0
SYN-REP-14956,SYN-U-14575,SYN-LN-7456,10000.0,2500.0,2025-11-08,2025-11-08,0,2500.0,0
SYN-REP-14957,SYN-U-18998,SYN-LN-7457,5000.0,1250.0,2026-05-18,2026-05-18,0,1250.0,0
SYN-REP-14958,SYN-U-16848,SYN-LN-7458,25000.0,6250.0,2026-04-03,2026-04-03,0,6250.0,0
SYN-REP-14959,SYN-U-15144,SYN-LN-7459,10000.0,2500.0,2026-08-05,2026-08-05,0,2500.0,0
SYN-REP-14960,SYN-U-18624,SYN-LN-7460,10000.0,2500.0,2025-09-24,2025-11-19,56,2500.0,0
SYN-REP-14961,SYN-U-10340,SYN-LN-7461,15000.0,3750.0,2026-07-13,2026-07-13,0,3750.0,0
SYN-REP-14962,SYN-U-14836,SYN-LN-7462,15000.0,3750.0,2026-04-02,2026-04-05,3,3750.0,0
SYN-REP-14963,SYN-U-19175,SYN-LN-7463,40000.0,10000.0,2025-10-06,2025-10-06,0,10000.0,0
SYN-REP-14964,SYN-U-13758,SYN-LN-7464,5000.0,1250.0,2026-06-22,2026-06-22,0,1250.0,0
SYN-REP-14965,SYN-U-18949,SYN-LN-7465,40000.0,10000.0,2026-06-05,2026-06-07,2,10000.0,0
SYN-REP-14966,SYN-U-11501,SYN-LN-7466,40000.0,10000.0,2026-07-02,2026-07-02,0,10000.0,0
SYN-REP-14967,SYN-U-16136,SYN-LN-7467,25000.0,6250.0,2026-07-21,2026-07-21,0,6250.0,0
SYN-REP-14968,SYN-U-15428,SYN-LN-7468,40000.0,10000.0,2026-07-02,2026-07-02,0,10000.0,0
SYN-REP-14969,SYN-U-12083,SYN-LN-7469,10000.0,2500.0,2025-08-28,2025-08-28,0,2500.0,0
SYN-REP-14970,SYN-U-14796,SYN-LN-7470,5000.0,1250.0,2025-08-14,2025-08-18,4,1250.0,0
SYN-REP-14971,SYN-U-12723,SYN-LN-7471,40000.0,10000.0,2025-10-30,2025-10-30,0,10000.0,0
SYN-REP-14972,SYN-U-11663,SYN-LN-7472,15000.0,3750.0,2025-08-19,2025-08-22,3,3750.0,0
SYN-REP-14973,SYN-U-10850,SYN-LN-7473,25000.0,6250.0,2025-08-12,2025-08-12,0,6250.0,0
SYN-REP-14974,SYN-U-12567,SYN-LN-7474,5000.0,1250.0,2026-01-05,2026-01-05,0,1250.0,0
SYN-REP-14975,SYN-U-18410,SYN-LN-7475,25000.0,6250.0,2026-01-03,2026-01-03,0,6250.0,0
SYN-REP-14976,SYN-U-19486,SYN-LN-7476,25000.0,6250.0,2026-03-29,2026-03-29,0,6250.0,0
SYN-REP-14977,SYN-U-14192,SYN-LN-7477,15000.0,3750.0,2026-08-02,2026-08-02,0,3750.0,0
SYN-REP-14978,SYN-U-10339,SYN-LN-7478,15000.0,3750.0,2025-12-18,2025-12-18,0,3750.0,0
SYN-REP-14979,SYN-U-11098,SYN-LN-7479,15000.0,3750.0,2026-06-06,2026-06-06,0,3750.0,0
SYN-REP-14980,SYN-U-18131,SYN-LN-7480,25000.0,6250.0,2026-07-18,2026-07-18,0,6250.0,0
SYN-REP-14981,SYN-U-10217,SYN-LN-7481,10000.0,2500.0,2026-01-15,2026-01-19,4,2500.0,0
SYN-REP-14982,SYN-U-18579,SYN-LN-7482,25000.0,6250.0,2026-05-27,2026-05-27,0,6250.0,0
SYN-REP-14983,SYN-U-18149,SYN-LN-7483,25000.0,6250.0,2026-03-16,2026-03-18,2,6250.0,0
SYN-REP-14984,SYN-U-16595,SYN-LN-7484,15000.0,3750.0,2025-12-19,2025-12-19,0,3750.0,0
SYN-REP-14985,SYN-U-11808,SYN-LN-7485,15000.0,3750.0,2026-07-23,2026-07-23,0,3750.0,0
SYN-REP-14986,SYN-U-11321,SYN-LN-7486,25000.0,6250.0,2025-12-15,2025-12-15,0,6250.0,0
SYN-REP-14987,SYN-U-10278,SYN-LN-7487,10000.0,2500.0,2025-12-15,2025-12-15,0,2500.0,0
SYN-REP-14988,SYN-U-14726,SYN-LN-7488,5000.0,1250.0,2025-08-29,2025-08-29,0,1250.0,0
SYN-REP-14989,SYN-U-13574,SYN-LN-7489,25000.0,6250.0,2025-09-22,2025-09-22,0,6250.0,0
SYN-REP-14990,SYN-U-14587,SYN-LN-7490,40000.0,10000.0,2025-11-13,2025-11-13,0,10000.0,0
SYN-REP-14991,SYN-U-16782,SYN-LN-7491,40000.0,10000.0,2026-01-11,2026-01-11,0,10000.0,0
SYN-REP-14992,SYN-U-16755,SYN-LN-7492,10000.0,2500.0,2025-10-12,2025-10-12,0,2500.0,0
SYN-REP-14993,SYN-U-18920,SYN-LN-7493,40000.0,10000.0,2026-02-02,2026-02-02,0,10000.0,0
SYN-REP-14994,SYN-U-17293,SYN-LN-7494,25000.0,6250.0,2025-12-01,2025-12-01,0,6250.0,0
SYN-REP-14995,SYN-U-17080,SYN-LN-7495,40000.0,10000.0,2026-05-23,2026-05-23,0,10000.0,0
SYN-REP-14996,SYN-U-19725,SYN-LN-7496,5000.0,1250.0,2025-06-29,2025-06-29,0,1250.0,0
SYN-REP-14997,SYN-U-16477,SYN-LN-7497,5000.0,1250.0,2026-01-13,2026-01-13,0,1250.0,0
SYN-REP-14998,SYN-U-11995,SYN-LN-7498,10000.0,2500.0,2025-07-01,2025-07-01,0,2500.0,0
SYN-REP-14999,SYN-U-10155,SYN-LN-7499,25000.0,6250.0,2026-05-07,2026-05-07,0,6250.0,0
SYN-REP-15000,SYN-U-18006,SYN-LN-7500,10000.0,2500.0,2025-09-23,2025-09-23,0,2500.0,0
SYN-REP-15001,SYN-U-10866,SYN-LN-5001,40000.0,10000.0,2026-06-13,2026-06-13,0,10000.0,0
SYN-REP-15002,SYN-U-12031,SYN-LN-5002,40000.0,10000.0,2026-02-26,2026-02-26,0,10000.0,0
SYN-REP-15003,SYN-U-16948,SYN-LN-5003,15000.0,3750.0,2026-02-09,2026-02-09,0,3750.0,0
SYN-REP-15004,SYN-U-17107,SYN-LN-5004,5000.0,1250.0,2026-07-17,2026-07-17,0,1250.0,0
SYN-REP-15005,SYN-U-17266,SYN-LN-5005,15000.0,3750.0,2026-05-02,2026-05-05,3,3750.0,0
SYN-REP-15006,SYN-U-17804,SYN-LN-5006,15000.0,3750.0,2026-08-11,2026-08-13,2,3750.0,0
SYN-REP-15007,SYN-U-11696,SYN-LN-5007,5000.0,1250.0,2026-06-20,2026-06-20,0,1250.0,0
SYN-REP-15008,SYN-U-10864,SYN-LN-5008,15000.0,3750.0,2026-01-25,2026-01-25,0,3750.0,0
SYN-REP-15009,SYN-U-19960,SYN-LN-5009,25000.0,6250.0,2026-06-24,2026-06-24,0,6250.0,0
SYN-REP-15010,SYN-U-19171,SYN-LN-5010,5000.0,1250.0,2026-03-31,2026-03-31,0,1250.0,0
SYN-REP-15011,SYN-U-18118,SYN-LN-5011,15000.0,3750.0,2025-08-23,2025-08-23,0,3750.0,0
SYN-REP-15012,SYN-U-19115,SYN-LN-5012,15000.0,3750.0,2026-08-02,2026-08-02,0,3750.0,0
SYN-REP-15013,SYN-U-13730,SYN-LN-5013,5000.0,1250.0,2025-08-19,2025-08-21,2,1250.0,0
SYN-REP-15014,SYN-U-12768,SYN-LN-5014,10000.0,2500.0,2026-07-29,2026-07-29,0,2500.0,0
SYN-REP-15015,SYN-U-15654,SYN-LN-5015,25000.0,6250.0,2025-11-18,2025-11-18,0,6250.0,0
SYN-REP-15016,SYN-U-12971,SYN-LN-5016,10000.0,2500.0,2026-01-13,2026-01-13,0,2500.0,0
SYN-REP-15017,SYN-U-15003,SYN-LN-5017,40000.0,10000.0,2025-07-25,2025-07-25,0,10000.0,0
SYN-REP-15018,SYN-U-10510,SYN-LN-5018,5000.0,1250.0,2026-02-21,2026-02-25,4,1250.0,0
SYN-REP-15019,SYN-U-15212,SYN-LN-5019,15000.0,3750.0,2026-08-16,2026-08-16,0,3750.0,0
SYN-REP-15020,SYN-U-17837,SYN-LN-5020,25000.0,6250.0,2025-09-29,2025-09-29,0,6250.0,0
SYN-REP-15021,SYN-U-14430,SYN-LN-5021,15000.0,3750.0,2025-08-14,2025-08-14,0,3750.0,0
SYN-REP-15022,SYN-U-13010,SYN-LN-5022,5000.0,1250.0,2025-10-06,2025-10-06,0,1250.0,0
SYN-REP-15023,SYN-U-15801,SYN-LN-5023,5000.0,1250.0,2025-09-19,2025-09-19,0,1250.0,0
SYN-REP-15024,SYN-U-18329,SYN-LN-5024,15000.0,3750.0,2025-11-14,2025-11-15,1,3750.0,0
SYN-REP-15025,SYN-U-12566,SYN-LN-5025,40000.0,10000.0,2025-06-20,2025-06-20,0,10000.0,0
SYN-REP-15026,SYN-U-11627,SYN-LN-5026,15000.0,3750.0,2025-12-28,2025-12-28,0,3750.0,0
SYN-REP-15027,SYN-U-15397,SYN-LN-5027,15000.0,3750.0,2025-11-05,2025-11-05,0,3750.0,0
SYN-REP-15028,SYN-U-12610,SYN-LN-5028,10000.0,2500.0,2025-11-02,2025-11-04,2,2500.0,0
SYN-REP-15029,SYN-U-17253,SYN-LN-5029,10000.0,2500.0,2026-06-21,2026-06-24,3,2500.0,0
SYN-REP-15030,SYN-U-13585,SYN-LN-5030,10000.0,2500.0,2026-01-16,2026-01-16,0,2500.0,0
SYN-REP-15031,SYN-U-15445,SYN-LN-5031,40000.0,10000.0,2026-07-31,2026-07-31,0,10000.0,0
SYN-REP-15032,SYN-U-13865,SYN-LN-5032,5000.0,1250.0,2026-08-19,2026-08-20,1,1250.0,0
SYN-REP-15033,SYN-U-10615,SYN-LN-5033,15000.0,3750.0,2026-06-21,2026-06-21,0,3750.0,0
SYN-REP-15034,SYN-U-19127,SYN-LN-5034,25000.0,6250.0,2026-02-03,2026-02-03,0,6250.0,0
SYN-REP-15035,SYN-U-15089,SYN-LN-5035,5000.0,1250.0,2026-06-28,2026-06-28,0,1250.0,0
SYN-REP-15036,SYN-U-19557,SYN-LN-5036,40000.0,10000.0,2025-11-01,2025-11-01,0,10000.0,0
SYN-REP-15037,SYN-U-13585,SYN-LN-5037,5000.0,1250.0,2026-01-21,2026-01-23,2,1250.0,0
SYN-REP-15038,SYN-U-12651,SYN-LN-5038,5000.0,1250.0,2026-08-16,2026-08-16,0,1250.0,0
SYN-REP-15039,SYN-U-15831,SYN-LN-5039,10000.0,2500.0,2026-08-11,2026-08-11,0,2500.0,0
SYN-REP-15040,SYN-U-16441,SYN-LN-5040,25000.0,6250.0,2026-02-01,2026-02-01,0,6250.0,0
SYN-REP-15041,SYN-U-18858,SYN-LN-5041,5000.0,1250.0,2025-09-13,2025-09-17,4,1250.0,0
SYN-REP-15042,SYN-U-14317,SYN-LN-5042,40000.0,10000.0,2025-12-22,2025-12-22,0,10000.0,0
SYN-REP-15043,SYN-U-17584,SYN-LN-5043,25000.0,6250.0,2026-02-22,2026-02-22,0,6250.0,0
SYN-REP-15044,SYN-U-19322,SYN-LN-5044,10000.0,2500.0,2026-08-07,2026-08-07,0,2500.0,0
SYN-REP-15045,SYN-U-12430,SYN-LN-5045,10000.0,2500.0,2025-11-07,2025-11-07,0,2500.0,0
SYN-REP-15046,SYN-U-12436,SYN-LN-5046,5000.0,1250.0,2026-04-11,2026-04-11,0,1250.0,0
SYN-REP-15047,SYN-U-13368,SYN-LN-5047,40000.0,10000.0,2025-10-16,2025-10-16,0,10000.0,0
SYN-REP-15048,SYN-U-16792,SYN-LN-5048,25000.0,6250.0,2025-12-17,2025-12-17,0,6250.0,0
SYN-REP-15049,SYN-U-17544,SYN-LN-5049,10000.0,2500.0,2026-07-25,2026-07-25,0,2500.0,0
SYN-REP-15050,SYN-U-13163,SYN-LN-5050,5000.0,1250.0,2025-06-01,2025-06-03,2,1250.0,0
SYN-REP-15051,SYN-U-12754,SYN-LN-5051,15000.0,3750.0,2025-07-05,2025-07-07,2,3750.0,0
SYN-REP-15052,SYN-U-14179,SYN-LN-5052,15000.0,3750.0,2025-09-04,2025-09-04,0,3750.0,0
SYN-REP-15053,SYN-U-19576,SYN-LN-5053,40000.0,10000.0,2026-07-15,2026-07-15,0,10000.0,0
SYN-REP-15054,SYN-U-16142,SYN-LN-5054,10000.0,2500.0,2025-07-03,2025-07-03,0,2500.0,0
SYN-REP-15055,SYN-U-16702,SYN-LN-5055,25000.0,6250.0,2026-01-17,2026-01-17,0,6250.0,0
SYN-REP-15056,SYN-U-17811,SYN-LN-5056,10000.0,2500.0,2025-09-05,2025-09-05,0,2500.0,0
SYN-REP-15057,SYN-U-17828,SYN-LN-5057,10000.0,2500.0,2026-03-28,2026-03-28,0,2500.0,0
SYN-REP-15058,SYN-U-12494,SYN-LN-5058,40000.0,10000.0,2025-08-15,2025-08-19,4,10000.0,0
SYN-REP-15059,SYN-U-17508,SYN-LN-5059,15000.0,3750.0,2025-06-04,2025-06-04,0,3750.0,0
SYN-REP-15060,SYN-U-15817,SYN-LN-5060,40000.0,10000.0,2025-10-28,2025-10-29,1,10000.0,0
SYN-REP-15061,SYN-U-11116,SYN-LN-5061,25000.0,6250.0,2026-01-17,2026-01-17,0,6250.0,0
SYN-REP-15062,SYN-U-18103,SYN-LN-5062,25000.0,6250.0,2025-11-14,2025-11-14,0,6250.0,0
SYN-REP-15063,SYN-U-15039,SYN-LN-5063,25000.0,6250.0,2026-05-15,2026-05-15,0,6250.0,0
SYN-REP-15064,SYN-U-18611,SYN-LN-5064,5000.0,1250.0,2026-04-19,2026-04-19,0,1250.0,0
SYN-REP-15065,SYN-U-12237,SYN-LN-5065,10000.0,2500.0,2026-06-15,2026-07-04,19,2500.0,0
SYN-REP-15066,SYN-U-18499,SYN-LN-5066,25000.0,6250.0,2026-05-26,2026-05-26,0,6250.0,0
SYN-REP-15067,SYN-U-16654,SYN-LN-5067,40000.0,10000.0,2025-08-15,2025-08-16,1,10000.0,0
SYN-REP-15068,SYN-U-16727,SYN-LN-5068,40000.0,10000.0,2026-01-05,2026-01-09,4,10000.0,0
SYN-REP-15069,SYN-U-17411,SYN-LN-5069,5000.0,1250.0,2026-08-22,2026-09-11,20,1250.0,0
SYN-REP-15070,SYN-U-12895,SYN-LN-5070,5000.0,1250.0,2026-08-06,2026-08-06,0,1250.0,0
SYN-REP-15071,SYN-U-19326,SYN-LN-5071,5000.0,1250.0,2025-11-12,2025-11-12,0,1250.0,0
SYN-REP-15072,SYN-U-14783,SYN-LN-5072,15000.0,3750.0,2025-08-23,2025-08-23,0,3750.0,0
SYN-REP-15073,SYN-U-11892,SYN-LN-5073,10000.0,2500.0,2025-11-26,2025-11-26,0,2500.0,0
SYN-REP-15074,SYN-U-16203,SYN-LN-5074,40000.0,10000.0,2025-08-08,2025-08-08,0,10000.0,0
SYN-REP-15075,SYN-U-16819,SYN-LN-5075,5000.0,1250.0,2026-06-10,2026-06-10,0,1250.0,0
SYN-REP-15076,SYN-U-12172,SYN-LN-5076,40000.0,10000.0,2025-11-22,2025-11-23,1,10000.0,0
SYN-REP-15077,SYN-U-18345,SYN-LN-5077,25000.0,6250.0,2026-01-05,2026-01-05,0,6250.0,0
SYN-REP-15078,SYN-U-12584,SYN-LN-5078,5000.0,1250.0,2026-06-28,2026-06-28,0,1250.0,0
SYN-REP-15079,SYN-U-14347,SYN-LN-5079,5000.0,1250.0,2026-05-13,2026-05-13,0,1250.0,0
SYN-REP-15080,SYN-U-10885,SYN-LN-5080,15000.0,3750.0,2025-07-23,2025-07-23,0,3750.0,0
SYN-REP-15081,SYN-U-16376,SYN-LN-5081,25000.0,6250.0,2026-05-21,2026-05-21,0,6250.0,0
SYN-REP-15082,SYN-U-12338,SYN-LN-5082,15000.0,3750.0,2025-11-15,2025-11-16,1,3750.0,0
SYN-REP-15083,SYN-U-19032,SYN-LN-5083,10000.0,2500.0,2025-08-19,2025-08-19,0,2500.0,0
SYN-REP-15084,SYN-U-17332,SYN-LN-5084,15000.0,3750.0,2026-03-01,2026-03-01,0,3750.0,0
SYN-REP-15085,SYN-U-18924,SYN-LN-5085,40000.0,10000.0,2025-08-24,2025-08-24,0,10000.0,0
SYN-REP-15086,SYN-U-12357,SYN-LN-5086,25000.0,6250.0,2025-06-01,2025-06-01,0,6250.0,0
SYN-REP-15087,SYN-U-13065,SYN-LN-5087,5000.0,1250.0,2025-11-07,2025-11-07,0,1250.0,0
SYN-REP-15088,SYN-U-18189,SYN-LN-5088,25000.0,6250.0,2025-10-03,2025-10-07,4,6250.0,0
SYN-REP-15089,SYN-U-14544,SYN-LN-5089,15000.0,3750.0,2025-07-28,2025-07-28,0,3750.0,0
SYN-REP-15090,SYN-U-19630,SYN-LN-5090,25000.0,6250.0,2026-01-18,2026-01-18,0,6250.0,0
SYN-REP-15091,SYN-U-16860,SYN-LN-5091,40000.0,10000.0,2026-01-07,2026-01-07,0,10000.0,0
SYN-REP-15092,SYN-U-16730,SYN-LN-5092,15000.0,3750.0,2025-09-26,2025-09-26,0,3750.0,0
SYN-REP-15093,SYN-U-17069,SYN-LN-5093,15000.0,3750.0,2026-01-05,2026-01-05,0,3750.0,0
SYN-REP-15094,SYN-U-15708,SYN-LN-5094,15000.0,3750.0,2025-12-05,2025-12-05,0,3750.0,0
SYN-REP-15095,SYN-U-11885,SYN-LN-5095,15000.0,3750.0,2026-03-23,2026-03-23,0,3750.0,0
SYN-REP-15096,SYN-U-10260,SYN-LN-5096,25000.0,6250.0,2026-07-04,2026-07-04,0,6250.0,0
SYN-REP-15097,SYN-U-14405,SYN-LN-5097,40000.0,10000.0,2026-05-08,2026-05-08,0,10000.0,0
SYN-REP-15098,SYN-U-11538,SYN-LN-5098,40000.0,10000.0,2025-12-27,2025-12-27,0,10000.0,0
SYN-REP-15099,SYN-U-18889,SYN-LN-5099,5000.0,1250.0,2026-07-12,2026-07-12,0,1250.0,0
SYN-REP-15100,SYN-U-18115,SYN-LN-5100,10000.0,2500.0,2026-01-19,2026-01-22,3,2500.0,0
SYN-REP-15101,SYN-U-17942,SYN-LN-5101,5000.0,1250.0,2026-05-29,2026-05-29,0,1250.0,0
SYN-REP-15102,SYN-U-17466,SYN-LN-5102,25000.0,6250.0,2026-04-16,2026-04-18,2,6250.0,0
SYN-REP-15103,SYN-U-19542,SYN-LN-5103,40000.0,10000.0,2025-10-16,2025-10-16,0,10000.0,0
SYN-REP-15104,SYN-U-14588,SYN-LN-5104,40000.0,10000.0,2026-06-18,2026-06-18,0,10000.0,0
SYN-REP-15105,SYN-U-16751,SYN-LN-5105,5000.0,1250.0,2026-07-27,2026-07-27,0,1250.0,0
SYN-REP-15106,SYN-U-12368,SYN-LN-5106,25000.0,6250.0,2025-12-27,2025-12-27,0,6250.0,0
SYN-REP-15107,SYN-U-17251,SYN-LN-5107,5000.0,1250.0,2026-02-07,2026-02-07,0,1250.0,0
SYN-REP-15108,SYN-U-13709,SYN-LN-5108,40000.0,10000.0,2026-02-24,2026-03-30,34,10000.0,0
SYN-REP-15109,SYN-U-15132,SYN-LN-5109,40000.0,10000.0,2026-04-15,2026-04-15,0,10000.0,0
SYN-REP-15110,SYN-U-19586,SYN-LN-5110,10000.0,2500.0,2025-06-07,2025-06-07,0,2500.0,0
SYN-REP-15111,SYN-U-19859,SYN-LN-5111,15000.0,3750.0,2026-01-27,2026-01-27,0,3750.0,0
SYN-REP-15112,SYN-U-16248,SYN-LN-5112,25000.0,6250.0,2025-12-29,2025-12-29,0,6250.0,0
SYN-REP-15113,SYN-U-13741,SYN-LN-5113,25000.0,6250.0,2026-07-11,2026-07-11,0,6250.0,0
SYN-REP-15114,SYN-U-15281,SYN-LN-5114,10000.0,2500.0,2025-10-01,2025-10-01,0,2500.0,0
SYN-REP-15115,SYN-U-12002,SYN-LN-5115,5000.0,1250.0,2025-06-05,2025-06-05,0,1250.0,0
SYN-REP-15116,SYN-U-10505,SYN-LN-5116,5000.0,1250.0,2025-10-02,2025-10-02,0,1250.0,0
SYN-REP-15117,SYN-U-13577,SYN-LN-5117,10000.0,2500.0,2025-07-15,2025-07-15,0,2500.0,0
SYN-REP-15118,SYN-U-12521,SYN-LN-5118,5000.0,1250.0,2026-01-07,2026-01-07,0,1250.0,0
SYN-REP-15119,SYN-U-14826,SYN-LN-5119,25000.0,6250.0,2025-07-06,2025-07-06,0,6250.0,0
SYN-REP-15120,SYN-U-11370,SYN-LN-5120,10000.0,2500.0,2025-10-26,2025-10-30,4,2500.0,0
SYN-REP-15121,SYN-U-19109,SYN-LN-5121,15000.0,3750.0,2025-11-26,2025-11-26,0,3750.0,0
SYN-REP-15122,SYN-U-15927,SYN-LN-5122,5000.0,1250.0,2025-10-28,,88,14.43,1
SYN-REP-15123,SYN-U-15567,SYN-LN-5123,40000.0,10000.0,2026-02-01,2026-02-03,2,10000.0,0
SYN-REP-15124,SYN-U-17678,SYN-LN-5124,25000.0,6250.0,2025-09-09,2025-09-09,0,6250.0,0
SYN-REP-15125,SYN-U-14675,SYN-LN-5125,40000.0,10000.0,2026-02-09,2026-02-09,0,10000.0,0
SYN-REP-15126,SYN-U-15339,SYN-LN-5126,15000.0,3750.0,2026-07-08,2026-07-08,0,3750.0,0
SYN-REP-15127,SYN-U-14206,SYN-LN-5127,25000.0,6250.0,2025-08-16,2025-09-06,21,6250.0,0
SYN-REP-15128,SYN-U-13143,SYN-LN-5128,5000.0,1250.0,2025-12-20,2025-12-20,0,1250.0,0
SYN-REP-15129,SYN-U-15407,SYN-LN-5129,10000.0,2500.0,2026-04-17,2026-04-17,0,2500.0,0
SYN-REP-15130,SYN-U-12791,SYN-LN-5130,15000.0,3750.0,2026-04-11,2026-04-11,0,3750.0,0
SYN-REP-15131,SYN-U-14192,SYN-LN-5131,40000.0,10000.0,2025-07-24,2025-07-24,0,10000.0,0
SYN-REP-15132,SYN-U-15475,SYN-LN-5132,40000.0,10000.0,2026-08-03,2026-08-03,0,10000.0,0
SYN-REP-15133,SYN-U-12650,SYN-LN-5133,10000.0,2500.0,2026-05-30,2026-05-30,0,2500.0,0
SYN-REP-15134,SYN-U-13272,SYN-LN-5134,40000.0,10000.0,2025-09-08,2025-09-08,0,10000.0,0
SYN-REP-15135,SYN-U-18279,SYN-LN-5135,10000.0,2500.0,2026-03-21,2026-03-21,0,2500.0,0
SYN-REP-15136,SYN-U-15125,SYN-LN-5136,25000.0,6250.0,2026-07-11,2026-07-11,0,6250.0,0
SYN-REP-15137,SYN-U-14148,SYN-LN-5137,40000.0,10000.0,2026-01-13,2026-01-14,1,10000.0,0
SYN-REP-15138,SYN-U-17574,SYN-LN-5138,25000.0,6250.0,2026-08-15,2026-08-15,0,6250.0,0
SYN-REP-15139,SYN-U-11996,SYN-LN-5139,5000.0,1250.0,2026-08-18,2026-08-18,0,1250.0,0
SYN-REP-15140,SYN-U-13036,SYN-LN-5140,15000.0,3750.0,2026-01-26,2026-01-26,0,3750.0,0
SYN-REP-15141,SYN-U-16388,SYN-LN-5141,5000.0,1250.0,2025-11-26,2025-11-26,0,1250.0,0
SYN-REP-15142,SYN-U-12562,SYN-LN-5142,10000.0,2500.0,2026-05-04,2026-05-04,0,2500.0,0
SYN-REP-15143,SYN-U-13996,SYN-LN-5143,10000.0,2500.0,2025-11-16,2025-11-16,0,2500.0,0
SYN-REP-15144,SYN-U-18692,SYN-LN-5144,40000.0,10000.0,2026-04-26,2026-04-26,0,10000.0,0
SYN-REP-15145,SYN-U-14900,SYN-LN-5145,15000.0,3750.0,2026-06-23,2026-06-23,0,3750.0,0
SYN-REP-15146,SYN-U-11649,SYN-LN-5146,5000.0,1250.0,2025-09-20,,63,343.27,1
SYN-REP-15147,SYN-U-18201,SYN-LN-5147,5000.0,1250.0,2025-10-26,2025-10-26,0,1250.0,0
SYN-REP-15148,SYN-U-17991,SYN-LN-5148,5000.0,1250.0,2026-05-30,2026-05-30,0,1250.0,0
SYN-REP-15149,SYN-U-11649,SYN-LN-5149,5000.0,1250.0,2026-03-03,2026-03-03,0,1250.0,0
SYN-REP-15150,SYN-U-18314,SYN-LN-5150,5000.0,1250.0,2026-01-24,2026-01-24,0,1250.0,0
SYN-REP-15151,SYN-U-11937,SYN-LN-5151,15000.0,3750.0,2026-06-19,2026-06-19,0,3750.0,0
SYN-REP-15152,SYN-U-12082,SYN-LN-5152,15000.0,3750.0,2025-07-29,2025-08-22,24,3750.0,0
SYN-REP-15153,SYN-U-19306,SYN-LN-5153,10000.0,2500.0,2026-01-23,2026-01-23,0,2500.0,0
SYN-REP-15154,SYN-U-19581,SYN-LN-5154,10000.0,2500.0,2025-06-19,2025-06-19,0,2500.0,0
SYN-REP-15155,SYN-U-12835,SYN-LN-5155,40000.0,10000.0,2026-07-29,2026-07-29,0,10000.0,0
SYN-REP-15156,SYN-U-13732,SYN-LN-5156,15000.0,3750.0,2025-11-15,2025-11-15,0,3750.0,0
SYN-REP-15157,SYN-U-12316,SYN-LN-5157,5000.0,1250.0,2025-06-23,2025-06-23,0,1250.0,0
SYN-REP-15158,SYN-U-18599,SYN-LN-5158,25000.0,6250.0,2025-09-24,2025-09-24,0,6250.0,0
SYN-REP-15159,SYN-U-18030,SYN-LN-5159,15000.0,3750.0,2025-09-06,2025-09-06,0,3750.0,0
SYN-REP-15160,SYN-U-14587,SYN-LN-5160,40000.0,10000.0,2025-09-25,2025-09-25,0,10000.0,0
SYN-REP-15161,SYN-U-13684,SYN-LN-5161,25000.0,6250.0,2026-05-27,2026-05-27,0,6250.0,0
SYN-REP-15162,SYN-U-16970,SYN-LN-5162,15000.0,3750.0,2025-06-03,2025-06-03,0,3750.0,0
SYN-REP-15163,SYN-U-13457,SYN-LN-5163,5000.0,1250.0,2026-02-08,2026-02-08,0,1250.0,0
SYN-REP-15164,SYN-U-19732,SYN-LN-5164,25000.0,6250.0,2025-07-28,2025-07-28,0,6250.0,0
SYN-REP-15165,SYN-U-14929,SYN-LN-5165,40000.0,10000.0,2026-07-10,2026-07-10,0,10000.0,0
SYN-REP-15166,SYN-U-12373,SYN-LN-5166,25000.0,6250.0,2026-04-22,2026-04-22,0,6250.0,0
SYN-REP-15167,SYN-U-12735,SYN-LN-5167,5000.0,1250.0,2026-06-17,2026-06-17,0,1250.0,0
SYN-REP-15168,SYN-U-17555,SYN-LN-5168,5000.0,1250.0,2026-02-13,2026-02-16,3,1250.0,0
SYN-REP-15169,SYN-U-15047,SYN-LN-5169,25000.0,6250.0,2026-03-25,2026-03-25,0,6250.0,0
SYN-REP-15170,SYN-U-14625,SYN-LN-5170,40000.0,10000.0,2026-04-09,2026-04-09,0,10000.0,0
SYN-REP-15171,SYN-U-11137,SYN-LN-5171,15000.0,3750.0,2026-05-19,2026-05-19,0,3750.0,0
SYN-REP-15172,SYN-U-12097,SYN-LN-5172,40000.0,10000.0,2025-07-31,2025-07-31,0,10000.0,0
SYN-REP-15173,SYN-U-18575,SYN-LN-5173,40000.0,10000.0,2026-01-10,2026-01-10,0,10000.0,0
SYN-REP-15174,SYN-U-14184,SYN-LN-5174,5000.0,1250.0,2026-06-07,2026-06-07,0,1250.0,0
SYN-REP-15175,SYN-U-12547,SYN-LN-5175,15000.0,3750.0,2025-08-12,2025-08-12,0,3750.0,0
SYN-REP-15176,SYN-U-18704,SYN-LN-5176,25000.0,6250.0,2025-07-01,2025-07-01,0,6250.0,0
SYN-REP-15177,SYN-U-16142,SYN-LN-5177,25000.0,6250.0,2026-03-27,2026-03-27,0,6250.0,0
SYN-REP-15178,SYN-U-11236,SYN-LN-5178,40000.0,10000.0,2026-03-06,2026-03-06,0,10000.0,0
SYN-REP-15179,SYN-U-19102,SYN-LN-5179,5000.0,1250.0,2026-05-07,2026-05-07,0,1250.0,0
SYN-REP-15180,SYN-U-14967,SYN-LN-5180,10000.0,2500.0,2025-08-22,2025-08-22,0,2500.0,0
SYN-REP-15181,SYN-U-11186,SYN-LN-5181,5000.0,1250.0,2026-04-05,2026-04-05,0,1250.0,0
SYN-REP-15182,SYN-U-14008,SYN-LN-5182,25000.0,6250.0,2026-03-04,2026-03-04,0,6250.0,0
SYN-REP-15183,SYN-U-12868,SYN-LN-5183,5000.0,1250.0,2025-11-17,2025-11-17,0,1250.0,0
SYN-REP-15184,SYN-U-10106,SYN-LN-5184,15000.0,3750.0,2026-08-10,2026-08-10,0,3750.0,0
SYN-REP-15185,SYN-U-14102,SYN-LN-5185,5000.0,1250.0,2025-08-18,2025-08-18,0,1250.0,0
SYN-REP-15186,SYN-U-17536,SYN-LN-5186,40000.0,10000.0,2025-08-13,2025-08-13,0,10000.0,0
SYN-REP-15187,SYN-U-17304,SYN-LN-5187,10000.0,2500.0,2026-06-27,2026-06-27,0,2500.0,0
SYN-REP-15188,SYN-U-17120,SYN-LN-5188,15000.0,3750.0,2026-02-07,2026-02-09,2,3750.0,0
SYN-REP-15189,SYN-U-15600,SYN-LN-5189,5000.0,1250.0,2026-08-08,2026-08-08,0,1250.0,0
SYN-REP-15190,SYN-U-16299,SYN-LN-5190,25000.0,6250.0,2025-08-01,2025-08-01,0,6250.0,0
SYN-REP-15191,SYN-U-17546,SYN-LN-5191,25000.0,6250.0,2026-04-15,2026-04-15,0,6250.0,0
SYN-REP-15192,SYN-U-17207,SYN-LN-5192,40000.0,10000.0,2026-03-18,2026-03-18,0,10000.0,0
SYN-REP-15193,SYN-U-16642,SYN-LN-5193,5000.0,1250.0,2025-06-10,2025-06-10,0,1250.0,0
SYN-REP-15194,SYN-U-19844,SYN-LN-5194,25000.0,6250.0,2025-11-20,2025-11-20,0,6250.0,0
SYN-REP-15195,SYN-U-16936,SYN-LN-5195,25000.0,6250.0,2025-10-17,2025-10-17,0,6250.0,0
SYN-REP-15196,SYN-U-10881,SYN-LN-5196,15000.0,3750.0,2025-08-10,2025-08-10,0,3750.0,0
SYN-REP-15197,SYN-U-16149,SYN-LN-5197,25000.0,6250.0,2026-01-24,2026-01-24,0,6250.0,0
SYN-REP-15198,SYN-U-10269,SYN-LN-5198,5000.0,1250.0,2026-02-16,2026-02-16,0,1250.0,0
SYN-REP-15199,SYN-U-15536,SYN-LN-5199,15000.0,3750.0,2025-06-20,2025-06-20,0,3750.0,0
SYN-REP-15200,SYN-U-19915,SYN-LN-5200,40000.0,10000.0,2025-08-03,2025-08-03,0,10000.0,0
SYN-REP-15201,SYN-U-10551,SYN-LN-5201,10000.0,2500.0,2025-11-13,2025-11-13,0,2500.0,0
SYN-REP-15202,SYN-U-16226,SYN-LN-5202,15000.0,3750.0,2025-10-05,2025-10-05,0,3750.0,0
SYN-REP-15203,SYN-U-11622,SYN-LN-5203,40000.0,10000.0,2026-05-06,2026-05-06,0,10000.0,0
SYN-REP-15204,SYN-U-13415,SYN-LN-5204,40000.0,10000.0,2026-05-28,2026-05-28,0,10000.0,0
SYN-REP-15205,SYN-U-15051,SYN-LN-5205,15000.0,3750.0,2026-03-22,2026-03-22,0,3750.0,0
SYN-REP-15206,SYN-U-17210,SYN-LN-5206,10000.0,2500.0,2026-01-26,2026-01-26,0,2500.0,0
SYN-REP-15207,SYN-U-10045,SYN-LN-5207,5000.0,1250.0,2026-07-17,2026-07-17,0,1250.0,0
SYN-REP-15208,SYN-U-18753,SYN-LN-5208,15000.0,3750.0,2026-01-13,2026-01-17,4,3750.0,0
SYN-REP-15209,SYN-U-10119,SYN-LN-5209,40000.0,10000.0,2026-04-02,2026-04-02,0,10000.0,0
SYN-REP-15210,SYN-U-11592,SYN-LN-5210,40000.0,10000.0,2026-01-28,2026-01-28,0,10000.0,0
SYN-REP-15211,SYN-U-14136,SYN-LN-5211,5000.0,1250.0,2026-03-17,2026-03-17,0,1250.0,0
SYN-REP-15212,SYN-U-10021,SYN-LN-5212,5000.0,1250.0,2026-04-12,2026-04-12,0,1250.0,0
SYN-REP-15213,SYN-U-16078,SYN-LN-5213,15000.0,3750.0,2025-07-22,2025-07-25,3,3750.0,0
SYN-REP-15214,SYN-U-15387,SYN-LN-5214,10000.0,2500.0,2026-04-02,2026-04-02,0,2500.0,0
SYN-REP-15215,SYN-U-11064,SYN-LN-5215,15000.0,3750.0,2026-05-30,2026-05-30,0,3750.0,0
SYN-REP-15216,SYN-U-17413,SYN-LN-5216,25000.0,6250.0,2026-04-19,2026-04-19,0,6250.0,0
SYN-REP-15217,SYN-U-19111,SYN-LN-5217,15000.0,3750.0,2026-03-24,2026-03-24,0,3750.0,0
SYN-REP-15218,SYN-U-19376,SYN-LN-5218,25000.0,6250.0,2025-10-28,2025-10-29,1,6250.0,0
SYN-REP-15219,SYN-U-19869,SYN-LN-5219,5000.0,1250.0,2026-04-18,2026-04-18,0,1250.0,0
SYN-REP-15220,SYN-U-12416,SYN-LN-5220,25000.0,6250.0,2026-06-28,2026-06-28,0,6250.0,0
SYN-REP-15221,SYN-U-15654,SYN-LN-5221,40000.0,10000.0,2025-09-25,2025-09-25,0,10000.0,0
SYN-REP-15222,SYN-U-11888,SYN-LN-5222,25000.0,6250.0,2026-05-29,2026-05-29,0,6250.0,0
SYN-REP-15223,SYN-U-12658,SYN-LN-5223,5000.0,1250.0,2025-10-22,2025-10-22,0,1250.0,0
SYN-REP-15224,SYN-U-12486,SYN-LN-5224,25000.0,6250.0,2026-04-09,2026-04-09,0,6250.0,0
SYN-REP-15225,SYN-U-10987,SYN-LN-5225,5000.0,1250.0,2025-11-23,2025-11-23,0,1250.0,0
SYN-REP-15226,SYN-U-18045,SYN-LN-5226,40000.0,10000.0,2025-06-16,2025-06-19,3,10000.0,0
SYN-REP-15227,SYN-U-11619,SYN-LN-5227,5000.0,1250.0,2025-10-11,2025-10-14,3,1250.0,0
SYN-REP-15228,SYN-U-18553,SYN-LN-5228,15000.0,3750.0,2025-09-13,2025-09-13,0,3750.0,0
SYN-REP-15229,SYN-U-17591,SYN-LN-5229,5000.0,1250.0,2026-01-26,2026-01-26,0,1250.0,0
SYN-REP-15230,SYN-U-18201,SYN-LN-5230,10000.0,2500.0,2025-08-29,,75,302.97,1
SYN-REP-15231,SYN-U-10787,SYN-LN-5231,40000.0,10000.0,2026-06-12,2026-06-12,0,10000.0,0
SYN-REP-15232,SYN-U-12991,SYN-LN-5232,15000.0,3750.0,2025-06-26,2025-06-26,0,3750.0,0
SYN-REP-15233,SYN-U-10944,SYN-LN-5233,40000.0,10000.0,2026-03-01,2026-03-01,0,10000.0,0
SYN-REP-15234,SYN-U-15746,SYN-LN-5234,15000.0,3750.0,2026-08-12,2026-08-12,0,3750.0,0
SYN-REP-15235,SYN-U-18007,SYN-LN-5235,25000.0,6250.0,2026-02-20,2026-02-20,0,6250.0,0
SYN-REP-15236,SYN-U-17009,SYN-LN-5236,5000.0,1250.0,2026-01-16,2026-01-16,0,1250.0,0
SYN-REP-15237,SYN-U-17079,SYN-LN-5237,10000.0,2500.0,2026-06-04,2026-06-04,0,2500.0,0
SYN-REP-15238,SYN-U-13774,SYN-LN-5238,40000.0,10000.0,2026-01-23,2026-01-23,0,10000.0,0
SYN-REP-15239,SYN-U-18395,SYN-LN-5239,5000.0,1250.0,2025-06-18,2025-06-18,0,1250.0,0
SYN-REP-15240,SYN-U-19670,SYN-LN-5240,15000.0,3750.0,2026-02-20,2026-02-20,0,3750.0,0
SYN-REP-15241,SYN-U-13468,SYN-LN-5241,15000.0,3750.0,2026-03-18,2026-03-18,0,3750.0,0
SYN-REP-15242,SYN-U-13116,SYN-LN-5242,25000.0,6250.0,2026-06-10,2026-06-10,0,6250.0,0
SYN-REP-15243,SYN-U-19159,SYN-LN-5243,5000.0,1250.0,2026-06-20,2026-06-20,0,1250.0,0
SYN-REP-15244,SYN-U-15098,SYN-LN-5244,5000.0,1250.0,2025-07-02,2025-07-02,0,1250.0,0
SYN-REP-15245,SYN-U-13768,SYN-LN-5245,25000.0,6250.0,2026-06-28,2026-06-28,0,6250.0,0
SYN-REP-15246,SYN-U-12046,SYN-LN-5246,5000.0,1250.0,2025-11-18,2025-11-18,0,1250.0,0
SYN-REP-15247,SYN-U-16022,SYN-LN-5247,40000.0,10000.0,2025-08-25,2025-08-25,0,10000.0,0
SYN-REP-15248,SYN-U-10463,SYN-LN-5248,40000.0,10000.0,2026-01-19,2026-01-19,0,10000.0,0
SYN-REP-15249,SYN-U-12520,SYN-LN-5249,10000.0,2500.0,2026-05-19,2026-05-19,0,2500.0,0
SYN-REP-15250,SYN-U-15071,SYN-LN-5250,15000.0,3750.0,2026-06-15,2026-06-15,0,3750.0,0
SYN-REP-15251,SYN-U-15398,SYN-LN-5251,5000.0,1250.0,2025-07-27,2025-07-27,0,1250.0,0
SYN-REP-15252,SYN-U-12211,SYN-LN-5252,25000.0,6250.0,2026-08-21,2026-08-21,0,6250.0,0
SYN-REP-15253,SYN-U-11075,SYN-LN-5253,15000.0,3750.0,2026-06-09,2026-06-09,0,3750.0,0
SYN-REP-15254,SYN-U-14760,SYN-LN-5254,5000.0,1250.0,2026-08-13,2026-08-13,0,1250.0,0
SYN-REP-15255,SYN-U-18302,SYN-LN-5255,10000.0,2500.0,2025-10-02,2025-10-02,0,2500.0,0
SYN-REP-15256,SYN-U-18794,SYN-LN-5256,5000.0,1250.0,2025-12-07,2025-12-07,0,1250.0,0
SYN-REP-15257,SYN-U-13085,SYN-LN-5257,40000.0,10000.0,2025-07-17,2025-07-17,0,10000.0,0
SYN-REP-15258,SYN-U-19294,SYN-LN-5258,15000.0,3750.0,2026-07-09,2026-07-11,2,3750.0,0
SYN-REP-15259,SYN-U-15349,SYN-LN-5259,5000.0,1250.0,2026-06-30,2026-06-30,0,1250.0,0
SYN-REP-15260,SYN-U-11976,SYN-LN-5260,15000.0,3750.0,2026-06-02,2026-06-02,0,3750.0,0
SYN-REP-15261,SYN-U-19505,SYN-LN-5261,25000.0,6250.0,2025-07-12,2025-07-12,0,6250.0,0
SYN-REP-15262,SYN-U-17115,SYN-LN-5262,25000.0,6250.0,2026-08-20,2026-08-20,0,6250.0,0
SYN-REP-15263,SYN-U-13848,SYN-LN-5263,5000.0,1250.0,2026-02-02,2026-02-02,0,1250.0,0
SYN-REP-15264,SYN-U-10798,SYN-LN-5264,5000.0,1250.0,2026-03-30,2026-03-30,0,1250.0,0
SYN-REP-15265,SYN-U-17417,SYN-LN-5265,5000.0,1250.0,2026-03-10,2026-03-10,0,1250.0,0
SYN-REP-15266,SYN-U-12054,SYN-LN-5266,25000.0,6250.0,2026-06-21,2026-06-21,0,6250.0,0
SYN-REP-15267,SYN-U-17278,SYN-LN-5267,5000.0,1250.0,2025-11-25,2025-11-25,0,1250.0,0
SYN-REP-15268,SYN-U-16401,SYN-LN-5268,15000.0,3750.0,2026-03-31,2026-03-31,0,3750.0,0
SYN-REP-15269,SYN-U-18643,SYN-LN-5269,5000.0,1250.0,2025-10-24,2025-10-24,0,1250.0,0
SYN-REP-15270,SYN-U-14215,SYN-LN-5270,40000.0,10000.0,2026-07-12,2026-07-14,2,10000.0,0
SYN-REP-15271,SYN-U-12294,SYN-LN-5271,25000.0,6250.0,2026-08-13,2026-08-13,0,6250.0,0
SYN-REP-15272,SYN-U-16881,SYN-LN-5272,40000.0,10000.0,2025-10-26,2025-10-26,0,10000.0,0
SYN-REP-15273,SYN-U-12275,SYN-LN-5273,15000.0,3750.0,2026-02-19,2026-02-19,0,3750.0,0
SYN-REP-15274,SYN-U-17138,SYN-LN-5274,5000.0,1250.0,2026-03-12,2026-03-12,0,1250.0,0
SYN-REP-15275,SYN-U-15136,SYN-LN-5275,40000.0,10000.0,2026-03-31,2026-05-26,56,10000.0,0
SYN-REP-15276,SYN-U-14469,SYN-LN-5276,5000.0,1250.0,2026-07-08,2026-07-08,0,1250.0,0
SYN-REP-15277,SYN-U-16468,SYN-LN-5277,40000.0,10000.0,2026-07-13,2026-07-17,4,10000.0,0
SYN-REP-15278,SYN-U-12758,SYN-LN-5278,10000.0,2500.0,2025-11-19,2025-11-19,0,2500.0,0
SYN-REP-15279,SYN-U-17222,SYN-LN-5279,40000.0,10000.0,2025-07-17,2025-07-18,1,10000.0,0
SYN-REP-15280,SYN-U-16157,SYN-LN-5280,25000.0,6250.0,2025-07-12,2025-09-07,57,6250.0,0
SYN-REP-15281,SYN-U-10360,SYN-LN-5281,25000.0,6250.0,2026-03-01,2026-03-01,0,6250.0,0
SYN-REP-15282,SYN-U-10194,SYN-LN-5282,15000.0,3750.0,2025-08-05,2025-08-05,0,3750.0,0
SYN-REP-15283,SYN-U-11959,SYN-LN-5283,10000.0,2500.0,2026-01-09,2026-01-12,3,2500.0,0
SYN-REP-15284,SYN-U-15526,SYN-LN-5284,5000.0,1250.0,2025-11-30,2025-11-30,0,1250.0,0
SYN-REP-15285,SYN-U-18128,SYN-LN-5285,25000.0,6250.0,2025-09-17,2025-09-17,0,6250.0,0
SYN-REP-15286,SYN-U-19683,SYN-LN-5286,15000.0,3750.0,2026-06-25,2026-07-10,15,3750.0,0
SYN-REP-15287,SYN-U-17589,SYN-LN-5287,25000.0,6250.0,2025-09-11,2025-10-05,24,6250.0,0
SYN-REP-15288,SYN-U-18775,SYN-LN-5288,40000.0,10000.0,2026-01-16,2026-01-16,0,10000.0,0
SYN-REP-15289,SYN-U-17569,SYN-LN-5289,40000.0,10000.0,2026-01-21,2026-01-21,0,10000.0,0
SYN-REP-15290,SYN-U-18756,SYN-LN-5290,10000.0,2500.0,2025-11-08,2025-11-08,0,2500.0,0
SYN-REP-15291,SYN-U-17590,SYN-LN-5291,10000.0,2500.0,2025-09-02,2025-09-02,0,2500.0,0
SYN-REP-15292,SYN-U-15342,SYN-LN-5292,10000.0,2500.0,2026-03-28,2026-03-28,0,2500.0,0
SYN-REP-15293,SYN-U-12858,SYN-LN-5293,15000.0,3750.0,2026-05-24,2026-05-24,0,3750.0,0
SYN-REP-15294,SYN-U-15115,SYN-LN-5294,5000.0,1250.0,2025-12-08,2025-12-08,0,1250.0,0
SYN-REP-15295,SYN-U-14348,SYN-LN-5295,40000.0,10000.0,2025-07-13,2025-07-13,0,10000.0,0
SYN-REP-15296,SYN-U-10825,SYN-LN-5296,15000.0,3750.0,2025-09-05,2025-09-05,0,3750.0,0
SYN-REP-15297,SYN-U-13165,SYN-LN-5297,25000.0,6250.0,2025-08-19,2025-08-19,0,6250.0,0
SYN-REP-15298,SYN-U-14226,SYN-LN-5298,25000.0,6250.0,2026-02-14,2026-02-18,4,6250.0,0
SYN-REP-15299,SYN-U-13536,SYN-LN-5299,15000.0,3750.0,2026-03-05,2026-03-05,0,3750.0,0
SYN-REP-15300,SYN-U-19409,SYN-LN-5300,5000.0,1250.0,2025-10-26,2025-10-26,0,1250.0,0
SYN-REP-15301,SYN-U-16968,SYN-LN-5301,10000.0,2500.0,2025-12-11,2025-12-11,0,2500.0,0
SYN-REP-15302,SYN-U-19732,SYN-LN-5302,5000.0,1250.0,2025-09-22,2025-09-22,0,1250.0,0
SYN-REP-15303,SYN-U-15239,SYN-LN-5303,5000.0,1250.0,2025-08-05,2025-08-05,0,1250.0,0
SYN-REP-15304,SYN-U-19471,SYN-LN-5304,40000.0,10000.0,2026-03-04,2026-03-23,19,10000.0,0
SYN-REP-15305,SYN-U-18232,SYN-LN-5305,40000.0,10000.0,2025-06-10,2025-06-10,0,10000.0,0
SYN-REP-15306,SYN-U-17278,SYN-LN-5306,10000.0,2500.0,2026-05-16,2026-05-19,3,2500.0,0
SYN-REP-15307,SYN-U-16318,SYN-LN-5307,5000.0,1250.0,2026-03-24,2026-03-24,0,1250.0,0
SYN-REP-15308,SYN-U-17337,SYN-LN-5308,25000.0,6250.0,2025-09-23,2025-09-23,0,6250.0,0
SYN-REP-15309,SYN-U-17455,SYN-LN-5309,5000.0,1250.0,2026-01-12,2026-01-15,3,1250.0,0
SYN-REP-15310,SYN-U-19184,SYN-LN-5310,25000.0,6250.0,2025-12-22,2025-12-22,0,6250.0,0
SYN-REP-15311,SYN-U-12649,SYN-LN-5311,40000.0,10000.0,2025-06-07,2025-06-07,0,10000.0,0
SYN-REP-15312,SYN-U-12159,SYN-LN-5312,5000.0,1250.0,2026-08-06,2026-08-06,0,1250.0,0
SYN-REP-15313,SYN-U-17437,SYN-LN-5313,15000.0,3750.0,2025-07-25,2025-07-25,0,3750.0,0
SYN-REP-15314,SYN-U-17591,SYN-LN-5314,40000.0,10000.0,2025-11-21,2025-11-21,0,10000.0,0
SYN-REP-15315,SYN-U-15843,SYN-LN-5315,40000.0,10000.0,2026-08-21,2026-08-21,0,10000.0,0
SYN-REP-15316,SYN-U-14744,SYN-LN-5316,15000.0,3750.0,2026-08-17,2026-08-17,0,3750.0,0
SYN-REP-15317,SYN-U-10117,SYN-LN-5317,15000.0,3750.0,2026-07-03,2026-07-03,0,3750.0,0
SYN-REP-15318,SYN-U-16133,SYN-LN-5318,25000.0,6250.0,2025-06-07,2025-06-07,0,6250.0,0
SYN-REP-15319,SYN-U-13407,SYN-LN-5319,40000.0,10000.0,2026-03-24,2026-03-24,0,10000.0,0
SYN-REP-15320,SYN-U-16207,SYN-LN-5320,15000.0,3750.0,2025-10-26,2025-10-26,0,3750.0,0
SYN-REP-15321,SYN-U-11483,SYN-LN-5321,5000.0,1250.0,2026-01-17,2026-01-17,0,1250.0,0
SYN-REP-15322,SYN-U-17184,SYN-LN-5322,5000.0,1250.0,2026-01-27,2026-01-27,0,1250.0,0
SYN-REP-15323,SYN-U-14709,SYN-LN-5323,10000.0,2500.0,2025-11-04,2025-11-04,0,2500.0,0
SYN-REP-15324,SYN-U-16964,SYN-LN-5324,15000.0,3750.0,2025-06-27,2025-06-27,0,3750.0,0
SYN-REP-15325,SYN-U-16468,SYN-LN-5325,10000.0,2500.0,2026-07-04,2026-07-04,0,2500.0,0
SYN-REP-15326,SYN-U-10515,SYN-LN-5326,10000.0,2500.0,2025-06-08,2025-06-12,4,2500.0,0
SYN-REP-15327,SYN-U-18867,SYN-LN-5327,40000.0,10000.0,2025-12-26,2025-12-26,0,10000.0,0
SYN-REP-15328,SYN-U-14885,SYN-LN-5328,40000.0,10000.0,2026-08-02,2026-08-02,0,10000.0,0
SYN-REP-15329,SYN-U-11254,SYN-LN-5329,15000.0,3750.0,2025-12-21,2025-12-23,2,3750.0,0
SYN-REP-15330,SYN-U-14438,SYN-LN-5330,25000.0,6250.0,2025-07-21,2025-07-23,2,6250.0,0
SYN-REP-15331,SYN-U-17994,SYN-LN-5331,15000.0,3750.0,2025-12-29,2025-12-29,0,3750.0,0
SYN-REP-15332,SYN-U-15815,SYN-LN-5332,40000.0,10000.0,2026-04-12,2026-04-12,0,10000.0,0
SYN-REP-15333,SYN-U-12822,SYN-LN-5333,25000.0,6250.0,2025-11-01,2025-11-01,0,6250.0,0
SYN-REP-15334,SYN-U-15371,SYN-LN-5334,15000.0,3750.0,2025-10-10,2025-10-10,0,3750.0,0
SYN-REP-15335,SYN-U-15091,SYN-LN-5335,15000.0,3750.0,2025-12-01,2025-12-01,0,3750.0,0
SYN-REP-15336,SYN-U-18386,SYN-LN-5336,15000.0,3750.0,2025-07-12,2025-07-14,2,3750.0,0
SYN-REP-15337,SYN-U-11052,SYN-LN-5337,10000.0,2500.0,2025-11-14,2025-11-14,0,2500.0,0
SYN-REP-15338,SYN-U-13777,SYN-LN-5338,15000.0,3750.0,2026-07-05,2026-07-05,0,3750.0,0
SYN-REP-15339,SYN-U-16277,SYN-LN-5339,10000.0,2500.0,2026-07-10,2026-07-10,0,2500.0,0
SYN-REP-15340,SYN-U-15200,SYN-LN-5340,15000.0,3750.0,2025-12-26,2025-12-27,1,3750.0,0
SYN-REP-15341,SYN-U-11772,SYN-LN-5341,25000.0,6250.0,2026-04-04,2026-04-04,0,6250.0,0
SYN-REP-15342,SYN-U-12666,SYN-LN-5342,40000.0,10000.0,2025-08-08,,73,406.52,1
SYN-REP-15343,SYN-U-19352,SYN-LN-5343,25000.0,6250.0,2026-07-01,2026-07-01,0,6250.0,0
SYN-REP-15344,SYN-U-17989,SYN-LN-5344,25000.0,6250.0,2025-11-18,2025-11-22,4,6250.0,0
SYN-REP-15345,SYN-U-10413,SYN-LN-5345,15000.0,3750.0,2025-06-03,2025-06-03,0,3750.0,0
SYN-REP-15346,SYN-U-19059,SYN-LN-5346,10000.0,2500.0,2026-06-08,2026-06-08,0,2500.0,0
SYN-REP-15347,SYN-U-11620,SYN-LN-5347,25000.0,6250.0,2025-07-07,2025-07-07,0,6250.0,0
SYN-REP-15348,SYN-U-13949,SYN-LN-5348,10000.0,2500.0,2026-07-08,2026-07-08,0,2500.0,0
SYN-REP-15349,SYN-U-18241,SYN-LN-5349,10000.0,2500.0,2025-11-04,2025-11-04,0,2500.0,0
SYN-REP-15350,SYN-U-15898,SYN-LN-5350,15000.0,3750.0,2025-11-07,2025-11-07,0,3750.0,0
SYN-REP-15351,SYN-U-10807,SYN-LN-5351,15000.0,3750.0,2025-06-06,2025-06-06,0,3750.0,0
SYN-REP-15352,SYN-U-17787,SYN-LN-5352,40000.0,10000.0,2026-03-13,2026-03-13,0,10000.0,0
SYN-REP-15353,SYN-U-15744,SYN-LN-5353,5000.0,1250.0,2026-07-10,2026-07-10,0,1250.0,0
SYN-REP-15354,SYN-U-16026,SYN-LN-5354,40000.0,10000.0,2025-07-10,2025-07-10,0,10000.0,0
SYN-REP-15355,SYN-U-11635,SYN-LN-5355,10000.0,2500.0,2025-07-08,2025-07-08,0,2500.0,0
SYN-REP-15356,SYN-U-12068,SYN-LN-5356,25000.0,6250.0,2026-02-23,2026-02-23,0,6250.0,0
SYN-REP-15357,SYN-U-11313,SYN-LN-5357,15000.0,3750.0,2025-07-09,2025-07-09,0,3750.0,0
SYN-REP-15358,SYN-U-17197,SYN-LN-5358,40000.0,10000.0,2025-11-29,2025-11-29,0,10000.0,0
SYN-REP-15359,SYN-U-14747,SYN-LN-5359,25000.0,6250.0,2026-08-11,2026-08-11,0,6250.0,0
SYN-REP-15360,SYN-U-13547,SYN-LN-5360,15000.0,3750.0,2025-12-26,2025-12-26,0,3750.0,0
SYN-REP-15361,SYN-U-11175,SYN-LN-5361,25000.0,6250.0,2025-11-26,2025-11-26,0,6250.0,0
SYN-REP-15362,SYN-U-12519,SYN-LN-5362,10000.0,2500.0,2026-06-12,2026-06-16,4,2500.0,0
SYN-REP-15363,SYN-U-12030,SYN-LN-5363,40000.0,10000.0,2026-06-28,2026-06-28,0,10000.0,0
SYN-REP-15364,SYN-U-16296,SYN-LN-5364,25000.0,6250.0,2025-10-16,2025-10-16,0,6250.0,0
SYN-REP-15365,SYN-U-19707,SYN-LN-5365,15000.0,3750.0,2026-03-31,2026-03-31,0,3750.0,0
SYN-REP-15366,SYN-U-14418,SYN-LN-5366,25000.0,6250.0,2026-01-30,2026-01-30,0,6250.0,0
SYN-REP-15367,SYN-U-15184,SYN-LN-5367,15000.0,3750.0,2026-06-01,2026-06-01,0,3750.0,0
SYN-REP-15368,SYN-U-19904,SYN-LN-5368,10000.0,2500.0,2025-07-03,2025-07-03,0,2500.0,0
SYN-REP-15369,SYN-U-13569,SYN-LN-5369,5000.0,1250.0,2025-10-18,2025-10-18,0,1250.0,0
SYN-REP-15370,SYN-U-19742,SYN-LN-5370,25000.0,6250.0,2025-10-09,2025-10-09,0,6250.0,0
SYN-REP-15371,SYN-U-10012,SYN-LN-5371,5000.0,1250.0,2026-06-30,2026-06-30,0,1250.0,0
SYN-REP-15372,SYN-U-14297,SYN-LN-5372,10000.0,2500.0,2025-11-11,2025-11-11,0,2500.0,0
SYN-REP-15373,SYN-U-18806,SYN-LN-5373,5000.0,1250.0,2026-01-14,2026-01-14,0,1250.0,0
SYN-REP-15374,SYN-U-12284,SYN-LN-5374,5000.0,1250.0,2026-05-21,2026-05-21,0,1250.0,0
SYN-REP-15375,SYN-U-10443,SYN-LN-5375,10000.0,2500.0,2026-04-07,2026-04-09,2,2500.0,0
SYN-REP-15376,SYN-U-15255,SYN-LN-5376,40000.0,10000.0,2025-09-21,2025-09-21,0,10000.0,0
SYN-REP-15377,SYN-U-16169,SYN-LN-5377,25000.0,6250.0,2025-10-23,2025-10-23,0,6250.0,0
SYN-REP-15378,SYN-U-13370,SYN-LN-5378,15000.0,3750.0,2026-03-31,2026-03-31,0,3750.0,0
SYN-REP-15379,SYN-U-12392,SYN-LN-5379,25000.0,6250.0,2025-10-01,2025-10-01,0,6250.0,0
SYN-REP-15380,SYN-U-13633,SYN-LN-5380,15000.0,3750.0,2026-02-06,2026-02-06,0,3750.0,0
SYN-REP-15381,SYN-U-13359,SYN-LN-5381,15000.0,3750.0,2026-01-13,2026-01-14,1,3750.0,0
SYN-REP-15382,SYN-U-17064,SYN-LN-5382,25000.0,6250.0,2025-10-09,2025-10-09,0,6250.0,0
SYN-REP-15383,SYN-U-15508,SYN-LN-5383,40000.0,10000.0,2026-04-01,2026-04-01,0,10000.0,0
SYN-REP-15384,SYN-U-18052,SYN-LN-5384,15000.0,3750.0,2026-01-03,2026-01-04,1,3750.0,0
SYN-REP-15385,SYN-U-19420,SYN-LN-5385,5000.0,1250.0,2025-08-26,2025-08-26,0,1250.0,0
SYN-REP-15386,SYN-U-13019,SYN-LN-5386,25000.0,6250.0,2026-03-11,2026-03-15,4,6250.0,0
SYN-REP-15387,SYN-U-11031,SYN-LN-5387,40000.0,10000.0,2025-08-13,2025-08-14,1,10000.0,0
SYN-REP-15388,SYN-U-12742,SYN-LN-5388,40000.0,10000.0,2026-07-25,2026-07-25,0,10000.0,0
SYN-REP-15389,SYN-U-10950,SYN-LN-5389,25000.0,6250.0,2026-02-16,2026-02-16,0,6250.0,0
SYN-REP-15390,SYN-U-15078,SYN-LN-5390,10000.0,2500.0,2026-06-25,2026-06-25,0,2500.0,0
SYN-REP-15391,SYN-U-12573,SYN-LN-5391,40000.0,10000.0,2026-01-10,2026-01-10,0,10000.0,0
SYN-REP-15392,SYN-U-12050,SYN-LN-5392,5000.0,1250.0,2026-07-16,2026-07-16,0,1250.0,0
SYN-REP-15393,SYN-U-15777,SYN-LN-5393,10000.0,2500.0,2025-11-27,2025-11-27,0,2500.0,0
SYN-REP-15394,SYN-U-11664,SYN-LN-5394,10000.0,2500.0,2026-04-23,2026-04-23,0,2500.0,0
SYN-REP-15395,SYN-U-13012,SYN-LN-5395,40000.0,10000.0,2025-07-23,2025-07-23,0,10000.0,0
SYN-REP-15396,SYN-U-15055,SYN-LN-5396,40000.0,10000.0,2026-04-08,2026-04-08,0,10000.0,0
SYN-REP-15397,SYN-U-10547,SYN-LN-5397,15000.0,3750.0,2026-05-15,2026-05-15,0,3750.0,0
SYN-REP-15398,SYN-U-17738,SYN-LN-5398,5000.0,1250.0,2026-05-23,2026-05-23,0,1250.0,0
SYN-REP-15399,SYN-U-17371,SYN-LN-5399,5000.0,1250.0,2025-07-20,2025-07-20,0,1250.0,0
SYN-REP-15400,SYN-U-17936,SYN-LN-5400,15000.0,3750.0,2026-08-20,2026-08-20,0,3750.0,0
SYN-REP-15401,SYN-U-16405,SYN-LN-5401,10000.0,2500.0,2026-01-29,2026-01-29,0,2500.0,0
SYN-REP-15402,SYN-U-15661,SYN-LN-5402,25000.0,6250.0,2026-07-13,2026-07-17,4,6250.0,0
SYN-REP-15403,SYN-U-10343,SYN-LN-5403,15000.0,3750.0,2026-05-07,2026-05-07,0,3750.0,0
SYN-REP-15404,SYN-U-14435,SYN-LN-5404,5000.0,1250.0,2026-07-05,2026-07-05,0,1250.0,0
SYN-REP-15405,SYN-U-16703,SYN-LN-5405,25000.0,6250.0,2025-09-06,2025-09-06,0,6250.0,0
SYN-REP-15406,SYN-U-10330,SYN-LN-5406,15000.0,3750.0,2026-03-16,2026-03-16,0,3750.0,0
SYN-REP-15407,SYN-U-13859,SYN-LN-5407,5000.0,1250.0,2025-06-25,2025-06-25,0,1250.0,0
SYN-REP-15408,SYN-U-17382,SYN-LN-5408,40000.0,10000.0,2026-05-04,2026-05-04,0,10000.0,0
SYN-REP-15409,SYN-U-13380,SYN-LN-5409,15000.0,3750.0,2026-05-21,2026-05-21,0,3750.0,0
SYN-REP-15410,SYN-U-18694,SYN-LN-5410,25000.0,6250.0,2025-08-12,2025-08-12,0,6250.0,0
SYN-REP-15411,SYN-U-18703,SYN-LN-5411,25000.0,6250.0,2026-01-07,2026-01-07,0,6250.0,0
SYN-REP-15412,SYN-U-16651,SYN-LN-5412,25000.0,6250.0,2025-11-14,,65,1041.58,1
SYN-REP-15413,SYN-U-14815,SYN-LN-5413,25000.0,6250.0,2025-09-09,2025-09-09,0,6250.0,0
SYN-REP-15414,SYN-U-12861,SYN-LN-5414,40000.0,10000.0,2025-08-29,2025-08-29,0,10000.0,0
SYN-REP-15415,SYN-U-16884,SYN-LN-5415,40000.0,10000.0,2025-12-05,2025-12-05,0,10000.0,0
SYN-REP-15416,SYN-U-15927,SYN-LN-5416,40000.0,10000.0,2025-12-17,2025-12-17,0,10000.0,0
SYN-REP-15417,SYN-U-15060,SYN-LN-5417,40000.0,10000.0,2025-09-14,2025-09-14,0,10000.0,0
SYN-REP-15418,SYN-U-19664,SYN-LN-5418,15000.0,3750.0,2026-05-15,2026-05-15,0,3750.0,0
SYN-REP-15419,SYN-U-11793,SYN-LN-5419,25000.0,6250.0,2025-12-28,2025-12-30,2,6250.0,0
SYN-REP-15420,SYN-U-19498,SYN-LN-5420,10000.0,2500.0,2025-11-03,2025-11-03,0,2500.0,0
SYN-REP-15421,SYN-U-18556,SYN-LN-5421,25000.0,6250.0,2025-11-08,2025-11-08,0,6250.0,0
SYN-REP-15422,SYN-U-17745,SYN-LN-5422,15000.0,3750.0,2026-02-12,2026-02-12,0,3750.0,0
SYN-REP-15423,SYN-U-17316,SYN-LN-5423,25000.0,6250.0,2025-10-13,2025-10-13,0,6250.0,0
SYN-REP-15424,SYN-U-12280,SYN-LN-5424,5000.0,1250.0,2026-07-14,2026-07-14,0,1250.0,0
SYN-REP-15425,SYN-U-10368,SYN-LN-5425,5000.0,1250.0,2025-10-14,2025-10-14,0,1250.0,0
SYN-REP-15426,SYN-U-19687,SYN-LN-5426,5000.0,1250.0,2026-01-03,2026-01-03,0,1250.0,0
SYN-REP-15427,SYN-U-11778,SYN-LN-5427,15000.0,3750.0,2025-06-29,2025-06-29,0,3750.0,0
SYN-REP-15428,SYN-U-12993,SYN-LN-5428,5000.0,1250.0,2025-12-01,2025-12-01,0,1250.0,0
SYN-REP-15429,SYN-U-19399,SYN-LN-5429,5000.0,1250.0,2026-02-14,2026-02-14,0,1250.0,0
SYN-REP-15430,SYN-U-16929,SYN-LN-5430,10000.0,2500.0,2025-07-01,2025-07-01,0,2500.0,0
SYN-REP-15431,SYN-U-10361,SYN-LN-5431,25000.0,6250.0,2026-06-10,2026-06-10,0,6250.0,0
SYN-REP-15432,SYN-U-14309,SYN-LN-5432,25000.0,6250.0,2026-01-13,2026-01-13,0,6250.0,0
SYN-REP-15433,SYN-U-18459,SYN-LN-5433,15000.0,3750.0,2025-09-15,2025-09-15,0,3750.0,0
SYN-REP-15434,SYN-U-11112,SYN-LN-5434,5000.0,1250.0,2025-07-26,2025-07-26,0,1250.0,0
SYN-REP-15435,SYN-U-18386,SYN-LN-5435,5000.0,1250.0,2026-02-14,2026-02-14,0,1250.0,0
SYN-REP-15436,SYN-U-10588,SYN-LN-5436,5000.0,1250.0,2026-05-10,2026-05-10,0,1250.0,0
SYN-REP-15437,SYN-U-13381,SYN-LN-5437,10000.0,2500.0,2025-07-31,2025-07-31,0,2500.0,0
SYN-REP-15438,SYN-U-13898,SYN-LN-5438,15000.0,3750.0,2025-12-19,2025-12-19,0,3750.0,0
SYN-REP-15439,SYN-U-16916,SYN-LN-5439,10000.0,2500.0,2026-07-23,2026-07-23,0,2500.0,0
SYN-REP-15440,SYN-U-12622,SYN-LN-5440,25000.0,6250.0,2026-06-29,2026-06-29,0,6250.0,0
SYN-REP-15441,SYN-U-12329,SYN-LN-5441,15000.0,3750.0,2025-06-17,2025-06-17,0,3750.0,0
SYN-REP-15442,SYN-U-10248,SYN-LN-5442,5000.0,1250.0,2026-03-18,2026-03-18,0,1250.0,0
SYN-REP-15443,SYN-U-12461,SYN-LN-5443,40000.0,10000.0,2025-10-27,2025-10-27,0,10000.0,0
SYN-REP-15444,SYN-U-11686,SYN-LN-5444,5000.0,1250.0,2025-12-29,2025-12-29,0,1250.0,0
SYN-REP-15445,SYN-U-16240,SYN-LN-5445,15000.0,3750.0,2026-03-22,2026-03-22,0,3750.0,0
SYN-REP-15446,SYN-U-11411,SYN-LN-5446,25000.0,6250.0,2025-07-14,2025-07-14,0,6250.0,0
SYN-REP-15447,SYN-U-14561,SYN-LN-5447,25000.0,6250.0,2025-10-27,2025-10-27,0,6250.0,0
SYN-REP-15448,SYN-U-10386,SYN-LN-5448,10000.0,2500.0,2025-06-21,2025-06-21,0,2500.0,0
SYN-REP-15449,SYN-U-16601,SYN-LN-5449,10000.0,2500.0,2025-08-14,2025-08-14,0,2500.0,0
SYN-REP-15450,SYN-U-18290,SYN-LN-5450,25000.0,6250.0,2025-08-01,2025-08-03,2,6250.0,0
SYN-REP-15451,SYN-U-19529,SYN-LN-5451,25000.0,6250.0,2026-04-18,2026-04-18,0,6250.0,0
SYN-REP-15452,SYN-U-13707,SYN-LN-5452,10000.0,2500.0,2025-08-14,2025-08-14,0,2500.0,0
SYN-REP-15453,SYN-U-11686,SYN-LN-5453,40000.0,10000.0,2025-09-23,2025-09-23,0,10000.0,0
SYN-REP-15454,SYN-U-14075,SYN-LN-5454,40000.0,10000.0,2025-06-12,2025-06-12,0,10000.0,0
SYN-REP-15455,SYN-U-12514,SYN-LN-5455,40000.0,10000.0,2026-06-27,2026-06-27,0,10000.0,0
SYN-REP-15456,SYN-U-10841,SYN-LN-5456,40000.0,10000.0,2025-08-03,2025-08-03,0,10000.0,0
SYN-REP-15457,SYN-U-12645,SYN-LN-5457,25000.0,6250.0,2026-01-20,2026-01-23,3,6250.0,0
SYN-REP-15458,SYN-U-12806,SYN-LN-5458,15000.0,3750.0,2025-06-20,2025-06-20,0,3750.0,0
SYN-REP-15459,SYN-U-16545,SYN-LN-5459,15000.0,3750.0,2025-08-17,2025-08-17,0,3750.0,0
SYN-REP-15460,SYN-U-19330,SYN-LN-5460,40000.0,10000.0,2025-07-28,2025-07-28,0,10000.0,0
SYN-REP-15461,SYN-U-17295,SYN-LN-5461,10000.0,2500.0,2026-05-29,2026-05-29,0,2500.0,0
SYN-REP-15462,SYN-U-15607,SYN-LN-5462,40000.0,10000.0,2026-05-15,2026-05-15,0,10000.0,0
SYN-REP-15463,SYN-U-17144,SYN-LN-5463,40000.0,10000.0,2025-11-25,2025-11-25,0,10000.0,0
SYN-REP-15464,SYN-U-12924,SYN-LN-5464,15000.0,3750.0,2026-02-16,2026-02-16,0,3750.0,0
SYN-REP-15465,SYN-U-14932,SYN-LN-5465,10000.0,2500.0,2025-10-11,2025-11-09,29,2500.0,0
SYN-REP-15466,SYN-U-10147,SYN-LN-5466,10000.0,2500.0,2026-06-23,2026-06-23,0,2500.0,0
SYN-REP-15467,SYN-U-16034,SYN-LN-5467,10000.0,2500.0,2026-06-06,2026-06-06,0,2500.0,0
SYN-REP-15468,SYN-U-14232,SYN-LN-5468,15000.0,3750.0,2026-04-03,2026-04-03,0,3750.0,0
SYN-REP-15469,SYN-U-11622,SYN-LN-5469,10000.0,2500.0,2026-07-10,2026-07-13,3,2500.0,0
SYN-REP-15470,SYN-U-14610,SYN-LN-5470,10000.0,2500.0,2026-05-31,2026-05-31,0,2500.0,0
SYN-REP-15471,SYN-U-18994,SYN-LN-5471,15000.0,3750.0,2026-02-02,2026-02-02,0,3750.0,0
SYN-REP-15472,SYN-U-10539,SYN-LN-5472,15000.0,3750.0,2025-10-14,2025-10-14,0,3750.0,0
SYN-REP-15473,SYN-U-11516,SYN-LN-5473,25000.0,6250.0,2026-02-12,2026-02-12,0,6250.0,0
SYN-REP-15474,SYN-U-14854,SYN-LN-5474,5000.0,1250.0,2025-08-01,2025-08-01,0,1250.0,0
SYN-REP-15475,SYN-U-14577,SYN-LN-5475,40000.0,10000.0,2025-08-10,,67,158.67,1
SYN-REP-15476,SYN-U-12366,SYN-LN-5476,10000.0,2500.0,2025-09-28,2025-09-28,0,2500.0,0
SYN-REP-15477,SYN-U-10864,SYN-LN-5477,15000.0,3750.0,2025-12-15,2025-12-17,2,3750.0,0
SYN-REP-15478,SYN-U-16413,SYN-LN-5478,25000.0,6250.0,2025-09-01,2025-09-01,0,6250.0,0
SYN-REP-15479,SYN-U-17012,SYN-LN-5479,10000.0,2500.0,2026-01-20,2026-01-20,0,2500.0,0
SYN-REP-15480,SYN-U-19686,SYN-LN-5480,40000.0,10000.0,2025-08-31,2025-09-04,4,10000.0,0
SYN-REP-15481,SYN-U-12299,SYN-LN-5481,15000.0,3750.0,2026-01-13,2026-01-13,0,3750.0,0
SYN-REP-15482,SYN-U-12135,SYN-LN-5482,40000.0,10000.0,2026-06-14,2026-06-14,0,10000.0,0
SYN-REP-15483,SYN-U-18187,SYN-LN-5483,25000.0,6250.0,2026-01-18,2026-01-18,0,6250.0,0
SYN-REP-15484,SYN-U-16604,SYN-LN-5484,40000.0,10000.0,2025-06-23,2025-06-23,0,10000.0,0
SYN-REP-15485,SYN-U-12509,SYN-LN-5485,15000.0,3750.0,2026-03-13,2026-03-13,0,3750.0,0
SYN-REP-15486,SYN-U-18345,SYN-LN-5486,15000.0,3750.0,2025-09-02,2025-09-02,0,3750.0,0
SYN-REP-15487,SYN-U-12859,SYN-LN-5487,40000.0,10000.0,2025-09-04,2025-09-07,3,10000.0,0
SYN-REP-15488,SYN-U-19890,SYN-LN-5488,25000.0,6250.0,2025-06-06,2025-06-06,0,6250.0,0
SYN-REP-15489,SYN-U-14936,SYN-LN-5489,25000.0,6250.0,2025-06-23,2025-06-23,0,6250.0,0
SYN-REP-15490,SYN-U-12252,SYN-LN-5490,10000.0,2500.0,2026-04-04,2026-04-04,0,2500.0,0
SYN-REP-15491,SYN-U-18768,SYN-LN-5491,25000.0,6250.0,2026-01-12,2026-01-12,0,6250.0,0
SYN-REP-15492,SYN-U-18234,SYN-LN-5492,25000.0,6250.0,2026-02-04,2026-02-04,0,6250.0,0
SYN-REP-15493,SYN-U-17491,SYN-LN-5493,40000.0,10000.0,2026-01-19,2026-01-19,0,10000.0,0
SYN-REP-15494,SYN-U-18638,SYN-LN-5494,25000.0,6250.0,2026-08-06,2026-08-06,0,6250.0,0
SYN-REP-15495,SYN-U-15654,SYN-LN-5495,5000.0,1250.0,2026-06-25,2026-06-25,0,1250.0,0
SYN-REP-15496,SYN-U-10589,SYN-LN-5496,5000.0,1250.0,2025-09-11,2025-09-11,0,1250.0,0
SYN-REP-15497,SYN-U-18947,SYN-LN-5497,10000.0,2500.0,2026-04-26,2026-04-26,0,2500.0,0
SYN-REP-15498,SYN-U-11160,SYN-LN-5498,10000.0,2500.0,2026-01-14,2026-01-14,0,2500.0,0
SYN-REP-15499,SYN-U-10423,SYN-LN-5499,15000.0,3750.0,2026-02-21,2026-02-21,0,3750.0,0
SYN-REP-15500,SYN-U-17200,SYN-LN-5500,15000.0,3750.0,2026-07-23,2026-07-23,0,3750.0,0
SYN-REP-15501,SYN-U-14528,SYN-LN-5501,5000.0,1250.0,2025-07-28,2025-07-28,0,1250.0,0
SYN-REP-15502,SYN-U-16489,SYN-LN-5502,5000.0,1250.0,2025-09-27,2025-09-27,0,1250.0,0
SYN-REP-15503,SYN-U-11505,SYN-LN-5503,5000.0,1250.0,2026-06-25,2026-06-25,0,1250.0,0
SYN-REP-15504,SYN-U-14007,SYN-LN-5504,10000.0,2500.0,2026-04-21,2026-04-21,0,2500.0,0
SYN-REP-15505,SYN-U-10059,SYN-LN-5505,5000.0,1250.0,2026-07-09,2026-07-09,0,1250.0,0
SYN-REP-15506,SYN-U-14821,SYN-LN-5506,10000.0,2500.0,2026-07-02,2026-07-02,0,2500.0,0
SYN-REP-15507,SYN-U-16762,SYN-LN-5507,25000.0,6250.0,2026-01-30,2026-01-30,0,6250.0,0
SYN-REP-15508,SYN-U-16870,SYN-LN-5508,10000.0,2500.0,2025-11-10,2025-11-10,0,2500.0,0
SYN-REP-15509,SYN-U-10594,SYN-LN-5509,15000.0,3750.0,2026-02-11,2026-02-11,0,3750.0,0
SYN-REP-15510,SYN-U-15247,SYN-LN-5510,25000.0,6250.0,2025-06-19,2025-06-19,0,6250.0,0
SYN-REP-15511,SYN-U-14380,SYN-LN-5511,25000.0,6250.0,2025-10-21,2025-10-21,0,6250.0,0
SYN-REP-15512,SYN-U-15073,SYN-LN-5512,5000.0,1250.0,2026-06-03,2026-06-03,0,1250.0,0
SYN-REP-15513,SYN-U-13686,SYN-LN-5513,40000.0,10000.0,2026-03-31,2026-03-31,0,10000.0,0
SYN-REP-15514,SYN-U-13427,SYN-LN-5514,40000.0,10000.0,2025-09-07,2025-09-07,0,10000.0,0
SYN-REP-15515,SYN-U-19731,SYN-LN-5515,15000.0,3750.0,2025-08-08,2025-08-08,0,3750.0,0
SYN-REP-15516,SYN-U-13876,SYN-LN-5516,40000.0,10000.0,2025-09-23,2025-09-23,0,10000.0,0
SYN-REP-15517,SYN-U-10024,SYN-LN-5517,10000.0,2500.0,2025-07-14,2025-07-14,0,2500.0,0
SYN-REP-15518,SYN-U-18173,SYN-LN-5518,15000.0,3750.0,2025-09-04,2025-09-04,0,3750.0,0
SYN-REP-15519,SYN-U-17203,SYN-LN-5519,15000.0,3750.0,2026-01-10,2026-01-10,0,3750.0,0
SYN-REP-15520,SYN-U-18523,SYN-LN-5520,10000.0,2500.0,2026-05-20,2026-05-24,4,2500.0,0
SYN-REP-15521,SYN-U-12862,SYN-LN-5521,5000.0,1250.0,2026-06-15,2026-06-15,0,1250.0,0
SYN-REP-15522,SYN-U-10620,SYN-LN-5522,40000.0,10000.0,2025-07-16,2025-07-16,0,10000.0,0
SYN-REP-15523,SYN-U-16583,SYN-LN-5523,10000.0,2500.0,2025-07-25,2025-07-25,0,2500.0,0
SYN-REP-15524,SYN-U-11164,SYN-LN-5524,15000.0,3750.0,2026-06-30,2026-07-03,3,3750.0,0
SYN-REP-15525,SYN-U-11157,SYN-LN-5525,40000.0,10000.0,2025-10-06,2025-10-06,0,10000.0,0
SYN-REP-15526,SYN-U-14922,SYN-LN-5526,25000.0,6250.0,2026-07-18,2026-07-18,0,6250.0,0
SYN-REP-15527,SYN-U-13137,SYN-LN-5527,5000.0,1250.0,2026-04-05,2026-04-05,0,1250.0,0
SYN-REP-15528,SYN-U-10782,SYN-LN-5528,40000.0,10000.0,2026-01-01,2026-01-01,0,10000.0,0
SYN-REP-15529,SYN-U-11017,SYN-LN-5529,25000.0,6250.0,2026-04-13,2026-04-13,0,6250.0,0
SYN-REP-15530,SYN-U-19627,SYN-LN-5530,25000.0,6250.0,2025-07-13,2025-07-13,0,6250.0,0
SYN-REP-15531,SYN-U-19508,SYN-LN-5531,15000.0,3750.0,2025-07-03,2025-07-05,2,3750.0,0
SYN-REP-15532,SYN-U-12769,SYN-LN-5532,5000.0,1250.0,2026-05-15,2026-05-15,0,1250.0,0
SYN-REP-15533,SYN-U-17125,SYN-LN-5533,10000.0,2500.0,2026-05-17,2026-05-19,2,2500.0,0
SYN-REP-15534,SYN-U-17009,SYN-LN-5534,10000.0,2500.0,2025-11-07,2025-11-07,0,2500.0,0
SYN-REP-15535,SYN-U-13625,SYN-LN-5535,40000.0,10000.0,2026-07-17,2026-07-17,0,10000.0,0
SYN-REP-15536,SYN-U-19349,SYN-LN-5536,5000.0,1250.0,2026-01-26,2026-01-26,0,1250.0,0
SYN-REP-15537,SYN-U-16734,SYN-LN-5537,40000.0,10000.0,2025-11-26,2025-11-26,0,10000.0,0
SYN-REP-15538,SYN-U-15123,SYN-LN-5538,25000.0,6250.0,2025-10-02,2025-10-02,0,6250.0,0
SYN-REP-15539,SYN-U-16591,SYN-LN-5539,5000.0,1250.0,2025-08-11,2025-08-11,0,1250.0,0
SYN-REP-15540,SYN-U-10085,SYN-LN-5540,25000.0,6250.0,2025-12-13,2025-12-13,0,6250.0,0
SYN-REP-15541,SYN-U-13969,SYN-LN-5541,25000.0,6250.0,2026-06-18,2026-06-18,0,6250.0,0
SYN-REP-15542,SYN-U-19377,SYN-LN-5542,15000.0,3750.0,2026-04-01,2026-04-01,0,3750.0,0
SYN-REP-15543,SYN-U-14599,SYN-LN-5543,25000.0,6250.0,2026-03-30,2026-03-30,0,6250.0,0
SYN-REP-15544,SYN-U-15768,SYN-LN-5544,25000.0,6250.0,2026-02-06,2026-02-06,0,6250.0,0
SYN-REP-15545,SYN-U-14045,SYN-LN-5545,25000.0,6250.0,2025-08-02,2025-08-02,0,6250.0,0
SYN-REP-15546,SYN-U-17583,SYN-LN-5546,10000.0,2500.0,2026-02-19,2026-02-19,0,2500.0,0
SYN-REP-15547,SYN-U-10457,SYN-LN-5547,40000.0,10000.0,2025-07-28,2025-07-28,0,10000.0,0
SYN-REP-15548,SYN-U-10091,SYN-LN-5548,5000.0,1250.0,2025-07-19,2025-07-19,0,1250.0,0
SYN-REP-15549,SYN-U-10819,SYN-LN-5549,5000.0,1250.0,2026-02-26,2026-02-26,0,1250.0,0
SYN-REP-15550,SYN-U-13289,SYN-LN-5550,10000.0,2500.0,2025-10-27,2025-10-27,0,2500.0,0
SYN-REP-15551,SYN-U-14633,SYN-LN-5551,25000.0,6250.0,2026-08-19,2026-08-19,0,6250.0,0
SYN-REP-15552,SYN-U-12935,SYN-LN-5552,5000.0,1250.0,2026-05-07,2026-05-07,0,1250.0,0
SYN-REP-15553,SYN-U-18130,SYN-LN-5553,10000.0,2500.0,2025-11-09,2025-11-09,0,2500.0,0
SYN-REP-15554,SYN-U-11302,SYN-LN-5554,10000.0,2500.0,2025-06-30,2025-08-11,42,2500.0,0
SYN-REP-15555,SYN-U-13214,SYN-LN-5555,25000.0,6250.0,2025-11-01,2025-11-01,0,6250.0,0
SYN-REP-15556,SYN-U-14568,SYN-LN-5556,10000.0,2500.0,2025-08-24,2025-08-24,0,2500.0,0
SYN-REP-15557,SYN-U-12865,SYN-LN-5557,40000.0,10000.0,2025-09-17,2025-09-17,0,10000.0,0
SYN-REP-15558,SYN-U-16216,SYN-LN-5558,15000.0,3750.0,2025-11-07,2025-11-07,0,3750.0,0
SYN-REP-15559,SYN-U-14802,SYN-LN-5559,25000.0,6250.0,2025-11-06,2025-11-06,0,6250.0,0
SYN-REP-15560,SYN-U-10125,SYN-LN-5560,10000.0,2500.0,2026-04-15,2026-04-19,4,2500.0,0
SYN-REP-15561,SYN-U-12114,SYN-LN-5561,15000.0,3750.0,2026-08-02,2026-08-02,0,3750.0,0
SYN-REP-15562,SYN-U-12557,SYN-LN-5562,40000.0,10000.0,2025-07-15,2025-07-15,0,10000.0,0
SYN-REP-15563,SYN-U-13188,SYN-LN-5563,10000.0,2500.0,2025-11-21,2025-11-21,0,2500.0,0
SYN-REP-15564,SYN-U-16547,SYN-LN-5564,40000.0,10000.0,2026-02-14,2026-02-14,0,10000.0,0
SYN-REP-15565,SYN-U-14867,SYN-LN-5565,10000.0,2500.0,2026-03-20,2026-03-23,3,2500.0,0
SYN-REP-15566,SYN-U-16455,SYN-LN-5566,25000.0,6250.0,2026-06-03,2026-06-03,0,6250.0,0
SYN-REP-15567,SYN-U-14624,SYN-LN-5567,15000.0,3750.0,2025-11-17,2025-11-17,0,3750.0,0
SYN-REP-15568,SYN-U-16526,SYN-LN-5568,15000.0,3750.0,2025-12-10,2025-12-13,3,3750.0,0
SYN-REP-15569,SYN-U-16782,SYN-LN-5569,5000.0,1250.0,2025-09-20,2025-09-23,3,1250.0,0
SYN-REP-15570,SYN-U-14169,SYN-LN-5570,25000.0,6250.0,2025-07-14,2025-07-14,0,6250.0,0
SYN-REP-15571,SYN-U-18296,SYN-LN-5571,10000.0,2500.0,2025-06-27,2025-06-27,0,2500.0,0
SYN-REP-15572,SYN-U-15005,SYN-LN-5572,25000.0,6250.0,2026-02-17,2026-02-17,0,6250.0,0
SYN-REP-15573,SYN-U-19046,SYN-LN-5573,15000.0,3750.0,2025-10-07,2025-10-07,0,3750.0,0
SYN-REP-15574,SYN-U-18753,SYN-LN-5574,5000.0,1250.0,2025-09-24,2025-09-24,0,1250.0,0
SYN-REP-15575,SYN-U-11263,SYN-LN-5575,5000.0,1250.0,2026-06-19,2026-06-22,3,1250.0,0
SYN-REP-15576,SYN-U-10394,SYN-LN-5576,25000.0,6250.0,2025-06-27,2025-06-27,0,6250.0,0
SYN-REP-15577,SYN-U-15841,SYN-LN-5577,10000.0,2500.0,2025-07-11,2025-07-11,0,2500.0,0
SYN-REP-15578,SYN-U-15384,SYN-LN-5578,10000.0,2500.0,2026-07-11,2026-07-11,0,2500.0,0
SYN-REP-15579,SYN-U-17763,SYN-LN-5579,5000.0,1250.0,2025-10-04,2025-10-04,0,1250.0,0
SYN-REP-15580,SYN-U-16406,SYN-LN-5580,5000.0,1250.0,2025-12-25,2025-12-25,0,1250.0,0
SYN-REP-15581,SYN-U-10836,SYN-LN-5581,15000.0,3750.0,2026-06-02,2026-06-02,0,3750.0,0
SYN-REP-15582,SYN-U-19594,SYN-LN-5582,15000.0,3750.0,2026-07-03,2026-07-03,0,3750.0,0
SYN-REP-15583,SYN-U-19228,SYN-LN-5583,25000.0,6250.0,2026-05-28,2026-05-28,0,6250.0,0
SYN-REP-15584,SYN-U-17759,SYN-LN-5584,15000.0,3750.0,2026-05-24,2026-05-24,0,3750.0,0
SYN-REP-15585,SYN-U-14123,SYN-LN-5585,40000.0,10000.0,2026-08-22,2026-08-22,0,10000.0,0
SYN-REP-15586,SYN-U-13907,SYN-LN-5586,15000.0,3750.0,2025-12-13,2025-12-13,0,3750.0,0
SYN-REP-15587,SYN-U-14742,SYN-LN-5587,10000.0,2500.0,2025-10-28,2025-10-30,2,2500.0,0
SYN-REP-15588,SYN-U-13029,SYN-LN-5588,40000.0,10000.0,2026-06-04,2026-06-04,0,10000.0,0
SYN-REP-15589,SYN-U-16720,SYN-LN-5589,10000.0,2500.0,2026-02-14,2026-02-16,2,2500.0,0
SYN-REP-15590,SYN-U-11385,SYN-LN-5590,10000.0,2500.0,2026-05-05,2026-05-05,0,2500.0,0
SYN-REP-15591,SYN-U-18075,SYN-LN-5591,40000.0,10000.0,2025-09-17,2025-09-17,0,10000.0,0
SYN-REP-15592,SYN-U-19635,SYN-LN-5592,5000.0,1250.0,2025-06-05,2025-06-05,0,1250.0,0
SYN-REP-15593,SYN-U-10449,SYN-LN-5593,10000.0,2500.0,2025-11-27,2025-11-27,0,2500.0,0
SYN-REP-15594,SYN-U-14663,SYN-LN-5594,25000.0,6250.0,2025-10-02,2025-10-02,0,6250.0,0
SYN-REP-15595,SYN-U-18657,SYN-LN-5595,15000.0,3750.0,2025-07-11,2025-07-11,0,3750.0,0
SYN-REP-15596,SYN-U-11977,SYN-LN-5596,10000.0,2500.0,2026-05-24,2026-05-24,0,2500.0,0
SYN-REP-15597,SYN-U-12782,SYN-LN-5597,15000.0,3750.0,2026-01-27,2026-01-27,0,3750.0,0
SYN-REP-15598,SYN-U-18098,SYN-LN-5598,15000.0,3750.0,2025-10-09,2025-10-09,0,3750.0,0
SYN-REP-15599,SYN-U-10420,SYN-LN-5599,5000.0,1250.0,2025-11-03,2025-11-03,0,1250.0,0
SYN-REP-15600,SYN-U-12746,SYN-LN-5600,25000.0,6250.0,2026-02-23,2026-02-23,0,6250.0,0
SYN-REP-15601,SYN-U-19232,SYN-LN-5601,15000.0,3750.0,2026-08-05,2026-08-05,0,3750.0,0
SYN-REP-15602,SYN-U-10623,SYN-LN-5602,5000.0,1250.0,2025-10-29,2025-10-29,0,1250.0,0
SYN-REP-15603,SYN-U-17827,SYN-LN-5603,5000.0,1250.0,2026-04-06,2026-04-06,0,1250.0,0
SYN-REP-15604,SYN-U-10965,SYN-LN-5604,25000.0,6250.0,2026-05-25,2026-05-25,0,6250.0,0
SYN-REP-15605,SYN-U-16344,SYN-LN-5605,10000.0,2500.0,2025-11-18,,87,254.19,1
SYN-REP-15606,SYN-U-10177,SYN-LN-5606,40000.0,10000.0,2025-07-23,2025-07-23,0,10000.0,0
SYN-REP-15607,SYN-U-16984,SYN-LN-5607,25000.0,6250.0,2026-02-09,2026-02-09,0,6250.0,0
SYN-REP-15608,SYN-U-14871,SYN-LN-5608,15000.0,3750.0,2026-03-17,2026-03-17,0,3750.0,0
SYN-REP-15609,SYN-U-18772,SYN-LN-5609,25000.0,6250.0,2026-05-28,2026-05-28,0,6250.0,0
SYN-REP-15610,SYN-U-10437,SYN-LN-5610,5000.0,1250.0,2026-07-15,2026-07-15,0,1250.0,0
SYN-REP-15611,SYN-U-17521,SYN-LN-5611,10000.0,2500.0,2025-12-16,2025-12-16,0,2500.0,0
SYN-REP-15612,SYN-U-13747,SYN-LN-5612,15000.0,3750.0,2026-02-06,2026-02-06,0,3750.0,0
SYN-REP-15613,SYN-U-15936,SYN-LN-5613,25000.0,6250.0,2026-08-05,2026-08-05,0,6250.0,0
SYN-REP-15614,SYN-U-18428,SYN-LN-5614,15000.0,3750.0,2026-01-15,2026-01-15,0,3750.0,0
SYN-REP-15615,SYN-U-13406,SYN-LN-5615,5000.0,1250.0,2026-05-04,2026-05-04,0,1250.0,0
SYN-REP-15616,SYN-U-19152,SYN-LN-5616,15000.0,3750.0,2025-09-01,2025-09-01,0,3750.0,0
SYN-REP-15617,SYN-U-11955,SYN-LN-5617,5000.0,1250.0,2025-06-01,2025-06-01,0,1250.0,0
SYN-REP-15618,SYN-U-13559,SYN-LN-5618,40000.0,10000.0,2025-10-19,2025-10-19,0,10000.0,0
SYN-REP-15619,SYN-U-19805,SYN-LN-5619,15000.0,3750.0,2026-01-06,2026-01-06,0,3750.0,0
SYN-REP-15620,SYN-U-15466,SYN-LN-5620,25000.0,6250.0,2026-06-23,2026-06-23,0,6250.0,0
SYN-REP-15621,SYN-U-15158,SYN-LN-5621,25000.0,6250.0,2025-10-29,2025-11-01,3,6250.0,0
SYN-REP-15622,SYN-U-14110,SYN-LN-5622,15000.0,3750.0,2025-10-29,2025-10-29,0,3750.0,0
SYN-REP-15623,SYN-U-18204,SYN-LN-5623,25000.0,6250.0,2025-08-15,2025-08-15,0,6250.0,0
SYN-REP-15624,SYN-U-10653,SYN-LN-5624,25000.0,6250.0,2026-02-09,2026-02-09,0,6250.0,0
SYN-REP-15625,SYN-U-13777,SYN-LN-5625,15000.0,3750.0,2026-01-24,2026-01-26,2,3750.0,0
SYN-REP-15626,SYN-U-13447,SYN-LN-5626,25000.0,6250.0,2026-04-03,2026-04-03,0,6250.0,0
SYN-REP-15627,SYN-U-18711,SYN-LN-5627,25000.0,6250.0,2026-02-16,,76,905.14,1
SYN-REP-15628,SYN-U-15778,SYN-LN-5628,40000.0,10000.0,2025-07-07,2025-07-07,0,10000.0,0
SYN-REP-15629,SYN-U-19334,SYN-LN-5629,15000.0,3750.0,2025-06-06,2025-06-06,0,3750.0,0
SYN-REP-15630,SYN-U-15144,SYN-LN-5630,5000.0,1250.0,2026-07-31,2026-07-31,0,1250.0,0
SYN-REP-15631,SYN-U-16113,SYN-LN-5631,10000.0,2500.0,2025-07-29,2025-07-29,0,2500.0,0
SYN-REP-15632,SYN-U-11563,SYN-LN-5632,10000.0,2500.0,2025-09-21,2025-09-21,0,2500.0,0
SYN-REP-15633,SYN-U-19494,SYN-LN-5633,5000.0,1250.0,2026-08-08,2026-08-08,0,1250.0,0
SYN-REP-15634,SYN-U-14031,SYN-LN-5634,15000.0,3750.0,2025-06-30,,90,1492.36,1
SYN-REP-15635,SYN-U-10050,SYN-LN-5635,25000.0,6250.0,2026-07-29,2026-07-29,0,6250.0,0
SYN-REP-15636,SYN-U-11083,SYN-LN-5636,15000.0,3750.0,2026-06-25,2026-06-25,0,3750.0,0
SYN-REP-15637,SYN-U-17002,SYN-LN-5637,25000.0,6250.0,2025-11-08,2025-11-08,0,6250.0,0
SYN-REP-15638,SYN-U-17347,SYN-LN-5638,25000.0,6250.0,2026-07-03,2026-07-07,4,6250.0,0
SYN-REP-15639,SYN-U-12334,SYN-LN-5639,10000.0,2500.0,2026-03-11,2026-03-11,0,2500.0,0
SYN-REP-15640,SYN-U-17409,SYN-LN-5640,5000.0,1250.0,2025-06-08,2025-06-08,0,1250.0,0
SYN-REP-15641,SYN-U-12143,SYN-LN-5641,10000.0,2500.0,2026-07-25,2026-07-25,0,2500.0,0
SYN-REP-15642,SYN-U-19510,SYN-LN-5642,25000.0,6250.0,2025-06-03,2025-06-19,16,6250.0,0
SYN-REP-15643,SYN-U-15548,SYN-LN-5643,5000.0,1250.0,2026-04-15,2026-04-18,3,1250.0,0
SYN-REP-15644,SYN-U-19346,SYN-LN-5644,25000.0,6250.0,2025-08-01,2025-08-01,0,6250.0,0
SYN-REP-15645,SYN-U-12788,SYN-LN-5645,40000.0,10000.0,2026-02-15,2026-02-15,0,10000.0,0
SYN-REP-15646,SYN-U-10894,SYN-LN-5646,25000.0,6250.0,2025-07-04,2025-07-04,0,6250.0,0
SYN-REP-15647,SYN-U-19588,SYN-LN-5647,15000.0,3750.0,2025-10-07,2025-10-07,0,3750.0,0
SYN-REP-15648,SYN-U-14607,SYN-LN-5648,10000.0,2500.0,2026-08-13,2026-08-13,0,2500.0,0
SYN-REP-15649,SYN-U-15987,SYN-LN-5649,10000.0,2500.0,2026-06-13,2026-06-13,0,2500.0,0
SYN-REP-15650,SYN-U-17413,SYN-LN-5650,15000.0,3750.0,2026-05-16,2026-05-17,1,3750.0,0
SYN-REP-15651,SYN-U-19888,SYN-LN-5651,5000.0,1250.0,2026-03-20,2026-03-20,0,1250.0,0
SYN-REP-15652,SYN-U-14424,SYN-LN-5652,40000.0,10000.0,2025-07-02,2025-07-05,3,10000.0,0
SYN-REP-15653,SYN-U-10099,SYN-LN-5653,15000.0,3750.0,2025-06-25,2025-06-25,0,3750.0,0
SYN-REP-15654,SYN-U-17725,SYN-LN-5654,15000.0,3750.0,2025-08-19,2025-08-19,0,3750.0,0
SYN-REP-15655,SYN-U-18541,SYN-LN-5655,15000.0,3750.0,2026-07-20,2026-07-20,0,3750.0,0
SYN-REP-15656,SYN-U-17265,SYN-LN-5656,5000.0,1250.0,2026-01-27,2026-01-27,0,1250.0,0
SYN-REP-15657,SYN-U-11370,SYN-LN-5657,40000.0,10000.0,2025-07-11,2025-07-11,0,10000.0,0
SYN-REP-15658,SYN-U-18768,SYN-LN-5658,15000.0,3750.0,2026-04-23,2026-04-23,0,3750.0,0
SYN-REP-15659,SYN-U-19275,SYN-LN-5659,25000.0,6250.0,2025-08-04,2025-08-04,0,6250.0,0
SYN-REP-15660,SYN-U-17636,SYN-LN-5660,40000.0,10000.0,2026-01-15,2026-01-15,0,10000.0,0
SYN-REP-15661,SYN-U-18505,SYN-LN-5661,5000.0,1250.0,2025-10-02,2025-10-02,0,1250.0,0
SYN-REP-15662,SYN-U-16642,SYN-LN-5662,5000.0,1250.0,2026-07-25,2026-07-25,0,1250.0,0
SYN-REP-15663,SYN-U-13377,SYN-LN-5663,5000.0,1250.0,2025-08-14,2025-08-14,0,1250.0,0
SYN-REP-15664,SYN-U-14025,SYN-LN-5664,25000.0,6250.0,2026-05-08,2026-05-08,0,6250.0,0
SYN-REP-15665,SYN-U-16906,SYN-LN-5665,10000.0,2500.0,2026-04-06,2026-04-06,0,2500.0,0
SYN-REP-15666,SYN-U-16185,SYN-LN-5666,15000.0,3750.0,2025-08-03,2025-08-03,0,3750.0,0
SYN-REP-15667,SYN-U-17887,SYN-LN-5667,5000.0,1250.0,2026-04-27,2026-04-27,0,1250.0,0
SYN-REP-15668,SYN-U-11006,SYN-LN-5668,25000.0,6250.0,2026-05-14,2026-05-14,0,6250.0,0
SYN-REP-15669,SYN-U-10712,SYN-LN-5669,25000.0,6250.0,2025-12-10,2025-12-12,2,6250.0,0
SYN-REP-15670,SYN-U-10504,SYN-LN-5670,40000.0,10000.0,2026-02-24,2026-02-24,0,10000.0,0
SYN-REP-15671,SYN-U-13890,SYN-LN-5671,25000.0,6250.0,2025-11-14,2025-11-14,0,6250.0,0
SYN-REP-15672,SYN-U-13540,SYN-LN-5672,40000.0,10000.0,2026-05-30,2026-05-30,0,10000.0,0
SYN-REP-15673,SYN-U-10678,SYN-LN-5673,15000.0,3750.0,2025-12-17,2025-12-17,0,3750.0,0
SYN-REP-15674,SYN-U-15112,SYN-LN-5674,40000.0,10000.0,2025-11-05,2025-11-07,2,10000.0,0
SYN-REP-15675,SYN-U-14307,SYN-LN-5675,5000.0,1250.0,2026-03-09,2026-03-09,0,1250.0,0
SYN-REP-15676,SYN-U-12811,SYN-LN-5676,10000.0,2500.0,2026-08-04,2026-08-04,0,2500.0,0
SYN-REP-15677,SYN-U-15531,SYN-LN-5677,5000.0,1250.0,2026-01-06,2026-01-06,0,1250.0,0
SYN-REP-15678,SYN-U-18184,SYN-LN-5678,5000.0,1250.0,2026-02-20,2026-02-20,0,1250.0,0
SYN-REP-15679,SYN-U-10894,SYN-LN-5679,40000.0,10000.0,2025-08-02,2025-08-04,2,10000.0,0
SYN-REP-15680,SYN-U-14330,SYN-LN-5680,40000.0,10000.0,2025-06-14,2025-06-14,0,10000.0,0
SYN-REP-15681,SYN-U-17833,SYN-LN-5681,40000.0,10000.0,2026-01-11,2026-01-15,4,10000.0,0
SYN-REP-15682,SYN-U-12074,SYN-LN-5682,10000.0,2500.0,2025-07-24,2025-07-24,0,2500.0,0
SYN-REP-15683,SYN-U-17782,SYN-LN-5683,40000.0,10000.0,2025-08-15,2025-08-15,0,10000.0,0
SYN-REP-15684,SYN-U-12722,SYN-LN-5684,15000.0,3750.0,2026-04-07,2026-04-07,0,3750.0,0
SYN-REP-15685,SYN-U-19890,SYN-LN-5685,40000.0,10000.0,2026-07-12,2026-07-12,0,10000.0,0
SYN-REP-15686,SYN-U-14745,SYN-LN-5686,10000.0,2500.0,2026-06-25,2026-06-25,0,2500.0,0
SYN-REP-15687,SYN-U-13123,SYN-LN-5687,10000.0,2500.0,2026-01-16,2026-01-16,0,2500.0,0
SYN-REP-15688,SYN-U-12735,SYN-LN-5688,10000.0,2500.0,2025-08-27,2025-08-27,0,2500.0,0
SYN-REP-15689,SYN-U-15540,SYN-LN-5689,25000.0,6250.0,2026-03-28,2026-03-28,0,6250.0,0
SYN-REP-15690,SYN-U-15841,SYN-LN-5690,40000.0,10000.0,2025-10-12,2025-10-14,2,10000.0,0
SYN-REP-15691,SYN-U-16845,SYN-LN-5691,25000.0,6250.0,2026-05-23,2026-05-23,0,6250.0,0
SYN-REP-15692,SYN-U-17327,SYN-LN-5692,15000.0,3750.0,2026-01-30,2026-01-30,0,3750.0,0
SYN-REP-15693,SYN-U-19562,SYN-LN-5693,15000.0,3750.0,2026-04-27,2026-04-27,0,3750.0,0
SYN-REP-15694,SYN-U-14834,SYN-LN-5694,5000.0,1250.0,2026-07-31,2026-08-02,2,1250.0,0
SYN-REP-15695,SYN-U-14342,SYN-LN-5695,25000.0,6250.0,2025-08-04,2025-08-04,0,6250.0,0
SYN-REP-15696,SYN-U-16297,SYN-LN-5696,10000.0,2500.0,2026-07-24,2026-07-24,0,2500.0,0
SYN-REP-15697,SYN-U-19576,SYN-LN-5697,40000.0,10000.0,2025-11-19,2025-11-19,0,10000.0,0
SYN-REP-15698,SYN-U-13001,SYN-LN-5698,10000.0,2500.0,2025-06-23,2025-06-23,0,2500.0,0
SYN-REP-15699,SYN-U-12805,SYN-LN-5699,5000.0,1250.0,2025-09-11,2025-09-11,0,1250.0,0
SYN-REP-15700,SYN-U-16091,SYN-LN-5700,15000.0,3750.0,2026-06-01,2026-06-01,0,3750.0,0
SYN-REP-15701,SYN-U-15803,SYN-LN-5701,40000.0,10000.0,2026-02-16,2026-02-16,0,10000.0,0
SYN-REP-15702,SYN-U-12886,SYN-LN-5702,15000.0,3750.0,2025-11-06,2025-11-06,0,3750.0,0
SYN-REP-15703,SYN-U-12956,SYN-LN-5703,25000.0,6250.0,2026-07-29,2026-07-29,0,6250.0,0
SYN-REP-15704,SYN-U-11977,SYN-LN-5704,10000.0,2500.0,2025-11-07,2025-11-07,0,2500.0,0
SYN-REP-15705,SYN-U-13112,SYN-LN-5705,25000.0,6250.0,2026-05-11,2026-05-11,0,6250.0,0
SYN-REP-15706,SYN-U-19120,SYN-LN-5706,40000.0,10000.0,2025-08-23,2025-08-25,2,10000.0,0
SYN-REP-15707,SYN-U-18756,SYN-LN-5707,15000.0,3750.0,2025-08-20,2025-08-20,0,3750.0,0
SYN-REP-15708,SYN-U-14505,SYN-LN-5708,25000.0,6250.0,2025-10-16,2025-10-16,0,6250.0,0
SYN-REP-15709,SYN-U-17568,SYN-LN-5709,25000.0,6250.0,2025-06-13,2025-06-13,0,6250.0,0
SYN-REP-15710,SYN-U-15617,SYN-LN-5710,25000.0,6250.0,2026-02-04,2026-02-04,0,6250.0,0
SYN-REP-15711,SYN-U-19898,SYN-LN-5711,10000.0,2500.0,2025-07-08,2025-07-08,0,2500.0,0
SYN-REP-15712,SYN-U-11827,SYN-LN-5712,25000.0,6250.0,2026-05-26,2026-05-26,0,6250.0,0
SYN-REP-15713,SYN-U-14759,SYN-LN-5713,15000.0,3750.0,2026-01-11,2026-01-11,0,3750.0,0
SYN-REP-15714,SYN-U-18550,SYN-LN-5714,15000.0,3750.0,2026-02-01,2026-02-01,0,3750.0,0
SYN-REP-15715,SYN-U-10235,SYN-LN-5715,40000.0,10000.0,2026-02-27,2026-02-27,0,10000.0,0
SYN-REP-15716,SYN-U-14398,SYN-LN-5716,5000.0,1250.0,2026-06-14,2026-06-14,0,1250.0,0
SYN-REP-15717,SYN-U-11157,SYN-LN-5717,40000.0,10000.0,2025-10-29,2025-10-29,0,10000.0,0
SYN-REP-15718,SYN-U-10060,SYN-LN-5718,5000.0,1250.0,2025-10-30,2025-10-31,1,1250.0,0
SYN-REP-15719,SYN-U-18927,SYN-LN-5719,15000.0,3750.0,2026-06-16,2026-06-16,0,3750.0,0
SYN-REP-15720,SYN-U-18160,SYN-LN-5720,10000.0,2500.0,2026-05-06,2026-05-06,0,2500.0,0
SYN-REP-15721,SYN-U-12510,SYN-LN-5721,25000.0,6250.0,2026-05-29,2026-05-29,0,6250.0,0
SYN-REP-15722,SYN-U-11147,SYN-LN-5722,40000.0,10000.0,2025-09-19,2025-09-19,0,10000.0,0
SYN-REP-15723,SYN-U-10521,SYN-LN-5723,40000.0,10000.0,2025-12-10,2025-12-10,0,10000.0,0
SYN-REP-15724,SYN-U-13657,SYN-LN-5724,10000.0,2500.0,2025-07-31,2025-07-31,0,2500.0,0
SYN-REP-15725,SYN-U-15527,SYN-LN-5725,10000.0,2500.0,2025-11-01,2025-11-01,0,2500.0,0
SYN-REP-15726,SYN-U-10197,SYN-LN-5726,25000.0,6250.0,2025-08-17,2025-08-21,4,6250.0,0
SYN-REP-15727,SYN-U-20000,SYN-LN-5727,25000.0,6250.0,2026-07-23,2026-07-23,0,6250.0,0
SYN-REP-15728,SYN-U-14238,SYN-LN-5728,25000.0,6250.0,2026-08-19,2026-08-23,4,6250.0,0
SYN-REP-15729,SYN-U-13140,SYN-LN-5729,40000.0,10000.0,2025-12-22,2025-12-22,0,10000.0,0
SYN-REP-15730,SYN-U-12190,SYN-LN-5730,15000.0,3750.0,2025-12-11,2025-12-15,4,3750.0,0
SYN-REP-15731,SYN-U-19232,SYN-LN-5731,10000.0,2500.0,2025-08-01,2025-08-05,4,2500.0,0
SYN-REP-15732,SYN-U-12350,SYN-LN-5732,25000.0,6250.0,2025-08-21,2025-08-21,0,6250.0,0
SYN-REP-15733,SYN-U-11474,SYN-LN-5733,25000.0,6250.0,2026-01-09,2026-01-09,0,6250.0,0
SYN-REP-15734,SYN-U-18250,SYN-LN-5734,5000.0,1250.0,2026-04-24,2026-04-24,0,1250.0,0
SYN-REP-15735,SYN-U-14811,SYN-LN-5735,40000.0,10000.0,2026-08-03,2026-08-03,0,10000.0,0
SYN-REP-15736,SYN-U-10277,SYN-LN-5736,10000.0,2500.0,2025-10-16,2025-10-20,4,2500.0,0
SYN-REP-15737,SYN-U-15230,SYN-LN-5737,10000.0,2500.0,2025-07-28,2025-07-28,0,2500.0,0
SYN-REP-15738,SYN-U-14235,SYN-LN-5738,40000.0,10000.0,2026-02-26,2026-02-26,0,10000.0,0
SYN-REP-15739,SYN-U-18219,SYN-LN-5739,10000.0,2500.0,2025-11-24,2025-11-25,1,2500.0,0
SYN-REP-15740,SYN-U-15359,SYN-LN-5740,5000.0,1250.0,2026-08-23,2026-08-23,0,1250.0,0
SYN-REP-15741,SYN-U-14052,SYN-LN-5741,10000.0,2500.0,2025-07-03,2025-07-03,0,2500.0,0
SYN-REP-15742,SYN-U-19597,SYN-LN-5742,40000.0,10000.0,2025-09-29,2025-09-29,0,10000.0,0
SYN-REP-15743,SYN-U-14635,SYN-LN-5743,25000.0,6250.0,2025-08-06,2025-08-06,0,6250.0,0
SYN-REP-15744,SYN-U-17349,SYN-LN-5744,5000.0,1250.0,2025-06-04,2025-06-04,0,1250.0,0
SYN-REP-15745,SYN-U-13686,SYN-LN-5745,25000.0,6250.0,2025-10-01,2025-10-04,3,6250.0,0
SYN-REP-15746,SYN-U-17335,SYN-LN-5746,5000.0,1250.0,2026-05-22,2026-05-22,0,1250.0,0
SYN-REP-15747,SYN-U-16301,SYN-LN-5747,40000.0,10000.0,2026-05-22,2026-05-22,0,10000.0,0
SYN-REP-15748,SYN-U-13968,SYN-LN-5748,25000.0,6250.0,2025-06-06,2025-06-06,0,6250.0,0
SYN-REP-15749,SYN-U-18141,SYN-LN-5749,25000.0,6250.0,2025-09-08,2025-09-12,4,6250.0,0
SYN-REP-15750,SYN-U-18517,SYN-LN-5750,40000.0,10000.0,2026-04-03,2026-04-03,0,10000.0,0
SYN-REP-15751,SYN-U-17630,SYN-LN-5751,5000.0,1250.0,2025-11-03,2025-11-03,0,1250.0,0
SYN-REP-15752,SYN-U-17854,SYN-LN-5752,5000.0,1250.0,2026-07-08,2026-07-08,0,1250.0,0
SYN-REP-15753,SYN-U-14672,SYN-LN-5753,25000.0,6250.0,2025-11-07,2025-11-07,0,6250.0,0
SYN-REP-15754,SYN-U-18419,SYN-LN-5754,25000.0,6250.0,2025-10-22,2025-10-22,0,6250.0,0
SYN-REP-15755,SYN-U-16932,SYN-LN-5755,10000.0,2500.0,2025-11-03,2025-11-03,0,2500.0,0
SYN-REP-15756,SYN-U-15936,SYN-LN-5756,10000.0,2500.0,2025-11-05,2025-11-05,0,2500.0,0
SYN-REP-15757,SYN-U-18190,SYN-LN-5757,25000.0,6250.0,2026-05-10,2026-05-10,0,6250.0,0
SYN-REP-15758,SYN-U-14410,SYN-LN-5758,40000.0,10000.0,2025-12-30,2025-12-30,0,10000.0,0
SYN-REP-15759,SYN-U-19684,SYN-LN-5759,40000.0,10000.0,2026-08-23,2026-08-25,2,10000.0,0
SYN-REP-15760,SYN-U-10931,SYN-LN-5760,10000.0,2500.0,2025-09-07,2025-09-07,0,2500.0,0
SYN-REP-15761,SYN-U-19826,SYN-LN-5761,15000.0,3750.0,2025-09-02,2025-09-02,0,3750.0,0
SYN-REP-15762,SYN-U-13376,SYN-LN-5762,25000.0,6250.0,2025-08-29,2025-08-29,0,6250.0,0
SYN-REP-15763,SYN-U-15958,SYN-LN-5763,40000.0,10000.0,2025-07-11,2025-07-12,1,10000.0,0
SYN-REP-15764,SYN-U-10286,SYN-LN-5764,25000.0,6250.0,2025-09-18,2025-09-18,0,6250.0,0
SYN-REP-15765,SYN-U-10352,SYN-LN-5765,40000.0,10000.0,2026-07-15,2026-07-15,0,10000.0,0
SYN-REP-15766,SYN-U-12385,SYN-LN-5766,25000.0,6250.0,2025-07-16,2025-07-16,0,6250.0,0
SYN-REP-15767,SYN-U-12356,SYN-LN-5767,5000.0,1250.0,2025-10-25,2025-10-25,0,1250.0,0
SYN-REP-15768,SYN-U-19882,SYN-LN-5768,10000.0,2500.0,2026-08-06,2026-08-06,0,2500.0,0
SYN-REP-15769,SYN-U-11932,SYN-LN-5769,40000.0,10000.0,2026-03-18,2026-03-18,0,10000.0,0
SYN-REP-15770,SYN-U-13593,SYN-LN-5770,25000.0,6250.0,2025-08-02,2025-08-02,0,6250.0,0
SYN-REP-15771,SYN-U-17403,SYN-LN-5771,40000.0,10000.0,2026-06-18,2026-06-18,0,10000.0,0
SYN-REP-15772,SYN-U-12626,SYN-LN-5772,15000.0,3750.0,2025-10-06,2025-10-06,0,3750.0,0
SYN-REP-15773,SYN-U-12883,SYN-LN-5773,15000.0,3750.0,2026-06-20,2026-06-20,0,3750.0,0
SYN-REP-15774,SYN-U-17032,SYN-LN-5774,40000.0,10000.0,2025-06-18,2025-06-22,4,10000.0,0
SYN-REP-15775,SYN-U-19819,SYN-LN-5775,5000.0,1250.0,2026-08-05,2026-08-05,0,1250.0,0
SYN-REP-15776,SYN-U-17196,SYN-LN-5776,40000.0,10000.0,2026-03-03,2026-03-03,0,10000.0,0
SYN-REP-15777,SYN-U-19706,SYN-LN-5777,15000.0,3750.0,2026-04-23,2026-04-23,0,3750.0,0
SYN-REP-15778,SYN-U-12277,SYN-LN-5778,40000.0,10000.0,2025-07-07,2025-07-07,0,10000.0,0
SYN-REP-15779,SYN-U-15377,SYN-LN-5779,25000.0,6250.0,2025-12-01,2025-12-01,0,6250.0,0
SYN-REP-15780,SYN-U-18462,SYN-LN-5780,5000.0,1250.0,2025-09-26,2025-09-26,0,1250.0,0
SYN-REP-15781,SYN-U-16190,SYN-LN-5781,5000.0,1250.0,2025-06-11,2025-06-11,0,1250.0,0
SYN-REP-15782,SYN-U-11304,SYN-LN-5782,25000.0,6250.0,2026-02-07,2026-02-07,0,6250.0,0
SYN-REP-15783,SYN-U-17675,SYN-LN-5783,25000.0,6250.0,2026-02-05,2026-02-05,0,6250.0,0
SYN-REP-15784,SYN-U-18294,SYN-LN-5784,10000.0,2500.0,2026-08-03,2026-08-03,0,2500.0,0
SYN-REP-15785,SYN-U-15854,SYN-LN-5785,40000.0,10000.0,2025-12-12,2025-12-12,0,10000.0,0
SYN-REP-15786,SYN-U-19687,SYN-LN-5786,40000.0,10000.0,2025-07-04,2025-07-04,0,10000.0,0
SYN-REP-15787,SYN-U-11381,SYN-LN-5787,15000.0,3750.0,2025-06-20,2025-07-05,15,3750.0,0
SYN-REP-15788,SYN-U-18955,SYN-LN-5788,40000.0,10000.0,2025-10-14,2025-10-14,0,10000.0,0
SYN-REP-15789,SYN-U-17594,SYN-LN-5789,40000.0,10000.0,2025-11-15,2025-11-15,0,10000.0,0
SYN-REP-15790,SYN-U-16106,SYN-LN-5790,40000.0,10000.0,2026-06-23,2026-08-18,56,10000.0,0
SYN-REP-15791,SYN-U-19725,SYN-LN-5791,40000.0,10000.0,2025-08-06,2025-08-06,0,10000.0,0
SYN-REP-15792,SYN-U-16423,SYN-LN-5792,10000.0,2500.0,2025-06-03,2025-06-03,0,2500.0,0
SYN-REP-15793,SYN-U-14126,SYN-LN-5793,10000.0,2500.0,2026-08-12,2026-08-12,0,2500.0,0
SYN-REP-15794,SYN-U-11992,SYN-LN-5794,25000.0,6250.0,2025-06-22,2025-06-22,0,6250.0,0
SYN-REP-15795,SYN-U-10308,SYN-LN-5795,5000.0,1250.0,2025-11-20,2025-11-23,3,1250.0,0
SYN-REP-15796,SYN-U-10532,SYN-LN-5796,40000.0,10000.0,2025-11-01,2025-11-01,0,10000.0,0
SYN-REP-15797,SYN-U-19012,SYN-LN-5797,5000.0,1250.0,2025-07-07,2025-07-07,0,1250.0,0
SYN-REP-15798,SYN-U-17500,SYN-LN-5798,10000.0,2500.0,2026-04-25,2026-04-25,0,2500.0,0
SYN-REP-15799,SYN-U-17943,SYN-LN-5799,40000.0,10000.0,2026-01-02,2026-01-03,1,10000.0,0
SYN-REP-15800,SYN-U-17511,SYN-LN-5800,10000.0,2500.0,2025-12-02,2025-12-02,0,2500.0,0
SYN-REP-15801,SYN-U-13258,SYN-LN-5801,5000.0,1250.0,2025-08-04,2025-08-04,0,1250.0,0
SYN-REP-15802,SYN-U-16621,SYN-LN-5802,25000.0,6250.0,2025-12-14,2025-12-14,0,6250.0,0
SYN-REP-15803,SYN-U-18410,SYN-LN-5803,15000.0,3750.0,2026-06-30,2026-07-04,4,3750.0,0
SYN-REP-15804,SYN-U-17162,SYN-LN-5804,25000.0,6250.0,2025-10-19,2025-10-19,0,6250.0,0
SYN-REP-15805,SYN-U-11339,SYN-LN-5805,40000.0,10000.0,2025-11-01,2025-11-01,0,10000.0,0
SYN-REP-15806,SYN-U-10247,SYN-LN-5806,40000.0,10000.0,2025-07-30,2025-07-30,0,10000.0,0
SYN-REP-15807,SYN-U-17336,SYN-LN-5807,15000.0,3750.0,2025-10-02,2025-10-02,0,3750.0,0
SYN-REP-15808,SYN-U-12196,SYN-LN-5808,15000.0,3750.0,2026-02-20,2026-02-20,0,3750.0,0
SYN-REP-15809,SYN-U-16313,SYN-LN-5809,40000.0,10000.0,2026-01-20,2026-01-20,0,10000.0,0
SYN-REP-15810,SYN-U-12875,SYN-LN-5810,5000.0,1250.0,2025-08-04,2025-08-04,0,1250.0,0
SYN-REP-15811,SYN-U-13496,SYN-LN-5811,10000.0,2500.0,2025-07-25,2025-07-25,0,2500.0,0
SYN-REP-15812,SYN-U-16818,SYN-LN-5812,15000.0,3750.0,2026-02-05,2026-02-05,0,3750.0,0
SYN-REP-15813,SYN-U-18774,SYN-LN-5813,40000.0,10000.0,2025-11-01,2025-11-01,0,10000.0,0
SYN-REP-15814,SYN-U-17661,SYN-LN-5814,10000.0,2500.0,2025-11-19,2025-11-19,0,2500.0,0
SYN-REP-15815,SYN-U-19724,SYN-LN-5815,5000.0,1250.0,2026-01-19,2026-01-19,0,1250.0,0
SYN-REP-15816,SYN-U-11433,SYN-LN-5816,10000.0,2500.0,2025-10-09,2025-10-09,0,2500.0,0
SYN-REP-15817,SYN-U-15117,SYN-LN-5817,15000.0,3750.0,2025-08-03,2025-08-03,0,3750.0,0
SYN-REP-15818,SYN-U-12462,SYN-LN-5818,15000.0,3750.0,2026-08-22,2026-08-22,0,3750.0,0
SYN-REP-15819,SYN-U-12856,SYN-LN-5819,10000.0,2500.0,2026-08-13,2026-08-13,0,2500.0,0
SYN-REP-15820,SYN-U-12568,SYN-LN-5820,25000.0,6250.0,2025-11-04,2025-11-04,0,6250.0,0
SYN-REP-15821,SYN-U-17112,SYN-LN-5821,25000.0,6250.0,2026-01-09,2026-01-09,0,6250.0,0
SYN-REP-15822,SYN-U-11648,SYN-LN-5822,25000.0,6250.0,2026-05-24,2026-05-24,0,6250.0,0
SYN-REP-15823,SYN-U-16600,SYN-LN-5823,15000.0,3750.0,2025-09-01,2025-09-01,0,3750.0,0
SYN-REP-15824,SYN-U-13658,SYN-LN-5824,25000.0,6250.0,2026-06-15,2026-06-15,0,6250.0,0
SYN-REP-15825,SYN-U-11423,SYN-LN-5825,25000.0,6250.0,2026-02-21,2026-02-21,0,6250.0,0
SYN-REP-15826,SYN-U-13646,SYN-LN-5826,15000.0,3750.0,2026-03-22,2026-03-22,0,3750.0,0
SYN-REP-15827,SYN-U-14883,SYN-LN-5827,10000.0,2500.0,2025-09-29,2025-09-29,0,2500.0,0
SYN-REP-15828,SYN-U-11135,SYN-LN-5828,5000.0,1250.0,2025-07-20,2025-07-20,0,1250.0,0
SYN-REP-15829,SYN-U-13510,SYN-LN-5829,40000.0,10000.0,2025-11-12,2025-11-16,4,10000.0,0
SYN-REP-15830,SYN-U-16805,SYN-LN-5830,10000.0,2500.0,2026-02-19,2026-02-19,0,2500.0,0
SYN-REP-15831,SYN-U-12777,SYN-LN-5831,10000.0,2500.0,2026-02-06,2026-02-06,0,2500.0,0
SYN-REP-15832,SYN-U-18302,SYN-LN-5832,5000.0,1250.0,2026-05-29,2026-05-29,0,1250.0,0
SYN-REP-15833,SYN-U-11527,SYN-LN-5833,25000.0,6250.0,2026-08-02,2026-08-03,1,6250.0,0
SYN-REP-15834,SYN-U-11554,SYN-LN-5834,5000.0,1250.0,2026-08-08,2026-08-08,0,1250.0,0
SYN-REP-15835,SYN-U-10480,SYN-LN-5835,10000.0,2500.0,2025-07-07,2025-07-07,0,2500.0,0
SYN-REP-15836,SYN-U-11968,SYN-LN-5836,5000.0,1250.0,2026-02-10,2026-02-12,2,1250.0,0
SYN-REP-15837,SYN-U-14725,SYN-LN-5837,15000.0,3750.0,2026-04-30,2026-04-30,0,3750.0,0
SYN-REP-15838,SYN-U-15277,SYN-LN-5838,25000.0,6250.0,2026-01-30,2026-01-30,0,6250.0,0
SYN-REP-15839,SYN-U-13844,SYN-LN-5839,10000.0,2500.0,2025-07-25,,80,238.02,1
SYN-REP-15840,SYN-U-16577,SYN-LN-5840,5000.0,1250.0,2026-06-26,2026-06-26,0,1250.0,0
SYN-REP-15841,SYN-U-15079,SYN-LN-5841,5000.0,1250.0,2025-11-18,2025-11-22,4,1250.0,0
SYN-REP-15842,SYN-U-11595,SYN-LN-5842,25000.0,6250.0,2025-09-21,2025-09-21,0,6250.0,0
SYN-REP-15843,SYN-U-13891,SYN-LN-5843,40000.0,10000.0,2025-07-06,2025-07-06,0,10000.0,0
SYN-REP-15844,SYN-U-10206,SYN-LN-5844,40000.0,10000.0,2025-09-15,2025-09-15,0,10000.0,0
SYN-REP-15845,SYN-U-16647,SYN-LN-5845,10000.0,2500.0,2026-03-24,2026-03-24,0,2500.0,0
SYN-REP-15846,SYN-U-16845,SYN-LN-5846,40000.0,10000.0,2026-03-02,2026-03-02,0,10000.0,0
SYN-REP-15847,SYN-U-12270,SYN-LN-5847,40000.0,10000.0,2025-06-11,2025-06-14,3,10000.0,0
SYN-REP-15848,SYN-U-13734,SYN-LN-5848,15000.0,3750.0,2026-05-06,2026-05-06,0,3750.0,0
SYN-REP-15849,SYN-U-14265,SYN-LN-5849,25000.0,6250.0,2025-07-23,2025-07-27,4,6250.0,0
SYN-REP-15850,SYN-U-13690,SYN-LN-5850,40000.0,10000.0,2025-09-20,2025-09-20,0,10000.0,0
SYN-REP-15851,SYN-U-13403,SYN-LN-5851,25000.0,6250.0,2025-06-09,2025-06-09,0,6250.0,0
SYN-REP-15852,SYN-U-10102,SYN-LN-5852,5000.0,1250.0,2025-09-12,2025-09-12,0,1250.0,0
SYN-REP-15853,SYN-U-17745,SYN-LN-5853,10000.0,2500.0,2026-05-22,2026-05-22,0,2500.0,0
SYN-REP-15854,SYN-U-10528,SYN-LN-5854,5000.0,1250.0,2026-08-22,2026-08-22,0,1250.0,0
SYN-REP-15855,SYN-U-17723,SYN-LN-5855,25000.0,6250.0,2026-07-06,2026-07-09,3,6250.0,0
SYN-REP-15856,SYN-U-15114,SYN-LN-5856,5000.0,1250.0,2025-12-03,2025-12-03,0,1250.0,0
SYN-REP-15857,SYN-U-11166,SYN-LN-5857,5000.0,1250.0,2026-06-17,2026-06-17,0,1250.0,0
SYN-REP-15858,SYN-U-12518,SYN-LN-5858,5000.0,1250.0,2026-03-24,2026-03-24,0,1250.0,0
SYN-REP-15859,SYN-U-10992,SYN-LN-5859,40000.0,10000.0,2025-08-14,2025-08-14,0,10000.0,0
SYN-REP-15860,SYN-U-14717,SYN-LN-5860,10000.0,2500.0,2025-08-17,2025-08-17,0,2500.0,0
SYN-REP-15861,SYN-U-16272,SYN-LN-5861,25000.0,6250.0,2026-07-01,2026-07-01,0,6250.0,0
SYN-REP-15862,SYN-U-19101,SYN-LN-5862,25000.0,6250.0,2026-03-19,2026-03-19,0,6250.0,0
SYN-REP-15863,SYN-U-10615,SYN-LN-5863,15000.0,3750.0,2026-05-11,2026-05-11,0,3750.0,0
SYN-REP-15864,SYN-U-13067,SYN-LN-5864,10000.0,2500.0,2026-08-19,2026-08-19,0,2500.0,0
SYN-REP-15865,SYN-U-16477,SYN-LN-5865,10000.0,2500.0,2025-12-28,2026-01-01,4,2500.0,0
SYN-REP-15866,SYN-U-15401,SYN-LN-5866,25000.0,6250.0,2025-06-13,2025-06-13,0,6250.0,0
SYN-REP-15867,SYN-U-19173,SYN-LN-5867,5000.0,1250.0,2025-08-16,2025-08-19,3,1250.0,0
SYN-REP-15868,SYN-U-15512,SYN-LN-5868,5000.0,1250.0,2026-08-07,2026-08-07,0,1250.0,0
SYN-REP-15869,SYN-U-19471,SYN-LN-5869,5000.0,1250.0,2025-06-27,2025-07-14,17,1250.0,0
SYN-REP-15870,SYN-U-10591,SYN-LN-5870,5000.0,1250.0,2025-06-17,2025-06-17,0,1250.0,0
SYN-REP-15871,SYN-U-17850,SYN-LN-5871,15000.0,3750.0,2025-06-28,2025-06-30,2,3750.0,0
SYN-REP-15872,SYN-U-15770,SYN-LN-5872,5000.0,1250.0,2025-09-17,2025-09-17,0,1250.0,0
SYN-REP-15873,SYN-U-12079,SYN-LN-5873,5000.0,1250.0,2025-12-07,2025-12-07,0,1250.0,0
SYN-REP-15874,SYN-U-18542,SYN-LN-5874,40000.0,10000.0,2025-11-03,2025-11-03,0,10000.0,0
SYN-REP-15875,SYN-U-14381,SYN-LN-5875,15000.0,3750.0,2026-01-10,2026-01-10,0,3750.0,0
SYN-REP-15876,SYN-U-10065,SYN-LN-5876,5000.0,1250.0,2025-11-10,2025-11-10,0,1250.0,0
SYN-REP-15877,SYN-U-15083,SYN-LN-5877,40000.0,10000.0,2025-06-16,2025-06-16,0,10000.0,0
SYN-REP-15878,SYN-U-16976,SYN-LN-5878,40000.0,10000.0,2025-11-14,2025-11-14,0,10000.0,0
SYN-REP-15879,SYN-U-18828,SYN-LN-5879,10000.0,2500.0,2026-04-27,2026-04-27,0,2500.0,0
SYN-REP-15880,SYN-U-14366,SYN-LN-5880,5000.0,1250.0,2026-04-18,2026-04-18,0,1250.0,0
SYN-REP-15881,SYN-U-17329,SYN-LN-5881,25000.0,6250.0,2025-06-22,2025-08-16,55,6250.0,0
SYN-REP-15882,SYN-U-10469,SYN-LN-5882,40000.0,10000.0,2026-05-31,2026-05-31,0,10000.0,0
SYN-REP-15883,SYN-U-10991,SYN-LN-5883,25000.0,6250.0,2025-10-18,2025-10-18,0,6250.0,0
SYN-REP-15884,SYN-U-11356,SYN-LN-5884,10000.0,2500.0,2025-06-27,2025-06-27,0,2500.0,0
SYN-REP-15885,SYN-U-14905,SYN-LN-5885,25000.0,6250.0,2025-10-02,2025-10-02,0,6250.0,0
SYN-REP-15886,SYN-U-15144,SYN-LN-5886,5000.0,1250.0,2026-03-01,2026-03-01,0,1250.0,0
SYN-REP-15887,SYN-U-13485,SYN-LN-5887,40000.0,10000.0,2026-08-20,2026-08-24,4,10000.0,0
SYN-REP-15888,SYN-U-14952,SYN-LN-5888,5000.0,1250.0,2026-07-11,2026-07-11,0,1250.0,0
SYN-REP-15889,SYN-U-15115,SYN-LN-5889,15000.0,3750.0,2026-02-26,2026-02-27,1,3750.0,0
SYN-REP-15890,SYN-U-17198,SYN-LN-5890,10000.0,2500.0,2026-06-17,2026-06-17,0,2500.0,0
SYN-REP-15891,SYN-U-14960,SYN-LN-5891,5000.0,1250.0,2026-07-31,2026-07-31,0,1250.0,0
SYN-REP-15892,SYN-U-14516,SYN-LN-5892,15000.0,3750.0,2026-06-02,2026-06-03,1,3750.0,0
SYN-REP-15893,SYN-U-16484,SYN-LN-5893,10000.0,2500.0,2026-01-21,2026-01-21,0,2500.0,0
SYN-REP-15894,SYN-U-12371,SYN-LN-5894,25000.0,6250.0,2026-02-17,2026-02-17,0,6250.0,0
SYN-REP-15895,SYN-U-18134,SYN-LN-5895,5000.0,1250.0,2025-06-22,2025-06-22,0,1250.0,0
SYN-REP-15896,SYN-U-12663,SYN-LN-5896,40000.0,10000.0,2025-10-21,2025-10-24,3,10000.0,0
SYN-REP-15897,SYN-U-10558,SYN-LN-5897,10000.0,2500.0,2025-06-17,2025-06-17,0,2500.0,0
SYN-REP-15898,SYN-U-16650,SYN-LN-5898,5000.0,1250.0,2026-06-16,2026-06-16,0,1250.0,0
SYN-REP-15899,SYN-U-12082,SYN-LN-5899,10000.0,2500.0,2025-10-25,2025-10-25,0,2500.0,0
SYN-REP-15900,SYN-U-18560,SYN-LN-5900,5000.0,1250.0,2026-04-22,2026-04-22,0,1250.0,0
SYN-REP-15901,SYN-U-13510,SYN-LN-5901,25000.0,6250.0,2025-09-12,2025-09-12,0,6250.0,0
SYN-REP-15902,SYN-U-11600,SYN-LN-5902,5000.0,1250.0,2025-09-19,2025-09-19,0,1250.0,0
SYN-REP-15903,SYN-U-16996,SYN-LN-5903,40000.0,10000.0,2025-09-15,2025-09-15,0,10000.0,0
SYN-REP-15904,SYN-U-19086,SYN-LN-5904,15000.0,3750.0,2026-05-04,2026-05-04,0,3750.0,0
SYN-REP-15905,SYN-U-14344,SYN-LN-5905,15000.0,3750.0,2025-10-11,2025-11-14,34,3750.0,0
SYN-REP-15906,SYN-U-11156,SYN-LN-5906,10000.0,2500.0,2026-08-14,2026-08-14,0,2500.0,0
SYN-REP-15907,SYN-U-12251,SYN-LN-5907,15000.0,3750.0,2025-06-08,2025-06-11,3,3750.0,0
SYN-REP-15908,SYN-U-11095,SYN-LN-5908,5000.0,1250.0,2026-06-17,2026-06-17,0,1250.0,0
SYN-REP-15909,SYN-U-19439,SYN-LN-5909,40000.0,10000.0,2026-02-01,2026-02-01,0,10000.0,0
SYN-REP-15910,SYN-U-12540,SYN-LN-5910,10000.0,2500.0,2026-03-03,2026-03-03,0,2500.0,0
SYN-REP-15911,SYN-U-18967,SYN-LN-5911,25000.0,6250.0,2025-12-30,2025-12-30,0,6250.0,0
SYN-REP-15912,SYN-U-15912,SYN-LN-5912,25000.0,6250.0,2026-03-15,2026-03-15,0,6250.0,0
SYN-REP-15913,SYN-U-12850,SYN-LN-5913,25000.0,6250.0,2025-09-25,2025-09-25,0,6250.0,0
SYN-REP-15914,SYN-U-11517,SYN-LN-5914,10000.0,2500.0,2026-02-17,2026-02-17,0,2500.0,0
SYN-REP-15915,SYN-U-14161,SYN-LN-5915,25000.0,6250.0,2026-02-26,2026-02-26,0,6250.0,0
SYN-REP-15916,SYN-U-12256,SYN-LN-5916,10000.0,2500.0,2026-07-26,2026-07-26,0,2500.0,0
SYN-REP-15917,SYN-U-12042,SYN-LN-5917,5000.0,1250.0,2025-09-18,2025-09-20,2,1250.0,0
SYN-REP-15918,SYN-U-13211,SYN-LN-5918,5000.0,1250.0,2026-02-20,2026-02-20,0,1250.0,0
SYN-REP-15919,SYN-U-14092,SYN-LN-5919,15000.0,3750.0,2026-06-19,2026-06-19,0,3750.0,0
SYN-REP-15920,SYN-U-14204,SYN-LN-5920,40000.0,10000.0,2026-03-14,2026-03-14,0,10000.0,0
SYN-REP-15921,SYN-U-16951,SYN-LN-5921,25000.0,6250.0,2026-02-14,2026-02-14,0,6250.0,0
SYN-REP-15922,SYN-U-10006,SYN-LN-5922,40000.0,10000.0,2025-09-25,2025-09-25,0,10000.0,0
SYN-REP-15923,SYN-U-14139,SYN-LN-5923,25000.0,6250.0,2025-09-06,2025-09-06,0,6250.0,0
SYN-REP-15924,SYN-U-16318,SYN-LN-5924,40000.0,10000.0,2026-05-07,2026-05-07,0,10000.0,0
SYN-REP-15925,SYN-U-14041,SYN-LN-5925,5000.0,1250.0,2025-08-07,2025-08-07,0,1250.0,0
SYN-REP-15926,SYN-U-11047,SYN-LN-5926,40000.0,10000.0,2025-07-27,2025-07-27,0,10000.0,0
SYN-REP-15927,SYN-U-17113,SYN-LN-5927,5000.0,1250.0,2025-09-24,2025-09-27,3,1250.0,0
SYN-REP-15928,SYN-U-11005,SYN-LN-5928,40000.0,10000.0,2026-08-14,2026-08-14,0,10000.0,0
SYN-REP-15929,SYN-U-10594,SYN-LN-5929,40000.0,10000.0,2025-07-12,2025-07-12,0,10000.0,0
SYN-REP-15930,SYN-U-11601,SYN-LN-5930,15000.0,3750.0,2026-07-03,2026-07-03,0,3750.0,0
SYN-REP-15931,SYN-U-15299,SYN-LN-5931,10000.0,2500.0,2025-08-28,2025-08-28,0,2500.0,0
SYN-REP-15932,SYN-U-14533,SYN-LN-5932,10000.0,2500.0,2025-07-26,2025-07-26,0,2500.0,0
SYN-REP-15933,SYN-U-16862,SYN-LN-5933,40000.0,10000.0,2025-12-26,2025-12-26,0,10000.0,0
SYN-REP-15934,SYN-U-14302,SYN-LN-5934,40000.0,10000.0,2026-04-12,2026-04-12,0,10000.0,0
SYN-REP-15935,SYN-U-12456,SYN-LN-5935,15000.0,3750.0,2026-03-07,2026-03-07,0,3750.0,0
SYN-REP-15936,SYN-U-11025,SYN-LN-5936,25000.0,6250.0,2025-07-09,2025-07-09,0,6250.0,0
SYN-REP-15937,SYN-U-10786,SYN-LN-5937,10000.0,2500.0,2025-08-21,2025-08-21,0,2500.0,0
SYN-REP-15938,SYN-U-14612,SYN-LN-5938,25000.0,6250.0,2025-11-06,2025-11-06,0,6250.0,0
SYN-REP-15939,SYN-U-18940,SYN-LN-5939,5000.0,1250.0,2025-12-20,2025-12-20,0,1250.0,0
SYN-REP-15940,SYN-U-10640,SYN-LN-5940,40000.0,10000.0,2026-08-02,2026-08-02,0,10000.0,0
SYN-REP-15941,SYN-U-15317,SYN-LN-5941,15000.0,3750.0,2026-08-10,2026-08-10,0,3750.0,0
SYN-REP-15942,SYN-U-12816,SYN-LN-5942,40000.0,10000.0,2025-11-11,2025-11-11,0,10000.0,0
SYN-REP-15943,SYN-U-15385,SYN-LN-5943,10000.0,2500.0,2026-06-20,2026-06-20,0,2500.0,0
SYN-REP-15944,SYN-U-11513,SYN-LN-5944,25000.0,6250.0,2025-12-13,2025-12-17,4,6250.0,0
SYN-REP-15945,SYN-U-19954,SYN-LN-5945,25000.0,6250.0,2025-06-02,2025-06-02,0,6250.0,0
SYN-REP-15946,SYN-U-16712,SYN-LN-5946,5000.0,1250.0,2026-01-15,2026-01-15,0,1250.0,0
SYN-REP-15947,SYN-U-10748,SYN-LN-5947,15000.0,3750.0,2026-06-22,2026-06-22,0,3750.0,0
SYN-REP-15948,SYN-U-18781,SYN-LN-5948,10000.0,2500.0,2025-08-12,2025-08-12,0,2500.0,0
SYN-REP-15949,SYN-U-15685,SYN-LN-5949,15000.0,3750.0,2025-08-03,2025-08-03,0,3750.0,0
SYN-REP-15950,SYN-U-14976,SYN-LN-5950,15000.0,3750.0,2026-03-20,2026-03-20,0,3750.0,0
SYN-REP-15951,SYN-U-18344,SYN-LN-5951,5000.0,1250.0,2026-04-17,2026-04-21,4,1250.0,0
SYN-REP-15952,SYN-U-15193,SYN-LN-5952,15000.0,3750.0,2026-08-11,2026-08-11,0,3750.0,0
SYN-REP-15953,SYN-U-13144,SYN-LN-5953,40000.0,10000.0,2025-11-17,2025-11-17,0,10000.0,0
SYN-REP-15954,SYN-U-18074,SYN-LN-5954,5000.0,1250.0,2026-07-09,2026-07-09,0,1250.0,0
SYN-REP-15955,SYN-U-17959,SYN-LN-5955,15000.0,3750.0,2025-08-03,2025-08-03,0,3750.0,0
SYN-REP-15956,SYN-U-15792,SYN-LN-5956,10000.0,2500.0,2025-06-10,2025-08-03,54,2500.0,0
SYN-REP-15957,SYN-U-15523,SYN-LN-5957,5000.0,1250.0,2025-11-07,2025-11-07,0,1250.0,0
SYN-REP-15958,SYN-U-12615,SYN-LN-5958,5000.0,1250.0,2025-12-14,2025-12-14,0,1250.0,0
SYN-REP-15959,SYN-U-18985,SYN-LN-5959,10000.0,2500.0,2026-03-12,2026-03-12,0,2500.0,0
SYN-REP-15960,SYN-U-15938,SYN-LN-5960,5000.0,1250.0,2026-08-16,2026-08-16,0,1250.0,0
SYN-REP-15961,SYN-U-14171,SYN-LN-5961,5000.0,1250.0,2026-07-02,2026-07-02,0,1250.0,0
SYN-REP-15962,SYN-U-12623,SYN-LN-5962,40000.0,10000.0,2026-01-09,,73,373.09,1
SYN-REP-15963,SYN-U-12268,SYN-LN-5963,15000.0,3750.0,2026-04-21,2026-04-21,0,3750.0,0
SYN-REP-15964,SYN-U-14130,SYN-LN-5964,25000.0,6250.0,2026-07-23,2026-07-23,0,6250.0,0
SYN-REP-15965,SYN-U-17443,SYN-LN-5965,10000.0,2500.0,2025-06-26,2025-06-26,0,2500.0,0
SYN-REP-15966,SYN-U-14024,SYN-LN-5966,10000.0,2500.0,2026-05-14,2026-05-14,0,2500.0,0
SYN-REP-15967,SYN-U-15146,SYN-LN-5967,10000.0,2500.0,2025-09-27,2025-09-27,0,2500.0,0
SYN-REP-15968,SYN-U-18773,SYN-LN-5968,10000.0,2500.0,2025-10-24,2025-10-24,0,2500.0,0
SYN-REP-15969,SYN-U-11456,SYN-LN-5969,5000.0,1250.0,2026-06-11,2026-06-15,4,1250.0,0
SYN-REP-15970,SYN-U-10705,SYN-LN-5970,15000.0,3750.0,2026-08-14,2026-08-14,0,3750.0,0
SYN-REP-15971,SYN-U-17157,SYN-LN-5971,10000.0,2500.0,2026-01-20,2026-01-21,1,2500.0,0
SYN-REP-15972,SYN-U-11876,SYN-LN-5972,40000.0,10000.0,2026-05-14,2026-05-14,0,10000.0,0
SYN-REP-15973,SYN-U-18633,SYN-LN-5973,40000.0,10000.0,2025-10-09,2025-10-09,0,10000.0,0
SYN-REP-15974,SYN-U-18924,SYN-LN-5974,25000.0,6250.0,2025-12-15,2025-12-17,2,6250.0,0
SYN-REP-15975,SYN-U-15340,SYN-LN-5975,15000.0,3750.0,2026-06-20,2026-06-20,0,3750.0,0
SYN-REP-15976,SYN-U-13390,SYN-LN-5976,15000.0,3750.0,2026-07-31,2026-07-31,0,3750.0,0
SYN-REP-15977,SYN-U-14958,SYN-LN-5977,25000.0,6250.0,2026-08-11,2026-08-11,0,6250.0,0
SYN-REP-15978,SYN-U-16446,SYN-LN-5978,10000.0,2500.0,2026-07-04,2026-07-04,0,2500.0,0
SYN-REP-15979,SYN-U-14661,SYN-LN-5979,15000.0,3750.0,2026-07-07,2026-07-10,3,3750.0,0
SYN-REP-15980,SYN-U-17003,SYN-LN-5980,10000.0,2500.0,2025-07-24,2025-07-27,3,2500.0,0
SYN-REP-15981,SYN-U-19622,SYN-LN-5981,15000.0,3750.0,2026-02-27,2026-02-27,0,3750.0,0
SYN-REP-15982,SYN-U-17907,SYN-LN-5982,10000.0,2500.0,2026-05-06,2026-05-06,0,2500.0,0
SYN-REP-15983,SYN-U-12596,SYN-LN-5983,40000.0,10000.0,2025-06-19,2025-06-23,4,10000.0,0
SYN-REP-15984,SYN-U-17075,SYN-LN-5984,5000.0,1250.0,2026-03-07,2026-03-07,0,1250.0,0
SYN-REP-15985,SYN-U-10617,SYN-LN-5985,25000.0,6250.0,2025-08-19,2025-08-19,0,6250.0,0
SYN-REP-15986,SYN-U-17361,SYN-LN-5986,10000.0,2500.0,2025-06-07,2025-06-07,0,2500.0,0
SYN-REP-15987,SYN-U-15026,SYN-LN-5987,15000.0,3750.0,2025-07-17,2025-07-17,0,3750.0,0
SYN-REP-15988,SYN-U-10686,SYN-LN-5988,25000.0,6250.0,2025-08-21,2025-08-21,0,6250.0,0
SYN-REP-15989,SYN-U-11638,SYN-LN-5989,5000.0,1250.0,2026-08-20,2026-08-23,3,1250.0,0
SYN-REP-15990,SYN-U-14518,SYN-LN-5990,5000.0,1250.0,2025-07-03,2025-07-03,0,1250.0,0
SYN-REP-15991,SYN-U-10262,SYN-LN-5991,10000.0,2500.0,2026-02-05,2026-02-05,0,2500.0,0
SYN-REP-15992,SYN-U-15290,SYN-LN-5992,40000.0,10000.0,2025-07-03,2025-07-03,0,10000.0,0
SYN-REP-15993,SYN-U-14077,SYN-LN-5993,40000.0,10000.0,2026-04-29,2026-04-29,0,10000.0,0
SYN-REP-15994,SYN-U-15662,SYN-LN-5994,5000.0,1250.0,2026-05-30,2026-05-30,0,1250.0,0
SYN-REP-15995,SYN-U-10948,SYN-LN-5995,15000.0,3750.0,2025-11-04,2025-11-04,0,3750.0,0
SYN-REP-15996,SYN-U-16277,SYN-LN-5996,40000.0,10000.0,2026-07-06,2026-07-06,0,10000.0,0
SYN-REP-15997,SYN-U-17113,SYN-LN-5997,5000.0,1250.0,2025-12-30,2026-01-02,3,1250.0,0
SYN-REP-15998,SYN-U-10718,SYN-LN-5998,40000.0,10000.0,2026-02-03,2026-02-03,0,10000.0,0
SYN-REP-15999,SYN-U-18199,SYN-LN-5999,25000.0,6250.0,2025-10-28,2025-10-28,0,6250.0,0
SYN-REP-16000,SYN-U-16587,SYN-LN-6000,40000.0,10000.0,2026-05-15,2026-05-15,0,10000.0,0
SYN-REP-16001,SYN-U-18459,SYN-LN-6001,10000.0,2500.0,2026-01-06,2026-01-07,1,2500.0,0
SYN-REP-16002,SYN-U-17330,SYN-LN-6002,10000.0,2500.0,2026-02-15,2026-02-15,0,2500.0,0
SYN-REP-16003,SYN-U-15820,SYN-LN-6003,15000.0,3750.0,2025-06-18,2025-06-18,0,3750.0,0
SYN-REP-16004,SYN-U-19061,SYN-LN-6004,5000.0,1250.0,2026-08-21,2026-08-21,0,1250.0,0
SYN-REP-16005,SYN-U-13309,SYN-LN-6005,40000.0,10000.0,2025-08-12,2025-08-12,0,10000.0,0
SYN-REP-16006,SYN-U-18953,SYN-LN-6006,10000.0,2500.0,2026-04-19,2026-04-19,0,2500.0,0
SYN-REP-16007,SYN-U-18568,SYN-LN-6007,25000.0,6250.0,2025-08-13,2025-08-13,0,6250.0,0
SYN-REP-16008,SYN-U-18729,SYN-LN-6008,15000.0,3750.0,2026-06-08,2026-06-08,0,3750.0,0
SYN-REP-16009,SYN-U-12240,SYN-LN-6009,25000.0,6250.0,2025-10-17,2025-10-17,0,6250.0,0
SYN-REP-16010,SYN-U-11289,SYN-LN-6010,25000.0,6250.0,2026-01-22,2026-01-22,0,6250.0,0
SYN-REP-16011,SYN-U-12824,SYN-LN-6011,15000.0,3750.0,2026-07-02,2026-07-02,0,3750.0,0
SYN-REP-16012,SYN-U-11498,SYN-LN-6012,40000.0,10000.0,2025-11-22,2025-11-22,0,10000.0,0
SYN-REP-16013,SYN-U-13280,SYN-LN-6013,40000.0,10000.0,2026-06-07,2026-06-07,0,10000.0,0
SYN-REP-16014,SYN-U-18934,SYN-LN-6014,15000.0,3750.0,2026-08-14,2026-08-14,0,3750.0,0
SYN-REP-16015,SYN-U-12335,SYN-LN-6015,40000.0,10000.0,2026-05-27,2026-05-27,0,10000.0,0
SYN-REP-16016,SYN-U-16174,SYN-LN-6016,10000.0,2500.0,2025-12-16,2025-12-16,0,2500.0,0
SYN-REP-16017,SYN-U-13783,SYN-LN-6017,40000.0,10000.0,2026-04-01,2026-04-02,1,10000.0,0
SYN-REP-16018,SYN-U-17614,SYN-LN-6018,5000.0,1250.0,2026-02-21,2026-02-21,0,1250.0,0
SYN-REP-16019,SYN-U-19454,SYN-LN-6019,25000.0,6250.0,2025-11-15,2025-11-15,0,6250.0,0
SYN-REP-16020,SYN-U-11045,SYN-LN-6020,15000.0,3750.0,2025-11-24,2025-11-24,0,3750.0,0
SYN-REP-16021,SYN-U-12688,SYN-LN-6021,25000.0,6250.0,2026-01-15,2026-01-19,4,6250.0,0
SYN-REP-16022,SYN-U-17110,SYN-LN-6022,10000.0,2500.0,2026-05-16,2026-05-16,0,2500.0,0
SYN-REP-16023,SYN-U-18846,SYN-LN-6023,40000.0,10000.0,2026-03-02,2026-03-02,0,10000.0,0
SYN-REP-16024,SYN-U-17455,SYN-LN-6024,25000.0,6250.0,2025-08-27,2025-08-27,0,6250.0,0
SYN-REP-16025,SYN-U-17695,SYN-LN-6025,10000.0,2500.0,2025-11-25,2025-11-25,0,2500.0,0
SYN-REP-16026,SYN-U-15260,SYN-LN-6026,10000.0,2500.0,2025-11-19,2025-11-19,0,2500.0,0
SYN-REP-16027,SYN-U-10711,SYN-LN-6027,40000.0,10000.0,2026-01-23,2026-03-06,42,10000.0,0
SYN-REP-16028,SYN-U-15593,SYN-LN-6028,40000.0,10000.0,2025-08-25,2025-08-25,0,10000.0,0
SYN-REP-16029,SYN-U-16531,SYN-LN-6029,25000.0,6250.0,2025-06-13,2025-06-13,0,6250.0,0
SYN-REP-16030,SYN-U-16077,SYN-LN-6030,40000.0,10000.0,2025-11-02,2025-11-02,0,10000.0,0
SYN-REP-16031,SYN-U-10194,SYN-LN-6031,5000.0,1250.0,2025-10-23,2025-10-23,0,1250.0,0
SYN-REP-16032,SYN-U-10328,SYN-LN-6032,40000.0,10000.0,2026-06-25,2026-06-25,0,10000.0,0
SYN-REP-16033,SYN-U-17300,SYN-LN-6033,5000.0,1250.0,2026-01-01,2026-01-01,0,1250.0,0
SYN-REP-16034,SYN-U-18059,SYN-LN-6034,25000.0,6250.0,2026-06-19,2026-06-19,0,6250.0,0
SYN-REP-16035,SYN-U-17887,SYN-LN-6035,5000.0,1250.0,2026-05-05,2026-05-05,0,1250.0,0
SYN-REP-16036,SYN-U-18808,SYN-LN-6036,15000.0,3750.0,2026-01-22,2026-01-22,0,3750.0,0
SYN-REP-16037,SYN-U-15337,SYN-LN-6037,10000.0,2500.0,2026-05-23,2026-05-23,0,2500.0,0
SYN-REP-16038,SYN-U-14747,SYN-LN-6038,25000.0,6250.0,2025-11-09,2025-11-09,0,6250.0,0
SYN-REP-16039,SYN-U-15118,SYN-LN-6039,25000.0,6250.0,2025-12-26,2025-12-26,0,6250.0,0
SYN-REP-16040,SYN-U-11904,SYN-LN-6040,5000.0,1250.0,2025-11-16,2025-11-16,0,1250.0,0
SYN-REP-16041,SYN-U-16007,SYN-LN-6041,15000.0,3750.0,2026-03-25,2026-03-25,0,3750.0,0
SYN-REP-16042,SYN-U-12157,SYN-LN-6042,25000.0,6250.0,2025-11-25,2025-11-26,1,6250.0,0
SYN-REP-16043,SYN-U-17353,SYN-LN-6043,10000.0,2500.0,2026-01-28,2026-01-28,0,2500.0,0
SYN-REP-16044,SYN-U-18702,SYN-LN-6044,40000.0,10000.0,2025-11-17,2025-11-17,0,10000.0,0
SYN-REP-16045,SYN-U-17144,SYN-LN-6045,15000.0,3750.0,2026-03-04,2026-03-05,1,3750.0,0
SYN-REP-16046,SYN-U-13380,SYN-LN-6046,5000.0,1250.0,2026-01-28,2026-01-28,0,1250.0,0
SYN-REP-16047,SYN-U-14479,SYN-LN-6047,15000.0,3750.0,2026-08-04,2026-08-07,3,3750.0,0
SYN-REP-16048,SYN-U-15607,SYN-LN-6048,5000.0,1250.0,2026-01-21,2026-01-21,0,1250.0,0
SYN-REP-16049,SYN-U-12642,SYN-LN-6049,40000.0,10000.0,2026-01-15,2026-01-15,0,10000.0,0
SYN-REP-16050,SYN-U-17971,SYN-LN-6050,40000.0,10000.0,2025-10-13,2025-10-14,1,10000.0,0
SYN-REP-16051,SYN-U-13724,SYN-LN-6051,25000.0,6250.0,2026-04-13,2026-04-13,0,6250.0,0
SYN-REP-16052,SYN-U-16214,SYN-LN-6052,15000.0,3750.0,2026-02-18,2026-02-18,0,3750.0,0
SYN-REP-16053,SYN-U-14748,SYN-LN-6053,25000.0,6250.0,2025-10-31,2025-10-31,0,6250.0,0
SYN-REP-16054,SYN-U-17112,SYN-LN-6054,10000.0,2500.0,2025-08-22,2025-08-23,1,2500.0,0
SYN-REP-16055,SYN-U-17147,SYN-LN-6055,40000.0,10000.0,2026-08-05,2026-08-07,2,10000.0,0
SYN-REP-16056,SYN-U-17603,SYN-LN-6056,25000.0,6250.0,2026-02-11,2026-02-11,0,6250.0,0
SYN-REP-16057,SYN-U-18288,SYN-LN-6057,10000.0,2500.0,2026-06-19,2026-06-20,1,2500.0,0
SYN-REP-16058,SYN-U-16131,SYN-LN-6058,40000.0,10000.0,2026-02-19,2026-02-19,0,10000.0,0
SYN-REP-16059,SYN-U-10709,SYN-LN-6059,25000.0,6250.0,2026-07-01,2026-08-05,35,6250.0,0
SYN-REP-16060,SYN-U-15888,SYN-LN-6060,5000.0,1250.0,2025-06-26,2025-06-26,0,1250.0,0
SYN-REP-16061,SYN-U-15989,SYN-LN-6061,5000.0,1250.0,2025-10-18,2025-10-18,0,1250.0,0
SYN-REP-16062,SYN-U-17305,SYN-LN-6062,10000.0,2500.0,2026-02-13,2026-02-13,0,2500.0,0
SYN-REP-16063,SYN-U-12594,SYN-LN-6063,40000.0,10000.0,2026-08-24,2026-08-24,0,10000.0,0
SYN-REP-16064,SYN-U-16757,SYN-LN-6064,15000.0,3750.0,2026-08-13,2026-08-17,4,3750.0,0
SYN-REP-16065,SYN-U-19862,SYN-LN-6065,25000.0,6250.0,2025-12-15,2025-12-15,0,6250.0,0
SYN-REP-16066,SYN-U-12952,SYN-LN-6066,40000.0,10000.0,2025-10-17,2025-10-20,3,10000.0,0
SYN-REP-16067,SYN-U-13803,SYN-LN-6067,40000.0,10000.0,2025-06-04,2025-06-04,0,10000.0,0
SYN-REP-16068,SYN-U-13077,SYN-LN-6068,15000.0,3750.0,2026-03-04,2026-03-04,0,3750.0,0
SYN-REP-16069,SYN-U-13098,SYN-LN-6069,10000.0,2500.0,2026-02-09,2026-02-09,0,2500.0,0
SYN-REP-16070,SYN-U-11186,SYN-LN-6070,40000.0,10000.0,2025-08-27,2025-08-27,0,10000.0,0
SYN-REP-16071,SYN-U-17483,SYN-LN-6071,25000.0,6250.0,2026-05-29,2026-05-29,0,6250.0,0
SYN-REP-16072,SYN-U-17584,SYN-LN-6072,40000.0,10000.0,2025-08-31,2025-08-31,0,10000.0,0
SYN-REP-16073,SYN-U-10938,SYN-LN-6073,40000.0,10000.0,2026-07-09,2026-07-09,0,10000.0,0
SYN-REP-16074,SYN-U-18648,SYN-LN-6074,40000.0,10000.0,2025-08-28,2025-08-28,0,10000.0,0
SYN-REP-16075,SYN-U-15404,SYN-LN-6075,10000.0,2500.0,2026-01-04,2026-01-04,0,2500.0,0
SYN-REP-16076,SYN-U-19287,SYN-LN-6076,25000.0,6250.0,2026-07-07,2026-07-07,0,6250.0,0
SYN-REP-16077,SYN-U-19580,SYN-LN-6077,25000.0,6250.0,2025-09-15,2025-09-15,0,6250.0,0
SYN-REP-16078,SYN-U-14596,SYN-LN-6078,5000.0,1250.0,2026-08-03,2026-08-03,0,1250.0,0
SYN-REP-16079,SYN-U-13480,SYN-LN-6079,5000.0,1250.0,2026-04-20,2026-04-20,0,1250.0,0
SYN-REP-16080,SYN-U-16187,SYN-LN-6080,15000.0,3750.0,2025-08-01,2025-08-01,0,3750.0,0
SYN-REP-16081,SYN-U-10073,SYN-LN-6081,10000.0,2500.0,2026-02-05,2026-02-05,0,2500.0,0
SYN-REP-16082,SYN-U-19017,SYN-LN-6082,15000.0,3750.0,2026-02-04,2026-02-07,3,3750.0,0
SYN-REP-16083,SYN-U-16591,SYN-LN-6083,5000.0,1250.0,2025-09-26,2025-09-26,0,1250.0,0
SYN-REP-16084,SYN-U-11518,SYN-LN-6084,15000.0,3750.0,2025-11-27,2025-11-27,0,3750.0,0
SYN-REP-16085,SYN-U-18693,SYN-LN-6085,40000.0,10000.0,2026-07-22,2026-07-22,0,10000.0,0
SYN-REP-16086,SYN-U-15642,SYN-LN-6086,15000.0,3750.0,2025-07-25,2025-07-25,0,3750.0,0
SYN-REP-16087,SYN-U-15390,SYN-LN-6087,25000.0,6250.0,2026-06-01,2026-06-01,0,6250.0,0
SYN-REP-16088,SYN-U-11268,SYN-LN-6088,10000.0,2500.0,2026-03-16,2026-03-16,0,2500.0,0
SYN-REP-16089,SYN-U-16436,SYN-LN-6089,40000.0,10000.0,2026-01-17,2026-01-17,0,10000.0,0
SYN-REP-16090,SYN-U-16999,SYN-LN-6090,15000.0,3750.0,2025-11-23,2025-11-23,0,3750.0,0
SYN-REP-16091,SYN-U-19637,SYN-LN-6091,10000.0,2500.0,2026-08-19,2026-08-19,0,2500.0,0
SYN-REP-16092,SYN-U-16503,SYN-LN-6092,15000.0,3750.0,2026-04-11,2026-04-11,0,3750.0,0
SYN-REP-16093,SYN-U-19690,SYN-LN-6093,40000.0,10000.0,2026-08-20,2026-08-20,0,10000.0,0
SYN-REP-16094,SYN-U-14026,SYN-LN-6094,25000.0,6250.0,2026-05-27,2026-05-29,2,6250.0,0
SYN-REP-16095,SYN-U-19431,SYN-LN-6095,10000.0,2500.0,2025-10-16,2025-10-16,0,2500.0,0
SYN-REP-16096,SYN-U-18605,SYN-LN-6096,15000.0,3750.0,2026-01-19,2026-01-19,0,3750.0,0
SYN-REP-16097,SYN-U-10428,SYN-LN-6097,40000.0,10000.0,2026-08-24,2026-08-24,0,10000.0,0
SYN-REP-16098,SYN-U-17882,SYN-LN-6098,25000.0,6250.0,2026-04-03,2026-04-03,0,6250.0,0
SYN-REP-16099,SYN-U-13994,SYN-LN-6099,15000.0,3750.0,2025-08-18,2025-08-18,0,3750.0,0
SYN-REP-16100,SYN-U-16880,SYN-LN-6100,10000.0,2500.0,2025-11-27,2025-11-27,0,2500.0,0
SYN-REP-16101,SYN-U-16680,SYN-LN-6101,15000.0,3750.0,2025-09-11,2025-09-11,0,3750.0,0
SYN-REP-16102,SYN-U-19668,SYN-LN-6102,5000.0,1250.0,2026-07-31,2026-07-31,0,1250.0,0
SYN-REP-16103,SYN-U-16196,SYN-LN-6103,25000.0,6250.0,2025-11-05,2025-11-05,0,6250.0,0
SYN-REP-16104,SYN-U-16402,SYN-LN-6104,15000.0,3750.0,2025-07-12,2025-07-12,0,3750.0,0
SYN-REP-16105,SYN-U-15343,SYN-LN-6105,40000.0,10000.0,2026-02-12,2026-02-12,0,10000.0,0
SYN-REP-16106,SYN-U-16169,SYN-LN-6106,40000.0,10000.0,2026-03-12,2026-03-12,0,10000.0,0
SYN-REP-16107,SYN-U-18181,SYN-LN-6107,10000.0,2500.0,2025-11-16,2025-11-19,3,2500.0,0
SYN-REP-16108,SYN-U-15346,SYN-LN-6108,5000.0,1250.0,2026-04-10,2026-04-10,0,1250.0,0
SYN-REP-16109,SYN-U-19681,SYN-LN-6109,10000.0,2500.0,2026-02-07,2026-02-07,0,2500.0,0
SYN-REP-16110,SYN-U-10778,SYN-LN-6110,15000.0,3750.0,2026-05-13,2026-05-13,0,3750.0,0
SYN-REP-16111,SYN-U-11833,SYN-LN-6111,40000.0,10000.0,2026-08-02,2026-09-14,43,10000.0,0
SYN-REP-16112,SYN-U-15638,SYN-LN-6112,10000.0,2500.0,2025-09-13,2025-09-13,0,2500.0,0
SYN-REP-16113,SYN-U-15131,SYN-LN-6113,5000.0,1250.0,2025-06-26,2025-06-26,0,1250.0,0
SYN-REP-16114,SYN-U-18258,SYN-LN-6114,5000.0,1250.0,2026-05-27,2026-05-27,0,1250.0,0
SYN-REP-16115,SYN-U-19372,SYN-LN-6115,25000.0,6250.0,2026-03-26,2026-03-26,0,6250.0,0
SYN-REP-16116,SYN-U-15680,SYN-LN-6116,10000.0,2500.0,2025-07-23,2025-07-23,0,2500.0,0
SYN-REP-16117,SYN-U-14291,SYN-LN-6117,40000.0,10000.0,2026-08-09,2026-08-09,0,10000.0,0
SYN-REP-16118,SYN-U-10033,SYN-LN-6118,5000.0,1250.0,2026-03-08,2026-03-08,0,1250.0,0
SYN-REP-16119,SYN-U-11433,SYN-LN-6119,25000.0,6250.0,2026-07-02,2026-07-02,0,6250.0,0
SYN-REP-16120,SYN-U-15963,SYN-LN-6120,25000.0,6250.0,2025-08-05,2025-08-05,0,6250.0,0
SYN-REP-16121,SYN-U-15277,SYN-LN-6121,25000.0,6250.0,2025-09-25,2025-09-25,0,6250.0,0
SYN-REP-16122,SYN-U-13565,SYN-LN-6122,5000.0,1250.0,2025-10-19,2025-10-23,4,1250.0,0
SYN-REP-16123,SYN-U-12213,SYN-LN-6123,40000.0,10000.0,2025-06-24,2025-06-24,0,10000.0,0
SYN-REP-16124,SYN-U-16136,SYN-LN-6124,15000.0,3750.0,2026-02-27,2026-02-27,0,3750.0,0
SYN-REP-16125,SYN-U-13417,SYN-LN-6125,15000.0,3750.0,2026-07-31,2026-07-31,0,3750.0,0
SYN-REP-16126,SYN-U-18697,SYN-LN-6126,25000.0,6250.0,2026-06-18,2026-06-18,0,6250.0,0
SYN-REP-16127,SYN-U-11274,SYN-LN-6127,10000.0,2500.0,2025-10-20,2025-10-21,1,2500.0,0
SYN-REP-16128,SYN-U-14168,SYN-LN-6128,25000.0,6250.0,2026-03-02,2026-03-02,0,6250.0,0
SYN-REP-16129,SYN-U-14377,SYN-LN-6129,40000.0,10000.0,2026-02-16,2026-02-16,0,10000.0,0
SYN-REP-16130,SYN-U-14533,SYN-LN-6130,15000.0,3750.0,2026-01-07,2026-01-07,0,3750.0,0
SYN-REP-16131,SYN-U-17663,SYN-LN-6131,10000.0,2500.0,2025-09-13,2025-09-13,0,2500.0,0
SYN-REP-16132,SYN-U-16412,SYN-LN-6132,5000.0,1250.0,2025-09-27,2025-09-27,0,1250.0,0
SYN-REP-16133,SYN-U-13227,SYN-LN-6133,25000.0,6250.0,2026-01-06,2026-01-06,0,6250.0,0
SYN-REP-16134,SYN-U-18276,SYN-LN-6134,5000.0,1250.0,2026-08-17,2026-08-17,0,1250.0,0
SYN-REP-16135,SYN-U-11995,SYN-LN-6135,10000.0,2500.0,2026-07-11,2026-07-11,0,2500.0,0
SYN-REP-16136,SYN-U-15254,SYN-LN-6136,10000.0,2500.0,2026-03-08,2026-03-08,0,2500.0,0
SYN-REP-16137,SYN-U-11915,SYN-LN-6137,5000.0,1250.0,2026-05-05,2026-05-05,0,1250.0,0
SYN-REP-16138,SYN-U-15650,SYN-LN-6138,40000.0,10000.0,2026-02-12,2026-02-12,0,10000.0,0
SYN-REP-16139,SYN-U-13270,SYN-LN-6139,25000.0,6250.0,2026-06-16,2026-06-16,0,6250.0,0
SYN-REP-16140,SYN-U-12795,SYN-LN-6140,10000.0,2500.0,2026-05-08,2026-05-08,0,2500.0,0
SYN-REP-16141,SYN-U-13261,SYN-LN-6141,5000.0,1250.0,2025-07-22,2025-07-22,0,1250.0,0
SYN-REP-16142,SYN-U-12430,SYN-LN-6142,40000.0,10000.0,2026-03-22,2026-03-22,0,10000.0,0
SYN-REP-16143,SYN-U-11613,SYN-LN-6143,15000.0,3750.0,2026-02-17,2026-02-17,0,3750.0,0
SYN-REP-16144,SYN-U-15576,SYN-LN-6144,5000.0,1250.0,2026-03-07,2026-03-07,0,1250.0,0
SYN-REP-16145,SYN-U-17045,SYN-LN-6145,25000.0,6250.0,2026-06-01,2026-06-01,0,6250.0,0
SYN-REP-16146,SYN-U-13525,SYN-LN-6146,40000.0,10000.0,2026-02-15,2026-02-19,4,10000.0,0
SYN-REP-16147,SYN-U-15845,SYN-LN-6147,25000.0,6250.0,2026-05-08,2026-05-08,0,6250.0,0
SYN-REP-16148,SYN-U-13560,SYN-LN-6148,15000.0,3750.0,2025-12-06,2025-12-07,1,3750.0,0
SYN-REP-16149,SYN-U-16845,SYN-LN-6149,5000.0,1250.0,2026-03-14,2026-03-14,0,1250.0,0
SYN-REP-16150,SYN-U-13363,SYN-LN-6150,10000.0,2500.0,2026-06-10,2026-06-10,0,2500.0,0
SYN-REP-16151,SYN-U-13491,SYN-LN-6151,10000.0,2500.0,2025-12-19,2025-12-19,0,2500.0,0
SYN-REP-16152,SYN-U-10526,SYN-LN-6152,15000.0,3750.0,2026-07-16,2026-07-16,0,3750.0,0
SYN-REP-16153,SYN-U-16525,SYN-LN-6153,10000.0,2500.0,2025-08-01,2025-08-01,0,2500.0,0
SYN-REP-16154,SYN-U-13494,SYN-LN-6154,5000.0,1250.0,2025-09-20,2025-09-20,0,1250.0,0
SYN-REP-16155,SYN-U-11819,SYN-LN-6155,15000.0,3750.0,2025-10-21,2025-10-23,2,3750.0,0
SYN-REP-16156,SYN-U-12118,SYN-LN-6156,5000.0,1250.0,2026-07-03,2026-07-03,0,1250.0,0
SYN-REP-16157,SYN-U-12403,SYN-LN-6157,10000.0,2500.0,2025-06-07,2025-06-07,0,2500.0,0
SYN-REP-16158,SYN-U-10387,SYN-LN-6158,15000.0,3750.0,2025-11-30,2025-11-30,0,3750.0,0
SYN-REP-16159,SYN-U-12457,SYN-LN-6159,5000.0,1250.0,2026-08-10,2026-08-10,0,1250.0,0
SYN-REP-16160,SYN-U-18880,SYN-LN-6160,10000.0,2500.0,2026-01-16,2026-01-16,0,2500.0,0
SYN-REP-16161,SYN-U-17050,SYN-LN-6161,25000.0,6250.0,2025-07-02,2025-07-02,0,6250.0,0
SYN-REP-16162,SYN-U-18297,SYN-LN-6162,15000.0,3750.0,2026-06-12,2026-06-12,0,3750.0,0
SYN-REP-16163,SYN-U-16965,SYN-LN-6163,25000.0,6250.0,2025-07-26,2025-07-26,0,6250.0,0
SYN-REP-16164,SYN-U-17418,SYN-LN-6164,40000.0,10000.0,2026-02-08,2026-02-09,1,10000.0,0
SYN-REP-16165,SYN-U-16025,SYN-LN-6165,40000.0,10000.0,2025-08-15,2025-08-15,0,10000.0,0
SYN-REP-16166,SYN-U-13701,SYN-LN-6166,10000.0,2500.0,2025-06-08,2025-06-08,0,2500.0,0
SYN-REP-16167,SYN-U-13323,SYN-LN-6167,40000.0,10000.0,2026-05-23,2026-05-24,1,10000.0,0
SYN-REP-16168,SYN-U-18054,SYN-LN-6168,40000.0,10000.0,2025-12-29,2025-12-29,0,10000.0,0
SYN-REP-16169,SYN-U-10870,SYN-LN-6169,40000.0,10000.0,2025-09-28,2025-09-28,0,10000.0,0
SYN-REP-16170,SYN-U-11502,SYN-LN-6170,10000.0,2500.0,2025-08-18,2025-08-18,0,2500.0,0
SYN-REP-16171,SYN-U-15703,SYN-LN-6171,25000.0,6250.0,2025-07-26,2025-07-26,0,6250.0,0
SYN-REP-16172,SYN-U-18730,SYN-LN-6172,5000.0,1250.0,2025-10-06,2025-10-06,0,1250.0,0
SYN-REP-16173,SYN-U-11311,SYN-LN-6173,5000.0,1250.0,2026-01-25,2026-02-23,29,1250.0,0
SYN-REP-16174,SYN-U-17484,SYN-LN-6174,25000.0,6250.0,2025-09-30,2025-09-30,0,6250.0,0
SYN-REP-16175,SYN-U-11494,SYN-LN-6175,15000.0,3750.0,2026-08-20,2026-08-20,0,3750.0,0
SYN-REP-16176,SYN-U-17125,SYN-LN-6176,10000.0,2500.0,2026-07-16,2026-07-16,0,2500.0,0
SYN-REP-16177,SYN-U-18976,SYN-LN-6177,25000.0,6250.0,2026-05-24,2026-05-24,0,6250.0,0
SYN-REP-16178,SYN-U-19358,SYN-LN-6178,15000.0,3750.0,2026-07-22,2026-07-22,0,3750.0,0
SYN-REP-16179,SYN-U-17909,SYN-LN-6179,40000.0,10000.0,2026-04-25,2026-04-25,0,10000.0,0
SYN-REP-16180,SYN-U-15595,SYN-LN-6180,25000.0,6250.0,2026-06-02,2026-06-02,0,6250.0,0
SYN-REP-16181,SYN-U-17521,SYN-LN-6181,15000.0,3750.0,2026-01-14,2026-01-14,0,3750.0,0
SYN-REP-16182,SYN-U-18976,SYN-LN-6182,10000.0,2500.0,2025-12-30,2025-12-30,0,2500.0,0
SYN-REP-16183,SYN-U-18706,SYN-LN-6183,10000.0,2500.0,2026-04-14,2026-04-14,0,2500.0,0
SYN-REP-16184,SYN-U-17767,SYN-LN-6184,15000.0,3750.0,2026-04-01,2026-04-01,0,3750.0,0
SYN-REP-16185,SYN-U-13031,SYN-LN-6185,25000.0,6250.0,2025-09-02,2025-09-02,0,6250.0,0
SYN-REP-16186,SYN-U-16819,SYN-LN-6186,10000.0,2500.0,2025-10-16,2025-12-04,49,2500.0,0
SYN-REP-16187,SYN-U-11435,SYN-LN-6187,15000.0,3750.0,2026-08-20,2026-08-20,0,3750.0,0
SYN-REP-16188,SYN-U-19657,SYN-LN-6188,10000.0,2500.0,2025-06-08,2025-06-08,0,2500.0,0
SYN-REP-16189,SYN-U-18144,SYN-LN-6189,40000.0,10000.0,2025-12-10,,71,2866.41,1
SYN-REP-16190,SYN-U-18169,SYN-LN-6190,15000.0,3750.0,2025-08-14,2025-08-14,0,3750.0,0
SYN-REP-16191,SYN-U-19918,SYN-LN-6191,40000.0,10000.0,2026-03-08,2026-03-10,2,10000.0,0
SYN-REP-16192,SYN-U-14492,SYN-LN-6192,40000.0,10000.0,2026-08-07,2026-08-07,0,10000.0,0
SYN-REP-16193,SYN-U-10034,SYN-LN-6193,15000.0,3750.0,2025-10-07,2025-10-07,0,3750.0,0
SYN-REP-16194,SYN-U-19076,SYN-LN-6194,10000.0,2500.0,2026-03-09,2026-03-13,4,2500.0,0
SYN-REP-16195,SYN-U-15333,SYN-LN-6195,10000.0,2500.0,2026-03-07,2026-03-07,0,2500.0,0
SYN-REP-16196,SYN-U-14134,SYN-LN-6196,5000.0,1250.0,2025-06-02,2025-06-02,0,1250.0,0
SYN-REP-16197,SYN-U-15476,SYN-LN-6197,40000.0,10000.0,2026-06-25,2026-06-25,0,10000.0,0
SYN-REP-16198,SYN-U-11787,SYN-LN-6198,15000.0,3750.0,2026-03-01,2026-03-01,0,3750.0,0
SYN-REP-16199,SYN-U-14990,SYN-LN-6199,40000.0,10000.0,2026-07-28,2026-07-28,0,10000.0,0
SYN-REP-16200,SYN-U-19624,SYN-LN-6200,15000.0,3750.0,2026-04-25,2026-04-25,0,3750.0,0
SYN-REP-16201,SYN-U-18055,SYN-LN-6201,10000.0,2500.0,2026-04-29,2026-04-29,0,2500.0,0
SYN-REP-16202,SYN-U-10081,SYN-LN-6202,15000.0,3750.0,2026-07-30,2026-07-30,0,3750.0,0
SYN-REP-16203,SYN-U-18541,SYN-LN-6203,15000.0,3750.0,2026-03-23,2026-03-23,0,3750.0,0
SYN-REP-16204,SYN-U-18841,SYN-LN-6204,25000.0,6250.0,2026-04-26,2026-04-26,0,6250.0,0
SYN-REP-16205,SYN-U-16168,SYN-LN-6205,5000.0,1250.0,2026-03-27,2026-03-27,0,1250.0,0
SYN-REP-16206,SYN-U-11397,SYN-LN-6206,5000.0,1250.0,2025-10-07,2025-10-07,0,1250.0,0
SYN-REP-16207,SYN-U-13912,SYN-LN-6207,40000.0,10000.0,2025-07-30,2025-07-30,0,10000.0,0
SYN-REP-16208,SYN-U-15204,SYN-LN-6208,25000.0,6250.0,2025-09-27,2025-09-27,0,6250.0,0
SYN-REP-16209,SYN-U-14308,SYN-LN-6209,25000.0,6250.0,2026-03-07,2026-03-07,0,6250.0,0
SYN-REP-16210,SYN-U-15534,SYN-LN-6210,10000.0,2500.0,2025-06-22,2025-06-25,3,2500.0,0
SYN-REP-16211,SYN-U-15571,SYN-LN-6211,25000.0,6250.0,2026-08-14,2026-08-14,0,6250.0,0
SYN-REP-16212,SYN-U-16182,SYN-LN-6212,10000.0,2500.0,2026-07-06,2026-07-06,0,2500.0,0
SYN-REP-16213,SYN-U-18172,SYN-LN-6213,5000.0,1250.0,2025-09-11,2025-09-11,0,1250.0,0
SYN-REP-16214,SYN-U-10895,SYN-LN-6214,25000.0,6250.0,2025-06-18,2025-06-18,0,6250.0,0
SYN-REP-16215,SYN-U-11775,SYN-LN-6215,25000.0,6250.0,2026-05-05,,73,352.8,1
SYN-REP-16216,SYN-U-10787,SYN-LN-6216,10000.0,2500.0,2026-07-22,2026-07-22,0,2500.0,0
SYN-REP-16217,SYN-U-15991,SYN-LN-6217,15000.0,3750.0,2025-07-27,2025-07-27,0,3750.0,0
SYN-REP-16218,SYN-U-16755,SYN-LN-6218,10000.0,2500.0,2026-04-29,2026-04-29,0,2500.0,0
SYN-REP-16219,SYN-U-16981,SYN-LN-6219,10000.0,2500.0,2026-05-03,2026-05-03,0,2500.0,0
SYN-REP-16220,SYN-U-18073,SYN-LN-6220,15000.0,3750.0,2026-04-19,2026-04-19,0,3750.0,0
SYN-REP-16221,SYN-U-19354,SYN-LN-6221,15000.0,3750.0,2025-12-17,2025-12-17,0,3750.0,0
SYN-REP-16222,SYN-U-14985,SYN-LN-6222,5000.0,1250.0,2026-01-23,2026-01-23,0,1250.0,0
SYN-REP-16223,SYN-U-14426,SYN-LN-6223,25000.0,6250.0,2026-01-16,2026-01-16,0,6250.0,0
SYN-REP-16224,SYN-U-19183,SYN-LN-6224,25000.0,6250.0,2025-11-17,2025-11-17,0,6250.0,0
SYN-REP-16225,SYN-U-19370,SYN-LN-6225,15000.0,3750.0,2026-03-01,2026-03-01,0,3750.0,0
SYN-REP-16226,SYN-U-12991,SYN-LN-6226,25000.0,6250.0,2025-12-01,2025-12-01,0,6250.0,0
SYN-REP-16227,SYN-U-15663,SYN-LN-6227,40000.0,10000.0,2026-05-06,2026-05-06,0,10000.0,0
SYN-REP-16228,SYN-U-12351,SYN-LN-6228,15000.0,3750.0,2026-03-24,2026-03-24,0,3750.0,0
SYN-REP-16229,SYN-U-16797,SYN-LN-6229,25000.0,6250.0,2026-04-04,2026-04-04,0,6250.0,0
SYN-REP-16230,SYN-U-12462,SYN-LN-6230,25000.0,6250.0,2025-06-22,2025-06-22,0,6250.0,0
SYN-REP-16231,SYN-U-13359,SYN-LN-6231,15000.0,3750.0,2026-05-26,2026-05-26,0,3750.0,0
SYN-REP-16232,SYN-U-19816,SYN-LN-6232,25000.0,6250.0,2026-07-15,2026-07-15,0,6250.0,0
SYN-REP-16233,SYN-U-19693,SYN-LN-6233,15000.0,3750.0,2026-05-21,2026-05-21,0,3750.0,0
SYN-REP-16234,SYN-U-14916,SYN-LN-6234,25000.0,6250.0,2025-06-28,2025-06-28,0,6250.0,0
SYN-REP-16235,SYN-U-11440,SYN-LN-6235,10000.0,2500.0,2026-07-10,2026-07-10,0,2500.0,0
SYN-REP-16236,SYN-U-13964,SYN-LN-6236,5000.0,1250.0,2026-05-30,2026-05-30,0,1250.0,0
SYN-REP-16237,SYN-U-11955,SYN-LN-6237,15000.0,3750.0,2026-06-25,2026-06-25,0,3750.0,0
SYN-REP-16238,SYN-U-12347,SYN-LN-6238,40000.0,10000.0,2026-05-21,2026-05-21,0,10000.0,0
SYN-REP-16239,SYN-U-17091,SYN-LN-6239,25000.0,6250.0,2026-05-03,2026-05-03,0,6250.0,0
SYN-REP-16240,SYN-U-13176,SYN-LN-6240,5000.0,1250.0,2026-02-19,2026-02-19,0,1250.0,0
SYN-REP-16241,SYN-U-15347,SYN-LN-6241,25000.0,6250.0,2026-02-06,2026-03-22,44,6250.0,0
SYN-REP-16242,SYN-U-14229,SYN-LN-6242,25000.0,6250.0,2026-02-17,2026-02-17,0,6250.0,0
SYN-REP-16243,SYN-U-16603,SYN-LN-6243,5000.0,1250.0,2025-09-26,2025-09-28,2,1250.0,0
SYN-REP-16244,SYN-U-19491,SYN-LN-6244,25000.0,6250.0,2025-12-23,2025-12-23,0,6250.0,0
SYN-REP-16245,SYN-U-17414,SYN-LN-6245,5000.0,1250.0,2025-11-03,2025-11-03,0,1250.0,0
SYN-REP-16246,SYN-U-18187,SYN-LN-6246,5000.0,1250.0,2026-05-23,2026-05-23,0,1250.0,0
SYN-REP-16247,SYN-U-10661,SYN-LN-6247,10000.0,2500.0,2026-02-19,2026-02-19,0,2500.0,0
SYN-REP-16248,SYN-U-15704,SYN-LN-6248,40000.0,10000.0,2026-06-27,2026-06-27,0,10000.0,0
SYN-REP-16249,SYN-U-10213,SYN-LN-6249,25000.0,6250.0,2025-07-31,2025-07-31,0,6250.0,0
SYN-REP-16250,SYN-U-18621,SYN-LN-6250,10000.0,2500.0,2025-09-13,2025-09-13,0,2500.0,0
SYN-REP-16251,SYN-U-11433,SYN-LN-6251,10000.0,2500.0,2025-09-08,2025-09-12,4,2500.0,0
SYN-REP-16252,SYN-U-12836,SYN-LN-6252,10000.0,2500.0,2025-06-24,2025-06-24,0,2500.0,0
SYN-REP-16253,SYN-U-15157,SYN-LN-6253,40000.0,10000.0,2025-07-25,2025-07-25,0,10000.0,0
SYN-REP-16254,SYN-U-12737,SYN-LN-6254,25000.0,6250.0,2026-06-18,2026-06-19,1,6250.0,0
SYN-REP-16255,SYN-U-11107,SYN-LN-6255,40000.0,10000.0,2026-06-10,2026-06-10,0,10000.0,0
SYN-REP-16256,SYN-U-11265,SYN-LN-6256,15000.0,3750.0,2026-01-31,2026-02-02,2,3750.0,0
SYN-REP-16257,SYN-U-10720,SYN-LN-6257,10000.0,2500.0,2026-06-18,2026-06-18,0,2500.0,0
SYN-REP-16258,SYN-U-18520,SYN-LN-6258,10000.0,2500.0,2026-01-16,2026-01-16,0,2500.0,0
SYN-REP-16259,SYN-U-13085,SYN-LN-6259,40000.0,10000.0,2025-11-25,2025-11-28,3,10000.0,0
SYN-REP-16260,SYN-U-16716,SYN-LN-6260,25000.0,6250.0,2025-10-11,2025-10-11,0,6250.0,0
SYN-REP-16261,SYN-U-16082,SYN-LN-6261,10000.0,2500.0,2026-01-27,2026-01-27,0,2500.0,0
SYN-REP-16262,SYN-U-12822,SYN-LN-6262,15000.0,3750.0,2025-08-25,2025-08-25,0,3750.0,0
SYN-REP-16263,SYN-U-10388,SYN-LN-6263,15000.0,3750.0,2026-05-11,2026-05-11,0,3750.0,0
SYN-REP-16264,SYN-U-10154,SYN-LN-6264,5000.0,1250.0,2026-07-08,2026-07-08,0,1250.0,0
SYN-REP-16265,SYN-U-10756,SYN-LN-6265,15000.0,3750.0,2026-01-13,,85,652.38,1
SYN-REP-16266,SYN-U-16503,SYN-LN-6266,40000.0,10000.0,2026-04-19,2026-04-19,0,10000.0,0
SYN-REP-16267,SYN-U-13501,SYN-LN-6267,40000.0,10000.0,2026-05-07,2026-05-07,0,10000.0,0
SYN-REP-16268,SYN-U-10231,SYN-LN-6268,40000.0,10000.0,2026-04-23,2026-04-23,0,10000.0,0
SYN-REP-16269,SYN-U-10982,SYN-LN-6269,5000.0,1250.0,2025-06-08,2025-06-08,0,1250.0,0
SYN-REP-16270,SYN-U-14831,SYN-LN-6270,15000.0,3750.0,2026-06-23,2026-06-23,0,3750.0,0
SYN-REP-16271,SYN-U-17347,SYN-LN-6271,40000.0,10000.0,2025-11-14,2025-11-14,0,10000.0,0
SYN-REP-16272,SYN-U-11491,SYN-LN-6272,10000.0,2500.0,2026-06-09,2026-06-09,0,2500.0,0
SYN-REP-16273,SYN-U-19429,SYN-LN-6273,5000.0,1250.0,2026-08-02,2026-08-02,0,1250.0,0
SYN-REP-16274,SYN-U-12380,SYN-LN-6274,5000.0,1250.0,2026-06-21,2026-06-21,0,1250.0,0
SYN-REP-16275,SYN-U-10949,SYN-LN-6275,15000.0,3750.0,2025-10-14,2025-10-14,0,3750.0,0
SYN-REP-16276,SYN-U-12076,SYN-LN-6276,15000.0,3750.0,2025-06-18,2025-08-16,59,3750.0,0
SYN-REP-16277,SYN-U-19784,SYN-LN-6277,40000.0,10000.0,2026-03-27,2026-03-27,0,10000.0,0
SYN-REP-16278,SYN-U-15103,SYN-LN-6278,40000.0,10000.0,2026-04-18,2026-04-18,0,10000.0,0
SYN-REP-16279,SYN-U-19744,SYN-LN-6279,5000.0,1250.0,2026-02-06,2026-02-06,0,1250.0,0
SYN-REP-16280,SYN-U-18590,SYN-LN-6280,25000.0,6250.0,2025-09-18,2025-09-18,0,6250.0,0
SYN-REP-16281,SYN-U-13447,SYN-LN-6281,10000.0,2500.0,2025-07-08,2025-07-08,0,2500.0,0
SYN-REP-16282,SYN-U-19626,SYN-LN-6282,5000.0,1250.0,2025-12-30,2025-12-30,0,1250.0,0
SYN-REP-16283,SYN-U-13657,SYN-LN-6283,25000.0,6250.0,2025-08-22,2025-08-22,0,6250.0,0
SYN-REP-16284,SYN-U-12067,SYN-LN-6284,40000.0,10000.0,2026-02-28,2026-02-28,0,10000.0,0
SYN-REP-16285,SYN-U-10718,SYN-LN-6285,5000.0,1250.0,2026-01-14,2026-01-14,0,1250.0,0
SYN-REP-16286,SYN-U-10392,SYN-LN-6286,5000.0,1250.0,2025-10-29,2025-10-29,0,1250.0,0
SYN-REP-16287,SYN-U-12787,SYN-LN-6287,25000.0,6250.0,2026-01-05,2026-01-05,0,6250.0,0
SYN-REP-16288,SYN-U-19410,SYN-LN-6288,40000.0,10000.0,2025-08-18,2025-08-18,0,10000.0,0
SYN-REP-16289,SYN-U-12992,SYN-LN-6289,40000.0,10000.0,2025-11-18,2025-11-18,0,10000.0,0
SYN-REP-16290,SYN-U-13763,SYN-LN-6290,25000.0,6250.0,2026-02-15,2026-02-15,0,6250.0,0
SYN-REP-16291,SYN-U-18295,SYN-LN-6291,25000.0,6250.0,2026-06-02,2026-06-02,0,6250.0,0
SYN-REP-16292,SYN-U-18277,SYN-LN-6292,15000.0,3750.0,2026-06-18,2026-06-18,0,3750.0,0
SYN-REP-16293,SYN-U-14570,SYN-LN-6293,10000.0,2500.0,2025-09-13,2025-09-13,0,2500.0,0
SYN-REP-16294,SYN-U-16468,SYN-LN-6294,5000.0,1250.0,2026-02-04,2026-02-04,0,1250.0,0
SYN-REP-16295,SYN-U-11055,SYN-LN-6295,5000.0,1250.0,2025-11-08,2025-11-08,0,1250.0,0
SYN-REP-16296,SYN-U-19916,SYN-LN-6296,40000.0,10000.0,2025-08-14,2025-09-23,40,10000.0,0
SYN-REP-16297,SYN-U-11139,SYN-LN-6297,25000.0,6250.0,2025-09-01,2025-09-01,0,6250.0,0
SYN-REP-16298,SYN-U-15561,SYN-LN-6298,40000.0,10000.0,2026-02-07,2026-02-07,0,10000.0,0
SYN-REP-16299,SYN-U-15132,SYN-LN-6299,10000.0,2500.0,2026-01-30,2026-01-30,0,2500.0,0
SYN-REP-16300,SYN-U-14189,SYN-LN-6300,40000.0,10000.0,2025-08-27,2025-08-27,0,10000.0,0
SYN-REP-16301,SYN-U-19178,SYN-LN-6301,5000.0,1250.0,2026-02-11,2026-02-15,4,1250.0,0
SYN-REP-16302,SYN-U-13590,SYN-LN-6302,5000.0,1250.0,2026-06-19,2026-06-19,0,1250.0,0
SYN-REP-16303,SYN-U-19965,SYN-LN-6303,25000.0,6250.0,2025-09-26,2025-09-26,0,6250.0,0
SYN-REP-16304,SYN-U-14286,SYN-LN-6304,5000.0,1250.0,2025-07-26,2025-07-26,0,1250.0,0
SYN-REP-16305,SYN-U-13063,SYN-LN-6305,25000.0,6250.0,2026-07-19,2026-07-19,0,6250.0,0
SYN-REP-16306,SYN-U-16374,SYN-LN-6306,40000.0,10000.0,2025-11-26,2025-11-30,4,10000.0,0
SYN-REP-16307,SYN-U-13012,SYN-LN-6307,40000.0,10000.0,2025-08-25,2025-08-25,0,10000.0,0
SYN-REP-16308,SYN-U-13536,SYN-LN-6308,15000.0,3750.0,2026-08-23,2026-08-23,0,3750.0,0
SYN-REP-16309,SYN-U-11670,SYN-LN-6309,10000.0,2500.0,2025-07-31,2025-07-31,0,2500.0,0
SYN-REP-16310,SYN-U-14593,SYN-LN-6310,5000.0,1250.0,2026-01-15,2026-01-15,0,1250.0,0
SYN-REP-16311,SYN-U-19579,SYN-LN-6311,25000.0,6250.0,2026-07-30,2026-07-30,0,6250.0,0
SYN-REP-16312,SYN-U-12579,SYN-LN-6312,40000.0,10000.0,2026-08-13,2026-08-13,0,10000.0,0
SYN-REP-16313,SYN-U-13427,SYN-LN-6313,25000.0,6250.0,2025-09-13,2025-09-13,0,6250.0,0
SYN-REP-16314,SYN-U-14314,SYN-LN-6314,40000.0,10000.0,2026-05-19,2026-05-19,0,10000.0,0
SYN-REP-16315,SYN-U-11316,SYN-LN-6315,15000.0,3750.0,2026-01-18,2026-01-18,0,3750.0,0
SYN-REP-16316,SYN-U-11702,SYN-LN-6316,25000.0,6250.0,2026-04-01,2026-04-01,0,6250.0,0
SYN-REP-16317,SYN-U-14062,SYN-LN-6317,25000.0,6250.0,2026-01-22,2026-01-22,0,6250.0,0
SYN-REP-16318,SYN-U-19177,SYN-LN-6318,5000.0,1250.0,2026-05-30,2026-06-01,2,1250.0,0
SYN-REP-16319,SYN-U-14887,SYN-LN-6319,15000.0,3750.0,2026-08-10,2026-08-10,0,3750.0,0
SYN-REP-16320,SYN-U-11550,SYN-LN-6320,10000.0,2500.0,2026-03-23,2026-03-23,0,2500.0,0
SYN-REP-16321,SYN-U-11236,SYN-LN-6321,25000.0,6250.0,2025-12-29,2025-12-29,0,6250.0,0
SYN-REP-16322,SYN-U-14812,SYN-LN-6322,40000.0,10000.0,2025-11-06,2025-11-06,0,10000.0,0
SYN-REP-16323,SYN-U-15325,SYN-LN-6323,10000.0,2500.0,2026-01-27,2026-01-27,0,2500.0,0
SYN-REP-16324,SYN-U-11818,SYN-LN-6324,15000.0,3750.0,2025-07-03,2025-07-03,0,3750.0,0
SYN-REP-16325,SYN-U-17879,SYN-LN-6325,40000.0,10000.0,2025-12-08,2025-12-08,0,10000.0,0
SYN-REP-16326,SYN-U-19696,SYN-LN-6326,25000.0,6250.0,2026-03-19,2026-03-19,0,6250.0,0
SYN-REP-16327,SYN-U-18322,SYN-LN-6327,15000.0,3750.0,2026-04-16,2026-04-16,0,3750.0,0
SYN-REP-16328,SYN-U-19374,SYN-LN-6328,15000.0,3750.0,2026-04-29,2026-04-29,0,3750.0,0
SYN-REP-16329,SYN-U-10616,SYN-LN-6329,25000.0,6250.0,2026-01-10,2026-01-10,0,6250.0,0
SYN-REP-16330,SYN-U-19114,SYN-LN-6330,10000.0,2500.0,2026-08-07,2026-08-07,0,2500.0,0
SYN-REP-16331,SYN-U-14515,SYN-LN-6331,10000.0,2500.0,2026-02-24,2026-02-24,0,2500.0,0
SYN-REP-16332,SYN-U-14152,SYN-LN-6332,15000.0,3750.0,2025-12-14,2025-12-15,1,3750.0,0
SYN-REP-16333,SYN-U-17072,SYN-LN-6333,15000.0,3750.0,2026-03-25,2026-03-25,0,3750.0,0
SYN-REP-16334,SYN-U-19140,SYN-LN-6334,25000.0,6250.0,2026-06-10,2026-06-10,0,6250.0,0
SYN-REP-16335,SYN-U-19136,SYN-LN-6335,40000.0,10000.0,2026-05-23,2026-05-23,0,10000.0,0
SYN-REP-16336,SYN-U-17565,SYN-LN-6336,5000.0,1250.0,2025-07-24,2025-07-24,0,1250.0,0
SYN-REP-16337,SYN-U-19543,SYN-LN-6337,15000.0,3750.0,2025-10-26,2025-10-26,0,3750.0,0
SYN-REP-16338,SYN-U-15652,SYN-LN-6338,5000.0,1250.0,2026-08-03,2026-08-03,0,1250.0,0
SYN-REP-16339,SYN-U-19856,SYN-LN-6339,40000.0,10000.0,2026-07-25,2026-07-25,0,10000.0,0
SYN-REP-16340,SYN-U-19267,SYN-LN-6340,25000.0,6250.0,2026-04-26,2026-04-26,0,6250.0,0
SYN-REP-16341,SYN-U-17790,SYN-LN-6341,25000.0,6250.0,2026-05-07,,71,1467.8,1
SYN-REP-16342,SYN-U-19068,SYN-LN-6342,40000.0,10000.0,2026-05-12,2026-05-12,0,10000.0,0
SYN-REP-16343,SYN-U-10835,SYN-LN-6343,10000.0,2500.0,2025-10-16,2025-10-16,0,2500.0,0
SYN-REP-16344,SYN-U-15745,SYN-LN-6344,40000.0,10000.0,2025-12-04,2025-12-04,0,10000.0,0
SYN-REP-16345,SYN-U-15496,SYN-LN-6345,10000.0,2500.0,2026-02-19,2026-02-19,0,2500.0,0
SYN-REP-16346,SYN-U-12765,SYN-LN-6346,25000.0,6250.0,2026-06-03,2026-06-03,0,6250.0,0
SYN-REP-16347,SYN-U-16346,SYN-LN-6347,25000.0,6250.0,2026-07-09,2026-07-09,0,6250.0,0
SYN-REP-16348,SYN-U-15623,SYN-LN-6348,25000.0,6250.0,2026-06-01,2026-06-01,0,6250.0,0
SYN-REP-16349,SYN-U-17959,SYN-LN-6349,15000.0,3750.0,2025-07-02,2025-07-05,3,3750.0,0
SYN-REP-16350,SYN-U-10977,SYN-LN-6350,15000.0,3750.0,2025-12-23,2025-12-23,0,3750.0,0
SYN-REP-16351,SYN-U-18813,SYN-LN-6351,5000.0,1250.0,2026-06-09,2026-06-09,0,1250.0,0
SYN-REP-16352,SYN-U-16358,SYN-LN-6352,10000.0,2500.0,2026-06-18,2026-06-18,0,2500.0,0
SYN-REP-16353,SYN-U-13935,SYN-LN-6353,25000.0,6250.0,2026-05-08,2026-05-08,0,6250.0,0
SYN-REP-16354,SYN-U-12749,SYN-LN-6354,5000.0,1250.0,2025-10-15,2025-10-15,0,1250.0,0
SYN-REP-16355,SYN-U-13125,SYN-LN-6355,25000.0,6250.0,2026-07-25,2026-07-25,0,6250.0,0
SYN-REP-16356,SYN-U-19175,SYN-LN-6356,5000.0,1250.0,2026-03-10,2026-03-14,4,1250.0,0
SYN-REP-16357,SYN-U-11271,SYN-LN-6357,5000.0,1250.0,2025-08-25,2025-08-25,0,1250.0,0
SYN-REP-16358,SYN-U-19292,SYN-LN-6358,40000.0,10000.0,2025-09-07,2025-09-07,0,10000.0,0
SYN-REP-16359,SYN-U-15013,SYN-LN-6359,25000.0,6250.0,2025-10-05,2025-10-06,1,6250.0,0
SYN-REP-16360,SYN-U-12541,SYN-LN-6360,5000.0,1250.0,2025-09-01,2025-09-01,0,1250.0,0
SYN-REP-16361,SYN-U-10519,SYN-LN-6361,5000.0,1250.0,2025-07-09,2025-07-09,0,1250.0,0
SYN-REP-16362,SYN-U-17556,SYN-LN-6362,40000.0,10000.0,2025-08-01,2025-08-01,0,10000.0,0
SYN-REP-16363,SYN-U-18886,SYN-LN-6363,40000.0,10000.0,2026-03-01,2026-03-01,0,10000.0,0
SYN-REP-16364,SYN-U-16788,SYN-LN-6364,40000.0,10000.0,2026-07-01,2026-07-01,0,10000.0,0
SYN-REP-16365,SYN-U-17574,SYN-LN-6365,5000.0,1250.0,2026-02-05,2026-02-05,0,1250.0,0
SYN-REP-16366,SYN-U-12162,SYN-LN-6366,5000.0,1250.0,2026-02-25,2026-02-25,0,1250.0,0
SYN-REP-16367,SYN-U-13519,SYN-LN-6367,40000.0,10000.0,2026-07-30,2026-07-31,1,10000.0,0
SYN-REP-16368,SYN-U-12345,SYN-LN-6368,5000.0,1250.0,2026-05-29,2026-06-01,3,1250.0,0
SYN-REP-16369,SYN-U-10892,SYN-LN-6369,15000.0,3750.0,2025-07-24,2025-07-24,0,3750.0,0
SYN-REP-16370,SYN-U-11957,SYN-LN-6370,25000.0,6250.0,2026-06-17,2026-06-17,0,6250.0,0
SYN-REP-16371,SYN-U-19740,SYN-LN-6371,40000.0,10000.0,2026-03-12,2026-03-14,2,10000.0,0
SYN-REP-16372,SYN-U-19597,SYN-LN-6372,10000.0,2500.0,2026-02-05,2026-02-05,0,2500.0,0
SYN-REP-16373,SYN-U-13496,SYN-LN-6373,40000.0,10000.0,2025-09-06,2025-09-06,0,10000.0,0
SYN-REP-16374,SYN-U-10333,SYN-LN-6374,40000.0,10000.0,2026-06-17,2026-06-21,4,10000.0,0
SYN-REP-16375,SYN-U-18219,SYN-LN-6375,5000.0,1250.0,2026-01-28,2026-01-28,0,1250.0,0
SYN-REP-16376,SYN-U-15305,SYN-LN-6376,5000.0,1250.0,2026-02-03,2026-02-04,1,1250.0,0
SYN-REP-16377,SYN-U-13980,SYN-LN-6377,10000.0,2500.0,2026-05-30,2026-05-30,0,2500.0,0
SYN-REP-16378,SYN-U-13016,SYN-LN-6378,15000.0,3750.0,2025-09-17,2025-09-17,0,3750.0,0
SYN-REP-16379,SYN-U-15548,SYN-LN-6379,40000.0,10000.0,2025-09-05,2025-09-08,3,10000.0,0
SYN-REP-16380,SYN-U-16537,SYN-LN-6380,10000.0,2500.0,2025-07-03,2025-07-03,0,2500.0,0
SYN-REP-16381,SYN-U-15954,SYN-LN-6381,40000.0,10000.0,2025-08-28,2025-08-28,0,10000.0,0
SYN-REP-16382,SYN-U-13292,SYN-LN-6382,10000.0,2500.0,2025-09-14,2025-09-14,0,2500.0,0
SYN-REP-16383,SYN-U-13173,SYN-LN-6383,10000.0,2500.0,2025-11-15,2025-11-15,0,2500.0,0
SYN-REP-16384,SYN-U-16093,SYN-LN-6384,40000.0,10000.0,2025-07-04,2025-07-04,0,10000.0,0
SYN-REP-16385,SYN-U-17768,SYN-LN-6385,15000.0,3750.0,2026-04-25,2026-04-27,2,3750.0,0
SYN-REP-16386,SYN-U-10588,SYN-LN-6386,40000.0,10000.0,2026-08-08,2026-08-08,0,10000.0,0
SYN-REP-16387,SYN-U-10470,SYN-LN-6387,40000.0,10000.0,2026-07-22,2026-07-22,0,10000.0,0
SYN-REP-16388,SYN-U-10665,SYN-LN-6388,25000.0,6250.0,2026-07-23,2026-07-23,0,6250.0,0
SYN-REP-16389,SYN-U-18628,SYN-LN-6389,40000.0,10000.0,2025-07-08,2025-07-08,0,10000.0,0
SYN-REP-16390,SYN-U-19198,SYN-LN-6390,5000.0,1250.0,2025-06-09,2025-06-10,1,1250.0,0
SYN-REP-16391,SYN-U-13273,SYN-LN-6391,15000.0,3750.0,2026-07-28,2026-07-28,0,3750.0,0
SYN-REP-16392,SYN-U-10331,SYN-LN-6392,40000.0,10000.0,2026-02-21,2026-02-21,0,10000.0,0
SYN-REP-16393,SYN-U-15542,SYN-LN-6393,5000.0,1250.0,2026-01-31,2026-01-31,0,1250.0,0
SYN-REP-16394,SYN-U-15633,SYN-LN-6394,10000.0,2500.0,2026-05-30,2026-05-30,0,2500.0,0
SYN-REP-16395,SYN-U-19325,SYN-LN-6395,5000.0,1250.0,2025-10-25,2025-10-25,0,1250.0,0
SYN-REP-16396,SYN-U-19629,SYN-LN-6396,5000.0,1250.0,2025-09-25,2025-09-25,0,1250.0,0
SYN-REP-16397,SYN-U-17108,SYN-LN-6397,25000.0,6250.0,2026-06-02,2026-06-02,0,6250.0,0
SYN-REP-16398,SYN-U-18951,SYN-LN-6398,5000.0,1250.0,2026-01-18,2026-01-18,0,1250.0,0
SYN-REP-16399,SYN-U-15661,SYN-LN-6399,5000.0,1250.0,2025-07-11,2025-07-11,0,1250.0,0
SYN-REP-16400,SYN-U-18053,SYN-LN-6400,40000.0,10000.0,2026-02-08,2026-02-08,0,10000.0,0
SYN-REP-16401,SYN-U-11246,SYN-LN-6401,40000.0,10000.0,2025-06-08,2025-06-08,0,10000.0,0
SYN-REP-16402,SYN-U-10639,SYN-LN-6402,5000.0,1250.0,2026-05-14,2026-05-17,3,1250.0,0
SYN-REP-16403,SYN-U-16794,SYN-LN-6403,5000.0,1250.0,2026-02-09,2026-02-09,0,1250.0,0
SYN-REP-16404,SYN-U-10211,SYN-LN-6404,15000.0,3750.0,2025-10-27,2025-10-29,2,3750.0,0
SYN-REP-16405,SYN-U-19825,SYN-LN-6405,10000.0,2500.0,2026-01-03,2026-01-03,0,2500.0,0
SYN-REP-16406,SYN-U-11383,SYN-LN-6406,15000.0,3750.0,2025-12-18,2025-12-18,0,3750.0,0
SYN-REP-16407,SYN-U-17802,SYN-LN-6407,40000.0,10000.0,2026-05-31,2026-05-31,0,10000.0,0
SYN-REP-16408,SYN-U-12842,SYN-LN-6408,10000.0,2500.0,2025-11-22,2025-11-25,3,2500.0,0
SYN-REP-16409,SYN-U-14642,SYN-LN-6409,15000.0,3750.0,2025-10-19,2025-10-19,0,3750.0,0
SYN-REP-16410,SYN-U-19420,SYN-LN-6410,10000.0,2500.0,2026-02-09,2026-02-12,3,2500.0,0
SYN-REP-16411,SYN-U-17599,SYN-LN-6411,5000.0,1250.0,2025-07-01,2025-07-01,0,1250.0,0
SYN-REP-16412,SYN-U-19393,SYN-LN-6412,40000.0,10000.0,2025-10-30,2025-10-31,1,10000.0,0
SYN-REP-16413,SYN-U-13870,SYN-LN-6413,25000.0,6250.0,2025-11-17,2025-11-17,0,6250.0,0
SYN-REP-16414,SYN-U-14553,SYN-LN-6414,25000.0,6250.0,2026-06-21,2026-06-21,0,6250.0,0
SYN-REP-16415,SYN-U-15296,SYN-LN-6415,15000.0,3750.0,2026-03-11,2026-03-11,0,3750.0,0
SYN-REP-16416,SYN-U-12007,SYN-LN-6416,40000.0,10000.0,2026-04-21,2026-04-21,0,10000.0,0
SYN-REP-16417,SYN-U-11901,SYN-LN-6417,5000.0,1250.0,2026-02-05,2026-02-05,0,1250.0,0
SYN-REP-16418,SYN-U-12484,SYN-LN-6418,15000.0,3750.0,2025-06-13,2025-06-13,0,3750.0,0
SYN-REP-16419,SYN-U-11912,SYN-LN-6419,25000.0,6250.0,2025-11-20,2025-11-20,0,6250.0,0
SYN-REP-16420,SYN-U-18796,SYN-LN-6420,25000.0,6250.0,2026-03-01,2026-03-01,0,6250.0,0
SYN-REP-16421,SYN-U-12622,SYN-LN-6421,10000.0,2500.0,2025-08-13,2025-08-13,0,2500.0,0
SYN-REP-16422,SYN-U-16320,SYN-LN-6422,5000.0,1250.0,2026-03-08,2026-03-08,0,1250.0,0
SYN-REP-16423,SYN-U-15725,SYN-LN-6423,10000.0,2500.0,2026-07-25,2026-07-25,0,2500.0,0
SYN-REP-16424,SYN-U-17278,SYN-LN-6424,40000.0,10000.0,2025-07-19,2025-07-19,0,10000.0,0
SYN-REP-16425,SYN-U-11509,SYN-LN-6425,10000.0,2500.0,2025-08-10,2025-08-10,0,2500.0,0
SYN-REP-16426,SYN-U-16624,SYN-LN-6426,5000.0,1250.0,2026-01-30,2026-01-30,0,1250.0,0
SYN-REP-16427,SYN-U-15344,SYN-LN-6427,15000.0,3750.0,2026-06-12,2026-06-12,0,3750.0,0
SYN-REP-16428,SYN-U-16389,SYN-LN-6428,5000.0,1250.0,2026-08-11,2026-08-14,3,1250.0,0
SYN-REP-16429,SYN-U-18091,SYN-LN-6429,15000.0,3750.0,2025-12-31,2025-12-31,0,3750.0,0
SYN-REP-16430,SYN-U-16645,SYN-LN-6430,5000.0,1250.0,2026-05-31,2026-05-31,0,1250.0,0
SYN-REP-16431,SYN-U-17384,SYN-LN-6431,10000.0,2500.0,2025-08-26,2025-08-26,0,2500.0,0
SYN-REP-16432,SYN-U-12861,SYN-LN-6432,40000.0,10000.0,2026-08-15,2026-08-15,0,10000.0,0
SYN-REP-16433,SYN-U-12911,SYN-LN-6433,40000.0,10000.0,2026-06-22,2026-06-22,0,10000.0,0
SYN-REP-16434,SYN-U-10562,SYN-LN-6434,40000.0,10000.0,2025-12-23,2025-12-23,0,10000.0,0
SYN-REP-16435,SYN-U-11709,SYN-LN-6435,40000.0,10000.0,2026-03-22,2026-03-22,0,10000.0,0
SYN-REP-16436,SYN-U-11656,SYN-LN-6436,25000.0,6250.0,2025-10-09,2025-10-09,0,6250.0,0
SYN-REP-16437,SYN-U-17812,SYN-LN-6437,40000.0,10000.0,2025-07-14,2025-07-14,0,10000.0,0
SYN-REP-16438,SYN-U-16554,SYN-LN-6438,25000.0,6250.0,2026-08-14,2026-08-14,0,6250.0,0
SYN-REP-16439,SYN-U-13308,SYN-LN-6439,10000.0,2500.0,2026-05-05,2026-05-06,1,2500.0,0
SYN-REP-16440,SYN-U-14435,SYN-LN-6440,5000.0,1250.0,2026-06-22,2026-06-24,2,1250.0,0
SYN-REP-16441,SYN-U-10307,SYN-LN-6441,10000.0,2500.0,2025-11-30,2025-11-30,0,2500.0,0
SYN-REP-16442,SYN-U-14736,SYN-LN-6442,40000.0,10000.0,2026-03-08,2026-03-08,0,10000.0,0
SYN-REP-16443,SYN-U-13996,SYN-LN-6443,40000.0,10000.0,2026-03-13,2026-03-13,0,10000.0,0
SYN-REP-16444,SYN-U-13549,SYN-LN-6444,40000.0,10000.0,2026-06-03,2026-06-07,4,10000.0,0
SYN-REP-16445,SYN-U-19436,SYN-LN-6445,5000.0,1250.0,2025-12-16,2025-12-16,0,1250.0,0
SYN-REP-16446,SYN-U-18941,SYN-LN-6446,15000.0,3750.0,2025-06-02,2025-06-05,3,3750.0,0
SYN-REP-16447,SYN-U-11432,SYN-LN-6447,25000.0,6250.0,2025-06-12,2025-06-12,0,6250.0,0
SYN-REP-16448,SYN-U-14230,SYN-LN-6448,10000.0,2500.0,2025-06-03,,86,679.7,1
SYN-REP-16449,SYN-U-14407,SYN-LN-6449,5000.0,1250.0,2025-12-24,2025-12-24,0,1250.0,0
SYN-REP-16450,SYN-U-16627,SYN-LN-6450,25000.0,6250.0,2025-07-13,2025-07-13,0,6250.0,0
SYN-REP-16451,SYN-U-10026,SYN-LN-6451,25000.0,6250.0,2025-12-28,2026-01-01,4,6250.0,0
SYN-REP-16452,SYN-U-18542,SYN-LN-6452,40000.0,10000.0,2025-06-07,2025-06-09,2,10000.0,0
SYN-REP-16453,SYN-U-16118,SYN-LN-6453,25000.0,6250.0,2026-01-04,2026-01-04,0,6250.0,0
SYN-REP-16454,SYN-U-13304,SYN-LN-6454,15000.0,3750.0,2026-07-10,2026-07-10,0,3750.0,0
SYN-REP-16455,SYN-U-12882,SYN-LN-6455,10000.0,2500.0,2026-02-12,2026-02-15,3,2500.0,0
SYN-REP-16456,SYN-U-13005,SYN-LN-6456,5000.0,1250.0,2025-09-01,2025-09-03,2,1250.0,0
SYN-REP-16457,SYN-U-11254,SYN-LN-6457,10000.0,2500.0,2026-03-08,2026-03-08,0,2500.0,0
SYN-REP-16458,SYN-U-12871,SYN-LN-6458,15000.0,3750.0,2026-03-15,2026-03-15,0,3750.0,0
SYN-REP-16459,SYN-U-18218,SYN-LN-6459,10000.0,2500.0,2026-01-10,2026-01-10,0,2500.0,0
SYN-REP-16460,SYN-U-18768,SYN-LN-6460,15000.0,3750.0,2025-07-12,2025-07-12,0,3750.0,0
SYN-REP-16461,SYN-U-19129,SYN-LN-6461,10000.0,2500.0,2025-12-17,2025-12-17,0,2500.0,0
SYN-REP-16462,SYN-U-18531,SYN-LN-6462,15000.0,3750.0,2025-08-14,2025-08-14,0,3750.0,0
SYN-REP-16463,SYN-U-17403,SYN-LN-6463,25000.0,6250.0,2025-09-25,2025-09-26,1,6250.0,0
SYN-REP-16464,SYN-U-15749,SYN-LN-6464,25000.0,6250.0,2026-08-08,2026-08-08,0,6250.0,0
SYN-REP-16465,SYN-U-18156,SYN-LN-6465,15000.0,3750.0,2026-06-21,2026-06-21,0,3750.0,0
SYN-REP-16466,SYN-U-10981,SYN-LN-6466,15000.0,3750.0,2026-06-03,2026-06-03,0,3750.0,0
SYN-REP-16467,SYN-U-12993,SYN-LN-6467,25000.0,6250.0,2026-04-19,2026-04-22,3,6250.0,0
SYN-REP-16468,SYN-U-15869,SYN-LN-6468,15000.0,3750.0,2026-08-09,2026-08-11,2,3750.0,0
SYN-REP-16469,SYN-U-10170,SYN-LN-6469,15000.0,3750.0,2025-12-06,2025-12-06,0,3750.0,0
SYN-REP-16470,SYN-U-17752,SYN-LN-6470,5000.0,1250.0,2026-01-28,2026-01-28,0,1250.0,0
SYN-REP-16471,SYN-U-14098,SYN-LN-6471,10000.0,2500.0,2026-06-30,2026-06-30,0,2500.0,0
SYN-REP-16472,SYN-U-18067,SYN-LN-6472,10000.0,2500.0,2026-02-19,2026-02-19,0,2500.0,0
SYN-REP-16473,SYN-U-17169,SYN-LN-6473,15000.0,3750.0,2026-08-23,2026-08-23,0,3750.0,0
SYN-REP-16474,SYN-U-10511,SYN-LN-6474,15000.0,3750.0,2026-06-16,2026-06-16,0,3750.0,0
SYN-REP-16475,SYN-U-11846,SYN-LN-6475,25000.0,6250.0,2026-01-14,2026-01-16,2,6250.0,0
SYN-REP-16476,SYN-U-18347,SYN-LN-6476,5000.0,1250.0,2025-09-06,2025-09-07,1,1250.0,0
SYN-REP-16477,SYN-U-11963,SYN-LN-6477,25000.0,6250.0,2026-05-10,2026-05-10,0,6250.0,0
SYN-REP-16478,SYN-U-13308,SYN-LN-6478,15000.0,3750.0,2026-01-14,,94,770.64,1
SYN-REP-16479,SYN-U-15249,SYN-LN-6479,40000.0,10000.0,2025-07-18,2025-07-18,0,10000.0,0
SYN-REP-16480,SYN-U-16462,SYN-LN-6480,5000.0,1250.0,2026-01-11,2026-01-11,0,1250.0,0
SYN-REP-16481,SYN-U-11930,SYN-LN-6481,10000.0,2500.0,2026-02-18,2026-02-18,0,2500.0,0
SYN-REP-16482,SYN-U-16930,SYN-LN-6482,15000.0,3750.0,2026-07-04,2026-07-04,0,3750.0,0
SYN-REP-16483,SYN-U-19871,SYN-LN-6483,15000.0,3750.0,2025-09-04,2025-09-04,0,3750.0,0
SYN-REP-16484,SYN-U-12596,SYN-LN-6484,40000.0,10000.0,2026-01-27,2026-01-27,0,10000.0,0
SYN-REP-16485,SYN-U-11563,SYN-LN-6485,25000.0,6250.0,2026-01-27,2026-01-27,0,6250.0,0
SYN-REP-16486,SYN-U-17708,SYN-LN-6486,15000.0,3750.0,2025-12-01,2025-12-01,0,3750.0,0
SYN-REP-16487,SYN-U-16264,SYN-LN-6487,40000.0,10000.0,2025-10-06,2025-10-06,0,10000.0,0
SYN-REP-16488,SYN-U-19267,SYN-LN-6488,5000.0,1250.0,2025-11-02,2025-11-02,0,1250.0,0
SYN-REP-16489,SYN-U-19086,SYN-LN-6489,10000.0,2500.0,2025-11-30,2025-11-30,0,2500.0,0
SYN-REP-16490,SYN-U-14658,SYN-LN-6490,25000.0,6250.0,2026-05-13,2026-05-13,0,6250.0,0
SYN-REP-16491,SYN-U-13183,SYN-LN-6491,10000.0,2500.0,2025-10-09,2025-10-09,0,2500.0,0
SYN-REP-16492,SYN-U-16469,SYN-LN-6492,5000.0,1250.0,2025-10-24,2025-10-24,0,1250.0,0
SYN-REP-16493,SYN-U-17382,SYN-LN-6493,5000.0,1250.0,2025-11-01,2025-11-01,0,1250.0,0
SYN-REP-16494,SYN-U-13551,SYN-LN-6494,5000.0,1250.0,2026-01-16,2026-01-16,0,1250.0,0
SYN-REP-16495,SYN-U-13341,SYN-LN-6495,15000.0,3750.0,2026-05-30,2026-05-30,0,3750.0,0
SYN-REP-16496,SYN-U-12271,SYN-LN-6496,5000.0,1250.0,2025-07-18,2025-07-18,0,1250.0,0
SYN-REP-16497,SYN-U-19523,SYN-LN-6497,15000.0,3750.0,2026-04-23,2026-04-23,0,3750.0,0
SYN-REP-16498,SYN-U-14567,SYN-LN-6498,25000.0,6250.0,2025-09-15,2025-09-15,0,6250.0,0
SYN-REP-16499,SYN-U-15296,SYN-LN-6499,15000.0,3750.0,2025-12-23,2025-12-23,0,3750.0,0
SYN-REP-16500,SYN-U-10711,SYN-LN-6500,40000.0,10000.0,2026-08-06,2026-08-06,0,10000.0,0
SYN-REP-16501,SYN-U-12780,SYN-LN-6501,40000.0,10000.0,2026-04-24,2026-04-24,0,10000.0,0
SYN-REP-16502,SYN-U-17136,SYN-LN-6502,15000.0,3750.0,2026-04-17,2026-04-17,0,3750.0,0
SYN-REP-16503,SYN-U-16159,SYN-LN-6503,10000.0,2500.0,2026-05-25,2026-05-27,2,2500.0,0
SYN-REP-16504,SYN-U-10541,SYN-LN-6504,5000.0,1250.0,2025-09-05,2025-09-05,0,1250.0,0
SYN-REP-16505,SYN-U-19722,SYN-LN-6505,15000.0,3750.0,2025-11-19,2025-11-19,0,3750.0,0
SYN-REP-16506,SYN-U-16547,SYN-LN-6506,5000.0,1250.0,2025-09-07,2025-09-07,0,1250.0,0
SYN-REP-16507,SYN-U-18778,SYN-LN-6507,10000.0,2500.0,2025-12-28,2025-12-28,0,2500.0,0
SYN-REP-16508,SYN-U-13038,SYN-LN-6508,40000.0,10000.0,2026-05-04,2026-05-04,0,10000.0,0
SYN-REP-16509,SYN-U-11231,SYN-LN-6509,40000.0,10000.0,2026-01-04,2026-01-04,0,10000.0,0
SYN-REP-16510,SYN-U-14948,SYN-LN-6510,5000.0,1250.0,2025-07-02,2025-07-02,0,1250.0,0
SYN-REP-16511,SYN-U-17334,SYN-LN-6511,10000.0,2500.0,2025-12-19,2025-12-23,4,2500.0,0
SYN-REP-16512,SYN-U-14680,SYN-LN-6512,40000.0,10000.0,2026-07-05,2026-08-13,39,10000.0,0
SYN-REP-16513,SYN-U-16325,SYN-LN-6513,10000.0,2500.0,2026-06-07,2026-06-07,0,2500.0,0
SYN-REP-16514,SYN-U-10270,SYN-LN-6514,10000.0,2500.0,2025-06-20,2025-06-20,0,2500.0,0
SYN-REP-16515,SYN-U-11902,SYN-LN-6515,5000.0,1250.0,2025-07-15,2025-07-15,0,1250.0,0
SYN-REP-16516,SYN-U-13628,SYN-LN-6516,10000.0,2500.0,2026-07-18,2026-07-18,0,2500.0,0
SYN-REP-16517,SYN-U-19540,SYN-LN-6517,15000.0,3750.0,2025-06-30,2025-06-30,0,3750.0,0
SYN-REP-16518,SYN-U-17808,SYN-LN-6518,15000.0,3750.0,2025-11-15,2025-11-18,3,3750.0,0
SYN-REP-16519,SYN-U-16177,SYN-LN-6519,40000.0,10000.0,2026-03-01,2026-03-01,0,10000.0,0
SYN-REP-16520,SYN-U-14635,SYN-LN-6520,5000.0,1250.0,2026-08-02,2026-08-02,0,1250.0,0
SYN-REP-16521,SYN-U-14083,SYN-LN-6521,10000.0,2500.0,2025-09-12,2025-09-12,0,2500.0,0
SYN-REP-16522,SYN-U-13458,SYN-LN-6522,40000.0,10000.0,2026-08-05,2026-08-05,0,10000.0,0
SYN-REP-16523,SYN-U-10540,SYN-LN-6523,25000.0,6250.0,2025-12-22,2025-12-22,0,6250.0,0
SYN-REP-16524,SYN-U-17962,SYN-LN-6524,5000.0,1250.0,2026-06-20,2026-06-20,0,1250.0,0
SYN-REP-16525,SYN-U-10057,SYN-LN-6525,40000.0,10000.0,2025-07-24,2025-07-24,0,10000.0,0
SYN-REP-16526,SYN-U-15030,SYN-LN-6526,15000.0,3750.0,2025-08-17,2025-08-17,0,3750.0,0
SYN-REP-16527,SYN-U-14760,SYN-LN-6527,10000.0,2500.0,2026-04-03,2026-04-03,0,2500.0,0
SYN-REP-16528,SYN-U-18210,SYN-LN-6528,25000.0,6250.0,2026-01-08,2026-01-08,0,6250.0,0
SYN-REP-16529,SYN-U-14422,SYN-LN-6529,40000.0,10000.0,2026-02-23,2026-02-23,0,10000.0,0
SYN-REP-16530,SYN-U-15476,SYN-LN-6530,15000.0,3750.0,2025-08-04,2025-08-04,0,3750.0,0
SYN-REP-16531,SYN-U-14795,SYN-LN-6531,5000.0,1250.0,2025-11-29,2025-11-29,0,1250.0,0
SYN-REP-16532,SYN-U-11266,SYN-LN-6532,40000.0,10000.0,2025-06-07,2025-06-07,0,10000.0,0
SYN-REP-16533,SYN-U-17784,SYN-LN-6533,25000.0,6250.0,2026-08-19,2026-08-19,0,6250.0,0
SYN-REP-16534,SYN-U-13957,SYN-LN-6534,40000.0,10000.0,2026-07-05,2026-07-05,0,10000.0,0
SYN-REP-16535,SYN-U-15613,SYN-LN-6535,40000.0,10000.0,2025-09-12,2025-09-12,0,10000.0,0
SYN-REP-16536,SYN-U-12120,SYN-LN-6536,5000.0,1250.0,2025-06-16,2025-06-16,0,1250.0,0
SYN-REP-16537,SYN-U-15184,SYN-LN-6537,10000.0,2500.0,2026-01-11,2026-02-07,27,2500.0,0
SYN-REP-16538,SYN-U-12984,SYN-LN-6538,25000.0,6250.0,2026-07-26,2026-07-26,0,6250.0,0
SYN-REP-16539,SYN-U-11301,SYN-LN-6539,25000.0,6250.0,2026-01-26,2026-03-17,50,6250.0,0
SYN-REP-16540,SYN-U-19639,SYN-LN-6540,10000.0,2500.0,2026-05-16,2026-05-16,0,2500.0,0
SYN-REP-16541,SYN-U-12435,SYN-LN-6541,15000.0,3750.0,2026-01-20,2026-01-20,0,3750.0,0
SYN-REP-16542,SYN-U-17540,SYN-LN-6542,5000.0,1250.0,2026-02-28,2026-02-28,0,1250.0,0
SYN-REP-16543,SYN-U-16675,SYN-LN-6543,40000.0,10000.0,2025-07-10,2025-07-10,0,10000.0,0
SYN-REP-16544,SYN-U-13536,SYN-LN-6544,5000.0,1250.0,2026-01-07,2026-01-07,0,1250.0,0
SYN-REP-16545,SYN-U-14538,SYN-LN-6545,15000.0,3750.0,2026-06-27,2026-06-27,0,3750.0,0
SYN-REP-16546,SYN-U-12741,SYN-LN-6546,10000.0,2500.0,2025-06-21,2025-06-21,0,2500.0,0
SYN-REP-16547,SYN-U-11735,SYN-LN-6547,40000.0,10000.0,2026-04-23,2026-04-23,0,10000.0,0
SYN-REP-16548,SYN-U-18878,SYN-LN-6548,10000.0,2500.0,2026-04-09,2026-04-09,0,2500.0,0
SYN-REP-16549,SYN-U-18180,SYN-LN-6549,15000.0,3750.0,2026-05-02,2026-05-02,0,3750.0,0
SYN-REP-16550,SYN-U-14978,SYN-LN-6550,10000.0,2500.0,2026-07-02,2026-07-02,0,2500.0,0
SYN-REP-16551,SYN-U-16692,SYN-LN-6551,15000.0,3750.0,2026-05-13,,67,1438.76,1
SYN-REP-16552,SYN-U-10729,SYN-LN-6552,40000.0,10000.0,2025-12-27,2025-12-27,0,10000.0,0
SYN-REP-16553,SYN-U-12838,SYN-LN-6553,15000.0,3750.0,2025-12-12,2025-12-12,0,3750.0,0
SYN-REP-16554,SYN-U-10166,SYN-LN-6554,40000.0,10000.0,2025-11-30,2025-12-04,4,10000.0,0
SYN-REP-16555,SYN-U-16249,SYN-LN-6555,15000.0,3750.0,2025-09-14,2025-09-14,0,3750.0,0
SYN-REP-16556,SYN-U-16764,SYN-LN-6556,15000.0,3750.0,2026-07-11,2026-07-11,0,3750.0,0
SYN-REP-16557,SYN-U-12629,SYN-LN-6557,15000.0,3750.0,2026-02-02,2026-02-02,0,3750.0,0
SYN-REP-16558,SYN-U-10439,SYN-LN-6558,10000.0,2500.0,2026-04-02,2026-04-02,0,2500.0,0
SYN-REP-16559,SYN-U-12092,SYN-LN-6559,40000.0,10000.0,2025-12-21,2025-12-21,0,10000.0,0
SYN-REP-16560,SYN-U-18527,SYN-LN-6560,5000.0,1250.0,2026-01-21,2026-01-21,0,1250.0,0
SYN-REP-16561,SYN-U-18769,SYN-LN-6561,5000.0,1250.0,2025-06-10,2025-06-10,0,1250.0,0
SYN-REP-16562,SYN-U-19289,SYN-LN-6562,15000.0,3750.0,2025-07-06,2025-07-06,0,3750.0,0
SYN-REP-16563,SYN-U-15825,SYN-LN-6563,15000.0,3750.0,2026-03-12,2026-03-12,0,3750.0,0
SYN-REP-16564,SYN-U-17291,SYN-LN-6564,40000.0,10000.0,2025-09-16,2025-09-16,0,10000.0,0
SYN-REP-16565,SYN-U-11275,SYN-LN-6565,15000.0,3750.0,2025-09-04,2025-09-04,0,3750.0,0
SYN-REP-16566,SYN-U-18955,SYN-LN-6566,15000.0,3750.0,2026-07-01,2026-07-01,0,3750.0,0
SYN-REP-16567,SYN-U-11383,SYN-LN-6567,5000.0,1250.0,2026-05-16,2026-05-16,0,1250.0,0
SYN-REP-16568,SYN-U-18599,SYN-LN-6568,5000.0,1250.0,2026-02-24,2026-02-24,0,1250.0,0
SYN-REP-16569,SYN-U-13295,SYN-LN-6569,15000.0,3750.0,2025-11-05,2025-11-05,0,3750.0,0
SYN-REP-16570,SYN-U-14769,SYN-LN-6570,5000.0,1250.0,2025-12-15,2025-12-15,0,1250.0,0
SYN-REP-16571,SYN-U-15988,SYN-LN-6571,40000.0,10000.0,2025-10-27,2025-10-27,0,10000.0,0
SYN-REP-16572,SYN-U-17660,SYN-LN-6572,15000.0,3750.0,2026-05-16,2026-05-16,0,3750.0,0
SYN-REP-16573,SYN-U-19477,SYN-LN-6573,15000.0,3750.0,2025-09-06,2025-09-06,0,3750.0,0
SYN-REP-16574,SYN-U-10357,SYN-LN-6574,15000.0,3750.0,2026-02-06,2026-02-09,3,3750.0,0
SYN-REP-16575,SYN-U-15956,SYN-LN-6575,15000.0,3750.0,2026-01-13,2026-01-13,0,3750.0,0
SYN-REP-16576,SYN-U-12483,SYN-LN-6576,10000.0,2500.0,2025-09-24,2025-09-24,0,2500.0,0
SYN-REP-16577,SYN-U-13057,SYN-LN-6577,15000.0,3750.0,2025-10-29,2025-10-29,0,3750.0,0
SYN-REP-16578,SYN-U-18401,SYN-LN-6578,25000.0,6250.0,2026-05-06,2026-05-06,0,6250.0,0
SYN-REP-16579,SYN-U-17015,SYN-LN-6579,40000.0,10000.0,2025-10-24,2025-10-26,2,10000.0,0
SYN-REP-16580,SYN-U-17856,SYN-LN-6580,25000.0,6250.0,2025-08-30,2025-08-30,0,6250.0,0
SYN-REP-16581,SYN-U-12723,SYN-LN-6581,5000.0,1250.0,2025-06-23,2025-06-23,0,1250.0,0
SYN-REP-16582,SYN-U-18159,SYN-LN-6582,10000.0,2500.0,2026-06-03,2026-06-03,0,2500.0,0
SYN-REP-16583,SYN-U-19968,SYN-LN-6583,10000.0,2500.0,2025-09-21,2025-09-21,0,2500.0,0
SYN-REP-16584,SYN-U-13614,SYN-LN-6584,25000.0,6250.0,2025-06-20,2025-06-20,0,6250.0,0
SYN-REP-16585,SYN-U-11318,SYN-LN-6585,40000.0,10000.0,2026-01-01,2026-01-01,0,10000.0,0
SYN-REP-16586,SYN-U-19484,SYN-LN-6586,25000.0,6250.0,2025-10-19,2025-10-19,0,6250.0,0
SYN-REP-16587,SYN-U-12624,SYN-LN-6587,5000.0,1250.0,2025-11-30,2025-12-03,3,1250.0,0
SYN-REP-16588,SYN-U-17629,SYN-LN-6588,10000.0,2500.0,2025-09-27,2025-09-27,0,2500.0,0
SYN-REP-16589,SYN-U-16448,SYN-LN-6589,10000.0,2500.0,2026-05-19,2026-05-19,0,2500.0,0
SYN-REP-16590,SYN-U-19260,SYN-LN-6590,5000.0,1250.0,2025-10-23,2025-10-23,0,1250.0,0
SYN-REP-16591,SYN-U-10367,SYN-LN-6591,25000.0,6250.0,2025-11-03,2025-11-03,0,6250.0,0
SYN-REP-16592,SYN-U-12394,SYN-LN-6592,25000.0,6250.0,2026-07-26,2026-07-26,0,6250.0,0
SYN-REP-16593,SYN-U-10943,SYN-LN-6593,40000.0,10000.0,2026-03-16,2026-03-16,0,10000.0,0
SYN-REP-16594,SYN-U-14626,SYN-LN-6594,15000.0,3750.0,2025-12-19,2025-12-19,0,3750.0,0
SYN-REP-16595,SYN-U-13579,SYN-LN-6595,25000.0,6250.0,2025-12-11,2025-12-12,1,6250.0,0
SYN-REP-16596,SYN-U-11377,SYN-LN-6596,15000.0,3750.0,2025-06-22,2025-06-22,0,3750.0,0
SYN-REP-16597,SYN-U-12156,SYN-LN-6597,10000.0,2500.0,2026-05-27,2026-05-31,4,2500.0,0
SYN-REP-16598,SYN-U-18184,SYN-LN-6598,15000.0,3750.0,2025-07-23,2025-07-23,0,3750.0,0
SYN-REP-16599,SYN-U-17217,SYN-LN-6599,15000.0,3750.0,2026-02-22,2026-02-22,0,3750.0,0
SYN-REP-16600,SYN-U-14203,SYN-LN-6600,15000.0,3750.0,2025-08-01,2025-08-01,0,3750.0,0
SYN-REP-16601,SYN-U-17858,SYN-LN-6601,40000.0,10000.0,2025-09-09,2025-09-09,0,10000.0,0
SYN-REP-16602,SYN-U-12646,SYN-LN-6602,10000.0,2500.0,2026-08-04,,67,974.92,1
SYN-REP-16603,SYN-U-19911,SYN-LN-6603,25000.0,6250.0,2026-01-25,2026-01-25,0,6250.0,0
SYN-REP-16604,SYN-U-18957,SYN-LN-6604,25000.0,6250.0,2025-10-12,2025-10-12,0,6250.0,0
SYN-REP-16605,SYN-U-12213,SYN-LN-6605,15000.0,3750.0,2025-09-23,2025-09-23,0,3750.0,0
SYN-REP-16606,SYN-U-14641,SYN-LN-6606,5000.0,1250.0,2026-05-05,2026-05-06,1,1250.0,0
SYN-REP-16607,SYN-U-18684,SYN-LN-6607,40000.0,10000.0,2026-05-26,2026-05-28,2,10000.0,0
SYN-REP-16608,SYN-U-11514,SYN-LN-6608,25000.0,6250.0,2026-03-04,2026-03-04,0,6250.0,0
SYN-REP-16609,SYN-U-10139,SYN-LN-6609,40000.0,10000.0,2026-06-27,2026-06-27,0,10000.0,0
SYN-REP-16610,SYN-U-12271,SYN-LN-6610,10000.0,2500.0,2025-08-24,,88,801.45,1
SYN-REP-16611,SYN-U-13137,SYN-LN-6611,25000.0,6250.0,2025-08-23,2025-08-23,0,6250.0,0
SYN-REP-16612,SYN-U-16925,SYN-LN-6612,40000.0,10000.0,2025-08-20,2025-08-20,0,10000.0,0
SYN-REP-16613,SYN-U-13645,SYN-LN-6613,40000.0,10000.0,2026-04-26,2026-04-26,0,10000.0,0
SYN-REP-16614,SYN-U-18907,SYN-LN-6614,5000.0,1250.0,2026-08-20,2026-08-20,0,1250.0,0
SYN-REP-16615,SYN-U-16132,SYN-LN-6615,15000.0,3750.0,2026-05-05,2026-05-05,0,3750.0,0
SYN-REP-16616,SYN-U-18216,SYN-LN-6616,25000.0,6250.0,2025-09-23,2025-09-23,0,6250.0,0
SYN-REP-16617,SYN-U-12216,SYN-LN-6617,10000.0,2500.0,2025-12-27,2025-12-27,0,2500.0,0
SYN-REP-16618,SYN-U-11732,SYN-LN-6618,5000.0,1250.0,2026-01-19,2026-01-19,0,1250.0,0
SYN-REP-16619,SYN-U-12338,SYN-LN-6619,15000.0,3750.0,2025-10-10,2025-10-10,0,3750.0,0
SYN-REP-16620,SYN-U-16838,SYN-LN-6620,40000.0,10000.0,2025-11-14,2026-01-01,48,10000.0,0
SYN-REP-16621,SYN-U-15548,SYN-LN-6621,25000.0,6250.0,2025-09-19,2025-09-19,0,6250.0,0
SYN-REP-16622,SYN-U-10453,SYN-LN-6622,15000.0,3750.0,2025-07-09,2025-07-09,0,3750.0,0
SYN-REP-16623,SYN-U-11590,SYN-LN-6623,10000.0,2500.0,2026-05-18,2026-05-18,0,2500.0,0
SYN-REP-16624,SYN-U-10383,SYN-LN-6624,40000.0,10000.0,2026-07-02,2026-07-02,0,10000.0,0
SYN-REP-16625,SYN-U-16116,SYN-LN-6625,25000.0,6250.0,2025-11-07,2025-11-07,0,6250.0,0
SYN-REP-16626,SYN-U-18664,SYN-LN-6626,40000.0,10000.0,2025-07-21,2025-08-29,39,10000.0,0
SYN-REP-16627,SYN-U-19244,SYN-LN-6627,5000.0,1250.0,2026-05-22,2026-05-22,0,1250.0,0
SYN-REP-16628,SYN-U-15783,SYN-LN-6628,25000.0,6250.0,2025-12-11,2025-12-11,0,6250.0,0
SYN-REP-16629,SYN-U-16548,SYN-LN-6629,15000.0,3750.0,2025-12-24,2025-12-24,0,3750.0,0
SYN-REP-16630,SYN-U-10062,SYN-LN-6630,10000.0,2500.0,2026-04-04,2026-04-04,0,2500.0,0
SYN-REP-16631,SYN-U-11727,SYN-LN-6631,40000.0,10000.0,2025-09-12,2025-09-12,0,10000.0,0
SYN-REP-16632,SYN-U-10445,SYN-LN-6632,40000.0,10000.0,2025-12-06,2025-12-06,0,10000.0,0
SYN-REP-16633,SYN-U-19705,SYN-LN-6633,15000.0,3750.0,2026-07-29,2026-07-29,0,3750.0,0
SYN-REP-16634,SYN-U-11656,SYN-LN-6634,10000.0,2500.0,2026-01-16,2026-01-16,0,2500.0,0
SYN-REP-16635,SYN-U-13759,SYN-LN-6635,25000.0,6250.0,2025-12-13,2025-12-13,0,6250.0,0
SYN-REP-16636,SYN-U-11996,SYN-LN-6636,15000.0,3750.0,2025-08-05,2025-08-05,0,3750.0,0
SYN-REP-16637,SYN-U-16325,SYN-LN-6637,5000.0,1250.0,2026-04-10,2026-04-10,0,1250.0,0
SYN-REP-16638,SYN-U-16145,SYN-LN-6638,25000.0,6250.0,2026-01-10,2026-01-11,1,6250.0,0
SYN-REP-16639,SYN-U-19387,SYN-LN-6639,40000.0,10000.0,2026-07-19,2026-07-20,1,10000.0,0
SYN-REP-16640,SYN-U-12089,SYN-LN-6640,25000.0,6250.0,2026-01-23,2026-01-23,0,6250.0,0
SYN-REP-16641,SYN-U-11765,SYN-LN-6641,10000.0,2500.0,2025-08-19,2025-08-19,0,2500.0,0
SYN-REP-16642,SYN-U-10933,SYN-LN-6642,10000.0,2500.0,2026-08-17,2026-08-17,0,2500.0,0
SYN-REP-16643,SYN-U-17542,SYN-LN-6643,40000.0,10000.0,2026-06-10,2026-06-10,0,10000.0,0
SYN-REP-16644,SYN-U-11217,SYN-LN-6644,15000.0,3750.0,2026-07-31,2026-07-31,0,3750.0,0
SYN-REP-16645,SYN-U-13471,SYN-LN-6645,5000.0,1250.0,2025-07-23,2025-07-23,0,1250.0,0
SYN-REP-16646,SYN-U-11969,SYN-LN-6646,5000.0,1250.0,2026-08-07,2026-08-07,0,1250.0,0
SYN-REP-16647,SYN-U-13427,SYN-LN-6647,40000.0,10000.0,2025-12-04,2025-12-04,0,10000.0,0
SYN-REP-16648,SYN-U-14490,SYN-LN-6648,5000.0,1250.0,2026-05-10,2026-05-10,0,1250.0,0
SYN-REP-16649,SYN-U-15778,SYN-LN-6649,5000.0,1250.0,2025-08-18,2025-08-18,0,1250.0,0
SYN-REP-16650,SYN-U-15028,SYN-LN-6650,40000.0,10000.0,2026-03-20,2026-03-20,0,10000.0,0
SYN-REP-16651,SYN-U-12831,SYN-LN-6651,15000.0,3750.0,2026-05-14,2026-05-14,0,3750.0,0
SYN-REP-16652,SYN-U-13408,SYN-LN-6652,40000.0,10000.0,2025-08-12,2025-08-12,0,10000.0,0
SYN-REP-16653,SYN-U-10090,SYN-LN-6653,10000.0,2500.0,2025-07-10,2025-07-14,4,2500.0,0
SYN-REP-16654,SYN-U-17977,SYN-LN-6654,10000.0,2500.0,2026-07-26,2026-07-26,0,2500.0,0
SYN-REP-16655,SYN-U-10872,SYN-LN-6655,40000.0,10000.0,2025-10-08,2025-10-08,0,10000.0,0
SYN-REP-16656,SYN-U-17669,SYN-LN-6656,10000.0,2500.0,2025-12-21,2025-12-23,2,2500.0,0
SYN-REP-16657,SYN-U-13246,SYN-LN-6657,40000.0,10000.0,2025-07-04,2025-07-08,4,10000.0,0
SYN-REP-16658,SYN-U-15644,SYN-LN-6658,25000.0,6250.0,2026-06-24,2026-06-24,0,6250.0,0
SYN-REP-16659,SYN-U-18724,SYN-LN-6659,25000.0,6250.0,2026-04-05,2026-04-05,0,6250.0,0
SYN-REP-16660,SYN-U-10091,SYN-LN-6660,10000.0,2500.0,2025-10-30,2025-10-30,0,2500.0,0
SYN-REP-16661,SYN-U-10837,SYN-LN-6661,5000.0,1250.0,2026-03-02,2026-03-02,0,1250.0,0
SYN-REP-16662,SYN-U-18413,SYN-LN-6662,15000.0,3750.0,2025-09-09,2025-09-09,0,3750.0,0
SYN-REP-16663,SYN-U-15287,SYN-LN-6663,15000.0,3750.0,2026-01-19,2026-01-20,1,3750.0,0
SYN-REP-16664,SYN-U-12879,SYN-LN-6664,25000.0,6250.0,2025-12-24,2025-12-24,0,6250.0,0
SYN-REP-16665,SYN-U-14731,SYN-LN-6665,40000.0,10000.0,2025-07-28,2025-07-28,0,10000.0,0
SYN-REP-16666,SYN-U-12411,SYN-LN-6666,40000.0,10000.0,2025-11-07,2025-11-07,0,10000.0,0
SYN-REP-16667,SYN-U-11739,SYN-LN-6667,5000.0,1250.0,2025-11-10,2025-11-10,0,1250.0,0
SYN-REP-16668,SYN-U-17718,SYN-LN-6668,40000.0,10000.0,2026-02-24,2026-02-24,0,10000.0,0
SYN-REP-16669,SYN-U-19861,SYN-LN-6669,15000.0,3750.0,2025-11-02,2025-11-02,0,3750.0,0
SYN-REP-16670,SYN-U-15355,SYN-LN-6670,25000.0,6250.0,2025-06-17,2025-06-20,3,6250.0,0
SYN-REP-16671,SYN-U-13895,SYN-LN-6671,10000.0,2500.0,2025-08-10,2025-08-10,0,2500.0,0
SYN-REP-16672,SYN-U-16060,SYN-LN-6672,40000.0,10000.0,2025-06-09,2025-06-09,0,10000.0,0
SYN-REP-16673,SYN-U-11287,SYN-LN-6673,5000.0,1250.0,2025-08-12,2025-08-12,0,1250.0,0
SYN-REP-16674,SYN-U-19338,SYN-LN-6674,5000.0,1250.0,2026-02-20,2026-02-21,1,1250.0,0
SYN-REP-16675,SYN-U-10066,SYN-LN-6675,10000.0,2500.0,2026-04-28,2026-04-28,0,2500.0,0
SYN-REP-16676,SYN-U-13982,SYN-LN-6676,5000.0,1250.0,2025-07-18,2025-07-18,0,1250.0,0
SYN-REP-16677,SYN-U-17956,SYN-LN-6677,40000.0,10000.0,2025-08-31,2025-08-31,0,10000.0,0
SYN-REP-16678,SYN-U-11033,SYN-LN-6678,25000.0,6250.0,2026-04-02,2026-04-02,0,6250.0,0
SYN-REP-16679,SYN-U-18738,SYN-LN-6679,10000.0,2500.0,2025-08-01,2025-08-01,0,2500.0,0
SYN-REP-16680,SYN-U-19709,SYN-LN-6680,5000.0,1250.0,2025-08-18,2025-08-18,0,1250.0,0
SYN-REP-16681,SYN-U-14513,SYN-LN-6681,25000.0,6250.0,2026-01-03,2026-01-03,0,6250.0,0
SYN-REP-16682,SYN-U-16319,SYN-LN-6682,15000.0,3750.0,2025-07-20,2025-07-20,0,3750.0,0
SYN-REP-16683,SYN-U-16475,SYN-LN-6683,10000.0,2500.0,2026-08-12,2026-08-12,0,2500.0,0
SYN-REP-16684,SYN-U-17976,SYN-LN-6684,5000.0,1250.0,2026-06-26,2026-06-26,0,1250.0,0
SYN-REP-16685,SYN-U-15597,SYN-LN-6685,5000.0,1250.0,2026-05-21,2026-05-21,0,1250.0,0
SYN-REP-16686,SYN-U-19769,SYN-LN-6686,5000.0,1250.0,2025-08-05,2025-08-05,0,1250.0,0
SYN-REP-16687,SYN-U-13960,SYN-LN-6687,10000.0,2500.0,2025-08-19,2025-08-19,0,2500.0,0
SYN-REP-16688,SYN-U-18542,SYN-LN-6688,25000.0,6250.0,2025-11-21,2025-11-25,4,6250.0,0
SYN-REP-16689,SYN-U-11574,SYN-LN-6689,25000.0,6250.0,2026-03-23,2026-03-23,0,6250.0,0
SYN-REP-16690,SYN-U-15517,SYN-LN-6690,5000.0,1250.0,2026-07-14,2026-07-14,0,1250.0,0
SYN-REP-16691,SYN-U-12719,SYN-LN-6691,10000.0,2500.0,2026-01-31,2026-02-04,4,2500.0,0
SYN-REP-16692,SYN-U-13335,SYN-LN-6692,10000.0,2500.0,2025-06-20,2025-06-20,0,2500.0,0
SYN-REP-16693,SYN-U-12928,SYN-LN-6693,10000.0,2500.0,2026-07-09,2026-07-09,0,2500.0,0
SYN-REP-16694,SYN-U-19756,SYN-LN-6694,40000.0,10000.0,2026-03-14,2026-03-14,0,10000.0,0
SYN-REP-16695,SYN-U-15348,SYN-LN-6695,10000.0,2500.0,2026-04-22,2026-04-25,3,2500.0,0
SYN-REP-16696,SYN-U-17632,SYN-LN-6696,40000.0,10000.0,2026-01-01,2026-01-05,4,10000.0,0
SYN-REP-16697,SYN-U-13314,SYN-LN-6697,5000.0,1250.0,2025-09-12,2025-09-12,0,1250.0,0
SYN-REP-16698,SYN-U-19216,SYN-LN-6698,40000.0,10000.0,2025-06-13,2025-06-13,0,10000.0,0
SYN-REP-16699,SYN-U-15676,SYN-LN-6699,15000.0,3750.0,2026-08-20,2026-08-20,0,3750.0,0
SYN-REP-16700,SYN-U-14682,SYN-LN-6700,5000.0,1250.0,2026-01-22,2026-01-22,0,1250.0,0
SYN-REP-16701,SYN-U-13014,SYN-LN-6701,40000.0,10000.0,2026-06-13,2026-06-13,0,10000.0,0
SYN-REP-16702,SYN-U-14074,SYN-LN-6702,15000.0,3750.0,2025-07-20,2025-07-20,0,3750.0,0
SYN-REP-16703,SYN-U-14774,SYN-LN-6703,15000.0,3750.0,2025-11-01,2025-11-01,0,3750.0,0
SYN-REP-16704,SYN-U-15959,SYN-LN-6704,15000.0,3750.0,2026-07-16,2026-07-16,0,3750.0,0
SYN-REP-16705,SYN-U-18603,SYN-LN-6705,5000.0,1250.0,2025-08-31,2025-08-31,0,1250.0,0
SYN-REP-16706,SYN-U-10550,SYN-LN-6706,25000.0,6250.0,2025-11-22,2025-11-22,0,6250.0,0
SYN-REP-16707,SYN-U-12936,SYN-LN-6707,10000.0,2500.0,2025-11-15,2025-11-15,0,2500.0,0
SYN-REP-16708,SYN-U-17578,SYN-LN-6708,15000.0,3750.0,2025-10-05,2025-10-05,0,3750.0,0
SYN-REP-16709,SYN-U-17850,SYN-LN-6709,15000.0,3750.0,2026-04-20,2026-04-20,0,3750.0,0
SYN-REP-16710,SYN-U-13133,SYN-LN-6710,10000.0,2500.0,2026-06-20,2026-06-20,0,2500.0,0
SYN-REP-16711,SYN-U-14279,SYN-LN-6711,10000.0,2500.0,2026-01-15,2026-01-15,0,2500.0,0
SYN-REP-16712,SYN-U-10108,SYN-LN-6712,25000.0,6250.0,2025-06-09,2025-06-09,0,6250.0,0
SYN-REP-16713,SYN-U-18100,SYN-LN-6713,25000.0,6250.0,2025-08-30,2025-08-30,0,6250.0,0
SYN-REP-16714,SYN-U-17732,SYN-LN-6714,25000.0,6250.0,2026-02-12,2026-02-12,0,6250.0,0
SYN-REP-16715,SYN-U-19169,SYN-LN-6715,25000.0,6250.0,2026-03-20,2026-03-20,0,6250.0,0
SYN-REP-16716,SYN-U-19895,SYN-LN-6716,15000.0,3750.0,2026-05-07,2026-05-07,0,3750.0,0
SYN-REP-16717,SYN-U-18023,SYN-LN-6717,10000.0,2500.0,2026-05-03,2026-05-03,0,2500.0,0
SYN-REP-16718,SYN-U-16449,SYN-LN-6718,10000.0,2500.0,2025-06-27,2025-06-28,1,2500.0,0
SYN-REP-16719,SYN-U-15690,SYN-LN-6719,10000.0,2500.0,2026-03-24,,62,814.82,1
SYN-REP-16720,SYN-U-10845,SYN-LN-6720,15000.0,3750.0,2026-06-15,2026-06-15,0,3750.0,0
SYN-REP-16721,SYN-U-19104,SYN-LN-6721,25000.0,6250.0,2025-12-31,2025-12-31,0,6250.0,0
SYN-REP-16722,SYN-U-19673,SYN-LN-6722,10000.0,2500.0,2026-01-23,2026-01-26,3,2500.0,0
SYN-REP-16723,SYN-U-19012,SYN-LN-6723,10000.0,2500.0,2026-04-29,2026-04-29,0,2500.0,0
SYN-REP-16724,SYN-U-13743,SYN-LN-6724,5000.0,1250.0,2026-08-11,2026-08-11,0,1250.0,0
SYN-REP-16725,SYN-U-14377,SYN-LN-6725,15000.0,3750.0,2026-04-05,2026-04-05,0,3750.0,0
SYN-REP-16726,SYN-U-15476,SYN-LN-6726,15000.0,3750.0,2025-11-21,2025-11-21,0,3750.0,0
SYN-REP-16727,SYN-U-11401,SYN-LN-6727,10000.0,2500.0,2025-07-11,2025-07-11,0,2500.0,0
SYN-REP-16728,SYN-U-17631,SYN-LN-6728,40000.0,10000.0,2025-09-29,2025-09-29,0,10000.0,0
SYN-REP-16729,SYN-U-14137,SYN-LN-6729,40000.0,10000.0,2025-06-27,2025-06-27,0,10000.0,0
SYN-REP-16730,SYN-U-15834,SYN-LN-6730,15000.0,3750.0,2025-12-03,2025-12-03,0,3750.0,0
SYN-REP-16731,SYN-U-15098,SYN-LN-6731,10000.0,2500.0,2025-10-31,2025-10-31,0,2500.0,0
SYN-REP-16732,SYN-U-11598,SYN-LN-6732,15000.0,3750.0,2026-02-11,2026-02-11,0,3750.0,0
SYN-REP-16733,SYN-U-13695,SYN-LN-6733,5000.0,1250.0,2025-09-10,2025-09-10,0,1250.0,0
SYN-REP-16734,SYN-U-14373,SYN-LN-6734,10000.0,2500.0,2026-01-08,2026-01-08,0,2500.0,0
SYN-REP-16735,SYN-U-11824,SYN-LN-6735,15000.0,3750.0,2026-04-01,2026-04-01,0,3750.0,0
SYN-REP-16736,SYN-U-18377,SYN-LN-6736,25000.0,6250.0,2026-02-17,2026-02-17,0,6250.0,0
SYN-REP-16737,SYN-U-18958,SYN-LN-6737,25000.0,6250.0,2026-06-05,2026-06-05,0,6250.0,0
SYN-REP-16738,SYN-U-10674,SYN-LN-6738,10000.0,2500.0,2025-10-21,2025-10-21,0,2500.0,0
SYN-REP-16739,SYN-U-17847,SYN-LN-6739,5000.0,1250.0,2026-04-15,2026-06-06,52,1250.0,0
SYN-REP-16740,SYN-U-19386,SYN-LN-6740,15000.0,3750.0,2026-05-18,,85,278.56,1
SYN-REP-16741,SYN-U-14453,SYN-LN-6741,15000.0,3750.0,2026-06-26,2026-06-26,0,3750.0,0
SYN-REP-16742,SYN-U-10140,SYN-LN-6742,25000.0,6250.0,2025-11-02,2025-11-02,0,6250.0,0
SYN-REP-16743,SYN-U-18072,SYN-LN-6743,5000.0,1250.0,2026-02-11,2026-02-11,0,1250.0,0
SYN-REP-16744,SYN-U-12917,SYN-LN-6744,5000.0,1250.0,2025-08-18,2025-08-18,0,1250.0,0
SYN-REP-16745,SYN-U-17418,SYN-LN-6745,15000.0,3750.0,2025-07-30,2025-07-30,0,3750.0,0
SYN-REP-16746,SYN-U-19291,SYN-LN-6746,10000.0,2500.0,2026-03-08,2026-03-10,2,2500.0,0
SYN-REP-16747,SYN-U-19670,SYN-LN-6747,5000.0,1250.0,2025-12-04,2025-12-04,0,1250.0,0
SYN-REP-16748,SYN-U-12075,SYN-LN-6748,5000.0,1250.0,2025-12-11,2025-12-11,0,1250.0,0
SYN-REP-16749,SYN-U-14695,SYN-LN-6749,15000.0,3750.0,2025-07-17,2025-07-17,0,3750.0,0
SYN-REP-16750,SYN-U-16113,SYN-LN-6750,5000.0,1250.0,2025-09-27,2025-09-27,0,1250.0,0
SYN-REP-16751,SYN-U-13606,SYN-LN-6751,5000.0,1250.0,2026-04-14,2026-04-16,2,1250.0,0
SYN-REP-16752,SYN-U-14389,SYN-LN-6752,10000.0,2500.0,2026-01-03,2026-01-03,0,2500.0,0
SYN-REP-16753,SYN-U-13186,SYN-LN-6753,5000.0,1250.0,2025-06-02,2025-06-02,0,1250.0,0
SYN-REP-16754,SYN-U-12139,SYN-LN-6754,15000.0,3750.0,2025-09-15,2025-09-15,0,3750.0,0
SYN-REP-16755,SYN-U-18589,SYN-LN-6755,15000.0,3750.0,2026-08-18,2026-08-18,0,3750.0,0
SYN-REP-16756,SYN-U-12152,SYN-LN-6756,40000.0,10000.0,2025-09-26,2025-09-26,0,10000.0,0
SYN-REP-16757,SYN-U-13982,SYN-LN-6757,25000.0,6250.0,2025-11-13,2025-11-13,0,6250.0,0
SYN-REP-16758,SYN-U-11845,SYN-LN-6758,40000.0,10000.0,2026-05-05,2026-05-05,0,10000.0,0
SYN-REP-16759,SYN-U-10423,SYN-LN-6759,5000.0,1250.0,2026-04-27,2026-04-27,0,1250.0,0
SYN-REP-16760,SYN-U-10620,SYN-LN-6760,25000.0,6250.0,2026-03-11,2026-03-11,0,6250.0,0
SYN-REP-16761,SYN-U-15015,SYN-LN-6761,10000.0,2500.0,2025-10-26,2025-10-26,0,2500.0,0
SYN-REP-16762,SYN-U-11118,SYN-LN-6762,10000.0,2500.0,2026-06-06,2026-06-10,4,2500.0,0
SYN-REP-16763,SYN-U-16289,SYN-LN-6763,40000.0,10000.0,2025-10-07,2025-10-07,0,10000.0,0
SYN-REP-16764,SYN-U-19756,SYN-LN-6764,25000.0,6250.0,2026-01-17,2026-01-20,3,6250.0,0
SYN-REP-16765,SYN-U-11964,SYN-LN-6765,10000.0,2500.0,2025-08-04,2025-08-08,4,2500.0,0
SYN-REP-16766,SYN-U-10939,SYN-LN-6766,5000.0,1250.0,2025-07-16,2025-07-16,0,1250.0,0
SYN-REP-16767,SYN-U-10897,SYN-LN-6767,10000.0,2500.0,2025-12-09,2025-12-09,0,2500.0,0
SYN-REP-16768,SYN-U-12212,SYN-LN-6768,25000.0,6250.0,2026-07-07,2026-07-07,0,6250.0,0
SYN-REP-16769,SYN-U-13541,SYN-LN-6769,15000.0,3750.0,2026-01-10,2026-01-10,0,3750.0,0
SYN-REP-16770,SYN-U-15858,SYN-LN-6770,40000.0,10000.0,2026-04-22,2026-04-25,3,10000.0,0
SYN-REP-16771,SYN-U-12803,SYN-LN-6771,10000.0,2500.0,2026-02-13,2026-02-13,0,2500.0,0
SYN-REP-16772,SYN-U-16395,SYN-LN-6772,25000.0,6250.0,2025-06-04,2025-06-04,0,6250.0,0
SYN-REP-16773,SYN-U-13709,SYN-LN-6773,40000.0,10000.0,2025-10-21,2025-12-19,59,10000.0,0
SYN-REP-16774,SYN-U-17388,SYN-LN-6774,40000.0,10000.0,2025-08-23,2025-08-23,0,10000.0,0
SYN-REP-16775,SYN-U-12892,SYN-LN-6775,25000.0,6250.0,2026-04-10,2026-04-10,0,6250.0,0
SYN-REP-16776,SYN-U-18561,SYN-LN-6776,15000.0,3750.0,2025-09-28,2025-09-28,0,3750.0,0
SYN-REP-16777,SYN-U-11148,SYN-LN-6777,5000.0,1250.0,2025-08-02,2025-08-02,0,1250.0,0
SYN-REP-16778,SYN-U-19192,SYN-LN-6778,5000.0,1250.0,2025-09-27,2025-09-27,0,1250.0,0
SYN-REP-16779,SYN-U-15978,SYN-LN-6779,10000.0,2500.0,2025-10-10,2025-10-10,0,2500.0,0
SYN-REP-16780,SYN-U-18688,SYN-LN-6780,5000.0,1250.0,2026-01-27,2026-01-27,0,1250.0,0
SYN-REP-16781,SYN-U-14104,SYN-LN-6781,10000.0,2500.0,2025-10-25,2025-10-25,0,2500.0,0
SYN-REP-16782,SYN-U-15135,SYN-LN-6782,15000.0,3750.0,2026-05-28,2026-05-28,0,3750.0,0
SYN-REP-16783,SYN-U-18254,SYN-LN-6783,10000.0,2500.0,2026-03-28,2026-03-28,0,2500.0,0
SYN-REP-16784,SYN-U-11468,SYN-LN-6784,40000.0,10000.0,2025-10-11,2025-10-11,0,10000.0,0
SYN-REP-16785,SYN-U-10093,SYN-LN-6785,10000.0,2500.0,2025-08-01,2025-08-01,0,2500.0,0
SYN-REP-16786,SYN-U-11180,SYN-LN-6786,40000.0,10000.0,2025-12-27,2025-12-27,0,10000.0,0
SYN-REP-16787,SYN-U-17599,SYN-LN-6787,25000.0,6250.0,2026-01-17,2026-01-17,0,6250.0,0
SYN-REP-16788,SYN-U-17510,SYN-LN-6788,25000.0,6250.0,2025-07-01,2025-07-01,0,6250.0,0
SYN-REP-16789,SYN-U-19688,SYN-LN-6789,25000.0,6250.0,2025-06-04,2025-06-04,0,6250.0,0
SYN-REP-16790,SYN-U-17821,SYN-LN-6790,25000.0,6250.0,2025-09-23,2025-09-25,2,6250.0,0
SYN-REP-16791,SYN-U-15044,SYN-LN-6791,5000.0,1250.0,2025-10-01,2025-10-01,0,1250.0,0
SYN-REP-16792,SYN-U-11326,SYN-LN-6792,5000.0,1250.0,2026-06-22,2026-06-22,0,1250.0,0
SYN-REP-16793,SYN-U-15964,SYN-LN-6793,10000.0,2500.0,2025-08-04,2025-08-04,0,2500.0,0
SYN-REP-16794,SYN-U-14307,SYN-LN-6794,10000.0,2500.0,2026-06-11,2026-06-11,0,2500.0,0
SYN-REP-16795,SYN-U-10107,SYN-LN-6795,40000.0,10000.0,2026-04-25,2026-04-26,1,10000.0,0
SYN-REP-16796,SYN-U-18371,SYN-LN-6796,15000.0,3750.0,2025-08-15,2025-08-15,0,3750.0,0
SYN-REP-16797,SYN-U-14333,SYN-LN-6797,10000.0,2500.0,2025-10-01,2025-10-01,0,2500.0,0
SYN-REP-16798,SYN-U-19294,SYN-LN-6798,25000.0,6250.0,2026-07-26,2026-07-28,2,6250.0,0
SYN-REP-16799,SYN-U-13432,SYN-LN-6799,25000.0,6250.0,2026-02-22,2026-02-22,0,6250.0,0
SYN-REP-16800,SYN-U-19866,SYN-LN-6800,25000.0,6250.0,2026-01-01,2026-01-05,4,6250.0,0
SYN-REP-16801,SYN-U-12572,SYN-LN-6801,40000.0,10000.0,2026-07-09,2026-07-09,0,10000.0,0
SYN-REP-16802,SYN-U-13447,SYN-LN-6802,10000.0,2500.0,2026-01-20,2026-01-20,0,2500.0,0
SYN-REP-16803,SYN-U-15460,SYN-LN-6803,5000.0,1250.0,2025-06-18,2025-06-18,0,1250.0,0
SYN-REP-16804,SYN-U-15533,SYN-LN-6804,25000.0,6250.0,2026-08-14,2026-08-14,0,6250.0,0
SYN-REP-16805,SYN-U-12514,SYN-LN-6805,10000.0,2500.0,2026-04-08,2026-04-08,0,2500.0,0
SYN-REP-16806,SYN-U-12098,SYN-LN-6806,5000.0,1250.0,2026-04-23,2026-04-23,0,1250.0,0
SYN-REP-16807,SYN-U-16091,SYN-LN-6807,15000.0,3750.0,2026-01-24,2026-01-24,0,3750.0,0
SYN-REP-16808,SYN-U-12651,SYN-LN-6808,15000.0,3750.0,2025-06-28,2025-06-28,0,3750.0,0
SYN-REP-16809,SYN-U-17227,SYN-LN-6809,5000.0,1250.0,2026-08-23,2026-08-23,0,1250.0,0
SYN-REP-16810,SYN-U-10821,SYN-LN-6810,25000.0,6250.0,2025-06-19,2025-06-19,0,6250.0,0
SYN-REP-16811,SYN-U-10447,SYN-LN-6811,10000.0,2500.0,2026-02-13,2026-02-13,0,2500.0,0
SYN-REP-16812,SYN-U-18777,SYN-LN-6812,5000.0,1250.0,2025-10-23,2025-10-23,0,1250.0,0
SYN-REP-16813,SYN-U-15060,SYN-LN-6813,15000.0,3750.0,2026-04-11,2026-04-11,0,3750.0,0
SYN-REP-16814,SYN-U-18968,SYN-LN-6814,15000.0,3750.0,2026-01-25,2026-01-25,0,3750.0,0
SYN-REP-16815,SYN-U-10391,SYN-LN-6815,40000.0,10000.0,2025-11-12,2025-11-16,4,10000.0,0
SYN-REP-16816,SYN-U-19314,SYN-LN-6816,15000.0,3750.0,2026-04-02,,80,75.13,1
SYN-REP-16817,SYN-U-14508,SYN-LN-6817,25000.0,6250.0,2025-08-22,2025-08-22,0,6250.0,0
SYN-REP-16818,SYN-U-17836,SYN-LN-6818,5000.0,1250.0,2026-04-19,2026-04-19,0,1250.0,0
SYN-REP-16819,SYN-U-17382,SYN-LN-6819,40000.0,10000.0,2026-04-20,2026-04-20,0,10000.0,0
SYN-REP-16820,SYN-U-16861,SYN-LN-6820,40000.0,10000.0,2026-03-24,2026-03-24,0,10000.0,0
SYN-REP-16821,SYN-U-15792,SYN-LN-6821,40000.0,10000.0,2025-06-08,2025-06-08,0,10000.0,0
SYN-REP-16822,SYN-U-10921,SYN-LN-6822,15000.0,3750.0,2025-06-04,2025-06-04,0,3750.0,0
SYN-REP-16823,SYN-U-10165,SYN-LN-6823,40000.0,10000.0,2026-03-18,2026-03-18,0,10000.0,0
SYN-REP-16824,SYN-U-10393,SYN-LN-6824,40000.0,10000.0,2025-09-21,2025-09-21,0,10000.0,0
SYN-REP-16825,SYN-U-16949,SYN-LN-6825,15000.0,3750.0,2026-03-06,2026-03-06,0,3750.0,0
SYN-REP-16826,SYN-U-19200,SYN-LN-6826,25000.0,6250.0,2025-08-23,2025-08-23,0,6250.0,0
SYN-REP-16827,SYN-U-16567,SYN-LN-6827,5000.0,1250.0,2025-11-25,2025-11-25,0,1250.0,0
SYN-REP-16828,SYN-U-14250,SYN-LN-6828,25000.0,6250.0,2025-10-29,2025-10-29,0,6250.0,0
SYN-REP-16829,SYN-U-12156,SYN-LN-6829,40000.0,10000.0,2026-04-23,2026-04-23,0,10000.0,0
SYN-REP-16830,SYN-U-12340,SYN-LN-6830,10000.0,2500.0,2026-03-19,2026-03-20,1,2500.0,0
SYN-REP-16831,SYN-U-17060,SYN-LN-6831,5000.0,1250.0,2026-05-23,2026-05-23,0,1250.0,0
SYN-REP-16832,SYN-U-18363,SYN-LN-6832,40000.0,10000.0,2026-02-15,2026-02-15,0,10000.0,0
SYN-REP-16833,SYN-U-12251,SYN-LN-6833,10000.0,2500.0,2026-06-24,2026-06-26,2,2500.0,0
SYN-REP-16834,SYN-U-16281,SYN-LN-6834,5000.0,1250.0,2026-01-16,2026-01-16,0,1250.0,0
SYN-REP-16835,SYN-U-14974,SYN-LN-6835,25000.0,6250.0,2026-03-08,2026-03-08,0,6250.0,0
SYN-REP-16836,SYN-U-12355,SYN-LN-6836,15000.0,3750.0,2026-02-22,2026-02-22,0,3750.0,0
SYN-REP-16837,SYN-U-16777,SYN-LN-6837,5000.0,1250.0,2025-07-12,2025-07-12,0,1250.0,0
SYN-REP-16838,SYN-U-10513,SYN-LN-6838,25000.0,6250.0,2026-07-04,2026-07-04,0,6250.0,0
SYN-REP-16839,SYN-U-15143,SYN-LN-6839,5000.0,1250.0,2025-12-15,2025-12-15,0,1250.0,0
SYN-REP-16840,SYN-U-14516,SYN-LN-6840,10000.0,2500.0,2026-06-09,,74,405.3,1
SYN-REP-16841,SYN-U-10378,SYN-LN-6841,25000.0,6250.0,2026-02-16,2026-02-16,0,6250.0,0
SYN-REP-16842,SYN-U-16110,SYN-LN-6842,10000.0,2500.0,2026-08-12,2026-08-12,0,2500.0,0
SYN-REP-16843,SYN-U-13638,SYN-LN-6843,15000.0,3750.0,2025-07-13,2025-07-13,0,3750.0,0
SYN-REP-16844,SYN-U-15709,SYN-LN-6844,10000.0,2500.0,2025-12-09,2025-12-09,0,2500.0,0
SYN-REP-16845,SYN-U-12803,SYN-LN-6845,5000.0,1250.0,2026-07-30,2026-08-02,3,1250.0,0
SYN-REP-16846,SYN-U-18363,SYN-LN-6846,15000.0,3750.0,2026-03-26,2026-03-26,0,3750.0,0
SYN-REP-16847,SYN-U-16789,SYN-LN-6847,40000.0,10000.0,2025-07-29,2025-07-29,0,10000.0,0
SYN-REP-16848,SYN-U-17149,SYN-LN-6848,40000.0,10000.0,2026-07-16,2026-07-16,0,10000.0,0
SYN-REP-16849,SYN-U-13957,SYN-LN-6849,25000.0,6250.0,2026-03-09,2026-03-09,0,6250.0,0
SYN-REP-16850,SYN-U-16264,SYN-LN-6850,40000.0,10000.0,2025-09-26,2025-09-26,0,10000.0,0
SYN-REP-16851,SYN-U-12495,SYN-LN-6851,15000.0,3750.0,2026-08-03,2026-08-03,0,3750.0,0
SYN-REP-16852,SYN-U-16214,SYN-LN-6852,5000.0,1250.0,2026-08-06,2026-08-06,0,1250.0,0
SYN-REP-16853,SYN-U-11251,SYN-LN-6853,10000.0,2500.0,2025-09-16,2025-09-17,1,2500.0,0
SYN-REP-16854,SYN-U-15984,SYN-LN-6854,40000.0,10000.0,2026-08-11,2026-08-11,0,10000.0,0
SYN-REP-16855,SYN-U-10361,SYN-LN-6855,40000.0,10000.0,2025-08-11,2025-08-11,0,10000.0,0
SYN-REP-16856,SYN-U-15594,SYN-LN-6856,10000.0,2500.0,2025-06-11,2025-06-11,0,2500.0,0
SYN-REP-16857,SYN-U-19598,SYN-LN-6857,40000.0,10000.0,2026-07-20,2026-07-20,0,10000.0,0
SYN-REP-16858,SYN-U-16689,SYN-LN-6858,25000.0,6250.0,2026-04-26,2026-04-26,0,6250.0,0
SYN-REP-16859,SYN-U-11165,SYN-LN-6859,10000.0,2500.0,2026-07-04,2026-07-08,4,2500.0,0
SYN-REP-16860,SYN-U-15260,SYN-LN-6860,15000.0,3750.0,2025-09-23,2025-09-23,0,3750.0,0
SYN-REP-16861,SYN-U-10995,SYN-LN-6861,15000.0,3750.0,2025-08-27,2025-10-19,53,3750.0,0
SYN-REP-16862,SYN-U-10192,SYN-LN-6862,15000.0,3750.0,2026-06-26,2026-06-27,1,3750.0,0
SYN-REP-16863,SYN-U-10796,SYN-LN-6863,5000.0,1250.0,2026-01-01,2026-01-01,0,1250.0,0
SYN-REP-16864,SYN-U-12598,SYN-LN-6864,10000.0,2500.0,2026-03-13,2026-03-13,0,2500.0,0
SYN-REP-16865,SYN-U-18792,SYN-LN-6865,25000.0,6250.0,2026-05-19,2026-05-19,0,6250.0,0
SYN-REP-16866,SYN-U-18085,SYN-LN-6866,15000.0,3750.0,2026-01-03,2026-01-03,0,3750.0,0
SYN-REP-16867,SYN-U-11100,SYN-LN-6867,10000.0,2500.0,2025-09-12,2025-09-12,0,2500.0,0
SYN-REP-16868,SYN-U-16266,SYN-LN-6868,25000.0,6250.0,2025-10-18,2025-10-18,0,6250.0,0
SYN-REP-16869,SYN-U-16642,SYN-LN-6869,40000.0,10000.0,2026-06-02,2026-06-02,0,10000.0,0
SYN-REP-16870,SYN-U-13973,SYN-LN-6870,10000.0,2500.0,2025-06-20,2025-06-22,2,2500.0,0
SYN-REP-16871,SYN-U-12274,SYN-LN-6871,5000.0,1250.0,2026-01-20,2026-01-20,0,1250.0,0
SYN-REP-16872,SYN-U-14763,SYN-LN-6872,15000.0,3750.0,2025-11-24,2025-11-24,0,3750.0,0
SYN-REP-16873,SYN-U-16693,SYN-LN-6873,15000.0,3750.0,2026-03-13,2026-03-13,0,3750.0,0
SYN-REP-16874,SYN-U-15248,SYN-LN-6874,15000.0,3750.0,2025-12-28,2025-12-28,0,3750.0,0
SYN-REP-16875,SYN-U-15180,SYN-LN-6875,25000.0,6250.0,2025-11-03,2025-11-03,0,6250.0,0
SYN-REP-16876,SYN-U-17186,SYN-LN-6876,5000.0,1250.0,2026-07-16,2026-07-16,0,1250.0,0
SYN-REP-16877,SYN-U-18611,SYN-LN-6877,15000.0,3750.0,2026-03-13,2026-03-13,0,3750.0,0
SYN-REP-16878,SYN-U-17600,SYN-LN-6878,25000.0,6250.0,2025-06-25,2025-06-25,0,6250.0,0
SYN-REP-16879,SYN-U-17358,SYN-LN-6879,5000.0,1250.0,2026-03-11,2026-03-11,0,1250.0,0
SYN-REP-16880,SYN-U-13917,SYN-LN-6880,40000.0,10000.0,2026-04-17,2026-04-17,0,10000.0,0
SYN-REP-16881,SYN-U-11253,SYN-LN-6881,10000.0,2500.0,2025-12-06,2025-12-06,0,2500.0,0
SYN-REP-16882,SYN-U-15406,SYN-LN-6882,25000.0,6250.0,2025-10-29,2025-10-29,0,6250.0,0
SYN-REP-16883,SYN-U-16172,SYN-LN-6883,15000.0,3750.0,2026-08-01,2026-08-01,0,3750.0,0
SYN-REP-16884,SYN-U-16228,SYN-LN-6884,25000.0,6250.0,2025-10-07,2025-10-07,0,6250.0,0
SYN-REP-16885,SYN-U-14321,SYN-LN-6885,5000.0,1250.0,2025-10-24,2025-10-24,0,1250.0,0
SYN-REP-16886,SYN-U-10678,SYN-LN-6886,15000.0,3750.0,2025-07-19,2025-07-19,0,3750.0,0
SYN-REP-16887,SYN-U-16002,SYN-LN-6887,10000.0,2500.0,2026-06-25,2026-06-25,0,2500.0,0
SYN-REP-16888,SYN-U-12338,SYN-LN-6888,40000.0,10000.0,2025-12-03,2025-12-04,1,10000.0,0
SYN-REP-16889,SYN-U-13775,SYN-LN-6889,5000.0,1250.0,2026-02-24,2026-02-24,0,1250.0,0
SYN-REP-16890,SYN-U-18958,SYN-LN-6890,25000.0,6250.0,2025-06-06,2025-06-06,0,6250.0,0
SYN-REP-16891,SYN-U-17552,SYN-LN-6891,25000.0,6250.0,2026-05-31,2026-05-31,0,6250.0,0
SYN-REP-16892,SYN-U-14900,SYN-LN-6892,25000.0,6250.0,2026-04-27,2026-04-27,0,6250.0,0
SYN-REP-16893,SYN-U-15953,SYN-LN-6893,5000.0,1250.0,2026-06-28,2026-06-28,0,1250.0,0
SYN-REP-16894,SYN-U-18702,SYN-LN-6894,10000.0,2500.0,2026-02-28,2026-02-28,0,2500.0,0
SYN-REP-16895,SYN-U-16358,SYN-LN-6895,10000.0,2500.0,2026-03-19,2026-03-19,0,2500.0,0
SYN-REP-16896,SYN-U-12783,SYN-LN-6896,15000.0,3750.0,2025-10-23,2025-10-23,0,3750.0,0
SYN-REP-16897,SYN-U-18452,SYN-LN-6897,5000.0,1250.0,2026-08-18,2026-08-18,0,1250.0,0
SYN-REP-16898,SYN-U-10208,SYN-LN-6898,25000.0,6250.0,2026-01-07,2026-01-07,0,6250.0,0
SYN-REP-16899,SYN-U-17497,SYN-LN-6899,10000.0,2500.0,2025-10-26,2025-10-26,0,2500.0,0
SYN-REP-16900,SYN-U-12143,SYN-LN-6900,5000.0,1250.0,2025-10-20,2025-10-20,0,1250.0,0
SYN-REP-16901,SYN-U-14624,SYN-LN-6901,15000.0,3750.0,2026-07-21,2026-07-21,0,3750.0,0
SYN-REP-16902,SYN-U-11620,SYN-LN-6902,15000.0,3750.0,2025-09-04,2025-09-05,1,3750.0,0
SYN-REP-16903,SYN-U-14382,SYN-LN-6903,40000.0,10000.0,2025-11-17,2025-11-17,0,10000.0,0
SYN-REP-16904,SYN-U-17105,SYN-LN-6904,40000.0,10000.0,2026-06-30,2026-07-02,2,10000.0,0
SYN-REP-16905,SYN-U-11797,SYN-LN-6905,40000.0,10000.0,2026-06-14,2026-06-14,0,10000.0,0
SYN-REP-16906,SYN-U-18867,SYN-LN-6906,15000.0,3750.0,2025-09-21,2025-09-21,0,3750.0,0
SYN-REP-16907,SYN-U-17511,SYN-LN-6907,25000.0,6250.0,2026-07-17,2026-07-17,0,6250.0,0
SYN-REP-16908,SYN-U-10300,SYN-LN-6908,15000.0,3750.0,2025-10-05,2025-10-05,0,3750.0,0
SYN-REP-16909,SYN-U-14502,SYN-LN-6909,5000.0,1250.0,2025-12-24,2025-12-24,0,1250.0,0
SYN-REP-16910,SYN-U-18784,SYN-LN-6910,10000.0,2500.0,2026-02-08,2026-02-08,0,2500.0,0
SYN-REP-16911,SYN-U-13741,SYN-LN-6911,40000.0,10000.0,2025-12-30,2025-12-30,0,10000.0,0
SYN-REP-16912,SYN-U-15718,SYN-LN-6912,15000.0,3750.0,2026-01-21,2026-01-21,0,3750.0,0
SYN-REP-16913,SYN-U-17764,SYN-LN-6913,15000.0,3750.0,2025-08-11,2025-08-11,0,3750.0,0
SYN-REP-16914,SYN-U-14061,SYN-LN-6914,5000.0,1250.0,2025-12-12,2025-12-12,0,1250.0,0
SYN-REP-16915,SYN-U-15226,SYN-LN-6915,5000.0,1250.0,2025-08-04,,69,145.72,1
SYN-REP-16916,SYN-U-10272,SYN-LN-6916,10000.0,2500.0,2025-08-18,2025-08-18,0,2500.0,0
SYN-REP-16917,SYN-U-15211,SYN-LN-6917,10000.0,2500.0,2025-11-06,2025-11-06,0,2500.0,0
SYN-REP-16918,SYN-U-14734,SYN-LN-6918,5000.0,1250.0,2026-03-11,2026-03-11,0,1250.0,0
SYN-REP-16919,SYN-U-11871,SYN-LN-6919,15000.0,3750.0,2026-02-22,2026-02-22,0,3750.0,0
SYN-REP-16920,SYN-U-18598,SYN-LN-6920,40000.0,10000.0,2026-04-03,2026-04-03,0,10000.0,0
SYN-REP-16921,SYN-U-13162,SYN-LN-6921,10000.0,2500.0,2025-12-01,2025-12-05,4,2500.0,0
SYN-REP-16922,SYN-U-16822,SYN-LN-6922,40000.0,10000.0,2026-06-20,2026-06-20,0,10000.0,0
SYN-REP-16923,SYN-U-14084,SYN-LN-6923,5000.0,1250.0,2026-03-19,2026-03-19,0,1250.0,0
SYN-REP-16924,SYN-U-17859,SYN-LN-6924,15000.0,3750.0,2025-12-06,2025-12-06,0,3750.0,0
SYN-REP-16925,SYN-U-19209,SYN-LN-6925,5000.0,1250.0,2026-07-16,2026-07-16,0,1250.0,0
SYN-REP-16926,SYN-U-10050,SYN-LN-6926,15000.0,3750.0,2026-02-24,2026-02-24,0,3750.0,0
SYN-REP-16927,SYN-U-12653,SYN-LN-6927,40000.0,10000.0,2025-06-19,2025-06-19,0,10000.0,0
SYN-REP-16928,SYN-U-13064,SYN-LN-6928,10000.0,2500.0,2025-08-19,2025-08-19,0,2500.0,0
SYN-REP-16929,SYN-U-12658,SYN-LN-6929,25000.0,6250.0,2026-05-24,2026-05-24,0,6250.0,0
SYN-REP-16930,SYN-U-15992,SYN-LN-6930,40000.0,10000.0,2025-10-20,2025-10-20,0,10000.0,0
SYN-REP-16931,SYN-U-11739,SYN-LN-6931,40000.0,10000.0,2026-02-19,2026-02-19,0,10000.0,0
SYN-REP-16932,SYN-U-15319,SYN-LN-6932,5000.0,1250.0,2025-06-17,2025-06-17,0,1250.0,0
SYN-REP-16933,SYN-U-16830,SYN-LN-6933,15000.0,3750.0,2025-09-30,2025-10-04,4,3750.0,0
SYN-REP-16934,SYN-U-11413,SYN-LN-6934,5000.0,1250.0,2025-07-17,2025-07-17,0,1250.0,0
SYN-REP-16935,SYN-U-14272,SYN-LN-6935,40000.0,10000.0,2026-08-19,2026-08-19,0,10000.0,0
SYN-REP-16936,SYN-U-18308,SYN-LN-6936,10000.0,2500.0,2025-10-12,2025-10-12,0,2500.0,0
SYN-REP-16937,SYN-U-18901,SYN-LN-6937,40000.0,10000.0,2025-07-16,2025-07-16,0,10000.0,0
SYN-REP-16938,SYN-U-17694,SYN-LN-6938,15000.0,3750.0,2025-08-17,2025-08-17,0,3750.0,0
SYN-REP-16939,SYN-U-17384,SYN-LN-6939,40000.0,10000.0,2025-12-01,2025-12-01,0,10000.0,0
SYN-REP-16940,SYN-U-17278,SYN-LN-6940,25000.0,6250.0,2026-02-11,2026-02-11,0,6250.0,0
SYN-REP-16941,SYN-U-18694,SYN-LN-6941,40000.0,10000.0,2026-03-15,2026-03-15,0,10000.0,0
SYN-REP-16942,SYN-U-13085,SYN-LN-6942,10000.0,2500.0,2026-04-05,2026-04-05,0,2500.0,0
SYN-REP-16943,SYN-U-19338,SYN-LN-6943,5000.0,1250.0,2025-12-04,2025-12-04,0,1250.0,0
SYN-REP-16944,SYN-U-17047,SYN-LN-6944,10000.0,2500.0,2025-10-05,2025-10-05,0,2500.0,0
SYN-REP-16945,SYN-U-13926,SYN-LN-6945,10000.0,2500.0,2026-05-30,2026-05-30,0,2500.0,0
SYN-REP-16946,SYN-U-12796,SYN-LN-6946,10000.0,2500.0,2026-04-20,2026-04-20,0,2500.0,0
SYN-REP-16947,SYN-U-19133,SYN-LN-6947,40000.0,10000.0,2026-06-30,2026-06-30,0,10000.0,0
SYN-REP-16948,SYN-U-18152,SYN-LN-6948,5000.0,1250.0,2026-07-31,2026-07-31,0,1250.0,0
SYN-REP-16949,SYN-U-11173,SYN-LN-6949,40000.0,10000.0,2025-09-25,2025-09-25,0,10000.0,0
SYN-REP-16950,SYN-U-18034,SYN-LN-6950,25000.0,6250.0,2025-09-20,2025-09-20,0,6250.0,0
SYN-REP-16951,SYN-U-17779,SYN-LN-6951,15000.0,3750.0,2026-08-10,2026-08-10,0,3750.0,0
SYN-REP-16952,SYN-U-19165,SYN-LN-6952,25000.0,6250.0,2026-08-15,2026-08-15,0,6250.0,0
SYN-REP-16953,SYN-U-10376,SYN-LN-6953,5000.0,1250.0,2026-01-11,2026-01-11,0,1250.0,0
SYN-REP-16954,SYN-U-16633,SYN-LN-6954,15000.0,3750.0,2026-01-18,2026-01-18,0,3750.0,0
SYN-REP-16955,SYN-U-11939,SYN-LN-6955,40000.0,10000.0,2026-03-27,2026-03-27,0,10000.0,0
SYN-REP-16956,SYN-U-18601,SYN-LN-6956,40000.0,10000.0,2025-09-05,2025-09-05,0,10000.0,0
SYN-REP-16957,SYN-U-18023,SYN-LN-6957,25000.0,6250.0,2026-02-01,2026-02-01,0,6250.0,0
SYN-REP-16958,SYN-U-17553,SYN-LN-6958,15000.0,3750.0,2025-09-16,2025-09-16,0,3750.0,0
SYN-REP-16959,SYN-U-10041,SYN-LN-6959,10000.0,2500.0,2025-10-10,2025-10-12,2,2500.0,0
SYN-REP-16960,SYN-U-11284,SYN-LN-6960,40000.0,10000.0,2025-08-06,2025-08-06,0,10000.0,0
SYN-REP-16961,SYN-U-11773,SYN-LN-6961,25000.0,6250.0,2026-02-26,2026-02-26,0,6250.0,0
SYN-REP-16962,SYN-U-10525,SYN-LN-6962,15000.0,3750.0,2026-02-19,2026-02-19,0,3750.0,0
SYN-REP-16963,SYN-U-18463,SYN-LN-6963,15000.0,3750.0,2026-04-14,2026-04-14,0,3750.0,0
SYN-REP-16964,SYN-U-11838,SYN-LN-6964,10000.0,2500.0,2025-09-10,2025-09-10,0,2500.0,0
SYN-REP-16965,SYN-U-19035,SYN-LN-6965,40000.0,10000.0,2026-03-10,2026-03-10,0,10000.0,0
SYN-REP-16966,SYN-U-16126,SYN-LN-6966,25000.0,6250.0,2026-04-01,2026-04-01,0,6250.0,0
SYN-REP-16967,SYN-U-12994,SYN-LN-6967,25000.0,6250.0,2026-01-28,2026-01-28,0,6250.0,0
SYN-REP-16968,SYN-U-16051,SYN-LN-6968,25000.0,6250.0,2026-08-11,2026-08-11,0,6250.0,0
SYN-REP-16969,SYN-U-13809,SYN-LN-6969,25000.0,6250.0,2026-04-11,2026-04-11,0,6250.0,0
SYN-REP-16970,SYN-U-10231,SYN-LN-6970,10000.0,2500.0,2026-03-03,2026-03-03,0,2500.0,0
SYN-REP-16971,SYN-U-14745,SYN-LN-6971,40000.0,10000.0,2025-07-16,2025-07-18,2,10000.0,0
SYN-REP-16972,SYN-U-16781,SYN-LN-6972,40000.0,10000.0,2026-05-20,2026-05-20,0,10000.0,0
SYN-REP-16973,SYN-U-12960,SYN-LN-6973,25000.0,6250.0,2025-08-08,2025-08-08,0,6250.0,0
SYN-REP-16974,SYN-U-12407,SYN-LN-6974,25000.0,6250.0,2026-02-25,2026-02-25,0,6250.0,0
SYN-REP-16975,SYN-U-18782,SYN-LN-6975,5000.0,1250.0,2025-11-20,2025-11-21,1,1250.0,0
SYN-REP-16976,SYN-U-18299,SYN-LN-6976,10000.0,2500.0,2025-10-06,2025-10-06,0,2500.0,0
SYN-REP-16977,SYN-U-16267,SYN-LN-6977,10000.0,2500.0,2025-10-05,2025-10-05,0,2500.0,0
SYN-REP-16978,SYN-U-13289,SYN-LN-6978,5000.0,1250.0,2026-05-29,2026-05-29,0,1250.0,0
SYN-REP-16979,SYN-U-16694,SYN-LN-6979,15000.0,3750.0,2025-10-25,2025-10-25,0,3750.0,0
SYN-REP-16980,SYN-U-11979,SYN-LN-6980,5000.0,1250.0,2025-09-26,2025-09-26,0,1250.0,0
SYN-REP-16981,SYN-U-10184,SYN-LN-6981,25000.0,6250.0,2026-08-15,2026-08-16,1,6250.0,0
SYN-REP-16982,SYN-U-12886,SYN-LN-6982,10000.0,2500.0,2026-01-10,2026-01-10,0,2500.0,0
SYN-REP-16983,SYN-U-17599,SYN-LN-6983,25000.0,6250.0,2025-07-09,2025-07-13,4,6250.0,0
SYN-REP-16984,SYN-U-15531,SYN-LN-6984,5000.0,1250.0,2025-12-30,2025-12-30,0,1250.0,0
SYN-REP-16985,SYN-U-18420,SYN-LN-6985,40000.0,10000.0,2025-12-12,2025-12-12,0,10000.0,0
SYN-REP-16986,SYN-U-12425,SYN-LN-6986,25000.0,6250.0,2025-07-26,2025-07-28,2,6250.0,0
SYN-REP-16987,SYN-U-16318,SYN-LN-6987,40000.0,10000.0,2026-05-30,2026-05-30,0,10000.0,0
SYN-REP-16988,SYN-U-16885,SYN-LN-6988,5000.0,1250.0,2025-11-11,2025-11-11,0,1250.0,0
SYN-REP-16989,SYN-U-16877,SYN-LN-6989,40000.0,10000.0,2025-10-15,2025-10-15,0,10000.0,0
SYN-REP-16990,SYN-U-19382,SYN-LN-6990,25000.0,6250.0,2026-05-21,2026-05-21,0,6250.0,0
SYN-REP-16991,SYN-U-17694,SYN-LN-6991,40000.0,10000.0,2025-11-12,2025-11-12,0,10000.0,0
SYN-REP-16992,SYN-U-10331,SYN-LN-6992,10000.0,2500.0,2025-11-04,2025-11-04,0,2500.0,0
SYN-REP-16993,SYN-U-19464,SYN-LN-6993,25000.0,6250.0,2025-11-17,2025-11-17,0,6250.0,0
SYN-REP-16994,SYN-U-13542,SYN-LN-6994,40000.0,10000.0,2026-06-30,2026-06-30,0,10000.0,0
SYN-REP-16995,SYN-U-13936,SYN-LN-6995,10000.0,2500.0,2025-11-29,2025-11-29,0,2500.0,0
SYN-REP-16996,SYN-U-16049,SYN-LN-6996,15000.0,3750.0,2025-08-16,2025-08-16,0,3750.0,0
SYN-REP-16997,SYN-U-11879,SYN-LN-6997,40000.0,10000.0,2026-08-04,2026-08-07,3,10000.0,0
SYN-REP-16998,SYN-U-15500,SYN-LN-6998,5000.0,1250.0,2026-08-19,2026-08-19,0,1250.0,0
SYN-REP-16999,SYN-U-11409,SYN-LN-6999,5000.0,1250.0,2025-12-09,2025-12-09,0,1250.0,0
SYN-REP-17000,SYN-U-18357,SYN-LN-7000,25000.0,6250.0,2026-03-18,2026-03-18,0,6250.0,0
SYN-REP-17001,SYN-U-10407,SYN-LN-7001,25000.0,6250.0,2026-04-04,2026-04-04,0,6250.0,0
SYN-REP-17002,SYN-U-11516,SYN-LN-7002,25000.0,6250.0,2026-04-21,2026-04-25,4,6250.0,0
SYN-REP-17003,SYN-U-16451,SYN-LN-7003,40000.0,10000.0,2026-07-31,2026-07-31,0,10000.0,0
SYN-REP-17004,SYN-U-19885,SYN-LN-7004,5000.0,1250.0,2025-07-27,2025-07-27,0,1250.0,0
SYN-REP-17005,SYN-U-13655,SYN-LN-7005,25000.0,6250.0,2025-06-02,2025-06-02,0,6250.0,0
SYN-REP-17006,SYN-U-19495,SYN-LN-7006,10000.0,2500.0,2025-06-25,2025-06-25,0,2500.0,0
SYN-REP-17007,SYN-U-12126,SYN-LN-7007,40000.0,10000.0,2026-06-18,2026-06-18,0,10000.0,0
SYN-REP-17008,SYN-U-17931,SYN-LN-7008,10000.0,2500.0,2026-02-26,2026-02-26,0,2500.0,0
SYN-REP-17009,SYN-U-14429,SYN-LN-7009,40000.0,10000.0,2025-08-30,2025-08-30,0,10000.0,0
SYN-REP-17010,SYN-U-11955,SYN-LN-7010,10000.0,2500.0,2025-12-18,2025-12-18,0,2500.0,0
SYN-REP-17011,SYN-U-15765,SYN-LN-7011,15000.0,3750.0,2026-03-10,2026-03-10,0,3750.0,0
SYN-REP-17012,SYN-U-11165,SYN-LN-7012,40000.0,10000.0,2025-07-14,2025-07-14,0,10000.0,0
SYN-REP-17013,SYN-U-19843,SYN-LN-7013,40000.0,10000.0,2026-07-19,2026-07-19,0,10000.0,0
SYN-REP-17014,SYN-U-12533,SYN-LN-7014,25000.0,6250.0,2025-11-17,2025-11-17,0,6250.0,0
SYN-REP-17015,SYN-U-11141,SYN-LN-7015,15000.0,3750.0,2025-09-04,2025-09-07,3,3750.0,0
SYN-REP-17016,SYN-U-10398,SYN-LN-7016,10000.0,2500.0,2026-02-07,2026-02-07,0,2500.0,0
SYN-REP-17017,SYN-U-16386,SYN-LN-7017,15000.0,3750.0,2026-06-28,2026-06-28,0,3750.0,0
SYN-REP-17018,SYN-U-18073,SYN-LN-7018,25000.0,6250.0,2025-09-19,2025-09-19,0,6250.0,0
SYN-REP-17019,SYN-U-16672,SYN-LN-7019,15000.0,3750.0,2026-05-10,2026-05-11,1,3750.0,0
SYN-REP-17020,SYN-U-14674,SYN-LN-7020,5000.0,1250.0,2025-07-14,2025-07-14,0,1250.0,0
SYN-REP-17021,SYN-U-16491,SYN-LN-7021,25000.0,6250.0,2026-01-29,2026-01-29,0,6250.0,0
SYN-REP-17022,SYN-U-19710,SYN-LN-7022,40000.0,10000.0,2025-09-03,2025-09-03,0,10000.0,0
SYN-REP-17023,SYN-U-19731,SYN-LN-7023,10000.0,2500.0,2025-11-25,2025-11-25,0,2500.0,0
SYN-REP-17024,SYN-U-11907,SYN-LN-7024,15000.0,3750.0,2025-09-04,2025-09-04,0,3750.0,0
SYN-REP-17025,SYN-U-13092,SYN-LN-7025,5000.0,1250.0,2026-05-19,2026-05-19,0,1250.0,0
SYN-REP-17026,SYN-U-13732,SYN-LN-7026,5000.0,1250.0,2025-12-14,2025-12-14,0,1250.0,0
SYN-REP-17027,SYN-U-16777,SYN-LN-7027,5000.0,1250.0,2026-05-13,2026-05-13,0,1250.0,0
SYN-REP-17028,SYN-U-11133,SYN-LN-7028,10000.0,2500.0,2026-03-08,2026-03-11,3,2500.0,0
SYN-REP-17029,SYN-U-19006,SYN-LN-7029,25000.0,6250.0,2025-11-18,2025-11-18,0,6250.0,0
SYN-REP-17030,SYN-U-17191,SYN-LN-7030,25000.0,6250.0,2026-01-12,2026-01-15,3,6250.0,0
SYN-REP-17031,SYN-U-13203,SYN-LN-7031,5000.0,1250.0,2026-04-29,2026-04-29,0,1250.0,0
SYN-REP-17032,SYN-U-13534,SYN-LN-7032,15000.0,3750.0,2026-01-08,2026-01-10,2,3750.0,0
SYN-REP-17033,SYN-U-17650,SYN-LN-7033,5000.0,1250.0,2025-08-07,2025-08-07,0,1250.0,0
SYN-REP-17034,SYN-U-18717,SYN-LN-7034,15000.0,3750.0,2026-03-06,2026-03-06,0,3750.0,0
SYN-REP-17035,SYN-U-12319,SYN-LN-7035,25000.0,6250.0,2026-05-20,2026-05-20,0,6250.0,0
SYN-REP-17036,SYN-U-16029,SYN-LN-7036,15000.0,3750.0,2025-07-07,2025-07-07,0,3750.0,0
SYN-REP-17037,SYN-U-11393,SYN-LN-7037,15000.0,3750.0,2026-05-12,2026-05-12,0,3750.0,0
SYN-REP-17038,SYN-U-10718,SYN-LN-7038,40000.0,10000.0,2025-10-30,2025-11-02,3,10000.0,0
SYN-REP-17039,SYN-U-17146,SYN-LN-7039,10000.0,2500.0,2026-08-11,2026-08-11,0,2500.0,0
SYN-REP-17040,SYN-U-16729,SYN-LN-7040,5000.0,1250.0,2025-08-22,2025-08-26,4,1250.0,0
SYN-REP-17041,SYN-U-13350,SYN-LN-7041,10000.0,2500.0,2026-02-25,2026-02-25,0,2500.0,0
SYN-REP-17042,SYN-U-19406,SYN-LN-7042,40000.0,10000.0,2026-04-07,2026-04-07,0,10000.0,0
SYN-REP-17043,SYN-U-17655,SYN-LN-7043,15000.0,3750.0,2025-08-09,2025-08-09,0,3750.0,0
SYN-REP-17044,SYN-U-19708,SYN-LN-7044,10000.0,2500.0,2026-01-13,2026-01-13,0,2500.0,0
SYN-REP-17045,SYN-U-18215,SYN-LN-7045,5000.0,1250.0,2025-11-03,2025-12-02,29,1250.0,0
SYN-REP-17046,SYN-U-10892,SYN-LN-7046,10000.0,2500.0,2026-02-10,2026-02-10,0,2500.0,0
SYN-REP-17047,SYN-U-15129,SYN-LN-7047,10000.0,2500.0,2026-07-08,2026-07-08,0,2500.0,0
SYN-REP-17048,SYN-U-19046,SYN-LN-7048,5000.0,1250.0,2026-03-23,2026-03-23,0,1250.0,0
SYN-REP-17049,SYN-U-13502,SYN-LN-7049,25000.0,6250.0,2026-02-12,2026-02-12,0,6250.0,0
SYN-REP-17050,SYN-U-14122,SYN-LN-7050,25000.0,6250.0,2025-09-02,2025-09-02,0,6250.0,0
SYN-REP-17051,SYN-U-15725,SYN-LN-7051,25000.0,6250.0,2025-12-21,2025-12-21,0,6250.0,0
SYN-REP-17052,SYN-U-17596,SYN-LN-7052,25000.0,6250.0,2025-09-28,2025-09-28,0,6250.0,0
SYN-REP-17053,SYN-U-14086,SYN-LN-7053,15000.0,3750.0,2025-10-14,2025-10-14,0,3750.0,0
SYN-REP-17054,SYN-U-14675,SYN-LN-7054,15000.0,3750.0,2026-06-08,2026-06-08,0,3750.0,0
SYN-REP-17055,SYN-U-13224,SYN-LN-7055,5000.0,1250.0,2026-05-03,2026-05-03,0,1250.0,0
SYN-REP-17056,SYN-U-15149,SYN-LN-7056,15000.0,3750.0,2026-01-11,2026-01-11,0,3750.0,0
SYN-REP-17057,SYN-U-10277,SYN-LN-7057,15000.0,3750.0,2026-08-12,2026-08-12,0,3750.0,0
SYN-REP-17058,SYN-U-18616,SYN-LN-7058,10000.0,2500.0,2025-09-10,2025-09-10,0,2500.0,0
SYN-REP-17059,SYN-U-10964,SYN-LN-7059,25000.0,6250.0,2025-11-08,2025-11-08,0,6250.0,0
SYN-REP-17060,SYN-U-15160,SYN-LN-7060,5000.0,1250.0,2025-09-13,2025-09-13,0,1250.0,0
SYN-REP-17061,SYN-U-19223,SYN-LN-7061,40000.0,10000.0,2025-10-05,2025-10-05,0,10000.0,0
SYN-REP-17062,SYN-U-18694,SYN-LN-7062,15000.0,3750.0,2026-05-06,2026-05-06,0,3750.0,0
SYN-REP-17063,SYN-U-13825,SYN-LN-7063,15000.0,3750.0,2025-06-15,2025-06-15,0,3750.0,0
SYN-REP-17064,SYN-U-15895,SYN-LN-7064,15000.0,3750.0,2026-05-08,2026-05-08,0,3750.0,0
SYN-REP-17065,SYN-U-13214,SYN-LN-7065,40000.0,10000.0,2026-02-07,2026-02-07,0,10000.0,0
SYN-REP-17066,SYN-U-13733,SYN-LN-7066,25000.0,6250.0,2025-12-31,2025-12-31,0,6250.0,0
SYN-REP-17067,SYN-U-19983,SYN-LN-7067,40000.0,10000.0,2026-07-17,2026-07-17,0,10000.0,0
SYN-REP-17068,SYN-U-12441,SYN-LN-7068,25000.0,6250.0,2025-07-31,2025-07-31,0,6250.0,0
SYN-REP-17069,SYN-U-11832,SYN-LN-7069,5000.0,1250.0,2025-10-06,2025-10-06,0,1250.0,0
SYN-REP-17070,SYN-U-18863,SYN-LN-7070,10000.0,2500.0,2025-06-02,2025-06-02,0,2500.0,0
SYN-REP-17071,SYN-U-11628,SYN-LN-7071,25000.0,6250.0,2026-03-25,2026-03-25,0,6250.0,0
SYN-REP-17072,SYN-U-14922,SYN-LN-7072,10000.0,2500.0,2025-06-20,2025-06-20,0,2500.0,0
SYN-REP-17073,SYN-U-17978,SYN-LN-7073,25000.0,6250.0,2026-05-15,2026-05-15,0,6250.0,0
SYN-REP-17074,SYN-U-16689,SYN-LN-7074,40000.0,10000.0,2025-09-03,2025-09-03,0,10000.0,0
SYN-REP-17075,SYN-U-17981,SYN-LN-7075,10000.0,2500.0,2025-11-21,2025-11-21,0,2500.0,0
SYN-REP-17076,SYN-U-12665,SYN-LN-7076,10000.0,2500.0,2025-10-14,2025-10-14,0,2500.0,0
SYN-REP-17077,SYN-U-13340,SYN-LN-7077,15000.0,3750.0,2025-09-07,2025-09-07,0,3750.0,0
SYN-REP-17078,SYN-U-15919,SYN-LN-7078,25000.0,6250.0,2026-05-10,2026-05-10,0,6250.0,0
SYN-REP-17079,SYN-U-17165,SYN-LN-7079,10000.0,2500.0,2026-03-22,2026-03-22,0,2500.0,0
SYN-REP-17080,SYN-U-11007,SYN-LN-7080,5000.0,1250.0,2026-04-04,2026-04-08,4,1250.0,0
SYN-REP-17081,SYN-U-12931,SYN-LN-7081,10000.0,2500.0,2026-06-14,2026-06-14,0,2500.0,0
SYN-REP-17082,SYN-U-16422,SYN-LN-7082,5000.0,1250.0,2025-10-07,2025-10-07,0,1250.0,0
SYN-REP-17083,SYN-U-17599,SYN-LN-7083,25000.0,6250.0,2026-05-27,2026-05-27,0,6250.0,0
SYN-REP-17084,SYN-U-19896,SYN-LN-7084,40000.0,10000.0,2025-08-05,2025-08-05,0,10000.0,0
SYN-REP-17085,SYN-U-19234,SYN-LN-7085,25000.0,6250.0,2025-06-27,2025-06-27,0,6250.0,0
SYN-REP-17086,SYN-U-18475,SYN-LN-7086,15000.0,3750.0,2025-10-30,2025-10-30,0,3750.0,0
SYN-REP-17087,SYN-U-10461,SYN-LN-7087,40000.0,10000.0,2026-07-25,2026-07-25,0,10000.0,0
SYN-REP-17088,SYN-U-18756,SYN-LN-7088,10000.0,2500.0,2025-11-05,2025-11-05,0,2500.0,0
SYN-REP-17089,SYN-U-11474,SYN-LN-7089,5000.0,1250.0,2025-08-31,2025-08-31,0,1250.0,0
SYN-REP-17090,SYN-U-10325,SYN-LN-7090,15000.0,3750.0,2026-03-21,2026-03-21,0,3750.0,0
SYN-REP-17091,SYN-U-11272,SYN-LN-7091,40000.0,10000.0,2025-11-03,2025-11-03,0,10000.0,0
SYN-REP-17092,SYN-U-17303,SYN-LN-7092,25000.0,6250.0,2026-04-03,2026-04-05,2,6250.0,0
SYN-REP-17093,SYN-U-19504,SYN-LN-7093,40000.0,10000.0,2025-10-17,2025-10-17,0,10000.0,0
SYN-REP-17094,SYN-U-19760,SYN-LN-7094,5000.0,1250.0,2025-09-21,2025-09-21,0,1250.0,0
SYN-REP-17095,SYN-U-14122,SYN-LN-7095,5000.0,1250.0,2026-04-13,2026-04-13,0,1250.0,0
SYN-REP-17096,SYN-U-13931,SYN-LN-7096,10000.0,2500.0,2025-10-14,2025-10-14,0,2500.0,0
SYN-REP-17097,SYN-U-16497,SYN-LN-7097,40000.0,10000.0,2026-07-31,2026-07-31,0,10000.0,0
SYN-REP-17098,SYN-U-18851,SYN-LN-7098,5000.0,1250.0,2026-05-31,2026-05-31,0,1250.0,0
SYN-REP-17099,SYN-U-16551,SYN-LN-7099,15000.0,3750.0,2026-01-23,2026-01-23,0,3750.0,0
SYN-REP-17100,SYN-U-11538,SYN-LN-7100,25000.0,6250.0,2026-07-10,2026-07-10,0,6250.0,0
SYN-REP-17101,SYN-U-10737,SYN-LN-7101,25000.0,6250.0,2025-09-18,2025-09-18,0,6250.0,0
SYN-REP-17102,SYN-U-19690,SYN-LN-7102,5000.0,1250.0,2025-12-05,2025-12-05,0,1250.0,0
SYN-REP-17103,SYN-U-10154,SYN-LN-7103,15000.0,3750.0,2025-08-12,2025-08-12,0,3750.0,0
SYN-REP-17104,SYN-U-14418,SYN-LN-7104,25000.0,6250.0,2026-07-23,2026-07-23,0,6250.0,0
SYN-REP-17105,SYN-U-14967,SYN-LN-7105,5000.0,1250.0,2025-12-23,2025-12-23,0,1250.0,0
SYN-REP-17106,SYN-U-19407,SYN-LN-7106,40000.0,10000.0,2025-09-27,2025-10-01,4,10000.0,0
SYN-REP-17107,SYN-U-10650,SYN-LN-7107,40000.0,10000.0,2025-08-09,2025-08-09,0,10000.0,0
SYN-REP-17108,SYN-U-12445,SYN-LN-7108,25000.0,6250.0,2026-05-10,2026-05-10,0,6250.0,0
SYN-REP-17109,SYN-U-14610,SYN-LN-7109,40000.0,10000.0,2025-07-11,2025-07-11,0,10000.0,0
SYN-REP-17110,SYN-U-10369,SYN-LN-7110,25000.0,6250.0,2026-04-10,2026-04-10,0,6250.0,0
SYN-REP-17111,SYN-U-19928,SYN-LN-7111,25000.0,6250.0,2025-08-01,2025-08-01,0,6250.0,0
SYN-REP-17112,SYN-U-12361,SYN-LN-7112,25000.0,6250.0,2026-04-19,2026-05-22,33,6250.0,0
SYN-REP-17113,SYN-U-13796,SYN-LN-7113,10000.0,2500.0,2025-07-07,2025-07-08,1,2500.0,0
SYN-REP-17114,SYN-U-10006,SYN-LN-7114,15000.0,3750.0,2026-02-04,2026-02-04,0,3750.0,0
SYN-REP-17115,SYN-U-14682,SYN-LN-7115,40000.0,10000.0,2025-12-26,2025-12-26,0,10000.0,0
SYN-REP-17116,SYN-U-14004,SYN-LN-7116,15000.0,3750.0,2025-08-01,2025-08-01,0,3750.0,0
SYN-REP-17117,SYN-U-17217,SYN-LN-7117,15000.0,3750.0,2026-03-15,2026-03-15,0,3750.0,0
SYN-REP-17118,SYN-U-14177,SYN-LN-7118,5000.0,1250.0,2026-06-05,2026-06-05,0,1250.0,0
SYN-REP-17119,SYN-U-16279,SYN-LN-7119,5000.0,1250.0,2026-05-20,2026-05-20,0,1250.0,0
SYN-REP-17120,SYN-U-18985,SYN-LN-7120,40000.0,10000.0,2025-06-18,2025-06-18,0,10000.0,0
SYN-REP-17121,SYN-U-11783,SYN-LN-7121,10000.0,2500.0,2026-06-14,2026-06-14,0,2500.0,0
SYN-REP-17122,SYN-U-19242,SYN-LN-7122,5000.0,1250.0,2026-07-19,2026-07-19,0,1250.0,0
SYN-REP-17123,SYN-U-13013,SYN-LN-7123,40000.0,10000.0,2025-12-18,2025-12-18,0,10000.0,0
SYN-REP-17124,SYN-U-12859,SYN-LN-7124,40000.0,10000.0,2025-07-03,2025-07-03,0,10000.0,0
SYN-REP-17125,SYN-U-12096,SYN-LN-7125,10000.0,2500.0,2025-06-15,2025-06-15,0,2500.0,0
SYN-REP-17126,SYN-U-12821,SYN-LN-7126,40000.0,10000.0,2025-12-10,2025-12-10,0,10000.0,0
SYN-REP-17127,SYN-U-11822,SYN-LN-7127,10000.0,2500.0,2026-07-09,2026-07-09,0,2500.0,0
SYN-REP-17128,SYN-U-13647,SYN-LN-7128,5000.0,1250.0,2026-07-12,2026-07-12,0,1250.0,0
SYN-REP-17129,SYN-U-14652,SYN-LN-7129,25000.0,6250.0,2025-10-02,2025-10-02,0,6250.0,0
SYN-REP-17130,SYN-U-14159,SYN-LN-7130,10000.0,2500.0,2026-07-17,2026-07-17,0,2500.0,0
SYN-REP-17131,SYN-U-17789,SYN-LN-7131,5000.0,1250.0,2025-09-27,2025-09-27,0,1250.0,0
SYN-REP-17132,SYN-U-18058,SYN-LN-7132,40000.0,10000.0,2026-05-19,2026-05-19,0,10000.0,0
SYN-REP-17133,SYN-U-10764,SYN-LN-7133,15000.0,3750.0,2025-07-05,2025-07-05,0,3750.0,0
SYN-REP-17134,SYN-U-17342,SYN-LN-7134,10000.0,2500.0,2025-06-07,2025-06-07,0,2500.0,0
SYN-REP-17135,SYN-U-14726,SYN-LN-7135,40000.0,10000.0,2025-11-14,2025-11-14,0,10000.0,0
SYN-REP-17136,SYN-U-16388,SYN-LN-7136,40000.0,10000.0,2026-04-19,2026-04-19,0,10000.0,0
SYN-REP-17137,SYN-U-15069,SYN-LN-7137,15000.0,3750.0,2025-12-23,2025-12-25,2,3750.0,0
SYN-REP-17138,SYN-U-13804,SYN-LN-7138,40000.0,10000.0,2025-06-27,2025-06-27,0,10000.0,0
SYN-REP-17139,SYN-U-15523,SYN-LN-7139,10000.0,2500.0,2025-09-03,2025-09-03,0,2500.0,0
SYN-REP-17140,SYN-U-19331,SYN-LN-7140,25000.0,6250.0,2026-04-25,2026-04-25,0,6250.0,0
SYN-REP-17141,SYN-U-17025,SYN-LN-7141,15000.0,3750.0,2025-08-31,2025-08-31,0,3750.0,0
SYN-REP-17142,SYN-U-16471,SYN-LN-7142,10000.0,2500.0,2025-08-11,2025-08-11,0,2500.0,0
SYN-REP-17143,SYN-U-17217,SYN-LN-7143,5000.0,1250.0,2026-06-08,2026-06-08,0,1250.0,0
SYN-REP-17144,SYN-U-14500,SYN-LN-7144,10000.0,2500.0,2026-01-25,2026-01-25,0,2500.0,0
SYN-REP-17145,SYN-U-17212,SYN-LN-7145,25000.0,6250.0,2026-07-26,2026-07-26,0,6250.0,0
SYN-REP-17146,SYN-U-12608,SYN-LN-7146,5000.0,1250.0,2026-06-25,2026-06-25,0,1250.0,0
SYN-REP-17147,SYN-U-16182,SYN-LN-7147,15000.0,3750.0,2025-06-13,2025-08-05,53,3750.0,0
SYN-REP-17148,SYN-U-17431,SYN-LN-7148,40000.0,10000.0,2025-07-06,2025-07-06,0,10000.0,0
SYN-REP-17149,SYN-U-16110,SYN-LN-7149,25000.0,6250.0,2025-09-15,2025-09-15,0,6250.0,0
SYN-REP-17150,SYN-U-16842,SYN-LN-7150,25000.0,6250.0,2025-11-19,2025-11-19,0,6250.0,0
SYN-REP-17151,SYN-U-11999,SYN-LN-7151,10000.0,2500.0,2026-05-06,2026-05-06,0,2500.0,0
SYN-REP-17152,SYN-U-12833,SYN-LN-7152,5000.0,1250.0,2026-04-05,2026-04-05,0,1250.0,0
SYN-REP-17153,SYN-U-11978,SYN-LN-7153,5000.0,1250.0,2026-04-23,2026-04-23,0,1250.0,0
SYN-REP-17154,SYN-U-12701,SYN-LN-7154,40000.0,10000.0,2026-03-10,2026-03-10,0,10000.0,0
SYN-REP-17155,SYN-U-16199,SYN-LN-7155,10000.0,2500.0,2025-12-15,2025-12-15,0,2500.0,0
SYN-REP-17156,SYN-U-12825,SYN-LN-7156,15000.0,3750.0,2025-10-29,2025-10-29,0,3750.0,0
SYN-REP-17157,SYN-U-13494,SYN-LN-7157,10000.0,2500.0,2026-08-22,2026-08-23,1,2500.0,0
SYN-REP-17158,SYN-U-17508,SYN-LN-7158,5000.0,1250.0,2026-06-13,2026-06-13,0,1250.0,0
SYN-REP-17159,SYN-U-19186,SYN-LN-7159,40000.0,10000.0,2025-09-15,2025-09-15,0,10000.0,0
SYN-REP-17160,SYN-U-19540,SYN-LN-7160,25000.0,6250.0,2025-08-31,2025-08-31,0,6250.0,0
SYN-REP-17161,SYN-U-15064,SYN-LN-7161,40000.0,10000.0,2026-08-15,2026-08-15,0,10000.0,0
SYN-REP-17162,SYN-U-18100,SYN-LN-7162,10000.0,2500.0,2025-12-25,2025-12-25,0,2500.0,0
SYN-REP-17163,SYN-U-12127,SYN-LN-7163,10000.0,2500.0,2025-09-10,2025-11-05,56,2500.0,0
SYN-REP-17164,SYN-U-12497,SYN-LN-7164,40000.0,10000.0,2026-08-09,2026-08-12,3,10000.0,0
SYN-REP-17165,SYN-U-17144,SYN-LN-7165,10000.0,2500.0,2026-07-23,2026-07-23,0,2500.0,0
SYN-REP-17166,SYN-U-18117,SYN-LN-7166,5000.0,1250.0,2026-08-03,2026-08-03,0,1250.0,0
SYN-REP-17167,SYN-U-13174,SYN-LN-7167,10000.0,2500.0,2025-12-21,2025-12-23,2,2500.0,0
SYN-REP-17168,SYN-U-18213,SYN-LN-7168,5000.0,1250.0,2025-09-07,2025-09-07,0,1250.0,0
SYN-REP-17169,SYN-U-17516,SYN-LN-7169,15000.0,3750.0,2025-09-25,2025-09-25,0,3750.0,0
SYN-REP-17170,SYN-U-17676,SYN-LN-7170,10000.0,2500.0,2026-03-02,2026-03-02,0,2500.0,0
SYN-REP-17171,SYN-U-19285,SYN-LN-7171,25000.0,6250.0,2026-05-23,2026-05-23,0,6250.0,0
SYN-REP-17172,SYN-U-16240,SYN-LN-7172,10000.0,2500.0,2026-01-30,2026-01-30,0,2500.0,0
SYN-REP-17173,SYN-U-11037,SYN-LN-7173,15000.0,3750.0,2026-06-03,2026-06-04,1,3750.0,0
SYN-REP-17174,SYN-U-11737,SYN-LN-7174,5000.0,1250.0,2026-04-07,2026-04-08,1,1250.0,0
SYN-REP-17175,SYN-U-17365,SYN-LN-7175,40000.0,10000.0,2026-03-25,2026-03-25,0,10000.0,0
SYN-REP-17176,SYN-U-19018,SYN-LN-7176,40000.0,10000.0,2026-03-01,2026-03-01,0,10000.0,0
SYN-REP-17177,SYN-U-17308,SYN-LN-7177,15000.0,3750.0,2025-12-02,2025-12-02,0,3750.0,0
SYN-REP-17178,SYN-U-13639,SYN-LN-7178,40000.0,10000.0,2025-11-14,2025-11-14,0,10000.0,0
SYN-REP-17179,SYN-U-15230,SYN-LN-7179,15000.0,3750.0,2025-07-29,2025-07-29,0,3750.0,0
SYN-REP-17180,SYN-U-15000,SYN-LN-7180,5000.0,1250.0,2026-06-23,2026-06-26,3,1250.0,0
SYN-REP-17181,SYN-U-13427,SYN-LN-7181,15000.0,3750.0,2025-09-26,2025-09-26,0,3750.0,0
SYN-REP-17182,SYN-U-19815,SYN-LN-7182,5000.0,1250.0,2026-02-07,2026-02-07,0,1250.0,0
SYN-REP-17183,SYN-U-15924,SYN-LN-7183,15000.0,3750.0,2026-02-25,2026-02-25,0,3750.0,0
SYN-REP-17184,SYN-U-16290,SYN-LN-7184,40000.0,10000.0,2025-08-23,2025-08-26,3,10000.0,0
SYN-REP-17185,SYN-U-15921,SYN-LN-7185,5000.0,1250.0,2025-10-22,2025-10-23,1,1250.0,0
SYN-REP-17186,SYN-U-19688,SYN-LN-7186,15000.0,3750.0,2025-10-22,2025-10-22,0,3750.0,0
SYN-REP-17187,SYN-U-16406,SYN-LN-7187,5000.0,1250.0,2026-03-16,2026-03-16,0,1250.0,0
SYN-REP-17188,SYN-U-12193,SYN-LN-7188,5000.0,1250.0,2025-10-13,2025-10-13,0,1250.0,0
SYN-REP-17189,SYN-U-14665,SYN-LN-7189,40000.0,10000.0,2026-07-16,2026-08-28,43,10000.0,0
SYN-REP-17190,SYN-U-10197,SYN-LN-7190,10000.0,2500.0,2025-12-12,2025-12-13,1,2500.0,0
SYN-REP-17191,SYN-U-14866,SYN-LN-7191,10000.0,2500.0,2026-06-07,2026-06-07,0,2500.0,0
SYN-REP-17192,SYN-U-12371,SYN-LN-7192,10000.0,2500.0,2026-02-20,2026-02-20,0,2500.0,0
SYN-REP-17193,SYN-U-19280,SYN-LN-7193,15000.0,3750.0,2026-01-28,2026-01-28,0,3750.0,0
SYN-REP-17194,SYN-U-15164,SYN-LN-7194,25000.0,6250.0,2026-07-04,2026-07-04,0,6250.0,0
SYN-REP-17195,SYN-U-10488,SYN-LN-7195,5000.0,1250.0,2025-11-12,2025-11-12,0,1250.0,0
SYN-REP-17196,SYN-U-10414,SYN-LN-7196,40000.0,10000.0,2025-09-03,2025-09-03,0,10000.0,0
SYN-REP-17197,SYN-U-10882,SYN-LN-7197,5000.0,1250.0,2025-09-28,2025-09-28,0,1250.0,0
SYN-REP-17198,SYN-U-15323,SYN-LN-7198,25000.0,6250.0,2025-10-03,2025-10-03,0,6250.0,0
SYN-REP-17199,SYN-U-13285,SYN-LN-7199,10000.0,2500.0,2026-08-03,2026-08-03,0,2500.0,0
SYN-REP-17200,SYN-U-14098,SYN-LN-7200,10000.0,2500.0,2026-03-23,2026-03-23,0,2500.0,0
SYN-REP-17201,SYN-U-17201,SYN-LN-7201,25000.0,6250.0,2025-08-05,2025-08-05,0,6250.0,0
SYN-REP-17202,SYN-U-13918,SYN-LN-7202,5000.0,1250.0,2026-02-23,2026-02-23,0,1250.0,0
SYN-REP-17203,SYN-U-12708,SYN-LN-7203,10000.0,2500.0,2025-10-08,2025-10-08,0,2500.0,0
SYN-REP-17204,SYN-U-13624,SYN-LN-7204,25000.0,6250.0,2026-03-31,2026-03-31,0,6250.0,0
SYN-REP-17205,SYN-U-14839,SYN-LN-7205,5000.0,1250.0,2025-08-07,2025-08-07,0,1250.0,0
SYN-REP-17206,SYN-U-10915,SYN-LN-7206,25000.0,6250.0,2025-09-09,2025-09-09,0,6250.0,0
SYN-REP-17207,SYN-U-12421,SYN-LN-7207,40000.0,10000.0,2026-07-20,2026-07-20,0,10000.0,0
SYN-REP-17208,SYN-U-13651,SYN-LN-7208,10000.0,2500.0,2025-07-18,2025-07-18,0,2500.0,0
SYN-REP-17209,SYN-U-11798,SYN-LN-7209,40000.0,10000.0,2025-11-15,2025-12-08,23,10000.0,0
SYN-REP-17210,SYN-U-16140,SYN-LN-7210,15000.0,3750.0,2025-11-16,2025-11-16,0,3750.0,0
SYN-REP-17211,SYN-U-16153,SYN-LN-7211,5000.0,1250.0,2026-03-21,2026-03-21,0,1250.0,0
SYN-REP-17212,SYN-U-13594,SYN-LN-7212,10000.0,2500.0,2025-08-31,2025-08-31,0,2500.0,0
SYN-REP-17213,SYN-U-19602,SYN-LN-7213,25000.0,6250.0,2025-06-20,2025-06-20,0,6250.0,0
SYN-REP-17214,SYN-U-13027,SYN-LN-7214,10000.0,2500.0,2025-06-23,2025-06-24,1,2500.0,0
SYN-REP-17215,SYN-U-18835,SYN-LN-7215,25000.0,6250.0,2026-02-03,2026-02-03,0,6250.0,0
SYN-REP-17216,SYN-U-10033,SYN-LN-7216,5000.0,1250.0,2026-06-29,2026-06-29,0,1250.0,0
SYN-REP-17217,SYN-U-19557,SYN-LN-7217,40000.0,10000.0,2025-08-02,2025-08-05,3,10000.0,0
SYN-REP-17218,SYN-U-13491,SYN-LN-7218,10000.0,2500.0,2026-02-05,2026-02-05,0,2500.0,0
SYN-REP-17219,SYN-U-10351,SYN-LN-7219,15000.0,3750.0,2026-07-21,2026-07-21,0,3750.0,0
SYN-REP-17220,SYN-U-14636,SYN-LN-7220,25000.0,6250.0,2026-03-27,2026-03-27,0,6250.0,0
SYN-REP-17221,SYN-U-19789,SYN-LN-7221,5000.0,1250.0,2025-07-26,2025-07-26,0,1250.0,0
SYN-REP-17222,SYN-U-10808,SYN-LN-7222,25000.0,6250.0,2025-08-29,2025-10-25,57,6250.0,0
SYN-REP-17223,SYN-U-12736,SYN-LN-7223,15000.0,3750.0,2026-05-22,,86,104.75,1
SYN-REP-17224,SYN-U-15642,SYN-LN-7224,25000.0,6250.0,2025-10-19,2025-10-19,0,6250.0,0
SYN-REP-17225,SYN-U-13147,SYN-LN-7225,40000.0,10000.0,2025-06-21,2025-06-21,0,10000.0,0
SYN-REP-17226,SYN-U-18342,SYN-LN-7226,10000.0,2500.0,2026-05-12,2026-05-12,0,2500.0,0
SYN-REP-17227,SYN-U-15488,SYN-LN-7227,15000.0,3750.0,2025-07-23,2025-07-23,0,3750.0,0
SYN-REP-17228,SYN-U-10212,SYN-LN-7228,25000.0,6250.0,2025-11-01,2025-11-01,0,6250.0,0
SYN-REP-17229,SYN-U-14942,SYN-LN-7229,15000.0,3750.0,2025-08-23,2025-08-23,0,3750.0,0
SYN-REP-17230,SYN-U-16905,SYN-LN-7230,5000.0,1250.0,2025-12-03,2025-12-03,0,1250.0,0
SYN-REP-17231,SYN-U-13517,SYN-LN-7231,15000.0,3750.0,2026-01-29,2026-01-29,0,3750.0,0
SYN-REP-17232,SYN-U-11693,SYN-LN-7232,5000.0,1250.0,2026-03-02,2026-03-02,0,1250.0,0
SYN-REP-17233,SYN-U-15904,SYN-LN-7233,15000.0,3750.0,2026-05-07,2026-05-07,0,3750.0,0
SYN-REP-17234,SYN-U-12212,SYN-LN-7234,40000.0,10000.0,2025-07-29,2025-07-29,0,10000.0,0
SYN-REP-17235,SYN-U-16775,SYN-LN-7235,40000.0,10000.0,2025-11-12,2025-11-12,0,10000.0,0
SYN-REP-17236,SYN-U-13815,SYN-LN-7236,15000.0,3750.0,2026-05-09,2026-05-09,0,3750.0,0
SYN-REP-17237,SYN-U-15349,SYN-LN-7237,5000.0,1250.0,2026-05-26,2026-05-28,2,1250.0,0
SYN-REP-17238,SYN-U-14889,SYN-LN-7238,40000.0,10000.0,2025-10-24,2025-10-24,0,10000.0,0
SYN-REP-17239,SYN-U-14591,SYN-LN-7239,10000.0,2500.0,2025-07-02,2025-07-02,0,2500.0,0
SYN-REP-17240,SYN-U-11793,SYN-LN-7240,5000.0,1250.0,2026-02-20,2026-02-20,0,1250.0,0
SYN-REP-17241,SYN-U-14160,SYN-LN-7241,5000.0,1250.0,2026-05-03,2026-05-03,0,1250.0,0
SYN-REP-17242,SYN-U-17884,SYN-LN-7242,25000.0,6250.0,2025-06-14,2025-06-14,0,6250.0,0
SYN-REP-17243,SYN-U-14819,SYN-LN-7243,25000.0,6250.0,2025-08-06,2025-08-06,0,6250.0,0
SYN-REP-17244,SYN-U-10133,SYN-LN-7244,40000.0,10000.0,2025-12-21,2025-12-21,0,10000.0,0
SYN-REP-17245,SYN-U-11442,SYN-LN-7245,5000.0,1250.0,2026-03-30,2026-03-30,0,1250.0,0
SYN-REP-17246,SYN-U-18806,SYN-LN-7246,15000.0,3750.0,2025-11-29,2025-11-29,0,3750.0,0
SYN-REP-17247,SYN-U-10121,SYN-LN-7247,40000.0,10000.0,2026-04-04,2026-04-04,0,10000.0,0
SYN-REP-17248,SYN-U-14516,SYN-LN-7248,15000.0,3750.0,2026-07-08,2026-07-08,0,3750.0,0
SYN-REP-17249,SYN-U-11774,SYN-LN-7249,5000.0,1250.0,2026-08-22,2026-08-22,0,1250.0,0
SYN-REP-17250,SYN-U-19972,SYN-LN-7250,15000.0,3750.0,2025-09-08,2025-09-08,0,3750.0,0
SYN-REP-17251,SYN-U-12798,SYN-LN-7251,40000.0,10000.0,2025-06-08,2025-06-08,0,10000.0,0
SYN-REP-17252,SYN-U-12663,SYN-LN-7252,10000.0,2500.0,2026-05-02,2026-05-02,0,2500.0,0
SYN-REP-17253,SYN-U-16878,SYN-LN-7253,15000.0,3750.0,2025-06-24,2025-06-24,0,3750.0,0
SYN-REP-17254,SYN-U-14458,SYN-LN-7254,25000.0,6250.0,2026-07-14,2026-07-14,0,6250.0,0
SYN-REP-17255,SYN-U-18896,SYN-LN-7255,15000.0,3750.0,2025-12-26,2025-12-26,0,3750.0,0
SYN-REP-17256,SYN-U-17020,SYN-LN-7256,25000.0,6250.0,2026-08-07,2026-08-08,1,6250.0,0
SYN-REP-17257,SYN-U-13057,SYN-LN-7257,10000.0,2500.0,2025-06-26,2025-06-26,0,2500.0,0
SYN-REP-17258,SYN-U-15063,SYN-LN-7258,5000.0,1250.0,2025-06-12,2025-06-12,0,1250.0,0
SYN-REP-17259,SYN-U-11126,SYN-LN-7259,15000.0,3750.0,2025-10-06,2025-10-06,0,3750.0,0
SYN-REP-17260,SYN-U-11984,SYN-LN-7260,5000.0,1250.0,2025-12-04,2025-12-05,1,1250.0,0
SYN-REP-17261,SYN-U-11302,SYN-LN-7261,25000.0,6250.0,2026-07-31,2026-07-31,0,6250.0,0
SYN-REP-17262,SYN-U-11188,SYN-LN-7262,25000.0,6250.0,2026-01-08,2026-01-08,0,6250.0,0
SYN-REP-17263,SYN-U-16972,SYN-LN-7263,5000.0,1250.0,2026-04-18,2026-04-18,0,1250.0,0
SYN-REP-17264,SYN-U-14101,SYN-LN-7264,5000.0,1250.0,2025-11-10,2025-11-10,0,1250.0,0
SYN-REP-17265,SYN-U-13672,SYN-LN-7265,10000.0,2500.0,2025-11-03,2025-11-03,0,2500.0,0
SYN-REP-17266,SYN-U-13734,SYN-LN-7266,5000.0,1250.0,2026-06-19,2026-06-19,0,1250.0,0
SYN-REP-17267,SYN-U-12994,SYN-LN-7267,40000.0,10000.0,2026-02-14,2026-02-18,4,10000.0,0
SYN-REP-17268,SYN-U-10645,SYN-LN-7268,5000.0,1250.0,2026-03-18,2026-03-18,0,1250.0,0
SYN-REP-17269,SYN-U-12541,SYN-LN-7269,5000.0,1250.0,2026-03-28,2026-03-28,0,1250.0,0
SYN-REP-17270,SYN-U-12894,SYN-LN-7270,5000.0,1250.0,2025-09-28,2025-09-28,0,1250.0,0
SYN-REP-17271,SYN-U-12512,SYN-LN-7271,40000.0,10000.0,2025-11-27,2025-11-30,3,10000.0,0
SYN-REP-17272,SYN-U-19830,SYN-LN-7272,5000.0,1250.0,2026-06-30,2026-06-30,0,1250.0,0
SYN-REP-17273,SYN-U-14760,SYN-LN-7273,15000.0,3750.0,2026-07-20,2026-07-20,0,3750.0,0
SYN-REP-17274,SYN-U-19600,SYN-LN-7274,40000.0,10000.0,2026-02-17,2026-02-17,0,10000.0,0
SYN-REP-17275,SYN-U-19453,SYN-LN-7275,40000.0,10000.0,2025-07-18,2025-07-18,0,10000.0,0
SYN-REP-17276,SYN-U-18921,SYN-LN-7276,40000.0,10000.0,2026-07-10,2026-07-10,0,10000.0,0
SYN-REP-17277,SYN-U-16972,SYN-LN-7277,40000.0,10000.0,2026-01-15,2026-01-18,3,10000.0,0
SYN-REP-17278,SYN-U-14420,SYN-LN-7278,5000.0,1250.0,2025-09-26,2025-09-29,3,1250.0,0
SYN-REP-17279,SYN-U-19057,SYN-LN-7279,5000.0,1250.0,2025-10-02,2025-10-02,0,1250.0,0
SYN-REP-17280,SYN-U-15779,SYN-LN-7280,10000.0,2500.0,2025-09-21,2025-09-21,0,2500.0,0
SYN-REP-17281,SYN-U-18484,SYN-LN-7281,10000.0,2500.0,2025-11-30,2025-11-30,0,2500.0,0
SYN-REP-17282,SYN-U-13957,SYN-LN-7282,15000.0,3750.0,2026-08-20,2026-08-20,0,3750.0,0
SYN-REP-17283,SYN-U-12328,SYN-LN-7283,40000.0,10000.0,2025-08-13,2025-08-13,0,10000.0,0
SYN-REP-17284,SYN-U-14466,SYN-LN-7284,5000.0,1250.0,2025-09-04,2025-09-04,0,1250.0,0
SYN-REP-17285,SYN-U-17239,SYN-LN-7285,10000.0,2500.0,2026-06-30,2026-06-30,0,2500.0,0
SYN-REP-17286,SYN-U-19834,SYN-LN-7286,15000.0,3750.0,2026-01-21,2026-01-21,0,3750.0,0
SYN-REP-17287,SYN-U-12027,SYN-LN-7287,15000.0,3750.0,2025-06-20,2025-06-20,0,3750.0,0
SYN-REP-17288,SYN-U-15822,SYN-LN-7288,40000.0,10000.0,2026-05-08,2026-05-08,0,10000.0,0
SYN-REP-17289,SYN-U-13842,SYN-LN-7289,5000.0,1250.0,2025-06-26,2025-06-26,0,1250.0,0
SYN-REP-17290,SYN-U-16834,SYN-LN-7290,25000.0,6250.0,2025-11-27,2025-11-27,0,6250.0,0
SYN-REP-17291,SYN-U-17065,SYN-LN-7291,5000.0,1250.0,2026-04-10,2026-04-11,1,1250.0,0
SYN-REP-17292,SYN-U-13703,SYN-LN-7292,25000.0,6250.0,2026-07-02,2026-07-02,0,6250.0,0
SYN-REP-17293,SYN-U-16129,SYN-LN-7293,40000.0,10000.0,2026-01-11,2026-01-11,0,10000.0,0
SYN-REP-17294,SYN-U-19655,SYN-LN-7294,25000.0,6250.0,2026-02-11,2026-02-11,0,6250.0,0
SYN-REP-17295,SYN-U-10935,SYN-LN-7295,40000.0,10000.0,2026-07-22,2026-07-22,0,10000.0,0
SYN-REP-17296,SYN-U-18698,SYN-LN-7296,25000.0,6250.0,2026-08-23,2026-08-23,0,6250.0,0
SYN-REP-17297,SYN-U-19138,SYN-LN-7297,25000.0,6250.0,2025-07-13,2025-07-13,0,6250.0,0
SYN-REP-17298,SYN-U-14422,SYN-LN-7298,25000.0,6250.0,2026-07-22,2026-07-26,4,6250.0,0
SYN-REP-17299,SYN-U-19401,SYN-LN-7299,10000.0,2500.0,2025-08-31,2025-08-31,0,2500.0,0
SYN-REP-17300,SYN-U-16770,SYN-LN-7300,15000.0,3750.0,2025-07-20,2025-07-20,0,3750.0,0
SYN-REP-17301,SYN-U-11710,SYN-LN-7301,15000.0,3750.0,2026-02-06,2026-02-09,3,3750.0,0
SYN-REP-17302,SYN-U-10559,SYN-LN-7302,15000.0,3750.0,2025-10-18,2025-10-18,0,3750.0,0
SYN-REP-17303,SYN-U-16358,SYN-LN-7303,15000.0,3750.0,2026-06-14,2026-06-14,0,3750.0,0
SYN-REP-17304,SYN-U-12397,SYN-LN-7304,10000.0,2500.0,2026-03-21,2026-03-25,4,2500.0,0
SYN-REP-17305,SYN-U-17117,SYN-LN-7305,15000.0,3750.0,2026-01-15,2026-01-15,0,3750.0,0
SYN-REP-17306,SYN-U-18114,SYN-LN-7306,15000.0,3750.0,2025-10-02,2025-10-05,3,3750.0,0
SYN-REP-17307,SYN-U-16220,SYN-LN-7307,25000.0,6250.0,2025-06-14,2025-06-14,0,6250.0,0
SYN-REP-17308,SYN-U-10747,SYN-LN-7308,15000.0,3750.0,2025-06-07,2025-06-07,0,3750.0,0
SYN-REP-17309,SYN-U-10631,SYN-LN-7309,10000.0,2500.0,2025-11-04,2025-11-04,0,2500.0,0
SYN-REP-17310,SYN-U-16157,SYN-LN-7310,15000.0,3750.0,2025-11-23,2025-11-27,4,3750.0,0
SYN-REP-17311,SYN-U-19008,SYN-LN-7311,25000.0,6250.0,2026-01-14,2026-01-18,4,6250.0,0
SYN-REP-17312,SYN-U-18229,SYN-LN-7312,15000.0,3750.0,2026-08-10,2026-08-10,0,3750.0,0
SYN-REP-17313,SYN-U-16020,SYN-LN-7313,40000.0,10000.0,2025-10-13,2025-10-13,0,10000.0,0
SYN-REP-17314,SYN-U-12716,SYN-LN-7314,5000.0,1250.0,2026-07-03,2026-07-03,0,1250.0,0
SYN-REP-17315,SYN-U-10935,SYN-LN-7315,10000.0,2500.0,2025-10-24,2025-10-24,0,2500.0,0
SYN-REP-17316,SYN-U-14437,SYN-LN-7316,5000.0,1250.0,2025-11-18,2026-01-14,57,1250.0,0
SYN-REP-17317,SYN-U-18708,SYN-LN-7317,5000.0,1250.0,2026-01-10,2026-01-10,0,1250.0,0
SYN-REP-17318,SYN-U-17053,SYN-LN-7318,5000.0,1250.0,2026-08-11,2026-08-11,0,1250.0,0
SYN-REP-17319,SYN-U-14863,SYN-LN-7319,5000.0,1250.0,2025-09-14,2025-09-14,0,1250.0,0
SYN-REP-17320,SYN-U-16370,SYN-LN-7320,10000.0,2500.0,2025-06-26,2025-06-26,0,2500.0,0
SYN-REP-17321,SYN-U-15065,SYN-LN-7321,10000.0,2500.0,2026-05-14,2026-05-14,0,2500.0,0
SYN-REP-17322,SYN-U-11950,SYN-LN-7322,40000.0,10000.0,2026-05-11,2026-05-13,2,10000.0,0
SYN-REP-17323,SYN-U-13179,SYN-LN-7323,25000.0,6250.0,2025-09-27,2025-09-27,0,6250.0,0
SYN-REP-17324,SYN-U-15730,SYN-LN-7324,15000.0,3750.0,2026-05-24,2026-05-24,0,3750.0,0
SYN-REP-17325,SYN-U-16273,SYN-LN-7325,15000.0,3750.0,2025-12-16,2025-12-16,0,3750.0,0
SYN-REP-17326,SYN-U-17109,SYN-LN-7326,40000.0,10000.0,2025-08-18,2025-08-18,0,10000.0,0
SYN-REP-17327,SYN-U-10809,SYN-LN-7327,10000.0,2500.0,2026-05-13,2026-05-13,0,2500.0,0
SYN-REP-17328,SYN-U-13044,SYN-LN-7328,5000.0,1250.0,2025-11-18,2025-11-18,0,1250.0,0
SYN-REP-17329,SYN-U-12197,SYN-LN-7329,15000.0,3750.0,2026-02-22,2026-02-22,0,3750.0,0
SYN-REP-17330,SYN-U-10180,SYN-LN-7330,10000.0,2500.0,2026-05-27,2026-05-27,0,2500.0,0
SYN-REP-17331,SYN-U-19791,SYN-LN-7331,40000.0,10000.0,2026-08-23,2026-08-23,0,10000.0,0
SYN-REP-17332,SYN-U-13218,SYN-LN-7332,15000.0,3750.0,2025-09-29,2025-09-29,0,3750.0,0
SYN-REP-17333,SYN-U-13627,SYN-LN-7333,5000.0,1250.0,2025-12-10,2025-12-10,0,1250.0,0
SYN-REP-17334,SYN-U-10292,SYN-LN-7334,40000.0,10000.0,2026-08-10,2026-08-10,0,10000.0,0
SYN-REP-17335,SYN-U-16582,SYN-LN-7335,15000.0,3750.0,2025-06-23,2025-06-26,3,3750.0,0
SYN-REP-17336,SYN-U-11938,SYN-LN-7336,25000.0,6250.0,2025-12-10,2025-12-11,1,6250.0,0
SYN-REP-17337,SYN-U-11601,SYN-LN-7337,25000.0,6250.0,2025-11-15,2025-11-15,0,6250.0,0
SYN-REP-17338,SYN-U-11390,SYN-LN-7338,10000.0,2500.0,2025-07-14,2025-07-14,0,2500.0,0
SYN-REP-17339,SYN-U-10563,SYN-LN-7339,5000.0,1250.0,2026-05-30,2026-05-30,0,1250.0,0
SYN-REP-17340,SYN-U-18534,SYN-LN-7340,5000.0,1250.0,2025-08-28,2025-08-28,0,1250.0,0
SYN-REP-17341,SYN-U-15500,SYN-LN-7341,5000.0,1250.0,2026-01-05,2026-01-07,2,1250.0,0
SYN-REP-17342,SYN-U-14045,SYN-LN-7342,15000.0,3750.0,2025-12-31,2025-12-31,0,3750.0,0
SYN-REP-17343,SYN-U-15028,SYN-LN-7343,40000.0,10000.0,2025-10-07,2025-10-07,0,10000.0,0
SYN-REP-17344,SYN-U-13707,SYN-LN-7344,5000.0,1250.0,2025-10-30,2025-10-30,0,1250.0,0
SYN-REP-17345,SYN-U-10499,SYN-LN-7345,15000.0,3750.0,2026-07-30,2026-07-30,0,3750.0,0
SYN-REP-17346,SYN-U-17469,SYN-LN-7346,5000.0,1250.0,2026-04-18,2026-04-18,0,1250.0,0
SYN-REP-17347,SYN-U-12460,SYN-LN-7347,25000.0,6250.0,2026-04-17,2026-04-17,0,6250.0,0
SYN-REP-17348,SYN-U-19117,SYN-LN-7348,25000.0,6250.0,2026-02-03,2026-02-03,0,6250.0,0
SYN-REP-17349,SYN-U-17047,SYN-LN-7349,40000.0,10000.0,2026-08-03,2026-08-03,0,10000.0,0
SYN-REP-17350,SYN-U-15727,SYN-LN-7350,10000.0,2500.0,2026-08-03,2026-08-03,0,2500.0,0
SYN-REP-17351,SYN-U-15707,SYN-LN-7351,40000.0,10000.0,2025-07-12,2025-07-12,0,10000.0,0
SYN-REP-17352,SYN-U-15557,SYN-LN-7352,25000.0,6250.0,2026-02-07,2026-02-07,0,6250.0,0
SYN-REP-17353,SYN-U-10857,SYN-LN-7353,5000.0,1250.0,2026-06-04,2026-06-04,0,1250.0,0
SYN-REP-17354,SYN-U-19477,SYN-LN-7354,40000.0,10000.0,2026-07-10,2026-07-10,0,10000.0,0
SYN-REP-17355,SYN-U-16807,SYN-LN-7355,5000.0,1250.0,2025-10-18,2025-10-18,0,1250.0,0
SYN-REP-17356,SYN-U-12511,SYN-LN-7356,25000.0,6250.0,2026-04-21,2026-04-21,0,6250.0,0
SYN-REP-17357,SYN-U-15602,SYN-LN-7357,15000.0,3750.0,2026-04-24,2026-04-24,0,3750.0,0
SYN-REP-17358,SYN-U-18738,SYN-LN-7358,5000.0,1250.0,2025-07-03,2025-07-03,0,1250.0,0
SYN-REP-17359,SYN-U-14430,SYN-LN-7359,15000.0,3750.0,2025-09-04,2025-09-08,4,3750.0,0
SYN-REP-17360,SYN-U-15137,SYN-LN-7360,40000.0,10000.0,2025-07-05,2025-07-05,0,10000.0,0
SYN-REP-17361,SYN-U-12035,SYN-LN-7361,40000.0,10000.0,2026-02-25,2026-02-25,0,10000.0,0
SYN-REP-17362,SYN-U-10572,SYN-LN-7362,25000.0,6250.0,2025-10-30,2025-11-03,4,6250.0,0
SYN-REP-17363,SYN-U-14161,SYN-LN-7363,5000.0,1250.0,2026-03-07,2026-03-07,0,1250.0,0
SYN-REP-17364,SYN-U-17599,SYN-LN-7364,25000.0,6250.0,2025-10-25,2025-10-25,0,6250.0,0
SYN-REP-17365,SYN-U-14093,SYN-LN-7365,25000.0,6250.0,2025-12-17,2025-12-17,0,6250.0,0
SYN-REP-17366,SYN-U-10596,SYN-LN-7366,10000.0,2500.0,2025-11-05,2025-11-06,1,2500.0,0
SYN-REP-17367,SYN-U-18027,SYN-LN-7367,15000.0,3750.0,2026-04-11,2026-04-14,3,3750.0,0
SYN-REP-17368,SYN-U-15424,SYN-LN-7368,5000.0,1250.0,2025-09-03,2025-09-03,0,1250.0,0
SYN-REP-17369,SYN-U-15018,SYN-LN-7369,10000.0,2500.0,2026-01-15,2026-01-15,0,2500.0,0
SYN-REP-17370,SYN-U-18545,SYN-LN-7370,40000.0,10000.0,2026-02-07,2026-02-07,0,10000.0,0
SYN-REP-17371,SYN-U-15758,SYN-LN-7371,15000.0,3750.0,2025-08-11,2025-08-11,0,3750.0,0
SYN-REP-17372,SYN-U-12515,SYN-LN-7372,5000.0,1250.0,2025-09-28,2025-09-28,0,1250.0,0
SYN-REP-17373,SYN-U-19309,SYN-LN-7373,15000.0,3750.0,2026-02-08,2026-02-08,0,3750.0,0
SYN-REP-17374,SYN-U-13188,SYN-LN-7374,15000.0,3750.0,2026-04-26,2026-04-26,0,3750.0,0
SYN-REP-17375,SYN-U-13383,SYN-LN-7375,25000.0,6250.0,2026-08-02,2026-08-02,0,6250.0,0
SYN-REP-17376,SYN-U-19503,SYN-LN-7376,5000.0,1250.0,2026-08-13,2026-08-13,0,1250.0,0
SYN-REP-17377,SYN-U-12975,SYN-LN-7377,25000.0,6250.0,2025-08-14,2025-08-14,0,6250.0,0
SYN-REP-17378,SYN-U-11520,SYN-LN-7378,10000.0,2500.0,2025-11-25,2025-11-25,0,2500.0,0
SYN-REP-17379,SYN-U-12751,SYN-LN-7379,40000.0,10000.0,2025-09-10,2025-09-10,0,10000.0,0
SYN-REP-17380,SYN-U-18854,SYN-LN-7380,10000.0,2500.0,2026-03-11,2026-03-11,0,2500.0,0
SYN-REP-17381,SYN-U-12827,SYN-LN-7381,15000.0,3750.0,2025-06-21,2025-06-21,0,3750.0,0
SYN-REP-17382,SYN-U-18167,SYN-LN-7382,15000.0,3750.0,2025-07-06,2025-07-06,0,3750.0,0
SYN-REP-17383,SYN-U-19582,SYN-LN-7383,40000.0,10000.0,2026-07-25,2026-07-25,0,10000.0,0
SYN-REP-17384,SYN-U-11555,SYN-LN-7384,10000.0,2500.0,2026-03-04,2026-03-04,0,2500.0,0
SYN-REP-17385,SYN-U-14764,SYN-LN-7385,15000.0,3750.0,2025-12-14,2025-12-17,3,3750.0,0
SYN-REP-17386,SYN-U-11560,SYN-LN-7386,25000.0,6250.0,2025-07-27,2025-07-27,0,6250.0,0
SYN-REP-17387,SYN-U-18668,SYN-LN-7387,15000.0,3750.0,2026-08-24,2026-08-24,0,3750.0,0
SYN-REP-17388,SYN-U-19974,SYN-LN-7388,25000.0,6250.0,2025-11-17,2026-01-09,53,6250.0,0
SYN-REP-17389,SYN-U-16870,SYN-LN-7389,40000.0,10000.0,2026-04-07,,62,2604.75,1
SYN-REP-17390,SYN-U-13341,SYN-LN-7390,15000.0,3750.0,2026-03-01,2026-03-01,0,3750.0,0
SYN-REP-17391,SYN-U-17053,SYN-LN-7391,5000.0,1250.0,2025-09-20,2025-09-20,0,1250.0,0
SYN-REP-17392,SYN-U-16397,SYN-LN-7392,5000.0,1250.0,2026-07-31,2026-07-31,0,1250.0,0
SYN-REP-17393,SYN-U-11526,SYN-LN-7393,40000.0,10000.0,2025-11-13,2025-11-13,0,10000.0,0
SYN-REP-17394,SYN-U-18858,SYN-LN-7394,40000.0,10000.0,2026-08-04,2026-08-04,0,10000.0,0
SYN-REP-17395,SYN-U-18206,SYN-LN-7395,40000.0,10000.0,2025-11-11,2025-11-13,2,10000.0,0
SYN-REP-17396,SYN-U-18817,SYN-LN-7396,5000.0,1250.0,2025-09-09,2025-09-09,0,1250.0,0
SYN-REP-17397,SYN-U-17361,SYN-LN-7397,10000.0,2500.0,2025-12-09,2025-12-09,0,2500.0,0
SYN-REP-17398,SYN-U-16601,SYN-LN-7398,10000.0,2500.0,2025-09-25,2025-09-27,2,2500.0,0
SYN-REP-17399,SYN-U-12585,SYN-LN-7399,5000.0,1250.0,2026-08-21,2026-08-21,0,1250.0,0
SYN-REP-17400,SYN-U-17899,SYN-LN-7400,10000.0,2500.0,2026-02-16,2026-02-16,0,2500.0,0
SYN-REP-17401,SYN-U-19021,SYN-LN-7401,25000.0,6250.0,2026-06-09,2026-06-09,0,6250.0,0
SYN-REP-17402,SYN-U-15333,SYN-LN-7402,25000.0,6250.0,2026-05-31,2026-05-31,0,6250.0,0
SYN-REP-17403,SYN-U-13559,SYN-LN-7403,15000.0,3750.0,2025-06-23,2025-06-23,0,3750.0,0
SYN-REP-17404,SYN-U-13802,SYN-LN-7404,10000.0,2500.0,2025-08-30,2025-08-30,0,2500.0,0
SYN-REP-17405,SYN-U-19406,SYN-LN-7405,5000.0,1250.0,2025-07-04,2025-07-04,0,1250.0,0
SYN-REP-17406,SYN-U-12842,SYN-LN-7406,5000.0,1250.0,2026-01-21,2026-01-21,0,1250.0,0
SYN-REP-17407,SYN-U-18766,SYN-LN-7407,25000.0,6250.0,2026-04-11,2026-04-11,0,6250.0,0
SYN-REP-17408,SYN-U-12246,SYN-LN-7408,5000.0,1250.0,2026-02-02,,93,193.84,1
SYN-REP-17409,SYN-U-18956,SYN-LN-7409,10000.0,2500.0,2025-08-19,2025-08-19,0,2500.0,0
SYN-REP-17410,SYN-U-10691,SYN-LN-7410,10000.0,2500.0,2026-01-31,2026-01-31,0,2500.0,0
SYN-REP-17411,SYN-U-15218,SYN-LN-7411,40000.0,10000.0,2025-08-07,2025-08-10,3,10000.0,0
SYN-REP-17412,SYN-U-13151,SYN-LN-7412,5000.0,1250.0,2025-06-19,2025-06-19,0,1250.0,0
SYN-REP-17413,SYN-U-18434,SYN-LN-7413,10000.0,2500.0,2026-05-25,2026-05-25,0,2500.0,0
SYN-REP-17414,SYN-U-13236,SYN-LN-7414,40000.0,10000.0,2026-01-31,2026-01-31,0,10000.0,0
SYN-REP-17415,SYN-U-10927,SYN-LN-7415,10000.0,2500.0,2025-09-29,2025-10-03,4,2500.0,0
SYN-REP-17416,SYN-U-19923,SYN-LN-7416,5000.0,1250.0,2025-06-13,2025-06-13,0,1250.0,0
SYN-REP-17417,SYN-U-11453,SYN-LN-7417,5000.0,1250.0,2026-05-09,2026-05-09,0,1250.0,0
SYN-REP-17418,SYN-U-10721,SYN-LN-7418,5000.0,1250.0,2026-01-18,2026-01-18,0,1250.0,0
SYN-REP-17419,SYN-U-18743,SYN-LN-7419,5000.0,1250.0,2025-06-23,2025-06-27,4,1250.0,0
SYN-REP-17420,SYN-U-12611,SYN-LN-7420,40000.0,10000.0,2026-05-13,2026-05-13,0,10000.0,0
SYN-REP-17421,SYN-U-15933,SYN-LN-7421,10000.0,2500.0,2026-08-10,2026-08-14,4,2500.0,0
SYN-REP-17422,SYN-U-10222,SYN-LN-7422,15000.0,3750.0,2025-06-20,2025-06-20,0,3750.0,0
SYN-REP-17423,SYN-U-10475,SYN-LN-7423,5000.0,1250.0,2025-08-30,2025-08-30,0,1250.0,0
SYN-REP-17424,SYN-U-17657,SYN-LN-7424,40000.0,10000.0,2025-12-24,2025-12-24,0,10000.0,0
SYN-REP-17425,SYN-U-14327,SYN-LN-7425,10000.0,2500.0,2026-01-17,2026-01-17,0,2500.0,0
SYN-REP-17426,SYN-U-14965,SYN-LN-7426,15000.0,3750.0,2026-01-28,2026-01-29,1,3750.0,0
SYN-REP-17427,SYN-U-12493,SYN-LN-7427,15000.0,3750.0,2025-07-18,2025-07-18,0,3750.0,0
SYN-REP-17428,SYN-U-14707,SYN-LN-7428,10000.0,2500.0,2025-10-01,2025-10-01,0,2500.0,0
SYN-REP-17429,SYN-U-13587,SYN-LN-7429,10000.0,2500.0,2025-10-13,2025-10-13,0,2500.0,0
SYN-REP-17430,SYN-U-10232,SYN-LN-7430,5000.0,1250.0,2026-01-30,2026-01-30,0,1250.0,0
SYN-REP-17431,SYN-U-11523,SYN-LN-7431,40000.0,10000.0,2025-09-03,2025-09-03,0,10000.0,0
SYN-REP-17432,SYN-U-14293,SYN-LN-7432,40000.0,10000.0,2025-11-06,2025-11-06,0,10000.0,0
SYN-REP-17433,SYN-U-14797,SYN-LN-7433,15000.0,3750.0,2025-10-27,2025-10-27,0,3750.0,0
SYN-REP-17434,SYN-U-10562,SYN-LN-7434,40000.0,10000.0,2026-08-24,2026-08-24,0,10000.0,0
SYN-REP-17435,SYN-U-14547,SYN-LN-7435,25000.0,6250.0,2026-04-14,,68,1481.8,1
SYN-REP-17436,SYN-U-11121,SYN-LN-7436,10000.0,2500.0,2026-05-24,2026-05-24,0,2500.0,0
SYN-REP-17437,SYN-U-16977,SYN-LN-7437,40000.0,10000.0,2026-05-12,2026-05-12,0,10000.0,0
SYN-REP-17438,SYN-U-16317,SYN-LN-7438,40000.0,10000.0,2025-07-13,2025-07-13,0,10000.0,0
SYN-REP-17439,SYN-U-11423,SYN-LN-7439,15000.0,3750.0,2025-06-08,2025-06-08,0,3750.0,0
SYN-REP-17440,SYN-U-17815,SYN-LN-7440,25000.0,6250.0,2026-04-24,2026-04-24,0,6250.0,0
SYN-REP-17441,SYN-U-17314,SYN-LN-7441,25000.0,6250.0,2026-07-25,2026-07-25,0,6250.0,0
SYN-REP-17442,SYN-U-10637,SYN-LN-7442,25000.0,6250.0,2025-11-04,2025-11-04,0,6250.0,0
SYN-REP-17443,SYN-U-19557,SYN-LN-7443,5000.0,1250.0,2025-09-03,2025-09-03,0,1250.0,0
SYN-REP-17444,SYN-U-17450,SYN-LN-7444,25000.0,6250.0,2026-08-03,2026-08-03,0,6250.0,0
SYN-REP-17445,SYN-U-10051,SYN-LN-7445,10000.0,2500.0,2025-06-26,2025-06-26,0,2500.0,0
SYN-REP-17446,SYN-U-15927,SYN-LN-7446,15000.0,3750.0,2025-07-20,2025-07-20,0,3750.0,0
SYN-REP-17447,SYN-U-18584,SYN-LN-7447,10000.0,2500.0,2025-08-20,2025-08-20,0,2500.0,0
SYN-REP-17448,SYN-U-14515,SYN-LN-7448,25000.0,6250.0,2025-07-07,2025-07-07,0,6250.0,0
SYN-REP-17449,SYN-U-16810,SYN-LN-7449,5000.0,1250.0,2025-09-16,2025-09-16,0,1250.0,0
SYN-REP-17450,SYN-U-16396,SYN-LN-7450,25000.0,6250.0,2025-12-02,2025-12-02,0,6250.0,0
SYN-REP-17451,SYN-U-16441,SYN-LN-7451,25000.0,6250.0,2026-08-06,2026-08-10,4,6250.0,0
SYN-REP-17452,SYN-U-17835,SYN-LN-7452,25000.0,6250.0,2026-06-25,2026-06-29,4,6250.0,0
SYN-REP-17453,SYN-U-15100,SYN-LN-7453,10000.0,2500.0,2025-07-16,2025-07-16,0,2500.0,0
SYN-REP-17454,SYN-U-14740,SYN-LN-7454,40000.0,10000.0,2025-06-06,2025-06-06,0,10000.0,0
SYN-REP-17455,SYN-U-10762,SYN-LN-7455,40000.0,10000.0,2026-07-13,2026-07-13,0,10000.0,0
SYN-REP-17456,SYN-U-16836,SYN-LN-7456,10000.0,2500.0,2026-04-02,2026-04-02,0,2500.0,0
SYN-REP-17457,SYN-U-11803,SYN-LN-7457,10000.0,2500.0,2026-04-28,2026-04-28,0,2500.0,0
SYN-REP-17458,SYN-U-10912,SYN-LN-7458,15000.0,3750.0,2026-04-16,2026-04-19,3,3750.0,0
SYN-REP-17459,SYN-U-10516,SYN-LN-7459,15000.0,3750.0,2025-08-19,2025-08-19,0,3750.0,0
SYN-REP-17460,SYN-U-11138,SYN-LN-7460,5000.0,1250.0,2025-12-16,2025-12-16,0,1250.0,0
SYN-REP-17461,SYN-U-15425,SYN-LN-7461,40000.0,10000.0,2026-07-09,2026-07-09,0,10000.0,0
SYN-REP-17462,SYN-U-16598,SYN-LN-7462,15000.0,3750.0,2026-06-23,2026-06-24,1,3750.0,0
SYN-REP-17463,SYN-U-17061,SYN-LN-7463,5000.0,1250.0,2025-08-21,2025-08-21,0,1250.0,0
SYN-REP-17464,SYN-U-18005,SYN-LN-7464,15000.0,3750.0,2026-01-15,2026-01-19,4,3750.0,0
SYN-REP-17465,SYN-U-11737,SYN-LN-7465,15000.0,3750.0,2026-03-12,2026-03-12,0,3750.0,0
SYN-REP-17466,SYN-U-16914,SYN-LN-7466,25000.0,6250.0,2025-06-28,2025-06-28,0,6250.0,0
SYN-REP-17467,SYN-U-10037,SYN-LN-7467,10000.0,2500.0,2026-03-02,2026-03-02,0,2500.0,0
SYN-REP-17468,SYN-U-12089,SYN-LN-7468,5000.0,1250.0,2025-09-15,2025-09-17,2,1250.0,0
SYN-REP-17469,SYN-U-10027,SYN-LN-7469,5000.0,1250.0,2026-07-20,2026-07-20,0,1250.0,0
SYN-REP-17470,SYN-U-12967,SYN-LN-7470,25000.0,6250.0,2026-05-16,2026-05-17,1,6250.0,0
SYN-REP-17471,SYN-U-15309,SYN-LN-7471,40000.0,10000.0,2025-09-26,2025-09-26,0,10000.0,0
SYN-REP-17472,SYN-U-16633,SYN-LN-7472,40000.0,10000.0,2026-02-20,2026-02-20,0,10000.0,0
SYN-REP-17473,SYN-U-15363,SYN-LN-7473,5000.0,1250.0,2026-05-22,2026-05-23,1,1250.0,0
SYN-REP-17474,SYN-U-11027,SYN-LN-7474,5000.0,1250.0,2026-04-26,2026-04-26,0,1250.0,0
SYN-REP-17475,SYN-U-18631,SYN-LN-7475,5000.0,1250.0,2026-05-21,2026-05-24,3,1250.0,0
SYN-REP-17476,SYN-U-17415,SYN-LN-7476,25000.0,6250.0,2026-04-29,2026-04-29,0,6250.0,0
SYN-REP-17477,SYN-U-10006,SYN-LN-7477,25000.0,6250.0,2026-06-02,2026-06-02,0,6250.0,0
SYN-REP-17478,SYN-U-11655,SYN-LN-7478,10000.0,2500.0,2025-06-07,2025-06-07,0,2500.0,0
SYN-REP-17479,SYN-U-10090,SYN-LN-7479,25000.0,6250.0,2026-06-02,2026-06-02,0,6250.0,0
SYN-REP-17480,SYN-U-16926,SYN-LN-7480,15000.0,3750.0,2026-01-18,2026-01-18,0,3750.0,0
SYN-REP-17481,SYN-U-18472,SYN-LN-7481,5000.0,1250.0,2026-05-26,2026-05-26,0,1250.0,0
SYN-REP-17482,SYN-U-18126,SYN-LN-7482,5000.0,1250.0,2025-06-17,2025-06-17,0,1250.0,0
SYN-REP-17483,SYN-U-12299,SYN-LN-7483,5000.0,1250.0,2025-10-06,2025-10-07,1,1250.0,0
SYN-REP-17484,SYN-U-14737,SYN-LN-7484,5000.0,1250.0,2026-06-07,,70,116.29,1
SYN-REP-17485,SYN-U-14619,SYN-LN-7485,10000.0,2500.0,2025-07-31,2025-07-31,0,2500.0,0
SYN-REP-17486,SYN-U-15986,SYN-LN-7486,5000.0,1250.0,2025-06-16,2025-06-16,0,1250.0,0
SYN-REP-17487,SYN-U-12420,SYN-LN-7487,40000.0,10000.0,2025-12-02,2025-12-02,0,10000.0,0
SYN-REP-17488,SYN-U-13945,SYN-LN-7488,25000.0,6250.0,2025-07-20,2025-07-21,1,6250.0,0
SYN-REP-17489,SYN-U-18009,SYN-LN-7489,10000.0,2500.0,2025-10-02,2025-10-05,3,2500.0,0
SYN-REP-17490,SYN-U-16821,SYN-LN-7490,10000.0,2500.0,2026-04-16,2026-04-16,0,2500.0,0
SYN-REP-17491,SYN-U-15572,SYN-LN-7491,15000.0,3750.0,2026-05-19,2026-05-19,0,3750.0,0
SYN-REP-17492,SYN-U-12305,SYN-LN-7492,25000.0,6250.0,2026-03-05,2026-03-05,0,6250.0,0
SYN-REP-17493,SYN-U-17378,SYN-LN-7493,40000.0,10000.0,2026-01-11,2026-01-15,4,10000.0,0
SYN-REP-17494,SYN-U-18077,SYN-LN-7494,5000.0,1250.0,2026-06-02,2026-07-20,48,1250.0,0
SYN-REP-17495,SYN-U-15580,SYN-LN-7495,5000.0,1250.0,2026-06-06,2026-06-06,0,1250.0,0
SYN-REP-17496,SYN-U-18399,SYN-LN-7496,25000.0,6250.0,2026-08-08,2026-09-04,27,6250.0,0
SYN-REP-17497,SYN-U-18542,SYN-LN-7497,25000.0,6250.0,2026-08-10,2026-09-05,26,6250.0,0
SYN-REP-17498,SYN-U-16842,SYN-LN-7498,15000.0,3750.0,2026-03-28,2026-03-28,0,3750.0,0
SYN-REP-17499,SYN-U-13126,SYN-LN-7499,10000.0,2500.0,2025-07-26,2025-07-26,0,2500.0,0
SYN-REP-17500,SYN-U-14787,SYN-LN-7500,5000.0,1250.0,2026-02-02,2026-02-06,4,1250.0,0
SYN-REP-17501,SYN-U-14920,SYN-LN-5001,25000.0,6250.0,2025-11-07,2025-11-07,0,6250.0,0
SYN-REP-17502,SYN-U-15516,SYN-LN-5002,15000.0,3750.0,2025-06-06,2025-06-06,0,3750.0,0
SYN-REP-17503,SYN-U-16408,SYN-LN-5003,40000.0,10000.0,2026-05-04,2026-05-04,0,10000.0,0
SYN-REP-17504,SYN-U-15029,SYN-LN-5004,25000.0,6250.0,2025-07-20,2025-07-24,4,6250.0,0
SYN-REP-17505,SYN-U-15645,SYN-LN-5005,10000.0,2500.0,2025-06-16,2025-06-16,0,2500.0,0
SYN-REP-17506,SYN-U-12260,SYN-LN-5006,15000.0,3750.0,2025-08-22,2025-08-22,0,3750.0,0
SYN-REP-17507,SYN-U-18090,SYN-LN-5007,5000.0,1250.0,2025-12-20,2025-12-20,0,1250.0,0
SYN-REP-17508,SYN-U-16170,SYN-LN-5008,10000.0,2500.0,2025-09-29,2025-09-29,0,2500.0,0
SYN-REP-17509,SYN-U-16058,SYN-LN-5009,5000.0,1250.0,2025-12-18,2025-12-18,0,1250.0,0
SYN-REP-17510,SYN-U-13116,SYN-LN-5010,5000.0,1250.0,2025-07-23,2025-07-23,0,1250.0,0
SYN-REP-17511,SYN-U-10984,SYN-LN-5011,10000.0,2500.0,2025-08-16,2025-08-17,1,2500.0,0
SYN-REP-17512,SYN-U-17131,SYN-LN-5012,15000.0,3750.0,2025-11-20,2025-11-20,0,3750.0,0
SYN-REP-17513,SYN-U-18940,SYN-LN-5013,15000.0,3750.0,2026-06-11,2026-06-11,0,3750.0,0
SYN-REP-17514,SYN-U-19009,SYN-LN-5014,15000.0,3750.0,2026-02-01,2026-02-01,0,3750.0,0
SYN-REP-17515,SYN-U-16860,SYN-LN-5015,5000.0,1250.0,2026-03-17,2026-03-17,0,1250.0,0
SYN-REP-17516,SYN-U-16533,SYN-LN-5016,5000.0,1250.0,2026-01-06,2026-01-08,2,1250.0,0
SYN-REP-17517,SYN-U-15352,SYN-LN-5017,40000.0,10000.0,2026-02-14,2026-02-14,0,10000.0,0
SYN-REP-17518,SYN-U-17116,SYN-LN-5018,40000.0,10000.0,2026-05-08,2026-05-08,0,10000.0,0
SYN-REP-17519,SYN-U-13542,SYN-LN-5019,5000.0,1250.0,2026-05-22,2026-05-23,1,1250.0,0
SYN-REP-17520,SYN-U-19643,SYN-LN-5020,5000.0,1250.0,2026-01-25,2026-01-25,0,1250.0,0
SYN-REP-17521,SYN-U-12486,SYN-LN-5021,10000.0,2500.0,2025-09-23,2025-09-23,0,2500.0,0
SYN-REP-17522,SYN-U-16285,SYN-LN-5022,40000.0,10000.0,2025-07-27,2025-07-27,0,10000.0,0
SYN-REP-17523,SYN-U-12353,SYN-LN-5023,25000.0,6250.0,2026-02-10,2026-02-10,0,6250.0,0
SYN-REP-17524,SYN-U-10231,SYN-LN-5024,15000.0,3750.0,2026-05-27,2026-05-27,0,3750.0,0
SYN-REP-17525,SYN-U-16299,SYN-LN-5025,5000.0,1250.0,2025-10-20,2025-10-20,0,1250.0,0
SYN-REP-17526,SYN-U-12449,SYN-LN-5026,15000.0,3750.0,2026-03-01,2026-03-01,0,3750.0,0
SYN-REP-17527,SYN-U-12528,SYN-LN-5027,15000.0,3750.0,2026-01-23,2026-02-14,22,3750.0,0
SYN-REP-17528,SYN-U-19841,SYN-LN-5028,15000.0,3750.0,2026-06-17,2026-06-17,0,3750.0,0
SYN-REP-17529,SYN-U-15704,SYN-LN-5029,10000.0,2500.0,2025-09-27,2025-09-27,0,2500.0,0
SYN-REP-17530,SYN-U-10345,SYN-LN-5030,40000.0,10000.0,2026-07-10,2026-08-28,49,10000.0,0
SYN-REP-17531,SYN-U-15448,SYN-LN-5031,40000.0,10000.0,2025-06-30,2025-06-30,0,10000.0,0
SYN-REP-17532,SYN-U-12861,SYN-LN-5032,15000.0,3750.0,2025-06-08,2025-06-08,0,3750.0,0
SYN-REP-17533,SYN-U-11363,SYN-LN-5033,10000.0,2500.0,2025-11-11,2025-11-11,0,2500.0,0
SYN-REP-17534,SYN-U-17913,SYN-LN-5034,25000.0,6250.0,2026-02-27,2026-02-27,0,6250.0,0
SYN-REP-17535,SYN-U-17281,SYN-LN-5035,25000.0,6250.0,2026-03-01,2026-03-04,3,6250.0,0
SYN-REP-17536,SYN-U-14527,SYN-LN-5036,40000.0,10000.0,2026-06-09,2026-06-09,0,10000.0,0
SYN-REP-17537,SYN-U-10710,SYN-LN-5037,40000.0,10000.0,2025-06-17,2025-06-17,0,10000.0,0
SYN-REP-17538,SYN-U-18270,SYN-LN-5038,10000.0,2500.0,2025-08-18,2025-08-18,0,2500.0,0
SYN-REP-17539,SYN-U-13668,SYN-LN-5039,15000.0,3750.0,2025-08-01,2025-08-03,2,3750.0,0
SYN-REP-17540,SYN-U-11336,SYN-LN-5040,10000.0,2500.0,2026-04-04,2026-04-04,0,2500.0,0
SYN-REP-17541,SYN-U-12049,SYN-LN-5041,25000.0,6250.0,2025-08-07,2025-08-07,0,6250.0,0
SYN-REP-17542,SYN-U-15593,SYN-LN-5042,10000.0,2500.0,2026-07-31,2026-07-31,0,2500.0,0
SYN-REP-17543,SYN-U-18787,SYN-LN-5043,5000.0,1250.0,2025-12-23,2025-12-23,0,1250.0,0
SYN-REP-17544,SYN-U-16625,SYN-LN-5044,40000.0,10000.0,2026-08-23,2026-08-23,0,10000.0,0
SYN-REP-17545,SYN-U-19740,SYN-LN-5045,25000.0,6250.0,2026-07-11,2026-07-11,0,6250.0,0
SYN-REP-17546,SYN-U-19362,SYN-LN-5046,5000.0,1250.0,2025-09-12,2025-09-13,1,1250.0,0
SYN-REP-17547,SYN-U-17865,SYN-LN-5047,10000.0,2500.0,2026-02-12,2026-02-12,0,2500.0,0
SYN-REP-17548,SYN-U-11325,SYN-LN-5048,40000.0,10000.0,2026-07-12,2026-07-28,16,10000.0,0
SYN-REP-17549,SYN-U-19672,SYN-LN-5049,10000.0,2500.0,2026-03-30,2026-03-31,1,2500.0,0
SYN-REP-17550,SYN-U-10091,SYN-LN-5050,25000.0,6250.0,2025-07-04,2025-07-04,0,6250.0,0
SYN-REP-17551,SYN-U-17855,SYN-LN-5051,15000.0,3750.0,2025-08-29,2025-08-29,0,3750.0,0
SYN-REP-17552,SYN-U-10498,SYN-LN-5052,40000.0,10000.0,2026-04-01,2026-04-01,0,10000.0,0
SYN-REP-17553,SYN-U-15636,SYN-LN-5053,25000.0,6250.0,2026-07-23,2026-07-23,0,6250.0,0
SYN-REP-17554,SYN-U-15258,SYN-LN-5054,40000.0,10000.0,2026-02-07,2026-02-07,0,10000.0,0
SYN-REP-17555,SYN-U-12072,SYN-LN-5055,10000.0,2500.0,2026-04-07,2026-04-07,0,2500.0,0
SYN-REP-17556,SYN-U-15739,SYN-LN-5056,5000.0,1250.0,2026-08-18,2026-08-18,0,1250.0,0
SYN-REP-17557,SYN-U-16858,SYN-LN-5057,10000.0,2500.0,2026-03-26,2026-03-26,0,2500.0,0
SYN-REP-17558,SYN-U-11622,SYN-LN-5058,40000.0,10000.0,2026-06-05,2026-06-05,0,10000.0,0
SYN-REP-17559,SYN-U-11704,SYN-LN-5059,25000.0,6250.0,2026-08-03,2026-08-06,3,6250.0,0
SYN-REP-17560,SYN-U-12574,SYN-LN-5060,10000.0,2500.0,2026-06-06,2026-06-06,0,2500.0,0
SYN-REP-17561,SYN-U-15213,SYN-LN-5061,10000.0,2500.0,2026-06-02,2026-06-02,0,2500.0,0
SYN-REP-17562,SYN-U-16938,SYN-LN-5062,40000.0,10000.0,2025-11-26,2025-11-26,0,10000.0,0
SYN-REP-17563,SYN-U-13539,SYN-LN-5063,25000.0,6250.0,2025-09-03,2025-09-03,0,6250.0,0
SYN-REP-17564,SYN-U-17538,SYN-LN-5064,10000.0,2500.0,2026-05-07,2026-05-07,0,2500.0,0
SYN-REP-17565,SYN-U-14161,SYN-LN-5065,40000.0,10000.0,2026-02-24,2026-02-24,0,10000.0,0
SYN-REP-17566,SYN-U-17827,SYN-LN-5066,5000.0,1250.0,2025-09-29,2025-09-29,0,1250.0,0
SYN-REP-17567,SYN-U-11810,SYN-LN-5067,40000.0,10000.0,2025-11-13,2025-11-13,0,10000.0,0
SYN-REP-17568,SYN-U-16168,SYN-LN-5068,5000.0,1250.0,2025-06-06,2025-06-06,0,1250.0,0
SYN-REP-17569,SYN-U-19284,SYN-LN-5069,25000.0,6250.0,2025-11-30,2025-11-30,0,6250.0,0
SYN-REP-17570,SYN-U-16585,SYN-LN-5070,5000.0,1250.0,2026-04-12,2026-04-13,1,1250.0,0
SYN-REP-17571,SYN-U-19048,SYN-LN-5071,5000.0,1250.0,2026-01-25,2026-01-29,4,1250.0,0
SYN-REP-17572,SYN-U-19870,SYN-LN-5072,5000.0,1250.0,2025-08-14,2025-08-14,0,1250.0,0
SYN-REP-17573,SYN-U-10917,SYN-LN-5073,10000.0,2500.0,2026-01-21,2026-01-21,0,2500.0,0
SYN-REP-17574,SYN-U-17771,SYN-LN-5074,10000.0,2500.0,2025-12-21,2025-12-23,2,2500.0,0
SYN-REP-17575,SYN-U-13846,SYN-LN-5075,40000.0,10000.0,2026-07-23,2026-07-25,2,10000.0,0
SYN-REP-17576,SYN-U-18951,SYN-LN-5076,25000.0,6250.0,2025-12-07,2025-12-11,4,6250.0,0
SYN-REP-17577,SYN-U-17851,SYN-LN-5077,15000.0,3750.0,2026-05-03,2026-05-03,0,3750.0,0
SYN-REP-17578,SYN-U-15182,SYN-LN-5078,25000.0,6250.0,2026-04-16,2026-04-16,0,6250.0,0
SYN-REP-17579,SYN-U-16095,SYN-LN-5079,5000.0,1250.0,2025-08-25,2025-08-25,0,1250.0,0
SYN-REP-17580,SYN-U-18316,SYN-LN-5080,25000.0,6250.0,2026-02-18,2026-02-18,0,6250.0,0
SYN-REP-17581,SYN-U-19963,SYN-LN-5081,10000.0,2500.0,2025-07-19,2025-07-19,0,2500.0,0
SYN-REP-17582,SYN-U-15081,SYN-LN-5082,10000.0,2500.0,2026-05-22,2026-05-22,0,2500.0,0
SYN-REP-17583,SYN-U-14299,SYN-LN-5083,15000.0,3750.0,2026-03-29,2026-03-29,0,3750.0,0
SYN-REP-17584,SYN-U-10007,SYN-LN-5084,5000.0,1250.0,2026-03-17,2026-03-17,0,1250.0,0
SYN-REP-17585,SYN-U-15949,SYN-LN-5085,25000.0,6250.0,2025-06-15,2025-06-15,0,6250.0,0
SYN-REP-17586,SYN-U-12482,SYN-LN-5086,40000.0,10000.0,2026-08-15,2026-08-15,0,10000.0,0
SYN-REP-17587,SYN-U-18929,SYN-LN-5087,40000.0,10000.0,2026-05-01,2026-05-01,0,10000.0,0
SYN-REP-17588,SYN-U-17973,SYN-LN-5088,10000.0,2500.0,2026-03-05,2026-03-08,3,2500.0,0
SYN-REP-17589,SYN-U-14040,SYN-LN-5089,10000.0,2500.0,2025-07-03,2025-07-03,0,2500.0,0
SYN-REP-17590,SYN-U-12675,SYN-LN-5090,40000.0,10000.0,2026-06-13,2026-06-13,0,10000.0,0
SYN-REP-17591,SYN-U-12932,SYN-LN-5091,15000.0,3750.0,2025-08-03,2025-08-03,0,3750.0,0
SYN-REP-17592,SYN-U-11697,SYN-LN-5092,15000.0,3750.0,2026-07-14,2026-07-14,0,3750.0,0
SYN-REP-17593,SYN-U-17604,SYN-LN-5093,15000.0,3750.0,2025-09-25,2025-09-27,2,3750.0,0
SYN-REP-17594,SYN-U-10008,SYN-LN-5094,5000.0,1250.0,2025-09-27,2025-09-27,0,1250.0,0
SYN-REP-17595,SYN-U-19651,SYN-LN-5095,25000.0,6250.0,2025-07-16,2025-07-16,0,6250.0,0
SYN-REP-17596,SYN-U-13609,SYN-LN-5096,5000.0,1250.0,2025-12-25,2025-12-25,0,1250.0,0
SYN-REP-17597,SYN-U-12146,SYN-LN-5097,25000.0,6250.0,2026-05-16,2026-05-16,0,6250.0,0
SYN-REP-17598,SYN-U-12568,SYN-LN-5098,10000.0,2500.0,2025-07-16,2025-07-16,0,2500.0,0
SYN-REP-17599,SYN-U-11873,SYN-LN-5099,25000.0,6250.0,2026-05-16,2026-05-16,0,6250.0,0
SYN-REP-17600,SYN-U-19434,SYN-LN-5100,10000.0,2500.0,2026-05-01,2026-05-01,0,2500.0,0
SYN-REP-17601,SYN-U-11393,SYN-LN-5101,15000.0,3750.0,2026-01-31,2026-01-31,0,3750.0,0
SYN-REP-17602,SYN-U-12378,SYN-LN-5102,5000.0,1250.0,2025-07-12,2025-07-12,0,1250.0,0
SYN-REP-17603,SYN-U-17759,SYN-LN-5103,25000.0,6250.0,2026-07-13,2026-07-13,0,6250.0,0
SYN-REP-17604,SYN-U-17085,SYN-LN-5104,5000.0,1250.0,2025-09-25,2025-09-25,0,1250.0,0
SYN-REP-17605,SYN-U-14325,SYN-LN-5105,40000.0,10000.0,2025-08-29,2025-08-29,0,10000.0,0
SYN-REP-17606,SYN-U-11234,SYN-LN-5106,15000.0,3750.0,2026-05-24,2026-05-28,4,3750.0,0
SYN-REP-17607,SYN-U-17882,SYN-LN-5107,25000.0,6250.0,2025-12-15,2025-12-15,0,6250.0,0
SYN-REP-17608,SYN-U-14451,SYN-LN-5108,25000.0,6250.0,2026-02-05,2026-02-05,0,6250.0,0
SYN-REP-17609,SYN-U-16944,SYN-LN-5109,15000.0,3750.0,2026-02-16,2026-02-16,0,3750.0,0
SYN-REP-17610,SYN-U-13539,SYN-LN-5110,40000.0,10000.0,2025-07-03,2025-07-03,0,10000.0,0
SYN-REP-17611,SYN-U-19980,SYN-LN-5111,5000.0,1250.0,2025-07-23,2025-07-23,0,1250.0,0
SYN-REP-17612,SYN-U-17631,SYN-LN-5112,10000.0,2500.0,2026-08-09,2026-08-09,0,2500.0,0
SYN-REP-17613,SYN-U-10221,SYN-LN-5113,10000.0,2500.0,2025-07-21,2025-07-21,0,2500.0,0
SYN-REP-17614,SYN-U-11302,SYN-LN-5114,15000.0,3750.0,2026-08-22,2026-08-22,0,3750.0,0
SYN-REP-17615,SYN-U-15045,SYN-LN-5115,25000.0,6250.0,2025-09-09,,82,1105.93,1
SYN-REP-17616,SYN-U-19416,SYN-LN-5116,15000.0,3750.0,2026-03-12,2026-03-12,0,3750.0,0
SYN-REP-17617,SYN-U-10446,SYN-LN-5117,5000.0,1250.0,2026-03-16,2026-03-16,0,1250.0,0
SYN-REP-17618,SYN-U-13873,SYN-LN-5118,15000.0,3750.0,2026-07-01,2026-07-01,0,3750.0,0
SYN-REP-17619,SYN-U-17831,SYN-LN-5119,25000.0,6250.0,2025-08-12,2025-08-12,0,6250.0,0
SYN-REP-17620,SYN-U-10010,SYN-LN-5120,10000.0,2500.0,2026-05-05,2026-05-05,0,2500.0,0
SYN-REP-17621,SYN-U-10701,SYN-LN-5121,5000.0,1250.0,2025-07-22,2025-07-22,0,1250.0,0
SYN-REP-17622,SYN-U-14072,SYN-LN-5122,5000.0,1250.0,2026-07-04,2026-07-04,0,1250.0,0
SYN-REP-17623,SYN-U-16296,SYN-LN-5123,10000.0,2500.0,2025-08-30,2025-08-30,0,2500.0,0
SYN-REP-17624,SYN-U-15953,SYN-LN-5124,25000.0,6250.0,2026-08-23,2026-08-23,0,6250.0,0
SYN-REP-17625,SYN-U-15423,SYN-LN-5125,40000.0,10000.0,2025-06-07,2025-06-07,0,10000.0,0
SYN-REP-17626,SYN-U-13906,SYN-LN-5126,10000.0,2500.0,2025-07-12,2025-07-12,0,2500.0,0
SYN-REP-17627,SYN-U-10551,SYN-LN-5127,40000.0,10000.0,2026-06-25,2026-06-25,0,10000.0,0
SYN-REP-17628,SYN-U-13633,SYN-LN-5128,15000.0,3750.0,2025-06-07,2025-06-07,0,3750.0,0
SYN-REP-17629,SYN-U-14897,SYN-LN-5129,15000.0,3750.0,2026-05-21,2026-05-21,0,3750.0,0
SYN-REP-17630,SYN-U-11785,SYN-LN-5130,10000.0,2500.0,2025-12-07,2025-12-07,0,2500.0,0
SYN-REP-17631,SYN-U-16934,SYN-LN-5131,5000.0,1250.0,2026-01-23,2026-01-23,0,1250.0,0
SYN-REP-17632,SYN-U-14580,SYN-LN-5132,15000.0,3750.0,2025-09-05,2025-09-05,0,3750.0,0
SYN-REP-17633,SYN-U-16387,SYN-LN-5133,5000.0,1250.0,2025-11-15,2025-11-15,0,1250.0,0
SYN-REP-17634,SYN-U-19265,SYN-LN-5134,25000.0,6250.0,2025-08-03,2025-08-03,0,6250.0,0
SYN-REP-17635,SYN-U-12218,SYN-LN-5135,5000.0,1250.0,2026-02-27,2026-02-27,0,1250.0,0
SYN-REP-17636,SYN-U-15012,SYN-LN-5136,10000.0,2500.0,2026-08-01,2026-08-01,0,2500.0,0
SYN-REP-17637,SYN-U-13366,SYN-LN-5137,5000.0,1250.0,2026-04-27,2026-04-27,0,1250.0,0
SYN-REP-17638,SYN-U-14596,SYN-LN-5138,40000.0,10000.0,2026-03-20,2026-03-20,0,10000.0,0
SYN-REP-17639,SYN-U-16232,SYN-LN-5139,10000.0,2500.0,2026-06-24,2026-06-24,0,2500.0,0
SYN-REP-17640,SYN-U-14867,SYN-LN-5140,40000.0,10000.0,2026-05-31,2026-06-01,1,10000.0,0
SYN-REP-17641,SYN-U-18475,SYN-LN-5141,5000.0,1250.0,2026-02-13,2026-02-13,0,1250.0,0
SYN-REP-17642,SYN-U-13562,SYN-LN-5142,25000.0,6250.0,2025-08-12,2025-08-12,0,6250.0,0
SYN-REP-17643,SYN-U-12731,SYN-LN-5143,10000.0,2500.0,2026-03-02,2026-03-02,0,2500.0,0
SYN-REP-17644,SYN-U-16649,SYN-LN-5144,25000.0,6250.0,2026-01-31,2026-01-31,0,6250.0,0
SYN-REP-17645,SYN-U-19203,SYN-LN-5145,25000.0,6250.0,2026-02-27,2026-02-27,0,6250.0,0
SYN-REP-17646,SYN-U-12061,SYN-LN-5146,5000.0,1250.0,2025-11-19,2025-11-20,1,1250.0,0
SYN-REP-17647,SYN-U-12770,SYN-LN-5147,10000.0,2500.0,2026-08-02,2026-08-04,2,2500.0,0
SYN-REP-17648,SYN-U-16314,SYN-LN-5148,5000.0,1250.0,2025-09-12,2025-09-12,0,1250.0,0
SYN-REP-17649,SYN-U-14470,SYN-LN-5149,25000.0,6250.0,2025-11-01,2025-11-01,0,6250.0,0
SYN-REP-17650,SYN-U-19915,SYN-LN-5150,10000.0,2500.0,2025-07-04,2025-07-04,0,2500.0,0
SYN-REP-17651,SYN-U-13492,SYN-LN-5151,5000.0,1250.0,2025-06-23,2025-06-23,0,1250.0,0
SYN-REP-17652,SYN-U-12930,SYN-LN-5152,40000.0,10000.0,2025-11-30,2025-11-30,0,10000.0,0
SYN-REP-17653,SYN-U-16983,SYN-LN-5153,5000.0,1250.0,2026-05-11,2026-05-11,0,1250.0,0
SYN-REP-17654,SYN-U-12466,SYN-LN-5154,15000.0,3750.0,2026-04-10,2026-04-10,0,3750.0,0
SYN-REP-17655,SYN-U-18035,SYN-LN-5155,15000.0,3750.0,2026-07-26,2026-07-26,0,3750.0,0
SYN-REP-17656,SYN-U-14694,SYN-LN-5156,5000.0,1250.0,2025-07-07,2025-07-07,0,1250.0,0
SYN-REP-17657,SYN-U-16464,SYN-LN-5157,15000.0,3750.0,2026-06-19,2026-06-20,1,3750.0,0
SYN-REP-17658,SYN-U-12866,SYN-LN-5158,15000.0,3750.0,2025-06-01,2025-06-01,0,3750.0,0
SYN-REP-17659,SYN-U-12619,SYN-LN-5159,25000.0,6250.0,2026-01-01,2026-01-01,0,6250.0,0
SYN-REP-17660,SYN-U-10940,SYN-LN-5160,5000.0,1250.0,2026-08-19,2026-08-19,0,1250.0,0
SYN-REP-17661,SYN-U-10386,SYN-LN-5161,15000.0,3750.0,2026-08-15,2026-08-15,0,3750.0,0
SYN-REP-17662,SYN-U-19500,SYN-LN-5162,5000.0,1250.0,2026-03-01,2026-03-01,0,1250.0,0
SYN-REP-17663,SYN-U-12650,SYN-LN-5163,25000.0,6250.0,2026-01-09,2026-01-09,0,6250.0,0
SYN-REP-17664,SYN-U-14589,SYN-LN-5164,40000.0,10000.0,2026-01-28,2026-01-28,0,10000.0,0
SYN-REP-17665,SYN-U-19219,SYN-LN-5165,15000.0,3750.0,2025-07-12,2025-07-12,0,3750.0,0
SYN-REP-17666,SYN-U-11109,SYN-LN-5166,5000.0,1250.0,2025-11-26,2025-11-26,0,1250.0,0
SYN-REP-17667,SYN-U-15211,SYN-LN-5167,15000.0,3750.0,2026-07-23,2026-07-23,0,3750.0,0
SYN-REP-17668,SYN-U-15147,SYN-LN-5168,15000.0,3750.0,2025-11-15,2025-11-15,0,3750.0,0
SYN-REP-17669,SYN-U-11487,SYN-LN-5169,5000.0,1250.0,2026-06-10,2026-06-12,2,1250.0,0
SYN-REP-17670,SYN-U-17272,SYN-LN-5170,15000.0,3750.0,2026-05-19,2026-05-19,0,3750.0,0
SYN-REP-17671,SYN-U-12064,SYN-LN-5171,25000.0,6250.0,2026-08-22,2026-08-22,0,6250.0,0
SYN-REP-17672,SYN-U-14557,SYN-LN-5172,15000.0,3750.0,2026-02-05,2026-02-05,0,3750.0,0
SYN-REP-17673,SYN-U-16803,SYN-LN-5173,25000.0,6250.0,2025-08-15,2025-08-15,0,6250.0,0
SYN-REP-17674,SYN-U-17798,SYN-LN-5174,25000.0,6250.0,2025-12-10,2025-12-10,0,6250.0,0
SYN-REP-17675,SYN-U-14687,SYN-LN-5175,15000.0,3750.0,2026-02-20,2026-02-20,0,3750.0,0
SYN-REP-17676,SYN-U-11332,SYN-LN-5176,10000.0,2500.0,2025-08-01,2025-08-01,0,2500.0,0
SYN-REP-17677,SYN-U-15891,SYN-LN-5177,25000.0,6250.0,2026-01-29,2026-01-29,0,6250.0,0
SYN-REP-17678,SYN-U-12519,SYN-LN-5178,25000.0,6250.0,2026-03-08,2026-03-08,0,6250.0,0
SYN-REP-17679,SYN-U-19481,SYN-LN-5179,25000.0,6250.0,2026-08-22,2026-08-23,1,6250.0,0
SYN-REP-17680,SYN-U-17582,SYN-LN-5180,40000.0,10000.0,2025-09-12,2025-09-12,0,10000.0,0
SYN-REP-17681,SYN-U-19379,SYN-LN-5181,15000.0,3750.0,2025-06-21,2025-06-21,0,3750.0,0
SYN-REP-17682,SYN-U-13704,SYN-LN-5182,5000.0,1250.0,2026-07-23,2026-07-23,0,1250.0,0
SYN-REP-17683,SYN-U-16241,SYN-LN-5183,15000.0,3750.0,2025-06-24,2025-06-24,0,3750.0,0
SYN-REP-17684,SYN-U-15014,SYN-LN-5184,5000.0,1250.0,2025-10-04,2025-10-04,0,1250.0,0
SYN-REP-17685,SYN-U-16647,SYN-LN-5185,10000.0,2500.0,2026-02-20,2026-02-20,0,2500.0,0
SYN-REP-17686,SYN-U-10543,SYN-LN-5186,25000.0,6250.0,2026-04-28,2026-04-28,0,6250.0,0
SYN-REP-17687,SYN-U-13602,SYN-LN-5187,5000.0,1250.0,2025-12-09,2025-12-09,0,1250.0,0
SYN-REP-17688,SYN-U-19689,SYN-LN-5188,5000.0,1250.0,2025-10-29,2025-10-29,0,1250.0,0
SYN-REP-17689,SYN-U-18962,SYN-LN-5189,25000.0,6250.0,2026-07-19,2026-07-19,0,6250.0,0
SYN-REP-17690,SYN-U-15491,SYN-LN-5190,15000.0,3750.0,2026-07-14,2026-07-14,0,3750.0,0
SYN-REP-17691,SYN-U-10009,SYN-LN-5191,40000.0,10000.0,2026-01-29,2026-01-29,0,10000.0,0
SYN-REP-17692,SYN-U-14982,SYN-LN-5192,5000.0,1250.0,2026-06-03,2026-06-04,1,1250.0,0
SYN-REP-17693,SYN-U-11144,SYN-LN-5193,15000.0,3750.0,2026-04-09,2026-04-09,0,3750.0,0
SYN-REP-17694,SYN-U-12479,SYN-LN-5194,10000.0,2500.0,2026-05-05,2026-05-08,3,2500.0,0
SYN-REP-17695,SYN-U-19665,SYN-LN-5195,10000.0,2500.0,2026-01-17,2026-01-17,0,2500.0,0
SYN-REP-17696,SYN-U-12608,SYN-LN-5196,40000.0,10000.0,2025-09-27,2025-09-27,0,10000.0,0
SYN-REP-17697,SYN-U-19788,SYN-LN-5197,25000.0,6250.0,2025-07-27,2025-07-27,0,6250.0,0
SYN-REP-17698,SYN-U-16121,SYN-LN-5198,5000.0,1250.0,2025-12-11,,80,485.36,1
SYN-REP-17699,SYN-U-14585,SYN-LN-5199,25000.0,6250.0,2025-12-23,2025-12-23,0,6250.0,0
SYN-REP-17700,SYN-U-10946,SYN-LN-5200,25000.0,6250.0,2026-08-01,2026-08-01,0,6250.0,0
SYN-REP-17701,SYN-U-17923,SYN-LN-5201,10000.0,2500.0,2025-06-28,2025-06-28,0,2500.0,0
SYN-REP-17702,SYN-U-18519,SYN-LN-5202,15000.0,3750.0,2026-01-02,2026-01-02,0,3750.0,0
SYN-REP-17703,SYN-U-12803,SYN-LN-5203,40000.0,10000.0,2025-06-08,2025-06-08,0,10000.0,0
SYN-REP-17704,SYN-U-15698,SYN-LN-5204,40000.0,10000.0,2026-05-02,2026-05-02,0,10000.0,0
SYN-REP-17705,SYN-U-13881,SYN-LN-5205,10000.0,2500.0,2025-11-05,2025-11-05,0,2500.0,0
SYN-REP-17706,SYN-U-11421,SYN-LN-5206,5000.0,1250.0,2025-07-31,2025-07-31,0,1250.0,0
SYN-REP-17707,SYN-U-16244,SYN-LN-5207,10000.0,2500.0,2026-08-12,2026-08-12,0,2500.0,0
SYN-REP-17708,SYN-U-14214,SYN-LN-5208,10000.0,2500.0,2025-10-11,2025-10-11,0,2500.0,0
SYN-REP-17709,SYN-U-12060,SYN-LN-5209,25000.0,6250.0,2026-02-21,2026-02-21,0,6250.0,0
SYN-REP-17710,SYN-U-13095,SYN-LN-5210,40000.0,10000.0,2026-06-15,2026-06-15,0,10000.0,0
SYN-REP-17711,SYN-U-17963,SYN-LN-5211,40000.0,10000.0,2026-02-25,2026-02-25,0,10000.0,0
SYN-REP-17712,SYN-U-13880,SYN-LN-5212,5000.0,1250.0,2025-09-14,2025-09-14,0,1250.0,0
SYN-REP-17713,SYN-U-10715,SYN-LN-5213,40000.0,10000.0,2025-08-14,2025-08-14,0,10000.0,0
SYN-REP-17714,SYN-U-17021,SYN-LN-5214,40000.0,10000.0,2025-08-03,2025-08-03,0,10000.0,0
SYN-REP-17715,SYN-U-10078,SYN-LN-5215,5000.0,1250.0,2026-08-01,2026-08-01,0,1250.0,0
SYN-REP-17716,SYN-U-14130,SYN-LN-5216,10000.0,2500.0,2026-04-04,2026-04-04,0,2500.0,0
SYN-REP-17717,SYN-U-12592,SYN-LN-5217,10000.0,2500.0,2025-11-20,2025-11-20,0,2500.0,0
SYN-REP-17718,SYN-U-18199,SYN-LN-5218,15000.0,3750.0,2026-04-03,2026-04-03,0,3750.0,0
SYN-REP-17719,SYN-U-15747,SYN-LN-5219,25000.0,6250.0,2026-01-16,2026-01-16,0,6250.0,0
SYN-REP-17720,SYN-U-11918,SYN-LN-5220,15000.0,3750.0,2025-10-15,2025-10-15,0,3750.0,0
SYN-REP-17721,SYN-U-17037,SYN-LN-5221,25000.0,6250.0,2026-02-16,2026-02-16,0,6250.0,0
SYN-REP-17722,SYN-U-11660,SYN-LN-5222,5000.0,1250.0,2026-01-20,2026-01-20,0,1250.0,0
SYN-REP-17723,SYN-U-18697,SYN-LN-5223,10000.0,2500.0,2026-05-04,2026-05-04,0,2500.0,0
SYN-REP-17724,SYN-U-16298,SYN-LN-5224,5000.0,1250.0,2025-11-10,2025-12-26,46,1250.0,0
SYN-REP-17725,SYN-U-18751,SYN-LN-5225,25000.0,6250.0,2025-07-13,2025-07-13,0,6250.0,0
SYN-REP-17726,SYN-U-14232,SYN-LN-5226,25000.0,6250.0,2026-03-01,2026-03-01,0,6250.0,0
SYN-REP-17727,SYN-U-17803,SYN-LN-5227,5000.0,1250.0,2025-08-11,2025-08-11,0,1250.0,0
SYN-REP-17728,SYN-U-15613,SYN-LN-5228,15000.0,3750.0,2026-03-03,2026-03-03,0,3750.0,0
SYN-REP-17729,SYN-U-12805,SYN-LN-5229,10000.0,2500.0,2025-12-04,2025-12-04,0,2500.0,0
SYN-REP-17730,SYN-U-12557,SYN-LN-5230,40000.0,10000.0,2026-04-20,2026-04-20,0,10000.0,0
SYN-REP-17731,SYN-U-19695,SYN-LN-5231,40000.0,10000.0,2025-10-20,2025-10-20,0,10000.0,0
SYN-REP-17732,SYN-U-10861,SYN-LN-5232,25000.0,6250.0,2026-05-09,2026-05-09,0,6250.0,0
SYN-REP-17733,SYN-U-16284,SYN-LN-5233,40000.0,10000.0,2026-07-13,2026-07-13,0,10000.0,0
SYN-REP-17734,SYN-U-10829,SYN-LN-5234,10000.0,2500.0,2026-08-17,2026-08-17,0,2500.0,0
SYN-REP-17735,SYN-U-14388,SYN-LN-5235,15000.0,3750.0,2026-06-26,2026-06-30,4,3750.0,0
SYN-REP-17736,SYN-U-19118,SYN-LN-5236,10000.0,2500.0,2025-10-16,2025-10-19,3,2500.0,0
SYN-REP-17737,SYN-U-19724,SYN-LN-5237,40000.0,10000.0,2025-09-08,2025-09-08,0,10000.0,0
SYN-REP-17738,SYN-U-14162,SYN-LN-5238,10000.0,2500.0,2025-07-19,2025-07-19,0,2500.0,0
SYN-REP-17739,SYN-U-13757,SYN-LN-5239,15000.0,3750.0,2025-12-09,2025-12-09,0,3750.0,0
SYN-REP-17740,SYN-U-19619,SYN-LN-5240,40000.0,10000.0,2026-08-09,2026-08-09,0,10000.0,0
SYN-REP-17741,SYN-U-13650,SYN-LN-5241,15000.0,3750.0,2025-09-21,2025-09-21,0,3750.0,0
SYN-REP-17742,SYN-U-18500,SYN-LN-5242,5000.0,1250.0,2025-11-23,2025-11-23,0,1250.0,0
SYN-REP-17743,SYN-U-15170,SYN-LN-5243,10000.0,2500.0,2025-07-08,2025-07-08,0,2500.0,0
SYN-REP-17744,SYN-U-19045,SYN-LN-5244,10000.0,2500.0,2025-07-08,2025-07-08,0,2500.0,0
SYN-REP-17745,SYN-U-11762,SYN-LN-5245,40000.0,10000.0,2025-06-30,2025-06-30,0,10000.0,0
SYN-REP-17746,SYN-U-11650,SYN-LN-5246,15000.0,3750.0,2026-05-29,2026-05-29,0,3750.0,0
SYN-REP-17747,SYN-U-11688,SYN-LN-5247,25000.0,6250.0,2025-08-08,2025-08-08,0,6250.0,0
SYN-REP-17748,SYN-U-16441,SYN-LN-5248,40000.0,10000.0,2026-06-26,2026-06-26,0,10000.0,0
SYN-REP-17749,SYN-U-15320,SYN-LN-5249,10000.0,2500.0,2026-03-29,2026-03-29,0,2500.0,0
SYN-REP-17750,SYN-U-18057,SYN-LN-5250,25000.0,6250.0,2025-06-16,2025-06-20,4,6250.0,0
SYN-REP-17751,SYN-U-13394,SYN-LN-5251,25000.0,6250.0,2026-04-16,2026-04-16,0,6250.0,0
SYN-REP-17752,SYN-U-18129,SYN-LN-5252,5000.0,1250.0,2025-10-04,2025-10-07,3,1250.0,0
SYN-REP-17753,SYN-U-16541,SYN-LN-5253,40000.0,10000.0,2026-02-24,2026-02-28,4,10000.0,0
SYN-REP-17754,SYN-U-10197,SYN-LN-5254,15000.0,3750.0,2026-03-30,2026-03-30,0,3750.0,0
SYN-REP-17755,SYN-U-18663,SYN-LN-5255,15000.0,3750.0,2026-07-26,2026-07-26,0,3750.0,0
SYN-REP-17756,SYN-U-16408,SYN-LN-5256,15000.0,3750.0,2026-04-01,2026-04-01,0,3750.0,0
SYN-REP-17757,SYN-U-11129,SYN-LN-5257,25000.0,6250.0,2026-05-10,2026-05-10,0,6250.0,0
SYN-REP-17758,SYN-U-16393,SYN-LN-5258,10000.0,2500.0,2026-05-13,2026-05-13,0,2500.0,0
SYN-REP-17759,SYN-U-13018,SYN-LN-5259,40000.0,10000.0,2026-01-15,2026-01-15,0,10000.0,0
SYN-REP-17760,SYN-U-12861,SYN-LN-5260,40000.0,10000.0,2026-01-02,2026-01-02,0,10000.0,0
SYN-REP-17761,SYN-U-19633,SYN-LN-5261,15000.0,3750.0,2025-11-12,2025-11-12,0,3750.0,0
SYN-REP-17762,SYN-U-10179,SYN-LN-5262,10000.0,2500.0,2026-04-27,2026-04-27,0,2500.0,0
SYN-REP-17763,SYN-U-14980,SYN-LN-5263,15000.0,3750.0,2026-06-11,2026-06-11,0,3750.0,0
SYN-REP-17764,SYN-U-12088,SYN-LN-5264,15000.0,3750.0,2026-06-08,2026-06-08,0,3750.0,0
SYN-REP-17765,SYN-U-10184,SYN-LN-5265,5000.0,1250.0,2026-07-02,2026-07-02,0,1250.0,0
SYN-REP-17766,SYN-U-18805,SYN-LN-5266,15000.0,3750.0,2025-10-31,2025-10-31,0,3750.0,0
SYN-REP-17767,SYN-U-16211,SYN-LN-5267,10000.0,2500.0,2025-07-04,2025-07-04,0,2500.0,0
SYN-REP-17768,SYN-U-13613,SYN-LN-5268,40000.0,10000.0,2026-03-11,2026-03-11,0,10000.0,0
SYN-REP-17769,SYN-U-15667,SYN-LN-5269,10000.0,2500.0,2026-04-01,2026-04-01,0,2500.0,0
SYN-REP-17770,SYN-U-16386,SYN-LN-5270,40000.0,10000.0,2026-01-09,2026-01-09,0,10000.0,0
SYN-REP-17771,SYN-U-19169,SYN-LN-5271,5000.0,1250.0,2025-11-24,2025-11-24,0,1250.0,0
SYN-REP-17772,SYN-U-10713,SYN-LN-5272,5000.0,1250.0,2025-09-15,2025-09-19,4,1250.0,0
SYN-REP-17773,SYN-U-18577,SYN-LN-5273,5000.0,1250.0,2026-08-22,2026-08-24,2,1250.0,0
SYN-REP-17774,SYN-U-17316,SYN-LN-5274,10000.0,2500.0,2026-01-08,2026-01-08,0,2500.0,0
SYN-REP-17775,SYN-U-12539,SYN-LN-5275,25000.0,6250.0,2026-06-19,2026-07-16,27,6250.0,0
SYN-REP-17776,SYN-U-17847,SYN-LN-5276,5000.0,1250.0,2025-06-27,,67,428.0,1
SYN-REP-17777,SYN-U-18587,SYN-LN-5277,10000.0,2500.0,2026-02-18,2026-02-19,1,2500.0,0
SYN-REP-17778,SYN-U-17044,SYN-LN-5278,10000.0,2500.0,2026-02-16,2026-02-16,0,2500.0,0
SYN-REP-17779,SYN-U-15439,SYN-LN-5279,25000.0,6250.0,2026-04-20,2026-04-20,0,6250.0,0
SYN-REP-17780,SYN-U-12293,SYN-LN-5280,15000.0,3750.0,2026-04-21,2026-04-21,0,3750.0,0
SYN-REP-17781,SYN-U-19466,SYN-LN-5281,5000.0,1250.0,2026-01-05,2026-01-05,0,1250.0,0
SYN-REP-17782,SYN-U-16165,SYN-LN-5282,25000.0,6250.0,2026-06-25,2026-06-25,0,6250.0,0
SYN-REP-17783,SYN-U-18845,SYN-LN-5283,10000.0,2500.0,2026-08-24,2026-08-24,0,2500.0,0
SYN-REP-17784,SYN-U-15639,SYN-LN-5284,15000.0,3750.0,2026-04-14,2026-04-14,0,3750.0,0
SYN-REP-17785,SYN-U-17890,SYN-LN-5285,40000.0,10000.0,2025-11-11,2025-11-11,0,10000.0,0
SYN-REP-17786,SYN-U-13039,SYN-LN-5286,15000.0,3750.0,2026-04-26,2026-04-26,0,3750.0,0
SYN-REP-17787,SYN-U-10053,SYN-LN-5287,40000.0,10000.0,2025-06-02,2025-06-02,0,10000.0,0
SYN-REP-17788,SYN-U-17257,SYN-LN-5288,40000.0,10000.0,2025-10-27,2025-10-27,0,10000.0,0
SYN-REP-17789,SYN-U-10201,SYN-LN-5289,10000.0,2500.0,2026-05-27,2026-05-29,2,2500.0,0
SYN-REP-17790,SYN-U-13843,SYN-LN-5290,5000.0,1250.0,2025-10-01,2025-10-01,0,1250.0,0
SYN-REP-17791,SYN-U-14424,SYN-LN-5291,25000.0,6250.0,2026-02-11,2026-02-11,0,6250.0,0
SYN-REP-17792,SYN-U-12285,SYN-LN-5292,25000.0,6250.0,2025-11-03,2025-11-03,0,6250.0,0
SYN-REP-17793,SYN-U-18161,SYN-LN-5293,40000.0,10000.0,2026-03-10,2026-03-10,0,10000.0,0
SYN-REP-17794,SYN-U-19123,SYN-LN-5294,5000.0,1250.0,2026-03-21,2026-03-21,0,1250.0,0
SYN-REP-17795,SYN-U-16866,SYN-LN-5295,5000.0,1250.0,2026-08-14,2026-08-14,0,1250.0,0
SYN-REP-17796,SYN-U-13232,SYN-LN-5296,5000.0,1250.0,2026-01-11,2026-01-11,0,1250.0,0
SYN-REP-17797,SYN-U-13998,SYN-LN-5297,25000.0,6250.0,2026-06-03,2026-06-04,1,6250.0,0
SYN-REP-17798,SYN-U-14831,SYN-LN-5298,25000.0,6250.0,2026-07-13,2026-07-13,0,6250.0,0
SYN-REP-17799,SYN-U-10244,SYN-LN-5299,40000.0,10000.0,2026-03-07,2026-03-07,0,10000.0,0
SYN-REP-17800,SYN-U-17249,SYN-LN-5300,40000.0,10000.0,2025-06-17,2025-06-17,0,10000.0,0
SYN-REP-17801,SYN-U-16802,SYN-LN-5301,10000.0,2500.0,2026-05-24,2026-05-24,0,2500.0,0
SYN-REP-17802,SYN-U-17890,SYN-LN-5302,25000.0,6250.0,2025-06-07,2025-06-07,0,6250.0,0
SYN-REP-17803,SYN-U-18176,SYN-LN-5303,10000.0,2500.0,2026-03-28,2026-03-28,0,2500.0,0
SYN-REP-17804,SYN-U-11561,SYN-LN-5304,40000.0,10000.0,2026-01-06,2026-01-06,0,10000.0,0
SYN-REP-17805,SYN-U-15702,SYN-LN-5305,40000.0,10000.0,2025-11-01,2025-11-01,0,10000.0,0
SYN-REP-17806,SYN-U-18208,SYN-LN-5306,40000.0,10000.0,2025-11-19,2025-11-19,0,10000.0,0
SYN-REP-17807,SYN-U-10471,SYN-LN-5307,25000.0,6250.0,2026-05-13,2026-05-13,0,6250.0,0
SYN-REP-17808,SYN-U-11385,SYN-LN-5308,40000.0,10000.0,2026-07-20,2026-07-24,4,10000.0,0
SYN-REP-17809,SYN-U-16729,SYN-LN-5309,10000.0,2500.0,2026-08-20,2026-08-20,0,2500.0,0
SYN-REP-17810,SYN-U-13417,SYN-LN-5310,10000.0,2500.0,2025-06-06,2025-06-06,0,2500.0,0
SYN-REP-17811,SYN-U-10380,SYN-LN-5311,10000.0,2500.0,2026-03-17,2026-03-17,0,2500.0,0
SYN-REP-17812,SYN-U-10134,SYN-LN-5312,10000.0,2500.0,2025-09-24,2025-09-24,0,2500.0,0
SYN-REP-17813,SYN-U-10607,SYN-LN-5313,15000.0,3750.0,2025-12-06,2025-12-06,0,3750.0,0
SYN-REP-17814,SYN-U-12327,SYN-LN-5314,5000.0,1250.0,2026-03-23,2026-03-23,0,1250.0,0
SYN-REP-17815,SYN-U-18202,SYN-LN-5315,5000.0,1250.0,2025-11-25,2025-11-25,0,1250.0,0
SYN-REP-17816,SYN-U-15693,SYN-LN-5316,5000.0,1250.0,2025-06-11,2025-06-11,0,1250.0,0
SYN-REP-17817,SYN-U-10132,SYN-LN-5317,40000.0,10000.0,2026-02-09,2026-02-09,0,10000.0,0
SYN-REP-17818,SYN-U-19846,SYN-LN-5318,10000.0,2500.0,2026-03-01,2026-03-01,0,2500.0,0
SYN-REP-17819,SYN-U-15912,SYN-LN-5319,25000.0,6250.0,2026-03-03,2026-03-03,0,6250.0,0
SYN-REP-17820,SYN-U-10423,SYN-LN-5320,25000.0,6250.0,2026-06-09,2026-06-09,0,6250.0,0
SYN-REP-17821,SYN-U-13454,SYN-LN-5321,15000.0,3750.0,2025-11-20,2025-11-20,0,3750.0,0
SYN-REP-17822,SYN-U-14735,SYN-LN-5322,10000.0,2500.0,2026-07-31,2026-07-31,0,2500.0,0
SYN-REP-17823,SYN-U-15849,SYN-LN-5323,15000.0,3750.0,2025-11-20,2025-11-20,0,3750.0,0
SYN-REP-17824,SYN-U-16256,SYN-LN-5324,25000.0,6250.0,2026-03-24,2026-03-24,0,6250.0,0
SYN-REP-17825,SYN-U-16464,SYN-LN-5325,25000.0,6250.0,2026-07-13,2026-07-13,0,6250.0,0
SYN-REP-17826,SYN-U-10330,SYN-LN-5326,5000.0,1250.0,2026-04-11,2026-04-11,0,1250.0,0
SYN-REP-17827,SYN-U-14585,SYN-LN-5327,25000.0,6250.0,2026-05-05,2026-05-05,0,6250.0,0
SYN-REP-17828,SYN-U-16956,SYN-LN-5328,40000.0,10000.0,2026-02-03,2026-02-03,0,10000.0,0
SYN-REP-17829,SYN-U-12367,SYN-LN-5329,25000.0,6250.0,2025-06-07,2025-06-07,0,6250.0,0
SYN-REP-17830,SYN-U-10017,SYN-LN-5330,15000.0,3750.0,2025-06-08,2025-06-12,4,3750.0,0
SYN-REP-17831,SYN-U-12312,SYN-LN-5331,40000.0,10000.0,2025-10-27,2025-10-28,1,10000.0,0
SYN-REP-17832,SYN-U-13951,SYN-LN-5332,40000.0,10000.0,2026-03-08,2026-03-08,0,10000.0,0
SYN-REP-17833,SYN-U-18036,SYN-LN-5333,10000.0,2500.0,2025-11-01,2025-11-01,0,2500.0,0
SYN-REP-17834,SYN-U-17976,SYN-LN-5334,25000.0,6250.0,2026-05-19,2026-05-19,0,6250.0,0
SYN-REP-17835,SYN-U-19605,SYN-LN-5335,25000.0,6250.0,2026-04-18,2026-04-18,0,6250.0,0
SYN-REP-17836,SYN-U-17531,SYN-LN-5336,15000.0,3750.0,2025-12-15,2025-12-15,0,3750.0,0
SYN-REP-17837,SYN-U-13514,SYN-LN-5337,10000.0,2500.0,2025-08-12,2025-08-12,0,2500.0,0
SYN-REP-17838,SYN-U-16105,SYN-LN-5338,5000.0,1250.0,2026-03-14,2026-03-14,0,1250.0,0
SYN-REP-17839,SYN-U-11452,SYN-LN-5339,40000.0,10000.0,2026-02-09,2026-02-09,0,10000.0,0
SYN-REP-17840,SYN-U-11150,SYN-LN-5340,10000.0,2500.0,2026-01-15,2026-01-16,1,2500.0,0
SYN-REP-17841,SYN-U-18039,SYN-LN-5341,25000.0,6250.0,2025-08-01,2025-08-04,3,6250.0,0
SYN-REP-17842,SYN-U-11790,SYN-LN-5342,40000.0,10000.0,2026-05-14,2026-05-14,0,10000.0,0
SYN-REP-17843,SYN-U-12769,SYN-LN-5343,40000.0,10000.0,2026-03-30,2026-03-30,0,10000.0,0
SYN-REP-17844,SYN-U-18567,SYN-LN-5344,15000.0,3750.0,2025-10-14,2025-10-14,0,3750.0,0
SYN-REP-17845,SYN-U-12626,SYN-LN-5345,10000.0,2500.0,2026-03-28,2026-03-28,0,2500.0,0
SYN-REP-17846,SYN-U-13204,SYN-LN-5346,15000.0,3750.0,2025-12-18,2025-12-18,0,3750.0,0
SYN-REP-17847,SYN-U-14982,SYN-LN-5347,5000.0,1250.0,2025-09-25,2025-09-25,0,1250.0,0
SYN-REP-17848,SYN-U-11722,SYN-LN-5348,40000.0,10000.0,2026-03-30,2026-03-30,0,10000.0,0
SYN-REP-17849,SYN-U-18174,SYN-LN-5349,5000.0,1250.0,2026-08-23,2026-09-26,34,1250.0,0
SYN-REP-17850,SYN-U-11711,SYN-LN-5350,10000.0,2500.0,2026-04-06,2026-04-06,0,2500.0,0
SYN-REP-17851,SYN-U-16069,SYN-LN-5351,40000.0,10000.0,2026-04-15,2026-04-15,0,10000.0,0
SYN-REP-17852,SYN-U-12947,SYN-LN-5352,5000.0,1250.0,2025-08-01,2025-08-01,0,1250.0,0
SYN-REP-17853,SYN-U-17031,SYN-LN-5353,40000.0,10000.0,2026-01-05,2026-01-07,2,10000.0,0
SYN-REP-17854,SYN-U-10366,SYN-LN-5354,25000.0,6250.0,2025-09-11,2025-09-11,0,6250.0,0
SYN-REP-17855,SYN-U-13098,SYN-LN-5355,10000.0,2500.0,2026-07-23,2026-07-23,0,2500.0,0
SYN-REP-17856,SYN-U-19843,SYN-LN-5356,40000.0,10000.0,2026-02-19,2026-02-19,0,10000.0,0
SYN-REP-17857,SYN-U-13119,SYN-LN-5357,40000.0,10000.0,2026-02-18,2026-02-18,0,10000.0,0
SYN-REP-17858,SYN-U-11590,SYN-LN-5358,5000.0,1250.0,2026-07-31,2026-07-31,0,1250.0,0
SYN-REP-17859,SYN-U-19358,SYN-LN-5359,5000.0,1250.0,2025-11-24,2025-11-24,0,1250.0,0
SYN-REP-17860,SYN-U-18822,SYN-LN-5360,15000.0,3750.0,2026-08-13,2026-08-13,0,3750.0,0
SYN-REP-17861,SYN-U-17502,SYN-LN-5361,10000.0,2500.0,2026-04-20,2026-05-08,18,2500.0,0
SYN-REP-17862,SYN-U-17844,SYN-LN-5362,10000.0,2500.0,2026-03-12,2026-03-12,0,2500.0,0
SYN-REP-17863,SYN-U-11758,SYN-LN-5363,5000.0,1250.0,2026-07-30,2026-07-30,0,1250.0,0
SYN-REP-17864,SYN-U-14521,SYN-LN-5364,25000.0,6250.0,2026-05-02,2026-05-02,0,6250.0,0
SYN-REP-17865,SYN-U-14925,SYN-LN-5365,40000.0,10000.0,2025-11-12,2025-11-12,0,10000.0,0
SYN-REP-17866,SYN-U-15140,SYN-LN-5366,15000.0,3750.0,2025-11-07,2025-11-07,0,3750.0,0
SYN-REP-17867,SYN-U-18833,SYN-LN-5367,15000.0,3750.0,2025-08-20,2025-08-20,0,3750.0,0
SYN-REP-17868,SYN-U-17249,SYN-LN-5368,25000.0,6250.0,2026-06-25,2026-06-25,0,6250.0,0
SYN-REP-17869,SYN-U-15874,SYN-LN-5369,40000.0,10000.0,2025-06-01,2025-06-01,0,10000.0,0
SYN-REP-17870,SYN-U-14771,SYN-LN-5370,10000.0,2500.0,2026-08-07,2026-08-08,1,2500.0,0
SYN-REP-17871,SYN-U-11339,SYN-LN-5371,5000.0,1250.0,2026-07-03,2026-07-03,0,1250.0,0
SYN-REP-17872,SYN-U-14733,SYN-LN-5372,5000.0,1250.0,2026-06-27,2026-06-27,0,1250.0,0
SYN-REP-17873,SYN-U-13447,SYN-LN-5373,5000.0,1250.0,2026-07-25,2026-07-25,0,1250.0,0
SYN-REP-17874,SYN-U-17056,SYN-LN-5374,5000.0,1250.0,2025-10-15,2025-10-15,0,1250.0,0
SYN-REP-17875,SYN-U-16134,SYN-LN-5375,25000.0,6250.0,2025-11-28,2025-11-28,0,6250.0,0
SYN-REP-17876,SYN-U-13265,SYN-LN-5376,15000.0,3750.0,2026-07-21,2026-07-21,0,3750.0,0
SYN-REP-17877,SYN-U-10428,SYN-LN-5377,40000.0,10000.0,2025-11-17,2025-11-17,0,10000.0,0
SYN-REP-17878,SYN-U-10313,SYN-LN-5378,5000.0,1250.0,2025-09-19,2025-09-19,0,1250.0,0
SYN-REP-17879,SYN-U-17213,SYN-LN-5379,15000.0,3750.0,2025-06-27,2025-06-27,0,3750.0,0
SYN-REP-17880,SYN-U-12412,SYN-LN-5380,5000.0,1250.0,2025-07-06,2025-07-06,0,1250.0,0
SYN-REP-17881,SYN-U-19760,SYN-LN-5381,40000.0,10000.0,2026-06-17,2026-06-17,0,10000.0,0
SYN-REP-17882,SYN-U-11272,SYN-LN-5382,25000.0,6250.0,2026-01-26,2026-01-26,0,6250.0,0
SYN-REP-17883,SYN-U-10401,SYN-LN-5383,25000.0,6250.0,2025-08-02,2025-08-02,0,6250.0,0
SYN-REP-17884,SYN-U-11515,SYN-LN-5384,5000.0,1250.0,2025-12-15,2025-12-15,0,1250.0,0
SYN-REP-17885,SYN-U-13752,SYN-LN-5385,5000.0,1250.0,2026-06-27,2026-06-27,0,1250.0,0
SYN-REP-17886,SYN-U-13968,SYN-LN-5386,5000.0,1250.0,2026-07-20,2026-07-20,0,1250.0,0
SYN-REP-17887,SYN-U-12857,SYN-LN-5387,5000.0,1250.0,2025-10-04,2025-10-04,0,1250.0,0
SYN-REP-17888,SYN-U-11560,SYN-LN-5388,25000.0,6250.0,2025-06-27,2025-06-27,0,6250.0,0
SYN-REP-17889,SYN-U-13999,SYN-LN-5389,10000.0,2500.0,2025-08-04,2025-08-04,0,2500.0,0
SYN-REP-17890,SYN-U-14028,SYN-LN-5390,40000.0,10000.0,2025-12-15,2025-12-15,0,10000.0,0
SYN-REP-17891,SYN-U-11825,SYN-LN-5391,10000.0,2500.0,2025-06-17,2025-06-17,0,2500.0,0
SYN-REP-17892,SYN-U-18864,SYN-LN-5392,15000.0,3750.0,2025-11-04,2025-11-04,0,3750.0,0
SYN-REP-17893,SYN-U-19245,SYN-LN-5393,5000.0,1250.0,2025-06-26,2025-06-29,3,1250.0,0
SYN-REP-17894,SYN-U-16956,SYN-LN-5394,15000.0,3750.0,2026-06-11,2026-06-11,0,3750.0,0
SYN-REP-17895,SYN-U-10057,SYN-LN-5395,5000.0,1250.0,2026-07-28,2026-07-28,0,1250.0,0
SYN-REP-17896,SYN-U-12882,SYN-LN-5396,5000.0,1250.0,2025-07-01,2025-07-02,1,1250.0,0
SYN-REP-17897,SYN-U-14687,SYN-LN-5397,40000.0,10000.0,2025-09-07,2025-09-07,0,10000.0,0
SYN-REP-17898,SYN-U-15978,SYN-LN-5398,10000.0,2500.0,2025-09-21,2025-09-21,0,2500.0,0
SYN-REP-17899,SYN-U-13113,SYN-LN-5399,40000.0,10000.0,2026-04-03,2026-05-20,47,10000.0,0
SYN-REP-17900,SYN-U-16490,SYN-LN-5400,15000.0,3750.0,2025-12-27,2025-12-27,0,3750.0,0
SYN-REP-17901,SYN-U-19604,SYN-LN-5401,5000.0,1250.0,2025-08-16,2025-08-16,0,1250.0,0
SYN-REP-17902,SYN-U-18025,SYN-LN-5402,40000.0,10000.0,2026-06-22,2026-06-22,0,10000.0,0
SYN-REP-17903,SYN-U-10108,SYN-LN-5403,10000.0,2500.0,2025-12-01,2025-12-01,0,2500.0,0
SYN-REP-17904,SYN-U-11130,SYN-LN-5404,40000.0,10000.0,2026-05-22,2026-05-22,0,10000.0,0
SYN-REP-17905,SYN-U-11825,SYN-LN-5405,5000.0,1250.0,2026-07-11,2026-07-11,0,1250.0,0
SYN-REP-17906,SYN-U-19726,SYN-LN-5406,15000.0,3750.0,2026-02-08,2026-02-08,0,3750.0,0
SYN-REP-17907,SYN-U-18359,SYN-LN-5407,25000.0,6250.0,2025-07-23,2025-07-23,0,6250.0,0
SYN-REP-17908,SYN-U-15461,SYN-LN-5408,5000.0,1250.0,2026-04-18,2026-04-18,0,1250.0,0
SYN-REP-17909,SYN-U-12638,SYN-LN-5409,5000.0,1250.0,2025-11-27,2025-11-27,0,1250.0,0
SYN-REP-17910,SYN-U-10444,SYN-LN-5410,5000.0,1250.0,2026-06-27,2026-06-27,0,1250.0,0
SYN-REP-17911,SYN-U-15557,SYN-LN-5411,25000.0,6250.0,2026-07-10,2026-07-10,0,6250.0,0
SYN-REP-17912,SYN-U-19077,SYN-LN-5412,5000.0,1250.0,2026-08-17,2026-08-17,0,1250.0,0
SYN-REP-17913,SYN-U-19589,SYN-LN-5413,25000.0,6250.0,2025-12-14,2025-12-14,0,6250.0,0
SYN-REP-17914,SYN-U-11195,SYN-LN-5414,40000.0,10000.0,2026-03-07,2026-03-07,0,10000.0,0
SYN-REP-17915,SYN-U-17200,SYN-LN-5415,40000.0,10000.0,2026-01-23,2026-01-23,0,10000.0,0
SYN-REP-17916,SYN-U-15539,SYN-LN-5416,40000.0,10000.0,2025-08-12,2025-08-12,0,10000.0,0
SYN-REP-17917,SYN-U-17264,SYN-LN-5417,10000.0,2500.0,2026-03-06,2026-03-06,0,2500.0,0
SYN-REP-17918,SYN-U-14334,SYN-LN-5418,10000.0,2500.0,2025-10-15,2025-10-15,0,2500.0,0
SYN-REP-17919,SYN-U-13858,SYN-LN-5419,25000.0,6250.0,2026-01-07,2026-01-07,0,6250.0,0
SYN-REP-17920,SYN-U-19495,SYN-LN-5420,25000.0,6250.0,2025-06-23,2025-06-25,2,6250.0,0
SYN-REP-17921,SYN-U-18790,SYN-LN-5421,15000.0,3750.0,2026-07-26,2026-07-26,0,3750.0,0
SYN-REP-17922,SYN-U-13408,SYN-LN-5422,5000.0,1250.0,2025-11-13,2025-11-13,0,1250.0,0
SYN-REP-17923,SYN-U-16025,SYN-LN-5423,10000.0,2500.0,2026-07-09,2026-07-09,0,2500.0,0
SYN-REP-17924,SYN-U-19731,SYN-LN-5424,10000.0,2500.0,2026-01-22,2026-01-22,0,2500.0,0
SYN-REP-17925,SYN-U-10189,SYN-LN-5425,5000.0,1250.0,2026-02-16,2026-02-16,0,1250.0,0
SYN-REP-17926,SYN-U-12309,SYN-LN-5426,25000.0,6250.0,2026-05-13,2026-05-13,0,6250.0,0
SYN-REP-17927,SYN-U-15343,SYN-LN-5427,5000.0,1250.0,2026-05-19,2026-05-19,0,1250.0,0
SYN-REP-17928,SYN-U-10878,SYN-LN-5428,15000.0,3750.0,2025-09-10,2025-09-10,0,3750.0,0
SYN-REP-17929,SYN-U-10787,SYN-LN-5429,15000.0,3750.0,2025-12-11,2025-12-11,0,3750.0,0
SYN-REP-17930,SYN-U-16665,SYN-LN-5430,25000.0,6250.0,2026-05-03,2026-05-03,0,6250.0,0
SYN-REP-17931,SYN-U-12338,SYN-LN-5431,10000.0,2500.0,2026-05-31,2026-05-31,0,2500.0,0
SYN-REP-17932,SYN-U-10188,SYN-LN-5432,10000.0,2500.0,2025-06-12,2025-06-12,0,2500.0,0
SYN-REP-17933,SYN-U-14774,SYN-LN-5433,5000.0,1250.0,2025-09-16,2025-09-17,1,1250.0,0
SYN-REP-17934,SYN-U-14230,SYN-LN-5434,5000.0,1250.0,2025-08-05,2025-09-29,55,1250.0,0
SYN-REP-17935,SYN-U-14815,SYN-LN-5435,10000.0,2500.0,2025-06-27,2025-07-16,19,2500.0,0
SYN-REP-17936,SYN-U-14694,SYN-LN-5436,5000.0,1250.0,2026-02-01,2026-02-01,0,1250.0,0
SYN-REP-17937,SYN-U-12238,SYN-LN-5437,5000.0,1250.0,2025-06-21,2025-06-21,0,1250.0,0
SYN-REP-17938,SYN-U-16546,SYN-LN-5438,25000.0,6250.0,2026-06-14,2026-06-14,0,6250.0,0
SYN-REP-17939,SYN-U-14381,SYN-LN-5439,5000.0,1250.0,2025-07-06,2025-07-06,0,1250.0,0
SYN-REP-17940,SYN-U-17978,SYN-LN-5440,25000.0,6250.0,2025-12-12,2025-12-12,0,6250.0,0
SYN-REP-17941,SYN-U-17047,SYN-LN-5441,40000.0,10000.0,2025-11-28,2025-12-01,3,10000.0,0
SYN-REP-17942,SYN-U-19624,SYN-LN-5442,25000.0,6250.0,2025-09-01,2025-09-01,0,6250.0,0
SYN-REP-17943,SYN-U-11268,SYN-LN-5443,15000.0,3750.0,2026-04-30,2026-04-30,0,3750.0,0
SYN-REP-17944,SYN-U-13037,SYN-LN-5444,10000.0,2500.0,2025-11-07,2025-11-07,0,2500.0,0
SYN-REP-17945,SYN-U-11319,SYN-LN-5445,5000.0,1250.0,2026-04-28,2026-04-28,0,1250.0,0
SYN-REP-17946,SYN-U-11320,SYN-LN-5446,25000.0,6250.0,2026-04-17,2026-04-17,0,6250.0,0
SYN-REP-17947,SYN-U-16242,SYN-LN-5447,10000.0,2500.0,2025-10-16,2025-10-16,0,2500.0,0
SYN-REP-17948,SYN-U-14348,SYN-LN-5448,40000.0,10000.0,2025-08-01,2025-08-01,0,10000.0,0
SYN-REP-17949,SYN-U-17395,SYN-LN-5449,5000.0,1250.0,2025-06-26,2025-08-11,46,1250.0,0
SYN-REP-17950,SYN-U-15910,SYN-LN-5450,5000.0,1250.0,2026-07-05,2026-08-03,29,1250.0,0
SYN-REP-17951,SYN-U-19234,SYN-LN-5451,25000.0,6250.0,2025-09-30,2025-09-30,0,6250.0,0
SYN-REP-17952,SYN-U-10045,SYN-LN-5452,15000.0,3750.0,2026-01-15,2026-01-15,0,3750.0,0
SYN-REP-17953,SYN-U-15776,SYN-LN-5453,40000.0,10000.0,2026-03-03,2026-03-03,0,10000.0,0
SYN-REP-17954,SYN-U-17825,SYN-LN-5454,25000.0,6250.0,2025-08-13,2025-08-13,0,6250.0,0
SYN-REP-17955,SYN-U-11205,SYN-LN-5455,25000.0,6250.0,2026-05-17,2026-05-20,3,6250.0,0
SYN-REP-17956,SYN-U-10232,SYN-LN-5456,5000.0,1250.0,2026-08-05,,84,365.58,1
SYN-REP-17957,SYN-U-11488,SYN-LN-5457,25000.0,6250.0,2025-06-19,2025-06-19,0,6250.0,0
SYN-REP-17958,SYN-U-16370,SYN-LN-5458,5000.0,1250.0,2026-04-08,2026-04-08,0,1250.0,0
SYN-REP-17959,SYN-U-10914,SYN-LN-5459,5000.0,1250.0,2025-10-21,2025-10-21,0,1250.0,0
SYN-REP-17960,SYN-U-12665,SYN-LN-5460,25000.0,6250.0,2025-11-10,2025-11-10,0,6250.0,0
SYN-REP-17961,SYN-U-17296,SYN-LN-5461,15000.0,3750.0,2025-09-13,2025-09-13,0,3750.0,0
SYN-REP-17962,SYN-U-10440,SYN-LN-5462,5000.0,1250.0,2025-09-09,2025-09-11,2,1250.0,0
SYN-REP-17963,SYN-U-14269,SYN-LN-5463,15000.0,3750.0,2025-10-10,2025-10-10,0,3750.0,0
SYN-REP-17964,SYN-U-11472,SYN-LN-5464,25000.0,6250.0,2026-06-11,2026-06-11,0,6250.0,0
SYN-REP-17965,SYN-U-14265,SYN-LN-5465,10000.0,2500.0,2026-08-02,2026-08-03,1,2500.0,0
SYN-REP-17966,SYN-U-10778,SYN-LN-5466,15000.0,3750.0,2026-06-28,2026-06-29,1,3750.0,0
SYN-REP-17967,SYN-U-17357,SYN-LN-5467,10000.0,2500.0,2025-06-04,2025-06-04,0,2500.0,0
SYN-REP-17968,SYN-U-17176,SYN-LN-5468,15000.0,3750.0,2025-10-17,2025-10-17,0,3750.0,0
SYN-REP-17969,SYN-U-16455,SYN-LN-5469,15000.0,3750.0,2025-09-01,2025-10-24,53,3750.0,0
SYN-REP-17970,SYN-U-16027,SYN-LN-5470,5000.0,1250.0,2025-07-19,2025-07-23,4,1250.0,0
SYN-REP-17971,SYN-U-14797,SYN-LN-5471,15000.0,3750.0,2026-04-14,2026-04-14,0,3750.0,0
SYN-REP-17972,SYN-U-13257,SYN-LN-5472,40000.0,10000.0,2025-07-05,2025-07-05,0,10000.0,0
SYN-REP-17973,SYN-U-14877,SYN-LN-5473,40000.0,10000.0,2026-01-06,2026-01-06,0,10000.0,0
SYN-REP-17974,SYN-U-15603,SYN-LN-5474,5000.0,1250.0,2026-05-21,2026-05-24,3,1250.0,0
SYN-REP-17975,SYN-U-14316,SYN-LN-5475,15000.0,3750.0,2026-08-06,2026-08-06,0,3750.0,0
SYN-REP-17976,SYN-U-10980,SYN-LN-5476,40000.0,10000.0,2026-01-14,2026-01-14,0,10000.0,0
SYN-REP-17977,SYN-U-10901,SYN-LN-5477,10000.0,2500.0,2026-05-07,2026-05-07,0,2500.0,0
SYN-REP-17978,SYN-U-10637,SYN-LN-5478,15000.0,3750.0,2026-05-05,2026-05-06,1,3750.0,0
SYN-REP-17979,SYN-U-18123,SYN-LN-5479,5000.0,1250.0,2026-06-21,2026-06-21,0,1250.0,0
SYN-REP-17980,SYN-U-12787,SYN-LN-5480,10000.0,2500.0,2025-12-28,2025-12-28,0,2500.0,0
SYN-REP-17981,SYN-U-16485,SYN-LN-5481,10000.0,2500.0,2026-02-16,2026-02-16,0,2500.0,0
SYN-REP-17982,SYN-U-14968,SYN-LN-5482,10000.0,2500.0,2026-08-21,2026-08-21,0,2500.0,0
SYN-REP-17983,SYN-U-19487,SYN-LN-5483,5000.0,1250.0,2026-06-04,2026-06-04,0,1250.0,0
SYN-REP-17984,SYN-U-10181,SYN-LN-5484,25000.0,6250.0,2025-12-21,2025-12-21,0,6250.0,0
SYN-REP-17985,SYN-U-18166,SYN-LN-5485,5000.0,1250.0,2025-10-26,2025-10-26,0,1250.0,0
SYN-REP-17986,SYN-U-16996,SYN-LN-5486,5000.0,1250.0,2026-03-02,2026-03-06,4,1250.0,0
SYN-REP-17987,SYN-U-11822,SYN-LN-5487,10000.0,2500.0,2026-02-28,2026-04-09,40,2500.0,0
SYN-REP-17988,SYN-U-15830,SYN-LN-5488,25000.0,6250.0,2025-07-13,2025-07-13,0,6250.0,0
SYN-REP-17989,SYN-U-13406,SYN-LN-5489,5000.0,1250.0,2026-05-22,2026-05-22,0,1250.0,0
SYN-REP-17990,SYN-U-17947,SYN-LN-5490,25000.0,6250.0,2026-01-31,2026-01-31,0,6250.0,0
SYN-REP-17991,SYN-U-18877,SYN-LN-5491,40000.0,10000.0,2025-07-03,2025-07-03,0,10000.0,0
SYN-REP-17992,SYN-U-11989,SYN-LN-5492,40000.0,10000.0,2025-09-13,2025-09-13,0,10000.0,0
SYN-REP-17993,SYN-U-10915,SYN-LN-5493,5000.0,1250.0,2026-05-24,2026-05-24,0,1250.0,0
SYN-REP-17994,SYN-U-17869,SYN-LN-5494,25000.0,6250.0,2026-03-21,2026-03-21,0,6250.0,0
SYN-REP-17995,SYN-U-12389,SYN-LN-5495,15000.0,3750.0,2025-11-03,2025-11-03,0,3750.0,0
SYN-REP-17996,SYN-U-16925,SYN-LN-5496,15000.0,3750.0,2025-11-03,2025-11-03,0,3750.0,0
SYN-REP-17997,SYN-U-16999,SYN-LN-5497,25000.0,6250.0,2026-04-06,2026-04-06,0,6250.0,0
SYN-REP-17998,SYN-U-11034,SYN-LN-5498,25000.0,6250.0,2025-10-25,2025-10-25,0,6250.0,0
SYN-REP-17999,SYN-U-12119,SYN-LN-5499,25000.0,6250.0,2025-11-11,2025-11-11,0,6250.0,0
SYN-REP-18000,SYN-U-16169,SYN-LN-5500,5000.0,1250.0,2025-09-22,2025-09-22,0,1250.0,0
SYN-REP-18001,SYN-U-18164,SYN-LN-5501,40000.0,10000.0,2026-04-27,2026-04-27,0,10000.0,0
SYN-REP-18002,SYN-U-16861,SYN-LN-5502,5000.0,1250.0,2025-12-01,2025-12-01,0,1250.0,0
SYN-REP-18003,SYN-U-16011,SYN-LN-5503,15000.0,3750.0,2026-06-13,2026-06-13,0,3750.0,0
SYN-REP-18004,SYN-U-17567,SYN-LN-5504,15000.0,3750.0,2026-02-20,2026-02-20,0,3750.0,0
SYN-REP-18005,SYN-U-14728,SYN-LN-5505,10000.0,2500.0,2025-09-12,2025-09-12,0,2500.0,0
SYN-REP-18006,SYN-U-11860,SYN-LN-5506,5000.0,1250.0,2025-08-11,2025-08-11,0,1250.0,0
SYN-REP-18007,SYN-U-19685,SYN-LN-5507,25000.0,6250.0,2026-03-24,2026-03-24,0,6250.0,0
SYN-REP-18008,SYN-U-19788,SYN-LN-5508,15000.0,3750.0,2025-08-20,2025-08-20,0,3750.0,0
SYN-REP-18009,SYN-U-15796,SYN-LN-5509,25000.0,6250.0,2026-01-09,2026-01-10,1,6250.0,0
SYN-REP-18010,SYN-U-14404,SYN-LN-5510,15000.0,3750.0,2025-12-04,2025-12-04,0,3750.0,0
SYN-REP-18011,SYN-U-10361,SYN-LN-5511,25000.0,6250.0,2025-10-05,2025-10-05,0,6250.0,0
SYN-REP-18012,SYN-U-16485,SYN-LN-5512,40000.0,10000.0,2026-07-19,2026-07-20,1,10000.0,0
SYN-REP-18013,SYN-U-10586,SYN-LN-5513,10000.0,2500.0,2026-02-17,2026-02-18,1,2500.0,0
SYN-REP-18014,SYN-U-12876,SYN-LN-5514,5000.0,1250.0,2026-01-01,2026-01-01,0,1250.0,0
SYN-REP-18015,SYN-U-16540,SYN-LN-5515,5000.0,1250.0,2026-05-19,2026-05-19,0,1250.0,0
SYN-REP-18016,SYN-U-13229,SYN-LN-5516,40000.0,10000.0,2026-05-02,,77,1253.75,1
SYN-REP-18017,SYN-U-14801,SYN-LN-5517,5000.0,1250.0,2025-10-11,2025-10-11,0,1250.0,0
SYN-REP-18018,SYN-U-18223,SYN-LN-5518,15000.0,3750.0,2026-01-12,2026-01-12,0,3750.0,0
SYN-REP-18019,SYN-U-19145,SYN-LN-5519,25000.0,6250.0,2025-09-06,2025-09-06,0,6250.0,0
SYN-REP-18020,SYN-U-15454,SYN-LN-5520,10000.0,2500.0,2026-04-07,2026-04-11,4,2500.0,0
SYN-REP-18021,SYN-U-13561,SYN-LN-5521,10000.0,2500.0,2026-03-13,2026-03-16,3,2500.0,0
SYN-REP-18022,SYN-U-12659,SYN-LN-5522,5000.0,1250.0,2026-02-18,2026-02-18,0,1250.0,0
SYN-REP-18023,SYN-U-18541,SYN-LN-5523,10000.0,2500.0,2026-08-01,2026-08-01,0,2500.0,0
SYN-REP-18024,SYN-U-16148,SYN-LN-5524,25000.0,6250.0,2025-11-30,2025-11-30,0,6250.0,0
SYN-REP-18025,SYN-U-10753,SYN-LN-5525,25000.0,6250.0,2025-10-02,2025-10-03,1,6250.0,0
SYN-REP-18026,SYN-U-14732,SYN-LN-5526,40000.0,10000.0,2026-08-02,2026-08-02,0,10000.0,0
SYN-REP-18027,SYN-U-10688,SYN-LN-5527,25000.0,6250.0,2025-07-20,2025-07-20,0,6250.0,0
SYN-REP-18028,SYN-U-19861,SYN-LN-5528,5000.0,1250.0,2025-07-18,2025-07-18,0,1250.0,0
SYN-REP-18029,SYN-U-18032,SYN-LN-5529,25000.0,6250.0,2026-02-17,2026-02-17,0,6250.0,0
SYN-REP-18030,SYN-U-11684,SYN-LN-5530,25000.0,6250.0,2026-06-20,2026-06-20,0,6250.0,0
SYN-REP-18031,SYN-U-17633,SYN-LN-5531,40000.0,10000.0,2025-08-17,2025-08-17,0,10000.0,0
SYN-REP-18032,SYN-U-12252,SYN-LN-5532,5000.0,1250.0,2026-05-01,2026-05-01,0,1250.0,0
SYN-REP-18033,SYN-U-15796,SYN-LN-5533,15000.0,3750.0,2026-01-22,2026-01-22,0,3750.0,0
SYN-REP-18034,SYN-U-16903,SYN-LN-5534,5000.0,1250.0,2026-03-21,2026-03-21,0,1250.0,0
SYN-REP-18035,SYN-U-11336,SYN-LN-5535,15000.0,3750.0,2026-06-05,2026-06-06,1,3750.0,0
SYN-REP-18036,SYN-U-10720,SYN-LN-5536,25000.0,6250.0,2025-09-24,2025-09-24,0,6250.0,0
SYN-REP-18037,SYN-U-12639,SYN-LN-5537,40000.0,10000.0,2025-12-28,2025-12-28,0,10000.0,0
SYN-REP-18038,SYN-U-10312,SYN-LN-5538,25000.0,6250.0,2025-09-22,2025-09-22,0,6250.0,0
SYN-REP-18039,SYN-U-18078,SYN-LN-5539,40000.0,10000.0,2026-05-01,2026-05-03,2,10000.0,0
SYN-REP-18040,SYN-U-11814,SYN-LN-5540,15000.0,3750.0,2025-07-05,2025-07-05,0,3750.0,0
SYN-REP-18041,SYN-U-14016,SYN-LN-5541,10000.0,2500.0,2025-07-25,2025-07-25,0,2500.0,0
SYN-REP-18042,SYN-U-11903,SYN-LN-5542,25000.0,6250.0,2026-07-06,2026-07-06,0,6250.0,0
SYN-REP-18043,SYN-U-13648,SYN-LN-5543,10000.0,2500.0,2026-08-03,2026-08-03,0,2500.0,0
SYN-REP-18044,SYN-U-10387,SYN-LN-5544,15000.0,3750.0,2026-04-03,2026-04-03,0,3750.0,0
SYN-REP-18045,SYN-U-13177,SYN-LN-5545,10000.0,2500.0,2026-02-12,2026-02-12,0,2500.0,0
SYN-REP-18046,SYN-U-14146,SYN-LN-5546,25000.0,6250.0,2025-08-21,2025-08-21,0,6250.0,0
SYN-REP-18047,SYN-U-16995,SYN-LN-5547,40000.0,10000.0,2025-07-01,2025-07-03,2,10000.0,0
SYN-REP-18048,SYN-U-10166,SYN-LN-5548,15000.0,3750.0,2025-06-25,2025-06-25,0,3750.0,0
SYN-REP-18049,SYN-U-11772,SYN-LN-5549,25000.0,6250.0,2026-01-21,2026-03-21,59,6250.0,0
SYN-REP-18050,SYN-U-13734,SYN-LN-5550,40000.0,10000.0,2025-09-22,2025-09-22,0,10000.0,0
SYN-REP-18051,SYN-U-18738,SYN-LN-5551,15000.0,3750.0,2026-01-17,2026-01-17,0,3750.0,0
SYN-REP-18052,SYN-U-15786,SYN-LN-5552,25000.0,6250.0,2026-02-27,2026-03-17,18,6250.0,0
SYN-REP-18053,SYN-U-16239,SYN-LN-5553,25000.0,6250.0,2026-03-30,2026-03-30,0,6250.0,0
SYN-REP-18054,SYN-U-18396,SYN-LN-5554,10000.0,2500.0,2026-05-15,2026-05-15,0,2500.0,0
SYN-REP-18055,SYN-U-18835,SYN-LN-5555,40000.0,10000.0,2026-04-15,2026-04-15,0,10000.0,0
SYN-REP-18056,SYN-U-10570,SYN-LN-5556,5000.0,1250.0,2025-07-19,2025-07-19,0,1250.0,0
SYN-REP-18057,SYN-U-16571,SYN-LN-5557,25000.0,6250.0,2026-01-23,2026-01-23,0,6250.0,0
SYN-REP-18058,SYN-U-19975,SYN-LN-5558,15000.0,3750.0,2026-08-03,2026-08-03,0,3750.0,0
SYN-REP-18059,SYN-U-14391,SYN-LN-5559,25000.0,6250.0,2025-09-06,2025-09-06,0,6250.0,0
SYN-REP-18060,SYN-U-17054,SYN-LN-5560,15000.0,3750.0,2025-12-09,2025-12-09,0,3750.0,0
SYN-REP-18061,SYN-U-11052,SYN-LN-5561,5000.0,1250.0,2025-07-16,2025-07-16,0,1250.0,0
SYN-REP-18062,SYN-U-12455,SYN-LN-5562,25000.0,6250.0,2026-02-07,2026-02-07,0,6250.0,0
SYN-REP-18063,SYN-U-12503,SYN-LN-5563,5000.0,1250.0,2025-08-08,2025-08-08,0,1250.0,0
SYN-REP-18064,SYN-U-13191,SYN-LN-5564,10000.0,2500.0,2026-05-27,2026-05-27,0,2500.0,0
SYN-REP-18065,SYN-U-14598,SYN-LN-5565,5000.0,1250.0,2025-10-04,2025-10-04,0,1250.0,0
SYN-REP-18066,SYN-U-16785,SYN-LN-5566,10000.0,2500.0,2026-07-11,2026-07-11,0,2500.0,0
SYN-REP-18067,SYN-U-11684,SYN-LN-5567,5000.0,1250.0,2026-02-09,2026-02-09,0,1250.0,0
SYN-REP-18068,SYN-U-19466,SYN-LN-5568,5000.0,1250.0,2025-08-26,2025-08-26,0,1250.0,0
SYN-REP-18069,SYN-U-12211,SYN-LN-5569,40000.0,10000.0,2026-03-13,2026-03-13,0,10000.0,0
SYN-REP-18070,SYN-U-10104,SYN-LN-5570,10000.0,2500.0,2025-08-23,2025-08-23,0,2500.0,0
SYN-REP-18071,SYN-U-10679,SYN-LN-5571,10000.0,2500.0,2025-07-03,2025-07-03,0,2500.0,0
SYN-REP-18072,SYN-U-19690,SYN-LN-5572,25000.0,6250.0,2026-01-19,2026-01-19,0,6250.0,0
SYN-REP-18073,SYN-U-12735,SYN-LN-5573,25000.0,6250.0,2026-03-05,2026-03-05,0,6250.0,0
SYN-REP-18074,SYN-U-18444,SYN-LN-5574,15000.0,3750.0,2025-12-18,2025-12-18,0,3750.0,0
SYN-REP-18075,SYN-U-14770,SYN-LN-5575,5000.0,1250.0,2025-10-17,2025-10-17,0,1250.0,0
SYN-REP-18076,SYN-U-11039,SYN-LN-5576,15000.0,3750.0,2025-08-08,2025-08-08,0,3750.0,0
SYN-REP-18077,SYN-U-17867,SYN-LN-5577,10000.0,2500.0,2025-07-27,2025-07-27,0,2500.0,0
SYN-REP-18078,SYN-U-19850,SYN-LN-5578,40000.0,10000.0,2026-02-13,2026-02-13,0,10000.0,0
SYN-REP-18079,SYN-U-12053,SYN-LN-5579,5000.0,1250.0,2025-06-01,2025-06-01,0,1250.0,0
SYN-REP-18080,SYN-U-10729,SYN-LN-5580,15000.0,3750.0,2026-05-20,2026-05-20,0,3750.0,0
SYN-REP-18081,SYN-U-10636,SYN-LN-5581,10000.0,2500.0,2026-01-09,2026-01-09,0,2500.0,0
SYN-REP-18082,SYN-U-16551,SYN-LN-5582,15000.0,3750.0,2025-10-21,2025-10-21,0,3750.0,0
SYN-REP-18083,SYN-U-15866,SYN-LN-5583,40000.0,10000.0,2025-09-03,2025-09-03,0,10000.0,0
SYN-REP-18084,SYN-U-16587,SYN-LN-5584,10000.0,2500.0,2025-09-01,2025-09-01,0,2500.0,0
SYN-REP-18085,SYN-U-13438,SYN-LN-5585,25000.0,6250.0,2026-02-08,2026-02-08,0,6250.0,0
SYN-REP-18086,SYN-U-16806,SYN-LN-5586,15000.0,3750.0,2025-09-24,2025-09-24,0,3750.0,0
SYN-REP-18087,SYN-U-19582,SYN-LN-5587,10000.0,2500.0,2025-11-09,2025-11-09,0,2500.0,0
SYN-REP-18088,SYN-U-17890,SYN-LN-5588,15000.0,3750.0,2025-07-12,2025-07-15,3,3750.0,0
SYN-REP-18089,SYN-U-16223,SYN-LN-5589,15000.0,3750.0,2026-03-04,2026-03-04,0,3750.0,0
SYN-REP-18090,SYN-U-17317,SYN-LN-5590,15000.0,3750.0,2025-12-01,2025-12-02,1,3750.0,0
SYN-REP-18091,SYN-U-12063,SYN-LN-5591,25000.0,6250.0,2025-09-08,2025-09-08,0,6250.0,0
SYN-REP-18092,SYN-U-10674,SYN-LN-5592,5000.0,1250.0,2025-12-20,2025-12-20,0,1250.0,0
SYN-REP-18093,SYN-U-13172,SYN-LN-5593,25000.0,6250.0,2025-10-31,2025-10-31,0,6250.0,0
SYN-REP-18094,SYN-U-14198,SYN-LN-5594,5000.0,1250.0,2026-07-30,2026-07-30,0,1250.0,0
SYN-REP-18095,SYN-U-11704,SYN-LN-5595,40000.0,10000.0,2025-10-03,2025-10-03,0,10000.0,0
SYN-REP-18096,SYN-U-16219,SYN-LN-5596,25000.0,6250.0,2026-06-28,2026-06-28,0,6250.0,0
SYN-REP-18097,SYN-U-19703,SYN-LN-5597,10000.0,2500.0,2026-03-22,2026-03-22,0,2500.0,0
SYN-REP-18098,SYN-U-16225,SYN-LN-5598,40000.0,10000.0,2026-05-23,2026-05-23,0,10000.0,0
SYN-REP-18099,SYN-U-17002,SYN-LN-5599,25000.0,6250.0,2025-06-13,2025-06-13,0,6250.0,0
SYN-REP-18100,SYN-U-10961,SYN-LN-5600,10000.0,2500.0,2025-12-12,2025-12-12,0,2500.0,0
SYN-REP-18101,SYN-U-14093,SYN-LN-5601,40000.0,10000.0,2025-07-06,2025-07-09,3,10000.0,0
SYN-REP-18102,SYN-U-19651,SYN-LN-5602,40000.0,10000.0,2026-04-15,2026-04-18,3,10000.0,0
SYN-REP-18103,SYN-U-10216,SYN-LN-5603,25000.0,6250.0,2025-11-14,2025-11-14,0,6250.0,0
SYN-REP-18104,SYN-U-14721,SYN-LN-5604,5000.0,1250.0,2026-07-23,2026-07-23,0,1250.0,0
SYN-REP-18105,SYN-U-10453,SYN-LN-5605,25000.0,6250.0,2026-04-27,2026-04-27,0,6250.0,0
SYN-REP-18106,SYN-U-10340,SYN-LN-5606,40000.0,10000.0,2025-06-12,2025-06-12,0,10000.0,0
SYN-REP-18107,SYN-U-13047,SYN-LN-5607,5000.0,1250.0,2025-11-19,2025-11-19,0,1250.0,0
SYN-REP-18108,SYN-U-11302,SYN-LN-5608,15000.0,3750.0,2026-04-18,2026-04-18,0,3750.0,0
SYN-REP-18109,SYN-U-15721,SYN-LN-5609,5000.0,1250.0,2025-10-18,2025-10-18,0,1250.0,0
SYN-REP-18110,SYN-U-11120,SYN-LN-5610,25000.0,6250.0,2025-08-02,2025-08-02,0,6250.0,0
SYN-REP-18111,SYN-U-11830,SYN-LN-5611,40000.0,10000.0,2025-11-03,2025-11-03,0,10000.0,0
SYN-REP-18112,SYN-U-19250,SYN-LN-5612,40000.0,10000.0,2026-02-08,2026-02-08,0,10000.0,0
SYN-REP-18113,SYN-U-13105,SYN-LN-5613,15000.0,3750.0,2025-10-19,2025-10-23,4,3750.0,0
SYN-REP-18114,SYN-U-11377,SYN-LN-5614,5000.0,1250.0,2025-11-12,2025-11-12,0,1250.0,0
SYN-REP-18115,SYN-U-11087,SYN-LN-5615,40000.0,10000.0,2025-06-07,2025-06-07,0,10000.0,0
SYN-REP-18116,SYN-U-17202,SYN-LN-5616,5000.0,1250.0,2025-11-29,2025-11-29,0,1250.0,0
SYN-REP-18117,SYN-U-19226,SYN-LN-5617,15000.0,3750.0,2025-07-14,2025-07-14,0,3750.0,0
SYN-REP-18118,SYN-U-11549,SYN-LN-5618,25000.0,6250.0,2025-12-10,2025-12-10,0,6250.0,0
SYN-REP-18119,SYN-U-16561,SYN-LN-5619,5000.0,1250.0,2026-01-26,2026-01-26,0,1250.0,0
SYN-REP-18120,SYN-U-10969,SYN-LN-5620,15000.0,3750.0,2026-08-14,2026-08-14,0,3750.0,0
SYN-REP-18121,SYN-U-12896,SYN-LN-5621,5000.0,1250.0,2026-03-14,2026-03-14,0,1250.0,0
SYN-REP-18122,SYN-U-15615,SYN-LN-5622,40000.0,10000.0,2025-10-04,2025-10-04,0,10000.0,0
SYN-REP-18123,SYN-U-16765,SYN-LN-5623,10000.0,2500.0,2025-10-22,2025-10-22,0,2500.0,0
SYN-REP-18124,SYN-U-16433,SYN-LN-5624,5000.0,1250.0,2025-07-26,2025-07-26,0,1250.0,0
SYN-REP-18125,SYN-U-10293,SYN-LN-5625,10000.0,2500.0,2025-09-06,2025-09-06,0,2500.0,0
SYN-REP-18126,SYN-U-17176,SYN-LN-5626,25000.0,6250.0,2025-06-14,2025-06-14,0,6250.0,0
SYN-REP-18127,SYN-U-11502,SYN-LN-5627,10000.0,2500.0,2025-11-27,2025-11-27,0,2500.0,0
SYN-REP-18128,SYN-U-11257,SYN-LN-5628,40000.0,10000.0,2026-05-07,2026-05-07,0,10000.0,0
SYN-REP-18129,SYN-U-12008,SYN-LN-5629,15000.0,3750.0,2026-07-25,2026-07-25,0,3750.0,0
SYN-REP-18130,SYN-U-18580,SYN-LN-5630,5000.0,1250.0,2025-09-08,2025-09-08,0,1250.0,0
SYN-REP-18131,SYN-U-11379,SYN-LN-5631,15000.0,3750.0,2025-09-01,2025-09-01,0,3750.0,0
SYN-REP-18132,SYN-U-16459,SYN-LN-5632,25000.0,6250.0,2026-05-31,2026-05-31,0,6250.0,0
SYN-REP-18133,SYN-U-16973,SYN-LN-5633,25000.0,6250.0,2025-06-23,2025-06-23,0,6250.0,0
SYN-REP-18134,SYN-U-15780,SYN-LN-5634,40000.0,10000.0,2025-10-13,2025-10-13,0,10000.0,0
SYN-REP-18135,SYN-U-12188,SYN-LN-5635,5000.0,1250.0,2025-12-20,2025-12-20,0,1250.0,0
SYN-REP-18136,SYN-U-14980,SYN-LN-5636,25000.0,6250.0,2026-07-16,2026-07-16,0,6250.0,0
SYN-REP-18137,SYN-U-10559,SYN-LN-5637,5000.0,1250.0,2025-08-10,2025-08-10,0,1250.0,0
SYN-REP-18138,SYN-U-12758,SYN-LN-5638,40000.0,10000.0,2026-04-22,2026-04-23,1,10000.0,0
SYN-REP-18139,SYN-U-14893,SYN-LN-5639,40000.0,10000.0,2026-06-02,2026-06-02,0,10000.0,0
SYN-REP-18140,SYN-U-13810,SYN-LN-5640,15000.0,3750.0,2025-07-30,2025-07-30,0,3750.0,0
SYN-REP-18141,SYN-U-12435,SYN-LN-5641,40000.0,10000.0,2026-02-09,2026-02-10,1,10000.0,0
SYN-REP-18142,SYN-U-16240,SYN-LN-5642,10000.0,2500.0,2026-08-03,2026-08-03,0,2500.0,0
SYN-REP-18143,SYN-U-12305,SYN-LN-5643,40000.0,10000.0,2025-07-18,2025-07-18,0,10000.0,0
SYN-REP-18144,SYN-U-12321,SYN-LN-5644,40000.0,10000.0,2025-06-02,2025-06-02,0,10000.0,0
SYN-REP-18145,SYN-U-16575,SYN-LN-5645,5000.0,1250.0,2025-06-05,2025-06-05,0,1250.0,0
SYN-REP-18146,SYN-U-18994,SYN-LN-5646,15000.0,3750.0,2026-06-29,2026-07-01,2,3750.0,0
SYN-REP-18147,SYN-U-16417,SYN-LN-5647,25000.0,6250.0,2025-09-29,2025-09-29,0,6250.0,0
SYN-REP-18148,SYN-U-15748,SYN-LN-5648,25000.0,6250.0,2026-01-29,2026-01-29,0,6250.0,0
SYN-REP-18149,SYN-U-19284,SYN-LN-5649,5000.0,1250.0,2025-07-21,2025-07-21,0,1250.0,0
SYN-REP-18150,SYN-U-14769,SYN-LN-5650,10000.0,2500.0,2026-01-08,2026-01-08,0,2500.0,0
SYN-REP-18151,SYN-U-16112,SYN-LN-5651,5000.0,1250.0,2026-05-24,2026-05-24,0,1250.0,0
SYN-REP-18152,SYN-U-15410,SYN-LN-5652,25000.0,6250.0,2026-02-06,2026-02-06,0,6250.0,0
SYN-REP-18153,SYN-U-14377,SYN-LN-5653,25000.0,6250.0,2025-08-22,2025-08-22,0,6250.0,0
SYN-REP-18154,SYN-U-16511,SYN-LN-5654,25000.0,6250.0,2026-03-31,2026-03-31,0,6250.0,0
SYN-REP-18155,SYN-U-16492,SYN-LN-5655,40000.0,10000.0,2026-07-18,2026-07-18,0,10000.0,0
SYN-REP-18156,SYN-U-14316,SYN-LN-5656,40000.0,10000.0,2026-03-27,2026-03-30,3,10000.0,0
SYN-REP-18157,SYN-U-19850,SYN-LN-5657,25000.0,6250.0,2026-03-27,2026-03-27,0,6250.0,0
SYN-REP-18158,SYN-U-18189,SYN-LN-5658,40000.0,10000.0,2025-10-21,2025-10-21,0,10000.0,0
SYN-REP-18159,SYN-U-16455,SYN-LN-5659,5000.0,1250.0,2025-07-03,2025-07-06,3,1250.0,0
SYN-REP-18160,SYN-U-12318,SYN-LN-5660,15000.0,3750.0,2025-12-03,2025-12-03,0,3750.0,0
SYN-REP-18161,SYN-U-11362,SYN-LN-5661,15000.0,3750.0,2026-06-07,2026-06-07,0,3750.0,0
SYN-REP-18162,SYN-U-13480,SYN-LN-5662,5000.0,1250.0,2026-01-28,2026-01-28,0,1250.0,0
SYN-REP-18163,SYN-U-10309,SYN-LN-5663,25000.0,6250.0,2025-12-10,2025-12-10,0,6250.0,0
SYN-REP-18164,SYN-U-11179,SYN-LN-5664,25000.0,6250.0,2026-08-02,2026-08-05,3,6250.0,0
SYN-REP-18165,SYN-U-19125,SYN-LN-5665,25000.0,6250.0,2025-07-27,2025-07-27,0,6250.0,0
SYN-REP-18166,SYN-U-16750,SYN-LN-5666,5000.0,1250.0,2026-05-21,2026-05-21,0,1250.0,0
SYN-REP-18167,SYN-U-19859,SYN-LN-5667,25000.0,6250.0,2026-08-23,2026-08-26,3,6250.0,0
SYN-REP-18168,SYN-U-15036,SYN-LN-5668,15000.0,3750.0,2025-12-15,2025-12-15,0,3750.0,0
SYN-REP-18169,SYN-U-10041,SYN-LN-5669,40000.0,10000.0,2026-02-12,2026-02-12,0,10000.0,0
SYN-REP-18170,SYN-U-14850,SYN-LN-5670,40000.0,10000.0,2025-11-01,2025-11-01,0,10000.0,0
SYN-REP-18171,SYN-U-10033,SYN-LN-5671,5000.0,1250.0,2025-07-17,2025-07-17,0,1250.0,0
SYN-REP-18172,SYN-U-14291,SYN-LN-5672,10000.0,2500.0,2026-02-24,2026-02-24,0,2500.0,0
SYN-REP-18173,SYN-U-14246,SYN-LN-5673,15000.0,3750.0,2025-10-20,2025-10-20,0,3750.0,0
SYN-REP-18174,SYN-U-15974,SYN-LN-5674,5000.0,1250.0,2025-09-01,2025-09-01,0,1250.0,0
SYN-REP-18175,SYN-U-15138,SYN-LN-5675,15000.0,3750.0,2025-12-21,2025-12-21,0,3750.0,0
SYN-REP-18176,SYN-U-13764,SYN-LN-5676,40000.0,10000.0,2026-04-23,2026-04-27,4,10000.0,0
SYN-REP-18177,SYN-U-18486,SYN-LN-5677,25000.0,6250.0,2025-12-15,2025-12-15,0,6250.0,0
SYN-REP-18178,SYN-U-10678,SYN-LN-5678,5000.0,1250.0,2025-11-04,2025-11-04,0,1250.0,0
SYN-REP-18179,SYN-U-14134,SYN-LN-5679,25000.0,6250.0,2026-07-07,2026-07-07,0,6250.0,0
SYN-REP-18180,SYN-U-11783,SYN-LN-5680,25000.0,6250.0,2026-05-12,2026-05-12,0,6250.0,0
SYN-REP-18181,SYN-U-10576,SYN-LN-5681,5000.0,1250.0,2026-07-25,2026-07-25,0,1250.0,0
SYN-REP-18182,SYN-U-15127,SYN-LN-5682,40000.0,10000.0,2025-09-10,2025-09-10,0,10000.0,0
SYN-REP-18183,SYN-U-11751,SYN-LN-5683,5000.0,1250.0,2026-04-08,2026-04-08,0,1250.0,0
SYN-REP-18184,SYN-U-16863,SYN-LN-5684,25000.0,6250.0,2026-06-03,2026-06-05,2,6250.0,0
SYN-REP-18185,SYN-U-13080,SYN-LN-5685,25000.0,6250.0,2026-05-09,2026-05-09,0,6250.0,0
SYN-REP-18186,SYN-U-17352,SYN-LN-5686,40000.0,10000.0,2026-06-12,2026-06-12,0,10000.0,0
SYN-REP-18187,SYN-U-19151,SYN-LN-5687,10000.0,2500.0,2025-09-16,2025-09-16,0,2500.0,0
SYN-REP-18188,SYN-U-19582,SYN-LN-5688,15000.0,3750.0,2025-11-07,2025-11-07,0,3750.0,0
SYN-REP-18189,SYN-U-18175,SYN-LN-5689,5000.0,1250.0,2025-12-27,2025-12-28,1,1250.0,0
SYN-REP-18190,SYN-U-13147,SYN-LN-5690,40000.0,10000.0,2025-06-26,2025-06-26,0,10000.0,0
SYN-REP-18191,SYN-U-10353,SYN-LN-5691,10000.0,2500.0,2026-06-13,2026-06-13,0,2500.0,0
SYN-REP-18192,SYN-U-15239,SYN-LN-5692,10000.0,2500.0,2026-01-29,2026-01-29,0,2500.0,0
SYN-REP-18193,SYN-U-17106,SYN-LN-5693,40000.0,10000.0,2025-09-19,2025-09-19,0,10000.0,0
SYN-REP-18194,SYN-U-14457,SYN-LN-5694,40000.0,10000.0,2025-08-01,2025-08-05,4,10000.0,0
SYN-REP-18195,SYN-U-11762,SYN-LN-5695,5000.0,1250.0,2026-01-03,2026-01-03,0,1250.0,0
SYN-REP-18196,SYN-U-13686,SYN-LN-5696,10000.0,2500.0,2025-11-18,2025-11-18,0,2500.0,0
SYN-REP-18197,SYN-U-19130,SYN-LN-5697,15000.0,3750.0,2025-08-20,2025-08-20,0,3750.0,0
SYN-REP-18198,SYN-U-10828,SYN-LN-5698,25000.0,6250.0,2025-06-07,2025-06-07,0,6250.0,0
SYN-REP-18199,SYN-U-14849,SYN-LN-5699,25000.0,6250.0,2025-06-16,2025-06-16,0,6250.0,0
SYN-REP-18200,SYN-U-17656,SYN-LN-5700,25000.0,6250.0,2025-07-19,2025-07-19,0,6250.0,0
SYN-REP-18201,SYN-U-19045,SYN-LN-5701,40000.0,10000.0,2026-01-06,2026-01-06,0,10000.0,0
SYN-REP-18202,SYN-U-17155,SYN-LN-5702,15000.0,3750.0,2025-10-13,2025-10-13,0,3750.0,0
SYN-REP-18203,SYN-U-11602,SYN-LN-5703,10000.0,2500.0,2025-10-13,2025-10-13,0,2500.0,0
SYN-REP-18204,SYN-U-17706,SYN-LN-5704,25000.0,6250.0,2026-07-07,2026-07-10,3,6250.0,0
SYN-REP-18205,SYN-U-11891,SYN-LN-5705,40000.0,10000.0,2025-09-03,2025-09-06,3,10000.0,0
SYN-REP-18206,SYN-U-12139,SYN-LN-5706,15000.0,3750.0,2026-02-16,2026-02-17,1,3750.0,0
SYN-REP-18207,SYN-U-16790,SYN-LN-5707,25000.0,6250.0,2026-05-20,2026-05-20,0,6250.0,0
SYN-REP-18208,SYN-U-11344,SYN-LN-5708,5000.0,1250.0,2026-05-28,2026-05-29,1,1250.0,0
SYN-REP-18209,SYN-U-18906,SYN-LN-5709,15000.0,3750.0,2026-07-10,2026-07-10,0,3750.0,0
SYN-REP-18210,SYN-U-13209,SYN-LN-5710,40000.0,10000.0,2026-05-08,2026-05-11,3,10000.0,0
SYN-REP-18211,SYN-U-17725,SYN-LN-5711,25000.0,6250.0,2026-04-10,2026-04-12,2,6250.0,0
SYN-REP-18212,SYN-U-17991,SYN-LN-5712,40000.0,10000.0,2025-07-08,2025-07-08,0,10000.0,0
SYN-REP-18213,SYN-U-13749,SYN-LN-5713,25000.0,6250.0,2025-10-11,2025-10-13,2,6250.0,0
SYN-REP-18214,SYN-U-15209,SYN-LN-5714,5000.0,1250.0,2026-07-19,2026-07-19,0,1250.0,0
SYN-REP-18215,SYN-U-17111,SYN-LN-5715,10000.0,2500.0,2026-07-19,2026-07-19,0,2500.0,0
SYN-REP-18216,SYN-U-14854,SYN-LN-5716,40000.0,10000.0,2025-06-13,2025-06-13,0,10000.0,0
SYN-REP-18217,SYN-U-16298,SYN-LN-5717,5000.0,1250.0,2026-01-30,2026-02-24,25,1250.0,0
SYN-REP-18218,SYN-U-17851,SYN-LN-5718,5000.0,1250.0,2026-02-04,2026-02-04,0,1250.0,0
SYN-REP-18219,SYN-U-17450,SYN-LN-5719,10000.0,2500.0,2026-03-22,2026-03-22,0,2500.0,0
SYN-REP-18220,SYN-U-19068,SYN-LN-5720,5000.0,1250.0,2025-09-07,2025-09-07,0,1250.0,0
SYN-REP-18221,SYN-U-11537,SYN-LN-5721,25000.0,6250.0,2026-05-17,2026-05-17,0,6250.0,0
SYN-REP-18222,SYN-U-18517,SYN-LN-5722,15000.0,3750.0,2025-12-30,2025-12-30,0,3750.0,0
SYN-REP-18223,SYN-U-15163,SYN-LN-5723,40000.0,10000.0,2026-06-26,2026-06-26,0,10000.0,0
SYN-REP-18224,SYN-U-17485,SYN-LN-5724,10000.0,2500.0,2025-06-18,2025-06-18,0,2500.0,0
SYN-REP-18225,SYN-U-16647,SYN-LN-5725,25000.0,6250.0,2025-07-16,2025-07-16,0,6250.0,0
SYN-REP-18226,SYN-U-17154,SYN-LN-5726,15000.0,3750.0,2026-01-26,2026-01-26,0,3750.0,0
SYN-REP-18227,SYN-U-14476,SYN-LN-5727,15000.0,3750.0,2025-12-17,2025-12-17,0,3750.0,0
SYN-REP-18228,SYN-U-10396,SYN-LN-5728,25000.0,6250.0,2025-07-26,2025-07-26,0,6250.0,0
SYN-REP-18229,SYN-U-16266,SYN-LN-5729,5000.0,1250.0,2026-05-08,2026-05-08,0,1250.0,0
SYN-REP-18230,SYN-U-19164,SYN-LN-5730,15000.0,3750.0,2025-10-25,2025-10-25,0,3750.0,0
SYN-REP-18231,SYN-U-16666,SYN-LN-5731,40000.0,10000.0,2026-08-11,2026-08-11,0,10000.0,0
SYN-REP-18232,SYN-U-12952,SYN-LN-5732,15000.0,3750.0,2025-08-15,2025-08-19,4,3750.0,0
SYN-REP-18233,SYN-U-13271,SYN-LN-5733,5000.0,1250.0,2026-06-01,2026-06-01,0,1250.0,0
SYN-REP-18234,SYN-U-12980,SYN-LN-5734,5000.0,1250.0,2026-05-08,2026-05-08,0,1250.0,0
SYN-REP-18235,SYN-U-11286,SYN-LN-5735,5000.0,1250.0,2025-07-27,2025-07-27,0,1250.0,0
SYN-REP-18236,SYN-U-13752,SYN-LN-5736,15000.0,3750.0,2026-06-14,2026-06-14,0,3750.0,0
SYN-REP-18237,SYN-U-18725,SYN-LN-5737,15000.0,3750.0,2025-09-22,2025-09-22,0,3750.0,0
SYN-REP-18238,SYN-U-16099,SYN-LN-5738,40000.0,10000.0,2026-01-27,2026-01-27,0,10000.0,0
SYN-REP-18239,SYN-U-19623,SYN-LN-5739,10000.0,2500.0,2025-07-12,2025-07-12,0,2500.0,0
SYN-REP-18240,SYN-U-11724,SYN-LN-5740,15000.0,3750.0,2026-02-21,2026-02-21,0,3750.0,0
SYN-REP-18241,SYN-U-10243,SYN-LN-5741,25000.0,6250.0,2025-06-27,2025-06-27,0,6250.0,0
SYN-REP-18242,SYN-U-17731,SYN-LN-5742,40000.0,10000.0,2026-07-05,2026-07-09,4,10000.0,0
SYN-REP-18243,SYN-U-13484,SYN-LN-5743,25000.0,6250.0,2025-08-27,2025-08-27,0,6250.0,0
SYN-REP-18244,SYN-U-10926,SYN-LN-5744,10000.0,2500.0,2026-03-26,2026-03-26,0,2500.0,0
SYN-REP-18245,SYN-U-11961,SYN-LN-5745,40000.0,10000.0,2026-02-21,2026-02-25,4,10000.0,0
SYN-REP-18246,SYN-U-11651,SYN-LN-5746,25000.0,6250.0,2025-09-12,2025-09-12,0,6250.0,0
SYN-REP-18247,SYN-U-17706,SYN-LN-5747,10000.0,2500.0,2025-11-21,2025-11-21,0,2500.0,0
SYN-REP-18248,SYN-U-17324,SYN-LN-5748,10000.0,2500.0,2025-09-24,2025-09-27,3,2500.0,0
SYN-REP-18249,SYN-U-10735,SYN-LN-5749,15000.0,3750.0,2026-01-06,2026-01-06,0,3750.0,0
SYN-REP-18250,SYN-U-19385,SYN-LN-5750,25000.0,6250.0,2026-07-10,2026-07-10,0,6250.0,0
SYN-REP-18251,SYN-U-19787,SYN-LN-5751,10000.0,2500.0,2025-08-08,2025-08-08,0,2500.0,0
SYN-REP-18252,SYN-U-19092,SYN-LN-5752,40000.0,10000.0,2025-08-29,2025-08-29,0,10000.0,0
SYN-REP-18253,SYN-U-19095,SYN-LN-5753,40000.0,10000.0,2025-08-25,2025-08-25,0,10000.0,0
SYN-REP-18254,SYN-U-15543,SYN-LN-5754,15000.0,3750.0,2026-04-27,2026-04-27,0,3750.0,0
SYN-REP-18255,SYN-U-17481,SYN-LN-5755,10000.0,2500.0,2026-03-26,2026-03-26,0,2500.0,0
SYN-REP-18256,SYN-U-15258,SYN-LN-5756,40000.0,10000.0,2026-07-26,2026-07-26,0,10000.0,0
SYN-REP-18257,SYN-U-19262,SYN-LN-5757,5000.0,1250.0,2025-06-13,2025-06-13,0,1250.0,0
SYN-REP-18258,SYN-U-15571,SYN-LN-5758,5000.0,1250.0,2025-11-30,2025-11-30,0,1250.0,0
SYN-REP-18259,SYN-U-15641,SYN-LN-5759,25000.0,6250.0,2026-02-25,2026-02-25,0,6250.0,0
SYN-REP-18260,SYN-U-14530,SYN-LN-5760,25000.0,6250.0,2026-08-18,2026-08-18,0,6250.0,0
SYN-REP-18261,SYN-U-18957,SYN-LN-5761,40000.0,10000.0,2026-04-10,2026-04-10,0,10000.0,0
SYN-REP-18262,SYN-U-10905,SYN-LN-5762,5000.0,1250.0,2026-02-25,2026-02-25,0,1250.0,0
SYN-REP-18263,SYN-U-16794,SYN-LN-5763,15000.0,3750.0,2026-08-13,2026-08-13,0,3750.0,0
SYN-REP-18264,SYN-U-18727,SYN-LN-5764,5000.0,1250.0,2025-10-04,2025-10-04,0,1250.0,0
SYN-REP-18265,SYN-U-13571,SYN-LN-5765,40000.0,10000.0,2025-07-22,2025-07-22,0,10000.0,0
SYN-REP-18266,SYN-U-14034,SYN-LN-5766,10000.0,2500.0,2026-06-19,2026-06-19,0,2500.0,0
SYN-REP-18267,SYN-U-10165,SYN-LN-5767,5000.0,1250.0,2025-12-28,2025-12-28,0,1250.0,0
SYN-REP-18268,SYN-U-12145,SYN-LN-5768,15000.0,3750.0,2026-05-24,2026-05-24,0,3750.0,0
SYN-REP-18269,SYN-U-17635,SYN-LN-5769,10000.0,2500.0,2026-05-11,2026-05-11,0,2500.0,0
SYN-REP-18270,SYN-U-19366,SYN-LN-5770,5000.0,1250.0,2025-12-08,2025-12-11,3,1250.0,0
SYN-REP-18271,SYN-U-13645,SYN-LN-5771,40000.0,10000.0,2025-10-12,2025-10-12,0,10000.0,0
SYN-REP-18272,SYN-U-12314,SYN-LN-5772,10000.0,2500.0,2026-06-12,2026-06-12,0,2500.0,0
SYN-REP-18273,SYN-U-15011,SYN-LN-5773,15000.0,3750.0,2025-10-24,2025-10-24,0,3750.0,0
SYN-REP-18274,SYN-U-17411,SYN-LN-5774,5000.0,1250.0,2025-10-10,2025-10-10,0,1250.0,0
SYN-REP-18275,SYN-U-15160,SYN-LN-5775,5000.0,1250.0,2026-01-06,2026-01-06,0,1250.0,0
SYN-REP-18276,SYN-U-13590,SYN-LN-5776,40000.0,10000.0,2025-08-06,2025-08-06,0,10000.0,0
SYN-REP-18277,SYN-U-19225,SYN-LN-5777,15000.0,3750.0,2026-05-25,2026-05-25,0,3750.0,0
SYN-REP-18278,SYN-U-19342,SYN-LN-5778,10000.0,2500.0,2025-08-19,2025-08-19,0,2500.0,0
SYN-REP-18279,SYN-U-16206,SYN-LN-5779,10000.0,2500.0,2025-09-05,2025-09-05,0,2500.0,0
SYN-REP-18280,SYN-U-12960,SYN-LN-5780,15000.0,3750.0,2026-08-24,2026-08-24,0,3750.0,0
SYN-REP-18281,SYN-U-16423,SYN-LN-5781,5000.0,1250.0,2025-11-28,2025-12-29,31,1250.0,0
SYN-REP-18282,SYN-U-14564,SYN-LN-5782,25000.0,6250.0,2025-06-26,2025-06-26,0,6250.0,0
SYN-REP-18283,SYN-U-18717,SYN-LN-5783,5000.0,1250.0,2025-11-21,2025-11-21,0,1250.0,0
SYN-REP-18284,SYN-U-14222,SYN-LN-5784,5000.0,1250.0,2026-07-24,2026-07-24,0,1250.0,0
SYN-REP-18285,SYN-U-12197,SYN-LN-5785,10000.0,2500.0,2025-07-08,2025-07-08,0,2500.0,0
SYN-REP-18286,SYN-U-10738,SYN-LN-5786,40000.0,10000.0,2025-08-24,2025-08-24,0,10000.0,0
SYN-REP-18287,SYN-U-13057,SYN-LN-5787,15000.0,3750.0,2026-02-02,2026-02-02,0,3750.0,0
SYN-REP-18288,SYN-U-16108,SYN-LN-5788,10000.0,2500.0,2026-01-25,2026-01-25,0,2500.0,0
SYN-REP-18289,SYN-U-19157,SYN-LN-5789,40000.0,10000.0,2026-06-06,2026-06-06,0,10000.0,0
SYN-REP-18290,SYN-U-18790,SYN-LN-5790,40000.0,10000.0,2025-11-22,2025-11-22,0,10000.0,0
SYN-REP-18291,SYN-U-17205,SYN-LN-5791,40000.0,10000.0,2026-07-20,2026-07-20,0,10000.0,0
SYN-REP-18292,SYN-U-19736,SYN-LN-5792,10000.0,2500.0,2026-01-03,2026-02-26,54,2500.0,0
SYN-REP-18293,SYN-U-12834,SYN-LN-5793,25000.0,6250.0,2025-12-11,2025-12-11,0,6250.0,0
SYN-REP-18294,SYN-U-19600,SYN-LN-5794,10000.0,2500.0,2025-09-23,2025-09-24,1,2500.0,0
SYN-REP-18295,SYN-U-14429,SYN-LN-5795,15000.0,3750.0,2026-06-17,2026-06-17,0,3750.0,0
SYN-REP-18296,SYN-U-11023,SYN-LN-5796,40000.0,10000.0,2026-06-07,2026-06-07,0,10000.0,0
SYN-REP-18297,SYN-U-18256,SYN-LN-5797,15000.0,3750.0,2025-10-05,2025-10-05,0,3750.0,0
SYN-REP-18298,SYN-U-12713,SYN-LN-5798,40000.0,10000.0,2026-03-31,2026-03-31,0,10000.0,0
SYN-REP-18299,SYN-U-15023,SYN-LN-5799,10000.0,2500.0,2026-07-25,2026-07-25,0,2500.0,0
SYN-REP-18300,SYN-U-18953,SYN-LN-5800,15000.0,3750.0,2025-11-02,2025-11-02,0,3750.0,0
SYN-REP-18301,SYN-U-17497,SYN-LN-5801,10000.0,2500.0,2025-09-01,2025-09-01,0,2500.0,0
SYN-REP-18302,SYN-U-17050,SYN-LN-5802,5000.0,1250.0,2025-08-20,2025-08-20,0,1250.0,0
SYN-REP-18303,SYN-U-15806,SYN-LN-5803,25000.0,6250.0,2026-06-01,2026-06-01,0,6250.0,0
SYN-REP-18304,SYN-U-17498,SYN-LN-5804,40000.0,10000.0,2025-12-15,2025-12-18,3,10000.0,0
SYN-REP-18305,SYN-U-19035,SYN-LN-5805,5000.0,1250.0,2026-07-22,2026-07-22,0,1250.0,0
SYN-REP-18306,SYN-U-11818,SYN-LN-5806,5000.0,1250.0,2026-07-23,2026-09-20,59,1250.0,0
SYN-REP-18307,SYN-U-13399,SYN-LN-5807,25000.0,6250.0,2026-07-11,2026-07-13,2,6250.0,0
SYN-REP-18308,SYN-U-13080,SYN-LN-5808,25000.0,6250.0,2026-06-20,2026-06-20,0,6250.0,0
SYN-REP-18309,SYN-U-11945,SYN-LN-5809,5000.0,1250.0,2025-12-22,2025-12-22,0,1250.0,0
SYN-REP-18310,SYN-U-11657,SYN-LN-5810,25000.0,6250.0,2026-02-27,2026-02-27,0,6250.0,0
SYN-REP-18311,SYN-U-17474,SYN-LN-5811,10000.0,2500.0,2025-09-22,2025-09-22,0,2500.0,0
SYN-REP-18312,SYN-U-15706,SYN-LN-5812,10000.0,2500.0,2026-02-21,2026-02-21,0,2500.0,0
SYN-REP-18313,SYN-U-18194,SYN-LN-5813,15000.0,3750.0,2026-06-28,2026-06-28,0,3750.0,0
SYN-REP-18314,SYN-U-14731,SYN-LN-5814,15000.0,3750.0,2026-07-13,2026-07-13,0,3750.0,0
SYN-REP-18315,SYN-U-13153,SYN-LN-5815,5000.0,1250.0,2026-05-02,2026-05-05,3,1250.0,0
SYN-REP-18316,SYN-U-16237,SYN-LN-5816,25000.0,6250.0,2025-06-18,2025-06-22,4,6250.0,0
SYN-REP-18317,SYN-U-15505,SYN-LN-5817,10000.0,2500.0,2025-10-05,2025-10-05,0,2500.0,0
SYN-REP-18318,SYN-U-13296,SYN-LN-5818,25000.0,6250.0,2026-05-07,2026-05-07,0,6250.0,0
SYN-REP-18319,SYN-U-10943,SYN-LN-5819,5000.0,1250.0,2026-01-05,2026-01-07,2,1250.0,0
SYN-REP-18320,SYN-U-11148,SYN-LN-5820,5000.0,1250.0,2026-06-16,2026-06-16,0,1250.0,0
SYN-REP-18321,SYN-U-16976,SYN-LN-5821,10000.0,2500.0,2025-06-24,2025-06-24,0,2500.0,0
SYN-REP-18322,SYN-U-14652,SYN-LN-5822,40000.0,10000.0,2026-02-12,2026-02-12,0,10000.0,0
SYN-REP-18323,SYN-U-16230,SYN-LN-5823,10000.0,2500.0,2025-07-14,2025-07-14,0,2500.0,0
SYN-REP-18324,SYN-U-10268,SYN-LN-5824,10000.0,2500.0,2025-09-27,2025-09-27,0,2500.0,0
SYN-REP-18325,SYN-U-17768,SYN-LN-5825,40000.0,10000.0,2025-11-07,2025-11-07,0,10000.0,0
SYN-REP-18326,SYN-U-13017,SYN-LN-5826,40000.0,10000.0,2025-06-17,2025-06-19,2,10000.0,0
SYN-REP-18327,SYN-U-15579,SYN-LN-5827,15000.0,3750.0,2025-11-27,2025-11-27,0,3750.0,0
SYN-REP-18328,SYN-U-16113,SYN-LN-5828,40000.0,10000.0,2026-07-14,2026-07-16,2,10000.0,0
SYN-REP-18329,SYN-U-12636,SYN-LN-5829,40000.0,10000.0,2025-06-13,2025-06-13,0,10000.0,0
SYN-REP-18330,SYN-U-18821,SYN-LN-5830,15000.0,3750.0,2025-06-01,2025-06-01,0,3750.0,0
SYN-REP-18331,SYN-U-17538,SYN-LN-5831,25000.0,6250.0,2025-06-08,2025-06-08,0,6250.0,0
SYN-REP-18332,SYN-U-10770,SYN-LN-5832,10000.0,2500.0,2025-07-12,2025-07-12,0,2500.0,0
SYN-REP-18333,SYN-U-19909,SYN-LN-5833,25000.0,6250.0,2025-12-13,2025-12-13,0,6250.0,0
SYN-REP-18334,SYN-U-12469,SYN-LN-5834,15000.0,3750.0,2025-09-20,2025-09-20,0,3750.0,0
SYN-REP-18335,SYN-U-11216,SYN-LN-5835,25000.0,6250.0,2026-06-16,2026-06-16,0,6250.0,0
SYN-REP-18336,SYN-U-18416,SYN-LN-5836,25000.0,6250.0,2026-02-24,2026-02-24,0,6250.0,0
SYN-REP-18337,SYN-U-17531,SYN-LN-5837,10000.0,2500.0,2025-10-28,2025-10-28,0,2500.0,0
SYN-REP-18338,SYN-U-14151,SYN-LN-5838,40000.0,10000.0,2025-11-22,2025-11-25,3,10000.0,0
SYN-REP-18339,SYN-U-19724,SYN-LN-5839,10000.0,2500.0,2025-12-06,2025-12-06,0,2500.0,0
SYN-REP-18340,SYN-U-15185,SYN-LN-5840,40000.0,10000.0,2026-06-09,2026-06-09,0,10000.0,0
SYN-REP-18341,SYN-U-16884,SYN-LN-5841,10000.0,2500.0,2026-06-22,2026-08-13,52,2500.0,0
SYN-REP-18342,SYN-U-13943,SYN-LN-5842,5000.0,1250.0,2025-12-05,2025-12-05,0,1250.0,0
SYN-REP-18343,SYN-U-14924,SYN-LN-5843,15000.0,3750.0,2026-03-06,2026-03-06,0,3750.0,0
SYN-REP-18344,SYN-U-19526,SYN-LN-5844,40000.0,10000.0,2025-09-16,2025-09-16,0,10000.0,0
SYN-REP-18345,SYN-U-12006,SYN-LN-5845,25000.0,6250.0,2025-09-06,2025-09-06,0,6250.0,0
SYN-REP-18346,SYN-U-17546,SYN-LN-5846,5000.0,1250.0,2025-10-03,2025-10-03,0,1250.0,0
SYN-REP-18347,SYN-U-14985,SYN-LN-5847,10000.0,2500.0,2025-10-26,2025-12-12,47,2500.0,0
SYN-REP-18348,SYN-U-14172,SYN-LN-5848,40000.0,10000.0,2026-07-26,2026-07-26,0,10000.0,0
SYN-REP-18349,SYN-U-12871,SYN-LN-5849,25000.0,6250.0,2025-11-21,2025-11-21,0,6250.0,0
SYN-REP-18350,SYN-U-19296,SYN-LN-5850,10000.0,2500.0,2025-10-23,2025-10-23,0,2500.0,0
SYN-REP-18351,SYN-U-16032,SYN-LN-5851,40000.0,10000.0,2026-03-29,2026-03-29,0,10000.0,0
SYN-REP-18352,SYN-U-16354,SYN-LN-5852,10000.0,2500.0,2025-08-18,2025-08-18,0,2500.0,0
SYN-REP-18353,SYN-U-10932,SYN-LN-5853,5000.0,1250.0,2026-01-22,2026-01-22,0,1250.0,0
SYN-REP-18354,SYN-U-13562,SYN-LN-5854,10000.0,2500.0,2026-07-01,2026-07-05,4,2500.0,0
SYN-REP-18355,SYN-U-12485,SYN-LN-5855,10000.0,2500.0,2025-11-29,2025-12-01,2,2500.0,0
SYN-REP-18356,SYN-U-13709,SYN-LN-5856,5000.0,1250.0,2025-08-05,2025-08-05,0,1250.0,0
SYN-REP-18357,SYN-U-16526,SYN-LN-5857,10000.0,2500.0,2026-02-27,2026-02-27,0,2500.0,0
SYN-REP-18358,SYN-U-10697,SYN-LN-5858,25000.0,6250.0,2025-12-18,2025-12-18,0,6250.0,0
SYN-REP-18359,SYN-U-19876,SYN-LN-5859,40000.0,10000.0,2026-03-28,2026-03-28,0,10000.0,0
SYN-REP-18360,SYN-U-19192,SYN-LN-5860,40000.0,10000.0,2026-07-11,2026-07-11,0,10000.0,0
SYN-REP-18361,SYN-U-14977,SYN-LN-5861,40000.0,10000.0,2025-08-28,2025-08-28,0,10000.0,0
SYN-REP-18362,SYN-U-11449,SYN-LN-5862,15000.0,3750.0,2025-08-16,2025-08-16,0,3750.0,0
SYN-REP-18363,SYN-U-15873,SYN-LN-5863,5000.0,1250.0,2026-08-24,2026-08-27,3,1250.0,0
SYN-REP-18364,SYN-U-16952,SYN-LN-5864,15000.0,3750.0,2025-06-05,2025-06-05,0,3750.0,0
SYN-REP-18365,SYN-U-19416,SYN-LN-5865,5000.0,1250.0,2026-03-14,2026-03-14,0,1250.0,0
SYN-REP-18366,SYN-U-19358,SYN-LN-5866,25000.0,6250.0,2026-05-03,2026-05-03,0,6250.0,0
SYN-REP-18367,SYN-U-19283,SYN-LN-5867,15000.0,3750.0,2026-05-22,2026-05-22,0,3750.0,0
SYN-REP-18368,SYN-U-13854,SYN-LN-5868,10000.0,2500.0,2025-12-30,2025-12-30,0,2500.0,0
SYN-REP-18369,SYN-U-11456,SYN-LN-5869,15000.0,3750.0,2026-04-09,2026-04-09,0,3750.0,0
SYN-REP-18370,SYN-U-11857,SYN-LN-5870,10000.0,2500.0,2026-05-13,2026-05-14,1,2500.0,0
SYN-REP-18371,SYN-U-11320,SYN-LN-5871,10000.0,2500.0,2026-06-25,2026-06-25,0,2500.0,0
SYN-REP-18372,SYN-U-16783,SYN-LN-5872,40000.0,10000.0,2025-10-01,2025-10-01,0,10000.0,0
SYN-REP-18373,SYN-U-16612,SYN-LN-5873,5000.0,1250.0,2026-03-07,2026-03-07,0,1250.0,0
SYN-REP-18374,SYN-U-19892,SYN-LN-5874,25000.0,6250.0,2026-07-22,2026-08-22,31,6250.0,0
SYN-REP-18375,SYN-U-13103,SYN-LN-5875,10000.0,2500.0,2026-02-18,2026-02-18,0,2500.0,0
SYN-REP-18376,SYN-U-18718,SYN-LN-5876,15000.0,3750.0,2026-03-29,2026-03-29,0,3750.0,0
SYN-REP-18377,SYN-U-10667,SYN-LN-5877,15000.0,3750.0,2025-12-29,2025-12-29,0,3750.0,0
SYN-REP-18378,SYN-U-13966,SYN-LN-5878,25000.0,6250.0,2026-04-28,2026-04-28,0,6250.0,0
SYN-REP-18379,SYN-U-14215,SYN-LN-5879,15000.0,3750.0,2025-11-14,2025-11-14,0,3750.0,0
SYN-REP-18380,SYN-U-18895,SYN-LN-5880,40000.0,10000.0,2026-04-29,2026-04-29,0,10000.0,0
SYN-REP-18381,SYN-U-18169,SYN-LN-5881,10000.0,2500.0,2026-07-29,2026-07-29,0,2500.0,0
SYN-REP-18382,SYN-U-18227,SYN-LN-5882,25000.0,6250.0,2025-07-11,2025-07-11,0,6250.0,0
SYN-REP-18383,SYN-U-16396,SYN-LN-5883,25000.0,6250.0,2025-11-20,2025-11-20,0,6250.0,0
SYN-REP-18384,SYN-U-19950,SYN-LN-5884,10000.0,2500.0,2025-10-11,2025-10-11,0,2500.0,0
SYN-REP-18385,SYN-U-10654,SYN-LN-5885,5000.0,1250.0,2026-05-01,2026-05-01,0,1250.0,0
SYN-REP-18386,SYN-U-18024,SYN-LN-5886,25000.0,6250.0,2025-08-20,2025-08-20,0,6250.0,0
SYN-REP-18387,SYN-U-19599,SYN-LN-5887,15000.0,3750.0,2026-03-17,2026-03-17,0,3750.0,0
SYN-REP-18388,SYN-U-17749,SYN-LN-5888,10000.0,2500.0,2026-05-29,2026-05-29,0,2500.0,0
SYN-REP-18389,SYN-U-10357,SYN-LN-5889,40000.0,10000.0,2025-08-24,2025-08-24,0,10000.0,0
SYN-REP-18390,SYN-U-16673,SYN-LN-5890,25000.0,6250.0,2026-02-06,2026-02-07,1,6250.0,0
SYN-REP-18391,SYN-U-16318,SYN-LN-5891,10000.0,2500.0,2025-11-18,2025-11-18,0,2500.0,0
SYN-REP-18392,SYN-U-17604,SYN-LN-5892,25000.0,6250.0,2026-03-25,2026-03-25,0,6250.0,0
SYN-REP-18393,SYN-U-18954,SYN-LN-5893,40000.0,10000.0,2025-06-09,2025-06-09,0,10000.0,0
SYN-REP-18394,SYN-U-16291,SYN-LN-5894,25000.0,6250.0,2026-03-20,2026-03-20,0,6250.0,0
SYN-REP-18395,SYN-U-11424,SYN-LN-5895,40000.0,10000.0,2025-07-06,2025-07-06,0,10000.0,0
SYN-REP-18396,SYN-U-15437,SYN-LN-5896,5000.0,1250.0,2026-04-27,2026-04-27,0,1250.0,0
SYN-REP-18397,SYN-U-15510,SYN-LN-5897,25000.0,6250.0,2026-03-24,2026-03-24,0,6250.0,0
SYN-REP-18398,SYN-U-15914,SYN-LN-5898,25000.0,6250.0,2026-03-23,2026-03-23,0,6250.0,0
SYN-REP-18399,SYN-U-12026,SYN-LN-5899,10000.0,2500.0,2025-06-26,2025-06-26,0,2500.0,0
SYN-REP-18400,SYN-U-11452,SYN-LN-5900,40000.0,10000.0,2025-10-11,2025-10-13,2,10000.0,0
SYN-REP-18401,SYN-U-11278,SYN-LN-5901,25000.0,6250.0,2026-02-21,2026-02-21,0,6250.0,0
SYN-REP-18402,SYN-U-15639,SYN-LN-5902,15000.0,3750.0,2026-05-20,2026-05-24,4,3750.0,0
SYN-REP-18403,SYN-U-12743,SYN-LN-5903,5000.0,1250.0,2026-05-13,2026-05-13,0,1250.0,0
SYN-REP-18404,SYN-U-15149,SYN-LN-5904,15000.0,3750.0,2025-09-11,2025-09-11,0,3750.0,0
SYN-REP-18405,SYN-U-12645,SYN-LN-5905,40000.0,10000.0,2025-12-13,2025-12-13,0,10000.0,0
SYN-REP-18406,SYN-U-10807,SYN-LN-5906,40000.0,10000.0,2026-06-14,2026-06-14,0,10000.0,0
SYN-REP-18407,SYN-U-18588,SYN-LN-5907,40000.0,10000.0,2026-06-21,2026-06-21,0,10000.0,0
SYN-REP-18408,SYN-U-19171,SYN-LN-5908,25000.0,6250.0,2025-09-19,2025-09-19,0,6250.0,0
SYN-REP-18409,SYN-U-16130,SYN-LN-5909,25000.0,6250.0,2026-02-12,2026-02-12,0,6250.0,0
SYN-REP-18410,SYN-U-16958,SYN-LN-5910,15000.0,3750.0,2025-09-08,2025-09-08,0,3750.0,0
SYN-REP-18411,SYN-U-11538,SYN-LN-5911,5000.0,1250.0,2025-10-21,2025-10-23,2,1250.0,0
SYN-REP-18412,SYN-U-19336,SYN-LN-5912,25000.0,6250.0,2026-03-10,2026-03-10,0,6250.0,0
SYN-REP-18413,SYN-U-14586,SYN-LN-5913,15000.0,3750.0,2025-12-20,2025-12-20,0,3750.0,0
SYN-REP-18414,SYN-U-19639,SYN-LN-5914,5000.0,1250.0,2026-08-06,2026-08-06,0,1250.0,0
SYN-REP-18415,SYN-U-15253,SYN-LN-5915,40000.0,10000.0,2026-02-07,2026-02-07,0,10000.0,0
SYN-REP-18416,SYN-U-17351,SYN-LN-5916,15000.0,3750.0,2026-08-14,2026-08-14,0,3750.0,0
SYN-REP-18417,SYN-U-18929,SYN-LN-5917,10000.0,2500.0,2025-08-12,2025-08-12,0,2500.0,0
SYN-REP-18418,SYN-U-18043,SYN-LN-5918,10000.0,2500.0,2026-02-20,2026-02-20,0,2500.0,0
SYN-REP-18419,SYN-U-15385,SYN-LN-5919,15000.0,3750.0,2026-03-20,2026-03-20,0,3750.0,0
SYN-REP-18420,SYN-U-14839,SYN-LN-5920,25000.0,6250.0,2026-04-23,2026-04-24,1,6250.0,0
SYN-REP-18421,SYN-U-18044,SYN-LN-5921,25000.0,6250.0,2026-06-21,2026-06-21,0,6250.0,0
SYN-REP-18422,SYN-U-10382,SYN-LN-5922,40000.0,10000.0,2026-04-08,2026-04-08,0,10000.0,0
SYN-REP-18423,SYN-U-12839,SYN-LN-5923,5000.0,1250.0,2025-10-01,2025-10-01,0,1250.0,0
SYN-REP-18424,SYN-U-10107,SYN-LN-5924,10000.0,2500.0,2026-08-15,2026-08-15,0,2500.0,0
SYN-REP-18425,SYN-U-15816,SYN-LN-5925,15000.0,3750.0,2025-08-16,2025-08-16,0,3750.0,0
SYN-REP-18426,SYN-U-16131,SYN-LN-5926,40000.0,10000.0,2025-11-22,2025-11-26,4,10000.0,0
SYN-REP-18427,SYN-U-18548,SYN-LN-5927,25000.0,6250.0,2025-07-18,2025-07-18,0,6250.0,0
SYN-REP-18428,SYN-U-14875,SYN-LN-5928,25000.0,6250.0,2026-06-02,2026-06-02,0,6250.0,0
SYN-REP-18429,SYN-U-16128,SYN-LN-5929,15000.0,3750.0,2025-10-12,2025-10-12,0,3750.0,0
SYN-REP-18430,SYN-U-10837,SYN-LN-5930,15000.0,3750.0,2026-08-17,2026-09-05,19,3750.0,0
SYN-REP-18431,SYN-U-19629,SYN-LN-5931,40000.0,10000.0,2025-08-15,2025-08-16,1,10000.0,0
SYN-REP-18432,SYN-U-17015,SYN-LN-5932,25000.0,6250.0,2026-03-09,2026-03-09,0,6250.0,0
SYN-REP-18433,SYN-U-14153,SYN-LN-5933,10000.0,2500.0,2025-08-07,2025-08-10,3,2500.0,0
SYN-REP-18434,SYN-U-10484,SYN-LN-5934,10000.0,2500.0,2026-04-04,2026-04-04,0,2500.0,0
SYN-REP-18435,SYN-U-17244,SYN-LN-5935,15000.0,3750.0,2026-07-31,2026-08-03,3,3750.0,0
SYN-REP-18436,SYN-U-10665,SYN-LN-5936,5000.0,1250.0,2025-11-21,2025-11-21,0,1250.0,0
SYN-REP-18437,SYN-U-17522,SYN-LN-5937,15000.0,3750.0,2026-04-09,2026-04-09,0,3750.0,0
SYN-REP-18438,SYN-U-13743,SYN-LN-5938,10000.0,2500.0,2026-07-15,2026-07-15,0,2500.0,0
SYN-REP-18439,SYN-U-12136,SYN-LN-5939,40000.0,10000.0,2026-08-17,2026-08-17,0,10000.0,0
SYN-REP-18440,SYN-U-13451,SYN-LN-5940,40000.0,10000.0,2026-01-29,2026-01-29,0,10000.0,0
SYN-REP-18441,SYN-U-16460,SYN-LN-5941,5000.0,1250.0,2025-06-29,2025-07-01,2,1250.0,0
SYN-REP-18442,SYN-U-10562,SYN-LN-5942,10000.0,2500.0,2025-10-10,2025-10-10,0,2500.0,0
SYN-REP-18443,SYN-U-10943,SYN-LN-5943,5000.0,1250.0,2025-08-14,2025-08-14,0,1250.0,0
SYN-REP-18444,SYN-U-12729,SYN-LN-5944,10000.0,2500.0,2026-05-26,2026-05-26,0,2500.0,0
SYN-REP-18445,SYN-U-16134,SYN-LN-5945,5000.0,1250.0,2026-01-02,2026-01-02,0,1250.0,0
SYN-REP-18446,SYN-U-18262,SYN-LN-5946,40000.0,10000.0,2026-03-20,2026-03-20,0,10000.0,0
SYN-REP-18447,SYN-U-17511,SYN-LN-5947,5000.0,1250.0,2025-09-24,2025-09-24,0,1250.0,0
SYN-REP-18448,SYN-U-14382,SYN-LN-5948,15000.0,3750.0,2025-08-21,2025-08-21,0,3750.0,0
SYN-REP-18449,SYN-U-18470,SYN-LN-5949,5000.0,1250.0,2025-12-13,2025-12-13,0,1250.0,0
SYN-REP-18450,SYN-U-17543,SYN-LN-5950,15000.0,3750.0,2025-06-05,2025-06-05,0,3750.0,0
SYN-REP-18451,SYN-U-15094,SYN-LN-5951,40000.0,10000.0,2026-06-11,2026-06-11,0,10000.0,0
SYN-REP-18452,SYN-U-16440,SYN-LN-5952,5000.0,1250.0,2026-07-06,2026-07-06,0,1250.0,0
SYN-REP-18453,SYN-U-19690,SYN-LN-5953,15000.0,3750.0,2026-01-02,2026-01-02,0,3750.0,0
SYN-REP-18454,SYN-U-10848,SYN-LN-5954,25000.0,6250.0,2026-07-16,2026-07-17,1,6250.0,0
SYN-REP-18455,SYN-U-19126,SYN-LN-5955,10000.0,2500.0,2025-12-11,2025-12-11,0,2500.0,0
SYN-REP-18456,SYN-U-18541,SYN-LN-5956,5000.0,1250.0,2025-09-11,2025-09-11,0,1250.0,0
SYN-REP-18457,SYN-U-18788,SYN-LN-5957,40000.0,10000.0,2025-09-19,2025-09-19,0,10000.0,0
SYN-REP-18458,SYN-U-15816,SYN-LN-5958,10000.0,2500.0,2025-11-22,2025-11-22,0,2500.0,0
SYN-REP-18459,SYN-U-19856,SYN-LN-5959,10000.0,2500.0,2026-04-06,2026-04-10,4,2500.0,0
SYN-REP-18460,SYN-U-16168,SYN-LN-5960,40000.0,10000.0,2026-04-23,2026-04-23,0,10000.0,0
SYN-REP-18461,SYN-U-16333,SYN-LN-5961,25000.0,6250.0,2026-05-19,2026-05-19,0,6250.0,0
SYN-REP-18462,SYN-U-16789,SYN-LN-5962,40000.0,10000.0,2026-07-08,2026-07-08,0,10000.0,0
SYN-REP-18463,SYN-U-11780,SYN-LN-5963,15000.0,3750.0,2026-04-23,2026-04-23,0,3750.0,0
SYN-REP-18464,SYN-U-18433,SYN-LN-5964,40000.0,10000.0,2026-08-09,2026-08-09,0,10000.0,0
SYN-REP-18465,SYN-U-16622,SYN-LN-5965,40000.0,10000.0,2025-06-30,2025-06-30,0,10000.0,0
SYN-REP-18466,SYN-U-12734,SYN-LN-5966,10000.0,2500.0,2026-07-03,2026-07-03,0,2500.0,0
SYN-REP-18467,SYN-U-10477,SYN-LN-5967,15000.0,3750.0,2025-07-20,2025-07-20,0,3750.0,0
SYN-REP-18468,SYN-U-16376,SYN-LN-5968,5000.0,1250.0,2026-01-22,2026-01-22,0,1250.0,0
SYN-REP-18469,SYN-U-10839,SYN-LN-5969,10000.0,2500.0,2026-06-09,2026-06-09,0,2500.0,0
SYN-REP-18470,SYN-U-12847,SYN-LN-5970,15000.0,3750.0,2025-12-02,2025-12-02,0,3750.0,0
SYN-REP-18471,SYN-U-12947,SYN-LN-5971,5000.0,1250.0,2026-05-06,2026-05-06,0,1250.0,0
SYN-REP-18472,SYN-U-13533,SYN-LN-5972,10000.0,2500.0,2025-09-08,2025-09-08,0,2500.0,0
SYN-REP-18473,SYN-U-19997,SYN-LN-5973,5000.0,1250.0,2025-06-06,2025-06-06,0,1250.0,0
SYN-REP-18474,SYN-U-12540,SYN-LN-5974,25000.0,6250.0,2026-04-25,2026-04-25,0,6250.0,0
SYN-REP-18475,SYN-U-15030,SYN-LN-5975,25000.0,6250.0,2025-10-20,2025-10-20,0,6250.0,0
SYN-REP-18476,SYN-U-17977,SYN-LN-5976,40000.0,10000.0,2026-03-14,2026-03-17,3,10000.0,0
SYN-REP-18477,SYN-U-14288,SYN-LN-5977,15000.0,3750.0,2025-12-31,2025-12-31,0,3750.0,0
SYN-REP-18478,SYN-U-18935,SYN-LN-5978,15000.0,3750.0,2026-02-10,2026-03-14,32,3750.0,0
SYN-REP-18479,SYN-U-14907,SYN-LN-5979,25000.0,6250.0,2025-06-15,2025-06-15,0,6250.0,0
SYN-REP-18480,SYN-U-18882,SYN-LN-5980,15000.0,3750.0,2025-06-27,2025-06-27,0,3750.0,0
SYN-REP-18481,SYN-U-13498,SYN-LN-5981,15000.0,3750.0,2026-07-24,2026-07-24,0,3750.0,0
SYN-REP-18482,SYN-U-10217,SYN-LN-5982,5000.0,1250.0,2026-03-05,2026-03-05,0,1250.0,0
SYN-REP-18483,SYN-U-12771,SYN-LN-5983,10000.0,2500.0,2025-06-24,2025-06-24,0,2500.0,0
SYN-REP-18484,SYN-U-10994,SYN-LN-5984,15000.0,3750.0,2025-08-24,2025-08-24,0,3750.0,0
SYN-REP-18485,SYN-U-16145,SYN-LN-5985,40000.0,10000.0,2025-09-08,2025-09-08,0,10000.0,0
SYN-REP-18486,SYN-U-19912,SYN-LN-5986,40000.0,10000.0,2026-01-05,2026-01-05,0,10000.0,0
SYN-REP-18487,SYN-U-13877,SYN-LN-5987,15000.0,3750.0,2025-11-27,2025-11-27,0,3750.0,0
SYN-REP-18488,SYN-U-18017,SYN-LN-5988,15000.0,3750.0,2025-08-07,2025-08-07,0,3750.0,0
SYN-REP-18489,SYN-U-12531,SYN-LN-5989,25000.0,6250.0,2025-07-07,2025-07-07,0,6250.0,0
SYN-REP-18490,SYN-U-14822,SYN-LN-5990,25000.0,6250.0,2025-10-07,2025-10-10,3,6250.0,0
SYN-REP-18491,SYN-U-14886,SYN-LN-5991,15000.0,3750.0,2026-04-24,2026-04-24,0,3750.0,0
SYN-REP-18492,SYN-U-10475,SYN-LN-5992,25000.0,6250.0,2026-07-22,2026-07-24,2,6250.0,0
SYN-REP-18493,SYN-U-12829,SYN-LN-5993,10000.0,2500.0,2025-12-22,2025-12-22,0,2500.0,0
SYN-REP-18494,SYN-U-13590,SYN-LN-5994,10000.0,2500.0,2025-10-15,2025-10-17,2,2500.0,0
SYN-REP-18495,SYN-U-17599,SYN-LN-5995,40000.0,10000.0,2026-07-12,2026-07-12,0,10000.0,0
SYN-REP-18496,SYN-U-18825,SYN-LN-5996,15000.0,3750.0,2025-09-30,2025-09-30,0,3750.0,0
SYN-REP-18497,SYN-U-15422,SYN-LN-5997,40000.0,10000.0,2025-06-22,2025-06-22,0,10000.0,0
SYN-REP-18498,SYN-U-13368,SYN-LN-5998,40000.0,10000.0,2025-08-06,2025-08-09,3,10000.0,0
SYN-REP-18499,SYN-U-19426,SYN-LN-5999,5000.0,1250.0,2025-10-08,2025-10-08,0,1250.0,0
SYN-REP-18500,SYN-U-15700,SYN-LN-6000,5000.0,1250.0,2025-08-31,2025-08-31,0,1250.0,0
SYN-REP-18501,SYN-U-10519,SYN-LN-6001,10000.0,2500.0,2026-02-17,2026-02-17,0,2500.0,0
SYN-REP-18502,SYN-U-15442,SYN-LN-6002,5000.0,1250.0,2026-02-19,2026-02-19,0,1250.0,0
SYN-REP-18503,SYN-U-19769,SYN-LN-6003,40000.0,10000.0,2026-02-26,2026-02-26,0,10000.0,0
SYN-REP-18504,SYN-U-12618,SYN-LN-6004,40000.0,10000.0,2025-12-01,2025-12-01,0,10000.0,0
SYN-REP-18505,SYN-U-17844,SYN-LN-6005,25000.0,6250.0,2025-06-14,2025-06-14,0,6250.0,0
SYN-REP-18506,SYN-U-10903,SYN-LN-6006,25000.0,6250.0,2026-04-13,2026-04-14,1,6250.0,0
SYN-REP-18507,SYN-U-12076,SYN-LN-6007,25000.0,6250.0,2025-09-10,2025-09-10,0,6250.0,0
SYN-REP-18508,SYN-U-14745,SYN-LN-6008,25000.0,6250.0,2026-01-19,2026-01-19,0,6250.0,0
SYN-REP-18509,SYN-U-17521,SYN-LN-6009,15000.0,3750.0,2026-05-29,2026-05-29,0,3750.0,0
SYN-REP-18510,SYN-U-13672,SYN-LN-6010,5000.0,1250.0,2026-04-11,2026-04-11,0,1250.0,0
SYN-REP-18511,SYN-U-19124,SYN-LN-6011,15000.0,3750.0,2025-10-19,2025-10-19,0,3750.0,0
SYN-REP-18512,SYN-U-13178,SYN-LN-6012,5000.0,1250.0,2026-04-01,2026-04-01,0,1250.0,0
SYN-REP-18513,SYN-U-18909,SYN-LN-6013,40000.0,10000.0,2025-11-23,2025-11-23,0,10000.0,0
SYN-REP-18514,SYN-U-13162,SYN-LN-6014,5000.0,1250.0,2026-03-28,2026-03-28,0,1250.0,0
SYN-REP-18515,SYN-U-10023,SYN-LN-6015,10000.0,2500.0,2026-07-30,2026-08-02,3,2500.0,0
SYN-REP-18516,SYN-U-18721,SYN-LN-6016,10000.0,2500.0,2026-07-14,2026-07-15,1,2500.0,0
SYN-REP-18517,SYN-U-13811,SYN-LN-6017,25000.0,6250.0,2026-07-01,2026-07-01,0,6250.0,0
SYN-REP-18518,SYN-U-18667,SYN-LN-6018,25000.0,6250.0,2025-08-06,2025-08-06,0,6250.0,0
SYN-REP-18519,SYN-U-14763,SYN-LN-6019,15000.0,3750.0,2025-10-25,2025-10-25,0,3750.0,0
SYN-REP-18520,SYN-U-13021,SYN-LN-6020,10000.0,2500.0,2025-09-04,2025-09-04,0,2500.0,0
SYN-REP-18521,SYN-U-17079,SYN-LN-6021,40000.0,10000.0,2026-08-14,2026-08-14,0,10000.0,0
SYN-REP-18522,SYN-U-12602,SYN-LN-6022,10000.0,2500.0,2026-04-29,2026-04-29,0,2500.0,0
SYN-REP-18523,SYN-U-10579,SYN-LN-6023,25000.0,6250.0,2025-09-17,2025-09-17,0,6250.0,0
SYN-REP-18524,SYN-U-14913,SYN-LN-6024,40000.0,10000.0,2026-03-11,2026-03-11,0,10000.0,0
SYN-REP-18525,SYN-U-14680,SYN-LN-6025,10000.0,2500.0,2026-04-01,2026-05-05,34,2500.0,0
SYN-REP-18526,SYN-U-17298,SYN-LN-6026,40000.0,10000.0,2025-09-08,2025-09-08,0,10000.0,0
SYN-REP-18527,SYN-U-10842,SYN-LN-6027,25000.0,6250.0,2026-02-06,2026-02-09,3,6250.0,0
SYN-REP-18528,SYN-U-12626,SYN-LN-6028,10000.0,2500.0,2026-05-22,2026-05-22,0,2500.0,0
SYN-REP-18529,SYN-U-15920,SYN-LN-6029,25000.0,6250.0,2026-07-30,2026-07-30,0,6250.0,0
SYN-REP-18530,SYN-U-13062,SYN-LN-6030,5000.0,1250.0,2025-12-24,2025-12-24,0,1250.0,0
SYN-REP-18531,SYN-U-13300,SYN-LN-6031,5000.0,1250.0,2026-04-07,2026-04-07,0,1250.0,0
SYN-REP-18532,SYN-U-14808,SYN-LN-6032,15000.0,3750.0,2026-01-12,2026-01-12,0,3750.0,0
SYN-REP-18533,SYN-U-18711,SYN-LN-6033,15000.0,3750.0,2026-06-20,2026-08-15,56,3750.0,0
SYN-REP-18534,SYN-U-16722,SYN-LN-6034,15000.0,3750.0,2025-09-05,2025-09-05,0,3750.0,0
SYN-REP-18535,SYN-U-10563,SYN-LN-6035,10000.0,2500.0,2025-08-16,2025-08-16,0,2500.0,0
SYN-REP-18536,SYN-U-15884,SYN-LN-6036,15000.0,3750.0,2026-06-08,2026-06-08,0,3750.0,0
SYN-REP-18537,SYN-U-12538,SYN-LN-6037,40000.0,10000.0,2025-06-10,2025-06-10,0,10000.0,0
SYN-REP-18538,SYN-U-12950,SYN-LN-6038,40000.0,10000.0,2026-08-19,2026-08-19,0,10000.0,0
SYN-REP-18539,SYN-U-17560,SYN-LN-6039,5000.0,1250.0,2026-01-03,2026-01-03,0,1250.0,0
SYN-REP-18540,SYN-U-19718,SYN-LN-6040,40000.0,10000.0,2025-09-06,2025-09-06,0,10000.0,0
SYN-REP-18541,SYN-U-18526,SYN-LN-6041,15000.0,3750.0,2026-03-03,2026-03-03,0,3750.0,0
SYN-REP-18542,SYN-U-17066,SYN-LN-6042,15000.0,3750.0,2025-10-18,2025-10-18,0,3750.0,0
SYN-REP-18543,SYN-U-12767,SYN-LN-6043,5000.0,1250.0,2026-05-12,2026-05-12,0,1250.0,0
SYN-REP-18544,SYN-U-14255,SYN-LN-6044,25000.0,6250.0,2025-11-30,2025-11-30,0,6250.0,0
SYN-REP-18545,SYN-U-16016,SYN-LN-6045,40000.0,10000.0,2025-09-19,2025-09-19,0,10000.0,0
SYN-REP-18546,SYN-U-19732,SYN-LN-6046,15000.0,3750.0,2026-02-28,2026-03-03,3,3750.0,0
SYN-REP-18547,SYN-U-19204,SYN-LN-6047,40000.0,10000.0,2025-09-29,2025-09-29,0,10000.0,0
SYN-REP-18548,SYN-U-12270,SYN-LN-6048,10000.0,2500.0,2025-06-23,2025-06-23,0,2500.0,0
SYN-REP-18549,SYN-U-17957,SYN-LN-6049,15000.0,3750.0,2026-07-02,2026-07-02,0,3750.0,0
SYN-REP-18550,SYN-U-11753,SYN-LN-6050,5000.0,1250.0,2026-06-10,2026-06-10,0,1250.0,0
SYN-REP-18551,SYN-U-17862,SYN-LN-6051,10000.0,2500.0,2025-11-25,2025-11-25,0,2500.0,0
SYN-REP-18552,SYN-U-11543,SYN-LN-6052,25000.0,6250.0,2026-04-27,2026-04-27,0,6250.0,0
SYN-REP-18553,SYN-U-17446,SYN-LN-6053,25000.0,6250.0,2025-07-11,2025-07-11,0,6250.0,0
SYN-REP-18554,SYN-U-18240,SYN-LN-6054,25000.0,6250.0,2025-06-15,2025-06-15,0,6250.0,0
SYN-REP-18555,SYN-U-18389,SYN-LN-6055,40000.0,10000.0,2026-03-29,2026-04-01,3,10000.0,0
SYN-REP-18556,SYN-U-12894,SYN-LN-6056,10000.0,2500.0,2025-07-25,2025-07-25,0,2500.0,0
SYN-REP-18557,SYN-U-19410,SYN-LN-6057,15000.0,3750.0,2025-09-14,2025-09-14,0,3750.0,0
SYN-REP-18558,SYN-U-18449,SYN-LN-6058,40000.0,10000.0,2026-02-24,2026-02-24,0,10000.0,0
SYN-REP-18559,SYN-U-11040,SYN-LN-6059,10000.0,2500.0,2025-11-27,2025-11-27,0,2500.0,0
SYN-REP-18560,SYN-U-11031,SYN-LN-6060,40000.0,10000.0,2026-02-26,2026-02-26,0,10000.0,0
SYN-REP-18561,SYN-U-10652,SYN-LN-6061,40000.0,10000.0,2025-12-19,2025-12-19,0,10000.0,0
SYN-REP-18562,SYN-U-17600,SYN-LN-6062,40000.0,10000.0,2025-09-01,2025-09-01,0,10000.0,0
SYN-REP-18563,SYN-U-18541,SYN-LN-6063,25000.0,6250.0,2025-10-23,2025-10-23,0,6250.0,0
SYN-REP-18564,SYN-U-18809,SYN-LN-6064,5000.0,1250.0,2026-08-11,2026-08-11,0,1250.0,0
SYN-REP-18565,SYN-U-18990,SYN-LN-6065,40000.0,10000.0,2026-01-30,2026-01-30,0,10000.0,0
SYN-REP-18566,SYN-U-10912,SYN-LN-6066,25000.0,6250.0,2026-08-18,2026-08-18,0,6250.0,0
SYN-REP-18567,SYN-U-18287,SYN-LN-6067,10000.0,2500.0,2026-04-08,2026-04-09,1,2500.0,0
SYN-REP-18568,SYN-U-17338,SYN-LN-6068,15000.0,3750.0,2026-05-24,2026-05-24,0,3750.0,0
SYN-REP-18569,SYN-U-18936,SYN-LN-6069,5000.0,1250.0,2026-02-17,2026-02-17,0,1250.0,0
SYN-REP-18570,SYN-U-16171,SYN-LN-6070,5000.0,1250.0,2025-11-30,2025-11-30,0,1250.0,0
SYN-REP-18571,SYN-U-16407,SYN-LN-6071,40000.0,10000.0,2026-01-11,2026-01-11,0,10000.0,0
SYN-REP-18572,SYN-U-12173,SYN-LN-6072,10000.0,2500.0,2026-02-12,2026-02-12,0,2500.0,0
SYN-REP-18573,SYN-U-18443,SYN-LN-6073,10000.0,2500.0,2026-02-23,2026-02-23,0,2500.0,0
SYN-REP-18574,SYN-U-11590,SYN-LN-6074,40000.0,10000.0,2026-02-26,2026-02-26,0,10000.0,0
SYN-REP-18575,SYN-U-11148,SYN-LN-6075,15000.0,3750.0,2025-10-06,2025-10-06,0,3750.0,0
SYN-REP-18576,SYN-U-17475,SYN-LN-6076,15000.0,3750.0,2025-06-04,2025-06-04,0,3750.0,0
SYN-REP-18577,SYN-U-13240,SYN-LN-6077,10000.0,2500.0,2025-10-26,2025-10-29,3,2500.0,0
SYN-REP-18578,SYN-U-12128,SYN-LN-6078,15000.0,3750.0,2026-03-21,2026-03-21,0,3750.0,0
SYN-REP-18579,SYN-U-17005,SYN-LN-6079,40000.0,10000.0,2025-10-25,2025-10-25,0,10000.0,0
SYN-REP-18580,SYN-U-10346,SYN-LN-6080,25000.0,6250.0,2026-01-21,2026-01-21,0,6250.0,0
SYN-REP-18581,SYN-U-16140,SYN-LN-6081,25000.0,6250.0,2025-12-27,2025-12-27,0,6250.0,0
SYN-REP-18582,SYN-U-17652,SYN-LN-6082,40000.0,10000.0,2025-07-11,2025-07-11,0,10000.0,0
SYN-REP-18583,SYN-U-10997,SYN-LN-6083,40000.0,10000.0,2026-06-12,2026-06-12,0,10000.0,0
SYN-REP-18584,SYN-U-12428,SYN-LN-6084,10000.0,2500.0,2025-09-26,2025-09-29,3,2500.0,0
SYN-REP-18585,SYN-U-12339,SYN-LN-6085,25000.0,6250.0,2025-07-22,2025-07-22,0,6250.0,0
SYN-REP-18586,SYN-U-11352,SYN-LN-6086,5000.0,1250.0,2025-11-22,2025-11-22,0,1250.0,0
SYN-REP-18587,SYN-U-11095,SYN-LN-6087,5000.0,1250.0,2025-06-29,2025-06-29,0,1250.0,0
SYN-REP-18588,SYN-U-15367,SYN-LN-6088,25000.0,6250.0,2025-06-16,2025-06-16,0,6250.0,0
SYN-REP-18589,SYN-U-19437,SYN-LN-6089,5000.0,1250.0,2026-07-15,2026-07-15,0,1250.0,0
SYN-REP-18590,SYN-U-15266,SYN-LN-6090,10000.0,2500.0,2025-12-10,2025-12-10,0,2500.0,0
SYN-REP-18591,SYN-U-19471,SYN-LN-6091,40000.0,10000.0,2026-03-11,2026-03-11,0,10000.0,0
SYN-REP-18592,SYN-U-15055,SYN-LN-6092,15000.0,3750.0,2026-04-20,2026-04-20,0,3750.0,0
SYN-REP-18593,SYN-U-17553,SYN-LN-6093,15000.0,3750.0,2026-01-19,2026-01-19,0,3750.0,0
SYN-REP-18594,SYN-U-19138,SYN-LN-6094,5000.0,1250.0,2026-05-15,2026-05-15,0,1250.0,0
SYN-REP-18595,SYN-U-13248,SYN-LN-6095,15000.0,3750.0,2026-07-10,2026-07-10,0,3750.0,0
SYN-REP-18596,SYN-U-14272,SYN-LN-6096,10000.0,2500.0,2026-05-16,2026-05-16,0,2500.0,0
SYN-REP-18597,SYN-U-12252,SYN-LN-6097,5000.0,1250.0,2025-07-13,2025-07-13,0,1250.0,0
SYN-REP-18598,SYN-U-13279,SYN-LN-6098,40000.0,10000.0,2025-08-14,2025-08-14,0,10000.0,0
SYN-REP-18599,SYN-U-16549,SYN-LN-6099,15000.0,3750.0,2025-09-23,2025-09-23,0,3750.0,0
SYN-REP-18600,SYN-U-17520,SYN-LN-6100,40000.0,10000.0,2025-10-20,2025-10-21,1,10000.0,0
SYN-REP-18601,SYN-U-19349,SYN-LN-6101,10000.0,2500.0,2025-10-27,2025-10-27,0,2500.0,0
SYN-REP-18602,SYN-U-19717,SYN-LN-6102,10000.0,2500.0,2026-08-02,2026-08-02,0,2500.0,0
SYN-REP-18603,SYN-U-18149,SYN-LN-6103,10000.0,2500.0,2025-06-30,2025-06-30,0,2500.0,0
SYN-REP-18604,SYN-U-18237,SYN-LN-6104,40000.0,10000.0,2026-03-13,2026-03-13,0,10000.0,0
SYN-REP-18605,SYN-U-18197,SYN-LN-6105,25000.0,6250.0,2025-08-21,2025-08-21,0,6250.0,0
SYN-REP-18606,SYN-U-14327,SYN-LN-6106,25000.0,6250.0,2026-02-13,2026-02-16,3,6250.0,0
SYN-REP-18607,SYN-U-14851,SYN-LN-6107,5000.0,1250.0,2026-03-26,2026-03-26,0,1250.0,0
SYN-REP-18608,SYN-U-12288,SYN-LN-6108,40000.0,10000.0,2026-05-25,2026-05-25,0,10000.0,0
SYN-REP-18609,SYN-U-10165,SYN-LN-6109,15000.0,3750.0,2025-08-16,2025-08-16,0,3750.0,0
SYN-REP-18610,SYN-U-18962,SYN-LN-6110,25000.0,6250.0,2025-10-17,2025-10-17,0,6250.0,0
SYN-REP-18611,SYN-U-13113,SYN-LN-6111,5000.0,1250.0,2025-06-08,2025-06-23,15,1250.0,0
SYN-REP-18612,SYN-U-12173,SYN-LN-6112,15000.0,3750.0,2025-10-15,2025-10-15,0,3750.0,0
SYN-REP-18613,SYN-U-11782,SYN-LN-6113,40000.0,10000.0,2026-04-27,2026-04-27,0,10000.0,0
SYN-REP-18614,SYN-U-14593,SYN-LN-6114,25000.0,6250.0,2025-10-18,2025-10-18,0,6250.0,0
SYN-REP-18615,SYN-U-10529,SYN-LN-6115,5000.0,1250.0,2026-06-19,2026-06-23,4,1250.0,0
SYN-REP-18616,SYN-U-19450,SYN-LN-6116,15000.0,3750.0,2026-01-18,2026-01-18,0,3750.0,0
SYN-REP-18617,SYN-U-12082,SYN-LN-6117,40000.0,10000.0,2025-10-04,2025-10-07,3,10000.0,0
SYN-REP-18618,SYN-U-13427,SYN-LN-6118,5000.0,1250.0,2025-12-31,2025-12-31,0,1250.0,0
SYN-REP-18619,SYN-U-11620,SYN-LN-6119,40000.0,10000.0,2026-04-21,2026-04-21,0,10000.0,0
SYN-REP-18620,SYN-U-10359,SYN-LN-6120,5000.0,1250.0,2026-08-17,2026-08-17,0,1250.0,0
SYN-REP-18621,SYN-U-12089,SYN-LN-6121,5000.0,1250.0,2025-12-23,2025-12-23,0,1250.0,0
SYN-REP-18622,SYN-U-17650,SYN-LN-6122,40000.0,10000.0,2025-08-28,2025-08-28,0,10000.0,0
SYN-REP-18623,SYN-U-11817,SYN-LN-6123,25000.0,6250.0,2025-11-06,2025-11-06,0,6250.0,0
SYN-REP-18624,SYN-U-19043,SYN-LN-6124,15000.0,3750.0,2025-08-21,2025-08-21,0,3750.0,0
SYN-REP-18625,SYN-U-16303,SYN-LN-6125,40000.0,10000.0,2025-10-21,2025-10-25,4,10000.0,0
SYN-REP-18626,SYN-U-12123,SYN-LN-6126,25000.0,6250.0,2026-03-13,2026-03-17,4,6250.0,0
SYN-REP-18627,SYN-U-18919,SYN-LN-6127,10000.0,2500.0,2026-01-19,2026-01-19,0,2500.0,0
SYN-REP-18628,SYN-U-13170,SYN-LN-6128,40000.0,10000.0,2026-06-03,2026-06-03,0,10000.0,0
SYN-REP-18629,SYN-U-12558,SYN-LN-6129,10000.0,2500.0,2025-12-07,2025-12-07,0,2500.0,0
SYN-REP-18630,SYN-U-15120,SYN-LN-6130,25000.0,6250.0,2026-06-20,2026-06-20,0,6250.0,0
SYN-REP-18631,SYN-U-12908,SYN-LN-6131,15000.0,3750.0,2025-11-27,2025-11-27,0,3750.0,0
SYN-REP-18632,SYN-U-11993,SYN-LN-6132,15000.0,3750.0,2025-11-25,2025-11-25,0,3750.0,0
SYN-REP-18633,SYN-U-16451,SYN-LN-6133,5000.0,1250.0,2025-07-09,2025-07-09,0,1250.0,0
SYN-REP-18634,SYN-U-10515,SYN-LN-6134,25000.0,6250.0,2025-08-02,2025-08-02,0,6250.0,0
SYN-REP-18635,SYN-U-17142,SYN-LN-6135,15000.0,3750.0,2026-01-05,2026-01-05,0,3750.0,0
SYN-REP-18636,SYN-U-13626,SYN-LN-6136,10000.0,2500.0,2026-07-17,2026-07-17,0,2500.0,0
SYN-REP-18637,SYN-U-13891,SYN-LN-6137,40000.0,10000.0,2026-06-30,2026-06-30,0,10000.0,0
SYN-REP-18638,SYN-U-11974,SYN-LN-6138,15000.0,3750.0,2025-11-27,2025-11-29,2,3750.0,0
SYN-REP-18639,SYN-U-18005,SYN-LN-6139,25000.0,6250.0,2025-12-13,2025-12-13,0,6250.0,0
SYN-REP-18640,SYN-U-15513,SYN-LN-6140,10000.0,2500.0,2025-09-30,2025-09-30,0,2500.0,0
SYN-REP-18641,SYN-U-18554,SYN-LN-6141,10000.0,2500.0,2026-07-15,2026-07-15,0,2500.0,0
SYN-REP-18642,SYN-U-17547,SYN-LN-6142,25000.0,6250.0,2026-05-17,2026-05-17,0,6250.0,0
SYN-REP-18643,SYN-U-17055,SYN-LN-6143,40000.0,10000.0,2025-08-09,2025-08-09,0,10000.0,0
SYN-REP-18644,SYN-U-10277,SYN-LN-6144,15000.0,3750.0,2025-08-11,2025-08-11,0,3750.0,0
SYN-REP-18645,SYN-U-18703,SYN-LN-6145,10000.0,2500.0,2025-08-13,2025-08-13,0,2500.0,0
SYN-REP-18646,SYN-U-17983,SYN-LN-6146,40000.0,10000.0,2026-03-11,2026-03-11,0,10000.0,0
SYN-REP-18647,SYN-U-17164,SYN-LN-6147,15000.0,3750.0,2025-09-23,2025-09-23,0,3750.0,0
SYN-REP-18648,SYN-U-11936,SYN-LN-6148,25000.0,6250.0,2025-07-01,2025-07-01,0,6250.0,0
SYN-REP-18649,SYN-U-13266,SYN-LN-6149,15000.0,3750.0,2025-12-07,2025-12-07,0,3750.0,0
SYN-REP-18650,SYN-U-11484,SYN-LN-6150,40000.0,10000.0,2025-11-08,2025-11-08,0,10000.0,0
SYN-REP-18651,SYN-U-11843,SYN-LN-6151,5000.0,1250.0,2025-06-25,2025-06-25,0,1250.0,0
SYN-REP-18652,SYN-U-16136,SYN-LN-6152,40000.0,10000.0,2026-05-04,2026-05-07,3,10000.0,0
SYN-REP-18653,SYN-U-11116,SYN-LN-6153,40000.0,10000.0,2025-10-15,2025-10-15,0,10000.0,0
SYN-REP-18654,SYN-U-15146,SYN-LN-6154,5000.0,1250.0,2025-07-16,2025-07-16,0,1250.0,0
SYN-REP-18655,SYN-U-19337,SYN-LN-6155,15000.0,3750.0,2026-04-16,2026-04-16,0,3750.0,0
SYN-REP-18656,SYN-U-16291,SYN-LN-6156,40000.0,10000.0,2026-03-26,2026-03-26,0,10000.0,0
SYN-REP-18657,SYN-U-18488,SYN-LN-6157,25000.0,6250.0,2026-06-22,2026-06-22,0,6250.0,0
SYN-REP-18658,SYN-U-10798,SYN-LN-6158,15000.0,3750.0,2026-01-08,2026-01-11,3,3750.0,0
SYN-REP-18659,SYN-U-11153,SYN-LN-6159,10000.0,2500.0,2026-07-27,2026-07-29,2,2500.0,0
SYN-REP-18660,SYN-U-10612,SYN-LN-6160,25000.0,6250.0,2025-08-17,2025-08-17,0,6250.0,0
SYN-REP-18661,SYN-U-18850,SYN-LN-6161,5000.0,1250.0,2025-06-20,2025-06-20,0,1250.0,0
SYN-REP-18662,SYN-U-15869,SYN-LN-6162,40000.0,10000.0,2026-04-08,2026-04-08,0,10000.0,0
SYN-REP-18663,SYN-U-16396,SYN-LN-6163,10000.0,2500.0,2025-10-22,2025-10-22,0,2500.0,0
SYN-REP-18664,SYN-U-10944,SYN-LN-6164,15000.0,3750.0,2026-06-02,2026-06-06,4,3750.0,0
SYN-REP-18665,SYN-U-11233,SYN-LN-6165,40000.0,10000.0,2025-07-24,2025-07-24,0,10000.0,0
SYN-REP-18666,SYN-U-19280,SYN-LN-6166,25000.0,6250.0,2026-07-14,2026-07-14,0,6250.0,0
SYN-REP-18667,SYN-U-15206,SYN-LN-6167,10000.0,2500.0,2026-07-28,2026-07-28,0,2500.0,0
SYN-REP-18668,SYN-U-18921,SYN-LN-6168,25000.0,6250.0,2026-02-18,2026-02-18,0,6250.0,0
SYN-REP-18669,SYN-U-11904,SYN-LN-6169,10000.0,2500.0,2025-12-13,2025-12-13,0,2500.0,0
SYN-REP-18670,SYN-U-19203,SYN-LN-6170,40000.0,10000.0,2026-05-03,2026-05-03,0,10000.0,0
SYN-REP-18671,SYN-U-17654,SYN-LN-6171,10000.0,2500.0,2025-09-05,2025-09-05,0,2500.0,0
SYN-REP-18672,SYN-U-19797,SYN-LN-6172,25000.0,6250.0,2026-03-10,2026-03-10,0,6250.0,0
SYN-REP-18673,SYN-U-11772,SYN-LN-6173,25000.0,6250.0,2026-04-01,2026-04-01,0,6250.0,0
SYN-REP-18674,SYN-U-10176,SYN-LN-6174,25000.0,6250.0,2026-07-17,2026-07-17,0,6250.0,0
SYN-REP-18675,SYN-U-14123,SYN-LN-6175,5000.0,1250.0,2026-06-18,2026-06-18,0,1250.0,0
SYN-REP-18676,SYN-U-11690,SYN-LN-6176,25000.0,6250.0,2026-03-22,2026-03-22,0,6250.0,0
SYN-REP-18677,SYN-U-19531,SYN-LN-6177,10000.0,2500.0,2025-10-15,2025-10-15,0,2500.0,0
SYN-REP-18678,SYN-U-18670,SYN-LN-6178,5000.0,1250.0,2025-08-26,2025-08-26,0,1250.0,0
SYN-REP-18679,SYN-U-11993,SYN-LN-6179,5000.0,1250.0,2026-02-02,2026-02-02,0,1250.0,0
SYN-REP-18680,SYN-U-14083,SYN-LN-6180,40000.0,10000.0,2025-08-20,2025-08-20,0,10000.0,0
SYN-REP-18681,SYN-U-19835,SYN-LN-6181,15000.0,3750.0,2026-05-02,2026-05-03,1,3750.0,0
SYN-REP-18682,SYN-U-12770,SYN-LN-6182,5000.0,1250.0,2025-11-15,2025-11-15,0,1250.0,0
SYN-REP-18683,SYN-U-16799,SYN-LN-6183,10000.0,2500.0,2026-03-02,2026-03-03,1,2500.0,0
SYN-REP-18684,SYN-U-17719,SYN-LN-6184,15000.0,3750.0,2026-07-25,2026-07-29,4,3750.0,0
SYN-REP-18685,SYN-U-18637,SYN-LN-6185,10000.0,2500.0,2025-08-22,2025-08-22,0,2500.0,0
SYN-REP-18686,SYN-U-18302,SYN-LN-6186,10000.0,2500.0,2026-05-20,2026-05-20,0,2500.0,0
SYN-REP-18687,SYN-U-18138,SYN-LN-6187,40000.0,10000.0,2025-07-05,2025-07-05,0,10000.0,0
SYN-REP-18688,SYN-U-14265,SYN-LN-6188,40000.0,10000.0,2026-08-13,2026-08-13,0,10000.0,0
SYN-REP-18689,SYN-U-18445,SYN-LN-6189,5000.0,1250.0,2026-04-05,2026-04-05,0,1250.0,0
SYN-REP-18690,SYN-U-12927,SYN-LN-6190,10000.0,2500.0,2026-07-24,2026-07-24,0,2500.0,0
SYN-REP-18691,SYN-U-12983,SYN-LN-6191,40000.0,10000.0,2025-09-13,2025-09-13,0,10000.0,0
SYN-REP-18692,SYN-U-15317,SYN-LN-6192,10000.0,2500.0,2025-09-13,2025-09-13,0,2500.0,0
SYN-REP-18693,SYN-U-18489,SYN-LN-6193,5000.0,1250.0,2025-07-08,2025-07-08,0,1250.0,0
SYN-REP-18694,SYN-U-13964,SYN-LN-6194,10000.0,2500.0,2025-09-29,2025-09-29,0,2500.0,0
SYN-REP-18695,SYN-U-10168,SYN-LN-6195,5000.0,1250.0,2026-04-09,2026-04-09,0,1250.0,0
SYN-REP-18696,SYN-U-17533,SYN-LN-6196,40000.0,10000.0,2025-06-18,2025-06-18,0,10000.0,0
SYN-REP-18697,SYN-U-11792,SYN-LN-6197,25000.0,6250.0,2026-03-19,2026-03-19,0,6250.0,0
SYN-REP-18698,SYN-U-12614,SYN-LN-6198,5000.0,1250.0,2026-05-24,2026-05-24,0,1250.0,0
SYN-REP-18699,SYN-U-10697,SYN-LN-6199,15000.0,3750.0,2026-01-14,2026-01-14,0,3750.0,0
SYN-REP-18700,SYN-U-19137,SYN-LN-6200,10000.0,2500.0,2025-07-29,2025-07-29,0,2500.0,0
SYN-REP-18701,SYN-U-14149,SYN-LN-6201,10000.0,2500.0,2026-05-31,2026-05-31,0,2500.0,0
SYN-REP-18702,SYN-U-19179,SYN-LN-6202,25000.0,6250.0,2025-12-21,2025-12-21,0,6250.0,0
SYN-REP-18703,SYN-U-16227,SYN-LN-6203,25000.0,6250.0,2025-12-02,2025-12-02,0,6250.0,0
SYN-REP-18704,SYN-U-11969,SYN-LN-6204,40000.0,10000.0,2025-08-24,2025-08-24,0,10000.0,0
SYN-REP-18705,SYN-U-13832,SYN-LN-6205,40000.0,10000.0,2025-08-27,2025-08-27,0,10000.0,0
SYN-REP-18706,SYN-U-12869,SYN-LN-6206,10000.0,2500.0,2026-06-07,2026-06-07,0,2500.0,0
SYN-REP-18707,SYN-U-11871,SYN-LN-6207,15000.0,3750.0,2026-08-10,2026-08-10,0,3750.0,0
SYN-REP-18708,SYN-U-18562,SYN-LN-6208,40000.0,10000.0,2026-02-27,2026-03-01,2,10000.0,0
SYN-REP-18709,SYN-U-16548,SYN-LN-6209,10000.0,2500.0,2026-04-01,2026-04-01,0,2500.0,0
SYN-REP-18710,SYN-U-19263,SYN-LN-6210,10000.0,2500.0,2026-08-15,2026-08-15,0,2500.0,0
SYN-REP-18711,SYN-U-18370,SYN-LN-6211,40000.0,10000.0,2026-04-08,2026-04-08,0,10000.0,0
SYN-REP-18712,SYN-U-10284,SYN-LN-6212,15000.0,3750.0,2025-07-14,2025-07-14,0,3750.0,0
SYN-REP-18713,SYN-U-14123,SYN-LN-6213,10000.0,2500.0,2026-05-20,2026-05-20,0,2500.0,0
SYN-REP-18714,SYN-U-12157,SYN-LN-6214,10000.0,2500.0,2026-03-24,2026-03-24,0,2500.0,0
SYN-REP-18715,SYN-U-11117,SYN-LN-6215,25000.0,6250.0,2026-01-17,2026-01-17,0,6250.0,0
SYN-REP-18716,SYN-U-13923,SYN-LN-6216,5000.0,1250.0,2026-02-20,2026-02-20,0,1250.0,0
SYN-REP-18717,SYN-U-10023,SYN-LN-6217,40000.0,10000.0,2026-06-10,2026-06-10,0,10000.0,0
SYN-REP-18718,SYN-U-13566,SYN-LN-6218,10000.0,2500.0,2025-07-16,,79,584.8,1
SYN-REP-18719,SYN-U-13527,SYN-LN-6219,5000.0,1250.0,2026-08-12,2026-08-12,0,1250.0,0
SYN-REP-18720,SYN-U-11160,SYN-LN-6220,25000.0,6250.0,2026-03-02,2026-03-04,2,6250.0,0
SYN-REP-18721,SYN-U-18436,SYN-LN-6221,40000.0,10000.0,2026-07-12,2026-07-12,0,10000.0,0
SYN-REP-18722,SYN-U-19164,SYN-LN-6222,25000.0,6250.0,2026-07-28,2026-07-28,0,6250.0,0
SYN-REP-18723,SYN-U-15177,SYN-LN-6223,40000.0,10000.0,2025-09-08,2025-09-08,0,10000.0,0
SYN-REP-18724,SYN-U-14129,SYN-LN-6224,25000.0,6250.0,2025-08-22,2025-08-22,0,6250.0,0
SYN-REP-18725,SYN-U-15052,SYN-LN-6225,15000.0,3750.0,2025-12-12,2025-12-12,0,3750.0,0
SYN-REP-18726,SYN-U-12794,SYN-LN-6226,15000.0,3750.0,2026-06-14,2026-06-14,0,3750.0,0
SYN-REP-18727,SYN-U-17866,SYN-LN-6227,15000.0,3750.0,2025-08-17,2025-08-17,0,3750.0,0
SYN-REP-18728,SYN-U-15906,SYN-LN-6228,5000.0,1250.0,2026-03-06,2026-03-06,0,1250.0,0
SYN-REP-18729,SYN-U-12232,SYN-LN-6229,25000.0,6250.0,2025-11-26,2025-11-26,0,6250.0,0
SYN-REP-18730,SYN-U-11475,SYN-LN-6230,10000.0,2500.0,2026-05-28,2026-06-01,4,2500.0,0
SYN-REP-18731,SYN-U-16285,SYN-LN-6231,40000.0,10000.0,2026-05-28,2026-05-28,0,10000.0,0
SYN-REP-18732,SYN-U-19758,SYN-LN-6232,5000.0,1250.0,2026-03-28,2026-03-28,0,1250.0,0
SYN-REP-18733,SYN-U-11988,SYN-LN-6233,40000.0,10000.0,2025-12-20,2025-12-20,0,10000.0,0
SYN-REP-18734,SYN-U-11293,SYN-LN-6234,10000.0,2500.0,2026-04-23,2026-04-23,0,2500.0,0
SYN-REP-18735,SYN-U-15668,SYN-LN-6235,5000.0,1250.0,2025-08-02,2025-08-04,2,1250.0,0
SYN-REP-18736,SYN-U-19042,SYN-LN-6236,40000.0,10000.0,2025-10-03,2025-10-03,0,10000.0,0
SYN-REP-18737,SYN-U-14516,SYN-LN-6237,40000.0,10000.0,2025-12-31,2025-12-31,0,10000.0,0
SYN-REP-18738,SYN-U-13960,SYN-LN-6238,25000.0,6250.0,2025-07-27,2025-07-27,0,6250.0,0
SYN-REP-18739,SYN-U-12795,SYN-LN-6239,10000.0,2500.0,2025-06-03,2025-06-06,3,2500.0,0
SYN-REP-18740,SYN-U-12158,SYN-LN-6240,15000.0,3750.0,2026-03-08,2026-03-10,2,3750.0,0
SYN-REP-18741,SYN-U-19563,SYN-LN-6241,25000.0,6250.0,2026-01-28,2026-01-28,0,6250.0,0
SYN-REP-18742,SYN-U-15824,SYN-LN-6242,10000.0,2500.0,2025-12-04,2025-12-04,0,2500.0,0
SYN-REP-18743,SYN-U-19575,SYN-LN-6243,10000.0,2500.0,2025-12-26,2025-12-26,0,2500.0,0
SYN-REP-18744,SYN-U-14060,SYN-LN-6244,25000.0,6250.0,2026-02-25,2026-02-25,0,6250.0,0
SYN-REP-18745,SYN-U-11644,SYN-LN-6245,10000.0,2500.0,2025-07-17,2025-07-17,0,2500.0,0
SYN-REP-18746,SYN-U-15650,SYN-LN-6246,10000.0,2500.0,2026-04-20,2026-04-20,0,2500.0,0
SYN-REP-18747,SYN-U-17069,SYN-LN-6247,25000.0,6250.0,2026-02-10,2026-02-10,0,6250.0,0
SYN-REP-18748,SYN-U-11580,SYN-LN-6248,25000.0,6250.0,2025-09-13,2025-09-13,0,6250.0,0
SYN-REP-18749,SYN-U-15064,SYN-LN-6249,40000.0,10000.0,2026-07-28,2026-07-28,0,10000.0,0
SYN-REP-18750,SYN-U-10254,SYN-LN-6250,5000.0,1250.0,2026-06-03,2026-06-03,0,1250.0,0
SYN-REP-18751,SYN-U-19051,SYN-LN-6251,15000.0,3750.0,2026-02-24,2026-02-24,0,3750.0,0
SYN-REP-18752,SYN-U-12659,SYN-LN-6252,10000.0,2500.0,2025-09-13,2025-09-13,0,2500.0,0
SYN-REP-18753,SYN-U-10070,SYN-LN-6253,40000.0,10000.0,2025-10-31,2025-11-01,1,10000.0,0
SYN-REP-18754,SYN-U-16784,SYN-LN-6254,10000.0,2500.0,2026-06-11,2026-06-11,0,2500.0,0
SYN-REP-18755,SYN-U-19856,SYN-LN-6255,10000.0,2500.0,2026-02-18,2026-02-18,0,2500.0,0
SYN-REP-18756,SYN-U-18560,SYN-LN-6256,40000.0,10000.0,2025-12-06,2025-12-09,3,10000.0,0
SYN-REP-18757,SYN-U-18348,SYN-LN-6257,40000.0,10000.0,2026-08-12,2026-08-12,0,10000.0,0
SYN-REP-18758,SYN-U-16937,SYN-LN-6258,5000.0,1250.0,2025-08-09,2025-08-09,0,1250.0,0
SYN-REP-18759,SYN-U-11686,SYN-LN-6259,25000.0,6250.0,2025-11-27,2025-11-27,0,6250.0,0
SYN-REP-18760,SYN-U-16182,SYN-LN-6260,25000.0,6250.0,2025-12-23,,62,963.46,1
SYN-REP-18761,SYN-U-11008,SYN-LN-6261,5000.0,1250.0,2026-06-04,2026-06-04,0,1250.0,0
SYN-REP-18762,SYN-U-10917,SYN-LN-6262,40000.0,10000.0,2025-11-07,2025-11-07,0,10000.0,0
SYN-REP-18763,SYN-U-11554,SYN-LN-6263,25000.0,6250.0,2026-03-26,2026-03-29,3,6250.0,0
SYN-REP-18764,SYN-U-14602,SYN-LN-6264,15000.0,3750.0,2026-08-24,2026-08-24,0,3750.0,0
SYN-REP-18765,SYN-U-13693,SYN-LN-6265,15000.0,3750.0,2026-01-28,2026-01-28,0,3750.0,0
SYN-REP-18766,SYN-U-17844,SYN-LN-6266,40000.0,10000.0,2026-02-03,2026-02-03,0,10000.0,0
SYN-REP-18767,SYN-U-16353,SYN-LN-6267,15000.0,3750.0,2025-07-28,2025-07-28,0,3750.0,0
SYN-REP-18768,SYN-U-17812,SYN-LN-6268,15000.0,3750.0,2025-07-05,2025-07-05,0,3750.0,0
SYN-REP-18769,SYN-U-11322,SYN-LN-6269,5000.0,1250.0,2026-01-01,2026-01-01,0,1250.0,0
SYN-REP-18770,SYN-U-16206,SYN-LN-6270,25000.0,6250.0,2025-11-14,2025-11-14,0,6250.0,0
SYN-REP-18771,SYN-U-15961,SYN-LN-6271,15000.0,3750.0,2025-06-08,2025-06-08,0,3750.0,0
SYN-REP-18772,SYN-U-11819,SYN-LN-6272,5000.0,1250.0,2026-05-26,2026-05-26,0,1250.0,0
SYN-REP-18773,SYN-U-10924,SYN-LN-6273,10000.0,2500.0,2025-10-10,2025-10-10,0,2500.0,0
SYN-REP-18774,SYN-U-11689,SYN-LN-6274,15000.0,3750.0,2026-08-17,2026-08-17,0,3750.0,0
SYN-REP-18775,SYN-U-10401,SYN-LN-6275,15000.0,3750.0,2025-06-20,2025-06-20,0,3750.0,0
SYN-REP-18776,SYN-U-13376,SYN-LN-6276,15000.0,3750.0,2026-01-06,2026-01-06,0,3750.0,0
SYN-REP-18777,SYN-U-15978,SYN-LN-6277,10000.0,2500.0,2025-11-19,2025-11-19,0,2500.0,0
SYN-REP-18778,SYN-U-16540,SYN-LN-6278,5000.0,1250.0,2025-07-10,2025-07-10,0,1250.0,0
SYN-REP-18779,SYN-U-15891,SYN-LN-6279,25000.0,6250.0,2025-12-28,2025-12-28,0,6250.0,0
SYN-REP-18780,SYN-U-16219,SYN-LN-6280,25000.0,6250.0,2026-02-22,2026-02-22,0,6250.0,0
SYN-REP-18781,SYN-U-10418,SYN-LN-6281,5000.0,1250.0,2025-09-24,2025-09-28,4,1250.0,0
SYN-REP-18782,SYN-U-13289,SYN-LN-6282,15000.0,3750.0,2025-07-11,2025-07-11,0,3750.0,0
SYN-REP-18783,SYN-U-12895,SYN-LN-6283,5000.0,1250.0,2025-09-13,2025-09-13,0,1250.0,0
SYN-REP-18784,SYN-U-15108,SYN-LN-6284,15000.0,3750.0,2025-11-17,2025-11-17,0,3750.0,0
SYN-REP-18785,SYN-U-17299,SYN-LN-6285,25000.0,6250.0,2025-07-12,2025-07-12,0,6250.0,0
SYN-REP-18786,SYN-U-19270,SYN-LN-6286,25000.0,6250.0,2026-04-03,2026-04-03,0,6250.0,0
SYN-REP-18787,SYN-U-12458,SYN-LN-6287,10000.0,2500.0,2026-04-21,2026-04-25,4,2500.0,0
SYN-REP-18788,SYN-U-19970,SYN-LN-6288,10000.0,2500.0,2026-08-01,2026-08-01,0,2500.0,0
SYN-REP-18789,SYN-U-19223,SYN-LN-6289,25000.0,6250.0,2025-08-09,2025-08-09,0,6250.0,0
SYN-REP-18790,SYN-U-18531,SYN-LN-6290,25000.0,6250.0,2026-06-09,2026-06-09,0,6250.0,0
SYN-REP-18791,SYN-U-15854,SYN-LN-6291,10000.0,2500.0,2025-06-09,2025-06-09,0,2500.0,0
SYN-REP-18792,SYN-U-19939,SYN-LN-6292,25000.0,6250.0,2026-07-11,2026-07-11,0,6250.0,0
SYN-REP-18793,SYN-U-13898,SYN-LN-6293,40000.0,10000.0,2025-10-21,2025-10-21,0,10000.0,0
SYN-REP-18794,SYN-U-17476,SYN-LN-6294,10000.0,2500.0,2026-07-10,2026-07-10,0,2500.0,0
SYN-REP-18795,SYN-U-11255,SYN-LN-6295,5000.0,1250.0,2025-10-03,2025-10-03,0,1250.0,0
SYN-REP-18796,SYN-U-17555,SYN-LN-6296,5000.0,1250.0,2025-06-28,2025-06-28,0,1250.0,0
SYN-REP-18797,SYN-U-16703,SYN-LN-6297,25000.0,6250.0,2025-10-09,2025-10-09,0,6250.0,0
SYN-REP-18798,SYN-U-18874,SYN-LN-6298,40000.0,10000.0,2026-06-20,2026-06-20,0,10000.0,0
SYN-REP-18799,SYN-U-17916,SYN-LN-6299,5000.0,1250.0,2026-05-21,2026-05-21,0,1250.0,0
SYN-REP-18800,SYN-U-19221,SYN-LN-6300,40000.0,10000.0,2026-02-07,2026-02-07,0,10000.0,0
SYN-REP-18801,SYN-U-10401,SYN-LN-6301,40000.0,10000.0,2025-12-22,2025-12-22,0,10000.0,0
SYN-REP-18802,SYN-U-15915,SYN-LN-6302,15000.0,3750.0,2025-12-13,2025-12-13,0,3750.0,0
SYN-REP-18803,SYN-U-15932,SYN-LN-6303,10000.0,2500.0,2025-10-27,2025-10-27,0,2500.0,0
SYN-REP-18804,SYN-U-16267,SYN-LN-6304,40000.0,10000.0,2025-12-30,2026-01-03,4,10000.0,0
SYN-REP-18805,SYN-U-18784,SYN-LN-6305,25000.0,6250.0,2026-05-02,2026-05-02,0,6250.0,0
SYN-REP-18806,SYN-U-14137,SYN-LN-6306,15000.0,3750.0,2026-05-08,2026-05-08,0,3750.0,0
SYN-REP-18807,SYN-U-16858,SYN-LN-6307,25000.0,6250.0,2025-11-20,2025-11-20,0,6250.0,0
SYN-REP-18808,SYN-U-17966,SYN-LN-6308,40000.0,10000.0,2026-06-06,2026-06-06,0,10000.0,0
SYN-REP-18809,SYN-U-13175,SYN-LN-6309,40000.0,10000.0,2026-02-12,2026-02-12,0,10000.0,0
SYN-REP-18810,SYN-U-19946,SYN-LN-6310,5000.0,1250.0,2025-09-04,2025-09-04,0,1250.0,0
SYN-REP-18811,SYN-U-10465,SYN-LN-6311,10000.0,2500.0,2026-05-02,2026-05-02,0,2500.0,0
SYN-REP-18812,SYN-U-11203,SYN-LN-6312,15000.0,3750.0,2025-08-12,2025-08-16,4,3750.0,0
SYN-REP-18813,SYN-U-10045,SYN-LN-6313,5000.0,1250.0,2025-12-30,2025-12-30,0,1250.0,0
SYN-REP-18814,SYN-U-13407,SYN-LN-6314,40000.0,10000.0,2026-07-18,2026-07-18,0,10000.0,0
SYN-REP-18815,SYN-U-14162,SYN-LN-6315,10000.0,2500.0,2026-02-08,2026-02-08,0,2500.0,0
SYN-REP-18816,SYN-U-16348,SYN-LN-6316,40000.0,10000.0,2025-07-22,2025-07-22,0,10000.0,0
SYN-REP-18817,SYN-U-15509,SYN-LN-6317,25000.0,6250.0,2025-10-04,2025-10-04,0,6250.0,0
SYN-REP-18818,SYN-U-11583,SYN-LN-6318,10000.0,2500.0,2026-04-25,2026-04-27,2,2500.0,0
SYN-REP-18819,SYN-U-11621,SYN-LN-6319,5000.0,1250.0,2026-06-10,2026-06-10,0,1250.0,0
SYN-REP-18820,SYN-U-13379,SYN-LN-6320,5000.0,1250.0,2025-07-14,2025-09-05,53,1250.0,0
SYN-REP-18821,SYN-U-16862,SYN-LN-6321,40000.0,10000.0,2026-01-21,2026-01-21,0,10000.0,0
SYN-REP-18822,SYN-U-17668,SYN-LN-6322,25000.0,6250.0,2025-07-17,2025-08-19,33,6250.0,0
SYN-REP-18823,SYN-U-17732,SYN-LN-6323,15000.0,3750.0,2025-08-16,2025-08-16,0,3750.0,0
SYN-REP-18824,SYN-U-19678,SYN-LN-6324,5000.0,1250.0,2025-10-05,2025-10-05,0,1250.0,0
SYN-REP-18825,SYN-U-13379,SYN-LN-6325,10000.0,2500.0,2026-07-15,2026-07-15,0,2500.0,0
SYN-REP-18826,SYN-U-17148,SYN-LN-6326,25000.0,6250.0,2026-07-16,2026-07-16,0,6250.0,0
SYN-REP-18827,SYN-U-11100,SYN-LN-6327,25000.0,6250.0,2026-02-01,2026-02-01,0,6250.0,0
SYN-REP-18828,SYN-U-17620,SYN-LN-6328,10000.0,2500.0,2025-07-13,2025-07-13,0,2500.0,0
SYN-REP-18829,SYN-U-16621,SYN-LN-6329,40000.0,10000.0,2026-06-25,2026-06-25,0,10000.0,0
SYN-REP-18830,SYN-U-10448,SYN-LN-6330,40000.0,10000.0,2025-08-07,2025-08-07,0,10000.0,0
SYN-REP-18831,SYN-U-13377,SYN-LN-6331,15000.0,3750.0,2025-06-04,2025-06-04,0,3750.0,0
SYN-REP-18832,SYN-U-18621,SYN-LN-6332,15000.0,3750.0,2026-05-19,2026-05-19,0,3750.0,0
SYN-REP-18833,SYN-U-16874,SYN-LN-6333,5000.0,1250.0,2025-11-27,2025-11-27,0,1250.0,0
SYN-REP-18834,SYN-U-14775,SYN-LN-6334,15000.0,3750.0,2025-12-12,2025-12-12,0,3750.0,0
SYN-REP-18835,SYN-U-10474,SYN-LN-6335,25000.0,6250.0,2026-03-11,2026-03-11,0,6250.0,0
SYN-REP-18836,SYN-U-10310,SYN-LN-6336,15000.0,3750.0,2025-08-15,2025-08-15,0,3750.0,0
SYN-REP-18837,SYN-U-11980,SYN-LN-6337,5000.0,1250.0,2026-05-22,2026-05-22,0,1250.0,0
SYN-REP-18838,SYN-U-19298,SYN-LN-6338,40000.0,10000.0,2025-06-19,2025-06-22,3,10000.0,0
SYN-REP-18839,SYN-U-10503,SYN-LN-6339,15000.0,3750.0,2025-09-29,2025-09-29,0,3750.0,0
SYN-REP-18840,SYN-U-10548,SYN-LN-6340,5000.0,1250.0,2026-05-23,2026-05-23,0,1250.0,0
SYN-REP-18841,SYN-U-12871,SYN-LN-6341,5000.0,1250.0,2025-11-12,2025-11-12,0,1250.0,0
SYN-REP-18842,SYN-U-13237,SYN-LN-6342,10000.0,2500.0,2026-03-22,2026-03-22,0,2500.0,0
SYN-REP-18843,SYN-U-11243,SYN-LN-6343,10000.0,2500.0,2026-03-16,2026-03-16,0,2500.0,0
SYN-REP-18844,SYN-U-16495,SYN-LN-6344,15000.0,3750.0,2026-06-28,2026-06-28,0,3750.0,0
SYN-REP-18845,SYN-U-13604,SYN-LN-6345,40000.0,10000.0,2025-08-28,2025-08-28,0,10000.0,0
SYN-REP-18846,SYN-U-16645,SYN-LN-6346,25000.0,6250.0,2026-02-10,2026-02-10,0,6250.0,0
SYN-REP-18847,SYN-U-11094,SYN-LN-6347,25000.0,6250.0,2025-10-06,2025-10-06,0,6250.0,0
SYN-REP-18848,SYN-U-10199,SYN-LN-6348,25000.0,6250.0,2026-07-27,2026-07-27,0,6250.0,0
SYN-REP-18849,SYN-U-15920,SYN-LN-6349,5000.0,1250.0,2025-11-26,,72,273.89,1
SYN-REP-18850,SYN-U-18843,SYN-LN-6350,10000.0,2500.0,2025-07-17,2025-07-17,0,2500.0,0
SYN-REP-18851,SYN-U-16628,SYN-LN-6351,10000.0,2500.0,2025-07-21,2025-07-25,4,2500.0,0
SYN-REP-18852,SYN-U-13920,SYN-LN-6352,15000.0,3750.0,2026-05-30,2026-05-30,0,3750.0,0
SYN-REP-18853,SYN-U-19198,SYN-LN-6353,5000.0,1250.0,2026-05-29,2026-05-29,0,1250.0,0
SYN-REP-18854,SYN-U-17810,SYN-LN-6354,5000.0,1250.0,2026-02-16,2026-02-16,0,1250.0,0
SYN-REP-18855,SYN-U-19384,SYN-LN-6355,15000.0,3750.0,2026-05-30,2026-05-30,0,3750.0,0
SYN-REP-18856,SYN-U-19902,SYN-LN-6356,40000.0,10000.0,2025-11-18,2025-11-19,1,10000.0,0
SYN-REP-18857,SYN-U-12107,SYN-LN-6357,5000.0,1250.0,2026-06-08,2026-06-08,0,1250.0,0
SYN-REP-18858,SYN-U-10328,SYN-LN-6358,15000.0,3750.0,2026-01-03,2026-01-03,0,3750.0,0
SYN-REP-18859,SYN-U-15185,SYN-LN-6359,25000.0,6250.0,2025-11-13,2025-11-13,0,6250.0,0
SYN-REP-18860,SYN-U-14609,SYN-LN-6360,10000.0,2500.0,2026-05-19,2026-05-19,0,2500.0,0
SYN-REP-18861,SYN-U-18729,SYN-LN-6361,10000.0,2500.0,2026-03-03,2026-03-03,0,2500.0,0
SYN-REP-18862,SYN-U-12507,SYN-LN-6362,40000.0,10000.0,2026-04-28,2026-04-28,0,10000.0,0
SYN-REP-18863,SYN-U-18045,SYN-LN-6363,25000.0,6250.0,2025-11-27,2025-11-30,3,6250.0,0
SYN-REP-18864,SYN-U-11064,SYN-LN-6364,10000.0,2500.0,2025-07-25,2025-07-25,0,2500.0,0
SYN-REP-18865,SYN-U-13416,SYN-LN-6365,5000.0,1250.0,2025-07-08,2025-07-08,0,1250.0,0
SYN-REP-18866,SYN-U-11494,SYN-LN-6366,15000.0,3750.0,2026-06-10,2026-06-13,3,3750.0,0
SYN-REP-18867,SYN-U-13499,SYN-LN-6367,10000.0,2500.0,2025-11-09,2025-11-09,0,2500.0,0
SYN-REP-18868,SYN-U-16050,SYN-LN-6368,10000.0,2500.0,2026-07-14,2026-07-14,0,2500.0,0
SYN-REP-18869,SYN-U-15966,SYN-LN-6369,25000.0,6250.0,2026-01-14,2026-01-14,0,6250.0,0
SYN-REP-18870,SYN-U-18087,SYN-LN-6370,15000.0,3750.0,2026-05-01,2026-05-01,0,3750.0,0
SYN-REP-18871,SYN-U-16594,SYN-LN-6371,25000.0,6250.0,2026-07-07,2026-07-07,0,6250.0,0
SYN-REP-18872,SYN-U-15883,SYN-LN-6372,15000.0,3750.0,2026-03-23,2026-03-23,0,3750.0,0
SYN-REP-18873,SYN-U-13757,SYN-LN-6373,5000.0,1250.0,2025-07-30,2025-07-30,0,1250.0,0
SYN-REP-18874,SYN-U-16554,SYN-LN-6374,15000.0,3750.0,2026-06-26,2026-06-26,0,3750.0,0
SYN-REP-18875,SYN-U-13878,SYN-LN-6375,25000.0,6250.0,2025-09-13,2025-09-13,0,6250.0,0
SYN-REP-18876,SYN-U-12856,SYN-LN-6376,40000.0,10000.0,2025-09-17,2025-09-17,0,10000.0,0
SYN-REP-18877,SYN-U-15980,SYN-LN-6377,5000.0,1250.0,2026-01-05,2026-01-05,0,1250.0,0
SYN-REP-18878,SYN-U-17110,SYN-LN-6378,5000.0,1250.0,2025-11-13,2025-11-13,0,1250.0,0
SYN-REP-18879,SYN-U-15099,SYN-LN-6379,10000.0,2500.0,2026-05-29,2026-05-29,0,2500.0,0
SYN-REP-18880,SYN-U-13775,SYN-LN-6380,10000.0,2500.0,2025-07-22,2025-07-22,0,2500.0,0
SYN-REP-18881,SYN-U-18622,SYN-LN-6381,5000.0,1250.0,2025-08-07,2025-08-07,0,1250.0,0
SYN-REP-18882,SYN-U-15640,SYN-LN-6382,5000.0,1250.0,2026-03-24,2026-03-24,0,1250.0,0
SYN-REP-18883,SYN-U-17964,SYN-LN-6383,10000.0,2500.0,2026-06-09,2026-06-09,0,2500.0,0
SYN-REP-18884,SYN-U-13226,SYN-LN-6384,15000.0,3750.0,2026-07-03,2026-07-03,0,3750.0,0
SYN-REP-18885,SYN-U-13627,SYN-LN-6385,25000.0,6250.0,2025-12-26,2025-12-26,0,6250.0,0
SYN-REP-18886,SYN-U-17241,SYN-LN-6386,10000.0,2500.0,2026-04-06,2026-04-06,0,2500.0,0
SYN-REP-18887,SYN-U-16284,SYN-LN-6387,15000.0,3750.0,2026-03-26,2026-03-26,0,3750.0,0
SYN-REP-18888,SYN-U-11253,SYN-LN-6388,15000.0,3750.0,2025-06-27,2025-06-27,0,3750.0,0
SYN-REP-18889,SYN-U-10685,SYN-LN-6389,40000.0,10000.0,2026-03-01,2026-03-01,0,10000.0,0
SYN-REP-18890,SYN-U-15878,SYN-LN-6390,15000.0,3750.0,2025-11-12,2025-11-12,0,3750.0,0
SYN-REP-18891,SYN-U-11297,SYN-LN-6391,5000.0,1250.0,2026-08-11,2026-08-11,0,1250.0,0
SYN-REP-18892,SYN-U-16638,SYN-LN-6392,5000.0,1250.0,2025-08-30,2025-09-03,4,1250.0,0
SYN-REP-18893,SYN-U-12543,SYN-LN-6393,10000.0,2500.0,2026-03-17,2026-03-17,0,2500.0,0
SYN-REP-18894,SYN-U-19319,SYN-LN-6394,40000.0,10000.0,2025-08-31,2025-08-31,0,10000.0,0
SYN-REP-18895,SYN-U-10618,SYN-LN-6395,5000.0,1250.0,2026-05-14,2026-05-14,0,1250.0,0
SYN-REP-18896,SYN-U-10280,SYN-LN-6396,10000.0,2500.0,2025-12-30,2025-12-30,0,2500.0,0
SYN-REP-18897,SYN-U-13162,SYN-LN-6397,40000.0,10000.0,2025-10-17,2025-10-17,0,10000.0,0
SYN-REP-18898,SYN-U-18908,SYN-LN-6398,10000.0,2500.0,2025-12-31,2025-12-31,0,2500.0,0
SYN-REP-18899,SYN-U-14849,SYN-LN-6399,5000.0,1250.0,2025-07-18,2025-07-19,1,1250.0,0
SYN-REP-18900,SYN-U-15491,SYN-LN-6400,25000.0,6250.0,2025-11-01,2025-11-01,0,6250.0,0
SYN-REP-18901,SYN-U-15011,SYN-LN-6401,5000.0,1250.0,2026-01-22,2026-01-22,0,1250.0,0
SYN-REP-18902,SYN-U-18781,SYN-LN-6402,25000.0,6250.0,2026-03-17,2026-03-17,0,6250.0,0
SYN-REP-18903,SYN-U-19805,SYN-LN-6403,10000.0,2500.0,2025-08-25,2025-08-25,0,2500.0,0
SYN-REP-18904,SYN-U-18148,SYN-LN-6404,10000.0,2500.0,2025-10-11,2025-10-11,0,2500.0,0
SYN-REP-18905,SYN-U-15747,SYN-LN-6405,15000.0,3750.0,2026-06-10,2026-06-10,0,3750.0,0
SYN-REP-18906,SYN-U-10802,SYN-LN-6406,5000.0,1250.0,2025-08-12,2025-08-12,0,1250.0,0
SYN-REP-18907,SYN-U-12741,SYN-LN-6407,5000.0,1250.0,2025-11-28,2025-11-28,0,1250.0,0
SYN-REP-18908,SYN-U-15910,SYN-LN-6408,40000.0,10000.0,2025-10-11,2025-10-11,0,10000.0,0
SYN-REP-18909,SYN-U-14352,SYN-LN-6409,15000.0,3750.0,2025-07-31,2025-07-31,0,3750.0,0
SYN-REP-18910,SYN-U-12381,SYN-LN-6410,40000.0,10000.0,2025-09-15,2025-09-15,0,10000.0,0
SYN-REP-18911,SYN-U-19386,SYN-LN-6411,40000.0,10000.0,2025-07-26,2025-07-26,0,10000.0,0
SYN-REP-18912,SYN-U-14900,SYN-LN-6412,40000.0,10000.0,2026-08-21,2026-08-21,0,10000.0,0
SYN-REP-18913,SYN-U-14574,SYN-LN-6413,15000.0,3750.0,2026-08-12,2026-08-12,0,3750.0,0
SYN-REP-18914,SYN-U-15174,SYN-LN-6414,10000.0,2500.0,2026-05-23,2026-05-23,0,2500.0,0
SYN-REP-18915,SYN-U-14253,SYN-LN-6415,25000.0,6250.0,2025-06-04,2025-06-04,0,6250.0,0
SYN-REP-18916,SYN-U-19902,SYN-LN-6416,15000.0,3750.0,2025-12-30,2025-12-30,0,3750.0,0
SYN-REP-18917,SYN-U-14825,SYN-LN-6417,15000.0,3750.0,2026-05-10,2026-05-14,4,3750.0,0
SYN-REP-18918,SYN-U-10259,SYN-LN-6418,10000.0,2500.0,2026-06-18,2026-06-18,0,2500.0,0
SYN-REP-18919,SYN-U-19687,SYN-LN-6419,10000.0,2500.0,2026-04-28,2026-04-28,0,2500.0,0
SYN-REP-18920,SYN-U-16218,SYN-LN-6420,5000.0,1250.0,2026-03-03,2026-03-03,0,1250.0,0
SYN-REP-18921,SYN-U-11784,SYN-LN-6421,10000.0,2500.0,2025-07-11,2025-07-11,0,2500.0,0
SYN-REP-18922,SYN-U-18236,SYN-LN-6422,15000.0,3750.0,2026-07-25,2026-07-25,0,3750.0,0
SYN-REP-18923,SYN-U-10251,SYN-LN-6423,5000.0,1250.0,2026-06-15,2026-06-19,4,1250.0,0
SYN-REP-18924,SYN-U-14167,SYN-LN-6424,40000.0,10000.0,2025-07-13,2025-07-13,0,10000.0,0
SYN-REP-18925,SYN-U-11844,SYN-LN-6425,15000.0,3750.0,2026-03-07,2026-03-07,0,3750.0,0
SYN-REP-18926,SYN-U-17495,SYN-LN-6426,5000.0,1250.0,2026-07-14,2026-07-15,1,1250.0,0
SYN-REP-18927,SYN-U-13636,SYN-LN-6427,5000.0,1250.0,2026-05-18,2026-05-18,0,1250.0,0
SYN-REP-18928,SYN-U-10655,SYN-LN-6428,10000.0,2500.0,2026-08-18,,80,452.02,1
SYN-REP-18929,SYN-U-15139,SYN-LN-6429,10000.0,2500.0,2026-02-08,2026-02-12,4,2500.0,0
SYN-REP-18930,SYN-U-15425,SYN-LN-6430,5000.0,1250.0,2025-06-30,2025-06-30,0,1250.0,0
SYN-REP-18931,SYN-U-18288,SYN-LN-6431,25000.0,6250.0,2026-05-02,2026-05-02,0,6250.0,0
SYN-REP-18932,SYN-U-15011,SYN-LN-6432,10000.0,2500.0,2025-12-28,2025-12-28,0,2500.0,0
SYN-REP-18933,SYN-U-18894,SYN-LN-6433,40000.0,10000.0,2025-06-03,2025-06-03,0,10000.0,0
SYN-REP-18934,SYN-U-14734,SYN-LN-6434,5000.0,1250.0,2025-09-19,2025-09-19,0,1250.0,0
SYN-REP-18935,SYN-U-12353,SYN-LN-6435,10000.0,2500.0,2025-12-12,2025-12-12,0,2500.0,0
SYN-REP-18936,SYN-U-11570,SYN-LN-6436,40000.0,10000.0,2026-01-14,2026-01-14,0,10000.0,0
SYN-REP-18937,SYN-U-16553,SYN-LN-6437,40000.0,10000.0,2026-04-05,2026-04-05,0,10000.0,0
SYN-REP-18938,SYN-U-17077,SYN-LN-6438,25000.0,6250.0,2026-06-13,2026-06-13,0,6250.0,0
SYN-REP-18939,SYN-U-15417,SYN-LN-6439,40000.0,10000.0,2026-05-09,2026-05-09,0,10000.0,0
SYN-REP-18940,SYN-U-10280,SYN-LN-6440,40000.0,10000.0,2026-02-09,2026-02-09,0,10000.0,0
SYN-REP-18941,SYN-U-10627,SYN-LN-6441,5000.0,1250.0,2026-05-12,2026-05-12,0,1250.0,0
SYN-REP-18942,SYN-U-16734,SYN-LN-6442,40000.0,10000.0,2026-07-12,2026-07-12,0,10000.0,0
SYN-REP-18943,SYN-U-16587,SYN-LN-6443,15000.0,3750.0,2025-11-01,2025-11-01,0,3750.0,0
SYN-REP-18944,SYN-U-10700,SYN-LN-6444,40000.0,10000.0,2025-10-20,2025-10-20,0,10000.0,0
SYN-REP-18945,SYN-U-11824,SYN-LN-6445,25000.0,6250.0,2026-02-16,2026-02-16,0,6250.0,0
SYN-REP-18946,SYN-U-14142,SYN-LN-6446,15000.0,3750.0,2025-07-13,2025-07-13,0,3750.0,0
SYN-REP-18947,SYN-U-13509,SYN-LN-6447,10000.0,2500.0,2026-02-02,2026-03-08,34,2500.0,0
SYN-REP-18948,SYN-U-13498,SYN-LN-6448,25000.0,6250.0,2025-10-28,2025-10-28,0,6250.0,0
SYN-REP-18949,SYN-U-15253,SYN-LN-6449,25000.0,6250.0,2026-05-26,2026-05-26,0,6250.0,0
SYN-REP-18950,SYN-U-19795,SYN-LN-6450,40000.0,10000.0,2026-07-07,2026-07-07,0,10000.0,0
SYN-REP-18951,SYN-U-12523,SYN-LN-6451,40000.0,10000.0,2025-11-16,2025-11-16,0,10000.0,0
SYN-REP-18952,SYN-U-13422,SYN-LN-6452,40000.0,10000.0,2026-04-30,2026-05-03,3,10000.0,0
SYN-REP-18953,SYN-U-15440,SYN-LN-6453,10000.0,2500.0,2026-04-27,2026-04-28,1,2500.0,0
SYN-REP-18954,SYN-U-13895,SYN-LN-6454,40000.0,10000.0,2025-06-13,2025-06-17,4,10000.0,0
SYN-REP-18955,SYN-U-12709,SYN-LN-6455,5000.0,1250.0,2026-01-06,2026-01-06,0,1250.0,0
SYN-REP-18956,SYN-U-10213,SYN-LN-6456,10000.0,2500.0,2026-05-24,2026-05-24,0,2500.0,0
SYN-REP-18957,SYN-U-13770,SYN-LN-6457,15000.0,3750.0,2025-10-30,2025-10-30,0,3750.0,0
SYN-REP-18958,SYN-U-15913,SYN-LN-6458,5000.0,1250.0,2026-01-21,2026-01-21,0,1250.0,0
SYN-REP-18959,SYN-U-18020,SYN-LN-6459,15000.0,3750.0,2026-06-28,2026-06-28,0,3750.0,0
SYN-REP-18960,SYN-U-17079,SYN-LN-6460,5000.0,1250.0,2026-03-21,2026-03-21,0,1250.0,0
SYN-REP-18961,SYN-U-18998,SYN-LN-6461,15000.0,3750.0,2025-10-31,2025-10-31,0,3750.0,0
SYN-REP-18962,SYN-U-12196,SYN-LN-6462,5000.0,1250.0,2026-08-03,2026-08-06,3,1250.0,0
SYN-REP-18963,SYN-U-12693,SYN-LN-6463,25000.0,6250.0,2026-03-09,2026-03-09,0,6250.0,0
SYN-REP-18964,SYN-U-13261,SYN-LN-6464,15000.0,3750.0,2025-12-02,2025-12-02,0,3750.0,0
SYN-REP-18965,SYN-U-11908,SYN-LN-6465,15000.0,3750.0,2025-11-11,2025-11-11,0,3750.0,0
SYN-REP-18966,SYN-U-15136,SYN-LN-6466,5000.0,1250.0,2026-02-20,2026-02-24,4,1250.0,0
SYN-REP-18967,SYN-U-18027,SYN-LN-6467,15000.0,3750.0,2026-02-27,2026-02-27,0,3750.0,0
SYN-REP-18968,SYN-U-10591,SYN-LN-6468,25000.0,6250.0,2026-03-04,2026-03-04,0,6250.0,0
SYN-REP-18969,SYN-U-18545,SYN-LN-6469,15000.0,3750.0,2026-07-13,2026-07-13,0,3750.0,0
SYN-REP-18970,SYN-U-19054,SYN-LN-6470,40000.0,10000.0,2026-02-23,2026-02-23,0,10000.0,0
SYN-REP-18971,SYN-U-12805,SYN-LN-6471,25000.0,6250.0,2026-05-23,2026-05-25,2,6250.0,0
SYN-REP-18972,SYN-U-19983,SYN-LN-6472,40000.0,10000.0,2025-07-28,2025-07-28,0,10000.0,0
SYN-REP-18973,SYN-U-11985,SYN-LN-6473,5000.0,1250.0,2025-06-26,2025-06-26,0,1250.0,0
SYN-REP-18974,SYN-U-14367,SYN-LN-6474,5000.0,1250.0,2025-10-08,2025-10-08,0,1250.0,0
SYN-REP-18975,SYN-U-13609,SYN-LN-6475,15000.0,3750.0,2026-05-19,2026-05-19,0,3750.0,0
SYN-REP-18976,SYN-U-10695,SYN-LN-6476,15000.0,3750.0,2025-06-26,2025-06-26,0,3750.0,0
SYN-REP-18977,SYN-U-14605,SYN-LN-6477,40000.0,10000.0,2025-09-25,2025-09-26,1,10000.0,0
SYN-REP-18978,SYN-U-10739,SYN-LN-6478,5000.0,1250.0,2025-12-26,2025-12-26,0,1250.0,0
SYN-REP-18979,SYN-U-12185,SYN-LN-6479,5000.0,1250.0,2025-12-10,2025-12-10,0,1250.0,0
SYN-REP-18980,SYN-U-14576,SYN-LN-6480,5000.0,1250.0,2026-08-10,2026-08-10,0,1250.0,0
SYN-REP-18981,SYN-U-15220,SYN-LN-6481,5000.0,1250.0,2026-01-07,2026-01-07,0,1250.0,0
SYN-REP-18982,SYN-U-15040,SYN-LN-6482,40000.0,10000.0,2026-01-07,2026-01-07,0,10000.0,0
SYN-REP-18983,SYN-U-17724,SYN-LN-6483,25000.0,6250.0,2026-06-21,2026-06-21,0,6250.0,0
SYN-REP-18984,SYN-U-16482,SYN-LN-6484,15000.0,3750.0,2026-01-11,2026-01-11,0,3750.0,0
SYN-REP-18985,SYN-U-11396,SYN-LN-6485,25000.0,6250.0,2026-08-20,2026-08-20,0,6250.0,0
SYN-REP-18986,SYN-U-19215,SYN-LN-6486,25000.0,6250.0,2026-04-07,2026-04-07,0,6250.0,0
SYN-REP-18987,SYN-U-18904,SYN-LN-6487,10000.0,2500.0,2026-08-18,2026-08-18,0,2500.0,0
SYN-REP-18988,SYN-U-12825,SYN-LN-6488,40000.0,10000.0,2026-04-03,2026-04-07,4,10000.0,0
SYN-REP-18989,SYN-U-13949,SYN-LN-6489,5000.0,1250.0,2025-06-15,2025-06-15,0,1250.0,0
SYN-REP-18990,SYN-U-11651,SYN-LN-6490,25000.0,6250.0,2025-11-09,2025-11-09,0,6250.0,0
SYN-REP-18991,SYN-U-14321,SYN-LN-6491,10000.0,2500.0,2025-07-16,2025-07-16,0,2500.0,0
SYN-REP-18992,SYN-U-14500,SYN-LN-6492,5000.0,1250.0,2025-11-16,2025-11-16,0,1250.0,0
SYN-REP-18993,SYN-U-16349,SYN-LN-6493,10000.0,2500.0,2025-10-30,2025-10-30,0,2500.0,0
SYN-REP-18994,SYN-U-17301,SYN-LN-6494,25000.0,6250.0,2025-11-11,2025-11-12,1,6250.0,0
SYN-REP-18995,SYN-U-11666,SYN-LN-6495,5000.0,1250.0,2025-11-11,2025-11-11,0,1250.0,0
SYN-REP-18996,SYN-U-11400,SYN-LN-6496,15000.0,3750.0,2025-06-16,2025-06-17,1,3750.0,0
SYN-REP-18997,SYN-U-14568,SYN-LN-6497,40000.0,10000.0,2025-11-29,2025-11-29,0,10000.0,0
SYN-REP-18998,SYN-U-15177,SYN-LN-6498,5000.0,1250.0,2026-04-25,2026-04-25,0,1250.0,0
SYN-REP-18999,SYN-U-10743,SYN-LN-6499,25000.0,6250.0,2026-04-13,2026-04-13,0,6250.0,0
SYN-REP-19000,SYN-U-15209,SYN-LN-6500,25000.0,6250.0,2025-12-25,2025-12-25,0,6250.0,0
SYN-REP-19001,SYN-U-13668,SYN-LN-6501,40000.0,10000.0,2026-04-06,2026-04-06,0,10000.0,0
SYN-REP-19002,SYN-U-12018,SYN-LN-6502,15000.0,3750.0,2026-06-24,2026-06-24,0,3750.0,0
SYN-REP-19003,SYN-U-15149,SYN-LN-6503,15000.0,3750.0,2026-06-11,2026-06-11,0,3750.0,0
SYN-REP-19004,SYN-U-18769,SYN-LN-6504,10000.0,2500.0,2026-06-07,2026-06-09,2,2500.0,0
SYN-REP-19005,SYN-U-10636,SYN-LN-6505,10000.0,2500.0,2025-07-29,2025-07-29,0,2500.0,0
SYN-REP-19006,SYN-U-11888,SYN-LN-6506,15000.0,3750.0,2025-09-10,2025-09-10,0,3750.0,0
SYN-REP-19007,SYN-U-18207,SYN-LN-6507,25000.0,6250.0,2025-08-08,2025-08-08,0,6250.0,0
SYN-REP-19008,SYN-U-18763,SYN-LN-6508,40000.0,10000.0,2026-06-29,2026-06-29,0,10000.0,0
SYN-REP-19009,SYN-U-11119,SYN-LN-6509,15000.0,3750.0,2025-12-02,2025-12-02,0,3750.0,0
SYN-REP-19010,SYN-U-14886,SYN-LN-6510,10000.0,2500.0,2026-04-24,2026-04-24,0,2500.0,0
SYN-REP-19011,SYN-U-17207,SYN-LN-6511,25000.0,6250.0,2026-08-17,2026-08-17,0,6250.0,0
SYN-REP-19012,SYN-U-18064,SYN-LN-6512,15000.0,3750.0,2025-11-27,2025-11-27,0,3750.0,0
SYN-REP-19013,SYN-U-13995,SYN-LN-6513,15000.0,3750.0,2026-05-13,2026-05-13,0,3750.0,0
SYN-REP-19014,SYN-U-16379,SYN-LN-6514,40000.0,10000.0,2026-03-04,2026-03-04,0,10000.0,0
SYN-REP-19015,SYN-U-17938,SYN-LN-6515,15000.0,3750.0,2026-07-04,2026-07-05,1,3750.0,0
SYN-REP-19016,SYN-U-14953,SYN-LN-6516,15000.0,3750.0,2026-02-12,2026-02-12,0,3750.0,0
SYN-REP-19017,SYN-U-18813,SYN-LN-6517,25000.0,6250.0,2025-07-05,2025-07-05,0,6250.0,0
SYN-REP-19018,SYN-U-16813,SYN-LN-6518,25000.0,6250.0,2025-10-29,2025-10-29,0,6250.0,0
SYN-REP-19019,SYN-U-18637,SYN-LN-6519,10000.0,2500.0,2026-01-06,2026-01-06,0,2500.0,0
SYN-REP-19020,SYN-U-17166,SYN-LN-6520,40000.0,10000.0,2025-10-11,2025-10-11,0,10000.0,0
SYN-REP-19021,SYN-U-14360,SYN-LN-6521,10000.0,2500.0,2026-08-15,2026-08-15,0,2500.0,0
SYN-REP-19022,SYN-U-15688,SYN-LN-6522,40000.0,10000.0,2025-07-26,2025-07-26,0,10000.0,0
SYN-REP-19023,SYN-U-12403,SYN-LN-6523,40000.0,10000.0,2026-07-23,2026-07-23,0,10000.0,0
SYN-REP-19024,SYN-U-18903,SYN-LN-6524,15000.0,3750.0,2025-08-12,2025-08-12,0,3750.0,0
SYN-REP-19025,SYN-U-12732,SYN-LN-6525,10000.0,2500.0,2026-05-01,2026-05-01,0,2500.0,0
SYN-REP-19026,SYN-U-19656,SYN-LN-6526,10000.0,2500.0,2025-09-05,2025-09-05,0,2500.0,0
SYN-REP-19027,SYN-U-17959,SYN-LN-6527,40000.0,10000.0,2025-08-19,,83,1000.17,1
SYN-REP-19028,SYN-U-16886,SYN-LN-6528,10000.0,2500.0,2025-10-25,2025-10-25,0,2500.0,0
SYN-REP-19029,SYN-U-10587,SYN-LN-6529,5000.0,1250.0,2025-09-26,2025-09-26,0,1250.0,0
SYN-REP-19030,SYN-U-12350,SYN-LN-6530,25000.0,6250.0,2026-01-13,2026-01-13,0,6250.0,0
SYN-REP-19031,SYN-U-11405,SYN-LN-6531,40000.0,10000.0,2025-07-03,2025-07-03,0,10000.0,0
SYN-REP-19032,SYN-U-16658,SYN-LN-6532,25000.0,6250.0,2025-06-23,2025-06-23,0,6250.0,0
SYN-REP-19033,SYN-U-18701,SYN-LN-6533,15000.0,3750.0,2026-05-27,2026-05-28,1,3750.0,0
SYN-REP-19034,SYN-U-17419,SYN-LN-6534,25000.0,6250.0,2026-05-28,2026-05-28,0,6250.0,0
SYN-REP-19035,SYN-U-10403,SYN-LN-6535,25000.0,6250.0,2026-05-09,2026-05-09,0,6250.0,0
SYN-REP-19036,SYN-U-15329,SYN-LN-6536,40000.0,10000.0,2026-03-01,2026-03-05,4,10000.0,0
SYN-REP-19037,SYN-U-16897,SYN-LN-6537,40000.0,10000.0,2026-08-10,2026-08-10,0,10000.0,0
SYN-REP-19038,SYN-U-15923,SYN-LN-6538,15000.0,3750.0,2026-06-17,2026-06-17,0,3750.0,0
SYN-REP-19039,SYN-U-14120,SYN-LN-6539,5000.0,1250.0,2025-12-29,2025-12-29,0,1250.0,0
SYN-REP-19040,SYN-U-11360,SYN-LN-6540,40000.0,10000.0,2025-09-20,2025-09-20,0,10000.0,0
SYN-REP-19041,SYN-U-11509,SYN-LN-6541,5000.0,1250.0,2025-11-21,2025-11-21,0,1250.0,0
SYN-REP-19042,SYN-U-18710,SYN-LN-6542,15000.0,3750.0,2026-03-04,2026-03-04,0,3750.0,0
SYN-REP-19043,SYN-U-17794,SYN-LN-6543,10000.0,2500.0,2025-10-07,2025-10-07,0,2500.0,0
SYN-REP-19044,SYN-U-10856,SYN-LN-6544,10000.0,2500.0,2025-12-18,2025-12-18,0,2500.0,0
SYN-REP-19045,SYN-U-19077,SYN-LN-6545,40000.0,10000.0,2025-10-24,2025-10-24,0,10000.0,0
SYN-REP-19046,SYN-U-19064,SYN-LN-6546,40000.0,10000.0,2025-11-04,2025-11-04,0,10000.0,0
SYN-REP-19047,SYN-U-12985,SYN-LN-6547,25000.0,6250.0,2026-01-26,2026-01-26,0,6250.0,0
SYN-REP-19048,SYN-U-11501,SYN-LN-6548,40000.0,10000.0,2026-04-29,2026-04-29,0,10000.0,0
SYN-REP-19049,SYN-U-13694,SYN-LN-6549,25000.0,6250.0,2025-06-14,2025-06-14,0,6250.0,0
SYN-REP-19050,SYN-U-10515,SYN-LN-6550,10000.0,2500.0,2026-03-28,2026-03-28,0,2500.0,0
SYN-REP-19051,SYN-U-16847,SYN-LN-6551,5000.0,1250.0,2026-06-04,2026-07-30,56,1250.0,0
SYN-REP-19052,SYN-U-12988,SYN-LN-6552,15000.0,3750.0,2025-07-13,2025-07-13,0,3750.0,0
SYN-REP-19053,SYN-U-13898,SYN-LN-6553,25000.0,6250.0,2025-06-08,2025-06-12,4,6250.0,0
SYN-REP-19054,SYN-U-10546,SYN-LN-6554,40000.0,10000.0,2026-04-26,2026-04-26,0,10000.0,0
SYN-REP-19055,SYN-U-10666,SYN-LN-6555,25000.0,6250.0,2026-02-13,2026-02-13,0,6250.0,0
SYN-REP-19056,SYN-U-19566,SYN-LN-6556,5000.0,1250.0,2026-07-04,2026-07-04,0,1250.0,0
SYN-REP-19057,SYN-U-16047,SYN-LN-6557,10000.0,2500.0,2025-12-13,2025-12-13,0,2500.0,0
SYN-REP-19058,SYN-U-10418,SYN-LN-6558,5000.0,1250.0,2025-10-01,2025-10-01,0,1250.0,0
SYN-REP-19059,SYN-U-18924,SYN-LN-6559,25000.0,6250.0,2025-08-30,2025-08-30,0,6250.0,0
SYN-REP-19060,SYN-U-16271,SYN-LN-6560,10000.0,2500.0,2025-06-26,2025-06-26,0,2500.0,0
SYN-REP-19061,SYN-U-17827,SYN-LN-6561,5000.0,1250.0,2026-06-09,2026-06-09,0,1250.0,0
SYN-REP-19062,SYN-U-15021,SYN-LN-6562,5000.0,1250.0,2026-01-30,2026-01-30,0,1250.0,0
SYN-REP-19063,SYN-U-19416,SYN-LN-6563,5000.0,1250.0,2026-04-25,2026-04-25,0,1250.0,0
SYN-REP-19064,SYN-U-15889,SYN-LN-6564,25000.0,6250.0,2026-03-12,2026-03-12,0,6250.0,0
SYN-REP-19065,SYN-U-11698,SYN-LN-6565,15000.0,3750.0,2025-07-26,2025-07-26,0,3750.0,0
SYN-REP-19066,SYN-U-15272,SYN-LN-6566,15000.0,3750.0,2026-04-04,2026-04-22,18,3750.0,0
SYN-REP-19067,SYN-U-15627,SYN-LN-6567,10000.0,2500.0,2026-08-16,2026-08-18,2,2500.0,0
SYN-REP-19068,SYN-U-12992,SYN-LN-6568,40000.0,10000.0,2025-10-08,2025-10-08,0,10000.0,0
SYN-REP-19069,SYN-U-10946,SYN-LN-6569,10000.0,2500.0,2026-07-08,2026-07-08,0,2500.0,0
SYN-REP-19070,SYN-U-14050,SYN-LN-6570,10000.0,2500.0,2026-06-13,2026-06-13,0,2500.0,0
SYN-REP-19071,SYN-U-10474,SYN-LN-6571,5000.0,1250.0,2025-10-20,2025-10-20,0,1250.0,0
SYN-REP-19072,SYN-U-18616,SYN-LN-6572,10000.0,2500.0,2026-02-15,2026-02-15,0,2500.0,0
SYN-REP-19073,SYN-U-10223,SYN-LN-6573,5000.0,1250.0,2025-09-03,2025-09-03,0,1250.0,0
SYN-REP-19074,SYN-U-18534,SYN-LN-6574,15000.0,3750.0,2026-04-25,2026-04-25,0,3750.0,0
SYN-REP-19075,SYN-U-13183,SYN-LN-6575,40000.0,10000.0,2025-06-13,2025-06-13,0,10000.0,0
SYN-REP-19076,SYN-U-11396,SYN-LN-6576,15000.0,3750.0,2026-07-04,,74,1499.59,1
SYN-REP-19077,SYN-U-18840,SYN-LN-6577,40000.0,10000.0,2025-08-24,2025-08-24,0,10000.0,0
SYN-REP-19078,SYN-U-13628,SYN-LN-6578,40000.0,10000.0,2026-03-28,2026-03-28,0,10000.0,0
SYN-REP-19079,SYN-U-13387,SYN-LN-6579,10000.0,2500.0,2026-03-10,2026-03-13,3,2500.0,0
SYN-REP-19080,SYN-U-12332,SYN-LN-6580,10000.0,2500.0,2026-06-02,2026-06-02,0,2500.0,0
SYN-REP-19081,SYN-U-16416,SYN-LN-6581,5000.0,1250.0,2026-03-27,2026-03-27,0,1250.0,0
SYN-REP-19082,SYN-U-19739,SYN-LN-6582,25000.0,6250.0,2026-05-06,2026-05-06,0,6250.0,0
SYN-REP-19083,SYN-U-12538,SYN-LN-6583,10000.0,2500.0,2026-07-18,2026-07-18,0,2500.0,0
SYN-REP-19084,SYN-U-19726,SYN-LN-6584,40000.0,10000.0,2026-02-16,2026-02-16,0,10000.0,0
SYN-REP-19085,SYN-U-13785,SYN-LN-6585,5000.0,1250.0,2026-03-06,2026-03-06,0,1250.0,0
SYN-REP-19086,SYN-U-12917,SYN-LN-6586,10000.0,2500.0,2025-09-19,2025-09-19,0,2500.0,0
SYN-REP-19087,SYN-U-16256,SYN-LN-6587,40000.0,10000.0,2026-06-28,2026-06-28,0,10000.0,0
SYN-REP-19088,SYN-U-10881,SYN-LN-6588,25000.0,6250.0,2025-07-03,2025-07-03,0,6250.0,0
SYN-REP-19089,SYN-U-17057,SYN-LN-6589,5000.0,1250.0,2025-07-05,2025-07-05,0,1250.0,0
SYN-REP-19090,SYN-U-16730,SYN-LN-6590,25000.0,6250.0,2026-02-27,2026-02-27,0,6250.0,0
SYN-REP-19091,SYN-U-10107,SYN-LN-6591,5000.0,1250.0,2026-04-26,2026-04-26,0,1250.0,0
SYN-REP-19092,SYN-U-17035,SYN-LN-6592,40000.0,10000.0,2025-12-31,2025-12-31,0,10000.0,0
SYN-REP-19093,SYN-U-11782,SYN-LN-6593,5000.0,1250.0,2025-11-22,2025-11-22,0,1250.0,0
SYN-REP-19094,SYN-U-15133,SYN-LN-6594,10000.0,2500.0,2026-08-07,2026-08-07,0,2500.0,0
SYN-REP-19095,SYN-U-14274,SYN-LN-6595,40000.0,10000.0,2025-08-09,2025-08-12,3,10000.0,0
SYN-REP-19096,SYN-U-13578,SYN-LN-6596,40000.0,10000.0,2025-10-22,2025-10-22,0,10000.0,0
SYN-REP-19097,SYN-U-18970,SYN-LN-6597,40000.0,10000.0,2025-09-28,2025-09-28,0,10000.0,0
SYN-REP-19098,SYN-U-14358,SYN-LN-6598,10000.0,2500.0,2025-06-09,2025-07-20,41,2500.0,0
SYN-REP-19099,SYN-U-11214,SYN-LN-6599,15000.0,3750.0,2025-08-11,2025-08-11,0,3750.0,0
SYN-REP-19100,SYN-U-19781,SYN-LN-6600,5000.0,1250.0,2026-03-28,2026-03-28,0,1250.0,0
SYN-REP-19101,SYN-U-15937,SYN-LN-6601,15000.0,3750.0,2026-05-15,2026-05-15,0,3750.0,0
SYN-REP-19102,SYN-U-17887,SYN-LN-6602,25000.0,6250.0,2026-04-27,2026-05-01,4,6250.0,0
SYN-REP-19103,SYN-U-17611,SYN-LN-6603,5000.0,1250.0,2025-06-12,2025-06-12,0,1250.0,0
SYN-REP-19104,SYN-U-12747,SYN-LN-6604,10000.0,2500.0,2026-03-29,2026-04-02,4,2500.0,0
SYN-REP-19105,SYN-U-10442,SYN-LN-6605,10000.0,2500.0,2025-09-10,2025-09-10,0,2500.0,0
SYN-REP-19106,SYN-U-10263,SYN-LN-6606,10000.0,2500.0,2025-07-05,2025-07-06,1,2500.0,0
SYN-REP-19107,SYN-U-13407,SYN-LN-6607,25000.0,6250.0,2026-08-06,2026-08-06,0,6250.0,0
SYN-REP-19108,SYN-U-13093,SYN-LN-6608,40000.0,10000.0,2025-06-17,2025-06-18,1,10000.0,0
SYN-REP-19109,SYN-U-10017,SYN-LN-6609,5000.0,1250.0,2025-11-16,2025-11-16,0,1250.0,0
SYN-REP-19110,SYN-U-17293,SYN-LN-6610,25000.0,6250.0,2025-07-12,2025-07-12,0,6250.0,0
SYN-REP-19111,SYN-U-19460,SYN-LN-6611,10000.0,2500.0,2026-06-27,2026-06-27,0,2500.0,0
SYN-REP-19112,SYN-U-11509,SYN-LN-6612,25000.0,6250.0,2026-03-11,2026-04-23,43,6250.0,0
SYN-REP-19113,SYN-U-13152,SYN-LN-6613,15000.0,3750.0,2026-04-13,2026-04-13,0,3750.0,0
SYN-REP-19114,SYN-U-10440,SYN-LN-6614,40000.0,10000.0,2026-03-08,2026-03-08,0,10000.0,0
SYN-REP-19115,SYN-U-18832,SYN-LN-6615,15000.0,3750.0,2025-06-09,2025-06-09,0,3750.0,0
SYN-REP-19116,SYN-U-13807,SYN-LN-6616,15000.0,3750.0,2025-09-17,2025-09-17,0,3750.0,0
SYN-REP-19117,SYN-U-11857,SYN-LN-6617,40000.0,10000.0,2026-07-03,2026-07-03,0,10000.0,0
SYN-REP-19118,SYN-U-19686,SYN-LN-6618,5000.0,1250.0,2025-09-10,2025-09-10,0,1250.0,0
SYN-REP-19119,SYN-U-13518,SYN-LN-6619,25000.0,6250.0,2025-08-20,2025-08-20,0,6250.0,0
SYN-REP-19120,SYN-U-10082,SYN-LN-6620,5000.0,1250.0,2026-04-02,2026-04-02,0,1250.0,0
SYN-REP-19121,SYN-U-18874,SYN-LN-6621,40000.0,10000.0,2026-08-06,2026-08-06,0,10000.0,0
SYN-REP-19122,SYN-U-11343,SYN-LN-6622,5000.0,1250.0,2026-04-06,2026-04-06,0,1250.0,0
SYN-REP-19123,SYN-U-17098,SYN-LN-6623,10000.0,2500.0,2026-07-26,2026-07-30,4,2500.0,0
SYN-REP-19124,SYN-U-15319,SYN-LN-6624,15000.0,3750.0,2025-06-19,2025-06-19,0,3750.0,0
SYN-REP-19125,SYN-U-16914,SYN-LN-6625,5000.0,1250.0,2026-02-11,2026-02-11,0,1250.0,0
SYN-REP-19126,SYN-U-14953,SYN-LN-6626,15000.0,3750.0,2026-01-09,2026-01-09,0,3750.0,0
SYN-REP-19127,SYN-U-18614,SYN-LN-6627,5000.0,1250.0,2025-08-26,2025-08-26,0,1250.0,0
SYN-REP-19128,SYN-U-11798,SYN-LN-6628,5000.0,1250.0,2025-11-25,2025-11-25,0,1250.0,0
SYN-REP-19129,SYN-U-12012,SYN-LN-6629,10000.0,2500.0,2025-10-28,2025-10-28,0,2500.0,0
SYN-REP-19130,SYN-U-14471,SYN-LN-6630,25000.0,6250.0,2025-10-29,2025-10-29,0,6250.0,0
SYN-REP-19131,SYN-U-17912,SYN-LN-6631,5000.0,1250.0,2026-03-16,2026-03-16,0,1250.0,0
SYN-REP-19132,SYN-U-15793,SYN-LN-6632,10000.0,2500.0,2026-08-17,2026-08-17,0,2500.0,0
SYN-REP-19133,SYN-U-13636,SYN-LN-6633,10000.0,2500.0,2025-09-23,2025-09-23,0,2500.0,0
SYN-REP-19134,SYN-U-12891,SYN-LN-6634,40000.0,10000.0,2025-10-17,2025-10-17,0,10000.0,0
SYN-REP-19135,SYN-U-17509,SYN-LN-6635,25000.0,6250.0,2026-06-07,2026-06-07,0,6250.0,0
SYN-REP-19136,SYN-U-18780,SYN-LN-6636,5000.0,1250.0,2026-08-17,2026-08-17,0,1250.0,0
SYN-REP-19137,SYN-U-16476,SYN-LN-6637,15000.0,3750.0,2025-06-27,2025-06-27,0,3750.0,0
SYN-REP-19138,SYN-U-12304,SYN-LN-6638,10000.0,2500.0,2025-10-17,2025-10-17,0,2500.0,0
SYN-REP-19139,SYN-U-18042,SYN-LN-6639,15000.0,3750.0,2025-09-01,2025-09-01,0,3750.0,0
SYN-REP-19140,SYN-U-13615,SYN-LN-6640,5000.0,1250.0,2026-03-17,2026-03-17,0,1250.0,0
SYN-REP-19141,SYN-U-16796,SYN-LN-6641,25000.0,6250.0,2026-08-12,2026-08-12,0,6250.0,0
SYN-REP-19142,SYN-U-12669,SYN-LN-6642,10000.0,2500.0,2026-08-03,2026-08-03,0,2500.0,0
SYN-REP-19143,SYN-U-17500,SYN-LN-6643,5000.0,1250.0,2025-10-24,2025-10-24,0,1250.0,0
SYN-REP-19144,SYN-U-16140,SYN-LN-6644,40000.0,10000.0,2025-10-23,2025-10-23,0,10000.0,0
SYN-REP-19145,SYN-U-19018,SYN-LN-6645,15000.0,3750.0,2026-08-06,2026-08-10,4,3750.0,0
SYN-REP-19146,SYN-U-14417,SYN-LN-6646,25000.0,6250.0,2026-02-10,2026-02-10,0,6250.0,0
SYN-REP-19147,SYN-U-15047,SYN-LN-6647,15000.0,3750.0,2025-09-30,2025-10-03,3,3750.0,0
SYN-REP-19148,SYN-U-14541,SYN-LN-6648,40000.0,10000.0,2025-08-07,2025-08-07,0,10000.0,0
SYN-REP-19149,SYN-U-11142,SYN-LN-6649,40000.0,10000.0,2026-03-18,2026-03-18,0,10000.0,0
SYN-REP-19150,SYN-U-15558,SYN-LN-6650,15000.0,3750.0,2026-07-20,2026-07-20,0,3750.0,0
SYN-REP-19151,SYN-U-18935,SYN-LN-6651,40000.0,10000.0,2026-04-01,2026-05-20,49,10000.0,0
SYN-REP-19152,SYN-U-19657,SYN-LN-6652,10000.0,2500.0,2026-03-07,2026-03-07,0,2500.0,0
SYN-REP-19153,SYN-U-17056,SYN-LN-6653,25000.0,6250.0,2026-02-09,2026-02-09,0,6250.0,0
SYN-REP-19154,SYN-U-16941,SYN-LN-6654,10000.0,2500.0,2026-05-26,2026-05-26,0,2500.0,0
SYN-REP-19155,SYN-U-16709,SYN-LN-6655,10000.0,2500.0,2026-04-15,2026-04-15,0,2500.0,0
SYN-REP-19156,SYN-U-13707,SYN-LN-6656,10000.0,2500.0,2025-10-20,2025-10-20,0,2500.0,0
SYN-REP-19157,SYN-U-11128,SYN-LN-6657,25000.0,6250.0,2025-08-16,2025-08-16,0,6250.0,0
SYN-REP-19158,SYN-U-19339,SYN-LN-6658,25000.0,6250.0,2026-05-03,2026-06-21,49,6250.0,0
SYN-REP-19159,SYN-U-11284,SYN-LN-6659,40000.0,10000.0,2026-02-05,2026-02-09,4,10000.0,0
SYN-REP-19160,SYN-U-10146,SYN-LN-6660,10000.0,2500.0,2025-09-25,2025-09-25,0,2500.0,0
SYN-REP-19161,SYN-U-16203,SYN-LN-6661,15000.0,3750.0,2025-07-08,2025-07-08,0,3750.0,0
SYN-REP-19162,SYN-U-19111,SYN-LN-6662,25000.0,6250.0,2026-01-03,2026-01-03,0,6250.0,0
SYN-REP-19163,SYN-U-19387,SYN-LN-6663,40000.0,10000.0,2025-08-08,2025-08-08,0,10000.0,0
SYN-REP-19164,SYN-U-11221,SYN-LN-6664,5000.0,1250.0,2025-08-01,2025-08-01,0,1250.0,0
SYN-REP-19165,SYN-U-19257,SYN-LN-6665,15000.0,3750.0,2026-06-16,2026-06-16,0,3750.0,0
SYN-REP-19166,SYN-U-19766,SYN-LN-6666,25000.0,6250.0,2026-06-23,2026-06-23,0,6250.0,0
SYN-REP-19167,SYN-U-18513,SYN-LN-6667,15000.0,3750.0,2025-07-30,2025-07-30,0,3750.0,0
SYN-REP-19168,SYN-U-18744,SYN-LN-6668,15000.0,3750.0,2025-12-11,2025-12-15,4,3750.0,0
SYN-REP-19169,SYN-U-13329,SYN-LN-6669,10000.0,2500.0,2025-08-10,2025-08-10,0,2500.0,0
SYN-REP-19170,SYN-U-11367,SYN-LN-6670,40000.0,10000.0,2026-04-01,2026-04-01,0,10000.0,0
SYN-REP-19171,SYN-U-17942,SYN-LN-6671,25000.0,6250.0,2026-07-29,2026-07-29,0,6250.0,0
SYN-REP-19172,SYN-U-16011,SYN-LN-6672,5000.0,1250.0,2026-04-19,2026-04-20,1,1250.0,0
SYN-REP-19173,SYN-U-11790,SYN-LN-6673,5000.0,1250.0,2026-04-30,2026-04-30,0,1250.0,0
SYN-REP-19174,SYN-U-19910,SYN-LN-6674,40000.0,10000.0,2026-04-28,2026-04-28,0,10000.0,0
SYN-REP-19175,SYN-U-10957,SYN-LN-6675,15000.0,3750.0,2026-06-08,2026-06-08,0,3750.0,0
SYN-REP-19176,SYN-U-18929,SYN-LN-6676,15000.0,3750.0,2026-06-25,2026-06-25,0,3750.0,0
SYN-REP-19177,SYN-U-15099,SYN-LN-6677,40000.0,10000.0,2026-05-20,2026-05-20,0,10000.0,0
SYN-REP-19178,SYN-U-19031,SYN-LN-6678,10000.0,2500.0,2025-12-18,2025-12-18,0,2500.0,0
SYN-REP-19179,SYN-U-11006,SYN-LN-6679,25000.0,6250.0,2026-07-31,2026-07-31,0,6250.0,0
SYN-REP-19180,SYN-U-11232,SYN-LN-6680,40000.0,10000.0,2026-01-14,2026-01-14,0,10000.0,0
SYN-REP-19181,SYN-U-13358,SYN-LN-6681,10000.0,2500.0,2026-07-22,2026-07-22,0,2500.0,0
SYN-REP-19182,SYN-U-17266,SYN-LN-6682,40000.0,10000.0,2026-02-27,2026-02-27,0,10000.0,0
SYN-REP-19183,SYN-U-11032,SYN-LN-6683,10000.0,2500.0,2026-07-20,2026-07-20,0,2500.0,0
SYN-REP-19184,SYN-U-12952,SYN-LN-6684,25000.0,6250.0,2025-08-20,2025-08-20,0,6250.0,0
SYN-REP-19185,SYN-U-13524,SYN-LN-6685,5000.0,1250.0,2026-06-26,2026-06-26,0,1250.0,0
SYN-REP-19186,SYN-U-12733,SYN-LN-6686,15000.0,3750.0,2025-10-09,2025-10-09,0,3750.0,0
SYN-REP-19187,SYN-U-14753,SYN-LN-6687,40000.0,10000.0,2025-12-12,2025-12-12,0,10000.0,0
SYN-REP-19188,SYN-U-15041,SYN-LN-6688,5000.0,1250.0,2025-06-23,2025-06-23,0,1250.0,0
SYN-REP-19189,SYN-U-13795,SYN-LN-6689,25000.0,6250.0,2026-07-22,2026-07-22,0,6250.0,0
SYN-REP-19190,SYN-U-12842,SYN-LN-6690,40000.0,10000.0,2025-08-27,2025-08-27,0,10000.0,0
SYN-REP-19191,SYN-U-12338,SYN-LN-6691,5000.0,1250.0,2026-05-31,2026-05-31,0,1250.0,0
SYN-REP-19192,SYN-U-16514,SYN-LN-6692,40000.0,10000.0,2025-10-11,2025-10-11,0,10000.0,0
SYN-REP-19193,SYN-U-18830,SYN-LN-6693,25000.0,6250.0,2025-06-21,2025-06-21,0,6250.0,0
SYN-REP-19194,SYN-U-10074,SYN-LN-6694,25000.0,6250.0,2025-07-11,2025-07-11,0,6250.0,0
SYN-REP-19195,SYN-U-15043,SYN-LN-6695,10000.0,2500.0,2025-08-19,2025-08-19,0,2500.0,0
SYN-REP-19196,SYN-U-17632,SYN-LN-6696,25000.0,6250.0,2026-07-10,2026-07-10,0,6250.0,0
SYN-REP-19197,SYN-U-18523,SYN-LN-6697,15000.0,3750.0,2026-01-12,2026-01-12,0,3750.0,0
SYN-REP-19198,SYN-U-10089,SYN-LN-6698,10000.0,2500.0,2026-01-27,2026-01-27,0,2500.0,0
SYN-REP-19199,SYN-U-12770,SYN-LN-6699,10000.0,2500.0,2025-11-17,2025-11-17,0,2500.0,0
SYN-REP-19200,SYN-U-17265,SYN-LN-6700,40000.0,10000.0,2026-02-08,2026-02-08,0,10000.0,0
SYN-REP-19201,SYN-U-11405,SYN-LN-6701,5000.0,1250.0,2025-09-30,2025-09-30,0,1250.0,0
SYN-REP-19202,SYN-U-14212,SYN-LN-6702,25000.0,6250.0,2026-05-02,2026-05-02,0,6250.0,0
SYN-REP-19203,SYN-U-18419,SYN-LN-6703,15000.0,3750.0,2026-01-09,2026-01-09,0,3750.0,0
SYN-REP-19204,SYN-U-18257,SYN-LN-6704,5000.0,1250.0,2026-04-13,2026-04-13,0,1250.0,0
SYN-REP-19205,SYN-U-10368,SYN-LN-6705,5000.0,1250.0,2025-10-11,2025-10-11,0,1250.0,0
SYN-REP-19206,SYN-U-11363,SYN-LN-6706,15000.0,3750.0,2026-07-07,2026-07-10,3,3750.0,0
SYN-REP-19207,SYN-U-11323,SYN-LN-6707,10000.0,2500.0,2025-10-25,2025-10-25,0,2500.0,0
SYN-REP-19208,SYN-U-17427,SYN-LN-6708,5000.0,1250.0,2026-08-01,2026-08-01,0,1250.0,0
SYN-REP-19209,SYN-U-11838,SYN-LN-6709,10000.0,2500.0,2025-08-01,2025-08-01,0,2500.0,0
SYN-REP-19210,SYN-U-19857,SYN-LN-6710,15000.0,3750.0,2025-07-02,2025-07-02,0,3750.0,0
SYN-REP-19211,SYN-U-11948,SYN-LN-6711,40000.0,10000.0,2025-12-23,2025-12-23,0,10000.0,0
SYN-REP-19212,SYN-U-12298,SYN-LN-6712,40000.0,10000.0,2026-08-23,2026-08-23,0,10000.0,0
SYN-REP-19213,SYN-U-14582,SYN-LN-6713,10000.0,2500.0,2026-07-08,2026-07-10,2,2500.0,0
SYN-REP-19214,SYN-U-11624,SYN-LN-6714,40000.0,10000.0,2026-07-16,2026-07-16,0,10000.0,0
SYN-REP-19215,SYN-U-16559,SYN-LN-6715,10000.0,2500.0,2026-03-27,2026-03-27,0,2500.0,0
SYN-REP-19216,SYN-U-18471,SYN-LN-6716,40000.0,10000.0,2025-07-28,2025-07-28,0,10000.0,0
SYN-REP-19217,SYN-U-11401,SYN-LN-6717,25000.0,6250.0,2025-12-20,2025-12-20,0,6250.0,0
SYN-REP-19218,SYN-U-16805,SYN-LN-6718,40000.0,10000.0,2026-02-16,2026-02-16,0,10000.0,0
SYN-REP-19219,SYN-U-13699,SYN-LN-6719,10000.0,2500.0,2025-08-28,2025-08-28,0,2500.0,0
SYN-REP-19220,SYN-U-16649,SYN-LN-6720,25000.0,6250.0,2025-09-12,2025-09-12,0,6250.0,0
SYN-REP-19221,SYN-U-12982,SYN-LN-6721,40000.0,10000.0,2026-07-09,2026-07-09,0,10000.0,0
SYN-REP-19222,SYN-U-14761,SYN-LN-6722,25000.0,6250.0,2026-06-04,2026-06-04,0,6250.0,0
SYN-REP-19223,SYN-U-17832,SYN-LN-6723,10000.0,2500.0,2025-08-25,2025-08-25,0,2500.0,0
SYN-REP-19224,SYN-U-15928,SYN-LN-6724,10000.0,2500.0,2025-07-03,2025-07-03,0,2500.0,0
SYN-REP-19225,SYN-U-17107,SYN-LN-6725,25000.0,6250.0,2026-06-13,2026-06-14,1,6250.0,0
SYN-REP-19226,SYN-U-13551,SYN-LN-6726,40000.0,10000.0,2025-09-18,2025-09-18,0,10000.0,0
SYN-REP-19227,SYN-U-16492,SYN-LN-6727,5000.0,1250.0,2026-04-25,2026-04-25,0,1250.0,0
SYN-REP-19228,SYN-U-18016,SYN-LN-6728,40000.0,10000.0,2026-06-10,2026-06-10,0,10000.0,0
SYN-REP-19229,SYN-U-11243,SYN-LN-6729,10000.0,2500.0,2025-12-02,2025-12-02,0,2500.0,0
SYN-REP-19230,SYN-U-17447,SYN-LN-6730,15000.0,3750.0,2025-07-31,2025-07-31,0,3750.0,0
SYN-REP-19231,SYN-U-18966,SYN-LN-6731,5000.0,1250.0,2026-06-30,2026-06-30,0,1250.0,0
SYN-REP-19232,SYN-U-13076,SYN-LN-6732,25000.0,6250.0,2026-06-29,2026-06-29,0,6250.0,0
SYN-REP-19233,SYN-U-17920,SYN-LN-6733,15000.0,3750.0,2026-04-08,2026-04-08,0,3750.0,0
SYN-REP-19234,SYN-U-19844,SYN-LN-6734,10000.0,2500.0,2026-07-04,2026-07-04,0,2500.0,0
SYN-REP-19235,SYN-U-16417,SYN-LN-6735,40000.0,10000.0,2025-09-14,2025-09-14,0,10000.0,0
SYN-REP-19236,SYN-U-10074,SYN-LN-6736,25000.0,6250.0,2026-01-21,2026-01-21,0,6250.0,0
SYN-REP-19237,SYN-U-15538,SYN-LN-6737,40000.0,10000.0,2025-06-13,2025-06-13,0,10000.0,0
SYN-REP-19238,SYN-U-15878,SYN-LN-6738,40000.0,10000.0,2025-09-29,2025-09-29,0,10000.0,0
SYN-REP-19239,SYN-U-14952,SYN-LN-6739,40000.0,10000.0,2026-05-05,2026-05-05,0,10000.0,0
SYN-REP-19240,SYN-U-14053,SYN-LN-6740,15000.0,3750.0,2025-07-24,2025-07-24,0,3750.0,0
SYN-REP-19241,SYN-U-11960,SYN-LN-6741,15000.0,3750.0,2025-06-05,2025-06-05,0,3750.0,0
SYN-REP-19242,SYN-U-19671,SYN-LN-6742,5000.0,1250.0,2025-08-14,2025-08-14,0,1250.0,0
SYN-REP-19243,SYN-U-11655,SYN-LN-6743,15000.0,3750.0,2026-06-12,2026-06-12,0,3750.0,0
SYN-REP-19244,SYN-U-17066,SYN-LN-6744,40000.0,10000.0,2026-07-02,2026-07-02,0,10000.0,0
SYN-REP-19245,SYN-U-16173,SYN-LN-6745,40000.0,10000.0,2026-01-17,2026-01-19,2,10000.0,0
SYN-REP-19246,SYN-U-10266,SYN-LN-6746,15000.0,3750.0,2026-07-10,2026-07-10,0,3750.0,0
SYN-REP-19247,SYN-U-11049,SYN-LN-6747,10000.0,2500.0,2026-07-22,2026-07-22,0,2500.0,0
SYN-REP-19248,SYN-U-12031,SYN-LN-6748,40000.0,10000.0,2025-08-05,2025-08-05,0,10000.0,0
SYN-REP-19249,SYN-U-12185,SYN-LN-6749,25000.0,6250.0,2026-03-18,2026-03-18,0,6250.0,0
SYN-REP-19250,SYN-U-12987,SYN-LN-6750,15000.0,3750.0,2026-06-13,2026-06-13,0,3750.0,0
SYN-REP-19251,SYN-U-16607,SYN-LN-6751,15000.0,3750.0,2026-07-01,2026-07-01,0,3750.0,0
SYN-REP-19252,SYN-U-16126,SYN-LN-6752,10000.0,2500.0,2025-11-28,2025-11-28,0,2500.0,0
SYN-REP-19253,SYN-U-14578,SYN-LN-6753,5000.0,1250.0,2026-07-17,2026-07-17,0,1250.0,0
SYN-REP-19254,SYN-U-10245,SYN-LN-6754,15000.0,3750.0,2025-11-18,2025-11-18,0,3750.0,0
SYN-REP-19255,SYN-U-13501,SYN-LN-6755,15000.0,3750.0,2026-02-10,2026-02-10,0,3750.0,0
SYN-REP-19256,SYN-U-14930,SYN-LN-6756,15000.0,3750.0,2026-04-12,2026-04-12,0,3750.0,0
SYN-REP-19257,SYN-U-19431,SYN-LN-6757,10000.0,2500.0,2025-07-17,2025-07-17,0,2500.0,0
SYN-REP-19258,SYN-U-16158,SYN-LN-6758,40000.0,10000.0,2026-07-14,2026-07-14,0,10000.0,0
SYN-REP-19259,SYN-U-12676,SYN-LN-6759,40000.0,10000.0,2025-12-01,2025-12-01,0,10000.0,0
SYN-REP-19260,SYN-U-19161,SYN-LN-6760,15000.0,3750.0,2025-07-03,2025-07-03,0,3750.0,0
SYN-REP-19261,SYN-U-17885,SYN-LN-6761,40000.0,10000.0,2026-06-02,2026-06-02,0,10000.0,0
SYN-REP-19262,SYN-U-14925,SYN-LN-6762,25000.0,6250.0,2026-05-09,,64,917.58,1
SYN-REP-19263,SYN-U-10877,SYN-LN-6763,15000.0,3750.0,2026-07-11,2026-07-11,0,3750.0,0
SYN-REP-19264,SYN-U-10699,SYN-LN-6764,5000.0,1250.0,2025-07-13,2025-07-13,0,1250.0,0
SYN-REP-19265,SYN-U-11867,SYN-LN-6765,25000.0,6250.0,2025-12-09,2025-12-09,0,6250.0,0
SYN-REP-19266,SYN-U-15120,SYN-LN-6766,40000.0,10000.0,2026-03-11,2026-03-11,0,10000.0,0
SYN-REP-19267,SYN-U-13175,SYN-LN-6767,10000.0,2500.0,2026-03-18,2026-03-18,0,2500.0,0
SYN-REP-19268,SYN-U-16446,SYN-LN-6768,10000.0,2500.0,2026-07-30,2026-07-30,0,2500.0,0
SYN-REP-19269,SYN-U-19982,SYN-LN-6769,5000.0,1250.0,2026-05-18,2026-05-18,0,1250.0,0
SYN-REP-19270,SYN-U-13757,SYN-LN-6770,40000.0,10000.0,2026-01-04,2026-01-04,0,10000.0,0
SYN-REP-19271,SYN-U-12442,SYN-LN-6771,10000.0,2500.0,2026-06-06,2026-06-06,0,2500.0,0
SYN-REP-19272,SYN-U-11882,SYN-LN-6772,40000.0,10000.0,2025-12-31,2025-12-31,0,10000.0,0
SYN-REP-19273,SYN-U-15634,SYN-LN-6773,25000.0,6250.0,2025-08-09,2025-08-09,0,6250.0,0
SYN-REP-19274,SYN-U-14224,SYN-LN-6774,15000.0,3750.0,2026-06-29,2026-06-29,0,3750.0,0
SYN-REP-19275,SYN-U-16994,SYN-LN-6775,10000.0,2500.0,2025-06-01,2025-06-04,3,2500.0,0
SYN-REP-19276,SYN-U-11219,SYN-LN-6776,15000.0,3750.0,2026-06-26,2026-06-26,0,3750.0,0
SYN-REP-19277,SYN-U-15924,SYN-LN-6777,25000.0,6250.0,2026-02-26,2026-02-26,0,6250.0,0
SYN-REP-19278,SYN-U-19293,SYN-LN-6778,5000.0,1250.0,2025-06-11,2025-06-14,3,1250.0,0
SYN-REP-19279,SYN-U-15116,SYN-LN-6779,10000.0,2500.0,2026-04-27,2026-04-29,2,2500.0,0
SYN-REP-19280,SYN-U-12964,SYN-LN-6780,5000.0,1250.0,2025-09-16,2025-09-16,0,1250.0,0
SYN-REP-19281,SYN-U-12936,SYN-LN-6781,15000.0,3750.0,2026-06-20,2026-06-20,0,3750.0,0
SYN-REP-19282,SYN-U-12002,SYN-LN-6782,15000.0,3750.0,2025-08-01,2025-08-01,0,3750.0,0
SYN-REP-19283,SYN-U-18271,SYN-LN-6783,40000.0,10000.0,2025-11-20,2025-11-20,0,10000.0,0
SYN-REP-19284,SYN-U-10556,SYN-LN-6784,10000.0,2500.0,2026-08-13,2026-08-13,0,2500.0,0
SYN-REP-19285,SYN-U-15999,SYN-LN-6785,5000.0,1250.0,2025-11-03,2025-11-03,0,1250.0,0
SYN-REP-19286,SYN-U-18495,SYN-LN-6786,5000.0,1250.0,2026-02-15,2026-02-15,0,1250.0,0
SYN-REP-19287,SYN-U-18242,SYN-LN-6787,40000.0,10000.0,2026-03-11,2026-03-11,0,10000.0,0
SYN-REP-19288,SYN-U-19492,SYN-LN-6788,15000.0,3750.0,2026-02-25,2026-02-25,0,3750.0,0
SYN-REP-19289,SYN-U-11618,SYN-LN-6789,10000.0,2500.0,2026-03-18,2026-03-18,0,2500.0,0
SYN-REP-19290,SYN-U-12857,SYN-LN-6790,10000.0,2500.0,2026-03-12,2026-03-12,0,2500.0,0
SYN-REP-19291,SYN-U-10762,SYN-LN-6791,10000.0,2500.0,2026-08-02,2026-08-02,0,2500.0,0
SYN-REP-19292,SYN-U-15675,SYN-LN-6792,15000.0,3750.0,2025-08-06,2025-08-06,0,3750.0,0
SYN-REP-19293,SYN-U-11953,SYN-LN-6793,25000.0,6250.0,2025-12-23,2025-12-23,0,6250.0,0
SYN-REP-19294,SYN-U-14842,SYN-LN-6794,40000.0,10000.0,2025-09-28,2025-09-28,0,10000.0,0
SYN-REP-19295,SYN-U-12276,SYN-LN-6795,40000.0,10000.0,2026-01-25,2026-01-29,4,10000.0,0
SYN-REP-19296,SYN-U-14101,SYN-LN-6796,25000.0,6250.0,2025-09-09,2025-09-09,0,6250.0,0
SYN-REP-19297,SYN-U-15595,SYN-LN-6797,25000.0,6250.0,2026-08-03,2026-08-03,0,6250.0,0
SYN-REP-19298,SYN-U-18236,SYN-LN-6798,15000.0,3750.0,2025-06-30,2025-06-30,0,3750.0,0
SYN-REP-19299,SYN-U-15496,SYN-LN-6799,25000.0,6250.0,2026-08-16,2026-08-16,0,6250.0,0
SYN-REP-19300,SYN-U-13886,SYN-LN-6800,15000.0,3750.0,2025-09-11,2025-09-14,3,3750.0,0
SYN-REP-19301,SYN-U-15755,SYN-LN-6801,10000.0,2500.0,2025-07-20,2025-07-20,0,2500.0,0
SYN-REP-19302,SYN-U-13294,SYN-LN-6802,15000.0,3750.0,2025-12-11,2025-12-11,0,3750.0,0
SYN-REP-19303,SYN-U-18903,SYN-LN-6803,10000.0,2500.0,2026-01-15,2026-01-15,0,2500.0,0
SYN-REP-19304,SYN-U-13581,SYN-LN-6804,15000.0,3750.0,2025-08-03,2025-08-06,3,3750.0,0
SYN-REP-19305,SYN-U-14605,SYN-LN-6805,15000.0,3750.0,2025-06-29,2025-06-29,0,3750.0,0
SYN-REP-19306,SYN-U-17960,SYN-LN-6806,5000.0,1250.0,2025-12-03,2025-12-03,0,1250.0,0
SYN-REP-19307,SYN-U-15641,SYN-LN-6807,40000.0,10000.0,2026-04-25,2026-04-26,1,10000.0,0
SYN-REP-19308,SYN-U-13405,SYN-LN-6808,10000.0,2500.0,2025-10-03,2025-10-03,0,2500.0,0
SYN-REP-19309,SYN-U-10199,SYN-LN-6809,25000.0,6250.0,2025-07-09,2025-07-09,0,6250.0,0
SYN-REP-19310,SYN-U-18326,SYN-LN-6810,15000.0,3750.0,2026-01-10,2026-01-10,0,3750.0,0
SYN-REP-19311,SYN-U-17996,SYN-LN-6811,10000.0,2500.0,2026-06-23,2026-06-23,0,2500.0,0
SYN-REP-19312,SYN-U-14110,SYN-LN-6812,10000.0,2500.0,2026-08-23,2026-08-23,0,2500.0,0
SYN-REP-19313,SYN-U-12726,SYN-LN-6813,25000.0,6250.0,2026-06-02,2026-06-02,0,6250.0,0
SYN-REP-19314,SYN-U-10892,SYN-LN-6814,5000.0,1250.0,2026-04-30,2026-04-30,0,1250.0,0
SYN-REP-19315,SYN-U-18462,SYN-LN-6815,15000.0,3750.0,2026-05-17,2026-05-17,0,3750.0,0
SYN-REP-19316,SYN-U-14298,SYN-LN-6816,10000.0,2500.0,2025-09-24,2025-09-24,0,2500.0,0
SYN-REP-19317,SYN-U-19600,SYN-LN-6817,25000.0,6250.0,2026-01-13,2026-01-13,0,6250.0,0
SYN-REP-19318,SYN-U-13873,SYN-LN-6818,40000.0,10000.0,2026-01-17,2026-01-17,0,10000.0,0
SYN-REP-19319,SYN-U-10825,SYN-LN-6819,25000.0,6250.0,2026-01-07,2026-01-07,0,6250.0,0
SYN-REP-19320,SYN-U-19310,SYN-LN-6820,10000.0,2500.0,2025-12-06,2025-12-06,0,2500.0,0
SYN-REP-19321,SYN-U-12062,SYN-LN-6821,15000.0,3750.0,2025-06-09,2025-06-09,0,3750.0,0
SYN-REP-19322,SYN-U-17209,SYN-LN-6822,15000.0,3750.0,2026-06-20,2026-06-20,0,3750.0,0
SYN-REP-19323,SYN-U-12230,SYN-LN-6823,15000.0,3750.0,2026-02-28,2026-02-28,0,3750.0,0
SYN-REP-19324,SYN-U-16441,SYN-LN-6824,5000.0,1250.0,2026-03-23,2026-03-23,0,1250.0,0
SYN-REP-19325,SYN-U-10058,SYN-LN-6825,15000.0,3750.0,2025-06-11,2025-06-11,0,3750.0,0
SYN-REP-19326,SYN-U-12368,SYN-LN-6826,25000.0,6250.0,2026-02-27,2026-02-27,0,6250.0,0
SYN-REP-19327,SYN-U-12295,SYN-LN-6827,15000.0,3750.0,2025-10-10,2025-10-10,0,3750.0,0
SYN-REP-19328,SYN-U-14258,SYN-LN-6828,25000.0,6250.0,2025-10-27,2025-10-27,0,6250.0,0
SYN-REP-19329,SYN-U-12578,SYN-LN-6829,10000.0,2500.0,2025-07-12,2025-07-12,0,2500.0,0
SYN-REP-19330,SYN-U-12771,SYN-LN-6830,25000.0,6250.0,2025-11-04,2025-11-06,2,6250.0,0
SYN-REP-19331,SYN-U-10199,SYN-LN-6831,15000.0,3750.0,2026-05-11,2026-05-11,0,3750.0,0
SYN-REP-19332,SYN-U-18993,SYN-LN-6832,10000.0,2500.0,2025-11-06,2025-11-06,0,2500.0,0
SYN-REP-19333,SYN-U-15503,SYN-LN-6833,10000.0,2500.0,2025-10-28,2025-10-28,0,2500.0,0
SYN-REP-19334,SYN-U-12680,SYN-LN-6834,25000.0,6250.0,2026-05-25,2026-05-25,0,6250.0,0
SYN-REP-19335,SYN-U-10509,SYN-LN-6835,40000.0,10000.0,2025-12-29,2025-12-29,0,10000.0,0
SYN-REP-19336,SYN-U-14819,SYN-LN-6836,10000.0,2500.0,2026-08-23,2026-08-23,0,2500.0,0
SYN-REP-19337,SYN-U-15075,SYN-LN-6837,5000.0,1250.0,2026-04-09,2026-04-09,0,1250.0,0
SYN-REP-19338,SYN-U-15910,SYN-LN-6838,25000.0,6250.0,2026-04-20,,88,356.05,1
SYN-REP-19339,SYN-U-15126,SYN-LN-6839,5000.0,1250.0,2025-08-27,2025-08-31,4,1250.0,0
SYN-REP-19340,SYN-U-18561,SYN-LN-6840,5000.0,1250.0,2025-07-19,2025-07-20,1,1250.0,0
SYN-REP-19341,SYN-U-16962,SYN-LN-6841,25000.0,6250.0,2025-06-11,2025-06-11,0,6250.0,0
SYN-REP-19342,SYN-U-19336,SYN-LN-6842,10000.0,2500.0,2025-06-07,2025-06-07,0,2500.0,0
SYN-REP-19343,SYN-U-15180,SYN-LN-6843,10000.0,2500.0,2025-10-16,2025-10-20,4,2500.0,0
SYN-REP-19344,SYN-U-15638,SYN-LN-6844,25000.0,6250.0,2026-07-10,2026-07-10,0,6250.0,0
SYN-REP-19345,SYN-U-19227,SYN-LN-6845,10000.0,2500.0,2025-06-02,2025-06-02,0,2500.0,0
SYN-REP-19346,SYN-U-15567,SYN-LN-6846,40000.0,10000.0,2025-11-04,2025-11-04,0,10000.0,0
SYN-REP-19347,SYN-U-16883,SYN-LN-6847,40000.0,10000.0,2025-08-09,2025-08-09,0,10000.0,0
SYN-REP-19348,SYN-U-18630,SYN-LN-6848,5000.0,1250.0,2026-01-16,2026-01-16,0,1250.0,0
SYN-REP-19349,SYN-U-19109,SYN-LN-6849,15000.0,3750.0,2025-11-08,2025-11-08,0,3750.0,0
SYN-REP-19350,SYN-U-11770,SYN-LN-6850,5000.0,1250.0,2025-08-07,2025-08-10,3,1250.0,0
SYN-REP-19351,SYN-U-15727,SYN-LN-6851,15000.0,3750.0,2025-06-02,2025-06-04,2,3750.0,0
SYN-REP-19352,SYN-U-18087,SYN-LN-6852,10000.0,2500.0,2026-08-02,2026-08-03,1,2500.0,0
SYN-REP-19353,SYN-U-11490,SYN-LN-6853,25000.0,6250.0,2026-02-20,2026-02-21,1,6250.0,0
SYN-REP-19354,SYN-U-13296,SYN-LN-6854,10000.0,2500.0,2026-05-17,2026-05-17,0,2500.0,0
SYN-REP-19355,SYN-U-11751,SYN-LN-6855,10000.0,2500.0,2025-07-27,2025-07-27,0,2500.0,0
SYN-REP-19356,SYN-U-13386,SYN-LN-6856,10000.0,2500.0,2025-07-08,2025-07-08,0,2500.0,0
SYN-REP-19357,SYN-U-11733,SYN-LN-6857,25000.0,6250.0,2026-04-12,2026-04-12,0,6250.0,0
SYN-REP-19358,SYN-U-14629,SYN-LN-6858,5000.0,1250.0,2025-09-22,2025-09-22,0,1250.0,0
SYN-REP-19359,SYN-U-10788,SYN-LN-6859,40000.0,10000.0,2026-02-20,2026-02-20,0,10000.0,0
SYN-REP-19360,SYN-U-15822,SYN-LN-6860,40000.0,10000.0,2026-05-04,2026-05-04,0,10000.0,0
SYN-REP-19361,SYN-U-16300,SYN-LN-6861,25000.0,6250.0,2025-06-18,2025-06-18,0,6250.0,0
SYN-REP-19362,SYN-U-12507,SYN-LN-6862,5000.0,1250.0,2025-07-14,2025-07-14,0,1250.0,0
SYN-REP-19363,SYN-U-19435,SYN-LN-6863,5000.0,1250.0,2026-07-25,2026-07-25,0,1250.0,0
SYN-REP-19364,SYN-U-12123,SYN-LN-6864,40000.0,10000.0,2025-10-21,2025-10-21,0,10000.0,0
SYN-REP-19365,SYN-U-15024,SYN-LN-6865,15000.0,3750.0,2026-02-06,2026-02-06,0,3750.0,0
SYN-REP-19366,SYN-U-12154,SYN-LN-6866,10000.0,2500.0,2026-04-05,2026-04-05,0,2500.0,0
SYN-REP-19367,SYN-U-13691,SYN-LN-6867,5000.0,1250.0,2025-08-12,2025-08-12,0,1250.0,0
SYN-REP-19368,SYN-U-11664,SYN-LN-6868,40000.0,10000.0,2026-02-10,2026-02-10,0,10000.0,0
SYN-REP-19369,SYN-U-14826,SYN-LN-6869,5000.0,1250.0,2026-02-12,2026-02-12,0,1250.0,0
SYN-REP-19370,SYN-U-15551,SYN-LN-6870,25000.0,6250.0,2026-05-29,2026-05-29,0,6250.0,0
SYN-REP-19371,SYN-U-12997,SYN-LN-6871,15000.0,3750.0,2026-07-21,2026-07-21,0,3750.0,0
SYN-REP-19372,SYN-U-18678,SYN-LN-6872,25000.0,6250.0,2025-08-26,2025-08-26,0,6250.0,0
SYN-REP-19373,SYN-U-15866,SYN-LN-6873,5000.0,1250.0,2026-02-03,2026-02-03,0,1250.0,0
SYN-REP-19374,SYN-U-13295,SYN-LN-6874,25000.0,6250.0,2025-08-12,2025-08-12,0,6250.0,0
SYN-REP-19375,SYN-U-15423,SYN-LN-6875,40000.0,10000.0,2026-04-28,2026-06-08,41,10000.0,0
SYN-REP-19376,SYN-U-11579,SYN-LN-6876,25000.0,6250.0,2026-02-27,2026-02-27,0,6250.0,0
SYN-REP-19377,SYN-U-13431,SYN-LN-6877,5000.0,1250.0,2025-07-07,2025-07-07,0,1250.0,0
SYN-REP-19378,SYN-U-17124,SYN-LN-6878,5000.0,1250.0,2026-04-29,2026-04-29,0,1250.0,0
SYN-REP-19379,SYN-U-19611,SYN-LN-6879,40000.0,10000.0,2026-03-27,2026-03-27,0,10000.0,0
SYN-REP-19380,SYN-U-18992,SYN-LN-6880,10000.0,2500.0,2025-11-12,2025-11-15,3,2500.0,0
SYN-REP-19381,SYN-U-12275,SYN-LN-6881,25000.0,6250.0,2026-04-17,2026-04-17,0,6250.0,0
SYN-REP-19382,SYN-U-16143,SYN-LN-6882,5000.0,1250.0,2025-08-14,2025-08-14,0,1250.0,0
SYN-REP-19383,SYN-U-14105,SYN-LN-6883,15000.0,3750.0,2026-04-17,2026-04-17,0,3750.0,0
SYN-REP-19384,SYN-U-14088,SYN-LN-6884,25000.0,6250.0,2025-07-23,2025-07-27,4,6250.0,0
SYN-REP-19385,SYN-U-12466,SYN-LN-6885,40000.0,10000.0,2025-10-02,2025-10-02,0,10000.0,0
SYN-REP-19386,SYN-U-10870,SYN-LN-6886,10000.0,2500.0,2025-12-13,2025-12-13,0,2500.0,0
SYN-REP-19387,SYN-U-13579,SYN-LN-6887,5000.0,1250.0,2025-12-31,2025-12-31,0,1250.0,0
SYN-REP-19388,SYN-U-11053,SYN-LN-6888,10000.0,2500.0,2026-02-27,2026-02-27,0,2500.0,0
SYN-REP-19389,SYN-U-12756,SYN-LN-6889,15000.0,3750.0,2025-11-20,2025-11-20,0,3750.0,0
SYN-REP-19390,SYN-U-13388,SYN-LN-6890,25000.0,6250.0,2026-06-23,2026-06-23,0,6250.0,0
SYN-REP-19391,SYN-U-10628,SYN-LN-6891,5000.0,1250.0,2026-07-21,2026-07-21,0,1250.0,0
SYN-REP-19392,SYN-U-19427,SYN-LN-6892,5000.0,1250.0,2025-06-10,2025-06-10,0,1250.0,0
SYN-REP-19393,SYN-U-11803,SYN-LN-6893,25000.0,6250.0,2026-04-26,2026-04-26,0,6250.0,0
SYN-REP-19394,SYN-U-17673,SYN-LN-6894,40000.0,10000.0,2026-07-20,2026-07-20,0,10000.0,0
SYN-REP-19395,SYN-U-16515,SYN-LN-6895,10000.0,2500.0,2026-02-05,2026-02-05,0,2500.0,0
SYN-REP-19396,SYN-U-16036,SYN-LN-6896,10000.0,2500.0,2025-12-27,2025-12-27,0,2500.0,0
SYN-REP-19397,SYN-U-15655,SYN-LN-6897,25000.0,6250.0,2026-08-19,2026-08-19,0,6250.0,0
SYN-REP-19398,SYN-U-15649,SYN-LN-6898,25000.0,6250.0,2026-08-12,2026-08-12,0,6250.0,0
SYN-REP-19399,SYN-U-13896,SYN-LN-6899,5000.0,1250.0,2026-03-18,2026-03-22,4,1250.0,0
SYN-REP-19400,SYN-U-19738,SYN-LN-6900,40000.0,10000.0,2026-07-26,2026-07-26,0,10000.0,0
SYN-REP-19401,SYN-U-15136,SYN-LN-6901,5000.0,1250.0,2026-01-02,2026-01-02,0,1250.0,0
SYN-REP-19402,SYN-U-11051,SYN-LN-6902,5000.0,1250.0,2025-09-02,2025-09-02,0,1250.0,0
SYN-REP-19403,SYN-U-14914,SYN-LN-6903,15000.0,3750.0,2026-06-25,2026-06-25,0,3750.0,0
SYN-REP-19404,SYN-U-16614,SYN-LN-6904,10000.0,2500.0,2026-03-02,2026-03-02,0,2500.0,0
SYN-REP-19405,SYN-U-14517,SYN-LN-6905,15000.0,3750.0,2025-12-23,2025-12-24,1,3750.0,0
SYN-REP-19406,SYN-U-13310,SYN-LN-6906,15000.0,3750.0,2026-05-07,2026-05-08,1,3750.0,0
SYN-REP-19407,SYN-U-17540,SYN-LN-6907,10000.0,2500.0,2026-02-19,2026-02-19,0,2500.0,0
SYN-REP-19408,SYN-U-11743,SYN-LN-6908,25000.0,6250.0,2026-01-13,2026-01-13,0,6250.0,0
SYN-REP-19409,SYN-U-16014,SYN-LN-6909,15000.0,3750.0,2026-08-15,2026-08-15,0,3750.0,0
SYN-REP-19410,SYN-U-10193,SYN-LN-6910,40000.0,10000.0,2026-01-23,2026-01-23,0,10000.0,0
SYN-REP-19411,SYN-U-19429,SYN-LN-6911,5000.0,1250.0,2026-01-11,2026-01-15,4,1250.0,0
SYN-REP-19412,SYN-U-17734,SYN-LN-6912,5000.0,1250.0,2026-02-08,2026-02-08,0,1250.0,0
SYN-REP-19413,SYN-U-12042,SYN-LN-6913,25000.0,6250.0,2026-07-11,2026-07-11,0,6250.0,0
SYN-REP-19414,SYN-U-16417,SYN-LN-6914,25000.0,6250.0,2025-08-07,2025-08-07,0,6250.0,0
SYN-REP-19415,SYN-U-14366,SYN-LN-6915,25000.0,6250.0,2025-07-26,2025-07-26,0,6250.0,0
SYN-REP-19416,SYN-U-18639,SYN-LN-6916,10000.0,2500.0,2025-11-22,2025-11-22,0,2500.0,0
SYN-REP-19417,SYN-U-17797,SYN-LN-6917,5000.0,1250.0,2026-06-26,2026-06-26,0,1250.0,0
SYN-REP-19418,SYN-U-17115,SYN-LN-6918,40000.0,10000.0,2025-07-20,2025-07-20,0,10000.0,0
SYN-REP-19419,SYN-U-17036,SYN-LN-6919,5000.0,1250.0,2026-08-18,2026-08-18,0,1250.0,0
SYN-REP-19420,SYN-U-17960,SYN-LN-6920,40000.0,10000.0,2025-07-01,2025-07-01,0,10000.0,0
SYN-REP-19421,SYN-U-14486,SYN-LN-6921,5000.0,1250.0,2025-10-04,2025-10-04,0,1250.0,0
SYN-REP-19422,SYN-U-12656,SYN-LN-6922,5000.0,1250.0,2025-07-11,2025-07-11,0,1250.0,0
SYN-REP-19423,SYN-U-18806,SYN-LN-6923,15000.0,3750.0,2026-04-13,2026-04-13,0,3750.0,0
SYN-REP-19424,SYN-U-14159,SYN-LN-6924,25000.0,6250.0,2025-06-15,2025-07-25,40,6250.0,0
SYN-REP-19425,SYN-U-13355,SYN-LN-6925,5000.0,1250.0,2025-09-18,2025-09-18,0,1250.0,0
SYN-REP-19426,SYN-U-14075,SYN-LN-6926,10000.0,2500.0,2026-08-03,2026-08-03,0,2500.0,0
SYN-REP-19427,SYN-U-16909,SYN-LN-6927,10000.0,2500.0,2025-10-24,2025-10-24,0,2500.0,0
SYN-REP-19428,SYN-U-11985,SYN-LN-6928,25000.0,6250.0,2025-07-18,2025-07-18,0,6250.0,0
SYN-REP-19429,SYN-U-19532,SYN-LN-6929,10000.0,2500.0,2025-07-25,2025-07-25,0,2500.0,0
SYN-REP-19430,SYN-U-14429,SYN-LN-6930,25000.0,6250.0,2026-01-04,2026-01-04,0,6250.0,0
SYN-REP-19431,SYN-U-12952,SYN-LN-6931,5000.0,1250.0,2026-03-22,2026-03-22,0,1250.0,0
SYN-REP-19432,SYN-U-10888,SYN-LN-6932,10000.0,2500.0,2025-07-21,2025-07-21,0,2500.0,0
SYN-REP-19433,SYN-U-10474,SYN-LN-6933,5000.0,1250.0,2025-07-12,2025-07-12,0,1250.0,0
SYN-REP-19434,SYN-U-12900,SYN-LN-6934,10000.0,2500.0,2025-06-02,2025-06-02,0,2500.0,0
SYN-REP-19435,SYN-U-16298,SYN-LN-6935,10000.0,2500.0,2025-10-26,2025-10-26,0,2500.0,0
SYN-REP-19436,SYN-U-14151,SYN-LN-6936,40000.0,10000.0,2026-03-13,2026-03-13,0,10000.0,0
SYN-REP-19437,SYN-U-18241,SYN-LN-6937,25000.0,6250.0,2026-01-27,2026-01-27,0,6250.0,0
SYN-REP-19438,SYN-U-10995,SYN-LN-6938,15000.0,3750.0,2026-01-20,2026-01-20,0,3750.0,0
SYN-REP-19439,SYN-U-18416,SYN-LN-6939,40000.0,10000.0,2026-01-03,2026-01-03,0,10000.0,0
SYN-REP-19440,SYN-U-16744,SYN-LN-6940,10000.0,2500.0,2025-07-08,2025-07-08,0,2500.0,0
SYN-REP-19441,SYN-U-12307,SYN-LN-6941,5000.0,1250.0,2026-08-06,2026-08-06,0,1250.0,0
SYN-REP-19442,SYN-U-19001,SYN-LN-6942,25000.0,6250.0,2025-08-10,2025-08-10,0,6250.0,0
SYN-REP-19443,SYN-U-11017,SYN-LN-6943,25000.0,6250.0,2026-02-14,2026-02-14,0,6250.0,0
SYN-REP-19444,SYN-U-15132,SYN-LN-6944,10000.0,2500.0,2025-10-16,2025-10-16,0,2500.0,0
SYN-REP-19445,SYN-U-11145,SYN-LN-6945,15000.0,3750.0,2025-12-14,2025-12-14,0,3750.0,0
SYN-REP-19446,SYN-U-11231,SYN-LN-6946,25000.0,6250.0,2026-05-22,2026-05-22,0,6250.0,0
SYN-REP-19447,SYN-U-14621,SYN-LN-6947,15000.0,3750.0,2025-08-07,2025-08-10,3,3750.0,0
SYN-REP-19448,SYN-U-18772,SYN-LN-6948,10000.0,2500.0,2026-03-02,2026-03-02,0,2500.0,0
SYN-REP-19449,SYN-U-11482,SYN-LN-6949,40000.0,10000.0,2026-07-04,2026-07-04,0,10000.0,0
SYN-REP-19450,SYN-U-12377,SYN-LN-6950,25000.0,6250.0,2025-06-03,2025-06-03,0,6250.0,0
SYN-REP-19451,SYN-U-14136,SYN-LN-6951,10000.0,2500.0,2026-07-22,2026-07-22,0,2500.0,0
SYN-REP-19452,SYN-U-10001,SYN-LN-6952,25000.0,6250.0,2026-01-03,2026-01-07,4,6250.0,0
SYN-REP-19453,SYN-U-16407,SYN-LN-6953,25000.0,6250.0,2026-07-23,2026-07-25,2,6250.0,0
SYN-REP-19454,SYN-U-18784,SYN-LN-6954,25000.0,6250.0,2026-03-07,2026-03-11,4,6250.0,0
SYN-REP-19455,SYN-U-17361,SYN-LN-6955,5000.0,1250.0,2026-03-08,2026-03-11,3,1250.0,0
SYN-REP-19456,SYN-U-17582,SYN-LN-6956,10000.0,2500.0,2026-08-24,2026-08-24,0,2500.0,0
SYN-REP-19457,SYN-U-14513,SYN-LN-6957,15000.0,3750.0,2025-08-05,2025-08-05,0,3750.0,0
SYN-REP-19458,SYN-U-11860,SYN-LN-6958,25000.0,6250.0,2026-04-07,2026-04-07,0,6250.0,0
SYN-REP-19459,SYN-U-19323,SYN-LN-6959,10000.0,2500.0,2025-07-22,2025-07-22,0,2500.0,0
SYN-REP-19460,SYN-U-18487,SYN-LN-6960,10000.0,2500.0,2026-08-09,2026-08-09,0,2500.0,0
SYN-REP-19461,SYN-U-14904,SYN-LN-6961,40000.0,10000.0,2026-01-15,2026-01-15,0,10000.0,0
SYN-REP-19462,SYN-U-17592,SYN-LN-6962,5000.0,1250.0,2026-05-08,2026-05-08,0,1250.0,0
SYN-REP-19463,SYN-U-11132,SYN-LN-6963,40000.0,10000.0,2026-08-22,2026-08-22,0,10000.0,0
SYN-REP-19464,SYN-U-12516,SYN-LN-6964,40000.0,10000.0,2026-05-15,2026-05-15,0,10000.0,0
SYN-REP-19465,SYN-U-16860,SYN-LN-6965,10000.0,2500.0,2025-11-07,2025-11-07,0,2500.0,0
SYN-REP-19466,SYN-U-17631,SYN-LN-6966,10000.0,2500.0,2026-04-02,2026-04-02,0,2500.0,0
SYN-REP-19467,SYN-U-16572,SYN-LN-6967,25000.0,6250.0,2026-06-17,2026-06-17,0,6250.0,0
SYN-REP-19468,SYN-U-17538,SYN-LN-6968,15000.0,3750.0,2025-08-05,2025-08-05,0,3750.0,0
SYN-REP-19469,SYN-U-12859,SYN-LN-6969,5000.0,1250.0,2025-06-11,2025-06-11,0,1250.0,0
SYN-REP-19470,SYN-U-16821,SYN-LN-6970,25000.0,6250.0,2025-08-19,2025-08-19,0,6250.0,0
SYN-REP-19471,SYN-U-16115,SYN-LN-6971,10000.0,2500.0,2026-05-28,2026-05-28,0,2500.0,0
SYN-REP-19472,SYN-U-10736,SYN-LN-6972,10000.0,2500.0,2025-08-18,2025-08-18,0,2500.0,0
SYN-REP-19473,SYN-U-13701,SYN-LN-6973,40000.0,10000.0,2026-08-20,2026-08-20,0,10000.0,0
SYN-REP-19474,SYN-U-18857,SYN-LN-6974,5000.0,1250.0,2025-08-27,2025-08-27,0,1250.0,0
SYN-REP-19475,SYN-U-10648,SYN-LN-6975,10000.0,2500.0,2025-08-31,2025-09-01,1,2500.0,0
SYN-REP-19476,SYN-U-11256,SYN-LN-6976,15000.0,3750.0,2026-07-07,2026-07-07,0,3750.0,0
SYN-REP-19477,SYN-U-18648,SYN-LN-6977,15000.0,3750.0,2025-06-15,2025-06-15,0,3750.0,0
SYN-REP-19478,SYN-U-14558,SYN-LN-6978,10000.0,2500.0,2025-12-10,2025-12-13,3,2500.0,0
SYN-REP-19479,SYN-U-14301,SYN-LN-6979,5000.0,1250.0,2025-06-16,2025-06-16,0,1250.0,0
SYN-REP-19480,SYN-U-15476,SYN-LN-6980,40000.0,10000.0,2025-06-18,2025-06-18,0,10000.0,0
SYN-REP-19481,SYN-U-18346,SYN-LN-6981,40000.0,10000.0,2026-07-04,2026-07-04,0,10000.0,0
SYN-REP-19482,SYN-U-10926,SYN-LN-6982,10000.0,2500.0,2025-06-10,2025-06-10,0,2500.0,0
SYN-REP-19483,SYN-U-13492,SYN-LN-6983,25000.0,6250.0,2025-08-21,2025-08-21,0,6250.0,0
SYN-REP-19484,SYN-U-19908,SYN-LN-6984,15000.0,3750.0,2026-07-05,2026-07-05,0,3750.0,0
SYN-REP-19485,SYN-U-12885,SYN-LN-6985,15000.0,3750.0,2026-08-01,2026-08-01,0,3750.0,0
SYN-REP-19486,SYN-U-12378,SYN-LN-6986,15000.0,3750.0,2025-06-04,2025-06-04,0,3750.0,0
SYN-REP-19487,SYN-U-15299,SYN-LN-6987,15000.0,3750.0,2026-06-29,2026-06-29,0,3750.0,0
SYN-REP-19488,SYN-U-18184,SYN-LN-6988,40000.0,10000.0,2025-12-31,2025-12-31,0,10000.0,0
SYN-REP-19489,SYN-U-15938,SYN-LN-6989,40000.0,10000.0,2025-09-02,2025-09-02,0,10000.0,0
SYN-REP-19490,SYN-U-16940,SYN-LN-6990,10000.0,2500.0,2026-04-05,2026-04-05,0,2500.0,0
SYN-REP-19491,SYN-U-14327,SYN-LN-6991,15000.0,3750.0,2026-04-07,2026-04-07,0,3750.0,0
SYN-REP-19492,SYN-U-12225,SYN-LN-6992,10000.0,2500.0,2025-06-03,2025-06-03,0,2500.0,0
SYN-REP-19493,SYN-U-16277,SYN-LN-6993,10000.0,2500.0,2025-07-10,2025-07-10,0,2500.0,0
SYN-REP-19494,SYN-U-19296,SYN-LN-6994,40000.0,10000.0,2026-06-09,2026-06-09,0,10000.0,0
SYN-REP-19495,SYN-U-14375,SYN-LN-6995,15000.0,3750.0,2025-07-29,2025-07-30,1,3750.0,0
SYN-REP-19496,SYN-U-10903,SYN-LN-6996,40000.0,10000.0,2025-12-20,2025-12-20,0,10000.0,0
SYN-REP-19497,SYN-U-13955,SYN-LN-6997,40000.0,10000.0,2026-03-30,2026-03-30,0,10000.0,0
SYN-REP-19498,SYN-U-13862,SYN-LN-6998,40000.0,10000.0,2026-02-01,2026-02-01,0,10000.0,0
SYN-REP-19499,SYN-U-10287,SYN-LN-6999,5000.0,1250.0,2026-07-24,2026-07-27,3,1250.0,0
SYN-REP-19500,SYN-U-13357,SYN-LN-7000,40000.0,10000.0,2026-08-06,2026-08-06,0,10000.0,0
SYN-REP-19501,SYN-U-11898,SYN-LN-7001,10000.0,2500.0,2025-06-12,2025-06-12,0,2500.0,0
SYN-REP-19502,SYN-U-17131,SYN-LN-7002,40000.0,10000.0,2026-02-11,2026-02-11,0,10000.0,0
SYN-REP-19503,SYN-U-15631,SYN-LN-7003,15000.0,3750.0,2025-06-14,2025-06-16,2,3750.0,0
SYN-REP-19504,SYN-U-18361,SYN-LN-7004,10000.0,2500.0,2026-03-30,2026-03-30,0,2500.0,0
SYN-REP-19505,SYN-U-11888,SYN-LN-7005,25000.0,6250.0,2025-06-09,2025-06-09,0,6250.0,0
SYN-REP-19506,SYN-U-16331,SYN-LN-7006,15000.0,3750.0,2026-07-01,2026-07-01,0,3750.0,0
SYN-REP-19507,SYN-U-18371,SYN-LN-7007,40000.0,10000.0,2025-07-04,2025-07-04,0,10000.0,0
SYN-REP-19508,SYN-U-17734,SYN-LN-7008,5000.0,1250.0,2025-09-16,2025-09-16,0,1250.0,0
SYN-REP-19509,SYN-U-15603,SYN-LN-7009,25000.0,6250.0,2025-07-12,2025-07-12,0,6250.0,0
SYN-REP-19510,SYN-U-12872,SYN-LN-7010,10000.0,2500.0,2025-09-28,2025-10-21,23,2500.0,0
SYN-REP-19511,SYN-U-17469,SYN-LN-7011,5000.0,1250.0,2025-10-03,2025-10-03,0,1250.0,0
SYN-REP-19512,SYN-U-10286,SYN-LN-7012,15000.0,3750.0,2026-02-13,2026-02-13,0,3750.0,0
SYN-REP-19513,SYN-U-17172,SYN-LN-7013,5000.0,1250.0,2025-12-09,2025-12-09,0,1250.0,0
SYN-REP-19514,SYN-U-16925,SYN-LN-7014,5000.0,1250.0,2026-01-31,2026-01-31,0,1250.0,0
SYN-REP-19515,SYN-U-12942,SYN-LN-7015,5000.0,1250.0,2025-08-27,2025-08-27,0,1250.0,0
SYN-REP-19516,SYN-U-14241,SYN-LN-7016,25000.0,6250.0,2026-03-13,2026-03-13,0,6250.0,0
SYN-REP-19517,SYN-U-10377,SYN-LN-7017,40000.0,10000.0,2026-08-23,2026-08-23,0,10000.0,0
SYN-REP-19518,SYN-U-18719,SYN-LN-7018,15000.0,3750.0,2025-11-20,2025-11-20,0,3750.0,0
SYN-REP-19519,SYN-U-18631,SYN-LN-7019,40000.0,10000.0,2026-07-17,2026-07-17,0,10000.0,0
SYN-REP-19520,SYN-U-14358,SYN-LN-7020,10000.0,2500.0,2025-09-19,,83,539.47,1
SYN-REP-19521,SYN-U-13868,SYN-LN-7021,15000.0,3750.0,2025-08-24,2025-08-24,0,3750.0,0
SYN-REP-19522,SYN-U-10657,SYN-LN-7022,15000.0,3750.0,2026-06-10,2026-06-10,0,3750.0,0
SYN-REP-19523,SYN-U-18947,SYN-LN-7023,10000.0,2500.0,2026-05-15,2026-05-15,0,2500.0,0
SYN-REP-19524,SYN-U-16716,SYN-LN-7024,25000.0,6250.0,2026-01-16,2026-01-16,0,6250.0,0
SYN-REP-19525,SYN-U-13699,SYN-LN-7025,25000.0,6250.0,2026-04-06,2026-04-06,0,6250.0,0
SYN-REP-19526,SYN-U-16910,SYN-LN-7026,40000.0,10000.0,2025-07-24,2025-07-24,0,10000.0,0
SYN-REP-19527,SYN-U-13929,SYN-LN-7027,25000.0,6250.0,2025-09-29,2025-09-29,0,6250.0,0
SYN-REP-19528,SYN-U-18562,SYN-LN-7028,15000.0,3750.0,2025-10-25,2025-10-25,0,3750.0,0
SYN-REP-19529,SYN-U-16566,SYN-LN-7029,10000.0,2500.0,2026-04-11,2026-04-11,0,2500.0,0
SYN-REP-19530,SYN-U-12772,SYN-LN-7030,40000.0,10000.0,2025-11-28,2025-11-28,0,10000.0,0
SYN-REP-19531,SYN-U-15081,SYN-LN-7031,15000.0,3750.0,2025-12-30,2025-12-30,0,3750.0,0
SYN-REP-19532,SYN-U-12964,SYN-LN-7032,5000.0,1250.0,2026-08-10,2026-08-10,0,1250.0,0
SYN-REP-19533,SYN-U-15732,SYN-LN-7033,15000.0,3750.0,2026-02-22,2026-02-22,0,3750.0,0
SYN-REP-19534,SYN-U-16629,SYN-LN-7034,10000.0,2500.0,2025-06-19,2025-06-19,0,2500.0,0
SYN-REP-19535,SYN-U-15737,SYN-LN-7035,10000.0,2500.0,2026-01-31,2026-01-31,0,2500.0,0
SYN-REP-19536,SYN-U-19485,SYN-LN-7036,10000.0,2500.0,2025-09-24,2025-09-24,0,2500.0,0
SYN-REP-19537,SYN-U-17248,SYN-LN-7037,15000.0,3750.0,2026-05-19,,92,929.59,1
SYN-REP-19538,SYN-U-15382,SYN-LN-7038,15000.0,3750.0,2025-10-06,2025-10-06,0,3750.0,0
SYN-REP-19539,SYN-U-10074,SYN-LN-7039,25000.0,6250.0,2026-05-15,2026-05-15,0,6250.0,0
SYN-REP-19540,SYN-U-17231,SYN-LN-7040,10000.0,2500.0,2026-07-18,2026-07-21,3,2500.0,0
SYN-REP-19541,SYN-U-19731,SYN-LN-7041,10000.0,2500.0,2025-11-06,2025-11-06,0,2500.0,0
SYN-REP-19542,SYN-U-12713,SYN-LN-7042,10000.0,2500.0,2025-10-12,2025-10-12,0,2500.0,0
SYN-REP-19543,SYN-U-12920,SYN-LN-7043,5000.0,1250.0,2026-07-30,2026-07-30,0,1250.0,0
SYN-REP-19544,SYN-U-15764,SYN-LN-7044,40000.0,10000.0,2025-09-11,2025-09-11,0,10000.0,0
SYN-REP-19545,SYN-U-18998,SYN-LN-7045,5000.0,1250.0,2025-07-11,2025-07-14,3,1250.0,0
SYN-REP-19546,SYN-U-11044,SYN-LN-7046,5000.0,1250.0,2025-12-19,2025-12-19,0,1250.0,0
SYN-REP-19547,SYN-U-18346,SYN-LN-7047,10000.0,2500.0,2025-12-19,2025-12-19,0,2500.0,0
SYN-REP-19548,SYN-U-11570,SYN-LN-7048,25000.0,6250.0,2025-06-12,2025-06-12,0,6250.0,0
SYN-REP-19549,SYN-U-18564,SYN-LN-7049,40000.0,10000.0,2026-04-12,2026-04-12,0,10000.0,0
SYN-REP-19550,SYN-U-17723,SYN-LN-7050,40000.0,10000.0,2026-03-12,2026-03-12,0,10000.0,0
SYN-REP-19551,SYN-U-16833,SYN-LN-7051,10000.0,2500.0,2025-10-18,2025-10-18,0,2500.0,0
SYN-REP-19552,SYN-U-11065,SYN-LN-7052,40000.0,10000.0,2026-08-12,2026-10-08,57,10000.0,0
SYN-REP-19553,SYN-U-10047,SYN-LN-7053,5000.0,1250.0,2026-05-25,2026-05-25,0,1250.0,0
SYN-REP-19554,SYN-U-10966,SYN-LN-7054,5000.0,1250.0,2026-08-04,2026-08-04,0,1250.0,0
SYN-REP-19555,SYN-U-17445,SYN-LN-7055,10000.0,2500.0,2026-05-09,2026-05-09,0,2500.0,0
SYN-REP-19556,SYN-U-11177,SYN-LN-7056,10000.0,2500.0,2026-02-26,2026-02-26,0,2500.0,0
SYN-REP-19557,SYN-U-11348,SYN-LN-7057,5000.0,1250.0,2026-07-29,2026-07-29,0,1250.0,0
SYN-REP-19558,SYN-U-12077,SYN-LN-7058,40000.0,10000.0,2026-07-22,2026-07-22,0,10000.0,0
SYN-REP-19559,SYN-U-16557,SYN-LN-7059,25000.0,6250.0,2026-02-22,2026-02-22,0,6250.0,0
SYN-REP-19560,SYN-U-16309,SYN-LN-7060,15000.0,3750.0,2025-06-12,2025-06-14,2,3750.0,0
SYN-REP-19561,SYN-U-16525,SYN-LN-7061,5000.0,1250.0,2026-05-26,2026-05-26,0,1250.0,0
SYN-REP-19562,SYN-U-10914,SYN-LN-7062,40000.0,10000.0,2025-07-11,2025-07-11,0,10000.0,0
SYN-REP-19563,SYN-U-12675,SYN-LN-7063,15000.0,3750.0,2026-06-16,,86,181.36,1
SYN-REP-19564,SYN-U-18998,SYN-LN-7064,40000.0,10000.0,2026-08-14,2026-08-14,0,10000.0,0
SYN-REP-19565,SYN-U-17040,SYN-LN-7065,25000.0,6250.0,2025-10-04,2025-10-04,0,6250.0,0
SYN-REP-19566,SYN-U-11828,SYN-LN-7066,5000.0,1250.0,2025-07-18,2025-07-18,0,1250.0,0
SYN-REP-19567,SYN-U-18160,SYN-LN-7067,40000.0,10000.0,2025-06-17,2025-06-17,0,10000.0,0
SYN-REP-19568,SYN-U-19399,SYN-LN-7068,40000.0,10000.0,2026-03-23,2026-03-27,4,10000.0,0
SYN-REP-19569,SYN-U-11017,SYN-LN-7069,15000.0,3750.0,2026-05-11,2026-05-11,0,3750.0,0
SYN-REP-19570,SYN-U-12380,SYN-LN-7070,5000.0,1250.0,2026-05-09,2026-05-09,0,1250.0,0
SYN-REP-19571,SYN-U-18691,SYN-LN-7071,40000.0,10000.0,2026-02-19,2026-02-20,1,10000.0,0
SYN-REP-19572,SYN-U-10648,SYN-LN-7072,10000.0,2500.0,2025-11-13,2025-11-15,2,2500.0,0
SYN-REP-19573,SYN-U-14231,SYN-LN-7073,5000.0,1250.0,2026-06-22,2026-06-22,0,1250.0,0
SYN-REP-19574,SYN-U-14767,SYN-LN-7074,40000.0,10000.0,2026-03-20,2026-03-24,4,10000.0,0
SYN-REP-19575,SYN-U-16348,SYN-LN-7075,15000.0,3750.0,2025-11-06,2025-11-06,0,3750.0,0
SYN-REP-19576,SYN-U-18404,SYN-LN-7076,40000.0,10000.0,2026-04-24,2026-04-24,0,10000.0,0
SYN-REP-19577,SYN-U-16236,SYN-LN-7077,25000.0,6250.0,2026-05-13,2026-05-16,3,6250.0,0
SYN-REP-19578,SYN-U-13116,SYN-LN-7078,5000.0,1250.0,2025-08-03,2025-08-03,0,1250.0,0
SYN-REP-19579,SYN-U-13308,SYN-LN-7079,5000.0,1250.0,2025-12-01,2026-01-15,45,1250.0,0
SYN-REP-19580,SYN-U-17230,SYN-LN-7080,25000.0,6250.0,2026-07-17,2026-07-20,3,6250.0,0
SYN-REP-19581,SYN-U-11420,SYN-LN-7081,10000.0,2500.0,2025-11-18,2025-11-18,0,2500.0,0
SYN-REP-19582,SYN-U-12618,SYN-LN-7082,40000.0,10000.0,2026-06-08,2026-06-08,0,10000.0,0
SYN-REP-19583,SYN-U-15081,SYN-LN-7083,5000.0,1250.0,2026-04-30,2026-04-30,0,1250.0,0
SYN-REP-19584,SYN-U-19311,SYN-LN-7084,5000.0,1250.0,2025-10-09,2025-10-09,0,1250.0,0
SYN-REP-19585,SYN-U-15642,SYN-LN-7085,5000.0,1250.0,2026-07-31,2026-07-31,0,1250.0,0
SYN-REP-19586,SYN-U-13621,SYN-LN-7086,5000.0,1250.0,2025-06-06,2025-06-06,0,1250.0,0
SYN-REP-19587,SYN-U-19926,SYN-LN-7087,10000.0,2500.0,2026-04-01,2026-04-01,0,2500.0,0
SYN-REP-19588,SYN-U-17498,SYN-LN-7088,5000.0,1250.0,2025-12-18,2025-12-22,4,1250.0,0
SYN-REP-19589,SYN-U-19877,SYN-LN-7089,15000.0,3750.0,2026-06-14,2026-06-14,0,3750.0,0
SYN-REP-19590,SYN-U-11116,SYN-LN-7090,40000.0,10000.0,2025-06-06,2025-06-06,0,10000.0,0
SYN-REP-19591,SYN-U-14486,SYN-LN-7091,10000.0,2500.0,2026-07-30,2026-07-30,0,2500.0,0
SYN-REP-19592,SYN-U-13590,SYN-LN-7092,15000.0,3750.0,2026-06-20,2026-06-20,0,3750.0,0
SYN-REP-19593,SYN-U-13125,SYN-LN-7093,15000.0,3750.0,2026-07-23,2026-07-23,0,3750.0,0
SYN-REP-19594,SYN-U-18591,SYN-LN-7094,40000.0,10000.0,2026-03-04,2026-03-04,0,10000.0,0
SYN-REP-19595,SYN-U-16395,SYN-LN-7095,10000.0,2500.0,2025-07-04,2025-07-04,0,2500.0,0
SYN-REP-19596,SYN-U-15899,SYN-LN-7096,40000.0,10000.0,2026-02-09,2026-02-09,0,10000.0,0
SYN-REP-19597,SYN-U-11210,SYN-LN-7097,5000.0,1250.0,2026-04-07,2026-04-07,0,1250.0,0
SYN-REP-19598,SYN-U-18792,SYN-LN-7098,25000.0,6250.0,2026-02-20,2026-02-20,0,6250.0,0
SYN-REP-19599,SYN-U-12418,SYN-LN-7099,5000.0,1250.0,2025-08-05,2025-08-05,0,1250.0,0
SYN-REP-19600,SYN-U-18548,SYN-LN-7100,40000.0,10000.0,2026-03-06,2026-03-06,0,10000.0,0
SYN-REP-19601,SYN-U-14829,SYN-LN-7101,25000.0,6250.0,2026-05-04,2026-05-04,0,6250.0,0
SYN-REP-19602,SYN-U-18746,SYN-LN-7102,40000.0,10000.0,2026-06-21,2026-06-21,0,10000.0,0
SYN-REP-19603,SYN-U-16626,SYN-LN-7103,5000.0,1250.0,2026-04-30,2026-04-30,0,1250.0,0
SYN-REP-19604,SYN-U-14337,SYN-LN-7104,40000.0,10000.0,2026-05-31,2026-05-31,0,10000.0,0
SYN-REP-19605,SYN-U-13390,SYN-LN-7105,5000.0,1250.0,2026-04-30,2026-04-30,0,1250.0,0
SYN-REP-19606,SYN-U-19269,SYN-LN-7106,10000.0,2500.0,2025-08-10,2025-08-10,0,2500.0,0
SYN-REP-19607,SYN-U-12640,SYN-LN-7107,5000.0,1250.0,2025-09-12,2025-09-12,0,1250.0,0
SYN-REP-19608,SYN-U-10617,SYN-LN-7108,40000.0,10000.0,2025-08-07,2025-08-07,0,10000.0,0
SYN-REP-19609,SYN-U-16111,SYN-LN-7109,5000.0,1250.0,2026-01-14,2026-01-14,0,1250.0,0
SYN-REP-19610,SYN-U-17885,SYN-LN-7110,10000.0,2500.0,2025-11-26,2025-11-26,0,2500.0,0
SYN-REP-19611,SYN-U-13483,SYN-LN-7111,40000.0,10000.0,2025-11-07,2025-11-07,0,10000.0,0
SYN-REP-19612,SYN-U-11067,SYN-LN-7112,40000.0,10000.0,2026-04-25,2026-04-25,0,10000.0,0
SYN-REP-19613,SYN-U-19732,SYN-LN-7113,5000.0,1250.0,2026-04-13,2026-04-14,1,1250.0,0
SYN-REP-19614,SYN-U-19728,SYN-LN-7114,10000.0,2500.0,2026-05-16,2026-05-16,0,2500.0,0
SYN-REP-19615,SYN-U-18234,SYN-LN-7115,40000.0,10000.0,2025-09-04,2025-09-04,0,10000.0,0
SYN-REP-19616,SYN-U-14320,SYN-LN-7116,40000.0,10000.0,2025-06-23,2025-07-11,18,10000.0,0
SYN-REP-19617,SYN-U-19416,SYN-LN-7117,10000.0,2500.0,2025-10-26,2025-10-29,3,2500.0,0
SYN-REP-19618,SYN-U-16389,SYN-LN-7118,10000.0,2500.0,2025-08-05,2025-08-05,0,2500.0,0
SYN-REP-19619,SYN-U-18352,SYN-LN-7119,25000.0,6250.0,2026-06-24,2026-06-26,2,6250.0,0
SYN-REP-19620,SYN-U-12079,SYN-LN-7120,10000.0,2500.0,2025-12-08,2025-12-08,0,2500.0,0
SYN-REP-19621,SYN-U-14614,SYN-LN-7121,25000.0,6250.0,2025-08-10,2025-08-10,0,6250.0,0
SYN-REP-19622,SYN-U-15104,SYN-LN-7122,15000.0,3750.0,2025-08-28,2025-08-28,0,3750.0,0
SYN-REP-19623,SYN-U-10556,SYN-LN-7123,40000.0,10000.0,2025-12-07,2025-12-07,0,10000.0,0
SYN-REP-19624,SYN-U-16326,SYN-LN-7124,25000.0,6250.0,2026-07-31,2026-07-31,0,6250.0,0
SYN-REP-19625,SYN-U-15071,SYN-LN-7125,10000.0,2500.0,2025-12-27,2025-12-27,0,2500.0,0
SYN-REP-19626,SYN-U-13102,SYN-LN-7126,5000.0,1250.0,2025-12-25,2025-12-25,0,1250.0,0
SYN-REP-19627,SYN-U-19416,SYN-LN-7127,5000.0,1250.0,2025-06-11,2025-06-11,0,1250.0,0
SYN-REP-19628,SYN-U-19742,SYN-LN-7128,5000.0,1250.0,2026-05-14,2026-05-14,0,1250.0,0
SYN-REP-19629,SYN-U-13491,SYN-LN-7129,10000.0,2500.0,2025-08-02,2025-08-02,0,2500.0,0
SYN-REP-19630,SYN-U-16458,SYN-LN-7130,5000.0,1250.0,2025-09-16,2025-09-16,0,1250.0,0
SYN-REP-19631,SYN-U-10612,SYN-LN-7131,25000.0,6250.0,2026-01-10,2026-01-29,19,6250.0,0
SYN-REP-19632,SYN-U-10254,SYN-LN-7132,10000.0,2500.0,2025-07-06,2025-08-03,28,2500.0,0
SYN-REP-19633,SYN-U-14186,SYN-LN-7133,40000.0,10000.0,2025-10-13,2025-10-13,0,10000.0,0
SYN-REP-19634,SYN-U-12167,SYN-LN-7134,5000.0,1250.0,2025-07-04,2025-07-04,0,1250.0,0
SYN-REP-19635,SYN-U-13493,SYN-LN-7135,40000.0,10000.0,2026-01-06,2026-01-06,0,10000.0,0
SYN-REP-19636,SYN-U-10778,SYN-LN-7136,10000.0,2500.0,2025-12-26,2025-12-26,0,2500.0,0
SYN-REP-19637,SYN-U-14999,SYN-LN-7137,40000.0,10000.0,2026-01-31,2026-01-31,0,10000.0,0
SYN-REP-19638,SYN-U-19475,SYN-LN-7138,10000.0,2500.0,2026-02-13,2026-02-13,0,2500.0,0
SYN-REP-19639,SYN-U-12695,SYN-LN-7139,15000.0,3750.0,2026-05-07,2026-05-07,0,3750.0,0
SYN-REP-19640,SYN-U-13030,SYN-LN-7140,40000.0,10000.0,2025-10-14,2025-10-15,1,10000.0,0
SYN-REP-19641,SYN-U-14141,SYN-LN-7141,25000.0,6250.0,2026-02-09,2026-02-09,0,6250.0,0
SYN-REP-19642,SYN-U-12630,SYN-LN-7142,40000.0,10000.0,2025-07-17,2025-07-17,0,10000.0,0
SYN-REP-19643,SYN-U-18015,SYN-LN-7143,10000.0,2500.0,2026-04-15,2026-04-15,0,2500.0,0
SYN-REP-19644,SYN-U-19977,SYN-LN-7144,15000.0,3750.0,2025-09-12,2025-09-12,0,3750.0,0
SYN-REP-19645,SYN-U-16012,SYN-LN-7145,5000.0,1250.0,2025-10-13,2025-10-13,0,1250.0,0
SYN-REP-19646,SYN-U-19857,SYN-LN-7146,25000.0,6250.0,2025-09-04,2025-09-04,0,6250.0,0
SYN-REP-19647,SYN-U-12372,SYN-LN-7147,25000.0,6250.0,2026-01-27,2026-01-27,0,6250.0,0
SYN-REP-19648,SYN-U-12447,SYN-LN-7148,15000.0,3750.0,2026-07-19,2026-07-22,3,3750.0,0
SYN-REP-19649,SYN-U-17252,SYN-LN-7149,25000.0,6250.0,2026-02-03,2026-02-03,0,6250.0,0
SYN-REP-19650,SYN-U-12557,SYN-LN-7150,40000.0,10000.0,2026-03-27,2026-03-27,0,10000.0,0
SYN-REP-19651,SYN-U-16809,SYN-LN-7151,25000.0,6250.0,2026-08-12,2026-08-12,0,6250.0,0
SYN-REP-19652,SYN-U-14384,SYN-LN-7152,10000.0,2500.0,2026-08-04,,60,778.55,1
SYN-REP-19653,SYN-U-15478,SYN-LN-7153,10000.0,2500.0,2025-12-25,2025-12-26,1,2500.0,0
SYN-REP-19654,SYN-U-12166,SYN-LN-7154,15000.0,3750.0,2025-07-03,2025-08-09,37,3750.0,0
SYN-REP-19655,SYN-U-10626,SYN-LN-7155,5000.0,1250.0,2025-06-03,2025-06-04,1,1250.0,0
SYN-REP-19656,SYN-U-10065,SYN-LN-7156,5000.0,1250.0,2025-10-04,2025-10-04,0,1250.0,0
SYN-REP-19657,SYN-U-13177,SYN-LN-7157,40000.0,10000.0,2026-08-20,2026-08-20,0,10000.0,0
SYN-REP-19658,SYN-U-14235,SYN-LN-7158,25000.0,6250.0,2025-09-04,2025-09-06,2,6250.0,0
SYN-REP-19659,SYN-U-19481,SYN-LN-7159,25000.0,6250.0,2026-02-26,2026-02-26,0,6250.0,0
SYN-REP-19660,SYN-U-19809,SYN-LN-7160,10000.0,2500.0,2026-06-25,2026-06-25,0,2500.0,0
SYN-REP-19661,SYN-U-17297,SYN-LN-7161,5000.0,1250.0,2026-01-10,2026-01-10,0,1250.0,0
SYN-REP-19662,SYN-U-10820,SYN-LN-7162,25000.0,6250.0,2025-08-25,2025-08-25,0,6250.0,0
SYN-REP-19663,SYN-U-19742,SYN-LN-7163,25000.0,6250.0,2026-05-31,2026-05-31,0,6250.0,0
SYN-REP-19664,SYN-U-16932,SYN-LN-7164,40000.0,10000.0,2025-06-07,2025-06-07,0,10000.0,0
SYN-REP-19665,SYN-U-15251,SYN-LN-7165,25000.0,6250.0,2026-03-13,2026-03-13,0,6250.0,0
SYN-REP-19666,SYN-U-15440,SYN-LN-7166,40000.0,10000.0,2025-09-06,2025-09-06,0,10000.0,0
SYN-REP-19667,SYN-U-11666,SYN-LN-7167,25000.0,6250.0,2026-01-08,2026-01-08,0,6250.0,0
SYN-REP-19668,SYN-U-14828,SYN-LN-7168,15000.0,3750.0,2025-06-11,2025-06-11,0,3750.0,0
SYN-REP-19669,SYN-U-13052,SYN-LN-7169,25000.0,6250.0,2026-05-18,2026-05-20,2,6250.0,0
SYN-REP-19670,SYN-U-19529,SYN-LN-7170,25000.0,6250.0,2025-09-02,2025-09-02,0,6250.0,0
SYN-REP-19671,SYN-U-18549,SYN-LN-7171,15000.0,3750.0,2025-10-25,2025-10-25,0,3750.0,0
SYN-REP-19672,SYN-U-18046,SYN-LN-7172,40000.0,10000.0,2026-08-17,2026-08-17,0,10000.0,0
SYN-REP-19673,SYN-U-19782,SYN-LN-7173,40000.0,10000.0,2026-01-23,2026-01-23,0,10000.0,0
SYN-REP-19674,SYN-U-16218,SYN-LN-7174,15000.0,3750.0,2025-12-11,2025-12-11,0,3750.0,0
SYN-REP-19675,SYN-U-15724,SYN-LN-7175,10000.0,2500.0,2025-08-10,2025-08-10,0,2500.0,0
SYN-REP-19676,SYN-U-18297,SYN-LN-7176,25000.0,6250.0,2026-06-05,2026-06-05,0,6250.0,0
SYN-REP-19677,SYN-U-11543,SYN-LN-7177,40000.0,10000.0,2026-05-04,2026-05-04,0,10000.0,0
SYN-REP-19678,SYN-U-11849,SYN-LN-7178,10000.0,2500.0,2025-07-22,2025-07-22,0,2500.0,0
SYN-REP-19679,SYN-U-17814,SYN-LN-7179,15000.0,3750.0,2025-06-01,2025-06-01,0,3750.0,0
SYN-REP-19680,SYN-U-12960,SYN-LN-7180,25000.0,6250.0,2026-07-22,2026-07-22,0,6250.0,0
SYN-REP-19681,SYN-U-11950,SYN-LN-7181,15000.0,3750.0,2026-03-10,2026-03-10,0,3750.0,0
SYN-REP-19682,SYN-U-18045,SYN-LN-7182,5000.0,1250.0,2025-08-04,2025-08-04,0,1250.0,0
SYN-REP-19683,SYN-U-15937,SYN-LN-7183,40000.0,10000.0,2026-01-04,2026-01-04,0,10000.0,0
SYN-REP-19684,SYN-U-18780,SYN-LN-7184,10000.0,2500.0,2025-06-25,2025-06-29,4,2500.0,0
SYN-REP-19685,SYN-U-18977,SYN-LN-7185,25000.0,6250.0,2026-07-07,2026-07-07,0,6250.0,0
SYN-REP-19686,SYN-U-11430,SYN-LN-7186,40000.0,10000.0,2026-07-29,2026-07-29,0,10000.0,0
SYN-REP-19687,SYN-U-13464,SYN-LN-7187,5000.0,1250.0,2025-06-04,2025-06-04,0,1250.0,0
SYN-REP-19688,SYN-U-18244,SYN-LN-7188,10000.0,2500.0,2026-01-28,2026-01-28,0,2500.0,0
SYN-REP-19689,SYN-U-10370,SYN-LN-7189,40000.0,10000.0,2026-05-25,2026-05-25,0,10000.0,0
SYN-REP-19690,SYN-U-18997,SYN-LN-7190,25000.0,6250.0,2026-05-30,2026-05-30,0,6250.0,0
SYN-REP-19691,SYN-U-15065,SYN-LN-7191,5000.0,1250.0,2025-08-10,2025-08-10,0,1250.0,0
SYN-REP-19692,SYN-U-12128,SYN-LN-7192,40000.0,10000.0,2026-07-23,2026-07-23,0,10000.0,0
SYN-REP-19693,SYN-U-13318,SYN-LN-7193,40000.0,10000.0,2026-05-13,2026-05-13,0,10000.0,0
SYN-REP-19694,SYN-U-15788,SYN-LN-7194,10000.0,2500.0,2026-08-22,2026-08-22,0,2500.0,0
SYN-REP-19695,SYN-U-13478,SYN-LN-7195,5000.0,1250.0,2026-03-19,2026-03-19,0,1250.0,0
SYN-REP-19696,SYN-U-16860,SYN-LN-7196,40000.0,10000.0,2025-06-09,2025-06-09,0,10000.0,0
SYN-REP-19697,SYN-U-12955,SYN-LN-7197,10000.0,2500.0,2025-07-22,2025-07-25,3,2500.0,0
SYN-REP-19698,SYN-U-11253,SYN-LN-7198,40000.0,10000.0,2026-02-18,2026-02-18,0,10000.0,0
SYN-REP-19699,SYN-U-17790,SYN-LN-7199,15000.0,3750.0,2025-07-13,2025-09-09,58,3750.0,0
SYN-REP-19700,SYN-U-19142,SYN-LN-7200,10000.0,2500.0,2026-01-19,2026-01-19,0,2500.0,0
SYN-REP-19701,SYN-U-14300,SYN-LN-7201,25000.0,6250.0,2026-02-07,2026-02-07,0,6250.0,0
SYN-REP-19702,SYN-U-17571,SYN-LN-7202,5000.0,1250.0,2026-06-23,2026-06-23,0,1250.0,0
SYN-REP-19703,SYN-U-11517,SYN-LN-7203,40000.0,10000.0,2025-10-29,2025-10-29,0,10000.0,0
SYN-REP-19704,SYN-U-16159,SYN-LN-7204,15000.0,3750.0,2026-08-14,2026-08-14,0,3750.0,0
SYN-REP-19705,SYN-U-13645,SYN-LN-7205,5000.0,1250.0,2026-04-15,2026-04-16,1,1250.0,0
SYN-REP-19706,SYN-U-13213,SYN-LN-7206,15000.0,3750.0,2026-04-28,2026-04-28,0,3750.0,0
SYN-REP-19707,SYN-U-13315,SYN-LN-7207,15000.0,3750.0,2026-05-22,2026-05-22,0,3750.0,0
SYN-REP-19708,SYN-U-17484,SYN-LN-7208,10000.0,2500.0,2025-06-24,2025-06-24,0,2500.0,0
SYN-REP-19709,SYN-U-16448,SYN-LN-7209,40000.0,10000.0,2026-05-28,2026-05-28,0,10000.0,0
SYN-REP-19710,SYN-U-18874,SYN-LN-7210,15000.0,3750.0,2026-01-05,2026-01-05,0,3750.0,0
SYN-REP-19711,SYN-U-13890,SYN-LN-7211,5000.0,1250.0,2026-04-24,2026-04-24,0,1250.0,0
SYN-REP-19712,SYN-U-10394,SYN-LN-7212,25000.0,6250.0,2026-03-24,2026-03-24,0,6250.0,0
SYN-REP-19713,SYN-U-13120,SYN-LN-7213,40000.0,10000.0,2026-08-01,2026-08-01,0,10000.0,0
SYN-REP-19714,SYN-U-12565,SYN-LN-7214,40000.0,10000.0,2025-12-14,2025-12-15,1,10000.0,0
SYN-REP-19715,SYN-U-18135,SYN-LN-7215,5000.0,1250.0,2026-02-12,2026-02-12,0,1250.0,0
SYN-REP-19716,SYN-U-11747,SYN-LN-7216,5000.0,1250.0,2026-06-10,2026-06-10,0,1250.0,0
SYN-REP-19717,SYN-U-12914,SYN-LN-7217,25000.0,6250.0,2026-02-18,2026-02-18,0,6250.0,0
SYN-REP-19718,SYN-U-19350,SYN-LN-7218,25000.0,6250.0,2026-08-09,2026-08-09,0,6250.0,0
SYN-REP-19719,SYN-U-12682,SYN-LN-7219,25000.0,6250.0,2025-10-18,2025-10-18,0,6250.0,0
SYN-REP-19720,SYN-U-10556,SYN-LN-7220,25000.0,6250.0,2026-07-01,2026-07-01,0,6250.0,0
SYN-REP-19721,SYN-U-10702,SYN-LN-7221,10000.0,2500.0,2025-08-07,2025-08-07,0,2500.0,0
SYN-REP-19722,SYN-U-11202,SYN-LN-7222,40000.0,10000.0,2026-07-04,2026-07-04,0,10000.0,0
SYN-REP-19723,SYN-U-13097,SYN-LN-7223,40000.0,10000.0,2025-10-10,2025-10-10,0,10000.0,0
SYN-REP-19724,SYN-U-10505,SYN-LN-7224,10000.0,2500.0,2026-05-11,2026-05-11,0,2500.0,0
SYN-REP-19725,SYN-U-19671,SYN-LN-7225,25000.0,6250.0,2025-12-30,2025-12-30,0,6250.0,0
SYN-REP-19726,SYN-U-10852,SYN-LN-7226,25000.0,6250.0,2025-06-09,2025-06-09,0,6250.0,0
SYN-REP-19727,SYN-U-11134,SYN-LN-7227,15000.0,3750.0,2025-08-12,2025-08-12,0,3750.0,0
SYN-REP-19728,SYN-U-11962,SYN-LN-7228,5000.0,1250.0,2025-06-11,2025-06-14,3,1250.0,0
SYN-REP-19729,SYN-U-10775,SYN-LN-7229,40000.0,10000.0,2026-07-19,2026-07-19,0,10000.0,0
SYN-REP-19730,SYN-U-11065,SYN-LN-7230,5000.0,1250.0,2025-12-07,2025-12-07,0,1250.0,0
SYN-REP-19731,SYN-U-13086,SYN-LN-7231,25000.0,6250.0,2025-11-05,2025-11-05,0,6250.0,0
SYN-REP-19732,SYN-U-12921,SYN-LN-7232,40000.0,10000.0,2026-08-08,2026-08-08,0,10000.0,0
SYN-REP-19733,SYN-U-15582,SYN-LN-7233,40000.0,10000.0,2026-06-08,2026-06-08,0,10000.0,0
SYN-REP-19734,SYN-U-12249,SYN-LN-7234,15000.0,3750.0,2025-08-22,2025-08-22,0,3750.0,0
SYN-REP-19735,SYN-U-18523,SYN-LN-7235,10000.0,2500.0,2025-12-22,2025-12-22,0,2500.0,0
SYN-REP-19736,SYN-U-11022,SYN-LN-7236,25000.0,6250.0,2026-05-18,2026-05-18,0,6250.0,0
SYN-REP-19737,SYN-U-13170,SYN-LN-7237,40000.0,10000.0,2026-05-08,2026-05-08,0,10000.0,0
SYN-REP-19738,SYN-U-12944,SYN-LN-7238,10000.0,2500.0,2025-12-04,2025-12-04,0,2500.0,0
SYN-REP-19739,SYN-U-11412,SYN-LN-7239,40000.0,10000.0,2025-10-06,2025-10-06,0,10000.0,0
SYN-REP-19740,SYN-U-10866,SYN-LN-7240,25000.0,6250.0,2026-07-05,2026-07-06,1,6250.0,0
SYN-REP-19741,SYN-U-10606,SYN-LN-7241,10000.0,2500.0,2025-10-07,2025-10-07,0,2500.0,0
SYN-REP-19742,SYN-U-13130,SYN-LN-7242,5000.0,1250.0,2026-03-03,2026-03-03,0,1250.0,0
SYN-REP-19743,SYN-U-12691,SYN-LN-7243,15000.0,3750.0,2025-09-21,2025-09-21,0,3750.0,0
SYN-REP-19744,SYN-U-10533,SYN-LN-7244,40000.0,10000.0,2026-01-30,2026-01-30,0,10000.0,0
SYN-REP-19745,SYN-U-15692,SYN-LN-7245,10000.0,2500.0,2025-12-09,2025-12-09,0,2500.0,0
SYN-REP-19746,SYN-U-13175,SYN-LN-7246,25000.0,6250.0,2025-09-06,2025-09-06,0,6250.0,0
SYN-REP-19747,SYN-U-19217,SYN-LN-7247,15000.0,3750.0,2026-08-09,,77,1096.78,1
SYN-REP-19748,SYN-U-11079,SYN-LN-7248,25000.0,6250.0,2026-08-10,2026-08-10,0,6250.0,0
SYN-REP-19749,SYN-U-12642,SYN-LN-7249,40000.0,10000.0,2025-08-06,2025-08-06,0,10000.0,0
SYN-REP-19750,SYN-U-11732,SYN-LN-7250,15000.0,3750.0,2026-01-16,2026-01-16,0,3750.0,0
SYN-REP-19751,SYN-U-19692,SYN-LN-7251,10000.0,2500.0,2026-03-24,2026-03-24,0,2500.0,0
SYN-REP-19752,SYN-U-19296,SYN-LN-7252,10000.0,2500.0,2026-08-12,2026-08-12,0,2500.0,0
SYN-REP-19753,SYN-U-19254,SYN-LN-7253,25000.0,6250.0,2025-06-23,2025-06-23,0,6250.0,0
SYN-REP-19754,SYN-U-11809,SYN-LN-7254,15000.0,3750.0,2026-08-22,,73,1033.42,1
SYN-REP-19755,SYN-U-12395,SYN-LN-7255,5000.0,1250.0,2025-07-18,2025-07-18,0,1250.0,0
SYN-REP-19756,SYN-U-19532,SYN-LN-7256,5000.0,1250.0,2025-09-13,2025-09-13,0,1250.0,0
SYN-REP-19757,SYN-U-14802,SYN-LN-7257,15000.0,3750.0,2026-04-28,2026-04-28,0,3750.0,0
SYN-REP-19758,SYN-U-19780,SYN-LN-7258,25000.0,6250.0,2025-08-03,2025-08-05,2,6250.0,0
SYN-REP-19759,SYN-U-12265,SYN-LN-7259,25000.0,6250.0,2026-01-25,2026-01-25,0,6250.0,0
SYN-REP-19760,SYN-U-13874,SYN-LN-7260,15000.0,3750.0,2026-07-28,2026-07-28,0,3750.0,0
SYN-REP-19761,SYN-U-19794,SYN-LN-7261,25000.0,6250.0,2025-11-03,2025-11-03,0,6250.0,0
SYN-REP-19762,SYN-U-16039,SYN-LN-7262,40000.0,10000.0,2026-04-28,2026-04-28,0,10000.0,0
SYN-REP-19763,SYN-U-19121,SYN-LN-7263,40000.0,10000.0,2026-06-25,2026-06-25,0,10000.0,0
SYN-REP-19764,SYN-U-13408,SYN-LN-7264,25000.0,6250.0,2025-06-03,2025-06-03,0,6250.0,0
SYN-REP-19765,SYN-U-19459,SYN-LN-7265,40000.0,10000.0,2025-09-08,2025-09-08,0,10000.0,0
SYN-REP-19766,SYN-U-19013,SYN-LN-7266,15000.0,3750.0,2026-05-13,2026-05-13,0,3750.0,0
SYN-REP-19767,SYN-U-15643,SYN-LN-7267,5000.0,1250.0,2025-08-16,2025-08-16,0,1250.0,0
SYN-REP-19768,SYN-U-18420,SYN-LN-7268,15000.0,3750.0,2026-08-09,2026-08-11,2,3750.0,0
SYN-REP-19769,SYN-U-17946,SYN-LN-7269,5000.0,1250.0,2025-12-20,2025-12-20,0,1250.0,0
SYN-REP-19770,SYN-U-15437,SYN-LN-7270,10000.0,2500.0,2026-05-10,2026-05-10,0,2500.0,0
SYN-REP-19771,SYN-U-18477,SYN-LN-7271,5000.0,1250.0,2026-01-16,2026-02-07,22,1250.0,0
SYN-REP-19772,SYN-U-18375,SYN-LN-7272,15000.0,3750.0,2025-06-10,2025-06-10,0,3750.0,0
SYN-REP-19773,SYN-U-17220,SYN-LN-7273,5000.0,1250.0,2026-04-08,2026-04-08,0,1250.0,0
SYN-REP-19774,SYN-U-15525,SYN-LN-7274,15000.0,3750.0,2025-06-07,2025-06-07,0,3750.0,0
SYN-REP-19775,SYN-U-16175,SYN-LN-7275,40000.0,10000.0,2025-11-12,2025-11-12,0,10000.0,0
SYN-REP-19776,SYN-U-10407,SYN-LN-7276,5000.0,1250.0,2025-10-03,2025-10-03,0,1250.0,0
SYN-REP-19777,SYN-U-14521,SYN-LN-7277,10000.0,2500.0,2026-01-19,2026-01-19,0,2500.0,0
SYN-REP-19778,SYN-U-15563,SYN-LN-7278,5000.0,1250.0,2025-08-25,2025-08-25,0,1250.0,0
SYN-REP-19779,SYN-U-14829,SYN-LN-7279,10000.0,2500.0,2026-08-10,2026-08-10,0,2500.0,0
SYN-REP-19780,SYN-U-15137,SYN-LN-7280,10000.0,2500.0,2025-08-30,2025-08-30,0,2500.0,0
SYN-REP-19781,SYN-U-18777,SYN-LN-7281,15000.0,3750.0,2026-05-01,2026-05-01,0,3750.0,0
SYN-REP-19782,SYN-U-10142,SYN-LN-7282,40000.0,10000.0,2025-09-08,2025-09-08,0,10000.0,0
SYN-REP-19783,SYN-U-11112,SYN-LN-7283,5000.0,1250.0,2026-05-06,2026-05-06,0,1250.0,0
SYN-REP-19784,SYN-U-10207,SYN-LN-7284,15000.0,3750.0,2025-07-18,2025-07-18,0,3750.0,0
SYN-REP-19785,SYN-U-10572,SYN-LN-7285,40000.0,10000.0,2026-06-26,2026-06-26,0,10000.0,0
SYN-REP-19786,SYN-U-17896,SYN-LN-7286,15000.0,3750.0,2026-03-10,2026-03-11,1,3750.0,0
SYN-REP-19787,SYN-U-13686,SYN-LN-7287,10000.0,2500.0,2025-10-24,2025-10-26,2,2500.0,0
SYN-REP-19788,SYN-U-16007,SYN-LN-7288,10000.0,2500.0,2025-06-06,2025-06-06,0,2500.0,0
SYN-REP-19789,SYN-U-14910,SYN-LN-7289,15000.0,3750.0,2025-10-24,2025-10-24,0,3750.0,0
SYN-REP-19790,SYN-U-13867,SYN-LN-7290,40000.0,10000.0,2025-11-27,2025-11-27,0,10000.0,0
SYN-REP-19791,SYN-U-13810,SYN-LN-7291,40000.0,10000.0,2026-03-20,2026-03-20,0,10000.0,0
SYN-REP-19792,SYN-U-12501,SYN-LN-7292,25000.0,6250.0,2025-11-04,2025-11-04,0,6250.0,0
SYN-REP-19793,SYN-U-13165,SYN-LN-7293,15000.0,3750.0,2025-06-24,2025-06-24,0,3750.0,0
SYN-REP-19794,SYN-U-11809,SYN-LN-7294,40000.0,10000.0,2025-09-21,2025-09-21,0,10000.0,0
SYN-REP-19795,SYN-U-10761,SYN-LN-7295,5000.0,1250.0,2025-10-05,2025-10-05,0,1250.0,0
SYN-REP-19796,SYN-U-12249,SYN-LN-7296,25000.0,6250.0,2025-10-20,2025-11-22,33,6250.0,0
SYN-REP-19797,SYN-U-14792,SYN-LN-7297,25000.0,6250.0,2026-07-08,2026-07-08,0,6250.0,0
SYN-REP-19798,SYN-U-17571,SYN-LN-7298,40000.0,10000.0,2026-02-28,2026-02-28,0,10000.0,0
SYN-REP-19799,SYN-U-11177,SYN-LN-7299,10000.0,2500.0,2025-08-06,2025-08-08,2,2500.0,0
SYN-REP-19800,SYN-U-18730,SYN-LN-7300,10000.0,2500.0,2025-08-18,2025-08-18,0,2500.0,0
SYN-REP-19801,SYN-U-14635,SYN-LN-7301,5000.0,1250.0,2025-09-11,2025-09-11,0,1250.0,0
SYN-REP-19802,SYN-U-10711,SYN-LN-7302,25000.0,6250.0,2026-03-26,2026-03-26,0,6250.0,0
SYN-REP-19803,SYN-U-13878,SYN-LN-7303,10000.0,2500.0,2025-10-19,2025-10-19,0,2500.0,0
SYN-REP-19804,SYN-U-15209,SYN-LN-7304,5000.0,1250.0,2026-07-12,2026-08-23,42,1250.0,0
SYN-REP-19805,SYN-U-16595,SYN-LN-7305,15000.0,3750.0,2025-11-07,2025-11-07,0,3750.0,0
SYN-REP-19806,SYN-U-12127,SYN-LN-7306,10000.0,2500.0,2026-06-18,2026-06-22,4,2500.0,0
SYN-REP-19807,SYN-U-16145,SYN-LN-7307,5000.0,1250.0,2026-05-27,2026-05-27,0,1250.0,0
SYN-REP-19808,SYN-U-14030,SYN-LN-7308,5000.0,1250.0,2025-11-25,2025-11-25,0,1250.0,0
SYN-REP-19809,SYN-U-13451,SYN-LN-7309,10000.0,2500.0,2026-03-18,2026-03-18,0,2500.0,0
SYN-REP-19810,SYN-U-15123,SYN-LN-7310,15000.0,3750.0,2026-08-07,2026-08-07,0,3750.0,0
SYN-REP-19811,SYN-U-11937,SYN-LN-7311,40000.0,10000.0,2026-05-02,2026-05-02,0,10000.0,0
SYN-REP-19812,SYN-U-13851,SYN-LN-7312,25000.0,6250.0,2026-07-02,2026-07-02,0,6250.0,0
SYN-REP-19813,SYN-U-12996,SYN-LN-7313,5000.0,1250.0,2025-11-19,2025-12-17,28,1250.0,0
SYN-REP-19814,SYN-U-17583,SYN-LN-7314,25000.0,6250.0,2025-10-04,2025-10-04,0,6250.0,0
SYN-REP-19815,SYN-U-19247,SYN-LN-7315,25000.0,6250.0,2025-10-06,2025-10-06,0,6250.0,0
SYN-REP-19816,SYN-U-17019,SYN-LN-7316,15000.0,3750.0,2025-09-02,2025-09-02,0,3750.0,0
SYN-REP-19817,SYN-U-10603,SYN-LN-7317,25000.0,6250.0,2025-06-29,2025-06-29,0,6250.0,0
SYN-REP-19818,SYN-U-16385,SYN-LN-7318,5000.0,1250.0,2026-08-21,2026-08-21,0,1250.0,0
SYN-REP-19819,SYN-U-19126,SYN-LN-7319,10000.0,2500.0,2025-12-12,2025-12-12,0,2500.0,0
SYN-REP-19820,SYN-U-17019,SYN-LN-7320,15000.0,3750.0,2026-06-23,2026-06-27,4,3750.0,0
SYN-REP-19821,SYN-U-15066,SYN-LN-7321,5000.0,1250.0,2026-03-21,2026-03-21,0,1250.0,0
SYN-REP-19822,SYN-U-16701,SYN-LN-7322,40000.0,10000.0,2026-08-23,2026-08-27,4,10000.0,0
SYN-REP-19823,SYN-U-18885,SYN-LN-7323,15000.0,3750.0,2025-06-16,2025-06-16,0,3750.0,0
SYN-REP-19824,SYN-U-11006,SYN-LN-7324,5000.0,1250.0,2026-01-07,2026-01-10,3,1250.0,0
SYN-REP-19825,SYN-U-12718,SYN-LN-7325,40000.0,10000.0,2026-05-18,2026-05-18,0,10000.0,0
SYN-REP-19826,SYN-U-19227,SYN-LN-7326,25000.0,6250.0,2026-08-05,2026-08-05,0,6250.0,0
SYN-REP-19827,SYN-U-12289,SYN-LN-7327,5000.0,1250.0,2026-04-18,2026-04-18,0,1250.0,0
SYN-REP-19828,SYN-U-18666,SYN-LN-7328,25000.0,6250.0,2026-08-13,2026-08-13,0,6250.0,0
SYN-REP-19829,SYN-U-11250,SYN-LN-7329,10000.0,2500.0,2026-06-22,2026-06-22,0,2500.0,0
SYN-REP-19830,SYN-U-17060,SYN-LN-7330,10000.0,2500.0,2025-08-17,2025-08-17,0,2500.0,0
SYN-REP-19831,SYN-U-10090,SYN-LN-7331,5000.0,1250.0,2025-06-05,2025-06-05,0,1250.0,0
SYN-REP-19832,SYN-U-18726,SYN-LN-7332,15000.0,3750.0,2025-08-04,2025-08-04,0,3750.0,0
SYN-REP-19833,SYN-U-17306,SYN-LN-7333,10000.0,2500.0,2026-03-17,2026-03-17,0,2500.0,0
SYN-REP-19834,SYN-U-15891,SYN-LN-7334,40000.0,10000.0,2026-05-22,2026-05-22,0,10000.0,0
SYN-REP-19835,SYN-U-14337,SYN-LN-7335,25000.0,6250.0,2026-03-31,2026-03-31,0,6250.0,0
SYN-REP-19836,SYN-U-19497,SYN-LN-7336,10000.0,2500.0,2025-10-15,2025-10-15,0,2500.0,0
SYN-REP-19837,SYN-U-10349,SYN-LN-7337,25000.0,6250.0,2026-03-07,2026-03-07,0,6250.0,0
SYN-REP-19838,SYN-U-11745,SYN-LN-7338,40000.0,10000.0,2025-08-08,2025-08-08,0,10000.0,0
SYN-REP-19839,SYN-U-17270,SYN-LN-7339,15000.0,3750.0,2025-06-29,2025-06-29,0,3750.0,0
SYN-REP-19840,SYN-U-17415,SYN-LN-7340,40000.0,10000.0,2025-07-05,2025-07-05,0,10000.0,0
SYN-REP-19841,SYN-U-13237,SYN-LN-7341,40000.0,10000.0,2026-05-04,2026-05-04,0,10000.0,0
SYN-REP-19842,SYN-U-14334,SYN-LN-7342,5000.0,1250.0,2026-07-08,2026-07-08,0,1250.0,0
SYN-REP-19843,SYN-U-11440,SYN-LN-7343,10000.0,2500.0,2025-10-11,2025-10-12,1,2500.0,0
SYN-REP-19844,SYN-U-11652,SYN-LN-7344,10000.0,2500.0,2026-05-02,2026-05-03,1,2500.0,0
SYN-REP-19845,SYN-U-14160,SYN-LN-7345,5000.0,1250.0,2025-10-04,2025-10-04,0,1250.0,0
SYN-REP-19846,SYN-U-16070,SYN-LN-7346,15000.0,3750.0,2026-08-17,2026-08-17,0,3750.0,0
SYN-REP-19847,SYN-U-10931,SYN-LN-7347,10000.0,2500.0,2026-01-14,2026-01-14,0,2500.0,0
SYN-REP-19848,SYN-U-10950,SYN-LN-7348,10000.0,2500.0,2025-09-28,2025-09-28,0,2500.0,0
SYN-REP-19849,SYN-U-11091,SYN-LN-7349,5000.0,1250.0,2026-03-04,2026-03-04,0,1250.0,0
SYN-REP-19850,SYN-U-18342,SYN-LN-7350,15000.0,3750.0,2026-01-15,2026-01-15,0,3750.0,0
SYN-REP-19851,SYN-U-14198,SYN-LN-7351,5000.0,1250.0,2025-10-11,2025-10-11,0,1250.0,0
SYN-REP-19852,SYN-U-17007,SYN-LN-7352,15000.0,3750.0,2025-06-27,2025-06-27,0,3750.0,0
SYN-REP-19853,SYN-U-15702,SYN-LN-7353,10000.0,2500.0,2025-09-10,2025-09-10,0,2500.0,0
SYN-REP-19854,SYN-U-17451,SYN-LN-7354,10000.0,2500.0,2025-07-07,2025-07-08,1,2500.0,0
SYN-REP-19855,SYN-U-10463,SYN-LN-7355,25000.0,6250.0,2026-04-17,2026-04-17,0,6250.0,0
SYN-REP-19856,SYN-U-15357,SYN-LN-7356,5000.0,1250.0,2026-02-21,2026-02-21,0,1250.0,0
SYN-REP-19857,SYN-U-16137,SYN-LN-7357,10000.0,2500.0,2026-06-03,2026-06-03,0,2500.0,0
SYN-REP-19858,SYN-U-19029,SYN-LN-7358,5000.0,1250.0,2026-01-24,2026-01-24,0,1250.0,0
SYN-REP-19859,SYN-U-10660,SYN-LN-7359,15000.0,3750.0,2026-03-09,2026-03-09,0,3750.0,0
SYN-REP-19860,SYN-U-17666,SYN-LN-7360,10000.0,2500.0,2025-07-02,2025-07-02,0,2500.0,0
SYN-REP-19861,SYN-U-16434,SYN-LN-7361,25000.0,6250.0,2025-12-21,2025-12-21,0,6250.0,0
SYN-REP-19862,SYN-U-16536,SYN-LN-7362,5000.0,1250.0,2025-07-25,2025-07-25,0,1250.0,0
SYN-REP-19863,SYN-U-15945,SYN-LN-7363,40000.0,10000.0,2025-11-04,2025-11-05,1,10000.0,0
SYN-REP-19864,SYN-U-13379,SYN-LN-7364,25000.0,6250.0,2025-07-19,2025-08-28,40,6250.0,0
SYN-REP-19865,SYN-U-11682,SYN-LN-7365,25000.0,6250.0,2025-06-11,2025-06-11,0,6250.0,0
SYN-REP-19866,SYN-U-14824,SYN-LN-7366,5000.0,1250.0,2026-03-09,2026-03-09,0,1250.0,0
SYN-REP-19867,SYN-U-16949,SYN-LN-7367,5000.0,1250.0,2026-06-13,2026-06-13,0,1250.0,0
SYN-REP-19868,SYN-U-17617,SYN-LN-7368,15000.0,3750.0,2025-10-30,2025-10-30,0,3750.0,0
SYN-REP-19869,SYN-U-17699,SYN-LN-7369,25000.0,6250.0,2026-07-01,2026-07-02,1,6250.0,0
SYN-REP-19870,SYN-U-11400,SYN-LN-7370,40000.0,10000.0,2026-06-01,2026-06-01,0,10000.0,0
SYN-REP-19871,SYN-U-14818,SYN-LN-7371,25000.0,6250.0,2025-11-06,2025-11-06,0,6250.0,0
SYN-REP-19872,SYN-U-17291,SYN-LN-7372,10000.0,2500.0,2026-07-23,2026-07-23,0,2500.0,0
SYN-REP-19873,SYN-U-16939,SYN-LN-7373,25000.0,6250.0,2026-01-12,2026-01-12,0,6250.0,0
SYN-REP-19874,SYN-U-12637,SYN-LN-7374,25000.0,6250.0,2025-06-28,2025-06-28,0,6250.0,0
SYN-REP-19875,SYN-U-18404,SYN-LN-7375,15000.0,3750.0,2026-03-23,2026-05-17,55,3750.0,0
SYN-REP-19876,SYN-U-18617,SYN-LN-7376,10000.0,2500.0,2026-04-18,2026-04-18,0,2500.0,0
SYN-REP-19877,SYN-U-14429,SYN-LN-7377,25000.0,6250.0,2025-06-01,2025-06-01,0,6250.0,0
SYN-REP-19878,SYN-U-15721,SYN-LN-7378,25000.0,6250.0,2025-06-17,2025-06-17,0,6250.0,0
SYN-REP-19879,SYN-U-16509,SYN-LN-7379,40000.0,10000.0,2026-02-23,2026-02-23,0,10000.0,0
SYN-REP-19880,SYN-U-16570,SYN-LN-7380,25000.0,6250.0,2025-06-19,2025-06-19,0,6250.0,0
SYN-REP-19881,SYN-U-13978,SYN-LN-7381,15000.0,3750.0,2025-08-30,2025-08-30,0,3750.0,0
SYN-REP-19882,SYN-U-15729,SYN-LN-7382,5000.0,1250.0,2026-05-23,2026-05-27,4,1250.0,0
SYN-REP-19883,SYN-U-14861,SYN-LN-7383,10000.0,2500.0,2026-06-21,2026-08-04,44,2500.0,0
SYN-REP-19884,SYN-U-10221,SYN-LN-7384,15000.0,3750.0,2026-03-22,2026-03-23,1,3750.0,0
SYN-REP-19885,SYN-U-12492,SYN-LN-7385,5000.0,1250.0,2026-03-03,2026-03-07,4,1250.0,0
SYN-REP-19886,SYN-U-18828,SYN-LN-7386,40000.0,10000.0,2025-12-02,2025-12-02,0,10000.0,0
SYN-REP-19887,SYN-U-10087,SYN-LN-7387,25000.0,6250.0,2025-08-23,2025-08-23,0,6250.0,0
SYN-REP-19888,SYN-U-19951,SYN-LN-7388,40000.0,10000.0,2026-08-22,2026-08-22,0,10000.0,0
SYN-REP-19889,SYN-U-12384,SYN-LN-7389,15000.0,3750.0,2025-08-18,2025-08-18,0,3750.0,0
SYN-REP-19890,SYN-U-15317,SYN-LN-7390,10000.0,2500.0,2025-07-08,2025-07-08,0,2500.0,0
SYN-REP-19891,SYN-U-18525,SYN-LN-7391,40000.0,10000.0,2025-09-06,2025-09-06,0,10000.0,0
SYN-REP-19892,SYN-U-14018,SYN-LN-7392,40000.0,10000.0,2026-02-24,2026-02-24,0,10000.0,0
SYN-REP-19893,SYN-U-14648,SYN-LN-7393,15000.0,3750.0,2025-09-22,2025-09-22,0,3750.0,0
SYN-REP-19894,SYN-U-18129,SYN-LN-7394,25000.0,6250.0,2026-08-18,2026-08-18,0,6250.0,0
SYN-REP-19895,SYN-U-11892,SYN-LN-7395,10000.0,2500.0,2026-03-13,2026-03-13,0,2500.0,0
SYN-REP-19896,SYN-U-17538,SYN-LN-7396,15000.0,3750.0,2025-09-05,2025-09-05,0,3750.0,0
SYN-REP-19897,SYN-U-19982,SYN-LN-7397,25000.0,6250.0,2026-08-07,2026-08-11,4,6250.0,0
SYN-REP-19898,SYN-U-16929,SYN-LN-7398,10000.0,2500.0,2026-05-22,2026-05-22,0,2500.0,0
SYN-REP-19899,SYN-U-16127,SYN-LN-7399,5000.0,1250.0,2026-04-22,2026-04-22,0,1250.0,0
SYN-REP-19900,SYN-U-12075,SYN-LN-7400,10000.0,2500.0,2025-06-14,2025-06-14,0,2500.0,0
SYN-REP-19901,SYN-U-11696,SYN-LN-7401,15000.0,3750.0,2026-06-21,2026-06-21,0,3750.0,0
SYN-REP-19902,SYN-U-15010,SYN-LN-7402,40000.0,10000.0,2025-09-03,2025-09-03,0,10000.0,0
SYN-REP-19903,SYN-U-19032,SYN-LN-7403,5000.0,1250.0,2025-07-22,2025-07-22,0,1250.0,0
SYN-REP-19904,SYN-U-15616,SYN-LN-7404,40000.0,10000.0,2026-03-13,2026-03-15,2,10000.0,0
SYN-REP-19905,SYN-U-10857,SYN-LN-7405,5000.0,1250.0,2025-08-31,2025-09-04,4,1250.0,0
SYN-REP-19906,SYN-U-19498,SYN-LN-7406,10000.0,2500.0,2025-09-24,2025-09-24,0,2500.0,0
SYN-REP-19907,SYN-U-12952,SYN-LN-7407,15000.0,3750.0,2025-09-22,2025-09-22,0,3750.0,0
SYN-REP-19908,SYN-U-12871,SYN-LN-7408,10000.0,2500.0,2026-06-19,2026-06-19,0,2500.0,0
SYN-REP-19909,SYN-U-18011,SYN-LN-7409,25000.0,6250.0,2025-08-28,2025-08-28,0,6250.0,0
SYN-REP-19910,SYN-U-13337,SYN-LN-7410,25000.0,6250.0,2026-03-20,2026-03-20,0,6250.0,0
SYN-REP-19911,SYN-U-10083,SYN-LN-7411,5000.0,1250.0,2025-09-10,2025-09-10,0,1250.0,0
SYN-REP-19912,SYN-U-18384,SYN-LN-7412,10000.0,2500.0,2026-02-09,2026-02-09,0,2500.0,0
SYN-REP-19913,SYN-U-14596,SYN-LN-7413,5000.0,1250.0,2025-10-04,2025-10-04,0,1250.0,0
SYN-REP-19914,SYN-U-13573,SYN-LN-7414,15000.0,3750.0,2025-06-27,2025-06-27,0,3750.0,0
SYN-REP-19915,SYN-U-11785,SYN-LN-7415,10000.0,2500.0,2026-01-08,2026-01-08,0,2500.0,0
SYN-REP-19916,SYN-U-19418,SYN-LN-7416,40000.0,10000.0,2025-11-14,2025-11-14,0,10000.0,0
SYN-REP-19917,SYN-U-16033,SYN-LN-7417,5000.0,1250.0,2025-11-20,2025-11-20,0,1250.0,0
SYN-REP-19918,SYN-U-11226,SYN-LN-7418,15000.0,3750.0,2026-06-18,2026-06-18,0,3750.0,0
SYN-REP-19919,SYN-U-13995,SYN-LN-7419,25000.0,6250.0,2025-08-10,2025-08-13,3,6250.0,0
SYN-REP-19920,SYN-U-16796,SYN-LN-7420,25000.0,6250.0,2025-09-01,2025-09-01,0,6250.0,0
SYN-REP-19921,SYN-U-16393,SYN-LN-7421,5000.0,1250.0,2025-06-03,2025-06-03,0,1250.0,0
SYN-REP-19922,SYN-U-18295,SYN-LN-7422,10000.0,2500.0,2026-04-04,2026-04-04,0,2500.0,0
SYN-REP-19923,SYN-U-13677,SYN-LN-7423,25000.0,6250.0,2026-05-29,2026-05-29,0,6250.0,0
SYN-REP-19924,SYN-U-11278,SYN-LN-7424,40000.0,10000.0,2026-06-29,2026-06-29,0,10000.0,0
SYN-REP-19925,SYN-U-17578,SYN-LN-7425,10000.0,2500.0,2025-11-11,2025-11-11,0,2500.0,0
SYN-REP-19926,SYN-U-18581,SYN-LN-7426,25000.0,6250.0,2026-03-19,2026-03-19,0,6250.0,0
SYN-REP-19927,SYN-U-12511,SYN-LN-7427,40000.0,10000.0,2026-06-26,2026-06-26,0,10000.0,0
SYN-REP-19928,SYN-U-16235,SYN-LN-7428,25000.0,6250.0,2026-07-26,2026-07-26,0,6250.0,0
SYN-REP-19929,SYN-U-18312,SYN-LN-7429,10000.0,2500.0,2025-06-24,2025-06-24,0,2500.0,0
SYN-REP-19930,SYN-U-12779,SYN-LN-7430,15000.0,3750.0,2026-03-19,2026-03-19,0,3750.0,0
SYN-REP-19931,SYN-U-15283,SYN-LN-7431,5000.0,1250.0,2026-08-10,2026-09-19,40,1250.0,0
SYN-REP-19932,SYN-U-18563,SYN-LN-7432,5000.0,1250.0,2026-07-06,2026-07-06,0,1250.0,0
SYN-REP-19933,SYN-U-12922,SYN-LN-7433,15000.0,3750.0,2025-09-03,2025-09-03,0,3750.0,0
SYN-REP-19934,SYN-U-14111,SYN-LN-7434,40000.0,10000.0,2026-06-02,2026-06-02,0,10000.0,0
SYN-REP-19935,SYN-U-15108,SYN-LN-7435,15000.0,3750.0,2025-12-15,2025-12-15,0,3750.0,0
SYN-REP-19936,SYN-U-19960,SYN-LN-7436,10000.0,2500.0,2026-02-20,2026-02-24,4,2500.0,0
SYN-REP-19937,SYN-U-11528,SYN-LN-7437,15000.0,3750.0,2026-06-14,2026-06-14,0,3750.0,0
SYN-REP-19938,SYN-U-10207,SYN-LN-7438,15000.0,3750.0,2026-01-18,2026-02-07,20,3750.0,0
SYN-REP-19939,SYN-U-16526,SYN-LN-7439,25000.0,6250.0,2025-08-05,2025-08-05,0,6250.0,0
SYN-REP-19940,SYN-U-16612,SYN-LN-7440,5000.0,1250.0,2025-10-04,2025-10-04,0,1250.0,0
SYN-REP-19941,SYN-U-10915,SYN-LN-7441,10000.0,2500.0,2025-09-09,2025-09-09,0,2500.0,0
SYN-REP-19942,SYN-U-10091,SYN-LN-7442,25000.0,6250.0,2026-02-28,2026-02-28,0,6250.0,0
SYN-REP-19943,SYN-U-18648,SYN-LN-7443,25000.0,6250.0,2026-02-16,2026-02-16,0,6250.0,0
SYN-REP-19944,SYN-U-17031,SYN-LN-7444,5000.0,1250.0,2026-05-17,2026-05-17,0,1250.0,0
SYN-REP-19945,SYN-U-10180,SYN-LN-7445,40000.0,10000.0,2025-09-09,2025-09-09,0,10000.0,0
SYN-REP-19946,SYN-U-14691,SYN-LN-7446,25000.0,6250.0,2026-02-12,2026-02-12,0,6250.0,0
SYN-REP-19947,SYN-U-11475,SYN-LN-7447,15000.0,3750.0,2025-06-12,2025-06-12,0,3750.0,0
SYN-REP-19948,SYN-U-14237,SYN-LN-7448,5000.0,1250.0,2026-07-11,2026-07-11,0,1250.0,0
SYN-REP-19949,SYN-U-15875,SYN-LN-7449,5000.0,1250.0,2026-07-14,2026-07-14,0,1250.0,0
SYN-REP-19950,SYN-U-17540,SYN-LN-7450,15000.0,3750.0,2025-11-10,2025-11-10,0,3750.0,0
SYN-REP-19951,SYN-U-12018,SYN-LN-7451,5000.0,1250.0,2026-08-05,2026-08-05,0,1250.0,0
SYN-REP-19952,SYN-U-17498,SYN-LN-7452,40000.0,10000.0,2026-06-07,2026-06-07,0,10000.0,0
SYN-REP-19953,SYN-U-15392,SYN-LN-7453,25000.0,6250.0,2026-07-21,2026-07-21,0,6250.0,0
SYN-REP-19954,SYN-U-16549,SYN-LN-7454,15000.0,3750.0,2026-07-06,2026-07-06,0,3750.0,0
SYN-REP-19955,SYN-U-11807,SYN-LN-7455,25000.0,6250.0,2026-05-18,2026-05-18,0,6250.0,0
SYN-REP-19956,SYN-U-14349,SYN-LN-7456,40000.0,10000.0,2026-02-22,2026-02-22,0,10000.0,0
SYN-REP-19957,SYN-U-18352,SYN-LN-7457,15000.0,3750.0,2026-05-15,2026-05-15,0,3750.0,0
SYN-REP-19958,SYN-U-13852,SYN-LN-7458,40000.0,10000.0,2026-03-16,2026-03-19,3,10000.0,0
SYN-REP-19959,SYN-U-12726,SYN-LN-7459,15000.0,3750.0,2026-05-22,2026-05-22,0,3750.0,0
SYN-REP-19960,SYN-U-13094,SYN-LN-7460,10000.0,2500.0,2026-03-23,2026-03-27,4,2500.0,0
SYN-REP-19961,SYN-U-10861,SYN-LN-7461,10000.0,2500.0,2025-07-13,2025-07-13,0,2500.0,0
SYN-REP-19962,SYN-U-19049,SYN-LN-7462,10000.0,2500.0,2026-05-27,2026-05-27,0,2500.0,0
SYN-REP-19963,SYN-U-13911,SYN-LN-7463,40000.0,10000.0,2026-03-05,2026-03-09,4,10000.0,0
SYN-REP-19964,SYN-U-17916,SYN-LN-7464,40000.0,10000.0,2025-09-28,2025-09-28,0,10000.0,0
SYN-REP-19965,SYN-U-17379,SYN-LN-7465,25000.0,6250.0,2025-09-19,2025-09-19,0,6250.0,0
SYN-REP-19966,SYN-U-14881,SYN-LN-7466,5000.0,1250.0,2026-07-12,2026-07-12,0,1250.0,0
SYN-REP-19967,SYN-U-12929,SYN-LN-7467,25000.0,6250.0,2026-06-16,2026-06-19,3,6250.0,0
SYN-REP-19968,SYN-U-12260,SYN-LN-7468,40000.0,10000.0,2026-04-05,2026-04-05,0,10000.0,0
SYN-REP-19969,SYN-U-19620,SYN-LN-7469,10000.0,2500.0,2025-12-03,2025-12-03,0,2500.0,0
SYN-REP-19970,SYN-U-10288,SYN-LN-7470,5000.0,1250.0,2026-07-03,2026-07-03,0,1250.0,0
SYN-REP-19971,SYN-U-11755,SYN-LN-7471,40000.0,10000.0,2025-11-18,,60,960.84,1
SYN-REP-19972,SYN-U-18622,SYN-LN-7472,5000.0,1250.0,2026-07-07,2026-07-07,0,1250.0,0
SYN-REP-19973,SYN-U-16269,SYN-LN-7473,15000.0,3750.0,2026-04-04,2026-04-04,0,3750.0,0
SYN-REP-19974,SYN-U-12994,SYN-LN-7474,10000.0,2500.0,2025-07-23,2025-07-23,0,2500.0,0
SYN-REP-19975,SYN-U-15601,SYN-LN-7475,40000.0,10000.0,2026-03-11,2026-03-11,0,10000.0,0
SYN-REP-19976,SYN-U-14244,SYN-LN-7476,5000.0,1250.0,2026-06-13,2026-06-13,0,1250.0,0
SYN-REP-19977,SYN-U-12302,SYN-LN-7477,25000.0,6250.0,2025-07-03,2025-07-03,0,6250.0,0
SYN-REP-19978,SYN-U-12805,SYN-LN-7478,5000.0,1250.0,2026-03-25,2026-03-25,0,1250.0,0
SYN-REP-19979,SYN-U-16105,SYN-LN-7479,5000.0,1250.0,2025-08-05,2025-08-06,1,1250.0,0
SYN-REP-19980,SYN-U-10371,SYN-LN-7480,40000.0,10000.0,2026-03-09,2026-03-09,0,10000.0,0
SYN-REP-19981,SYN-U-16889,SYN-LN-7481,40000.0,10000.0,2026-07-24,2026-07-24,0,10000.0,0
SYN-REP-19982,SYN-U-16582,SYN-LN-7482,5000.0,1250.0,2026-05-06,2026-05-06,0,1250.0,0
SYN-REP-19983,SYN-U-14123,SYN-LN-7483,40000.0,10000.0,2026-03-26,2026-03-26,0,10000.0,0
SYN-REP-19984,SYN-U-13701,SYN-LN-7484,25000.0,6250.0,2025-08-08,2025-08-08,0,6250.0,0
SYN-REP-19985,SYN-U-18226,SYN-LN-7485,15000.0,3750.0,2026-06-11,2026-06-13,2,3750.0,0
SYN-REP-19986,SYN-U-11901,SYN-LN-7486,40000.0,10000.0,2026-01-27,2026-01-27,0,10000.0,0
SYN-REP-19987,SYN-U-11423,SYN-LN-7487,40000.0,10000.0,2026-06-06,2026-06-06,0,10000.0,0
SYN-REP-19988,SYN-U-10821,SYN-LN-7488,10000.0,2500.0,2026-05-16,2026-05-16,0,2500.0,0
SYN-REP-19989,SYN-U-13194,SYN-LN-7489,5000.0,1250.0,2026-03-14,2026-03-14,0,1250.0,0
SYN-REP-19990,SYN-U-17610,SYN-LN-7490,25000.0,6250.0,2026-01-03,2026-01-03,0,6250.0,0
SYN-REP-19991,SYN-U-12989,SYN-LN-7491,25000.0,6250.0,2026-05-15,2026-05-15,0,6250.0,0
SYN-REP-19992,SYN-U-17330,SYN-LN-7492,10000.0,2500.0,2026-04-28,2026-04-28,0,2500.0,0
SYN-REP-19993,SYN-U-15005,SYN-LN-7493,5000.0,1250.0,2025-08-14,2025-08-14,0,1250.0,0
SYN-REP-19994,SYN-U-10995,SYN-LN-7494,10000.0,2500.0,2025-11-06,2025-12-02,26,2500.0,0
SYN-REP-19995,SYN-U-19973,SYN-LN-7495,5000.0,1250.0,2026-07-26,2026-07-26,0,1250.0,0
SYN-REP-19996,SYN-U-15076,SYN-LN-7496,40000.0,10000.0,2026-01-05,2026-01-05,0,10000.0,0
SYN-REP-19997,SYN-U-14762,SYN-LN-7497,40000.0,10000.0,2026-05-19,2026-05-21,2,10000.0,0
SYN-REP-19998,SYN-U-11022,SYN-LN-7498,5000.0,1250.0,2026-05-11,2026-05-11,0,1250.0,0
SYN-REP-19999,SYN-U-10357,SYN-LN-7499,15000.0,3750.0,2026-05-05,2026-05-05,0,3750.0,0
SYN-REP-20000,SYN-U-10761,SYN-LN-7500,25000.0,6250.0,2025-11-09,2025-11-09,0,6250.0,0
